"","X","collectDate","siteID","NO3","NH4","TDN","TN","OrthoP","TDP","TP"
"1",1,"2017-04-05 14:05:00","HOPB",0.036,NA,0.1969,0.2263,0.024,0.001,0.001
"2",2,"2017-04-11 13:30:00","HOPB",0.038,0.031,0.1622,0.1585,0.018,0.002,0.006
"3",3,"2017-04-17 13:30:00","HOPB",0.034,0.062,0.1434,0.1732,0.017,0.005,0.009
"4",4,"2017-04-26 14:15:00","HOPB",0.016,0.044,0.1929,0.2087,0.018,0.002,0.004
"5",5,"2017-05-09 09:46:00","HOPB",0.01,0.034,0.1321,0.2113,0.015,0.0115,0.016
"6",6,"2017-05-15 09:55:00","HOPB",0.003,0.038,0.1338,0.2251,0.016,0.0145,0.017
"7",7,"2017-05-31 09:30:00","HOPB",0.028,0.082,0.1861,0.1699,0.002,0.008,0.011
"8",8,"2017-06-20 12:56:00","HOPB",0.016,0.08,0.1933,0.2007,0.023,0.002,0.004
"9",9,"2017-07-10 16:09:00","HOPB",0.056,0.227,0.2417,0.2377,0.028,0.0045,0.007
"10",10,"2017-07-25 12:30:00","HOPB",0.035,0.015,0.2222,0.219,0.044,0.001,0.0553
"11",11,"2017-08-08 12:57:00","HOPB",0.0831,0.0478,0.249,0.2347,0.033,0.0158,0.017
"12",12,"2017-09-06 13:00:00","HOPB",0.0572,0.0443,0.1904,0.1388,0.021,0.0024,0.005
"13",13,"2017-09-12 13:08:00","HOPB",0.0571,0.1254,0.0059,0.0153,0.007,0.007,0.009
"14",14,"2017-10-17 12:39:00","HOPB",0.0374,0.1183,0.205,0.1597,0.018,0.005,0.029
"15",15,"2017-11-07 14:18:00","HOPB",0.0096,0.1259,0.1371,0.1225,0.009,0.003,0.004
"16",16,"2017-11-13 14:28:00","HOPB",0.1171,0.1618,0.1539,0.1214,0.012,0.008,0.009
"17",17,"2017-12-06 15:50:00","HOPB",0.0444,0.1028,NA,NA,0.008,0.019,0.021
"18",18,"2017-12-12 14:25:00","HOPB",0.0644,0.1104,NA,NA,0.009,0.019,0.022
"19",19,"2018-01-25 14:42:00","HOPB",0.082,0.1204,0.1429,0.1461,0.067,0.006,0.008
"20",20,"2018-02-14 15:10:00","HOPB",0.0771,0.0987,0.0704,0.0703,0.052,5e-04,0.001
"21",21,"2018-02-20 15:12:00","HOPB",0.075,0.1183,0.1425,0.1506,0.048,5e-04,0.001
"22",22,"2018-02-28 14:33:00","HOPB",0.0592,NA,0.1129,0.1208,0.004,0.001,0.002
"23",23,"2018-03-06 14:34:00","HOPB",0.05,0.0315,0.0383,0.0433,0.015,5e-04,0.001
"24",24,"2018-03-12 14:52:00","HOPB",0.0467,NA,0.0459,0.025,0.07,0.007,0.01
"25",25,"2018-03-19 14:21:00","HOPB",0.0498,0.0172,0.0153,0.0218,0.092,0.001,0.005
"26",26,"2018-03-29 14:10:00","HOPB",0.0487,NA,1.134,1.342,0.063,NA,0.035
"27",27,"2018-04-05 14:32:00","HOPB",0.055,0.0078,0.2141,0.2104,0.063,0.0087,0.0401
"28",28,"2018-04-10 13:30:00","HOPB",NA,NA,NA,0.2234,NA,NA,0.1185
"29",29,"2018-04-16 13:47:00","HOPB",0.0529,0.0011,0.1818,0.2077,0.03,0.0239,0.0773
"30",30,"2018-04-25 14:35:00","HOPB",NA,NA,NA,0.0664,NA,NA,0.023
"31",31,"2018-05-14 14:00:00","HOPB",0.022,0.0259,0.3189,0.3476,0.017,5e-04,0.0916
"32",32,"2018-05-22 14:33:00","HOPB",NA,NA,NA,0.1244,NA,NA,0.0827
"33",33,"2018-06-04 14:50:00","HOPB",0.0708,0.0128,0.1915,0.2953,0.046,0.004,0.0756
"34",34,"2018-06-19 13:44:00","HOPB",NA,NA,0.2105,0.2228,0.015,0.0184,0.027
"35",35,"2018-07-11 14:20:00","HOPB",0.0863,0.0696,0.2037,0.2162,0.627,5e-04,0.055
"36",36,"2018-07-17 15:16:00","HOPB",0.0743,0.0194,0.182,0.2015,0.149,5e-04,0.019
"37",37,"2018-08-14 12:57:00","HOPB",0.0157,0.0159,0.2014,0.2204,0.314,0.0036,0.008
"38",38,"2018-09-06 13:08:00","HOPB",0.0538,0.011,0.0541,0.082,0.013,5e-04,0.003
"39",39,"2018-09-25 13:00:00","HOPB",0.0381,0.0167,0.393,0.1471,0.096,0.0179,0.1388
"40",40,"2018-10-09 15:06:00","HOPB",0.0364,0.0438333333333333,0.226333333333333,0.2379,0.303666666666667,5e-04,0.213666666666667
"41",41,"2018-10-09 15:06:00","HOPB",0.0364,0.0438333333333333,0.226333333333333,0.2379,0.303666666666667,5e-04,0.213666666666667
"42",42,"2018-10-09 15:06:00","HOPB",0.0364,0.0438333333333333,0.226333333333333,0.2379,0.303666666666667,5e-04,0.213666666666667
"43",43,"2018-11-06 14:26:00","HOPB",NA,NA,0.256733333333333,0.337933333333333,0.025,0.0107,0.0300333333333333
"44",44,"2018-11-06 14:26:00","HOPB",NA,NA,0.256733333333333,0.337933333333333,0.025,0.0107,0.0300333333333333
"45",45,"2018-11-06 14:26:00","HOPB",NA,NA,0.256733333333333,0.337933333333333,0.025,0.0107,0.0300333333333333
"46",46,"2018-11-13 15:44:00","HOPB",NA,0.0603,0.0051,0.0052,0.307,0.004,0.006
"47",47,"2018-12-04 14:57:00","HOPB",NA,0.0908,NA,NA,0.27,0.018,0.02
"48",48,"2018-12-10 14:51:00","HOPB",NA,0.0732666666666667,0.148833333333333,0.1466,NA,0.006,0.0145333333333333
"49",49,"2018-12-10 14:51:00","HOPB",NA,0.0732666666666667,0.148833333333333,0.1466,NA,0.006,0.0145333333333333
"50",50,"2018-12-10 14:51:00","HOPB",NA,0.0732666666666667,0.148833333333333,0.1466,NA,0.006,0.0145333333333333
"51",51,"2019-01-24 14:58:00","HOPB",0.0642,0.1018,0.274,0.3675,0.437,0.004,0.012
"52",52,"2019-01-29 15:35:00","HOPB",0.0158,0.0912,0.1996,0.2438,0.07,0.002,0.014
"53",53,"2019-02-14 14:15:00","HOPB",0.0143,0.0477,0.2168,0.2526,0.095,0.069,0.281
"54",54,"2019-02-26 14:36:00","HOPB",0.0215,0.0882,0.247,0.2453,0.06,0.014,0.41
"55",55,"2019-03-06 14:52:00","HOPB",0.0320666666666667,0.0979666666666667,0.125333333333333,0.1817,0.043,5e-04,0.134666666666667
"56",56,"2019-03-06 14:52:00","HOPB",0.0320666666666667,0.0979666666666667,0.125333333333333,0.1817,0.043,5e-04,0.134666666666667
"57",57,"2019-03-06 14:52:00","HOPB",0.0320666666666667,0.0979666666666667,0.125333333333333,0.1817,0.043,5e-04,0.134666666666667
"58",58,"2019-03-12 14:12:00","HOPB",0.0363,0.0949,0.2209,0.2325,NA,0.008,0.158
"59",59,"2019-03-21 14:35:00","HOPB",0.024,0.2056,0.164,0.1791,0.035,0.0225,0.016
"60",60,"2019-03-28 13:54:00","HOPB",NA,0.0228,0.1089,0.146,0.039,5e-04,0.038
"61",61,"2019-04-04 13:06:00","HOPB",NA,0.11,0.1632,0.196,0.036,5e-04,0.001
"62",62,"2019-04-09 14:44:00","HOPB",NA,0.0604,0.1669,0.1811,0.032,5e-04,0.127
"63",63,"2019-04-15 15:04:00","HOPB",NA,0.069,0.215,0.21,0.033,0.0133,0.0459
"64",64,"2019-04-25 13:30:00","HOPB",0.0028,0.0527,0.1488,0.1621,0.035,0.006,0.0353
"65",65,"2019-05-13 13:35:00","HOPB",NA,0.0164,0.1777,0.2179,0.027,0.0072,0.2646
"66",66,"2019-05-21 12:36:00","HOPB",1.5293,0.0428,0.1264,0.2166,0.042,5e-04,0.1759
"67",67,"2019-06-03 14:01:00","HOPB",NA,0.0667,0.1988,0.188933333333333,0.033,0.007,0.275433333333333
"68",68,"2019-06-03 14:01:00","HOPB",NA,0.0667,0.1988,0.188933333333333,0.033,0.007,0.275433333333333
"69",69,"2019-06-03 14:01:00","HOPB",NA,0.0667,0.1988,0.188933333333333,0.033,0.007,0.275433333333333
"70",70,"2019-06-24 13:20:00","HOPB",0.09295,0.0381,0.2354,0.2182,0.01515,0.01135,0.0288
"71",71,"2019-06-24 13:20:00","HOPB",0.09295,0.0381,0.2354,0.2182,0.01515,0.01135,0.0288
"72",72,"2019-07-11 12:34:00","HOPB",0.12675,0.80825,0.2155,0.2606,0.01895,0.0069,0.10135
"73",73,"2019-07-11 12:34:00","HOPB",0.12675,0.80825,0.2155,0.2606,0.01895,0.0069,0.10135
"74",74,"2019-07-17 12:35:00","HOPB",0.12915,0.0402,0.245,0.2449,0.01885,0.00965,0.17545
"75",75,"2019-07-17 12:35:00","HOPB",0.12915,0.0402,0.245,0.2449,0.01885,0.00965,0.17545
"76",76,"2019-08-13 13:54:00","HOPB",0.0939,0.0057,0.2146,0.1678,0.02145,0.005,0.09025
"77",77,"2019-08-13 13:54:00","HOPB",0.0939,0.0057,0.2146,0.1678,0.02145,0.005,0.09025
"78",78,"2019-09-09 15:05:00","HOPB",0.0612,0.01665,0.1968,0.1574,NA,0.00605,0.1382
"79",79,"2019-09-09 15:05:00","HOPB",0.0612,0.01665,0.1968,0.1574,NA,0.00605,0.1382
"80",80,"2019-09-24 13:37:00","HOPB",0.10885,0.01095,0.243,0.2439,0.01165,0.0038,0.20955
"81",81,"2019-09-24 13:37:00","HOPB",0.10885,0.01095,0.243,0.2439,0.01165,0.0038,0.20955
"82",82,"2019-10-09 14:29:00","HOPB",0.0039,0.01675,0.1104,0.099,0.02125,0.01615,0.04125
"83",83,"2019-10-09 14:29:00","HOPB",0.0039,0.01675,0.1104,0.099,0.02125,0.01615,0.04125
"84",84,"2019-11-05 15:17:00","HOPB",0.02285,0.0085,0.0918,0.0839,0.02515,0.0056,0.1384
"85",85,"2019-11-05 15:17:00","HOPB",0.02285,0.0085,0.0918,0.0839,0.02515,0.0056,0.1384
"86",86,"2019-11-13 14:43:00","HOPB",0.028475,0.034825,0.0989666666666667,0.0852,0.02395,0.001575,0.085625
"87",87,"2019-11-13 14:43:00","HOPB",0.028475,0.034825,0.0989666666666667,0.0852,0.02395,0.001575,0.085625
"88",88,"2019-11-13 14:43:00","HOPB",0.028475,0.034825,0.0989666666666667,0.0852,0.02395,0.001575,0.085625
"89",89,"2019-11-13 14:43:00","HOPB",0.028475,0.034825,0.0989666666666667,0.0852,0.02395,0.001575,0.085625
"90",90,"2019-12-04 14:22:00","HOPB",0.0078,0.0276,0.0953,0.08,0.0047,5e-04,0.02
"91",91,"2019-12-09 14:11:00","HOPB",0.0722,0.0358,0.1078,0.1144,0.017,5e-04,0.127
"92",92,"2020-01-21 15:54:00","HOPB",0.0977,0.0913,0.1475,0.1167,0.0372,0.03,0.039
"93",93,"2020-01-27 16:09:00","HOPB",0.0762,0.0396,0.2255,0.1652,0.0302,0.012,0.015
"94",94,"2020-02-12 15:36:00","HOPB",0.0813,0.0526,0.052,0.0727,0.0162,0.012,0.032
"95",95,"2020-02-25 15:16:00","HOPB",0.0804,0.026,0.1759,0.1677,0.0261,0.002,0.102
"96",96,"2020-03-04 14:10:00","HOPB",0.0663,0.0326,0.2205,0.161,0.0322,0.018,0.022
"97",97,"2020-03-18 15:58:00","HOPB",0.0661,0.0737,0.1982,0.1792,0.0295,0.014,0.021
"98",98,"2020-06-23 14:23:00","HOPB",0.1173,0.0098,0.2864,0.262966666666667,0.0013,0.0072,0.0135
"99",99,"2020-07-13 14:02:00","HOPB",0.0664,0.0066,0.2553,0.1975,0.0016,0.0088,0.0141
"100",100,"2020-07-28 14:18:00","HOPB",0.0882,0.0069,NA,0.2625,0.0016,0.0071,0.0141
"101",101,"2020-08-18 15:27:00","HOPB",0.0379,0.0051,0.173966666666667,0.1626,0.0021,0.006,0.0088
"102",102,"2020-08-24 15:51:00","HOPB",0.0296,0.0048,0.1342,0.1469,0.0017,0.0057,0.009
"103",103,"2020-09-08 14:03:00","HOPB",0.0429,0.0043,0.154,0.1431,0.0018,0.0056,0.0075
"104",104,"2020-09-22 13:05:00","HOPB",0.0243,0.0032,0.1091,0.0722,0.0014,0.0041,0.0051
"105",105,"2020-10-06 12:44:00","HOPB",0.0037,0.0022,0.0607,0.1245,0.0012,0.0061,0.0085
"106",106,"2020-10-20 12:52:00","HOPB",0.0068,0.0026,0.0737,0.0655,5e-04,0.0059,0.0074
"107",107,"2020-11-11 15:52:00","HOPB",0.011,0.0023,0.0667,0.0754333333333333,6e-04,0.0055,0.007
"108",108,"2020-11-17 17:18:00","HOPB",0.0136,0.0021,0.0797,0.0981,0.001,0.0065,0.0103
"109",109,"2020-11-30 14:09:00","HOPB",0.0262,0.0019,0.1557,0.146,4e-04,0.0054,0.0069
"110",110,"2020-12-08 15:08:00","HOPB",0.0392,0.0017,0.0789,0.0999,0.0012,0.0046,0.0081
"111",111,"2020-12-15 14:57:00","HOPB",0.0398,0.002,0.1516,0.1327,5e-04,0.006,0.0061
"112",112,"2020-12-21 15:53:00","HOPB",0.0579,0.0029,0.1379,0.1357,2e-04,0.0047,0.0074
"113",113,"2020-12-28 15:26:00","HOPB",0.0566,0.0022,0.2422,0.221,4e-04,0.0044,0.0075
"114",114,"2021-01-19 15:43:00","HOPB",0.055,0.0021,0.2379,0.2207,4e-04,0.0037,0.0056
"115",115,"2021-01-25 16:25:00","HOPB",0.0743,0.003,0.1419,0.1343,4e-04,0.0019,0.006
"116",116,"2021-02-15 14:38:00","HOPB",0.0831,0.0062,0.2467,0.1764,9e-04,0.0037,0.0064
"117",117,"2021-02-23 14:23:00","HOPB",0.0839,0.0046,0.1076,0.1838,5e-04,0.003,0.0045
"118",118,"2021-03-08 17:28:00","HOPB",0.0899,0.0032,0.1033,0.1024,3e-04,0.0034,0.0067
"119",119,"2021-03-17 14:40:00","HOPB",0.0736666666666667,0.0026,0.1619,0.169433333333333,NA,0.0031,0.005
"120",120,"2021-03-17 14:40:00","HOPB",0.0736666666666667,0.0026,0.1619,0.169433333333333,NA,0.0031,0.005
"121",121,"2021-03-17 14:40:00","HOPB",0.0736666666666667,0.0026,0.1619,0.169433333333333,NA,0.0031,0.005
"122",122,"2021-03-23 13:37:00","HOPB",0.0535,0.002,0.1802,0.1689,2e-04,0.0049,0.0058
"123",123,"2021-03-29 13:40:00","HOPB",0.0439,0.003,0.1876,0.1806,5e-04,0.0069,0.0118
"124",124,"2021-04-05 14:41:00","HOPB",0.0416,0.0027,0.1584,0.1614,4e-04,0.0088,0.0061
"125",125,"2021-04-14 17:30:00","HOPB",0.0157,0.0034,0.1562,0.1623,2e-04,0.0061,0.0081
"126",126,"2021-04-20 12:43:00","HOPB",0.0221,0.0024,0.0813,0.1429,NA,0.0052,0.0072
"127",127,"2021-04-27 12:53:00","HOPB",0.0199,0.0029,0.1162,0.1599,4e-04,0.0047,0.0064
"128",128,"2021-05-11 13:22:00","HOPB",0.0132,0.0027,0.134,0.1415,NA,0.0064,0.0065
"129",129,"2021-05-18 12:47:00","HOPB",0.0108,0.0022,0.1018,0.1084,NA,0.006,0.0089
"130",130,"2021-06-02 13:31:00","HOPB",0.022,0.0042,0.1763,0.1504,2e-04,0.0067,0.0102
"131",131,"2021-06-22 14:07:00","HOPB",0.078,0.0127,0.2144,0.2293,0.0013,0.0106,0.0173
"132",132,"2021-07-12 16:47:00","HOPB",0.0173,0.0073,0.2412,0.2183,0.0019,0.0132,0.0382
"133",133,"2021-07-20 12:50:00","HOPB",0.016,0.0049,0.128,0.1317,0.0015,0.0094,0.0147
"134",134,"2021-08-17 13:24:00","HOPB",0.0432,0.0046,0.1467,0.1458,8e-04,0.0079,0.0184
"135",135,"2021-09-07 13:34:00","HOPB",0.0356,0.0041,0.1585,0.1941,4e-04,0.0077,0.0096
"136",136,"2021-09-21 14:08:00","HOPB",0.0377,0.003,0.0951,0.1144,NA,0.0058,0.0119
"137",137,"2021-10-19 13:04:00","HOPB",0.0043,0.001,0.1005,0.1045,NA,0.007,0.0133
"138",138,"2021-11-15 15:36:00","HOPB",0.0182,0.0024,0.162,0.1405,2e-04,0.0067,0.01
"139",139,"2021-11-30 14:54:00","HOPB",0.0392,0.0045,0.144,0.1681,NA,0.0046,0.0074
"140",140,"2021-12-08 13:37:00","HOPB",0.0403,0.0041,0.1127,0.1167,4e-04,0.0063,0.0091
"141",141,"2021-12-14 15:53:00","HOPB",0.0444,0.0036,0.1326,0.1457,1e-04,0.0053,0.0079
"142",142,"2022-01-18 15:22:00","HOPB",0.0775,0.0172,0.1854,0.1779,NA,0.01,0.0089
"143",143,"2022-01-25 15:05:00","HOPB",0.082,0.0158,0.1761,0.22,3e-04,0.008,0.0061
"144",144,"2022-02-15 15:18:00","HOPB",0.0822,0.0099,0.1643,0.1798,8e-04,0.0156,0.0081
"145",145,"2022-02-22 15:48:00","HOPB",0.0033,0.0064,0.1551,0.1584,0.0012,0.0046,0.0073
"146",146,"2022-03-08 17:31:00","HOPB",0.0018,0.006,0.1605,0.0415,6e-04,0.0048,0.0104
"147",147,"2022-03-16 13:42:00","HOPB",0.0021,0.0064,0.0354,0.0527,8e-04,0.005,0.0085
"148",148,"2022-03-22 14:08:00","HOPB",0.0391,0.0043,0.1552,0.1634,5e-04,0.0033,0.0082
"149",149,"2022-03-29 15:36:00","HOPB",0.0029,0.0034,0.1401,0.1337,6e-04,0.0024,0.0063
"150",150,"2022-04-05 15:53:00","HOPB",0.0019,0.0033,0.1255,0.1346,7e-04,0.0029,0.0069
"151",151,"2022-04-13 12:41:00","HOPB",0.0035,0.0029,0.116,0.1465,0.001,0.0094,0.0078
"152",152,"2022-04-19 13:33:00","HOPB",0.0351,0.0049,0.2313,0.279,0.0019,0.0104,0.0458
"153",153,"2022-04-27 12:53:00","HOPB",0.0301,0.0032,0.1705,0.1757,0.0013,0.0077,0.0103
"154",154,"2022-05-10 14:06:00","HOPB",0.0242,0.0043,0.1519,0.1721,0.0015,0.0061,0.0134
"155",155,"2022-05-17 13:53:00","HOPB",0.018,0.0044,0.2056,0.1989,0.0015,0.0089,0.0192
"156",156,"2022-06-01 13:33:00","HOPB",0.0666,0.0139,0.1148,0.1397,0.0019,0.0086,0.0165
"157",157,"2022-06-21 14:40:00","HOPB",0.0805,0.0111,0.2007,0.2312,0.0026,0.0067,0.0125
"158",158,"2022-07-13 14:38:00","HOPB",0.1114,0.0079,0.2449,0.2717,0.0018,0.0093,0.0099
"159",159,"2022-07-19 13:10:00","HOPB",0.1211,0.0158,0.388,0.2896,0.0012,0.0139,0.0409
"160",160,"2022-08-17 15:00:00","HOPB",0.0829,0.0059,0.0875,0.0956,0.0038,0.0064,0.0193
"161",161,"2022-09-07 13:26:00","HOPB",0.0907333333333333,0.0091,0.219366666666667,0.2555,0.0012,0.008,0.0258333333333333
"162",162,"2022-09-07 13:26:00","HOPB",0.0907333333333333,0.0091,0.219366666666667,0.2555,0.0012,0.008,0.0258333333333333
"163",163,"2022-09-07 13:26:00","HOPB",0.0907333333333333,0.0091,0.219366666666667,0.2555,0.0012,0.008,0.0258333333333333
"164",164,"2022-09-20 13:30:00","HOPB",0.0796,0.0037,0.2518,0.2699,0.0011,0.0065,0.0198
"165",165,"2022-10-18 13:52:00","HOPB",0.0027,0.0018,0.1483,0.1535,0.0011,0.0083,0.0123
"166",166,"2022-11-15 14:44:00","HOPB",0.0197,0.00876666666666667,0.108066666666667,0.0907,0.00103333333333333,0.0066,0.0102666666666667
"167",167,"2022-11-15 14:44:00","HOPB",0.0197,0.00876666666666667,0.108066666666667,0.0907,0.00103333333333333,0.0066,0.0102666666666667
"168",168,"2022-11-15 14:44:00","HOPB",0.0197,0.00876666666666667,0.108066666666667,0.0907,0.00103333333333333,0.0066,0.0102666666666667
"169",169,"2022-11-29 15:59:00","HOPB",0.0232,0.002,0.1099,0.0895,0.001,0.0069,0.0108
"170",170,"2022-12-06 14:22:00","HOPB",0.0335,4e-04,0.1195,0.0776,8e-04,0.0052,0.0064
"171",171,"2022-12-13 14:50:00","HOPB",0.051,0.0385,0.1547,0.1209,0.0011,0.0054,0.0064
"172",172,"2023-01-17 15:17:00","HOPB",0.0671,0.0041,0.1389,NA,0.0012,0.0048,0.0055
"173",173,"2023-02-14 15:13:00","HOPB",0.066,0.0025,0.1082,0.111,0.0011,0.0055,0.0063
"174",174,"2023-02-21 15:16:00","HOPB",0.0596,0.0089,NA,0.1631,0.0015,0.0065,0.0067
"175",175,"2023-03-07 18:30:00","HOPB",0.0568,0.0023,0.187,0.1538,0.0011,0.0064,0.0053
"176",176,"2023-03-21 14:28:00","HOPB",0.0584666666666667,0.00256666666666667,0.1478,0.1534,0.00173333333333333,0.00726666666666667,0.00516666666666667
"177",177,"2023-03-21 14:28:00","HOPB",0.0584666666666667,0.00256666666666667,0.1478,0.1534,0.00173333333333333,0.00726666666666667,0.00516666666666667
"178",178,"2023-03-21 14:28:00","HOPB",0.0584666666666667,0.00256666666666667,0.1478,0.1534,0.00173333333333333,0.00726666666666667,0.00516666666666667
"179",179,"2023-03-28 14:00:00","HOPB",0.0526,0.0042,0.1804,0.1344,0.0022,0.0091,0.0073
"180",180,"2023-04-05 14:00:00","HOPB",0.0303,0.0025,0.1142,0.1233,0.0013,0.0071,0.0076
"181",181,"2023-04-12 14:07:00","HOPB",0.0244,0.0109,0.1434,0.2364,0,0.0064,0.0081
"182",182,"2023-04-19 14:09:00","HOPB",0.0198,0.0117,0.1581,0.1673,5e-04,0.0088,0.0096
"183",183,"2023-04-26 13:10:00","HOPB",0.0216,0.0061,0.1533,0.1409,0.0025,0.0071,0.0087
"184",184,"2023-05-10 14:43:00","HOPB",0.0092,0.0031,0.1267,0.1312,0.0014,0.0058,0.0109
"185",185,"2023-05-16 13:51:00","HOPB",0.0149,0.0036,0.1164,0.1373,0.0013,0.0069,0.0111
"186",186,"2023-06-05 14:14:00","HOPB",0.037,0.0231,0.1774,0.1572,0.0017,0.0073,0.0132
"187",187,"2023-06-20 14:00:00","HOPB",0.0441,0.009,0.2296,0.2439,0.0026,0.0094,0.0168
"188",188,"2023-07-11 13:01:00","HOPB",0.028,0.0445,0.2877,0.3409,0.003,0.0131,0.0254
"189",189,"2023-07-19 13:25:00","HOPB",0.0325,0.0654,0.2043,0.1662,0.0031,0.0118,0.0173
"190",190,"2023-08-15 14:15:00","HOPB",0.0466,0.0041,0.2626,0.3201,0.0049,0.0308,0.1153
"191",191,"2023-09-06 13:53:00","HOPB",0.0625,0.0089,0.152,0.1472,0.0017,0.0068,0.0105
"192",192,"2023-09-19 12:57:00","HOPB",0.1073,0.0213,0.1734,0.1628,6e-04,0.0111,0.0211
"193",193,"2023-10-17 13:05:00","HOPB",0.0095,0.0014,0.0362,0.0461,0.0011,0.006,0.0112
"194",194,"2023-11-14 15:34:00","HOPB",0.0398,0.0061,0.17,0.19,0.0021,0.0052,0.0071
"195",195,"2023-11-28 16:23:00","HOPB",0.0370666666666667,0.00373333333333333,0.24,0.25,0.00156666666666667,0.00756666666666667,0.0126666666666667
"196",196,"2023-11-28 16:23:00","HOPB",0.0370666666666667,0.00373333333333333,0.24,0.25,0.00156666666666667,0.00756666666666667,0.0126666666666667
"197",197,"2023-11-28 16:23:00","HOPB",0.0370666666666667,0.00373333333333333,0.24,0.25,0.00156666666666667,0.00756666666666667,0.0126666666666667
"198",198,"2023-12-12 15:33:00","HOPB",0.0407,0.0049,0.2,0.23,0.0034,0.0138,0.0098
"199",199,"2024-01-02 15:54:00","HOPB",0.0608,0.0065,0.15,0.16,0.0029,0.0135,0.0068
"200",200,"2024-01-17 15:46:00","HOPB",0.0714,0.0056,0.16,0.17,0.0024,0.0133,0.0061
"201",201,"2024-01-23 14:53:00","HOPB",0.0764,0.0075,0.16,0.18,0.0025,0.0119,0.0074
"202",202,"2024-02-12 15:35:00","HOPB",0.0639,0.0048,0.16,0.16,0.0021,0.0119,0.0063
"203",203,"2024-02-20 15:20:00","HOPB",0.0748,0.0063,0.16,0.16,0.0016,0.0137,0.0123
"204",204,"2024-03-05 15:34:00","HOPB",0.0558,0.0105,0.18,0.17,0.0015,0.0156,0.0155
"205",205,"2024-03-12 15:12:00","HOPB",0.0568,0.0553,0.13,0.12,0.0011,0.0147,0.0142
"206",206,"2024-03-19 14:11:00","HOPB",0.0501,0.0033,0.14,0.15,0.0014,0.015,0.0151
"207",207,"2024-03-27 14:19:00","HOPB",0.0523,0.003,0.13,0.12,0.0011,0.0117,0.0137
"208",208,"2024-04-02 14:31:00","HOPB",0.0467,0.03,0.14,0.13,0.0012,0.0141,0.015
"209",209,"2024-04-16 13:30:00","HOPB",0.0376,0.0077,0.17,0.16,0.0025,0.0064,0.0096
"210",210,"2024-04-24 13:00:00","HOPB",0.0392,0.022,0.15,0.13,0.0016,0.0042,0.0117
"211",211,"2024-05-08 13:32:00","HOPB",0.0456,0.0281,0.23,0.5,0.0024,0.0062,0.049
"212",212,"2024-05-14 13:45:00","HOPB",0.035,0.0064,0.19,0.17,0.0026,0.0064,0.0128
"213",213,"2024-05-28 13:35:00","HOPB",0.0617,0.0226,0.29,0.27,0.003,0.0098,0.0234
"214",214,"2024-06-03 15:10:00","HOPB",0.0705,0.022,0.3,0.36,0.0037,0.0098,0.0209
"215",215,"2024-06-24 16:00:00","HOPB",0.0686,0.0157,0.29,0.3,0.0025,0.0146,0.0232
"216",216,"2024-07-08 14:13:00","HOPB",0.0715,0.0164,0.36,0.32,0.0017,0.0163,0.0238
"217",217,"2024-07-29 16:37:00","HOPB",0.0755,0.0083,0.25,0.25,0.0013,0.0083,0.0193
"218",218,"2024-08-06 12:41:00","HOPB",0.0396,0.0271,0.32,0.35,0.0027,0.0193,0.0447
"219",219,"2024-09-10 13:06:00","HOPB",0.0547666666666667,0.0073,0.146666666666667,0.2,3e-04,0.0055,0.00833333333333333
"220",220,"2024-09-10 13:06:00","HOPB",0.0547666666666667,0.0073,0.146666666666667,0.2,3e-04,0.0055,0.00833333333333333
"221",221,"2024-09-10 13:06:00","HOPB",0.0547666666666667,0.0073,0.146666666666667,0.2,3e-04,0.0055,0.00833333333333333
"222",222,"2024-09-17 12:55:00","HOPB",0.0763,0.0038,0.17,0.14,0.0011,0.0085,0.0085
"223",223,"2024-10-14 16:20:00","HOPB",0.0198,0.0025,0.16,0.34,0.0036,0.0071,0.0218
"224",224,"2024-11-12 14:05:00","HOPB",0.0161666666666667,0.0048,0.103333333333333,0.12,0.00163333333333333,0.00523333333333333,0.00743333333333333
"225",225,"2024-11-12 14:05:00","HOPB",0.0161666666666667,0.0048,0.103333333333333,0.12,0.00163333333333333,0.00523333333333333,0.00743333333333333
"226",226,"2024-11-12 14:05:00","HOPB",0.0161666666666667,0.0048,0.103333333333333,0.12,0.00163333333333333,0.00523333333333333,0.00743333333333333
"227",227,"2024-11-19 13:47:00","HOPB",0.0303,0.0046,0.11,0.14,0.0013,0.0048,0.0065
"228",228,"2024-12-10 15:34:00","HOPB",0.0804,0.0158,0.29,0.19,0.0024,0.0064,0.0143
"229",229,"2024-12-17 14:52:00","HOPB",0.0668,0.0106,0.23,0.18,0.002,0.0063,0.0132
"230",230,"2025-01-14 15:10:00","HOPB",0.0887,0.014,0.19,0.16,0.0013,0.0038,0.0047
"231",231,"2025-01-28 15:14:00","HOPB",0.0998,0.0197,0.19,0.16,0.001,0.0035,0.0047
"232",232,"2025-02-11 19:15:00","HOPB",0.1034,0.0262,0.18,0.18,0.0013,0.0041,0.0054
"233",233,"2025-02-18 16:35:00","HOPB",0.11,0.0327,0.2,0.11,0.0024,0.0061,0.006
"234",234,"2025-03-04 19:11:00","HOPB",0.1143,0.0259,0.2,0.11,0.0019,0.0051,0.0147
"235",235,"2025-03-10 19:18:00","HOPB",0.0823,0.0105,0.2,0.15,0.0026,0.0052,0.01
"236",236,"2025-03-18 14:04:00","HOPB",0.0452,0.0076,0.17,0.1,0.0021,0.0079,0.0134
"237",237,"2025-03-31 14:02:00","HOPB",0.0469,0.0044,0.12,0.08,0.0017,0.0045,0.0062
"238",238,"2025-04-08 14:26:00","HOPB",0.0358,0.0026,0.12,0.07,0.0019,0.0033,0.0065
"239",239,"2025-04-15 18:42:00","HOPB",0.0283,0.0042,0.1,0.14,2e-04,0.0038,0.006
"240",240,"2025-04-22 18:04:00","HOPB",0.0129,0.0024,0.08,0.12,NA,0.0045,0.0066
"241",241,"2025-04-29 12:41:00","HOPB",0.0128,0.0048,0.11,0.2,NA,0.005,0.0077
"242",242,"2025-05-13 13:14:00","HOPB",0.0282,0.004,0.13,0.13,0.005,0.0048,0.0094
"243",243,"2025-05-21 13:02:00","HOPB",0.022,0.0069,0.11,0.19,0.0022,0.007,0.009
"244",244,"2025-06-03 14:47:00","HOPB",0.0202,0.0062,0.08,0.14,0.0019,0.0052,0.008
"245",245,"2025-06-17 14:07:00","HOPB",0.041,0.0131,0.14,0.17,0.0025,0.0057,0.0197
"246",246,"2025-07-07 15:54:00","HOPB",0.0824,0.0116,0.22,0.28,0.0028,0.0125,0.017
"247",247,"2025-07-15 13:23:00","HOPB",0.1015,0.0179,0.25,0.28,0.0024,0.0101,0.0209
"248",248,"2025-08-05 12:43:00","HOPB",0.0562,0.0072,0.15,0.23,0.0021,0.0059,0.012
"249",249,"2025-09-09 13:39:00","HOPB",0.0507666666666667,0.0113333333333333,0.125533333333333,0.123333333333333,0.0018,0.00503333333333333,0.00923333333333333
"250",250,"2025-09-09 13:39:00","HOPB",0.0507666666666667,0.0113333333333333,0.125533333333333,0.123333333333333,0.0018,0.00503333333333333,0.00923333333333333
"251",251,"2025-09-09 13:39:00","HOPB",0.0507666666666667,0.0113333333333333,0.125533333333333,0.123333333333333,0.0018,0.00503333333333333,0.00923333333333333
"252",252,"2025-09-16 14:41:00","HOPB",0.0524,0.0105,0.0933,0.0867,0.0021,0.0056,0.0068
"253",253,"2025-10-21 13:21:00","HOPB",0.0039,0.0043,0.2,0.28,0.0015,0.0067,0.0137
"254",254,"2025-11-11 14:47:00","HOPB",0.0134,0.0049,0.17,0.18,0.0038,0.0056,0.0077
"255",255,"2025-11-18 14:45:00","HOPB",0.0189,0.0072,0.15,0.15,0.003,0.0072,0.0078
"256",1,"2017-04-19 13:46:00","LEWI",2.164,0.038,2.22,2.228,0.016,0.001,0.002
"257",2,"2017-04-26 13:21:00","LEWI",2.301,0.065,2.294,2.31,0.017,0.0135,0.018
"258",3,"2017-05-03 09:30:00","LEWI",2.1,0.054,2.116,2.194,0.013,0.008,0.009
"259",4,"2017-05-10 09:13:00","LEWI",2.308,0.02,2.439,2.465,0.014,0.01,0.012
"260",5,"2017-05-24 09:20:00","LEWI",2.349,0.03,2.464,2.54,0.011,0.02,0.024
"261",6,"2017-06-14 13:11:00","LEWI",2.622,0.213,2.8446,2.9887,0.003,0.0097,0.012
"262",7,"2017-06-21 13:20:00","LEWI",2.624,0.183,2.66,2.771,0.025,5e-04,0.005
"263",8,"2017-07-05 13:14:00","LEWI",NA,NA,NA,2.747,NA,NA,0.003
"264",9,"2017-07-25 13:09:00","LEWI",2.92726666666667,0.0463333333333333,3.003,2.987,0.035,0.0148333333333333,0.118966666666667
"265",10,"2017-07-25 13:09:00","LEWI",2.92726666666667,0.0463333333333333,3.003,2.987,0.035,0.0148333333333333,0.118966666666667
"266",11,"2017-07-25 13:09:00","LEWI",2.92726666666667,0.0463333333333333,3.003,2.987,0.035,0.0148333333333333,0.118966666666667
"267",12,"2017-08-09 13:26:00","LEWI",2.886,0.127,2.974,2.939,0.024,0.002,0.0676
"268",13,"2017-08-22 13:27:00","LEWI",3.1391,0.0973,3.025,3.132,0.027,0.0066,0.009
"269",14,"2017-09-13 14:41:00","LEWI",2.509,0.127,2.493,2.488,0.007,0.0039,0.006
"270",15,"2017-09-27 13:35:00","LEWI",2.4763,0.112,2.556,2.603,0.008,0.0018,0.0229
"271",16,"2017-10-11 13:16:00","LEWI",NA,NA,NA,2.399,NA,NA,0.043
"272",17,"2017-10-18 13:25:00","LEWI",2.3449,0.1185,2.301,2.32,0.02,0.005,0.085
"273",18,"2017-11-29 14:33:00","LEWI",2.808,0.1231,2.647,2.644,0.007,0.01,0.014
"274",19,"2017-12-05 15:52:00","LEWI",2.4722,0.1182,2.611,2.669,0.01,0.019,0.025
"275",20,"2017-12-13 16:44:00","LEWI",2.0742,0.1973,1.966,2.034,0.01,0.019,0.021
"276",21,"2018-01-10 14:40:00","LEWI",2.5271,0.1155,2.889,2.955,0.02,0.026,0.028
"277",22,"2018-01-24 14:15:00","LEWI",2.3543,0.1096,2.864,2.862,0.059,0.004,0.006
"278",23,"2018-02-07 14:30:00","LEWI",2.1711,0.1013,2.993,3.038,0.034,0.003,0.005
"279",24,"2018-02-14 14:35:00","LEWI",2.6359,0.1134,2.922,2.881,0.052,0.004,0.006
"280",25,"2018-02-28 14:27:00","LEWI",0.0071,NA,2.939,2.962,0.007,0.005,0.005
"281",26,"2018-03-07 16:40:00","LEWI",2.5017,NA,2.872,2.824,0.032,0.022,0.026
"282",27,"2018-03-14 13:20:00","LEWI",2.4776,0.0069,2.992,2.89,0.11,0.003,0.007
"283",28,"2018-03-26 14:05:00","LEWI",2.388,0.0083,2.837,2.844,NA,0.01,0.034
"284",29,"2018-04-18 13:45:00","LEWI",2.2498,0.0167,2.588,1.072,0.03,0.0044,0.0238
"285",30,"2018-04-25 13:20:00","LEWI",2.1512,0.0135,2.313,2.196,0.062,5e-04,0.0373
"286",31,"2018-05-02 13:30:00","LEWI",2.3107,0.0206,2.283,2.142,0.02,5e-04,0.0128
"287",32,"2018-05-09 13:45:00","LEWI",2.3576,0.0506,2.259,2.159,0.018,0.0127,0.018
"288",33,"2018-05-23 14:24:00","LEWI",2.7048,0.0406,2.79,2.736,0.024,5e-04,0.1221
"289",34,"2018-06-06 13:38:00","LEWI",2.74813333333333,0.0306666666666667,2.842,2.743,0.0366666666666667,5e-04,0.0365333333333333
"290",35,"2018-06-06 13:38:00","LEWI",2.74813333333333,0.0306666666666667,2.842,2.743,0.0366666666666667,5e-04,0.0365333333333333
"291",36,"2018-06-06 13:38:00","LEWI",2.74813333333333,0.0306666666666667,2.842,2.743,0.0366666666666667,5e-04,0.0365333333333333
"292",37,"2018-06-13 13:20:00","LEWI",2.9313,0.0348,2.928,2.86,0.02,5e-04,0.0553
"293",38,"2018-07-02 13:40:00","LEWI",3.0352,0.0016,3.283,3.19,0.01,5e-04,0.015
"294",39,"2018-07-25 13:40:00","LEWI",1.7958,0.0478,1.665,1.731,0.023,0.005,0.001
"295",40,"2018-08-08 13:59:00","LEWI",2.5836,0.0529,3.16,3.116,0.012,0.008,0.012
"296",41,"2018-08-21 14:06:00","LEWI",2.72013333333333,0.0229333333333333,2.83333333333333,2.92866666666667,NA,0.00683333333333333,0.141366666666667
"297",42,"2018-08-21 14:06:00","LEWI",2.72013333333333,0.0229333333333333,2.83333333333333,2.92866666666667,NA,0.00683333333333333,0.141366666666667
"298",43,"2018-08-21 14:06:00","LEWI",2.72013333333333,0.0229333333333333,2.83333333333333,2.92866666666667,NA,0.00683333333333333,0.141366666666667
"299",44,"2018-09-12 13:45:00","LEWI",2.741,0.0146,2.782,2.774,0.088,0.0161,0.02
"300",45,"2018-09-19 14:16:00","LEWI",2.9355,0.0317,3.039,NA,0.029,0.0127,NA
"301",46,"2018-10-10 13:30:00","LEWI",3.1056,0.0159,3.006,2.978,0.031,5e-04,0.147
"302",47,"2018-10-17 13:31:00","LEWI",3.2081,0.0279,3.075,3.016,0.196,0.0028,0.006
"303",48,"2018-11-28 14:47:00","LEWI",3.7599,0.0601,3.453,3.439,0.324,0.004,0.0369
"304",49,"2018-12-05 14:55:00","LEWI",3.6172,0.0227,3.424,3.482,0.378,0.003,0.12
"305",50,"2018-12-12 14:27:00","LEWI",3.98756666666667,0.0653666666666667,3.63766666666667,NA,0.135666666666667,0.012,NA
"306",51,"2018-12-12 14:27:00","LEWI",3.98756666666667,0.0653666666666667,3.63766666666667,NA,0.135666666666667,0.012,NA
"307",52,"2018-12-12 14:27:00","LEWI",3.98756666666667,0.0653666666666667,3.63766666666667,NA,0.135666666666667,0.012,NA
"308",53,"2019-01-09 14:57:00","LEWI",3.9019,NA,3.282,3.332,NA,0.009,0.1772
"309",54,"2019-01-23 13:38:00","LEWI",4.026,0.079,3.809,3.651,0.07,0.004,NA
"310",55,"2019-02-13 15:28:00","LEWI",3.8578,0.1048,3.206,3.237,0.145,0.0121,0.018
"311",56,"2019-02-21 14:49:00","LEWI",3.8169,0.0505,3.229,3.539,0.098,0.013,0.277
"312",57,"2019-03-06 14:41:00","LEWI",3.6554,0.0727,3.36,3.549,0.079,5e-04,0.23
"313",58,"2019-03-13 13:37:00","LEWI",3.6742,0.078,3.341,NA,0.001,0.0232,NA
"314",59,"2019-03-18 14:12:00","LEWI",3.4927,0.0815,2.814,3.198,0.022,5e-04,0.367
"315",60,"2019-04-03 13:15:00","LEWI",3.7465,6e-04,3.336,3.318,0.035,0.0089,0.12
"316",61,"2019-04-24 14:32:00","LEWI",3.10323333333333,0.0576666666666667,2.87433333333333,2.86433333333333,0.0326666666666667,5e-04,0.106066666666667
"317",62,"2019-04-24 14:32:00","LEWI",3.10323333333333,0.0576666666666667,2.87433333333333,2.86433333333333,0.0326666666666667,5e-04,0.106066666666667
"318",63,"2019-04-24 14:32:00","LEWI",3.10323333333333,0.0576666666666667,2.87433333333333,2.86433333333333,0.0326666666666667,5e-04,0.106066666666667
"319",64,"2019-05-01 13:15:00","LEWI",3.2883,0.0353,3.006,3.003,0.023,5e-04,0.0319
"320",65,"2019-05-08 13:20:00","LEWI",2.919,0.0662,2.794,2.86,2.198,5e-04,0.2324
"321",66,"2019-05-15 13:40:00","LEWI",3.139,0.024,0.9704,3.085,0.029,5e-04,0.1011
"322",67,"2019-05-22 13:32:00","LEWI",3.056,0.0859,2.915,2.927,0.029,5e-04,0.1201
"323",68,"2019-06-12 13:59:00","LEWI",3.0625,0.0426,3.086,2.52,0.01865,0.00875,0.08805
"324",69,"2019-06-12 13:59:00","LEWI",3.0625,0.0426,3.086,2.52,0.01865,0.00875,0.08805
"325",70,"2019-06-19 13:33:00","LEWI",2.96575,0.06715,2.952,2.64,0.01595,0.02635,0.0667
"326",71,"2019-06-19 13:33:00","LEWI",2.96575,0.06715,2.952,2.64,0.01595,0.02635,0.0667
"327",72,"2019-07-03 14:10:00","LEWI",5.7232,0.0363,NA,NA,0.0066,0.0174,0.06
"328",73,"2019-07-31 13:30:00","LEWI",2.00423333333333,0.0484333333333333,2.726,2.669,0.0257333333333333,0.0177333333333333,0.200366666666667
"329",74,"2019-07-31 13:30:00","LEWI",2.00423333333333,0.0484333333333333,2.726,2.669,0.0257333333333333,0.0177333333333333,0.200366666666667
"330",75,"2019-07-31 13:30:00","LEWI",2.00423333333333,0.0484333333333333,2.726,2.669,0.0257333333333333,0.0177333333333333,0.200366666666667
"331",76,"2019-08-07 14:10:00","LEWI",2.6323,0.03315,2.396,2.23,NA,0.0142,0.061
"332",77,"2019-08-07 14:10:00","LEWI",2.6323,0.03315,2.396,2.23,NA,0.0142,0.061
"333",78,"2019-08-21 13:32:00","LEWI",2.82995,0.03165,2.802,2.78,0.00565,0.02585,0.11865
"334",79,"2019-08-21 13:32:00","LEWI",2.82995,0.03165,2.802,2.78,0.00565,0.02585,0.11865
"335",80,"2019-09-11 13:21:00","LEWI",2.81725,0.02,2.754,2.688,0.01615,0.01615,0.10675
"336",81,"2019-09-11 13:21:00","LEWI",2.81725,0.02,2.754,2.688,0.01615,0.01615,0.10675
"337",82,"2019-09-25 12:50:00","LEWI",2.76315,0.0136,2.795,2.721,NA,0.00945,0.1284
"338",83,"2019-09-25 12:50:00","LEWI",2.76315,0.0136,2.795,2.721,NA,0.00945,0.1284
"339",84,"2019-10-09 13:00:00","LEWI",2.52285,0.0292,2.533,2.501,0.02325,0.0166,0.0601
"340",85,"2019-10-09 13:00:00","LEWI",2.52285,0.0292,2.533,2.501,0.02325,0.0166,0.0601
"341",86,"2019-10-16 12:51:00","LEWI",2.86895,0.03975,2.687,2.83,0.166,0.0145,0.12645
"342",87,"2019-10-16 12:51:00","LEWI",2.86895,0.03975,2.687,2.83,0.166,0.0145,0.12645
"343",88,"2019-11-20 14:21:00","LEWI",2.632,0.04,2.567,2.553,0.0085,5e-04,0.115
"344",89,"2019-12-04 14:30:00","LEWI",2.8417,0.0269,2.486,2.46,0.0481,5e-04,0.004
"345",90,"2019-12-11 14:20:00","LEWI",1.81833333333333,0.1382,2.43366666666667,2.424,0.0097,0.023,0.051
"346",91,"2019-12-11 14:20:00","LEWI",1.81833333333333,0.1382,2.43366666666667,2.424,0.0097,0.023,0.051
"347",92,"2019-12-11 14:20:00","LEWI",1.81833333333333,0.1382,2.43366666666667,2.424,0.0097,0.023,0.051
"348",93,"2020-01-08 14:15:00","LEWI",2.652,0.0564,2.705,2.663,0.0164,0.026,0.056
"349",94,"2020-01-29 14:05:00","LEWI",2.98596666666667,0.0865666666666667,2.88466666666667,2.949,0.0158,0.0383333333333333,0.0476666666666667
"350",95,"2020-01-29 14:05:00","LEWI",2.98596666666667,0.0865666666666667,2.88466666666667,2.949,0.0158,0.0383333333333333,0.0476666666666667
"351",96,"2020-01-29 14:05:00","LEWI",2.98596666666667,0.0865666666666667,2.88466666666667,2.949,0.0158,0.0383333333333333,0.0476666666666667
"352",97,"2020-02-12 14:11:00","LEWI",2.942,0.0498,2.846,2.787,0.0313,0.031,0.046
"353",98,"2020-02-19 14:05:00","LEWI",2.97,0.0279,2.793,2.648,0.0091,0.052,0.059
"354",99,"2020-03-04 13:41:00","LEWI",2.8,0.0418,2.688,2.611,0.0256,0.044,0.052
"355",100,"2020-03-11 12:57:00","LEWI",2.8,0.0501,2.733,2.728,0.0104,0.002,0.004
"356",101,"2020-03-18 13:43:00","LEWI",2.713,0.0631,2.59,2.662,0.0239,0.008,0.011
"357",102,"2020-06-24 13:29:00","LEWI",2.3856,0.0654,NA,NA,0.0099,0.019,0.0374
"358",103,"2020-07-01 13:30:00","LEWI",2.4486,0.1024,2.481,2.447,0.0051,0.019,0.0437
"359",104,"2020-07-06 13:30:00","LEWI",2.3919,0.0324,2.39,2.305,0.0029,0.0214,0.0378
"360",105,"2020-07-15 13:40:00",NA,NA,NA,2.233,2.19333333333333,NA,NA,NA
"361",106,"2020-07-29 13:30:00","LEWI",2.3625,0.0141,2.402,2.446,9e-04,0.0213,NA
"362",107,"2020-08-04 14:28:00","LEWI",1.911,0.1067,2.034,2.178,0.0025,0.0435,NA
"363",108,"2020-08-26 12:30:00","LEWI",2.3541,0.0137,2.374,2.421,9e-04,0.0288,NA
"364",109,"2020-09-16 13:30:00",NA,NA,NA,2.475,2.386,NA,NA,NA
"365",110,"2020-09-23 13:25:00",NA,NA,NA,2.469,2.473,NA,NA,NA
"366",111,"2020-10-07 13:00:00",NA,NA,NA,2.32933333333333,2.32,NA,NA,NA
"367",112,"2020-10-14 13:16:00",NA,NA,NA,2.147,2.123,NA,NA,NA
"368",113,"2020-11-18 13:55:00",NA,NA,NA,2.235,2.183,NA,NA,NA
"369",114,"2020-12-02 13:50:00",NA,NA,NA,2.237,2.25,NA,NA,NA
"370",115,"2020-12-09 13:54:00",NA,NA,NA,2.62,2.53,NA,NA,NA
"371",116,"2021-01-20 13:21:00",NA,NA,NA,2.923,2.912,NA,NA,NA
"372",117,"2021-01-27 13:40:00",NA,NA,NA,2.86166666666667,2.863,NA,NA,NA
"373",118,"2021-02-10 13:57:00",NA,NA,NA,2.889,2.946,NA,NA,NA
"374",119,"2021-02-17 13:55:00",NA,NA,NA,2.883,2.985,NA,NA,NA
"375",120,"2021-03-03 13:34:00",NA,NA,NA,2.986,2.976,NA,NA,NA
"376",121,"2021-03-10 14:18:00",NA,NA,NA,2.877,2.965,NA,NA,NA
"377",122,"2021-03-17 12:41:00",NA,NA,NA,2.899,2.915,NA,NA,NA
"378",123,"2021-03-31 12:40:00",NA,NA,NA,2.628,2.647,NA,NA,NA
"379",124,"2021-04-21 12:34:00",NA,NA,NA,2.493,2.547,NA,NA,NA
"380",125,"2021-04-28 13:00:00",NA,NA,NA,2.216,2.28,NA,NA,NA
"381",126,"2021-05-05 13:11:00",NA,NA,NA,2.316,2.41,NA,NA,NA
"382",127,"2021-05-19 13:29:00",NA,NA,NA,2.425,2.415,NA,NA,NA
"383",128,"2021-05-26 12:29:00",NA,NA,NA,2.427,2.424,NA,NA,NA
"384",129,"2021-06-16 13:21:00",NA,NA,NA,2.523,2.576,NA,NA,NA
"385",130,"2021-06-23 12:32:00",NA,NA,NA,2.636,2.714,NA,NA,NA
"386",131,"2021-07-07 12:31:00",NA,NA,NA,2.777,2.848,NA,NA,NA
"387",132,"2021-07-26 13:45:00",NA,NA,NA,2.502,2.522,NA,NA,NA
"388",133,"2021-08-04 14:31:00",NA,NA,NA,1.729,1.733,NA,NA,NA
"389",134,"2021-08-25 12:22:00",NA,NA,NA,2.343,2.361,NA,NA,NA
"390",135,"2021-09-15 12:20:00",NA,NA,NA,2.647,2.679,NA,NA,NA
"391",136,"2021-09-29 12:08:00",NA,NA,NA,2.66,2.668,NA,NA,NA
"392",137,"2021-10-06 12:27:00","LEWI",2.821,0.0464,2.947,2.95,0.0033,0.0195,0.0305
"393",138,"2021-10-13 12:20:00","LEWI",2.7048,0.0484,3.037,2.954,0.0044,0.0162,0.0272
"394",139,"2021-11-17 13:45:00","LEWI",2.5586,0.0025,2.426,2.447,4e-04,0.0079,0.0123
"395",140,"2021-12-01 13:48:00","LEWI",2.66,0.0011,2.517,2.511,NA,0.0061,0.0115
"396",141,"2021-12-15 13:54:00","LEWI",2.7773,0.0014,2.459,2.444,6e-04,0.0065,0.0103
"397",142,"2022-01-12 14:19:00","LEWI",2.8203,0.0048,2.773,2.769,6e-04,0.007,0.0084
"398",143,"2022-01-26 14:14:00","LEWI",2.51136666666667,0.00543333333333333,2.39566666666667,2.36366666666667,NA,0.00756666666666667,0.00946666666666667
"399",144,"2022-01-26 14:14:00","LEWI",2.51136666666667,0.00543333333333333,2.39566666666667,2.36366666666667,NA,0.00756666666666667,0.00946666666666667
"400",145,"2022-01-26 14:14:00","LEWI",2.51136666666667,0.00543333333333333,2.39566666666667,2.36366666666667,NA,0.00756666666666667,0.00946666666666667
"401",146,"2022-02-09 13:59:00","LEWI",2.7748,0.006,2.749,3.051,0.0012,0.0093,0.0131
"402",147,"2022-02-15 13:50:00","LEWI",2.6957,0.006,2.566,2.568,1e-04,0.0086,0.0092
"403",148,"2022-03-02 14:20:00","LEWI",2.5074,0.0073,2.508,2.43,7e-04,0.0076,0.0116
"404",149,"2022-03-08 13:57:00","LEWI",2.3639,0.0105,2.183,2.14,NA,0.0102,0.0118
"405",150,"2022-03-16 12:57:00","LEWI",0.5169,0.0102,2.27,2.251,0.0016,0.0084,0.013
"406",151,"2022-03-30 13:19:00","LEWI",0.3234,0.0075,2.519,2.466,7e-04,0.0065,0.0131
"407",152,"2022-04-20 12:51:00","LEWI",0.3559,0.0077,2.615,2.607,0.002,0.0096,0.0185
"408",153,"2022-04-27 13:04:00","LEWI",0.3573,0.0117,2.428,2.483,0.0019,0.0082,0.0166
"409",154,"2022-05-04 13:19:00","LEWI",0.9366,0.0305,1.93333333333333,1.93333333333333,0.00246666666666667,0.0167,0.0418
"410",155,"2022-05-04 13:19:00","LEWI",0.9366,0.0305,1.93333333333333,1.93333333333333,0.00246666666666667,0.0167,0.0418
"411",156,"2022-05-04 13:19:00","LEWI",0.9366,0.0305,1.93333333333333,1.93333333333333,0.00246666666666667,0.0167,0.0418
"412",157,"2022-05-11 13:50:00","LEWI",8.365,0.0252,2.383,2.434,0.0047,0.0402,0.0145
"413",158,"2022-05-25 12:25:00","LEWI",2.3514,0.0434,2.37,2.409,0.0057,0.0151,0.0535
"414",159,"2022-06-21 12:37:00","LEWI",2.6603,0.0717,2.564,2.603,0.0046,0.0156,0.0522
"415",160,"2022-06-29 12:40:00","LEWI",2.718,0.0477,2.748,2.767,0.0079,0.0219,0.0612
"416",161,"2022-07-06 12:43:00","LEWI",2.641,0.1258,2.635,2.733,0.005,0.0211,0.0707
"417",162,"2022-07-25 13:50:00","LEWI",2.4388,0.0445,2.405,2.432,0.0046,0.0212,0.0477
"418",163,"2022-08-03 14:51:00","LEWI",2.5879,0.0877,2.469,2.456,0.0062,0.0215,0.0608
"419",164,"2022-08-24 12:51:00","LEWI",2.2148,0.0092,2.449,2.495,0.0068,0.013,0.0351
"420",165,"2022-09-14 12:40:00","LEWI",2.5642,0.0132,2.566,2.547,0.0035,0.0197,0.035
"421",166,"2022-09-28 12:31:00","LEWI",2.5598,0.0043,2.56,2.562,0.002,0.0164,0.0134
"422",167,"2022-10-12 13:45:00","LEWI",2.5833,0.0044,2.576,2.61,0.0016,0.0153,0.0244
"423",168,"2022-11-16 14:09:00","LEWI",2.1286,0.007,2.084,2.129,0.002,0.0193,0.0258
"424",169,"2022-11-22 14:00:00","LEWI",2.7622,0.0047,2.7,2.701,9e-04,0.0113,0.0142
"425",170,"2023-01-18 15:05:00","LEWI",2.6572,0.0105,2.61,2.637,0.0036,0.0095,0.0189
"426",171,"2023-01-24 19:57:00","LEWI",2.6901,0.0083,2.77,2.931,0.003,0.0091,0.0213
"427",172,"2023-02-08 14:08:00","LEWI",2.6765,0.0212,2.792,3.069,0.0038,0.0142,0.0424
"428",173,"2023-02-15 13:36:00","LEWI",2.5722,0.0097,2.657,2.623,0.0021,0.0094,0.0182
"429",174,"2023-03-01 13:45:00","LEWI",2.5638,0.0087,2.724,2.709,0.002,0.0183,0.0275
"430",175,"2023-03-07 15:35:00","LEWI",2.5529,0.01,2.591,2.604,0.0019,0.0099,0.0237
"431",176,"2023-03-15 12:38:00","LEWI",2.6569,0.0094,2.838,2.829,0.002,0.0123,0.023
"432",177,"2023-03-28 12:15:00","LEWI",2.4182,0.0107,2.587,2.529,0.0014,0.0108,0.0202
"433",178,"2023-04-26 13:29:00","LEWI",2.4224,0.0173,2.481,2.494,0.0022,0.0133,0.0236
"434",179,"2023-05-03 15:02:00","LEWI",2.3877,0.0201,2.512,2.488,0.0024,0.0139,0.0268
"435",180,"2023-05-10 12:35:00","LEWI",2.3118,0.0323,2.315,2.335,0.0057,0.017,0.036
"436",181,"2023-05-24 13:50:00","LEWI",2.3691,0.0223,2.258,2.252,0.0044,0.0137,0.0297
"437",182,"2023-06-07 14:10:00","LEWI",1.748,0.0223,1.808,1.769,0.005,0.0137,0.0655
"438",183,"2023-07-05 14:13:00","LEWI",2.2207,0.0292,2.281,2.317,0.0072,0.018,0.0381
"439",184,"2023-07-11 12:37:00","LEWI",2.44756666666667,0.0228666666666667,2.46066666666667,2.607,0.00623333333333333,0.0161333333333333,0.1426
"440",185,"2023-07-11 12:37:00","LEWI",2.44756666666667,0.0228666666666667,2.46066666666667,2.607,0.00623333333333333,0.0161333333333333,0.1426
"441",186,"2023-07-11 12:37:00","LEWI",2.44756666666667,0.0228666666666667,2.46066666666667,2.607,0.00623333333333333,0.0161333333333333,0.1426
"442",187,"2023-07-24 13:07:00","LEWI",2.238,0.0131,2.33,2.347,0.0032,0.0154,0.0239
"443",188,"2023-08-01 13:30:00","LEWI",2.2459,0.0276,2.074,2.113,0.0049,0.0154,0.0296
"444",189,"2023-08-23 14:21:00","LEWI",0.3421,0.0167,2.321,2.382,0.0066,0.0309,0.0573
"445",190,"2023-09-13 14:12:00","LEWI",2.0482,0.0028,1.983,1.956,0.0049,0.0145,0.0208
"446",191,"2023-09-19 12:57:00","LEWI",2.1641,0.0111,2.009,2.038,0.0057,0.0118,0.0175
"447",192,"2023-10-04 16:40:00","LEWI",2.27,0.012,2.079,2.029,0.006,0.0117,0.0174
"448",193,"2023-10-11 14:30:00","LEWI",2.2229,0.0139,2.189,2.195,0.0049,0.0118,0.0148
"449",194,"2023-10-23 14:21:00","LEWI",1.9793,0.0077,1.868,1.807,0.0042,0.0117,0.1039
"450",195,"2023-11-15 13:50:00","LEWI",2.3517,0.0025,2.05,2.23,0.0022,0.0071,0.0085
"451",196,"2023-11-29 14:44:00","LEWI",2.1924,0.0059,2.16,2.25,0.0014,0.0058,0.0111
"452",197,"2023-12-13 13:43:00","LEWI",2.2271,0.0016,2.3,2.34,7e-04,0.0061,0.0098
"453",198,"2024-01-10 14:15:00","LEWI",2.1515,0.0659,2.29,2.33,0.0083,0.0168,0.0495
"454",199,"2024-01-24 14:51:00","LEWI",2.5606,0.014,2.56,2.55,0.0066,0.0132,0.02
"455",200,"2024-02-07 14:35:00","LEWI",2.9019,0.0125,2.97,2.84,0.0033,0.0087,0.0224
"456",201,"2024-02-14 17:22:00","LEWI",2.5718,0.1066,2.78,2.84,0.0053,0.0136,0.0565
"457",202,"2024-02-28 12:30:00","LEWI",2.8284,0.0115,2.89,2.89,0.0028,0.0081,0.0309
"458",203,"2024-03-06 13:29:00","LEWI",2.6586,0.0391,2.79,2.7,0.0034,0.0083,0.0271
"459",204,"2024-03-13 13:50:00","LEWI",1.3345,0.0228,2.68,2.95,0.0016,0.0094,0.0435
"460",205,"2024-03-20 13:14:00","LEWI",1.3786,0.0106,2.98,3.09,0.0041,0.0125,0.0886
"461",206,"2024-04-17 13:37:00","LEWI",1.3133,0.0154,2.61,2.81,0.004,0.0111,0.047
"462",207,"2024-04-24 13:06:00","LEWI",1.346,0.0107,2.73,2.73,0.0017,0.0071,0.0186
"463",208,"2024-05-01 14:20:00","LEWI",2.5463,0.0138,2.47,2.87,0.0019,0.0083,0.0225
"464",209,"2024-05-08 13:20:00","LEWI",2.6267,0.029,2.53,3.07,0.0034,0.0108,0.048
"465",210,"2024-05-15 13:23:00","LEWI",2.6522,0.0294,2.59,0,0.0048,0.0112,0.348
"466",211,"2024-05-21 13:49:00","LEWI",2.576,0.0313,2.58,3.17,0.0031,0.0153,0.0679
"467",212,"2024-06-19 13:00:00","LEWI",2.5676,0.0374,2.53,3.05333333333333,0.0038,0.0118333333333333,0.0468
"468",213,"2024-06-19 13:00:00","LEWI",2.5676,0.0374,2.53,3.05333333333333,0.0038,0.0118333333333333,0.0468
"469",214,"2024-06-19 13:00:00","LEWI",2.5676,0.0374,2.53,3.05333333333333,0.0038,0.0118333333333333,0.0468
"470",215,"2024-06-26 13:34:00","LEWI",2.5446,0.0161,2.51,3.11,0.004,0.0172,0.041
"471",216,"2024-07-02 12:15:00","LEWI",1.6696,0.0171,1.76,2.95,0.0031,0.013,0.2084
"472",217,"2024-07-10 13:21:00","LEWI",2.3279,0.0143,2.46,2.52,0.0044,0.0084,0.0316
"473",218,"2024-08-07 12:22:00","LEWI",1.8726,0.0107,1.94,1.99,0.0011,0.0075,0.043
"474",219,"2024-08-14 12:30:00","LEWI",2.2963,0.015,2.58,2.44,0.0013,0.0079,0.0624
"475",220,"2024-09-11 12:32:00","LEWI",2.8594,0.0057,2.71,2.92,0.0049,0.0105,0.0193
"476",221,"2024-09-18 13:10:00","LEWI",2.1322,0.0078,2.13,3.41,0.0073,0.0265,0.1366
"477",222,"2024-10-09 17:05:00","LEWI",2.651,0.012,2.59,2.71,0.0034,0.0129,0.0653
"478",223,"2024-10-23 14:08:00","LEWI",2.5808,0.0038,2.56,2.7,0.0019,0.0079,0.0222
"479",224,"2024-11-13 13:33:00","LEWI",2.1974,0.0028,2.36,2.25,0.0024,0.0062,0.0088
"480",225,"2024-12-04 15:30:00","LEWI",2.8788,0.005,3.05,2.98,0.0013,0.0049,0.0517
"481",226,"2024-12-11 14:42:00","LEWI",2.10756666666667,0.00656666666666667,2.29,2.22333333333333,0.0095,0.0185333333333333,0.0241666666666667
"482",227,"2024-12-11 14:42:00","LEWI",2.10756666666667,0.00656666666666667,2.29,2.22333333333333,0.0095,0.0185333333333333,0.0241666666666667
"483",228,"2024-12-11 14:42:00","LEWI",2.10756666666667,0.00656666666666667,2.29,2.22333333333333,0.0095,0.0185333333333333,0.0241666666666667
"484",229,"2025-01-15 17:00:00","LEWI",3.1815,0.0174,3.29,3.2,6e-04,0.0174,0.0388
"485",230,"2025-01-29 16:15:00","LEWI",2.646,0.0147,2.68,2.64,0.0039,0.0139,0.024
"486",231,"2025-02-10 15:15:00","LEWI",2.8126,0.0077,2.86,2.68,7e-04,0.0091,0.0126
"487",232,"2025-02-19 16:30:00","LEWI",2.6348,0.0101,2.69,2.53,0.0015,0.0107,0.013
"488",233,"2025-02-26 16:00:00","LEWI",2.7122,0.0107,2.8,2.72,0.0011,0.0092,0.0101
"489",234,"2025-03-05 16:18:00","LEWI",2.9295,0.0305,2.91,2.93,0.003,0.0133,0.0441
"490",235,"2025-03-12 17:51:00","LEWI",2.6309,0.0138,2.67,2.73,0.0022,0.0092,0.0177
"491",236,"2025-04-16 12:16:00","LEWI",2.5234,0.0102,2.57,2.63,0.0016,0.0075,0.0154
"492",237,"2025-04-23 13:21:00","LEWI",1.6363,0.0202,1.72,1.74,8e-04,0.0086,0.017
"493",238,"2025-04-30 13:12:00","LEWI",2.3055,0.0414,2.48,2.85,0.0032,0.0101,0.5037
"494",239,"2025-05-07 13:58:00","LEWI",2.127,0.0327,2.27,1.9,0.0069,0.0158,0.0449
"495",240,"2025-05-14 14:10:00","LEWI",1.7679,0.0407,2.22,1.7,0.0057,0.0207,0.222
"496",241,"2025-05-21 14:26:00","LEWI",2.3898,0.0219,2.53,2.61,0.0059,0.0161,0.0601
"497",242,"2025-06-11 13:16:00","LEWI",2.53846666666667,0.0171333333333333,2.3,2.56333333333333,0.00426666666666667,0.0115666666666667,0.0600666666666667
"498",243,"2025-06-11 13:16:00","LEWI",2.53846666666667,0.0171333333333333,2.3,2.56333333333333,0.00426666666666667,0.0115666666666667,0.0600666666666667
"499",244,"2025-06-11 13:16:00","LEWI",2.53846666666667,0.0171333333333333,2.3,2.56333333333333,0.00426666666666667,0.0115666666666667,0.0600666666666667
"500",245,"2025-06-25 12:50:00","LEWI",2.5379,0.0332,2.58,2.79,0.0056,0.0135,0.0983
"501",246,"2025-07-02 12:43:00","LEWI",1.9807,0.0392,2.21,2.36,0.0191,0.0532,0.2144
"502",247,"2025-07-09 14:25:00","LEWI",2.8567,0.0576,3.23,2.78,0.0073,0.0161,0.069
"503",248,"2025-08-06 12:38:00","LEWI",2.9361,0.0105,3.11,3.06,0.0067,0.0158,0.0354
"504",249,"2025-08-20 14:51:00","LEWI",2.2071,0.0127,2.35,2.28,0.0035,0.0109,0.0434
"505",250,"2025-09-10 15:47:00","LEWI",2.7479,0.0061,2.94,2.9,0.0036,0.0084,0.017
"506",251,"2025-09-17 15:24:00","LEWI",2.0293,0.0283,2.01,2.18,0.0105,0.0152,0.1137
"507",252,"2025-10-01 13:56:00","LEWI",2.6621,0.012,2.7,2.86,0.0065,0.0141,0.0151
"508",253,"2025-10-08 13:02:00","LEWI",2.5116,0.0095,2.53,2.73,0.0055,0.016,0.0199
"509",1,"2017-04-18 15:06:00","POSE",0.145,0.007,0.3268,0.385,0.028,0.017,0.02
"510",2,"2017-04-25 12:52:00","POSE",0.247,0.062,0.5511,0.6212,0.028,0.043,0.045
"511",3,"2017-05-02 14:09:00","POSE",0.243,0.064,0.3917,0.3187,0.027,0.027,0.031
"512",4,"2017-05-09 13:22:00","POSE",0.39,0.017,0.4246,0.4117,0.025,0.0255,0.031
"513",5,"2017-05-23 12:45:00","POSE",0.4,0.039,0.4903,0.5327,0.019,0.018,0.037
"514",6,"2017-06-13 12:30:00","POSE",0.437,0.145,0.5958,0.6129,0.017,0.0097,0.0303
"515",7,"2017-06-20 12:43:00","POSE",0.409,0.089,0.5002,0.6059,0.036,0.0266,0.029
"516",8,"2017-07-24 13:03:00","POSE",0.319966666666667,0.0251666666666667,0.415066666666667,0.456666666666667,0.342,0.003,0.1277
"517",9,"2017-07-24 13:03:00","POSE",0.319966666666667,0.0251666666666667,0.415066666666667,0.456666666666667,0.342,0.003,0.1277
"518",10,"2017-07-24 13:03:00","POSE",0.319966666666667,0.0251666666666667,0.415066666666667,0.456666666666667,0.342,0.003,0.1277
"519",11,"2017-08-08 12:37:00","POSE",0.3475,0.0242,0.4434,0.454,0.038,0.0365,0.1375
"520",12,"2017-08-21 13:38:00","POSE",0.2533,0.0351,0.2658,0.2801,0.041,0.0261,0.0572
"521",13,"2017-09-19 14:37:00","POSE",0.1644,0.0964,0.0745,0.064,0.034,0.0316,0.041
"522",14,"2017-10-03 12:41:00","POSE",0.0928,0.0904,0.0286,NA,0.03,0.036,0.094
"523",15,"2017-10-10 13:00:00","POSE",0.0477,0.101,0.2605,0.2137,0.033,0.022,0.181
"524",16,"2017-11-20 13:47:00","POSE",0.4324,0.1158,NA,NA,0.011,0.01,0.021
"525",17,"2017-11-28 15:22:00","POSE",0.1187,0.1102,NA,NA,0.013,0.021,0.022
"526",18,"2017-12-06 16:01:00","POSE",0.0483,0.1045,NA,NA,0.014,0.012,0.015
"527",19,"2017-12-12 15:59:00","POSE",0.1866,0.2011,0.0079,NA,0.013,0.015,NA
"528",20,"2018-01-09 14:45:00","POSE",0.4294,0.1127,0.5157,0.5678,0.062,0.029,0.032
"529",21,"2018-01-23 13:55:00","POSE",0.5809,0.0821,0.7995,0.8135,0.071,0.004,0.005
"530",22,"2018-02-06 13:49:00","POSE",0.4506,0.1014,0.5415,0.5525,0.016,0.004,0.005
"531",23,"2018-02-13 13:55:00","POSE",0.3937,0.094,0.4163,0.4318,0.035,0.001,0.002
"532",24,"2018-02-27 14:04:00","POSE",0.2695,NA,0.3823,0.3684,0.012,0.001,0.003
"533",25,"2018-03-06 13:57:00","POSE",0.2795,NA,0.3121,0.2861,0.012,0.017,0.018
"534",26,"2018-03-13 12:55:00","POSE",0.2551,NA,0.2765,0.2831,0.098,0.025,0.027
"535",27,"2018-03-19 12:57:00","POSE",0.2309,NA,0.2546,0.2098,0.053,0.003,0.012
"536",28,"2018-03-27 13:00:00","POSE",0.2767,NA,1.3,1.437,0.084,0.018,0.019
"537",29,"2018-04-17 12:36:00","POSE",0.3693,0.0105,0.5228,0.5587,0.034,0.0297,0.0309
"538",30,"2018-04-24 12:59:00","POSE",0.1148,0.0111,0.25,0.2482,0.063,0.0129,0.0312
"539",31,"2018-05-01 13:00:00","POSE",0.0586,0.0176,0.3581,0.3562,0.019,5e-04,0.006
"540",32,"2018-05-08 12:48:00","POSE",0.15,0.02,0.466,0.481,0.029,5e-04,0.002
"541",33,"2018-05-22 12:52:00","POSE",0.2995,0.0262,0.5263,0.5206,0.028,0.0064,0.0843
"542",34,"2018-06-05 14:09:00","POSE",0.369066666666667,0.0169,0.448066666666667,0.4549,0.0193333333333333,5e-04,0.0381333333333333
"543",35,"2018-06-05 14:09:00","POSE",0.369066666666667,0.0169,0.448066666666667,0.4549,0.0193333333333333,5e-04,0.0381333333333333
"544",36,"2018-06-05 14:09:00","POSE",0.369066666666667,0.0169,0.448066666666667,0.4549,0.0193333333333333,5e-04,0.0381333333333333
"545",37,"2018-06-12 12:45:00","POSE",0.4663,0.0177,0.5216,0.5122,0.033,0.0087,0.0204
"546",38,"2018-07-24 12:55:00","POSE",0.2731,0.0092,0.3548,0.3724,0.025,0.004,0.3
"547",39,"2018-08-07 13:02:00","POSE",0.5272,0.0259,0.6102,0.6334,0.021,0.0254,0.032
"548",40,"2018-08-20 12:58:00","POSE",0.4034,NA,0.501133333333333,0.519366666666667,0.0226666666666667,0.0141666666666667,0.0651
"549",41,"2018-08-20 12:58:00","POSE",0.4034,NA,0.501133333333333,0.519366666666667,0.0226666666666667,0.0141666666666667,0.0651
"550",42,"2018-08-20 12:58:00","POSE",0.4034,NA,0.501133333333333,0.519366666666667,0.0226666666666667,0.0141666666666667,0.0651
"551",43,"2018-09-18 13:04:00","POSE",0.4453,0.0082,0.6057,0.6503,0.083,0.0216,0.025
"552",44,"2018-10-02 13:24:00","POSE",0.6262,0.019,0.7584,0.8334,0.044,0.051,0.0649
"553",45,"2018-10-09 12:52:00","POSE",0.5602,0.0782,0.6929,0.7325,NA,5e-04,0.2068
"554",46,"2018-11-06 14:20:00","POSE",0.4431,0.0341,0.6658,0.7275,0.04,0.0303,0.0689
"555",47,"2018-11-27 14:23:00","POSE",0.8713,0.036,0.873,0.8608,0.025,0.023,0.0342
"556",48,"2018-12-04 14:25:00","POSE",0.8453,0.0273666666666667,0.7452,0.703633333333333,0.600666666666667,0.014,0.0524666666666667
"557",49,"2018-12-04 14:25:00","POSE",0.8453,0.0273666666666667,0.7452,0.703633333333333,0.600666666666667,0.014,0.0524666666666667
"558",50,"2018-12-04 14:25:00","POSE",0.8453,0.0273666666666667,0.7452,0.703633333333333,0.600666666666667,0.014,0.0524666666666667
"559",51,"2018-12-11 13:55:00","POSE",0.9347,0.027,0.8781,0.8357,0.166,0.019,0.073
"560",52,"2019-01-08 13:55:00","POSE",0.8776,0.0551,0.8395,0.9272,0.052,0.005,0.1557
"561",53,"2019-01-22 14:11:00","POSE",0.8911,0.0668,0.9192,0.9084,0.098,0.018,0.023
"562",54,"2019-02-12 14:40:00","POSE",0.7651,0.0631,0.9683,0.9443,0.126,0.0159,0.1107
"563",55,"2019-02-19 13:51:00","POSE",0.8106,0.0552,0.9012,0.9237,NA,0.0027,0.384
"564",56,"2019-02-26 15:04:00","POSE",0.9101,0.0742,1.017,1.004,0.056,0.0163,0.348
"565",57,"2019-03-04 14:00:00","POSE",0.8195,0.0861,0.8512,0.8739,0.014,5e-04,0.261
"566",58,"2019-03-12 13:21:00","POSE",0.8419,0.077,0.8892,0.8739,0.042,5e-04,0.18
"567",59,"2019-03-25 13:32:00","POSE",0.8417,0.0822,0.8679,0.869,0.036,0.0119,0.066
"568",60,"2019-04-02 12:48:00","POSE",0.8763,5e-04,0.8532,0.8365,0.037,0.0119,0.42
"569",61,"2019-04-23 12:51:00","POSE",0.650133333333333,0.0368333333333333,0.656166666666667,0.643333333333333,0.14,0.0121,0.110133333333333
"570",62,"2019-04-23 12:51:00","POSE",0.650133333333333,0.0368333333333333,0.656166666666667,0.643333333333333,0.14,0.0121,0.110133333333333
"571",63,"2019-04-23 12:51:00","POSE",0.650133333333333,0.0368333333333333,0.656166666666667,0.643333333333333,0.14,0.0121,0.110133333333333
"572",64,"2019-04-30 12:42:00","POSE",0.6633,0.3761,0.6075,0.6353,0.033,0.0134,0.1023
"573",65,"2019-05-07 13:02:00","POSE",0.5666,0.0376,0.6318,0.6269,0.03,0.0122,0.2383
"574",66,"2019-05-14 13:08:00","POSE",0.5423,0.0028,0.6211,0.6256,0.036,0.0162,0.1978
"575",67,"2019-05-21 13:00:00","POSE",0.5546,0.041,0.5713,0.6754,0.034,0.011,0.3145
"576",68,"2019-06-11 12:54:00","POSE",0.4123,0.029,0.5398,0.5783,0.0281,0.01995,0.18775
"577",69,"2019-06-11 12:54:00","POSE",0.4123,0.029,0.5398,0.5783,0.0281,0.01995,0.18775
"578",70,"2019-06-18 12:59:00","POSE",0.4026,0.0231,0.4388,0.5091,0.0294,0.04185,0.0848
"579",71,"2019-06-18 12:59:00","POSE",0.4026,0.0231,0.4388,0.5091,0.0294,0.04185,0.0848
"580",72,"2019-07-30 13:22:00","POSE",0.3557,0.0355333333333333,0.4407,0.4788,0.0384,0.0312333333333333,0.252566666666667
"581",73,"2019-07-30 13:22:00","POSE",0.3557,0.0355333333333333,0.4407,0.4788,0.0384,0.0312333333333333,0.252566666666667
"582",74,"2019-07-30 13:22:00","POSE",0.3557,0.0355333333333333,0.4407,0.4788,0.0384,0.0312333333333333,0.252566666666667
"583",75,"2019-08-06 13:15:00","POSE",0.3211,0.0048,0.3588,0.3442,0.03835,0.0408,0.1087
"584",76,"2019-08-06 13:15:00","POSE",0.3211,0.0048,0.3588,0.3442,0.03835,0.0408,0.1087
"585",77,"2019-08-20 12:57:00","POSE",0.2872,0.01545,0.4105,0.4335,0.025,0.03785,0.1378
"586",78,"2019-08-20 12:57:00","POSE",0.2872,0.01545,0.4105,0.4335,0.025,0.03785,0.1378
"587",79,"2019-09-24 13:02:00","POSE",0.1919,0.0153,0.2084,0.2029,0.03785,0.03035,0.18185
"588",80,"2019-09-24 13:02:00","POSE",0.1919,0.0153,0.2084,0.2029,0.03785,0.03035,0.18185
"589",81,"2019-10-09 00:53:00","POSE",0.12275,0.0245,0.1782,0.143,0.0338,0.02875,0.13575
"590",82,"2019-10-09 00:53:00","POSE",0.12275,0.0245,0.1782,0.143,0.0338,0.02875,0.13575
"591",83,"2019-10-15 12:30:00","POSE",0.1951,0.03395,0.2183,0.1879,0.0352,0.02325,0.393
"592",84,"2019-10-15 12:30:00","POSE",0.1951,0.03395,0.2183,0.1879,0.0352,0.02325,0.393
"593",85,"2019-11-05 13:43:00","POSE",0.2603,0.08495,0.205,0.1435,0.03165,0.0148,0.1591
"594",86,"2019-11-05 13:43:00","POSE",0.2603,0.08495,0.205,0.1435,0.03165,0.0148,0.1591
"595",87,"2019-11-19 14:00:00","POSE",0.1583,0.0424,0.2127,0.1783,0.0242,5e-04,0.122
"596",88,"2019-12-03 13:30:00","POSE",0.1545,0.0178,0.2239,0.1993,0.0183,5e-04,0.01
"597",89,"2019-12-10 13:37:00","POSE",0.1967,0.0391333333333333,0.2351,0.213333333333333,0.0163666666666667,0.00766666666666667,NA
"598",90,"2019-12-10 13:37:00","POSE",0.1967,0.0391333333333333,0.2351,0.213333333333333,0.0163666666666667,0.00766666666666667,NA
"599",91,"2019-12-10 13:37:00","POSE",0.1967,0.0391333333333333,0.2351,0.213333333333333,0.0163666666666667,0.00766666666666667,NA
"600",92,"2020-01-07 13:19:00","POSE",0.2912,0.0487,0.3421,0.3322,0.0322,5e-04,0.419
"601",93,"2020-01-28 14:07:00","POSE",0.3287,0.0337666666666667,0.610366666666667,0.5988,0.0266666666666667,0.0283333333333333,0.0343333333333333
"602",94,"2020-01-28 14:07:00","POSE",0.3287,0.0337666666666667,0.610366666666667,0.5988,0.0266666666666667,0.0283333333333333,0.0343333333333333
"603",95,"2020-01-28 14:07:00","POSE",0.3287,0.0337666666666667,0.610366666666667,0.5988,0.0266666666666667,0.0283333333333333,0.0343333333333333
"604",96,"2020-02-11 13:50:00","POSE",0.3659,0.0404,0.3248,0.3432,0.0294,0.052,0.072
"605",97,"2020-02-18 13:20:00","POSE",0.421,0.0071,0.384,0.4643,0.0116,0.019,0.021
"606",98,"2020-02-25 14:35:00","POSE",0.3916,0.0413,0.4568,0.4447,0.0135,0.044,0.052
"607",99,"2020-03-03 13:18:00","POSE",0.3896,0.0509,0.522,0.496,0.0143,0.067,0.072
"608",100,"2020-03-10 12:20:00","POSE",0.3307,0.0463,0.4111,0.3982,0.0323,0.256,0.463
"609",101,"2020-03-17 12:28:00","POSE",0.2961,0.0762,0.3919,0.3917,0.024,0.021,0.033
"610",102,"2020-06-23 12:51:00","POSE",0.3119,0.0146,NA,NA,0.0292,0.0309,0.0667
"611",103,"2020-06-30 12:53:00","POSE",0.3114,0.0065,0.4464,0.3621,0.0278,0.0302,0.0883
"612",104,"2020-07-14 13:16:00","POSE",0.2427,0.0069,0.3198,0.350733333333333,0.01,0.0357,NA
"613",105,"2020-07-28 12:50:00",NA,NA,NA,0.3496,0.3467,NA,NA,NA
"614",106,"2020-08-11 12:50:00",NA,NA,NA,0.3483,0.4223,NA,NA,0.1025
"615",107,"2020-08-25 11:44:00","POSE",0.2175,0.0073,0.2763,0.2508,0.017,0.0458,NA
"616",108,"2020-09-08 13:08:00","POSE",0.1996,0.0059,0.3011,0.3553,0.0141,0.0632,0.1481
"617",109,"2020-09-22 13:00:00","POSE",0.2188,0.0046,0.2985,0.2843,0.0082,0.0451,0.0584
"618",110,"2020-10-06 14:10:00","POSE",0.0363,0.0033,0.0682333333333333,0.1572,0.0123,0.0334,0.0379
"619",111,"2020-10-13 12:30:00",NA,NA,NA,0.2126,0.3175,NA,NA,NA
"620",112,"2020-11-02 13:13:00",NA,NA,NA,0.1191,0.1138,NA,NA,NA
"621",113,"2020-11-17 13:33:00",NA,NA,NA,0.1584,0.1735,NA,NA,NA
"622",114,"2020-12-01 13:28:00",NA,NA,NA,0.5309,0.5034,NA,NA,NA
"623",115,"2020-12-08 13:19:00","POSE",0.3707,0.0027,0.3954,0.3999,0.006,0.0134,0.0169
"624",116,"2021-01-19 12:46:00",NA,NA,NA,0.8178,0.7622,NA,NA,NA
"625",117,"2021-02-02 13:27:00",NA,NA,NA,0.787133333333333,0.8432,NA,NA,NA
"626",118,"2021-02-08 14:06:00",NA,NA,NA,0.6734,0.6778,NA,NA,NA
"627",119,"2021-02-15 14:08:00",NA,NA,NA,0.5682,0.6648,NA,NA,NA
"628",120,"2021-03-02 13:22:00",NA,NA,NA,0.74,0.6567,NA,NA,NA
"629",121,"2021-03-09 12:56:00",NA,NA,NA,0.7427,0.7394,NA,NA,NA
"630",122,"2021-03-16 11:39:00",NA,NA,NA,0.6962,0.7123,NA,NA,NA
"631",123,"2021-03-23 11:41:00",NA,NA,NA,0.6808,0.6584,NA,NA,NA
"632",124,"2021-03-30 11:48:00",NA,NA,NA,0.5784,0.5834,NA,NA,NA
"633",125,"2021-04-20 11:38:00",NA,NA,NA,0.376,0.4896,NA,NA,NA
"634",126,"2021-04-27 12:15:00",NA,NA,NA,0.3876,0.4227,NA,NA,NA
"635",127,"2021-05-04 12:19:00",NA,NA,NA,0.3954,0.4297,NA,NA,NA
"636",128,"2021-05-18 12:15:00",NA,NA,NA,0.4101,0.4331,NA,NA,NA
"637",129,"2021-05-25 12:02:00",NA,NA,NA,0.3045,0.3132,NA,NA,NA
"638",130,"2021-06-15 11:49:00",NA,NA,NA,0.3367,0.416,NA,NA,NA
"639",131,"2021-06-22 12:16:00",NA,NA,NA,0.3528,0.4331,NA,NA,NA
"640",132,"2021-07-19 11:58:00",NA,NA,NA,0.3182,0.3678,NA,NA,NA
"641",133,"2021-08-10 11:54:00",NA,NA,NA,0.3128,0.3656,NA,NA,NA
"642",134,"2021-08-24 11:51:00",NA,NA,NA,0.3118,0.3729,NA,NA,NA
"643",135,"2021-09-28 11:34:00",NA,NA,NA,0.2455,0.2291,NA,NA,NA
"644",136,"2021-10-05 11:34:00","POSE",0.1075,0.0039,0.2007,0.2336,0.0299,0.0422,0.0577
"645",137,"2021-10-12 12:02:00","POSE",0.0548,0.0034,0.1224,0.1492,0.0261,0.0337,0.0624
"646",138,"2021-11-03 12:02:00","POSE",0.1264,0.0032,0.1868,0.2099,0.0186,0.0229,0.0361
"647",139,"2021-11-16 12:58:00","POSE",0.172,NA,0.2523,0.2387,0.0097,0.0175,0.025
"648",140,"2021-11-30 14:12:00","POSE",0.2904,0.0037,0.3864,0.362,0.0084,0.0159,0.0206
"649",141,"2021-12-14 15:25:00","POSE",0.3027,0.0024,0.4726,0.4268,0.0071,0.0132,0.0168
"650",142,"2022-01-11 13:16:00","POSE",0.3738,5e-04,0.4209,0.444,0.0087,0.0165,0.0219
"651",143,"2022-01-25 14:08:00","POSE",0.441433333333333,0.00176666666666667,0.458866666666667,0.482266666666667,0.00986666666666667,0.0167333333333333,0.0203666666666667
"652",144,"2022-01-25 14:08:00","POSE",0.441433333333333,0.00176666666666667,0.458866666666667,0.482266666666667,0.00986666666666667,0.0167333333333333,0.0203666666666667
"653",145,"2022-01-25 14:08:00","POSE",0.441433333333333,0.00176666666666667,0.458866666666667,0.482266666666667,0.00986666666666667,0.0167333333333333,0.0203666666666667
"654",146,"2022-02-07 12:39:00","POSE",0.5013,0.002,0.5526,0.5759,0.0093,0.0161,NA
"655",147,"2022-02-14 14:05:00","POSE",0.4862,0.0021,0.4914,0.5927,0.0093,0.0164,0.0207
"656",148,"2022-02-28 14:45:00","POSE",0.3949,0.0024,0.4317,0.4438,0.0096,0.0138,0.0221
"657",149,"2022-03-07 14:17:00","POSE",0.2995,0.0055,0.3518,0.4211,0.0129,0.0256,0.0416
"658",150,"2022-03-15 13:14:00","POSE",1.0224,0.0046,0.2875,0.3834,0.0119,0.024,0.0264
"659",151,"2022-03-23 12:14:00","POSE",0.2262,0.0054,0.3269,0.3048,0.0106,0.0226,0.032
"660",152,"2022-04-07 12:28:00","POSE",0.2079,0.0054,0.4186,0.4454,0.0115,0.0189,0.0672
"661",153,"2022-04-19 12:40:00","POSE",1.1455,0.0048,0.4098,0.4567,0.0102,0.0293,0.0476
"662",154,"2022-04-26 12:22:00","POSE",1.2379,0.005,0.2602,0.2753,0.0085,0.0136,0.0404
"663",155,"2022-05-03 12:50:00","POSE",1.136,0.0061,0.293266666666667,0.303933333333333,0.0108666666666667,0.0207,0.100233333333333
"664",156,"2022-05-03 12:50:00","POSE",1.136,0.0061,0.293266666666667,0.303933333333333,0.0108666666666667,0.0207,0.100233333333333
"665",157,"2022-05-03 12:50:00","POSE",1.136,0.0061,0.293266666666667,0.303933333333333,0.0108666666666667,0.0207,0.100233333333333
"666",158,"2022-05-10 12:30:00","POSE",0.9611,0.0045,0.3913,0.4056,0.0111,0.0227,1.7532
"667",159,"2022-05-24 11:59:00","POSE",0.2285,0.0019,0.341,0.4017,0.0116,0.0212,0.0927
"668",160,"2022-06-14 12:28:00","POSE",0.3702,0.0059,0.4404,0.453,0.0262,0.0326,0.0856
"669",161,"2022-06-28 16:10:00","POSE",0.1639,0.0018,0.4016,0.418,0.7257,0.0318,0.1115
"670",162,"2022-07-18 13:00:00","POSE",0.2486,0.0033,0.2409,0.4222,0.0303,0.0396,0.0974
"671",163,"2022-08-09 11:54:00","POSE",0.2474,0.0044,0.3165,0.3839,0.0388,0.0467,0.1147
"672",164,"2022-08-23 12:32:00","POSE",0.2455,0.0041,0.2378,0.2695,0.0415,0.0464,0.0938
"673",165,"2022-09-27 11:44:00","POSE",0.1553,0.0025,0.2523,0.7583,0.0303,0.0374,0.1273
"674",166,"2022-10-04 12:57:00","POSE",0.1898,0.0016,0.337,0.366,0.0178,0.0269,0.056
"675",167,"2022-10-11 12:14:00","POSE",0.1739,0.0017,0.2848,0.2826,0.0237,0.0303,0.0498
"676",168,"2022-11-15 13:27:00","POSE",0.1983,0.001,0.2016,0.2494,0.0148,0.0222,0.0648
"677",169,"2022-11-21 13:55:00","POSE",0.3299,2e-04,0.3155,0.2899,0.013,0.0195,0.0396
"678",170,"2022-11-29 13:00:00","POSE",0.2155,9e-04,0.1991,0.2192,0.0162,0.0233,0.0408
"679",171,"2023-01-17 14:00:00","POSE",0.4498,0.0021,0.4708,0.5048,0.0119,0.0191,0.045
"680",172,"2023-01-24 12:57:00","POSE",0.4981,0.0064,0.4063,0.4554,0.0107,0.0146,0.0226
"681",173,"2023-02-07 14:30:00","POSE",0.328,0.0044,0.5346,0.5291,0.014,0.0215,0.0338
"682",174,"2023-02-14 13:35:00","POSE",0.4019,0.004,0.3877,0.455,0.0132,0.0163,0.0305
"683",175,"2023-02-27 14:15:00","POSE",0.5126,0.0038,0.4661,0.4827,0.015,0.0169,0.0299
"684",176,"2023-03-06 14:30:00","POSE",0.4383,0.0219,0.4197,0.4622,0.0145,0.0153,0.033
"685",177,"2023-03-14 11:55:00","POSE",0.3854,0.0039,0.4656,0.4701,0.0146,0.0161,0.0243
"686",178,"2023-03-21 14:25:00","POSE",0.4569,0.0019,0.5175,0.501,0.0138,0.0168,0.0268
"687",179,"2023-04-03 13:35:00","POSE",0.2663,0.0051,0.177,0.1623,0.015,0.0193,0.1503
"688",180,"2023-04-18 13:08:00","POSE",0.2065,0.0028,0.2682,0.3398,0.0211,0.0251,0.0584
"689",181,"2023-04-25 13:05:00","POSE",0.232,0.003,0.2883,0.3547,0.0199,0.0235,0.0432
"690",182,"2023-05-09 12:45:00","POSE",0.2526,0.0047,0.3092,0.3765,0.025,0.0582,0.3868
"691",183,"2023-05-16 12:42:00","POSE",0.2278,0.0082,0.2728,0.3136,0.0245,0.0264,0.0703
"692",184,"2023-05-23 12:00:00","POSE",0.1853,0.013,0.2429,0.2977,0.024,0.0272,0.1011
"693",185,"2023-06-06 12:38:00","POSE",0.2146,0.0055,0.2471,0.267,0.0275,0.0321,0.0703
"694",186,"2023-06-26 12:15:00","POSE",0.231033333333333,0.00696666666666667,0.377833333333333,0.423333333333333,0.034,0.0534333333333333,0.0881333333333333
"695",187,"2023-06-26 12:15:00","POSE",0.231033333333333,0.00696666666666667,0.377833333333333,0.423333333333333,0.034,0.0534333333333333,0.0881333333333333
"696",188,"2023-06-26 12:15:00","POSE",0.231033333333333,0.00696666666666667,0.377833333333333,0.423333333333333,0.034,0.0534333333333333,0.0881333333333333
"697",189,"2023-07-17 12:58:00","POSE",0.168,0.0082,0.3629,0.4106,0.0468,0.0498,0.2711
"698",190,"2023-08-08 12:45:00","POSE",0.1468,0.0069,0.3008,0.366,0.0455,0.0523,0.326
"699",191,"2023-08-22 13:55:00","POSE",0.2264,0.0034,0.3226,0.4022,0.0455,0.0503,0.1171
"700",192,"2023-09-18 14:20:00","POSE",0.0677,0.006,0.1645,0.1867,0.0304,0.0394,0.0886
"701",193,"2023-10-03 12:45:00","POSE",0.1354,0.00853333333333333,0.2694,0.2608,0.0295333333333333,0.0352333333333333,0.06
"702",194,"2023-10-03 12:45:00","POSE",0.1354,0.00853333333333333,0.2694,0.2608,0.0295333333333333,0.0352333333333333,0.06
"703",195,"2023-10-03 12:45:00","POSE",0.1354,0.00853333333333333,0.2694,0.2608,0.0295333333333333,0.0352333333333333,0.06
"704",196,"2023-10-10 13:15:00","POSE",0.1045,0.0058,0.1679,0.1762,0.0277,0.0296,0.052
"705",197,"2023-11-14 14:22:00","POSE",0.0377,7e-04,0.16,0.23,0.0238,0.0253,0.041
"706",198,"2023-11-28 14:48:00","POSE",0.134,1e-04,0.24,0.23,0.0156,0.0177,0.0645
"707",199,"2023-12-05 13:45:00","POSE",0.0775,0,0.21,0.18,0.0134,0.018,0.0483
"708",200,"2023-12-12 13:04:00","POSE",0.1921,0.0022,0.34,0.33,0.0099,0.0166,0.029
"709",201,"2024-01-23 13:22:00","POSE",0.3554,0.0042,0.41,0.4,NA,0.0113,0.0142
"710",202,"2024-01-30 13:04:00","POSE",0.2919,0.0015,0.36,0.43,0.0114,0.0198,0.0224
"711",203,"2024-02-06 14:10:00","POSE",0.3074,0.0255,0.37,0.37,0.0117,0.0108,0.0131
"712",204,"2024-02-13 17:10:00","POSE",0.289,0.01,0.45,0.64,0.0131,0.0167,0.0602
"713",205,"2024-02-26 13:54:00","POSE",0.3297,0.0261,0.4,0.45,0.0114,0.0114,0.0146
"714",206,"2024-03-04 13:45:00","POSE",0.2675,0.0029,0.34,0.42,0.011,0.0124,0.0303
"715",207,"2024-03-11 14:19:00","POSE",0.3191,0.0015,0.39,0.47,0.0129,0.0118,0.0262
"716",208,"2024-03-19 11:55:00","POSE",0.2855,0.0063,0.34,0.36,0.0071,0.0157,0.0234
"717",209,"2024-03-26 12:54:00","POSE",0.2055,0.0046,0.31,0.33,0.0089,0.0117,0.0229
"718",210,"2024-04-16 12:37:00","POSE",0.1318,0.0085,0.22,0.39,0.0041,0.0086,0.0656
"719",211,"2024-04-22 13:40:00","POSE",0.1637,0.0108,0.26,0.35,0.0076,0.0097,0.034
"720",212,"2024-05-07 14:32:00","POSE",0.1593,0.0064,0.26,0.65,0.0161,0.0198,0.0678
"721",213,"2024-05-14 17:03:00","POSE",0.1581,0.0069,0.3,0.5,0.0161,0.0249,0.0756
"722",214,"2024-05-20 15:03:00","POSE",0.1781,0.0044,0.29,0.8,0.0169,0.022,0.0933
"723",215,"2024-06-11 12:42:00","POSE",0.231533333333333,0.00466666666666667,0.326666666666667,0.69,0.0293333333333333,0.0337,0.0904333333333333
"724",216,"2024-06-11 12:42:00","POSE",0.231533333333333,0.00466666666666667,0.326666666666667,0.69,0.0293333333333333,0.0337,0.0904333333333333
"725",217,"2024-06-11 12:42:00","POSE",0.231533333333333,0.00466666666666667,0.326666666666667,0.69,0.0293333333333333,0.0337,0.0904333333333333
"726",218,"2024-06-25 13:23:00","POSE",0.2477,0.0046,0.35,0.66,0.0369,0.0395,0.0812
"727",219,"2024-07-09 13:13:00","POSE",0.2355,0.0144,0.38,0.77,0.0481,0.0521,0.0851
"728",220,"2024-08-06 11:31:00","POSE",0.2096,0.0142,0.37,0.6,0.0441,0.052,0.1026
"729",221,"2024-08-20 12:17:00","POSE",0.0678,0.0085,0.2,0.36,0.0305,0.041,0.0629
"730",222,"2024-09-16 14:12:00","POSE",0.1701,0.0055,0.24,0.48,0.0353,0.0373,0.1084
"731",223,"2024-10-01 12:37:00","POSE",0.0482,0.0067,0.35,0.56,0.0234,0.0317,0.0658
"732",224,"2024-10-08 13:23:00","POSE",0.0778,0.0025,0.18,0.23,0.0267,0.0325,0.0486
"733",225,"2024-11-12 13:55:00","POSE",0.0279,0.0038,0.12,0.19,0.0383,0.039,0.0654
"734",226,"2024-12-03 14:42:00","POSE",0.2738,0.0014,0.32,0.36,0.0184,0.015,0.0298
"735",227,"2024-12-10 14:14:00","POSE",0.1888,0.0011,0.26,0.27,0.0163,0.0191,0.0276
"736",228,"2024-12-17 13:57:00","POSE",0.2265,9e-04,0.3,0.32,0.0156,0.0178,0.0394
"737",229,"2025-01-14 17:43:00","POSE",0.3311,0.0035,0.39,0.42,0.0105,0.0156,0.0184
"738",230,"2025-01-28 16:37:00","POSE",0.3706,0.0041,0.42,0.44,0.0128,0.0163,0.0206
"739",231,"2025-02-10 13:59:00","POSE",0.2931,0.0044,0.38,0.44,0.012,0.0158,0.0215
"740",232,"2025-02-18 17:46:00","POSE",0.2746,0.0044,0.37,0.35,0.0101,0.0146,0.018
"741",233,"2025-03-03 14:15:00","POSE",0.3136,0.0043,0.38,0.39,0.0122,0.0139,0.0185
"742",234,"2025-03-10 13:30:00","POSE",0.2207,0.0051,0.3,0.29,0.0113,0.0129,0.0202
"743",235,"2025-03-18 13:04:00","POSE",0.2108,0.0021,0.26,0.29,0.0122,0.0141,0.0247
"744",236,"2025-03-25 13:04:00","POSE",0.1784,0.008,0.24,0.25,0.0143,0.0168,0.0544
"745",237,"2025-04-15 13:10:00","POSE",0.0999,0.0146,0.21,0.21,0.0118,0.014,0.0406
"746",238,"2025-04-22 14:22:00","POSE",0.0567,0.0035,0.15,0.2,0.0138,0.0162,0.0476
"747",239,"2025-04-29 13:14:00","POSE",0.1704,0.0106,0.26,0.28,0.02,0.0227,0.061
"748",240,"2025-05-06 13:05:00","POSE",0.187,0.0047,0.29,0.32,0.0226,0.0236,0.0684
"749",241,"2025-05-13 12:11:00","POSE",0.1597,0.0033,0.38,0.27,0.0163,0.0247,0.1554
"750",242,"2025-05-20 13:43:00","POSE",0.2354,0.0025,0.2,0.34,0.0158,0.02,0.0392
"751",243,"2025-06-03 12:42:00","POSE",0.2278,0.003,0.213333333333333,0.253333333333333,0.0153666666666667,0.0195333333333333,0.0376333333333333
"752",244,"2025-06-03 12:42:00","POSE",0.2278,0.003,0.213333333333333,0.253333333333333,0.0153666666666667,0.0195333333333333,0.0376333333333333
"753",245,"2025-06-03 12:42:00","POSE",0.2278,0.003,0.213333333333333,0.253333333333333,0.0153666666666667,0.0195333333333333,0.0376333333333333
"754",246,"2025-06-16 13:58:00","POSE",0.2108,0.0048,0.3,0.31,0.0271,0.0318,0.0641
"755",247,"2025-07-15 15:03:00","POSE",0.2047,0.0055,0.34,0.28,0.0326,0.08,0.0755
"756",248,"2025-08-12 13:07:00","POSE",0.2531,0.0048,0.46,0.42,0.0335,0.0371,0.0713
"757",249,"2025-08-19 12:22:00","POSE",0.218,0.0033,0.36,0.36,0.0329,0.0363,0.0846
"758",250,"2025-09-15 15:07:00","POSE",0.1419,0.013,0.23,0.21,0.0323,0.0407,0.0673
"759",251,"2025-10-07 11:49:00","POSE",0.1162,0.0364,0.23,0.24,0.0273,0.0315,0.0607
"760",252,"2025-10-21 12:36:00","POSE",0.0641,0.0061,0.18,0.1,0.0233,0.0254,0.0411
"761",1,"2017-04-05 13:53:00","BARC",0.043,0.072,0.2105,0.1359,0.024,0.003,0.005
"762",2,"2017-04-05 14:29:00","BARC",NA,0.03,0.0077,0.1437,0.023,0.005,0.007
"763",3,"2017-04-05 14:55:00","BARC",0.008,0.023,0.1556,0.1832,0.022,0.004,0.005
"764",4,"2017-05-02 13:45:00","BARC",0.008,0.082,0.1786,0.1277,0.015,0.0035,0.005
"765",5,"2017-05-02 14:02:00","BARC",0.004,0.037,0.1937,0.0934,0.014,0.013,0.016
"766",6,"2017-05-02 14:55:00","BARC",0.004,0.047,0.1781,0.1136,0.015,0.009,0.012
"767",7,"2017-06-08 14:04:00","BARC",0.0266666666666667,0.087,0.1094,0.148366666666667,0.002,0.0113333333333333,0.0133333333333333
"768",8,"2017-06-08 14:04:00","BARC",0.0266666666666667,0.087,0.1094,0.148366666666667,0.002,0.0113333333333333,0.0133333333333333
"769",9,"2017-06-08 14:04:00","BARC",0.0266666666666667,0.087,0.1094,0.148366666666667,0.002,0.0113333333333333,0.0133333333333333
"770",10,"2017-06-08 14:30:00","BARC",0.031,0.074,0.1246,0.1313,0.002,0.006,0.008
"771",11,"2017-06-08 15:00:00","BARC",0.032,NA,0.1253,0.1275,0.002,5e-04,0.001
"772",12,"2017-06-27 12:51:00","BARC",0.011,0.145,0.127,1.97,0.024,5e-04,0.005
"773",13,"2017-06-27 13:17:00","BARC",0.013,0.096,0.0944,1.849,0.023,0.001,0.0252
"774",14,"2017-06-27 13:45:00","BARC",0.017,0.086,0.0948,1.983,0.023,5e-04,0.0494
"775",15,"2017-08-02 13:04:00","BARC",0.0483,0.0543,0.1499,0.161,0.036,0.003,0.004
"776",16,"2017-08-02 13:27:00","BARC",0.0459,0.04,0.1052,0.1749,0.081,0.003,0.004
"777",17,"2017-08-02 13:50:00","BARC",0.0493,0.0371,0.1035,0.1567,0.035,0.017,5e-04
"778",18,"2017-09-05 13:30:00","BARC",0.0199333333333333,0.0169666666666667,0.151133333333333,0.184633333333333,0.024,0.0026,0.006
"779",19,"2017-09-05 13:30:00","BARC",0.0199333333333333,0.0169666666666667,0.151133333333333,0.184633333333333,0.024,0.0026,0.006
"780",20,"2017-09-05 13:30:00","BARC",0.0199333333333333,0.0169666666666667,0.151133333333333,0.184633333333333,0.024,0.0026,0.006
"781",21,"2017-09-05 13:45:00","BARC",0.019,0.0217,0.144,0.2017,0.023,0.0155,0.016
"782",22,"2017-09-05 14:08:00","BARC",0.0179,0.0084,0.1624,0.2019,0.024,0.0078,0.012
"783",23,"2017-10-10 14:03:00","BARC",0.0233,0.1399,0.191,0.2291,0.007,0.006,0.028
"784",24,"2017-10-10 14:26:00","BARC",0.0202,0.1418,0.195,0.2004,0.009,0.002,0.03
"785",25,"2017-10-10 14:54:00","BARC",0.0206,0.1183,0.1776,0.2502,0.007,0.004,0.032
"786",26,"2017-11-07 16:05:00","BARC",0.0111,0.1286,0.1019,0.1224,0.009,0.002,0.004
"787",27,"2017-11-07 16:39:00","BARC",0.0742,0.1199,0.108,0.1168,0.01,0.003,0.004
"788",28,"2017-11-07 16:57:00","BARC",0.0141,0.1187,0.0895,0.1372,0.014,0.001,0.002
"789",29,"2017-12-05 15:57:00","BARC",0.0113,0.1091,NA,NA,0.009,0.004,0.006
"790",30,"2017-12-05 16:14:00","BARC",0.0074,0.1033,NA,NA,0.009,0.013,0.015
"791",31,"2017-12-05 16:38:00","BARC",0.0101,0.1078,NA,NA,0.008,0.01,0.012
"792",32,"2018-01-04 15:55:00","BARC",0.0118,0.0935,0.115,0.1209,0.07,0.018,0.021
"793",33,"2018-02-06 15:45:00","BARC",0.0172,0.1028,0.1256,0.1584,0.022,0.001,0.001
"794",34,"2018-03-05 15:46:00","BARC",0.0379,0.0362,0.1638,0.1666,0.009,5e-04,0.001
"795",35,"2018-04-02 15:13:00","BARC",0.0938,0.0173,1.077,1.086,0.063,0.0113,0.0221
"796",36,"2018-04-30 16:07:00","BARC",NA,0.0329,0.1864,0.188,0.02,5e-04,0.0203
"797",37,"2018-06-05 17:08:00","BARC",0.0117,0.0301333333333333,0.147266666666667,0.169666666666667,0.0246666666666667,5e-04,0.0208333333333333
"798",38,"2018-06-05 17:08:00","BARC",0.0117,0.0301333333333333,0.147266666666667,0.169666666666667,0.0246666666666667,5e-04,0.0208333333333333
"799",39,"2018-06-05 17:08:00","BARC",0.0117,0.0301333333333333,0.147266666666667,0.169666666666667,0.0246666666666667,5e-04,0.0208333333333333
"800",40,"2018-07-10 03:27:00","BARC",0.028,0.0368,0.2311,0.2585,0.012,5e-04,0.052
"801",41,"2018-07-31 14:30:00","BARC",0.0165666666666667,0.0189,0.1879,0.218066666666667,0.011,5e-04,0.00666666666666667
"802",42,"2018-07-31 14:30:00","BARC",0.0165666666666667,0.0189,0.1879,0.218066666666667,0.011,5e-04,0.00666666666666667
"803",43,"2018-07-31 14:30:00","BARC",0.0165666666666667,0.0189,0.1879,0.218066666666667,0.011,5e-04,0.00666666666666667
"804",44,"2018-09-05 14:27:00","BARC",0.0189333333333333,0.0413333333333333,0.175866666666667,0.195566666666667,0.012,0.0045,0.007
"805",45,"2018-09-05 14:27:00","BARC",0.0189333333333333,0.0413333333333333,0.175866666666667,0.195566666666667,0.012,0.0045,0.007
"806",46,"2018-09-05 14:27:00","BARC",0.0189333333333333,0.0413333333333333,0.175866666666667,0.195566666666667,0.012,0.0045,0.007
"807",47,"2018-10-01 15:29:00","BARC",0.0323,0.0526,0.1132,0.1269,NA,0.2612,0.272
"808",48,"2018-11-05 16:12:00","BARC",NA,0.0172,0.2458,0.2584,0.006,0.002,0.1043
"809",49,"2018-12-03 17:33:00","BARC",NA,0.108,0.2386,0.234,0.481,0.007,0.041
"810",50,"2019-01-07 19:20:00","BARC",NA,0.0201,0.2291,0.262,0.016,0.001,0.2389
"811",51,"2019-02-05 16:57:00","BARC",NA,0.1123,0.2764,0.2446,0.082,5e-04,0.0648
"812",52,"2019-03-05 16:11:00","BARC",NA,0.0992,0.2271,0.2624,0.017,5e-04,0.185
"813",53,"2019-04-11 14:42:00","BARC",NA,0.0779,0.2224,0.2685,0.034,0.0067,0.009
"814",54,"2019-05-08 14:32:00","BARC",NA,0.04405,0.21745,0.24955,0.0245,0.00675,0.13705
"815",55,"2019-05-08 14:32:00","BARC",NA,0.04405,0.21745,0.24955,0.0245,0.00675,0.13705
"816",56,"2019-06-11 14:56:00","BARC",NA,0.079225,0.2715,0.279666666666667,0.02465,0.072225,0.22995
"817",57,"2019-06-11 14:56:00","BARC",NA,0.079225,0.2715,0.279666666666667,0.02465,0.072225,0.22995
"818",58,"2019-06-11 14:56:00","BARC",NA,0.079225,0.2715,0.279666666666667,0.02465,0.072225,0.22995
"819",59,"2019-06-11 14:56:00","BARC",NA,0.079225,0.2715,0.279666666666667,0.02465,0.072225,0.22995
"820",60,"2019-07-08 14:02:00","BARC",0.0075,0.044,0.2321,0.2519,0.0185,0.00265,0.0344
"821",61,"2019-07-08 14:02:00","BARC",0.0075,0.044,0.2321,0.2519,0.0185,0.00265,0.0344
"822",62,"2019-08-13 16:46:00","BARC",0.0394,0.02715,0.1737,0.2104,NA,0.00485,0.0278
"823",63,"2019-08-13 16:46:00","BARC",0.0394,0.02715,0.1737,0.2104,NA,0.00485,0.0278
"824",64,"2019-09-10 12:45:00","BARC",0.0111666666666667,0.138833333333333,0.2526,0.261866666666667,0.0223666666666667,0.00513333333333333,0.139725
"825",65,"2019-09-10 12:45:00","BARC",0.0111666666666667,0.138833333333333,0.2526,0.261866666666667,0.0223666666666667,0.00513333333333333,0.139725
"826",66,"2019-09-10 12:45:00","BARC",0.0111666666666667,0.138833333333333,0.2526,0.261866666666667,0.0223666666666667,0.00513333333333333,0.139725
"827",67,"2019-10-01 14:30:00","BARC",0.0076,0.0626,0.2064,0.2573,0.022,0.01525,0.0328
"828",68,"2019-10-01 14:30:00","BARC",0.0076,0.0626,0.2064,0.2573,0.022,0.01525,0.0328
"829",69,"2019-11-04 15:00:00","BARC",0.0057,0.23105,0.291,0.3426,0.02,0.01885,0.12505
"830",70,"2019-11-04 15:00:00","BARC",0.0057,0.23105,0.291,0.3426,0.02,0.01885,0.12505
"831",71,"2019-12-09 13:30:00","BARC",0.0294,0.0997,0.1932,0.2178,0.018,0.017,0.014
"832",72,"2020-01-07 14:01:00","BARC",0.0491,0.0751,0.2292,0.2702,0.0151,5e-04,0.009
"833",73,"2020-02-04 14:49:00","BARC",0.0396,0.0799,0.2809,0.3557,0.0114,0.004,0.012
"834",74,"2020-03-03 14:30:00","BARC",NA,NA,NA,NA,NA,NA,0.0286666666666667
"835",75,"2020-03-03 14:30:00","BARC",NA,NA,NA,NA,NA,NA,0.0286666666666667
"836",76,"2020-03-03 14:30:00","BARC",NA,NA,NA,NA,NA,NA,0.0286666666666667
"837",77,"2020-06-16 13:18:00","BARC",0.0019,0.00326666666666667,0.244233333333333,0.278666666666667,NA,0.00433333333333333,0.00623333333333333
"838",78,"2020-06-16 13:18:00","BARC",0.0019,0.00326666666666667,0.244233333333333,0.278666666666667,NA,0.00433333333333333,0.00623333333333333
"839",79,"2020-06-16 13:18:00","BARC",0.0019,0.00326666666666667,0.244233333333333,0.278666666666667,NA,0.00433333333333333,0.00623333333333333
"840",80,"2020-07-07 13:47:00","BARC",0.0014,0.0075,0.2029,0.2175,NA,0.0042,0.0111
"841",81,"2020-10-13 12:34:00","BARC",0.0022,0.0058,0.1222,0.2102,NA,0.0043,0.006
"842",82,"2020-11-03 14:55:00","BARC",0.0014,0.005,0.0966,0.1453,NA,0.0037,0.0101
"843",83,"2020-12-01 13:35:00","BARC",0.0098,0.0138,0.1079,0.167,NA,0.0038,0.0074
"844",84,"2021-01-05 15:07:00","BARC",0.0097,0.0042,0.2846,0.2964,NA,0.0051,0.0075
"845",85,"2021-01-26 13:58:00","BARC",0.00443333333333333,0.005,0.162866666666667,0.1791,NA,0.00343333333333333,0.0059
"846",86,"2021-01-26 13:58:00","BARC",0.00443333333333333,0.005,0.162866666666667,0.1791,NA,0.00343333333333333,0.0059
"847",87,"2021-01-26 13:58:00","BARC",0.00443333333333333,0.005,0.162866666666667,0.1791,NA,0.00343333333333333,0.0059
"848",88,"2021-03-09 13:45:00","BARC",0.0079,0.0095,0.2251,0.238,NA,0.0047,0.0079
"849",89,"2021-04-07 14:55:00","BARC",0.0059,0.0033,0.2147,0.2621,8e-04,0.0089,0.0089
"850",90,"2021-05-04 12:45:00","BARC",0.0014,0.0129,0.2156,0.2388,NA,0.0056,0.0073
"851",91,"2021-06-07 15:01:00","BARC",0.0037,0.0036,0.1847,0.2411,NA,0.0054,0.0065
"852",92,"2021-07-12 14:22:00","BARC",0.0035,0.0049,0.1515,0.9927,0,0.0067,0.0065
"853",93,"2021-08-10 14:36:00","BARC",0.0014,0.0021,0.1098,0.1939,NA,0.0032,0.0073
"854",94,"2021-09-07 14:46:00","BARC",7e-04,0.0034,0.1741,0.1963,7e-04,0.0043,0.0087
"855",95,"2021-10-05 12:54:00","BARC",0.0023,0.0071,0.1488,0.2363,7e-04,0.0047,0.0112
"856",96,"2021-12-06 13:54:00","BARC",0.0104,0.008,0.1957,0.2616,NA,0.0135,0.0071
"857",97,"2022-01-11 15:00:00","BARC",0.0037,0.0041,0.5099,0.2313,NA,0.0127,0.0079
"858",98,"2022-01-31 18:21:00","BARC",0.00556666666666667,0.0023,0.103433333333333,0.2609,NA,0.0107666666666667,0.0204
"859",99,"2022-01-31 18:21:00","BARC",0.00556666666666667,0.0023,0.103433333333333,0.2609,NA,0.0107666666666667,0.0204
"860",100,"2022-01-31 18:21:00","BARC",0.00556666666666667,0.0023,0.103433333333333,0.2609,NA,0.0107666666666667,0.0204
"861",101,"2022-03-02 16:44:00","BARC",NA,9e-04,0.2112,0.226,NA,0.0051,0.0068
"862",102,"2022-04-06 15:40:00","BARC",0.0011,4e-04,0.1842,0.2055,1e-04,0.005,0.0077
"863",103,"2022-05-03 18:00:00","BARC",0.0025,0.0018,0.2487,0.2652,NA,0.0046,0.0088
"864",104,"2022-06-06 14:57:00","BARC",NA,0.000733333333333333,0.126533333333333,0.183566666666667,NA,0.00386666666666667,0.00683333333333333
"865",105,"2022-06-06 14:57:00","BARC",NA,0.000733333333333333,0.126533333333333,0.183566666666667,NA,0.00386666666666667,0.00683333333333333
"866",106,"2022-06-06 14:57:00","BARC",NA,0.000733333333333333,0.126533333333333,0.183566666666667,NA,0.00386666666666667,0.00683333333333333
"867",107,"2022-07-11 18:01:00","BARC",0.0013,0.0029,0.1737,0.1997,5e-04,0.0023,0.009
"868",108,"2022-08-09 15:43:00","BARC",0.0018,0.0044,0.1287,0.161,NA,0.002,0.0064
"869",109,"2022-09-06 15:52:00","BARC",0.001,0.0039,0.0886,0.1116,NA,0.004,0.0078
"870",110,"2022-10-19 16:44:00","BARC",5e-04,0.0026,0.1735,0.2159,9e-04,0.0047,0.0073
"871",111,"2022-11-01 16:53:00","BARC",9e-04,0.0018,0.1786,0.2114,0,0.0054,0.0107
"872",112,"2023-01-03 16:35:00","BARC",0.0034,0.0154,0.1118,0.1663,1e-04,0.0037,0.0047
"873",113,"2023-02-06 14:31:00","BARC",NA,0.0012,0.1371,0.1737,NA,0.0039,0.0069
"874",114,"2023-03-07 16:44:00","BARC",9e-04,0.0225,0.2335,0.2702,NA,0.0054,0.008
"875",115,"2023-04-04 15:00:00","BARC",0.00123333333333333,0.0049,0.186633333333333,0.2308,NA,0.0073,0.00793333333333333
"876",116,"2023-04-04 15:00:00","BARC",0.00123333333333333,0.0049,0.186633333333333,0.2308,NA,0.0073,0.00793333333333333
"877",117,"2023-04-04 15:00:00","BARC",0.00123333333333333,0.0049,0.186633333333333,0.2308,NA,0.0073,0.00793333333333333
"878",118,"2023-05-02 15:11:00","BARC",0.0013,0.0038,0.217,0.3404,NA,0.0066,0.0095
"879",119,"2023-06-06 13:15:00","BARC",6e-04,0.0037,0.1705,0.2364,1e-04,0.0036,0.0093
"880",120,"2023-07-05 15:21:00","BARC",NA,0.00386666666666667,0.231633333333333,0.302966666666667,NA,0.0086,0.0065
"881",121,"2023-07-05 15:21:00","BARC",NA,0.00386666666666667,0.231633333333333,0.302966666666667,NA,0.0086,0.0065
"882",122,"2023-07-05 15:21:00","BARC",NA,0.00386666666666667,0.231633333333333,0.302966666666667,NA,0.0086,0.0065
"883",123,"2023-08-01 14:04:00","BARC",0.0025,0.0031,0.1801,0.3506,NA,0.0063,0.0063
"884",124,"2023-09-05 15:46:00","BARC",0.1113,0.019,0.1654,0.213,0.0029,0.0058,0.012
"885",125,"2023-10-04 15:07:00","BARC",0.0643,0.0186,0.2101,0.2199,0.0018,0.0046,0.0081
"886",126,"2023-11-13 15:20:00","BARC",0.0159,0.0102,0.26,0.27,4e-04,0.0026,0.0056
"887",127,"2023-11-28 15:25:00","BARC",0.0656,0.0181,0.3,0.3,9e-04,0.003,0.006
"888",128,"2024-01-02 16:06:00","BARC",0.009,1e-04,0.25,0.286666666666667,1e-04,0.00313333333333333,0.0073
"889",129,"2024-01-02 16:06:00","BARC",0.009,1e-04,0.25,0.286666666666667,1e-04,0.00313333333333333,0.0073
"890",130,"2024-01-02 16:06:00","BARC",0.009,1e-04,0.25,0.286666666666667,1e-04,0.00313333333333333,0.0073
"891",131,"2024-02-06 15:06:00","BARC",0.0056,0.0322,0.3,0.28,5e-04,0.0042,0.0047
"892",132,"2024-03-05 16:19:00","BARC",0.0072,0.0608,0.27,0.23,7e-04,0.0035,0.0145
"893",133,"2024-04-09 14:56:00","BARC",0.00336666666666667,0.0459333333333333,0.286666666666667,0.403333333333333,NA,0.0038,0.0176
"894",134,"2024-04-09 14:56:00","BARC",0.00336666666666667,0.0459333333333333,0.286666666666667,0.403333333333333,NA,0.0038,0.0176
"895",135,"2024-04-09 14:56:00","BARC",0.00336666666666667,0.0459333333333333,0.286666666666667,0.403333333333333,NA,0.0038,0.0176
"896",136,"2024-05-01 14:49:00","BARC",0.0024,0.0059,0.25,0.28,2e-04,0.0031,0.0064
"897",137,"2024-06-05 15:39:00","BARC",0.0016,0.0027,0.17,0.27,5e-04,0.0045,0.0064
"898",138,"2024-06-25 13:54:00","BARC",8e-04,0.0038,0.18,0.31,1e-04,0.0043,0.0077
"899",139,"2024-07-23 13:24:00","BARC",0.0012,0.0063,0.18,0.36,1e-04,0.0053,0.0091
"900",140,"2024-09-03 14:25:00","BARC",0.0021,0.0109,0.8,0.32,NA,0.0115,0.0194
"901",141,"2024-09-18 15:06:00","BARC",0.0025,0.0459,0.26,0.31,0.0012,0.0024,0.0069
"902",142,"2024-10-02 16:16:00","BARC",0.0027,0.0246,0.28,0.27,0.0017,0.0036,0.0084
"903",143,"2024-10-29 13:26:00","BARC",0.014,0.0515,0.28,0.31,NA,0.0033,0.0063
"904",144,"2024-12-03 15:15:00","BARC",0.0576,0.0244,0.29,0.32,NA,0.0058,0.0058
"905",145,"2025-01-07 16:05:00","BARC",0.0205333333333333,0.0144,0.29,0.286666666666667,NA,0.00286666666666667,0.00743333333333333
"906",146,"2025-01-07 16:05:00","BARC",0.0205333333333333,0.0144,0.29,0.286666666666667,NA,0.00286666666666667,0.00743333333333333
"907",147,"2025-01-07 16:05:00","BARC",0.0205333333333333,0.0144,0.29,0.286666666666667,NA,0.00286666666666667,0.00743333333333333
"908",148,"2025-02-17 16:19:00","BARC",0.0623,0.0084,0.26,0.29,0.0022,0.0075,0.0068
"909",149,"2025-03-12 16:25:00","BARC",0.0508,0.0685,0.25,0.23,0.0022,0.0065,0.0043
"910",150,"2025-04-01 14:36:00","BARC",0.0281,0.009,0.24,0.29,0.001,0.0147,0.0104
"911",151,"2025-05-14 15:47:00","BARC",9e-04,0.005,0.3,0.23,0.0016,0.0049,0.0086
"912",152,"2025-05-27 15:41:00","BARC",0,0.0037,0.29,0.29,0.0011,0.0036,0.0056
"913",153,"2025-06-25 13:48:00","BARC",8e-04,0.003,0.26,0.28,6e-04,0.0044,0.0102
"914",154,"2025-08-05 14:58:00","BARC",0.0034,0.0115,0.2467,0.2533,8e-04,0.0056,0.0142
"915",155,"2025-09-02 13:15:00","BARC",0.0032,0.023,0.26,0.29,0.0011,0.0053,0.0074
"916",156,"2025-09-30 14:29:00","BARC",0.0054,0.0294,0.26,0.27,0.001,0.0029,0.0068
"917",157,"2025-10-21 13:12:00","BARC",0.0632,0.1153,0.41,0.33,0.0013,0.0054,0.0065
"918",158,"2025-12-03 15:32:00","BARC",0.0577,0.0538,0.35,0.31,0.0016,0.0021,0.0059
"919",1,"2017-04-11 14:35:00","FLNT",0.442,0.01,0.6392,0.7357,0.027,0.033,0.034
"920",2,"2017-04-18 14:15:00","FLNT",0.845,0.019,0.9984,1.1086,0.024,0.028,0.032
"921",3,"2017-04-25 14:04:00","FLNT",0.987,0.056,1.037,0.1839,0.022,0.0265,0.032
"922",4,"2017-05-09 11:07:00","FLNT",0.757,0.029,0.8933,0.8746,0.018,0.0295,0.032
"923",5,"2017-05-16 10:30:00","FLNT",0.86,0.044,0.943,0.9833,0.016,0.0355,0.039
"924",6,"2017-06-13 13:50:00","FLNT",0.490666666666667,NA,0.7886,0.7453,0.0113333333333333,0.0056,0.0194333333333333
"925",7,"2017-06-13 13:50:00","FLNT",0.490666666666667,NA,0.7886,0.7453,0.0113333333333333,0.0056,0.0194333333333333
"926",8,"2017-06-13 13:50:00","FLNT",0.490666666666667,NA,0.7886,0.7453,0.0113333333333333,0.0056,0.0194333333333333
"927",9,"2017-06-20 14:25:00","FLNT",0.802,0.084,0.9504,0.9603,0.028,0.0035,0.006
"928",10,"2017-07-11 14:15:00","FLNT",0.648,0.023,0.7821,0.8376,0.028,5e-04,0.0272
"929",11,"2017-08-08 15:00:00","FLNT",0.67,0.0393,0.7988,0.8047,0.033,0.0066,0.0814
"930",12,"2017-08-16 14:25:00","FLNT",0.4979,0.0497,0.5038,0.5618,0.034,0.0147,0.0828
"931",13,"2017-09-14 14:59:00","FLNT",0.485233333333333,0.116666666666667,0.418466666666667,0.347566666666667,0.0173333333333333,0.0141333333333333,0.016
"932",14,"2017-09-14 14:59:00","FLNT",0.485233333333333,0.116666666666667,0.418466666666667,0.347566666666667,0.0173333333333333,0.0141333333333333,0.016
"933",15,"2017-09-14 14:59:00","FLNT",0.485233333333333,0.116666666666667,0.418466666666667,0.347566666666667,0.0173333333333333,0.0141333333333333,0.016
"934",16,"2017-10-17 15:01:00","FLNT",0.4916,0.1093,0.5664,0.6002,0.036,0.024,0.065
"935",17,"2017-11-07 16:19:00","FLNT",0.0968,0.0995,0.7618,0.8031,0.01,0.012,0.014
"936",18,"2017-11-14 15:23:00","FLNT",0.0215,0.1152,0.4519,0.5188,0.011,0.003,0.006
"937",19,"2017-12-28 14:48:00","FLNT",0.5852,0.1119,0.6277,0.6976,0.017,0.028,0.031
"938",20,"2018-01-16 16:30:00","FLNT",0.5524,0.09,0.6666,0.6895,0.045,0.005,0.007
"939",21,"2018-01-23 16:30:00","FLNT",0.9221,0.123,1.113,1.197,0.076,0.021,0.029
"940",22,"2018-01-30 15:20:00","FLNT",0.5454,0.1089,0.688,0.7364,0.078,0.021,0.033
"941",23,"2018-02-14 16:30:00","FLNT",0.4019,0.1278,0.5165,0.5676,0.062,5e-04,5e-04
"942",24,"2018-02-20 14:32:00","FLNT",0.485333333333333,0.131066666666667,0.574166666666667,0.623566666666667,0.0303333333333333,0.001,0.00266666666666667
"943",25,"2018-02-20 14:32:00","FLNT",0.485333333333333,0.131066666666667,0.574166666666667,0.623566666666667,0.0303333333333333,0.001,0.00266666666666667
"944",26,"2018-02-20 14:32:00","FLNT",0.485333333333333,0.131066666666667,0.574166666666667,0.623566666666667,0.0303333333333333,0.001,0.00266666666666667
"945",27,"2018-02-27 18:41:00","FLNT",0.6001,0.001,0.8043,0.8467,0.015,0.001,0.031
"946",28,"2018-03-13 14:47:00","FLNT",0.5109,NA,0.6668,0.7182,0.048,0.055,0.057
"947",29,"2018-03-20 14:21:00","FLNT",0.5676,NA,0.7117,0.8015,0.056,0.008,0.009
"948",30,"2018-03-27 14:11:00","FLNT",0.4417,0.006,1.528,1.372,0.064,0.021,0.023
"949",31,"2018-04-11 14:30:00","FLNT",0.6711,5e-04,0.8884,0.9258,0.068,0.0334,0.1604
"950",32,"2018-04-17 14:06:00","FLNT",0.4834,0.0328,0.7081,0.6855,0.036,0.0167,0.0189
"951",33,"2018-04-25 14:54:00","FLNT",0.2147,0.0344,0.6537,0.875,0.071,0.0105,0.0257
"952",34,"2018-05-15 15:14:00","FLNT",1.0034,NA,1.19333333333333,1.21666666666667,0.016,0.0334,0.0512666666666667
"953",35,"2018-05-15 15:14:00","FLNT",1.0034,NA,1.19333333333333,1.21666666666667,0.016,0.0334,0.0512666666666667
"954",36,"2018-05-15 15:14:00","FLNT",1.0034,NA,1.19333333333333,1.21666666666667,0.016,0.0334,0.0512666666666667
"955",37,"2018-05-22 14:36:00","FLNT",0.4286,0.0226,0.8143,0.8563,0.026,0.0091,0.0791
"956",38,"2018-06-19 15:53:00","FLNT",0.5867,NA,0.7582,0.8232,0.028,0.0154,0.0117
"957",39,"2018-06-26 17:19:00","FLNT",0.8257,6e-04,1.073,1.132,0.015,0.0094,0.07
"958",40,"2018-07-24 13:37:00","FLNT",0.425,0.012,0.5324,0.5672,0.017,0.008,0.054
"959",41,"2018-08-08 17:45:00","FLNT",0.4857,0.1013,0.5497,0.6071,0.019,0.024,0.027
"960",42,"2018-08-29 15:06:00","FLNT",0.7656,0.0032,0.8641,0.8984,0.022,0.0354,0.066
"961",43,"2018-09-19 13:34:00","FLNT",1.0737,0.0284,1.16,1.159,0.048,0.0179,0.021
"962",44,"2018-09-25 17:07:00","FLNT",1.2007,0.0063,0.1662,1.375,0.121,0.0187,0.221
"963",45,"2018-10-23 15:32:00","FLNT",0.7995,NA,0.9676,0.9883,0.009,0.013,0.0971
"964",46,"2018-11-13 18:18:00","FLNT",0.4456,0.0921,0.5547,0.5823,0.068,0.014,0.1259
"965",47,"2018-11-27 15:30:00","FLNT",0.755066666666667,0.0626,0.952233333333333,0.981766666666667,NA,0.0116666666666667,0.0610666666666667
"966",48,"2018-11-27 15:30:00","FLNT",0.755066666666667,0.0626,0.952233333333333,0.981766666666667,NA,0.0116666666666667,0.0610666666666667
"967",49,"2018-11-27 15:30:00","FLNT",0.755066666666667,0.0626,0.952233333333333,0.981766666666667,NA,0.0116666666666667,0.0610666666666667
"968",50,"2019-01-22 20:16:00","FLNT",0.8731,0.1007,0.9841,1.025,0.382,0.024,0.026
"969",51,"2019-02-05 18:29:00","FLNT",0.8395,0.0731,1.018,1.061,0.061,0.0159,0.129
"970",52,"2019-02-12 18:16:00","FLNT",0.9677,0.1503,1.112,1.13,0.167,0.0418,0.0935
"971",53,"2019-02-26 14:30:00","FLNT",0.8905,0.0821,1.021,1.058,0.013,0.028,0.506
"972",54,"2019-03-05 17:58:00","FLNT",0.7201,0.0986,0.8267,0.8924,0.018,0.0086,0.065
"973",55,"2019-03-12 16:24:00","FLNT",0.5967,0.0686,0.7344,0.8243,0.04,0.033,0.321
"974",56,"2019-03-20 14:45:00","FLNT",0.87085,0.08555,0.98605,1.0129,0.04,0.0315,0.145
"975",57,"2019-03-20 14:45:00","FLNT",0.87085,0.08555,0.98605,1.0129,0.04,0.0315,0.145
"976",58,"2019-03-26 13:32:00","FLNT",1.1882,0.0864,1.05,1.085,0.036,0.02,0.061
"977",59,"2019-04-02 14:06:00","FLNT",0.877,0.0529,0.9021,0.8928,0.037,0.0326,0.115
"978",60,"2019-04-10 14:45:00","FLNT",0.758,0.0741,0.8288,0.8513,0.033,0.0314,0.1607
"979",61,"2019-04-16 15:07:00","FLNT",0.5943,0.134,0.672,0.7162,0.03,0.0126,0.1295
"980",62,"2019-04-23 14:25:00","FLNT",0.6919,1.1567,0.776,0.7879,0.028,0.0172,0.0372
"981",63,"2019-04-30 13:02:00","FLNT",0.3903,0.0578,0.5847,0.5343,0.034,0.0134,0.1238
"982",64,"2019-05-15 15:46:00","FLNT",0.8442,0.0215,0.6411,0.9326,0.0365,0.01985,0.24515
"983",65,"2019-05-15 15:46:00","FLNT",0.8442,0.0215,0.6411,0.9326,0.0365,0.01985,0.24515
"984",66,"2019-06-04 13:13:00","FLNT",1.263,0.0437,1.254,1.242,0.033,0.0065,0.2515
"985",67,"2019-06-18 14:47:00","FLNT",0.3632,0.0395,0.479,0.5117,0.0389,0.02205,0.0356
"986",68,"2019-06-18 14:47:00","FLNT",0.3632,0.0395,0.479,0.5117,0.0389,0.02205,0.0356
"987",69,"2019-07-10 15:31:00","FLNT",1.05155,0.02675,1.109,1.062,0.03845,0.04985,0.15665
"988",70,"2019-07-10 15:31:00","FLNT",1.05155,0.02675,1.109,1.062,0.03845,0.04985,0.15665
"989",71,"2019-08-05 16:34:00","FLNT",0.97685,0.02605,1.004,1.006,0.02265,0.01395,0.1769
"990",72,"2019-08-05 16:34:00","FLNT",0.97685,0.02605,1.004,1.006,0.02265,0.01395,0.1769
"991",73,"2019-08-13 15:26:00","FLNT",1.01255,0.0064,0.9814,1.009,0.0199,0.01225,0.0607
"992",74,"2019-08-13 15:26:00","FLNT",1.01255,0.0064,0.9814,1.009,0.0199,0.01225,0.0607
"993",75,"2019-09-17 15:07:00","FLNT",1.1263,0.02005,1.3,1.242,0.0869,0.01715,0.34485
"994",76,"2019-09-17 15:07:00","FLNT",1.1263,0.02005,1.3,1.242,0.0869,0.01715,0.34485
"995",77,"2019-09-24 14:54:00","FLNT",1.0349,0.02005,1.212,1.137,0.0198,0.0385,0.15355
"996",78,"2019-09-24 14:54:00","FLNT",1.0349,0.02005,1.212,1.137,0.0198,0.0385,0.15355
"997",79,"2019-10-08 16:45:00","FLNT",1.4587,0.0171,1.419,1.388,0.0243,0.0774,0.06475
"998",80,"2019-10-08 16:45:00","FLNT",1.4587,0.0171,1.419,1.388,0.0243,0.0774,0.06475
"999",81,"2019-11-12 18:45:00","FLNT",1.0468,0.0074,NA,1.432,0.0162,0.0291,0.10485
"1000",82,"2019-11-19 14:04:00","FLNT",0.71945,0.03235,0.804666666666667,0.824133333333333,0.02085,0.0086,0.10545
"1001",83,"2019-11-19 14:04:00","FLNT",0.71945,0.03235,0.804666666666667,0.824133333333333,0.02085,0.0086,0.10545
"1002",84,"2019-11-19 14:04:00","FLNT",0.71945,0.03235,0.804666666666667,0.824133333333333,0.02085,0.0086,0.10545
"1003",85,"2019-11-19 14:04:00","FLNT",0.71945,0.03235,0.804666666666667,0.824133333333333,0.02085,0.0086,0.10545
"1004",86,"2019-12-10 16:02:00","FLNT",0.8901,0.0188,0.9742,3.156,0.0179,0.029,0.001
"1005",87,"2019-12-17 13:30:00","FLNT",0.543,0.096,0.6271,0.6198,0.0116,0.014,0.126
"1006",88,"2020-01-07 15:30:00","FLNT",0.5181,0.0434,0.674,0.6608,0.0144,0.038,0.076
"1007",89,"2020-01-27 19:35:00","FLNT",0.5433,0.0391,0.768,0.0848,0.006,0.016,0.018
"1008",90,"2020-02-04 13:20:00","FLNT",0.8269,0.0136,0.8594,0.9486,0.0231,0.051,0.059
"1009",91,"2020-03-19 16:14:00","FLNT",0.684633333333333,0.0764666666666667,0.818766666666667,0.8908,0.0256666666666667,5e-04,0.00366666666666667
"1010",92,"2020-03-19 16:14:00","FLNT",0.684633333333333,0.0764666666666667,0.818766666666667,0.8908,0.0256666666666667,5e-04,0.00366666666666667
"1011",93,"2020-03-19 16:14:00","FLNT",0.684633333333333,0.0764666666666667,0.818766666666667,0.8908,0.0256666666666667,5e-04,0.00366666666666667
"1012",94,"2020-06-10 14:26:00","FLNT",0.9608,0.0093,1.115,1.286,0.0093,0.023,0.042
"1013",95,"2020-06-23 14:48:00","FLNT",0.947666666666667,0.00276666666666667,0.9953,1.24,0.0069,0.0214333333333333,0.026
"1014",96,"2020-06-23 14:48:00","FLNT",0.947666666666667,0.00276666666666667,0.9953,1.24,0.0069,0.0214333333333333,0.026
"1015",97,"2020-06-23 14:48:00","FLNT",0.947666666666667,0.00276666666666667,0.9953,1.24,0.0069,0.0214333333333333,0.026
"1016",98,"2020-10-19 13:37:00","FLNT",0.508733333333333,0.00863333333333333,0.547,0.644033333333333,0.00546666666666667,0.0159333333333333,0.0348666666666667
"1017",99,"2020-10-19 13:37:00","FLNT",0.508733333333333,0.00863333333333333,0.547,0.644033333333333,0.00546666666666667,0.0159333333333333,0.0348666666666667
"1018",100,"2020-10-19 13:37:00","FLNT",0.508733333333333,0.00863333333333333,0.547,0.644033333333333,0.00546666666666667,0.0159333333333333,0.0348666666666667
"1019",101,"2020-11-10 16:14:00","FLNT",0.7961,0.0054,0.9898,1.679,0.0054,0.0111,0.0262
"1020",102,"2020-12-15 18:01:00","FLNT",0.6993,0.0117,0.7426,1.005,0.0096,0.0266,0.0459
"1021",103,"2021-02-08 19:32:00","FLNT",0.7213,0.022,0.809,0.8692,0.0065,0.0272,0.04
"1022",104,"2021-02-15 18:45:00","FLNT",0.5761,0.0507,0.8224,0.8842,0.0203,0.0636,0.0872
"1023",105,"2021-03-02 16:37:00","FLNT",0.9014,0.015,0.9878,1.214,0.0107,0.0294,0.0476
"1024",106,"2021-03-16 14:31:00","FLNT",0.9555,0.0105,1,0.982,0.0049,0.0227,0.039
"1025",107,"2021-04-13 16:22:00","FLNT",0.7847,0.0194,0.8836,1.138,0.0076,0.0354,0.0482
"1026",108,"2021-04-27 13:17:00","FLNT",0.0583,0.0401,0.7797,0.9998,0.0333,0.0557,0.0313
"1027",109,"2021-05-11 18:07:00","FLNT",0.067,0.0085,0.7582,0.7867,0.0075,0.0196,0.0839
"1028",110,"2021-05-18 12:24:00","FLNT",0.7988,0.0073,0.8342,1.27,0.0075,0.0204,0.0493
"1029",111,"2021-06-02 12:53:00","FLNT",0.1047,0.0032,1.091,1.159,0.0057,0.0166,0.0415
"1030",112,"2021-06-22 18:24:00","FLNT",0.6264,0.009,0.6855,0.7903,0.0052,0.0201,0.0407
"1031",113,"2021-07-07 15:56:00","FLNT",0.8269,0.0067,0.8526,0.8601,0.0145,0.0268,0.0442
"1032",114,"2021-08-03 16:59:00","FLNT",0.8278,0.0027,0.9028,0.8953,0.0113,0.0258,0.0361
"1033",115,"2022-02-23 17:45:00","FLNT",0.7111,0.0106,0.834,0.8547,0.0108,0.0357,0.0456
"1034",116,"2022-03-15 15:08:00","FLNT",0.6523,0.0096,0.7055,0.6906,0.0115,0.0379,0.0428
"1035",117,"2022-03-29 17:59:00","FLNT",0.6165,0.00853333333333333,0.6531,0.758433333333333,0.0114333333333333,0.0466333333333333,0.0480666666666667
"1036",118,"2022-03-29 17:59:00","FLNT",0.6165,0.00853333333333333,0.6531,0.758433333333333,0.0114333333333333,0.0466333333333333,0.0480666666666667
"1037",119,"2022-03-29 17:59:00","FLNT",0.6165,0.00853333333333333,0.6531,0.758433333333333,0.0114333333333333,0.0466333333333333,0.0480666666666667
"1038",120,"2022-04-26 17:05:00","FLNT",0.7844,0.009,0.9163,0.9402,0.0086,0.0186,0.0454
"1039",121,"2022-05-03 13:30:00","FLNT",0.9041,0.0064,1.055,0.9803,0.0177,0.0279,0.052
"1040",122,"2022-05-18 12:41:00","FLNT",0.968,0.0014,1.059,1.072,0.0118,0.0206,0.0375
"1041",123,"2022-05-24 16:03:00","FLNT",1.0177,0.0017,1.132,1.133,0.0051,0.0147,0.0254
"1042",124,"2022-06-21 15:00:00","FLNT",0.8827,0.0033,0.8528,0.8856,0.0025,0.0135,0.0212
"1043",125,"2022-07-05 17:30:00","FLNT",0.6434,0.004,0.7071,0.7122,0.0047,0.0135,0.0318
"1044",126,"2022-08-02 16:20:00","FLNT",1.0171,0.0094,1.029,1.111,0.0143,0.0223,0.0345
"1045",127,"2022-08-16 16:22:00","FLNT",0.5528,0.0049,0.6147,0.7246,0.0296,0.0431,0.0608
"1046",128,"2022-09-13 15:51:00","FLNT",0.6724,0.0121,0.7482,0.7704,0.0208,0.0355,0.0514
"1047",129,"2022-10-04 13:26:00","FLNT",1.0497,0.0055,1.103,1.162,0.0133,0.0264,0.0312
"1048",130,"2022-11-08 15:05:00","FLNT",0.0970333333333333,0.0166666666666667,0.6105,0.638433333333333,0.0156,0.0266666666666667,0.0439
"1049",131,"2022-11-08 15:05:00","FLNT",0.0970333333333333,0.0166666666666667,0.6105,0.638433333333333,0.0156,0.0266666666666667,0.0439
"1050",132,"2022-11-08 15:05:00","FLNT",0.0970333333333333,0.0166666666666667,0.6105,0.638433333333333,0.0156,0.0266666666666667,0.0439
"1051",133,"2022-11-15 13:50:00","FLNT",0.1258,0.0256,0.6476,0.7112,0.0165,0.0246,0.0386
"1052",134,"2022-12-06 13:46:00","FLNT",0.4944,0.0248,0.5393,0.5739,0.011,0.0197,0.0516
"1053",135,"2022-12-13 18:35:00","FLNT",0.6495,0.0336,NA,NA,0.0148,0.023,0.0819
"1054",136,"2023-01-10 13:25:00","FLNT",0.5282,0.0204,0.5644,0.6566,0.0111,0.0221,0.0629
"1055",137,"2023-01-17 13:17:00","FLNT",0.461,0.0215,0.6075,0.6113,0.0105,0.0198,0.0572
"1056",138,"2023-02-13 13:47:00","FLNT",0.5177,0.0212,0.6896,0.6949,0.0127,0.0259,0.053
"1057",139,"2023-02-21 15:12:00","FLNT",0.7017,0.0185,0.8189,0.8982,0.0135,0.0223,0.0464
"1058",140,"2023-03-01 15:28:00","FLNT",0.7823,0.0132,0.931,0.9255,0.0119,0.0197,0.0401
"1059",141,"2023-03-14 15:34:00","FLNT",0.5865,0.0159,0.6826,0.7325,0.0095,0.0186,0.0426
"1060",142,"2023-03-21 17:10:00","FLNT",0.5454,0.0181,0.7195,0.739,0.0106,0.0328,0.0509
"1061",143,"2023-04-11 17:20:00","FLNT",0.528966666666667,0.0249,0.7612,0.839433333333333,0.0113,0.0418333333333333,0.0574
"1062",144,"2023-04-11 17:20:00","FLNT",0.528966666666667,0.0249,0.7612,0.839433333333333,0.0113,0.0418333333333333,0.0574
"1063",145,"2023-04-11 17:20:00","FLNT",0.528966666666667,0.0249,0.7612,0.839433333333333,0.0113,0.0418333333333333,0.0574
"1064",146,"2023-04-18 12:37:00","FLNT",0.6457,0.014,0.7729,0.8381,0.0101,0.0273,0.0475
"1065",147,"2023-04-25 15:35:00","FLNT",0.8557,0.0127,0.9521,0.9899,0.0116,0.0217,0.04
"1066",148,"2023-05-16 16:07:00","FLNT",0.7402,0.0133,0.7661,0.7659,0.0121,0.0224,0.0448
"1067",149,"2023-05-23 16:02:00","FLNT",0.5643,0.0188,0.6001,0.6402,0.0145,0.0277,0.0464
"1068",150,"2023-06-13 14:22:00","FLNT",0.9062,0.0056,0.8628,1.024,0.0113,0.0198,0.0343
"1069",151,"2023-06-20 15:46:00","FLNT",0.39,0.0219,0.6568,0.7261,0.0176,0.0345,0.0367
"1070",152,"2023-07-18 15:01:00","FLNT",0.8249,0.0036,0.966,1.003,0.0135,0.0277,0.0327
"1071",153,"2023-08-15 12:45:00","FLNT",0.7368,0.0139,0.8493,0.8999,0.0215,0.0264,0.0459
"1072",154,"2023-08-29 13:12:00","FLNT",1.0212,0.0065,1.107,1.036,0.0202,0.0245,0.0467
"1073",155,"2023-09-12 16:46:00","FLNT",0.8967,0.0021,0.907,0.9545,0.0251,0.0346,0.0484
"1074",156,"2023-10-17 17:32:00","FLNT",0.4309,0.0159,0.4109,0.4266,0.0194,0.0268,0.053
"1075",157,"2023-10-31 15:21:00","FLNT",0.8743,0.0066,0.8814,0.8841,0.0165,0.0262,0.0386
"1076",158,"2023-11-07 15:31:00","FLNT",0.9807,0.0027,1.05,1.06,0.0196,0.0375,0.0463
"1077",159,"2023-12-12 18:23:00","FLNT",0.7259,0.0043,0.81,0.89,0.0255,0.0355,0.0548
"1078",160,"2023-12-19 16:40:00","FLNT",0.714566666666667,0.00346666666666667,0.803333333333333,0.89,0.0154,0.0248333333333333,0.0430666666666667
"1079",161,"2023-12-19 16:40:00","FLNT",0.714566666666667,0.00346666666666667,0.803333333333333,0.89,0.0154,0.0248333333333333,0.0430666666666667
"1080",162,"2023-12-19 16:40:00","FLNT",0.714566666666667,0.00346666666666667,0.803333333333333,0.89,0.0154,0.0248333333333333,0.0430666666666667
"1081",163,"2024-01-10 14:17:00","FLNT",0.7662,0.0114,0.79,0.94,0.008,0.0209,0.046
"1082",164,"2024-01-23 19:28:00","FLNT",0.6685,0.0354,0.79,0.98,0.0114,0.0358,0.0662
"1083",165,"2024-01-30 14:26:00","FLNT",0.6119,0.0751,0.8,0.88,0.01,0.0363,0.0631
"1084",166,"2024-02-27 15:23:00","FLNT",0.6446,0.0633,0.83,0.86,0.0139,0.023,0.0571
"1085",167,"2024-03-26 16:25:00","FLNT",0.5281,0.0938,0.83,0.84,0.0095,0.0253,0.0607
"1086",168,"2024-04-02 14:48:00","FLNT",0.6814,0.04,0.92,0.95,0.0095,0.0223,0.0636
"1087",169,"2024-04-23 17:04:00","FLNT",0.9612,0.0262,1.14,1.18,0.0154,0.0233,0.0558
"1088",170,"2024-04-30 17:37:00","FLNT",1.021,0.012,1.14,1.17,0.0117,0.0229,0.0419
"1089",171,"2024-05-07 12:14:00","FLNT",1.1274,0.0372,1.2,1.26,0.0118,0.0204,0.0378
"1090",172,"2024-06-11 15:39:00","FLNT",1.3206,0.0046,1.34,1.47,0.0081,0.0223,0.04
"1091",173,"2024-06-18 16:10:00","FLNT",1.26166666666667,0.00236666666666667,1.26333333333333,1.38,0.00813333333333333,0.0156333333333333,0.0290666666666667
"1092",174,"2024-06-18 16:10:00","FLNT",1.26166666666667,0.00236666666666667,1.26333333333333,1.38,0.00813333333333333,0.0156333333333333,0.0290666666666667
"1093",175,"2024-06-18 16:10:00","FLNT",1.26166666666667,0.00236666666666667,1.26333333333333,1.38,0.00813333333333333,0.0156333333333333,0.0290666666666667
"1094",176,"2024-07-17 17:14:00","FLNT",0.0928,0.0028,0.93,1.16,0.0069,0.0129,0.0346
"1095",177,"2024-07-30 12:35:00","FLNT",0.676,0.0308,0.88,0.76,0.0127,0.0238,0.0194
"1096",178,"2024-08-13 15:52:00","FLNT",1.058,0.0044,1.21,1.22,0.0256,0.0283,0.0194
"1097",179,"2024-09-10 15:19:00","FLNT",1.0562,0.0125,1.09,1.28,0.0242,0.0342,0.045
"1098",180,"2024-09-24 16:57:00","FLNT",1.0356,0.0035,1.11,1.11,0.0152,0.0252,0.0401
"1099",181,"2024-10-15 15:44:00","FLNT",0.9731,0.0091,1.05,1.3,0.0188,0.0245,0.0418
"1100",182,"2024-11-05 16:10:00","FLNT",0.8771,0.0045,0.94,0.99,0.014,0.0171,0.0312
"1101",183,"2024-11-19 16:35:00","FLNT",1.13383333333333,0.0018,1.17333333333333,1.22333333333333,0.0121333333333333,0.0256333333333333,0.0338333333333333
"1102",184,"2024-11-19 16:35:00","FLNT",1.13383333333333,0.0018,1.17333333333333,1.22333333333333,0.0121333333333333,0.0256333333333333,0.0338333333333333
"1103",185,"2024-11-19 16:35:00","FLNT",1.13383333333333,0.0018,1.17333333333333,1.22333333333333,0.0121333333333333,0.0256333333333333,0.0338333333333333
"1104",186,"2024-12-10 16:31:00","FLNT",1.0154,0.0045,1.23,1.16,0.012,0.0224,0.0372
"1105",187,"2024-12-17 13:22:00","FLNT",0.5228,0.0285,0.72,0.66,0.0082,0.0122,0.0548
"1106",188,"2025-02-04 18:06:00","FLNT",0.6439,0.0067,0.8,0.82,0.006,0.0096,0.0255
"1107",189,"2025-02-11 14:35:00","FLNT",0.7833,0.0087,0.88,0.81,0.0088,0.0154,0.023
"1108",190,"2025-03-12 15:58:00","FLNT",0.5863,0.0586,0.02,0.67,0.0121,0.0305,0.0358
"1109",191,"2025-03-18 16:18:00","FLNT",0.4491,0.0184,0.61,0.57,0.0149,0.0237,0.0521
"1110",192,"2025-03-25 16:54:00","FLNT",0.6271,0.0201,0.84,0.76,0.0139,0.0313,0.049
"1111",193,"2025-04-02 15:49:00","FLNT",0.6237,0.0203,0.81,0.74,0.0117,0.0194,0.0412
"1112",194,"2025-04-08 13:58:00","FLNT",0.6759,0.0258,0.85,0.78,0.0135,0.0246,0.0455
"1113",195,"2025-04-22 13:22:00","FLNT",0.7208,0.0161,0.93,1.03,0.0143,0.0277,0.0495
"1114",196,"2025-04-29 13:10:00","FLNT",0.8152,0.0101,1.01,1.02,0.016,0.0234,0.0532
"1115",197,"2025-05-06 14:00:00","FLNT",0.958566666666667,0.0071,1.14,1.09666666666667,0.0161666666666667,0.0225666666666667,0.0426333333333333
"1116",198,"2025-05-06 14:00:00","FLNT",0.958566666666667,0.0071,1.14,1.09666666666667,0.0161666666666667,0.0225666666666667,0.0426333333333333
"1117",199,"2025-05-06 14:00:00","FLNT",0.958566666666667,0.0071,1.14,1.09666666666667,0.0161666666666667,0.0225666666666667,0.0426333333333333
"1118",200,"2025-05-20 18:01:00","FLNT",0.7369,0.0094,0.93,0.98,0.0162,0.0222,0.0616
"1119",201,"2025-06-03 15:11:00","FLNT",0.3881,0.0129,0.6,0.7,0.011,0.0156,0.057
"1120",202,"2025-06-10 16:21:00","FLNT",0.5673,0.0057,0.77,0.88,0.0133,0.0207,0.0585
"1121",203,"2025-07-22 16:35:00","FLNT",0.7252,0.0022,0.87,1.05,0.0097,0.0166,0.0322
"1122",204,"2025-08-12 16:10:00","FLNT",0.4186,0.0162,0.6733,0.7567,0.0127,0.0252,0.0487
"1123",205,"2025-08-26 14:28:00","FLNT",0.5176,0.0097,0.7633,0.8,0.0162,0.0214,0.0452
"1124",206,"2025-09-09 16:34:00","FLNT",0.9454,0.0031,1.06,1.07,0.016,0.0211,0.0316
"1125",207,"2025-09-23 13:10:00","FLNT",0.898,0.0068,1.03,1.01,0.011,0.0184,0.0254
"1126",208,"2025-10-14 16:51:00","FLNT",0.8673,0.0031,0.97,1.04,0.0237,0.0312,0.0382
"1127",209,"2025-11-18 14:24:00","FLNT",0.7369,0.0600333333333333,0.82,0.81,0.0154666666666667,0.0221333333333333,0.0281333333333333
"1128",210,"2025-11-18 14:24:00","FLNT",0.7369,0.0600333333333333,0.82,0.81,0.0154666666666667,0.0221333333333333,0.0281333333333333
"1129",211,"2025-11-18 14:24:00","FLNT",0.7369,0.0600333333333333,0.82,0.81,0.0154666666666667,0.0221333333333333,0.0281333333333333
"1130",212,"2025-12-09 16:37:00","FLNT",0.6248,0.0419,0.73,0.72,0.0145,0.0184,0.0329
"1131",1,"2017-04-03 13:36:00","SUGG",0.002,0.001,1.259,1.338,0.037,0.012,0.014
"1132",2,"2017-04-03 14:00:00","SUGG",NA,0.003,1.421,1.428,0.037,0.019,0.021
"1133",3,"2017-04-03 14:30:00","SUGG",NA,0.01,1.41,1.41,0.037,0.016,0.017
"1134",4,"2017-05-01 14:36:00","SUGG",0.015,0.071,1.417,1.526,0.03,0.013,0.019
"1135",5,"2017-05-01 14:48:00","SUGG",0.005,0.062,1.301,1.559,0.031,0.004,0.006
"1136",6,"2017-05-01 15:20:00","SUGG",0.003,0.076,1.303,1.451,0.031,0.0055,0.008
"1137",7,"2017-06-06 13:57:00","SUGG",0.0143333333333333,0.102333333333333,1.292,1.33466666666667,0.014,0.00533333333333333,0.042
"1138",8,"2017-06-06 13:57:00","SUGG",0.0143333333333333,0.102333333333333,1.292,1.33466666666667,0.014,0.00533333333333333,0.042
"1139",9,"2017-06-06 13:57:00","SUGG",0.0143333333333333,0.102333333333333,1.292,1.33466666666667,0.014,0.00533333333333333,0.042
"1140",10,"2017-06-06 14:25:00","SUGG",0.009,0.067,1.217,1.336,0.014,0.009,0.037
"1141",11,"2017-06-06 14:52:00","SUGG",0.008,0.062,1.32,1.338,0.013,0.006,0.028
"1142",12,"2017-06-26 14:19:00","SUGG",0.013,0.181,1.483,1.605,0.04,0.0012,0.021
"1143",13,"2017-06-26 14:29:00","SUGG",0.005,0.119,1.398,1.542,0.038,5e-04,0.031
"1144",14,"2017-06-26 15:21:00","SUGG",0.014,0.174,1.47,1.576,0.042,0.0029,0.004
"1145",15,"2017-08-01 14:10:00","SUGG",0.057,0.2773,1.865,1.813,0.088,0.0812,0.1063
"1146",16,"2017-08-01 14:29:00","SUGG",0.0537,0.2905,1.8206,1.851,0.102,0.105,0.106
"1147",17,"2017-08-01 14:53:00","SUGG",0.0536,0.1801,1.825,1.831,0.097,0.104,0.105
"1148",18,"2017-09-04 14:18:00","SUGG",0.0229333333333333,0.352233333333333,2.03033333333333,1.9476,0.0926666666666667,0.0555666666666667,0.0596666666666667
"1149",19,"2017-09-04 14:18:00","SUGG",0.0229333333333333,0.352233333333333,2.03033333333333,1.9476,0.0926666666666667,0.0555666666666667,0.0596666666666667
"1150",20,"2017-09-04 14:18:00","SUGG",0.0229333333333333,0.352233333333333,2.03033333333333,1.9476,0.0926666666666667,0.0555666666666667,0.0596666666666667
"1151",21,"2017-09-04 14:42:00","SUGG",0.0233,0.247,1.948,1.8316,0.077,0.0601,0.068
"1152",22,"2017-09-04 15:05:00","SUGG",0.0246,0.3461,1.982,2.063,0.095,0.0555,0.062
"1153",23,"2017-10-03 14:10:00","SUGG",0.0488,1.2717,0.0256,0.0474,0.157,0.151,0.219
"1154",24,"2017-10-03 14:35:00","SUGG",0.0305,1.1707,0.0352,0.0559,0.167,0.14,0.236
"1155",25,"2017-10-03 15:05:00","SUGG",0.0313,1.1954,0.0312,0.0796,0.166,0.151,0.225
"1156",26,"2017-11-06 15:52:00","SUGG",0.0284,1.4707,3.478,3.404,0.182,0.129,0.131
"1157",27,"2017-11-06 16:19:00","SUGG",0.022,0.1095,3.725,3.507,0.036,0.128,0.132
"1158",28,"2017-11-06 16:28:00","SUGG",0.0298,0.1404,3.505,3.63,0.02,0.13,0.134
"1159",29,"2017-12-04 15:52:00","SUGG",0.0208,1.3303,0.8069,0.9339,0.164,0.126,0.135
"1160",30,"2017-12-04 16:11:00","SUGG",0.0214,1.4671,0.9324,1.359,0.156,0.124,0.133
"1161",31,"2017-12-04 16:31:00","SUGG",0.0206,1.3621,0.7274,0.9919,0.162,0.126,0.134
"1162",32,"2018-01-03 16:14:00","SUGG",0.0277,1.4585,0.3643,0.3721,0.178,0.134,0.142
"1163",33,"2018-02-05 15:53:00","SUGG",0.0456,1.5211,3.385,3.633,0.182,0.005,0.108
"1164",34,"2018-03-05 18:01:00","SUGG",0.0045,1.3716,4.433,4.472,0.182,0.001,0.002
"1165",35,"2018-04-02 17:03:00","SUGG",0.0177,1.1612,3.959,4.671,0.18,0.1084,0.1105
"1166",36,"2018-04-30 14:40:00","SUGG",0.0058,1.1412,2.923,3.06,0.021,0.06,0.1705
"1167",37,"2018-06-04 16:00:00","SUGG",0.0182333333333333,1.0936,2.94033333333333,3.155,0.131666666666667,0.115066666666667,0.179666666666667
"1168",38,"2018-06-04 16:00:00","SUGG",0.0182333333333333,1.0936,2.94033333333333,3.155,0.131666666666667,0.115066666666667,0.179666666666667
"1169",39,"2018-06-04 16:00:00","SUGG",0.0182333333333333,1.0936,2.94033333333333,3.155,0.131666666666667,0.115066666666667,0.179666666666667
"1170",40,"2018-07-09 14:09:00","SUGG",0.002,1.0234,2.324,2.874,0.148,0.124,0.301
"1171",41,"2018-07-30 14:30:00","SUGG",0.0162333333333333,1.2339,2.51233333333333,2.78633333333333,0.233666666666667,0.165333333333333,0.201666666666667
"1172",42,"2018-07-30 14:30:00","SUGG",0.0162333333333333,1.2339,2.51233333333333,2.78633333333333,0.233666666666667,0.165333333333333,0.201666666666667
"1173",43,"2018-07-30 14:30:00","SUGG",0.0162333333333333,1.2339,2.51233333333333,2.78633333333333,0.233666666666667,0.165333333333333,0.201666666666667
"1174",44,"2018-09-04 14:27:00","SUGG",0.0257666666666667,1.41826666666667,2.65833333333333,2.669,0.254,0.2255,0.2904
"1175",45,"2018-09-04 14:27:00","SUGG",0.0257666666666667,1.41826666666667,2.65833333333333,2.669,0.254,0.2255,0.2904
"1176",46,"2018-09-04 14:27:00","SUGG",0.0257666666666667,1.41826666666667,2.65833333333333,2.669,0.254,0.2255,0.2904
"1177",47,"2018-10-01 16:50:00","SUGG",0.0419,1.5562,1.904,2.36,0.288,0.285,0.3946
"1178",48,"2018-11-05 17:16:00","SUGG",NA,1.7016,2.265,2.479,0.296,0.3318,0.342
"1179",49,"2018-12-04 17:52:00","SUGG",NA,1.6564,3.379,3.547,0.096,0.349,0.385
"1180",50,"2019-01-07 17:42:00","SUGG",NA,1.4086,3.431,3.866,0.207,0.274,0.5315
"1181",51,"2019-02-04 18:48:00","SUGG",NA,1.42,2.997,3.34,0.318,0.1782,0.1989
"1182",52,"2019-03-04 17:06:00","SUGG",NA,1.1407,2.876,3.124,0.111,1.0131,0.505
"1183",53,"2019-04-11 15:58:00","SUGG",NA,0.9057,0.298,0.2935,0.107,0.0896,0.1934
"1184",54,"2019-05-07 14:07:00","SUGG",NA,0.9503,2.3915,2.4455,0.128,0.1197,0.31545
"1185",55,"2019-05-07 14:07:00","SUGG",NA,0.9503,2.3915,2.4455,0.128,0.1197,0.31545
"1186",56,"2019-06-10 16:30:00","SUGG",NA,0.82,2.813,2.994,0.141166666666667,0.1007,0.2545
"1187",57,"2019-06-10 16:30:00","SUGG",NA,0.82,2.813,2.994,0.141166666666667,0.1007,0.2545
"1188",58,"2019-06-10 16:30:00","SUGG",NA,0.82,2.813,2.994,0.141166666666667,0.1007,0.2545
"1189",59,"2019-07-08 15:02:00","SUGG",0.01355,1.16725,2.558,2.827,0.16345,0.17875,0.38605
"1190",60,"2019-07-08 15:02:00","SUGG",0.01355,1.16725,2.558,2.827,0.16345,0.17875,0.38605
"1191",61,"2019-08-13 15:30:00","SUGG",0.01025,0.9902,2.26,2.42,0.1179,0.1545,0.2075
"1192",62,"2019-08-13 15:30:00","SUGG",0.01025,0.9902,2.26,2.42,0.1179,0.1545,0.2075
"1193",63,"2019-09-10 13:50:00","SUGG",0.008225,1.024,2.38933333333333,2.48266666666667,0.14,0.14955,0.3023
"1194",64,"2019-09-10 13:50:00","SUGG",0.008225,1.024,2.38933333333333,2.48266666666667,0.14,0.14955,0.3023
"1195",65,"2019-09-10 13:50:00","SUGG",0.008225,1.024,2.38933333333333,2.48266666666667,0.14,0.14955,0.3023
"1196",66,"2019-09-10 13:50:00","SUGG",0.008225,1.024,2.38933333333333,2.48266666666667,0.14,0.14955,0.3023
"1197",67,"2019-10-01 15:34:00","SUGG",0.0114,1.09195,2.429,2.627,0.1157,0.1019,0.2213
"1198",68,"2019-10-01 15:34:00","SUGG",0.0114,1.09195,2.429,2.627,0.1157,0.1019,0.2213
"1199",69,"2019-11-04 16:31:00","SUGG",0.01845,1.3846,2.697,2.943,0.1468,0.1012,0.352
"1200",70,"2019-11-04 16:31:00","SUGG",0.01845,1.3846,2.697,2.943,0.1468,0.1012,0.352
"1201",71,"2019-12-09 15:28:00","SUGG",0.096,0.8332,2.245,2.232,0.0979,0.01,0.161
"1202",72,"2020-01-07 14:56:00","SUGG",0.1204,0.5857,1.965,2.444,0.1186,0.177,0.159
"1203",73,"2020-02-04 15:48:00","SUGG",0.1008,0.383,1.815,1.915,0.0834,0.123,0.129
"1204",74,"2020-03-03 16:00:00","SUGG",NA,NA,NA,NA,NA,NA,0.105
"1205",75,"2020-03-03 16:00:00","SUGG",NA,NA,NA,NA,NA,NA,0.105
"1206",76,"2020-03-03 16:00:00","SUGG",NA,NA,NA,NA,NA,NA,0.105
"1207",77,"2020-06-16 14:24:00","SUGG",0.0295666666666667,0.234133333333333,1.52,1.59833333333333,0.109266666666667,0.117433333333333,0.148866666666667
"1208",78,"2020-06-16 14:24:00","SUGG",0.0295666666666667,0.234133333333333,1.52,1.59833333333333,0.109266666666667,0.117433333333333,0.148866666666667
"1209",79,"2020-06-16 14:24:00","SUGG",0.0295666666666667,0.234133333333333,1.52,1.59833333333333,0.109266666666667,0.117433333333333,0.148866666666667
"1210",80,"2020-07-07 14:55:00","SUGG",0.0128,0.2678,1.422,1.563,0.108,0.1352,0.1434
"1211",81,"2020-11-03 13:50:00","SUGG",0.0342,0.252,NA,1.408,0.0978,0.1239,0.1351
"1212",82,"2020-12-01 14:37:00","SUGG",0.0787,0.128,1.209,1.269,0.0934,0.1198,0.1156
"1213",83,"2021-01-05 16:15:00","SUGG",0.0841,0.0661,1.242,1.394,0.0811,0.0356,0.1055
"1214",84,"2021-01-26 15:52:00","SUGG",0.0817666666666667,0.0542,1.185,1.272,0.0763333333333333,0.104333333333333,0.1112
"1215",85,"2021-01-26 15:52:00","SUGG",0.0817666666666667,0.0542,1.185,1.272,0.0763333333333333,0.104333333333333,0.1112
"1216",86,"2021-01-26 15:52:00","SUGG",0.0817666666666667,0.0542,1.185,1.272,0.0763333333333333,0.104333333333333,0.1112
"1217",87,"2021-03-09 15:02:00","SUGG",0.0445,0.0505,1.025,1.099,0.0633,0.1,0.0988
"1218",88,"2021-04-07 16:15:00","SUGG",0.0311,0.0274,1.068,1.262,0.0458,0.0769,0.0932
"1219",89,"2021-05-04 14:23:00","SUGG",0.0032,0.0155,0.9541,1.089,0.0389,0.0628,0.1335
"1220",90,"2021-06-07 16:58:00","SUGG",0.0031,0.0237,1.025,1.162,0.0433,0.0988,0.0301
"1221",91,"2021-07-12 15:43:00","SUGG",0.0149,0.0602,0.9002,0.2001,0.0419,0.0699,0.0806
"1222",92,"2021-08-10 15:50:00","SUGG",0.0065,0.0948,1.034,1.113,0.0414,0.0731,0.0895
"1223",93,"2021-09-07 16:25:00","SUGG",0.0085,0.1606,1.204,1.285,0.0518,0.0867,0.0893
"1224",94,"2021-10-05 14:20:00","SUGG",0.0082,0.1663,1.156,1.23,0.0462,0.0769,0.0718
"1225",95,"2021-12-06 15:02:00","SUGG",0.0415,0.0305,0.9828,1.099,0.0255,0.0459,0.054
"1226",96,"2022-01-11 16:30:00","SUGG",0.031,0.0274,0.8853,1.082,0.0252,0.0042,0.0565
"1227",97,"2022-02-01 16:52:00","SUGG",0.0304666666666667,0.0184666666666667,0.899066666666667,1.06933333333333,0.0196333333333333,0.0592666666666667,0.0511666666666667
"1228",98,"2022-02-01 16:52:00","SUGG",0.0304666666666667,0.0184666666666667,0.899066666666667,1.06933333333333,0.0196333333333333,0.0592666666666667,0.0511666666666667
"1229",99,"2022-02-01 16:52:00","SUGG",0.0304666666666667,0.0184666666666667,0.899066666666667,1.06933333333333,0.0196333333333333,0.0592666666666667,0.0511666666666667
"1230",100,"2022-03-02 19:06:00","SUGG",0.0126,0.0125,0.9762,1.051,0.0148,0.087,0.0503
"1231",101,"2022-04-05 17:02:00","SUGG",0.0149,0.0288,0.9156,0.9971,0.0137,0.0903,0.006
"1232",102,"2022-05-04 15:00:00","SUGG",0.0078,0.0278,1.028,1.06,0.0071,0.0336,0.0613
"1233",103,"2022-06-07 13:20:00","SUGG",0.005,0.0306,0.948766666666667,0.9437,0.00486666666666667,0.0284,0.0408666666666667
"1234",104,"2022-06-07 13:20:00","SUGG",0.005,0.0306,0.948766666666667,0.9437,0.00486666666666667,0.0284,0.0408666666666667
"1235",105,"2022-06-07 13:20:00","SUGG",0.005,0.0306,0.948766666666667,0.9437,0.00486666666666667,0.0284,0.0408666666666667
"1236",106,"2022-06-28 15:42:00","SUGG",0.005,0.0483,0.9501,1.058,0.0078,0.0318,0.062
"1237",107,"2022-08-10 15:13:00","SUGG",0.0037,0.0512,0.7729,0.9275,0.0041,0.0272,0.0538
"1238",108,"2022-09-07 15:24:00","SUGG",0.004,0.0124,0.6929,0.7842,7e-04,0.0198,0.0416
"1239",109,"2022-10-18 17:36:00","SUGG",0.0071,0.0725,0.9342,1.001,0.0055,0.0252,0.0352
"1240",110,"2022-10-31 17:55:00","SUGG",0.0146,0.0525,0.9195,0.9908,0.0037,0.0225,0.0341
"1241",111,"2023-01-03 17:48:00","SUGG",0.023,0.0231,0.8,0.8497,0.0043,0.0203,0.0256
"1242",112,"2023-02-06 15:47:00","SUGG",0.0173,0.0239,0.8545,0.8752,0.0064,0.0266,0.0327
"1243",113,"2023-03-08 16:36:00","SUGG",0.0124,0.0386,1.009,1.004,0.0083,0.0311,0.0397
"1244",114,"2023-04-05 15:58:00","SUGG",0.0029,0.0125666666666667,0.844333333333333,0.871666666666667,0.0014,0.0254666666666667,0.03
"1245",115,"2023-04-05 15:58:00","SUGG",0.0029,0.0125666666666667,0.844333333333333,0.871666666666667,0.0014,0.0254666666666667,0.03
"1246",116,"2023-04-05 15:58:00","SUGG",0.0029,0.0125666666666667,0.844333333333333,0.871666666666667,0.0014,0.0254666666666667,0.03
"1247",117,"2023-05-02 13:33:00","SUGG",0.0126,0.0149,0.9026,1.009,0.002,0.0236,0.0339
"1248",118,"2023-06-07 13:09:00","SUGG",0.0041,0.0098,0.7727,0.9284,6e-04,0.0166,0.0387
"1249",119,"2023-07-05 13:31:00","SUGG",0.00393333333333333,0.0336333333333333,0.8081,0.8941,0.000133333333333333,0.0207333333333333,0.0236666666666667
"1250",120,"2023-07-05 13:31:00","SUGG",0.00393333333333333,0.0336333333333333,0.8081,0.8941,0.000133333333333333,0.0207333333333333,0.0236666666666667
"1251",121,"2023-07-05 13:31:00","SUGG",0.00393333333333333,0.0336333333333333,0.8081,0.8941,0.000133333333333333,0.0207333333333333,0.0236666666666667
"1252",122,"2023-08-01 14:52:00","SUGG",0.0044,0.0165,0.6805,0.9897,3e-04,0.0198,0.0365
"1253",123,"2023-09-05 14:10:00","SUGG",0.0551,0.0579,0.7144,0.7261,0.0032,0.0159,0.029
"1254",124,"2023-10-03 15:56:00","SUGG",0.0098,0.0562,0.8473,0.897,0.0048,0.0181,0.0388
"1255",125,"2023-11-14 15:17:00","SUGG",0.0398,0.0191,0.87,0.94,0.0018,0.0144,0.0207
"1256",126,"2023-11-28 14:04:00","SUGG",0.1569,0.0288,0.98,0.04,0.0027,0.0162,0.0211
"1257",127,"2024-01-02 14:16:00","SUGG",0.0166,0.00666666666666667,0.893333333333333,0.973333333333333,0.0015,0.0148333333333333,0.0199666666666667
"1258",128,"2024-01-02 14:16:00","SUGG",0.0166,0.00666666666666667,0.893333333333333,0.973333333333333,0.0015,0.0148333333333333,0.0199666666666667
"1259",129,"2024-01-02 14:16:00","SUGG",0.0166,0.00666666666666667,0.893333333333333,0.973333333333333,0.0015,0.0148333333333333,0.0199666666666667
"1260",130,"2024-02-06 13:55:00","SUGG",0.0198,0.0586,0.95,0.98,0.0023,0.0168,0.0215
"1261",131,"2024-03-06 18:38:00","SUGG",0.012,0.0348,1,0.95,0.0024,0.0166,0.039
"1262",132,"2024-04-09 13:10:00","SUGG",0.0122333333333333,0.0803333333333333,1.01333333333333,1.00333333333333,5e-04,0.0177666666666667,0.0419333333333333
"1263",133,"2024-04-09 13:10:00","SUGG",0.0122333333333333,0.0803333333333333,1.01333333333333,1.00333333333333,5e-04,0.0177666666666667,0.0419333333333333
"1264",134,"2024-04-09 13:10:00","SUGG",0.0122333333333333,0.0803333333333333,1.01333333333333,1.00333333333333,5e-04,0.0177666666666667,0.0419333333333333
"1265",135,"2024-05-01 12:54:00","SUGG",0.0091,0.0482,1.02,1.01,8e-04,0.0154,0.0357
"1266",136,"2024-06-04 15:29:00","SUGG",0.004,0.0324,0.92,1.09,0.001,0.0139,0.0321
"1267",137,"2024-06-25 16:03:00","SUGG",0.0075,0.0337,0.93,1.11,8e-04,0.0147,0.0313
"1268",138,"2024-07-24 12:58:00","SUGG",0.0027,0.0116,0.9,1.04,0.001,0.016,0.0237
"1269",139,"2024-09-03 15:52:00","SUGG",8e-04,0.0019,0.21,0.94,4e-04,0.0045,0.0194
"1270",140,"2024-09-18 13:39:00","SUGG",0.0075,0.0786,0.92,0.97,0.0046,0.0138,0.0252
"1271",141,"2024-10-01 15:56:00","SUGG",0.0078,0.0463,0.91,0.97,0.0024,0.0136,0.0218
"1272",142,"2024-10-28 15:12:00","SUGG",0.0195,0.0747,0.98,1.03,0.0048,0.0181,0.0265
"1273",143,"2024-12-03 14:14:00","SUGG",0.0246,0.0313,1.15,1.22,0.0022,0.0197,0.0199
"1274",144,"2025-01-07 14:05:00","SUGG",0.0209666666666667,0.0159666666666667,1.17,1.11666666666667,0.00186666666666667,0.0133333333333333,0.0201666666666667
"1275",145,"2025-01-07 14:05:00","SUGG",0.0209666666666667,0.0159666666666667,1.17,1.11666666666667,0.00186666666666667,0.0133333333333333,0.0201666666666667
"1276",146,"2025-01-07 14:05:00","SUGG",0.0209666666666667,0.0159666666666667,1.17,1.11666666666667,0.00186666666666667,0.0133333333333333,0.0201666666666667
"1277",147,"2025-02-11 14:05:00","SUGG",0.0035,0.0104,1.16,1.13,3e-04,0.0144,0.0237
"1278",148,"2025-03-11 17:32:00","SUGG",0.0382,0.0252,1.1,1.22,0.0025,0.0196,0.0242
"1279",149,"2025-04-02 15:15:00","SUGG",0.0149,0.0283,1.18,1.23,0.0023,0.0198,0.0249
"1280",150,"2025-05-14 14:40:00","SUGG",0.0175,0.0247,1.17,1.23,0.0021,0.0171,0.0315
"1281",151,"2025-05-28 14:42:00","SUGG",0.0028,0.0174,1.2,1.24,0.0015,0.0166,0.0281
"1282",152,"2025-06-25 15:50:00","SUGG",0.0081,0.0393,1.06,1.26,0.0011,0.0149,0.0293
"1283",153,"2025-08-06 14:17:00","SUGG",0.0064,0.0173,1,1.09,0.0025,0.016,0.0319
"1284",154,"2025-09-02 14:55:00","SUGG",0.0095,0.0424,1.02,1.0833,0.0026,0.0165,0.0261
"1285",155,"2025-10-01 15:12:00","SUGG",0.012,0.0479,1,1.09,0.0013,0.0124,0.0252
"1286",156,"2025-10-21 14:52:00","SUGG",0.0238,0.0098,0.93,1.01,5e-04,0.0112,0.0211
"1287",157,"2025-12-03 17:27:00","SUGG",0.075,0.1193,1.09,1.07,0.0032,0.0106,0.0221
"1288",1,"2017-04-18 11:58:00","CUPE",0.295,0.036,0.3255,0.3364,0.02,0.009,0.013
"1289",2,"2017-04-27 11:32:00","CUPE",0.297,0.014,0.4011,0.4035,0.02,0.01,0.012
"1290",3,"2017-05-16 12:10:00","CUPE",0.251,0.007,0.3209,0.3133,0.011,0.0035,0.005
"1291",4,"2017-05-23 11:27:00","CUPE",0.259,0.032,0.3916,0.3403,0.011,0.008,0.009
"1292",5,"2017-06-13 11:34:00","CUPE",0.276,NA,0.4093,0.4125,0.004,5e-04,0.001
"1293",6,"2017-06-22 11:19:00","CUPE",0.264,0.149666666666667,0.322866666666667,0.341166666666667,0.0253333333333333,0.00203333333333333,0.007
"1294",7,"2017-06-22 11:19:00","CUPE",0.264,0.149666666666667,0.322866666666667,0.341166666666667,0.0253333333333333,0.00203333333333333,0.007
"1295",8,"2017-06-22 11:19:00","CUPE",0.264,0.149666666666667,0.322866666666667,0.341166666666667,0.0253333333333333,0.00203333333333333,0.007
"1296",9,"2017-07-11 11:22:00","CUPE",0.282,0.105,0.3242,0.3442,0.026,0.0124,0.015
"1297",10,"2017-07-20 11:23:00","CUPE",0.299,NA,0.3145,0.3414,0.025,0.0297,0.0513
"1298",11,"2017-08-10 11:15:00","CUPE",0.3133,0.0265,0.3158,0.2999,0.036,5e-04,0.0383
"1299",12,"2017-08-15 11:11:00","CUPE",0.2952,0.0227,0.321,0.3106,0.03,0.0078,0.012
"1300",13,"2017-08-28 11:35:00","CUPE",0.279066666666667,0.0289,0.3316,0.3103,0.029,0.0128666666666667,0.0153333333333333
"1301",14,"2017-08-28 11:35:00","CUPE",0.279066666666667,0.0289,0.3316,0.3103,0.029,0.0128666666666667,0.0153333333333333
"1302",15,"2017-08-28 11:35:00","CUPE",0.279066666666667,0.0289,0.3316,0.3103,0.029,0.0128666666666667,0.0153333333333333
"1303",16,"2017-09-12 11:25:00","CUPE",0.2358,0.0962,0.208,0.2003,0.009,0.0039,0.006
"1304",17,"2017-11-07 11:47:00","CUPE",0.0107,0.1312,0.3869,0.3949,0.009,0.01,0.012
"1305",18,"2017-11-14 11:31:00","CUPE",0.0253,0.1044,0.1579,0.1524,0.009,0.002,0.003
"1306",19,"2017-11-29 11:22:00","CUPE",0.4102,0.1016,0.1726,NA,0.01,0.012,NA
"1307",20,"2017-12-19 11:54:00","CUPE",0.3662,0.0953,0.3705,0.3892,0.014,0.009,0.011
"1308",21,"2018-01-16 12:00:00","CUPE",0.37,0.0854,0.4531,0.4396,0.062,0.003,0.004
"1309",22,"2018-02-20 12:32:00","CUPE",0.3597,0.1078,0.3862,0.417,0.046,0.003,0.004
"1310",23,"2018-02-28 11:30:00","CUPE",0.867,NA,1.076,0.9105,0.006,0.003,0.004
"1311",24,"2018-03-20 12:47:00","CUPE",0.3341,NA,0.3704,0.3617,0.177,0.002,0.006
"1312",25,"2018-04-17 11:29:00","CUPE",0.316,NA,0.4203,0.4278,0.031,0.0225,0.0266
"1313",26,"2018-04-25 11:27:00","CUPE",0.6298,6e-04,0.7374,0.1646,0.063,NA,0.0309
"1314",27,"2018-05-15 11:23:00","CUPE",0.3753,0.0073,0.5638,0.5461,0.037,0.0017,0.0455
"1315",28,"2018-05-24 11:44:00","CUPE",0.4778,NA,0.6746,0.6553,0.037,0.0158,0.03
"1316",29,"2018-06-13 11:20:00","CUPE",0.3858,0.01,0.4512,0.3933,0.017,0.0206,0.0245
"1317",30,"2018-06-20 11:45:00","CUPE",NA,NA,NA,NA,NA,NA,0.0462
"1318",31,"2018-07-10 11:44:00","CUPE",0.3236,NA,0.3565,0.358133333333333,0.0626666666666667,5e-04,0.0523333333333333
"1319",32,"2018-07-10 11:44:00","CUPE",0.3236,NA,0.3565,0.358133333333333,0.0626666666666667,5e-04,0.0523333333333333
"1320",33,"2018-07-10 11:44:00","CUPE",0.3236,NA,0.3565,0.358133333333333,0.0626666666666667,5e-04,0.0523333333333333
"1321",34,"2018-07-19 11:26:00","CUPE",NA,NA,NA,NA,NA,NA,0.018
"1322",35,"2018-08-07 11:18:00","CUPE",0.3748,0.001,0.4012,0.4048,0.014,0.0145,0.027
"1323",36,"2018-08-13 11:26:00","CUPE",0.3868,0.0029,0.4135,0.4645,0.047,0.0029,0.005
"1324",37,"2018-08-27 11:24:00","CUPE",0.5072,NA,0.5304,0.5977,0.021,0.005,0.009
"1325",38,"2018-09-12 11:25:00","CUPE",0.5455,0.0074,0.6078,0.5922,0.062,5e-04,0.7743
"1326",39,"2018-09-18 11:42:00","CUPE",0.4383,NA,0.4943,0.5123,0.027,0.0224,0.029
"1327",40,"2018-09-24 11:52:00","CUPE",0.384,0.0059,0.395,0.3751,0.091,0.0082,0.0323
"1328",41,"2018-10-03 11:36:00","CUPE",0.5579,0.0082,0.6233,0.6467,0.077,5e-04,0.0153
"1329",42,"2018-10-16 11:28:00","CUPE",0.4207,0.0156,0.5668,0.7322,0.044,0.0035,0.1452
"1330",43,"2018-10-23 11:24:00","CUPE",0.392,NA,0.4823,0.4589,NA,0.0089,0.0906
"1331",44,"2018-10-29 11:31:00","CUPE",0.4432,NA,0.5552,0.5174,0.015,0.0065,0.0416
"1332",45,"2018-11-06 11:33:00","CUPE",0.4497,NA,0.5963,0.615,0.021,5e-04,0.1446
"1333",46,"2018-11-13 11:23:00","CUPE",0.4349,0.0241,0.4283,0.4073,0.474,0.004,0.0596
"1334",47,"2018-11-28 11:19:00","CUPE",0.3598,0.019,0.4716,0.4584,0.16,0.004,0.054
"1335",48,"2018-12-18 11:28:00","CUPE",0.353933333333333,NA,0.421433333333333,0.421566666666667,NA,0.00133333333333333,0.0267666666666667
"1336",49,"2018-12-18 11:28:00","CUPE",0.353933333333333,NA,0.421433333333333,0.421566666666667,NA,0.00133333333333333,0.0267666666666667
"1337",50,"2018-12-18 11:28:00","CUPE",0.353933333333333,NA,0.421433333333333,0.421566666666667,NA,0.00133333333333333,0.0267666666666667
"1338",51,"2019-01-15 11:38:00","CUPE",0.3353,0.0338,0.3418,0.3113,0.066,0.007,0.023
"1339",52,"2019-02-12 11:25:00","CUPE",0.3254,0.0461,0.4217,0.3519,0.079,0.0069,0.01
"1340",53,"2019-03-04 11:25:00","CUPE",0.293,0.0469,0.3591,0.3879,0.022,0.0111,0.002
"1341",54,"2019-03-12 11:31:00","CUPE",0.3008,0.053,0.3801,0.3872,0.035,0.0127,0.015
"1342",55,"2019-04-09 11:48:00","CUPE",0.3156,0.0186,0.4056,0.4034,0.031,0.006,0.177
"1343",56,"2019-04-29 11:21:00","CUPE",0.387233333333333,NA,0.438233333333333,0.421933333333333,0.033,0.00753333333333333,0.0392666666666667
"1344",57,"2019-04-29 11:21:00","CUPE",0.387233333333333,NA,0.438233333333333,0.421933333333333,0.033,0.00753333333333333,0.0392666666666667
"1345",58,"2019-04-29 11:21:00","CUPE",0.387233333333333,NA,0.438233333333333,0.421933333333333,0.033,0.00753333333333333,0.0392666666666667
"1346",59,"2019-05-07 11:20:00","CUPE",0.398,NA,0.4555,0.9,0.025,0.0055,0.0782
"1347",60,"2019-05-23 11:08:00","CUPE",0.3468,0.0547,0.4326,0.4415,0.043,5e-04,0.2321
"1348",61,"2019-06-04 11:43:00","CUPE",0.2937,0.0482,0.3958,0.3845,0.032,5e-04,0.1272
"1349",62,"2019-06-24 11:27:00","CUPE",NA,NA,NA,0.365,NA,NA,0.09585
"1350",63,"2019-06-24 11:27:00","CUPE",NA,NA,NA,0.365,NA,NA,0.09585
"1351",64,"2019-06-24 11:27:00","CUPE",NA,NA,NA,0.365,NA,NA,0.09585
"1352",65,"2019-06-24 11:27:00","CUPE",NA,NA,NA,0.365,NA,NA,0.09585
"1353",66,"2019-07-09 11:45:00","CUPE",0.3963,0.01445,0.4163,0.4075,0.0203,0.0063,0.0333
"1354",67,"2019-07-09 11:45:00","CUPE",0.3963,0.01445,0.4163,0.4075,0.0203,0.0063,0.0333
"1355",68,"2019-07-18 11:46:00","CUPE",0.38625,0.01255,0.4098,0.3958,0.02065,0.01155,0.16665
"1356",69,"2019-07-18 11:46:00","CUPE",0.38625,0.01255,0.4098,0.3958,0.02065,0.01155,0.16665
"1357",70,"2019-08-06 10:39:00","CUPE",0.3666,0.0162,0.3678,0.3415,0.01795,0.01385,0.03885
"1358",71,"2019-08-06 10:39:00","CUPE",0.3666,0.0162,0.3678,0.3415,0.01795,0.01385,0.03885
"1359",72,"2019-08-12 11:29:00","CUPE",0.3659,NA,0.3661,0.3757,0.00615,0.00705,0.1324
"1360",73,"2019-08-12 11:29:00","CUPE",0.3659,NA,0.3661,0.3757,0.00615,0.00705,0.1324
"1361",74,"2019-08-27 13:47:00","CUPE",0.3662,NA,0.3265,0.3254,NA,0.00545,0.1618
"1362",75,"2019-08-27 13:47:00","CUPE",0.3662,NA,0.3265,0.3254,NA,0.00545,0.1618
"1363",76,"2019-09-03 11:23:00","CUPE",0.3743,0.0019,0.4111,0.3611,0.00735,0.00715,0.136
"1364",77,"2019-09-03 11:23:00","CUPE",0.3743,0.0019,0.4111,0.3611,0.00735,0.00715,0.136
"1365",78,"2019-09-12 11:50:00","CUPE",0.4498,0.0171,0.567,0.4735,0.02395,0.0084,0.13095
"1366",79,"2019-09-12 11:50:00","CUPE",0.4498,0.0171,0.567,0.4735,0.02395,0.0084,0.13095
"1367",80,"2019-09-23 12:41:00","CUPE",0.397425,0.00995,0.454533333333333,0.457166666666667,0.015675,0.019675,0.210375
"1368",81,"2019-09-23 12:41:00","CUPE",0.397425,0.00995,0.454533333333333,0.457166666666667,0.015675,0.019675,0.210375
"1369",82,"2019-09-23 12:41:00","CUPE",0.397425,0.00995,0.454533333333333,0.457166666666667,0.015675,0.019675,0.210375
"1370",83,"2019-09-23 12:41:00","CUPE",0.397425,0.00995,0.454533333333333,0.457166666666667,0.015675,0.019675,0.210375
"1371",84,"2019-10-01 11:43:00","CUPE",0.42265,0.00725,0.4706,0.4574,0.0236,0.0035,0.06135
"1372",85,"2019-10-01 11:43:00","CUPE",0.42265,0.00725,0.4706,0.4574,0.0236,0.0035,0.06135
"1373",86,"2019-10-07 11:28:00","CUPE",0.37825,0.01015,0.3963,0.4001,NA,0.1758,0.0144
"1374",87,"2019-10-07 11:28:00","CUPE",0.37825,0.01015,0.3963,0.4001,NA,0.1758,0.0144
"1375",88,"2019-10-16 12:00:00","CUPE",0.48,0.0242,0.4439,0.4696,0.0188,0.00915,0.13215
"1376",89,"2019-10-16 12:00:00","CUPE",0.48,0.0242,0.4439,0.4696,0.0188,0.00915,0.13215
"1377",90,"2019-10-28 11:40:00","CUPE",0.40615,0.09585,0.4245,0.3689,NA,0.00555,0.1507
"1378",91,"2019-10-28 11:40:00","CUPE",0.40615,0.09585,0.4245,0.3689,NA,0.00555,0.1507
"1379",92,"2019-11-05 11:34:00","CUPE",0.3536,0.00685,0.3941,0.3637,0.00775,0.00815,0.15455
"1380",93,"2019-11-05 11:34:00","CUPE",0.3536,0.00685,0.3941,0.3637,0.00775,0.00815,0.15455
"1381",94,"2019-11-11 11:41:00","CUPE",0.3919,0.0315,0.2306,0.2421,0.0223,0.0024,0.1137
"1382",95,"2019-11-11 11:41:00","CUPE",0.3919,0.0315,0.2306,0.2421,0.0223,0.0024,0.1137
"1383",96,"2019-12-03 10:51:00","CUPE",0.3785,0.0149,0.3709,0.3243,0.0196,5e-04,0.012
"1384",97,"2019-12-10 11:13:00","CUPE",0.3973,0.091,0.3599,0.4028,0.0193,0.012,0.014
"1385",98,"2020-02-25 12:44:00","CUPE",0.298,0.0019,0.3549,0.3179,0.0132,0.017,0.022
"1386",99,"2020-03-02 12:30:00","CUPE",0.3554,0.0255666666666667,0.457133333333333,0.483166666666667,0.0147333333333333,0.0116666666666667,0.0596666666666667
"1387",100,"2020-03-02 12:30:00","CUPE",0.3554,0.0255666666666667,0.457133333333333,0.483166666666667,0.0147333333333333,0.0116666666666667,0.0596666666666667
"1388",101,"2020-03-02 12:30:00","CUPE",0.3554,0.0255666666666667,0.457133333333333,0.483166666666667,0.0147333333333333,0.0116666666666667,0.0596666666666667
"1389",102,"2020-03-10 11:53:00","CUPE",0.3278,0.0175,0.4002,0.3667,0.0323,0.008,0.011
"1390",103,"2020-06-22 12:49:00","CUPE",0.2309,0.0012,0.3475,0.3475,0.004,0.0101,0.0064
"1391",104,"2020-06-29 13:35:00","CUPE",0.3109,0.001,0.361766666666667,0.3577,0.0042,0.0086,0.006
"1392",105,"2020-07-07 12:10:00","CUPE",0.3109,0.001,0.3628,0.3387,0.0033,0.0066,0.008
"1393",106,"2020-07-20 11:41:00","CUPE",0.3233,0.0011,0.3772,0.3685,0.002,0.0064,0.0046
"1394",107,"2020-08-04 12:15:00","CUPE",0.0835,5e-04,0.4104,0.3829,0.0018,0.0085,0.0045
"1395",108,"2020-08-10 11:38:00","CUPE",0.0823,7e-04,0.3587,0.3776,0.0017,0.0068,0.0054
"1396",109,"2020-08-25 12:12:00","CUPE",0.3169,0.0019,0.3359,0.3104,0.0024,0.0195,0.0048
"1397",110,"2020-08-31 12:15:00","CUPE",0.3157,0.0018,0.364733333333333,0.3492,0.0022,0.0055,0.0048
"1398",111,"2020-09-08 12:46:00","CUPE",0.3114,4e-04,0.3338,0.3464,0.0017,0.0071,0.0049
"1399",112,"2020-09-14 12:35:00","CUPE",0.3564,8e-04,0.3486,0.2733,0.002,0.0072,0.0049
"1400",113,"2020-09-23 12:40:00","CUPE",0.3328,0.001,0.3833,0.3541,0.0021,0.0076,0.0061
"1401",114,"2020-09-28 12:13:00","CUPE",0.0852,0.0015,0.4098,0.3869,0.0022,0.0071,0.0059
"1402",115,"2020-10-05 15:39:00","CUPE",0.0773,0.0011,0.3486,0.3453,0.0021,0.0061,0.0063
"1403",116,"2020-10-20 11:10:00","CUPE",0.098,0.0107,0.3449,0.3375,0.002,0.0079,0.0051
"1404",117,"2020-10-28 12:24:00","CUPE",0.3618,2e-04,0.3099,0.2987,NA,0.0083,0.0054
"1405",118,"2020-11-12 13:49:00","CUPE",0.079,9e-04,0.2692,0.2769,9e-04,0.0066,0.0047
"1406",119,"2020-11-17 12:32:00","CUPE",0.0836,1e-04,0.2897,0.2632,6e-04,0.007,0.0042
"1407",120,"2020-11-30 11:45:00","CUPE",0.0888,NA,0.3418,0.3569,0.0025,0.0092,0.0064
"1408",121,"2020-12-08 12:51:00","CUPE",0.0855,NA,0.3178,0.3091,0.0025,0.0088,0.0063
"1409",122,"2020-12-15 11:48:00","CUPE",0.3468,0.0011,0.3676,0.3603,0.003,0.0043,0.0056
"1410",123,"2021-01-05 12:38:00","CUPE",0.3355,8e-04,0.4244,0.4814,0.0028,0.0103,0.0065
"1411",124,"2021-02-02 11:35:00","CUPE",0.2916,8e-04,0.287,0.3309,0.0025,0.0142,0.0053
"1412",125,"2021-03-02 11:57:00","CUPE",0.312966666666667,0.00116666666666667,0.358333333333333,0.251466666666667,0.0026,0.0101333333333333,0.0053
"1413",126,"2021-03-02 11:57:00","CUPE",0.312966666666667,0.00116666666666667,0.358333333333333,0.251466666666667,0.0026,0.0101333333333333,0.0053
"1414",127,"2021-03-02 11:57:00","CUPE",0.312966666666667,0.00116666666666667,0.358333333333333,0.251466666666667,0.0026,0.0101333333333333,0.0053
"1415",128,"2021-03-09 11:50:00","CUPE",0.31,9e-04,0.331,0.3434,0.0021,0.0113,0.0058
"1416",129,"2021-04-06 11:45:00","CUPE",0.3161,0.0011,0.3549,0.3535,0.0027,0.0113,0.0065
"1417",130,"2021-04-27 11:12:00","CUPE",0.2866,0.0014,0.3022,0.3286,0.0023,0.01,0.0061
"1418",131,"2021-05-04 11:46:00","CUPE",0.3106,0.0011,0.4679,0.4679,0.0021,0.008,0.0054
"1419",132,"2021-05-24 11:21:00","CUPE",0.2789,0.0011,0.2968,0.2883,0.0029,0.0112,0.0064
"1420",133,"2021-06-01 11:39:00","CUPE",0.028,0.0015,0.3131,0.2795,0.0037,0.0101,0.0079
"1421",134,"2021-06-22 11:38:00","CUPE",0.0272,NA,0.2957,0.3174,0.0033,0.0104,0.0072
"1422",135,"2021-07-06 11:37:00","CUPE",0.0306,6e-04,0.322,0.3143,0.0027,0.014,0.0067
"1423",136,"2021-07-28 14:15:00","CUPE",0.3124,0.0027,0.2725,0.2681,0.0034,0.0106,0.0084
"1424",137,"2021-08-03 11:11:00","CUPE",0.3103,0.0021,0.3219,0.2848,0.0033,0.0101,0.008
"1425",138,"2021-08-11 13:29:00","CUPE",0.2958,0.0021,0.2916,0.2858,0.0024,0.0089,0.007
"1426",139,"2021-08-30 11:16:00","CUPE",0.3002,0.0018,0.276,0.2954,0.0027,0.009,0.0073
"1427",140,"2021-09-07 12:41:00","CUPE",0.0308,0.003,0.3305,0.3231,0.0029,0.0104,0.0086
"1428",141,"2021-09-23 11:23:00","CUPE",0.0318,NA,0.3295,0.3102,0.0031,0.0089,0.0065
"1429",142,"2021-10-05 11:29:00","CUPE",0.3525,3e-04,0.3322,0.3829,0.0023,0.0061,0.0082
"1430",143,"2021-10-12 12:58:00","CUPE",0.3552,0.0015,0.2844,0.2889,0.0027,0.0068,0.0076
"1431",144,"2021-10-18 11:18:00","CUPE",0.3085,0.0015,0.3129,0.3099,0.003,0.0068,0.0054
"1432",145,"2021-11-02 11:59:00","CUPE",0.3169,6e-04,0.3532,0.3355,0.0016,0.0108,0.0067
"1433",146,"2021-11-11 12:44:00","CUPE",0.3329,8e-04,0.3544,0.361,0.0032,0.0089,0.0103
"1434",147,"2021-11-29 12:40:00","CUPE",0.3312,2e-04,0.4197,0.4021,0.0038,0.0094,0.0111
"1435",148,"2021-12-08 12:19:00","CUPE",0.3422,0.0013,0.3619,0.3572,0.0034,0.0089,0.0092
"1436",149,"2022-01-04 13:25:00","CUPE",0.3373,NA,0.2965,0.259,0.005,0.009,0.0109
"1437",150,"2022-02-01 12:10:00","CUPE",0.3223,0.001,0.3472,0.3537,0.0033,0.0092,0.0077
"1438",151,"2022-03-02 11:35:00","CUPE",0.3012,0.00176666666666667,0.340266666666667,0.3616,0.00303333333333333,0.0094,0.00853333333333333
"1439",152,"2022-03-02 11:35:00","CUPE",0.3012,0.00176666666666667,0.340266666666667,0.3616,0.00303333333333333,0.0094,0.00853333333333333
"1440",153,"2022-03-02 11:35:00","CUPE",0.3012,0.00176666666666667,0.340266666666667,0.3616,0.00303333333333333,0.0094,0.00853333333333333
"1441",154,"2022-03-08 11:26:00","CUPE",0.3179,0.0014,0.3637,0.3159,0.0055,0.0084,0.0081
"1442",155,"2022-04-05 11:20:00","CUPE",0.2758,7e-04,0.3105,0.3284,0.0047,0.0113,0.0087
"1443",156,"2022-04-28 11:44:00",NA,NA,NA,0.3564,0.3642,NA,NA,NA
"1444",157,"2022-05-03 11:26:00",NA,NA,NA,0.3425,0.3519,NA,NA,NA
"1445",158,"2022-05-24 11:17:00","CUPE",0.3695,0.0035,0.429,0.5169,0.0017,0.0058,0.0071
"1446",159,"2022-06-07 12:07:00","CUPE",0.2891,0.0081,0.2281,0.3469,0.0039,0.0094,0.0092
"1447",160,"2022-06-22 13:35:00","CUPE",0.281433333333333,0.00626666666666667,0.281233333333333,0.281,0.0031,0.00893333333333333,0.00883333333333333
"1448",161,"2022-06-22 13:35:00","CUPE",0.281433333333333,0.00626666666666667,0.281233333333333,0.281,0.0031,0.00893333333333333,0.00883333333333333
"1449",162,"2022-06-22 13:35:00","CUPE",0.281433333333333,0.00626666666666667,0.281233333333333,0.281,0.0031,0.00893333333333333,0.00883333333333333
"1450",163,"2022-07-05 11:46:00","CUPE",0.2752,0.0094,0.2954,0.291,0.0021,0.0073,0.0075
"1451",164,"2022-07-20 11:22:00","CUPE",0.3032,0.0013,0.3914,0.381,0.0053,0.0093,0.0081
"1452",165,"2022-08-02 11:20:00","CUPE",0.3004,7e-04,0.3784,0.3205,0.0031,0.0117,0.0095
"1453",166,"2022-08-11 11:07:00","CUPE",0.3097,0,0.2594,0.2568,0.0027,0.0105,0.0086
"1454",167,"2022-08-30 11:30:00","CUPE",0.3019,4e-04,0.2571,0.2487,0.0037,0.0105,0.0084
"1455",168,"2022-09-06 11:30:00","CUPE",0.3081,6e-04,0.2585,0.2783,0.0034,0.0096,0.0075
"1456",169,"2022-09-14 11:47:00","CUPE",0.3062,0.0051,0.3792,0.3573,0.006,0.0078,0.0103
"1457",170,"2022-10-04 12:16:00","CUPE",0.3699,8e-04,0.4265,0.435,0.0144,0.0077,0.0153
"1458",171,"2022-10-11 11:31:00","CUPE",0.3625,9e-04,0.4352,0.443,0.0042,0.0067,0.0123
"1459",172,"2022-10-17 11:41:00","CUPE",0.3525,4e-04,0.3919,0.4049,0.0031,0.0077,0.0126
"1460",173,"2022-10-26 12:41:00","CUPE",0.3417,2e-04,0.3833,0.4024,0.0044,0.0085,0.0141
"1461",174,"2022-11-01 11:32:00","CUPE",0.3655,NA,0.3963,0.4076,0.0047,0.0088,0.0154
"1462",175,"2022-11-28 11:50:00","CUPE",0.3959,0.0011,0.3337,0.3418,0.0069,0.0105,0.0147
"1463",176,"2022-12-06 12:04:00","CUPE",0.389,0.0037,0.3427,0.3663,0.0073,0.0113,0.014
"1464",177,"2023-01-03 11:21:00","CUPE",0.3699,0.0082,0.3172,0.3374,0.0084,0.0124,0.0151
"1465",178,"2023-02-07 12:10:00","CUPE",0.3156,0.0035,0.3328,0.3312,0.0058,0.0131,0.0144
"1466",179,"2023-03-02 12:24:00","CUPE",0.4237,0.00853333333333333,0.3418,0.3476,0.00626666666666667,0.0139,0.0161
"1467",180,"2023-03-02 12:24:00","CUPE",0.4237,0.00853333333333333,0.3418,0.3476,0.00626666666666667,0.0139,0.0161
"1468",181,"2023-03-02 12:24:00","CUPE",0.4237,0.00853333333333333,0.3418,0.3476,0.00626666666666667,0.0139,0.0161
"1469",182,"2023-03-07 11:22:00","CUPE",0.3116,0.0108,0.3713,0.3684,0.0065,0.0131,0.0158
"1470",183,"2023-04-04 11:56:00","CUPE",0.3023,0.001,0.3396,0.3085,0.0067,0.014,0.0165
"1471",184,"2023-04-27 11:10:00","CUPE",0.3281,0.0012,0.4016,0.4438,0.0094,0.0149,0.017
"1472",185,"2023-05-01 12:47:00","CUPE",0.3446,0.0015,0.3919,0.4294,0.0072,0.0154,0.0161
"1473",186,"2023-05-25 11:24:00","CUPE",0.3466,0.0012,0.3507,0.3537,0.0054,0.0095,0.0101
"1474",187,"2023-06-06 11:57:00","CUPE",0.3203,0.0032,0.3093,0.3129,0.0061,0.0126,0.0124
"1475",188,"2023-07-11 12:15:00","CUPE",0.360766666666667,0.00826666666666667,0.4119,0.4236,0.00496666666666667,0.00896666666666667,0.00923333333333333
"1476",189,"2023-07-11 12:15:00","CUPE",0.360766666666667,0.00826666666666667,0.4119,0.4236,0.00496666666666667,0.00896666666666667,0.00923333333333333
"1477",190,"2023-07-11 12:15:00","CUPE",0.360766666666667,0.00826666666666667,0.4119,0.4236,0.00496666666666667,0.00896666666666667,0.00923333333333333
"1478",191,"2023-07-19 11:28:00","CUPE",0.3228,0.0123,0.3207,0.2873,0.0059,0.0102,0.0101
"1479",192,"2023-07-31 11:51:00","CUPE",0.3065,0.0029,0.3342,0.3033,0.005,0.0092,0.0099
"1480",193,"2023-08-07 11:56:00","CUPE",0.3371,0.0109,0.3252,0.3532,0.0064,0.0123,0.0103
"1481",194,"2023-08-28 12:24:00","CUPE",0.4519,0.0022,0.4984,0.594,0.0042,0.0082,0.0085
"1482",195,"2023-09-06 11:48:00","CUPE",0.3485,0.0041,0.3246,0.3102,0.0057,0.0105,0.0097
"1483",196,"2023-09-11 11:53:00","CUPE",0.3945,0.0013,0.433,0.4511,0.0025,0.0071,0.0085
"1484",197,"2023-09-25 12:03:00","CUPE",0.3325,0.0063,0.4095,0.3656,0.0047,0.0082,0.0089
"1485",198,"2023-10-03 11:27:00","CUPE",0.3267,0.0031,0.4063,0.4157,0.0044,0.0088,0.0076
"1486",199,"2023-10-11 11:36:00","CUPE",0.3221,0.012,0.3745,0.3952,0.0053,0.0083,0.0081
"1487",200,"2023-10-16 11:56:00","CUPE",0.3245,0.007,NA,0.2798,0.0057,0.0081,0.0093
"1488",201,"2023-10-30 11:58:00","CUPE",0.3002,0.0081,0.2875,0.2858,0.0283,0.0418,0.0077
"1489",202,"2023-11-06 11:59:00","CUPE",0.3128,0.0041,0.4067,0.4233,0.0053,0.0076,0.0097
"1490",203,"2023-11-13 11:56:00","CUPE",0.3431,0.0014,0.39,0.43,0.0052,0.008,0.0081
"1491",204,"2023-11-29 13:27:00","CUPE",0.399,0.0016,0.43,0.5,0.0048,0.0084,0.0096
"1492",205,"2023-12-18 14:16:00","CUPE",0.3335,0.0016,0.38,0.39,0.0053,0.0084,0.008
"1493",206,"2024-01-08 12:02:00","CUPE",0.327,0.0128,0.37,0.37,0.0071,0.0108,0.0092
"1494",207,"2024-02-05 11:35:00","CUPE",0.2911,0.0076,0.34,0.33,0.0066,0.0221,0.0086
"1495",208,"2024-02-29 11:45:00","CUPE",0.2931,NA,0.333333333333333,0.32,0.00546666666666667,0.0212666666666667,0.0092
"1496",209,"2024-02-29 11:45:00","CUPE",0.2931,NA,0.333333333333333,0.32,0.00546666666666667,0.0212666666666667,0.0092
"1497",210,"2024-02-29 11:45:00","CUPE",0.2931,NA,0.333333333333333,0.32,0.00546666666666667,0.0212666666666667,0.0092
"1498",211,"2024-03-05 13:24:00","CUPE",0.2755,2e-04,0.31,0.32,0.0063,0.0229,0.0094
"1499",212,"2024-04-01 11:25:00","CUPE",0.2915,0.005,0.35,0.32,0.0066,0.0078,0.0092
"1500",213,"2024-04-30 11:44:00","CUPE",0.3578,0.0116,0.46,0.49,0.0036,0.0053,0.0091
"1501",214,"2024-05-07 15:30:00","CUPE",0.3766,0.0053,0.46,0.51,0.0055,0.0063,0.0079
"1502",215,"2024-05-23 13:04:00","CUPE",0.3256,0.002,0.33,0.37,0.0025,0.0059,0.0069
"1503",216,"2024-06-03 12:23:00","CUPE",0.3217,0.0023,0.34,0.38,0.0023,0.006,0.0072
"1504",217,"2024-06-24 12:16:00","CUPE",0.3156,0.00533333333333333,0.36,0.403333333333333,0.0034,0.00643333333333333,0.00703333333333333
"1505",218,"2024-06-24 12:16:00","CUPE",0.3156,0.00533333333333333,0.36,0.403333333333333,0.0034,0.00643333333333333,0.00703333333333333
"1506",219,"2024-06-24 12:16:00","CUPE",0.3156,0.00533333333333333,0.36,0.403333333333333,0.0034,0.00643333333333333,0.00703333333333333
"1507",220,"2024-07-08 13:42:00","CUPE",0.296,0.0028,0.32,0.38,0.0029,0.0069,0.0076
"1508",221,"2024-07-17 12:03:00","CUPE",0.3094,0.006,0.39,0.42,0.0045,0.0074,0.0083
"1509",222,"2024-08-06 13:24:00","CUPE",0.3008,0.0035,0.39,0.4,0.0174,0.0251,0.0246
"1510",223,"2024-08-12 12:14:00","CUPE",0.2996,0.0046,0.38,0.4,0.0221,0.0233,0.0237
"1511",224,"2024-08-28 13:18:00","CUPE",0.3062,0.0014,0.34,0.32,0.0022,0.007,0.0045
"1512",225,"2024-09-03 11:30:00","CUPE",0.2974,0.0165,0.34,0.31,0.0032,0.0069,0.0054
"1513",226,"2024-09-12 11:36:00","CUPE",0.3001,0.0074,0.45,0.31,0.0036,0.0076,0.0064
"1514",227,"2024-09-26 11:23:00","CUPE",0.3354,0.0064,0.43,0.34,0.0038,0.0121,0.0085
"1515",228,"2024-10-03 12:46:00","CUPE",0.3183,0.0058,0.39,0.34,0.005,0.0097,0.0099
"1516",229,"2024-10-07 12:28:00","CUPE",0.3295,0.0086,0.47,0.37,0.005,0.0078,0.009
"1517",230,"2024-10-14 12:46:00","CUPE",0.3475,0.0069,0.39,0.32,0.0059,0.0112,0.0102
"1518",231,"2024-10-28 14:32:00","CUPE",0.3311,0.0093,0.39,0.37,0.0052,0.0096,0.0105
"1519",232,"2024-11-04 12:40:00","CUPE",0.3266,0.0138,0.37,0.32,0.0052,0.0046,0.0092
"1520",233,"2024-11-11 13:24:00","CUPE",0.3389,0.0063,0.49,0.46,0.0043,0.008,0.0111
"1521",234,"2024-11-18 12:20:00","CUPE",0.3132,0.0145,0.4,0.36,0.0049,0.0077,0.0092
"1522",235,"2024-12-05 15:27:00","CUPE",0.3385,0.0021,0.41,0.36,0.0057,0.0088,0.0108
"1523",236,"2025-01-13 12:02:00","CUPE",0.3309,0.0041,0.37,0.38,0.0074,0.0132,0.0128
"1524",237,"2025-02-03 13:35:00","CUPE",0.3073,0.005,0.36,0.35,0.0073,0.0137,0.0121
"1525",238,"2025-03-03 12:11:00","CUPE",0.288,0.00306666666666667,0.33,0.343333333333333,0.00626666666666667,0.0135,0.0117333333333333
"1526",239,"2025-03-03 12:11:00","CUPE",0.288,0.00306666666666667,0.33,0.343333333333333,0.00626666666666667,0.0135,0.0117333333333333
"1527",240,"2025-03-03 12:11:00","CUPE",0.288,0.00306666666666667,0.33,0.343333333333333,0.00626666666666667,0.0135,0.0117333333333333
"1528",241,"2025-03-11 11:42:00","CUPE",0.3801,0.0033,0.44,0.46,0.0058,0.0105,0.0076
"1529",242,"2025-04-01 12:59:00","CUPE",0.3063,0.0045,0.36,0.37,0.0043,0.0091,0.0076
"1530",243,"2025-04-28 12:16:00","CUPE",0.3671,0.0032,0.43,0.47,0.0039,0.0077,0.0065
"1531",244,"2025-05-06 12:19:00","CUPE",0.2768,0.0046,0.41,0.42,0.0037,0.0063,0.0079
"1532",245,"2025-05-22 13:48:00","CUPE",0.3311,0.0049,0.4,0.34,0.008,0.01,0.012
"1533",246,"2025-06-03 11:42:00","CUPE",0.318,0.00363333333333333,0.36,0.366666666666667,0.006,0.0087,0.0111
"1534",247,"2025-06-03 11:42:00","CUPE",0.318,0.00363333333333333,0.36,0.366666666666667,0.006,0.0087,0.0111
"1535",248,"2025-06-03 11:42:00","CUPE",0.318,0.00363333333333333,0.36,0.366666666666667,0.006,0.0087,0.0111
"1536",249,"2025-06-23 11:32:00","CUPE",0.3617,0.0055,0.44,0.36,0.0067,0.0101,0.0102
"1537",250,"2025-06-30 12:47:00","CUPE",0.356,0.0032,0.42,0.35,0.0067,0.0112,0.0108
"1538",251,"2025-07-21 13:24:00","CUPE",0.3028,0.0032,0.36,0.43,0.0045,0.008,0.0073
"1539",252,"2025-08-05 12:24:00","CUPE",0.2862,0.003,0.33,0.32,0.0051,0.0091,0.0088
"1540",253,"2025-08-11 11:18:00","CUPE",0.2599,0.0043,0.3,0.34,0.0037,0.0071,0.0073
"1541",254,"2025-08-25 12:45:00","CUPE",0.3187,0.0244,0.38,0.38,0.0054,0.0113,0.012
"1542",255,"2025-09-02 12:42:00","CUPE",0.2978,0.0122,0.38,0.37,0.0052,0.0098,0.0106
"1543",256,"2025-09-10 11:08:00","CUPE",0.3077,0.0062,0.39,0.36,0.0054,0.0117,0.0104
"1544",257,"2025-09-22 11:57:00","CUPE",0.3597,0.0462,0.5,0.36,0.0044,0.0106,0.0101
"1545",258,"2025-10-01 11:37:00","CUPE",0.362,0.0205,0.1533,0.3533,0.0052,0.0083,0.0098
"1546",259,"2025-10-06 13:54:00","CUPE",0.3471,0.0044,0.2633,0.3633,0.0085,0.0112,0.0104
"1547",260,"2025-10-14 11:37:00","CUPE",0.3508,0.0034,0.3133,0.3733,0.0065,0.0092,0.0087
"1548",261,"2025-10-27 12:01:00","CUPE",0.3291,0.0042,0.2167,0.3567,0.007,0.0091,0.0083
"1549",262,"2025-11-05 12:36:00","CUPE",0.3553,0.0025,0.3667,0.42,0.0076,0.009,0.01
"1550",263,"2025-11-10 11:36:00","CUPE",0.353,0.0022,0.2967,0.3467,0.0074,0.011,0.0096
"1551",264,"2025-12-01 11:15:00","CUPE",0.3817,0.0012,0.48,0.44,0.0098,0.0126,0.0154
"1552",265,"2025-12-09 12:22:00","CUPE",0.349,NA,0.38,0.43,0.0074,0.011,0.0121
"1553",1,"2017-04-06 13:15:00","GUIL",0.444,0.021,0.545,0.5136,0.029,0.034,0.041
"1554",2,"2017-04-25 12:30:00","GUIL",0.351,0.05,0.0077,0.2796,0.024,0.011,0.013
"1555",3,"2017-05-04 12:17:00","GUIL",0.369,0.033,0.5271,0.4086,0.017,0.0465,0.052
"1556",4,"2017-05-24 11:57:00","GUIL",0.34,0.019,0.4267,0.4353,0.015,0.019,0.024
"1557",5,"2017-05-30 11:12:00","GUIL",0.384,0.049,0.4263,0.46,0.004,0.028,0.029
"1558",6,"2017-06-12 13:03:00","GUIL",0.363,0.013,0.4791,0.474,0.008,0.011,0.015
"1559",7,"2017-06-27 11:57:00","GUIL",0.342,0.066,0.4272,0.8067,0.033,0.0297,0.0113
"1560",8,"2017-07-19 11:39:00","GUIL",0.448,0.059,0.4975,0.5178,0.029,5e-04,0.0843
"1561",9,"2017-07-24 13:04:00","GUIL",0.3827,0.0343,0.4398,NA,0.039,0.002,0.003
"1562",10,"2017-08-22 12:27:00","GUIL",0.412666666666667,0.0533333333333333,0.3461,0.369233333333333,0.032,0.0400666666666667,0.0506666666666667
"1563",11,"2017-08-22 12:27:00","GUIL",0.412666666666667,0.0533333333333333,0.3461,0.369233333333333,0.032,0.0400666666666667,0.0506666666666667
"1564",12,"2017-08-22 12:27:00","GUIL",0.412666666666667,0.0533333333333333,0.3461,0.369233333333333,0.032,0.0400666666666667,0.0506666666666667
"1565",13,"2017-08-29 12:23:00","GUIL",0.406,0.0425,0.4608,0.5226,0.031,0.0424,0.059
"1566",14,"2017-09-14 11:22:00","GUIL",0.4159,0.1116,0.2751,0.0318,0.02,0.0401,0.045
"1567",15,"2017-09-18 12:55:00","GUIL",0.4088,0.0997,0.3162,NA,0.016,0.0162,0.017
"1568",16,"2017-11-13 12:25:00","GUIL",0.0232,0.1539,0.6501,0.7105,0.015,0.016,0.018
"1569",17,"2017-11-21 12:05:00","GUIL",1.2164,0.1312,1.055,1.073,0.019,0.026,0.028
"1570",18,"2017-11-28 12:10:00","GUIL",NA,NA,NA,0.5678,NA,0.0203333333333333,0.0223333333333333
"1571",19,"2017-11-28 12:10:00","GUIL",NA,NA,NA,0.5678,NA,0.0203333333333333,0.0223333333333333
"1572",20,"2017-11-28 12:10:00","GUIL",NA,NA,NA,0.5678,NA,0.0203333333333333,0.0223333333333333
"1573",21,"2017-12-12 13:08:00","GUIL",0.5312,0.1998,0.3281,0.4002,0.016,0.024,0.028
"1574",22,"2018-01-23 12:15:00","GUIL",0.7308,0.0815,0.9227,0.9242,0.057,0.015,0.017
"1575",23,"2018-02-14 13:07:00","GUIL",0.4827,0.1275,0.5132,0.5155,0.043,0.003,0.003
"1576",24,"2018-02-27 13:16:00","GUIL",0.9479,6e-04,1.187,1.197,0.016,0.002,0.004
"1577",25,"2018-03-27 12:17:00","GUIL",1.3101,NA,2.446,2.41,0.007,0.015,0.017
"1578",26,"2018-04-09 12:02:00","GUIL",0.6976,0.0316,0.8279,0.809,0.069,0.0261,0.1216
"1579",27,"2018-04-24 12:18:00","GUIL",0.5432,0.0499,0.6351,0.6316,0.065,0.0281,0.029
"1580",28,"2018-05-02 12:24:00","GUIL",0.4441,0.049,0.6621,0.6931,0.022,5e-04,0.008
"1581",29,"2018-05-23 13:09:00","GUIL",1.1479,0.0019,1.404,1.456,0.025,0.0286,0.0617
"1582",30,"2018-05-29 12:10:00","GUIL",0.383,0.008,0.4003,NA,0.03,0.0131,NA
"1583",31,"2018-06-12 12:28:00","GUIL",0.2192,0.0319,0.2672,0.3348,0.009,0.0199,0.025
"1584",32,"2018-06-26 12:13:00","GUIL",0.2314,NA,0.3993,0.3758,0.038,0.011,0.0444
"1585",33,"2018-07-18 11:09:00","GUIL",0.2697,0.0368,0.2829,0.3995,0.017,0.008,0.009
"1586",34,"2018-07-24 11:40:00","GUIL",0.2161,0.0071,0.2731,0.2772,0.015,0.004,0.079
"1587",35,"2018-08-23 12:26:00","GUIL",0.2909,0.0314,0.4068,0.3979,0.021,0.0294,0.0501
"1588",36,"2018-08-28 12:18:00","GUIL",0.4447,NA,0.4941,0.4985,0.02,0.0228,0.0266
"1589",37,"2018-09-05 12:29:00","GUIL",0.2439,0.0119,0.3072,0.3463,0.019,0.0191,0.021
"1590",38,"2018-09-11 12:35:00","GUIL",0.0336,0.0566,0.2627,0.3141,0.096,5e-04,0.002
"1591",39,"2018-09-17 12:31:00","GUIL",0.266766666666667,0.0119,0.4025,0.385166666666667,0.065,0.0226333333333333,0.137
"1592",40,"2018-09-17 12:31:00","GUIL",0.266766666666667,0.0119,0.4025,0.385166666666667,0.065,0.0226333333333333,0.137
"1593",41,"2018-09-17 12:31:00","GUIL",0.266766666666667,0.0119,0.4025,0.385166666666667,0.065,0.0226333333333333,0.137
"1594",42,"2018-09-25 12:36:00","GUIL",0.2975,0.0075,0.4112,0.3652,0.063,0.3299,0.385
"1595",43,"2018-10-10 12:13:00","GUIL",0.3421,0.0221,0.2904,0.3935,0.047,5e-04,0.0639
"1596",44,"2018-10-24 12:28:00","GUIL",0.428033333333333,NA,0.596966666666667,0.584766666666667,NA,0.0112,0.017
"1597",45,"2018-10-24 12:28:00","GUIL",0.428033333333333,NA,0.596966666666667,0.584766666666667,NA,0.0112,0.017
"1598",46,"2018-10-24 12:28:00","GUIL",0.428033333333333,NA,0.596966666666667,0.584766666666667,NA,0.0112,0.017
"1599",47,"2018-10-30 13:30:00","GUIL",0.3974,NA,0.5138,0.5577,0.005,0.0012,0.006
"1600",48,"2018-11-12 12:05:00","GUIL",NA,0.0272,0.6076,0.61,0.18,0.006,0.056
"1601",49,"2018-11-19 12:11:00","GUIL",0.5839,NA,0.673,0.6393,0.023,0.033,0.041
"1602",50,"2018-11-27 12:53:00","GUIL",0.424,0.0131,0.5396,0.5405,0.221,0.004,0.0449
"1603",51,"2018-12-11 12:17:00","GUIL",0.5018,0.0413333333333333,0.4292,0.4275,0.264666666666667,0.0246666666666667,0.0474333333333333
"1604",52,"2018-12-11 12:17:00","GUIL",0.5018,0.0413333333333333,0.4292,0.4275,0.264666666666667,0.0246666666666667,0.0474333333333333
"1605",53,"2018-12-11 12:17:00","GUIL",0.5018,0.0413333333333333,0.4292,0.4275,0.264666666666667,0.0246666666666667,0.0474333333333333
"1606",54,"2019-01-22 12:48:00","GUIL",0.399,0.0921,0.5406,0.5984,0.137,0.02,0.028
"1607",55,"2019-02-13 11:01:00","GUIL",0.3849,0.0819,0.4055,0.4145,0.114,0.0224,0.025
"1608",56,"2019-02-19 12:31:00","GUIL",0.3249,0.0586,0.5179,0.4655,NA,0.006,0.507
"1609",57,"2019-03-19 12:40:00","GUIL",0.2037,0.063,0.3014,0.3938,0.059,0.0217,0.232
"1610",58,"2019-04-08 12:21:00","GUIL",0.145866666666667,0.0613666666666667,0.2408,0.2487,0.0323333333333333,0.0150666666666667,0.155
"1611",59,"2019-04-08 12:21:00","GUIL",0.145866666666667,0.0613666666666667,0.2408,0.2487,0.0323333333333333,0.0150666666666667,0.155
"1612",60,"2019-04-08 12:21:00","GUIL",0.145866666666667,0.0613666666666667,0.2408,0.2487,0.0323333333333333,0.0150666666666667,0.155
"1613",61,"2019-04-16 12:09:00","GUIL",0.0715,0.0964,0.1914,0.1631,0.039,0.0216,0.0237
"1614",62,"2019-05-06 12:16:00","GUIL",0.1003,0.0253,0.2344,0.3419,0.03,0.0129,0.049
"1615",63,"2019-05-14 12:10:00","GUIL",0.1672,0.0203,0.1341,0.2646,0.032,0.0072,0.0472
"1616",64,"2019-05-22 12:33:00","GUIL",0.2121,0.0603,0.3051,0.3387,0.037,5e-04,0.3441
"1617",65,"2019-06-12 12:17:00","GUIL",0.105133333333333,0.0413666666666667,0.279433333333333,0.1693,0.034,0.0110666666666667,0.157266666666667
"1618",66,"2019-06-12 12:17:00","GUIL",0.105133333333333,0.0413666666666667,0.279433333333333,0.1693,0.034,0.0110666666666667,0.157266666666667
"1619",67,"2019-06-12 12:17:00","GUIL",0.105133333333333,0.0413666666666667,0.279433333333333,0.1693,0.034,0.0110666666666667,0.157266666666667
"1620",68,"2019-06-18 12:29:00","GUIL",0.1599,0.01965,0.2059,0.2271,0.0227,0.01355,0.1254
"1621",69,"2019-06-18 12:29:00","GUIL",0.1599,0.01965,0.2059,0.2271,0.0227,0.01355,0.1254
"1622",70,"2019-07-16 12:23:00","GUIL",0.2188,0.0359,0.3183,0.2538,0.025,0.0204,0.12505
"1623",71,"2019-07-16 12:23:00","GUIL",0.2188,0.0359,0.3183,0.2538,0.025,0.0204,0.12505
"1624",72,"2019-07-22 12:12:00","GUIL",0.2691,0.0316,0.3775,0.3648,0.02075,0.01765,0.2079
"1625",73,"2019-07-22 12:12:00","GUIL",0.2691,0.0316,0.3775,0.3648,0.02075,0.01765,0.2079
"1626",74,"2019-08-13 11:13:00","GUIL",0.17585,NA,0.2383,0.2002,NA,0.0209,0.04665
"1627",75,"2019-08-13 11:13:00","GUIL",0.17585,NA,0.2383,0.2002,NA,0.0209,0.04665
"1628",76,"2019-08-21 12:31:00","GUIL",0.2143,0.0167,0.2846,0.2628,NA,0.01165,0.20155
"1629",77,"2019-08-21 12:31:00","GUIL",0.2143,0.0167,0.2846,0.2628,NA,0.01165,0.20155
"1630",78,"2019-09-05 12:54:00","GUIL",0.1767,0.0222,0.2276,0.1975,NA,0.00955,0.35055
"1631",79,"2019-09-05 12:54:00","GUIL",0.1767,0.0222,0.2276,0.1975,NA,0.00955,0.35055
"1632",80,"2019-09-10 11:37:00","GUIL",0.2531,0.0101,0.3395,0.3506,0.03255,0.02055,0.2098
"1633",81,"2019-09-10 11:37:00","GUIL",0.2531,0.0101,0.3395,0.3506,0.03255,0.02055,0.2098
"1634",82,"2019-09-16 12:23:00","GUIL",0.21455,0.0134,0.3223,0.3089,0.01035,0.0205,0.3143
"1635",83,"2019-09-16 12:23:00","GUIL",0.21455,0.0134,0.3223,0.3089,0.01035,0.0205,0.3143
"1636",84,"2019-09-24 12:06:00","GUIL",0.2392,0.0046,NA,NA,0.0071,0.0194,0.0286
"1637",85,"2019-10-02 12:14:00","GUIL",0.354333333333333,0.0193,0.41395,0.3609,0.0225,0.0124,0.061975
"1638",86,"2019-10-02 12:14:00","GUIL",0.354333333333333,0.0193,0.41395,0.3609,0.0225,0.0124,0.061975
"1639",87,"2019-10-02 12:14:00","GUIL",0.354333333333333,0.0193,0.41395,0.3609,0.0225,0.0124,0.061975
"1640",88,"2019-10-09 12:49:00","GUIL",0.31885,0.01585,0.3365,0.311,0.02675,0.01635,0.0573
"1641",89,"2019-10-09 12:49:00","GUIL",0.31885,0.01585,0.3365,0.311,0.02675,0.01635,0.0573
"1642",90,"2019-10-15 12:30:00","GUIL",0.40295,0.0303,0.4625,0.4865,0.0302,0.0196,0.0621
"1643",91,"2019-10-15 12:30:00","GUIL",0.40295,0.0303,0.4625,0.4865,0.0302,0.0196,0.0621
"1644",92,"2019-10-23 14:01:00","GUIL",0.41285,0.08485,0.4872,0.449,0.0297,0.0195,0.1376
"1645",93,"2019-10-23 14:01:00","GUIL",0.41285,0.08485,0.4872,0.449,0.0297,0.0195,0.1376
"1646",94,"2019-11-12 12:45:00","GUIL",NA,0.02175,0.4166,0.3658,0.0261,0.0103,0.1487
"1647",95,"2019-11-12 12:45:00","GUIL",NA,0.02175,0.4166,0.3658,0.0261,0.0103,0.1487
"1648",96,"2019-11-19 11:17:00","GUIL",0.4588,0.01525,0.4508,0.4629,0.01565,0.01075,0.07935
"1649",97,"2019-11-19 11:17:00","GUIL",0.4588,0.01525,0.4508,0.4629,0.01565,0.01075,0.07935
"1650",98,"2019-11-25 12:17:00","GUIL",0.4677,0.0167,0.4861,0.4571,0.012,5e-04,0.13
"1651",99,"2019-12-17 11:40:00","GUIL",0.4162,0.0224,0.4078,0.4206,0.0319,0.039,0.046
"1652",100,"2020-03-03 12:08:00","GUIL",0.493,0.0764,0.6435,0.6398,0.0179,0.047,0.064
"1653",101,"2020-06-25 13:04:00","GUIL",0.6204,0.0057,0.746766666666667,0.7251,0.0149,0.0294,0.0342
"1654",102,"2020-06-30 12:48:00","GUIL",0.3032,0.0042,0.3933,0.3394,0.0126,0.0269,0.027
"1655",103,"2020-07-14 12:24:00","GUIL",0.2319,0.0049,0.2725,0.2968,0.0131,0.022,0.022
"1656",104,"2020-07-21 12:29:00","GUIL",0.2173,0.0047,0.2693,0.2845,0.0138,0.0206,0.021
"1657",105,"2020-07-27 12:23:00","GUIL",0.2223,0.0054,0.2563,0.2633,0.0145,0.0224,0.0206
"1658",106,"2020-08-05 12:16:00","GUIL",0.0869,0.0055,0.3837,0.4146,0.0137,0.0203,0.0228
"1659",107,"2020-08-11 13:30:00","GUIL",0.0794,0.0088,0.385,0.3943,0.0113,0.0233,0.029
"1660",108,"2020-08-18 11:55:00","GUIL",0.0666,0.0091,0.349166666666667,0.3555,0.0149,0.0204,0.0207
"1661",109,"2020-08-24 13:05:00","GUIL",0.3124,0.0079,0.3559,0.3369,0.0149,0.0092,0.0269
"1662",110,"2020-09-01 12:01:00","GUIL",0.2933,0.0063,0.3565,0.4058,0.0145,0.0251,0.0318
"1663",111,"2020-09-09 12:37:00","GUIL",0.3161,0.0045,0.3457,0.3318,0.0153,0.0238,0.0228
"1664",112,"2020-09-15 12:11:00","GUIL",0.3636,0.0064,0.392533333333333,0.3966,0.0165,0.0204,0.0296
"1665",113,"2020-09-21 12:34:00","GUIL",0.3332,0.0041,0.3478,0.2405,0.0168,0.0216,0.0232
"1666",114,"2020-10-01 12:41:00","GUIL",0.1158,0.0061,0.5212,0.5035,0.0137,0.0217,0.0296
"1667",115,"2020-10-06 12:21:00","GUIL",0.0919,0.0041,0.3798,0.4731,0.0135,0.0267,0.0307
"1668",116,"2020-10-12 11:56:00","GUIL",0.0914,0.0028,0.3525,0.3553,0.0109,0.02,0.0216
"1669",117,"2020-10-19 12:20:00","GUIL",0.0713,0.0064,0.5199,0.5257,0.0167,0.0276,0.0438
"1670",118,"2020-10-26 12:58:00","GUIL",0.109,0.0032,0.3799,0.3866,0.015,0.0237,0.0243
"1671",119,"2020-11-02 12:40:00","GUIL",0.0921,0.0036,0.3697,0.4225,0.0153,0.0215,0.0238
"1672",120,"2020-12-01 12:49:00","GUIL",0.1171,0.0039,0.4116,0.4261,0.0205,0.0285,0.027
"1673",121,"2020-12-07 12:31:00","GUIL",0.1122,0.0032,0.4311,0.4039,0.0209,0.0282,0.0275
"1674",122,"2020-12-17 12:11:00","GUIL",0.4753,0.0044,0.4974,0.4547,0.0142,0.0055,0.0259
"1675",123,"2021-01-12 11:49:00","GUIL",0.433,0.0038,0.551,0.5169,0.0127,0.052,0.025
"1676",124,"2021-02-09 12:44:00","GUIL",0.4259,0.0037,0.4468,0.4674,0.0171,0.0241,0.0269
"1677",125,"2021-02-15 12:37:00","GUIL",0.4529,0.0043,0.4728,0.486666666666667,0.0179666666666667,0.0272333333333333,0.0256333333333333
"1678",126,"2021-02-15 12:37:00","GUIL",0.4529,0.0043,0.4728,0.486666666666667,0.0179666666666667,0.0272333333333333,0.0256333333333333
"1679",127,"2021-02-15 12:37:00","GUIL",0.4529,0.0043,0.4728,0.486666666666667,0.0179666666666667,0.0272333333333333,0.0256333333333333
"1680",128,"2021-03-16 12:16:00","GUIL",0.3465,0.0049,0.382,0.3678,0.0143,0.028,0.0221
"1681",129,"2021-04-07 12:23:00","GUIL",0.2591,0.0043,0.3097,0.3016,0.0114,0.0212,0.0193
"1682",130,"2021-04-13 12:31:00","GUIL",0.2234,0.0036,0.2863,0.2876,0.0081,0.0205,0.0183
"1683",131,"2021-05-05 12:26:00","GUIL",0.4213,0.0058,0.5048,0.5459,0.0185,0.0267,0.0324
"1684",132,"2021-05-11 12:16:00","GUIL",0.2565,0.0047,0.2669,0.2953,0.0135,0.0253,0.02
"1685",133,"2021-05-25 12:00:00","GUIL",0.1941,0.0053,0.2403,0.2262,0.0093,0.0185,0.0179
"1686",134,"2021-06-15 12:18:00","GUIL",0.0296,0.0037,0.2913,0.3037,0.0158,0.0231,0.0224
"1687",135,"2021-06-21 12:21:00","GUIL",0.0193,0.0042,0.2663,0.2587,0.0138,0.0267,0.0236
"1688",136,"2021-07-13 11:57:00","GUIL",0.0227,0.0034,0.2113,0.2218,0.0101,0.0213,0.0196
"1689",137,"2021-08-10 12:24:00","GUIL",0.027,0.0049,0.2571,0.2868,0.0123,0.0274,0.0244
"1690",138,"2021-08-24 13:00:00","GUIL",0.2331,0.0054,0.2424,0.2367,0.0098,0.0211,0.0202
"1691",139,"2021-09-08 13:34:00","GUIL",0.0577,0.0096,0.6633,0.6677,0.0183,0.0289,0.0378
"1692",140,"2021-09-14 12:15:00","GUIL",0.0523,0.0075,0.5133,0.5649,0.0172,0.0258,0.0395
"1693",141,"2021-09-21 12:07:00","GUIL",0.0343,0.0035,0.3448,0.3629,0.0161,0.0216,0.0287
"1694",142,"2021-09-28 12:27:00","GUIL",0.3078,0.0082,0.3514,0.4938,0.0117,0.0176,0.0366
"1695",143,"2021-10-11 12:22:00","GUIL",0.29,0.0045,0.3568,0.3603,0.0117,0.0224,0.0281
"1696",144,"2021-10-19 12:43:00","GUIL",0.349,0.0057,0.3921,0.3941,0.0113,0.0284,0.0273
"1697",145,"2021-10-25 12:06:00","GUIL",0.3897,0.0043,0.4215,0.4348,0.0094,0.0229,0.0227
"1698",146,"2021-11-08 12:08:00","GUIL",0.4007,0.0066,0.4133,0.4113,0.0118,0.0352,0.0252
"1699",147,"2021-11-16 12:35:00","GUIL",0.4008,0.0035,0.4292,0.4434,0.0123,0.0284,0.029
"1700",148,"2021-12-07 13:02:00","GUIL",0.4568,0.0038,0.4846,0.4894,0.0124,0.0271,0.0302
"1701",149,"2021-12-14 11:54:00","GUIL",0.4369,0.0041,0.4558,0.4447,0.0102,0.0289,0.0306
"1702",150,"2022-01-11 12:13:00","GUIL",0.4621,0.0035,0.2855,0.4809,0.0126,0.0299,0.0328
"1703",151,"2022-02-08 12:35:00","GUIL",0.4526,NA,0.3314,0.3797,0.0256,0.0326,0.0327
"1704",152,"2022-02-14 12:19:00","GUIL",0.3973,NA,0.402,0.4548,0.021,0.0289,0.0238
"1705",153,"2022-03-15 12:09:00","GUIL",0.3172,0.0049,0.2592,0.2495,0.02,0.0267,0.0232
"1706",154,"2022-04-12 12:03:00",NA,NA,NA,0.325,0.336133333333333,NA,NA,NA
"1707",155,"2022-04-19 11:41:00",NA,NA,NA,0.4152,0.4279,NA,NA,NA
"1708",156,"2022-05-10 12:22:00","GUIL",0.2997,0.0087,0.3486,0.3582,0.0126,0.0283,0.0289
"1709",157,"2022-05-17 12:29:00","GUIL",0.2545,0.0264,0.3321,0.3475,0.0117,0.0267,0.025
"1710",158,"2022-06-14 12:18:00","GUIL",0.3215,0.0149,0.388,0.3542,0.0163,0.0275,0.0317
"1711",159,"2022-06-21 12:24:00","GUIL",0.2977,0.0052,0.3168,0.3459,0.0137,0.0289,0.0294
"1712",160,"2022-07-12 12:45:00","GUIL",0.2447,0.0047,0.2686,0.3074,0.0171,0.0285,0.0291
"1713",161,"2022-07-21 12:58:00","GUIL",0.2869,0.0058,0.4263,0.479,0.0214,0.0277,0.029
"1714",162,"2022-08-09 12:08:00","GUIL",0.2559,0.006,0.2733,0.2791,0.0187,0.0285,0.0337
"1715",163,"2022-08-23 12:20:00","GUIL",0.3449,0.0036,0.3266,0.3384,0.0169,0.0293,0.0295
"1716",164,"2022-09-07 12:25:00","GUIL",0.3277,0.0194,0.2997,0.3099,0.018,0.0307,0.0302
"1717",165,"2022-09-13 13:15:00","GUIL",0.316466666666667,0.00416666666666667,0.3078,0.311933333333333,0.0251333333333333,0.0278,0.0325666666666667
"1718",166,"2022-09-13 13:15:00","GUIL",0.316466666666667,0.00416666666666667,0.3078,0.311933333333333,0.0251333333333333,0.0278,0.0325666666666667
"1719",167,"2022-09-13 13:15:00","GUIL",0.316466666666667,0.00416666666666667,0.3078,0.311933333333333,0.0251333333333333,0.0278,0.0325666666666667
"1720",168,"2022-10-03 13:12:00","GUIL",0.281,5e-04,0.3598,0.3564,0.0081,0.0115,0.0172
"1721",169,"2022-10-12 12:07:00","GUIL",0.4499,0.0043,0.4874,0.5009,0.0161,0.0262,0.0342
"1722",170,"2022-10-18 12:30:00","GUIL",0.4621,0.0029,0.4957,0.4816,0.0212,0.0254,0.0318
"1723",171,"2022-10-25 12:08:00","GUIL",0.4374,8e-04,0.4622,0.4743,0.0148,0.0212,0.0252
"1724",172,"2022-11-09 12:26:00","GUIL",0.4561,0.0076,0.5188,0.5384,0.0243,0.0242,0.0317
"1725",173,"2022-11-15 12:41:00","GUIL",0.4533,0.006,0.3941,0.4354,0.0239,0.0237,0.0271
"1726",174,"2022-12-14 12:16:00","GUIL",0.5401,0.0396,0.4613,0.4813,0.0255,0.033,0.0345
"1727",175,"2023-01-26 12:47:00","GUIL",0.3111,0.0318,0.4503,0.4668,0.0255,0.0332,0.0317
"1728",176,"2023-02-13 13:17:00","GUIL",0.414266666666667,0.00953333333333333,0.512566666666667,0.544333333333333,0.0278,0.0342666666666667,0.0362666666666667
"1729",177,"2023-02-13 13:17:00","GUIL",0.414266666666667,0.00953333333333333,0.512566666666667,0.544333333333333,0.0278,0.0342666666666667,0.0362666666666667
"1730",178,"2023-02-13 13:17:00","GUIL",0.414266666666667,0.00953333333333333,0.512566666666667,0.544333333333333,0.0278,0.0342666666666667,0.0362666666666667
"1731",179,"2023-02-28 13:14:00","GUIL",0.5052,0.0039,0.519,0.5363,0.0265,0.0324,0.0336
"1732",180,"2023-03-29 12:46:00","GUIL",0.4139,0.0068,0.4553,0.4852,0.0256,0.0326,0.0324
"1733",181,"2023-04-06 13:02:00","GUIL",0.3087,0.0071,0.35,0.4022,0.019,0.0264,0.0282
"1734",182,"2023-04-25 12:23:00","GUIL",0.4256,0.0046,0.5137,0.5324,0.025,0.0308,0.0334
"1735",183,"2023-05-04 12:40:00","GUIL",0.3419,0.0051,0.3925,0.6144,0.0231,0.0294,0.0281
"1736",184,"2023-05-16 14:47:00","GUIL",0.236,0.0071,0.284,0.292,0.0145,0.025,0.026
"1737",185,"2023-05-22 12:32:00","GUIL",0.2685,0.0091,0.3532,0.3332,0.0207,0.0299,0.0331
"1738",186,"2023-06-12 13:20:00","GUIL",0.3139,0.0082,0.3615,0.4185,0.0194,0.0307,0.0271
"1739",187,"2023-06-26 13:18:00","GUIL",0.3319,0.006,0.4265,0.4131,0.0207,0.0266,0.0271
"1740",188,"2023-07-20 12:12:00","GUIL",0.3214,0.0204,0.342,0.3812,0.0163,0.0264,0.0245
"1741",189,"2023-07-25 13:33:00","GUIL",0.2825,0.0078,0.334,0.3557,0.019,0.0252,0.0258
"1742",190,"2023-08-15 12:24:00","GUIL",0.2414,0.0057,0.3068,0.297,0.0176,0.0223,0.0236
"1743",191,"2023-08-22 12:43:00","GUIL",0.4544,0.0038,0.2478,0.2585,0.0163,0.021,0.0224
"1744",192,"2023-09-07 12:38:00","GUIL",0.3254,0.0168,0.3009,0.3431,0.0201,0.0295,0.0281
"1745",193,"2023-09-14 12:25:00","GUIL",0.0082,0.0125,0.3082,0.2791,0.0051,0.0853,0.0251
"1746",194,"2023-09-21 12:36:00","GUIL",0.4477,0.0178,0.4777,0.4844,0.0272,0.0302,0.0312
"1747",195,"2023-09-26 12:35:00","GUIL",0.391666666666667,0.00643333333333333,0.4346,0.4326,0.0253333333333333,0.0306666666666667,0.0332333333333333
"1748",196,"2023-09-26 12:35:00","GUIL",0.391666666666667,0.00643333333333333,0.4346,0.4326,0.0253333333333333,0.0306666666666667,0.0332333333333333
"1749",197,"2023-09-26 12:35:00","GUIL",0.391666666666667,0.00643333333333333,0.4346,0.4326,0.0253333333333333,0.0306666666666667,0.0332333333333333
"1750",198,"2023-10-12 12:16:00","GUIL",0.3596,0.0065,0.4511,0.4339,0.0233,0.0259,0.0282
"1751",199,"2023-10-18 14:23:00","GUIL",0.4894,0.0156,0.5045,0.4933,0.0261,0.0334,0.0354
"1752",200,"2023-10-24 12:27:00","GUIL",0.3769,0.027,0.3357,0.3669,0.0262,0.0274,0.028
"1753",201,"2023-11-15 12:20:00","GUIL",0.5501,0.0064,0.52,0.56,0.0261,0.0298,0.0303
"1754",202,"2023-11-27 12:13:00","GUIL",0.4836,0.0044,0.49,0.53,0.0265,0.0295,0.0296
"1755",203,"2023-12-14 12:38:00","GUIL",0.4732,0.0028,0.49,0.52,0.0296,0.0328,0.0337
"1756",204,"2023-12-20 13:47:00","GUIL",0.4467,0.0045,0.46,0.48,0.0272,0.0311,0.0316
"1757",205,"2024-01-23 12:58:00","GUIL",0.4973,0.0018,0.5,0.52,0.0321,0.0513,0.0388
"1758",206,"2024-02-19 12:39:00","GUIL",0.402066666666667,0.00163333333333333,0.446666666666667,0.47,0.0246666666666667,0.0470666666666667,0.0345333333333333
"1759",207,"2024-02-19 12:39:00","GUIL",0.402066666666667,0.00163333333333333,0.446666666666667,0.47,0.0246666666666667,0.0470666666666667,0.0345333333333333
"1760",208,"2024-02-19 12:39:00","GUIL",0.402066666666667,0.00163333333333333,0.446666666666667,0.47,0.0246666666666667,0.0470666666666667,0.0345333333333333
"1761",209,"2024-02-26 12:42:00","GUIL",0.3213,NA,0.37,0.41,0.0231,0.042,0.0279
"1762",210,"2024-03-26 12:43:00","GUIL",0.2034,0.0065,0.28,0.28,0.024,0.0242,0.0246
"1763",211,"2024-04-08 12:38:00","GUIL",0.2465,0.0109,0.31,0.31,0.0232,0.0264,0.0277
"1764",212,"2024-04-23 14:00:00","GUIL",0.2783,0.0051,0.34,0.38,0.024,0.023,0.0253
"1765",213,"2024-05-06 12:18:00","GUIL",0.218,0.0076,0.3,0.34,0.0135,0.0166,0.0187
"1766",214,"2024-05-22 13:38:00","GUIL",0.3319,0.0128,0.42,0.41,0.0198,0.0222,0.0258
"1767",215,"2024-05-28 14:23:00","GUIL",0.2822,0.0142,0.37,0.38,0.0202,0.0242,0.0251
"1768",216,"2024-06-12 12:14:00","GUIL",0.3353,0.0134,0.39,0.41,0.0208,0.0226,0.0255
"1769",217,"2024-06-25 14:15:00","GUIL",0.3391,0.0047,0.37,0.42,0.0227,0.0252,0.0274
"1770",218,"2024-07-18 12:37:00","GUIL",0.2936,0.005,0.44,0.41,0.0041,0.007,0.0073
"1771",219,"2024-07-23 13:14:00","GUIL",0.2971,0.0017,0.36,0.33,0.0042,0.0069,0.0075
"1772",220,"2024-08-22 13:26:00","GUIL",0.314,0.0068,0.35,0.33,0.0198,0.0261,0.0243
"1773",221,"2024-08-27 14:23:00","GUIL",0.3045,0.008,0.34,0.39,0.0171,0.0223,0.0233
"1774",222,"2024-09-09 12:28:00","GUIL",0.347,0.0304,0.41,0.5,0.0186,0.0223,0.0274
"1775",223,"2024-09-17 13:28:00","GUIL",0.374433333333333,0.00926666666666667,0.406666666666667,0.363333333333333,0.0220666666666667,0.0247666666666667,0.0262333333333333
"1776",224,"2024-09-17 13:28:00","GUIL",0.374433333333333,0.00926666666666667,0.406666666666667,0.363333333333333,0.0220666666666667,0.0247666666666667,0.0262333333333333
"1777",225,"2024-09-17 13:28:00","GUIL",0.374433333333333,0.00926666666666667,0.406666666666667,0.363333333333333,0.0220666666666667,0.0247666666666667,0.0262333333333333
"1778",226,"2024-09-24 13:37:00","GUIL",0.4326,0.0125,0.53,0.4,0.0282,0.033,0.0332
"1779",227,"2024-09-30 13:32:00","GUIL",0.4176,0.0126,0.46,0.41,0.0276,0.0333,0.0338
"1780",228,"2024-10-09 14:15:00","GUIL",0.3624,0.0157,0.43,0.36,0.0236,0.0297,0.0293
"1781",229,"2024-10-15 12:36:00","GUIL",0.4332,0.0135,0.51,0.39,0.0286,0.0309,0.0337
"1782",230,"2024-10-23 12:27:00","GUIL",0.4358,0.0104,0.47,0.43,0.0278,0.0334,0.0333
"1783",231,"2024-11-14 12:23:00","GUIL",0.4469,0.0292,0.52,0.5,0.0244,0.0322,0.0305
"1784",232,"2024-11-19 12:49:00","GUIL",0.4171,0.0149,0.52,0.46,0.0231,0.0294,0.0281
"1785",233,"2024-12-02 12:42:00","GUIL",0.4976,0.005,0.56,0.54,0.0282,0.0317,0.0349
"1786",234,"2024-12-16 12:58:00","GUIL",0.4936,0.066,0.55,0.56,0.0292,0.0335,0.0332
"1787",235,"2025-01-30 13:18:00","GUIL",0.5883,0.0087,0.67,0.67,0.0371,0.04,0.0452
"1788",236,"2025-02-13 14:46:00","GUIL",0.4159,0.00863333333333333,0.463333333333333,0.46,0.0227,0.0317,0.0346
"1789",237,"2025-02-13 14:46:00","GUIL",0.4159,0.00863333333333333,0.463333333333333,0.46,0.0227,0.0317,0.0346
"1790",238,"2025-02-13 14:46:00","GUIL",0.4159,0.00863333333333333,0.463333333333333,0.46,0.0227,0.0317,0.0346
"1791",239,"2025-02-24 13:22:00","GUIL",0.4639,0.008,0.52,0.53,0.0303,0.0335,0.0371
"1792",240,"2025-03-25 12:33:00","GUIL",0.3468,0.0053,0.39,0.43,0.0193,0.0242,0.0274
"1793",241,"2025-04-14 12:38:00","GUIL",0.3483,0.0127,0.41,0.45,0.0274,0.034,0.0324
"1794",242,"2025-04-22 12:53:00","GUIL",0.3318,0.0088,0.39,0.42,0.023,0.0306,0.0302
"1795",243,"2025-05-05 13:36:00","GUIL",0.4304,0.0036,NA,0.5,0.0163,0.0221,0.0255
"1796",244,"2025-05-20 12:57:00","GUIL",0.3087,0.0038,0.4,0.36,0.0142,0.0174,0.0216
"1797",245,"2025-05-27 14:49:00","GUIL",0.3326,0.0067,0.06,0.38,0.0221,0.0257,0.0263
"1798",246,"2025-06-11 12:32:00","GUIL",0.3492,0.0054,0.41,0.42,0.0247,0.0274,0.0284
"1799",247,"2025-06-24 15:04:00","GUIL",0.2724,0.005,0.34,0.34,0.0208,0.0276,0.0305
"1800",248,"2025-07-16 12:36:00","GUIL",0.3606,0.0086,0.39,0.42,0.0246,0.0341,0.0305
"1801",249,"2025-07-22 12:41:00","GUIL",0.3561,0.0144,0.4,0.4,0.0255,0.033,0.0313
"1802",250,"2025-08-19 13:20:00","GUIL",0.503,0.0072,0.55,0.67,0.0267,0.0325,0.0344
"1803",251,"2025-08-26 12:35:00","GUIL",0.2766,0.0071,0.36,0.35,0.0177,0.0235,0.0244
"1804",252,"2025-09-08 12:27:00","GUIL",0.2938,0.0251,0.37,0.36,0.0232,0.0294,0.0283
"1805",253,"2025-09-15 13:30:00","GUIL",0.361266666666667,0.0099,0.42,0.44,0.0260666666666667,0.0314333333333333,0.0337
"1806",254,"2025-09-15 13:30:00","GUIL",0.361266666666667,0.0099,0.42,0.44,0.0260666666666667,0.0314333333333333,0.0337
"1807",255,"2025-09-15 13:30:00","GUIL",0.361266666666667,0.0099,0.42,0.44,0.0260666666666667,0.0314333333333333,0.0337
"1808",256,"2025-09-24 12:12:00","GUIL",0.3826,0.0082,0.44,0.7067,0.026,0.0286,0.0285
"1809",257,"2025-09-30 13:17:00","GUIL",0.355,0.0059,0.4033,0.3533,0.0244,0.0247,0.0248
"1810",258,"2025-10-08 13:24:00","GUIL",0.3867,0.0167,0.46,0.47,0.0248,0.0298,0.0312
"1811",259,"2025-10-20 12:36:00","GUIL",0.3941,0.0052,0.2467,0.43,0.0265,0.0281,0.0294
"1812",260,"2025-10-28 12:11:00","GUIL",0.3826,0.0054,0.4233,0.4,0.0249,0.0272,0.0269
"1813",261,"2025-11-12 12:18:00","GUIL",0.4382,0.0043,0.49,0.5,0.0326,0.0308,0.0326
"1814",262,"2025-11-17 13:54:00","GUIL",0.4196,0.0018,0.45,0.46,0.0304,0.0313,0.0364
"1815",263,"2025-12-03 14:54:00","GUIL",0.5598,0.0047,0.65,0.69,0.0317,0.032,0.0406
"1816",264,"2025-12-10 11:59:00","GUIL",0.4968,0.0031,0.51,0.54,0.0331,0.0332,0.0512
"1817",1,"2017-04-18 14:20:00","CRAM",0.059,0.017,0.2796,0.3238,0.019,0.025,0.033
"1818",2,"2017-04-18 14:55:00","CRAM",0.055,0.047,0.2608,0.3252,0.018,0.004,0.005
"1819",3,"2017-04-18 15:45:00","CRAM",0.061,0.038,0.3123,0.3052,0.017,0.002,0.004
"1820",4,"2017-04-18 16:30:00","CRAM",0.068,0.053,0.2838,0.3449,0.019,0.006,0.008
"1821",5,"2017-05-02 14:55:00","CRAM",0.009,0.035,0.538,0.3324,0.016,0.0045,0.006
"1822",6,"2017-05-02 15:25:00","CRAM",0.006,0.039,0.3073,0.3327,0.015,0.006,0.008
"1823",7,"2017-05-02 16:13:00","CRAM",0.004,0.045,0.8474,0.3447,0.014,0.019,0.021
"1824",8,"2017-05-02 16:27:00","CRAM",0.047,0.065,0.3112,0.343,0.015,0.004,0.006
"1825",9,"2017-06-06 14:38:00","CRAM",NA,0.057,0.1996,0.285,0.001,0.01,0.011
"1826",10,"2017-06-06 15:03:00","CRAM",NA,0.053,0.1997,0.2857,0.003,0.006,0.066
"1827",11,"2017-06-06 15:34:00","CRAM",0.02,0.091,0.1954,0.2952,0.002,0.013,0.015
"1828",12,"2017-06-06 16:21:00","CRAM",0.029,0.076,0.2713,0.406,0.002,0.006,0.012
"1829",13,"2017-07-11 14:41:00","CRAM",NA,0.082,0.2384,0.3234,0.023,0.0643,0.072
"1830",14,"2017-07-11 15:11:00","CRAM",0.002,0.12,0.2244,0.2829,0.023,0.001,0.003
"1831",15,"2017-07-11 16:22:00","CRAM",0.00666666666666667,0.0976666666666667,0.2504,0.337533333333333,0.0236666666666667,0.00233333333333333,0.0391
"1832",16,"2017-07-11 16:22:00","CRAM",0.00666666666666667,0.0976666666666667,0.2504,0.337533333333333,0.0236666666666667,0.00233333333333333,0.0391
"1833",17,"2017-07-11 16:22:00","CRAM",0.00666666666666667,0.0976666666666667,0.2504,0.337533333333333,0.0236666666666667,0.00233333333333333,0.0391
"1834",18,"2017-07-11 16:23:00","CRAM",0.026,0.201,0.3483,0.4285,0.027,0.00183333333333333,0.0206333333333333
"1835",19,"2017-07-11 16:23:00","CRAM",0.026,0.201,0.3483,0.4285,0.027,0.00183333333333333,0.0206333333333333
"1836",20,"2017-07-11 16:23:00","CRAM",0.026,0.201,0.3483,0.4285,0.027,0.00183333333333333,0.0206333333333333
"1837",21,"2017-08-01 14:16:00","CRAM",0.0454,0.0354,0.2119,0.2622,0.034,0.003,0.0187
"1838",22,"2017-08-01 14:58:00","CRAM",0.0476,0.0262,0.2131,0.3139,0.036,0.001,0.0154
"1839",23,"2017-08-01 15:43:00","CRAM",0.0461,0.023,0.2229,0.2747,0.037,0.002,0.0069
"1840",24,"2017-08-01 15:59:00","CRAM",0.0972,0.1901,0.3743,0.4425,0.039,0.0273,0.029
"1841",25,"2017-08-29 14:25:00","CRAM",0.0813,0.0673,0.2245,0.3057,0.031,0.0016,0.003
"1842",26,"2017-08-29 14:42:00","CRAM",0.0243,0.0617,0.2171,0.2869,0.028,0.0162,0.019
"1843",27,"2017-08-29 15:25:00","CRAM",0.0262333333333333,0.0891666666666667,0.263666666666667,0.312633333333333,0.03,0.0200333333333333,0.0233333333333333
"1844",28,"2017-08-29 15:25:00","CRAM",0.0262333333333333,0.0891666666666667,0.263666666666667,0.312633333333333,0.03,0.0200333333333333,0.0233333333333333
"1845",29,"2017-08-29 15:25:00","CRAM",0.0262333333333333,0.0891666666666667,0.263666666666667,0.312633333333333,0.03,0.0200333333333333,0.0233333333333333
"1846",30,"2017-08-29 15:40:00","CRAM",0.0233666666666667,0.3381,0.4991,0.5426,0.0353333333333333,0.0239666666666667,0.0273333333333333
"1847",31,"2017-08-29 15:40:00","CRAM",0.0233666666666667,0.3381,0.4991,0.5426,0.0353333333333333,0.0239666666666667,0.0273333333333333
"1848",32,"2017-08-29 15:40:00","CRAM",0.0233666666666667,0.3381,0.4991,0.5426,0.0353333333333333,0.0239666666666667,0.0273333333333333
"1849",33,"2017-10-03 14:40:00","CRAM",0.028,0.1124,0.3165,0.3364,0.006,0.002,0.029
"1850",34,"2017-10-03 15:01:00","CRAM",0.0199,0.0993,0.261,0.2945,0.005,0.002,0.038
"1851",35,"2017-10-03 16:11:00","CRAM",0.0203,0.109,0.2874,0.327,0.005,0.002,0.024
"1852",36,"2017-10-03 16:55:00","CRAM",0.0201,0.3122,0.4674,0.5677,0.012,0.012,0.072
"1853",37,"2017-10-16 14:49:00","CRAM",0.0078,0.142,0.2353,0.293,0.018,0.005,0.038
"1854",38,"2017-10-16 15:32:00","CRAM",0.0117,0.1175,0.2333,0.313,0.018,0.007,0.034
"1855",39,"2017-10-16 16:02:00","CRAM",0.011,0.1114,0.2486,0.3103,0.018,0.005,0.03
"1856",40,"2017-10-16 16:16:00","CRAM",0.0125,0.5992,0.715,0.7126,0.03,0.038,0.078
"1857",41,"2017-11-07 16:10:00","CRAM",0.0171,0.1064,0.1743,0.2233,0.026,0.003,0.004
"1858",42,"2017-11-07 16:28:00","CRAM",0.7019,0.1082,0.195,0.2472,0.015,0.003,0.004
"1859",43,"2017-11-07 17:08:00","CRAM",0.025,0.1532,0.1554,0.23,0.011,0.002,0.003
"1860",44,"2018-02-13 18:28:00","CRAM",0.035,0.156,0.2592,0.256,0.049,5e-04,5e-04
"1861",45,"2018-03-05 15:30:00","CRAM",0.026,0.0425,0.2524,0.2805,0.007,5e-04,0.042
"1862",46,"2018-05-07 15:38:00","CRAM",0.0736,0.1296,0.4862,0.5357,0.022,0.0062,0.015
"1863",47,"2018-05-07 16:29:00","CRAM",0.0812,0.1613,0.4895,0.5175,0.019,5e-04,0.2312
"1864",48,"2018-05-22 15:44:00","CRAM",0.0798,0.0122,0.4872,0.4902,0.033,0.005,0.0481
"1865",49,"2018-05-22 15:45:00","CRAM",0.003,0.0113,0.4491,0.4827,0.029,0.0104,0.0536
"1866",50,"2018-06-05 17:20:00","CRAM",0.0439,0.0521,0.2397,0.3424,0.013,5e-04,0.0186
"1867",51,"2018-06-05 17:40:00","CRAM",0.0047,NA,0.1912,0.2203,0.012,5e-04,0.02
"1868",52,"2018-07-10 16:03:00","CRAM",0.0015,0.0076,0.2506,0.2968,0.013,5e-04,0.025
"1869",53,"2018-07-10 16:28:00","CRAM",0.0084,0.1132,0.2706,0.3426,0.02,5e-04,0.043
"1870",54,"2018-08-07 15:38:00","CRAM",0.0217,0.0293,0.2515,0.2927,0.014,5e-04,0.0021
"1871",55,"2018-08-07 15:39:00","CRAM",0.0378,0.3237,0.5649,0.5037,0.016,0.0196,0.032
"1872",56,"2018-09-11 14:16:00","CRAM",0.0327,0.2571,0.4296,0.4154,0.04,5e-04,0.006
"1873",57,"2018-09-11 14:58:00","CRAM",0.0056,0.0066,0.2605,0.2522,0.087,0.001,0.7013
"1874",58,"2018-10-02 15:58:00","CRAM",0.0317,0.0286,0.1971,0.2721,0.677,5e-04,0.0487
"1875",59,"2018-10-02 15:59:00","CRAM",0.023,0.2757,0.4918,0.4827,0.032,5e-04,0.0285
"1876",60,"2018-10-16 16:35:00","CRAM",0.0286,0.0319,0.2103,0.2361,0.022,0.019,0.9505
"1877",61,"2018-10-16 16:49:00","CRAM",0.0571,0.4953,0.8861,0.8338,0.066,0.0197,0.896
"1878",62,"2018-11-06 16:42:00","CRAM",NA,NA,0.2696,0.344,0.016,5e-04,0.0477
"1879",63,"2019-01-07 16:35:00","CRAM",NA,NA,0.2735,0.3629,0.007,0.006,0.1481
"1880",64,"2019-02-18 17:45:00","CRAM",NA,0.0713,0.3244,0.4162,0.211,0.0027,0.259
"1881",65,"2019-03-04 20:19:00","CRAM",NA,NA,NA,0.3494,NA,NA,0.371
"1882",66,"2019-05-01 15:11:00","CRAM",NA,0.0386,0.272,0.3144,0.034,5e-04,0.0454
"1883",67,"2019-05-22 14:51:00","CRAM",0.0245,0.0924,0.265,0.3515,0.042,5e-04,0.0856
"1884",68,"2019-05-22 15:15:00","CRAM",0.0547,0.1157,0.3551,NA,0.054,5e-04,NA
"1885",69,"2019-06-04 17:20:00","CRAM",NA,0.0474,0.2748,0.2725,0.033,5e-04,0.087
"1886",70,"2019-06-04 17:42:00","CRAM",NA,0.1164,0.3867,NA,0.049,5e-04,NA
"1887",71,"2019-07-09 14:55:00","CRAM",0.00813333333333333,0.0307,0.2604,0.2599,NA,0.00443333333333333,0.218933333333333
"1888",72,"2019-07-09 14:55:00","CRAM",0.00813333333333333,0.0307,0.2604,0.2599,NA,0.00443333333333333,0.218933333333333
"1889",73,"2019-07-09 14:55:00","CRAM",0.00813333333333333,0.0307,0.2604,0.2599,NA,0.00443333333333333,0.218933333333333
"1890",74,"2019-07-09 15:20:00","CRAM",0.0289333333333333,0.208,0.38425,0.42305,0.0269,0.00696666666666667,0.0455
"1891",75,"2019-07-09 15:20:00","CRAM",0.0289333333333333,0.208,0.38425,0.42305,0.0269,0.00696666666666667,0.0455
"1892",76,"2019-07-09 15:20:00","CRAM",0.0289333333333333,0.208,0.38425,0.42305,0.0269,0.00696666666666667,0.0455
"1893",77,"2019-08-06 15:46:00","CRAM",0.04585,0.00335,0.216,0.227,NA,0.00785,0.021
"1894",78,"2019-08-06 15:46:00","CRAM",0.04585,0.00335,0.216,0.227,NA,0.00785,0.021
"1895",79,"2019-08-06 16:06:00","CRAM",0.0086,0.1586,0.3298,0.3152,0.0069,0.0139,0.03925
"1896",80,"2019-08-06 16:06:00","CRAM",0.0086,0.1586,0.3298,0.3152,0.0069,0.0139,0.03925
"1897",81,"2019-09-09 14:53:00","CRAM",NA,0.033175,0.2646,0.282733333333333,0.028125,0.00755,0.16985
"1898",82,"2019-09-09 14:53:00","CRAM",NA,0.033175,0.2646,0.282733333333333,0.028125,0.00755,0.16985
"1899",83,"2019-09-09 14:53:00","CRAM",NA,0.033175,0.2646,0.282733333333333,0.028125,0.00755,0.16985
"1900",84,"2019-09-09 14:53:00","CRAM",NA,0.033175,0.2646,0.282733333333333,0.028125,0.00755,0.16985
"1901",85,"2019-09-09 15:43:00","CRAM",NA,0.266325,0.4655,0.5027,0.0275,0.012075,0.1996
"1902",86,"2019-09-09 15:43:00","CRAM",NA,0.266325,0.4655,0.5027,0.0275,0.012075,0.1996
"1903",87,"2019-09-09 15:43:00","CRAM",NA,0.266325,0.4655,0.5027,0.0275,0.012075,0.1996
"1904",88,"2019-09-09 15:43:00","CRAM",NA,0.266325,0.4655,0.5027,0.0275,0.012075,0.1996
"1905",89,"2019-10-01 14:53:00","CRAM",NA,0.02055,0.2019,0.2126,NA,0.00705,0.03265
"1906",90,"2019-10-01 14:53:00","CRAM",NA,0.02055,0.2019,0.2126,NA,0.00705,0.03265
"1907",91,"2019-10-01 15:06:00","CRAM",NA,0.1076,0.2601,0.3616,0.85245,0.01855,0.04235
"1908",92,"2019-10-01 15:06:00","CRAM",NA,0.1076,0.2601,0.3616,0.85245,0.01855,0.04235
"1909",93,"2019-10-15 14:41:00","CRAM",NA,0.07725,0.1921,0.237866666666667,NA,0.020625,0.053775
"1910",94,"2019-10-15 14:41:00","CRAM",NA,0.07725,0.1921,0.237866666666667,NA,0.020625,0.053775
"1911",95,"2019-10-15 14:41:00","CRAM",NA,0.07725,0.1921,0.237866666666667,NA,0.020625,0.053775
"1912",96,"2019-10-15 14:41:00","CRAM",NA,0.07725,0.1921,0.237866666666667,NA,0.020625,0.053775
"1913",97,"2019-10-15 15:10:00","CRAM",NA,0.32125,0.453866666666667,0.3313,0.0477,0.013725,0.0639
"1914",98,"2019-10-15 15:10:00","CRAM",NA,0.32125,0.453866666666667,0.3313,0.0477,0.013725,0.0639
"1915",99,"2019-10-15 15:10:00","CRAM",NA,0.32125,0.453866666666667,0.3313,0.0477,0.013725,0.0639
"1916",100,"2019-10-15 15:10:00","CRAM",NA,0.32125,0.453866666666667,0.3313,0.0477,0.013725,0.0639
"1917",101,"2019-11-05 15:37:00","CRAM",NA,0.01455,0.1974,0.2443,NA,0.00265,0.1255
"1918",102,"2019-11-05 15:37:00","CRAM",NA,0.01455,0.1974,0.2443,NA,0.00265,0.1255
"1919",103,"2020-01-06 17:24:00","CRAM",0.0154,0.0689,0.2406,0.2445,0.0158,0.006,0.007
"1920",104,"2020-02-03 16:47:00","CRAM",0.0162,0.0395,0.2854,0.3281,0.0121,0.025,0.027
"1921",105,"2020-03-02 15:55:00","CRAM",0.0438,0.0878,0.3699,0.3603,0.0332,0.014,0.021
"1922",106,"2020-07-06 13:35:00","CRAM",5e-04,8e-04,0.2374,0.244533333333333,2e-04,0.0064,0.0097
"1923",107,"2020-07-06 13:51:00","CRAM",7e-04,0.0948,0.3682,0.3103,0.0037,0.0195,0.0252
"1924",108,"2020-08-04 15:41:00","CRAM",3e-04,0.0034,0.2624,0.290933333333333,2e-04,0.0102,0.0127
"1925",109,"2020-08-04 16:34:00","CRAM",NA,0.1165,0.354866666666667,0.3638,0.0027,0.017,0.0257
"1926",110,"2020-09-01 17:30:00","CRAM",NA,0.0031,0.2317,0.2636,NA,0.0077,0.0398
"1927",111,"2020-09-01 17:41:00","CRAM",NA,0.1615,0.4801,0.4908,0.0115,0.0268,0.0119
"1928",112,"2020-10-06 16:02:00","CRAM",0.0011,0.0021,0.232,0.319866666666667,NA,0.0169,0.0139
"1929",113,"2020-10-06 16:20:00","CRAM",NA,0.2136,0.548866666666667,0.502266666666667,0.0064,0.0223,0.0389
"1930",114,"2020-10-20 16:38:00","CRAM",0.0038,0.0074,0.1499,0.1862,NA,0.0106,0.0124
"1931",115,"2020-10-20 16:41:00","CRAM",0.0107,0.5632,0.7276,0.6301,0.012,0.0392,0.044
"1932",116,"2021-02-09 17:41:00","CRAM",0.0078,0.0299,0.2913,0.3463,8e-04,0.0055,0.0146
"1933",117,"2021-03-01 17:30:00","CRAM",0.0047,0.0297,0.2894,0.3755,5e-04,0.0052,0.0188
"1934",118,"2021-04-20 15:01:00","CRAM",0.0014,0.0022,0.2498,0.2794,NA,0.0048,0.0134
"1935",119,"2021-04-20 15:32:00","CRAM",0.036,0.027,0.294,0.3208,4e-04,0.0057,0.0136
"1936",120,"2021-05-04 17:03:00","CRAM",2e-04,7e-04,0.2579,0.2896,NA,0.01,0.0149
"1937",121,"2021-05-04 17:04:00","CRAM",0.0176,0.0189,0.2531,0.3001,NA,0.006,0.0147
"1938",122,"2021-06-01 15:48:00","CRAM",5e-04,0.0023,0.2271,0.2801,NA,0.0072,0.0134
"1939",123,"2021-06-01 16:02:00","CRAM",0.0182,0.0561,0.3053,0.3726,1e-04,0.0093,0.0193
"1940",124,"2021-07-06 15:12:00","CRAM",6e-04,0.002,0.1964,0.2088,NA,0.005,0.0126
"1941",125,"2021-07-06 15:30:00","CRAM",6e-04,0.0765,0.3055,0.2768,0.0021,0.0109,0.0228
"1942",126,"2021-08-09 17:25:00","CRAM",0.000533333333333333,0.00206666666666667,0.175666666666667,0.202866666666667,NA,0.00633333333333333,0.0116
"1943",127,"2021-08-09 17:25:00","CRAM",0.000533333333333333,0.00206666666666667,0.175666666666667,0.202866666666667,NA,0.00633333333333333,0.0116
"1944",128,"2021-08-09 17:25:00","CRAM",0.000533333333333333,0.00206666666666667,0.175666666666667,0.202866666666667,NA,0.00633333333333333,0.0116
"1945",129,"2021-08-09 17:41:00","CRAM",8e-04,0.5656,0.305366666666667,0.326,0.0023,0.0161666666666667,0.0271333333333333
"1946",130,"2021-08-09 17:41:00","CRAM",8e-04,0.5656,0.305366666666667,0.326,0.0023,0.0161666666666667,0.0271333333333333
"1947",131,"2021-08-09 17:41:00","CRAM",8e-04,0.5656,0.305366666666667,0.326,0.0023,0.0161666666666667,0.0271333333333333
"1948",132,"2021-09-07 15:38:00","CRAM",NA,0.0024,0.4212,0.2283,NA,0.0051,0.0071
"1949",133,"2021-09-07 15:46:00","CRAM",NA,0.044,0.2112,0.4534,0.0047,0.0157,0.0298
"1950",134,"2021-10-05 14:59:00","CRAM",NA,0.0036,0.2099,0.2704,NA,0.0081,0.0082
"1951",135,"2021-10-05 15:16:00","CRAM",5e-04,0.0462,0.4156,0.469,0.0022,0.0142,0.0245
"1952",136,"2021-10-19 15:57:00","CRAM",8e-04,0.0058,0.2502,0.2325,4e-04,0.0064,0.0128
"1953",137,"2021-10-19 16:00:00","CRAM",7e-04,0.2629,0.4556,0.4855,0.0017,0.0128,0.0253
"1954",138,"2021-11-02 16:32:00","CRAM",0.0015,0.0073,0.2156,0.264,NA,0.0069,0.0144
"1955",139,"2021-11-02 16:38:00","CRAM",0.0011,0.4673,0.634,0.6656,0.0029,0.0156,0.0316
"1956",140,"2021-11-16 16:39:00","CRAM",0.0014,0.0047,0.2444,0.2751,NA,0.0057,0.0154
"1957",141,"2022-01-31 17:17:00","CRAM",0.0085,0.0835,0.2574,0.4128,0.0011,0.0089,0.02
"1958",142,"2022-02-28 16:19:00","CRAM",0.0162,0.0763,0.3587,0.3672,0.0015,0.0069,0.0131
"1959",143,"2022-05-10 15:13:00","CRAM",0.068,0.0019,0.332,0.3419,1e-04,0.0065,0.0121
"1960",144,"2022-05-10 15:28:00","CRAM",0.0843,0.0364,0.3495,0.4012,NA,0.0066,0.0142
"1961",145,"2022-06-01 16:47:00","CRAM",3e-04,0.0014,0.1347,0.2358,0,0.0096,0.0126
"1962",146,"2022-06-01 17:06:00","CRAM",0.0637,0.0499,0.2224,0.3402,2e-04,0.0091,0.0172
"1963",147,"2022-07-05 16:26:00","CRAM",0.0013,0.004,0.256,0.2439,0,0.0046,0.026
"1964",148,"2022-07-05 16:35:00","CRAM",0.0203,0.1546,0.3579,0.3876,0.0042,0.0121,0.1427
"1965",149,"2022-08-02 15:18:00","CRAM",0.0011,0.0055,0.2017,0.232966666666667,0.000466666666666667,0.0078,0.0471666666666667
"1966",150,"2022-08-02 15:18:00","CRAM",0.0011,0.0055,0.2017,0.232966666666667,0.000466666666666667,0.0078,0.0471666666666667
"1967",151,"2022-08-02 15:18:00","CRAM",0.0011,0.0055,0.2017,0.232966666666667,0.000466666666666667,0.0078,0.0471666666666667
"1968",152,"2022-08-02 16:01:00","CRAM",0.0122,0.207566666666667,0.398666666666667,0.4504,0.00843333333333333,0.0205333333333333,0.252366666666667
"1969",153,"2022-08-02 16:01:00","CRAM",0.0122,0.207566666666667,0.398666666666667,0.4504,0.00843333333333333,0.0205333333333333,0.252366666666667
"1970",154,"2022-08-02 16:01:00","CRAM",0.0122,0.207566666666667,0.398666666666667,0.4504,0.00843333333333333,0.0205333333333333,0.252366666666667
"1971",155,"2022-09-12 16:00:00","CRAM",6e-04,9e-04,0.1861,0.2389,2e-04,0.005,0.0103
"1972",156,"2022-09-12 16:16:00","CRAM",8e-04,0.2677,0.4061,0.4617,0.0068,0.0171,0.0291
"1973",157,"2022-10-11 16:46:00","CRAM",0.00363333333333333,0.0164,0.232666666666667,0.2901,NA,0.0046,0.0128666666666667
"1974",158,"2022-10-11 16:46:00","CRAM",0.00363333333333333,0.0164,0.232666666666667,0.2901,NA,0.0046,0.0128666666666667
"1975",159,"2022-10-11 16:46:00","CRAM",0.00363333333333333,0.0164,0.232666666666667,0.2901,NA,0.0046,0.0128666666666667
"1976",160,"2022-10-11 17:14:00","CRAM",0.00236666666666667,0.3925,0.635066666666667,0.5931,0.0055,0.0185333333333333,0.0337
"1977",161,"2022-10-11 17:14:00","CRAM",0.00236666666666667,0.3925,0.635066666666667,0.5931,0.0055,0.0185333333333333,0.0337
"1978",162,"2022-10-11 17:14:00","CRAM",0.00236666666666667,0.3925,0.635066666666667,0.5931,0.0055,0.0185333333333333,0.0337
"1979",163,"2022-10-24 17:23:00","CRAM",4e-04,0.0033,0.2359,0.2836,NA,0.0055,0.0132
"1980",164,"2022-10-24 17:42:00","CRAM",9e-04,0.4659,0.7115,0.7036,0.0032,0.0148,0.0303
"1981",165,"2022-11-01 15:35:00","CRAM",0.0037,0.019,0.2454,0.3111,3e-04,0.0146,0.0145
"1982",166,"2022-11-01 16:05:00","CRAM",0.002,0.3919,0.6192,0.6296,0.0019,0.013,0.0291
"1983",167,"2022-11-15 17:39:00","CRAM",0.0065,0.0183,0.1545,0.2236,NA,0.0056,0.0256
"1984",168,"2023-02-07 18:12:00","CRAM",0.0096,0.0543,0.2827,0.3161,9e-04,0.0081,0.0121
"1985",169,"2023-03-13 17:44:00","CRAM",0.0125,0.0598,0.2992,0.3431,1e-04,0.0073,0.0264
"1986",170,"2023-04-04 18:09:00","CRAM",0.0203,0.0662,0.2913,0.3198,0.0011,0.005,0.0102
"1987",171,"2023-05-08 15:30:00","CRAM",0.0727,0.0053,0.3769,0.3316,3e-04,0.0045,0.0112
"1988",172,"2023-05-08 15:45:00","CRAM",0.0699,0.0981,0.3644,0.3831,0.0025,0.0074,0.02
"1989",173,"2023-06-05 15:03:00","CRAM",6e-04,0.0027,0.1916,0.2638,3e-04,0.0038,0.0087
"1990",174,"2023-06-05 15:47:00","CRAM",0.0562,0.0922,0.3349,0.3756,0.0017,0.0063,0.019
"1991",175,"2023-07-05 16:16:00","CRAM",0.002,0.0056,0.2596,0.3006,0.0011,0.0044,0.0088
"1992",176,"2023-07-05 16:49:00","CRAM",0.027,0.1044,0.372,0.4129,0.0053,0.0097,0.0215
"1993",177,"2023-08-01 15:00:00","CRAM",0.00265,0.1033,0.30785,0.3263,0.0046,0.01025,0.019
"1994",178,"2023-08-01 15:00:00","CRAM",0.00265,0.1033,0.30785,0.3263,0.0046,0.01025,0.019
"1995",179,"2023-08-28 15:53:00","CRAM",0.0045,0.0026,0.1929,0.2404,0.0024,0.0056,0.008
"1996",180,"2023-08-28 16:11:00","CRAM",0.0013,0.2995,0.5295,0.5591,0.0088,0.016,0.031
"1997",181,"2023-10-04 15:35:00","CRAM",0.0213,0.0038,0.2564,0.305,0.0012,0.0043,0.0096
"1998",182,"2023-10-04 15:39:00","CRAM",5e-04,0.3094,0.5439,0.5118,0.0047,0.0155,0.0298
"1999",183,"2023-10-16 15:17:00","CRAM",5e-04,0.0028,0.1313,0.2044,0.0022,0.0053,0.0093
"2000",184,"2023-10-16 15:31:00","CRAM",0.0476,0.4047,0.5038,0.5402,0.0068,0.0196,0.0359
"2001",185,"2023-11-07 18:01:00","CRAM",0.00653333333333333,0.0180333333333333,0.3,0.37,NA,0.0052,0.0096
"2002",186,"2023-11-07 18:01:00","CRAM",0.00653333333333333,0.0180333333333333,0.3,0.37,NA,0.0052,0.0096
"2003",187,"2023-11-07 18:01:00","CRAM",0.00653333333333333,0.0180333333333333,0.3,0.37,NA,0.0052,0.0096
"2004",188,"2024-01-08 17:35:00","CRAM",0.0509,0.0619,0.36,0.32,0,0.005,0.0209
"2005",189,"2024-02-05 17:20:00","CRAM",0.022,0.0486,0.4,0.34,NA,0.0056,0.0173
"2006",190,"2024-03-04 18:15:00","CRAM",0.0357,0.0934,0.29,0.24,NA,0.0072,0.0162
"2007",191,"2024-04-10 17:03:00","CRAM",0.0131,0.0297,0.29,0.24,7e-04,0.0039,0.0099
"2008",192,"2024-04-30 15:56:00","CRAM",0.0018,0.002,0.25,0.27,4e-04,0.0043,0.01
"2009",193,"2024-06-04 15:01:00","CRAM",0.0066,0.0274,0.24,0.31,2e-04,0.0063,0.0109
"2010",194,"2024-06-04 15:15:00","CRAM",0.0104,0.0731,0.26,0.76,0.0021,0.0111,0.0268
"2011",195,"2024-06-26 15:29:00","CRAM",0.0102,0.0293,0.24,0.31,3e-04,0.0065,0.0102
"2012",196,"2024-06-26 15:39:00","CRAM",0.0053,0.1035,0.35,0.53,0.006,0.017,0.0291
"2013",197,"2024-08-06 16:08:00","CRAM",0.002,0.0064,0.25,0.46,4e-04,0.0045,0.0116
"2014",198,"2024-08-06 16:17:00","CRAM",0.0021,0.1956,0.46,0.45,0.0089,0.0253,0.0346
"2015",199,"2024-09-04 16:18:00","CRAM",0.0015,0.0015,0.23,0.25,2e-04,0.0048,0.01
"2016",200,"2024-09-04 17:01:00","CRAM",0.0016,0.2934,0.54,0.59,0.0148,0.032,0.0478
"2017",201,"2024-10-01 15:36:00","CRAM",0.0041,0.0092,0.08,0.34,5e-04,0.0062,0.0082
"2018",202,"2024-10-01 15:39:00","CRAM",0.0022,0.3037,0.6,0.67,0.0046,0.026,0.0404
"2019",203,"2024-10-15 15:47:00","CRAM",0.0016,0.0073,0.23,0.27,NA,0.0022,0.0093
"2020",204,"2024-10-15 16:00:00","CRAM",0.0072,0.2444,0.46,0.55,0.0026,0.0147,0.0275
"2021",205,"2024-11-04 17:28:00","CRAM",0.0023,0.0018,0.13,0.33,9e-04,0.0074,0.0105
"2022",206,"2024-11-04 17:40:00","CRAM",0.0027,0.4574,0.82,0.92,0.0024,0.0207,0.0372
"2023",207,"2025-02-10 18:25:00","CRAM",0.0077,0.009,0.31,0.36,NA,0.006,0.0136
"2024",208,"2025-03-10 16:53:00","CRAM",0.0081,0.0314333333333333,0.356666666666667,0.34,6e-04,0.00543333333333333,0.00976666666666667
"2025",209,"2025-03-10 16:53:00","CRAM",0.0081,0.0314333333333333,0.356666666666667,0.34,6e-04,0.00543333333333333,0.00976666666666667
"2026",210,"2025-03-10 16:53:00","CRAM",0.0081,0.0314333333333333,0.356666666666667,0.34,6e-04,0.00543333333333333,0.00976666666666667
"2027",211,"2025-04-29 16:19:00","CRAM",0.0027,0.0039,0.26,0.28,6e-04,0.0055,0.0131
"2028",212,"2025-05-13 16:33:00","CRAM",0.0096,0.0014,0.3,0.4,0.0019,0.0094,0.0106
"2029",213,"2025-05-13 16:45:00","CRAM",0.0572,0.0049,0.3,0.31,0.0023,0.0078,0.0149
"2030",214,"2025-06-02 15:03:00","CRAM",0.0073,0.0016,0.27,0.45,0.0013,0.0068,0.01
"2031",215,"2025-06-02 15:13:00","CRAM",0.0073,0.0027,0.27,0.35,0.0025,0.0096,0.0168
"2032",216,"2025-06-24 14:46:00","CRAM",0.0112,0.0261,0.28,0.29,0.002,0.008,0.0105
"2033",217,"2025-06-24 15:03:00","CRAM",0.0039,0.038,0.26,0.39,9e-04,0.0087,0.0175
"2034",218,"2025-08-05 16:00:00","CRAM",0.0027,0.0034,0.27,0.29,0.001,0.0072,0.0056
"2035",219,"2025-08-05 16:10:00","CRAM",0.0117,0.1489,0.39,0.59,0.0027,0.0128,0.0287
"2036",220,"2025-09-03 14:40:00","CRAM",0.0012,0.0047,0.26,0.26,0.0012,0.0047,0.0097
"2037",221,"2025-09-03 14:54:00","CRAM",0.0542,0.1762,0.42,0.41,0.0031,0.0126,0.0273
"2038",222,"2025-09-30 14:42:00","CRAM",0.0043,0.0037,0.28,0.25,0.001,0.005,0.0103
"2039",223,"2025-09-30 14:58:00","CRAM",0.0017,0.1802,0.44,0.57,0.0028,0.012,0.0494
"2040",224,"2025-10-13 14:10:00","CRAM",0.003,0.0058,0.26,0.28,2e-04,0.004,0.0087
"2041",225,"2025-10-13 14:59:00","CRAM",0.0017,0.3077,0.58,0.5,0.0051,0.0151,0.0295
"2042",226,"2025-11-04 16:42:00","CRAM",0.0313,0.0549,0.31,0.29,0.0011,0.0061,0.0118
"2043",227,"2025-11-04 16:54:00","CRAM",0.0938,0.4612,0.82,0.79,0.0085,0.0296,0.0373
"2044",228,"2025-11-18 18:50:00","CRAM",0.0371,0.0638,0.35,0.39,0.0015,0.0075,0.0097
"2045",1,"2017-04-11 15:20:00","LIRO",0.025,0.074,0.3064,0.3155,0.017,0.007,0.009
"2046",2,"2017-04-11 16:00:00","LIRO",0.023,0.037,0.3084,0.3297,0.023,0.001,0.002
"2047",3,"2017-04-11 16:50:00","LIRO",0.017,0.066,0.3387,0.37,0.017,0.004,0.005
"2048",4,"2017-05-01 15:42:00","LIRO",0.003,0.044,0.2811,0.2602,0.018,0.003,0.006
"2049",5,"2017-05-01 16:27:00","LIRO",0.006,0.048,0.2927,0.2726,0.018,0.0035,0.005
"2050",6,"2017-05-01 18:02:00","LIRO",0.011,0.078,0.3676,0.3413,0.018,0.0025,0.004
"2051",7,"2017-06-05 14:55:00","LIRO",0.013,0.067,0.2206,0.2915,0.004,0.009,0.037
"2052",8,"2017-06-05 15:25:00","LIRO",0.012,0.073,0.2109,0.286,0.004,0.022,0.023
"2053",9,"2017-06-05 16:28:00","LIRO",0.011,0.065,0.2261,0.278,0.002,0.018,0.026
"2054",10,"2017-07-10 14:36:00","LIRO",0.001,NA,0.2373,0.3353,0.024,0.0139,0.015
"2055",11,"2017-07-10 15:07:00","LIRO",NA,0.018,0.2789,0.3183,0.023,0.001,0.0037
"2056",12,"2017-07-10 15:48:00","LIRO",0.004,NA,0.2648,0.3328,0.023,5e-04,0.004
"2057",13,"2017-07-31 14:34:00","LIRO",0.045,0.0249,0.257,0.3077,0.035,0.0089,0.0807
"2058",14,"2017-07-31 15:03:00","LIRO",0.0469,0.0314,0.3499,0.3136,0.035,0.0066,0.0119
"2059",15,"2017-07-31 15:54:00","LIRO",0.0447,0.0266,0.2742,0.3216,0.039,0.017,0.0274
"2060",16,"2017-08-28 14:30:00","LIRO",0.0282,0.0752,0.2862,0.3178,0.028,0.0085,0.012
"2061",17,"2017-08-28 15:12:00","LIRO",0.0281,0.0739,0.2978,0.2862,0.032,8e-04,0.005
"2062",18,"2017-08-28 15:34:00","LIRO",0.028,0.0651,0.2632,0.3333,0.028,0.0085,0.011
"2063",19,"2017-10-02 14:50:00","LIRO",0.0205,0.1057,0.1027,0.116,0.005,0.002,0.04
"2064",20,"2017-10-02 15:41:00","LIRO",0.0352,0.1381,0.1072,0.1304,0.011,0.012,0.044
"2065",21,"2017-10-02 16:00:00","LIRO",0.0269,0.0972,0.0823,0.1463,0.005,0.008,0.047
"2066",22,"2017-10-23 15:06:00","LIRO",NA,NA,NA,0.2002,NA,NA,0.029
"2067",23,"2017-10-23 15:42:00","LIRO",NA,NA,NA,0.1897,NA,NA,0.049
"2068",24,"2017-10-23 16:11:00","LIRO",NA,NA,NA,0.1772,NA,NA,0.037
"2069",25,"2017-11-06 16:26:00","LIRO",NA,NA,NA,0.2089,NA,NA,0.003
"2070",26,"2017-11-06 17:08:00","LIRO",0.0138,0.0997,0.1565,0.2041,0.028,0.002,0.004
"2071",27,"2017-11-06 17:26:00","LIRO",0.3871,0.109,0.1485,0.2024,0.017,0.003,0.006
"2072",28,"2018-02-12 17:40:00","LIRO",0.0594,0.1792,0.2893,0.3163,0.043,5e-04,0.002
"2073",29,"2018-03-06 18:01:00","LIRO",0.0668,0.0319,0.3338,0.3402,0.095,0.007,0.008
"2074",30,"2018-05-14 15:16:00","LIRO",0.0039,0.0279,0.3758,0.3998,0.019,5e-04,0.06
"2075",31,"2018-05-14 15:32:00","LIRO",0.0462,0.0288,0.4245,0.5278,0.016,0.0135,0.021
"2076",32,"2018-05-21 16:45:00","LIRO",0.0084,0.0445,0.3627,0.5042,0.02,5e-04,0.1053
"2077",33,"2018-05-21 16:54:00","LIRO",0.0057,0.0839,0.3655,0.4433,0.022,0.0124,0.0694
"2078",34,"2018-06-04 16:08:00","LIRO",0.0092,0.0131,0.216,0.2534,0.03,5e-04,0.1998
"2079",35,"2018-06-04 16:16:00","LIRO",0.013,0.0448,0.2045,0.3272,0.024,5e-04,0.015
"2080",36,"2018-07-02 13:47:00","LIRO",NA,NA,NA,NA,NA,NA,0.017
"2081",37,"2018-07-02 13:50:00","LIRO",NA,NA,NA,NA,NA,NA,0.062
"2082",38,"2018-08-06 15:45:00","LIRO",0.0164,0.0286,0.3181,0.3478,0.012,5e-04,0.002
"2083",39,"2018-09-04 15:01:00","LIRO",0.0111,0.0129,0.2808,0.316,0.016,0.0065,0.008
"2084",40,"2018-10-01 14:32:00","LIRO",0.0406,0.0284,0.2545,0.3234,0.034,5e-04,0.0045
"2085",41,"2018-10-22 15:22:00","LIRO",NA,0.0142,0.3265,0.3433,0.006,0.0035,0.0397
"2086",42,"2018-11-05 15:33:00","LIRO",NA,NA,0.3549,0.5473,0.022,5e-04,0.047
"2087",43,"2019-02-05 18:20:00","LIRO",NA,0.0729,0.335,0.453,0.234,0.0276,0.0382
"2088",44,"2019-03-05 20:16:00","LIRO",0.0501,0.0942,0.3517,0.3819,0.028,5e-04,NA
"2089",45,"2019-04-30 16:10:00","LIRO",NA,0.0251,0.1926,0.3061,0.035,5e-04,0.0152
"2090",46,"2019-05-13 16:55:00","LIRO",0.0329,0.0466,0.2545,0.2884,0.037,0.0027,0.2363
"2091",47,"2019-05-13 17:06:00","LIRO",0.0084,0.0316,0.263,0.3087,0.041,0.0229,0.0357
"2092",48,"2019-06-03 15:38:00","LIRO",NA,0.0869,0.2585,0.2546,0.041,0.0079,0.2207
"2093",49,"2019-07-01 15:09:00","LIRO",0.00743333333333333,0.0197333333333333,0.2417,0.27145,0.0240666666666667,0.00493333333333333,0.0126333333333333
"2094",50,"2019-07-01 15:09:00","LIRO",0.00743333333333333,0.0197333333333333,0.2417,0.27145,0.0240666666666667,0.00493333333333333,0.0126333333333333
"2095",51,"2019-07-01 15:09:00","LIRO",0.00743333333333333,0.0197333333333333,0.2417,0.27145,0.0240666666666667,0.00493333333333333,0.0126333333333333
"2096",52,"2019-07-01 15:35:00","LIRO",0.00693333333333333,0.0245,0.23185,0.28805,0.0275333333333333,0.0121333333333333,0.236166666666667
"2097",53,"2019-07-01 15:35:00","LIRO",0.00693333333333333,0.0245,0.23185,0.28805,0.0275333333333333,0.0121333333333333,0.236166666666667
"2098",54,"2019-07-01 15:35:00","LIRO",0.00693333333333333,0.0245,0.23185,0.28805,0.0275333333333333,0.0121333333333333,0.236166666666667
"2099",55,"2019-08-05 15:15:00","LIRO",0.00275,0.00465,0.2397,0.2162,NA,0.00925,0.039
"2100",56,"2019-08-05 15:15:00","LIRO",0.00275,0.00465,0.2397,0.2162,NA,0.00925,0.039
"2101",57,"2019-09-04 14:42:00","LIRO",NA,0.0336,0.2553,0.25275,NA,0.0100333333333333,0.1714
"2102",58,"2019-09-04 14:42:00","LIRO",NA,0.0336,0.2553,0.25275,NA,0.0100333333333333,0.1714
"2103",59,"2019-09-04 14:42:00","LIRO",NA,0.0336,0.2553,0.25275,NA,0.0100333333333333,0.1714
"2104",60,"2019-09-30 15:43:00","LIRO",NA,0.01785,0.219,0.2789,NA,0.00745,0.05245
"2105",61,"2019-09-30 15:43:00","LIRO",NA,0.01785,0.219,0.2789,NA,0.00745,0.05245
"2106",62,"2019-10-22 15:16:00","LIRO",NA,0.129725,0.234866666666667,0.262166666666667,0.0595,0.01125,0.20685
"2107",63,"2019-10-22 15:16:00","LIRO",NA,0.129725,0.234866666666667,0.262166666666667,0.0595,0.01125,0.20685
"2108",64,"2019-10-22 15:16:00","LIRO",NA,0.129725,0.234866666666667,0.262166666666667,0.0595,0.01125,0.20685
"2109",65,"2019-10-22 15:16:00","LIRO",NA,0.129725,0.234866666666667,0.262166666666667,0.0595,0.01125,0.20685
"2110",66,"2019-11-04 16:19:00","LIRO",0.0026,0.03005,0.2191,0.2178,NA,0.0067,0.1613
"2111",67,"2019-11-04 16:19:00","LIRO",0.0026,0.03005,0.2191,0.2178,NA,0.0067,0.1613
"2112",68,"2020-01-21 19:40:00","LIRO",0.0614,0.1294,0.2727,0.2862,0.0159,5e-04,0.018
"2113",69,"2020-02-04 19:35:00","LIRO",0.0661,0.039,0.3472,0.3762,0.0181,5e-04,0.011
"2114",70,"2020-03-03 19:05:00","LIRO",0.0951,0.0022,0.3594,0.3232,0.004,0.009,0.015
"2115",71,"2020-06-29 16:03:00","LIRO",6e-04,0.0026,0.262433333333333,0.3076,0.001,0.0084,0.0186
"2116",72,"2020-08-03 15:39:00","LIRO",6e-04,0.0061,0.267766666666667,0.301166666666667,NA,0.0096,0.0147
"2117",73,"2020-09-08 15:32:00","LIRO",NA,0.0026,0.2732,0.2854,2e-04,0.0089,0.0126
"2118",74,"2020-10-05 15:42:00","LIRO",0.0017,0.0032,0.173233333333333,0.3105,NA,0.0088,0.0159
"2119",75,"2020-10-27 18:58:00","LIRO",0.0071,0.0213,0.1622,0.2126,2e-04,0.0114,0.0146
"2120",76,"2021-02-02 19:25:00","LIRO",0.0228,0.0471,0.2813,0.2993,0.0018,0.009,0.0159
"2121",77,"2021-03-02 19:05:00","LIRO",0.0338,0.0415,0.3616,0.3958,0.0011,0.0154,0.0153
"2122",78,"2021-04-19 16:46:00","LIRO",0.0014,0.0044,0.1976,0.2604,NA,0.0119,0.0158
"2123",79,"2021-04-19 16:51:00","LIRO",0.0169,0.029,0.1899,0.31,4e-04,0.0162,0.0229
"2124",80,"2021-05-11 18:02:00","LIRO",3e-04,0.0029,0.2234,0.2771,NA,0.0077,0.0151
"2125",81,"2021-05-11 18:12:00","LIRO",0.0113,0.0669,0.2947,0.3194,0.0029,0.0225,0.0286
"2126",82,"2021-06-02 16:30:00","LIRO",0.0015,0.002,0.2187,0.2469,NA,0.0106,0.0148
"2127",83,"2021-07-12 15:44:00","LIRO",2e-04,0.0011,0.1655,0.2114,NA,0.0076,0.0173
"2128",84,"2021-08-02 17:01:00","LIRO",0.000766666666666667,0.000833333333333333,0.188033333333333,0.225466666666667,NA,0.00483333333333333,0.0153
"2129",85,"2021-08-02 17:01:00","LIRO",0.000766666666666667,0.000833333333333333,0.188033333333333,0.225466666666667,NA,0.00483333333333333,0.0153
"2130",86,"2021-08-02 17:01:00","LIRO",0.000766666666666667,0.000833333333333333,0.188033333333333,0.225466666666667,NA,0.00483333333333333,0.0153
"2131",87,"2021-09-13 17:24:00","LIRO",NA,0.0051,0.2266,0.2097,NA,0.0064,0.0099
"2132",88,"2021-10-04 16:31:00","LIRO",NA,0.0054,0.182,0.2379,NA,0.0069,0.0068
"2133",89,"2021-10-26 17:31:00","LIRO",0.0032,0.0215,0.228,0.2625,2e-04,0.0081,0.0154
"2134",90,"2021-11-01 18:24:00","LIRO",0.0057,0.0329,0.2318,0.284,9e-04,0.0092,0.0185
"2135",91,"2021-11-15 18:42:00","LIRO",0.0106,0.0151,0.2497,0.2967,NA,0.0075,0.016
"2136",92,"2022-02-01 18:56:00","LIRO",0.0232,0.0472,NA,0.3997,0.0014,0.0091,0.0126
"2137",93,"2022-03-01 18:06:00","LIRO",0.0815,0.0191,0.3163,0.3519,0.0011,0.0068,0.013
"2138",94,"2022-05-11 16:33:00","LIRO",0.0039,0.0081,0.2273,0.2762,NA,0.0082,0.0142
"2139",95,"2022-05-11 16:52:00","LIRO",0.0586,0.0083,0.253,0.3662,0.001,0.0086,0.0168
"2140",96,"2022-06-07 17:02:00","LIRO",0,9e-04,0.2099,0.2779,NA,0.0075,0.0136
"2141",97,"2022-06-07 17:15:00","LIRO",6e-04,0.0137,0.2224,0.3472,0.0036,0.013,0.0363
"2142",98,"2022-07-11 15:49:00","LIRO",0.002,0.0086,0.1876,0.2368,2e-04,0.0079,0.0198
"2143",99,"2022-07-11 16:01:00","LIRO",8e-04,0.0161,0.1777,0.2585,0.0027,0.0135,0.0463
"2144",100,"2022-08-01 16:59:00","LIRO",0.00113333333333333,0.00703333333333333,0.2305,0.268933333333333,0.000133333333333333,0.00763333333333333,0.0131666666666667
"2145",101,"2022-08-01 16:59:00","LIRO",0.00113333333333333,0.00703333333333333,0.2305,0.268933333333333,0.000133333333333333,0.00763333333333333,0.0131666666666667
"2146",102,"2022-08-01 16:59:00","LIRO",0.00113333333333333,0.00703333333333333,0.2305,0.268933333333333,0.000133333333333333,0.00763333333333333,0.0131666666666667
"2147",103,"2022-09-06 15:16:00","LIRO",5e-04,0.0033,0.172,0.1956,NA,0.0073,0.0113
"2148",104,"2022-10-03 16:08:00","LIRO",0.001,0.0019,0.262366666666667,0.2978,0.000433333333333333,0.00716666666666667,0.0143666666666667
"2149",105,"2022-10-03 16:08:00","LIRO",0.001,0.0019,0.262366666666667,0.2978,0.000433333333333333,0.00716666666666667,0.0143666666666667
"2150",106,"2022-10-03 16:08:00","LIRO",0.001,0.0019,0.262366666666667,0.2978,0.000433333333333333,0.00716666666666667,0.0143666666666667
"2151",107,"2022-10-17 16:12:00","LIRO",0.0025,0.0095,0.2261,0.2662,0,0.0077,0.0177
"2152",108,"2022-10-31 16:24:00","LIRO",NA,0.0014,0.2477,0.2659,1e-04,0.0082,0.017
"2153",109,"2023-01-10 18:51:00","LIRO",0.0068,0.0593,0.3191,0.273,0.0045,0.0158,0.0176
"2154",110,"2023-02-14 17:04:00","LIRO",0.0297,0.0618,0.2478,0.2919,0.0025,0.0119,0.0145
"2155",111,"2023-03-07 18:32:00","LIRO",0.0396,0.0425,0.3359,0.3386,0.0016,0.0115,0.0148
"2156",112,"2023-05-09 16:10:00","LIRO",0.0645,0.0033,0.253,0.3053,NA,0.0084,0.0142
"2157",113,"2023-05-09 16:25:00","LIRO",0.0812,0.0191,0.2612,0.3177,NA,0.0081,0.0175
"2158",114,"2023-05-31 18:20:00","LIRO",0.0028,0.0121,0.2553,0.3151,NA,0.0098,0.0123
"2159",115,"2023-05-31 18:29:00","LIRO",3e-04,0.0029,0.2317,0.5179,9e-04,0.0111,0.0432
"2160",116,"2023-07-11 15:12:00","LIRO",0.0015,0.0048,0.2769,0.3043,0.0026,0.0061,0.0126
"2161",117,"2023-08-07 16:38:00","LIRO",0.0027,0.0028,0.2118,0.2567,0.0023,0.0058,0.0126
"2162",118,"2023-08-29 17:36:00","LIRO",6e-04,0.0038,0.1882,0.2258,0.0012,0.0049,0.0131
"2163",119,"2023-10-23 16:35:00","LIRO",0.0199,0.0156,0.0184,NA,7e-04,0.0093,0.015
"2164",120,"2023-11-06 17:30:00","LIRO",NA,0.0346666666666667,0.293333333333333,0.343333333333333,0.000566666666666667,0.0077,0.0131666666666667
"2165",121,"2023-11-06 17:30:00","LIRO",NA,0.0346666666666667,0.293333333333333,0.343333333333333,0.000566666666666667,0.0077,0.0131666666666667
"2166",122,"2023-11-06 17:30:00","LIRO",NA,0.0346666666666667,0.293333333333333,0.343333333333333,0.000566666666666667,0.0077,0.0131666666666667
"2167",123,"2024-01-09 18:10:00","LIRO",0.0249,0.0801,0.29,0.36,3e-04,0.0083,0.0209
"2168",124,"2024-02-06 16:07:00","LIRO",0.0327,0.115,0.35,0.33,4e-04,0.0078,0.0175
"2169",125,"2024-04-09 16:02:00","LIRO",0.0027,0.0027,0.21,0.22,9e-04,0.004,0.0133
"2170",126,"2024-05-08 15:56:00","LIRO",0.0075,0.033,0.28,0.27,3e-04,0.0052,0.0137
"2171",127,"2024-05-08 16:10:00","LIRO",4e-04,0.0027,0.24,0.49,5e-04,0.0036,0.0112
"2172",128,"2024-06-11 16:43:00","LIRO",0.0012,0.0035,0.22,0.24,9e-04,0.0094,0.0111
"2173",129,"2024-07-01 16:45:00","LIRO",0.0011,0.0042,0.22,0.3,6e-04,0.0073,0.0118
"2174",130,"2024-07-30 15:02:00","LIRO",NA,0.0023,0.23,0.25,3e-04,0.0063,0.0094
"2175",131,"2024-08-27 15:54:00","LIRO",0.0032,0.0073,0.24,0.25,1e-04,0.0065,0.0155
"2176",132,"2024-09-30 15:51:00","LIRO",0.0033,0.0112,0.2,0.29,8e-04,0.004,0.013
"2177",133,"2024-10-22 15:00:00","LIRO",0.0117,0.045,0.27,0.33,8e-04,0.0087,0.0362
"2178",134,"2024-11-12 15:58:00","LIRO",0.0177,0.0457,0.28,0.29,0.0017,0.0097,0.0133
"2179",135,"2025-02-03 17:45:00","LIRO",0.0304,0.0226,0.31,0.36,3e-04,0.009,0.0183
"2180",136,"2025-03-17 16:52:00","LIRO",0.0521666666666667,0.0853,0.313333333333333,0.316666666666667,0.00103333333333333,0.0039,0.00943333333333333
"2181",137,"2025-03-17 16:52:00","LIRO",0.0521666666666667,0.0853,0.313333333333333,0.316666666666667,0.00103333333333333,0.0039,0.00943333333333333
"2182",138,"2025-03-17 16:52:00","LIRO",0.0521666666666667,0.0853,0.313333333333333,0.316666666666667,0.00103333333333333,0.0039,0.00943333333333333
"2183",139,"2025-04-23 15:34:00","LIRO",0.0372,0.0164,0.24,0.26,8e-04,0.0068,0.0167
"2184",140,"2025-05-07 15:29:00","LIRO",0.034,0.0026,0.24,0.61,0.002,0.0066,0.0115
"2185",141,"2025-05-07 16:00:00","LIRO",0.0589,0.0046,0.24,0.23,0.0017,0.0063,0.0227
"2186",142,"2025-06-03 15:25:00","LIRO",0.0234,0.0026,0.2,0.38,0.001,0.0065,0.0116
"2187",143,"2025-06-30 16:45:00","LIRO",0.0045,0.003,0.25,0.26,2e-04,0.0059,0.0111
"2188",144,"2025-08-11 14:58:00","LIRO",0.0113,0.0261,0.22,0.26,4e-04,0.0063,0.009
"2189",145,"2025-08-26 14:33:00","LIRO",0.0033,0.0137,0.25,0.26,0.0013,0.0049,0.0118
"2190",146,"2025-09-29 15:04:00","LIRO",0.0284,0.0566,0.24,0.22,NA,0.0047,0.0106
"2191",147,"2025-10-22 15:15:00","LIRO",0.0164,0.0554,0.3,0.28,0.0034,0.0082,0.0126
"2192",148,"2025-11-03 17:30:00","LIRO",0.028,0.0603,0.34,0.4,0.0033,0.0109,0.0151
"2193",149,"2025-11-17 17:41:00","LIRO",0.0527,0.0679,0.36,0.36,0.0034,0.0129,0.0135
"2194",1,"2017-04-04 15:47:00","KING",0.132,0.004,0.2676,0.2007,0.024,0.031,0.035
"2195",2,"2017-04-10 16:29:00","KING",0.038,0.016,0.2198,0.2092,0.024,0.019,0.022
"2196",3,"2017-04-19 15:03:00","KING",0.151,0.027,0.1608,0.0077,0.017,0.024,0.031
"2197",4,"2017-04-27 16:20:00","KING",0.073,0.073,0.1338,0.1413,0.017,0.022,0.025
"2198",5,"2017-05-02 16:31:00","KING",0.03,0.041,0.2155,0.0013,0.015,0.0165,0.019
"2199",6,"2017-05-09 14:05:00","KING",0.02,0.031,NA,9e-04,0.016,0.0215,0.028
"2200",7,"2017-05-17 13:10:00","KING",0.034,0.012,0.1252,0.2345,0.011,0.032,0.035
"2201",8,"2017-05-24 14:50:00","KING",0.051,0.012,0.1243,0.1422,0.011,0.011,0.013
"2202",9,"2017-05-30 15:00:00","KING",0.09,0.073,0.1648,0.1465,0.001,0.024,0.025
"2203",10,"2017-06-06 15:20:00","KING",0.084,0.04,0.1629,0.1696,0.001,0.017,0.019
"2204",11,"2017-06-20 13:45:00","KING",0.133,0.117,0.1653,0.1563,0.002,0.0481,0.052
"2205",12,"2017-06-26 17:49:00","KING",0.07,0.214,0.1357,0.1638,0.027,0.0084,0.01
"2206",13,"2017-07-05 14:00:00","KING",0.086,0.055,0.1299,0.1389,0.028,0.0139,0.018
"2207",14,"2017-07-17 12:55:00","KING",0.062,0.013,0.2655,0.1799,0.025,0.0045,0.1353
"2208",15,"2017-08-01 14:10:00","KING",0.1043,0.0743,0.1212,0.1533,0.035,0.055,0.0847
"2209",16,"2017-08-09 15:00:00","KING",0.07,0.031,0.1777,0.2419,0.027,0.0112,0.0722
"2210",17,"2017-09-05 14:45:00","KING",0.0516,0.0176,0.2319,0.2542,0.025,0.0139,0.015
"2211",18,"2017-10-03 13:37:00","KING",0.01645,1.0669,1.928,2.051,0.136,0.275,0.2815
"2212",19,"2017-10-03 13:37:00","KING",0.01645,1.0669,1.928,2.051,0.136,0.275,0.2815
"2213",20,"2017-11-01 16:22:00","KING",0.2598,0.1094,9e-04,NA,0.019,0.119,0.124
"2214",21,"2017-11-08 16:08:00","KING",0.01,0.1282,0.0409,0.0607,0.009,0.029,0.032
"2215",22,"2017-12-05 16:23:00","KING",0.0124,0.1035,NA,0.0431,0.012,0.05,0.053
"2216",23,"2018-01-02 16:10:00","KING",0.0212,0.1086,0.0624,0.0779,0.047,0.036,0.038
"2217",24,"2018-02-07 16:09:00","KING",0.0105,0.099,0.0962,0.2469,0.032,0.006,0.007
"2218",25,"2018-03-05 16:40:00","KING",0.0985,NA,0.13,0.11,0.011,0.004,0.005
"2219",26,"2018-03-07 15:25:00","KING",0.1116,NA,0.1143,0.1346,0.029,0.007,0.014
"2220",27,"2018-03-28 13:40:00","KING",0.0935,0.018,1.265,1.172,0.055,0.011,0.012
"2221",28,"2018-04-03 16:05:00","KING",0.0999,0.0091,0.8579,1.247,0.064,0.003,0.0051
"2222",29,"2018-04-10 17:00:00","KING",0.0964,0.002,0.1976,0.2272,0.064,0.0051,0.1054
"2223",30,"2018-04-16 13:26:00","KING",0.1025,0.0049,0.2035,0.2091,0.032,0.0152,0.0474
"2224",31,"2018-04-23 14:20:00","KING",0.0842,0.0127,0.3471,0.2684,0.065,0.0217,0.049
"2225",32,"2018-05-07 14:35:00","KING",0.0969,0.1468,0.3406,0.3335,0.036,5e-04,0.002
"2226",33,"2018-05-09 14:11:00","KING",0.06755,0.0329,0.35055,0.4216,0.023,0.00145,0.01455
"2227",34,"2018-05-09 14:11:00","KING",0.06755,0.0329,0.35055,0.4216,0.023,0.00145,0.01455
"2228",35,"2018-05-15 14:34:00","KING",0.0404,0.0507,0.2771,0.4505,0.017,5e-04,0.004
"2229",36,"2018-05-21 14:45:00","KING",0.0887,0.08,0.363,0.3652,0.021,0.0165,0.0867
"2230",37,"2018-06-04 14:51:00","KING",0.0304,0.0018,0.0775,0.1326,0.024,5e-04,0.0363
"2231",38,"2018-06-06 14:36:00","KING",0.0214,0.0114,0.0632,0.7557,0.024,5e-04,0.1582
"2232",39,"2018-06-18 15:14:00","KING",0.0231,0.0507,0.1803,0.4626,0.018,0.0184,0.0501
"2233",40,"2018-07-02 17:46:00","KING",2e-04,0.02,0.2436,0.3217,0.017,5e-04,0.145
"2234",41,"2018-07-09 14:45:00","KING",NA,NA,NA,NA,NA,NA,0.204
"2235",42,"2018-07-17 14:05:00","KING",0.0018,0.0305,0.1562,0.3136,0.035,0.011,0.204
"2236",43,"2018-08-06 15:25:00","KING",0.0126,0.0081,0.1974,1.437,0.012,5e-04,0.012
"2237",44,"2018-08-08 14:01:00","KING",0.0211,0.0846,0.3699,1.139,0.012,0.0116,0.117
"2238",45,"2018-09-04 13:51:00","KING",0.4346,0.0043,0.5865,0.5579,0.037,0.0494,0.052
"2239",46,"2018-10-02 14:33:00","KING",0.0597,0.024,0.1385,0.6185,0.007,0.001,0.0067
"2240",47,"2018-10-31 16:12:00","KING",0.3225,0.0106,0.4338,0.3784,NA,0.0415,0.062
"2241",48,"2018-11-06 15:04:00","KING",0.4232,NA,0.5548,0.8312,NA,0.0378,0.042
"2242",49,"2018-12-04 16:16:00","KING",NA,0.0208,0.2332,0.2156,0.16,0.044,0.0902
"2243",50,"2019-01-02 15:14:00","KING",NA,NA,0.146,0.14845,NA,0.002,0.08905
"2244",51,"2019-01-02 15:14:00","KING",NA,NA,0.146,0.14845,NA,0.002,0.08905
"2245",52,"2019-02-04 15:40:00","KING",NA,0.0182,0.1149,0.1531,0.314,0.0106,0.0371
"2246",53,"2019-03-04 16:35:00","KING",NA,0.0917,0.0686,0.1079,0.027,5e-04,0.042
"2247",54,"2019-03-12 14:55:00","KING",NA,0.0793,0.1225,0.2424,0.047,0.0181,0.138
"2248",55,"2019-03-27 15:06:00","KING",NA,0.1103,0.1394,0.1361,0.041,0.026,0.067
"2249",56,"2019-04-01 15:55:00","KING",NA,0.0064,0.0952,0.0943,0.039,0.0274,0.126
"2250",57,"2019-04-08 15:45:00","KING",NA,0.0634,0.0958,0.1248,0.035,5e-04,0.257
"2251",58,"2019-04-15 13:42:00","KING",NA,0.0358,0.1324,0.0982,0.031,0.0246,0.032
"2252",59,"2019-04-30 14:35:00","KING",NA,0.028,0.0586,0.0815,0.034,0.0149,0.0811
"2253",60,"2019-05-06 16:15:00","KING",NA,0.0184,0.0939,0.1426,0.024,0.0085,0.1496
"2254",61,"2019-05-14 15:25:00","KING",0.0352,0.0257,0.1734,0.1634,0.035,0.008,0.1294
"2255",62,"2019-05-20 14:33:00","KING",0.0512,0.1252,0.1621,0.1818,0.044,5e-04,0.0559
"2256",63,"2019-06-03 17:08:00","KING",NA,0.0465,0.1917,0.1739,0.037,0.009,0.4078
"2257",64,"2019-06-05 17:28:00","KING",NA,0.0294,0.1368,0.1342,0.0176,0.0095,0.10555
"2258",65,"2019-06-05 17:28:00","KING",NA,0.0294,0.1368,0.1342,0.0176,0.0095,0.10555
"2259",66,"2019-06-10 18:08:00","KING",NA,0.0209,0.1765,0.2086,0.0177,0.01365,0.18545
"2260",67,"2019-06-10 18:08:00","KING",NA,0.0209,0.1765,0.2086,0.0177,0.01365,0.18545
"2261",68,"2019-06-18 14:20:00","KING",0.03405,0.0117,0.1198,0.0813,0.0183,0.0179,0.05195
"2262",69,"2019-06-18 14:20:00","KING",0.03405,0.0117,0.1198,0.0813,0.0183,0.0179,0.05195
"2263",70,"2019-07-02 14:31:00","KING",0.03705,0.0163,0.2398,0.1351,0.019,0.014,0.0188
"2264",71,"2019-07-02 14:31:00","KING",0.03705,0.0163,0.2398,0.1351,0.019,0.014,0.0188
"2265",72,"2019-07-08 14:57:00","KING",0.0351,0.0142333333333333,0.16135,0.15475,0.0246666666666667,0.0189333333333333,0.0934
"2266",73,"2019-07-08 14:57:00","KING",0.0351,0.0142333333333333,0.16135,0.15475,0.0246666666666667,0.0189333333333333,0.0934
"2267",74,"2019-07-08 14:57:00","KING",0.0351,0.0142333333333333,0.16135,0.15475,0.0246666666666667,0.0189333333333333,0.0934
"2268",75,"2019-07-16 14:45:00","KING",0.0435,0.0364,0.1198,0.1421,0.019,0.0211,0.13515
"2269",76,"2019-07-16 14:45:00","KING",0.0435,0.0364,0.1198,0.1421,0.019,0.0211,0.13515
"2270",77,"2019-08-05 14:48:00","KING",0.0481,0.0297,0.1185,0.1021,0.01965,0.0308,0.1308
"2271",78,"2019-08-05 14:48:00","KING",0.0481,0.0297,0.1185,0.1021,0.01965,0.0308,0.1308
"2272",79,"2019-08-07 16:06:00","KING",0.16185,0.0144,0.2485,0.2198,NA,0.0459,0.09545
"2273",80,"2019-08-07 16:06:00","KING",0.16185,0.0144,0.2485,0.2198,NA,0.0459,0.09545
"2274",81,"2019-09-04 16:35:00","KING",0.0449,0.01005,0.1043,0.1036,0.072,0.01445,0.11115
"2275",82,"2019-09-04 16:35:00","KING",0.0449,0.01005,0.1043,0.1036,0.072,0.01445,0.11115
"2276",83,"2019-09-30 17:31:00","KING",0.04835,0.0083,0.1184,0.1291,0.024,0.0266,0.153
"2277",84,"2019-09-30 17:31:00","KING",0.04835,0.0083,0.1184,0.1291,0.024,0.0266,0.153
"2278",85,"2019-10-29 13:35:00","KING",0.03285,0.2192,0.2018,0.1931,0.32865,0.0228,0.18485
"2279",86,"2019-10-29 13:35:00","KING",0.03285,0.2192,0.2018,0.1931,0.32865,0.0228,0.18485
"2280",87,"2019-11-05 15:29:00","KING",0.0106,0.0294333333333333,0.0313,0.02795,0.2757,0.0194666666666667,0.2191
"2281",88,"2019-11-05 15:29:00","KING",0.0106,0.0294333333333333,0.0313,0.02795,0.2757,0.0194666666666667,0.2191
"2282",89,"2019-11-05 15:29:00","KING",0.0106,0.0294333333333333,0.0313,0.02795,0.2757,0.0194666666666667,0.2191
"2283",90,"2019-12-03 16:32:00",NA,NA,NA,NA,0.0829,NA,NA,0.026
"2284",91,"2020-01-07 15:18:00","KING",0.0447,0.0263,0.0926,0.0756,0.0034,0.013,0.023
"2285",92,"2020-02-04 15:50:00","KING",0.0294,0.08385,0.139,0.1529,0.019,0.051,0.067
"2286",93,"2020-02-04 15:50:00","KING",0.0294,0.08385,0.139,0.1529,0.019,0.051,0.067
"2287",94,"2020-03-03 15:37:00","KING",0.0107,0.0623,0.1578,0.1736,0.0225,0.057,0.063
"2288",95,"2020-03-10 14:20:00","KING",0.0119,0.0649,0.1874,0.1325,0.0318,0.066,0.075
"2289",96,"2020-06-02 16:18:00","KING",0.0326,0.0021,NA,NA,0.0043,0.0185,0.0195
"2290",97,"2020-06-15 17:45:00","KING",0.0463,0.0036,0.20885,0.18215,0.0049,0.0234,0.026
"2291",98,"2020-06-29 14:50:00","KING",0.0767,0.0048,0.1724,0.1312,0.009,0.0301,0.0315
"2292",99,"2020-07-01 14:22:00","KING",0.0781,0.0052,0.134,0.1716,0.0048,0.0311,0.0303
"2293",100,"2020-07-15 15:49:00","KING",0.1848,0.0054,0.2611,0.2643,0.0171,0.046,0.0522
"2294",101,"2020-08-03 16:23:00","KING",0.0804,0.0053,0.1753,0.2059,0.0099,0.0324,0.0361
"2295",102,"2020-08-10 14:38:00","KING",0.0638,0.003,0.1544,0.1634,0.0095,0.0322,0.0352
"2296",103,"2020-09-01 16:05:00","KING",0.032,0.0046,0.083,0.0963,0.0103,0.032,0.043
"2297",104,"2020-09-14 15:38:00","KING",0.0324,0.0049,0.13785,NA,0.0092,0.0337,0.0373
"2298",105,"2020-10-05 14:15:00","KING",0.0165,0.0053,0.134,0.1367,0.0125,0.0476,0.0533
"2299",106,"2020-11-03 16:15:00","KING",0.0066,0.009,0.0366,0.0583,0.0188,0.0474,0.0554
"2300",107,"2020-11-09 14:36:00","KING",NA,2e-04,0.0374,0.0965,0.0234,0.0563,0.0867
"2301",108,"2020-12-01 17:20:00","KING",0.0544,0.0072,0.0643,0.0498,0.0177,0.0499,0.0528
"2302",109,"2021-01-05 20:10:00","KING",0.0186,0.0033,0.1823,0.1759,0.0105,0.0413,0.0424
"2303",110,"2021-02-02 15:44:00","KING",0.0234,0.0032,0.0889,0.1135,0.0096,0.0385,0.0431
"2304",111,"2021-03-02 17:15:00","KING",0.0625,0.0033,0.1557,0.1497,0.0126,0.0436,0.0504
"2305",112,"2021-03-09 16:40:00","KING",0.03035,0.00115,0.1069,0.1171,0.01355,0.04175,0.045
"2306",113,"2021-03-09 16:40:00","KING",0.03035,0.00115,0.1069,0.1171,0.01355,0.04175,0.045
"2307",114,"2021-04-08 18:03:00","KING",0.1011,0.003,0.1976,0.1917,0.0103,0.0359,0.0569
"2308",115,"2021-04-12 15:21:00","KING",0.0035,0.001,0.165,0.1675,0.0065,0.028,0.0342
"2309",116,"2021-04-19 14:20:00","KING",0.7623,0.0055,0.8231,0.8051,0.0196,0.0627,0.0577
"2310",117,"2021-04-27 18:51:00","KING",0.1113,0.0023,0.2058,0.1958,0.0099,0.0301,0.042
"2311",118,"2021-05-10 17:02:00","KING",0.204,0.0066,0.2755,0.2737,0.0097,0.0326,0.0381
"2312",119,"2021-05-12 14:09:00","KING",0.2231,0.0085,0.2905,0.2951,0.0077,0.0326,0.0365
"2313",120,"2021-05-24 17:13:00","KING",0.0363,0.0018,0.148,0.1365,0.003,0.0189,0.0205
"2314",121,"2021-06-01 16:48:00","KING",0.0332,0.0012,0.1437,0.1242,0.003,0.017,0.0184
"2315",122,"2021-06-08 15:11:00","KING",0.039,0.0018,0.1395,0.1141,0.0038,0.0191,0.0207
"2316",123,"2021-06-14 14:32:00","KING",0.0609,0.0024,0.089,0.094,0.0032,0.0296,NA
"2317",124,"2021-06-29 14:23:00","KING",0.1421,0.0033,0.1533,0.1587,0.0049,0.0351,0.033
"2318",125,"2021-07-14 16:39:00","KING",0.1086,0.004,0.0902,0.1158,0.005,0.0378,0.0321
"2319",126,"2021-08-04 17:38:00","KING",0.0877,0.0035,0.1392,0.113,0.0054,0.0327,0.0321
"2320",127,"2021-08-10 17:40:00","KING",0.1184,0.0058,0.1018,0.1374,0.0051,0.0339,0.0355
"2321",128,"2021-09-01 15:02:00","KING",0.0982,0.0072,0.1392,0.1371,0.0076,0.0437,0.0382
"2322",129,"2021-10-04 15:52:00","KING",0.1072,0.0065,0.1066,0.1273,0.0064,0.0421,0.0398
"2323",130,"2021-11-16 18:00:00","KING",0.0187,0.002,0.103,0.1388,0.0096,0.0524,0.0507
"2324",131,"2021-12-01 15:46:00","KING",0.0031,NA,0.1184,0.1331,0.005,0.0281,0.2168
"2325",132,"2022-01-04 18:39:00","KING",0.0206,0.0016,0.0613,0.0775,0.012,0.0304,0.0428
"2326",133,"2022-02-01 15:43:00","KING",0.0075,0.001,NA,0.0091,0.0125,0.0284,0.0462
"2327",134,"2022-03-01 16:18:00","KING",0.0016,0.0018,0.1242,0.1558,0.0098,0.0276,0.0534
"2328",135,"2022-03-09 17:13:00","KING",0.0034,0.0439,0.0923,0.1566,9e-04,0.0235,0.0278
"2329",136,"2022-03-30 15:04:00","KING",0.008,0.0425,0.0929,0.1553,0.0124,0.0782,0.0828
"2330",137,"2022-04-20 14:01:00","KING",0.0156,0.0252,0.1721,0.1693,0.002,0.0306,0.0296
"2331",138,"2022-05-02 16:04:00","KING",0.0398,0.0133,0.1057,0.162,0.0024,0.0254,0.0291
"2332",139,"2022-05-09 15:17:00","KING",0.0304,0.0187,0.1362,0.1592,0.0097,0.0295,0.029
"2333",140,"2022-05-11 16:15:00","KING",0.0365666666666667,0.0116,0.155533333333333,0.177033333333333,0.00543333333333333,0.0302333333333333,0.0285333333333333
"2334",141,"2022-05-11 16:15:00","KING",0.0365666666666667,0.0116,0.155533333333333,0.177033333333333,0.00543333333333333,0.0302333333333333,0.0285333333333333
"2335",142,"2022-05-11 16:15:00","KING",0.0365666666666667,0.0116,0.155533333333333,0.177033333333333,0.00543333333333333,0.0302333333333333,0.0285333333333333
"2336",143,"2022-05-23 15:18:00","KING",0.0651,0.0252,0.155,0.1882,0.0057,0.0259,0.0478
"2337",144,"2022-05-31 19:18:00","KING",0.0236,0.0466,0.2707,0.245,0.0046,0.0221,0.0362
"2338",145,"2022-06-07 18:16:00","KING",0.0273,0.0365,0.0954,0.1338,0.0029,0.018,0.0186
"2339",146,"2022-06-15 19:20:00","KING",0.0349,0.0233,0.1286,0.137,0.0033,0.0203,0.0196
"2340",147,"2022-06-29 14:13:00","KING",0.0338,0.004,NA,NA,0.0054,0.0208,0.0206
"2341",148,"2022-07-11 13:58:00","KING",0.0359,NA,0.1143,0.1271,0.0034,0.0224,0.0213
"2342",149,"2022-08-01 13:50:00","KING",0.0754,6e-04,0.1291,0.1209,0.0036,0.0324,0.0333
"2343",150,"2022-08-09 14:22:00","KING",0.0791,8e-04,0.1196,0.1044,0.0118,0.0328,0.0317
"2344",151,"2022-09-12 14:38:00","KING",0.0661,0.0017,0.0343,0.0309,0.0146,0.0325,0.0317
"2345",152,"2022-10-12 14:30:00","KING",0.2112,0.0039,0.2727,0.2608,0.0148,0.0387,0.0411
"2346",153,"2022-11-16 15:56:00","KING",0.0485,0.0169,0.007,0.0591,0.0112,0.0355,0.0426
"2347",154,"2023-01-04 15:56:00","KING",0.0986,0.0219,0.137,0.2604,0.0146,0.0357,0.0737
"2348",155,"2023-02-07 16:24:00","KING",0.0814,2e-04,0.0981,0.1286,0.0199,0.0374,0.0488
"2349",156,"2023-03-06 17:33:00","KING",0.0806,8e-04,0.1858,0.1804,0.0158,0.0271,0.0352
"2350",157,"2023-03-13 16:19:00","KING",0.1053,0.0027,NA,0.2422,0.0166,0.029,0.0456
"2351",158,"2023-03-27 14:39:00","KING",0.0752,0.0015,0.1277,0.1401,0.0123,0.0198,0.0322
"2352",159,"2023-04-03 14:19:00","KING",0.142,0.002,0.3012,0.3447,0.0178,0.0289,0.052
"2353",160,"2023-04-11 15:56:00","KING",0.1697,0.002,0.2518,0.2686,0.0118,0.0202,0.0363
"2354",161,"2023-04-17 14:35:00","KING",0.1634,0.0014,0.236,0.4217,0.0116,0.0213,0.0482
"2355",162,"2023-04-24 14:25:00","KING",0.0916,0.0027,0.1482,0.2083,0.0144,0.0268,0.049
"2356",163,"2023-05-02 15:59:00","KING",0.0524,0.0036,0.1275,0.1856,0.0294,0.0316,0.0468
"2357",164,"2023-05-09 15:25:00","KING",0.0487,0.0044,0.1399,0.1345,0.0188,0.0322,0.0474
"2358",165,"2023-05-23 14:06:00","KING",0.1102,0.0037,0.1787,0.1805,0.0048,0.0337,0.0148
"2359",166,"2023-06-05 14:26:00","KING",0.1749,0.0082,0.2368,0.2189,0.0282,0.0384,0.0368
"2360",167,"2023-06-07 14:28:00","KING",0.1672,0.0108333333333333,0.219233333333333,0.214566666666667,0.0269,0.0390333333333333,0.0327666666666667
"2361",168,"2023-06-07 14:28:00","KING",0.1672,0.0108333333333333,0.219233333333333,0.214566666666667,0.0269,0.0390333333333333,0.0327666666666667
"2362",169,"2023-06-07 14:28:00","KING",0.1672,0.0108333333333333,0.219233333333333,0.214566666666667,0.0269,0.0390333333333333,0.0327666666666667
"2363",170,"2023-06-19 15:24:00","KING",0.1553,0.0152,0.2353,0.2666,0.0207,0.0373,0.0436
"2364",171,"2023-06-27 13:56:00","KING",0.149,0.007,0.2297,0.2407,0.0226,0.0386,0.0242
"2365",172,"2023-07-12 13:33:00","KING",0.1181,0.0075,0.2218,0.2162,0.018,0.0207,0.0329
"2366",173,"2023-07-31 17:27:00","KING",0.0825,0.0068,0.1422,0.1051,0.0168,0.0375,0.0357
"2367",174,"2023-08-07 16:51:00","KING",0.0894,0.0089,NA,0.1544,0.0159,0.0339,0.053
"2368",175,"2023-08-23 12:10:00","KING",0.1015,0.0225,0.2172,0.2104,0.0361,0.0406,0.0582
"2369",176,"2023-09-05 13:34:00","KING",0.0555,0.0292666666666667,0.1235,0.3015,0.0113,0.0224,0.0917
"2370",177,"2023-09-05 13:34:00","KING",0.0555,0.0292666666666667,0.1235,0.3015,0.0113,0.0224,0.0917
"2371",178,"2023-09-05 13:34:00","KING",0.0555,0.0292666666666667,0.1235,0.3015,0.0113,0.0224,0.0917
"2372",179,"2024-04-16 14:39:00","KING",0.1416,0.0028,0.2,0.28,0.0236,0.0288,0.0441
"2373",180,"2024-05-06 14:20:00","KING",0.072,0.0036,0.21,0.18,0.0159,0.021,0.0262
"2374",181,"2024-05-14 13:55:00","KING",0.0808,0.0031,0.12,0.19,0.0177,0.0216,0.0301
"2375",182,"2024-06-19 13:49:00","KING",0.1003,0.0031,0.18,0.19,0.0136,0.0252,0.0316
"2376",183,"2024-07-01 15:20:00","KING",0.0744333333333333,0.0141333333333333,0.383333333333333,0.976666666666667,0.0318333333333333,0.0816333333333333,0.2094
"2377",184,"2024-07-01 15:20:00","KING",0.0744333333333333,0.0141333333333333,0.383333333333333,0.976666666666667,0.0318333333333333,0.0816333333333333,0.2094
"2378",185,"2024-07-01 15:20:00","KING",0.0744333333333333,0.0141333333333333,0.383333333333333,0.976666666666667,0.0318333333333333,0.0816333333333333,0.2094
"2379",186,"2024-07-11 15:23:00","KING",0.042,0.0018,0.21,0.11,0.0086,0.0195,0.0168
"2380",187,"2024-07-15 15:21:00","KING",0.0567,0.0027,0.17,0.13,0.0057,0.0225,0.0239
"2381",188,"2024-08-06 12:52:00","KING",0.0815,0.0027,0.1,0.12,0.0209,0.0295,0.0282
"2382",189,"2024-08-20 13:02:00","KING",0.0783,0.004,0.11,0.11,0.0208,0.0297,0.031
"2383",190,"2024-09-03 13:25:00","KING",0.0576,0.0395666666666667,0.116666666666667,0.166666666666667,0.0137666666666667,0.0273,0.0313
"2384",191,"2024-09-03 13:25:00","KING",0.0576,0.0395666666666667,0.116666666666667,0.166666666666667,0.0137666666666667,0.0273,0.0313
"2385",192,"2024-09-03 13:25:00","KING",0.0576,0.0395666666666667,0.116666666666667,0.166666666666667,0.0137666666666667,0.0273,0.0313
"2386",193,"2024-10-02 13:09:00","KING",0.0729,NA,0.13,0.29,0.0271,0.0335,0.0415
"2387",194,"2024-10-28 14:01:00","KING",0.0809,0.0194,0.18,0.15,0.0401,0.0455,0.0477
"2388",195,"2024-11-05 14:19:00","KING",0.1473,0.0081,0.21,0.17,0.0462,0.0556,0.0591
"2389",196,"2025-04-09 16:28:00","KING",0.1011,0.0185,0.14,0.19,0.0328,0.0447,0.0499
"2390",197,"2025-04-15 14:29:00","KING",0.0988,0.0196,0.17,0.17,0.0157,0.0445,0.0618
"2391",198,"2025-04-17 14:18:00","KING",0.1454,0.0351,0.25,0.35,0.0363,0.0529,0.0648
"2392",199,"2025-04-30 15:00:00","KING",0.1152,0.0137,0.15,0.18,0.0207,0.0452,0.0522
"2393",200,"2025-05-12 13:32:00","KING",0.1197,0.0122,0.22,0.21,0.038,0.0473,0.0575
"2394",201,"2025-05-14 14:15:00","KING",0.1279,0.0097,0.21,0.27,0.0244,0.0306,0.0667
"2395",202,"2025-05-19 14:06:00","KING",0.1309,0.0103,0.21,0.35,0.0322,0.0365,0.0614
"2396",203,"2025-05-21 13:41:00","KING",0.1293,0.02,0.24,0.25,0.033,0.0369,0.0517
"2397",204,"2025-06-03 14:58:00","KING",0.1387,0.0094,0.22,0.26,0.0452,0.052,0.0575
"2398",205,"2025-06-05 13:14:00","KING",0.149333333333333,0.0138333333333333,0.243333333333333,0.286666666666667,0.0284666666666667,0.0442666666666667,0.0549333333333333
"2399",206,"2025-06-05 13:14:00","KING",0.149333333333333,0.0138333333333333,0.243333333333333,0.286666666666667,0.0284666666666667,0.0442666666666667,0.0549333333333333
"2400",207,"2025-06-05 13:14:00","KING",0.149333333333333,0.0138333333333333,0.243333333333333,0.286666666666667,0.0284666666666667,0.0442666666666667,0.0549333333333333
"2401",208,"2025-06-18 13:42:00","KING",0.1095,0.0098,0.18,0.19,0.0469,0.0521,0.059
"2402",209,"2025-06-30 15:09:00","KING",0.2132,0.0014,0.28,0.32,0.0186,0.0288,0.0479
"2403",210,"2025-07-02 13:26:00","KING",0.2511,0.0023,0.32,0.31,0.0216,0.0262,0.041
"2404",211,"2025-07-15 14:43:00","KING",0.2497,0.0043,0.2833,0.3,0.0102,0.0506,0.0341
"2405",212,"2025-08-05 13:13:00","KING",0.1678,0.002,0.1933,0.1967,0.0267,0.0434,0.0289
"2406",213,"2025-08-11 14:20:00","KING",0.1493,0.0032,0.1867,0.2167,0.0141,0.0272,0.0417
"2407",214,"2025-09-02 13:17:00","KING",0.140533333333333,0.0217,0.206666666666667,0.224433333333333,0.0212666666666667,0.0413333333333333,0.0448333333333333
"2408",215,"2025-09-02 13:17:00","KING",0.140533333333333,0.0217,0.206666666666667,0.224433333333333,0.0212666666666667,0.0413333333333333,0.0448333333333333
"2409",216,"2025-09-02 13:17:00","KING",0.140533333333333,0.0217,0.206666666666667,0.224433333333333,0.0212666666666667,0.0413333333333333,0.0448333333333333
"2410",217,"2025-10-07 13:52:00","KING",0.0798,0.0014,0.15,0.43,0.0444,0.0431,0.0546
"2411",218,"2025-10-27 14:25:00","KING",0.0805,2e-04,0.14,0.32,0.0489,0.0527,0.0643
"2412",219,"2025-11-04 14:57:00","KING",0.0721,7e-04,0.13,0.4,0.0197,0.0469,0.0381
"2413",1,"2017-04-06 09:30:00","MCDI",0.734,0.026,0.9611,1.081,0.033,0.095,0.112
"2414",2,"2017-04-11 11:51:00","MCDI",0.751,0.011,0.9197,0.8451,0.03,0.062,0.071
"2415",3,"2017-04-17 01:00:00","MCDI",0.387,0.03,0.5643,0.6617,0.026,0.057,0.062
"2416",4,"2017-05-01 01:00:00","MCDI",0.967,0.046,1.237,1.321,0.025,0.039,0.048
"2417",5,"2017-05-04 09:41:00","MCDI",0.331,0.011,0.5679,0.5224,0.017,0.0195,0.021
"2418",6,"2017-05-08 11:00:00","MCDI",0.524,0.785,0.8027,1.802,1.903,0.0455,0.052
"2419",7,"2017-05-15 10:49:00",NA,NA,NA,NA,0.6482,NA,NA,0.009
"2420",8,"2017-05-22 09:30:00","MCDI",0.676,0.05,0.8368,0.8901,0.015,0.024,0.025
"2421",9,"2017-05-31 10:15:00","MCDI",0.546,0.062,0.6985,0.7041,0.004,0.047,0.052
"2422",10,"2017-06-05 14:35:00","MCDI",0.438,0.096,0.5926,0.6314,0.004,0.009,0.011
"2423",11,"2017-06-12 16:45:00","MCDI",0.446,0.061,0.5774,0.6122,0.002,0.006,0.035
"2424",12,"2017-06-19 13:57:00","MCDI",0.476,0.203,0.5775,0.5862,0.005,0.0235,0.028
"2425",13,"2017-06-27 18:13:00","MCDI",0.346,0.048,0.4885,1.433,0.027,0.001,0.003
"2426",14,"2017-07-12 15:17:00","MCDI",0.487,NA,0.6773,0.7414,0.029,0.0077,0.1617
"2427",15,"2017-07-18 15:40:00","MCDI",0.5512,0.0344,0.6071,0.6018,0.038,0.0045,0.123
"2428",16,"2017-08-08 15:50:00","MCDI",0.6188,0.043,0.7661,0.7808,0.029,0.0273,0.0865
"2429",17,"2017-08-15 15:05:00","MCDI",0.4716,0.0462,0.5348,0.5572,0.028,0.025,0.0561
"2430",18,"2017-09-11 13:20:00","MCDI",0.4462,0.0445,0.388,0.4354,0.037,0.0147,0.017
"2431",19,"2017-10-10 14:53:00","MCDI",0.2098,0.1117,0.3339,0.307,0.018,0.011,0.073
"2432",20,"2017-10-31 17:30:00","MCDI",0.0186,0.1743,0.1173,0.2012,0.017,0.007,0.028
"2433",21,"2017-11-14 17:06:00","MCDI",0.0249,0.1009,0.2224,0.2481,0.009,0.042,0.052
"2434",22,"2017-12-12 15:20:00","MCDI",0.1697,0.1958,NA,NA,0.012,0.061,0.069
"2435",23,"2018-01-09 15:33:00","MCDI",0.1937,0.0923,0.2306,0.2568,0.026,0.034,0.037
"2436",24,"2018-02-13 15:02:00","MCDI",0.199,0.1169,0.1988,0.2026,0.049,0.002,0.004
"2437",25,"2018-03-06 15:35:00","MCDI",0.1597,0.0297,0.18,0.1713,0.013,5e-04,0.002
"2438",26,"2018-03-13 16:15:00","MCDI",0.1467,0.0041,0.1692,0.1832,0.049,0.053,0.054
"2439",27,"2018-03-28 15:36:00","MCDI",0.1402,0.0037,1.095,1.376,0.087,0.011,0.013
"2440",28,"2018-04-09 15:05:00","MCDI",0.1408,0.0154,0.2728,0.2895,0.065,0.0152,0.0171
"2441",29,"2018-04-11 14:43:00","MCDI",0.1582,0.013,0.3103,0.2852,0.064,0.0312,0.1122
"2442",30,"2018-04-16 14:45:00","MCDI",0.1412,0.0175,0.2634,0.2793,0.032,0.012,0.018
"2443",31,"2018-04-25 19:15:00","MCDI",0.1506,0.0343,0.3145,0.2825,0.037,0.0457,0.0758
"2444",32,"2018-05-08 14:58:00","MCDI",0.0683,0.0225,0.409,0.3977,0.019,5e-04,0.002
"2445",33,"2018-05-14 15:35:00","MCDI",0.1614,0.0372,0.4776,0.4829,0.016,0.0223,0.0791
"2446",34,"2018-05-16 16:53:00","MCDI",0.239,0.03005,0.26375,0.2802,0.0175,0.0098,0.10525
"2447",35,"2018-05-16 16:53:00","MCDI",0.239,0.03005,0.26375,0.2802,0.0175,0.0098,0.10525
"2448",36,"2018-05-22 16:13:00","MCDI",0.2394,0.1071,0.4809,0.4577,0.027,0.0124,0.068
"2449",37,"2018-06-05 15:21:00","MCDI",0.2159,0.0553,0.3592,0.3276,0.02,5e-04,0.0553
"2450",38,"2018-06-12 15:15:00","MCDI",NA,NA,NA,NA,NA,NA,0.0446
"2451",39,"2018-06-19 14:32:00","MCDI",0.1149,0.0063,0.2547,0.4011,0.024,5e-04,0.008
"2452",40,"2018-06-27 15:22:00","MCDI",0.1127,0.0502,0.333,0.5036,0.021,0.0047,0.0354
"2453",41,"2018-07-10 14:05:00","MCDI",0.0371,0.2033,0.3741,0.4364,0.014,0.022,0.127
"2454",42,"2018-07-18 14:47:00","MCDI",0.0315,0.0626,0.244,0.5187,0.019,0.005,0.139
"2455",43,"2018-08-07 15:20:00","MCDI",0.0513,0.0693,0.354,0.6366,0.016,5e-04,0.003
"2456",44,"2018-08-13 14:36:00","MCDI",0.0349,3e-04,0.1952,0.7514,0.09,0.0059,0.0413
"2457",45,"2018-09-10 16:07:00","MCDI",0.3192,0.0175,0.4673,0.4947,2.714,0.0543,0.062
"2458",46,"2018-10-10 16:21:00","MCDI",0.7232,0.0461,1.029,0.9587,0.674,0.0265,0.3105
"2459",47,"2018-10-30 15:05:00","MCDI",0.5209,NA,0.7319,0.7508,NA,0.043,0.057
"2460",48,"2018-11-13 16:15:00","MCDI",0.5135,0.0326,0.4615,0.4794,0.088,0.004,0.0916
"2461",49,"2018-12-11 17:10:00","MCDI",0.79995,0.0706,0.7513,0.8016,0.136,0.0365,0.14825
"2462",50,"2018-12-11 17:10:00","MCDI",0.79995,0.0706,0.7513,0.8016,0.136,0.0365,0.14825
"2463",51,"2019-01-07 16:43:00","MCDI",0.7965,NA,0.8331,0.9419,0.004,0.014,0.1796
"2464",52,"2019-02-12 17:25:00","MCDI",0.6627,0.0628,0.7529,0.78745,0.2255,0.04505,0.0535
"2465",53,"2019-02-12 17:25:00","MCDI",0.6627,0.0628,0.7529,0.78745,0.2255,0.04505,0.0535
"2466",54,"2019-03-11 15:54:00","MCDI",0.4607,0.0579,0.6356,0.6565,0.027,0.0264,0.067
"2467",55,"2019-03-13 18:34:00","MCDI",0.1595,0.0834,0.6824,0.9817,0.07,0.0698,0.963
"2468",56,"2019-03-25 16:04:00","MCDI",0.6336,NA,0.7179,0.798,0.647,0.033,0.208
"2469",57,"2019-04-02 14:31:00","MCDI",0.3125,0.0428,0.4242,0.4785,0.036,5e-04,0.002
"2470",58,"2019-04-09 15:55:00","MCDI",0.0939,0.0789,0.331,0.3686,0.033,0.009,0.1152
"2471",59,"2019-04-16 16:33:00","MCDI",0.1965,0.0682,0.3158,0.3381,0.035,0.0118,0.1363
"2472",60,"2019-05-01 19:59:00","MCDI",0.4131,0.0291,0.6528,0.669,0.039,0.0582,0.1281
"2473",61,"2019-05-07 14:25:00","MCDI",0.2841,0.0597,0.7428,0.8877,0.599,0.1025,0.5571
"2474",62,"2019-05-13 18:08:00","MCDI",0.8657,0.0371,1.037,1.04,0.06,0.0699,0.4471
"2475",63,"2019-05-15 16:23:00","MCDI",0.8726,0.0093,0.9225,1.009,0.032,0.0409,0.0551
"2476",64,"2019-05-21 17:12:00","MCDI",0.1891,0.0618,0.5554,0.6863,0.081,0.07,0.5587
"2477",65,"2019-06-04 15:35:00","MCDI",0.6581,0.0594,0.7918,0.7907,0.035,0.0333,0.1369
"2478",66,"2019-06-11 15:01:00","MCDI",0.70135,0.0329,0.8328,0.949,0.0212,0.0243,0.1635
"2479",67,"2019-06-11 15:01:00","MCDI",0.70135,0.0329,0.8328,0.949,0.0212,0.0243,0.1635
"2480",68,"2019-06-20 18:44:00","MCDI",0.90685,0.0269,0.8894,0.7795,0.0255,0.0486,0.0989
"2481",69,"2019-06-20 18:44:00","MCDI",0.90685,0.0269,0.8894,0.7795,0.0255,0.0486,0.0989
"2482",70,"2019-07-01 15:30:00","MCDI",0.4859,0.011,0.6106,0.5069,0.02435,0.049,0.07335
"2483",71,"2019-07-01 15:30:00","MCDI",0.4859,0.011,0.6106,0.5069,0.02435,0.049,0.07335
"2484",72,"2019-07-15 15:30:00","MCDI",0.58385,0.0375,0.6513,0.6439,0.0314,0.0507,0.11425
"2485",73,"2019-07-15 15:30:00","MCDI",0.58385,0.0375,0.6513,0.6439,0.0314,0.0507,0.11425
"2486",74,"2019-07-17 14:50:00","MCDI",0.301466666666667,NA,0.6174,0.6362,0.0316666666666667,0.0442333333333333,0.146666666666667
"2487",75,"2019-07-17 14:50:00","MCDI",0.301466666666667,NA,0.6174,0.6362,0.0316666666666667,0.0442333333333333,0.146666666666667
"2488",76,"2019-07-17 14:50:00","MCDI",0.301466666666667,NA,0.6174,0.6362,0.0316666666666667,0.0442333333333333,0.146666666666667
"2489",77,"2019-08-06 15:30:00","MCDI",0.372,NA,0.4223,0.3878,0.02795,0.0325,0.0638
"2490",78,"2019-08-06 15:30:00","MCDI",0.372,NA,0.4223,0.3878,0.02795,0.0325,0.0638
"2491",79,"2019-08-13 15:10:00","MCDI",0.6183,0.0067,0.6681,0.7031,NA,0.0502,0.22685
"2492",80,"2019-08-13 15:10:00","MCDI",0.6183,0.0067,0.6681,0.7031,NA,0.0502,0.22685
"2493",81,"2019-09-09 14:29:00","MCDI",0.4296,0.0158333333333333,0.5677,0.56955,NA,0.0317333333333333,0.179733333333333
"2494",82,"2019-09-09 14:29:00","MCDI",0.4296,0.0158333333333333,0.5677,0.56955,NA,0.0317333333333333,0.179733333333333
"2495",83,"2019-09-09 14:29:00","MCDI",0.4296,0.0158333333333333,0.5677,0.56955,NA,0.0317333333333333,0.179733333333333
"2496",84,"2019-10-07 15:00:00","MCDI",0.68215,0.0097,0.7328,0.7223,0.0316,0.0309,0.0952
"2497",85,"2019-10-07 15:00:00","MCDI",0.68215,0.0097,0.7328,0.7223,0.0316,0.0309,0.0952
"2498",86,"2019-10-28 14:55:00","MCDI",0.2826,0.0092,NA,0.3247,0.0085,0.0378,0.1871
"2499",87,"2019-11-12 18:20:00","MCDI",0.212066666666667,0.0275,0.19555,0.1819,0.0215333333333333,0.0115,0.0965666666666667
"2500",88,"2019-11-12 18:20:00","MCDI",0.212066666666667,0.0275,0.19555,0.1819,0.0215333333333333,0.0115,0.0965666666666667
"2501",89,"2019-11-12 18:20:00","MCDI",0.212066666666667,0.0275,0.19555,0.1819,0.0215333333333333,0.0115,0.0965666666666667
"2502",90,"2019-12-10 18:15:00",NA,NA,NA,NA,NA,NA,NA,0.002
"2503",91,"2020-01-14 15:34:00","MCDI",0.0157,0.0504,0.6852,0.7146,0.0444,0.022,0.035
"2504",92,"2020-02-11 16:00:00","MCDI",0.4997,0.0949,0.4659,0.47415,0.01155,0.0395,0.056
"2505",93,"2020-02-11 16:00:00","MCDI",0.4997,0.0949,0.4659,0.47415,0.01155,0.0395,0.056
"2506",94,"2020-03-09 16:19:00","MCDI",0.2948,0.057,0.4517,0.5195,0.0324,0.007,0.01
"2507",95,"2020-03-11 15:55:00","MCDI",0.3244,0.0473,0.5386,0.5465,0.0292,0.234,0.286
"2508",96,"2020-06-02 13:42:00","MCDI",1.1211,0.0093,NA,NA,0.0251,0.068,0.0697
"2509",97,"2020-06-08 15:36:00","MCDI",1.1374,0.0116,NA,NA,0.0203,0.0759,0.0887
"2510",98,"2020-06-17 15:50:00","MCDI",0.9668,0.0141,0.97475,1.008,0.0152,0.0569,0.0657
"2511",99,"2020-06-30 13:18:00","MCDI",0.7882,0.0095,0.7785,0.7587,0.0189,0.0461,0.057
"2512",100,"2020-07-06 13:00:00","MCDI",0.7424,0.0085,0.7156,0.7079,0.0087,0.0479,0.0552
"2513",101,"2020-07-15 14:24:00","MCDI",0.5821,0.012,0.6298,0.6348,0.0207,0.0474,0.0673
"2514",102,"2020-08-05 15:11:00","MCDI",0.3331,0.0072,0.4908,0.5547,0.0381,0.09,0.0975
"2515",103,"2020-08-12 14:50:00","MCDI",0.3958,0.0076,0.5613,0.6134,0.0434,0.0816,0.1015
"2516",104,"2020-09-08 14:08:00","MCDI",0.4883,0.0059,0.5244,0.4874,0.0213,0.0576,0.0591
"2517",105,"2020-09-21 16:20:00","MCDI",0.4287,0.0065,0.4283,0.3848,0.0123,0.0485,0.0518
"2518",106,"2020-10-13 16:28:00","MCDI",0.2922,0.0037,0.2702,0.31075,0.0157,0.0566,0.0509
"2519",107,"2020-11-04 16:00:00","MCDI",0.1117,0.0072,0.1451,0.1413,0.0187,0.0549,0.0583
"2520",108,"2020-11-11 17:02:00","MCDI",0.1347,0.0074,0.1654,0.1887,0.0224,0.0583,0.0584
"2521",109,"2020-12-07 17:01:00","MCDI",0.0977,0.0059,0.118,0.1138,0.0115,0.0472,0.0487
"2522",110,"2021-01-12 13:50:00","MCDI",0.1531,0.0037,0.3146,0.3172,0.012,0.0428,0.0396
"2523",111,"2021-02-24 17:00:00","MCDI",0.2184,0.0045,0.3035,0.3102,0.0083,0.0364,0.0352
"2524",112,"2021-03-10 16:35:00","MCDI",0.1377,0.0089,0.1454,0.2326,0.011,0.0404,0.0423
"2525",113,"2021-03-16 16:13:00","MCDI",0.7603,0.00395,0.81745,0.80545,0.0131,0.04025,0.0473
"2526",114,"2021-03-16 16:13:00","MCDI",0.7603,0.00395,0.81745,0.80545,0.0131,0.04025,0.0473
"2527",115,"2021-04-07 16:25:00","MCDI",0.2121,0.0043,0.3921,1.221,0.0035,0.0252,0.0346
"2528",116,"2021-04-22 15:35:00","MCDI",0.1655,0.0039,0.2562,0.3507,0.002,0.0206,0.0225
"2529",117,"2021-04-26 14:43:00","MCDI",0.1546,0.0054,0.3158,0.3438,0.0021,0.0183,0.0278
"2530",118,"2021-05-04 16:25:00","MCDI",0.2358,0.0096,0.3584,0.3639,0.0036,0.0237,0.03
"2531",119,"2021-05-11 14:24:00","MCDI",1.0014,0.0367,1.145,1.218,0.0234,0.0622,0.0748
"2532",120,"2021-05-25 15:27:00","MCDI",0.828,0.0042,0.8871,0.9565,0.0348,0.0418,0.1742
"2533",121,"2021-06-02 16:59:00","MCDI",1.2012,0.012,1.315,1.466,0.0392,0.1829,0.245
"2534",122,"2021-06-07 15:31:00","MCDI",0.7935,0.0047,0.8969,0.915,0.0273,0.0752,0.083
"2535",123,"2021-07-06 15:56:00","MCDI",0.9733,0.0037,0.8955,0.8809,0.0199,0.0581,0.0602
"2536",124,"2021-07-13 15:15:00","MCDI",0.846,0.0025,0.7614,0.7202,0.0232,0.0508,0.0555
"2537",125,"2021-08-17 15:25:00","MCDI",0.7328,0.0139,0.652,0.6837,0.0135,0.0371,0.0485
"2538",126,"2021-09-21 17:10:00","MCDI",0.6255,0.0182,0.5804,0.5654,0.0118,0.0393,0.0502
"2539",127,"2021-10-05 15:05:00","MCDI",0.4659,0.0165,0.5032,NA,0.0126,0.0381,0.0496
"2540",128,"2021-11-15 17:55:00","MCDI",0.1503,0.0029,0.261,0.2483,0.0233,0.0577,0.059
"2541",129,"2022-01-11 18:28:00","MCDI",0.2015,NA,0.2263,0.3191,0.0178,0.0423,0.0481
"2542",130,"2022-02-22 18:00:00","MCDI",0.1828,NA,0.2665,0.3229,0.0153,0.0378,0.0421
"2543",131,"2022-03-08 18:14:00","MCDI",0.1651,0.0119,0.2213,0.1126,0.0052,0.0423,0.0393
"2544",132,"2022-03-15 15:22:00","MCDI",0.1465,0.0056,0.1044,0.2079,0.0057,0.0464,0.0836
"2545",133,"2022-03-29 17:03:00","MCDI",1.1557,0.0056,1.211,1.353,0.0121,0.063,0.0701
"2546",134,"2022-04-13 16:19:00","MCDI",0.1737,0.0063,0.2637,0.289,0.0016,0.0302,0.0272
"2547",135,"2022-05-03 15:15:00","MCDI",0.1723,0.0042,0.2783,0.2802,0.0023,0.0361,0.0348
"2548",136,"2022-05-10 15:24:00","MCDI",0.1255,0.0077,0.3415,0.351,0.0083,0.031,0.0363
"2549",137,"2022-05-25 15:44:00","MCDI",0.3136,0.0179,0.5125,0.6334,0.0137,0.0476,0.0619
"2550",138,"2022-06-01 19:02:00","MCDI",0.4491,0.0097,0.6945,0.7718,0.0767,0.1338,0.1456
"2551",139,"2022-06-06 16:58:00","MCDI",0.3797,0.0047,0.4984,0.6432,0.0473,0.0708,0.0813
"2552",140,"2022-06-21 16:24:00","MCDI",0.352866666666667,0.0082,0.494033333333333,0.536266666666667,0.0521333333333333,0.0808333333333333,0.0708
"2553",141,"2022-06-21 16:24:00","MCDI",0.352866666666667,0.0082,0.494033333333333,0.536266666666667,0.0521333333333333,0.0808333333333333,0.0708
"2554",142,"2022-06-21 16:24:00","MCDI",0.352866666666667,0.0082,0.494033333333333,0.536266666666667,0.0521333333333333,0.0808333333333333,0.0708
"2555",143,"2022-07-07 17:04:00","MCDI",0.4204,0.0097,0.5957,0.6532,0.0157,0.0824,0.0866
"2556",144,"2022-07-12 16:42:00","MCDI",0.4233,0.0073,0.573,0.6212,0.0142,0.0645,0.0763
"2557",145,"2022-08-08 15:38:00","MCDI",0.4789,0.0054,0.5192,0.54,0.0286,0.0564,0.0516
"2558",146,"2022-08-31 17:53:00","MCDI",0.4756,0.0179,0.4567,0.3188,0.0193,0.0415,0.0496
"2559",147,"2022-09-13 14:27:00","MCDI",0.402666666666667,0.00683333333333333,0.413466666666667,0.6931,0.0223333333333333,0.0523333333333333,0.203866666666667
"2560",148,"2022-09-13 14:27:00","MCDI",0.402666666666667,0.00683333333333333,0.413466666666667,0.6931,0.0223333333333333,0.0523333333333333,0.203866666666667
"2561",149,"2022-09-13 14:27:00","MCDI",0.402666666666667,0.00683333333333333,0.413466666666667,0.6931,0.0223333333333333,0.0523333333333333,0.203866666666667
"2562",150,"2022-11-01 16:02:00","MCDI",0.0158,1e-04,0.1234,0.2028,0.0215,0.0516,0.1031
"2563",151,"2022-11-15 17:18:00","MCDI",0.0979,0.0111,0.3476,0.166,0.0316,0.0521,0.0501
"2564",152,"2023-01-10 16:42:00","MCDI",0.0668,0.0118,NA,0.189,0.0277,0.0432,0.0458
"2565",153,"2023-02-13 16:28:00","MCDI",0.3328,0.0033,0.4524,0.4193,0.0133,0.0308,0.0354
"2566",154,"2023-03-09 16:44:00","MCDI",0.2196,0.0055,0.3613,0.3824,0.0113,0.0281,0.0326
"2567",155,"2023-03-15 16:38:00","MCDI",0.0877,0.0042,0.2265,0.228,0.0082,0.0197,0.035
"2568",156,"2023-04-04 15:49:00","MCDI",0.0502,0.0062,0.1725,0.1499,0.0091,0.0205,0.0402
"2569",157,"2023-04-12 14:56:00","MCDI",0.0497,0.0071,0.176,0.2212,0.0113,0.0252,0.0371
"2570",158,"2023-04-17 17:20:00","MCDI",0.0417,0.0071,0.1809,0.1889,0.0094,0.022,0.0335
"2571",159,"2023-04-24 16:44:00","MCDI",0.0788,0.0051,0.2785,0.3052,0.0093,0.0241,0.0358
"2572",160,"2023-05-08 17:57:00","MCDI",0.0352,0.0079,0.2246,0.2691,0.0116,0.0278,0.0433
"2573",161,"2023-05-10 15:24:00","MCDI",0.7134,0.0123,0.9983,1.038,0.0538,0.0981,0.1195
"2574",162,"2023-05-16 14:57:00","MCDI",0.2942,0.0174,0.4621,0.4732,0.0296,0.0469,0.0645
"2575",163,"2023-05-24 14:15:00","MCDI",0.2579,0.0111,0.3549,0.3419,0.0077,0.0379,0.0189
"2576",164,"2023-06-06 15:27:00","MCDI",0.3694,0.0671,0.4125,0.4327,0.0271,0.0487,0.0484
"2577",165,"2023-06-13 14:54:00","MCDI",0.2646,0.0126,0.3489,0.3359,0.03,0.0503,0.0517
"2578",166,"2023-06-20 14:38:00","MCDI",0.2042,0.0246,0.3431,0.356,0.0281,0.0464,0.0424
"2579",167,"2023-06-28 14:34:00","MCDI",0.1571,0.0136,0.2987,0.2978,0.0199,0.0439,0.0383
"2580",168,"2023-07-11 14:13:00","MCDI",0.0917,0.0136,0.2149,0.2657,0.0273,0.046,0.0418
"2581",169,"2023-08-08 14:14:00","MCDI",0.00706666666666667,0.0048,0.172466666666667,0.311566666666667,0.0142666666666667,0.0365666666666667,0.117333333333333
"2582",170,"2023-08-08 14:14:00","MCDI",0.00706666666666667,0.0048,0.172466666666667,0.311566666666667,0.0142666666666667,0.0365666666666667,0.117333333333333
"2583",171,"2023-08-08 14:14:00","MCDI",0.00706666666666667,0.0048,0.172466666666667,0.311566666666667,0.0142666666666667,0.0365666666666667,0.117333333333333
"2584",172,"2023-08-21 14:17:00","MCDI",0.0094,0.0132,0.169,0.2441,0.025,0.034,0.1233
"2585",173,"2023-09-11 13:49:00","MCDI",0.0181,0.0271,0.2061,0.257,0.0254,0.0581,0.1087
"2586",174,"2023-09-26 14:31:00","MCDI",0.062,0.0249,NA,0.3297,0.0167,0.0282,0.0807
"2587",175,"2023-11-07 15:24:00","MCDI",0.0364,NA,0.1733,0.35,0.0196,0.0314,0.1163
"2588",176,"2023-11-20 16:30:00","MCDI",0.0793,0.0049,0.24,0.3567,0.029,0.0486,0.1252
"2589",177,"2023-12-12 16:40:00","MCDI",0.1206,0.0135,0.6,0.54,0.0095,0.0211,0.1214
"2590",178,"2024-01-23 17:11:00","MCDI",0.1587,0.0414,0.25,0.26,0.0304,0.0633,0.0376
"2591",179,"2024-02-13 16:15:00","MCDI",0.4012,0.0032,0.64,0.62,0.0364,0.0686,0.0613
"2592",180,"2024-03-05 16:30:00","MCDI",0.059,0.031,0.18,0.3,0.0152,0.0455,0.032
"2593",181,"2024-03-11 15:22:00","MCDI",0.0506,0.0016,0.17,0.2,0.0138,0.0422,0.0296
"2594",182,"2024-03-26 14:21:00","MCDI",0.0354,0.0021,0.16,0.24,0.0046,0.0153,0.0265
"2595",183,"2024-04-02 14:35:00","MCDI",0.0254,0.0083,0.16,0.22,0.0081,0.0193,0.03
"2596",184,"2024-04-09 13:57:00","MCDI",0.0267,0.0026,0.14,0.2,0.0101,0.0185,0.0271
"2597",185,"2024-04-17 14:02:00","MCDI",0.0321,0.0046,0.17,0.21,0.0132,0.0245,0.033
"2598",186,"2024-04-30 14:24:00","MCDI",0.4608,0.004,0.74,0.76,0.0375,0.0506,0.0663
"2599",187,"2024-05-13 14:54:00","MCDI",0.1417,0.0046,0.3,0.37,0.008,0.0189,0.028
"2600",188,"2024-06-11 13:57:00","MCDI",0.3305,0.015,0.53,0.54,0.0343,0.0435,0.0532
"2601",189,"2024-06-17 14:15:00","MCDI",0.4216,0.0109,0.77,1,0.0517,0.0754,0.0097
"2602",190,"2024-06-26 13:27:00","MCDI",0.312566666666667,0.0157333333333333,0.553333333333333,0.706666666666667,0.0272333333333333,0.0784333333333333,0.0974333333333333
"2603",191,"2024-06-26 13:27:00","MCDI",0.312566666666667,0.0157333333333333,0.553333333333333,0.706666666666667,0.0272333333333333,0.0784333333333333,0.0974333333333333
"2604",192,"2024-06-26 13:27:00","MCDI",0.312566666666667,0.0157333333333333,0.553333333333333,0.706666666666667,0.0272333333333333,0.0784333333333333,0.0974333333333333
"2605",193,"2024-07-09 16:27:00","MCDI",0.4341,0.0053,0.56,0.76,0.0432,0.0384,0.0927
"2606",194,"2024-07-17 13:29:00","MCDI",0.308,0.0118,0.46,0.61,0.0518,0.0678,0.0872
"2607",195,"2024-08-07 13:15:00","MCDI",0.7494,0.0059,0.75,0.72,0.0431,0.0516,0.0584
"2608",196,"2024-08-22 13:12:00","MCDI",0.5102,0.014,0.55,0.46,0.0281,0.0374,0.0535
"2609",197,"2024-09-10 13:27:00","MCDI",0.6428,0.0250666666666667,0.71,0.596666666666667,0.0345,0.0444666666666667,0.0559666666666667
"2610",198,"2024-09-10 13:27:00","MCDI",0.6428,0.0250666666666667,0.71,0.596666666666667,0.0345,0.0444666666666667,0.0559666666666667
"2611",199,"2024-09-10 13:27:00","MCDI",0.6428,0.0250666666666667,0.71,0.596666666666667,0.0345,0.0444666666666667,0.0559666666666667
"2612",200,"2024-10-09 13:27:00","MCDI",0.5183,0.0314,0.62,0.64,0.0232,0.0305,0.0433
"2613",201,"2024-10-29 13:30:00","MCDI",0.2663,0.0176,0.36,0.68,0.0193,0.0236,0.0539
"2614",202,"2024-11-11 15:39:00","MCDI",0.1185,0.0183,0.26,0.29,0.0408,0.0493,0.0557
"2615",203,"2024-12-10 15:49:00",NA,NA,NA,NA,NA,NA,0.0385,0.0343
"2616",204,"2025-01-14 17:00:00","MCDI",0.1292,0.0051,0.23,0.25,0.0232,0.0328,0.0348
"2617",205,"2025-02-11 16:14:00","MCDI",0.0123,0.0109,0.93,0.88,0.0491,0.0644,0.0905
"2618",206,"2025-03-04 15:00:00","MCDI",0.0058,0.0046,0.31,0.31,0.0128,0.0208,0.0321
"2619",207,"2025-03-11 14:13:00","MCDI",0.1129,0.0056,0.24,0.42,0.0132,0.017,0.0376
"2620",208,"2025-04-01 13:52:00","MCDI",0.1124,0.0303,0.23,0.22,0.0053,0.0287,0.0235
"2621",209,"2025-04-08 14:28:00","MCDI",0.0741,0.0266,0.21,0.28,0.0052,0.0192,0.0248
"2622",210,"2025-04-16 13:53:00","MCDI",0.1089,0.0664,0.29,0.39,0.0107,0.0219,0.0243
"2623",211,"2025-04-21 15:02:00","MCDI",0.0772,0.0078,0.16,0.2,0.0139,0.0395,0.0238
"2624",212,"2025-04-23 13:50:00","MCDI",0.0963,0.007,0.19,0.26,0.0161,0.0267,0.0284
"2625",213,"2025-04-28 14:13:00","MCDI",0.1496,0.0113,0.25,0.38,0.0198,0.0318,0.0335
"2626",214,"2025-05-13 14:20:00","MCDI",0.1793,0.009,0.32,0.31,0.0131,0.0281,0.0405
"2627",215,"2025-05-20 14:40:00","MCDI",0.2623,0.012,0.44,0.42,0.0127,0.0316,0.0384
"2628",216,"2025-05-27 14:26:00","MCDI",0.4048,0.0189,0.4,0.76,0.033,0.0462,0.0689
"2629",217,"2025-06-02 13:58:00","MCDI",0.2165,0.0121,0.49,0.41,0.0077,0.0313,0.0498
"2630",218,"2025-06-10 14:00:00","MCDI",0.2749,0.0067,0.5,0.5,0.026,0.0486,0.0624
"2631",219,"2025-06-17 14:21:00","MCDI",0.335933333333333,0.0236666666666667,0.65,0.586666666666667,0.0297333333333333,0.0603,0.0797666666666667
"2632",220,"2025-06-17 14:21:00","MCDI",0.335933333333333,0.0236666666666667,0.65,0.586666666666667,0.0297333333333333,0.0603,0.0797666666666667
"2633",221,"2025-06-17 14:21:00","MCDI",0.335933333333333,0.0236666666666667,0.65,0.586666666666667,0.0297333333333333,0.0603,0.0797666666666667
"2634",222,"2025-07-01 15:07:00","MCDI",0.4203,0.0089,0.63,0.57,0.0188,0.0425,0.0501
"2635",223,"2025-07-08 14:06:00","MCDI",0.478,0.0055,0.5233,0.5,0.0394,0.0479,0.0486
"2636",224,"2025-07-16 14:13:00","MCDI",0.4943,0.0125,0.5533,0.5333,0.0204,0.0304,0.0524
"2637",225,"2025-08-04 13:31:00","MCDI",0.406,0.0122,0.44,0.42,0.0345,0.045,0.0493
"2638",226,"2025-08-12 13:45:00","MCDI",0.3042,0.0055,0.3867,0.4,0.0138,0.0333,0.0488
"2639",227,"2025-09-09 16:41:00","MCDI",0.3186,0.0234333333333333,0.3922,0.3778,0.0322333333333333,0.0469,0.0511666666666667
"2640",228,"2025-09-09 16:41:00","MCDI",0.3186,0.0234333333333333,0.3922,0.3778,0.0322333333333333,0.0469,0.0511666666666667
"2641",229,"2025-09-09 16:41:00","MCDI",0.3186,0.0234333333333333,0.3922,0.3778,0.0322333333333333,0.0469,0.0511666666666667
"2642",230,"2025-10-14 14:09:00","MCDI",0.358,0.0053,0.47,0.37,0.0219,0.0286,0.0437
"2643",231,"2025-11-03 15:17:00","MCDI",0.2708,0.0153,0.36,0.32,0.022,0.0355,0.0555
"2644",232,"2025-11-11 14:58:00","MCDI",0.2457,0.0035,0.32,0.34,0.0205,0.0324,0.041
"2645",1,"2017-04-12 13:30:00","LECO",0.209,NA,0.2804,0.2654,0.02,0.024,0.027
"2646",2,"2017-04-17 15:45:00","LECO",0.173,0.007,0.2342,0.2223,0.021,0.01,0.012
"2647",3,"2017-05-01 15:44:00","LECO",0.157,0.087,0.2917,0.2244,0.022,0.005,0.006
"2648",4,"2017-05-08 15:45:00","LECO",0.155,0.035,0.2826,0.2015,0.017,0.012,0.015
"2649",5,"2017-05-22 16:22:00","LECO",0.146,0.035,0.2151,0.2537,0.015,0.003,0.022
"2650",6,"2017-06-06 15:45:00","LECO",0.199,0.076,0.2413,0.2857,0.006,0.006,0.022
"2651",7,"2017-06-13 15:15:00","LECO",0.212,NA,0.3555,0.3535,0.019,5e-04,0.0024
"2652",8,"2017-06-26 15:15:00","LECO",0.182,0.11,0.2389,0.2717,0.029,0.0081,0.0304
"2653",9,"2017-07-17 17:42:00","LECO",0.193,0.028,0.1659,0.2523,0.028,0.0108,0.0382
"2654",10,"2017-08-01 15:41:00","LECO",0.2465,0.0312,0.2223,0.2865,0.039,0.0147,0.018
"2655",11,"2017-08-14 15:30:00","LECO",0.2055,0.0425,0.2054,0.2013,0.03,5e-04,0.0251
"2656",12,"2017-08-29 15:50:00","LECO",0.1808,0.1041,0.1938,0.2153,0.033,0.0239,0.027
"2657",13,"2017-09-26 16:51:00","LECO",0.1633,0.0985,0.005,0.014,0.013,0.0018,0.0472
"2658",14,"2017-10-02 15:42:00","LECO",0.1434,0.1106,NA,NA,0.014,0.004,0.04
"2659",15,"2017-10-24 18:15:00","LECO",NA,NA,NA,0.151,NA,NA,0.017
"2660",16,"2017-11-13 17:36:00","LECO",0.0104,0.1389,0.1022,0.124,0.011,0.006,0.009
"2661",17,"2017-11-27 17:00:00","LECO",0.7837,0.1413,NA,NA,0.012,0.015,0.017
"2662",18,"2017-12-12 15:45:00","LECO",0.1768,0.2083,NA,NA,0.011,0.009,0.011
"2663",19,"2018-01-09 16:09:00","LECO",0.169,0.1049,0.1635,0.2021,0.085,0.028,0.035
"2664",20,"2018-01-23 15:45:00","LECO",0.2307,0.0946,0.2537,0.2802,0.017,0.001,0.002
"2665",21,"2018-01-30 15:58:00","LECO",0.2395,0.1219,0.2697,0.2779,0.082,0.005,0.006
"2666",22,"2018-02-06 16:00:00","LECO",0.2494,0.1271,0.3056,0.324,0.017,5e-04,0.001
"2667",23,"2018-02-27 15:00:00","LECO",0.2188,7e-04,0.2734,0.2822,0.009,5e-04,0.002
"2668",24,"2018-03-05 16:55:00","LECO",0.2115,NA,0.1895,0.2155,0.009,0.011,0.013
"2669",25,"2018-03-12 16:30:00","LECO",0.202,NA,0.212,0.1774,0.146,0.007,0.008
"2670",26,"2018-03-26 16:15:00","LECO",0.2945,0.0128,0.2931,0.3034,0.012,0.015,0.016
"2671",27,"2018-04-09 15:45:00","LECO",NA,NA,NA,NA,NA,NA,0.1753
"2672",28,"2018-04-17 15:50:00","LECO",0.2511,0.0174,0.3466,0.3402,0.03,0.0058,0.0176
"2673",29,"2018-04-30 16:00:00","LECO",0.2327,0.0231,0.2821,0.3574,0.018,0.0153,0.018
"2674",30,"2018-05-14 15:57:00","LECO",0.2056,0.0252,0.3912,0.4595,0.016,0.0238,0.006
"2675",31,"2018-05-21 15:30:00","LECO",0.2033,0.0401,0.3844,0.4141,0.025,5e-04,0.0698
"2676",32,"2018-06-04 15:45:00","LECO",0.2205,0.0035,0.1825,0.2271,0.024,5e-04,0.0469
"2677",33,"2018-06-11 15:30:00","LECO",0.2025,0.0203,0.206,0.2104,0.024,0.0079,0.0419
"2678",34,"2018-07-16 15:15:00","LECO",0.1724,0.0668,0.2014,0.2278,0.017,0.002,0.002
"2679",35,"2018-07-30 16:12:00","LECO",0.1951,0.0329,0.2458,0.2746,0.012,5e-04,0.003
"2680",36,"2018-08-13 14:30:00","LECO",0.175,NA,0.2953,0.2454,0.018,0.0073,0.009
"2681",37,"2018-08-27 17:00:00","LECO",0.1306,0.0033,0.1905,0.2951,0.017,0.0131,0.021
"2682",38,"2018-09-10 15:45:00","LECO",0.1618,0.0122,0.1502,0.174,0.075,5e-04,0.004
"2683",39,"2018-09-25 14:58:00","LECO",0.1469,0.0206,0.2189,0.2153,0.067,0.0097,0.1994
"2684",40,"2018-10-29 14:53:00","LECO",0.1334,0.0117,0.2441,0.2858,0.018,0.0094,0.012
"2685",41,"2018-11-12 17:46:00","LECO",0.0094,0.0421,NA,NA,0.07,0.004,0.0739
"2686",42,"2018-11-26 17:29:00","LECO",0.0603,0.0751,0.1702,0.1969,0.194,0.004,0.008
"2687",43,"2018-12-03 15:40:00","LECO",0.158,0.045,0.2729,0.2745,0.207,0.004,0.0348
"2688",44,"2018-12-11 16:03:00","LECO",0.1377,0.0758,0.2722,0.2429,0.113,0.009,0.0223
"2689",45,"2019-01-15 16:48:00","LECO",0.1248,0.0774,0.1345,0.1264,0.118,0.005,0.018
"2690",46,"2019-01-21 16:09:00","LECO",0.2394,0.075,0.2722,0.3957,0.294,0.004,0.024
"2691",47,"2019-02-04 16:20:00","LECO",0.1332,0.0636,0.2562,0.2522,0.11,0.0085,0.0566
"2692",48,"2019-02-11 16:26:00","LECO",0.2796,0.1194,0.3553,0.3579,0.249,0.0017,0.0673
"2693",49,"2019-02-25 15:47:00","LECO",0.1902,0.0684,0.3857,0.3546,0.051,0.029,0.397
"2694",50,"2019-03-05 16:05:00","LECO",0.1591,0.1052,0.2131,0.2365,0.084,0.0139,0.177
"2695",51,"2019-03-11 16:04:00","LECO",0.2332,0.1189,0.3386,0.1051,0.038,0.0119,0.315
"2696",52,"2019-03-25 15:16:00","LECO",0.1376,0.0044,0.2555,0.2604,0.036,0.0112,0.049
"2697",53,"2019-04-08 14:50:00","LECO",0.2512,0.0545,0.316833333333333,0.327933333333333,0.357,0.0113666666666667,0.135333333333333
"2698",54,"2019-04-08 14:50:00","LECO",0.2512,0.0545,0.316833333333333,0.327933333333333,0.357,0.0113666666666667,0.135333333333333
"2699",55,"2019-04-08 14:50:00","LECO",0.2512,0.0545,0.316833333333333,0.327933333333333,0.357,0.0113666666666667,0.135333333333333
"2700",56,"2019-04-16 15:11:00","LECO",0.2169,0.8934,0.2918,0.3005,0.03,5e-04,0.041
"2701",57,"2019-04-29 15:34:00","LECO",0.1609,0.0263,0.2353,0.2253,0.032,0.0082,0.0313
"2702",58,"2019-05-13 15:10:00","LECO",0.2198,0.0387,0.3696,0.3955,0.588,0.0087,0.0113
"2703",59,"2019-05-20 14:37:00","LECO",0.2345,0.0554,0.2777,0.3055,0.042,5e-04,0.0737
"2704",60,"2019-06-11 14:34:00","LECO",0.2074,0.03645,0.3479,0.3535,0.02015,0.00885,0.19345
"2705",61,"2019-06-11 14:34:00","LECO",0.2074,0.03645,0.3479,0.3535,0.02015,0.00885,0.19345
"2706",62,"2019-06-17 14:50:00","LECO",0.2319,0.0218,0.2655,0.2658,0.0261,0.0084,0.13485
"2707",63,"2019-06-17 14:50:00","LECO",0.2319,0.0218,0.2655,0.2658,0.0261,0.0084,0.13485
"2708",64,"2019-07-08 15:24:00","LECO",0.24295,0.02275,0.2826,0.3133,0.0232,0.01265,0.04895
"2709",65,"2019-07-08 15:24:00","LECO",0.24295,0.02275,0.2826,0.3133,0.0232,0.01265,0.04895
"2710",66,"2019-07-15 14:34:00","LECO",0.21285,0.0464,0.2702,0.2647,0.0241,0.01075,0.16015
"2711",67,"2019-07-15 14:34:00","LECO",0.21285,0.0464,0.2702,0.2647,0.0241,0.01075,0.16015
"2712",68,"2019-08-05 15:39:00","LECO",0.1953,0.0452,0.22,0.2131,0.0222,0.0116,0.13655
"2713",69,"2019-08-05 15:39:00","LECO",0.1953,0.0452,0.22,0.2131,0.0222,0.0116,0.13655
"2714",70,"2019-08-12 15:22:00","LECO",0.1832,0.017375,0.193233333333333,0.177066666666667,0.01195,0.0109,0.021625
"2715",71,"2019-08-12 15:22:00","LECO",0.1832,0.017375,0.193233333333333,0.177066666666667,0.01195,0.0109,0.021625
"2716",72,"2019-08-12 15:22:00","LECO",0.1832,0.017375,0.193233333333333,0.177066666666667,0.01195,0.0109,0.021625
"2717",73,"2019-08-12 15:22:00","LECO",0.1832,0.017375,0.193233333333333,0.177066666666667,0.01195,0.0109,0.021625
"2718",74,"2019-09-03 15:35:00","LECO",0.18605,0.02905,0.2198,0.2024,0.02705,0.00945,0.1233
"2719",75,"2019-09-03 15:35:00","LECO",0.18605,0.02905,0.2198,0.2024,0.02705,0.00945,0.1233
"2720",76,"2019-09-23 15:15:00","LECO",0.1442,0.01065,0.1929,0.1997,0.0166,0.01085,0.1412
"2721",77,"2019-09-23 15:15:00","LECO",0.1442,0.01065,0.1929,0.1997,0.0166,0.01085,0.1412
"2722",78,"2019-10-08 15:35:00","LECO",0.0484,0.0169,0.0742,0.0764,0.02625,0.01285,0.05905
"2723",79,"2019-10-08 15:35:00","LECO",0.0484,0.0169,0.0742,0.0764,0.02625,0.01285,0.05905
"2724",80,"2019-11-11 15:33:00","LECO",0.1101,0.03185,NA,NA,0.02165,0.0029,0.1455
"2725",81,"2019-11-11 15:33:00","LECO",0.1101,0.03185,NA,NA,0.02165,0.0029,0.1455
"2726",82,"2019-11-18 16:15:00","LECO",0.0514,0.081,NA,NA,0.0036,0.0041,0.05595
"2727",83,"2019-11-18 16:15:00","LECO",0.0514,0.081,NA,NA,0.0036,0.0041,0.05595
"2728",84,"2019-12-09 16:31:00","LECO",0.036175,0.02165,0.106033333333333,0.127433333333333,0.0136,0.001725,0.0392
"2729",85,"2019-12-09 16:31:00","LECO",0.036175,0.02165,0.106033333333333,0.127433333333333,0.0136,0.001725,0.0392
"2730",86,"2019-12-09 16:31:00","LECO",0.036175,0.02165,0.106033333333333,0.127433333333333,0.0136,0.001725,0.0392
"2731",87,"2019-12-09 16:31:00","LECO",0.036175,0.02165,0.106033333333333,0.127433333333333,0.0136,0.001725,0.0392
"2732",88,"2019-12-16 18:12:00","LECO",0.12795,0.01845,0.1456,0.1301,0.01095,0.0028,0.0182
"2733",89,"2019-12-16 18:12:00","LECO",0.12795,0.01845,0.1456,0.1301,0.01095,0.0028,0.0182
"2734",90,"2020-01-06 16:52:00","LECO",0.1534,0.019,0.1308,0.1807,0.0526,0.0071,0.2864
"2735",91,"2020-01-06 16:52:00","LECO",0.1534,0.019,0.1308,0.1807,0.0526,0.0071,0.2864
"2736",92,"2020-01-20 16:27:00","LECO",0.11755,0.0167,0.1441,0.1698,0.01785,0.00365,0.0101
"2737",93,"2020-01-20 16:27:00","LECO",0.11755,0.0167,0.1441,0.1698,0.01785,0.00365,0.0101
"2738",94,"2020-02-04 17:40:00","LECO",0.1108,0.077,0.2204,0.1997,0.0112,0.002,0.009
"2739",95,"2020-02-10 16:57:00","LECO",0.1465,0.0685,0.0764,0.2519,0.016,0.027,0.012
"2740",96,"2020-02-24 16:42:00","LECO",0.0667,0.05,0.2251,0.2231,0.0115,0.021,0.034
"2741",97,"2020-03-02 16:18:00","LECO",0.1313,0.0817,0.2296,0.2381,0.026,0.014,0.034
"2742",98,"2020-03-16 14:35:00","LECO",0.1522,0.0791,0.2442,0.2409,0.0168,0.074,0.082
"2743",99,"2020-06-02 16:13:00","LECO",0.1307,0.0028,NA,NA,0.007,0.0224,0.0205
"2744",100,"2020-06-22 16:16:00","LECO",0.1704,0.0026,0.246766666666667,0.251766666666667,0.0085,0.0189,0.0228
"2745",101,"2020-07-13 16:08:00","LECO",0.1662,0.0029,0.2261,0.1777,0.0083,0.0109,0.0218
"2746",102,"2020-07-20 14:47:00","LECO",0.1921,0.0033,0.2486,0.2333,0.009,0.0146,0.0309
"2747",103,"2020-08-10 14:54:00","LECO",0.1763,0.0034,0.239,0.2279,0.0091,0.0125,0.0256
"2748",104,"2020-08-17 14:26:00","LECO",0.161,0.0024,0.2344,0.232366666666667,0.0056,0.01,0.0221
"2749",105,"2020-09-14 14:30:00","LECO",0.1434,0.0026,NA,NA,0.0081,0.0119,0.0385
"2750",106,"2020-09-28 15:29:00","LECO",0.1548,0.0032,0.229,0.2285,0.0057,0.0103,0.018
"2751",107,"2020-10-06 14:26:00","LECO",0.1395,0.0018,0.1057,0.2031,0.0054,0.0088,0.0152
"2752",108,"2020-10-19 15:00:00","LECO",0.0465,0.0021,0.0208,0.0195,0.0046,0.0104,0.0133
"2753",109,"2020-11-09 15:34:00","LECO",0.0315,0.0024,0.0305,0.033,0.0043,0.007,0.0101
"2754",110,"2020-11-16 16:05:00","LECO",0.0583,0.0018,0.0444,0.0399,0.0016,0.003,0.009
"2755",111,"2021-02-09 15:44:00","LECO",0.1573,NA,0.09,NA,0.0036,0.0069,0.0069
"2756",112,"2021-02-23 15:17:00","LECO",0.1584,NA,0.2525,0.2239,0.004,0.0071,0.0087
"2757",113,"2021-03-09 16:25:00","LECO",0.1452,NA,0.1766,0.1681,0.0057,0.0087,0.0078
"2758",114,"2021-03-16 14:19:00","LECO",0.1472,0.0012,0.1992,0.2016,0.0051,0.0101,0.0197
"2759",115,"2021-03-29 14:52:00","LECO",0.1826,NA,0.241766666666667,0.241433333333333,0.0042,0.0086,0.0174
"2760",116,"2021-03-29 14:52:00","LECO",0.1826,NA,0.241766666666667,0.241433333333333,0.0042,0.0086,0.0174
"2761",117,"2021-03-29 14:52:00","LECO",0.1826,NA,0.241766666666667,0.241433333333333,0.0042,0.0086,0.0174
"2762",118,"2021-04-06 15:06:00","LECO",0.133,0.0023,0.206,0.2039,0.0077,0.0079,0.0148
"2763",119,"2021-04-13 14:42:00","LECO",0.143,0.005,0.2119,0.2036,0.008,0.0091,0.0197
"2764",120,"2021-04-26 14:35:00","LECO",0.2869,0.0024,0.3011,0.3118,0.0056,0.0228,0.0118
"2765",121,"2021-05-11 14:27:00","LECO",0.198,0.0016,0.249,0.2578,0.0056,0.0084,0.0216
"2766",122,"2021-05-19 14:19:00","LECO",0.1825,0.0025,0.205,0.202,0.0067,0.0094,0.0185
"2767",123,"2021-06-08 14:37:00","LECO",0.1816,0.0033,0.2468,0.2564,0.0086,0.0117,0.0212
"2768",124,"2021-06-21 14:57:00","LECO",0.1994,0.0025,0.1928,0.2193,0.0119,0.0144,0.0244
"2769",125,"2021-07-13 14:46:00","LECO",0.1856,0.0016,0.1594,0.1626,0.0112,0.011,0.0199
"2770",126,"2021-07-26 14:48:00","LECO",0.1839,0.004,0.2003,0.1955,0.0123,0.0103,0.0183
"2771",127,"2021-08-10 14:29:00","LECO",0.1549,0.0034,0.1354,0.1597,0.0274,0.0125,0.0162
"2772",128,"2021-08-16 15:33:00","LECO",0.1457,0.0012,0.1364,0.1722,0.0121,0.012,0.0227
"2773",129,"2021-09-13 16:27:00","LECO",0.1246,0.0025,0.1022,0.1288,0.0078,0.0099,0.0197
"2774",130,"2021-09-28 14:04:00","LECO",0.1305,0.0016,0.1233,0.1298,0.0063,0.0097,0.0148
"2775",131,"2021-10-12 15:57:00","LECO",0.0917,0.0021,0.082,0.0951,0.0061,0.0078,0.0107
"2776",132,"2021-11-08 16:20:00","LECO",0.0377,0.0028,0.0768,0.1076,0.0029,0.0066,0.0096
"2777",133,"2021-11-16 15:58:00","LECO",0.0015,0.0021,0.054,0.0957,0.0047,0.0074,0.0121
"2778",134,"2021-12-01 16:22:00","LECO",0.0764,0.003,0.1584,0.1896,0.0025,0.0056,0.009
"2779",135,"2021-12-14 16:21:00","LECO",0.1841,0.0032,0.2188,0.2153,0.0027,0.0049,0.0084
"2780",136,"2022-01-11 17:05:00","LECO",0.1758,0.0027,0.0976,0.2351,0.0027,0.006,0.0082
"2781",137,"2022-01-25 16:50:00","LECO",0.1224,0.0027,0.1835,0.1838,0.0035,0.0065,0.0079
"2782",138,"2022-02-01 16:09:00","LECO",0.1269,0.0027,0.0433,0.1944,0.0033,0.0067,0.0075
"2783",139,"2022-02-08 16:46:00","LECO",0.1907,0.0022,0.1497,0.1347,0.004,0.0059,0.0068
"2784",140,"2022-02-22 15:35:00","LECO",0.1903,0.0026,0.2253,0.2179,0.0033,0.0103,0.0094
"2785",141,"2022-03-08 16:21:00","LECO",0.1588,0.0013,0.1807,0.062,0.0036,0.0071,0.013
"2786",142,"2022-03-14 15:54:00","LECO",0.1535,8e-04,0.1885,0.1966,0.0044,0.0075,0.0106
"2787",143,"2022-03-28 15:07:00","LECO",0.151366666666667,0.00113333333333333,0.209333333333333,0.198433333333333,0.00383333333333333,0.00783333333333333,0.0102333333333333
"2788",144,"2022-03-28 15:07:00","LECO",0.151366666666667,0.00113333333333333,0.209333333333333,0.198433333333333,0.00383333333333333,0.00783333333333333,0.0102333333333333
"2789",145,"2022-03-28 15:07:00","LECO",0.151366666666667,0.00113333333333333,0.209333333333333,0.198433333333333,0.00383333333333333,0.00783333333333333,0.0102333333333333
"2790",146,"2022-04-12 14:57:00","LECO",0.1908,0.0014,0.2374,0.2691,0.0034,0.0098,0.0307
"2791",147,"2022-04-18 17:15:00","LECO",0.1596,0.0024,0.3095,0.3533,0.0036,0.0072,0.0207
"2792",148,"2022-04-27 16:30:00","LECO",0.1417,0.0025,0.2354,0.2263,0.0055,0.0099,0.0163
"2793",149,"2022-05-10 14:49:00","LECO",0.2083,0.0042,0.3031,0.2853,0.005,0.0063,0.0137
"2794",150,"2022-05-23 16:10:00","LECO",0.2153,0.0013,0.2941,0.3004,0.0036,0.0069,0.0246
"2795",151,"2022-06-07 15:20:00","LECO",0.1525,0.0063,0.135,0.1319,0.0073,0.0108,0.023
"2796",152,"2022-06-13 15:13:00","LECO",0.1635,0.0027,0.2066,0.2505,0.0091,0.0117,0.0202
"2797",153,"2022-07-12 15:09:00","LECO",0.1947,NA,0.2536,0.2969,0.0053,0.0086,0.0156
"2798",154,"2022-07-18 15:47:00","LECO",0.1523,1e-04,0.2441,0.3212,0.0069,0.009,0.0148
"2799",155,"2022-08-09 15:17:00","LECO",0.1176,NA,0.1201,0.1547,0.007,0.0091,0.0165
"2800",156,"2022-08-15 15:38:00","LECO",0.1217,0.00513333333333333,0.0701333333333333,0.0734666666666667,0.00706666666666667,0.00983333333333333,0.0189666666666667
"2801",157,"2022-08-15 15:38:00","LECO",0.1217,0.00513333333333333,0.0701333333333333,0.0734666666666667,0.00706666666666667,0.00983333333333333,0.0189666666666667
"2802",158,"2022-08-15 15:38:00","LECO",0.1217,0.00513333333333333,0.0701333333333333,0.0734666666666667,0.00706666666666667,0.00983333333333333,0.0189666666666667
"2803",159,"2022-09-13 15:05:00","LECO",0.1287,NA,NA,0.2299,0.007,0.0091,0.0188
"2804",160,"2022-09-26 16:09:00","LECO",0.0946,NA,0.1437,0.1532,0.0069,0.0117,0.0205
"2805",161,"2022-10-11 15:20:00","LECO",0.0996,NA,0.0375,0.1886,0.0084,0.0101,0.0193
"2806",162,"2022-11-07 16:27:00","LECO",0.0052,NA,0.0927,0.1041,0.0091,0.0138,0.0171
"2807",163,"2022-11-15 16:00:00","LECO",0.0849,NA,0.1064,0.1016,0.0042,0.0067,0.0083
"2808",164,"2022-11-28 16:59:00","LECO",0.0602,NA,0.0076,0.0058,0.0048,0.0076,0.0093
"2809",165,"2022-12-13 19:03:00","LECO",0.1326,NA,0.1326,0.1965,0.0031,0.0057,0.0086
"2810",166,"2023-01-04 16:34:00","LECO",0.3625,0.0053,0.3693,0.3817,0.0017,0.0057,0.0115
"2811",167,"2023-01-23 17:50:00","LECO",0.1528,0.0021,0.1722,0.1796,0.0033,0.0067,0.0073
"2812",168,"2023-02-06 20:02:00","LECO",0.1349,0.0031,0.1251,0.1311,0.004,0.007,0.0072
"2813",169,"2023-02-14 17:01:00","LECO",0.1282,0.0034,0.1389,0.128,0.0071,0.0076,0.0089
"2814",170,"2023-02-21 17:28:00","LECO",0.1533,0.0015,0.1551,0.211,0.0047,0.0078,0.0122
"2815",171,"2023-03-01 16:57:00","LECO",0.1241,0.0014,0.1803,0.1997,0.0046,0.0082,0.0141
"2816",172,"2023-03-13 16:24:00","LECO",0.153,0.001,0.2556,0.2855,0.0041,0.0075,0.0111
"2817",173,"2023-03-27 15:25:00","LECO",0.1416,0.0025,0.194033333333333,0.202266666666667,0.00503333333333333,0.00763333333333333,0.0145666666666667
"2818",174,"2023-03-27 15:25:00","LECO",0.1416,0.0025,0.194033333333333,0.202266666666667,0.00503333333333333,0.00763333333333333,0.0145666666666667
"2819",175,"2023-03-27 15:25:00","LECO",0.1416,0.0025,0.194033333333333,0.202266666666667,0.00503333333333333,0.00763333333333333,0.0145666666666667
"2820",176,"2023-04-10 15:31:00","LECO",0.1416,0.0028,0.2149,0.2655,0.0056,0.0074,0.0137
"2821",177,"2023-04-17 17:16:00","LECO",0.1211,0.0019,0.1649,0.1856,0.0072,0.0091,0.0156
"2822",178,"2023-05-02 15:26:00","LECO",0.1542,0.0039,0.2189,0.2517,0.006,0.0108,0.0145
"2823",179,"2023-05-09 15:54:00","LECO",0.1302,0.0046,0.1638,0.1939,0.0071,0.0139,0.0185
"2824",180,"2023-05-22 18:20:00","LECO",0.1595,0.0084,0.2082,0.19,0.0042,0.0093,0.0154
"2825",181,"2023-06-06 17:19:00","LECO",0.1524,0.0038,0.1709,0.1985,0.0094,0.0132,0.0239
"2826",182,"2023-06-12 17:01:00","LECO",0.2039,0.0027,0.2204,0.259,0.0073,0.0113,0.0282
"2827",183,"2023-07-11 17:32:00","LECO",0.1266,0.003,0.2034,0.2506,0.0062,0.009,0.0162
"2828",184,"2023-07-17 16:10:00","LECO",0.1267,0.0023,0.1873,0.2054,0.0081,0.0104,0.0201
"2829",185,"2023-08-08 17:17:00","LECO",0.1125,0.0023,0.1517,0.1755,0.0079,0.0098,0.0151
"2830",186,"2023-08-14 16:02:00","LECO",0.119966666666667,0.00943333333333333,0.1566,0.1377,0.0075,0.00893333333333333,0.0157
"2831",187,"2023-08-14 16:02:00","LECO",0.119966666666667,0.00943333333333333,0.1566,0.1377,0.0075,0.00893333333333333,0.0157
"2832",188,"2023-08-14 16:02:00","LECO",0.119966666666667,0.00943333333333333,0.1566,0.1377,0.0075,0.00893333333333333,0.0157
"2833",189,"2023-09-12 16:13:00","LECO",0.0982,0.003,0.1113,0.1256,0.0084,0.01,0.0193
"2834",190,"2023-09-25 16:20:00","LECO",0.1532,0.0302,0.1511,0.1548,0.0104,0.0117,0.0173
"2835",191,"2023-10-10 15:31:00","LECO",0.0411,0.004,NA,NA,0.0109,0.0099,0.0131
"2836",192,"2023-11-06 17:25:00","LECO",0.0023,0.0011,0.08,0.11,0.0074,0.011,0.0124
"2837",193,"2023-11-15 17:54:00","LECO",0.0043,4e-04,0.06,0.1,0.0074,0.0097,0.0113
"2838",194,"2023-12-05 17:30:00","LECO",0.0756,8e-04,0.22,0.24,0.0034,0.0056,0.0075
"2839",195,"2023-12-12 17:15:00","LECO",0.0802,NA,0.3,0.32,0.004,0.0051,0.0067
"2840",196,"2024-01-08 17:06:00","LECO",0.1917,0.0071,0.18,0.24,0.004,0.0057,0.0052
"2841",197,"2024-01-23 19:21:00","LECO",0.1031,0.0027,0.16,0.14,0.0042,0.0061,0.0061
"2842",198,"2024-02-06 17:11:00","LECO",0.1179,NA,0.21,0.18,0.0039,0.0057,0.0064
"2843",199,"2024-02-14 16:30:00","LECO",0.1944,0.0101,0.28,0.22,0.005,0.0069,0.0068
"2844",200,"2024-02-20 17:17:00","LECO",0.1231,0.0179,0.18,0.17,0.0044,0.0127,0.0141
"2845",201,"2024-03-05 16:16:00","LECO",0.1258,0.0202,0.23,0.21,0.0041,0.0152,0.0163
"2846",202,"2024-03-11 16:02:00","LECO",0.1772,0.0029,0.22,0.24,0.0031,0.0126,0.0125
"2847",203,"2024-03-26 13:08:00","LECO",0.1442,0.0036,0.23,0.23,0.004,0.014,0.0169
"2848",204,"2024-04-08 15:59:00","LECO",0.1267,0.00336666666666667,0.173333333333333,0.256666666666667,0.00463333333333333,0.0149333333333333,0.017
"2849",205,"2024-04-08 15:59:00","LECO",0.1267,0.00336666666666667,0.173333333333333,0.256666666666667,0.00463333333333333,0.0149333333333333,0.017
"2850",206,"2024-04-08 15:59:00","LECO",0.1267,0.00336666666666667,0.173333333333333,0.256666666666667,0.00463333333333333,0.0149333333333333,0.017
"2851",207,"2024-04-15 17:59:00","LECO",0.1349,0.014,0.2,0.2,0.0075,0.0057,0.0125
"2852",208,"2024-04-29 15:41:00","LECO",0.1358,0.0041,0.21,0.18,0.0115,0.01,0.0168
"2853",209,"2024-05-07 15:29:00","LECO",0.1525,0.0014,0.26,0.28,0.0076,0.0066,0.0162
"2854",210,"2024-05-15 15:32:00","LECO",0.092,0.0044,0.19,0.23,0.0075,0.0071,0.0156
"2855",211,"2024-06-04 15:00:00","LECO",0.1219,0.0017,0.2,0.2,0.0353,0.0082,0.0177
"2856",212,"2024-06-11 15:14:00","LECO",0.1504,0.0016,0.25,0.21,0.0095,0.0091,0.019
"2857",213,"2024-07-09 15:25:00","LECO",0.1453,0.0024,0.19,0.25,0.012,0.0134,0.0198
"2858",214,"2024-07-15 15:30:00","LECO",0.1455,0.0017,0.18,0.23,0.0124,0.0181,0.0239
"2859",215,"2024-08-06 15:21:00","LECO",0.1294,4e-04,0.17,0.21,0.0077,0.0108,0.0184
"2860",216,"2024-08-13 14:47:00","LECO",0.129933333333333,0.00393333333333333,0.17,0.203333333333333,0.0102333333333333,0.0121333333333333,0.017
"2861",217,"2024-08-13 14:47:00","LECO",0.129933333333333,0.00393333333333333,0.17,0.203333333333333,0.0102333333333333,0.0121333333333333,0.017
"2862",218,"2024-08-13 14:47:00","LECO",0.129933333333333,0.00393333333333333,0.17,0.203333333333333,0.0102333333333333,0.0121333333333333,0.017
"2863",219,"2024-09-10 15:13:00","LECO",0.0953,NA,0.12,0.12,0.0081,0.01,0.0197
"2864",220,"2024-09-23 15:47:00","LECO",0.1085,NA,0.16,0.17,0.0093,0.0123,0.0196
"2865",221,"2024-10-08 15:07:00","LECO",0.0645,NA,0.11,0.1,0.0061,0.0079,0.011
"2866",222,"2024-11-04 17:11:00","LECO",0.006,0.0178,0.02,0.01,0.0097,0.0115,0.0124
"2867",223,"2024-11-11 16:33:00","LECO",0.0023,0.0013,0.02,0.03,0.01,0.0115,0.0148
"2868",224,"2024-12-03 16:12:00","LECO",0.0811,3e-04,0.09,0.09,0.0038,0.0042,0.0058
"2869",225,"2024-12-09 16:26:00","LECO",0.0505,5e-04,0.08,0.08,0.0058,0.0065,0.0099
"2870",226,"2025-01-08 16:50:00","LECO",0.2136,8e-04,0.26,0.29,0.0028,0.0047,0.0044
"2871",227,"2025-01-21 17:23:00","LECO",0.1307,0.0011,0.17,0.24,0.0034,0.0048,0.0045
"2872",228,"2025-02-05 17:28:00","LECO",0.2371,NA,0.28,0.33,0.0026,0.0041,0.0074
"2873",229,"2025-02-11 16:09:00","LECO",0.2824,NA,0.33,0.36,0.0025,0.0037,0.0068
"2874",230,"2025-02-25 17:54:00","LECO",0.1139,0.007,0.12,0.07,0.0028,0.0066,0.0056
"2875",231,"2025-03-04 16:00:00","LECO",0.1097,0.0075,0.09,0.05,0.0045,0.017,0.0063
"2876",232,"2025-03-10 16:10:00","LECO",0.1669,0.0095,0.16,0.11,0.0028,0.0057,0.0048
"2877",233,"2025-03-24 16:14:00","LECO",0.1378,0.0047,0.12,0.1,0.0031,0.006,0.009
"2878",234,"2025-04-02 14:34:00","LECO",0.1864,0.0055,0.17,0.14,0.004,0.0075,0.0067
"2879",235,"2025-04-08 15:56:00","LECO",0.179933333333333,0.0292333333333333,0.116666666666667,0.146666666666667,0.00253333333333333,0.0074,0.00893333333333333
"2880",236,"2025-04-08 15:56:00","LECO",0.179933333333333,0.0292333333333333,0.116666666666667,0.146666666666667,0.00253333333333333,0.0074,0.00893333333333333
"2881",237,"2025-04-08 15:56:00","LECO",0.179933333333333,0.0292333333333333,0.116666666666667,0.146666666666667,0.00253333333333333,0.0074,0.00893333333333333
"2882",238,"2025-04-21 16:20:00","LECO",0.0851,0.0037,0.11,0.1867,0.0049,0.0076,0.013
"2883",239,"2025-05-06 15:45:00","LECO",0.1326,0.0032,0.17,0.1633,0.005,0.0055,0.0112
"2884",240,"2025-05-12 16:14:00","LECO",0.1164,0.003,0.15,0.17,0.0061,0.0076,0.0155
"2885",241,"2025-05-19 16:04:00","LECO",0.1123,0.003,0.14,0.1467,0.0053,0.0073,0.0151
"2886",242,"2025-06-03 14:55:00","LECO",0.1813,0.0045,0.21,0.33,0.007,0.0092,0.0171
"2887",243,"2025-06-09 15:45:00","LECO",0.1477,0.0026,0.18,0.2167,0.0074,0.0078,0.0177
"2888",244,"2025-07-08 16:48:00","LECO",0.131,0.0017,0.18,0.16,0.0071,0.0106,0.0181
"2889",245,"2025-07-14 15:24:00","LECO",0.1459,0.0014,0.2,0.18,0.0075,0.0106,0.0201
"2890",246,"2025-08-11 15:15:00","LECO",0.128433333333333,0.000366666666666667,0.23,0.226666666666667,0.00836666666666667,0.0113333333333333,0.0152
"2891",247,"2025-08-11 15:15:00","LECO",0.128433333333333,0.000366666666666667,0.23,0.226666666666667,0.00836666666666667,0.0113333333333333,0.0152
"2892",248,"2025-08-11 15:15:00","LECO",0.128433333333333,0.000366666666666667,0.23,0.226666666666667,0.00836666666666667,0.0113333333333333,0.0152
"2893",249,"2025-08-18 15:30:00","LECO",0.1357,0.0202,0.15,0.16,0.0072,0.0095,0.01
"2894",250,"2025-09-09 14:49:00","LECO",0.1556,0.0343,0.17,0.17,0.0058,0.0109,0.0098
"2895",251,"2025-09-22 16:14:00","LECO",0.0914,0.019,0.14,0.13,0.0077,0.0135,0.0124
"2896",252,"2025-10-06 16:13:00","LECO",0.0622,0.0076,0.07,0.26,0.007,0.0105,0.0145
"2897",253,"2025-11-10 16:03:00","LECO",0.009,0.0044,0.08,0.06,0.0059,0.007,0.0106
"2898",254,"2025-11-18 16:45:00","LECO",0.036,0.0015,0.11,0.16,0.0052,0.0066,0.0085
"2899",255,"2025-12-09 16:00:00","LECO",0.1725,0.0278,0.26,0.25,0.0053,0.006,0.008
"2900",1,"2017-04-11 13:45:00","WALK",0.007,0.014,0.1313,0.1012,0.017,0.018,0.021
"2901",2,"2017-04-17 12:53:00","WALK",0.027,NA,0.1069,0.101,0.016,0.008,0.01
"2902",3,"2017-04-25 12:45:00","WALK",0.023,0.104,0.4262,0.5225,0.02,0.015,0.017
"2903",4,"2017-05-02 14:30:00","WALK",0.021,0.064,0.1557,0.0389,0.017,0.004,0.005
"2904",5,"2017-05-23 14:00:00","WALK",0.039,0.032,0.0133,0.1182,0.011,0.007,0.009
"2905",6,"2017-05-30 12:45:00","WALK",0.054,0.075,0.0848,0.1035,0.001,0.022,0.027
"2906",7,"2017-06-20 13:00:00","WALK",0.051,0.086,0.0968,0.0957,0.026,5e-04,0.004
"2907",8,"2017-07-05 15:55:00","WALK",0.052,0.137,0.0703,0.1087,0.023,0.0029,0.005
"2908",9,"2017-07-24 13:08:00","WALK",0.1076,0.016,0.1088,0.1352,0.036,0.003,0.0528
"2909",10,"2017-08-22 14:30:00","WALK",0.0741,0.0345333333333333,0.00496666666666667,0.0733333333333333,0.027,0.00163333333333333,0.0262333333333333
"2910",11,"2017-08-22 14:30:00","WALK",0.0741,0.0345333333333333,0.00496666666666667,0.0733333333333333,0.027,0.00163333333333333,0.0262333333333333
"2911",12,"2017-08-22 14:30:00","WALK",0.0741,0.0345333333333333,0.00496666666666667,0.0733333333333333,0.027,0.00163333333333333,0.0262333333333333
"2912",13,"2017-09-06 13:45:00","WALK",0.09,0.0137,0.0538,0.0251,0.024,0.0032,0.024
"2913",14,"2017-09-18 13:53:00","WALK",NA,NA,NA,NA,NA,NA,NA
"2914",15,"2017-09-18 13:53:00","WALK",NA,NA,NA,NA,NA,NA,NA
"2915",16,"2017-09-18 13:53:00","WALK",NA,NA,NA,NA,NA,NA,NA
"2916",17,"2017-10-11 14:10:00","WALK",0.0529,0.0832,0.1308,0.124,0.006,0.019,0.02
"2917",18,"2017-11-14 17:49:00","WALK",0.214266666666667,0.121333333333333,NA,NA,0.0143333333333333,0.00966666666666667,0.012
"2918",19,"2017-11-14 17:49:00","WALK",0.214266666666667,0.121333333333333,NA,NA,0.0143333333333333,0.00966666666666667,0.012
"2919",20,"2017-11-14 17:49:00","WALK",0.214266666666667,0.121333333333333,NA,NA,0.0143333333333333,0.00966666666666667,0.012
"2920",21,"2017-11-20 15:34:00","WALK",0.0216,NA,NA,NA,0.004,0.02,0.029
"2921",22,"2017-12-11 14:07:00","WALK",0.0179,0.0934,NA,NA,0.008,0.025,0.031
"2922",23,"2017-12-18 15:30:00","WALK",0.015,0.1174,NA,0.0401,0.01,0.026,0.027
"2923",24,"2018-01-15 15:00:00","WALK",NA,NA,NA,0.069,NA,NA,0.003
"2924",25,"2018-01-22 14:23:00","WALK",0.0318,0.1039,0.0314,0.0366,0.083,0.001,0.002
"2925",26,"2018-01-29 14:15:00","WALK",0.048,0.1217,0.0522,0.0622,0.046,0.002,0.003
"2926",27,"2018-02-05 14:00:00","WALK",0.0426,0.0777,0.0739,0.0856,0.06,0.006,0.008
"2927",28,"2018-02-13 15:30:00","WALK",0.027,0.0876,NA,NA,0.073,0.001,0.002
"2928",29,"2018-02-20 14:00:00","WALK",0.0248,0.1105,0.0281,0.0494,0.055,0.002,0.004
"2929",30,"2018-03-06 15:15:00","WALK",0.0181,0.0023,NA,NA,0.006,0.007,0.008
"2930",31,"2018-03-19 13:30:00","WALK",0.0128,NA,NA,NA,0.064,0.018,0.036
"2931",32,"2018-03-27 15:25:00","WALK",0.0198,NA,0.8579,0.8579,NA,0.009,0.01
"2932",33,"2018-04-02 14:15:00","WALK",0.0502,NA,0.8579,1.193,0.062,5e-04,0.0477
"2933",34,"2018-04-16 12:45:00","WALK",0.0261,0.0278,0.1364,0.1346,0.03,0.0036,0.1828
"2934",35,"2018-04-23 15:15:00","WALK",0.0281,0.0206,0.2695,0.2898,0.063,5e-04,0.0279
"2935",36,"2018-05-01 13:29:00","WALK",0.0139,0.0277,0.2722,0.2684,0.019,0.0055,0.0263
"2936",37,"2018-05-07 13:25:00","WALK",0.0266,0.1158,0.3915,0.5792,0.016,5e-04,0.0146
"2937",38,"2018-05-29 12:45:00","WALK",0.0586,NA,0.0592,NA,0.022,0.0158,NA
"2938",39,"2018-06-19 13:00:00","WALK",0.0738,0.1054,0.1162,0.0705,0.013,0.1199,0.0619
"2939",40,"2018-07-02 12:54:00","WALK",NA,NA,NA,NA,NA,5e-04,0.067
"2940",41,"2018-07-09 13:35:00","WALK",0.0708,0.0225,0.1909,0.1821,0.01,0.011,0.042
"2941",42,"2018-08-06 12:32:00","WALK",0.085,0.0269,0.1228,0.1395,0.012,5e-04,0.011
"2942",43,"2018-09-04 14:18:00","WALK",0.0579,NA,NA,0.0189,0.013,0.005,0.007
"2943",44,"2018-09-17 13:59:00","WALK",0.0284,0.0254,0.0789,0.1104,0.025,0.0138,0.017
"2944",45,"2018-10-15 13:22:00","WALK",0.0327,0.0405,NA,0.0246,0.224,8e-04,0.1528
"2945",46,"2018-11-05 13:49:00","WALK",NA,NA,NA,0.0743,NA,NA,0.014
"2946",47,"2018-11-13 13:53:00","WALK",NA,0.0185,NA,NA,0.12,0.004,0.007
"2947",48,"2018-11-19 13:22:00","WALK",NA,0.3325,0.0559,0.0797,0.01,0.004,0.0153
"2948",49,"2018-12-17 13:21:00","WALK",NA,NA,NA,NA,NA,0.003,0.0125
"2949",50,"2019-01-14 14:05:00","WALK",NA,0.0286,NA,NA,NA,0.008,0.061
"2950",51,"2019-01-22 14:35:00","WALK",NA,0.0602,0.0951,0.1129,0.011,0.029,0.033
"2951",52,"2019-01-28 13:15:00","WALK",NA,0.0439,0.067,0.1289,0.227,0.01,0.015
"2952",53,"2019-02-12 13:35:00","WALK",NA,0.0536,0.0902,0.1555,0.012,0.063,0.0783
"2953",54,"2019-02-18 13:32:00","WALK",NA,0.0678,0.1279,0.1424,0.306,0.023,0.059
"2954",55,"2019-02-26 13:29:00","WALK",NA,0.0698,0.2141,0.1967,0.053,0.017,0.43
"2955",56,"2019-03-04 14:02:00","WALK",NA,0.0586,0.0169,0.0752,0.076,5e-04,0.428
"2956",57,"2019-03-12 12:35:00","WALK",NA,0.1079,0.0537,0.4245,0.04,0.006,0.123
"2957",58,"2019-03-18 12:19:00","WALK",NA,0.0603,0.1483,0.0906,NA,5e-04,0.165
"2958",59,"2019-04-01 12:34:00","WALK",NA,0.0196333333333333,0.0834,0.0912,0.124333333333333,5e-04,0.013
"2959",60,"2019-04-01 12:34:00","WALK",NA,0.0196333333333333,0.0834,0.0912,0.124333333333333,5e-04,0.013
"2960",61,"2019-04-01 12:34:00","WALK",NA,0.0196333333333333,0.0834,0.0912,0.124333333333333,5e-04,0.013
"2961",62,"2019-04-15 12:23:00","WALK",NA,0.0337,0.0831,0.0933,0.038,5e-04,0.0233
"2962",63,"2019-04-22 12:30:00","WALK",NA,0.0553,0.0727,0.0874,0.027,0.0088,0.0232
"2963",64,"2019-05-06 12:37:00","WALK",NA,0.0157,0.0846,0.1019,0.022,0.0137,0.0534
"2964",65,"2019-05-21 12:31:00","WALK",0.0674,0.0462,0.0922,0.1489,0.041,5e-04,0.1344
"2965",66,"2019-06-04 12:20:00","WALK",NA,0.0435,0.1182,0.1211,0.032,5e-04,0.057
"2966",67,"2019-06-18 13:29:00","WALK",0.0626,0.0111,0.1139,0.0976,0.019,0.00845,0.01885
"2967",68,"2019-06-18 13:29:00","WALK",0.0626,0.0111,0.1139,0.0976,0.019,0.00845,0.01885
"2968",69,"2019-07-01 13:42:00","WALK",0.06275,0.0243,0.0925,0.1441,0.0186,0.01635,0.0561
"2969",70,"2019-07-01 13:42:00","WALK",0.06275,0.0243,0.0925,0.1441,0.0186,0.01635,0.0561
"2970",71,"2019-07-22 12:45:00","WALK",0.0671,0.03155,0.0835,0.0896,NA,0.01155,0.156
"2971",72,"2019-07-22 12:45:00","WALK",0.0671,0.03155,0.0835,0.0896,NA,0.01155,0.156
"2972",73,"2019-08-13 13:36:00","WALK",0.05875,0.0019,0.0693,0.0801,0.0168,0.00675,0.0463
"2973",74,"2019-08-13 13:36:00","WALK",0.05875,0.0019,0.0693,0.0801,0.0168,0.00675,0.0463
"2974",75,"2019-09-04 12:58:00","WALK",0.059875,0.01105,0.0772666666666667,0.0699,NA,0.00475,0.187225
"2975",76,"2019-09-04 12:58:00","WALK",0.059875,0.01105,0.0772666666666667,0.0699,NA,0.00475,0.187225
"2976",77,"2019-09-04 12:58:00","WALK",0.059875,0.01105,0.0772666666666667,0.0699,NA,0.00475,0.187225
"2977",78,"2019-09-04 12:58:00","WALK",0.059875,0.01105,0.0772666666666667,0.0699,NA,0.00475,0.187225
"2978",79,"2019-09-16 13:35:00","WALK",0.0518,0.0171,0.1063,0.1013,0.0208,0.01415,0.14075
"2979",80,"2019-09-16 13:35:00","WALK",0.0518,0.0171,0.1063,0.1013,0.0208,0.01415,0.14075
"2980",81,"2019-10-07 12:45:00","WALK",0.0287,0.00955,0.0842,0.0699,0.0157,0.01055,0.0386
"2981",82,"2019-10-07 12:45:00","WALK",0.0287,0.00955,0.0842,0.0699,0.0157,0.01055,0.0386
"2982",83,"2019-11-04 14:01:00","WALK",0.0325,0.13015,NA,NA,0.00655,0.0054,0.15
"2983",84,"2019-11-04 14:01:00","WALK",0.0325,0.13015,NA,NA,0.00655,0.0054,0.15
"2984",85,"2019-11-25 13:26:00","WALK",0.0266,0.0133,0.1209,0.0757,0.00445,0.0026,0.05025
"2985",86,"2019-11-25 13:26:00","WALK",0.0266,0.0133,0.1209,0.0757,0.00445,0.0026,0.05025
"2986",87,"2019-12-02 14:47:00","WALK",0.01955,0.0163,0.0342,0.092,0.00395,0.0029,0.05805
"2987",88,"2019-12-02 14:47:00","WALK",0.01955,0.0163,0.0342,0.092,0.00395,0.0029,0.05805
"2988",89,"2019-12-16 12:55:00","WALK",0.030775,NA,0.0689,0.1193,NA,0.005975,0.0415
"2989",90,"2019-12-16 12:55:00","WALK",0.030775,NA,0.0689,0.1193,NA,0.005975,0.0415
"2990",91,"2019-12-16 12:55:00","WALK",0.030775,NA,0.0689,0.1193,NA,0.005975,0.0415
"2991",92,"2019-12-16 12:55:00","WALK",0.030775,NA,0.0689,0.1193,NA,0.005975,0.0415
"2992",93,"2020-01-07 15:22:00","WALK",0.2709,0.02505,0.0347,0.031,0.00785,0.00525,0.00705
"2993",94,"2020-01-07 15:22:00","WALK",0.2709,0.02505,0.0347,0.031,0.00785,0.00525,0.00705
"2994",95,"2020-01-21 14:19:00","WALK",0.02015,0.01285,0.0241,0.0233,0.00255,0.00705,0.05065
"2995",96,"2020-01-21 14:19:00","WALK",0.02015,0.01285,0.0241,0.0233,0.00255,0.00705,0.05065
"2996",97,"2020-01-27 13:51:00","WALK",NA,NA,0.625,0.0726,0.01605,0.01415,0.0162
"2997",98,"2020-01-27 13:51:00","WALK",NA,NA,0.625,0.0726,0.01605,0.01415,0.0162
"2998",99,"2020-02-03 13:40:00","WALK",0.01995,NA,0.1792,0.1085,0.0085,0.02445,0.03165
"2999",100,"2020-02-03 13:40:00","WALK",0.01995,NA,0.1792,0.1085,0.0085,0.02445,0.03165
"3000",101,"2020-02-11 14:00:00","WALK",0.0118,0.1683,NA,NA,0.0322,5e-04,0.013
"3001",102,"2020-02-18 14:24:00","WALK",0.0146,0.0179,NA,0.0889,0.0102,0.005,0.014
"3002",103,"2020-03-03 13:57:00","WALK",0.04,0.0345,0.1555,0.1806,0.0114,0.005,0.015
"3003",104,"2020-03-09 12:38:00","WALK",0.0173,0.0242,0.0817,0.0849,0.0322,0.054,0.063
"3004",105,"2020-03-17 12:47:00","WALK",0.0248,0.0341,0.1308,0.1433,0.0114,0.006,0.009
"3005",106,"2020-06-01 13:23:00","WALK",0.0442,0.0024,NA,NA,6e-04,0.0069,0.0071
"3006",107,"2020-06-08 13:21:00","WALK",0.048,3e-04,NA,NA,0.0017,0.0056,0.011
"3007",108,"2020-07-06 13:32:00","WALK",0.0533,9e-04,0.150166666666667,0.0897333333333333,2e-04,0.0082,0.0079
"3008",109,"2020-07-14 12:07:00","WALK",0.0606,0.0025,0.0966,0.1124,0.0016,0.0084,0.0184
"3009",110,"2020-08-03 12:52:00","WALK",0.0589,0.0021,0.1357,0.1564,6e-04,0.0071,0.0076
"3010",111,"2020-08-11 13:26:00","WALK",0.0621,0.0021,0.1174,0.1278,0.0013,0.0086,0.0082
"3011",112,"2020-09-01 12:34:00","WALK",0.0563,0.0017,0.0893666666666667,0.0874333333333333,2e-04,0.0074,0.0112
"3012",113,"2020-09-08 13:07:00","WALK",0.0539,0.0016,0.1043,0.0951,8e-04,0.0074,0.0167
"3013",114,"2020-09-29 12:15:00","WALK",0.0629,0.0011,0.1432,0.1405,8e-04,0.0068,0.0103
"3014",115,"2020-10-13 12:26:00","WALK",0.0097,4e-04,NA,0.0607,1e-04,0.0043,0.0191
"3015",116,"2020-11-11 13:15:00","WALK",0.004,7e-04,0.0142,0.0136,NA,0.0269,0.0069
"3016",117,"2020-11-30 13:45:00","WALK",0.019,8e-04,0.0724,0.0879,2e-04,0.0052,0.0068
"3017",118,"2020-12-08 14:03:00","WALK",0.0153666666666667,NA,0.0404,NA,NA,0.00266666666666667,0.0086
"3018",119,"2020-12-08 14:03:00","WALK",0.0153666666666667,NA,0.0404,NA,NA,0.00266666666666667,0.0086
"3019",120,"2020-12-08 14:03:00","WALK",0.0153666666666667,NA,0.0404,NA,NA,0.00266666666666667,0.0086
"3020",121,"2021-02-10 13:58:00","WALK",0.097,4e-04,0.089,0.0974,4e-04,0.0035,0.0128
"3021",122,"2021-02-16 14:04:00","WALK",0.103,NA,0.1173,0.1729,NA,0.0057,0.0142
"3022",123,"2021-02-22 13:37:00","WALK",0.0253,5e-04,0.1421,0.1136,3e-04,0.0059,0.0077
"3023",124,"2021-03-02 13:49:00","WALK",0.0198,7e-04,0.1053,0.016,2e-04,0.0027,0.0073
"3024",125,"2021-03-08 13:53:00","WALK",0.0191,0.0014,0.017,0.0182,2e-04,0.0026,0.0066
"3025",126,"2021-03-15 12:52:00","WALK",0.0219,0.0016,0.0695,0.0929,3e-04,0.0026,0.0037
"3026",127,"2021-04-05 13:19:00","WALK",0.0137666666666667,0.00163333333333333,0.0871,0.0888,NA,0.00323333333333333,0.00863333333333333
"3027",128,"2021-04-05 13:19:00","WALK",0.0137666666666667,0.00163333333333333,0.0871,0.0888,NA,0.00323333333333333,0.00863333333333333
"3028",129,"2021-04-05 13:19:00","WALK",0.0137666666666667,0.00163333333333333,0.0871,0.0888,NA,0.00323333333333333,0.00863333333333333
"3029",130,"2021-04-12 13:13:00","WALK",0.019,0.002,0.1215,0.115,3e-04,0.0031,0.0057
"3030",131,"2021-04-19 13:45:00","WALK",0.0201,0.0016,0.1211,0.0971,3e-04,0.0029,0.0072
"3031",132,"2021-05-03 13:04:00","WALK",0.0421,0.003,0.1169,0.1162,0.0025,0.0038,0.019
"3032",133,"2021-05-10 12:55:00","WALK",0.0193,0.0019,0.1073,0.0943,6e-04,0.0056,0.0139
"3033",134,"2021-06-01 13:06:00","WALK",0.0427,0.0025,0.0878,0.0794,2e-04,0.0244,0.0125
"3034",135,"2021-06-07 13:29:00","WALK",0.0203,0.002,0.1442,0.1051,0.0017,0.0088,0.0196
"3035",136,"2021-07-06 13:18:00","WALK",0.0243,0.0017,0.0704,0.0584,0.0023,0.0075,0.0089
"3036",137,"2021-07-12 12:10:00","WALK",0.06,0.0018,0.0588,0.0684,0.0019,0.0066,0.0148
"3037",138,"2021-08-09 12:56:00","WALK",0.0454,0.0017,0.0535,0.0715,0.0021,0.0055,0.0159
"3038",139,"2021-08-30 12:27:00","WALK",0.0573,0.0022,0.0491,0.0722,0.0029,0.0128,0.0089
"3039",140,"2021-09-14 12:30:00","WALK",0.0474,0.0016,0.0358,0.0291,0.0024,0.0082,0.0079
"3040",141,"2021-10-13 12:57:00","WALK",0.0246,0.0018,0.0271,0.0317,0.0025,0.0121,0.0082
"3041",142,"2021-11-15 13:51:00","WALK",0.0065,0.0025,0.0655,0.0744,NA,0.0057,0.0066
"3042",143,"2021-11-22 13:19:00","WALK",0.0065,0.0026,0.0861,0.0793,NA,0.0054,0.0076
"3043",144,"2021-12-13 14:16:00","WALK",0.028,0.0028,0.0595,0.0826,NA,0.0036,0.0097
"3044",145,"2021-12-28 14:26:00","WALK",0.0152,0.0027,0.0364,0.0634,NA,0.005,0.0063
"3045",146,"2022-01-10 14:18:00","WALK",0.0219,0.0028,0.0498,0.0686,2e-04,0.0034,0.0095
"3046",147,"2022-01-17 16:15:00","WALK",0.0241,0.0038,0.1046,0.0872,5e-04,0.0039,0.005
"3047",148,"2022-01-26 14:30:00","WALK",0.0172,0.0024,NA,1e-04,2e-04,0.0033,0.0042
"3048",149,"2022-02-07 15:07:00","WALK",0.0179,0.0015,0.093,0.0801,NA,0.0029,0.0038
"3049",150,"2022-02-14 15:24:00","WALK",0.0175,0.0016,0.0374,0.0527,0,0.0058,0.0082
"3050",151,"2022-02-21 14:53:00","WALK",0.0176,0.001,0.1156,0.1487,NA,0.0054,0.0061
"3051",152,"2022-03-01 13:00:00","WALK",0.0173,0.0014,0.106,0.1096,1e-04,0.0043,0.0052
"3052",153,"2022-03-07 13:25:00","WALK",0.0159,0.0015,0.0898,0.1073,1e-04,0.0123,0.0063
"3053",154,"2022-03-21 12:33:00","WALK",0.0169,0.0014,NA,NA,NA,0.0116,0.0057
"3054",155,"2022-04-04 12:55:00","WALK",0.0129333333333333,0.0013,0.0733333333333333,0.0762666666666667,NA,0.0099,0.0063
"3055",156,"2022-04-04 12:55:00","WALK",0.0129333333333333,0.0013,0.0733333333333333,0.0762666666666667,NA,0.0099,0.0063
"3056",157,"2022-04-04 12:55:00","WALK",0.0129333333333333,0.0013,0.0733333333333333,0.0762666666666667,NA,0.0099,0.0063
"3057",158,"2022-04-11 12:55:00","WALK",0.0112,0.0026,0.0405,0.0744,NA,0.005,0.0039
"3058",159,"2022-04-19 11:55:00","WALK",0.0127,0.0018,0.1572,0.1603,NA,0.003,0.0052
"3059",160,"2022-05-02 12:16:00","WALK",0.0323,0.0082,0.1025,0.1142,4e-04,0.0054,0.0069
"3060",161,"2022-05-09 13:00:00","WALK",0.0308,0.0382,0.0983,0.1144,0.0018,0.0055,0.0082
"3061",162,"2022-05-31 14:37:00","WALK",0.0516,0.0019,0.1532,0.1218,9e-04,0.0073,0.0109
"3062",163,"2022-06-06 13:34:00","WALK",0.0556,0.0039,0.0148,0.0357,9e-04,0.0081,0.0116
"3063",164,"2022-07-05 13:26:00","WALK",0.0642,9e-04,0.0801,0.1058,0.0023,0.0106,0.0112
"3064",165,"2022-07-11 14:28:00","WALK",0.0609,8e-04,0.0891,0.1545,0.0024,0.01,0.0101
"3065",166,"2022-08-08 13:00:00","WALK",0.0725,7e-04,0.0653,0.076,0.002,0.0088,0.0112
"3066",167,"2022-08-31 14:05:00","WALK",0.0569666666666667,0.00376666666666667,NA,0.0431,6e-04,0.00903333333333333,0.0277666666666667
"3067",168,"2022-08-31 14:05:00","WALK",0.0569666666666667,0.00376666666666667,NA,0.0431,6e-04,0.00903333333333333,0.0277666666666667
"3068",169,"2022-08-31 14:05:00","WALK",0.0569666666666667,0.00376666666666667,NA,0.0431,6e-04,0.00903333333333333,0.0277666666666667
"3069",170,"2022-09-12 12:47:00","WALK",0.059,1e-04,0.0142,0.0242,0.0023,0.0078,0.0158
"3070",171,"2022-10-10 12:45:00","WALK",0.0374,NA,0.1046,NA,0.0014,0.0067,0.009
"3071",172,"2022-11-14 13:57:00","WALK",0.0069,NA,0.0076,0.0412,2e-04,0.0111,0.0069
"3072",173,"2022-11-21 15:24:00","WALK",0.012,NA,NA,NA,2e-04,0.0109,0.0076
"3073",174,"2022-12-05 13:15:00","WALK",0.0162,NA,0.0067,0.0172,3e-04,0.0096,0.0218
"3074",175,"2022-12-12 14:15:00","WALK",0.0216,2e-04,0.0022,0.0718,7e-04,0.0058,0.0058
"3075",176,"2023-01-03 16:26:00","WALK",0.0213,0.001,NA,0.0428,0.001,0.0087,0.008
"3076",177,"2023-01-16 16:19:00","WALK",0.0138,2e-04,0.0257,0.0387,9e-04,0.0047,0.0049
"3077",178,"2023-01-31 16:54:00","WALK",0.0155,8e-04,0.021,0.0342,5e-04,0.0047,0.0047
"3078",179,"2023-02-07 14:16:00","WALK",0.013,8e-04,0.0197,0.0292,5e-04,0.0038,0.004
"3079",180,"2023-02-13 15:02:00","WALK",0.0219,0.0018,0.026,0.0359,0.001,0.0052,0.006
"3080",181,"2023-02-20 14:19:00","WALK",0.0149,0.0102,0.028,0.0788,0.0016,0.0054,0.0074
"3081",182,"2023-02-28 13:43:00","WALK",0.0212,0.001,0.1057,0.085,0.0018,0.0067,0.0086
"3082",183,"2023-03-14 12:47:00","WALK",0.0141,8e-04,NA,0.1054,0.0021,0.0056,0.0056
"3083",184,"2023-03-20 15:38:00","WALK",0.018,0.0277,0.3618,0.0607,0.0032,0.0061,0.0066
"3084",185,"2023-04-03 14:06:00","WALK",0.0123,0.00606666666666667,0.0595,0.0499,0.00186666666666667,0.00636666666666667,0.00573333333333333
"3085",186,"2023-04-03 14:06:00","WALK",0.0123,0.00606666666666667,0.0595,0.0499,0.00186666666666667,0.00636666666666667,0.00573333333333333
"3086",187,"2023-04-03 14:06:00","WALK",0.0123,0.00606666666666667,0.0595,0.0499,0.00186666666666667,0.00636666666666667,0.00573333333333333
"3087",188,"2023-04-11 13:59:00","WALK",0.0238,0.017,0.0844,0.1194,0.0028,0.0086,0.0106
"3088",189,"2023-04-18 12:33:00","WALK",0.0256,0.0024,0.1252,0.1347,0.0024,0.0104,0.0102
"3089",190,"2023-05-01 13:35:00","WALK",0.0284,0.009,0.0992,0.1041,7e-04,0.0076,0.0099
"3090",191,"2023-05-08 13:00:00","WALK",0.0271,0.0086,0.1017,0.1192,8e-04,0.009,0.0095
"3091",192,"2023-05-30 13:34:00","WALK",0.0503,0.0034,0.0752,0.1222,0.0013,0.01,0.0106
"3092",193,"2023-06-13 13:09:00","WALK",0.0568,0.0038,0.0833,0.1053,0.0026,0.0096,0.0188
"3093",194,"2023-07-05 14:10:00","WALK",0.0516,0.0116,0.1554,0.2168,0.0021,0.0077,0.0133
"3094",195,"2023-07-10 14:55:00","WALK",0.0548,0.0029,0.1227,0.1553,0.0041,0.0081,0.0099
"3095",196,"2023-08-07 13:52:00","WALK",0.0624,0.0027,0.1459,0.1317,0.0038,0.0065,0.0106
"3096",197,"2023-09-05 14:14:00","WALK",0.0499666666666667,0.00293333333333333,0.1081,0.053,0.00263333333333333,0.00886666666666667,0.00896666666666667
"3097",198,"2023-09-05 14:14:00","WALK",0.0499666666666667,0.00293333333333333,0.1081,0.053,0.00263333333333333,0.00886666666666667,0.00896666666666667
"3098",199,"2023-09-05 14:14:00","WALK",0.0499666666666667,0.00293333333333333,0.1081,0.053,0.00263333333333333,0.00886666666666667,0.00896666666666667
"3099",200,"2023-09-11 15:57:00","WALK",0.1288,0.0154,0.0407,0.0717,0.0024,0.0082,0.0097
"3100",201,"2023-10-09 13:45:00","WALK",0.0281,0.0018,0.1325,0.1004,0.0012,0.0064,0.0063
"3101",202,"2023-11-13 16:04:00","WALK",0.0377,0.0015,0.06,0.08,0.001,0.0046,0.0065
"3102",203,"2023-11-27 15:15:00","WALK",0.0062,NA,0.06,0.1,8e-04,0.0047,0.0077
"3103",204,"2023-12-04 17:47:00","WALK",0.0109,NA,0.07,0.11,9e-04,0.0053,0.0071
"3104",205,"2023-12-11 15:25:00","WALK",0.0571,0.0013,0.08,0.11,7e-04,0.0043,0.0065
"3105",206,"2024-01-10 16:49:00","WALK",0.0517,NA,0.17,0.14,0.0014,0.0055,0.0089
"3106",207,"2024-01-22 15:43:00","WALK",0.0352,NA,0.1,0.12,0.0015,0.005,0.0058
"3107",208,"2024-01-29 16:22:00","WALK",0.0163,NA,0.08,0.1,0.0014,0.0033,0.0059
"3108",209,"2024-02-05 14:17:00","WALK",0.0264,0.0079,0.09,0.07,0.0011,0.0037,0.0047
"3109",210,"2024-02-12 14:07:00","WALK",0.0173,NA,0.12,0.07,0.002,0.0043,0.0051
"3110",211,"2024-02-19 14:01:00","WALK",0.0168,0.0042,0.04,0.07,0.0016,0.0195,0.0122
"3111",212,"2024-02-26 13:37:00","WALK",0.0205,0.0337,0.08,0.06,0.001,0.0202,0.0132
"3112",213,"2024-03-04 14:00:00","WALK",0.0153,0.0035,0.05,0.1,9e-04,0.0172,0.0172
"3113",214,"2024-03-19 13:47:00","WALK",0.0123,9e-04,0.05,0.11,0.0012,0.011,0.0149
"3114",215,"2024-04-01 12:52:00","WALK",0.0155333333333333,NA,0.0566666666666667,0.0866666666666667,0.000833333333333333,0.0176666666666667,0.0169
"3115",216,"2024-04-01 12:52:00","WALK",0.0155333333333333,NA,0.0566666666666667,0.0866666666666667,0.000833333333333333,0.0176666666666667,0.0169
"3116",217,"2024-04-01 12:52:00","WALK",0.0155333333333333,NA,0.0566666666666667,0.0866666666666667,0.000833333333333333,0.0176666666666667,0.0169
"3117",218,"2024-04-09 12:17:00","WALK",0.0202,0.0025,0.06,0.08,0.0014,0.0202,0.0215
"3118",219,"2024-04-16 13:43:00","WALK",0.016,9e-04,0.06,0.03,0.0025,0.0024,0.0052
"3119",220,"2024-04-30 14:46:00","WALK",0.024,0.0015,0.09,0.06,0.0021,0.0047,0.0086
"3120",221,"2024-05-06 13:19:00","WALK",0.0354,0.0036,0.09,0.12,0.0026,0.0055,0.0174
"3121",222,"2024-06-03 13:11:00","WALK",0.0522,0.0037,0.11,0.1,0.0036,0.0057,0.0103
"3122",223,"2024-06-10 13:27:00","WALK",0.055,0.0018,0.1,0.13,0.0033,0.0053,0.0105
"3123",224,"2024-07-01 12:38:00","WALK",0.0581,0.002,0.08,0.12,0.0034,0.0073,0.0136
"3124",225,"2024-07-08 13:36:00","WALK",0.0593,0.0022,0.08,0.16,0.0028,0.0075,0.0118
"3125",226,"2024-08-05 14:01:00","WALK",0.0577,0.0018,0.09,0.18,0.0023,0.0075,0.0109
"3126",227,"2024-09-04 12:35:00","WALK",0.0602333333333333,0.000366666666666667,0.08,0.09,0.000566666666666667,0.0074,0.0129666666666667
"3127",228,"2024-09-04 12:35:00","WALK",0.0602333333333333,0.000366666666666667,0.08,0.09,0.000566666666666667,0.0074,0.0129666666666667
"3128",229,"2024-09-04 12:35:00","WALK",0.0602333333333333,0.000366666666666667,0.08,0.09,0.000566666666666667,0.0074,0.0129666666666667
"3129",230,"2024-09-09 14:10:00","WALK",0.0528,NA,0.09,0.15,0.002,0.007,0.0109
"3130",231,"2024-10-07 12:52:00","WALK",0.0193,NA,0.06,0.05,0.0011,0.005,0.008
"3131",232,"2024-11-12 13:30:00","WALK",0.0017,0.0018,0.01,0.02,1e-04,0.0057,0.0091
"3132",233,"2024-11-20 15:22:00","WALK",0.0033,8e-04,0.03,0.03,0,0.005,0.0118
"3133",234,"2024-12-04 17:18:00","WALK",0.0134,0.0258,0.03,0.04,2e-04,0.0046,0.0083
"3134",235,"2024-12-10 14:09:00","WALK",0.0128,0.009,0.05,0.05,NA,0.0051,0.0087
"3135",236,"2025-01-06 17:24:00","WALK",0.0596,NA,0.11,0.1,7e-04,0.0038,0.009
"3136",237,"2025-01-13 18:15:00","WALK",0.0205,NA,0.05,0.05,3e-04,0.0039,0.0054
"3137",238,"2025-01-29 17:31:00","WALK",0.0203,NA,0.06,0.05,1e-04,0.0039,0.0053
"3138",239,"2025-02-04 17:24:00","WALK",0.0249,NA,0.06,0.05,5e-04,0.0029,0.0046
"3139",240,"2025-02-10 16:14:00","WALK",0.0237,NA,0.08,0.13,8e-04,0.004,0.0068
"3140",241,"2025-02-17 14:42:00","WALK",0.0151,0.0015,NA,0.0333,9e-04,0.0062,0.0045
"3141",242,"2025-02-24 14:40:00","WALK",0.0297,0.007,0,0.0333,3e-04,0.0043,0.004
"3142",243,"2025-03-03 16:54:00","WALK",0.0219,0.0015,NA,0.1033,6e-04,0.006,0.0054
"3143",244,"2025-03-17 14:39:00","WALK",0.0177,0.0087,0.19,0.0233,0.003,0.0064,0.005
"3144",245,"2025-03-31 14:48:00","WALK",0.0230333333333333,0.0048,0.0366666666666667,0.133333333333333,0.000666666666666667,0.00446666666666667,0.00606666666666667
"3145",246,"2025-03-31 14:48:00","WALK",0.0230333333333333,0.0048,0.0366666666666667,0.133333333333333,0.000666666666666667,0.00446666666666667,0.00606666666666667
"3146",247,"2025-03-31 14:48:00","WALK",0.0230333333333333,0.0048,0.0366666666666667,0.133333333333333,0.000666666666666667,0.00446666666666667,0.00606666666666667
"3147",248,"2025-04-09 15:22:00","WALK",0.0099,0.002,NA,0.03,5e-04,0.006,0.0033
"3148",249,"2025-04-29 14:53:00","WALK",0.028,0.004,0.07,0.04,0.0022,0.0068,0.0079
"3149",250,"2025-05-05 13:32:00","WALK",0.0221,0.0044,0.06,0.0533,0.0022,0.0045,0.007
"3150",251,"2025-05-13 13:42:00","WALK",0.0384,0.0039,0.07,0.0567,0.0025,0.0069,0.008
"3151",252,"2025-06-02 14:00:00","WALK",0.0302,0.0036,0.05,0.0967,0.002,0.0052,0.0074
"3152",253,"2025-06-11 14:17:00","WALK",0.0466,0.0022,0.08,0.0767,0.003,0.0085,0.0094
"3153",254,"2025-07-07 14:31:00","WALK",0.065,0.0012,0.11,0.17,0.003,0.0086,0.0158
"3154",255,"2025-07-15 12:15:00","WALK",0.069,0.0018,0.12,0.1,0.0028,0.0075,0.0126
"3155",256,"2025-08-05 13:03:00","WALK",0.0634,0.0018,0.1,0.09,0.003,0.0092,0.011
"3156",257,"2025-09-03 14:04:00","WALK",0.0576333333333333,0.0124666666666667,0.05,0.12,0.00333333333333333,0.00856666666666667,0.0146666666666667
"3157",258,"2025-09-03 14:04:00","WALK",0.0576333333333333,0.0124666666666667,0.05,0.12,0.00333333333333333,0.00856666666666667,0.0146666666666667
"3158",259,"2025-09-03 14:04:00","WALK",0.0576333333333333,0.0124666666666667,0.05,0.12,0.00333333333333333,0.00856666666666667,0.0146666666666667
"3159",260,"2025-09-15 13:07:00","WALK",0.0543,0.0075,0.04,0.06,0.003,0.0098,0.0102
"3160",261,"2025-10-07 16:37:00","WALK",0.0149,0.0073,0.02,0.02,0.0017,0.0065,0.0065
"3161",262,"2025-11-11 15:02:00","WALK",0.0185,0.0037,0.07,0.08,9e-04,0.008,0.0253
"3162",263,"2025-11-17 15:38:00","WALK",0.0133,0.0062,0.1,0.05,6e-04,0.0115,0.0078
"3163",264,"2025-12-10 13:20:00","WALK",0.0206,0.0014,0.08,0.1,0.0012,0.0052,0.0078
"3164",1,"2017-04-06 19:29:00","MAYF",NA,0.018,0.1816,0.1675,0.022,0.007,0.009
"3165",2,"2017-04-18 15:51:00","MAYF",0.009,0.055,0.2054,0.2478,0.017,0.007,0.009
"3166",3,"2017-05-03 18:06:00","MAYF",NA,0.015,0.2366,0.1286,0.014,0.0055,0.007
"3167",4,"2017-05-09 14:46:00","MAYF",NA,0.052,0.1078,0.1212,0.014,0.0115,0.013
"3168",5,"2017-05-15 14:20:00","MAYF",NA,0.035,0.1187,NA,0.014,0.0075,0.009
"3169",6,"2017-06-06 16:20:00","MAYF",0.029,0.08,0.135,NA,0.001,0.007,0.011
"3170",7,"2017-07-05 14:55:00","MAYF",0.001,0.109,0.134,NA,0.022,0.001,0.003
"3171",8,"2017-07-13 14:21:00","MAYF",0.033,0.024,0.1731,0.1787,0.024,0.0069,0.009
"3172",9,"2017-07-17 14:22:00","MAYF",0.04,NA,0.1869,0.2021,0.022,0.005,0.046
"3173",10,"2017-08-10 19:10:00","MAYF",0.0643,0.0635,0.1417,0.1434,0.028,5e-04,0.0036
"3174",11,"2017-08-22 15:07:00","MAYF",0.0348,0.067,0.0529,0.0546,0.027,0.0032,0.005
"3175",12,"2017-09-05 15:44:00","MAYF",0.0402,0.0177333333333333,0.126433333333333,0.144166666666667,0.0286666666666667,0.0144666666666667,0.017
"3176",13,"2017-09-05 15:44:00","MAYF",0.0402,0.0177333333333333,0.126433333333333,0.144166666666667,0.0286666666666667,0.0144666666666667,0.017
"3177",14,"2017-09-05 15:44:00","MAYF",0.0402,0.0177333333333333,0.126433333333333,0.144166666666667,0.0286666666666667,0.0144666666666667,0.017
"3178",15,"2017-09-13 15:13:00","MAYF",0.0256,0.1301,0.061,0.0635,0.012,0.0032,0.004
"3179",16,"2017-10-03 15:19:00","MAYF",0.0280333333333333,0.107033333333333,NA,NA,0.0103333333333333,0.00566666666666667,0.046
"3180",17,"2017-10-03 15:19:00","MAYF",0.0280333333333333,0.107033333333333,NA,NA,0.0103333333333333,0.00566666666666667,0.046
"3181",18,"2017-10-03 15:19:00","MAYF",0.0280333333333333,0.107033333333333,NA,NA,0.0103333333333333,0.00566666666666667,0.046
"3182",19,"2017-10-09 14:22:00","MAYF",0.0751,0.128,0.2403,0.2082,0.009,0.002,0.044
"3183",20,"2017-10-19 18:29:00","MAYF",NA,0.1364,0.121666666666667,NA,0.0123333333333333,0.00533333333333333,NA
"3184",21,"2017-10-19 18:29:00","MAYF",NA,0.1364,0.121666666666667,NA,0.0123333333333333,0.00533333333333333,NA
"3185",22,"2017-10-19 18:29:00","MAYF",NA,0.1364,0.121666666666667,NA,0.0123333333333333,0.00533333333333333,NA
"3186",23,"2017-10-23 19:50:00","MAYF",NA,0.0976,0.0505,0.0144,0.025,0.005,0.045
"3187",24,"2017-11-14 17:02:00","MAYF",0.1648,0.1321,NA,NA,0.016,0.004,0.005
"3188",25,"2017-12-12 16:30:00","MAYF",0.011,0.2156,NA,NA,0.008,0.011,0.015
"3189",26,"2018-01-02 17:15:00","MAYF",0.0136,0.1037,0.0271,0.0472,0.057,0.009,0.01
"3190",27,"2018-01-22 15:52:00","MAYF",0.0142,0.1068,0.0364,0.0339,0.064,0.002,0.004
"3191",28,"2018-02-01 16:45:00","MAYF",0.0221,0.127,0.0647,0.0675,0.07,0.001,0.002
"3192",29,"2018-02-06 18:40:00","MAYF",0.0357,0.1199,0.0928,0.0765,0.042,5e-04,0.001
"3193",30,"2018-02-19 15:56:00","MAYF",0.0144,0.1173,0.0027,0.0168,0.035,5e-04,0.001
"3194",31,"2018-02-26 15:15:00","MAYF",0.0252,NA,0.1493,0.1666,0.013,5e-04,0.001
"3195",32,"2018-03-05 16:15:00","MAYF",0.0057,NA,NA,NA,0.008,0.007,0.0195
"3196",33,"2018-03-13 14:15:00","MAYF",0.0059,NA,NA,NA,0.189,0.028,0.029
"3197",34,"2018-03-28 15:26:00","MAYF",0.003,0.0215,1.127,1.027,0.026,NA,0.006
"3198",35,"2018-04-09 16:10:00","MAYF",0.0153,0.0108,0.1382,0.1561,0.063,0.0116,0.1092
"3199",36,"2018-04-16 14:36:00","MAYF",0.0231,0.0061,0.1471,0.1707,0.029,0.0203,0.1363
"3200",37,"2018-05-01 14:46:00","MAYF",NA,0.1268,0.3121,0.2992,0.018,5e-04,0.03
"3201",38,"2018-05-10 16:09:00","MAYF",0.0136,0.0526,0.3155,0.3306,0.016,0.0157,0.1007
"3202",39,"2018-06-05 13:30:00","MAYF",0.0086,0.0266,0.0905,0.1186,0.024,5e-04,1.0136
"3203",40,"2018-06-11 14:40:00","MAYF",0.0125,0.0368,0.0811,0.1045,0.017,5e-04,0.0217
"3204",41,"2018-07-02 15:01:00","MAYF",0.0026,0.0238,0.2147,0.2321,0.014,5e-04,0.057
"3205",42,"2018-07-12 14:27:00","MAYF",0.0146,0.038,0.1198,0.1764,0.017,5e-04,0.01
"3206",43,"2018-08-07 14:30:00","MAYF",0.0241,0.033,0.1033,0.1234,3.67,5e-04,0.006
"3207",44,"2018-08-30 15:25:00","MAYF",0.2662,0.0154,0.3979,0.397,0.16,0.0057,0.0324
"3208",45,"2018-09-04 17:51:00","MAYF",0.017,0.0099,0.0226,0.0479,0.015,0.0109,0.015
"3209",46,"2018-10-02 18:00:00","MAYF",0.0306666666666667,0.0506333333333333,0.1259,0.1794,NA,0.016,0.0181666666666667
"3210",47,"2018-10-02 18:00:00","MAYF",0.0306666666666667,0.0506333333333333,0.1259,0.1794,NA,0.016,0.0181666666666667
"3211",48,"2018-10-02 18:00:00","MAYF",0.0306666666666667,0.0506333333333333,0.1259,0.1794,NA,0.016,0.0181666666666667
"3212",49,"2018-10-08 14:33:00","MAYF",0.0384,0.0402,0.102566666666667,0.119333333333333,0.105333333333333,5e-04,0.00233333333333333
"3213",50,"2018-10-08 14:33:00","MAYF",0.0384,0.0402,0.102566666666667,0.119333333333333,0.105333333333333,5e-04,0.00233333333333333
"3214",51,"2018-10-08 14:33:00","MAYF",0.0384,0.0402,0.102566666666667,0.119333333333333,0.105333333333333,5e-04,0.00233333333333333
"3215",52,"2018-11-07 21:54:00","MAYF",NA,0.0235,0.1231,0.1236,0.024,5e-04,0.0255
"3216",53,"2018-11-13 15:43:00","MAYF",NA,NA,NA,0.0903,NA,NA,0.0417
"3217",54,"2018-12-04 15:56:00","MAYF",NA,0.0373,NA,NA,0.142,0.004,0.028
"3218",55,"2018-12-11 15:35:00","MAYF",NA,0.0467,NA,NA,0.275,0.00133333333333333,0.0262333333333333
"3219",56,"2018-12-11 15:35:00","MAYF",NA,0.0467,NA,NA,0.275,0.00133333333333333,0.0262333333333333
"3220",57,"2018-12-11 15:35:00","MAYF",NA,0.0467,NA,NA,0.275,0.00133333333333333,0.0262333333333333
"3221",58,"2019-01-03 14:45:00","MAYF",NA,NA,0.1079,0.141,0.024,0.006,0.2227
"3222",59,"2019-01-24 14:41:00","MAYF",NA,0.0814,0.0976,0.1366,0.674,0.006,0.013
"3223",60,"2019-01-31 15:43:00","MAYF",NA,0.1564,0.0939,0.1072,0.254,5e-04,0.0522
"3224",61,"2019-02-05 14:58:00","MAYF",NA,0.116,0.1093,0.1056,0.236,5e-04,0.004
"3225",62,"2019-02-19 15:20:00","MAYF",NA,0.06,0.1257,0.1329,0.055,0.004,0.17
"3226",63,"2019-02-25 20:12:00","MAYF",NA,0.0709,0.1111,0.1167,0.069,0.012,0.327
"3227",64,"2019-03-05 14:51:00","MAYF",NA,0.0722,0.1061,0.1421,0.018,5e-04,0.308
"3228",65,"2019-03-18 14:05:00","MAYF",NA,0.1094,0.0285,0.0516,0.015,5e-04,0.309
"3229",66,"2019-04-02 14:30:00","MAYF",NA,0.0295,0.0885,0.1226,0.038,0.0067,0.132
"3230",67,"2019-04-04 14:00:00","MAYF",NA,0.0860666666666667,0.1151,0.1141,0.0363333333333333,0.00166666666666667,0.0696666666666667
"3231",68,"2019-04-04 14:00:00","MAYF",NA,0.0860666666666667,0.1151,0.1141,0.0363333333333333,0.00166666666666667,0.0696666666666667
"3232",69,"2019-04-04 14:00:00","MAYF",NA,0.0860666666666667,0.1151,0.1141,0.0363333333333333,0.00166666666666667,0.0696666666666667
"3233",70,"2019-04-18 13:37:00","MAYF",NA,0.0843,0.0607,0.068,0.026,0.0148,0.024
"3234",71,"2019-04-30 14:00:00","MAYF",NA,0.0787,0.0607,0.0747,0.032,0.003,0.0693
"3235",72,"2019-05-09 13:35:00","MAYF",0.0117,0.0262,0.1393,0.1382,0.02,0.002,0.0998
"3236",73,"2019-06-04 14:45:00","MAYF",NA,0.1087,0.1449,0.148,0.033,0.0068,0.0703
"3237",74,"2019-06-12 14:55:00","MAYF",NA,0.06635,0.1665,0.0871,0.0173,0.0057,0.1377
"3238",75,"2019-06-12 14:55:00","MAYF",NA,0.06635,0.1665,0.0871,0.0173,0.0057,0.1377
"3239",76,"2019-07-02 14:10:00","MAYF",0.0172,0.02585,0.1318,0.145,0.01885,0.01575,0.17155
"3240",77,"2019-07-02 14:10:00","MAYF",0.0172,0.02585,0.1318,0.145,0.01885,0.01575,0.17155
"3241",78,"2019-07-17 13:33:00","MAYF",0.0153,0.05115,0.1328,0.1644,0.01855,0.00595,0.0937
"3242",79,"2019-07-17 13:33:00","MAYF",0.0153,0.05115,0.1328,0.1644,0.01855,0.00595,0.0937
"3243",80,"2019-08-06 13:40:00","MAYF",0.01135,0.02115,0.0881333333333333,0.0803666666666667,0.031525,0.004425,0.019775
"3244",81,"2019-08-06 13:40:00","MAYF",0.01135,0.02115,0.0881333333333333,0.0803666666666667,0.031525,0.004425,0.019775
"3245",82,"2019-08-06 13:40:00","MAYF",0.01135,0.02115,0.0881333333333333,0.0803666666666667,0.031525,0.004425,0.019775
"3246",83,"2019-08-06 13:40:00","MAYF",0.01135,0.02115,0.0881333333333333,0.0803666666666667,0.031525,0.004425,0.019775
"3247",84,"2019-08-26 13:35:00","MAYF",0.11065,0.03025,0.2883,0.2946,NA,0.01125,0.28635
"3248",85,"2019-08-26 13:35:00","MAYF",0.11065,0.03025,0.2883,0.2946,NA,0.01125,0.28635
"3249",86,"2019-09-03 14:32:00","MAYF",0.0102,0.03445,0.0903,0.0821,NA,0.0055,0.14055
"3250",87,"2019-09-03 14:32:00","MAYF",0.0102,0.03445,0.0903,0.0821,NA,0.0055,0.14055
"3251",88,"2019-10-01 17:07:00","MAYF",0.00555,0.01745,0.0909,0.1253,NA,0.0065,0.02085
"3252",89,"2019-10-01 17:07:00","MAYF",0.00555,0.01745,0.0909,0.1253,NA,0.0065,0.02085
"3253",90,"2019-10-09 14:19:00","MAYF",0.004,0.0232,0.0838,0.1044,0.0236,0.01725,0.0382
"3254",91,"2019-10-09 14:19:00","MAYF",0.004,0.0232,0.0838,0.1044,0.0236,0.01725,0.0382
"3255",92,"2019-11-05 14:56:00","MAYF",0.00365,0.13045,0.0229,0.0152,NA,0.00655,0.12375
"3256",93,"2019-11-05 14:56:00","MAYF",0.00365,0.13045,0.0229,0.0152,NA,0.00655,0.12375
"3257",94,"2019-11-13 17:12:00","MAYF",0.00605,0.0281,0.0697,0.0787,NA,0.00265,0.0523
"3258",95,"2019-11-13 17:12:00","MAYF",0.00605,0.0281,0.0697,0.0787,NA,0.00265,0.0523
"3259",96,"2019-12-03 15:10:00","MAYF",0.0083,0.0274,0.0499,0.0486,0.0181,5e-04,0.011
"3260",97,"2019-12-12 15:15:00","MAYF",0.0124333333333333,0.032,0.0429,0.0464333333333333,0.0167333333333333,5e-04,0.0153333333333333
"3261",98,"2019-12-12 15:15:00","MAYF",0.0124333333333333,0.032,0.0429,0.0464333333333333,0.0167333333333333,5e-04,0.0153333333333333
"3262",99,"2019-12-12 15:15:00","MAYF",0.0124333333333333,0.032,0.0429,0.0464333333333333,0.0167333333333333,5e-04,0.0153333333333333
"3263",100,"2020-01-07 14:50:00","MAYF",0.0158,0.0406,0.0529,0.0571,0.015,0.011,0.018
"3264",101,"2020-01-21 15:09:00","MAYF",0.0039,0.0497,0.0421,0.0628,0.0451,5e-04,0.008
"3265",102,"2020-02-04 15:07:00","MAYF",8e-04,0.0622,0.1283,0.1289,0.0124,0.02,0.028
"3266",103,"2020-02-06 16:47:00","MAYF",0.0202,0.0163,0.2008,0.2633,0.0192,0.007,0.013
"3267",104,"2020-02-13 15:20:00","MAYF",0.0021,0.032,NA,0.1046,0.0098,0.002,0.008
"3268",105,"2020-03-03 15:41:00","MAYF",0.0314,0.0677,0.2053,0.2345,0.0152,5e-04,0.021
"3269",106,"2020-03-11 14:01:00","MAYF",0.0102,0.0676,0.2014,0.1699,0.0064,0.006,0.008
"3270",107,"2020-03-17 13:44:00","MAYF",0.009,0.072,0.1474,0.1567,0.0059,5e-04,5e-04
"3271",108,"2020-07-07 14:32:00","MAYF",0.0119,0.0275,0.170833333333333,0.168066666666667,0.0014,0.0116,0.0167
"3272",109,"2020-07-13 19:15:00","MAYF",0.0114,0.024,0.1724,0.1386,0.001,0.006,0.0152
"3273",110,"2020-08-03 14:10:00","MAYF",0.0135,0.0274,0.1607,0.2058,8e-04,0.0048,0.0105
"3274",111,"2020-08-10 13:00:00","MAYF",0.0147,0.0188,0.1407,0.162,8e-04,0.0071,0.011
"3275",112,"2020-09-01 14:57:00","MAYF",0.0092,0.0057,0.0987,0.1419,3e-04,0.0088,0.0139
"3276",113,"2020-09-08 14:09:00","MAYF",0.0076,0.0116,NA,0.1475,6e-04,0.0053,0.0103
"3277",114,"2020-10-06 15:00:00","MAYF",0.0053,0.014,0.0339,0.1124,0.001,0.0074,0.0105
"3278",115,"2020-11-03 16:49:00","MAYF",0.0046,0.0206,0.0382,0.0498,NA,0.005,NA
"3279",116,"2020-11-12 15:29:00","MAYF",0.0214,0.0071,0.0761,0.095,0.0012,0.0068,0.0166
"3280",117,"2020-12-01 16:48:00","MAYF",0.0111,0.018,0.038,0.0812,7e-04,0.0064,0.0085
"3281",118,"2020-12-07 16:28:00","MAYF",0.005,0.0176,0.0311,0.0387,7e-04,0.0064,0.0073
"3282",119,"2021-01-04 14:57:00","MAYF",0.0046,0.018,0.1635,0.1623,0.0025,0.0053,0.009
"3283",120,"2021-02-08 15:00:00","MAYF",0.0049,0.0155,0.1189,0.1122,2e-04,0.0044,0.0072
"3284",121,"2021-02-18 16:43:00","MAYF",0.0365,0.0071,0.1582,NA,0.0021,0.0181,0.0423
"3285",122,"2021-02-22 14:46:00","MAYF",0.0069,0.0104,NA,NA,0,0.0045,0.0077
"3286",123,"2021-03-02 15:22:00","MAYF",0.0082,0.0158,0.1425,0.0473,0.0011,0.0102,0.0164
"3287",124,"2021-03-04 15:08:00","MAYF",0.0046,0.0131,NA,NA,9e-04,0.0063,0.0106
"3288",125,"2021-03-17 15:33:00","MAYF",0.0145,0.0162,0.1507,0.1847,0.0031,0.0312,0.0691
"3289",126,"2021-03-31 14:20:00","MAYF",0.0055,0.0119,0.1462,0.1454,0.0019,0.0147,0.0193
"3290",127,"2021-04-06 13:56:00","MAYF",0.0045,0.0134,0.1257,0.1161,0.001,0.0049,0.0153
"3291",128,"2021-04-19 15:21:00","MAYF",0.0054,0.0159,0.139,0.1521,0.0019,0.0087,0.0157
"3292",129,"2021-05-04 14:46:00","MAYF",0.0095,0.0069,0.1391,0.1529,0.0034,0.0228,0.0344
"3293",130,"2021-05-11 16:00:00","MAYF",0.0047,0.0173,0.1083,0.1491,7e-04,0.0105,0.018
"3294",131,"2021-06-01 13:54:00","MAYF",0.00833333333333333,0.0233333333333333,0.122633333333333,0.142433333333333,0.00153333333333333,0.0155333333333333,0.0182
"3295",132,"2021-06-01 13:54:00","MAYF",0.00833333333333333,0.0233333333333333,0.122633333333333,0.142433333333333,0.00153333333333333,0.0155333333333333,0.0182
"3296",133,"2021-06-01 13:54:00","MAYF",0.00833333333333333,0.0233333333333333,0.122633333333333,0.142433333333333,0.00153333333333333,0.0155333333333333,0.0182
"3297",134,"2021-06-08 15:42:00","MAYF",0.0385,0.013,NA,NA,0.0017,0.0071,0.0362
"3298",135,"2021-07-06 14:34:00","MAYF",0.0147,0.0227,0.0907,0.1217,0.0022,0.0054,0.0176
"3299",136,"2021-07-14 15:12:00","MAYF",0.0494,0.0233,0.1146,0.1553,0.003,0.0145,0.0206
"3300",137,"2021-08-02 14:01:00","MAYF",0.0162,0.0155,0.0735,0.093,9e-04,0.005,0.0166
"3301",138,"2021-08-31 13:51:00","MAYF",0.1704,0.0106,0.2787,0.3086,0.0021,0.0199,0.0554
"3302",139,"2021-09-07 16:22:00","MAYF",0.0075,0.0126,0.11,0.1666,4e-04,0.0041,0.0136
"3303",140,"2021-10-05 13:30:00","MAYF",0.0054,0.0107,NA,0.1115,0.0012,0.0041,0.0108
"3304",141,"2021-10-11 15:14:00","MAYF",0.0066,0.0097,0.0625,0.0808,0.002,0.0078,0.0162
"3305",142,"2021-11-03 14:21:00","MAYF",0.0044,0.0115,0.0746,0.0949,6e-04,0.0031,0.0114
"3306",143,"2021-11-17 15:09:00","MAYF",0.0015,0.0064,0.1189,0.1191,3e-04,0.0079,0.0119
"3307",144,"2021-12-13 15:58:00","MAYF",0.0136,0.0154,0.1161,0.1096,7e-04,0.008,0.0129
"3308",145,"2021-12-16 15:45:00","MAYF",0.006,0.0154,0.0538,0.1034,6e-04,0.0064,0.0107
"3309",146,"2022-01-04 16:55:00","MAYF",0.0159,0.0154,0.0689,0.1108,6e-04,0.0091,0.0136
"3310",147,"2022-01-20 15:04:00","MAYF",0.017,0.0074,0.1476,0.1444,0.001,0.0069,0.0303
"3311",148,"2022-02-01 15:06:00","MAYF",0.0059,0.0152,NA,0.1051,0.0015,0.0034,0.0077
"3312",149,"2022-02-03 15:02:00","MAYF",0.0402,0.0083,0.194,0.0379,0.0016,0.006,0.0438
"3313",150,"2022-02-23 15:15:00","MAYF",0.0136,0.0112,0.1308,0.1404,0.0014,0.0206,0.0593
"3314",151,"2022-03-01 15:57:00","MAYF",0.0056,0.0103,0.124,0.1554,0.0016,0.0054,0.0364
"3315",152,"2022-03-07 15:44:00","MAYF",0.0053,0.0091,0.0978,0.1168,0.0013,0.0036,0.012
"3316",153,"2022-03-28 14:33:00","MAYF",0.0085,0.0212,0.133,0.1126,0.0024,0.0088,0.0122
"3317",154,"2022-03-31 14:05:00","MAYF",0.0224,0.0044,0.1392,0.1541,0.0037,0.0168,0.0416
"3318",155,"2022-04-06 13:58:00","MAYF",0.007,0.0078,0.0995,0.1187,0.0014,0.0037,0.0158
"3319",156,"2022-04-20 15:08:00","MAYF",0.0047,0.007,0.1537,0.188,0.0012,0.0045,0.0122
"3320",157,"2022-05-02 15:09:00","MAYF",0.0067,0.0081,0.1152,0.1416,0.0014,0.0075,0.0212
"3321",158,"2022-05-12 13:31:00","MAYF",0.0072,0.0177,0.1438,0.1936,0.0032,0.0179,0.0194
"3322",159,"2022-05-31 15:16:00","MAYF",0.0116,0.0241,0.1644,0.1854,0.002,0.0041,0.0212
"3323",160,"2022-06-08 15:39:00","MAYF",0.0167,0.0248,0.1336,0.1869,0.003,0.0097,0.0218
"3324",161,"2022-07-05 17:49:00","MAYF",0.0252,0.0451,0.1002,0.1336,0.0026,0.0078,0.0172
"3325",162,"2022-07-12 16:13:00","MAYF",0.0125,0.0175,0.1317,0.1341,2e-04,0.0048,0.0199
"3326",163,"2022-08-03 15:09:00","MAYF",0.0188,0.0084,0.1225,0.1562,0.0032,0.0084,0.0255
"3327",164,"2022-09-01 14:00:00","MAYF",0.0091,0.0113,0.0135,0.0579,0.0023,0.0049,0.0134
"3328",165,"2022-09-06 16:43:00","MAYF",0.0061,0.0101,0.0189,0.0773,0.0019,0.0044,0.0128
"3329",166,"2022-10-03 14:19:00","MAYF",0.0085,0.0055,0.1252,0.1263,0.0027,0.0059,0.0098
"3330",167,"2022-10-06 13:52:00","MAYF",0.0052,0.0091,0.1,0.1033,0.0021,0.004,0.0126
"3331",168,"2022-11-01 14:50:00","MAYF",0.002,0.0032,0.0995,0.1248,0.001,7e-04,0.014
"3332",169,"2022-11-22 15:20:00","MAYF",0.0048,0.0127,NA,NA,0.0026,8e-04,0.0074
"3333",170,"2022-12-12 18:38:00","MAYF",0.0067,0.0143,0.028,0.0491,0.0029,0.0011,0.0124
"3334",171,"2022-12-15 15:27:00","MAYF",0.0595,0.00656666666666667,0.129666666666667,0.136566666666667,0.0016,0.0131333333333333,0.028
"3335",172,"2022-12-15 15:27:00","MAYF",0.0595,0.00656666666666667,0.129666666666667,0.136566666666667,0.0016,0.0131333333333333,0.028
"3336",173,"2022-12-15 15:27:00","MAYF",0.0595,0.00656666666666667,0.129666666666667,0.136566666666667,0.0016,0.0131333333333333,0.028
"3337",174,"2023-01-04 17:26:00","MAYF",0.0482,0.0058,0.1744,0.187,0.0031,0.0208,0.04
"3338",175,"2023-01-23 15:26:00","MAYF",0.0155,0.0177,0.0691,0.0922,0.0024,0.0063,0.0157
"3339",176,"2023-02-02 15:00:00","MAYF",0.0097,0.0168,0.0631,0.0505,0.002,0.0036,0.0129
"3340",177,"2023-02-06 17:35:00","MAYF",0.0055,0.0107,0.0461,0.0407,0.0011,0.0029,0.0081
"3341",178,"2023-02-20 17:02:00","MAYF",0.0045,0.0084,0.0337,0.0911,0.0015,0.0047,0.0101
"3342",179,"2023-03-01 15:23:00","MAYF",0.0033,0.0092,0.1121,0.1352,0.0013,0.0031,0.0203
"3343",180,"2023-03-09 17:40:00","MAYF",0.0038,0.0105,0.0953,0.1377,0.0038,0.0072,0.016
"3344",181,"2023-03-15 17:07:00","MAYF",0.0087,0.0249,0.0924,0.1277,0.002,0.0043,0.011
"3345",182,"2023-04-04 14:59:00","MAYF",0.0087,0.011,0.0893,0.1036,0.0022,0.006,0.0192
"3346",183,"2023-04-13 14:19:00","MAYF",0.0077,0.0152,0.1373,0.1583,0.0027,0.0047,0.0193
"3347",184,"2023-04-19 14:37:00","MAYF",0.0051,0.0145,0.1135,0.1329,0.0014,0.0039,0.0147
"3348",185,"2023-05-01 15:22:00","MAYF",0.0116,0.0135,0.1382,0.1297,0.0019,0.0033,0.0161
"3349",186,"2023-05-11 15:00:00","MAYF",0.0048,0.0129,0.145,0.1157,0.0019,0.0049,0.0169
"3350",187,"2023-06-05 14:36:00","MAYF",0.0219,0.0951,0.1152,0.126,0.0025,0.005,0.0173
"3351",188,"2023-06-12 14:16:00","MAYF",0.0198,0.0285,0.1692,0.1266,0.0078,0.0117,0.0391
"3352",189,"2023-07-05 14:12:00","MAYF",0.0149666666666667,0.0183333333333333,0.160633333333333,0.194233333333333,0.0029,0.00386666666666667,0.0208
"3353",190,"2023-07-05 14:12:00","MAYF",0.0149666666666667,0.0183333333333333,0.160633333333333,0.194233333333333,0.0029,0.00386666666666667,0.0208
"3354",191,"2023-07-05 14:12:00","MAYF",0.0149666666666667,0.0183333333333333,0.160633333333333,0.194233333333333,0.0029,0.00386666666666667,0.0208
"3355",192,"2023-07-13 14:07:00","MAYF",0.0173,0.016,0.1727,0.2278,0.0032,0.008,0.0197
"3356",193,"2023-08-01 14:03:00","MAYF",0.0296,0.0138,0.1112,0.1301,0.0092,0.0092,0.0137
"3357",194,"2023-08-31 14:30:00","MAYF",0.1111,0.0229,0.0897,0.091,0.0049,0.0044,0.0133
"3358",195,"2023-09-05 14:20:00","MAYF",NA,0.0043,0.0758,0.0736,6e-04,0.0039,0.014
"3359",196,"2023-10-03 14:41:00","MAYF",0.004,0.006,0.121,0.1689,0.003,0.0029,0.0109
"3360",197,"2023-10-09 14:51:00","MAYF",0.0806,0.0052,0.149,0.1235,0.0028,0.0094,0.0088
"3361",198,"2023-11-07 17:14:00","MAYF",0.0031,0.0022,0.12,0.3,0.0022,0.0033,0.012
"3362",199,"2023-11-16 19:57:00","MAYF",0.0034,0.0215,0.18,0.18,0.0182,0.0083,0.0158
"3363",200,"2023-12-07 15:02:00","MAYF",0.0055,0.0064,0.11,0.16,0.0022,0.0032,0.0079
"3364",201,"2023-12-12 15:12:00","MAYF",0.0137,0.0064,0.12,0.19,0.0011,0.003,0.0091
"3365",202,"2024-01-02 18:29:00","MAYF",0.00925,0.0107,0.12,0.17,0.0012,0.00275,0.0078
"3366",203,"2024-01-02 18:29:00","MAYF",0.00925,0.0107,0.12,0.17,0.0012,0.00275,0.0078
"3367",204,"2024-01-24 15:37:00","MAYF",0.0137,0.0111,0.14,0.14,0.0017,0.0053,0.0081
"3368",205,"2024-02-01 18:17:00","MAYF",0.0158,0.0398,0.15,0.13,0.0011,0.0049,0.0078
"3369",206,"2024-02-06 15:27:00","MAYF",0.0197,0.035,0.13,0.22,0.0016,0.0035,0.0115
"3370",207,"2024-02-12 16:13:00","MAYF",0.0277,0.0058,0.21,0.37,0.0028,0.0075,0.0667
"3371",208,"2024-03-07 15:25:00","MAYF",0.0087,0.0139,0.1,0.21,0.0016,0.0052,0.0102
"3372",209,"2024-03-13 16:32:00","MAYF",0.0048,0.0183,0.1,0.13,0.001,0.0041,0.0107
"3373",210,"2024-03-18 14:13:00","MAYF",0.00476666666666667,0.0169333333333333,0.133333333333333,0.183333333333333,0.00146666666666667,0.0058,0.0121333333333333
"3374",211,"2024-03-18 14:13:00","MAYF",0.00476666666666667,0.0169333333333333,0.133333333333333,0.183333333333333,0.00146666666666667,0.0058,0.0121333333333333
"3375",212,"2024-03-18 14:13:00","MAYF",0.00476666666666667,0.0169333333333333,0.133333333333333,0.183333333333333,0.00146666666666667,0.0058,0.0121333333333333
"3376",213,"2024-04-09 14:22:00","MAYF",0.0155,0.0251,0.18,0.23,0.0028,0.0065,0.0164
"3377",214,"2024-04-11 13:58:00","MAYF",0.0093,0.0212,0.17,0.21,0.0021,0.0072,0.0193
"3378",215,"2024-04-16 14:08:00","MAYF",0.0082,0.0174,0.14,0.21,0.0028,0.008,0.0152
"3379",216,"2024-05-07 15:14:00","MAYF",0.008,0.0179,0.25,0.19,0.0023,0.0088,0.0196
"3380",217,"2024-05-14 14:20:00","MAYF",0.0043,0.0131,0.12,0.23,3e-04,0,0.0148
"3381",218,"2024-06-04 17:56:00","MAYF",0.0064,0.0236,0.13,0.23,NA,0,0.0132
"3382",219,"2024-06-12 14:40:00","MAYF",0.0058,0.0245,0.11,0.22,NA,0,0.0154
"3383",220,"2024-07-01 15:50:00","MAYF",0.0118,0.0323,0.22,1.17,7e-04,0.01,0.0276
"3384",221,"2024-07-17 15:12:00","MAYF",0.017,0.0157,0.07,0.1,0.0036,0.0035,0.0143
"3385",222,"2024-08-14 14:20:00","MAYF",0.0221333333333333,0.0206,0.136666666666667,0.2,0.00293333333333333,0.00583333333333333,0.0124666666666667
"3386",223,"2024-08-14 14:20:00","MAYF",0.0221333333333333,0.0206,0.136666666666667,0.2,0.00293333333333333,0.00583333333333333,0.0124666666666667
"3387",224,"2024-08-14 14:20:00","MAYF",0.0221333333333333,0.0206,0.136666666666667,0.2,0.00293333333333333,0.00583333333333333,0.0124666666666667
"3388",225,"2024-09-03 14:19:00","MAYF",0.0073,0.0125,0.08,0.19,0.0023,0.0072,0.0109
"3389",226,"2024-09-10 15:10:00","MAYF",0.0101,0.0147,0.11,0.03,5e-04,0.0028,0.0083
"3390",227,"2024-10-01 14:00:00","MAYF",0.0093,0.0194,0.17,0.09,5e-04,0.0044,0.01
"3391",228,"2024-10-08 13:40:00","MAYF",0.0069,0.0183,0.12,0.1,5e-04,0.0035,0.0108
"3392",229,"2024-11-05 14:50:00","MAYF",0.0021,0.0086,0.27,0.09,0.001,0.0083,0.0134
"3393",230,"2024-11-12 14:52:00","MAYF",0.0089,0.0058,0.11,0.13,0.0017,0.0072,0.0133
"3394",231,"2024-12-02 16:29:00","MAYF",0.0072,0.0131,0.07,0.08,0.002,0.0043,0.0061
"3395",232,"2024-12-11 16:35:00","MAYF",0.0202,0.0069,0.11,0.14,0.0015,0.0052,0.0143
"3396",233,"2025-01-07 15:53:00","MAYF",0.0433,0.0109,0.1,0.09,0.0023,0.0051,0.0087
"3397",234,"2025-01-20 17:07:00","MAYF",0.00766666666666667,0.0142,0.13,0.09,NA,0.00246666666666667,0.00636666666666667
"3398",235,"2025-01-20 17:07:00","MAYF",0.00766666666666667,0.0142,0.13,0.09,NA,0.00246666666666667,0.00636666666666667
"3399",236,"2025-01-20 17:07:00","MAYF",0.00766666666666667,0.0142,0.13,0.09,NA,0.00246666666666667,0.00636666666666667
"3400",237,"2025-02-04 16:30:00","MAYF",0.0054,0.0124,0.14,0.16,NA,0.0022,0.0084
"3401",238,"2025-02-12 17:09:00","MAYF",0.0139,0.0102,0.14,0.14,7e-04,0.0114,0.0231
"3402",239,"2025-02-19 16:57:00","MAYF",0.0082,0.0091,0.13,0.09,3e-04,0.0031,0.0075
"3403",240,"2025-03-03 15:18:00","MAYF",0.0034,0.0116,0.12,0.07,NA,0.0022,0.0072
"3404",241,"2025-03-05 15:33:00","MAYF",0.0327,0.0054,0.14,0.21,3e-04,0.0061,0.0245
"3405",242,"2025-03-18 14:10:00","MAYF",0.0055,0.0068,0.15,0.11,NA,0.0045,0.0178
"3406",243,"2025-04-03 14:39:00","MAYF",0.0049,0.0088,0.11,0.17,8e-04,0.0064,0.0117
"3407",244,"2025-04-07 14:29:00","MAYF",0.0205,0.0311,0.15,0.11,4e-04,0.0092,0.0189
"3408",245,"2025-04-17 17:15:00","MAYF",0.0046,0.0134,0.09,0.08,NA,0.0055,0.0107
"3409",246,"2025-05-05 14:49:00","MAYF",0.0084,0.009,0.16,0.27,7e-04,0.0051,0.0149
"3410",247,"2025-05-12 14:23:00","MAYF",0.0179,0.0092,0.15,0.33,0.004,0.0048,0.034
"3411",248,"2025-06-02 14:54:00","MAYF",0.008,0.0141,0.25,0.28,0.0022,0.0067,0.0121
"3412",249,"2025-06-10 13:50:00","MAYF",0.0163,0.0104,0.37,0.32,0.0011,0.0067,0.0176
"3413",250,"2025-07-03 14:25:00","MAYF",0.0122,0.0159,0.15,0.39,0.0034,0.0052,0.0141
"3414",251,"2025-07-23 14:41:00","MAYF",0.0711,0.072,0.19,0.15,NA,0.0067,0.0169
"3415",252,"2025-08-05 16:19:00","MAYF",0.0385,0.0433,2,0.15,3e-04,0.0085,0.0112
"3416",253,"2025-09-03 18:53:00",NA,NA,0.0156,0.13,0.1,3e-04,0.0034,0.0133
"3417",254,"2025-09-09 16:22:00","MAYF",0.004,0.0039,0.07,0.16,3e-04,0.0028,0.0133
"3418",255,"2025-09-30 14:18:00","MAYF",0.022,0.0356,0.12,0.12,5e-04,0.005,0.0119
"3419",256,"2025-10-08 14:00:00","MAYF",0.0295,0.0312,0.1,0.54,2e-04,0.0097,0.0247
"3420",257,"2025-11-11 16:15:00","MAYF",0.031,0.0368,0.13,0.28,1e-04,0.0027,0.0096
"3421",258,"2025-11-19 15:19:00","MAYF",0.045,0.0888,0.31,0.28,0.0018,0.0054,0.0125
"3422",259,"2025-12-02 15:37:00","MAYF",0.0797333333333333,0.127433333333333,0.17,0.213333333333333,0.0023,0.00443333333333333,0.00963333333333333
"3423",260,"2025-12-02 15:37:00","MAYF",0.0797333333333333,0.127433333333333,0.17,0.213333333333333,0.0023,0.00443333333333333,0.00963333333333333
"3424",261,"2025-12-02 15:37:00","MAYF",0.0797333333333333,0.127433333333333,0.17,0.213333333333333,0.0023,0.00443333333333333,0.00963333333333333
"3425",262,"2025-12-08 15:25:00","MAYF",0.0351,0.0481,0.13,0.12,0.0017,0.0029,0.0105
"3426",1,"2017-04-11 17:27:00","BLWA",0.526,0.029,0.7205,0.7431,0.024,0.011,0.012
"3427",2,"2017-04-20 18:20:00","BLWA",0.463,0.032,0.6192,0.7504,0.019,0.003,0.004
"3428",3,"2017-04-24 18:27:00","BLWA",0.457,0.021,0.6773,0.7382,0.019,0.003,0.005
"3429",4,"2017-04-27 12:36:00","BLWA",0.435,0.079,0.1319,0.5702,0.019,0.004,0.006
"3430",5,"2017-05-02 13:17:00","BLWA",0.584,0.05,0.8474,0.8983,0.022,0.0165,0.018
"3431",6,"2017-05-16 12:38:00","BLWA",0.291,0.031,0.4815,0.5267,0.011,0.0115,0.014
"3432",7,"2017-05-23 13:30:00","BLWA",0.217,0.07,0.4265,0.472,0.013,0.003,0.033
"3433",8,"2017-06-13 18:03:00","BLWA",0.187,NA,0.4589,0.859,0.001,5e-04,0.002
"3434",9,"2017-07-06 20:18:00","BLWA",0.383,0.135,0.5569,0.6692,0.046,0.001,0.0216
"3435",10,"2017-07-11 16:50:00","BLWA",0.395,0.168,0.6513,0.7402,0.031,5e-04,0.0323
"3436",11,"2017-07-19 15:46:00","BLWA",0.323,NA,0.529,0.6602,0.025,0.001,0.0738
"3437",12,"2017-08-01 15:06:00","BLWA",0.3214,0.025,0.5925,0.5724,0.04,0.017,0.0516
"3438",13,"2017-08-15 20:10:00","BLWA",0.3339,0.0364,0.5163,0.5838,0.028,0.0032,0.0653
"3439",14,"2017-10-25 19:45:00","BLWA",0.1949,0.1294,0.297866666666667,0.363733333333333,0.0253333333333333,0.024,0.044
"3440",15,"2017-10-25 19:45:00","BLWA",0.1949,0.1294,0.297866666666667,0.363733333333333,0.0253333333333333,0.024,0.044
"3441",16,"2017-10-25 19:45:00","BLWA",0.1949,0.1294,0.297866666666667,0.363733333333333,0.0253333333333333,0.024,0.044
"3442",17,"2017-11-02 07:24:00","BLWA",0.246066666666667,0.112933333333333,0.324966666666667,0.368133333333333,0.0273333333333333,0.00633333333333333,0.008
"3443",18,"2017-11-02 07:24:00","BLWA",0.246066666666667,0.112933333333333,0.324966666666667,0.368133333333333,0.0273333333333333,0.00633333333333333,0.008
"3444",19,"2017-11-02 07:24:00","BLWA",0.246066666666667,0.112933333333333,0.324966666666667,0.368133333333333,0.0273333333333333,0.00633333333333333,0.008
"3445",20,"2017-11-21 21:29:00","BLWA",1.2216,0.137566666666667,0.4412,0.490666666666667,0.0126666666666667,0.0243333333333333,0.0273333333333333
"3446",21,"2017-11-21 21:29:00","BLWA",1.2216,0.137566666666667,0.4412,0.490666666666667,0.0126666666666667,0.0243333333333333,0.0273333333333333
"3447",22,"2017-11-21 21:29:00","BLWA",1.2216,0.137566666666667,0.4412,0.490666666666667,0.0126666666666667,0.0243333333333333,0.0273333333333333
"3448",23,"2017-12-05 20:00:00","BLWA",0.4626,0.118,0.3468,0.4061,0.012,0.024,0.028
"3449",24,"2017-12-13 20:50:00","BLWA",0.5074,0.209,0.3826,0.4241,0.012,0.029,0.032
"3450",25,"2018-01-09 21:00:00","BLWA",0.6367,0.1084,0.8104,0.863,0.076,0.043,0.052
"3451",26,"2018-01-24 18:31:00","BLWA",0.5266,0.2188,0.7717,0.8143,0.042,0.005,0.006
"3452",27,"2018-01-31 19:05:00","BLWA",0.4448,0.1435,0.7627,0.8231,0.071,0.048,0.052
"3453",28,"2018-02-15 20:37:00","BLWA",0.4618,0.1235,0.5923,0.6603,0.056,0.001,0.002
"3454",29,"2018-02-22 21:10:00","BLWA",0.591,0.1412,0.7396,0.8002,0.071,5e-04,0.001
"3455",30,"2018-03-05 15:10:00","BLWA",0.6642,NA,0.8375,0.8828,0.011,0.017,0.019
"3456",31,"2018-03-08 16:40:00","BLWA",0.5852,NA,0.834,0.8617,0.009,0.029,0.031
"3457",32,"2018-03-22 14:40:00","BLWA",0.5529,NA,0.7041,0.7514,0.042,NA,0.004
"3458",33,"2018-03-27 19:23:00","BLWA",0.5444,NA,1.647,1.76,0.114,NA,0.005
"3459",34,"2018-04-10 19:56:00","BLWA",0.4387,NA,0.6524,0.7771,0.063,0.0283,0.3438
"3460",35,"2018-04-12 19:40:00","BLWA",0.4024,0.0013,0.6465,0.752,0.064,0.0131,0.1866
"3461",36,"2018-04-17 18:59:00","BLWA",0.5561,0.0422,0.7799,0.8736,0.034,0.0145,0.2166
"3462",37,"2018-05-02 15:30:00","BLWA",0.3514,0.0638,0.6985,0.7577,0.017,5e-04,0.002
"3463",38,"2018-05-15 19:28:00","BLWA",0.2408,0.0591,0.514,0.6365,0.03,5e-04,0.006
"3464",39,"2018-05-15 20:00:00","BLWA",0.2868,0.0195,0.5866,0.672,0.018,0.0171,0.1442
"3465",40,"2018-05-30 17:04:00","BLWA",0.2099,0.0532,0.5437,0.6151,0.02,0.001,0.0633
"3466",41,"2018-06-18 16:05:00","BLWA",0.1274,0.0264,0.2613,0.3103,0.02,0.0012,0.0392
"3467",42,"2018-07-09 17:04:00","BLWA",0.185,0.008,0.4705,0.485,0.011,5e-04,0.082
"3468",43,"2018-07-24 20:55:00","BLWA",0.1757,0.0204,0.2897,0.3572,0.017,5e-04,0.051
"3469",44,"2018-08-21 19:00:00","BLWA",0.0655,0.0225,0.291233333333333,0.411,NA,0.0049,0.0769666666666667
"3470",45,"2018-08-21 19:00:00","BLWA",0.0655,0.0225,0.291233333333333,0.411,NA,0.0049,0.0769666666666667
"3471",46,"2018-08-21 19:00:00","BLWA",0.0655,0.0225,0.291233333333333,0.411,NA,0.0049,0.0769666666666667
"3472",47,"2018-09-10 18:45:00","BLWA",0.0145,0.0210333333333333,0.266433333333333,0.419366666666667,0.0773333333333333,0.000533333333333333,0.003
"3473",48,"2018-09-10 18:45:00","BLWA",0.0145,0.0210333333333333,0.266433333333333,0.419366666666667,0.0773333333333333,0.000533333333333333,0.003
"3474",49,"2018-09-10 18:45:00","BLWA",0.0145,0.0210333333333333,0.266433333333333,0.419366666666667,0.0773333333333333,0.000533333333333333,0.003
"3475",50,"2018-09-18 18:30:00","BLWA",0.0381,0.0072,0.283,0.3687,0.089,0.0104,0.0682
"3476",51,"2018-10-16 18:05:00","BLWA",0.1295,0.0401,0.354033333333333,0.464266666666667,NA,0.00216666666666667,0.0718
"3477",52,"2018-10-16 18:05:00","BLWA",0.1295,0.0401,0.354033333333333,0.464266666666667,NA,0.00216666666666667,0.0718
"3478",53,"2018-10-16 18:05:00","BLWA",0.1295,0.0401,0.354033333333333,0.464266666666667,NA,0.00216666666666667,0.0718
"3479",54,"2018-11-06 18:45:00","BLWA",0.0217,NA,0.368,0.4368,0.009,5e-04,0.114
"3480",55,"2018-11-19 20:00:00","BLWA",0.2715,0.0892,0.5155,0.611,0.177,0.009,0.0964
"3481",56,"2018-12-12 17:20:00","BLWA",1.0772,0.1097,1.183,1.296,0.166,0.021,0.0943
"3482",57,"2018-12-20 17:33:00","BLWA",0.6009,0.0477,0.8271,0.8823,NA,0.004,0.1434
"3483",58,"2019-01-15 16:15:00","BLWA",0.6721,0.0666,0.9746,0.8317,0.17,0.003,0.016
"3484",59,"2019-01-21 16:00:00","BLWA",0.6026,0.0662,0.8026,0.8482,0.083,0.008,0.025
"3485",60,"2019-01-28 16:00:00","BLWA",0.5322,0.1033,0.7494,0.7817,0.258,0.022,0.0651
"3486",61,"2019-02-14 15:38:00","BLWA",0.5651,0.0872,0.7697,0.8806,NA,0.0017,0.0636
"3487",62,"2019-02-18 16:00:00","BLWA",0.5406,0.0748,0.7381,0.8377,0.34,0.0017,0.205
"3488",63,"2019-03-13 15:00:00","BLWA",NA,NA,NA,0.6606,NA,NA,0.247
"3489",64,"2019-03-14 19:40:00","BLWA",0.4755,0.0384,0.6367,0.7008,0.038,0.0142,0.26
"3490",65,"2019-03-19 15:15:00","BLWA",0.5023,0.1505,0.6201,0.6478,0.04,0.0149,0.06
"3491",66,"2019-03-21 15:00:00","BLWA",0.5048,0.0744,0.613,0.663,0.037,0.0089,0.048
"3492",67,"2019-04-03 19:10:00","BLWA",0.4101,0.0139,0.537,0.6114,0.036,5e-04,0.171
"3493",68,"2019-04-11 15:00:00","BLWA",0.3469,0.0746,0.5264,0.6076,0.035,5e-04,0.1674
"3494",69,"2019-04-16 14:51:00","BLWA",0.3955,0.12,0.5185,0.588066666666667,0.032,5e-04,0.107666666666667
"3495",70,"2019-04-16 14:51:00","BLWA",0.3955,0.12,0.5185,0.588066666666667,0.032,5e-04,0.107666666666667
"3496",71,"2019-04-16 14:51:00","BLWA",0.3955,0.12,0.5185,0.588066666666667,0.032,5e-04,0.107666666666667
"3497",72,"2019-05-02 15:18:00","BLWA",0.383,0.0162,0.5,0.6252,0.036,0.0204,0.1657
"3498",73,"2019-05-14 14:50:00","BLWA",0.377,0.0472,0.5529,0.6073,0.038,0.005,0.1506
"3499",74,"2019-05-29 14:30:00","BLWA",0.1249,0.0454,0.2512,NA,0.038,0.0137,NA
"3500",75,"2019-06-17 14:10:00","BLWA",0.14885,0.05805,0.3167,0.4344,0.01535,0.0082,0.02455
"3501",76,"2019-06-17 14:10:00","BLWA",0.14885,0.05805,0.3167,0.4344,0.01535,0.0082,0.02455
"3502",77,"2019-07-10 14:36:00","BLWA",0.13045,0.08475,0.3687,0.3706,0.02095,0.0222,0.2131
"3503",78,"2019-07-10 14:36:00","BLWA",0.13045,0.08475,0.3687,0.3706,0.02095,0.0222,0.2131
"3504",79,"2019-07-16 15:43:00","BLWA",0.1528,0.0126,0.3073,0.3768,0.02135,0.01325,0.119
"3505",80,"2019-07-16 15:43:00","BLWA",0.1528,0.0126,0.3073,0.3768,0.02135,0.01325,0.119
"3506",81,"2019-08-20 15:00:00","BLWA",0.0648,0.01445,0.2517,0.293466666666667,0.0128,0.00755,0.033
"3507",82,"2019-08-20 15:00:00","BLWA",0.0648,0.01445,0.2517,0.293466666666667,0.0128,0.00755,0.033
"3508",83,"2019-08-20 15:00:00","BLWA",0.0648,0.01445,0.2517,0.293466666666667,0.0128,0.00755,0.033
"3509",84,"2019-08-20 15:00:00","BLWA",0.0648,0.01445,0.2517,0.293466666666667,0.0128,0.00755,0.033
"3510",85,"2019-09-11 15:00:00","BLWA",0.0518,0.02615,0.2789,0.2947,NA,0.0091,0.13585
"3511",86,"2019-09-11 15:00:00","BLWA",0.0518,0.02615,0.2789,0.2947,NA,0.0091,0.13585
"3512",87,"2019-09-17 14:18:00","BLWA",0.0397,0.01295,0.3156,0.2735,NA,0.0083,0.1589
"3513",88,"2019-09-17 14:18:00","BLWA",0.0397,0.01295,0.3156,0.2735,NA,0.0083,0.1589
"3514",89,"2019-10-16 15:05:00","BLWA",0.0464,0.0584,0.2535,0.2864,0.041,0.013,0.233
"3515",90,"2019-11-12 15:36:00","BLWA",0.3718,0.04285,0.4828,0.5577,0.0228,0.01415,0.11305
"3516",91,"2019-11-12 15:36:00","BLWA",0.3718,0.04285,0.4828,0.5577,0.0228,0.01415,0.11305
"3517",92,"2019-11-20 17:08:00","BLWA",0.4601,0.0678,0.6304,0.5197,0.0118,5e-04,0.114
"3518",93,"2019-12-11 16:24:00","BLWA",0.498533333333333,0.0429666666666667,0.569733333333333,0.610133333333333,0.0602333333333333,0.0128333333333333,0.072
"3519",94,"2019-12-11 16:24:00","BLWA",0.498533333333333,0.0429666666666667,0.569733333333333,0.610133333333333,0.0602333333333333,0.0128333333333333,0.072
"3520",95,"2019-12-11 16:24:00","BLWA",0.498533333333333,0.0429666666666667,0.569733333333333,0.610133333333333,0.0602333333333333,0.0128333333333333,0.072
"3521",96,"2019-12-17 17:33:00","BLWA",0.5453,0.0534,0.6928,0.6407,0.0088,0.032,0.069
"3522",97,"2020-01-20 17:22:00","BLWA",0.4783,0.076,0.5842,0.5993,0.031,0.015,0.028
"3523",98,"2020-01-22 17:35:00","BLWA",0.5592,0.0673,0.6883,0.6457,0.0373,0.009,0.05
"3524",99,"2020-01-28 16:43:00","BLWA",0.6267,0.0465,0.8888,0.7524,0.0086,0.005,0.024
"3525",100,"2020-03-02 16:50:00","BLWA",0.4637,0.0636333333333333,0.616,0.610266666666667,0.0153666666666667,0.0256666666666667,0.0776666666666667
"3526",101,"2020-03-02 16:50:00","BLWA",0.4637,0.0636333333333333,0.616,0.610266666666667,0.0153666666666667,0.0256666666666667,0.0776666666666667
"3527",102,"2020-03-02 16:50:00","BLWA",0.4637,0.0636333333333333,0.616,0.610266666666667,0.0153666666666667,0.0256666666666667,0.0776666666666667
"3528",103,"2020-03-03 21:24:00","BLWA",0.5022,0.0607,0.6184,0.6571,0.0131,0.042,0.062
"3529",104,"2020-03-12 14:47:00","BLWA",0.3124,0.0719,0.4938,0.5331,0.0183,0.002,0.007
"3530",105,"2020-03-16 15:27:00","BLWA",0.403,0.0838,0.5527,0.5348,0.0177,0.013,0.018
"3531",106,"2020-03-18 15:21:00","BLWA",0.4464,0.0947,0.5833,0.5833,0.0119,0.021,0.038
"3532",107,"2020-07-09 15:58:00","BLWA",0.1331,0.0322,0.3115,0.3547,9e-04,0.0114,0.0274
"3533",108,"2020-07-21 15:55:00","BLWA",0.1525,0.0155,0.3228,0.409,0.0042,0.019,0.0285
"3534",109,"2020-07-30 17:14:00","BLWA",0.1134,0.02,0.3526,0.3774,0.0011,0.0128,0.0252
"3535",110,"2020-08-19 14:40:00",NA,NA,NA,0.2813,0.3722,NA,NA,NA
"3536",111,"2020-08-26 14:50:00","BLWA",0.1105,0.0302,0.3434,0.4258,0.002,0.0124,0.0318
"3537",112,"2020-09-10 14:45:00","BLWA",0.0292,0.0038,0.2568,0.3686,0.002,0.0181,0.034
"3538",113,"2020-09-15 15:50:00","BLWA",0.0347,0.0074,0.2189,0.342,0.0023,0.02,0.0307
"3539",114,"2020-10-15 14:40:00","BLWA",0.0388,0.0012,0.1957,0.304366666666667,6e-04,0.0128,0.03475
"3540",115,"2020-10-19 15:55:00",NA,NA,NA,0.1292,0.2402,NA,NA,NA
"3541",116,"2020-11-04 16:34:00","BLWA",0.252,0.0302,0.4302,0.4775,0.0052,0.0205,0.0517
"3542",117,"2020-11-18 17:46:00","BLWA",0.2468,0.03,0.3535,0.3884,0.0038,0.0219,0.0322
"3543",118,"2020-12-09 18:06:00","BLWA",0.4608,0.0435,0.6961,0.6463,0.0045,0.022,0.0378
"3544",119,"2020-12-15 15:42:00","BLWA",0.5953,0.0151,0.7027,0.708,0.0089,0.0272,0.0459
"3545",120,"2021-02-10 16:00:00","BLWA",0.594,0.0042,0.6882,0.7535,0.0035,0.0146,0.0363
"3546",121,"2021-02-15 17:13:00","BLWA",0.629,0.0141,0.6666,0.7044,0.0094,0.0258,0.0452
"3547",122,"2021-02-23 16:47:00","BLWA",0.4953,0.0194,0.6683,0.7396,0.0111,0.0488,0.0638
"3548",123,"2021-03-03 16:45:00","BLWA",0.5146,0.0426,0.6539,0.6846,0.0115,0.0233,0.0615
"3549",124,"2021-03-22 16:00:00","BLWA",0.5469,0.0297,0.6193,0.6442,0.0078,0.0321,0.0926
"3550",125,"2021-03-24 15:08:00","BLWA",0.4251,0.042,0.6202,0.6467,0.01,0.0305,0.0752
"3551",126,"2021-04-05 14:48:00","BLWA",0.3742,0.0351,0.5486,0.571,0.0091,0.0339,0.065
"3552",127,"2021-04-07 15:12:00","BLWA",0.3017,0.0379,0.5528,0.5768,0.0103,0.0553,0.0772
"3553",128,"2021-04-13 20:14:00","BLWA",0.3483,0.0234,0.4987,NA,0.0068,0.0341,0.0609
"3554",129,"2021-04-26 17:35:00","BLWA",0.321,0.0371,0.4622,0.5738,0.0111,0.0326,0.066
"3555",130,"2021-05-07 15:25:00","BLWA",0.2814,0.0368,0.4104,0.4573,0.0091,0.0538,0.1054
"3556",131,"2021-05-19 15:35:00","BLWA",0.3387,0.0066,0.4899,0.5383,0.0029,0.0224,0.0408
"3557",132,"2021-05-27 14:21:00","BLWA",0.2172,0.0157,0.3885,0.5543,6e-04,0.0111,0.0486
"3558",133,"2021-06-15 16:54:00","BLWA",0.217466666666667,0.0201,0.337733333333333,0.421966666666667,0.00393333333333333,0.0144333333333333,0.0527666666666667
"3559",134,"2021-06-15 16:54:00","BLWA",0.217466666666667,0.0201,0.337733333333333,0.421966666666667,0.00393333333333333,0.0144333333333333,0.0527666666666667
"3560",135,"2021-06-15 16:54:00","BLWA",0.217466666666667,0.0201,0.337733333333333,0.421966666666667,0.00393333333333333,0.0144333333333333,0.0527666666666667
"3561",136,"2021-07-08 14:59:00","BLWA",0.2793,0.0075,0.3802,0.4732,0.0037,0.0242,0.0448
"3562",137,"2021-07-20 15:45:00","BLWA",0.3539,0.0246,0.524,0.5048,0.0188,0.0456,0.0712
"3563",138,"2021-08-17 13:46:00","BLWA",0.2397,0.0101,0.3226,0.4358,0.0017,0.0124,0.0386
"3564",139,"2021-09-08 15:13:00","BLWA",0.2673,0.0041,0.4192,0.4338,0.0056,0.025,0.04
"3565",140,"2021-09-21 14:21:00","BLWA",0.2638,0.0287,0.3573,0.4092,0.0045,0.0128,0.0459
"3566",141,"2021-10-19 14:44:00","BLWA",0.3523,0.0078,0.4234,0.5183,0.0023,0.0105,0.0324
"3567",142,"2021-11-08 16:06:00","BLWA",0.4351,0.0136,0.5517,0.6612,0.0027,0.0115,0.0362
"3568",143,"2021-11-18 18:16:00","BLWA",0.4035,0.0135,0.5211,0.5608,0.0013,0.0104,0.0378
"3569",144,"2021-12-14 18:47:00","BLWA",0.4215,0.0299,0.5316,0.5695,0.0039,0.0139,0.0367
"3570",145,"2021-12-28 15:20:00","BLWA",0.609,0.0042,0.5856,0.6442,0.0025,0.0136,0.0304
"3571",146,"2022-01-18 17:09:00","BLWA",0.4984,0.0236,0.6154,0.6786,0.0131,0.0264,0.0549
"3572",147,"2022-01-25 17:22:00","BLWA",0.4673,0.0247,0.5901,0.6142,0.0104,0.0237,0.0526
"3573",148,"2022-01-31 16:19:00","BLWA",0.5153,0.0149,0.617,0.6673,0.0051,0.0132,0.0402
"3574",149,"2022-02-09 15:04:00","BLWA",0.4259,0.0134,0.5359,0.6091,0.0055,0.0172,0.0581
"3575",150,"2022-02-15 15:37:00","BLWA",0.546,0.0065,0.6178,0.6182,0.0035,0.0117,0.0375
"3576",151,"2022-03-03 15:56:00","BLWA",0.4745,0.0328,0.6045,0.6892,0.0081,0.0241,0.0687
"3577",152,"2022-03-08 15:31:00","BLWA",0.5877,0.0228,0.6143,0.5628,0.0091,0.0185,0.0478
"3578",153,"2022-03-16 17:39:00","BLWA",0.4589,0.0031,0.4232,0.4835,0.0047,0.0149,0.0356
"3579",154,"2022-03-29 14:30:00","BLWA",0.2766,0.0195,NA,NA,0.0057,0.0126,0.0934
"3580",155,"2022-04-04 14:38:00","BLWA",0.3765,0.0135,0.4954,0.5379,0.006,0.0116,0.06
"3581",156,"2022-04-21 17:24:00","BLWA",0.2763,0.0164,0.4957,0.56,0.0059,0.0156,0.0669
"3582",157,"2022-04-27 14:11:00","BLWA",0.3686,0.0029,0.468,0.5366,0.0016,0.008,0.0469
"3583",158,"2022-05-04 15:37:00","BLWA",0.2768,0.006,0.391233333333333,0.468033333333333,0.00233333333333333,0.0137,0.0489
"3584",159,"2022-05-04 15:37:00","BLWA",0.2768,0.006,0.391233333333333,0.468033333333333,0.00233333333333333,0.0137,0.0489
"3585",160,"2022-05-04 15:37:00","BLWA",0.2768,0.006,0.391233333333333,0.468033333333333,0.00233333333333333,0.0137,0.0489
"3586",161,"2022-05-17 15:45:00","BLWA",0.18,0.0093,0.3482,0.4688,8e-04,0.008,0.0389
"3587",162,"2022-05-26 14:13:00","BLWA",0.305,NA,0.5285,0.6138,0.0014,0.0089,0.0481
"3588",163,"2022-06-14 15:30:00","BLWA",0.2514,NA,0.3696,0.4408,0.0019,0.0144,0.0327
"3589",164,"2022-07-07 15:21:00","BLWA",0.113,0.0159,0.2573,0.3254,0.0011,0.011,0.0248
"3590",165,"2022-07-19 14:26:00","BLWA",0.1261,0.0607,0.3835,0.5946,NA,0.0082,0.0354
"3591",166,"2022-08-16 14:01:00","BLWA",0.0923,0.0254,0.1614,0.2818,0.0017,0.0104,0.0317
"3592",167,"2022-09-08 14:45:00","BLWA",0.1138,0.0067,0.1787,0.2907,2e-04,0.0075,0.0266
"3593",168,"2022-09-20 16:00:00","BLWA",0.0423,0.0099,NA,NA,3e-04,0.0102,0.0241
"3594",169,"2022-10-18 14:14:00","BLWA",0.0254,0.027,0.2092,0.2699,8e-04,0.0082,0.025
"3595",170,"2022-11-07 15:25:00","BLWA",0.0447666666666667,0.0194,0.261033333333333,0.3363,0.00186666666666667,0.0132333333333333,0.0299666666666667
"3596",171,"2022-11-07 15:25:00","BLWA",0.0447666666666667,0.0194,0.261033333333333,0.3363,0.00186666666666667,0.0132333333333333,0.0299666666666667
"3597",172,"2022-11-07 15:25:00","BLWA",0.0447666666666667,0.0194,0.261033333333333,0.3363,0.00186666666666667,0.0132333333333333,0.0299666666666667
"3598",173,"2022-11-21 16:23:00","BLWA",0.211,0.0201,0.2833,0.3628,0.003,0.0135,0.0265
"3599",174,"2022-12-14 16:20:00","BLWA",0.6073,0.0152,0.6341,0.6858,0.0051,0.0144,0.0339
"3600",175,"2023-01-18 16:22:00","BLWA",0.5611,0.0467,0.6547,0.6523,0.009,0.0174,0.0387
"3601",176,"2023-01-24 15:53:00","BLWA",0.4351,0.0335,0.5555,0.634,0.015,0.0267,0.061
"3602",177,"2023-02-01 15:53:00","BLWA",0.5456,0.0382,0.6394,0.7165,0.0136,0.023,0.0751
"3603",178,"2023-02-13 16:21:00","BLWA",0.4484,0.0302,0.5982,0.6714,0.0152,0.0324,0.0638
"3604",179,"2023-02-23 15:39:00","BLWA",0.3921,0.0153,0.5481,0.6295,0.0066,0.0162,0.0528
"3605",180,"2023-03-01 15:26:00","BLWA",0.4099,0.0307,0.5585,0.5931,0.0046,0.0124,0.0404
"3606",181,"2023-03-07 15:19:00","BLWA",0.5376,0.0164,0.6577,0.6887,0.0078,0.0175,0.0385
"3607",182,"2023-03-16 18:04:00","BLWA",0.5824,0.0184,0.6806,0.7533,0.0067,0.0138,0.0395
"3608",183,"2023-03-22 18:23:00","BLWA",0.4953,0.0059,0.6156,0.6692,0.0038,0.0119,0.0366
"3609",184,"2023-03-29 15:10:00","BLWA",0.4095,0.014,0.5593,0.6389,0.0097,0.0186,0.061
"3610",185,"2023-04-17 15:04:00","BLWA",0.4693,0.0115,0.5648,0.6438,0.005,0.0135,0.0468
"3611",186,"2023-04-20 15:11:00","BLWA",0.4396,0.0051,0.5602,0.6732,0.0021,0.0103,0.0482
"3612",187,"2023-05-04 15:04:00","BLWA",0.3338,0.0053,0.4882,0.5991,0.0012,0.0074,0.033
"3613",188,"2023-05-23 17:28:00","BLWA",0.3025,0.0299,0.4085,0.4994,0.0012,0.0088,0.0453
"3614",189,"2023-05-30 15:17:00","BLWA",0.3443,0.0361,0.4669,0.5158,0.0014,0.0087,0.0317
"3615",190,"2023-06-20 15:54:00","BLWA",0.270266666666667,0.0122333333333333,0.479166666666667,0.5605,0.00803333333333333,0.00753333333333333,0.0565333333333333
"3616",191,"2023-06-20 15:54:00","BLWA",0.270266666666667,0.0122333333333333,0.479166666666667,0.5605,0.00803333333333333,0.00753333333333333,0.0565333333333333
"3617",192,"2023-06-20 15:54:00","BLWA",0.270266666666667,0.0122333333333333,0.479166666666667,0.5605,0.00803333333333333,0.00753333333333333,0.0565333333333333
"3618",193,"2023-07-06 16:40:00","BLWA",0.1342,0.0297,0.3581,0.4753,0.0021,0.005,0.034
"3619",194,"2023-07-20 15:18:00","BLWA",0.2619,0.0089,0.3292,0.3921,0.0031,0.0072,0.0304
"3620",195,"2023-08-16 14:40:00","BLWA",0.2376,0.005,0.3853,0.4317,0.0027,0.0079,0.0327
"3621",196,"2023-09-11 14:22:00","BLWA",0.2148,0.0366,0.317,0.4013,0.0049,0.0105,0.0387
"3622",197,"2023-09-19 16:03:00","BLWA",0.2546,0.0067,0.3206,0.4295,0.0019,0.0077,0.0258
"3623",198,"2023-10-17 14:57:00","BLWA",0.2624,0.0315,0.3215,0.3146,0.0069,0.0147,0.0268
"3624",199,"2023-11-27 16:09:00","BLWA",0.3507,0.0149,0.43,0.44,0.0044,0.0109,0.0365
"3625",200,"2023-12-04 17:36:00","BLWA",0.3605,0.01,0.42,0.48,0.0024,0.0108,0.0298
"3626",201,"2023-12-14 15:42:00","BLWA",0.3383,0.0112,0.5,0.56,0.0026,0.0108,0.0273
"3627",202,"2023-12-19 18:21:00","BLWA",0.4455,0.0219,0.49,0.53,0.0034,0.0123,0.025
"3628",203,"2024-01-15 16:58:00","BLWA",0.3974,0.0042,0.57,0.69,0.0179,0.0245,0.0628
"3629",204,"2024-01-18 16:20:00","BLWA",0.4268,0.0073,0.6,0.63,0.0068,0.0149,0.0353
"3630",205,"2024-01-31 17:09:00","BLWA",0.5341,0.0064,0.77,1.02,0.0161,0.0383,0.0564
"3631",206,"2024-02-15 17:52:00","BLWA",0.4603,0.0744,0.69,0.84,0.0043,0.014,0.0947
"3632",207,"2024-02-26 15:56:00","BLWA",0.48,0.0064,0.69,0.83,0.0072,0.0257,0.0465
"3633",208,"2024-02-29 17:20:00","BLWA",0.5572,0.0078,0.75,0.86,0.0057,0.0238,0.0384
"3634",209,"2024-03-11 14:44:00","BLWA",0.4112,0.0385,0.72,0.74,0.0096,0.0251,0.0617
"3635",210,"2024-03-19 15:20:00","BLWA",0.3885,0.0418,0.65,0.82,0.0161,0.0264,0.0675
"3636",211,"2024-03-25 14:45:00","BLWA",0.3962,0.0258,0.65,0.66,0.0029,0.0107,0.043
"3637",212,"2024-04-04 15:40:00","BLWA",0.3148,0.0162,0.58,0.71,0.01,0.0252,0.0649
"3638",213,"2024-04-18 14:27:00","BLWA",0.3512,0.036,0.56,0.87,0.0014,0.0086,0.0413
"3639",214,"2024-04-23 15:11:00","BLWA",0.2785,0.0346,0.53,0.69,0.003,0.0114,0.0523
"3640",215,"2024-05-06 15:20:00","BLWA",0.1445,0.0132,0.41,0.57,0.0027,0.0106,0.0353
"3641",216,"2024-05-21 14:56:00","BLWA",0.299,0.0264,0.48,0.65,0.0013,0.01,0.0338
"3642",217,"2024-05-30 15:25:00","BLWA",0.2127,0.0267,0.4,0.49,0.001,0.01,0.0311
"3643",218,"2024-06-17 15:50:00","BLWA",0.1095,0.0396,0.35,0.48,9e-04,0.01,0.0388
"3644",219,"2024-07-10 16:34:00","BLWA",0.1064,0.0034,0.25,0.32,0.0023,0.0074,0.0236
"3645",220,"2024-07-15 15:44:00","BLWA",0.0262,0.0207,0.19,0.44,0.002,0.0105,0.022
"3646",221,"2024-08-21 14:45:00","BLWA",0.0869,0.0333,0.31,0.32,0.0014,0.0068,0.0279
"3647",222,"2024-09-18 15:57:00","BLWA",0.2404,0.0187,0.46,0.41,0.0049,0.0126,0.0354
"3648",223,"2024-09-23 15:16:00","BLWA",0.1276,0.0166333333333333,0.323333333333333,0.313333333333333,0.0033,0.0120333333333333,0.0402
"3649",224,"2024-09-23 15:16:00","BLWA",0.1276,0.0166333333333333,0.323333333333333,0.313333333333333,0.0033,0.0120333333333333,0.0402
"3650",225,"2024-09-23 15:16:00","BLWA",0.1276,0.0166333333333333,0.323333333333333,0.313333333333333,0.0033,0.0120333333333333,0.0402
"3651",226,"2024-10-14 14:46:00","BLWA",0.212,0.0275,0.41,0.35,0.0032,0.0145,0.0311
"3652",227,"2024-11-14 16:28:00","BLWA",0.3487,0.0035,0.53,0.53,0.0018,0.0079,0.0277
"3653",228,"2024-11-26 18:07:00","BLWA",0.4561,0.0097,0.64,0.63,0.0037,0.0145,0.0329
"3654",229,"2024-12-11 18:33:00","BLWA",0.4141,0.0186,0.63,0.57,0.004,0.0097,0.0268
"3655",230,"2024-12-17 16:05:00","BLWA",0.3818,0.0207,0.57,0.58,0.0032,0.0085,0.0258
"3656",231,"2025-01-14 15:25:00","BLWA",0.5976,0.0514,0.76,0.85,0.0082,0.0152,0.0313
"3657",232,"2025-01-22 17:56:00","BLWA",0.5213,0.0301,0.7,0.7,0.0083,0.0159,0.034
"3658",233,"2025-01-28 15:43:00","BLWA",0.513,0.0477,0.72,0.75,0.0083,0.0183,0.0357
"3659",234,"2025-02-11 18:28:00","BLWA",0.5764,0.0175,0.79,0.73,0.0053,0.02,0.0251
"3660",235,"2025-02-17 15:48:00","BLWA",0.5205,0.0325,0.71,0.72,0.0103,0.0221,0.061
"3661",236,"2025-02-24 15:43:00","BLWA",0.5161,0.0515,0.74,0.75,0.0071,0.0168,0.0441
"3662",237,"2025-03-13 16:03:00","BLWA",0.5989,0.013,0.79,0.83,0.01,0.0208,0.0448
"3663",238,"2025-03-19 16:35:00","BLWA",0.4304,0.0174,0.59,0.67,0.0082,0.0172,0.0545
"3664",239,"2025-03-24 14:45:00","BLWA",0.4022,0.0129,0.53,0.63,0.0025,0.012,0.0342
"3665",240,"2025-04-01 14:24:00","BLWA",0.4345,0.0383,0.81,0.78,0.0197,0.0506,0.0719
"3666",241,"2025-04-17 15:14:00","BLWA",0.4525,0.0949,0.8,0.87,0.0103,0.0185,0.0593
"3667",242,"2025-04-22 14:35:00","BLWA",0.4356,0.0483,0.76,0.83,0.005,0.0239,0.0665
"3668",243,"2025-05-08 14:55:00","BLWA",0.3094,0.0334,0.53,1.2,0.0131,0.0255,0.0508
"3669",244,"2025-05-21 15:20:00","BLWA",0.3972,0.0101,0.63,0.8,0.0088,0.0195,0.0444
"3670",245,"2025-05-27 17:34:00","BLWA",0.308,0.0216,0.52,0.55,0.0088,0.0191,0.0601
"3671",246,"2025-06-17 18:42:00","BLWA",0.2761,0.0238,0.97,0.88,0.012,0.0458,0.0577
"3672",247,"2025-07-09 15:50:00","BLWA",0.2475,0.019,0.45,0.61,0.0031,0.0117,0.0348
"3673",248,"2025-07-15 15:20:00","BLWA",0.1973,0.016,0.45,0.38,0.0026,0.009,0.0327
"3674",249,"2025-08-19 16:15:00","BLWA",0.1439,0.0106,0.37,0.31,0.0029,0.0069,0.0287
"3675",250,"2025-09-10 14:46:00","BLWA",0.1399,0.0099,0.28,0.33,0.0029,0.0098,0.0317
"3676",251,"2025-09-16 16:15:00","BLWA",0.1158,0.0445,0.28,0.53,0.0012,0.0109,0.0255
"3677",252,"2025-10-20 15:57:00","BLWA",0.0533333333333333,0.0467333333333333,0.23,0.266666666666667,0.0023,0.00893333333333333,0.0256666666666667
"3678",253,"2025-10-20 15:57:00","BLWA",0.0533333333333333,0.0467333333333333,0.23,0.266666666666667,0.0023,0.00893333333333333,0.0256666666666667
"3679",254,"2025-10-20 15:57:00","BLWA",0.0533333333333333,0.0467333333333333,0.23,0.266666666666667,0.0023,0.00893333333333333,0.0256666666666667
"3680",255,"2025-11-12 16:15:00","BLWA",0.1434,0.1356,0.37,0.51,0.0022,0.0082,0.026
"3681",256,"2025-12-01 16:41:00","BLWA",0.1322,0.0671,0.34,0.39,0.0015,0.009,0.0253
"3682",257,"2025-12-09 15:54:00","BLWA",0.2028,0.1252,0.43,0.43,0.0013,0.0072,0.0285
"3683",258,"2025-12-16 15:40:00","BLWA",0.3602,0.1019,0.58,0.56,0.0018,0.0103,0.0342
"3684",1,"2017-04-11 14:14:00","TOMB",0.273,0.032,0.623,0.6323,0.029,0.022,0.025
"3685",2,"2017-04-20 14:28:00","TOMB",0.278,0.031,0.5796,0.6901,0.031,0.0375,0.042
"3686",3,"2017-04-25 11:18:00","TOMB",0.26,0.084,0.4,0.4132,0.032,0.0295,0.032
"3687",4,"2017-04-27 09:03:00","TOMB",0.261,0.069,0.499,NA,0.032,0.0205,0.025
"3688",5,"2017-05-02 09:15:00","TOMB",0.207,0.082,0.5391,0.4831,0.026,0.0345,0.038
"3689",6,"2017-05-16 09:05:00","TOMB",0.188,0.048,0.3878,NA,0.014,0.0115,NA
"3690",7,"2017-05-23 09:46:00","TOMB",0.322,0.078,0.5446,0.6091,0.018,0.014,0.049
"3691",8,"2017-06-13 14:16:00","TOMB",0.451,0.006,0.8078,0.9009,0.013,0.0143,0.016
"3692",9,"2017-06-21 13:03:00","TOMB",0.357,0.247,0.5884,0.7515,0.04,0.0204,0.022
"3693",10,"2017-07-06 16:39:00","TOMB",0.315,0.059,0.5463,0.605,0.05,0.021,0.0465
"3694",11,"2017-07-26 15:09:00","TOMB",0.3178,0.0291,0.5391,0.5598,0.041,0.002,0.0646
"3695",12,"2017-08-02 16:32:00","TOMB",NA,NA,NA,0.5331,NA,NA,0.0633
"3696",13,"2017-08-15 17:28:00","TOMB",0.2016,0.0272,0.3997,0.5191,0.031,0.002,0.0655
"3697",14,"2017-09-14 15:32:00","TOMB",0.057,0.1487,0.1851,NA,0.018,0.0062,0.007
"3698",15,"2017-10-25 16:04:00","TOMB",0.1253,0.1238,0.241033333333333,0.259533333333333,0.024,0.016,0.0373333333333333
"3699",16,"2017-10-25 16:04:00","TOMB",0.1253,0.1238,0.241033333333333,0.259533333333333,0.024,0.016,0.0373333333333333
"3700",17,"2017-10-25 16:04:00","TOMB",0.1253,0.1238,0.241033333333333,0.259533333333333,0.024,0.016,0.0373333333333333
"3701",18,"2017-11-02 15:47:00","TOMB",0.098,1.02223333333333,0.3166,0.363733333333333,0.125333333333333,0.0183333333333333,0.02
"3702",19,"2017-11-02 15:47:00","TOMB",0.098,1.02223333333333,0.3166,0.363733333333333,0.125333333333333,0.0183333333333333,0.02
"3703",20,"2017-11-02 15:47:00","TOMB",0.098,1.02223333333333,0.3166,0.363733333333333,0.125333333333333,0.0183333333333333,0.02
"3704",21,"2017-11-21 17:47:00","TOMB",0.5968,0.127233333333333,0.227933333333333,0.2766,0.027,0.024,0.0253333333333333
"3705",22,"2017-11-21 17:47:00","TOMB",0.5968,0.127233333333333,0.227933333333333,0.2766,0.027,0.024,0.0253333333333333
"3706",23,"2017-11-21 17:47:00","TOMB",0.5968,0.127233333333333,0.227933333333333,0.2766,0.027,0.024,0.0253333333333333
"3707",24,"2017-12-05 17:00:00","TOMB",0.396,0.123,0.3171,0.3664,0.019,0.035,0.039
"3708",25,"2017-12-13 17:50:00","TOMB",0.179,0.2196,0.0987,0.1374,0.015,0.016,0.025
"3709",26,"2018-01-09 17:23:00","TOMB",0.4773,0.1248,0.7078,0.7623,0.036,0.052,0.075
"3710",27,"2018-01-24 15:22:00","TOMB",0.3454,0.1641,0.621,0.6626,0.04,0.01,0.012
"3711",28,"2018-01-29 18:46:00","TOMB",0.361,0.1708,0.6095,0.6689,0.058,0.003,0.004
"3712",29,"2018-02-19 17:48:00","TOMB",0.1713,0.124,0.349,0.4031,0.017,0.001,0.011
"3713",30,"2018-02-22 17:25:00","TOMB",0.221,0.0342,0.4963,0.5329,0.017,0.003,0.004
"3714",31,"2018-03-01 16:45:00","TOMB",0.231,0.0071,0.6203,0.6882,0.023,0.004,1.238
"3715",32,"2018-03-07 14:43:00","TOMB",0.2496,NA,0.4416,0.4773,0.063,0.046,0.051
"3716",33,"2018-03-21 17:26:00","TOMB",0.2683,0.0184,0.4569,0.5161,0.037,0.022,0.024
"3717",34,"2018-03-27 15:20:00","TOMB",0.3495,0.0183,1.502,1.567,0.106,NA,0.008
"3718",35,"2018-04-10 15:47:00","TOMB",0.1806,0.0321,0.5048,0.6144,0.072,0.0457,0.2122
"3719",36,"2018-04-12 16:03:00","TOMB",0.2488,0.0358,0.5693,0.6683,0.07,0.0312,0.1369
"3720",37,"2018-04-17 15:17:00","TOMB",0.1946,0.0363,0.5732,0.7401,0.043,0.0334,0.2065
"3721",38,"2018-04-25 15:42:00","TOMB",0.499,0.0269,0.4328,0.5735,0.069,0.0353,0.1339
"3722",39,"2018-05-08 15:45:00","TOMB",0.2383,0.0133,0.6087,0.6652,0.024,0.0018,0.0346
"3723",40,"2018-05-15 15:31:00","TOMB",0.2247,0.037,0.5811,0.5487,0.016,0.023,0.1281
"3724",41,"2018-06-19 16:14:00","TOMB",0.0457,0.0192,0.4642,0.4459,0.019,0.0288,0.0684
"3725",42,"2018-07-16 18:15:00","TOMB",0.191,0.0533,0.4044,0.423,0.011,5e-04,0.061
"3726",43,"2018-07-24 16:20:00","TOMB",0.2131,0.0408,0.3984,0.4486,0.014,5e-04,0.033
"3727",44,"2018-08-16 16:15:00","TOMB",0.1253,0.0161,0.3406,0.4669,0.019,0.0176,0.0527
"3728",45,"2018-08-21 15:06:00","TOMB",0.0943666666666667,0.0411,0.342266666666667,0.387633333333333,0.037,0.0239666666666667,0.101033333333333
"3729",46,"2018-08-21 15:06:00","TOMB",0.0943666666666667,0.0411,0.342266666666667,0.387633333333333,0.037,0.0239666666666667,0.101033333333333
"3730",47,"2018-08-21 15:06:00","TOMB",0.0943666666666667,0.0411,0.342266666666667,0.387633333333333,0.037,0.0239666666666667,0.101033333333333
"3731",48,"2018-09-18 13:40:00","TOMB",0.109133333333333,0.0427333333333333,0.4031,0.531466666666667,0.052,0.100266666666667,0.106333333333333
"3732",49,"2018-09-18 13:40:00","TOMB",0.109133333333333,0.0427333333333333,0.4031,0.531466666666667,0.052,0.100266666666667,0.106333333333333
"3733",50,"2018-09-18 13:40:00","TOMB",0.109133333333333,0.0427333333333333,0.4031,0.531466666666667,0.052,0.100266666666667,0.106333333333333
"3734",51,"2018-10-16 14:00:00","TOMB",0.198266666666667,0.0445333333333333,0.490266666666667,0.5713,1.425,0.0258333333333333,0.213833333333333
"3735",52,"2018-10-16 14:00:00","TOMB",0.198266666666667,0.0445333333333333,0.490266666666667,0.5713,1.425,0.0258333333333333,0.213833333333333
"3736",53,"2018-10-16 14:00:00","TOMB",0.198266666666667,0.0445333333333333,0.490266666666667,0.5713,1.425,0.0258333333333333,0.213833333333333
"3737",54,"2018-11-08 16:15:00","TOMB",0.1218,0.0056,0.4797,0.4884,NA,0.0266,0.1373
"3738",55,"2018-11-19 16:20:00","TOMB",0.4356,0.1445,0.7607,0.813,0.322,0.026,0.0871
"3739",56,"2018-12-17 16:57:00","TOMB",0.2807,0.0034,0.5075,0.5489,0.022,0.016,0.2
"3740",57,"2018-12-18 16:35:00","TOMB",0.3349,0.0074,0.6585,0.8634,0.03,0.006,0.1423
"3741",58,"2019-01-16 17:00:00","TOMB",0.2463,0.066,0.4619,0.516,0.162,0.01,0.1702
"3742",59,"2019-01-22 17:00:00","TOMB",0.2398,0.095,0.6429,0.6101,0.742,0.047,0.049
"3743",60,"2019-01-30 16:00:00","TOMB",0.2327,0.0859,0.5218,0.5227,0.061,0.012,0.018
"3744",61,"2019-02-07 17:03:00","TOMB",0.301,0.1096,0.5612,0.6116,0.325,0.042,0.0814
"3745",62,"2019-02-12 15:30:00","TOMB",0.286,0.0939,0.5119,0.5552,0.162,0.0755,0.081
"3746",63,"2019-03-14 16:20:00","TOMB",0.1772,0.133,0.4129,0.5388,0.043,0.0089,0.207
"3747",64,"2019-03-18 15:50:00","TOMB",0.2346,0.0951,0.5697,0.6193,0.016,0.0247,0.357
"3748",65,"2019-03-20 18:25:00","TOMB",0.2943,0.1157,0.5408,0.5646,0.046,0.0172,0.204
"3749",66,"2019-04-01 16:30:00","TOMB",0.1581,0.0331,0.4013,0.4909,0.039,0.0186,0.022
"3750",67,"2019-04-03 15:45:00","TOMB",0.2144,0.1165,0.4074,0.4534,0.037,5e-04,0.234
"3751",68,"2019-04-09 15:27:00","TOMB",0.112766666666667,0.0785,0.326333333333333,0.421033333333333,0.0343333333333333,0.0134666666666667,0.0840666666666667
"3752",69,"2019-04-09 15:27:00","TOMB",0.112766666666667,0.0785,0.326333333333333,0.421033333333333,0.0343333333333333,0.0134666666666667,0.0840666666666667
"3753",70,"2019-04-09 15:27:00","TOMB",0.112766666666667,0.0785,0.326333333333333,0.421033333333333,0.0343333333333333,0.0134666666666667,0.0840666666666667
"3754",71,"2019-04-15 16:15:00","TOMB",0.1347,0.084,0.4338,0.5081,0.037,0.0299,0.1828
"3755",72,"2019-04-25 16:02:00","TOMB",0.1482,0.0575,0.431,0.4966,0.031,0.0343,0.1193
"3756",73,"2019-05-07 16:25:00","TOMB",0.2765,0.0671,0.5335,0.5833,0.029,0.0144,0.1335
"3757",74,"2019-05-21 15:59:00","TOMB",0.0301,0.0525,0.4474,0.593,0.045,5e-04,0.3237
"3758",75,"2019-06-11 16:22:00","TOMB",0.1153,0.02745,0.379,0.4225,0.021,0.01585,0.0981
"3759",76,"2019-06-11 16:22:00","TOMB",0.1153,0.02745,0.379,0.4225,0.021,0.01585,0.0981
"3760",77,"2019-07-09 15:30:00","TOMB",0.05285,0.0387,0.298,0.3527,0.02105,0.0177,0.10405
"3761",78,"2019-07-09 15:30:00","TOMB",0.05285,0.0387,0.298,0.3527,0.02105,0.0177,0.10405
"3762",79,"2019-07-15 16:37:00","TOMB",0.29355,0.02595,0.4839,0.5515,0.022,0.02065,0.1469
"3763",80,"2019-07-15 16:37:00","TOMB",0.29355,0.02595,0.4839,0.5515,0.022,0.02065,0.1469
"3764",81,"2019-08-13 15:00:00","TOMB",0.18,0.008,0.384,0.381,0.03235,0.0213,0.0757
"3765",82,"2019-08-13 15:00:00","TOMB",0.18,0.008,0.384,0.381,0.03235,0.0213,0.0757
"3766",83,"2019-08-19 16:00:00","TOMB",0.151975,0.0177,0.333933333333333,0.377733333333333,0.01635,0.00945,0.08255
"3767",84,"2019-08-19 16:00:00","TOMB",0.151975,0.0177,0.333933333333333,0.377733333333333,0.01635,0.00945,0.08255
"3768",85,"2019-08-19 16:00:00","TOMB",0.151975,0.0177,0.333933333333333,0.377733333333333,0.01635,0.00945,0.08255
"3769",86,"2019-08-19 16:00:00","TOMB",0.151975,0.0177,0.333933333333333,0.377733333333333,0.01635,0.00945,0.08255
"3770",87,"2019-09-10 15:44:00","TOMB",NA,NA,NA,NA,NA,0.00905,0.12165
"3771",88,"2019-09-10 15:44:00","TOMB",NA,NA,NA,NA,NA,0.00905,0.12165
"3772",89,"2019-10-08 16:24:00","TOMB",0.1293,0.0149,0.3271,0.3369,0.03435,0.09015,0.0768
"3773",90,"2019-10-08 16:24:00","TOMB",0.1293,0.0149,0.3271,0.3369,0.03435,0.09015,0.0768
"3774",91,"2019-11-06 18:58:00","TOMB",0.18205,0.0713,0.4369,0.513,0.04725,0.03255,0.14865
"3775",92,"2019-11-06 18:58:00","TOMB",0.18205,0.0713,0.4369,0.513,0.04725,0.03255,0.14865
"3776",93,"2019-11-11 18:01:00","TOMB",0.18245,0.0834,0.3162,0.349,0.02355,0.0172,0.0714
"3777",94,"2019-11-11 18:01:00","TOMB",0.18245,0.0834,0.3162,0.349,0.02355,0.0172,0.0714
"3778",95,"2019-12-09 17:08:00","TOMB",0.2114,0.0259333333333333,0.463266666666667,0.449933333333333,0.0250666666666667,5e-04,0.044
"3779",96,"2019-12-09 17:08:00","TOMB",0.2114,0.0259333333333333,0.463266666666667,0.449933333333333,0.0250666666666667,5e-04,0.044
"3780",97,"2019-12-09 17:08:00","TOMB",0.2114,0.0259333333333333,0.463266666666667,0.449933333333333,0.0250666666666667,5e-04,0.044
"3781",98,"2019-12-16 17:30:00","TOMB",0.4395,0.0631,0.6205,0.6449,0.0064,0.04,0.04
"3782",99,"2020-01-30 16:38:00","TOMB",0.3966,0.059,0.5856,0.5809,0.0167,0.051,0.063
"3783",100,"2020-02-03 17:20:00","TOMB",0.3977,0.0376,0.5953,0.6285,0.0141,0.043,0.048
"3784",101,"2020-02-12 16:28:00","TOMB",0.2323,0.0326,0.3358,0.4768,0.0146,0.025,0.028
"3785",102,"2020-03-03 16:47:00","TOMB",0.2173,0.0724,0.4068,0.4733,0.0145,0.01,0.065
"3786",103,"2020-03-04 16:40:00","TOMB",0.2484,0.0346,0.4616,0.4295,0.0324,0.017,0.024
"3787",104,"2020-03-19 15:43:00","TOMB",0.2358,0.0793,0.4206,0.4994,0.0324,0.003,0.005
"3788",105,"2020-07-14 16:51:00",NA,NA,NA,0.5214,0.6045,NA,NA,0.0863
"3789",106,"2020-07-20 16:21:00","TOMB",0.2925,0.0035,0.4322,0.5347,0.0067,0.0232,NA
"3790",107,"2020-07-20 17:31:00","TOMB",0.3408,0.0043,0.5194,0.549,0.0091,0.0318,0.0691
"3791",108,"2020-08-12 15:05:00","TOMB",0.1976,0.0085,0.4454,0.5004,0.0144,0.0514,0.0651
"3792",109,"2020-08-17 16:25:00","TOMB",0.1212,0.0057,0.3216,0.4629,0.0127,0.0426,0.0629
"3793",110,"2020-08-27 15:02:00","TOMB",0.1784,0.0186,0.3975,0.4559,0.0199,0.0491,0.0809
"3794",111,"2020-09-09 14:48:00","TOMB",0.1045,0.0057,0.3196,0.3797,0.0069,0.0249,0.0599
"3795",112,"2020-09-21 15:22:00","TOMB",0.1331,0.0126,0.297833333333333,0.3221,0.0158,0.0478,0.0627
"3796",113,"2020-10-07 15:31:00","TOMB",0.051,0.0084,0.2648,0.3124,0.005,0.0251,0.048
"3797",114,"2020-10-13 16:10:00","TOMB",0.0886,0.0345,0.2328,0.3312,0.0183,0.049,0.0625
"3798",115,"2020-11-02 16:56:00","TOMB",0.3523,0.0272,0.5398,0.6361,0.0229,0.086,0.1311
"3799",116,"2020-11-10 16:19:00","TOMB",0.3623,0.0346,0.5394,0.6186,0.0258,0.0462,0.0875
"3800",117,"2020-11-30 16:15:00","TOMB",0.2789,0.0077,0.4814,0.5682,0.0268,0.079,0.0994
"3801",118,"2020-12-08 18:06:00","TOMB",0.2129,0.0422,0.3979,0.455766666666667,0.0217,0.0444,0.0860333333333333
"3802",119,"2020-12-08 18:06:00","TOMB",0.2129,0.0422,0.3979,0.455766666666667,0.0217,0.0444,0.0860333333333333
"3803",120,"2020-12-08 18:06:00","TOMB",0.2129,0.0422,0.3979,0.455766666666667,0.0217,0.0444,0.0860333333333333
"3804",121,"2021-02-09 16:50:00",NA,NA,NA,0.4774,0.501,NA,NA,NA
"3805",122,"2021-02-25 18:10:00","TOMB",0.2187,0.0274,0.4121,0.4873,0.0156,0.0348,0.1381
"3806",123,"2021-03-09 17:30:00","TOMB",0.245633333333333,0.0281333333333333,0.455133333333333,0.484866666666667,0.0145333333333333,0.0829,0.131566666666667
"3807",124,"2021-03-09 17:30:00","TOMB",0.245633333333333,0.0281333333333333,0.455133333333333,0.484866666666667,0.0145333333333333,0.0829,0.131566666666667
"3808",125,"2021-03-09 17:30:00","TOMB",0.245633333333333,0.0281333333333333,0.455133333333333,0.484866666666667,0.0145333333333333,0.0829,0.131566666666667
"3809",126,"2021-03-11 17:16:00","TOMB",0.2447,0.0261,0.4905,0.4707,0.0153,0.0634,0.0758
"3810",127,"2021-03-18 15:38:00","TOMB",0.316,0.0267,0.3186,0.4231,0.0111,0.1284,0.6053
"3811",128,"2021-04-12 15:49:00","TOMB",0.1471,0.0268,0.3661,0.4156,0.0146,0.0831,0.1683
"3812",129,"2021-04-27 16:30:00","TOMB",0.1889,0.0369,0.3946,0.4624,0.0128,0.0562,0.1252
"3813",130,"2021-05-03 15:45:00","TOMB",0.3744,0.0677,0.6659,0.6803,0.0182,0.0502,0.0768
"3814",131,"2021-05-10 17:20:00","TOMB",0.3999,0.0305,0.5751,0.5849,0.0144,0.0593,0.1133
"3815",132,"2021-05-20 15:50:00","TOMB",0.6457,0.0421,0.7982,0.8651,0.0143,0.0395,0.0731
"3816",133,"2021-06-07 15:49:00","TOMB",0.2242,0.0468,0.4403,0.5837,0.0166,0.0392,0.1163
"3817",134,"2021-07-13 17:08:00","TOMB",0.2499,0.0219,0.3598,0.4487,0.0139,0.0375,0.0829
"3818",135,"2021-07-22 15:09:00","TOMB",0.2269,0.0076,0.3884,0.4336,0.0116,0.0384,0.1353
"3819",136,"2021-08-10 16:23:00","TOMB",0.1927,0.0039,0.2986,0.4898,0.0113,0.052,0.0716
"3820",137,"2021-09-01 15:13:00","TOMB",0.1474,0.0243,0.3508,0.4412,0.0176,0.085,0.2684
"3821",138,"2021-09-14 16:12:00","TOMB",0.1824,0.0085,0.3126,0.4028,0.0199,0.0411,0.0664
"3822",139,"2021-10-12 14:57:00","TOMB",0.3809,0.005,0.4851,0.5389,0.0172,0.0386,0.0658
"3823",140,"2021-11-02 15:08:00","TOMB",0.3254,0.0081,0.4838,0.5602,0.0179,0.03,0.0718
"3824",141,"2021-11-10 17:26:00","TOMB",0.3487,0.0027,0.5251,0.5612,0.0153,0.0303,0.0833
"3825",142,"2021-12-01 17:36:00","TOMB",0.2753,0.0118,0.4081,0.5536,0.0144,0.0318,0.0812
"3826",143,"2021-12-15 16:44:00","TOMB",0.1788,0.0113,0.2592,0.3593,0.0065,0.0258,0.0616
"3827",144,"2022-01-11 18:30:00","TOMB",0.329,0.0315,0.4823,0.5775,0.0155,0.0452,0.1091
"3828",145,"2022-01-24 17:05:00","TOMB",0.2143,0.0194,0.432,0.4863,0.0155,0.0762,0.1441
"3829",146,"2022-01-27 16:34:00","TOMB",0.2208,0.0277,0.4708,0.4803,0.0165,0.1156,0.1083
"3830",147,"2022-02-10 16:40:00","TOMB",0.2877,0.0246,0.4323,0.4667,0.0125,0.0719,0.0947
"3831",148,"2022-02-16 17:17:00","TOMB",0.2957,0.017,0.4442,0.4777,0.007,0.016,0.0497
"3832",149,"2022-02-21 16:35:00","TOMB",0.3344,0.0122,0.4934,0.6677,0.0104,0.0179,0.1563
"3833",150,"2022-03-10 19:15:00","TOMB",0.3457,0.0291,0.3858,0.5145,0.0124,0.0314,0.0763
"3834",151,"2022-03-14 16:19:00","TOMB",0.2722,0.0233,0.4022,0.5318,0.0169,0.0411,0.1382
"3835",152,"2022-03-30 15:00:00","TOMB",0.1436,0.0179,0.2708,0.4143,0.0134,0.0725,0.1159
"3836",153,"2022-04-07 16:49:00","TOMB",0.1592,0.0149,0.3418,0.4156,0.0132,0.0728,0.1696
"3837",154,"2022-04-19 15:40:00","TOMB",0.1584,0.0291,0.4255,0.5265,0.0195,0.1024,0.2042
"3838",155,"2022-04-25 15:30:00","TOMB",0.1306,0.0403,0.4023,0.4481,0.0125,0.0607,0.0889
"3839",156,"2022-04-28 16:00:00","TOMB",0.181,0.0102,0.3693,0.4511,0.0073,0.0147,0.0762
"3840",157,"2022-05-09 16:27:00","TOMB",0.1656,0.0382,0.327,0.4313,0.0063,0.015,0.0519
"3841",158,"2022-05-18 15:54:00","TOMB",0.1315,0.0168,0.3236,0.4254,0.0069,0.0216,0.0734
"3842",159,"2022-06-07 16:45:00","TOMB",1.3232,0.0408,1.33133333333333,1.44966666666667,0.00986666666666667,0.0436333333333333,0.0924
"3843",160,"2022-06-07 16:45:00","TOMB",1.3232,0.0408,1.33133333333333,1.44966666666667,0.00986666666666667,0.0436333333333333,0.0924
"3844",161,"2022-06-07 16:45:00","TOMB",1.3232,0.0408,1.33133333333333,1.44966666666667,0.00986666666666667,0.0436333333333333,0.0924
"3845",162,"2022-07-13 16:35:00","TOMB",0.0912,0.0164,0.2647,0.3982,0.0016,0.0154,0.0462
"3846",163,"2022-07-18 16:33:00","TOMB",0.0344,0.0031,0.2736,0.3494,0.002,0.0197,0.0448
"3847",164,"2022-08-09 16:24:00","TOMB",0.1261,0.0211,0.2201,0.3262,0.0048,0.0176,0.0559
"3848",165,"2022-08-17 16:02:00","TOMB",0.0799,0.0087,0.1661,0.2766,0.0064,0.0272,0.064
"3849",166,"2022-09-13 15:39:00","TOMB",0.0994,0.0375666666666667,0.319133333333333,0.3538,0.0133,0.0708666666666667,0.0670333333333333
"3850",167,"2022-09-13 15:39:00","TOMB",0.0994,0.0375666666666667,0.319133333333333,0.3538,0.0133,0.0708666666666667,0.0670333333333333
"3851",168,"2022-09-13 15:39:00","TOMB",0.0994,0.0375666666666667,0.319133333333333,0.3538,0.0133,0.0708666666666667,0.0670333333333333
"3852",169,"2022-10-11 15:54:00","TOMB",0.1597,0.0086,0.3952,0.4804,0.0153,0.027,0.0629
"3853",170,"2022-11-03 16:31:00","TOMB",0.217,0.009,0.4053,0.4528,0.0291,0.0589,0.0801
"3854",171,"2022-11-08 17:00:00","TOMB",0.1549,0.0058,0.2523,0.434,0.0183,0.0277,0.0672
"3855",172,"2023-01-10 17:11:00","TOMB",0.3616,0.1053,0.5345,0.6002,0.0183,0.0674,0.0961
"3856",173,"2023-01-16 17:22:00","TOMB",0.286,0.035,0.4333,0.4719,0.0175,0.0592,0.1043
"3857",174,"2023-01-30 16:53:00","TOMB",0.2965,0.0408,0.4731,0.5302,0.0162,0.0507,0.1028
"3858",175,"2023-02-08 17:13:00","TOMB",0.2089,0.0209,0.3797,0.539,0.014,0.0522,0.1354
"3859",176,"2023-02-14 17:06:00","TOMB",0.1773,0.0276,0.3763,0.4309,0.0165,0.066,0.1565
"3860",177,"2023-02-27 16:42:00","TOMB",0.2487,0.0281,0.442,0.5159,0.009,0.0185,0.0613
"3861",178,"2023-03-08 17:18:00","TOMB",0.3206,0.0455,0.5076,0.6132,0.0134,0.0239,0.1251
"3862",179,"2023-03-14 16:58:00","TOMB",0.2778,0.0356,0.4529,0.5436,0.0108,0.018,0.0791
"3863",180,"2023-03-28 16:54:00","TOMB",0.1865,0.0219,0.4304,0.5769,0.0127,0.0801,0.1722
"3864",181,"2023-03-30 15:57:00","TOMB",0.2118,0.0389,0.4762,0.5192,0.0155,0.071,0.1237
"3865",182,"2023-04-05 16:19:00","TOMB",0.1486,0.019,0.352,0.4011,0.0138,0.0371,0.0378
"3866",183,"2023-04-18 15:31:00","TOMB",0.2311,0.0284,0.424,0.5176,0.012,0.0307,0.0632
"3867",184,"2023-04-25 16:21:00","TOMB",0.238,0.0252666666666667,0.4456,0.5117,0.0131,0.0524,0.0646666666666667
"3868",185,"2023-04-25 16:21:00","TOMB",0.238,0.0252666666666667,0.4456,0.5117,0.0131,0.0524,0.0646666666666667
"3869",186,"2023-04-25 16:21:00","TOMB",0.238,0.0252666666666667,0.4456,0.5117,0.0131,0.0524,0.0646666666666667
"3870",187,"2023-05-09 17:32:00","TOMB",0.0718,0.0063,0.4378,0.5084,0.0074,0.0079,0.0519
"3871",188,"2023-05-25 15:48:00","TOMB",0.2977,0.0878,0.4755,0.5318,0.0202,0.0113,0.0934
"3872",189,"2023-06-22 16:30:00","TOMB",0.7767,0.037,1.024,1.082,0.0115,0.0073,0.0836
"3873",190,"2023-07-12 17:00:00","TOMB",0.5173,0.0071,0.7389,0.8121,0.0145,0.0157,0.1243
"3874",191,"2023-07-19 16:04:00","TOMB",0.281,0.0116,0.3758,0.4619,0.0184,0.0446,0.1185
"3875",192,"2023-08-07 16:05:00","TOMB",0.252,0.0055,0.4068,0.4862,0.0201,0.036,0.0907
"3876",193,"2023-08-14 16:14:00","TOMB",0.1898,0.0032,0.3627,0.4544,0.0153,0.024,0.0669
"3877",194,"2023-09-13 19:20:00","TOMB",0.1492,0.002,0.3318,0.4356,0.003,0.0117,0.0875
"3878",195,"2023-10-11 16:10:00","TOMB",0.1463,0.0185,0.3586,0.3899,0.014,0.0249,0.0472
"3879",196,"2023-11-02 16:10:00","TOMB",0.3839,0.0064,0.33,0.6833,0.006,0.0081,0.0658
"3880",197,"2023-11-09 17:16:00","TOMB",0.4519,0.0032,0.55,0.64,0.0216,0.0411,0.0651
"3881",198,"2023-12-05 18:08:00","TOMB",0.3409,0.0208,0.46,0.47,0.0176,0.0283,0.0621
"3882",199,"2023-12-20 17:42:00","TOMB",0.2675,0.0467,0.41,0.51,0.0187,0.0317,0.0613
"3883",200,"2024-01-09 17:30:00","TOMB",0.2009,0.0029,0.53,0.58,0.0178,0.0371,0.067
"3884",201,"2024-01-17 17:37:00","TOMB",0.4724,0.0048,0.73,0.86,0.0315,0.0584,0.1056
"3885",202,"2024-01-30 16:47:00","TOMB",0.3728,0.007,0.65,1.13,0.0222,0.0072,0.2535
"3886",203,"2024-02-07 17:00:00","TOMB",0.2805,0.0874,0.62,0.83,0.0207,0.0501,0.1133
"3887",204,"2024-02-13 16:29:00","TOMB",0.198,0.0434,0.65,0.88,0.0235,0.1219,0.188
"3888",205,"2024-03-04 17:56:00","TOMB",0.2632,0.0492,0.51,0.55,0.012,0.039,0.026
"3889",206,"2024-03-06 16:51:00","TOMB",0.3922,0.0426,0.61,0.74,0.0123,0.0295,0.0782
"3890",207,"2024-03-12 16:01:00","TOMB",0.1885,0.0376,0.53,0.78,0.0187,0.0593,0.1436
"3891",208,"2024-03-21 15:49:00","TOMB",0.1275,0.0384,0.46,0.69,0.0182,0.0353,0.0941
"3892",209,"2024-03-28 15:00:00","TOMB",0.1418,0.0466,0.68,0.87,0.0336,0.1126,0.2217
"3893",210,"2024-04-15 15:57:00","TOMB",0.1463,0.0372,0.74,0.87,0.0269,0.1529,0.1946
"3894",211,"2024-04-22 16:10:00","TOMB",0.1434,0.0364,0.49,0.64,0.0134,0.0244,0.0833
"3895",212,"2024-04-30 16:31:00","TOMB",0.201,0.0226,0.44,0.67,0.0084,0.0174,0.0605
"3896",213,"2024-05-08 16:42:00","TOMB",0.229,0.02,0.48,0.68,0.0128,0.0241,0.0618
"3897",214,"2024-05-15 15:50:00","TOMB",0.2457,0.027,0.52,0.6,0.0085,0.03,0.0635
"3898",215,"2024-05-28 15:55:00","TOMB",0.2394,0.0212,0.5,0.52,0.0098,0.02,0.0649
"3899",216,"2024-06-10 18:02:00","TOMB",0.0562,0.0069,0.3,0.43,0.0041,0.01,0.0626
"3900",217,"2024-07-18 17:12:00","TOMB",0.0891,0.0016,0.33,0.4,0.0032,0.0225,0.0876
"3901",218,"2024-08-12 16:10:00","TOMB",0.0735,0.0019,0.28,0.3,0.0078,0.027,0.0565
"3902",219,"2024-08-15 16:55:00","TOMB",0.0329,0.006,0.32,0.22,0.0028,0.0145,0.0449
"3903",220,"2024-09-09 16:34:00","TOMB",0.0646666666666667,0.0019,0.243333333333333,0.37,0.0186333333333333,0.0412333333333333,0.0687333333333333
"3904",221,"2024-09-09 16:34:00","TOMB",0.0646666666666667,0.0019,0.243333333333333,0.37,0.0186333333333333,0.0412333333333333,0.0687333333333333
"3905",222,"2024-09-09 16:34:00","TOMB",0.0646666666666667,0.0019,0.243333333333333,0.37,0.0186333333333333,0.0412333333333333,0.0687333333333333
"3906",223,"2024-10-07 15:40:00","TOMB",0.1467,0.0165,0.31,0.31,0.0088,0.0183,0.0409
"3907",224,"2024-11-04 18:29:00","TOMB",0.2238,0.0124,0.46,0.41,0.0107,0.0177,0.0577
"3908",225,"2024-11-13 16:48:00","TOMB",0.2814,0.0092,0.6,0.5,0.0154,0.0266,0.0676
"3909",226,"2024-12-12 17:38:00","TOMB",0.3186,0.057,0.61,0.56,0.0202,0.0285,0.061
"3910",227,"2024-12-16 17:44:00","TOMB",0.7563,0.0602,1.04,1.02,0.016,0.0373,0.0586
"3911",228,"2025-01-06 17:21:00","TOMB",0.5335,0.0503,0.75,0.77,0.0219,0.0472,0.0642
"3912",229,"2025-01-16 17:00:00","TOMB",0.4331,0.0594,0.7,0.7,0.0202,0.0484,0.0687
"3913",230,"2025-01-27 18:01:00","TOMB",0.376,0.0598,0.68,0.63,0.025,0.0655,0.0737
"3914",231,"2025-02-10 17:48:00","TOMB",0.3486,0.09,0.65,0.67,0.0238,0.0591,0.0833
"3915",232,"2025-02-13 16:48:00","TOMB",0.3481,0.0939,0.66,0.64,0.0202,0.0407,0.1281
"3916",233,"2025-02-27 17:45:00","TOMB",0.2676,0.0536,0.49,0.56,0.0108,0.0184,0.0698
"3917",234,"2025-03-10 16:46:00","TOMB",0.3844,0.0298,0.57,0.62,0.0169,0.0322,0.0693
"3918",235,"2025-03-17 17:47:00","TOMB",0.2072,0.0243,0.44,0.49,0.0215,0.1025,0.2589
"3919",236,"2025-03-20 16:34:00","TOMB",0.1951,0.0704,0.59,0.49,0.0121,0.0416,0.1341
"3920",237,"2025-04-02 16:23:00","TOMB",0.2185,0.0494,0.55,0.55,0.0174,0.0391,0.072
"3921",238,"2025-04-08 16:15:00","TOMB",0.2366,0.0492,0.56,0.54,0.016,0.0393,0.1379
"3922",239,"2025-04-21 16:36:00","TOMB",0.3683,0.0879,0.74,0.74,0.0122,0.0363,0.0649
"3923",240,"2025-04-28 16:40:00","TOMB",0.565666666666667,0.0679333333333333,0.873333333333333,0.923333333333333,0.0214333333333333,0.0331666666666667,0.1667
"3924",241,"2025-04-28 16:40:00","TOMB",0.565666666666667,0.0679333333333333,0.873333333333333,0.923333333333333,0.0214333333333333,0.0331666666666667,0.1667
"3925",242,"2025-04-28 16:40:00","TOMB",0.565666666666667,0.0679333333333333,0.873333333333333,0.923333333333333,0.0214333333333333,0.0331666666666667,0.1667
"3926",243,"2025-05-07 16:53:00","TOMB",0.4155,0.041,0.85,0.82,0.0166,0.0309,0.1054
"3927",244,"2025-05-14 16:10:00","TOMB",0.2612,0.0281,0.58,1.06,0.0194,0.0466,0.1779
"3928",245,"2025-06-09 16:14:00","TOMB",0.3466,0.0177,0.64,1.37,0.0156,0.0282,0.1013
"3929",246,"2025-07-08 17:43:00","TOMB",0.3629,0.0051,0.64,0.9,0.0274,0.0658,0.0779
"3930",247,"2025-07-14 17:46:00","TOMB",0.2893,0.0049,0.56,0.5,0.0114,0.0343,0.0608
"3931",248,"2025-08-04 16:49:00","TOMB",0.2662,0.0444,0.53,0.5,0.0167,0.0456,0.0671
"3932",249,"2025-08-18 15:56:00","TOMB",0.2212,0.0446,0.53,0.41,0.0054,0.0167,0.0593
"3933",250,"2025-09-15 17:03:00","TOMB",0.0504,0.0046,0.263333333333333,0.366666666666667,0.00286666666666667,0.0185333333333333,0.0408666666666667
"3934",251,"2025-09-15 17:03:00","TOMB",0.0504,0.0046,0.263333333333333,0.366666666666667,0.00286666666666667,0.0185333333333333,0.0408666666666667
"3935",252,"2025-09-15 17:03:00","TOMB",0.0504,0.0046,0.263333333333333,0.366666666666667,0.00286666666666667,0.0185333333333333,0.0408666666666667
"3936",253,"2025-10-13 16:16:00","TOMB",0.1311,0.0618,0.33,0.39,0.0186,0.0362,0.0587
"3937",254,"2025-11-13 17:26:00","TOMB",0.1346,0.0052,0.34,0.46,0.0153,0.0213,0.0512
"3938",255,"2025-11-24 16:30:00","TOMB",0.1661,0.0066,0.39,0.43,0.0276,0.0325,0.0609
"3939",256,"2025-12-03 16:19:00","TOMB",0.27,0.0554,0.5,0.53,0.0192,0.0264,0.0449
"3940",257,"2025-12-10 16:41:00","TOMB",0.1944,0.09,0.49,0.49,0.0226,0.0271,0.0515
"3941",1,"2017-04-12 14:40:00","PRLA",0.023,0.262,2.831,4.676,0.02,0.004,0.007
"3942",2,"2017-04-12 15:15:00","PRLA",0.02,0.265,2.901,4.788,0.02,0.005,0.008
"3943",3,"2017-04-12 15:40:00","PRLA",0.019,0.235,2.987,5.238,0.02,0.01,0.013
"3944",4,"2017-05-03 14:00:00","PRLA",NA,0.046,2.5768,3.471,0.015,0.005,0.006
"3945",5,"2017-05-03 14:20:00","PRLA",0.014,0.017,2.5151,3.593,0.014,0.0065,0.008
"3946",6,"2017-05-03 14:45:00","PRLA",NA,0.036,2.5496,3.589,0.015,0.006,0.035
"3947",7,"2017-06-08 14:10:00","PRLA",0.015,0.037,2.698,3.532,0.004,0.019,0.143
"3948",8,"2017-06-08 14:45:00","PRLA",0.032,0.145,2.633,3.63,0.003,0.017,0.143
"3949",9,"2017-06-08 15:10:00","PRLA",0.013,0.062,2.709,3.876,0.015,0.018,0.14
"3950",10,"2017-07-06 14:05:00","PRLA",0.009,0.048,2.776,4.121,0.047,0.0155,0.2155
"3951",11,"2017-07-06 15:00:00","PRLA",NA,0.048,2.70233333333333,4.13533333333333,0.046,0.0045,0.213733333333333
"3952",12,"2017-07-06 15:00:00","PRLA",NA,0.048,2.70233333333333,4.13533333333333,0.046,0.0045,0.213733333333333
"3953",13,"2017-07-06 15:00:00","PRLA",NA,0.048,2.70233333333333,4.13533333333333,0.046,0.0045,0.213733333333333
"3954",14,"2017-07-06 15:25:00","PRLA",0.012,0.044,2.76,4.127,0.049,0.0234,0.027
"3955",15,"2017-08-03 14:15:00","PRLA",0.0437,0.0264,3.012,5.134,0.038,0.0055,0.3705
"3956",16,"2017-08-03 14:50:00","PRLA",0.0449,0.0274,3.03,5.127,0.038,0.025,0.3685
"3957",17,"2017-08-03 15:09:00","PRLA",0.0429,0.0217,4.983,3.013,0.039,0.0296,0.3927
"3958",18,"2017-09-06 13:50:00","PRLA",0.0181,0.0133,2.653,4.698,0.023,0.0016,0.476
"3959",19,"2017-09-06 14:15:00","PRLA",0.0559,0.0281,2.687,5.044,0.023,8e-04,0.409
"3960",20,"2017-09-06 14:30:00","PRLA",0.0179,0.0131,2.713,4.4,0.023,0.0047,0.009
"3961",21,"2017-10-19 14:25:00","PRLA",0.0146,0.1088,2.812,3.723,0.02,0.005,0.073
"3962",22,"2017-10-19 15:00:00","PRLA",0.0128,0.106,2.826,3.983,0.02,0.008,0.071
"3963",23,"2017-10-19 15:20:00","PRLA",0.0144,0.1046,2.866,3.742,0.02,0.006,0.082
"3964",24,"2017-11-01 14:49:00","PRLA",0.1126,0.1113,3.144,3.971,0.069,0.003,0.005
"3965",25,"2017-11-01 15:15:00","PRLA",0.0232,0.1525,3.153,3.944,0.021,0.019,0.021
"3966",26,"2017-11-01 15:37:00","PRLA",0.2516,0.1115,3.272,3.953,0.02,0.005,0.007
"3967",27,"2018-01-04 17:00:00","PRLA",0.0874,0.9108,5.288,NA,0.086,0.027,NA
"3968",28,"2018-02-13 16:45:00","PRLA",0.0611,0.6294,5.07,6.999,0.076,0.004,0.27
"3969",29,"2018-03-13 16:05:00","PRLA",0.0215,0.1423,4.268,8.122,NA,0.018,0.019
"3970",30,"2018-04-17 16:03:00","PRLA",0.0388,0.4703,4.846,7.271,0.04,0.0138,0.4647
"3971",31,"2018-05-01 16:26:00","PRLA",0.012,0.4075,3.777,5.174,0.016,5e-04,0.3035
"3972",32,"2018-06-05 15:40:00","PRLA",0.0053,NA,2.966,4.512,0.022,5e-04,0.0446
"3973",33,"2018-06-20 15:50:00","PRLA",0.0333,0.002,3.021,4.825,0.016,0.002,0.0988
"3974",34,"2018-07-05 15:20:00","PRLA",0.0037,0.3934,3.092,5.191,0.011,0.001,0.446
"3975",35,"2018-08-07 16:16:00","PRLA",0.013,NA,3.148,6.119,2.218,0.0131,0.2361
"3976",36,"2018-09-04 15:50:00","PRLA",0.0106,0.008,3.364,5.279,0.014,0.0124,0.4417
"3977",37,"2018-10-16 16:03:00","PRLA",0.0625,0.1746,3.563,5.366,0.029,0.0042,0.6706
"3978",38,"2018-10-30 16:07:00","PRLA",NA,0.185,3.64,7.397,NA,5e-04,0.006
"3979",39,"2018-12-04 16:42:00","PRLA",NA,1.248,5.272,7.809,0.316,0.028,0.3547
"3980",40,"2019-01-10 17:10:00","PRLA",NA,2.5772,7.042,8.61,0.08,0.011,0.605
"3981",41,"2019-02-11 17:55:00","PRLA",NA,3.7486,9.264,9.891,0.166,0.3229,0.5023
"3982",42,"2019-03-26 16:10:00","PRLA",NA,3.2607,8.882,6.712,0.562,0.0126,1.528
"3983",43,"2019-04-23 16:00:00","PRLA",NA,1.446,4.352,4.953,0.387,0.1171,0.405
"3984",44,"2019-05-07 16:10:00","PRLA",0.0895,0.028,3.062,3.798,0.023,5e-04,0.5812
"3985",45,"2019-06-04 15:25:00","PRLA",NA,0.0336,2.961,3.803,0.039,0.0065,0.3009
"3986",46,"2019-07-01 14:53:00","PRLA",0.039,1.390525,4.737,4.77433333333333,0.0992,0.11855,0.4246
"3987",47,"2019-07-01 14:53:00","PRLA",0.039,1.390525,4.737,4.77433333333333,0.0992,0.11855,0.4246
"3988",48,"2019-07-01 14:53:00","PRLA",0.039,1.390525,4.737,4.77433333333333,0.0992,0.11855,0.4246
"3989",49,"2019-07-01 14:53:00","PRLA",0.039,1.390525,4.737,4.77433333333333,0.0992,0.11855,0.4246
"3990",50,"2019-08-06 15:55:00","PRLA",0.20975,2.60435,5.008,5.07,0.2583,0.2445,0.3631
"3991",51,"2019-08-06 15:55:00","PRLA",0.20975,2.60435,5.008,5.07,0.2583,0.2445,0.3631
"3992",52,"2019-09-04 16:00:00","PRLA",0.717125,0.4686,3.83166666666667,3.87333333333333,0.139525,0.1735,0.375425
"3993",53,"2019-09-04 16:00:00","PRLA",0.717125,0.4686,3.83166666666667,3.87333333333333,0.139525,0.1735,0.375425
"3994",54,"2019-09-04 16:00:00","PRLA",0.717125,0.4686,3.83166666666667,3.87333333333333,0.139525,0.1735,0.375425
"3995",55,"2019-09-04 16:00:00","PRLA",0.717125,0.4686,3.83166666666667,3.87333333333333,0.139525,0.1735,0.375425
"3996",56,"2019-10-16 17:05:00","PRLA",0.2975,0.09235,2.556,2.664,0.1353,0.1206,0.33675
"3997",57,"2019-10-16 17:05:00","PRLA",0.2975,0.09235,2.556,2.664,0.1353,0.1206,0.33675
"3998",58,"2019-12-04 17:40:00","PRLA",0.2013,0.146733333333333,2.578,2.70333333333333,0.148466666666667,5e-04,0.187
"3999",59,"2019-12-04 17:40:00","PRLA",0.2013,0.146733333333333,2.578,2.70333333333333,0.148466666666667,5e-04,0.187
"4000",60,"2019-12-04 17:40:00","PRLA",0.2013,0.146733333333333,2.578,2.70333333333333,0.148466666666667,5e-04,0.187
"4001",61,"2020-01-09 15:12:00","PRLA",0.272,0.2272,2.873,2.981,0.1744,0.342,0.358
"4002",62,"2020-02-11 15:50:00","PRLA",0.2395,0.3873,3.111,3.15,0.1937,0.4,0.421
"4003",63,"2020-03-10 16:15:00","PRLA",0.1623,0.1917,2.672,2.584,0.189366666666667,0.00366666666666667,0.189
"4004",64,"2020-03-10 16:15:00","PRLA",0.1623,0.1917,2.672,2.584,0.189366666666667,0.00366666666666667,0.189
"4005",65,"2020-03-10 16:15:00","PRLA",0.1623,0.1917,2.672,2.584,0.189366666666667,0.00366666666666667,0.189
"4006",66,"2020-06-09 15:35:00","PRLA",0.0046,0.021,2.032,2.242,0.1649,0.2518,0.2808
"4007",67,"2020-06-30 15:22:00","PRLA",0.0013,0.0066,2.063,2.227,0.2544,0.3416,0.4063
"4008",68,"2020-08-04 15:07:00","PRLA",0.0013,0.119,2.675,3.507,0.0656,0.1655,0.3221
"4009",69,"2020-09-02 13:27:00","PRLA",0.0279,0.0955,2.79866666666667,4.069,0.0183,0.1153,0.3002
"4010",70,"2021-01-07 16:08:00","PRLA",8e-04,0.00716666666666667,2.91233333333333,3.946,0.0133333333333333,0.149533333333333,0.233133333333333
"4011",71,"2021-01-07 16:08:00","PRLA",8e-04,0.00716666666666667,2.91233333333333,3.946,0.0133333333333333,0.149533333333333,0.233133333333333
"4012",72,"2021-01-07 16:08:00","PRLA",8e-04,0.00716666666666667,2.91233333333333,3.946,0.0133333333333333,0.149533333333333,0.233133333333333
"4013",73,"2021-02-02 17:15:00","PRLA",3e-04,0.0053,3.003,3.822,0.0017,0.0148,0.2134
"4014",74,"2021-03-02 18:05:00","PRLA",9e-04,0.0077,3.504,3.752,0.0222,0.1428,0.1869
"4015",75,"2021-04-07 15:45:00","PRLA",2e-04,0.0051,2.6,3.798,0.0041,0.0856,0.2183
"4016",76,"2021-05-04 15:22:00","PRLA",1e-04,0.0038,2.633,3.136,7e-04,0.0942,0.207
"4017",77,"2021-06-01 15:30:00","PRLA",0.0014,0.0062,2.446,2.721,NA,0.0498,0.1309
"4018",78,"2021-06-14 16:17:00","PRLA",0.0016,0.0186,2.785,3.4,0.0481,0.1622,0.2813
"4019",79,"2021-08-03 15:38:00","PRLA",0.0021,0.011,3.078,4.936,0.0445,0.1183,0.4455
"4020",80,"2021-09-07 14:59:00","PRLA",0.0014,0.0051,3.23,5.723,0.0012,0.1001,0.1856
"4021",81,"2021-10-12 13:33:00","PRLA",0.002,0.0068,3.849,5.26,0.0041,0.1329,0.177
"4022",82,"2021-11-02 15:04:00","PRLA",0.0085,0.007,3.175,5.086,0.0016,0.0638,0.3204
"4023",83,"2021-12-14 16:20:00","PRLA",0.0822,0.2398,3.725,4.111,1e-04,0.0676,0.1521
"4024",84,"2022-01-04 16:53:00","PRLA",0.0698,0.3636,4.203,4.433,0.0109,0.1457,0.2281
"4025",85,"2022-02-08 17:15:00","PRLA",0.0042,0.9667,5.826,5.818,0.071,0.1795,0.2883
"4026",86,"2022-03-08 16:30:00","PRLA",0.0085,0.1961,5.374,6.403,0.0038,0.1074,0.3398
"4027",87,"2022-04-26 15:29:00","PRLA",0.0012,0.0078,2.676,3.247,0.0011,0.002,0.2058
"4028",88,"2022-05-03 15:21:00","PRLA",7e-04,0.0046,NA,NA,0.0023,0.0649,0.2017
"4029",89,"2022-06-27 14:56:00","PRLA",4e-04,0.0011,2.418,3.849,6e-04,0.0499,0.266
"4030",90,"2022-07-12 13:28:00","PRLA",0.00746666666666667,0.0142333333333333,NA,NA,0.0379666666666667,0.2827,0.3625
"4031",91,"2022-07-12 13:28:00","PRLA",0.00746666666666667,0.0142333333333333,NA,NA,0.0379666666666667,0.2827,0.3625
"4032",92,"2022-07-12 13:28:00","PRLA",0.00746666666666667,0.0142333333333333,NA,NA,0.0379666666666667,0.2827,0.3625
"4033",93,"2022-08-02 14:33:00","PRLA",0.0013,0.003,2.817,4.228,0.013,0.1059,0.3701
"4034",94,"2022-09-06 14:44:00","PRLA",0.0018,0.0157,2.613,4.624,5e-04,0.0412,0.3807
"4035",95,"2022-10-18 15:41:00","PRLA",6e-04,0.005,3.085,4.577,0.004,0.0781,0.2399
"4036",96,"2022-11-01 16:08:00","PRLA",0.000833333333333333,0.00673333333333333,3.08333333333333,4.31166666666667,NA,0.0643333333333333,0.190533333333333
"4037",97,"2022-11-01 16:08:00","PRLA",0.000833333333333333,0.00673333333333333,3.08333333333333,4.31166666666667,NA,0.0643333333333333,0.190533333333333
"4038",98,"2022-11-01 16:08:00","PRLA",0.000833333333333333,0.00673333333333333,3.08333333333333,4.31166666666667,NA,0.0643333333333333,0.190533333333333
"4039",99,"2022-11-29 18:26:00","PRLA",0.0043,0.1655,3.339,4.174,0.0031,0.0736,0.1742
"4040",100,"2023-01-03 17:12:00","PRLA",1e-04,1.0816,4.644,5.384,0.0177,0.0943,0.2408
"4041",101,"2023-02-07 16:40:00","PRLA",0.0023,2.1344,6.035,6.841,0.1513,0.2265,0.336
"4042",102,"2023-03-20 16:29:00","PRLA",NA,5.9486,7.162,7.821,0.2858,0.3767,0.4191
"4043",103,"2023-05-16 15:30:00","PRLA",0.0026,0.0148,2.206,2.659,0.0127,0.0392,0.156
"4044",104,"2023-06-06 13:30:00","PRLA",0.0027,0.0186,NA,NA,0.0022,0.0328,0.1332
"4045",105,"2023-06-20 19:03:00","PRLA",0.0024,0.015,2.448,3.399,0.0012,0.0305,0.1546
"4046",106,"2023-08-08 15:47:00","PRLA",0.0127,0.0121,2.561,3.542,0.0026,0.0831,0.2366
"4047",107,"2023-09-06 15:41:00","PRLA",0.113166666666667,0.0212666666666667,2.38266666666667,3.18833333333333,0.00996666666666667,0.0611333333333333,0.227533333333333
"4048",108,"2023-09-06 15:41:00","PRLA",0.113166666666667,0.0212666666666667,2.38266666666667,3.18833333333333,0.00996666666666667,0.0611333333333333,0.227533333333333
"4049",109,"2023-09-06 15:41:00","PRLA",0.113166666666667,0.0212666666666667,2.38266666666667,3.18833333333333,0.00996666666666667,0.0611333333333333,0.227533333333333
"4050",110,"2023-10-17 14:51:00","PRLA",6e-04,0.0068,2.481,3.741,0.0042,0.0742,0.2164
"4051",111,"2023-11-14 16:24:00","PRLA",0.0035,0.0054,2.5633,3.57,0.0019,0.0434,0.138
"4052",112,"2023-12-19 16:21:00","PRLA",0.0063,0.0114,2.55,3.57,0.0055,0.0658,0.1377
"4053",113,"2024-01-02 16:32:00","PRLA",0.0052,0.0065,2.8,3.71,0.0046,0.0642,0.1611
"4054",114,"2024-02-07 16:35:00","PRLA",0.0267,0.0054,2.12,3.07,0.0018,0.047,0.1824
"4055",115,"2024-03-06 15:45:00","PRLA",0.0016,0.013,2.72,3.69,0.0242,0.1021,0.2015
"4056",116,"2024-04-22 14:35:00","PRLA",0.0017,0.0135,2.45,3.63,0.0023,0.051,0.1937
"4057",117,"2024-05-14 15:52:00","PRLA",0.0031,0.0192,2.81,3.61,0.0213,0.103,0.1568
"4058",118,"2024-06-11 14:43:00","PRLA",0.0044,0.0502,2.64,2.68,0.0033,0.0448,0.1489
"4059",119,"2024-07-08 14:07:00","PRLA",0.00416666666666667,0.0257,2.67333333333333,2.69,0.00463333333333333,0.0406666666666667,0.152633333333333
"4060",120,"2024-07-08 14:07:00","PRLA",0.00416666666666667,0.0257,2.67333333333333,2.69,0.00463333333333333,0.0406666666666667,0.152633333333333
"4061",121,"2024-07-08 14:07:00","PRLA",0.00416666666666667,0.0257,2.67333333333333,2.69,0.00463333333333333,0.0406666666666667,0.152633333333333
"4062",122,"2024-08-12 14:23:00","PRLA",0.0068,0.0908,2.81,3.41,0.019,0.1014,0.2035
"4063",123,"2024-09-03 15:24:00","PRLA",0.0105,0.0498,3.08,3.68,0.0209,0.1042,0.234
"4064",124,"2024-10-22 20:20:00","PRLA",0.0037,0.0256,2.95,3.46,0.0021,0.0464,0.2542
"4065",125,"2024-11-18 16:55:00","PRLA",0.0136,0.0606,2.6,3.24,0.0012,0.0671,0.1895
"4066",126,"2024-12-09 15:57:00","PRLA",0.0385,0.6513,3.88,2.71,0.0024,0.0638,0.11
"4067",127,"2025-01-14 16:30:00","PRLA",0.0344,0.408,4.52,4.82,9e-04,0.0618,0.1592
"4068",128,"2025-02-10 17:00:00","PRLA",0.0064,0.5704,4.88,4.36,0.0017,0.0667,0.2027
"4069",129,"2025-03-17 15:00:00","PRLA",0.0018,0.0041,1.05,1.44,0.0022,0.0296,0.1174
"4070",130,"2025-04-22 13:52:00","PRLA",0.0224,0.0062,2.67,3.95,0.0033,0.0579,0.2255
"4071",131,"2025-05-06 14:52:00","PRLA",0.0197,0.0067,2.73,3.78,0.0047,0.0634,0.1915
"4072",132,"2025-06-17 16:09:00","PRLA",0.0296,0.0262,2.37,2.81,0.002,0.0518,0.1566
"4073",133,"2025-06-30 15:15:00","PRLA",0.0265,0.0271333333333333,2.3911,2.85833333333333,0.00516666666666667,0.0503,0.172866666666667
"4074",134,"2025-06-30 15:15:00","PRLA",0.0265,0.0271333333333333,2.3911,2.85833333333333,0.00516666666666667,0.0503,0.172866666666667
"4075",135,"2025-06-30 15:15:00","PRLA",0.0265,0.0271333333333333,2.3911,2.85833333333333,0.00516666666666667,0.0503,0.172866666666667
"4076",136,"2025-08-06 13:29:00","PRLA",0.0226,0.0225,2.2267,3.9067,0.0021,0.0387,0.2577
"4077",137,"2025-09-08 14:40:00","PRLA",0.002,0.008,2.3433,4.4067,0.0047,0.0431,0.2543
"4078",138,"2025-10-22 18:34:00","PRLA",0.0467,0.0581,2.44,3.03,0.0027,0.046,0.235
"4079",139,"2025-11-18 19:17:00","PRLA",0.0134,0.0377,2.83,4.55,0.008,0.0753,0.2218
"4080",140,"2025-12-08 17:15:00","PRLA",0.032,0.1521,3.06,4.09,0.0031,0.0509,0.1277
"4081",1,"2017-04-11 14:10:00","PRPO",0.019,0.681,3.167,3.435,0.019,0.008,0.012
"4082",2,"2017-04-11 14:50:00","PRPO",0.028,0.666,2.95,3.481,0.018,0.005,0.007
"4083",3,"2017-04-11 15:20:00","PRPO",0.035,0.593,2.785,3.395,0.02,0.013,0.015
"4084",4,"2017-05-02 13:45:00","PRPO",0.011,0.074,2.1591,3.417,0.017,0.0195,0.025
"4085",5,"2017-05-02 14:10:00","PRPO",0.011,0.036,2.1878,2.869,0.017,0.0315,0.038
"4086",6,"2017-05-02 14:35:00","PRPO",NA,0.032,2.1975,3.322,0.014,0.0145,0.016
"4087",7,"2017-06-06 14:00:00","PRPO",0.016,0.063,2.427,2.972,0.002,0.008,0.109
"4088",8,"2017-06-06 14:35:00","PRPO",0.014,0.085,2.514,3.261,0.006,0.005,0.094
"4089",9,"2017-06-06 15:00:00","PRPO",0.016,0.092,2.473,3.339,0.001,0.012,0.046
"4090",10,"2017-07-05 14:05:00","PRPO",0.008,0.027,2.387,2.787,0.024,0.01,0.015
"4091",11,"2017-07-05 14:40:00","PRPO",NA,0.098,2.379,2.74766666666667,0.023,0.0045,0.014
"4092",12,"2017-07-05 14:40:00","PRPO",NA,0.098,2.379,2.74766666666667,0.023,0.0045,0.014
"4093",13,"2017-07-05 14:40:00","PRPO",NA,0.098,2.379,2.74766666666667,0.023,0.0045,0.014
"4094",14,"2017-07-05 14:55:00","PRPO",0.009,0.051,2.336,2.786,0.023,5e-04,0.004
"4095",15,"2017-08-02 13:55:00","PRPO",0.0463,0.0588,2.847,3.461,0.028,0.002,0.1809
"4096",16,"2017-08-02 14:24:00","PRPO",0.0472,0.1263,2.92,3.285,0.037,0.0204,0.1797
"4097",17,"2017-08-02 14:50:00","PRPO",0.0444,0.1365,2.871,3.026,0.028,0.008,0.1642
"4098",18,"2017-09-05 13:45:00","PRPO",0.0243,0.0177,2.982,3.35,0.023,0.0016,0.3361
"4099",19,"2017-09-05 14:05:00","PRPO",0.0246,0.0147,2.764,3.284,0.024,0.0032,0.221
"4100",20,"2017-09-05 14:27:00","PRPO",0.0259,0.0334,2.786,3.03,0.024,0.0162,0.261
"4101",21,"2017-10-17 13:45:00","PRPO",0.0343,0.1189,2.759,3.006,0.009,0.006,0.026
"4102",22,"2017-10-17 14:15:00","PRPO",0.0305,0.1051,2.74,3.04,0.007,0.006,0.023
"4103",23,"2017-10-17 14:49:00","PRPO",0.0119,0.1218,2.85,3.015,0.033,0.006,0.029
"4104",24,"2017-10-31 14:55:00","PRPO",0.1997,0.1071,2.87,3.386,0.023,0.01,0.053
"4105",25,"2017-10-31 15:24:00","PRPO",0.0222,0.1757,2.829,4.078,0.041,0.01,0.054
"4106",26,"2017-10-31 15:46:00","PRPO",0.0307,0.1163,2.851,3.144,0.015,0.012,0.057
"4107",27,"2018-01-02 17:20:00","PRPO",NA,NA,NA,4.666,NA,NA,0.024
"4108",28,"2018-02-13 15:50:00","PRPO",0.0932,0.2752,4.361,5.415,0.077,0.006,0.063
"4109",29,"2018-03-13 14:55:00","PRPO",0.0762,0.086,3.511,5.684,3.507,0.007,0.009
"4110",30,"2018-04-17 15:05:00","PRPO",0.0288,0.474,4.25,5.225,0.03,0.0065,0.08
"4111",31,"2018-05-01 14:20:00","PRPO",0.0267,0.334,2.804,3.237,0.022,5e-04,0.1488
"4112",32,"2018-06-05 14:05:00","PRPO",NA,0.0053,2.625,2.877,0.019,5e-04,0.0475
"4113",33,"2018-06-20 14:14:00","PRPO",0.0045,0.0162,2.742,2.825,0.034,0.0184,0.0809
"4114",34,"2018-07-05 13:55:00","PRPO",0.0018,NA,2.892,3.098,0.239,5e-04,0.185
"4115",35,"2018-08-07 13:46:00","PRPO",0.0142,0.0137,2.765,3.064,0.383,0.0102,0.0441
"4116",36,"2018-09-04 14:30:00","PRPO",0.0301,NA,2.982,3.435,0.121,0.0028,0.015
"4117",37,"2018-10-16 14:00:00","PRPO",0.032,0.284,3.333,3.774,0.055,5e-04,0.212
"4118",38,"2018-10-30 14:55:00","PRPO",NA,0.1756,3.343,3.41,0.015,5e-04,0.005
"4119",39,"2018-12-04 15:45:00","PRPO",NA,0.267,3.469,3.919,1.196,0.002,0.0905
"4120",40,"2019-01-10 16:05:00","PRPO",NA,0.4567,3.905,4.573,0.319,0.007,0.1113
"4121",41,"2019-02-11 16:35:00","PRPO",0.0901,0.6013,4.737,5.819,0.216,0.001,0.008
"4122",42,"2019-03-26 14:48:00","PRPO",NA,1.2079,6.068,9.866,1.729,0.226,0.308
"4123",43,"2019-04-23 14:25:00","PRPO",0.0041,0.0755,1.152,1.389,0.038,0.0096,0.1431
"4124",44,"2019-05-07 14:40:00","PRPO",0.0119,0.0727,2.286,2.545,0.023,0.0025,0.3149
"4125",45,"2019-06-04 13:39:00","PRPO",NA,0.0403,2.313,2.764,0.032,5e-04,0.2877
"4126",46,"2019-07-01 13:26:00","PRPO",0.015825,2.947825,4.822,4.94966666666667,0.1038,0.1358,0.4122
"4127",47,"2019-07-01 13:26:00","PRPO",0.015825,2.947825,4.822,4.94966666666667,0.1038,0.1358,0.4122
"4128",48,"2019-07-01 13:26:00","PRPO",0.015825,2.947825,4.822,4.94966666666667,0.1038,0.1358,0.4122
"4129",49,"2019-07-01 13:26:00","PRPO",0.015825,2.947825,4.822,4.94966666666667,0.1038,0.1358,0.4122
"4130",50,"2019-08-06 14:15:00","PRPO",0.06565,0.02825,2.407,2.884,0.0159,0.0499,0.6261
"4131",51,"2019-08-06 14:15:00","PRPO",0.06565,0.02825,2.407,2.884,0.0159,0.0499,0.6261
"4132",52,"2019-09-04 13:55:00","PRPO",0.005725,0.047475,2.59266666666667,3.00666666666667,NA,0.027025,0.3443
"4133",53,"2019-09-04 13:55:00","PRPO",0.005725,0.047475,2.59266666666667,3.00666666666667,NA,0.027025,0.3443
"4134",54,"2019-09-04 13:55:00","PRPO",0.005725,0.047475,2.59266666666667,3.00666666666667,NA,0.027025,0.3443
"4135",55,"2019-09-04 13:55:00","PRPO",0.005725,0.047475,2.59266666666667,3.00666666666667,NA,0.027025,0.3443
"4136",56,"2019-10-16 14:32:00","PRPO",0.0074,0.0635,2.119,2.571,0.0273,0.0513,0.22965
"4137",57,"2019-10-16 14:32:00","PRPO",0.0074,0.0635,2.119,2.571,0.0273,0.0513,0.22965
"4138",58,"2019-12-03 16:35:00","PRPO",0.0435333333333333,0.4868,2.81766666666667,2.856,0.0232666666666667,0.0336666666666667,0.108333333333333
"4139",59,"2019-12-03 16:35:00","PRPO",0.0435333333333333,0.4868,2.81766666666667,2.856,0.0232666666666667,0.0336666666666667,0.108333333333333
"4140",60,"2019-12-03 16:35:00","PRPO",0.0435333333333333,0.4868,2.81766666666667,2.856,0.0232666666666667,0.0336666666666667,0.108333333333333
"4141",61,"2020-01-07 17:51:00","PRPO",0.0093,0.7338,3.184,3.345,0.0378,0.205,0.281
"4142",62,"2020-02-04 15:30:00","PRPO",NA,1.479,3.606,3.599,0.1121,0.296,0.301
"4143",63,"2020-03-10 14:50:00","PRPO",0.0099,1.02823333333333,3.27166666666667,3.29833333333333,0.0892333333333333,0.0123333333333333,0.261333333333333
"4144",64,"2020-03-10 14:50:00","PRPO",0.0099,1.02823333333333,3.27166666666667,3.29833333333333,0.0892333333333333,0.0123333333333333,0.261333333333333
"4145",65,"2020-03-10 14:50:00","PRPO",0.0099,1.02823333333333,3.27166666666667,3.29833333333333,0.0892333333333333,0.0123333333333333,0.261333333333333
"4146",66,"2020-06-09 13:47:00","PRPO",0.0084,0.4219,2.372,2.548,0.0472,0.1252,0.2872
"4147",67,"2020-06-30 13:47:00","PRPO",0.0015,0.0252,2.076,4.22866666666667,0.0014,0.072,0.2161
"4148",68,"2020-08-04 13:57:00","PRPO",0.0127,0.047,2.317,2.601,0.001,0.0811,0.1442
"4149",69,"2020-09-01 13:32:00","PRPO",0.0282,0.2359,2.47466666666667,2.61833333333333,0.0091,0.1062,0.1482
"4150",70,"2021-01-05 15:54:00","PRPO",0.121033333333333,0.00783333333333333,3.048,3.59333333333333,0.0037,0.0959,0.121566666666667
"4151",71,"2021-01-05 15:54:00","PRPO",0.121033333333333,0.00783333333333333,3.048,3.59333333333333,0.0037,0.0959,0.121566666666667
"4152",72,"2021-01-05 15:54:00","PRPO",0.121033333333333,0.00783333333333333,3.048,3.59333333333333,0.0037,0.0959,0.121566666666667
"4153",73,"2021-02-02 15:41:00","PRPO",0.1732,0.0619,2.876,3.423,0.0097,0.0155,0.1268
"4154",74,"2021-03-02 16:44:00","PRPO",0.0014,0.0071,3.122,3.383,0.0061,0.1034,0.1377
"4155",75,"2021-04-07 13:52:00","PRPO",0.0014,0.0061,2.305,2.588,0.0131,0.1156,0.1318
"4156",76,"2021-05-04 13:54:00","PRPO",0.0014,0.0069,2.444,2.7,0.0075,0.1158,0.1168
"4157",77,"2021-06-01 14:04:00","PRPO",0.0102,0.0062,2.773,2.962,0.0142,0.0849,0.1991
"4158",78,"2021-06-14 14:52:00","PRPO",0.0043,0.0102,2.556,2.767,0.0034,0.0703,0.126
"4159",79,"2021-08-03 14:00:00","PRPO",0.0014,0.005,2.776,3.407,0.0132,0.069,0.1497
"4160",80,"2021-09-07 13:49:00","PRPO",0.0023,0.0064,2.967,3.452,0.0039,0.0999,0.1988
"4161",81,"2021-10-20 13:52:00","PRPO",6e-04,0.0069,2.997,3.072,0.0044,0.088,0.174
"4162",82,"2021-11-02 13:30:00","PRPO",0.002,0.0351,2.819,3.077,0.0035,0.0873,0.1274
"4163",83,"2021-12-14 15:00:00","PRPO",0.0171,0.3394,3.201,3.591,4e-04,0.0652,0.1085
"4164",84,"2022-01-04 15:20:00","PRPO",0.0281,0.5898,3.884,4.157,0.0111,0.1099,0.1141
"4165",85,"2022-02-08 15:20:00","PRPO",0.0582,1.0056,5.151,6.087,2e-04,0.087,0.1606
"4166",86,"2022-03-08 15:00:00","PRPO",0.1411,0.6979,4.792,5.766,0.002,0.1304,0.1598
"4167",87,"2022-05-03 13:52:00","PRPO",0.0083,0.007,NA,NA,0.0075,0.0559,0.1311
"4168",88,"2022-06-01 13:42:00","PRPO",0.0014,0.0046,2.07,NA,0.0084,0.0578,0.1148
"4169",89,"2022-07-05 14:39:00","PRPO",0.00746666666666667,0.2484,2.49966666666667,2.847,0.00876666666666667,0.0814666666666667,0.121433333333333
"4170",90,"2022-07-05 14:39:00","PRPO",0.00746666666666667,0.2484,2.49966666666667,2.847,0.00876666666666667,0.0814666666666667,0.121433333333333
"4171",91,"2022-07-05 14:39:00","PRPO",0.00746666666666667,0.2484,2.49966666666667,2.847,0.00876666666666667,0.0814666666666667,0.121433333333333
"4172",92,"2022-08-02 13:26:00","PRPO",6e-04,0.0062,2.28,2.516,0.0135,0.0673,0.1727
"4173",93,"2022-09-06 13:40:00","PRPO",7e-04,0.0043,2.285,2.722,0.0033,0.0417,0.1056
"4174",94,"2022-10-18 14:54:00","PRPO",4e-04,0.0054,2.679,2.927,0.0041,0.0509,0.0782
"4175",95,"2022-11-01 15:01:00","PRPO",NA,0.00813333333333333,2.695,3.048,0.000733333333333333,0.0318,0.0766
"4176",96,"2022-11-01 15:01:00","PRPO",NA,0.00813333333333333,2.695,3.048,0.000733333333333333,0.0318,0.0766
"4177",97,"2022-11-01 15:01:00","PRPO",NA,0.00813333333333333,2.695,3.048,0.000733333333333333,0.0318,0.0766
"4178",98,"2022-11-29 16:30:00","PRPO",0.0017,0.1133,2.635,2.888,0.0033,0.0373,0.1016
"4179",99,"2023-01-03 15:50:00","PRPO",0.0032,0.258,3.241,3.642,0.0018,0.0367,0.1035
"4180",100,"2023-02-07 15:40:00","PRPO",0.0227,0.5197,3.853,4.236,1e-04,0.0399,0.1044
"4181",101,"2023-03-20 15:14:00","PRPO",NA,1.2085,5.453,5.851,0.0041,0.0552,0.0798
"4182",102,"2023-05-16 13:27:00","PRPO",0.0013,0.0013,1.26,1.469,8e-04,0.0173,0.0444
"4183",103,"2023-06-06 15:26:00","PRPO",0.0044,0.0395,NA,2.054,2e-04,0.0549,0.0564
"4184",104,"2023-06-20 20:18:00","PRPO",0.0023,0.086,2.219,2.395,0.0019,0.0201,0.0606
"4185",105,"2023-08-08 13:46:00","PRPO",0.065,0.0214,1.999,2.617,0.0017,0.0454,0.0757
"4186",106,"2023-09-06 14:31:00","PRPO",0.0116666666666667,0.0133666666666667,2.015,2.02466666666667,0.0177,0.0856333333333333,0.0863666666666667
"4187",107,"2023-09-06 14:31:00","PRPO",0.0116666666666667,0.0133666666666667,2.015,2.02466666666667,0.0177,0.0856333333333333,0.0863666666666667
"4188",108,"2023-09-06 14:31:00","PRPO",0.0116666666666667,0.0133666666666667,2.015,2.02466666666667,0.0177,0.0856333333333333,0.0863666666666667
"4189",109,"2023-10-17 13:32:00","PRPO",0.002,0.0038,1.93,2.18,0.0016,0.0606,0.0693
"4190",110,"2023-11-14 15:24:00","PRPO",0.0026,0.0801,2.36,3.89,0.0045,0.0281,0.0531
"4191",111,"2023-12-11 16:25:00","PRPO",0.0032,0.1175,2.4,2.81,0.0017,0.0246,0.0503
"4192",112,"2024-01-03 16:21:00","PRPO",0.005,0.2025,2.52,3.03,0.0011,0.0238,0.0522
"4193",113,"2024-02-06 16:11:00","PRPO",0.011,0.197,2.88,3.41,0.0075,0.0408,0.0495
"4194",114,"2024-03-05 15:47:00","PRPO",0.016,0.1166,2.48,2.8,0.0022,0.03,0.0859
"4195",115,"2024-05-14 13:59:00","PRPO",0.0046,0.0317,2.11,2.71,0.0068,0.0428,0.0812
"4196",116,"2024-06-11 13:22:00","PRPO",0.0026,0.0463,1.86,2.13,0.0056,0.0339,0.0878
"4197",117,"2024-07-09 13:33:00","PRPO",0.00506666666666667,0.0173333333333333,1.79666666666667,2.19,0.00573333333333333,0.0333333333333333,0.0608
"4198",118,"2024-07-09 13:33:00","PRPO",0.00506666666666667,0.0173333333333333,1.79666666666667,2.19,0.00573333333333333,0.0333333333333333,0.0608
"4199",119,"2024-07-09 13:33:00","PRPO",0.00506666666666667,0.0173333333333333,1.79666666666667,2.19,0.00573333333333333,0.0333333333333333,0.0608
"4200",120,"2024-08-13 14:10:00","PRPO",0.001,0.0053,1.77,2.65,3e-04,0.0547,0.0583
"4201",121,"2024-09-03 13:57:00","PRPO",0.0053,0.0454,1.88,2.62,0.0012,0.0579,0.0661
"4202",122,"2024-10-22 15:11:00","PRPO",0.0048,0.0331,1.92,2.15,0.0014,0.048,0.0679
"4203",123,"2024-11-18 15:45:00","PRPO",0.0089,0.146,2.09,2.95,0.0033,0.0548,0.0675
"4204",124,"2024-12-10 15:49:00","PRPO",0.0357,0.2856,2.28,2.3,0.0038,0.0534,0.0707
"4205",125,"2025-01-15 16:25:00","PRPO",0.0168,0.509,2.97,2.75,0.0048,0.0488,0.0724
"4206",126,"2025-02-24 16:49:00","PRPO",0.0256,0.142,2.79,3.43,9e-04,0.0574,0.0793
"4207",127,"2025-03-18 15:14:00","PRPO",0.0201,0.2807,2.58,2.28,0.0049,0.0387,0.0798
"4208",128,"2025-04-21 18:54:00","PRPO",0.025,0.1097,2.14,2.47,0.003,0.0293,0.0671
"4209",129,"2025-05-13 13:44:00","PRPO",0.0051,0.0055,2.23,2.38,0.0027,0.0312,0.0748
"4210",130,"2025-06-17 14:59:00","PRPO",0.0098,0.0166,1.8333,1.87,0.0025,0.0215,0.0537
"4211",131,"2025-07-01 14:11:00","PRPO",0.0167,0.0275666666666667,1.73113333333333,1.8611,0.00183333333333333,0.0213333333333333,0.0703666666666667
"4212",132,"2025-07-01 14:11:00","PRPO",0.0167,0.0275666666666667,1.73113333333333,1.8611,0.00183333333333333,0.0213333333333333,0.0703666666666667
"4213",133,"2025-07-01 14:11:00","PRPO",0.0167,0.0275666666666667,1.73113333333333,1.8611,0.00183333333333333,0.0213333333333333,0.0703666666666667
"4214",134,"2025-08-06 14:40:00","PRPO",0.0034,0.0117,1.8333,2.12,0.0039,0.0284,0.074
"4215",135,"2025-09-09 14:29:00","PRPO",0.0338,0.0368,1.74,2.2933,0.0015,0.0212,0.0659
"4216",136,"2025-10-21 14:48:00","PRPO",0.0439,0.0791,1.75,1.66,0.0012,0.018,0.0554
"4217",137,"2025-11-17 16:47:00","PRPO",0.003,0.067,1.92,2.04,0.0025,0.0247,0.0461
"4218",138,"2025-12-08 18:52:00","PRPO",0.0041,0.1909,2.06,2.38,0.0011,0.0224,0.0491
"4219",1,"2017-04-06 15:40:00","ARIK",NA,0.007,0.3231,0.3593,0.024,0.008,0.011
"4220",2,"2017-04-12 14:50:00","ARIK",0.006,NA,0.3332,0.389,0.02,0.008,0.012
"4221",3,"2017-04-18 15:20:00","ARIK",NA,NA,0.4067,0.4375,0.02,0.027,0.032
"4222",4,"2017-04-26 17:37:00","ARIK",0.004,0.054,0.3459,0.3843,0.021,0.0195,0.023
"4223",5,"2017-05-02 17:36:00","ARIK",0.001,0.041,0.3731,0.3137,0.019,0.0155,0.018
"4224",6,"2017-05-16 15:40:00","ARIK",NA,0.031,0.3549,0.3237,0.012,0.0155,0.017
"4225",7,"2017-05-31 17:19:00","ARIK",0.016,0.081,0.3579,0.3524,0.001,0.003,0.005
"4226",8,"2017-06-06 16:20:00","ARIK",0.018,0.035,0.3732,0.3737,0.002,0.022,0.024
"4227",9,"2017-07-05 17:49:00","ARIK",0.022,0.063,0.3226,0.3463,0.028,0.0053,0.009
"4228",10,"2017-07-19 14:40:00","ARIK",0.012,0.083,0.3377,0.358,0.029,0.002,0.091
"4229",11,"2017-08-01 14:33:00","ARIK",0.0461,0.0264,0.3314,0.3237,0.04,0.0342,0.036
"4230",12,"2017-08-16 16:30:00","ARIK",0.0455,0.0422,0.2023,0.2062,0.03,0.0043,0.1038
"4231",13,"2017-09-05 17:45:00","ARIK",0.0193,0.043,0.3817,0.4644,0.028,0.0247,0.031
"4232",14,"2017-10-12 11:19:00","ARIK",0.0273,0.1122,0.3118,0.2938,0.013,0.008,0.021
"4233",15,"2017-10-24 17:15:00","ARIK",NA,0.10505,0.18295,0.1591,0.0235,0.0115,0.0325
"4234",16,"2017-10-24 17:15:00","ARIK",NA,0.10505,0.18295,0.1591,0.0235,0.0115,0.0325
"4235",17,"2017-11-07 16:40:00","ARIK",0.0261,0.1173,0.1843,0.2476,0.01,0.012,0.014
"4236",18,"2017-11-30 16:54:00","ARIK",7e-04,0.1154,NA,NA,0.01,0.022,0.026
"4237",19,"2017-12-05 16:20:00","ARIK",0.0123,0.1123,NA,0.0099,0.013,0.021,0.0035
"4238",20,"2017-12-20 18:08:00","ARIK",0.0062,0.1008,0.1715,0.2046,0.011,0.009,0.012
"4239",21,"2018-01-04 17:12:00","ARIK",0.0955,0.1102,0.2874,0.3561,0.045,0.026,0.028
"4240",22,"2018-01-18 16:24:00","ARIK",0.0457,0.0875,0.207,0.2424,0.059,0.001,0.002
"4241",23,"2018-02-07 17:30:00","ARIK",0.0201,0.0862,0.2462,0.2463,0.071,0.007,0.009
"4242",24,"2018-02-15 15:51:00","ARIK",0.0186,0.091,0.1417,0.1404,0.05,0.002,0.003
"4243",25,"2018-02-28 15:39:00","ARIK",2.5479,NA,0.2212,0.2045,0.004,0.004,0.005
"4244",26,"2018-03-06 16:01:00","ARIK",0.0045,NA,0.1406,0.1675,0.007,0.014,0.0304
"4245",27,"2018-03-13 14:20:00","ARIK",0.0016,NA,0.1529,0.1723,0.075,0.007,0.008
"4246",28,"2018-03-27 16:55:00","ARIK",0.0027,NA,1.563,1.425,0.082,0.011,0.012
"4247",29,"2018-04-03 17:43:00","ARIK",0.0185,NA,1.054,1.082,0.063,0.0142,0.0216
"4248",30,"2018-04-18 17:45:00","ARIK",0.012,0.0133,0.4411,0.4301,0.03,0.0276,0.031
"4249",31,"2018-05-01 14:20:00","ARIK",NA,0.034,0.5029,0.522,0.017,0.0018,0.0628
"4250",32,"2018-05-09 15:34:00","ARIK",NA,0.016,0.5146,0.5332,0.938,0.0076,0.015
"4251",33,"2018-05-15 17:57:00","ARIK",0.0099,0.018,0.5361,0.5539,0.016,0.0024,0.0979
"4252",34,"2018-05-30 17:15:00","ARIK",0.0154,0.0032,0.3329,0.3825,0.025,5e-04,0.0593
"4253",35,"2018-06-06 13:29:00","ARIK",0.0164,0.019,0.2582,0.2609,0.038,5e-04,0.0678
"4254",36,"2018-06-13 15:36:00","ARIK",0.0187,0.0185,0.2436,0.2867,0.022,0.0221,0.026
"4255",37,"2018-07-02 18:29:00","ARIK",0.0015,NA,0.4745,0.5017,0.014,0.016,0.034
"4256",38,"2018-07-12 15:53:00","ARIK",0.0329,0.0367,0.3217,0.3757,0.015,0.012,0.14
"4257",39,"2018-07-18 15:18:00","ARIK",0.028,0.0332,0.3016,0.3987,0.018,0.02,0.076
"4258",40,"2018-08-07 14:19:00","ARIK",0.0305,0.0203,0.3634,0.7597,0.013,0.0037,0.2339
"4259",41,"2018-08-20 16:50:00","ARIK",0.0034,0.0123,0.3754,0.4361,0.018,0.0154,0.1221
"4260",42,"2018-09-04 17:15:00","ARIK",0.0182,0.0075,0.349,0.5408,0.017,0.0079,0.01
"4261",43,"2018-10-02 15:24:00","ARIK",0.0239,0.0655,0.3246,1.551,0.046,5e-04,0.0893
"4262",44,"2018-11-06 16:25:00","ARIK",NA,NA,0.4119,0.4236,NA,0.0065,0.0307
"4263",45,"2018-12-04 16:14:00","ARIK",NA,0.005,0.0688,0.0926,0.311,0.005,0.02
"4264",46,"2018-12-19 16:15:00","ARIK",NA,NA,0.1883,0.2856,NA,0.007,0.2226
"4265",47,"2019-01-03 16:00:00","ARIK",NA,0.1304,0.2532,0.3005,NA,0.004,0.2685
"4266",48,"2019-01-21 18:57:00","ARIK",NA,0.0161,0.2814,0.2492,0.236,0.006,0.027
"4267",49,"2019-02-05 18:04:00","ARIK",NA,0.0477,0.2968,0.295,0.133,0.0043,0.0249
"4268",50,"2019-02-14 18:20:00","ARIK",NA,0.0597,0.2521,0.2791,0.181,0.014,0.0288
"4269",51,"2019-02-27 15:59:00","ARIK",NA,0.0845,0.2636,0.3364,0.042,0.024,0.055
"4270",52,"2019-03-05 17:58:00","ARIK",NA,0.0754,0.261933333333333,0.2713,0.0946666666666667,5e-04,0.132666666666667
"4271",53,"2019-03-05 17:58:00","ARIK",NA,0.0754,0.261933333333333,0.2713,0.0946666666666667,5e-04,0.132666666666667
"4272",54,"2019-03-05 17:58:00","ARIK",NA,0.0754,0.261933333333333,0.2713,0.0946666666666667,5e-04,0.132666666666667
"4273",55,"2019-03-12 19:45:00","ARIK",NA,NA,NA,NA,NA,NA,0.164
"4274",56,"2019-03-27 16:31:00","ARIK",NA,0.0674,0.3058,0.3107,0.032,0.0319,0.131
"4275",57,"2019-04-02 19:39:00","ARIK",NA,0.0589,0.2835,0.3135,0.037,0.0097,0.066
"4276",58,"2019-04-17 17:20:00","ARIK",NA,0.0395,0.3176,0.292,0.031,0.0066,0.0427
"4277",59,"2019-04-29 18:35:00","ARIK",NA,0.0205,0.3277,0.307,0.035,0.0127,0.1028
"4278",60,"2019-05-07 13:15:00","ARIK",NA,0.0259,0.3315,0.3153,0.024,0.0092,0.2454
"4279",61,"2019-05-14 16:51:00","ARIK",0.008,0.0212,0.3428,0.3551,0.038,0.0035,0.11
"4280",62,"2019-05-29 18:15:00","ARIK",NA,0.0372,0.3159,0.3214,0.039,0.0072,0.1159
"4281",63,"2019-06-05 16:16:00","ARIK",NA,0.0491,0.3347,0.3667,0.034,0.0031,0.0705
"4282",64,"2019-06-11 17:31:00","ARIK",NA,0.0281,0.3497,0.3548,0.034,8e-04,0.0435
"4283",65,"2019-06-18 15:30:00","ARIK",0.0123,0.0244,0.306,0.2989,0.039,0.0142,0.041
"4284",66,"2019-07-08 16:05:00","ARIK",0.014425,0.019775,0.3208,0.317,0.027125,0.012775,0.020025
"4285",67,"2019-07-08 16:05:00","ARIK",0.014425,0.019775,0.3208,0.317,0.027125,0.012775,0.020025
"4286",68,"2019-07-08 16:05:00","ARIK",0.014425,0.019775,0.3208,0.317,0.027125,0.012775,0.020025
"4287",69,"2019-07-08 16:05:00","ARIK",0.014425,0.019775,0.3208,0.317,0.027125,0.012775,0.020025
"4288",70,"2019-07-18 15:41:00","ARIK",0.00495,NA,0.2867,0.4328,0.01735,0.02235,0.1614
"4289",71,"2019-07-18 15:41:00","ARIK",0.00495,NA,0.2867,0.4328,0.01735,0.02235,0.1614
"4290",72,"2019-08-06 17:35:00","ARIK",0.0134,0.05695,0.2933,0.2984,0.0159,0.02225,0.07795
"4291",73,"2019-08-06 17:35:00","ARIK",0.0134,0.05695,0.2933,0.2984,0.0159,0.02225,0.07795
"4292",74,"2019-08-19 17:43:00","ARIK",0.01505,0.02515,0.3699,0.3536,0.01405,0.0145,0.07705
"4293",75,"2019-08-19 17:43:00","ARIK",0.01505,0.02515,0.3699,0.3536,0.01405,0.0145,0.07705
"4294",76,"2019-09-03 19:50:00","ARIK",0.00915,0.01655,0.289,0.3061,0.2309,0.0205,0.17525
"4295",77,"2019-09-03 19:50:00","ARIK",0.00915,0.01655,0.289,0.3061,0.2309,0.0205,0.17525
"4296",78,"2019-10-02 14:10:00","ARIK",0.00575,0.01495,0.3445,0.3931,0.02955,0.64645,0.1134
"4297",79,"2019-10-02 14:10:00","ARIK",0.00575,0.01495,0.3445,0.3931,0.02955,0.64645,0.1134
"4298",80,"2019-11-05 20:45:00","ARIK",NA,0.247133333333333,0.27465,NA,0.532966666666667,0.0153,0.241225
"4299",81,"2019-11-05 20:45:00","ARIK",NA,0.247133333333333,0.27465,NA,0.532966666666667,0.0153,0.241225
"4300",82,"2019-11-05 20:45:00","ARIK",NA,0.247133333333333,0.27465,NA,0.532966666666667,0.0153,0.241225
"4301",83,"2019-12-12 19:10:00","ARIK",0.0028,0.0147,0.1934,0.2151,0.0165,0.027,0.114
"4302",84,"2019-12-18 18:29:00","ARIK",0.0206,0.0454,0.3514,0.3164,0.0059,5e-04,0.107
"4303",85,"2020-01-07 18:34:00","ARIK",0.0255,0.0348,0.2114,0.2001,0.0152,0.021,0.034
"4304",86,"2020-01-15 18:16:00","ARIK",0.0201,0.0356,0.2217,0.222,0.0318,0.053,0.062
"4305",87,"2020-02-05 19:19:00","ARIK",0.0068,NA,0.3005,0.2928,0.0179,0.045,0.058
"4306",88,"2020-02-12 16:20:00","ARIK",0.0015,0.0548,0.111,0.2274,0.0319,0.014,0.016
"4307",89,"2020-02-27 15:26:00","ARIK",0.002,0.0124,0.2604,0.2997,0.0197,0.022,0.083
"4308",90,"2020-03-03 18:30:00","ARIK",0.00406666666666667,0.0265333333333333,0.275833333333333,0.309233333333333,0.0236666666666667,0.0143333333333333,0.0633333333333333
"4309",91,"2020-03-03 18:30:00","ARIK",0.00406666666666667,0.0265333333333333,0.275833333333333,0.309233333333333,0.0236666666666667,0.0143333333333333,0.0633333333333333
"4310",92,"2020-03-03 18:30:00","ARIK",0.00406666666666667,0.0265333333333333,0.275833333333333,0.309233333333333,0.0236666666666667,0.0143333333333333,0.0633333333333333
"4311",93,"2020-03-10 15:45:00","ARIK",0.0039,0.0518,0.4298,0.312,0.0319,0.375,0.0525
"4312",94,"2020-09-16 18:02:00","ARIK",0.005,0.0011,0.488,0.5926,0.0023,0.0423,0.1416
"4313",95,"2020-10-06 17:43:00","ARIK",0.0119,0.0256,0.350566666666667,0.434433333333333,0.0047,0.0508,0.0558
"4314",96,"2020-10-20 14:25:00","ARIK",0.0186,0.0227,1.513,1.876,0.0389,0.2176,0.4049
"4315",97,"2020-11-03 18:40:00","ARIK",0.0016,0.0041,0.2602,0.2158,0.0048,0.0399,0.0399
"4316",98,"2020-11-10 18:09:00","ARIK",0.0078,0.0059,0.1858,0.224,0.0038,0.0289,0.0383
"4317",99,"2020-11-17 16:52:00","ARIK",0.0022,0.0023,0.1554,0.198,0.0045,0.0271,0.0294
"4318",100,"2020-12-02 18:45:00","ARIK",0.0076,0.0067,0.2473,0.265,0.006,0.0391,0.0382
"4319",101,"2020-12-16 15:31:00","ARIK",0.0074,0.008,0.2622,0.269933333333333,0.0027,0.0308,0.0249
"4320",102,"2021-01-05 18:28:00","ARIK",0.0064,0.0062,0.3046,0.3009,0.0022,0.0285,0.0228
"4321",103,"2021-01-19 17:02:00","ARIK",0.0085,0.0048,0.2853,1.139,0.0031,0.0252,0.0208
"4322",104,"2021-02-02 19:01:00","ARIK",0.0035,0.0053,0.2249,0.2362,0.0046,0.0326,0.0303
"4323",105,"2021-02-17 19:10:00","ARIK",0.0346,0.0041,0.2473,0.2654,0.0024,0.0192,0.0276
"4324",106,"2021-02-23 15:41:00","ARIK",0.0057,0.0026,0.2406,0.247,0.0038,0.0277,0.0303
"4325",107,"2021-03-02 18:09:00","ARIK",0.00776666666666667,0.00436666666666667,0.261,0.180466666666667,0.00256666666666667,0.0236,0.0338
"4326",108,"2021-03-02 18:09:00","ARIK",0.00776666666666667,0.00436666666666667,0.261,0.180466666666667,0.00256666666666667,0.0236,0.0338
"4327",109,"2021-03-02 18:09:00","ARIK",0.00776666666666667,0.00436666666666667,0.261,0.180466666666667,0.00256666666666667,0.0236,0.0338
"4328",110,"2021-03-10 17:10:00","ARIK",0.0028,0.0044,0.2303,0.3046,0.0034,0.0283,0.0409
"4329",111,"2021-03-31 17:37:00","ARIK",0.0012,0.0038,0.3284,0.3272,0.0034,0.033,0.0429
"4330",112,"2021-04-06 17:37:00","ARIK",0.0067,0.0042,0.3343,0.3599,0.0054,0.0449,0.05
"4331",113,"2021-04-13 18:25:00","ARIK",0.0055,0.0049,0.3064,0.314,0.0048,0.0363,0.0392
"4332",114,"2021-05-13 17:34:00","ARIK",0.0046,0.0062,0.3883,0.4001,0.0014,0.0273,0.0353
"4333",115,"2021-05-24 18:27:00","ARIK",0.0038,0.0049,0.4054,0.4195,2e-04,0.0248,0.0345
"4334",116,"2021-06-02 16:16:00","ARIK",0.0051,0.0054,0.4192,0.47,0.0016,0.0341,0.0444
"4335",117,"2021-06-09 16:54:00","ARIK",0.0058,0.0102,0.4128,0.4493,0.0024,0.031,0.0557
"4336",118,"2021-06-22 18:50:00","ARIK",0.0041,0.0101,0.2438,0.2217,0.0015,0.0245,0.0308
"4337",119,"2021-07-07 18:29:00","ARIK",0.0047,0.0076,0.2353,0.2613,NA,0.023,0.0338
"4338",120,"2021-07-19 18:17:00","ARIK",0.0039,0.0106,0.7038,0.7712,9e-04,0.0493,0.0794
"4339",121,"2021-08-04 18:04:00","ARIK",0.0028,0.0139,0.9415,2.264,0.006,0.0634,0.3047
"4340",122,"2021-08-19 17:30:00","ARIK",0.0162,1.4217,2.481,3.192,0.0138,0.1205,0.5171
"4341",123,"2021-09-07 18:11:00","ARIK",0.0137,0.0328,3.017,3.268,0.0928,0.199,0.2949
"4342",124,"2021-10-05 15:57:00","ARIK",0.0057,0.0888,0.6373,0.8093,0.0111,0.0746,0.1078
"4343",125,"2021-11-02 15:50:00","ARIK",0.0091,0.0095,0.7503,0.9574,0.0011,0.0508,0.2775
"4344",126,"2021-12-08 18:00:00","ARIK",0.002,0.0031,0.2162,0.223,0.0028,0.0563,0.0393
"4345",127,"2022-01-04 18:43:00","ARIK",0.005,0.0034,0.2304,0.2185,0.0077,0.0319,0.0379
"4346",128,"2022-01-11 17:05:00","ARIK",0.0025,0.0035,1.016,0.2977,0.0043,0.0236,0.0299
"4347",129,"2022-02-01 18:27:00","ARIK",0.0015,NA,0.1525,0.2966,0.0043,0.0271,0.026
"4348",130,"2022-02-15 18:23:00","ARIK",0.0015,NA,0.2329,0.2545,0.0055,0.0322,0.0321
"4349",131,"2022-02-22 16:09:00","ARIK",0.0011,7e-04,0.2725,0.2866,0.0062,0.0408,0.0293
"4350",132,"2022-03-03 16:40:00","ARIK",0.0014,0.0018,0.2509,0.2626,0.006,0.0413,0.0337
"4351",133,"2022-03-08 16:36:00","ARIK",0.00106666666666667,0.000733333333333333,0.249366666666667,0.163033333333333,0.00426666666666667,0.0327666666666667,0.0283333333333333
"4352",134,"2022-03-08 16:36:00","ARIK",0.00106666666666667,0.000733333333333333,0.249366666666667,0.163033333333333,0.00426666666666667,0.0327666666666667,0.0283333333333333
"4353",135,"2022-03-08 16:36:00","ARIK",0.00106666666666667,0.000733333333333333,0.249366666666667,0.163033333333333,0.00426666666666667,0.0327666666666667,0.0283333333333333
"4354",136,"2022-04-06 15:40:00","ARIK",0.003,0.0017,0.292,0.3071,0.0062,0.019,0.0318
"4355",137,"2022-04-19 18:38:00","ARIK",0.0024,8e-04,0.371,0.3769,0.0034,0.0214,0.0287
"4356",138,"2022-04-25 15:52:00","ARIK",0.0038,0.0099,0.3648,0.398,0.0036,0.0195,0.0251
"4357",139,"2022-05-03 14:41:00","ARIK",0.003,0.0021,0.578,0.5535,0.0087,0.0445,0.0512
"4358",140,"2022-05-10 17:35:00","ARIK",0.0022,0.0027,0.4134,0.4357,0.0029,0.0185,0.0248
"4359",141,"2022-05-17 15:01:00","ARIK",0.0029,0.0063,0.4192,0.4345,0.006,0.0204,0.0223
"4360",142,"2022-05-25 13:29:00","ARIK",0.0049,0.0197,0.3781,0.4191,9e-04,0.0157,0.017
"4361",143,"2022-05-31 17:25:00","ARIK",0.0019,0.0022,0.37,0.3939,0.0013,0.0171,0.0203
"4362",144,"2022-06-08 16:38:00","ARIK",0.002,0.0029,0.4053,0.404,0.0029,0.0214,0.023
"4363",145,"2022-06-20 18:10:00","ARIK",0.0025,0.0202,0.3932,0.4032,0.0039,0.0294,0.0584
"4364",146,"2022-07-05 17:52:00","ARIK",0.0098,0.0722,NA,NA,0.0122,0.0871,0.1814
"4365",147,"2022-07-18 16:45:00","ARIK",0.0093,0.0605,0.5897,1.857,0.0232,0.151,0.4895
"4366",148,"2022-08-02 18:43:00","ARIK",0.007,0.0146,0.7035,0.8714,0.0045,0.0475,0.193
"4367",149,"2022-10-04 14:23:00","ARIK",0.0052,1.2909,1.862,2.054,0.0061,0.0735,0.1693
"4368",150,"2022-11-03 14:42:00","ARIK",0.0034,0.0024,0.3531,0.3616,0.0138,0.0298,0.04335
"4369",151,"2022-11-29 16:06:00","ARIK",0.00323333333333333,0.0033,0.216466666666667,0.221166666666667,0.0109333333333333,0.0233666666666667,0.0308
"4370",152,"2022-11-29 16:06:00","ARIK",0.00323333333333333,0.0033,0.216466666666667,0.221166666666667,0.0109333333333333,0.0233666666666667,0.0308
"4371",153,"2022-11-29 16:06:00","ARIK",0.00323333333333333,0.0033,0.216466666666667,0.221166666666667,0.0109333333333333,0.0233666666666667,0.0308
"4372",154,"2023-01-04 16:15:00","ARIK",0.0133,0.0031,0.2898,0.3067,0.0051,0.0179,0.0271
"4373",155,"2023-01-24 16:31:00","ARIK",0.0043,0.0033,0.1996,0.2141,0.0032,0.0166,0.0221
"4374",156,"2023-02-07 16:13:00","ARIK",0.0061,0.0108,0.2421,0.2597,3e-04,0.0147,0.0253
"4375",157,"2023-02-14 16:17:00","ARIK",0.0046,0.0027,0.2186,0.2337,0.0022,0.0167,0.0249
"4376",158,"2023-02-28 17:51:00","ARIK",0.0085,0.019,0.2816,0.2644,9e-04,0.016,0.0246
"4377",159,"2023-03-07 15:47:00","ARIK",0.0015,0.0026,0.298066666666667,0.316733333333333,0.00283333333333333,0.0180333333333333,0.03
"4378",160,"2023-03-07 15:47:00","ARIK",0.0015,0.0026,0.298066666666667,0.316733333333333,0.00283333333333333,0.0180333333333333,0.03
"4379",161,"2023-03-07 15:47:00","ARIK",0.0015,0.0026,0.298066666666667,0.316733333333333,0.00283333333333333,0.0180333333333333,0.03
"4380",162,"2023-03-13 18:08:00","ARIK",0.0025,0.0046,0.3656,0.3355,0.0028,0.0163,0.028
"4381",163,"2023-03-29 16:00:00","ARIK",0.0031,0.0026,0.3325,0.319,0.0046,0.0258,0.0289
"4382",164,"2023-04-12 17:19:00","ARIK",0.0029,0.0028,0.3306,0.4523,0.0087,0.0345,0.0426
"4383",165,"2023-04-25 17:40:00","ARIK",0.0015,0.0033,0.4125,0.3892,0.0059,0.029,0.0352
"4384",166,"2023-05-02 15:15:00","ARIK",0.002,0.0024,0.3352,0.3817,0.0058,0.0288,0.0341
"4385",167,"2023-05-09 17:19:00","ARIK",0.0033,0.0171,0.3609,0.4192,0.0072,0.0262,0.0285
"4386",168,"2023-05-16 14:14:00","ARIK",0.0023,0.0042,0.4975,0.4971,0.0075,0.029,0.0315
"4387",169,"2023-05-31 14:27:00","ARIK",0.0033,0.0046,0.3928,0.4309,0.0075,0.0262,0.0292
"4388",170,"2023-06-06 18:27:00","ARIK",9e-04,0.0044,0.3768,0.4413,0.0056,0.0279,0.0304
"4389",171,"2023-06-13 15:11:00","ARIK",0.0088,0.0179,0.3404,0.5397,0.0102,0.0268,0.0311
"4390",172,"2023-07-06 14:15:00","ARIK",0.0042,0.0208,0.462,0.4671,0.023,0.0423,0.0475
"4391",173,"2023-07-11 16:05:00","ARIK",0.0078,0.0312,0.4529,0.5218,0.0488,0.0778,0.0846
"4392",174,"2023-07-19 17:05:00","ARIK",0.0709,0.0189,0.3669,0.3745,0.0282,0.0492,0.0613
"4393",175,"2023-08-03 17:14:00","ARIK",0.0013,0.0052,0.3625,0.3943,0.0184,0.0516,0.3107
"4394",176,"2023-08-16 17:14:00","ARIK",0.0035,0.0058,0.3401,0.3817,0.0115,0.0359,0.054
"4395",177,"2023-09-06 14:01:00","ARIK",0.0078,0.9649,1.704,2.188,0.0782,0.158,1.1293
"4396",178,"2023-10-03 14:25:00","ARIK",0.0306,0.019,0.6768,1.332,0.0497,0.1177,0.3137
"4397",179,"2023-11-07 17:08:00","ARIK",0.00986666666666667,0.00586666666666667,0.336666666666667,0.434466666666667,0.0275333333333333,0.0457,0.0568666666666667
"4398",180,"2023-11-07 17:08:00","ARIK",0.00986666666666667,0.00586666666666667,0.336666666666667,0.434466666666667,0.0275333333333333,0.0457,0.0568666666666667
"4399",181,"2023-11-07 17:08:00","ARIK",0.00986666666666667,0.00586666666666667,0.336666666666667,0.434466666666667,0.0275333333333333,0.0457,0.0568666666666667
"4400",182,"2023-12-05 15:15:00","ARIK",0.019,0.0031,0.37,0.4,0.0069,0.0207,0.0252
"4401",183,"2023-12-12 15:00:00","ARIK",0.0089,0.0017,0.31,0.34,0.009,0.0185,0.0246
"4402",184,"2024-01-02 18:04:00","ARIK",0.0125,0.0024,0.29,0.35,0.0067,0.015,0.0226
"4403",185,"2024-01-17 17:45:00","ARIK",0.0561,0.0588,0.32,0.3,0.0136,0.0344,0.0222
"4404",186,"2024-02-06 14:49:00","ARIK",0.0083,0.0233,0.37,0.45,0.0094,0.0446,0.0436
"4405",187,"2024-02-13 15:23:00","ARIK",0.0069,0.0147,0.31,0.33,0.0056,0.0377,0.0278
"4406",188,"2024-02-27 16:17:00","ARIK",0.0262,0.0028,0.3,0.31,0.0051,0.0379,0.03
"4407",189,"2024-03-05 15:10:00","ARIK",0.00973333333333333,0.05,0.353333333333333,0.31,0.00913333333333333,0.0384666666666667,0.0293333333333333
"4408",190,"2024-03-05 15:10:00","ARIK",0.00973333333333333,0.05,0.353333333333333,0.31,0.00913333333333333,0.0384666666666667,0.0293333333333333
"4409",191,"2024-03-05 15:10:00","ARIK",0.00973333333333333,0.05,0.353333333333333,0.31,0.00913333333333333,0.0384666666666667,0.0293333333333333
"4410",192,"2024-03-11 17:40:00","ARIK",0.0018,0.0088,0.27,0.3,0.0042,0.0358,0.0236
"4411",193,"2024-04-02 14:27:00","ARIK",0.007,0.0028,0.31,0.4,0.0124,0.0223,0.0504
"4412",194,"2024-04-09 16:53:00","ARIK",0.0077,0.0016,0.32,0.36,0.0152,0.0258,0.0397
"4413",195,"2024-04-22 17:37:00","ARIK",0.0069,0.008,0.39,0.52,0.0114,0.0181,0.0332
"4414",196,"2024-04-30 17:46:00","ARIK",0.0225,0.0023,0.4,0.39,0.0116,0.0207,0.0355
"4415",197,"2024-05-07 17:03:00","ARIK",0.0062,0.0071,0.43,0.47,0.0106,0.0181,0.0331
"4416",198,"2024-05-14 15:24:00","ARIK",0.0028,0.0082,0.32,0.39,0.0094,0.0189,0.0242
"4417",199,"2024-05-29 13:53:00","ARIK",0.0022,0.0044,0.39,0.46,0.01,0.0231,0.0298
"4418",200,"2024-06-03 17:06:00","ARIK",0.0027,0.0034,0.37,0.47,0.013,0.0266,0.0361
"4419",201,"2024-06-11 14:37:00","ARIK",0.0065,0.0037,0.43,0.52,0.0139,0.0297,0.0303
"4420",202,"2024-06-24 16:32:00","ARIK",0.0091,0.0966,0.55,2.03,0.0312,0.0567,0.4051
"4421",203,"2024-07-09 14:18:00","ARIK",0.0089,0.0386,3.13,3.54,0.0171,0.0957,0.7099
"4422",204,"2024-07-16 16:40:00","ARIK",0.0172,2.0345,7.08,7.67,0.2604,2.325,3.485
"4423",205,"2024-11-05 17:57:00","ARIK",0.00806666666666667,0.0193666666666667,1.88333333333333,5.97666666666667,0.138866666666667,0.396033333333333,1.67466666666667
"4424",206,"2024-11-05 17:57:00","ARIK",0.00806666666666667,0.0193666666666667,1.88333333333333,5.97666666666667,0.138866666666667,0.396033333333333,1.67466666666667
"4425",207,"2024-11-05 17:57:00","ARIK",0.00806666666666667,0.0193666666666667,1.88333333333333,5.97666666666667,0.138866666666667,0.396033333333333,1.67466666666667
"4426",208,"2024-12-03 18:10:00","ARIK",0.0031,1e-04,0.37,0.52,0.0092,0.022,0.0259
"4427",209,"2024-12-17 17:59:00","ARIK",0.0031,NA,0.29,0.36,0.006,0.0149,0.0221
"4428",210,"2025-01-07 15:20:00","ARIK",0.0279,NA,0.24,0.27,0.007,0.0173,0.0229
"4429",211,"2025-01-13 17:59:00","ARIK",0.0125,0.0076,0.31,0.25,0.0089,0.0145,0.0214
"4430",212,"2025-02-04 15:55:00","ARIK",0.0065,0.004,0.25,0.23,0.0094,0.0166,0.025
"4431",213,"2025-02-11 18:06:00","ARIK",0.0055,0.0026,0.23,0.25,0.0052,0.014,0.0198
"4432",214,"2025-02-25 17:35:00","ARIK",0.0039,0.002,0.24,0.29,0.0043,0.014,0.026
"4433",215,"2025-03-03 18:18:00","ARIK",0.0027,0.0033,0.29,0.556666666666667,0.00313333333333333,0.0173,0.0305
"4434",216,"2025-03-03 18:18:00","ARIK",0.0027,0.0033,0.29,0.556666666666667,0.00313333333333333,0.0173,0.0305
"4435",217,"2025-03-03 18:18:00","ARIK",0.0027,0.0033,0.29,0.556666666666667,0.00313333333333333,0.0173,0.0305
"4436",218,"2025-03-11 14:37:00","ARIK",0.0068,0.0122,0.27,0.33,0.0041,0.0252,0.0332
"4437",219,"2025-04-08 15:24:00","ARIK",0.0104,0.0188,0.32,0.34,0.0051,0.0251,0.0341
"4438",220,"2025-04-10 16:25:00","ARIK",0.0086,0.011,0.36,0.34,0.0055,0.027,0.0363
"4439",221,"2025-04-22 17:05:00","ARIK",0.001,0.0034,0.3,0.33,0.0041,0.0237,0.0319
"4440",222,"2025-05-05 17:32:00","ARIK",0.0086,0.0154,0.38,0.39,0.0045,0.0243,0.0306
"4441",223,"2025-05-07 16:55:00","ARIK",0.0049,0.0044,0.4,0.36,0.007,0.0159,0.0227
"4442",224,"2025-05-13 14:19:00","ARIK",0.0082,0.007,0.44,0.37,0.0048,0.0158,0.0214
"4443",225,"2025-05-29 16:43:00","ARIK",0.0042,0.0049,0.37,0.38,0.0088,0.0203,0.0251
"4444",226,"2025-06-10 14:58:00","ARIK",0.0048,0.0113,0.67,0.67,0.011,0.0259,0.0662
"4445",227,"2025-06-16 18:08:00","ARIK",0.0113,0.2877,1.95,2.09,0.0129,0.0653,0.1255
"4446",228,"2025-06-24 16:43:00","ARIK",0.0065,0.2269,0.71,0.79,0.0299,0.0782,0.2377
"4447",229,"2025-07-08 16:57:00","ARIK",0.0223,0.0587,1.24,1.19,0.0235,0.0829,0.401
"4448",230,"2025-07-16 16:50:00","ARIK",0.0024,0.0206,0.81,0.95,0.046,0.0862,0.1926
"4449",231,"2025-08-05 17:03:00","ARIK",0.0067,2.833,4.1,6.1,0.0819,0.3153,1.0812
"4450",232,"2025-11-05 17:29:00","ARIK",0.0054,0.0109666666666667,0.35,0.346666666666667,0.0259,0.0538333333333333,0.0538
"4451",233,"2025-11-05 17:29:00","ARIK",0.0054,0.0109666666666667,0.35,0.346666666666667,0.0259,0.0538333333333333,0.0538
"4452",234,"2025-11-05 17:29:00","ARIK",0.0054,0.0109666666666667,0.35,0.346666666666667,0.0259,0.0538333333333333,0.0538
"4453",235,"2025-12-03 15:00:00","ARIK",0.0358,0.0041,0.33,0.28,0.0268,0.036,0.048
"4454",236,"2025-12-17 18:05:00","ARIK",0.003,0.0057,0.3,0.32,0.0168,0.0277,0.031
"4455",1,"2017-04-03 11:13:00","BLUE",0.453,NA,0.5058,0.5761,0.021,0.001,0.002
"4456",2,"2017-04-11 11:45:00","BLUE",0.345,0.032,0.4713,0.4771,0.017,0.006,0.009
"4457",3,"2017-05-02 12:45:00","BLUE",0.435,0.084,0.5581,0.4718,0.018,0.0175,0.021
"4458",4,"2017-05-03 15:19:00","BLUE",0.402,0.014,0.538,0.4983,0.013,0.003,0.004
"4459",5,"2017-05-11 11:12:00","BLUE",0.459,0.046,0.5397,0.5693,0.014,0.005,0.008
"4460",6,"2017-05-22 12:00:00","BLUE",0.371,0.035,0.6347,0.6406,0.015,0.055,0.058
"4461",7,"2017-05-31 09:40:00","BLUE",0.423,0.087,0.5215,0.5444,NA,0.003,0.004
"4462",8,"2017-06-13 20:39:00","BLUE",0.271,0.079,0.448,0.3837,NA,5e-04,0.002
"4463",9,"2017-06-19 21:05:00","BLUE",0.448,0.003,0.786,0.5279,0.002,0.0204,0.025
"4464",10,"2017-06-27 18:45:00","BLUE",0.435,0.147,0.5133,0.5436,0.023,0.0077,0.3001
"4465",11,"2017-07-25 12:55:00","BLUE",0.303,0.0162,0.3732,0.379,0.036,0.003,0.0776
"4466",12,"2017-07-31 16:03:00","BLUE",0.3314,0.013,0.3676,0.3645,0.036,0.0147,0.0879
"4467",13,"2017-08-15 15:52:00","BLUE",0.3807,0.03665,0.42365,0.4578,0.027,0.0036,0.05645
"4468",14,"2017-08-15 15:52:00","BLUE",0.3807,0.03665,0.42365,0.4578,0.027,0.0036,0.05645
"4469",15,"2017-08-16 16:31:00","BLUE",0.3744,0.0708,0.2981,0.3236,0.028,5e-04,0.0788
"4470",16,"2017-09-12 16:44:00","BLUE",0.3623,0.1116,0.3098,0.3162,0.006,8e-04,0.003
"4471",17,"2017-10-10 16:45:00","BLUE",0.432,0.1109,0.4806,0.4976,0.006,0.002,0.032
"4472",18,"2017-10-11 16:00:00","BLUE",0.43865,0.09765,0.46535,0.4805,0.0055,0.0055,0.0245
"4473",19,"2017-10-11 16:00:00","BLUE",0.43865,0.09765,0.46535,0.4805,0.0055,0.0055,0.0245
"4474",20,"2017-11-20 17:43:00","BLUE",0.4001,NA,0.2456,0.2467,0.005,0.001,0.002
"4475",21,"2017-11-21 20:36:00","BLUE",1.0994,0.1174,0.2185,0.1967,0.011,0.02,0.023
"4476",22,"2017-12-12 16:42:00","BLUE",0.4702,0.0969,0.3014,0.3099,0.009,0.026,0.027
"4477",23,"2017-12-14 16:27:00","BLUE",0.5141,0.201,0.2984,0.3355,0.011,0.011,0.013
"4478",24,"2018-01-09 16:45:00","BLUE",0.5155,0.0924,0.601,0.5973,NA,0.009,0.012
"4479",25,"2018-02-07 18:18:00","BLUE",0.4685,0.1004,0.6289,0.6101,0.067,0.006,0.007
"4480",26,"2018-02-13 17:46:00","BLUE",0.4521,0.1054,0.4714,0.4908,0.029,0.002,0.003
"4481",27,"2018-03-08 17:43:00","BLUE",0.0096,0.0431,0.5038,0.5428,0.004,0.031,0.032
"4482",28,"2018-03-13 14:35:00","BLUE",0.2915,0.0143,0.3414,0.3825,0.082,0.064,0.067
"4483",29,"2018-04-02 17:11:00","BLUE",0.3106,NA,1.483,1.674,0.064,0.0348,0.0639
"4484",30,"2018-04-17 18:28:00","BLUE",0.2011,0.0012,0.3328,0.3511,0.029,0.0044,0.0301
"4485",31,"2018-05-02 15:30:00","BLUE",0.3648,0.0267,0.6418,0.6544,0.019,0.0025,0.005
"4486",32,"2018-05-08 16:05:00","BLUE",0.3701,0.0334,0.637,0.6442,0.023,5e-04,0.0856
"4487",33,"2018-05-09 15:43:00","BLUE",0.342,0.0298,0.6301,0.6402,0.018,5e-04,0.006
"4488",34,"2018-05-21 17:10:00","BLUE",0.359,0.0379,0.5804,0.5677,0.019,5e-04,0.0626
"4489",35,"2018-05-29 16:19:00","BLUE",0.3769,NA,0.5532,0.5841,0.015,0.0124,0.033
"4490",36,"2018-06-12 16:35:00","BLUE",0.371,0.02,0.412,0.4341,0.009,0.0221,0.0282
"4491",37,"2018-06-19 17:15:00","BLUE",0.0055,0.0281,0.4083,0.394,0.014,5e-04,0.0262
"4492",38,"2018-06-27 16:05:00","BLUE",0.4076,0.0317,0.5238,0.5495,0.013,0.0141,0.0201
"4493",39,"2018-07-10 15:43:00","BLUE",0.4288,0.0297,0.488,0.5133,0.011,5e-04,0.048
"4494",40,"2018-07-17 15:31:00","BLUE",0.4105,0.0442,0.3997,0.3937,0.012,5e-04,0.039
"4495",41,"2018-08-16 15:49:00","BLUE",0.4541,0.0206,0.6243,0.6676,0.05,0.0514,0.062
"4496",42,"2018-08-28 15:22:00","BLUE",0.4516,0.008,0.4608,0.4728,0.048,0.0057,0.0314
"4497",43,"2018-09-11 15:58:00","BLUE",0.5207,0.0513,0.5204,0.5731,0.068,0.0381,0.041
"4498",44,"2018-10-23 17:52:00","BLUE",0.4417,NA,0.5611,0.5805,NA,0.0251,0.027
"4499",45,"2018-11-19 17:33:00","BLUE",0.2738,0.092,0.386,0.3959,0.035,0.005,0.0189
"4500",46,"2018-11-20 16:36:00","BLUE",0.2544,0.0703,0.3919,0.3845,0.015,0.016,0.0443
"4501",47,"2018-12-11 18:05:00","BLUE",0.3416,0.0273,0.28,0.2859,0.367,0.021,0.0771
"4502",48,"2018-12-13 17:30:00","BLUE",0.3323,0.069,0.3277,0.3492,0.236,0.014,0.05
"4503",49,"2019-01-29 19:03:00","BLUE",0.3723,0.0557,0.498,0.4842,0.001,0.013,0.015
"4504",50,"2019-02-13 17:27:00","BLUE",0.3716,0.0732,0.5461,0.4715,0.217,0.0224,0.0232
"4505",51,"2019-02-19 17:57:00","BLUE",0.3551,0.0662,0.4695,0.5012,0.089,0.004,0.069
"4506",52,"2019-03-19 17:15:00","BLUE",0.1719,0.0697,0.2602,0.2999,0.064,0.0172,0.071
"4507",53,"2019-03-21 17:52:00","BLUE",0.1487,0.1546,0.2739,0.2988,0.035,5e-04,0.073
"4508",54,"2019-04-04 18:11:00","BLUE",0.2521,0.0974,0.3559,0.3669,0.033,0.006,0.059
"4509",55,"2019-04-09 20:04:00","BLUE",0.2038,0.0365,0.277,0.3023,0.033,5e-04,0.0884
"4510",56,"2019-05-07 17:00:00","BLUE",0.454533333333333,0.0671333333333333,0.5297,0.568966666666667,0.0293333333333333,0.0264666666666667,0.1695
"4511",57,"2019-05-07 17:00:00","BLUE",0.454533333333333,0.0671333333333333,0.5297,0.568966666666667,0.0293333333333333,0.0264666666666667,0.1695
"4512",58,"2019-05-07 17:00:00","BLUE",0.454533333333333,0.0671333333333333,0.5297,0.568966666666667,0.0293333333333333,0.0264666666666667,0.1695
"4513",59,"2019-05-13 16:45:00","BLUE",0.3816,0.0317,0.5837,0.6205,0.04,0.0229,0.0577
"4514",60,"2019-05-15 17:40:00","BLUE",0.4506,0.0102,2.996,0.524,0.028,0.0236,0.1627
"4515",61,"2019-05-29 16:30:00","BLUE",0.5025,0.0388,0.5025,0.4882,0.045,0.0232,0.0317
"4516",62,"2019-05-30 17:57:00","BLUE",0.474,0.054,0.5141,0.5147,0.038,0.0246,0.1301
"4517",63,"2019-06-11 15:59:00","BLUE",0.4478,0.035875,0.618133333333333,0.654066666666667,0.028625,0.02645,0.063725
"4518",64,"2019-06-11 15:59:00","BLUE",0.4478,0.035875,0.618133333333333,0.654066666666667,0.028625,0.02645,0.063725
"4519",65,"2019-06-11 15:59:00","BLUE",0.4478,0.035875,0.618133333333333,0.654066666666667,0.028625,0.02645,0.063725
"4520",66,"2019-06-11 15:59:00","BLUE",0.4478,0.035875,0.618133333333333,0.654066666666667,0.028625,0.02645,0.063725
"4521",67,"2019-06-17 17:30:00","BLUE",0.45305,0.02725,0.4638,0.4733,0.013,0.0164,0.0271
"4522",68,"2019-06-17 17:30:00","BLUE",0.45305,0.02725,0.4638,0.4733,0.013,0.0164,0.0271
"4523",69,"2019-06-27 18:51:00","BLUE",0.4469,0.0329,0.515,0.4954,0.02345,0.0354,0.16295
"4524",70,"2019-06-27 18:51:00","BLUE",0.4469,0.0329,0.515,0.4954,0.02345,0.0354,0.16295
"4525",71,"2019-07-09 16:32:00","BLUE",0.41915,0.02815,0.4242,0.4292,0.01835,0.0201,0.0999
"4526",72,"2019-07-09 16:32:00","BLUE",0.41915,0.02815,0.4242,0.4292,0.01835,0.0201,0.0999
"4527",73,"2019-07-16 17:22:00","BLUE",0.3704,0.04475,0.423333333333333,0.4849,0.025125,0.020375,0.1184
"4528",74,"2019-07-16 17:22:00","BLUE",0.3704,0.04475,0.423333333333333,0.4849,0.025125,0.020375,0.1184
"4529",75,"2019-07-16 17:22:00","BLUE",0.3704,0.04475,0.423333333333333,0.4849,0.025125,0.020375,0.1184
"4530",76,"2019-07-16 17:22:00","BLUE",0.3704,0.04475,0.423333333333333,0.4849,0.025125,0.020375,0.1184
"4531",77,"2019-08-13 16:47:00","BLUE",0.4993,0.01295,0.48,0.4675,0.00245,0.02415,0.06225
"4532",78,"2019-08-13 16:47:00","BLUE",0.4993,0.01295,0.48,0.4675,0.00245,0.02415,0.06225
"4533",79,"2019-08-15 19:26:00","BLUE",0.47655,0.01575,0.4851,0.4676,NA,0.0137,0.05645
"4534",80,"2019-08-15 19:26:00","BLUE",0.47655,0.01575,0.4851,0.4676,NA,0.0137,0.05645
"4535",81,"2019-09-24 17:30:00","BLUE",0.4707,0.02395,0.5123,0.4888,0.03335,0.0245,0.12855
"4536",82,"2019-09-24 17:30:00","BLUE",0.4707,0.02395,0.5123,0.4888,0.03335,0.0245,0.12855
"4537",83,"2019-10-08 18:30:00","BLUE",0.49575,0.02045,0.4928,0.4941,0.0216,0.02185,0.0582
"4538",84,"2019-10-08 18:30:00","BLUE",0.49575,0.02045,0.4928,0.4941,0.0216,0.02185,0.0582
"4539",85,"2019-10-14 16:16:00","BLUE",0.50355,0.02495,0.4773,0.4742,0.01685,0.0116,0.05655
"4540",86,"2019-10-14 16:16:00","BLUE",0.50355,0.02495,0.4773,0.4742,0.01685,0.0116,0.05655
"4541",87,"2019-11-12 17:35:00","BLUE",0.2956,0.02035,0.4055,0.4454,0.0137,0.02035,0.09935
"4542",88,"2019-11-12 17:35:00","BLUE",0.2956,0.02035,0.4055,0.4454,0.0137,0.02035,0.09935
"4543",89,"2019-11-14 19:25:00","BLUE",0.2454,0.0161,0.2551,0.2642,0.01525,0.0177,0.0743
"4544",90,"2019-11-14 19:25:00","BLUE",0.2454,0.0161,0.2551,0.2642,0.01525,0.0177,0.0743
"4545",91,"2019-12-10 17:43:00","BLUE",0.3741,0.0215,0.298,0.3042,0.0068,0.004,0.009
"4546",92,"2019-12-16 16:32:00","BLUE",0.4063,0.0498,0.3476,0.3522,0.0042,0.051,0.016
"4547",93,"2020-01-21 20:21:00","BLUE",0.5003,0.0391,0.5073,0.527,0.0033,0.031,0.039
"4548",94,"2020-02-06 16:51:00","BLUE",0.3254,0.0096,0.5579,0.5598,0.0133,0.066,0.074
"4549",95,"2020-02-11 17:01:00","BLUE",0.4364,0.0601,0.4063,0.4481,0.014,0.085,0.095
"4550",96,"2020-03-05 19:41:00","BLUE",0.281,0.008,0.3548,0.3559,0.0319,0.009,0.018
"4551",97,"2020-03-17 17:30:00","BLUE",0.3868,0.0339,0.4925,0.4909,0.0302,5e-04,0.005
"4552",98,"2021-03-23 19:18:00","BLUE",0.3494,0.0123,0.5624,0.6074,0.0247,0.0973,0.1018
"4553",99,"2021-03-30 17:44:00","BLUE",0.3275,0.0028,0.437,0.459,0.0011,0.0135,0.0246
"4554",100,"2021-04-27 15:26:00","BLUE",0.4876,0.0319,0.5373,0.5381,0.0142,0.0342,0.0596
"4555",101,"2021-05-11 18:09:00","BLUE",0.3444,0.012,0.415,0.4503,0.0067,0.0214,0.0452
"4556",102,"2021-05-18 16:49:00","BLUE",0.2993,0.0066,0.3417,0.3663,0.008,0.0206,0.0352
"4557",103,"2021-05-20 16:59:00","BLUE",0.2743,0.0048,0.3314,0.3512,0.0025,0.0151,0.033
"4558",104,"2021-06-15 17:45:00","BLUE",0.3465,0.0061,0.3645,0.3585,0.0031,0.0312,0.0357
"4559",105,"2021-06-17 17:12:00","BLUE",0.3485,0.0063,0.3263,0.3455,0.0025,0.0236,0.0294
"4560",106,"2021-06-21 17:33:00","BLUE",0.3874,0.0139,0.3793,0.4166,0.0017,0.0202,0.0308
"4561",107,"2021-07-12 16:23:00","BLUE",0.5037,0.0485,0.7502,0.7518,0.049,0.1074,0.1897
"4562",108,"2021-07-13 15:57:00","BLUE",0.5622,0.0264,0.6564,0.6822,0.0295,0.0792,0.119
"4563",109,"2021-08-17 14:48:00","BLUE",0.4596,0.0184,0.4192,0.4668,0.002,0.0233,0.028
"4564",110,"2021-08-24 17:09:00","BLUE",0.4864,0.0189,0.4863,0.5084,0.0033,0.0284,0.0382
"4565",111,"2021-09-14 18:17:00","BLUE",0.4029,0.0074,0.3762,NA,0.0012,0.0134,0.0181
"4566",112,"2021-10-04 16:14:00","BLUE",0.4651,0.0108,0.4113,0.4266,NA,0.0106,0.0144
"4567",113,"2021-10-19 16:16:00","BLUE",0.5047,0.01,0.454,0.5068,NA,0.013,0.0163
"4568",114,"2021-11-09 18:12:00","BLUE",0.4968,0.0088,0.482,0.4878,NA,0.0124,0.0131
"4569",115,"2021-11-11 18:32:00","BLUE",0.5172,0.0077,0.535,0.5235,NA,0.0125,0.0161
"4570",116,"2021-12-14 19:53:00","BLUE",0.533,0.0108,0.5098,0.5115,NA,0.0113,0.0169
"4571",117,"2021-12-16 16:21:00","BLUE",0.5223,0.0191,0.452,0.427,NA,0.011,0.0195
"4572",118,"2022-01-11 16:58:00","BLUE",0.601,0.0105,0.5717,0.5935,2e-04,0.0268,0.0131
"4573",119,"2022-01-31 18:21:00","BLUE",0.5228,0.008,0.5294,0.5392,NA,0.0228,0.0111
"4574",120,"2022-02-08 17:31:00","BLUE",0.5139,0.023,0.4965,0.4967,NA,0.0082,0.0149
"4575",121,"2022-03-03 19:06:00","BLUE",0.4309,0.0084,0.4461,0.4518,2e-04,0.0079,0.0178
"4576",122,"2022-03-15 16:00:00","BLUE",0.496,0.0104,0.4132,0.4836,NA,0.0071,0.0174
"4577",123,"2022-04-04 17:42:00","BLUE",0.393933333333333,0.0105666666666667,0.405033333333333,0.408633333333333,NA,0.00786666666666667,0.0219
"4578",124,"2022-04-04 17:42:00","BLUE",0.393933333333333,0.0105666666666667,0.405033333333333,0.408633333333333,NA,0.00786666666666667,0.0219
"4579",125,"2022-04-04 17:42:00","BLUE",0.393933333333333,0.0105666666666667,0.405033333333333,0.408633333333333,NA,0.00786666666666667,0.0219
"4580",126,"2022-04-12 18:05:00","BLUE",0.3944,0.0182,0.4513,0.4631,NA,0.0088,0.0206
"4581",127,"2022-05-02 17:44:00","BLUE",0.4498,0.0204,0.4805,0.4872,0,0.0096,0.0196
"4582",128,"2022-05-04 16:50:00","BLUE",0.4656,0.0258,0.5082,0.5594,0,0.0101,0.0198
"4583",129,"2022-05-17 13:34:00","BLUE",0.4532,0.0333,0.4969,0.5643,4e-04,0.0099,0.0282
"4584",130,"2022-05-19 15:26:00","BLUE",0.4589,0.033,0.506,0.6349,2e-04,0.0105,0.0254
"4585",131,"2022-06-01 16:24:00","BLUE",0.5309,0.0334,0.5243,0.5499,4e-04,0.0165,0.0328
"4586",132,"2022-06-28 16:42:00","BLUE",0.4349,0.0139,0.5093,0.4587,0.0028,0.0144,0.0209
"4587",133,"2022-07-12 18:14:00","BLUE",0.470366666666667,0.0208666666666667,0.4857,0.5046,8e-04,0.0135,0.0218333333333333
"4588",134,"2022-07-12 18:14:00","BLUE",0.470366666666667,0.0208666666666667,0.4857,0.5046,8e-04,0.0135,0.0218333333333333
"4589",135,"2022-07-12 18:14:00","BLUE",0.470366666666667,0.0208666666666667,0.4857,0.5046,8e-04,0.0135,0.0218333333333333
"4590",136,"2022-08-09 15:35:00","BLUE",0.4951,0.0072,0.4512,0.4868,NA,0.0107,0.022
"4591",137,"2022-08-16 16:10:00","BLUE",0.4691,0.015,0.3932,0.4079,NA,0.0133,0.0226
"4592",138,"2022-09-13 17:15:00","BLUE",0.4907,0.0114,0.4506,0.441,NA,0.0082,0.0141
"4593",139,"2022-09-29 17:00:00","BLUE",0.4946,0.0151,0.5061,0.531,0.0014,0.0098,0.0164
"4594",140,"2022-10-04 18:44:00","BLUE",0.5184,0.0115,0.547,0.5997,5e-04,0.0085,0.013
"4595",141,"2022-11-08 16:45:00","BLUE",0.5461,0.0151,0.588,0.5955,9e-04,0.0096,0.0166
"4596",142,"2022-12-13 21:06:00","BLUE",0.5601,0.0377,0.6029,0.5492,9e-04,0.019,0.0309
"4597",143,"2023-01-10 18:21:00","BLUE",0.5849,0.0298,0.5484,0.5641,2e-04,0.0148,0.0178
"4598",144,"2023-03-01 17:26:00","BLUE",0.5339,0.0256,0.6359,0.7004,0.0192,0.0535,0.068
"4599",145,"2023-03-09 16:36:00","BLUE",0.4184,0.0175,0.6523,0.7155,0.0115,0.0363,0.0646
"4600",146,"2023-03-14 17:08:00","BLUE",0.4118,0.0049,0.466,0.4944,0.002,0.0173,0.0187
"4601",147,"2023-04-11 17:55:00","BLUE",0.3423,0.0078,0.413,0.4207,0.0021,0.0161,0.0199
"4602",148,"2023-05-01 16:41:00","BLUE",0.4607,0.0211,0.5177,0.581,0.0024,0.0164,0.025
"4603",149,"2023-05-16 15:47:00","BLUE",0.4975,0.0376,0.4887,0.524,0.0039,0.0146,0.0279
"4604",150,"2023-05-31 15:31:00","BLUE",0.502,0.0374,0.5511,0.566,0.008,0.0222,0.0436
"4605",151,"2023-06-13 15:52:00","BLUE",0.5277,0.0243,0.6297,0.5982,0.0025,0.0126,0.0282
"4606",152,"2023-06-19 15:32:00","BLUE",0.4253,0.0233,0.5111,0.5218,0.00216666666666667,0.0185666666666667,0.02
"4607",153,"2023-06-19 15:32:00","BLUE",0.4253,0.0233,0.5111,0.5218,0.00216666666666667,0.0185666666666667,0.02
"4608",154,"2023-06-19 15:32:00","BLUE",0.4253,0.0233,0.5111,0.5218,0.00216666666666667,0.0185666666666667,0.02
"4609",155,"2023-06-29 16:37:00","BLUE",0.4857,0.0277,0.5637,0.5935,0.0022,0.0144,0.0283
"4610",156,"2023-07-10 14:29:00","BLUE",0.5316,0.026,0.5945,0.6768,0.0017,0.0118,0.0289
"4611",157,"2023-07-11 14:59:00","BLUE",0.5656,0.0325,0.838,0.887,0.0544,0.1043,0.1291
"4612",158,"2023-08-16 15:45:00","BLUE",0.5261,0.0187,0.4989,0.5392,0.0016,0.0081,0.0189
"4613",159,"2023-08-23 17:11:00","BLUE",0.497533333333333,0.0163333333333333,0.545066666666667,0.5608,NA,0.0073,0.0222333333333333
"4614",160,"2023-08-23 17:11:00","BLUE",0.497533333333333,0.0163333333333333,0.545066666666667,0.5608,NA,0.0073,0.0222333333333333
"4615",161,"2023-08-23 17:11:00","BLUE",0.497533333333333,0.0163333333333333,0.545066666666667,0.5608,NA,0.0073,0.0222333333333333
"4616",162,"2023-09-13 17:07:00","BLUE",0.5914,0.0292,0.5629,0.5611,0.0023,0.011,0.0245
"4617",163,"2023-10-10 14:56:00","BLUE",0.583,0.0195,0.6053,0.6423,0.0024,0.0122,0.0254
"4618",164,"2023-10-17 15:14:00","BLUE",0.7049,0.0309,0.546,0.5563,0.0027,0.0107,0.0174
"4619",165,"2023-11-09 18:10:00","BLUE",0.4843,NA,0.5,0.67,0.0012,0.0127,0.0335
"4620",166,"2023-11-20 16:50:00","BLUE",0.5866,0.0105,0.59,0.72,0.0021,0.0097,0.024
"4621",167,"2023-12-18 18:53:00","BLUE",0.5688,0.0106,0.59,0.64,0.0014,0.0071,0.013
"4622",168,"2024-01-09 16:13:00","BLUE",0.6033,0.0096,0.61,0.64,0.0015,0.0079,0.0136
"4623",169,"2024-02-05 18:39:00",NA,NA,0.0052,0.58,0.56,0.0019,0.0255,0.0168
"4624",170,"2024-02-15 19:30:00",NA,NA,0.0012,0.48,0.48,0.0011,0.0232,0.0132
"4625",171,"2024-03-12 17:42:00",NA,NA,0.001,0.46,0.43,0.0011,0.0235,0.0155
"4626",172,"2024-03-19 15:28:00","BLUE",0.4214,0.0106,0.44,0.52,0.0049,0.0131,0.0136
"4627",173,"2024-04-04 15:33:00","BLUE",0.402666666666667,0.0105,0.4378,0.53,0.00113333333333333,0.00823333333333333,0.0155333333333333
"4628",174,"2024-04-04 15:33:00","BLUE",0.402666666666667,0.0105,0.4378,0.53,0.00113333333333333,0.00823333333333333,0.0155333333333333
"4629",175,"2024-04-04 15:33:00","BLUE",0.402666666666667,0.0105,0.4378,0.53,0.00113333333333333,0.00823333333333333,0.0155333333333333
"4630",176,"2024-04-15 18:15:00","BLUE",0.3953,0.0132,0.46,0.58,4e-04,0.0098,0.0211
"4631",177,"2024-05-02 18:07:00","BLUE",0.3767,0.0265,0.88,1.42,0.1151,0.1497,0.2839
"4632",178,"2024-05-08 15:18:00","BLUE",0.4757,0.0205,0.66,0.78,0.0673,0.0838,0.1093
"4633",179,"2024-05-21 15:27:00","BLUE",0.3582,0.0136,0.38,0.48,0.0052,0.0087,0.0218
"4634",180,"2024-05-23 15:42:00","BLUE",0.3903,0.0513,0.97,1.5,0.1088,0.1618,0.2758
"4635",181,"2024-05-29 17:12:00","BLUE",0.3891,0.0112,0.43,0.5,0.0118,0.0133,0.0312
"4636",182,"2024-06-11 14:34:00","BLUE",0.4664,0.0093,0.5,0.59,0.0259,0.0339,0.0548
"4637",183,"2024-06-19 13:18:00","BLUE",0.3725,0.012,0.393333333333333,0.46,0.00556666666666667,0.0119,0.0234333333333333
"4638",184,"2024-06-19 13:18:00","BLUE",0.3725,0.012,0.393333333333333,0.46,0.00556666666666667,0.0119,0.0234333333333333
"4639",185,"2024-06-19 13:18:00","BLUE",0.3725,0.012,0.393333333333333,0.46,0.00556666666666667,0.0119,0.0234333333333333
"4640",186,"2024-06-24 14:16:00","BLUE",0.3542,0.0083,0.37,0.43,0.0023,0.0096,0.0204
"4641",187,"2024-07-08 14:29:00","BLUE",0.3355,0.0123,0.39,0.49,0.0029,0.0096,0.0313
"4642",188,"2024-07-15 14:12:00","BLUE",0.4124,0.0114,0.44,0.43,0.0017,0.0097,0.0203
"4643",189,"2024-08-07 16:00:00","BLUE",0.4724,0.0196,0.47,0.47,7e-04,0.0074,0.0181
"4644",190,"2024-08-14 15:23:00","BLUE",0.4131,0.0164,0.41,0.45,0.0015,0.0104,0.0217
"4645",191,"2024-09-17 15:30:00","BLUE",0.5005,0.0326,0.49,0.58,8e-04,0.0107,0.0201
"4646",192,"2024-10-07 15:52:00","BLUE",0.5236,0.0151,0.52,0.57,1e-04,0.0093,0.0136
"4647",193,"2024-10-17 14:44:00","BLUE",0.5366,0.0082,0.52,0.56,NA,0.0063,0.012
"4648",194,"2024-11-06 16:44:00","BLUE",0.5863,0.023,0.64,0.69,0.026,0.0542,0.0585
"4649",195,"2024-11-18 17:11:00","BLUE",0.5068,0.0144,0.59,0.62,0.0104,0.0204,0.0418
"4650",196,"2025-01-08 17:27:00","BLUE",0.5727,0.0084,0.61,0.64,0.0031,0.0074,0.0132
"4651",197,"2025-02-05 16:25:00","BLUE",0.5312,0.0138,0.59,0.6,0.0019,0.0098,0.0151
"4652",198,"2025-02-11 17:46:00","BLUE",0.5737,0.0115,0.64,0.63,0.0014,0.0084,0.012
"4653",199,"2025-03-12 16:06:00","BLUE",0.3652,0.0161,0.49,0.55,0.0017,0.01,0.0132
"4654",200,"2025-03-17 16:30:00","BLUE",0.3702,0.0162,0.48,0.56,3e-04,0.0092,0.0129
"4655",201,"2025-04-02 16:44:00","BLUE",0.4276,0.0329,0.53,0.62,2e-04,0.0095,0.0149
"4656",202,"2025-04-07 17:30:00","BLUE",0.3146,0.0326,0.74,0.996666666666667,0.0416333333333333,0.0713333333333333,0.0944333333333333
"4657",203,"2025-04-07 17:30:00","BLUE",0.3146,0.0326,0.74,0.996666666666667,0.0416333333333333,0.0713333333333333,0.0944333333333333
"4658",204,"2025-04-07 17:30:00","BLUE",0.3146,0.0326,0.74,0.996666666666667,0.0416333333333333,0.0713333333333333,0.0944333333333333
"4659",205,"2025-05-01 16:44:00","BLUE",0.2593,0.0592,0.73,1.44,0.1001,0.1213,0.2733
"4660",206,"2025-05-12 17:46:00","BLUE",0.4146,0.0061,0.53,0.55,0.0082,0.0269,0.0435
"4661",207,"2025-05-20 16:19:00","BLUE",0.4706,0.02,0.8,1.49,0.08,0.1193,0.2652
"4662",208,"2025-05-27 15:33:00","BLUE",0.274,0.0424,0.67,0.97,0.0838,0.1088,0.2119
"4663",209,"2025-05-28 15:14:00","BLUE",0.3888,0.0269,0.66,1.02,0.0427,0.0663,0.1116
"4664",210,"2025-06-10 16:54:00","BLUE",0.3352,0.0118,0.61,0.74,0.0656,0.0829,0.1244
"4665",211,"2025-06-18 16:14:00","BLUE",0.423566666666667,0.00516666666666667,0.543333333333333,0.606666666666667,0.0125,0.0308666666666667,0.0472
"4666",212,"2025-06-18 16:14:00","BLUE",0.423566666666667,0.00516666666666667,0.543333333333333,0.606666666666667,0.0125,0.0308666666666667,0.0472
"4667",213,"2025-06-18 16:14:00","BLUE",0.423566666666667,0.00516666666666667,0.543333333333333,0.606666666666667,0.0125,0.0308666666666667,0.0472
"4668",214,"2025-07-09 15:53:00","BLUE",0.3682,0.0419,0.45,0.46,0.0108,0.024,0.0315
"4669",215,"2025-07-15 15:40:00","BLUE",0.3936,0.0717,0.5633,0.56,0.0193,0.0363,0.0588
"4670",216,"2025-07-29 14:02:00","BLUE",0.3833,0.065,0.4233,0.45,0.0051,0.0125,0.0195
"4671",217,"2025-08-12 15:13:00","BLUE",0.4022,0.012,0.44,0.48,0.0043,0.0142,0.0249
"4672",218,"2025-08-19 14:11:00","BLUE",0.413,0.0528,0.4667,0.48,0.0051,0.0139,0.0257
"4673",219,"2025-09-09 17:49:00","BLUE",0.3584,0.0086,0.39,0.42,0.0046,0.0139,0.0227
"4674",220,"2025-10-06 18:04:00","BLUE",0.4293,0.023,0.43,0.45,0.0071,0.0185,0.0197
"4675",221,"2025-10-15 16:18:00","BLUE",0.4859,0.0124,0.53,0.52,0.0049,0.0097,0.0178
"4676",222,"2025-11-11 17:12:00","BLUE",0.4973,0.0316,0.51,0.5,0.0039,0.011,0.0141
"4677",223,"2025-11-19 17:28:00","BLUE",0.4476,0.0051,0.5,0.51,0.0037,0.0117,0.0185
"4678",224,"2025-12-08 17:49:00","BLUE",0.4958,0.0032,0.54,0.55,0.0032,0.0089,0.013
"4679",225,"2025-12-15 17:48:00","BLUE",0.5233,0.0026,0.57,0.59,0.0024,0.0079,0.0115
"4680",1,"2017-04-04 09:40:00","PRIN",0.045,NA,0.6151,0.5493,0.023,0.016,0.019
"4681",2,"2017-04-18 10:40:00","PRIN",0.425,0.131,1.1424,1.2806,0.069,0.142,0.149
"4682",3,"2017-04-24 10:35:00","PRIN",0.242,0.041,0.545,0.6513,0.017,0.021,0.022
"4683",4,"2017-04-25 17:38:00","PRIN",0.178,0.013,0.4719,0.4692,0.017,0.019,0.021
"4684",5,"2017-04-26 17:13:00","PRIN",0.166,0.054,0.3677,0.3799,0.017,0.0345,0.041
"4685",6,"2017-04-27 15:34:00","PRIN",0.171,0.058,0.3712,0.3438,0.019,0.008,0.009
"4686",7,"2017-05-01 12:04:00","PRIN",0.097,0.077,0.3029,0.2773,0.017,0.0025,0.007
"4687",8,"2017-05-09 10:15:00","PRIN",0.058,0.036,0.236,0.2541,0.015,0.0305,0.035
"4688",9,"2017-05-10 14:10:00","PRIN",0.074,0.018,0.2831,0.2725,0.014,0.005,0.006
"4689",10,"2017-05-18 09:59:00","PRIN",0.055,0.035,0.2382,0.2822,0.011,0.005,0.006
"4690",11,"2017-05-23 10:36:00","PRIN",0.054,NA,0.2261,0.2453,0.009,0.015,0.016
"4691",12,"2017-05-25 09:35:00","PRIN",0.086,0.022,0.2281,0.2459,0.03,0.008,0.009
"4692",13,"2017-05-30 22:54:00","PRIN",0.063,0.094,0.2493,0.2812,0.001,0.018,0.019
"4693",14,"2017-06-06 16:01:00","PRIN",0.107,0.107,0.3448,0.3789,0.001,0.012,0.014
"4694",15,"2017-06-08 15:32:00","PRIN",0.103,0.163,0.3106,0.3443,0.001,0.016,0.018
"4695",16,"2017-07-06 14:06:00","PRIN",0.012,0.068,0.1949,0.2388,0.042,5e-04,0.003
"4696",17,"2017-07-11 16:22:00","PRIN",0.024,0.069,0.203,0.2328,0.022,0.0029,0.004
"4697",18,"2017-08-01 15:36:00","PRIN",0.0449,0.0312,0.1791,0.2343,0.034,0.003,0.0345
"4698",19,"2017-09-05 18:23:00","PRIN",0.0507,0.0228,0.2832,0.1948,0.022,0.0108,0.013
"4699",20,"2017-09-18 16:27:00","PRIN",0.0201,0.1179,0.0155,0.0825,0.005,8e-04,0.005
"4700",21,"2017-09-26 16:08:00","PRIN",0.0478,0.0841,0.1145,0.1524,0.007,0.0168,0.0236
"4701",22,"2017-10-03 14:54:00","PRIN",0.0994,0.1026,0.18725,0.2133,0.0095,0.0285,0.04
"4702",23,"2017-10-03 14:54:00","PRIN",0.0994,0.1026,0.18725,0.2133,0.0095,0.0285,0.04
"4703",24,"2017-11-07 16:07:00","PRIN",0.0163,0.1458,0.1596,0.1596,0.01,0.012,0.014
"4704",25,"2017-11-09 19:35:00","PRIN",0.0326,0.1268,0.0057,0.0014,0.01,0.014,0.016
"4705",26,"2018-01-02 16:47:00","PRIN",0.3937,0.1103,0.5436,0.5707,0.056,0.009,0.012
"4706",27,"2018-01-08 17:23:00","PRIN",0.322,0.1163,0.4806,0.5938,0.096,0.021,0.025
"4707",28,"2018-02-06 17:46:00","PRIN",0.2865,0.1121,0.4544,0.4588,0.049,0.002,0.004
"4708",29,"2018-03-06 16:37:00","PRIN",0.2678,NA,0.5162,0.5182,0.006,0.006,0.008
"4709",30,"2018-03-15 15:20:00","PRIN",0.1366,0.0052,0.235,0.3101,0.066,0.002,0.005
"4710",31,"2018-04-03 14:55:00","PRIN",0.1741,0.0018,1.279,1.278,0.062,5e-04,0.0471
"4711",32,"2018-04-23 16:03:00","PRIN",0.1791,0.0266,0.5476,0.5584,0.063,5e-04,0.0275
"4712",33,"2018-04-24 15:15:00","PRIN",0.1615,0.0165,0.3681,0.353,0.062,5e-04,0.0421
"4713",34,"2018-04-26 14:24:00","PRIN",0.2017,0.0267,0.5454,0.569,0.063,5e-04,0.0559
"4714",35,"2018-04-30 14:52:00","PRIN",0.1831,0.0182,0.3628,0.3848,0.017,5e-04,0.0566
"4715",36,"2018-05-01 14:24:00","PRIN",0.1823,0.0566,0.4144,0.3962,0.017,5e-04,0.019
"4716",37,"2018-05-03 18:23:00","PRIN",0.2465,0.2653,0.791,0.9645,0.015,5e-04,0.3061
"4717",38,"2018-05-07 14:56:00","PRIN",NA,NA,NA,NA,NA,NA,0.0887
"4718",39,"2018-05-17 15:41:00","PRIN",0.1128,0.0099,0.4957,0.5391,0.016,0.0179,0.0626
"4719",40,"2018-05-30 16:03:00","PRIN",0.0543,0.0163,0.2068,0.2158,0.026,5e-04,0.006
"4720",41,"2018-06-05 14:45:00","PRIN",0.0249,0.0089,0.1931,0.2298,0.018,5e-04,0.1664
"4721",42,"2018-06-07 14:21:00","PRIN",0.0061,0.0098,0.222,0.2673,0.016,5e-04,0.0018
"4722",43,"2018-07-09 18:52:00","PRIN",0.0069,0.0267,0.4689,0.6003,0.02,0.011,0.206
"4723",44,"2018-07-24 17:19:00","PRIN",0.0235,0.0268,0.661,1.141,1.767,5e-04,0.129
"4724",45,"2018-08-07 16:58:00","PRIN",0.0172,0.0484,0.7623,1.188,1.109,5e-04,0.004
"4725",46,"2018-09-04 15:45:00","PRIN",0.0158,0.104,0.6811,1.054,0.015,0.0072,0.008
"4726",47,"2018-09-17 15:45:00","PRIN",0.4248,0.0183,0.5746,0.2915,0.066,0.0202,0.025
"4727",48,"2018-10-02 14:55:00","PRIN",0.1213,0.047,0.3333,0.3191,NA,5e-04,0.005
"4728",49,"2018-10-03 14:50:00","PRIN",0.1187,0.0099,0.2425,0.2809,0.074,5e-04,0.0207
"4729",50,"2018-11-27 16:15:00","PRIN",0.2696,0.0501,0.5268,0.4977,0.022,0.018,0.0269
"4730",51,"2018-12-04 17:45:00","PRIN",0.4285,0.0314,0.2986,0.2935,NA,0.017,0.0509
"4731",52,"2019-01-08 15:57:00","PRIN",0.2122,NA,0.4992,0.5274,NA,0.008,0.2009
"4732",53,"2019-02-05 18:16:00","PRIN",0.0659,0.1212,0.334,0.3575,0.077,0.0033,0.0629
"4733",54,"2019-03-05 16:38:00","PRIN",0.2563,0.0849,0.4509,0.4459,0.352,5e-04,0.245
"4734",55,"2019-03-14 15:55:00","PRIN",0.1342,0.0827,0.7577,0.9014,0.047,0.0352,0.429
"4735",56,"2019-04-02 16:45:00","PRIN",0.0369,0.0071,0.2741,0.2971,0.039,5e-04,0.035
"4736",57,"2019-04-22 16:18:00","PRIN",0.1107,0.0823,0.4642,0.5346,0.035,0.0111,0.0841
"4737",58,"2019-04-24 14:54:00","PRIN",0.04915,0.06805,0.3761,0.4578,0.033,0.0148,0.03455
"4738",59,"2019-04-24 14:54:00","PRIN",0.04915,0.06805,0.3761,0.4578,0.033,0.0148,0.03455
"4739",60,"2019-04-25 14:30:00","PRIN",0.1216,0.054,0.468,0.4688,0.033,0.0045,0.2241
"4740",61,"2019-04-29 15:20:00","PRIN",0.0137,0.0522,0.3116,0.3679,0.033,0.006,0.0703
"4741",62,"2019-05-01 14:25:00","PRIN",0.0443,0.0174,0.3309,0.3506,0.024,0.0209,0.028
"4742",63,"2019-05-09 19:46:00","PRIN",0.1926,0.0564,0.7882,0.8372,0.045,0.0423,0.2837
"4743",64,"2019-05-14 14:20:00","PRIN",0.2389,0.0394,0.5455,0.5585,0.038,0.0318,0.1282
"4744",65,"2019-05-16 14:56:00","PRIN",0.179,0.0236,0.4616,0.4755,0.031,5e-04,0.0689
"4745",66,"2019-05-28 15:40:00","PRIN",0.1299,0.0511,0.3384,0.3493,0.046,0.0065,0.1267
"4746",67,"2019-06-04 15:12:00","PRIN",0.220725,0.057275,0.510566666666667,0.531633333333333,0.029825,0.011425,0.139675
"4747",68,"2019-06-04 15:12:00","PRIN",0.220725,0.057275,0.510566666666667,0.531633333333333,0.029825,0.011425,0.139675
"4748",69,"2019-06-04 15:12:00","PRIN",0.220725,0.057275,0.510566666666667,0.531633333333333,0.029825,0.011425,0.139675
"4749",70,"2019-06-04 15:12:00","PRIN",0.220725,0.057275,0.510566666666667,0.531633333333333,0.029825,0.011425,0.139675
"4750",71,"2019-06-10 15:48:00","PRIN",0.1366,0.0323,0.4391,0.4715,0.01885,0.01825,0.24605
"4751",72,"2019-06-10 15:48:00","PRIN",0.1366,0.0323,0.4391,0.4715,0.01885,0.01825,0.24605
"4752",73,"2019-07-10 15:35:00","PRIN",0.0877,0.03005,0.2622,0.2964,0.0179,0.01275,0.4218
"4753",74,"2019-07-10 15:35:00","PRIN",0.0877,0.03005,0.2622,0.2964,0.0179,0.01275,0.4218
"4754",75,"2019-07-30 15:27:00","PRIN",0.024,0.049625,0.221366666666667,0.202433333333333,0.027975,0.01295,0.225175
"4755",76,"2019-07-30 15:27:00","PRIN",0.024,0.049625,0.221366666666667,0.202433333333333,0.027975,0.01295,0.225175
"4756",77,"2019-07-30 15:27:00","PRIN",0.024,0.049625,0.221366666666667,0.202433333333333,0.027975,0.01295,0.225175
"4757",78,"2019-07-30 15:27:00","PRIN",0.024,0.049625,0.221366666666667,0.202433333333333,0.027975,0.01295,0.225175
"4758",79,"2019-08-06 18:45:00","PRIN",0.01255,0.042,0.1477,0.1714,0.0177,0.02965,0.0718
"4759",80,"2019-08-06 18:45:00","PRIN",0.01255,0.042,0.1477,0.1714,0.0177,0.02965,0.0718
"4760",81,"2019-09-03 15:51:00","PRIN",0.02955,0.0162,0.2126,0.2137,0.0133,0.0129,0.13755
"4761",82,"2019-09-03 15:51:00","PRIN",0.02955,0.0162,0.2126,0.2137,0.0133,0.0129,0.13755
"4762",83,"2019-09-23 15:30:00","PRIN",0.0067,0.02135,0.1977,0.2066,0.03025,0.02155,0.1027
"4763",84,"2019-09-23 15:30:00","PRIN",0.0067,0.02135,0.1977,0.2066,0.03025,0.02155,0.1027
"4764",85,"2019-10-01 16:45:00","PRIN",0.0035,0.0184,0.188,0.2229,0.00805,0.01095,0.07645
"4765",86,"2019-10-01 16:45:00","PRIN",0.0035,0.0184,0.188,0.2229,0.00805,0.01095,0.07645
"4766",87,"2019-10-03 14:55:00","PRIN",0.0073,0.0264,0.2,0.2398,0.0055,0.67985,0.0825
"4767",88,"2019-10-03 14:55:00","PRIN",0.0073,0.0264,0.2,0.2398,0.0055,0.67985,0.0825
"4768",89,"2019-11-05 17:00:00","PRIN",0.16245,0.21885,0.2618,0.2912,0.0103,0.01695,0.16035
"4769",90,"2019-11-05 17:00:00","PRIN",0.16245,0.21885,0.2618,0.2912,0.0103,0.01695,0.16035
"4770",91,"2019-11-13 15:45:00","PRIN",0.3102,0.01485,0.4597,0.4724,0.0095,0.01575,0.07585
"4771",92,"2019-11-13 15:45:00","PRIN",0.3102,0.01485,0.4597,0.4724,0.0095,0.01575,0.07585
"4772",93,"2019-12-17 17:20:00","PRIN",0.2071,0.0636,0.3175,0.3232,0.0082,0.037,0.042
"4773",94,"2020-01-07 20:00:00","PRIN",0.2073,0.0235,0.3031,0.3088,0.0319,0.018,0.047
"4774",95,"2020-02-11 16:07:00","PRIN",0.107466666666667,0.1723,0.246033333333333,0.270433333333333,0.0250333333333333,0.024,0.051
"4775",96,"2020-02-11 16:07:00","PRIN",0.107466666666667,0.1723,0.246033333333333,0.270433333333333,0.0250333333333333,0.024,0.051
"4776",97,"2020-02-11 16:07:00","PRIN",0.107466666666667,0.1723,0.246033333333333,0.270433333333333,0.0250333333333333,0.024,0.051
"4777",98,"2020-10-20 17:10:00","PRIN",0.06,0.0021,0.1288,0.121,NA,0.0121,0.0049
"4778",99,"2020-12-01 18:30:00","PRIN",0.1319,0.0039,0.2591,0.2372,0.0015,0.0161,0.0109
"4779",100,"2021-03-09 16:43:00","PRIN",0.2088,0.0024,0.2835,0.3018,NA,0.0128,0.0153
"4780",101,"2021-03-18 15:59:00","PRIN",0.1291,0.0025,0.2829,0.2955,NA,0.0125,0.0113
"4781",102,"2021-04-13 15:40:00","PRIN",0.0594,0.0054,0.2692,0.2777,NA,0.01,0.014
"4782",103,"2021-04-21 16:10:00","PRIN",0.1058,0.0031,0.3139,0.2929,NA,0.0099,0.0233
"4783",104,"2021-04-26 15:05:00","PRIN",0.0808,0.0071,0.2781,0.2701,NA,0.015,0.0124
"4784",105,"2021-04-28 14:42:00","PRIN",0.3236,0.0335,0.3859,0.3975,2e-04,0.0177,0.0487
"4785",106,"2021-05-03 15:47:00","PRIN",0.2998,0.1329,0.757,0.8227,0.0037,0.0468,0.0357
"4786",107,"2021-05-04 15:32:00","PRIN",0.1475,0.0768,0.6456,0.7047,0.0036,0.0337,0.033
"4787",108,"2021-05-10 15:49:00","PRIN",0.1981,0.0163,0.3729,0.3662,6e-04,0.0195,0.018
"4788",109,"2021-05-17 16:13:00","PRIN",0.2121,0.0073,0.339,0.3788,0,0.0154,0.0195
"4789",110,"2021-05-27 14:21:00","PRIN",0.1581,0.0494,0.7006,0.7438,0.0133,0.069,0.0709
"4790",111,"2021-06-01 15:19:00","PRIN",0.0777,0.0321,0.7511,0.8176,0.0493,0.1553,0.2169
"4791",112,"2021-06-09 16:00:00","PRIN",0.1546,0.0371,0.7988,0.8174,0.0221,0.0717,0.0951
"4792",113,"2021-07-06 15:11:00","PRIN",0.0573,0.0078,0.2205,0.2524,NA,0.0148,0.0115
"4793",114,"2021-07-08 14:59:00","PRIN",0.0551,0.0089,0.1715,0.1948,7e-04,0.0153,0.0145
"4794",115,"2021-08-10 14:01:00","PRIN",0.0017,0.0028,0.2017,NA,0,0.0158,0.027
"4795",116,"2021-09-16 14:21:00","PRIN",0.0948,0.0025,0.2076,0.2304,NA,0.0103,0.0297
"4796",117,"2021-09-28 14:07:00","PRIN",0.0888,0.0056,0.1708,0.196,NA,0.0107,0.0131
"4797",118,"2021-10-05 14:22:00","PRIN",0.3316,0.0132,0.5053,0.5325,0.0026,0.0338,0.0452
"4798",119,"2021-10-07 15:45:00","PRIN",0.3352,0.0115,0.481,0.5028,0.0016,0.0308,0.0314
"4799",120,"2021-11-02 14:24:00","PRIN",0.1674,0.006,0.3232,0.2977,3e-04,0.014,0.0261
"4800",121,"2021-11-10 15:24:00","PRIN",0.2007,0.0032,0.3702,0.411,7e-04,0.0185,0.0216
"4801",122,"2021-12-07 15:22:00","PRIN",0.1457,0.0016,0.2624,0.2898,NA,0.01,0.0153
"4802",123,"2022-01-18 15:00:00","PRIN",0.3404,0.0031,0.408,0.4041,NA,0.0185,0.0128
"4803",124,"2022-02-01 17:38:00","PRIN",0.1991,0.0077,0.186966666666667,0.319833333333333,3e-04,0.00716666666666667,0.0132
"4804",125,"2022-02-01 17:38:00","PRIN",0.1991,0.0077,0.186966666666667,0.319833333333333,3e-04,0.00716666666666667,0.0132
"4805",126,"2022-02-01 17:38:00","PRIN",0.1991,0.0077,0.186966666666667,0.319833333333333,3e-04,0.00716666666666667,0.0132
"4806",127,"2022-03-01 16:02:00","PRIN",0.4126,0.0065,0.5656,0.5554,0.001,0.0139,0.026
"4807",128,"2022-03-17 14:45:00","PRIN",0.1225,0.0108,0.142,0.168,7e-04,0.0106,0.0175
"4808",129,"2022-04-05 15:47:00","PRIN",0.1556,0.0102,0.6594,0.7748,0.0314,0.1563,0.2039
"4809",130,"2022-04-19 15:43:00","PRIN",0.0859,0.0058,0.316,0.3406,7e-04,0.0084,0.0179
"4810",131,"2022-04-21 15:24:00","PRIN",0.0742,0.0032,0.3406,0.3725,3e-04,0.0137,0.02
"4811",132,"2022-04-26 14:36:00","PRIN",0.2919,0.1131,0.9021,1.033,0.0265,0.0962,0.1282
"4812",133,"2022-04-28 16:57:00","PRIN",0.3164,0.0456,0.6524,0.6954,0.0104,0.0389,0.051
"4813",134,"2022-05-03 15:32:00","PRIN",0.115033333333333,0.0184,0.753666666666667,0.896566666666667,0.0328,0.1956,0.210733333333333
"4814",135,"2022-05-03 15:32:00","PRIN",0.115033333333333,0.0184,0.753666666666667,0.896566666666667,0.0328,0.1956,0.210733333333333
"4815",136,"2022-05-03 15:32:00","PRIN",0.115033333333333,0.0184,0.753666666666667,0.896566666666667,0.0328,0.1956,0.210733333333333
"4816",137,"2022-05-05 18:35:00","PRIN",0.2548,0.0415,0.7323,0.746,0.0136,0.0529,0.094
"4817",138,"2022-05-10 14:29:00","PRIN",0.1774,0.021,0.4074,0.438,0.0089,0.0263,0.0334
"4818",139,"2022-05-18 16:01:00","PRIN",0.0804,0.0158,0.3042,0.3194,0.0032,0.0201,0.0232
"4819",140,"2022-05-24 16:03:00","PRIN",0.4186,0.355,1.713,1.821,0.2595,0.5,0.7189
"4820",141,"2022-06-21 15:41:00","PRIN",0.0472,0.0048,0.2276,0.2563,0.0011,0.0118,0.0157
"4821",142,"2022-07-05 15:21:00","PRIN",0.0689,0.0125,0.2134,0.252,0.0033,0.0181,0.0227
"4822",143,"2022-08-02 14:51:00","PRIN",0.004,0.0095,1.301,1.52,0.0179,0.3072,0.3923
"4823",144,"2022-09-06 18:57:00","PRIN",0.00133333333333333,0.000633333333333333,0.0701333333333333,0.155533333333333,NA,0.00846666666666667,0.0409333333333333
"4824",145,"2022-09-06 18:57:00","PRIN",0.00133333333333333,0.000633333333333333,0.0701333333333333,0.155533333333333,NA,0.00846666666666667,0.0409333333333333
"4825",146,"2022-09-06 18:57:00","PRIN",0.00133333333333333,0.000633333333333333,0.0701333333333333,0.155533333333333,NA,0.00846666666666667,0.0409333333333333
"4826",147,"2022-09-15 14:23:00","PRIN",8e-04,0.003,0.2006,0.2685,0,0.013,0.0395
"4827",148,"2022-10-11 14:53:00","PRIN",0.0441,0.0035,0.2482,0.2213,5e-04,0.0104,0.0288
"4828",149,"2022-11-01 14:28:00","PRIN",0.1138,0.0031,0.2887,0.2819,7e-04,0.0117,0.0156
"4829",150,"2022-11-09 16:15:00","PRIN",0.0216,0.0074,0.0759,0.0816,0.0016,0.0168,0.018
"4830",151,"2022-12-12 16:42:00","PRIN",0.2008,0.0033,0.3085,0.3655,5e-04,0.0226,0.0285
"4831",152,"2023-01-17 17:02:00","PRIN",0.1933,0.0026,0.2705,0.2833,NA,0.013,0.017
"4832",153,"2023-03-07 17:16:00","PRIN",0.1411,NA,NA,NA,NA,0.0168,0.0265
"4833",154,"2023-03-16 15:15:00","PRIN",0.2863,7e-04,0.4803,0.5077,0.0015,0.0169,0.0218
"4834",155,"2023-04-26 14:20:00","PRIN",0.2152,0.0023,0.3707,0.3791,5e-04,0.0139,0.0224
"4835",156,"2023-04-27 14:52:00","PRIN",0.1301,0.0056,NA,NA,0.0013,0.0198,0.0242
"4836",157,"2023-05-02 16:23:00","PRIN",0.1911,0.0044,0.3739,0.3863,8e-04,0.0145,0.0193
"4837",158,"2023-05-04 14:12:00","PRIN",0.1776,0.0094,0.3393,0.3901,0.0011,0.0149,0.0183
"4838",159,"2023-05-08 16:44:00","PRIN",0.1101,0.0075,0.328,0.3837,2e-04,0.0202,0.0231
"4839",160,"2023-05-30 15:11:00","PRIN",0.1054,0.0112,0.2815,0.2926,0.0015,0.0126,0.0174
"4840",161,"2023-06-08 14:30:00","PRIN",0.0262,0.0087,0.2092,0.2217,0.0014,0.0129,0.017
"4841",162,"2023-06-12 14:13:00","PRIN",0.0349,0.0238,0.225,0.3024,0.0017,0.0134,0.0215
"4842",163,"2023-07-06 13:56:00","PRIN",0.0049,0.0045,0.3244,0.3704,0.0021,0.0231,0.0633
"4843",164,"2023-07-20 14:34:00","PRIN",0.0025,0.1287,0.4232,0.6723,0.0013,0.0186,0.1106
"4844",165,"2023-08-01 16:22:00","PRIN",0.0308,0.0162,0.3729,1.1667,0.00186666666666667,0.0252666666666667,0.640066666666667
"4845",166,"2023-08-01 16:22:00","PRIN",0.0308,0.0162,0.3729,1.1667,0.00186666666666667,0.0252666666666667,0.640066666666667
"4846",167,"2023-08-01 16:22:00","PRIN",0.0308,0.0162,0.3729,1.1667,0.00186666666666667,0.0252666666666667,0.640066666666667
"4847",168,"2023-10-25 14:56:00","PRIN",0.3207,0.0139,0.4353,0.4465,0.0073,0.0562,0.0898
"4848",169,"2023-11-06 16:26:00","PRIN",0.3023,0.0017,0.5,0.62,0.0025,0.0147,0.0281
"4849",170,"2023-11-08 15:44:00","PRIN",0.1802,1e-04,0.38,0.49,0.0024,0.0136,0.0287
"4850",171,"2023-11-21 21:15:00","PRIN",0.0926,NA,0.27,0.57,0.0041,0.0188,0.047
"4851",172,"2023-12-19 17:05:00","PRIN",0.1823,0.0017,0.32,0.36,7e-04,0.0085,0.0109
"4852",173,"2024-01-02 16:18:00","PRIN",0.2985,0.0019,0.41,0.48,6e-04,0.0062,0.0146
"4853",174,"2024-02-07 16:20:00",NA,NA,NA,0.33,0.33,0.000466666666666667,0.0238333333333333,0.0149333333333333
"4854",175,"2024-02-29 15:07:00",NA,NA,0.0062,0.31,0.3,6e-04,0.0233,0.0145
"4855",176,"2024-03-21 15:06:00","PRIN",0.0951,0.0033,0.2833,0.34,4e-04,0.0109,0.0171
"4856",177,"2024-04-03 16:27:00","PRIN",0.0451,0.0034,0.2533,NA,9e-04,0.0121,NA
"4857",178,"2024-04-22 16:22:00","PRIN",0.2412,0.0734,0.8133,1.12,0.023,0.049,0.0877
"4858",179,"2024-04-24 17:16:00","PRIN",0.2081,0.0686,0.6567,0.76,0.0144,0.0324,0.0504
"4859",180,"2024-04-25 14:53:00","PRIN",0.1931,0.0801,0.62,0.8,0.0148,0.0323,0.0553
"4860",181,"2024-04-29 17:01:00","PRIN",0.1309,0.0523,0.6633,0.84,0.0287,0.0579,0.0814
"4861",182,"2024-05-01 15:37:00","PRIN",0.1712,0.0698,0.6,0.81,0.0173,0.036,0.0758
"4862",183,"2024-05-09 14:29:00","PRIN",0.1267,0.0419,0.47,0.6,0.0113,0.0401,0.0622
"4863",184,"2024-05-15 15:26:00","PRIN",0.233566666666667,0.0645333333333333,0.77,0.873333333333333,0.0164,0.0471,0.0706666666666667
"4864",185,"2024-05-15 15:26:00","PRIN",0.233566666666667,0.0645333333333333,0.77,0.873333333333333,0.0164,0.0471,0.0706666666666667
"4865",186,"2024-05-15 15:26:00","PRIN",0.233566666666667,0.0645333333333333,0.77,0.873333333333333,0.0164,0.0471,0.0706666666666667
"4866",187,"2024-05-20 15:18:00","PRIN",0.1647,0.0237,0.5,0.64,0.0084,0.0261,0.0455
"4867",188,"2024-05-30 15:08:00","PRIN",0.458,0.1638,1.11,1.34,0.0201,0.0435,0.0835
"4868",189,"2024-06-05 13:14:00","PRIN",0.2724,0.0244,0.66,0.78,0.0127,0.0269,0.0445
"4869",190,"2024-06-12 14:40:00","PRIN",0.2422,0.0157,0.5,0.53,0.0073,0.0154,0.0215
"4870",191,"2024-07-01 13:30:00","PRIN",0.0942,0.0224,0.33,0.39,0.0031,0.0108,0.0192
"4871",192,"2024-07-09 14:32:00","PRIN",0.0169,0.0021,0.35,0.51,0.0013,0.0237,0.076
"4872",193,"2024-08-13 14:24:00","PRIN",9e-04,0.0115,0.33,0.81,5e-04,0.0147,0.1199
"4873",194,"2024-09-10 16:43:00","PRIN",0.1015,0.0142,0.33,0.68,0.004,0.0173,0.0306
"4874",195,"2024-09-18 13:27:00","PRIN",0.0252,0.0076,0.2,0.45,0.0015,0.0114,0.0159
"4875",196,"2024-10-02 14:27:00","PRIN",0.0569,0.0042,0.19,0.34,0.001,0.011,0.0179
"4876",197,"2024-10-08 14:19:00","PRIN",0.0209,0.0025,0.14,0.14,6e-04,0.01,0.0137
"4877",198,"2024-11-07 15:02:00","PRIN",0.0745,0.0083,0.23,0.3,0.0022,0.014,0.0182
"4878",199,"2024-11-11 20:02:00","PRIN",0.369,0.0106,0.59,0.83,0.0188,0.0353,0.0547
"4879",200,"2024-12-16 17:15:00","PRIN",0.1119,0.0059,0.24,0.31,0.0017,0.0089,0.0126
"4880",201,"2025-01-07 18:32:00","PRIN",0.3447,0.0037,0.52,0.47,0.0029,0.0104,0.0136
"4881",202,"2025-02-03 16:45:00","PRIN",0.2444,0.00426666666666667,0.413333333333333,0.416666666666667,0.000433333333333333,0.00776666666666667,0.0116666666666667
"4882",203,"2025-02-03 16:45:00","PRIN",0.2444,0.00426666666666667,0.413333333333333,0.416666666666667,0.000433333333333333,0.00776666666666667,0.0116666666666667
"4883",204,"2025-02-03 16:45:00","PRIN",0.2444,0.00426666666666667,0.413333333333333,0.416666666666667,0.000433333333333333,0.00776666666666667,0.0116666666666667
"4884",205,"2025-03-04 17:42:00","PRIN",0.1663,0.0029,0.35,0.34,0.0011,0.0085,0.0153
"4885",206,"2025-03-19 15:34:00","PRIN",0.0472,0.0293,0.2,0.65,7e-04,0.0073,0.0082
"4886",207,"2025-04-01 17:28:00","PRIN",0.0567,0.0547,0.31,0.97,0.002,0.013,0.0211
"4887",208,"2025-04-29 14:52:00","PRIN",0.2572,0.0429,0.56,0.71,0.0118,0.0276,0.0402
"4888",209,"2025-05-07 16:20:00","PRIN",0.2992,0.2557,1.26,1.32,0.0329,0.0706,0.0899
"4889",210,"2025-05-08 15:46:00","PRIN",0.3948,0.0966,1,1.13,0.0104,0.0455,0.0715
"4890",211,"2025-05-13 16:03:00","PRIN",0.2082,0.0093,0.52,0.51,0.0013,0.0124,0.0225
"4891",212,"2025-05-15 14:55:00","PRIN",0.148633333333333,0.0022,0.4,0.4,0.000566666666666667,0.00973333333333333,0.0202666666666667
"4892",213,"2025-05-15 14:55:00","PRIN",0.148633333333333,0.0022,0.4,0.4,0.000566666666666667,0.00973333333333333,0.0202666666666667
"4893",214,"2025-05-15 14:55:00","PRIN",0.148633333333333,0.0022,0.4,0.4,0.000566666666666667,0.00973333333333333,0.0202666666666667
"4894",215,"2025-05-19 19:26:00","PRIN",0.1525,0.0091,0.46,0.45,7e-04,0.0109,0.0274
"4895",216,"2025-05-22 14:47:00","PRIN",0.2503,0.0206,0.45,0.47,0.001,0.0122,0.0211
"4896",217,"2025-05-29 18:45:00","PRIN",0.2824,0.0117,0.66,0.66,0.0092,0.0272,0.0547
"4897",218,"2025-06-03 14:21:00","PRIN",0.2466,0.0091,0.58,0.49,0.0022,0.0175,0.0249
"4898",219,"2025-06-04 14:32:00","PRIN",0.2081,0.0088,0.6,0.53,0.003,0.0165,0.028
"4899",220,"2025-06-11 15:03:00","PRIN",0.2076,0.0147,0.56,0.59,0.0056,0.0204,0.033
"4900",221,"2025-07-01 14:48:00","PRIN",0.1032,0.001,0.37,0.48,0.0011,0.0082,0.0282
"4901",222,"2025-07-10 14:05:00","PRIN",0.2107,0.0113,0.41,0.4,0.0051,0.0174,0.0255
"4902",223,"2025-08-05 14:30:00","PRIN",0.0091,0.0043,0.175,0.18,9e-04,0.0083,0.0155
"4903",224,"2025-09-03 15:38:00","PRIN",0.0282,0.0028,0.2033,0.16,0.0015,0.0105,0.0121
"4904",225,"2025-09-16 16:50:00","PRIN",0.0033,0.0046,0.13,0.24,0.0013,0.0083,0.0176
"4905",226,"2025-10-01 14:53:00","PRIN",0.0568,0.0512,0.18,0.16,0.002,0.0106,0.0172
"4906",227,"2025-10-08 14:05:00","PRIN",0.0313,0.0075,0.17,0.18,0.0015,0.0087,0.0132
"4907",228,"2025-11-04 16:05:00","PRIN",0.1203,0.0036,0.21,0.25,0.0011,0.0061,0.0091
"4908",229,"2025-11-10 18:16:00","PRIN",0.0695,0.0043,0.19,0.18,0.0013,0.0106,0.0081
"4909",230,"2025-12-01 17:02:00","PRIN",0.157,0.0028,0.29,0.32,NA,0.0058,0.0075
"4910",1,"2018-03-06 16:13:00","BLDE",0.0939,NA,0.1043,NA,0.033,0.066,NA
"4911",2,"2018-03-13 14:35:00","BLDE",0.0847,NA,0.1421,0.1037,0.062,0.044,0.045
"4912",3,"2018-04-03 15:48:00","BLDE",0.0836,NA,1.076,1.144,0.085,0.0238,0.1149
"4913",4,"2018-04-17 18:30:00","BLDE",0.0232,0.0103,0.3023,0.2846,0.054,0.0457,0.0793
"4914",5,"2018-05-01 15:28:00","BLDE",0.0127,0.0241,0.4723,0.4742,0.018,0.0047,0.083
"4915",6,"2018-05-09 05:52:00","BLDE",0.0045,0.0366,0.4038,0.4534,0.018,5e-04,0.0745
"4916",7,"2018-05-15 16:41:00","BLDE",0.0057,0.0409,0.3622,0.3608,0.018,0.0399,0.1131
"4917",8,"2018-05-22 19:00:00","BLDE",0.0041,0.0182,0.3627,0.3898,0.042,0.034,0.0705
"4918",9,"2018-05-29 16:50:00","BLDE",0.003,0.0033,0.3393,0.351,0.038,0.0232,0.1372
"4919",10,"2018-06-05 16:55:00","BLDE",0.0038,0.0064,0.1277,0.1111,0.042,0.0298,0.062
"4920",11,"2018-06-12 18:21:00","BLDE",0.0042,0.0162,0.1265,NA,0.032,0.0251,0.0048
"4921",12,"2018-06-19 16:30:00","BLDE",0.0304,0.0171,0.1564,0.1962,0.035,0.0288,0.0268
"4922",13,"2018-06-25 16:30:00","BLDE",0.0017,0.0068,0.2487,0.2465,0.036,0.0211,0.0333
"4923",14,"2018-07-02 16:30:00","BLDE",0.0037,4e-04,0.1113,0.1397,0.262,0.022,0.076
"4924",15,"2018-07-10 18:05:00","BLDE",0.0019,NA,0.1993,0.1847,0.035,0.022,0.1
"4925",16,"2018-07-17 17:55:00","BLDE",0.005,0.0257,0.0867,0.1123,0.034,0.026,0.043
"4926",17,"2018-08-07 18:45:00","BLDE",0.0209,0.0377,0.1,0.1144,0.071,0.0341,0.041
"4927",18,"2018-08-14 17:33:00","BLDE",NA,0.0016,NA,NA,0.038,0.0345,0.0566
"4928",19,"2018-09-04 18:00:00","BLDE",0.0099,NA,0.1071,0.1004,0.033,0.0383,0.0489
"4929",20,"2018-09-17 15:46:00","BLDE",0.0068,0.0123,0.1325,0.1248,0.068,0.0212,0.023
"4930",21,"2018-10-02 18:45:00","BLDE",0.0402,0.0489,0.0813,0.1169,NA,0.0179,0.0529
"4931",22,"2018-11-06 18:45:00","BLDE",NA,NA,0.1459,0.2944,0.024,0.0177,0.1382
"4932",23,"2018-11-13 18:18:00","BLDE",NA,0.0824,NA,NA,0.285,0.042,0.0545
"4933",24,"2018-12-04 19:00:00","BLDE",0.0173,0.0383,0.0612,0.0622,0.1,0.043,0.0587
"4934",25,"2019-01-30 18:55:00","BLDE",0.0408,0.0616,0.3243,0.384,0.023,0.042,0.052
"4935",26,"2019-02-05 18:30:00","BLDE",0.0275333333333333,0.0703333333333333,0.2563,0.2524,NA,0.0354,0.0542666666666667
"4936",27,"2019-02-05 18:30:00","BLDE",0.0275333333333333,0.0703333333333333,0.2563,0.2524,NA,0.0354,0.0542666666666667
"4937",28,"2019-02-05 18:30:00","BLDE",0.0275333333333333,0.0703333333333333,0.2563,0.2524,NA,0.0354,0.0542666666666667
"4938",29,"2019-03-05 19:40:00","BLDE",0.0415,0.0937,0.2181,0.2326,0.072,0.0212,0.079
"4939",30,"2019-03-12 17:50:00","BLDE",0.0379,0.0973,0.1966,0.2259,0.07,0.0443,0.258
"4940",31,"2019-04-03 16:45:00","BLDE",NA,NA,0.1911,0.191066666666667,0.0496666666666667,0.0306,0.107333333333333
"4941",32,"2019-04-03 16:45:00","BLDE",NA,NA,0.1911,0.191066666666667,0.0496666666666667,0.0306,0.107333333333333
"4942",33,"2019-04-03 16:45:00","BLDE",NA,NA,0.1911,0.191066666666667,0.0496666666666667,0.0306,0.107333333333333
"4943",34,"2019-05-02 16:55:00","BLDE",0.0137,0.0289,0.2549,0.278,0.042,0.0204,0.1019
"4944",35,"2019-05-07 18:20:00","BLDE",0.0073,0.0251,0.2522,0.2818,0.039,0.0391,0.206
"4945",36,"2019-05-20 18:35:00","BLDE",0.0159,0.0386,0.238,0.2492,0.052,0.0177,0.2943
"4946",37,"2019-05-28 19:11:00","BLDE",0.0179,0.0628,0.173,0.2165,0.052,0.0239,0.0802
"4947",38,"2019-06-04 15:51:00","BLDE",NA,0.0583,0.172,0.1913,0.04,0.0282,0.0451
"4948",39,"2019-06-10 16:59:00","BLDE",NA,0.0559,0.2064,0.2407,0.04,0.0189,0.1287
"4949",40,"2019-06-13 16:25:00","BLDE",NA,0.0358666666666667,0.207766666666667,0.234566666666667,0.041,0.0288666666666667,0.0268666666666667
"4950",41,"2019-06-13 16:25:00","BLDE",NA,0.0358666666666667,0.207766666666667,0.234566666666667,0.041,0.0288666666666667,0.0268666666666667
"4951",42,"2019-06-13 16:25:00","BLDE",NA,0.0358666666666667,0.207766666666667,0.234566666666667,0.041,0.0288666666666667,0.0268666666666667
"4952",43,"2019-06-17 17:30:00","BLDE",0.0107,0.0556,0.1625,0.1625,0.036,0.024,0.0312
"4953",44,"2019-06-20 18:30:00","BLDE",0.0106,0.0528,0.1629,0.079,0.031,0.0347,0.1547
"4954",45,"2019-06-25 17:46:00","BLDE",0.0135,0.0818,0.1155,0.173,0.046,0.0312,0.0646
"4955",46,"2019-07-02 18:25:00","BLDE",0.0133,0.0604,0.0949,0.114,0.046,0.0093,0.0762
"4956",47,"2019-07-08 15:42:00","BLDE",0.0133,0.0423,0.12,0.1291,0.045,0.026,0.1466
"4957",48,"2019-07-15 19:01:00","BLDE",0.0148,0.0639,0.1349,0.1267,0.047,0.0508,0.2519
"4958",49,"2019-08-05 18:19:00","BLDE",0.0152,0.076,0.0885,0.073,0.046,0.035,0.301
"4959",50,"2019-08-12 18:39:00","BLDE",0.0113,0.0038,0.0782,0.0932,0.027,0.03,0.118
"4960",51,"2019-09-04 18:58:00","BLDE",0.0057,0.0111,0.11,0.0828,0.05375,0.0264,0.14285
"4961",52,"2019-09-04 18:58:00","BLDE",0.0057,0.0111,0.11,0.0828,0.05375,0.0264,0.14285
"4962",53,"2019-09-16 17:05:00","BLDE",0.0052,0.01635,0.1224,0.1547,0.0394,0.03435,0.1679
"4963",54,"2019-09-16 17:05:00","BLDE",0.0052,0.01635,0.1224,0.1547,0.0394,0.03435,0.1679
"4964",55,"2019-10-01 19:30:00","BLDE",NA,0.01055,0.0913,0.1185,0.0288,0.02345,0.06585
"4965",56,"2019-10-01 19:30:00","BLDE",NA,0.01055,0.0913,0.1185,0.0288,0.02345,0.06585
"4966",57,"2019-11-07 17:14:00","BLDE",0.01925,0.0106,0.0525,0.0323,0.04235,0.01855,0.1117
"4967",58,"2019-11-07 17:14:00","BLDE",0.01925,0.0106,0.0525,0.0323,0.04235,0.01855,0.1117
"4968",59,"2019-11-12 18:13:00","BLDE",0.01095,0.03035,0.0845,0.0857,0.0431,0.0199,0.09085
"4969",60,"2019-11-12 18:13:00","BLDE",0.01095,0.03035,0.0845,0.0857,0.0431,0.0199,0.09085
"4970",61,"2019-12-03 18:45:00",NA,NA,NA,NA,0.135,NA,NA,0.05
"4971",62,"2020-01-07 17:21:00","BLDE",0.0982,0.0306,0.181,0.1867,0.0425,0.05,0.076
"4972",63,"2020-02-04 18:30:00","BLDE",0.0846,NA,0.2064,0.219133333333333,0.0257333333333333,0.0626666666666667,0.0703333333333333
"4973",64,"2020-02-04 18:30:00","BLDE",0.0846,NA,0.2064,0.219133333333333,0.0257333333333333,0.0626666666666667,0.0703333333333333
"4974",65,"2020-02-04 18:30:00","BLDE",0.0846,NA,0.2064,0.219133333333333,0.0257333333333333,0.0626666666666667,0.0703333333333333
"4975",66,"2020-03-03 17:15:00","BLDE",0.0797,0.0439,0.2467,0.2627,0.0277,0.084,0.094
"4976",67,"2020-03-18 16:55:00","BLDE",0.0585,0.0549,0.2137,0.1937,0.0266,0.025,0.032
"4977",68,"2020-06-23 17:42:00","BLDE",0.0066,0.0064,0.1537,0.1552,0.0351,0.0418,0.0512
"4978",69,"2020-06-29 16:59:00","BLDE",0.0048,0.0035,0.2403,0.1619,0.0273,0.0442,0.0569
"4979",70,"2020-07-06 15:33:00","BLDE",0.0056,0.0034,0.1112,0.0454,0.0353,0.0431,0.0493
"4980",71,"2020-07-13 16:42:00","BLDE",0.008,0.0061,0.1257,0.1027,0.0339,0.0439,0.0497
"4981",72,"2020-08-11 15:38:00","BLDE",0.0033,0.0011,0.1189,0.1436,0.0382,0.0395,0.0595
"4982",73,"2020-08-25 14:25:00","BLDE",0.0012,9e-04,0.0909,0.0886,0.0316,0.0348,0.0409
"4983",74,"2020-09-01 15:10:00","BLDE",0.005,0.0109,0.0649,0.0864,0.028,0.038,0.0382
"4984",75,"2020-09-14 16:12:00","BLDE",0.0018,0.0023,0.0971,NA,0.0293,0.0338,0.0382
"4985",76,"2020-10-08 14:55:00","BLDE",0.124,0.0076,0.114166666666667,0.121933333333333,0.0381,0.0362,0.0428
"4986",77,"2020-10-20 14:35:00","BLDE",1e-04,4e-04,0.1328,0.0474,0.0411,0.0402,0.0496
"4987",78,"2021-01-05 18:20:00","BLDE",0.1204,0.0062,0.3022,0.2855,0.0381,0.0452,0.0502
"4988",79,"2021-02-02 15:55:00","BLDE",0.122,0.004,0.191366666666667,0.234833333333333,0.0379666666666667,0.0445,0.0477
"4989",80,"2021-02-02 15:55:00","BLDE",0.122,0.004,0.191366666666667,0.234833333333333,0.0379666666666667,0.0445,0.0477
"4990",81,"2021-02-02 15:55:00","BLDE",0.122,0.004,0.191366666666667,0.234833333333333,0.0379666666666667,0.0445,0.0477
"4991",82,"2021-03-02 17:30:00","BLDE",0.1211,0.0048,0.2442,0.1491,0.0359,0.0431,0.049
"4992",83,"2021-03-15 16:55:00","BLDE",0.1027,0.002,0.1895,0.1963,0.0338,0.0424,0.0444
"4993",84,"2021-05-12 19:31:00","BLDE",0.002,0.0011,0.2079,0.2485,0.0219,0.0347,0.0468
"4994",85,"2021-05-25 17:15:00","BLDE",9e-04,0.0019,0.2144,0.2612,0.0213,0.0343,0.0497
"4995",86,"2021-06-03 17:20:00","BLDE",0.0053,0.0035,0.1552,0.1636,0.0284,0.0414,0.064
"4996",87,"2021-06-14 18:20:00","BLDE",0.0024,0.0025,0.0833,0.1125,0.0309,0.0411,0.0499
"4997",88,"2021-07-06 16:30:00","BLDE",0.0039,0.0022,0.0777,0.0796,0.0312,0.0434,0.0492
"4998",89,"2021-08-04 16:23:00","BLDE",2e-04,0.002,0.0758,0.0788,0.0305,0.043,0.0559
"4999",90,"2021-08-10 16:42:00","BLDE",0.0016,0.0016,0.0518,0.0982,0.0363,0.0354,0.0498
"5000",91,"2021-09-08 16:28:00","BLDE",7e-04,0.0013,0.0941,0.0952,0.0252,0.0344,0.0344
"5001",92,"2021-09-20 16:09:00","BLDE",0.0029,0.0243,0.0641,0.0668,0.0143,0.0502,0.0534
"5002",93,"2021-10-05 16:30:00","BLDE",0.0098,0.0109,0.0731,0.1086,0.0277,0.0383,0.039
"5003",94,"2021-11-09 18:10:00","BLDE",0.0028,8e-04,0.0963,0.11,0.0247,0.0328,0.0079
"5004",95,"2021-11-22 17:30:00","BLDE",0.0025,0.0011,0.1136,0.1244,0.0257,0.0376,0.0078
"5005",96,"2021-12-14 16:45:00","BLDE",0.0133,0.0023,0.0985,0.1425,0.0297,0.0386,0.0132
"5006",97,"2022-01-04 17:58:00","BLDE",0.0177,0.0042,0.1461,0.1327,0.0389,0.044,0.01
"5007",98,"2022-02-01 17:10:00","BLDE",0.0166,0.0041,0.0705,0.2099,0.0378,0.0419,0.0482
"5008",99,"2022-03-01 18:10:00","BLDE",0.1119,0.0047,0.2238,0.2543,0.038,0.0443,0.0456
"5009",100,"2022-03-16 17:20:00","BLDE",0.0917,0.0017,0.0561,0.0745,0.0366,0.0438,0.0465
"5010",101,"2022-04-13 16:46:00","BLDE",0.0028,0.0014,0.1441,0.1885,0.026,0.0374,0.0385
"5011",102,"2022-04-19 17:25:00","BLDE",0.0044,0.0013,0.2276,0.232,0.0245,0.0334,0.0366
"5012",103,"2022-05-04 17:29:00","BLDE",0.009,0.0058,0.2549,0.2804,0.0253,0.0414,0.0432
"5013",104,"2022-05-11 17:52:00","BLDE",0.0063,0.0064,0.2773,0.2841,0.0209,0.0306,0.0412
"5014",105,"2022-05-17 17:05:00","BLDE",0.0041,0.00496666666666667,0.271133333333333,0.336,0.0259333333333333,0.0468666666666667,0.0611
"5015",106,"2022-05-17 17:05:00","BLDE",0.0041,0.00496666666666667,0.271133333333333,0.336,0.0259333333333333,0.0468666666666667,0.0611
"5016",107,"2022-05-17 17:05:00","BLDE",0.0041,0.00496666666666667,0.271133333333333,0.336,0.0259333333333333,0.0468666666666667,0.0611
"5017",108,"2022-05-24 17:36:00","BLDE",0.0021,0.0022,0.2188,0.2653,0.0222,0.0315,0.0431
"5018",109,"2022-06-07 18:08:00","BLDE",0.0038,0.0035,0.2464,0.1648,0.0281,0.0467,0.0596
"5019",110,"2022-11-15 18:40:00","BLDE",0.0265,0.0022,0.0038,0.024,0.0259,0.0364,0.0369
"5020",111,"2022-12-07 17:45:00","BLDE",0.0853,0.0035,0.1295,0.1469,0.0366,0.0435,0.0453
"5021",112,"2023-01-10 18:30:00","BLDE",0.0796,0.0039,0.1328,0.1699,0.0357,0.0445,0.0442
"5022",113,"2023-02-07 18:55:00","BLDE",0.0925,0.0067,0.1519,0.1443,0.0385,0.0449,0.0489
"5023",114,"2023-02-27 17:10:00","BLDE",0.1117,0.02,0.2515,0.2427,0.0432,0.0446,0.0458
"5024",115,"2023-03-14 16:25:00","BLDE",0.1008,0.0062,0.1734,0.2407,0.0457,0.0492,0.0481
"5025",116,"2023-04-05 16:45:00","BLDE",0.0929,0.0089,0.2064,0.3881,0.0467,0.0473,0.0475
"5026",117,"2023-04-17 16:15:00","BLDE",0.0377,0.0072,0.2107,0.2421,0.04,0.0502,0.0678
"5027",118,"2023-04-25 15:54:00","BLDE",0.0324,0.0056,0.1806,0.2457,0.0321,0.0421,0.0438
"5028",119,"2023-05-03 18:45:00","BLDE",0.0293,0.0052,0.3061,0.3809,0.0432,0.0585,0.0787
"5029",120,"2023-05-17 15:50:00","BLDE",0.00383333333333333,0.0036,NA,NA,0.0307333333333333,0.0486333333333333,0.0735666666666667
"5030",121,"2023-05-17 15:50:00","BLDE",0.00383333333333333,0.0036,NA,NA,0.0307333333333333,0.0486333333333333,0.0735666666666667
"5031",122,"2023-05-17 15:50:00","BLDE",0.00383333333333333,0.0036,NA,NA,0.0307333333333333,0.0486333333333333,0.0735666666666667
"5032",123,"2023-05-23 16:16:00","BLDE",0.0022,0.0066,0.1737,0.2417,0.0313,0.0424,0.0662
"5033",124,"2023-05-30 16:50:00","BLDE",0.0025,0.0022,0.1418,0.1897,0.03,0.04,0.0497
"5034",125,"2023-06-06 17:50:00","BLDE",0.0042,0.0027,0.154,0.1674,0.0362,0.0392,0.0551
"5035",126,"2023-06-20 17:48:00","BLDE",0.0068,0.0011,0.2094,0.2381,0.0366,0.0393,0.0554
"5036",127,"2023-07-11 17:30:00","BLDE",0.0098,NA,0.1474,0.2064,0.0409,0.0431,0.055
"5037",128,"2023-07-18 17:30:00","BLDE",0.0085,6e-04,0.0949,0.1384,0.0411,0.0421,0.0543
"5038",129,"2023-08-09 15:40:00","BLDE",0.0095,NA,0.1192,0.1472,0.0408,0.0429,0.0484
"5039",130,"2023-08-23 15:45:00","BLDE",0.0123,0.0042,NA,0.1685,0.0479,0.0506,0.0578
"5040",131,"2023-11-20 18:09:00","BLDE",0.0077,3e-04,0.15,0.2,0.0252,0.0299,0.0376
"5041",132,"2023-12-05 18:34:00","BLDE",0.101966666666667,0.0035,0.23,0.28,0.0384666666666667,0.0404,0.0488
"5042",133,"2023-12-05 18:34:00","BLDE",0.101966666666667,0.0035,0.23,0.28,0.0384666666666667,0.0404,0.0488
"5043",134,"2023-12-05 18:34:00","BLDE",0.101966666666667,0.0035,0.23,0.28,0.0384666666666667,0.0404,0.0488
"5044",135,"2023-12-12 18:00:00","BLDE",0.0967,0.0044,0.17,0.22,0.0335,0.0425,0.0464
"5045",136,"2024-01-09 18:46:00","BLDE",0.1481,0.0175,0.23,0.26,0.0373,0.046,0.0507
"5046",137,"2024-02-13 17:52:00","BLDE",0.1079,0.0101,0.22,0.25,0.0376,0.0441,0.0568
"5047",138,"2024-02-28 18:59:00","BLDE",0.1083,0.0055,0.21,0.25,0.0393,0.0422,0.0577
"5048",139,"2024-03-13 17:58:00","BLDE",0.1086,0.0055,0.22,0.28,0.0478,0.0507,0.0636
"5049",140,"2024-04-08 15:53:00","BLDE",0.0188,0.0039,0.21,2.62,0.0487,0.0615,0.079
"5050",141,"2024-04-09 16:48:00","BLDE",0.027,0.0638,0.29,0.25,0.0486,0.0678,0.0687
"5051",142,"2024-04-29 16:55:00","BLDE",0.0104,0.0026,0.29,0.28,0.0304,0.0429,0.043
"5052",143,"2024-05-01 17:38:00","BLDE",0.0093,0.0015,0.29,0.26,0.0295,0.0381,0.0453
"5053",144,"2024-05-15 18:40:00","BLDE",0.0059,0.0019,0.25,0.03,0.0306,0.044,0.002
"5054",145,"2024-05-20 18:31:00","BLDE",0.00523333333333333,0.00153333333333333,0.2,0.166666666666667,0.0317666666666667,0.0338333333333333,0.0290333333333333
"5055",146,"2024-05-20 18:31:00","BLDE",0.00523333333333333,0.00153333333333333,0.2,0.166666666666667,0.0317666666666667,0.0338333333333333,0.0290333333333333
"5056",147,"2024-05-20 18:31:00","BLDE",0.00523333333333333,0.00153333333333333,0.2,0.166666666666667,0.0317666666666667,0.0338333333333333,0.0290333333333333
"5057",148,"2024-05-27 18:12:00","BLDE",0.002,0.0017,0.23,0.42,0.0239,0.0335,0.0609
"5058",149,"2024-06-03 18:50:00","BLDE",0.0042,7e-04,0.18,0.32,0.0317,0.0391,0.0117
"5059",150,"2024-06-10 18:48:00","BLDE",0.0026,6e-04,0.23,0.43,0.0294,0.0427,0.1442
"5060",151,"2024-06-12 17:45:00","BLDE",0.0051,0.0015,0.13,0.27,0.0343,0.0421,0.0715
"5061",152,"2024-06-17 18:37:00","BLDE",0.0055,0.0011,0.08,0.25,0.0347,0.0407,0.0452
"5062",153,"2024-07-08 18:22:00","BLDE",0.0063,0.0034,0.07,0.26,0.0395,0.0464,0.05
"5063",154,"2024-07-10 18:25:00","BLDE",0.0065,0.0032,0.16,0.24,0.0382,0.0498,0.0539
"5064",155,"2024-07-31 17:50:00","BLDE",0.0031,0.001,0.11,0.33,0.0391,0.0502,0.0556
"5065",156,"2024-08-20 17:30:00","BLDE",0.0067,0.0023,0.15,0.25,0.0468,0.0563,0.063
"5066",157,"2024-09-03 16:50:00","BLDE",0.007,0.0041,0.12,0.25,0.0485,0.054,0.1457
"5067",158,"2024-10-02 16:37:00","BLDE",0.00673333333333333,0.0023,0.196666666666667,0.253333333333333,0.0446333333333333,0.0454333333333333,1.09706666666667
"5068",159,"2024-10-02 16:37:00","BLDE",0.00673333333333333,0.0023,0.196666666666667,0.253333333333333,0.0446333333333333,0.0454333333333333,1.09706666666667
"5069",160,"2024-10-02 16:37:00","BLDE",0.00673333333333333,0.0023,0.196666666666667,0.253333333333333,0.0446333333333333,0.0454333333333333,1.09706666666667
"5070",161,"2024-11-05 17:23:00","BLDE",0.0017,0.0053,0.1,0.11,0.0272,0.0322,0.05
"5071",162,"2024-11-12 17:50:00","BLDE",0.0027,0.0058,0.1,0.09,0.0263,0.0315,0.04
"5072",163,"2024-11-19 18:30:00","BLDE",0.0202,0.0058,0.1,0.11,0.0274,0.0317,0.04
"5073",164,"2024-12-10 19:45:00","BLDE",0.0747,0.0065,0.16,0.15,0.0286,0.0334,0.04
"5074",165,"2025-01-07 19:43:00","BLDE",0.0962,0.0051,0.21,0.18,0.0336,0.0372,0.0526
"5075",166,"2025-03-05 18:03:00","BLDE",0.1215,0.0452,0.17,0.22,0.036,0.0413,0.0461
"5076",167,"2025-03-25 18:10:00","BLDE",0.0765,0.0058,0.14,0.29,0.0284,0.0422,0.0473
"5077",168,"2025-04-02 17:00:00","BLDE",0.0316,0.0047,0.17,0.38,0.0303,0.037,0.0574
"5078",169,"2025-05-05 18:50:00","BLDE",0.0054,0.0065,0.35,0.21,0.0282,0.0455,0.06
"5079",170,"2025-05-07 17:49:00","BLDE",0.0065,0.004,0.34,0.24,0.03,0.0456,0.0505
"5080",171,"2025-05-14 16:37:00","BLDE",0.00533333333333333,0.00316666666666667,0.243333333333333,0.146666666666667,0.0302666666666667,0.0386333333333333,0.0585666666666667
"5081",172,"2025-05-14 16:37:00","BLDE",0.00533333333333333,0.00316666666666667,0.243333333333333,0.146666666666667,0.0302666666666667,0.0386333333333333,0.0585666666666667
"5082",173,"2025-05-14 16:37:00","BLDE",0.00533333333333333,0.00316666666666667,0.243333333333333,0.146666666666667,0.0302666666666667,0.0386333333333333,0.0585666666666667
"5083",174,"2025-05-19 17:52:00","BLDE",0.0066,0.0032,0.24,0.15,0.0309,0.0449,0.05
"5084",175,"2025-05-28 18:01:00","BLDE",0.0061,0.0026,0.15,0.1,0.0331,0.0406,0.054
"5085",176,"2025-06-02 17:43:00","BLDE",0.0024,0.0032,0.18,0.1,0.0333,0.0476,0.0555
"5086",177,"2025-06-04 18:00:00","BLDE",0.0078,0.0045,0.16,0.08,0.0376,0.0424,0.05
"5087",178,"2025-06-09 17:23:00","BLDE",0.0098,0.0033,0.12,0.08,0.0339,0.0448,0.0509
"5088",179,"2025-06-11 16:50:00","BLDE",0.002,0.006,0.1,0.23,0.0369,0.0418,0.0621
"5089",180,"2025-06-18 17:25:00","BLDE",0.003,0.0054,0.1,0.17,0.038,0.0443,0.0534
"5090",181,"2025-07-16 19:00:00","BLDE",0.0037,0.005,0.1,0.22,0.045,0.0533,0.0643
"5091",182,"2025-08-05 17:30:00","BLDE",0.0022,0.0053,0.0567,0.1,0.0516,0.0588,0.0666
"5092",183,"2025-08-26 17:56:00","BLDE",0.0023,0.0042,0.1033,0.1,0.0544,0.0637,0.0777
"5093",184,"2025-09-03 18:58:00","BLDE",0.0017,0.0028,0.1,0.13,0.0511,0.0597,0.0766
"5094",185,"2025-09-30 17:59:00","BLDE",0.00113333333333333,0.0024,0.0911,0.0933333333333333,0.0407,0.0454,0.0591333333333333
"5095",186,"2025-09-30 17:59:00","BLDE",0.00113333333333333,0.0024,0.0911,0.0933333333333333,0.0407,0.0454,0.0591333333333333
"5096",187,"2025-09-30 17:59:00","BLDE",0.00113333333333333,0.0024,0.0911,0.0933333333333333,0.0407,0.0454,0.0591333333333333
"5097",188,"2025-11-24 19:10:00","BLDE",0.0043,0.004,0.14,0.54,0.0292,0.034,0.0574
"5098",189,"2025-12-01 20:00:00","BLDE",0.0069,0.0084,0.12,0.14,0.0268,0.0356,0.0431
"5099",190,"2025-12-03 19:00:00","BLDE",0.0045,0.0024,0.15,0.12,0.0263,0.0306,0.0409
"5100",191,"2025-12-08 20:35:00","BLDE",0.0239,0.0032,0.13,0.13,0.0277,0.0325,0.0455
"5101",1,"2017-04-12 17:32:00","COMO",0.035,0.007,0.2605,0.259,0.02,0.034,0.038
"5102",2,"2017-05-10 20:00:00","COMO",NA,0.029,0.1796,0.1791,0.018,0.004,0.005
"5103",3,"2017-05-17 17:35:00","COMO",NA,0.049,0.1668,0.2483,0.012,0.003,0.014
"5104",4,"2017-05-25 16:10:00","COMO",0.003,0.048,0.1663,0.1567,0.012,0.005,0.006
"5105",5,"2017-06-05 17:00:00","COMO",0.022,0.064,0.1533,0.1837,0.003,0.015,0.017
"5106",6,"2017-06-08 16:45:00","COMO",0.018,0.013,0.2026,0.198,0.004,0.009,0.011
"5107",7,"2017-06-12 15:20:00","COMO",0.02,0.005,0.1681,0.1645,0.003,0.007,0.009
"5108",8,"2017-06-14 17:20:00","COMO",0.02,0.068,0.2342,0.239,0.008,5e-04,0.001
"5109",9,"2017-06-20 15:30:00","COMO",0.005,0.09,0.2272,0.2002,0.027,5e-04,0.003
"5110",10,"2017-06-27 15:08:00","COMO",0.01,0.155,0.1166,0.0955,0.033,0.001,0.003
"5111",11,"2017-06-29 15:01:00","COMO",0.008,0.073,0.113,0.1085,0.044,0.0037,0.3588
"5112",12,"2017-07-06 15:43:00","COMO",0.02,0.202,0.1032,0.1212,0.026,0.0084,0.01
"5113",13,"2017-07-10 15:38:00","COMO",NA,NA,NA,NA,NA,0.0029,0.005
"5114",14,"2017-07-17 15:39:00","COMO",NA,0.091,0.1272,0.1384,0.023,0.0171,0.032
"5115",15,"2017-07-25 15:20:00","COMO",0.1224,0.0237,0.1321,0.0999,0.038,0.0116,0.0335
"5116",16,"2017-08-02 15:22:00","COMO",0.0475,0.0395,0.1416,0.1263,0.037,0.004,0.006
"5117",17,"2017-08-08 14:57:00","COMO",0.0464,0.0517,0.1889,0.2232,0.03,0.0078,0.0109
"5118",18,"2017-08-22 15:55:00","COMO",0.0529,0.0348,0.0106,0.0233,0.029,5e-04,0.001
"5119",19,"2017-09-11 15:35:00","COMO",0.0475,0.0242,0.0235,0.0437,0.021,8e-04,0.002
"5120",20,"2017-09-25 16:33:00","COMO",0.0317,0.10375,NA,NA,0.005,0.01385,0.03685
"5121",21,"2017-09-25 16:33:00","COMO",0.0317,0.10375,NA,NA,0.005,0.01385,0.03685
"5122",22,"2017-10-12 15:15:00","COMO",0.0273,0.1121,0.1882,0.1805,0.006,0.021,0.034
"5123",23,"2017-11-15 19:00:00","COMO",0.061,0.1167,NA,NA,0.019,0.02,0.022
"5124",24,"2017-12-11 17:20:00","COMO",0.0459,0.1067,0.1033,0.0564,0.009,0.009,0.013
"5125",25,"2018-01-16 19:09:00","COMO",0.0568,0.0917,0.1204,0.1429,0.028,0.001,0.005
"5126",26,"2018-02-20 18:20:00","COMO",0.0575,0.1171,0.1314,0.1396,0.032,5e-04,5e-04
"5127",27,"2018-03-20 16:47:00","COMO",0.0537,0.0097,0.0525,0.0551,0.038,0.001,0.005
"5128",28,"2018-04-24 17:03:00","COMO",0.0208,0.008,0.3314,0.3267,0.064,5e-04,0.0192
"5129",29,"2018-05-14 16:55:00","COMO",0.0081,0.0252,0.4359,0.45,0.018,0.0017,0.008
"5130",30,"2018-05-22 16:37:00","COMO",0.0087,0.0502,0.331,0.329,0.019,5e-04,0.0638
"5131",31,"2018-05-29 19:49:00","COMO",0.006,0.0092,0.3286,0.3138,0.019,5e-04,0.0597
"5132",32,"2018-06-04 18:10:00","COMO",0.0046,0.0069,0.1359,0.1258,0.009,5e-04,0.1066
"5133",33,"2018-06-11 15:15:00","COMO",0.004,0.0228,0.1359,0.1295,0.013,0.0162,0.007
"5134",34,"2018-06-13 15:24:00","COMO",0.0104,0.0271,0.1199,0.1211,0.032,5e-04,0.002
"5135",35,"2018-06-19 15:51:00","COMO",0.0337,0.0169,0.1431,0.1405,0.015,0.002,0.0741
"5136",36,"2018-06-21 16:05:00","COMO",0.004,0.0095,0.1456,0.1439,0.015,0.011,0.0238
"5137",37,"2018-06-26 15:25:00","COMO",0.0052,0.0053,0.2095,0.2473,0.018,5e-04,0.0345
"5138",38,"2018-06-28 17:11:00","COMO",0.002,NA,0.2253,0.2139,0.012,5e-04,0.0268
"5139",39,"2018-07-02 15:19:00","COMO",0.0042,0.0188,0.1962,0.2323,0.011,0.013,0.022
"5140",40,"2018-07-12 14:52:00","COMO",0.0037,NA,0.0863,0.092,0.012,0.004,0.043
"5141",41,"2018-07-17 16:46:00","COMO",0.0073,NA,0.0864,0.1105,0.011,5e-04,0.042
"5142",42,"2018-07-23 16:45:00","COMO",0.0167,0.0413,0.1295,0.1349,0.012,5e-04,0.003
"5143",43,"2018-08-06 14:57:00","COMO",0.0209,0.0571,0.1016,0.0996,0.012,5e-04,0.003
"5144",44,"2018-08-21 14:37:00","COMO",0.0186,0.0036,0.1184,0.1113,0.058,0.0088,0.012
"5145",45,"2018-08-23 15:05:00","COMO",0.0119,0.0119,0.1009,0.1276,0.015,0.0079,0.017
"5146",46,"2018-09-18 15:45:00","COMO",0.0154,0.015,0.0846,0.0853,0.048,0.0052,0.026
"5147",47,"2018-09-24 17:52:00","COMO",0.0112,0.0412,NA,0.0133,0.07,0.0082,0.01
"5148",48,"2018-10-17 15:58:00","COMO",0.0362,0.0312,0.0819,0.0817,0.025,0.019,0.0852
"5149",49,"2018-11-20 18:49:00","COMO",NA,NA,0.1805,0.1853,0.022,0.004,0.0484
"5150",50,"2018-12-17 16:10:00","COMO",0.0106,0.0058,0.0813,0.0841,0.019,0.002,0.0484
"5151",51,"2019-01-14 17:36:00","COMO",NA,0.0493,0.1802,0.2046,NA,0.005,0.185
"5152",52,"2019-02-19 16:43:00","COMO",NA,0.0669,0.2356,0.2744,0.301,0.056,0.501
"5153",53,"2019-03-19 17:00:00","COMO",NA,0.111333333333333,0.124966666666667,0.147833333333333,0.0526666666666667,0.00813333333333333,0.0913333333333333
"5154",54,"2019-03-19 17:00:00","COMO",NA,0.111333333333333,0.124966666666667,0.147833333333333,0.0526666666666667,0.00813333333333333,0.0913333333333333
"5155",55,"2019-03-19 17:00:00","COMO",NA,0.111333333333333,0.124966666666667,0.147833333333333,0.0526666666666667,0.00813333333333333,0.0913333333333333
"5156",56,"2019-04-23 17:05:00","COMO",0.0336,0.0465,0.2779,0.2694,0.032,0.0096,0.0192
"5157",57,"2019-05-13 18:17:00","COMO",NA,0.0241,0.3273,0.3468,0.028,5e-04,0.0113
"5158",58,"2019-05-21 16:30:00","COMO",0.0264,0.0444,0.2091,0.2668,0.042,5e-04,0.2739
"5159",59,"2019-05-28 20:42:00","COMO",0.0241,0.0417,0.1956,0.2055,0.046,5e-04,0.1721
"5160",60,"2019-06-03 16:41:00","COMO",NA,0.0691,0.251,0.2524,0.036,0.008,0.1443
"5161",61,"2019-06-10 16:52:00","COMO",NA,0.0608,0.2349,0.2737,0.039,5e-04,0.14
"5162",62,"2019-06-12 16:16:00","COMO",NA,0.0839,0.2657,0.1768,0.033,0.0061,0.1792
"5163",63,"2019-06-18 16:29:00","COMO",0.0093,0.0312,0.1642,0.183,0.052,0.0061,0.2361
"5164",64,"2019-06-20 15:41:00","COMO",0.0118,0.055,0.1874,0.1536,0.045,0.0155,0.181
"5165",65,"2019-06-25 15:49:00","COMO",0.0081,0.06425,0.1466,0.1504,0.019,0.01145,0.17545
"5166",66,"2019-06-25 15:49:00","COMO",0.0081,0.06425,0.1466,0.1504,0.019,0.01145,0.17545
"5167",67,"2019-06-27 16:10:00","COMO",0.007,0.02165,0.1563,0.1741,0.01915,0.01135,0.0726
"5168",68,"2019-06-27 16:10:00","COMO",0.007,0.02165,0.1563,0.1741,0.01915,0.01135,0.0726
"5169",69,"2019-07-08 16:17:00","COMO",0.00745,0.0211,0.1459,0.1587,0.01975,0.0044,0.2342
"5170",70,"2019-07-08 16:17:00","COMO",0.00745,0.0211,0.1459,0.1587,0.01975,0.0044,0.2342
"5171",71,"2019-07-11 14:59:00","COMO",0.0067,0.0196,0.1204,0.1787,0.0192,0.0167,0.19305
"5172",72,"2019-07-11 14:59:00","COMO",0.0067,0.0196,0.1204,0.1787,0.0192,0.0167,0.19305
"5173",73,"2019-07-16 16:50:00","COMO",0.015675,0.052475,0.138466666666667,0.165366666666667,0.024325,0.007775,0.202525
"5174",74,"2019-07-16 16:50:00","COMO",0.015675,0.052475,0.138466666666667,0.165366666666667,0.024325,0.007775,0.202525
"5175",75,"2019-07-16 16:50:00","COMO",0.015675,0.052475,0.138466666666667,0.165366666666667,0.024325,0.007775,0.202525
"5176",76,"2019-07-16 16:50:00","COMO",0.015675,0.052475,0.138466666666667,0.165366666666667,0.024325,0.007775,0.202525
"5177",77,"2019-07-22 15:34:00","COMO",0.0069,0.03755,0.1215,0.1029,0.02,0.0162,0.129
"5178",78,"2019-07-22 15:34:00","COMO",0.0069,0.03755,0.1215,0.1029,0.02,0.0162,0.129
"5179",79,"2019-08-05 16:20:00","COMO",0.00755,0.0571,0.1206,0.0982,0.0167,0.00545,0.1367
"5180",80,"2019-08-05 16:20:00","COMO",0.00755,0.0571,0.1206,0.0982,0.0167,0.00545,0.1367
"5181",81,"2019-08-20 16:23:00","COMO",0.02885,0.0208,0.0808,0.0976,0.00985,0.00565,0.03695
"5182",82,"2019-08-20 16:23:00","COMO",0.02885,0.0208,0.0808,0.0976,0.00985,0.00565,0.03695
"5183",83,"2019-08-22 15:45:00","COMO",0.01385,0.01445,0.1315,0.1152,NA,0.00945,0.1261
"5184",84,"2019-08-22 15:45:00","COMO",0.01385,0.01445,0.1315,0.1152,NA,0.00945,0.1261
"5185",85,"2019-09-17 16:15:00","COMO",0.0093,0.0218,0.1521,0.1048,0.0344,0.00725,0.1282
"5186",86,"2019-09-17 16:15:00","COMO",0.0093,0.0218,0.1521,0.1048,0.0344,0.00725,0.1282
"5187",87,"2019-09-24 17:06:00","COMO",0.0099,0.01725,0.085,0.0785,0.01785,0.0038,0.1421
"5188",88,"2019-09-24 17:06:00","COMO",0.0099,0.01725,0.085,0.0785,0.01785,0.0038,0.1421
"5189",89,"2019-10-15 16:00:00","COMO",0.00185,0.01855,0.0417,0.0703,0.02565,0.01075,0.0429
"5190",90,"2019-10-15 16:00:00","COMO",0.00185,0.01855,0.0417,0.0703,0.02565,0.01075,0.0429
"5191",91,"2019-11-19 18:15:00","COMO",0.03405,0.018625,0.0857333333333333,0.0873666666666667,0.006525,0.00215,0.072425
"5192",92,"2019-11-19 18:15:00","COMO",0.03405,0.018625,0.0857333333333333,0.0873666666666667,0.006525,0.00215,0.072425
"5193",93,"2019-11-19 18:15:00","COMO",0.03405,0.018625,0.0857333333333333,0.0873666666666667,0.006525,0.00215,0.072425
"5194",94,"2019-11-19 18:15:00","COMO",0.03405,0.018625,0.0857333333333333,0.0873666666666667,0.006525,0.00215,0.072425
"5195",95,"2019-12-17 17:45:00","COMO",0.0803,0.0382,0.146,0.1428,0.0059,0.002,0.014
"5196",96,"2020-01-14 16:30:00","COMO",NA,NA,NA,NA,NA,NA,0.038
"5197",97,"2020-02-11 18:56:00","COMO",0.0947,0.0495,0.094,0.0987,0.0339,5e-04,0.008
"5198",98,"2020-03-10 16:14:00","COMO",0.0797333333333333,0.2375,0.237933333333333,0.245,0.0244333333333333,0.00766666666666667,0.0143333333333333
"5199",99,"2020-03-10 16:14:00","COMO",0.0797333333333333,0.2375,0.237933333333333,0.245,0.0244333333333333,0.00766666666666667,0.0143333333333333
"5200",100,"2020-03-10 16:14:00","COMO",0.0797333333333333,0.2375,0.237933333333333,0.245,0.0244333333333333,0.00766666666666667,0.0143333333333333
"5201",101,"2020-06-09 15:48:00","COMO",0.0091,0.005,0.2441,0.2546,0.004,0.0099,0.0144
"5202",102,"2020-06-11 17:04:00","COMO",0.0021,0.0048,0.2485,0.2133,0.0019,0.0086,0.0103
"5203",103,"2020-06-17 18:32:00","COMO",0.0026,0.005,0.2512,0.2269,0.0035,0.0103,0.0117
"5204",104,"2020-06-22 16:25:00","COMO",0.002,0.0027,0.1639,0.2906,0.0025,0.0083,0.0098
"5205",105,"2020-06-25 15:17:00","COMO",0.0019,0.0024,0.2007,0.2892,0.0029,0.0105,0.0138
"5206",106,"2020-06-30 17:13:00","COMO",0.002,0.0031,0.1391,0.1371,0.0027,0.0094,0.0114
"5207",107,"2020-07-06 17:54:00","COMO",0.0024,0.0051,0.2336,0.1273,0.0016,0.0093,0.0101
"5208",108,"2020-07-08 16:33:00","COMO",0.0026,0.0063,0.1244,0.1357,0.0015,0.0104,0.0095
"5209",109,"2020-07-14 16:47:00","COMO",0.0046,0.0075,0.126366666666667,0.142633333333333,0.0018,0.0093,0.0109
"5210",110,"2020-07-16 15:21:00","COMO",0.0032,0.0057,0.1116,0.1328,0.0012,0.0081,0.0095
"5211",111,"2020-07-20 19:54:00","COMO",0.0035,0.0053,0.1425,0.1535,0.0011,0.0078,0.0122
"5212",112,"2020-07-29 15:16:00","COMO",0.0042,0.0087,0.1295,0.1381,0.0011,0.0083,0.0091
"5213",113,"2020-08-07 02:54:00","COMO",0.0064,0.0055,0.2063,0.1625,0.0023,0.0079,0.0087
"5214",114,"2020-08-11 16:05:00","COMO",0.0077,0.0072,0.1164,0.1228,0.0018,0.0069,0.0076
"5215",115,"2020-08-24 16:08:00","COMO",0.0075,0.0084,0.117,0.1247,0.001,0.0088,0.0083
"5216",116,"2020-09-09 15:16:00","COMO",0.018,0.0079,0.0928,0.0913,0.0018,0.0059,0.0071
"5217",117,"2020-09-23 16:20:00","COMO",0.0096,0.006,0.0955,0.1073,3e-04,0.0063,0.0088
"5218",118,"2020-10-13 14:40:00","COMO",0.0032,0.0059,0.0119666666666667,0.0813333333333333,9e-04,0.0059,0.0201
"5219",119,"2020-11-16 17:41:00","COMO",0.0541,0.0035,0.0558,0.0578,0.0012,0.0076,0.0078
"5220",120,"2020-12-08 16:40:00","COMO",0.0926,0.0067,0.1649,0.1555,0.002,0.0106,0.0091
"5221",121,"2021-01-14 18:30:00","COMO",0.0716,0.0196,0.292,0.3463,0.0049,0.0149,0.0155
"5222",122,"2021-03-09 16:58:00","COMO",0.0464,0.0052,0.1478,0.159233333333333,0.0025,0.00973333333333333,0.00996666666666667
"5223",123,"2021-03-09 16:58:00","COMO",0.0464,0.0052,0.1478,0.159233333333333,0.0025,0.00973333333333333,0.00996666666666667
"5224",124,"2021-03-09 16:58:00","COMO",0.0464,0.0052,0.1478,0.159233333333333,0.0025,0.00973333333333333,0.00996666666666667
"5225",125,"2021-04-13 17:37:00","COMO",0.0346,0.006,0.3084,0.3524,0.0077,0.029,0.0316
"5226",126,"2021-05-11 16:44:00","COMO",0.0198,0.0086,0.2542,0.3138,0.0031,0.0233,0.0192
"5227",127,"2021-05-17 16:28:00","COMO",0.0133,0.0076,0.2811,0.3813,0.0044,0.0216,0.022
"5228",128,"2021-06-01 19:39:00","COMO",0.0072,0.0063,0.2193,0.2046,0.0017,0.0134,0.017
"5229",129,"2021-06-08 17:16:00","COMO",0.0051,0.0045,0.205,0.2164,0.0015,0.0108,0.0151
"5230",130,"2021-06-10 19:11:00","COMO",0.0038,0.0039,0.183,0.2144,0.001,0.0123,0.0138
"5231",131,"2021-06-16 15:17:00","COMO",0.0031,0.0046,0.1216,0.1402,0.0021,0.0212,0.0106
"5232",132,"2021-06-21 16:20:00","COMO",0.0032,0.0043,0.1154,0.139,0.0019,0.0085,0.01
"5233",133,"2021-06-24 16:13:00","COMO",0.003,0.0043,0.1233,0.1175,0.0025,0.008,0.0097
"5234",134,"2021-06-30 16:03:00","COMO",0.0023,0.0055,0.1565,0.1383,0.0011,0.0122,0.0107
"5235",135,"2021-07-06 15:27:00","COMO",0.0036,0.0046,0.1896,0.1516,0.002,0.0102,0.0097
"5236",136,"2021-07-13 15:09:00","COMO",0.0035,0.0029,0.0629,0.087,0.0019,0.0079,0.0098
"5237",137,"2021-07-15 15:34:00","COMO",0.0048,0.0051,0.1052,0.1043,0.0014,0.0074,0.0082
"5238",138,"2021-07-20 18:34:00","COMO",0.0032,0.0026,0.1103,0.0934,4e-04,0.0088,0.0078
"5239",139,"2021-08-05 15:40:00","COMO",0.0035,0.0033,0.0964,0.1,0.0013,0.0082,0.0138
"5240",140,"2021-08-10 18:44:00","COMO",0.006,0.0047,0.0505,0.098,0.0017,0.0067,0.0119
"5241",141,"2021-08-25 14:45:00","COMO",0.0112,0.0058,0.0603,0.0718,0.0029,0.0047,0.0102
"5242",142,"2021-09-14 17:01:00","COMO",0.0178,0.0053,0.055,0.048,0.0034,0.0083,0.0231
"5243",143,"2021-09-22 15:59:00","COMO",0.0231,0.0036,0.0564,0.0564,0.0019,0.005,0.0109
"5244",144,"2021-10-12 15:50:00","COMO",0.0197,0.0028,0.0387,0.0401,0.0026,0.0045,0.0113
"5245",145,"2021-11-09 17:55:00","COMO",0.023,0.0038,0.0973,0.1225,9e-04,0.0147,0.037
"5246",146,"2021-12-14 19:01:00","COMO",0.078,0.0049,0.1549,0.1567,0.001,0.0102,0.0142
"5247",147,"2022-01-13 16:22:00","COMO",0.0737,0.0034,0.1825,0.1991,0.0013,0.0114,0.0131
"5248",148,"2022-02-08 17:04:00","COMO",0.08,0.0024,0.0876,0.0692,0.0051,0.0089,0.0165
"5249",149,"2022-03-08 16:24:00","COMO",0.0732,0.0051,0.1784,0.0865,0.0051,0.0108,0.0101
"5250",150,"2022-04-19 17:50:00","COMO",0.0702,0.0038,0.3611,0.39,0.0055,0.0156,0.0181
"5251",151,"2022-05-10 15:09:00","COMO",0.0526,0.0198,0.3692,0.378833333333333,0.00386666666666667,0.0189,0.0257666666666667
"5252",152,"2022-05-10 15:09:00","COMO",0.0526,0.0198,0.3692,0.378833333333333,0.00386666666666667,0.0189,0.0257666666666667
"5253",153,"2022-05-10 15:09:00","COMO",0.0526,0.0198,0.3692,0.378833333333333,0.00386666666666667,0.0189,0.0257666666666667
"5254",154,"2022-05-17 16:22:00","COMO",0.0117,0.0249,0.2443,0.2929,0.0021,0.0155,0.02
"5255",155,"2022-05-26 17:55:00","COMO",0.0122,0.0195,0.2856,0.2991,0.0024,0.0104,0.0117
"5256",156,"2022-06-02 15:55:00","COMO",0.0051,0.0064,0.0837,0.1682,0.0019,0.0094,0.0101
"5257",157,"2022-06-07 15:05:00","COMO",0.0045,0.009,0.1771,0.1297,0.002,0.0126,0.0168
"5258",158,"2022-06-09 14:38:00","COMO",0.0051,0.0158,0.1698,0.2218,0.0018,0.0097,0.0149
"5259",159,"2022-06-15 15:12:00","COMO",0.0057,0.025,0.174,0.2078,0.0011,0.0083,0.0132
"5260",160,"2022-06-21 14:56:00","COMO",0.0024,0.0039,0.1735,0.1862,0.0014,0.0071,0.0106
"5261",161,"2022-06-23 14:34:00","COMO",0.0041,0.014,0.107,0.1188,0.0011,0.0078,0.0181
"5262",162,"2022-06-29 16:33:00","COMO",0.0017,0.0055,0.1207,0.1425,0.0021,0.0068,0.0115
"5263",163,"2022-07-14 16:09:00","COMO",0.003,0.0017,0.1792,0.1249,0.0016,0.0072,0.0118
"5264",164,"2022-07-20 17:26:00","COMO",0.0057,0.0098,0.1425,0.231,0.0027,0.0057,0.0143
"5265",165,"2022-08-04 14:36:00","COMO",0.0045,0.0023,0.1139,0.0963,0.0024,0.006,0.0096
"5266",166,"2022-08-09 15:24:00","COMO",0.006,0.0021,0.088,0.106,0.0022,0.0056,0.0103
"5267",167,"2022-09-14 14:48:00","COMO",0.0163,0.0095,0.1475,0.137,0.0038,0.0083,0.01145
"5268",168,"2022-10-11 14:55:00","COMO",0.0054,0.00296666666666667,0.115633333333333,0.129966666666667,0.00183333333333333,0.00546666666666667,0.00565
"5269",169,"2022-10-11 14:55:00","COMO",0.0054,0.00296666666666667,0.115633333333333,0.129966666666667,0.00183333333333333,0.00546666666666667,0.00565
"5270",170,"2022-10-11 14:55:00","COMO",0.0054,0.00296666666666667,0.115633333333333,0.129966666666667,0.00183333333333333,0.00546666666666667,0.00565
"5271",171,"2022-11-14 17:41:00","COMO",0.0618,0.002,0.0523,0.0425,0.002,0.0071,0.00545
"5272",172,"2022-12-12 16:31:00","COMO",0.0805,0.0049,0.1114,0.1343,0.0028,0.0073,0.0097
"5273",173,"2023-01-10 19:33:00","COMO",0.0788,0.0043,0.1303,0.1713,0.0026,0.0086,0.011
"5274",174,"2023-02-21 17:58:00","COMO",0.0802,0.0041,0.1392,0.1612,0.0033,0.0087,0.0109
"5275",175,"2023-03-14 16:09:00","COMO",0.0838,0.0082,0.1899,0.2067,0.0032,0.0076,0.0092
"5276",176,"2023-04-11 15:25:00","COMO",0.171666666666667,0.0222,0.511366666666667,0.481733333333333,0.00763333333333333,0.038,0.0397333333333333
"5277",177,"2023-04-11 15:25:00","COMO",0.171666666666667,0.0222,0.511366666666667,0.481733333333333,0.00763333333333333,0.038,0.0397333333333333
"5278",178,"2023-04-11 15:25:00","COMO",0.171666666666667,0.0222,0.511366666666667,0.481733333333333,0.00763333333333333,0.038,0.0397333333333333
"5279",179,"2023-05-09 16:04:00","COMO",0.0272,0.0079,0.2644,0.2874,0.0046,0.0155,0.0218
"5280",180,"2023-05-17 17:17:00","COMO",0.0105,0.0076,0.2699,0.3628,0.0042,0.0166,0.0249
"5281",181,"2023-05-22 17:07:00","COMO",0.009,0.0132,0.2059,0.2249,0.0026,0.0124,0.0172
"5282",182,"2023-05-24 15:52:00","COMO",0.0096,0.0094,0.2044,0.2783,0.0027,0.0119,0.0159
"5283",183,"2023-05-31 18:19:00","COMO",0.0052,0.0057,0.2311,0.1986,0.0027,0.0106,0.0149
"5284",184,"2023-06-05 19:18:00","COMO",0.0034,0.0052,0.232,0.2025,0.0022,0.0106,0.0141
"5285",185,"2023-06-08 16:00:00","COMO",0.0101,0.0394,0.247,0.2061,0.0035,0.0177,0.0182
"5286",186,"2023-06-13 16:35:00","COMO",0.0044,0.0052,0.169,0.2022,0.0035,0.0087,0.0116
"5287",187,"2023-06-15 14:49:00","COMO",0.0041,0.0114,0.1458,0.1984,0.0032,0.009,0.0109
"5288",188,"2023-06-19 16:36:00","COMO",0.0077,0.0403,0.1814,0.1842,0.003,0.0104,0.0108
"5289",189,"2023-06-21 15:11:00","COMO",0.0044,0.0048,0.2084,0.2335,0.0033,0.0088,0.0118
"5290",190,"2023-06-26 15:35:00","COMO",0.0039,0.0134,0.2061,0.1918,0.003,0.0088,0.0147
"5291",191,"2023-06-28 17:17:00","COMO",0.0027,0.0043,0.1739,0.1944,0.0032,0.0121,0.0141
"5292",192,"2023-07-03 18:09:00","COMO",0.0058,0.0323,0.1816,0.1929,0.0039,0.0128,0.0124
"5293",193,"2023-07-05 15:15:00","COMO",0.0026,0.0039,0.2283,0.2234,0.0025,0.0114,0.0194
"5294",194,"2023-07-10 17:55:00","COMO",0.0026,0.0035,0.1828,0.2019,0.0032,0.0099,0.0137
"5295",195,"2023-07-20 18:53:00","COMO",0.0032,0.0044,0.1689,0.2098,0.0023,0.0102,0.0199
"5296",196,"2023-08-08 19:11:00","COMO",0.0198,0.0059,0.1172,0.1272,0.0034,0.0068,0.0156
"5297",197,"2023-09-12 17:08:00","COMO",0.0079,0.0015,0.0905,0.1137,0.0144,0.0169,0.0098
"5298",198,"2023-10-10 14:44:00","COMO",0.0494,0.00326666666666667,0.1211,0.1215,0.0094,0.0105,0.0105
"5299",199,"2023-10-10 14:44:00","COMO",0.0494,0.00326666666666667,0.1211,0.1215,0.0094,0.0105,0.0105
"5300",200,"2023-10-10 14:44:00","COMO",0.0494,0.00326666666666667,0.1211,0.1215,0.0094,0.0105,0.0105
"5301",201,"2023-11-15 16:29:00","COMO",0.0506,0.0029,0.17,0.26,0.0032,0.0073,0.009
"5302",202,"2023-12-12 17:00:00","COMO",0.0597,0.0024,0.16,0.24,0.0037,0.0069,0.0093
"5303",203,"2024-02-13 16:07:00","COMO",0.0601,0.0133,0.17,0.19,0.0113,0.028,0.0081
"5304",204,"2024-03-12 15:06:00","COMO",0.0556,0.0150333333333333,0.17,0.23,0.0031,0.0226,0.0108333333333333
"5305",205,"2024-03-12 15:06:00","COMO",0.0556,0.0150333333333333,0.17,0.23,0.0031,0.0226,0.0108333333333333
"5306",206,"2024-03-12 15:06:00","COMO",0.0556,0.0150333333333333,0.17,0.23,0.0031,0.0226,0.0108333333333333
"5307",207,"2024-04-17 16:07:00","COMO",0.0399,0.0074,0.4,0.43,0.0062,0.019,0.0255
"5308",208,"2024-05-07 16:04:00","COMO",0.0344,0.0067,0.37,0.4,0.0061,0.0175,0.0234
"5309",209,"2024-05-15 16:14:00","COMO",0.031,0.0046,0.35,0.46,0.0061,0.0196,0.0244
"5310",210,"2024-05-22 16:15:00",NA,NA,NA,NA,0.31,NA,NA,0.0204
"5311",211,"2024-05-28 20:31:00","COMO",0.0088,0.0082,0.24,0.28,0.0068,0.0164,0.0231
"5312",212,"2024-06-03 15:45:00","COMO",0.0053,0.0148,0.25,0.34,0.0032,0.0112,0.0205
"5313",213,"2024-06-06 15:05:00","COMO",0.0048,0.0093,0.28,0.28,0.0033,0.0115,0.0211
"5314",214,"2024-06-10 18:54:00","COMO",0.0043,0.0171,0.17,0.23,0.0031,0.0085,0.0169
"5315",215,"2024-06-11 16:18:00","COMO",0.0023,0.0073,0.17,0.22,0.0025,0.0078,0.0121
"5316",216,"2024-06-13 16:20:00","COMO",0.0021,0.0052,0.17,0.19,0.0025,0.0069,0.0121
"5317",217,"2024-06-17 15:17:00","COMO",0.0015,0.0038,0.14,0.18,0.0028,0.007,0.0117
"5318",218,"2024-06-19 15:31:00","COMO",0.0014,0.004,0.15,0.17,0.0028,0.0071,0.0098
"5319",219,"2024-06-24 16:28:00","COMO",0.0024,0.0025,0.13,0.17,0.003,0.0067,0.0112
"5320",220,"2024-06-26 15:10:00","COMO",0.0027,0.0027,0.12,0.18,0.0032,0.0068,0.0123
"5321",221,"2024-07-01 15:13:00","COMO",0.0041,0.0083,0.15,0.19,0.0051,0.009,0.0133
"5322",222,"2024-07-10 15:02:00","COMO",0.0062,0.0048,0.12,0.27,0.0017,0.0074,0.0091
"5323",223,"2024-07-11 14:31:00","COMO",0.0116,0.0317,0.13,0.09,0.0017,0.0097,0.0085
"5324",224,"2024-07-23 15:49:00","COMO",0.0035,0.005,0.14,0.15,0.0022,0.0078,0.0094
"5325",225,"2024-08-06 18:48:00","COMO",0.0087,0.004,0.14,0.52,0.0035,0.0086,0.0094
"5326",226,"2024-09-10 15:39:00","COMO",0.0189,0.0095,0.09,0.08,0.0011,0.0048,0.0093
"5327",227,"2024-10-08 14:57:00","COMO",0.0152333333333333,0.00743333333333333,0.05,0.0833333333333333,0.0013,0.0044,0.0148666666666667
"5328",228,"2024-10-08 14:57:00","COMO",0.0152333333333333,0.00743333333333333,0.05,0.0833333333333333,0.0013,0.0044,0.0148666666666667
"5329",229,"2024-10-08 14:57:00","COMO",0.0152333333333333,0.00743333333333333,0.05,0.0833333333333333,0.0013,0.0044,0.0148666666666667
"5330",230,"2024-11-19 16:24:00","COMO",0.0593,0.0032,0.17,0.56,0.0039,0.0063,0.0133
"5331",231,"2024-12-10 18:45:00","COMO",0.0772,0.0022,0.16,0.79,0.0041,0.0062,0.0658
"5332",232,"2025-01-14 17:24:00","COMO",0.0861,0.0072,0.18,0.96,0.0085,0.0187,0.1406
"5333",233,"2025-02-03 16:33:00","COMO",0.0842,0.0049,0.15,1.37,0.0068,0.0043,0.1311
"5334",234,"2025-03-12 15:05:00","COMO",0.077,0.00493333333333333,0.143333333333333,0.203333333333333,0.0028,0.007,0.00956666666666667
"5335",235,"2025-03-12 15:05:00","COMO",0.077,0.00493333333333333,0.143333333333333,0.203333333333333,0.0028,0.007,0.00956666666666667
"5336",236,"2025-03-12 15:05:00","COMO",0.077,0.00493333333333333,0.143333333333333,0.203333333333333,0.0028,0.007,0.00956666666666667
"5337",237,"2025-04-08 15:50:00","COMO",0.0743,0.0082,0.26,0.37,0.0025,0.0098,0.0155
"5338",238,"2025-05-14 17:37:00","COMO",0.0134,0.0025,0.26,0.33,0.0036,0.0111,0.0186
"5339",239,"2025-05-21 16:49:00","COMO",0.0121,0.0016,0.22,0.18,0.0026,0.0079,0.0151
"5340",240,"2025-05-28 17:56:00","COMO",0.0061,0.0017,0.22,0.21,0.0022,0.0086,0.0152
"5341",241,"2025-06-02 18:31:00","COMO",0.0042,0.0018,0.31,0.34,0.003,0.0104,0.0176
"5342",242,"2025-06-03 17:35:00","COMO",0.0039,0.0023,0.27,0.38,0.0033,0.0103,0.0217
"5343",243,"2025-06-05 14:34:00","COMO",0.004,0.0022,0.24,0.3,0.0031,0.0075,0.0141
"5344",244,"2025-06-09 18:14:00","COMO",0.0066,0.0044,0.2,0.2,0.0027,0.0073,0.0127
"5345",245,"2025-06-10 16:54:00","COMO",0.003,0.0032,0.2,0.19,0.0022,0.0074,0.0115
"5346",246,"2025-06-11 16:26:00","COMO",0.0032,0.0032,0.19,0.31,0.0024,0.0078,0.0121
"5347",247,"2025-06-16 15:27:00","COMO",0.0031,0.0024,0.18,0.2,0.0022,0.0073,0.0107
"5348",248,"2025-06-17 15:55:00","COMO",0.0029,0.0023,0.18,0.2,0.0023,0.0071,0.0105
"5349",249,"2025-06-24 15:41:00","COMO",0.0051,0.0014,0.17,0.19,4e-04,0.0073,0.0107
"5350",250,"2025-06-26 15:11:00","COMO",0.0042,0.0021,0.15,0.25,0.003,0.0073,0.0136
"5351",251,"2025-07-02 14:53:00","COMO",0.0075,0.0022,0.17,0.22,0.0035,0.0072,0.0108
"5352",252,"2025-07-08 15:00:00","COMO",0.0047,0.0016,0.14,0.21,0.0018,0.0063,0.0106
"5353",253,"2025-07-09 17:28:00","COMO",0.008,0.0012,0.14,0.24,0.0027,0.0062,0.0102
"5354",254,"2025-07-22 16:56:00","COMO",0.0141,0.0262,0.12,0.07,0.0034,0.0069,0.0109
"5355",255,"2025-08-13 15:50:00","COMO",0.0149,0.0244,0.09,0.15,0.003,0.0052,0.0074
"5356",256,"2025-09-10 14:39:00","COMO",0.0262,0.0181,0.11,0.09,0.0013,0.0061,0.0079
"5357",257,"2025-10-14 14:35:00","COMO",0.0380333333333333,0.0390666666666667,0.146666666666667,0.183333333333333,NA,0.00623333333333333,0.0137666666666667
"5358",258,"2025-10-14 14:35:00","COMO",0.0380333333333333,0.0390666666666667,0.146666666666667,0.183333333333333,NA,0.00623333333333333,0.0137666666666667
"5359",259,"2025-10-14 14:35:00","COMO",0.0380333333333333,0.0390666666666667,0.146666666666667,0.183333333333333,NA,0.00623333333333333,0.0137666666666667
"5360",260,"2025-11-11 16:45:00","COMO",0.043,0.0013,0.14,0.16,0.0044,0.0049,0.0083
"5361",261,"2025-12-10 16:01:00","COMO",0.0916,0.0995,0.19,0.16,0.0039,0.0062,0.0165
"5362",1,"2017-05-03 10:50:00","WLOU",NA,0.026,0.1682,0.1331,0.014,0.0015,0.003
"5363",2,"2017-05-09 10:39:00","WLOU",0.009,0.022,0.101,0.0947,0.016,0.002,0.003
"5364",3,"2017-05-22 11:36:00","WLOU",0.005,0.034,0.0974,0.0133,0.01,0.003,0.005
"5365",4,"2017-05-30 10:56:00","WLOU",0.026,0.072,0.1256,0.0133,0.002,0.013,0.015
"5366",5,"2017-06-08 16:16:00","WLOU",0.027,0.014,0.1664,0.1672,0.001,0.016,0.018
"5367",6,"2017-06-12 17:45:00","WLOU",0.024,0.002,0.1122,0.127,0.001,0.006,0.007
"5368",7,"2017-06-15 15:15:00","WLOU",NA,NA,0.1273,NA,NA,NA,NA
"5369",8,"2017-06-19 16:38:00","WLOU",0.038,0.04,0.5116,0.1254,0.002,5e-04,0.002
"5370",9,"2017-06-22 16:14:00","WLOU",0.006,0.196,0.1279,0.0927,0.022,0.0043,0.0541
"5371",10,"2017-06-26 17:23:00","WLOU",0.013,0.118,0.1224,0.1283,0.024,5e-04,0.044
"5372",11,"2017-06-29 15:39:00","WLOU",0.016,0.081,0.0753,0.0591,0.043,6e-04,0.003
"5373",12,"2017-07-13 15:15:00","WLOU",NA,0.059,0.1046,0.0997,0.022,0.001,0.002
"5374",13,"2017-07-31 14:22:00","WLOU",0.0474,0.0251,0.0845,0.1005,0.037,0.0158,0.0283
"5375",14,"2017-08-10 14:52:00","WLOU",0.0428,0.0266,0.0775,0.0501,0.029,5e-04,0.0153
"5376",15,"2017-09-07 14:25:00","WLOU",0.0162,0.0202,0.0255,0.0115,0.02,0.0032,0.006
"5377",16,"2017-09-14 14:35:00","WLOU",0.0189,0.1046,NA,0.2672,0.006,8e-04,0.002
"5378",17,"2017-10-10 18:55:00","WLOU",0.02475,0.10365,0.10535,0.10025,0.005,0.002,0.025
"5379",18,"2017-10-10 18:55:00","WLOU",0.02475,0.10365,0.10535,0.10025,0.005,0.002,0.025
"5380",19,"2017-10-31 16:38:00","WLOU",0.0187,0.173,NA,NA,0.017,0.001,0.055
"5381",20,"2017-11-14 16:55:00","WLOU",0.374,0.1133,NA,NA,0.013,0.004,0.006
"5382",21,"2017-12-13 17:30:00","WLOU",0.0516,0.2159,NA,NA,0.01,0.009,0.012
"5383",22,"2018-01-09 17:20:00","WLOU",0.0464,0.0857,0.0429,0.0301,0.065,0.01,0.013
"5384",23,"2018-02-13 16:22:00","WLOU",0.0441,0.1097,NA,NA,0.051,0.002,0.003
"5385",24,"2018-03-13 17:03:00","WLOU",0.0317,NA,NA,NA,0.086,0.03,0.031
"5386",25,"2018-03-22 15:44:00","WLOU",0.0324,0.0021,NA,NA,0.029,0.013,0.014
"5387",26,"2018-04-17 15:10:00","WLOU",0.03,0.008,0.17,0.1468,0.029,0.021,0.025
"5388",27,"2018-05-01 14:44:00","WLOU",0.0094,0.0267,0.3019,0.3134,0.017,0.004,0.0339
"5389",28,"2018-05-08 15:05:00","WLOU",0.0071,0.0223,0.321,0.3262,0.019,5e-04,0.0513
"5390",29,"2018-05-17 14:20:00","WLOU",0.0207,0.0062,0.2661,0.2633,0.018,5e-04,0.005
"5391",30,"2018-05-31 15:15:00","WLOU",0.0213,0.008,0.0945,0.1128,0.011,5e-04,0.0039
"5392",31,"2018-06-07 16:44:00","WLOU",0.0141,0.017,0.0865,0.0804,0.019,5e-04,0.0203
"5393",32,"2018-06-12 16:15:00","WLOU",0.0109,0.0437,0.0752,0.0682,0.025,0.0162,0.021
"5394",33,"2018-06-14 18:38:00","WLOU",0.0081,0.0394,0.0866,0.0972,0.017,5e-04,0.004
"5395",34,"2018-06-18 16:14:00","WLOU",0.0116,0.0512,0.0489,0.0667,0.016,0.0176,0.031
"5396",35,"2018-06-20 14:29:00","WLOU",0.0368,0.0091,0.0656,0.0637,0.012,5e-04,0.0569
"5397",36,"2018-06-27 18:35:00","WLOU",0.0348,0.0113,0.1544,0.1378,0.013,5e-04,0.0394
"5398",37,"2018-07-05 18:35:00","WLOU",0.0156,NA,0.1545,0.1652,0.009,5e-04,0.045
"5399",38,"2018-07-10 15:57:00","WLOU",0.0334,0.0143,0.1199,0.0713,0.011,5e-04,0.102
"5400",39,"2018-07-18 16:38:00","WLOU",0.0323,0.0443,0.1482,0.1361,0.013,0.01,0.035
"5401",40,"2018-07-30 16:30:00","WLOU",0.0177,0.0236,0.1047,0.0777,0.011,5e-04,0.01
"5402",41,"2018-08-16 13:46:00","WLOU",0.0116,0.0157,0.062,0.0844,0.012,0.0051,0.007
"5403",42,"2018-09-06 18:14:00","WLOU",0.0108,0.0462,NA,NA,0.013,0.0013,0.001
"5404",43,"2018-09-11 17:30:00","WLOU",0.0179,0.0117,NA,NA,0.064,5e-04,0.002
"5405",44,"2018-10-09 17:09:00","WLOU",0.018,0.0428,0.1818,0.1482,0.346,5e-04,0.0897
"5406",45,"2018-10-30 16:07:00","WLOU",NA,NA,0.1159,0.187,0.023,5e-04,0.021
"5407",46,"2018-11-13 19:15:00","WLOU",NA,0.0614,NA,NA,0.203,0.004,0.1054
"5408",47,"2018-12-11 16:45:00","WLOU",0.0193,0.112,NA,NA,0.208,0.005,0.0727
"5409",48,"2019-01-08 18:18:00","WLOU",NA,NA,0.1177,0.1356,0.015,0.003,0.1434
"5410",49,"2019-02-11 20:12:00","WLOU",NA,0.0273,0.1111,0.1444,0.3,0.002,0.0083
"5411",50,"2019-03-12 17:18:00","WLOU",NA,0.111,0.1057,0.109666666666667,0.0406666666666667,0.0138666666666667,0.208666666666667
"5412",51,"2019-03-12 17:18:00","WLOU",NA,0.111,0.1057,0.109666666666667,0.0406666666666667,0.0138666666666667,0.208666666666667
"5413",52,"2019-03-12 17:18:00","WLOU",NA,0.111,0.1057,0.109666666666667,0.0406666666666667,0.0138666666666667,0.208666666666667
"5414",53,"2019-03-18 16:15:00","WLOU",NA,0.0957,0.1207,0.1027,0.114,5e-04,0.266
"5415",54,"2019-04-16 17:37:00","WLOU",0.594,0.0415,0.0647,0.0402,0.037,0.0043,0.1372
"5416",55,"2019-05-02 18:00:00","WLOU",0.0232,0.0218,0.1162,0.1071,0.038,0.0025,0.0388
"5417",56,"2019-05-07 19:17:00","WLOU",0.0224,0.022,0.1239,0.0905,0.022,5e-04,0.1622
"5418",57,"2019-05-16 15:45:00","WLOU",0.0208,0.102,0.161,0.1589,0.031,5e-04,0.0036
"5419",58,"2019-05-30 15:51:00","WLOU",NA,0.0504,0.0876,0.0311,0.034,0.008,0.0348
"5420",59,"2019-06-06 17:15:00","WLOU",NA,0.0457,0.1607,0.1558,0.033,5e-04,0.1351
"5421",60,"2019-06-11 16:52:00","WLOU",NA,0.056,0.1831,0.1876,0.032,5e-04,0.2093
"5422",61,"2019-06-13 14:00:00","WLOU",NA,0.0222,0.1411,0.1514,0.034,0.0061,0.0917
"5423",62,"2019-06-17 15:10:00","WLOU",0.02,0.0447,0.1383,0.1354,0.029,0.0061,0.2299
"5424",63,"2019-06-19 14:29:00","WLOU",0.0223,0.0388,0.0811,0.0913,0.032,0.0269,0.032
"5425",64,"2019-06-27 14:17:00","WLOU",0.013,0.0118,0.1326,0.1383,NA,0.0125,0.0645
"5426",65,"2019-06-27 14:17:00","WLOU",0.013,0.0118,0.1326,0.1383,NA,0.0125,0.0645
"5427",66,"2019-07-01 17:25:00","WLOU",0.01515,0.03195,0.1136,0.1954,0.0177,0.0113,0.09775
"5428",67,"2019-07-01 17:25:00","WLOU",0.01515,0.03195,0.1136,0.1954,0.0177,0.0113,0.09775
"5429",68,"2019-07-09 14:53:00","WLOU",0.013025,0.0365,0.0913666666666667,0.0793,0.025825,0.00425,0.01115
"5430",69,"2019-07-09 14:53:00","WLOU",0.013025,0.0365,0.0913666666666667,0.0793,0.025825,0.00425,0.01115
"5431",70,"2019-07-09 14:53:00","WLOU",0.013025,0.0365,0.0913666666666667,0.0793,0.025825,0.00425,0.01115
"5432",71,"2019-07-09 14:53:00","WLOU",0.013025,0.0365,0.0913666666666667,0.0793,0.025825,0.00425,0.01115
"5433",72,"2019-07-17 16:12:00","WLOU",0.0115,0.0032,0.1023,0.0818,0.036,0.011,0.14395
"5434",73,"2019-07-29 16:21:00","WLOU",0.01235,0.0231,0.0781,0.0956,NA,0.0171,0.1828
"5435",74,"2019-07-29 16:21:00","WLOU",0.01235,0.0231,0.0781,0.0956,NA,0.0171,0.1828
"5436",75,"2019-08-13 16:59:00","WLOU",0.0064,NA,0.0657,0.0455,NA,0.02305,0.01755
"5437",76,"2019-08-13 16:59:00","WLOU",0.0064,NA,0.0657,0.0455,NA,0.02305,0.01755
"5438",77,"2019-09-05 16:43:00","WLOU",NA,0.01395,0.0421,0.0213,0.0267,0.0053,0.14075
"5439",78,"2019-09-05 16:43:00","WLOU",NA,0.01395,0.0421,0.0213,0.0267,0.0053,0.14075
"5440",79,"2019-09-10 17:02:00","WLOU",0.00745,0.01405,0.0847,0.0667,NA,0.01755,0.10715
"5441",80,"2019-09-10 17:02:00","WLOU",0.00745,0.01405,0.0847,0.0667,NA,0.01755,0.10715
"5442",81,"2019-10-08 13:55:00","WLOU",0.019,0.00575,0.058,0.0637,0.02055,0.02025,0.04745
"5443",82,"2019-10-08 13:55:00","WLOU",0.019,0.00575,0.058,0.0637,0.02055,0.02025,0.04745
"5444",83,"2019-10-31 18:28:00","WLOU",0.0319,0.0023,NA,0.0674,NA,0.0114,0.1298
"5445",84,"2019-11-12 15:48:00","WLOU",0.031375,NA,0.0448666666666667,0.0424333333333333,0.02705,0.001875,0.07925
"5446",85,"2019-11-12 15:48:00","WLOU",0.031375,NA,0.0448666666666667,0.0424333333333333,0.02705,0.001875,0.07925
"5447",86,"2019-11-12 15:48:00","WLOU",0.031375,NA,0.0448666666666667,0.0424333333333333,0.02705,0.001875,0.07925
"5448",87,"2019-11-12 15:48:00","WLOU",0.031375,NA,0.0448666666666667,0.0424333333333333,0.02705,0.001875,0.07925
"5449",88,"2019-12-10 19:45:00","WLOU",0.0443,0.0226,0.0666,0.0606,0.0089,0.016,0.025
"5450",89,"2020-01-21 17:08:00","WLOU",0.0419,0.0344,0.0559,0.0617,0.0328,0.004,0.014
"5451",90,"2020-02-18 17:30:00","WLOU",0.0444,0.0094,0.1116,0.1342,0.0181,0.01,0.018
"5452",91,"2020-03-12 16:26:00","WLOU",0.0436,0.0485,0.1382,0.1495,0.0113,0.074,0.082
"5453",92,"2020-03-17 15:11:00","WLOU",0.0463666666666667,0.0472,0.1574,0.142966666666667,0.00973333333333333,5e-04,5e-04
"5454",93,"2020-03-17 15:11:00","WLOU",0.0463666666666667,0.0472,0.1574,0.142966666666667,0.00973333333333333,5e-04,5e-04
"5455",94,"2020-03-17 15:11:00","WLOU",0.0463666666666667,0.0472,0.1574,0.142966666666667,0.00973333333333333,5e-04,5e-04
"5456",95,"2020-06-10 17:11:00","WLOU",0.0076,0.0035,0.2121,0.1734,3e-04,0.0121,0.0154
"5457",96,"2020-06-16 14:20:00","WLOU",0.0074,0.0036,0.2085,0.1629,NA,0.0084,0.0088
"5458",97,"2020-06-18 16:35:00","WLOU",0.0067,0.0018,0.2253,0.1886,7e-04,0.0094,0.0053
"5459",98,"2020-06-23 15:36:00","WLOU",0.0062,0.002,0.29,0.1255,0.0014,0.0086,0.0067
"5460",99,"2020-06-25 15:09:00","WLOU",0.0046,0.0033,0.1307,0.1661,0.0011,0.0087,0.0056
"5461",100,"2020-06-29 17:42:00","WLOU",0.0041,0.0015,0.0818,0.0661,2e-04,0.0059,0.0051
"5462",101,"2020-07-01 14:30:00","WLOU",0.007,0.0017,0.0226,NA,4e-04,0.0056,0.0062
"5463",102,"2020-07-08 03:35:00","WLOU",0.0044,NA,0.1038,0.0592,4e-04,0.0052,0.0046
"5464",103,"2020-07-13 17:10:00","WLOU",0.0049,0.0019,0.1071,0.0673,5e-04,0.0055,0.0054
"5465",104,"2020-07-21 14:10:00","WLOU",0.005,0.0018,0.0738333333333333,0.0639333333333333,4e-04,0.0039,0.0041
"5466",105,"2020-07-28 17:21:00","WLOU",0.0029,4e-04,0.0959,0.0887,4e-04,0.0059,0.0059
"5467",106,"2020-08-04 15:34:00","WLOU",0.0043,0.0016,NA,NA,4e-04,0.0044,0.0043
"5468",107,"2020-08-13 16:06:00","WLOU",0.0045,9e-04,0.0905,0.2575,5e-04,0.0056,0.0037
"5469",108,"2020-09-16 16:42:00","WLOU",0.0016,6e-04,0.0711,0.0878,NA,0.0049,0.0045
"5470",109,"2020-11-10 18:00:00","WLOU",0.022,NA,0.0019,NA,0.0013,0.0046,0.0032
"5471",110,"2020-12-15 17:35:00","WLOU",0.04,0.0019,0.0996,0.0955,NA,0.004,5e-04
"5472",111,"2021-01-19 18:45:00","WLOU",0.0383,0.0021,0.1862,0.176,0.001,0.0039,0.0032
"5473",112,"2021-02-16 18:05:00","WLOU",0.0367,3e-04,0.1173,0.1193,0.0013,0.0035,0.0031
"5474",113,"2021-03-17 16:25:00","WLOU",0.0407,NA,0.0923666666666667,0.1091,NA,0.00363333333333333,0.00546666666666667
"5475",114,"2021-03-17 16:25:00","WLOU",0.0407,NA,0.0923666666666667,0.1091,NA,0.00363333333333333,0.00546666666666667
"5476",115,"2021-03-17 16:25:00","WLOU",0.0407,NA,0.0923666666666667,0.1091,NA,0.00363333333333333,0.00546666666666667
"5477",116,"2021-04-20 17:25:00","WLOU",0.0262,0.0017,0.1017,0.1033,7e-04,0.0064,0.0051
"5478",117,"2021-05-04 18:15:00","WLOU",0.0125,NA,0.1015,0.1182,NA,0.0067,0.0073
"5479",118,"2021-05-18 17:09:00","WLOU",0.0104,4e-04,0.0972,0.1089,NA,0.0068,0.0128
"5480",119,"2021-05-20 16:59:00","WLOU",0.0102,0.0014,0.0948,0.115,5e-04,0.0081,0.0057
"5481",120,"2021-06-07 18:54:00","WLOU",0.0092,0.0017,0.1293,0.1483,NA,0.0089,0.0124
"5482",121,"2021-06-10 17:20:00","WLOU",0.0075,0.0039,0.1113,0.1478,1e-04,0.0083,0.01
"5483",122,"2021-06-15 15:03:00","WLOU",0.0081,0.0039,0.0457,0.0432,9e-04,0.0044,0.0414
"5484",123,"2021-06-17 16:17:00","WLOU",0.0046,0.0018,0.0341,0.0209,3e-04,0.0048,0.0092
"5485",124,"2021-06-22 15:17:00","WLOU",0.0056,0.0027,0.034,0.05,1e-04,0.0057,0.0101
"5486",125,"2021-06-24 16:05:00","WLOU",0.0035,5e-04,0.0319,0.0374,2e-04,0.006,0.0082
"5487",126,"2021-07-01 16:00:00","WLOU",0.0022,2e-04,0.0286,0.0133,NA,0.0067,0.0078
"5488",127,"2021-07-07 16:14:00","WLOU",0.0016,4e-04,0.0343,0.0512,NA,0.0045,0.0083
"5489",128,"2021-07-20 14:18:00","WLOU",0.0019,4e-04,0.0461,0.0326,1e-04,0.0051,0.0072
"5490",129,"2021-07-28 16:11:00","WLOU",0.0024,8e-04,0.0535,0.047,NA,0.0063,0.0059
"5491",130,"2021-08-17 16:09:00","WLOU",0.0029,7e-04,0.0415,NA,3e-04,0.0047,0.0056
"5492",131,"2021-09-08 19:02:00","WLOU",0.0021,0.0013,0.0567,0.0959,NA,0.005,0.0059
"5493",132,"2021-09-21 16:12:00","WLOU",0.0038,0.002,0.0106,0.017,NA,0.0061,0.0041
"5494",133,"2021-10-19 17:03:00","WLOU",0.0202,0.0019,0.024,0.0558,NA,0.0045,0.0086
"5495",134,"2021-11-03 16:57:00","WLOU",0.0219,0.001,0.0467,0.0816,NA,0.0032,0.011
"5496",135,"2021-11-16 17:32:00","WLOU",0.039,0.0021,0.0858,0.1149,0.0011,0.007,0.0159
"5497",136,"2022-01-18 17:24:00","WLOU",0.0469,0.001,0.1194,0.132,NA,0.005,0.0097
"5498",137,"2022-02-14 18:20:00","WLOU",0.0451,5e-04,0.0836,0.0752,NA,0.0046,0.0041
"5499",138,"2022-03-15 17:37:00","WLOU",0.049,0.001,NA,0.0843,NA,0.0034,0.0029
"5500",139,"2022-04-20 18:01:00","WLOU",0.0391666666666667,0.00583333333333333,0.193333333333333,0.192133333333333,NA,0.0044,0.00543333333333333
"5501",140,"2022-04-20 18:01:00","WLOU",0.0391666666666667,0.00583333333333333,0.193333333333333,0.192133333333333,NA,0.0044,0.00543333333333333
"5502",141,"2022-04-20 18:01:00","WLOU",0.0391666666666667,0.00583333333333333,0.193333333333333,0.192133333333333,NA,0.0044,0.00543333333333333
"5503",142,"2022-05-03 15:57:00","WLOU",0.0275,0.0273,0.1471,0.1525,4e-04,0.0059,0.0055
"5504",143,"2022-05-16 18:50:00","WLOU",0.0162,0.0019,0.2126,0.1658,0.0016,0.0062,0.0221
"5505",144,"2022-05-19 16:12:00","WLOU",0.0182,0.0027,0.2066,0.189,5e-04,0.0094,0.0094
"5506",145,"2022-06-01 16:03:00","WLOU",0.0144,0.0015,0.1129,0.1048,0,0.0077,0.0053
"5507",146,"2022-06-06 15:48:00","WLOU",0.0155,0.0013,0.0461,0.0543,0.0011,0.0057,0.0104
"5508",147,"2022-06-14 17:12:00","WLOU",0.0105,0.001,0.1243,0.1902,2e-04,0.006,0.0111
"5509",148,"2022-06-16 16:20:00","WLOU",0.0134,0.0034,0.1164,0.1461,NA,0.0058,0.0068
"5510",149,"2022-06-21 14:30:00","WLOU",0.013,0.0149,0.0853,0.1156,NA,0.0064,0.0044
"5511",150,"2022-06-23 17:15:00","WLOU",0.0066,0.0014,0.0663,0.0561,2e-04,0.004,0.0039
"5512",151,"2022-07-07 16:50:00","WLOU",0.0064,0.0079,0.0913,0.0758,0.0012,0.0033,0.0092
"5513",152,"2022-07-19 16:16:00","WLOU",0.0046,0.0111,0.1278,0.1,0.002,0.0055,0.0052
"5514",153,"2022-07-27 15:56:00","WLOU",0.0032,0.0013,0.0365,0.0399,4e-04,0.0039,0.0055
"5515",154,"2022-08-10 16:30:00","WLOU",0.0056,0.0065,NA,NA,7e-04,0.0041,0.0039
"5516",155,"2022-08-17 15:02:00","WLOU",0.0023,0.0023,NA,0.0069,NA,0.004,0.012
"5517",156,"2022-09-07 16:34:00","WLOU",0.0069,0.0011,NA,0.0147,NA,0.0034,0.0168
"5518",157,"2022-09-21 19:14:00","WLOU",0.0041,NA,0.0696,0.0933,NA,0.0039,NA
"5519",158,"2022-10-18 15:51:00","WLOU",0.0299666666666667,NA,0.0841666666666667,0.112633333333333,0.000566666666666667,0.00256666666666667,NA
"5520",159,"2022-10-18 15:51:00","WLOU",0.0299666666666667,NA,0.0841666666666667,0.112633333333333,0.000566666666666667,0.00256666666666667,NA
"5521",160,"2022-10-18 15:51:00","WLOU",0.0299666666666667,NA,0.0841666666666667,0.112633333333333,0.000566666666666667,0.00256666666666667,NA
"5522",161,"2022-11-07 19:51:00","WLOU",0.039,9e-04,0.1146,0.111,7e-04,0.0026,0.0028
"5523",162,"2022-11-16 18:49:00","WLOU",0.0516,0.0027,NA,NA,0.0016,0.0039,0.0036
"5524",163,"2022-12-14 18:00:00","WLOU",0.0545,0.0017,0.0372,0.0896,7e-04,0.0035,0.0034
"5525",164,"2023-01-17 18:20:00","WLOU",0.0559,0.0355,0.0654,0.0712,6e-04,0.0051,0.0037
"5526",165,"2023-02-27 18:01:00","WLOU",0.0465,7e-04,0.1076,0.0983,5e-04,0.0033,0.0037
"5527",166,"2023-03-21 16:54:00","WLOU",0.0505,0.00306666666666667,0.0959333333333333,0.106866666666667,0.00126666666666667,0.00473333333333333,0.00456666666666667
"5528",167,"2023-03-21 16:54:00","WLOU",0.0505,0.00306666666666667,0.0959333333333333,0.106866666666667,0.00126666666666667,0.00473333333333333,0.00456666666666667
"5529",168,"2023-03-21 16:54:00","WLOU",0.0505,0.00306666666666667,0.0959333333333333,0.106866666666667,0.00126666666666667,0.00473333333333333,0.00456666666666667
"5530",169,"2023-04-18 18:32:00","WLOU",0.0459,0.0039,0.1112,0.145,0.0015,0.0038,0.0062
"5531",170,"2023-05-02 17:24:00","WLOU",0.042,0.0028,0.1466,0.1869,0.0012,0.0051,0.008
"5532",171,"2023-05-16 17:59:00","WLOU",0.017,0.005,0.1279,0.1282,0.003,0.0145,0.0138
"5533",172,"2023-05-18 16:14:00","WLOU",0.0168,0.0062,0.1306,0.1214,0.0026,0.0082,0.0129
"5534",173,"2023-05-23 14:12:00","WLOU",0.0166,0.0023,0.1283,0.1386,0.0017,0.0106,0.0103
"5535",174,"2023-05-30 16:13:00","WLOU",0.018,0.0188,0.113,0.1504,0.0024,0.006,0.0091
"5536",175,"2023-06-01 16:23:00","WLOU",0.0159,0.0029,0.1515,0.143,0.0022,0.007,0.0086
"5537",176,"2023-06-06 14:06:00","WLOU",0.0141,0.0023,0.0973,0.1065,0.0026,0.0079,0.008
"5538",177,"2023-06-07 16:44:00","WLOU",0.0122,0.0029,0.1498,0.112,0.0018,0.0102,0.0086
"5539",178,"2023-06-12 16:55:00","WLOU",0.0112,0.0024,0.1277,0.149,0.0027,0.0065,0.0075
"5540",179,"2023-06-14 16:58:00","WLOU",0.0079,0.003,0.1627,0.154,3e-04,0.0097,0.0074
"5541",180,"2023-06-20 14:10:00","WLOU",0.0087,0.0031,0.1485,0.1506,0.0017,0.0073,0.0067
"5542",181,"2023-06-22 16:54:00","WLOU",0.0067,0.0046,0.1646,0.1523,0.0019,0.0065,0.0078
"5543",182,"2023-07-06 16:48:00","WLOU",0.007,0.021,NA,NA,0.0013,0.0059,0.0072
"5544",183,"2023-07-18 14:32:00","WLOU",0.0049,0.0014,0.0963,0.0907,0,0.0051,0.0296
"5545",184,"2023-07-20 14:18:00","WLOU",0.0366,0.0067,0.0952,0.0908,0.0012,0.0052,0.0077
"5546",185,"2023-08-15 17:02:00","WLOU",0.0065,0.005,0.0505,0.1024,0.0037,0.0095,0.0065
"5547",186,"2023-08-17 16:00:00","WLOU",0.0128,0.0014,0.1427,0.0505,7e-04,0.0052,0.0099
"5548",187,"2023-09-19 15:43:00","WLOU",0.0112,0.0058,0.0535,0.0586,0.0017,0.0057,0.0063
"5549",188,"2023-10-03 16:33:00","WLOU",0.014,0.002,0.065,0.1036,0.0012,0.0026,0.0053
"5550",189,"2023-10-17 16:20:00","WLOU",0.0214,0.0018,0.0227,0.002,0.0026,0.0033,0.0067
"5551",190,"2023-11-20 18:10:00","WLOU",0.0391,NA,0.103333333333333,0.143333333333333,0.0012,0.0039,0.0046
"5552",191,"2023-11-20 18:10:00","WLOU",0.0391,NA,0.103333333333333,0.143333333333333,0.0012,0.0039,0.0046
"5553",192,"2023-11-20 18:10:00","WLOU",0.0391,NA,0.103333333333333,0.143333333333333,0.0012,0.0039,0.0046
"5554",193,"2023-12-13 17:44:00","WLOU",0.0508,0.0032,0.1,0.11,0.0018,0.0038,0.0039
"5555",194,"2024-01-22 18:47:00","WLOU",0.0373,0.0194,0.07,0.12,0.0017,0.0104,0.0041
"5556",195,"2024-02-21 17:35:00","WLOU",0.0345,0.0116,0.06,0.12,0.0021,0.0109,0.0044
"5557",196,"2024-03-20 16:35:00","WLOU",0.0400333333333333,NA,0.0633333333333333,0.0666666666666667,0.0015,0.00246666666666667,0.00316666666666667
"5558",197,"2024-03-20 16:35:00","WLOU",0.0400333333333333,NA,0.0633333333333333,0.0666666666666667,0.0015,0.00246666666666667,0.00316666666666667
"5559",198,"2024-03-20 16:35:00","WLOU",0.0400333333333333,NA,0.0633333333333333,0.0666666666666667,0.0015,0.00246666666666667,0.00316666666666667
"5560",199,"2024-04-16 16:39:00","WLOU",0.0355,0.0044,0.07,0.08,0.0021,0.0022,0.0061
"5561",200,"2024-05-06 17:17:00","WLOU",0.0223,0.0104,0.1,0.1,0.0021,0.0028,0.0069
"5562",201,"2024-05-14 17:29:00","WLOU",0.0205,0.0127,0.07,0.08,0.0025,0.0025,0.0052
"5563",202,"2024-05-16 15:33:00","WLOU",0.0155,0.0045,0.08,0.12,0.0027,0.0031,0.008
"5564",203,"2024-05-27 17:23:00","WLOU",0.0132,0.0049,0.07,0.09,0.0022,0.0021,0.0077
"5565",204,"2024-06-04 13:56:00","WLOU",0.0161,0.0071,0.1,0.19,0.0024,0.0038,0.0129
"5566",205,"2024-06-06 17:14:00","WLOU",0.0119,0.0078,0.13,0.53,0.0021,0.0031,0.0149
"5567",206,"2024-06-11 15:12:00","WLOU",0.0101,0.0125,0.1,0.2,0.0021,0.0039,0.0133
"5568",207,"2024-06-12 16:29:00","WLOU",0.0117,0.0098,0.12,0.19,0.0018,0.003,0.0134
"5569",208,"2024-06-13 16:54:00","WLOU",0.0125,0.017,0.14,0.22,0.0024,0.0038,0.0112
"5570",209,"2024-06-19 16:02:00","WLOU",0.0067,0.0056,0.08,0.12,0.0032,0.0048,0.0068
"5571",210,"2024-06-25 16:01:00","WLOU",0.0062,0.0055,0.06,0.11,0.0026,0.0032,0.0054
"5572",211,"2024-06-27 16:44:00","WLOU",0.0042,0.0121,0.06,0.1,0.0017,0.008,0.0056
"5573",212,"2024-07-16 13:58:00","WLOU",0.0078,0.0076,0.06,0.05,0.0015,0.0047,0.0042
"5574",213,"2024-07-22 16:21:00","WLOU",0.0044,0.0052,0.06,0.03,1e-04,0.0048,0.0052
"5575",214,"2024-08-13 16:54:00","WLOU",0.0061,0.0117,0.05,0.08,7e-04,0.0039,0.0071
"5576",215,"2024-08-21 16:53:00","WLOU",0.0064,0.0162,0.07,0.02,0.0021,0.0065,0.0042
"5577",216,"2024-09-19 13:30:00","WLOU",0.0067,0.0028,0.03,0.08,0.0021,0.0025,0.0047
"5578",217,"2024-10-02 17:06:00","WLOU",0.00613333333333333,0.00233333333333333,0,0.06,NA,0.00223333333333333,0.0027
"5579",218,"2024-10-02 17:06:00","WLOU",0.00613333333333333,0.00233333333333333,0,0.06,NA,0.00223333333333333,0.0027
"5580",219,"2024-10-02 17:06:00","WLOU",0.00613333333333333,0.00233333333333333,0,0.06,NA,0.00223333333333333,0.0027
"5581",220,"2024-10-15 15:58:00","WLOU",0.0131,0.007,0,0.45,NA,0.0021,0.1011
"5582",221,"2024-11-20 16:02:00","WLOU",0.0521,NA,0.05,0.06,0.0014,0.0035,0.0032
"5583",222,"2024-12-17 15:33:00","WLOU",0.0397,NA,0.1,0.05,0.0021,0.0034,0.0034
"5584",223,"2025-01-22 15:55:00","WLOU",0.0432,7e-04,0.05,0.11,0.0021,0.002,0.004
"5585",224,"2025-02-25 15:20:00","WLOU",0.0365,0.0027,0.07,0.02,6e-04,0.002,0.0032
"5586",225,"2025-03-18 14:33:00","WLOU",0.0379333333333333,0.0093,0.02,0.07,NA,0.0031,0.00326666666666667
"5587",226,"2025-03-18 14:33:00","WLOU",0.0379333333333333,0.0093,0.02,0.07,NA,0.0031,0.00326666666666667
"5588",227,"2025-03-18 14:33:00","WLOU",0.0379333333333333,0.0093,0.02,0.07,NA,0.0031,0.00326666666666667
"5589",228,"2025-04-23 15:08:00","WLOU",0.0251,0.0076,0.02,0.07,7e-04,0.0031,0.006
"5590",229,"2025-05-06 13:56:00","WLOU",0.0144,0.0013,0.11,0.1,0.0015,0.0038,0.0044
"5591",230,"2025-05-13 16:54:00","WLOU",0.0128,0.0029,0.13,0.09,0.0013,0.0042,0.0061
"5592",231,"2025-05-20 14:37:00","WLOU",0.0155,0.0031,0.09,0.07,2e-04,0.0029,0.0031
"5593",232,"2025-05-22 16:55:00","WLOU",0.0141,0.003,0.11,0.14,0.0011,0.0033,0.0037
"5594",233,"2025-05-29 17:00:00","WLOU",0.0174,0.0037,0.15,0.17,7e-04,0.0051,0.0082
"5595",234,"2025-06-03 14:08:00","WLOU",0.0133,0.0034,0.15,0.35,7e-04,0.004,0.0137
"5596",235,"2025-06-05 16:21:00","WLOU",0.012,0.0036,0.15,0.59,0.0015,0.0034,0.0053
"5597",236,"2025-06-10 13:31:00","WLOU",0.0093,0.0017,0.18,0.11,0.0011,0.0036,0.0055
"5598",237,"2025-06-12 16:40:00","WLOU",0.0091,0.0024,0.14,0.11,5e-04,0.0031,0.0045
"5599",238,"2025-06-17 14:13:00","WLOU",0.0085,0.0033,0.1,0.09,0.0017,0.0031,0.0046
"5600",239,"2025-06-23 16:51:00","WLOU",0.005,0.003,0.09,0.08,7e-04,0.0022,0.0037
"5601",240,"2025-06-25 17:10:00","WLOU",0.0099,0.0064,0.09,0.05,0.0015,0.0024,0.0052
"5602",241,"2025-07-01 14:37:00","WLOU",0.0086,0.0036,0.07,0.05,0.001,0.0022,0.0036
"5603",242,"2025-07-15 14:09:00","WLOU",0.0131,0.0171,0.08,0.02,6e-04,0.0017,0.0034
"5604",243,"2025-07-29 14:40:00","WLOU",0.0087,0.0154,0.07,0.03,0.0018,0.0069,0.0027
"5605",244,"2025-08-19 16:17:00","WLOU",0.0068,0.0073,0.08,0.01,0.0026,0.0037,0.003
"5606",245,"2025-09-30 14:40:00","WLOU",0.0045,NA,0.06,0.02,0.001,0.003,0.0052
"5607",246,"2025-10-22 16:10:00","WLOU",0.0300666666666667,NA,0.08,0.02,NA,0.00306666666666667,0.00373333333333333
"5608",247,"2025-10-22 16:10:00","WLOU",0.0300666666666667,NA,0.08,0.02,NA,0.00306666666666667,0.00373333333333333
"5609",248,"2025-10-22 16:10:00","WLOU",0.0300666666666667,NA,0.08,0.02,NA,0.00306666666666667,0.00373333333333333
"5610",249,"2025-11-17 17:59:00","WLOU",0.0531,0.0258,0.11,0.05,0.0016,0.0023,0.016
"5611",250,"2025-12-16 15:13:00","WLOU",0.0401,0.0028,0.11,0.05,0.003,0.0017,0.0061
"5612",1,"2017-06-20 17:05:00","SYCA",0.007,0.091,0.1819,0.1498,0.057,0.0581,0.069
"5613",2,"2017-07-11 14:30:00","SYCA",0.025,0.007,0.1543,0.1809,0.036,5e-04,0.005
"5614",3,"2017-07-25 16:20:00","SYCA",0.0459,0.0253,0.1533,0.1518,0.048,0.0755,0.1402
"5615",4,"2017-08-01 14:08:00","SYCA",0.0453,0.0296,0.1902,0.117,0.04,0.0388,0.0742
"5616",5,"2017-09-05 16:59:00","SYCA",0.0435666666666667,0.0607666666666667,0.1105,0.0842666666666667,0.058,0.0431666666666667,0.0573333333333333
"5617",6,"2017-09-05 16:59:00","SYCA",0.0435666666666667,0.0607666666666667,0.1105,0.0842666666666667,0.058,0.0431666666666667,0.0573333333333333
"5618",7,"2017-09-05 16:59:00","SYCA",0.0435666666666667,0.0607666666666667,0.1105,0.0842666666666667,0.058,0.0431666666666667,0.0573333333333333
"5619",8,"2017-10-03 17:00:00","SYCA",0.0074,0.1284,0.1773,0.1936,0.024,0.048,0.052
"5620",9,"2018-07-17 19:32:00","SYCA",NA,NA,NA,NA,NA,NA,1.173
"5621",10,"2018-07-31 17:34:00","SYCA",2.0813,0.0983,3.881,5.713,0.908,0.5964,1.0785
"5622",11,"2018-08-07 15:14:00","SYCA",0.0261,0.212,1.565,2.333,0.561,0.5174,0.725
"5623",12,"2018-08-14 15:30:00","SYCA",0.5316,0.0013,1.254,1.506,0.353,0.3397,0.358
"5624",13,"2018-08-28 15:26:00","SYCA",5.1075,0.2129,5.114,5.009,0.137,0.1761,0.2525
"5625",14,"2018-09-04 16:28:00","SYCA",3.6647,0.2226,3.644,3.841,0.168,0.1916,0.203
"5626",15,"2018-09-11 16:06:00","SYCA",0.2986,0.024,0.474,0.9222,0.245,0.1793,0.182
"5627",16,"2018-09-25 15:52:00","SYCA",0.0072,0.4787,1.259,1.683,0.259,0.1209,0.6914
"5628",17,"2018-10-02 16:20:00","SYCA",0.2094,2.3954,5.068,5.88,0.474,0.0082,1.067
"5629",18,"2018-10-17 16:26:00","SYCA",NA,1.195,2.165,2.654,0.061,0.2534,0.285
"5630",19,"2019-01-08 18:13:00","SYCA",3.3996,NA,3.772,4.068,0.177,0.257,0.3819
"5631",20,"2019-02-12 20:34:00","SYCA",3.2096,0.0669,2.635,2.662,0.146,0.095,0.1535
"5632",21,"2019-02-14 16:03:00","SYCA",4.0484,0.0668,3.73,3.886,0.109,0.1014,0.112
"5633",22,"2019-02-21 14:55:00","SYCA",0.6953,0.0611,0.8391,0.9517,0.067,0.0393,0.398
"5634",23,"2019-02-26 16:17:00","SYCA",0.7743,0.0883,1.08066666666667,1.12033333333333,0.0816666666666667,0.0825666666666667,0.398666666666667
"5635",24,"2019-02-26 16:17:00","SYCA",0.7743,0.0883,1.08066666666667,1.12033333333333,0.0816666666666667,0.0825666666666667,0.398666666666667
"5636",25,"2019-02-26 16:17:00","SYCA",0.7743,0.0883,1.08066666666667,1.12033333333333,0.0816666666666667,0.0825666666666667,0.398666666666667
"5637",26,"2019-02-27 15:29:00","SYCA",0.6313,0.0641,0.9886,0.9994,0.091,0.0498,0.85
"5638",27,"2019-03-05 18:14:00","SYCA",0.5976,0.0806,0.7807,0.8289,0.095,0.039,0.324
"5639",28,"2019-03-13 15:11:00","SYCA",0.1795,0.0832,0.5996,1.262,0.091,0.0916,2.265
"5640",29,"2019-03-19 18:25:00","SYCA",0.5103,0.0720333333333333,0.692866666666667,0.695,0.0593333333333333,0.0643333333333333,0.137666666666667
"5641",30,"2019-03-19 18:25:00","SYCA",0.5103,0.0720333333333333,0.692866666666667,0.695,0.0593333333333333,0.0643333333333333,0.137666666666667
"5642",31,"2019-03-19 18:25:00","SYCA",0.5103,0.0720333333333333,0.692866666666667,0.695,0.0593333333333333,0.0643333333333333,0.137666666666667
"5643",32,"2019-03-25 20:16:00","SYCA",0.4209,0.0225,0.5962,0.6234,0.053,0.0548,0.181
"5644",33,"2019-04-09 15:40:00","SYCA",0.065,0.0447,0.3251,0.4124,0.035,0.0231,0.0974
"5645",34,"2019-04-16 16:20:00","SYCA",0.0046,0.0358,0.2312,0.3434,0.032,0.0472,0.1313
"5646",35,"2019-04-24 16:04:00","SYCA",0.0727,0.1094,0.2015,0.3186,0.043,0.0494,0.1085
"5647",36,"2019-05-01 15:46:00","SYCA",0.0078,0.0091,0.421,0.4017,0.04,0.0503,0.2032
"5648",37,"2019-05-08 16:49:00","SYCA",0.1621,0.0214,0.350266666666667,0.352133333333333,0.065,0.0687666666666667,0.2818
"5649",38,"2019-05-08 16:49:00","SYCA",0.1621,0.0214,0.350266666666667,0.352133333333333,0.065,0.0687666666666667,0.2818
"5650",39,"2019-05-08 16:49:00","SYCA",0.1621,0.0214,0.350266666666667,0.352133333333333,0.065,0.0687666666666667,0.2818
"5651",40,"2019-05-28 18:30:00","SYCA",0.0816,0.0561,0.2393,0.2148,0.046,0.0558,0.2677
"5652",41,"2019-06-18 16:10:00","SYCA",0.02925,0.01585,0.1784,0.2224,0.04695,0.07505,0.11845
"5653",42,"2019-06-18 16:10:00","SYCA",0.02925,0.01585,0.1784,0.2224,0.04695,0.07505,0.11845
"5654",43,"2019-07-09 18:00:00","SYCA",0.0146,0.03205,0.1595,0.1648,0.06165,0.087,0.11405
"5655",44,"2019-07-09 18:00:00","SYCA",0.0146,0.03205,0.1595,0.1648,0.06165,0.087,0.11405
"5656",45,"2019-07-16 18:00:00","SYCA",0.01655,0.0292,0.1967,0.1987,0.0453,0.08145,0.2264
"5657",46,"2019-07-16 18:00:00","SYCA",0.01655,0.0292,0.1967,0.1987,0.0453,0.08145,0.2264
"5658",47,"2019-08-27 15:30:00","SYCA",0.00605,0.01605,0.0404,0.0966,0.04475,0.06285,0.23585
"5659",48,"2019-08-27 15:30:00","SYCA",0.00605,0.01605,0.0404,0.0966,0.04475,0.06285,0.23585
"5660",49,"2019-09-10 16:58:00","SYCA",0.01975,0.02715,0.2668,0.1804,0.05265,0.07755,0.20625
"5661",50,"2019-09-10 16:58:00","SYCA",0.01975,0.02715,0.2668,0.1804,0.05265,0.07755,0.20625
"5662",51,"2019-10-01 16:00:00","SYCA",0.56235,0.02675,0.7712,0.7108,0.0704,0.0521,0.12855
"5663",52,"2019-10-01 16:00:00","SYCA",0.56235,0.02675,0.7712,0.7108,0.0704,0.0521,0.12855
"5664",53,"2019-11-19 17:31:00","SYCA",0.0321,0.0384,0.1418,0.1206,0.0376,5e-04,0.149
"5665",54,"2019-12-02 17:50:00","SYCA",0.345,0.0515,0.5966,0.5156,0.0282,5e-04,0.066
"5666",55,"2019-12-10 16:15:00","SYCA",0.1339,0.0217,0.3259,0.3318,0.0489,0.087,0.029
"5667",56,"2019-12-19 16:16:00","SYCA",NA,NA,NA,NA,NA,NA,0.116
"5668",57,"2020-01-09 16:29:00","SYCA",0.132633333333333,0.0289,0.262166666666667,0.281466666666667,0.0525,0.0576666666666667,0.091
"5669",58,"2020-01-09 16:29:00","SYCA",0.132633333333333,0.0289,0.262166666666667,0.281466666666667,0.0525,0.0576666666666667,0.091
"5670",59,"2020-01-09 16:29:00","SYCA",0.132633333333333,0.0289,0.262166666666667,0.281466666666667,0.0525,0.0576666666666667,0.091
"5671",60,"2020-01-14 15:46:00","SYCA",0.1179,0.0547,0.2218,0.2154,0.0437,0.063,0.075
"5672",61,"2020-01-21 17:00:00","SYCA",0.065,0.02,0.2018,0.1944,0.0432,0.071,0.075
"5673",62,"2020-01-28 18:00:00","SYCA",NA,0.0103,0.2495,0.2679,0.0119,0.021,0.03
"5674",63,"2020-01-30 17:10:00","SYCA",0.0282,0.0152,0.2513,0.2462,0.0188,0.103,0.111
"5675",64,"2020-02-11 18:00:00","SYCA",0.0263,0.0257,0.2525,0.2112,0.0381,0.102,0.152
"5676",65,"2020-02-17 17:30:00","SYCA",0.0196,0.0275,0.0841,0.0924,0.0161,0.066,0.076
"5677",66,"2020-02-19 17:04:00","SYCA",0.0167,0.0083,0.1876,0.1994,0.0148,0.111,0.128
"5678",67,"2020-02-26 19:00:00","SYCA",0.0899,NA,0.3658,0.3698,0.0217,0.074,0.114
"5679",68,"2020-03-03 18:05:00","SYCA",0.0482,0.0398,0.2722,0.2298,0.0699,0.087,0.094
"5680",69,"2020-03-10 16:01:00","SYCA",0.0383,0.0525,0.2709,0.2781,0.0289,0.01,0.015
"5681",70,"2020-03-17 18:20:00","SYCA",0.088,0.06055,0.3146,0.323833333333333,0.03785,0.0885,0.0963333333333333
"5682",71,"2020-03-17 18:20:00","SYCA",0.088,0.06055,0.3146,0.323833333333333,0.03785,0.0885,0.0963333333333333
"5683",72,"2020-09-14 18:14:00","SYCA",0.0053,0.009,0.1599,0.1749,0.0516,0.0709,0.076
"5684",73,"2020-10-05 18:20:00","SYCA",0.0108,0.0072,0.1973,0.1679,0.0448,0.0674,0.0724
"5685",74,"2020-10-20 17:32:00","SYCA",0.0076,0.0329,0.2155,0.1469,0.0533,0.0764,0.0888
"5686",75,"2020-11-03 14:52:00","SYCA",0.014,0.0792,0.3645,0.355,0.0909,0.1221,0.1657
"5687",76,"2020-11-17 16:00:00","SYCA",0.0017,0.00926666666666667,0.106333333333333,0.105,0.0286,0.0745,0.101066666666667
"5688",77,"2020-11-17 16:00:00","SYCA",0.0017,0.00926666666666667,0.106333333333333,0.105,0.0286,0.0745,0.101066666666667
"5689",78,"2020-11-17 16:00:00","SYCA",0.0017,0.00926666666666667,0.106333333333333,0.105,0.0286,0.0745,0.101066666666667
"5690",79,"2020-12-01 17:40:00","SYCA",0.0034,0.0146,0.0891,0.0787,0.0494,0.0747,0.0776
"5691",80,"2021-03-16 16:23:00","SYCA",1.2545,0.1069,1.999,2.096,0.1838,0.2446,0.2551
"5692",81,"2021-07-15 18:38:00","SYCA",1.4353,0.4525,2.686,4.648,0.832,1.1675,2.781
"5693",82,"2021-08-03 18:11:00","SYCA",0.0172,0.1219,1.08,1.098,0.1353,0.2158,0.3152
"5694",83,"2021-09-07 17:30:00","SYCA",1.0156,0.0168,1.22,1.22,0.1153,0.1369,0.1641
"5695",84,"2021-10-05 15:21:00","SYCA",0.0509,0.0509,1.231,1.194,0.1127,0.1127,0.114
"5696",85,"2021-11-01 17:00:00","SYCA",0.0433,0.0433,0.7762,0.7752,0.0958,0.0958,0.0949
"5697",86,"2021-11-29 17:34:00","SYCA",0.2689,0.0118,0.4119,0.4095,0.0266,0.0928,0.0859
"5698",87,"2021-12-06 17:51:00","SYCA",0.2166,0.0121,0.3188,0.3437,0.024,0.1086,0.087
"5699",88,"2021-12-14 18:20:00","SYCA",0.2482,0.0139,0.3557,0.3311,0.0233,0.0943,0.0836
"5700",89,"2022-01-04 17:15:00","SYCA",1.203,0.00553333333333333,1.08676666666667,1.22833333333333,0.0428666666666667,0.1008,0.1563
"5701",90,"2022-01-04 17:15:00","SYCA",1.203,0.00553333333333333,1.08676666666667,1.22833333333333,0.0428666666666667,0.1008,0.1563
"5702",91,"2022-01-04 17:15:00","SYCA",1.203,0.00553333333333333,1.08676666666667,1.22833333333333,0.0428666666666667,0.1008,0.1563
"5703",92,"2022-01-11 16:22:00","SYCA",0.7503,3e-04,0.221,0.9011,0.0647,0.1009,0.1
"5704",93,"2022-01-19 16:39:00","SYCA",0.5404,0.0013,0.6581,0.6449,0.0753,0.0908,0.0941
"5705",94,"2022-01-26 16:18:00","SYCA",0.3642,0.0061,0.3862,0.3934,0.053,0.083,0.0704
"5706",95,"2022-02-08 16:02:00","SYCA",0.2729,0.0063,0.4313,0.4398,0.0383,0.0569,0.0666
"5707",96,"2022-02-10 16:54:00","SYCA",0.2514,0.0098,0.4131,0.4677,0.035,0.0581,0.0795
"5708",97,"2022-02-14 17:26:00","SYCA",0.2845,0.0143,0.4035,0.4294,0.0489,0.0785,0.0845
"5709",98,"2022-02-23 16:48:00","SYCA",0.3281,0.0132,0.473,0.4777,0.0372,0.0774,0.0779
"5710",99,"2022-02-28 20:48:00","SYCA",0.1817,0.014,0.373,0.3864,0.0436,0.0861,0.0882
"5711",100,"2022-03-08 17:29:00","SYCA",0.1216,0.0029,0.2428,0.2377,0.0371,0.0609,0.061
"5712",101,"2022-03-16 18:00:00","SYCA",0.0577,0.00536666666666667,0.113566666666667,0.1062,0.0359,0.0553666666666667,0.0585333333333333
"5713",102,"2022-03-16 18:00:00","SYCA",0.0577,0.00536666666666667,0.113566666666667,0.1062,0.0359,0.0553666666666667,0.0585333333333333
"5714",103,"2022-03-16 18:00:00","SYCA",0.0577,0.00536666666666667,0.113566666666667,0.1062,0.0359,0.0553666666666667,0.0585333333333333
"5715",104,"2022-03-21 16:55:00","SYCA",0.0503,0.0042,0.0937,0.1029,0.0351,0.0533,0.0541
"5716",105,"2022-03-23 17:44:00","SYCA",0.0487,0.0028,0.2046,0.2169,0.0343,0.0513,0.0551
"5717",106,"2022-03-29 15:28:00","SYCA",0.0208,9e-04,0.2083,0.2069,0.0337,0.0486,0.059
"5718",107,"2022-04-05 19:26:00","SYCA",0.0192,0.005,0.2049,0.2099,0.0399,0.065,0.0631
"5719",108,"2022-05-03 17:15:00","SYCA",0.009,0.0016,0.2213,0.2714,0.0462,0.0642,0.068
"5720",109,"2022-05-31 18:15:00","SYCA",0.0049,0.0039,0.1993,0.2081,0.0636,0.0935,0.025
"5721",110,"2022-06-22 16:23:00","SYCA",0.015,0.0192,0.1167,0.1164,0.0837,0.107,0.007
"5722",111,"2022-07-05 17:08:00","SYCA",0.0137,0.0203,0.1333,0.1703,0.077,0.1032,0.0077
"5723",112,"2022-08-01 16:45:00","SYCA",0.007,0.0109,0.2258,0.1822,0.0755,0.1092,0.0711
"5724",113,"2022-09-07 17:30:00","SYCA",0.0073,0.0071,0.0591,0.0625,0.0565,0.0944,0.0966
"5725",114,"2022-10-04 17:16:00","SYCA",0.0132,0.0088,0.1576,0.1814,0.071,0.0474,0.1128
"5726",115,"2022-11-09 16:32:00","SYCA",0.056,0.0111,0.1912,0.215,0.0634,0.0434,0.1104
"5727",116,"2022-11-29 17:53:00","SYCA",0.1036,0.1119,0.3351,0.3528,0.0578,0.0794,0.2127
"5728",117,"2022-12-14 19:19:00","SYCA",0.2852,7.9352,17.43,17.36,2.609,2.8737,3.1239
"5729",118,"2023-01-04 17:30:00","SYCA",1.90353333333333,0.019,2.044,2.14033333333333,0.102933333333333,0.122666666666667,0.221133333333333
"5730",119,"2023-01-04 17:30:00","SYCA",1.90353333333333,0.019,2.044,2.14033333333333,0.102933333333333,0.122666666666667,0.221133333333333
"5731",120,"2023-01-04 17:30:00","SYCA",1.90353333333333,0.019,2.044,2.14033333333333,0.102933333333333,0.122666666666667,0.221133333333333
"5732",121,"2023-01-10 18:30:00","SYCA",1.4042,0.0122,1.477,1.516,0.0939,0.1172,0.1269
"5733",122,"2023-01-17 17:55:00","SYCA",0.6,0.0529,0.853,1.31,0.1707,0.7623,1.4467
"5734",123,"2023-01-23 19:45:00","SYCA",1.2268,0.0041,1.269,1.388,0.0649,0.081,0.1003
"5735",124,"2023-02-14 16:44:00","SYCA",0.7462,0.0066,0.8432,0.8803,0.0485,0.0721,0.0963
"5736",125,"2023-02-21 16:50:00","SYCA",0.3405,0.005,0.4832,0.5111,0.0435,0.0588,0.077
"5737",126,"2023-03-07 17:00:00","SYCA",0.3796,0.0033,0.5531,0.5874,0.0463,0.0624,0.1078
"5738",127,"2023-03-14 16:14:00","SYCA",0.3185,0.0039,0.4705,0.4832,0.0495,0.065,0.0795
"5739",128,"2023-03-20 20:36:00","SYCA",0.314,0.0093,0.4619,0.5061,0.0485,0.0705,0.0973
"5740",129,"2023-03-22 18:18:00","SYCA",0.115,0.0149,0.374,0.6467,0.0826,0.1726,1.8185
"5741",130,"2023-03-28 17:48:00","SYCA",0.3293,0.0046,0.4887,0.4575,0.0463,0.0659,0.082
"5742",131,"2023-04-04 18:45:00","SYCA",0.2315,0.0038,0.3481,0.3528,0.0452,0.0663,0.0692
"5743",132,"2023-04-11 18:05:00","SYCA",0.0702,0.0023,0.2816,0.32,0.0366,0.0595,0.0685
"5744",133,"2023-05-02 17:09:00","SYCA",0.0781,0.0153,0.2627,0.3082,0.0546,0.0813,0.0822
"5745",134,"2023-05-23 14:00:00","SYCA",0.0448,0.0096,0.1779,0.1839,0.0531,0.0761,0.0778
"5746",135,"2023-06-06 13:54:00","SYCA",0.00886666666666667,0.0083,0.1333,0.1514,0.0617,0.0765333333333333,0.0738333333333333
"5747",136,"2023-06-06 13:54:00","SYCA",0.00886666666666667,0.0083,0.1333,0.1514,0.0617,0.0765333333333333,0.0738333333333333
"5748",137,"2023-06-06 13:54:00","SYCA",0.00886666666666667,0.0083,0.1333,0.1514,0.0617,0.0765333333333333,0.0738333333333333
"5749",138,"2023-06-20 18:06:00","SYCA",0.0085,0.0093,0.2034,0.2411,0.0383,0.0829,0.0804
"5750",139,"2023-07-05 15:34:00","SYCA",0.0078,0.0036,0.1977,0.2103,0.0763,0.0864,0.102
"5751",140,"2023-08-01 13:36:00","SYCA",0.0111,0.013,0.1397,0.1664,0.0829,0.0878,0.1134
"5752",141,"2023-09-05 16:46:00","SYCA",0.126,0.1245,0.2209,0.2601,0.1011,0.1463,0.1773
"5753",142,"2023-10-03 15:47:00","SYCA",0.0956,0.0109,0.1914,0.1836,0.0644,0.0709,0.0891
"5754",143,"2023-11-07 18:25:00","SYCA",0.0391,0.2108,0.6267,0.61,0.0946,0.1606,0.227
"5755",144,"2024-02-06 16:46:00","SYCA",3.8913,0.0145666666666667,3.94666666666667,3.96,0.1251,0.1943,0.1935
"5756",145,"2024-02-06 16:46:00","SYCA",3.8913,0.0145666666666667,3.94666666666667,3.96,0.1251,0.1943,0.1935
"5757",146,"2024-02-06 16:46:00","SYCA",3.8913,0.0145666666666667,3.94666666666667,3.96,0.1251,0.1943,0.1935
"5758",147,"2024-02-12 17:33:00","SYCA",2.1434,0.0193,2.36,2.33,0.0645,0.1068,0.1443
"5759",148,"2024-02-14 14:51:00",NA,NA,NA,NA,2.02,NA,NA,0.1231
"5760",149,"2024-02-20 17:40:00","SYCA",1.5166,0.0034,1.7,1.67,0.0686,0.1159,0.1139
"5761",150,"2024-02-26 18:08:00","SYCA",0.6611,0.002,0.81,0.98,0.0248,0.0716,0.1057
"5762",151,"2024-02-28 16:15:00","SYCA",0.5515,0.0055,0.71,1.02,0.0171,0.0589,0.1131
"5763",152,"2024-03-05 17:49:00","SYCA",0.285,0.0018,0.47,1.04,0.0056,0.0484,0.134
"5764",153,"2024-03-07 15:18:00","SYCA",0.4268,0.0073,0.593333333333333,0.843333333333333,0.00946666666666667,0.0518333333333333,0.0919
"5765",154,"2024-03-07 15:18:00","SYCA",0.4268,0.0073,0.593333333333333,0.843333333333333,0.00946666666666667,0.0518333333333333,0.0919
"5766",155,"2024-03-07 15:18:00","SYCA",0.4268,0.0073,0.593333333333333,0.843333333333333,0.00946666666666667,0.0518333333333333,0.0919
"5767",156,"2024-03-12 17:13:00","SYCA",0.4445,0.0132,0.62,0.9,0.0162,0.0717,0.0973
"5768",157,"2024-03-25 18:18:00","SYCA",0.1715,0.0086,0.4,0.42,0.0615,0.0762,0.1271
"5769",158,"2024-04-02 17:28:00","SYCA",0.2529,0.0091,0.54,0.59,0.0685,0.0765,0.2071
"5770",159,"2024-04-09 18:27:00","SYCA",0.1495,0.0093,0.31,0.33,0.0555,0.0674,0.0714
"5771",160,"2024-04-16 16:09:00","SYCA",0.0758,0.0039,0.26,0.24,0.0479,0.0625,0.0648
"5772",161,"2024-04-23 17:11:00","SYCA",0.0426,0.0038,0.17,0.24,0.0311,0.0609,0.0748
"5773",162,"2024-05-07 18:18:00","SYCA",0.0485,0.0123,0.17,0.24,0.0352,0.062,0.071
"5774",163,"2024-05-22 16:58:00","SYCA",0.1047,0.0331,0.26,0.35,0.0412,0.0678,0.0774
"5775",164,"2024-06-17 15:32:00","SYCA",0.0189,0.0394,0.16,0.2,0.045,0.0699,0.0704
"5776",165,"2024-06-25 15:32:00","SYCA",0.0108,0.0139,0.15,0.19,0.0482,0.0789,0.078
"5777",166,"2024-07-09 13:10:00","SYCA",0.0168,0.0213,0.12,0.18,0.0596,0.0858,0.0892
"5778",167,"2024-08-13 14:59:00","SYCA",0.0096,0.029,0.08,0.09,0.0392,0.0759,0.1002
"5779",168,"2024-08-27 15:06:00","SYCA",0.0032,0.0103,0.14,0.32,0.0473,0.0853,0.2737
"5780",169,"2024-10-01 16:37:00","SYCA",0.0606,0.1211,0.7,0.72,0.1779,0.2285,0.2221
"5781",170,"2025-03-17 20:13:00","SYCA",0.2989,0.0114,0.89,1.92,0.1478,0.2042,0.2016
"5782",171,"2025-06-03 18:30:00","SYCA",4.4891,0.2609,4.6,8.3,1.4297,1.5345,2.6133
"5783",172,"2025-09-29 18:42:00","SYCA",3.06,0.3436,5.73,5.63,1.1278,1.1382,2.001
"5784",173,"2025-10-15 19:35:00","SYCA",2.3814,0.0417,2.85,3.11,0.23,0.2354,0.255
"5785",174,"2025-11-24 19:43:00","SYCA",0.9983,0.0442,1.48,1.46,0.1489,0.181,0.8096
"5786",175,"2025-12-04 18:00:00","SYCA",8.1326,0.0055,8.4,8.23,0.155,0.1576,0.1613
"5787",176,"2025-12-15 19:08:00","SYCA",7.16286666666667,0.0144,7.36,7.38,0.0772666666666667,0.0599,0.0939
"5788",177,"2025-12-15 19:08:00","SYCA",7.16286666666667,0.0144,7.36,7.38,0.0772666666666667,0.0599,0.0939
"5789",178,"2025-12-15 19:08:00","SYCA",7.16286666666667,0.0144,7.36,7.38,0.0772666666666667,0.0599,0.0939
"5790",1,"2017-04-04 17:27:00","REDB",0.047,0.015,0.215,0.0229,0.025,0.036,0.039
"5791",2,"2017-04-12 16:10:00","REDB",0.03,0.021,0.1579,0.2175,0.02,0.028,0.031
"5792",3,"2017-04-18 16:26:00","REDB",NA,0.001,0.2209,0.2754,0.02,0.039,0.045
"5793",4,"2017-04-25 15:24:00","REDB",0.044,0.048,0.1966,1.105,0.02,0.026,0.029
"5794",5,"2017-05-02 17:33:00","REDB",0.013,0.086,0.2077,0.1726,0.017,0.0275,0.032
"5795",6,"2017-05-11 16:44:00","REDB",0.029,0.028,0.184,0.156,0.015,0.0175,0.019
"5796",7,"2017-05-16 15:43:00","REDB",0.016,0.019,0.2045,0.2861,0.011,0.0165,0.022
"5797",8,"2017-05-23 16:42:00","REDB",0.009,0.028,0.0903,0.0133,0.013,0.014,0.018
"5798",9,"2017-05-30 18:00:00","REDB",0.031,0.059,0.1181,0.1131,NA,0.006,0.008
"5799",10,"2017-06-06 15:14:00","REDB",0.046,0.046,0.1433,0.1527,0.002,0.011,0.012
"5800",11,"2017-06-13 17:01:00","REDB",0.092,NA,0.2771,0.7146,0.004,0.0466,0.1475
"5801",12,"2017-06-27 16:11:00","REDB",0.06,0.052,0.122,0.1207,0.025,0.0021,0.003
"5802",13,"2017-07-11 17:15:00","REDB",0.057,0.01,0.1553,0.1172,0.022,5e-04,0.002
"5803",14,"2017-07-25 16:35:00","REDB",0.1011,0.0342,0.164,0.2079,0.035,0.033,0.1385
"5804",15,"2017-08-01 19:56:00","REDB",0.0876,0.0258,0.1076,0.1279,0.035,0.0215,0.023
"5805",16,"2017-09-05 17:15:00","REDB",0.0607666666666667,0.0125,0.103066666666667,0.0803333333333333,0.024,0.00233333333333333,0.00333333333333333
"5806",17,"2017-09-05 17:15:00","REDB",0.0607666666666667,0.0125,0.103066666666667,0.0803333333333333,0.024,0.00233333333333333,0.00333333333333333
"5807",18,"2017-09-05 17:15:00","REDB",0.0607666666666667,0.0125,0.103066666666667,0.0803333333333333,0.024,0.00233333333333333,0.00333333333333333
"5808",19,"2017-09-12 17:51:00","REDB",0.0495333333333333,0.0985,NA,NA,0.012,0.0026,0.00566666666666667
"5809",20,"2017-09-12 17:51:00","REDB",0.0495333333333333,0.0985,NA,NA,0.012,0.0026,0.00566666666666667
"5810",21,"2017-09-12 17:51:00","REDB",0.0495333333333333,0.0985,NA,NA,0.012,0.0026,0.00566666666666667
"5811",22,"2017-10-03 15:46:00","REDB",0.0267,0.103,NA,NA,0.01,0.004,0.048
"5812",23,"2017-10-24 16:34:00","REDB",NA,0.114666666666667,NA,NA,0.0223333333333333,0.006,0.0643333333333333
"5813",24,"2017-10-24 16:34:00","REDB",NA,0.114666666666667,NA,NA,0.0223333333333333,0.006,0.0643333333333333
"5814",25,"2017-10-24 16:34:00","REDB",NA,0.114666666666667,NA,NA,0.0223333333333333,0.006,0.0643333333333333
"5815",26,"2017-11-08 17:26:00","REDB",0.0188,0.1405,NA,0.0088,0.011,0.027,0.031
"5816",27,"2017-12-05 17:16:00","REDB",0.0035,0.1018,NA,NA,0.012,0.041,0.043
"5817",28,"2018-01-02 18:58:00","REDB",0.0265,0.092,0.037,0.0473,0.04,0.01,0.014
"5818",29,"2018-02-06 16:52:00","REDB",0.0191,0.0893,0.0732,0.0675,0.032,0.001,0.002
"5819",30,"2018-02-20 19:08:00","REDB",NA,NA,NA,NA,NA,0.004,0.005
"5820",31,"2018-03-06 20:53:00","REDB",0.0199,0.001,NA,0.116,0.132,0.007,0.008
"5821",32,"2018-03-27 15:22:00","REDB",0.0107,0.0014,1.3,1.068,0.092,NA,0.006
"5822",33,"2018-04-04 15:28:00","REDB",NA,NA,NA,NA,NA,NA,5e-04
"5823",34,"2018-04-11 17:30:00","REDB",NA,NA,NA,NA,NA,NA,0.0978
"5824",35,"2018-04-19 18:44:00","REDB",NA,NA,NA,NA,NA,NA,0.0515333333333333
"5825",36,"2018-04-19 18:44:00","REDB",NA,NA,NA,NA,NA,NA,0.0515333333333333
"5826",37,"2018-04-19 18:44:00","REDB",NA,NA,NA,NA,NA,NA,0.0515333333333333
"5827",38,"2018-04-24 17:14:00","REDB",NA,NA,NA,NA,NA,NA,0.0582
"5828",39,"2018-05-01 15:41:00","REDB",NA,NA,NA,NA,NA,NA,0.031
"5829",40,"2018-05-08 15:45:00","REDB",NA,0.0410333333333333,0.2887,0.293566666666667,0.0163333333333333,0.0241,0.027
"5830",41,"2018-05-08 15:45:00","REDB",NA,0.0410333333333333,0.2887,0.293566666666667,0.0163333333333333,0.0241,0.027
"5831",42,"2018-05-08 15:45:00","REDB",NA,0.0410333333333333,0.2887,0.293566666666667,0.0163333333333333,0.0241,0.027
"5832",43,"2018-05-15 15:13:00","REDB",NA,NA,NA,NA,NA,NA,0.1408
"5833",44,"2018-05-22 15:25:00","REDB",0.0157,0.0281,0.2527,0.2619,0.021,0.0091,0.011
"5834",45,"2018-05-29 17:04:00","REDB",NA,NA,NA,NA,NA,NA,0.058
"5835",46,"2018-06-05 15:42:00","REDB",0.0445,0.0303,0.0947,0.0874,0.017,0.0088,0.0461
"5836",47,"2018-06-12 15:47:00","REDB",0.0511,0.0102,0.1007,0.1075,0.01,0.0087,0.0366
"5837",48,"2018-06-19 16:30:00","REDB",0.0658,0.0235,0.1023,0.1188,0.016,0.0102,0.0864
"5838",49,"2018-07-02 16:25:00","REDB",NA,NA,NA,NA,NA,0.02,0.107
"5839",50,"2018-07-24 16:25:00","REDB",0.0910666666666667,0.0217333333333333,0.126833333333333,0.139666666666667,0.0296666666666667,0.00266666666666667,0.0503333333333333
"5840",51,"2018-07-24 16:25:00","REDB",0.0910666666666667,0.0217333333333333,0.126833333333333,0.139666666666667,0.0296666666666667,0.00266666666666667,0.0503333333333333
"5841",52,"2018-07-24 16:25:00","REDB",0.0910666666666667,0.0217333333333333,0.126833333333333,0.139666666666667,0.0296666666666667,0.00266666666666667,0.0503333333333333
"5842",53,"2018-08-07 15:52:00","REDB",0.0696,0.0243,0.1091,0.1115,0.013,8e-04,0.021
"5843",54,"2018-09-04 16:25:00","REDB",NA,NA,NA,NA,NA,NA,0.0843
"5844",55,"2018-09-11 15:08:00","REDB",0.0755,0.0109,0.0269,0.0492,0.015,0.0065,0.007
"5845",56,"2018-10-01 18:17:00","REDB",0.0296,0.0243,0.0567,0.1191,0.05,5e-04,0.004
"5846",57,"2018-11-06 17:02:00","REDB",NA,NA,0.1547,0.1642,NA,0.0174,0.0508666666666667
"5847",58,"2018-11-06 17:02:00","REDB",NA,NA,0.1547,0.1642,NA,0.0174,0.0508666666666667
"5848",59,"2018-11-06 17:02:00","REDB",NA,NA,0.1547,0.1642,NA,0.0174,0.0508666666666667
"5849",60,"2018-11-19 17:28:00","REDB",NA,NA,0.08,0.0809,NA,0.004,0.0741
"5850",61,"2018-12-04 17:39:00","REDB",NA,0.0129,NA,NA,0.18,0.007,0.0547
"5851",62,"2019-01-08 17:51:00","REDB",NA,NA,0.1107,0.1319,NA,0.006,0.1111
"5852",63,"2019-02-11 20:41:00","REDB",NA,0.0687,0.0769,0.0805,0.017,0.0185,0.085
"5853",64,"2019-02-19 18:53:00","REDB",NA,0.054,0.1621,0.158,0.301,0.0211,0.172
"5854",65,"2019-03-11 19:00:00","REDB",NA,0.0698,0.1986,0.228,0.036,0.0086,0.221
"5855",66,"2019-03-19 17:09:00","REDB",0.0032,0.0836,0.2238,0.2586,0.068,0.0247,0.158
"5856",67,"2019-04-01 16:40:00","REDB",NA,0.0077,0.2522,0.2378,0.04,0.02,0.092
"5857",68,"2019-04-08 17:12:00","REDB",0.0453,0.0415,0.2837,0.3001,0.035,0.0343,0.412
"5858",69,"2019-04-15 17:38:00","REDB",NA,0.0444666666666667,0.2672,0.452033333333333,0.039,0.0421333333333333,0.349133333333333
"5859",70,"2019-04-15 17:38:00","REDB",NA,0.0444666666666667,0.2672,0.452033333333333,0.039,0.0421333333333333,0.349133333333333
"5860",71,"2019-04-15 17:38:00","REDB",NA,0.0444666666666667,0.2672,0.452033333333333,0.039,0.0421333333333333,0.349133333333333
"5861",72,"2019-04-22 16:51:00","REDB",NA,NA,NA,0.4025,NA,NA,0.1642
"5862",73,"2019-05-01 16:18:00","REDB",0.0185,0.0305,0.1564,0.2125,0.036,0.0254,0.2048
"5863",74,"2019-05-08 18:07:00","REDB",0.0404,0.065,0.1574,0.1974,0.033,0.0182,0.2049
"5864",75,"2019-05-13 17:19:00","REDB",NA,0.0152,0.162166666666667,0.183833333333333,0.035,0.0307666666666667,0.278866666666667
"5865",76,"2019-05-13 17:19:00","REDB",NA,0.0152,0.162166666666667,0.183833333333333,0.035,0.0307666666666667,0.278866666666667
"5866",77,"2019-05-13 17:19:00","REDB",NA,0.0152,0.162166666666667,0.183833333333333,0.035,0.0307666666666667,0.278866666666667
"5867",78,"2019-05-21 16:29:00","REDB",0.023,0.0772,0.1181,0.2264,0.023,0.0013,0.2592
"5868",79,"2019-05-28 16:18:00","REDB",0.0243,0.0347,0.1271,0.1409,0.031,0.0333,0.3059
"5869",80,"2019-06-04 14:47:00","REDB",NA,0.0407,0.1521,0.1792,0.036,0.0224,0.1732
"5870",81,"2019-06-12 17:32:00","REDB",NA,0.039,0.157,0.0491666666666667,0.0363333333333333,0.0134333333333333,0.0269
"5871",82,"2019-06-12 17:32:00","REDB",NA,0.039,0.157,0.0491666666666667,0.0363333333333333,0.0134333333333333,0.0269
"5872",83,"2019-06-12 17:32:00","REDB",NA,0.039,0.157,0.0491666666666667,0.0363333333333333,0.0134333333333333,0.0269
"5873",84,"2019-06-25 17:06:00","REDB",0.02695,0.3989,0.1297,0.1411,0.019,0.0305,0.0443
"5874",85,"2019-06-25 17:06:00","REDB",0.02695,0.3989,0.1297,0.1411,0.019,0.0305,0.0443
"5875",86,"2019-07-09 16:28:00","REDB",0.03595,0.0166,0.0956,0.0895,0.01915,0.021,0.0898
"5876",87,"2019-07-09 16:28:00","REDB",0.03595,0.0166,0.0956,0.0895,0.01915,0.021,0.0898
"5877",88,"2019-07-22 17:21:00","REDB",0.04155,0.0321,0.077,0.0918,0.01635,0.0189,0.15275
"5878",89,"2019-07-22 17:21:00","REDB",0.04155,0.0321,0.077,0.0918,0.01635,0.0189,0.15275
"5879",90,"2019-08-07 16:37:00","REDB",0.0357,NA,0.1059,0.0553,NA,0.01695,0.14905
"5880",91,"2019-08-07 16:37:00","REDB",0.0357,NA,0.1059,0.0553,NA,0.01695,0.14905
"5881",92,"2019-09-03 16:56:00","REDB",0.0431,0.0171,0.1131,0.0889,NA,0.015,0.1021
"5882",93,"2019-09-03 16:56:00","REDB",0.0431,0.0171,0.1131,0.0889,NA,0.015,0.1021
"5883",94,"2019-09-17 17:51:00","REDB",0.0239,0.01485,0.1734,0.0961,0.03995,0.0249,0.13175
"5884",95,"2019-09-17 17:51:00","REDB",0.0239,0.01485,0.1734,0.0961,0.03995,0.0249,0.13175
"5885",96,"2019-10-01 16:15:00","REDB",0.0037,0.0435,0.0517,0.0701,0.0482,0.01965,0.05095
"5886",97,"2019-10-01 16:15:00","REDB",0.0037,0.0435,0.0517,0.0701,0.0482,0.01965,0.05095
"5887",98,"2019-11-05 17:12:00","REDB",NA,NA,0.0192,0.0187,0.01375,0.0207,0.18035
"5888",99,"2019-11-05 17:12:00","REDB",NA,NA,0.0192,0.0187,0.01375,0.0207,0.18035
"5889",100,"2019-11-11 18:19:00","REDB",0.20215,0.02535,NA,NA,0.0068,0.01845,0.18215
"5890",101,"2019-11-11 18:19:00","REDB",0.20215,0.02535,NA,NA,0.0068,0.01845,0.18215
"5891",102,"2019-12-03 16:36:00","REDB",0.0079,0.0226,0.0302,0.0282,0.0173,5e-04,0.032
"5892",103,"2020-01-22 19:24:00","REDB",0.0497,0.0385,0.0882,0.0892,0.0154,0.076,0.081
"5893",104,"2020-02-04 21:29:00","REDB",0.0159,0.0018,0.1396,0.1331,0.0164,0.089,0.091
"5894",105,"2020-02-17 17:59:00","REDB",0.0282,0.0188,0.1742,0.1769,0.0111,0.086,0.093
"5895",106,"2020-03-04 20:59:00","REDB",0.0114,0.0019,0.1552,0.1523,0.032,0.066,0.73
"5896",107,"2020-03-16 17:00:00","REDB",0.027,0.0386,0.2262,0.2301,0.0151,0.004,0.006
"5897",108,"2020-07-28 15:20:00","REDB",0.0775,0.0056,0.1747,0.1632,0.0032,0.0302,0.0274
"5898",109,"2020-08-04 13:57:00","REDB",0.0746,0.0037,0.170266666666667,0.159033333333333,0.0023,0.0247,0.0234
"5899",110,"2020-08-10 15:13:00","REDB",0.072,0.0026,0.1495,0.1244,0.0034,0.0246,0.0241
"5900",111,"2020-09-01 15:04:00","REDB",0.051,0.0018,0.0887,0.0916,0.0035,0.0232,0.022
"5901",112,"2020-09-16 15:30:00","REDB",0.0042,0.001,0.076,0.0912,0.0038,0.0246,0.0243
"5902",113,"2020-10-05 15:42:00","REDB",0.0021,6e-04,0.0921,0.0911,0.0102,0.0315,0.0305
"5903",114,"2020-10-13 16:44:00","REDB",5e-04,9e-04,0.06875,0.0878666666666667,0.0199,0.0585,0.0599
"5904",115,"2021-02-10 17:12:00","REDB",0.0073,0.002,0.095,0.1108,0.0071,0.0276,0.023
"5905",116,"2021-02-22 19:03:00","REDB",0.00803333333333333,0.00243333333333333,0.122,0.1108,0.00376666666666667,0.0272666666666667,0.0346
"5906",117,"2021-02-22 19:03:00","REDB",0.00803333333333333,0.00243333333333333,0.122,0.1108,0.00376666666666667,0.0272666666666667,0.0346
"5907",118,"2021-02-22 19:03:00","REDB",0.00803333333333333,0.00243333333333333,0.122,0.1108,0.00376666666666667,0.0272666666666667,0.0346
"5908",119,"2021-03-02 17:40:00","REDB",0.0151,0.0017,0.1159,0.1081,0.0088,0.0247,0.024
"5909",120,"2021-03-22 16:11:00","REDB",0.0093,0.0015,0.1238,0.1285,0.006,0.027,0.0228
"5910",121,"2021-04-05 15:44:00","REDB",0.0024,0.0023,0.1146,0.1203,0.0045,0.0305,0.0239
"5911",122,"2021-04-12 17:59:00","REDB",0.0017,0.0018,NA,NA,0.0064,0.0271,0.0238
"5912",123,"2021-05-03 16:45:00","REDB",0.0024,0.0028,NA,0.1508,0.0098,0.0295,0.0283
"5913",124,"2021-05-11 17:27:00","REDB",0.0019,0.0027,0.1053,0.1265,0.007,0.0261,0.0266
"5914",125,"2021-05-27 16:16:00","REDB",0.0044,0.0026,0.0777,0.0719,0.0064,0.0306,0.0261
"5915",126,"2021-06-02 15:34:00","REDB",0.0128,0.0044,0.1094,0.1069,0.0054,0.0325,0.0278
"5916",127,"2021-06-17 15:00:00","REDB",0.0524,0.0071,0.0764,0.0529,0.0063,0.0374,0.0324
"5917",128,"2021-06-30 15:00:00","REDB",0.0374,0.0047,0.0397,0.051,0.0042,0.0277,0.0266
"5918",129,"2021-07-06 14:35:00","REDB",0.0925,0.008,0.1313,0.1174,0.0067,0.0313,0.0295
"5919",130,"2021-07-20 17:49:00","REDB",0.0736,0.0079,0.1265,0.1029,0.0075,0.0303,0.0239
"5920",131,"2021-08-03 14:50:00","REDB",0.0791,0.008,0.1247,0.1158,0.0048,0.0403,0.0391
"5921",132,"2021-09-07 16:04:00","REDB",0.0608,0.005,0.1279,NA,0.005,0.0296,0.0292
"5922",133,"2021-09-13 15:02:00","REDB",0.0304,0.0036,0.1382,0.0689,0.0034,0.0288,0.0259
"5923",134,"2021-10-26 14:56:00","REDB",6e-04,5e-04,NA,NA,0.0379,0.0707,0.0066
"5924",135,"2021-11-15 18:08:00","REDB",0.001,3e-04,NA,0.0973,0.0122,0.03,0.0053
"5925",136,"2021-12-13 17:19:00","REDB",0.0067,0.0018,0.0834,0.1014,0.0068,0.0255,0.0276
"5926",137,"2022-01-11 18:20:00","REDB",0.0124,0.0026,NA,0.124,0.0082,0.0299,0.0325
"5927",138,"2022-02-01 16:36:00","REDB",0.0157,0.0036,NA,0.1399,0.006,0.0249,0.0311
"5928",139,"2022-02-22 18:12:00","REDB",0.0059,8e-04,0.1195,0.1084,0.0144,0.0336,0.0361
"5929",140,"2022-03-01 15:50:00","REDB",0.0128,0.008,0.1116,0.1001,0.0099,0.025,0.0244
"5930",141,"2022-03-22 16:23:00","REDB",0.0063,0.0012,0.1548,0.1842,0.0137,0.028,0.0389
"5931",142,"2022-04-05 15:20:00","REDB",0.0072,0.0016,0.05,0.1956,0.0145,0.0278,0.0482
"5932",143,"2022-04-12 16:35:00","REDB",9e-04,0.0013,0.1471,0.1471,0.022,0.0273,0.0374
"5933",144,"2022-04-25 16:10:00","REDB",0.002,0.0027,0.2624,0.3379,0.0236,0.0359,0.065
"5934",145,"2022-05-02 15:25:00","REDB",NA,0.002,0.2068,0.2079,0.0196,0.0342,0.0568
"5935",146,"2022-05-04 14:45:00","REDB",0.000733333333333333,0.00226666666666667,0.174233333333333,0.214333333333333,0.0214,0.0284666666666667,0.0622
"5936",147,"2022-05-04 14:45:00","REDB",0.000733333333333333,0.00226666666666667,0.174233333333333,0.214333333333333,0.0214,0.0284666666666667,0.0622
"5937",148,"2022-05-04 14:45:00","REDB",0.000733333333333333,0.00226666666666667,0.174233333333333,0.214333333333333,0.0214,0.0284666666666667,0.0622
"5938",149,"2022-05-11 15:17:00","REDB",NA,0.0013,NA,0.211,0.0233,0.036,0.0473
"5939",150,"2022-05-16 14:37:00","REDB",NA,0.0012,0.1569,0.1645,0.0116,0.0303,0.0546
"5940",151,"2022-05-23 15:10:00","REDB",5e-04,0.0014,0.1029,0.1427,0.0185,0.0339,0.0397
"5941",152,"2022-05-25 15:56:00","REDB",0,0.0014,0.1283,0.1743,0.0178,0.0303,0.0504
"5942",153,"2022-06-01 14:30:00","REDB",0.0042,0.0025,0.1156,0.0857,NA,0.0361,0.0464
"5943",154,"2022-06-08 14:53:00","REDB",0.01,0.00496666666666667,NA,NA,0.00826666666666667,0.0283666666666667,0.0428666666666667
"5944",155,"2022-06-08 14:53:00","REDB",0.01,0.00496666666666667,NA,NA,0.00826666666666667,0.0283666666666667,0.0428666666666667
"5945",156,"2022-06-08 14:53:00","REDB",0.01,0.00496666666666667,NA,NA,0.00826666666666667,0.0283666666666667,0.0428666666666667
"5946",157,"2022-06-27 16:14:00","REDB",0.0417,0.0072,0.1407,0.0981,0.0088,0.0285,0.0381
"5947",158,"2022-07-05 14:52:00","REDB",0.0606,0.0084,0.1235,0.1197,0.0059,0.0241,0.0348
"5948",159,"2022-07-19 14:45:00","REDB",0.0782,0.0092,0.1795,0.2024,0.009,0.0267,0.0335
"5949",160,"2022-08-09 16:20:00","REDB",0.0766,0.0087,0.1155,0.1015,0.0043,0.0315,0.0277
"5950",161,"2022-09-06 15:43:00","REDB",0.078,0.0133,0.0445,0.0797,0.0047,0.0273,0.0259
"5951",162,"2022-09-13 17:00:00","REDB",0.0627,0.0142,0.0387,0.1362,0.0052,0.0271,0.0253
"5952",163,"2022-09-26 18:13:00","REDB",0.0388,0.0084,0.1125,0.1306,0.004,0.0288,0.0257
"5953",164,"2023-01-04 17:20:00","REDB",0.005,0.0024,0.0338,0.0922,0.0078,0.0281,0.0328
"5954",165,"2023-02-07 18:10:00","REDB",0.0123,0.0028,NA,0.0693,0.016,0.0272,0.0289
"5955",166,"2023-02-21 19:35:00","REDB",0.0071,0.0029,NA,0.0844,0.0179,0.0278,0.0296
"5956",167,"2023-02-27 19:40:00","REDB",0.0037,0.0015,NA,0.1399,0.0165,0.0284,0.0359
"5957",168,"2023-03-14 16:00:00","REDB",0.011,0.0179,NA,0.1747,0.0203,0.0385,0.0529
"5958",169,"2023-03-21 19:19:00","REDB",0.0038,0.001,NA,NA,0.0214,0.038,0.0504
"5959",170,"2023-03-28 17:05:00","REDB",0.0114,0.0122,NA,NA,0.019,0.0346,0.0426
"5960",171,"2023-04-18 16:10:00","REDB",0.0495,0.0047,0.2445,0.3606,0.0249,0.0462,0.1178
"5961",172,"2023-04-26 16:00:00","REDB",0.0197,0.0036,0.1519,0.1804,0.0167,0.0356,0.0637
"5962",173,"2023-05-02 16:00:00","REDB",0.0883,0.0052,0.271533333333333,0.6239,0.0272666666666667,0.0502333333333333,0.620033333333333
"5963",174,"2023-05-02 16:00:00","REDB",0.0883,0.0052,0.271533333333333,0.6239,0.0272666666666667,0.0502333333333333,0.620033333333333
"5964",175,"2023-05-02 16:00:00","REDB",0.0883,0.0052,0.271533333333333,0.6239,0.0272666666666667,0.0502333333333333,0.620033333333333
"5965",176,"2023-05-09 17:26:00","REDB",0.0585,0.0099,0.1835,0.238,0.0205,0.0409,0.1437
"5966",177,"2023-05-16 18:50:00","REDB",0.067,0.0047,0.1845,0.2687,0.0262,0.0443,0.2634
"5967",178,"2023-05-23 15:20:00","REDB",0.0437,0.0049,NA,0.2478,0.0163,0.0375,0.052
"5968",179,"2023-05-30 16:10:00","REDB",0.0295,0.0058,0.099,0.1256,0.0177,0.0346,0.0565
"5969",180,"2023-06-06 14:45:00","REDB",0.0277,0.0058,0.1193,0.1155,0.0165666666666667,0.0398333333333333,0.0556666666666667
"5970",181,"2023-06-06 14:45:00","REDB",0.0277,0.0058,0.1193,0.1155,0.0165666666666667,0.0398333333333333,0.0556666666666667
"5971",182,"2023-06-06 14:45:00","REDB",0.0277,0.0058,0.1193,0.1155,0.0165666666666667,0.0398333333333333,0.0556666666666667
"5972",183,"2023-07-05 17:42:00","REDB",0.025,0.0131,NA,NA,0.0203,0.0279,0.0366
"5973",184,"2023-07-18 15:17:00","REDB",0.0313,0.0071,0.1294,0.1296,0.0183,0.0251,0.0302
"5974",185,"2023-07-26 14:05:00","REDB",0.0373,0.0048,0.1132,0.1433,0.0159,0.0253,0.0284
"5975",186,"2023-08-01 14:19:00","REDB",0.0353,0.008,0.0829,0.1149,0.0102,0.0235,0.0306
"5976",187,"2023-09-06 14:50:00","REDB",0.1005,0.0127,NA,0.0499,0.0186,0.025,0.0294
"5977",188,"2023-09-26 16:01:00","REDB",0.0707,0.0098,0.0688,0.082,0.0178,0.0245,0.0287
"5978",189,"2023-10-04 15:32:00","REDB",0.2812,0.0223,0.0978,0.066,0.0265,0.0423,0.0512
"5979",190,"2023-11-07 17:38:00","REDB",0.0112,0.0046,0.12,0.09,0.0148,0.0398,0.0417
"5980",191,"2023-11-13 16:47:00","REDB",0.0435,0.0045,0.07,0.06,0.0123,0.0262,0.0255
"5981",192,"2023-12-05 17:07:00","REDB",0.0188,0.002,0.09,0.07,0.021,0.0317,0.0326
"5982",193,"2024-01-09 17:23:00","REDB",0.0212,0.0033,0.06,0.09,0.0193,0.0286,0.0391
"5983",194,"2024-02-06 17:00:00","REDB",0.0223,0.0101,0.18,0.14,0.0208,0.0288,0.0396
"5984",195,"2024-02-12 17:58:00","REDB",0.0157,NA,0.1,0.14,0.0219,0.0317,0.038
"5985",196,"2024-03-05 18:28:00","REDB",0.0128,0.0577,0.09,0.14,0.0085,0.041,0.0489
"5986",197,"2024-03-19 16:40:00","REDB",0.0321,0.006,0.16,0.29,0.0138,0.0434,0.0608
"5987",198,"2024-03-25 17:11:00","REDB",0.0149,0.0034,0.14,1.69,0.0127,0.0397,0.0639
"5988",199,"2024-04-17 16:35:00","REDB",0.0328,0.0026,0.16,0.32,0.0217,0.0237,0.1183
"5989",200,"2024-04-24 14:47:00","REDB",0.0231,0.00366666666666667,0.153333333333333,0.37,0.0266333333333333,0.0365,0.113766666666667
"5990",201,"2024-04-24 14:47:00","REDB",0.0231,0.00366666666666667,0.153333333333333,0.37,0.0266333333333333,0.0365,0.113766666666667
"5991",202,"2024-04-24 14:47:00","REDB",0.0231,0.00366666666666667,0.153333333333333,0.37,0.0266333333333333,0.0365,0.113766666666667
"5992",203,"2024-04-29 16:40:00","REDB",0.0175,0.0036,0.19,0.29,0.0196,0.0579,0.0802
"5993",204,"2024-05-01 16:41:00","REDB",0.017,0.0053,0.13,0.3,0.0238,0.0332,0.0718
"5994",205,"2024-05-08 17:16:00","REDB",0.0127,0.0033,0.09,0.16,0.0196,0.032,0.0452
"5995",206,"2024-05-14 16:42:00","REDB",0.0193,0.0032,0.16,0.38,0.0247,0.0388,0.1097
"5996",207,"2024-05-20 17:22:00","REDB",0.0178,0.0039,0.1,0.32,0.0179,0.0339,0.0677
"5997",208,"2024-05-29 17:26:00","REDB",0.0147,0.0043,0.09,0.19,0.0196,0.0327,0.0558
"5998",209,"2024-06-11 16:23:00","REDB",0.0275666666666667,0.00473333333333333,0.0966666666666667,0.17,0.0114,0.0299666666666667,0.045
"5999",210,"2024-06-11 16:23:00","REDB",0.0275666666666667,0.00473333333333333,0.0966666666666667,0.17,0.0114,0.0299666666666667,0.045
"6000",211,"2024-06-11 16:23:00","REDB",0.0275666666666667,0.00473333333333333,0.0966666666666667,0.17,0.0114,0.0299666666666667,0.045
"6001",212,"2024-06-26 15:50:00","REDB",0.0347,0.0044,0.16,0.14,0.0093,0.026,0.0358
"6002",213,"2024-07-01 16:29:00","REDB",0.0319,0.0094,0.1,0.15,0.0128,0.0256,0.0337
"6003",214,"2024-07-08 16:00:00","REDB",0.0378,0.0039,0.13,0.23,0.0115,0.0235,0.0247
"6004",215,"2024-07-16 14:22:00","REDB",0.0455,0.0123,0.16,0.22,0.012,0.0224,0.027
"6005",216,"2024-08-13 14:45:00","REDB",0.0413,0.0068,0.1,0.16,0.0053,0.0247,0.0216
"6006",217,"2024-09-03 14:38:00","REDB",0.0473,0.0125,0.12,0.17,0.0122,0.0238,0.0292
"6007",218,"2024-09-10 15:04:00","REDB",0.046,0.0166,0.11,0.21,0.011,0.0212,0.0245
"6008",219,"2024-09-23 16:51:00","REDB",0.0184,0.0044,0.1,0.17,0.0089,0.0229,0.0375
"6009",220,"2024-10-29 15:20:00","REDB",0.0011,0.0045,0.25,0.09,0.0342,0.0622,0.0676
"6010",221,"2024-11-05 17:04:00","REDB",NA,0.0025,0.03,0.13,0.0167,0.0408,0.0447
"6011",222,"2024-12-17 15:49:00","REDB",0.0056,0.0012,0.14,0.11,0.0089,0.0211,0.0277
"6012",223,"2025-01-07 16:08:00","REDB",0.009,0.0011,0.1,0.09,0.013,0.0226,0.0249
"6013",224,"2025-02-11 18:03:00","REDB",0.0116,0.0015,0.16,0.1,0.0129,0.0224,0.0267
"6014",225,"2025-02-19 18:04:00","REDB",0.0069,0.0086,0.03,0.08,0.008,0.0262,0.0245
"6015",226,"2025-03-05 17:10:00","REDB",0.0086,0.0187,0.04,0.08,0.0087,0.0257,0.022
"6016",227,"2025-03-19 19:17:00","REDB",0.0147,0.0235,0.08,0.11,0.0135,0.0287,0.0325
"6017",228,"2025-04-07 15:40:00","REDB",0.0071,0.0106,0.07,0.14,0.0112,0.0307,0.0381
"6018",229,"2025-04-14 16:03:00","REDB",0.0268,0.0155,0.13,0.82,0.0189,0.0327,0.0593
"6019",230,"2025-04-21 15:42:00","REDB",0.0215,0.0185,0.09,0.13,0.0191,0.0288,0.0382
"6020",231,"2025-04-30 15:29:00","REDB",0.0057,0.0018,0.14,0.17,0.0231,0.044,0.0641
"6021",232,"2025-05-05 15:37:00","REDB",0.0019,0.0012,0.05,0.09,0.0041,0.0334,0.0326
"6022",233,"2025-05-07 14:41:00","REDB",0.00503333333333333,0.00153333333333333,0.0633333333333333,0.103333333333333,0.00833333333333333,0.0255666666666667,0.0335
"6023",234,"2025-05-07 14:41:00","REDB",0.00503333333333333,0.00153333333333333,0.0633333333333333,0.103333333333333,0.00833333333333333,0.0255666666666667,0.0335
"6024",235,"2025-05-07 14:41:00","REDB",0.00503333333333333,0.00153333333333333,0.0633333333333333,0.103333333333333,0.00833333333333333,0.0255666666666667,0.0335
"6025",236,"2025-05-28 15:03:00","REDB",0.0171,0.0048,0.04,0.37,0.0152,0.0325,0.0348
"6026",237,"2025-06-11 15:09:00","REDB",0.0314,0.0085,0.05,0.08,0.0073,0.0244,0.0375
"6027",238,"2025-06-16 16:09:00","REDB",0.0292,3e-04,0.04,0.08,0.0153,0.0293,0.0294
"6028",239,"2025-06-18 14:51:00","REDB",0.0364,0.016,0.04,0.1,0.0104,0.0227,0.0313
"6029",240,"2025-06-23 15:17:00","REDB",0.013,NA,0.04,0.03,0.0113,0.0215,0.0265
"6030",241,"2025-06-25 15:17:00","REDB",0.0216,NA,0.03,0.04,0.0075,0.02,0.022
"6031",242,"2025-07-01 15:10:00","REDB",0.0487666666666667,NA,0.0533333333333333,0.0966666666666667,0.0125,0.0217,0.0298333333333333
"6032",243,"2025-07-01 15:10:00","REDB",0.0487666666666667,NA,0.0533333333333333,0.0966666666666667,0.0125,0.0217,0.0298333333333333
"6033",244,"2025-07-01 15:10:00","REDB",0.0487666666666667,NA,0.0533333333333333,0.0966666666666667,0.0125,0.0217,0.0298333333333333
"6034",245,"2025-07-30 14:11:00","REDB",0.0533,0.0057,0.08,0.11,0.0146,0.0223,0.0211
"6035",246,"2025-08-06 14:15:00","REDB",0.0454,0.0185,0.06,0.08,0.0136,0.0183,0.0218
"6036",247,"2025-08-25 15:39:00","REDB",0.0542,0.0193,0.0867,0.0667,0.0134,0.0226,0.0273
"6037",248,"2025-09-10 16:12:00","REDB",0.0278,0.0103,0.0367,0.0367,0.0122,0.0142,0.0251
"6038",249,"2025-10-14 15:31:00","REDB",0.0112,0.0203,0.12,0.1233,0.036,0.0452,0.049
"6039",250,"2025-11-04 16:10:00","REDB",5e-04,7e-04,0.0533,0.07,0.0288,0.0331,0.0375
"6040",251,"2025-11-10 17:38:00","REDB",0.0104,0.0162,0.0967,0.0733,0.0238,0.0289,0.0595
"6041",252,"2025-12-02 16:04:00","REDB",0.0014,0.0032,0.0733,0.05,0.0183,0.0243,0.0259
"6042",1,"2017-11-07 19:55:00","MART",0.0305,0.1376,NA,0.0416,0.02,0.022,0.027
"6043",2,"2017-11-20 18:24:00","MART",0.0143,0.1387,NA,NA,0.024,0.041,0.051
"6044",3,"2017-12-04 18:57:00","MART",NA,NA,NA,NA,NA,NA,0.005
"6045",4,"2017-12-12 18:25:00","MART",0.0112,0.102,NA,NA,0.021,0.045,0.052
"6046",5,"2017-12-14 18:00:00","MART",0.002,0.1113,NA,NA,0.021,0.026,0.062
"6047",6,"2018-01-09 18:26:00","MART",0.0249,0.1098,0.0138,0.0157,0.061,0.038,0.042
"6048",7,"2018-01-15 18:39:00","MART",0.0245,0.1081,0.0408,0.014,0.047,0.008,0.009
"6049",8,"2018-02-01 19:37:00","MART",0.0145,0.0934,0.0331,0.0315,0.073,0.002,0.004
"6050",9,"2018-02-13 20:07:00","MART",0.0175,0.0999,NA,NA,0.068,5e-04,5e-04
"6051",10,"2018-02-15 20:26:00","MART",0.0161,0.0897,NA,0.0099,0.081,5e-04,0.001
"6052",11,"2018-03-01 17:35:00","MART",0.0222,NA,0.052,0.0525,0.02,5e-04,0.003
"6053",12,"2018-03-13 18:12:00","MART",0.0041,0.0017,NA,NA,0.059,0.064,0.066
"6054",13,"2018-03-19 19:45:00","MART",0.00313333333333333,NA,NA,NA,NA,0.013,0.0143333333333333
"6055",14,"2018-03-19 19:45:00","MART",0.00313333333333333,NA,NA,NA,NA,0.013,0.0143333333333333
"6056",15,"2018-03-19 19:45:00","MART",0.00313333333333333,NA,NA,NA,NA,0.013,0.0143333333333333
"6057",16,"2018-04-05 17:49:00","MART",NA,NA,NA,0.0858,NA,NA,0.1539
"6058",17,"2018-04-10 17:38:00","MART",0.0171,0.006,0.1169,0.1114,0.071,0.0225,0.2654
"6059",18,"2018-04-26 16:58:00","MART",0.0098,0.03,0.2498,0.3015,0.042,0.0097,0.0346
"6060",19,"2018-05-08 18:28:00","MART",NA,0.0527,0.2614,0.2523,0.017,5e-04,0.003
"6061",20,"2018-05-17 17:16:00","MART",0.0096,0.0494,0.1968,0.2166,0.036,0.0145,0.0619
"6062",21,"2018-06-12 17:35:00","MART",0.0154,0.0339,0.0464,0.0345,0.022,0.0184,0.0427
"6063",22,"2018-06-21 17:19:00","MART",0.0277,0.0162,0.01,0.0071,0.016,0.0133,0.0364
"6064",23,"2018-07-10 17:20:00","MART",0.0278,0.0265666666666667,0.1788,0.199833333333333,0.0233333333333333,0.015,0.0716666666666667
"6065",24,"2018-07-10 17:20:00","MART",0.0278,0.0265666666666667,0.1788,0.199833333333333,0.0233333333333333,0.015,0.0716666666666667
"6066",25,"2018-07-10 17:20:00","MART",0.0278,0.0265666666666667,0.1788,0.199833333333333,0.0233333333333333,0.015,0.0716666666666667
"6067",26,"2018-08-14 19:49:00","MART",0.0094,0.0537,0.0856,0.0448,0.019,0.0301,0.0487
"6068",27,"2018-09-11 18:06:00","MART",0.0227,0.0084,0.0173,NA,0.084,0.0094,0.003
"6069",28,"2018-09-13 18:15:00","MART",0.0186,0.0289,NA,0.0067,0.06,0.0087,0.011
"6070",29,"2018-10-09 18:26:00","MART",0.0287,0.0194,0.0576,0.0907,0.107,5e-04,0.1469
"6071",30,"2018-11-01 17:59:00","MART",NA,NA,0.2127,0.2105,0.019,0.0072,0.022
"6072",31,"2018-11-14 17:21:00","MART",NA,NA,NA,0.071,NA,NA,0.0693666666666667
"6073",32,"2018-11-14 17:21:00","MART",NA,NA,NA,0.071,NA,NA,0.0693666666666667
"6074",33,"2018-11-14 17:21:00","MART",NA,NA,NA,0.071,NA,NA,0.0693666666666667
"6075",34,"2018-11-29 17:48:00","MART",NA,NA,NA,NA,NA,NA,0.051
"6076",35,"2018-12-03 17:44:00","MART",NA,0.0527,NA,NA,0.03,0.03,NA
"6077",36,"2018-12-11 18:35:00","MART",NA,0.0698,NA,NA,0.384,0.022,0.0696
"6078",37,"2018-12-17 18:47:00","MART",NA,NA,NA,NA,NA,NA,NA
"6079",38,"2019-01-08 18:24:00","MART",NA,NA,0.0729,0.1064,0.015,0.009,0.1899
"6080",39,"2019-01-17 19:56:00","MART",NA,0.0329,0.0989333333333333,0.0999333333333333,0.166666666666667,0.014,0.0326666666666667
"6081",40,"2019-01-17 19:56:00","MART",NA,0.0329,0.0989333333333333,0.0999333333333333,0.166666666666667,0.014,0.0326666666666667
"6082",41,"2019-01-17 19:56:00","MART",NA,0.0329,0.0989333333333333,0.0999333333333333,0.166666666666667,0.014,0.0326666666666667
"6083",42,"2019-01-31 19:22:00","MART",NA,0.0479,0.0611,0.0555,0.403,0.019,0.021
"6084",43,"2019-02-14 20:01:00","MART",NA,0.0661,0.0856,0.0733,0.178,0.0082,0.0994
"6085",44,"2019-02-19 18:33:00","MART",NA,0.0702,0.0818,0.0808,0.037,0.0069,0.447
"6086",45,"2019-02-28 19:40:00","MART",NA,0.0952,0.0058,0.02,0.018,0.059,0.53
"6087",46,"2019-03-12 17:07:00","MART",NA,0.0936,0.0537,0.0456,0.043,0.006,0.232
"6088",47,"2019-04-09 18:15:00","MART",NA,0.1321,0.096,NA,0.05,0.0328,NA
"6089",48,"2019-04-11 17:31:00","MART",NA,0.0578,0.0869666666666667,0.0992666666666667,0.039,0.0179333333333333,0.0950666666666667
"6090",49,"2019-04-11 17:31:00","MART",NA,0.0578,0.0869666666666667,0.0992666666666667,0.039,0.0179333333333333,0.0950666666666667
"6091",50,"2019-04-11 17:31:00","MART",NA,0.0578,0.0869666666666667,0.0992666666666667,0.039,0.0179333333333333,0.0950666666666667
"6092",51,"2019-04-16 18:00:00","MART",NA,0.089,0.0258,0.0019,0.031,0.0329,0.0466
"6093",52,"2019-04-25 17:05:00","MART",NA,0.077,0.0926,0.0981,0.029,0.0164,0.036
"6094",53,"2019-05-07 16:30:00","MART",0.0114,0.0265,0.0801,0.0801,0.037,0.0212,0.1632
"6095",54,"2019-05-16 17:47:00","MART",0.0145,0.0262,0.1054,0.1074,0.042,0.0036,0.0023
"6096",55,"2019-06-11 18:05:00","MART",NA,0.0575,0.1347,0.1152,0.037,0.0061,0.0129
"6097",56,"2019-06-20 17:52:00","MART",0.0327,0.0376,0.1052,NA,0.036,0.0526,0.061
"6098",57,"2019-06-27 17:38:00","MART",0.0268,0.0581,0.0929,0.0845,0.043,0.029,0.0828
"6099",58,"2019-07-09 17:55:00","MART",0.01805,0.02155,0.0748,0.1983,0.0326,0.0195,0.0563
"6100",59,"2019-07-09 17:55:00","MART",0.01805,0.02155,0.0748,0.1983,0.0326,0.0195,0.0563
"6101",60,"2019-08-13 16:56:00","MART",0.0368,0.0084,0.1168,0.0569,NA,0.018,0.22555
"6102",61,"2019-08-13 16:56:00","MART",0.0368,0.0084,0.1168,0.0569,NA,0.018,0.22555
"6103",62,"2019-09-10 16:27:00","MART",0.1134,0.01435,0.2576,0.2599,0.01975,0.0286,0.12035
"6104",63,"2019-09-10 16:27:00","MART",0.1134,0.01435,0.2576,0.2599,0.01975,0.0286,0.12035
"6105",64,"2019-10-15 17:30:00","MART",NA,0.03095,0.0355666666666667,0.0325333333333333,0.040375,0.02185,0.071525
"6106",65,"2019-10-15 17:30:00","MART",NA,0.03095,0.0355666666666667,0.0325333333333333,0.040375,0.02185,0.071525
"6107",66,"2019-10-15 17:30:00","MART",NA,0.03095,0.0355666666666667,0.0325333333333333,0.040375,0.02185,0.071525
"6108",67,"2019-10-15 17:30:00","MART",NA,0.03095,0.0355666666666667,0.0325333333333333,0.040375,0.02185,0.071525
"6109",68,"2019-10-31 17:38:00","MART",0.00355,0.10715,0.0125,0.0779,0.03295,0.0129,0.1386
"6110",69,"2019-10-31 17:38:00","MART",0.00355,0.10715,0.0125,0.0779,0.03295,0.0129,0.1386
"6111",70,"2019-11-12 16:41:00","MART",NA,0.0223,NA,0.0053,0.0404,0.01175,0.0846
"6112",71,"2019-11-12 16:41:00","MART",NA,0.0223,NA,0.0053,0.0404,0.01175,0.0846
"6113",72,"2019-11-19 17:20:00","MART",0.00555,0.0123,0.0163,0.0273,0.02255,0.01405,0.06095
"6114",73,"2019-11-19 17:20:00","MART",0.00555,0.0123,0.0163,0.0273,0.02255,0.01405,0.06095
"6115",74,"2019-12-02 18:46:00","MART",0.0076,0.0188,0.0751,NA,0.01805,0.01155,0.0616
"6116",75,"2019-12-02 18:46:00","MART",0.0076,0.0188,0.0751,NA,0.01805,0.01155,0.0616
"6117",76,"2019-12-10 17:21:00","MART",0.02185,0.01765,0.0348,0.0259,0.02155,0.0166,0.04965
"6118",77,"2019-12-10 17:21:00","MART",0.02185,0.01765,0.0348,0.0259,0.02155,0.0166,0.04965
"6119",78,"2019-12-17 18:08:00","MART",0.0197,0.01475,0.0495,0.0307,0.014,0.02315,0.019
"6120",79,"2019-12-17 18:08:00","MART",0.0197,0.01475,0.0495,0.0307,0.014,0.02315,0.019
"6121",80,"2020-01-14 20:39:00","MART",0.34525,0.0143,0.0154,0.0227,0.0331,0.01765,0.01925
"6122",81,"2020-01-14 20:39:00","MART",0.34525,0.0143,0.0154,0.0227,0.0331,0.01765,0.01925
"6123",82,"2020-01-21 17:49:00","MART",0.0038,0.0678,0.0363,0.0163,0.0439,0.014,0.024
"6124",83,"2020-01-30 18:30:00","MART",0.0029,0.0869,0.1304,0.1097,0.0283,0.054,0.055
"6125",84,"2020-02-11 18:09:00","MART",0.0129,0.036,NA,NA,0.0357,0.039,0.068
"6126",85,"2020-02-17 18:54:00","MART",0.0035,0.0279,0.123,0.1258,0.0252,0.044,0.051
"6127",86,"2020-03-04 17:52:00","MART",0.0065,0.0679,0.1277,0.0723,0.0246,0.022,0.038
"6128",87,"2020-03-10 16:27:00","MART",0.0075,0.0801,0.130266666666667,0.0903,0.0292,0.0406666666666667,0.0513333333333333
"6129",88,"2020-03-10 16:27:00","MART",0.0075,0.0801,0.130266666666667,0.0903,0.0292,0.0406666666666667,0.0513333333333333
"6130",89,"2020-03-10 16:27:00","MART",0.0075,0.0801,0.130266666666667,0.0903,0.0292,0.0406666666666667,0.0513333333333333
"6131",90,"2020-03-19 17:55:00","MART",0.0058,0.0532,0.1203,0.1145,0.0287,0.084,0.092
"6132",91,"2020-07-14 20:48:00","MART",0.0108,0.0015,0.0696333333333333,0.0492,0.023,0.024,0.0265
"6133",92,"2020-07-21 18:09:00","MART",0.0152,4e-04,0.0518,0.0687,0.0215,0.026,0.0265
"6134",93,"2020-08-11 20:00:00","MART",0.0238,0.001,0.1028,0.0882,0.0224,0.0268,0.0275
"6135",94,"2020-08-25 17:25:00","MART",0.0301,5e-04,0.0594,0.0369,0.0213,0.0256,0.0264
"6136",95,"2020-09-09 17:59:00","MART",0.0212,4e-04,0.0755,0.0884,0.0211,0.0247,0.0252
"6137",96,"2020-09-22 17:32:00","MART",0.013,NA,0.0582,0.0431,0.0188,0.0236,0.0232
"6138",97,"2020-10-07 18:35:00","MART",0.0235,0.0013,0.0842,0.0874,0.0207,0.0252,0.025
"6139",98,"2020-10-20 19:24:00",NA,NA,NA,NA,NA,NA,NA,0.025
"6140",99,"2020-10-27 21:48:00","MART",0.0079,NA,NA,NA,0.0187,0.0217,0.0214
"6141",100,"2020-11-05 18:59:00","MART",0.0087,3e-04,0.0208,0.0077,0.0184,0.0256,0.0261
"6142",101,"2020-11-12 22:07:00",NA,NA,NA,NA,NA,NA,NA,NA
"6143",102,"2020-11-17 20:03:00","MART",0.0179,0.0049,NA,NA,0.026,0.0231,0.0241
"6144",103,"2020-12-01 19:45:00","MART",0.0093,NA,NA,NA,0.0181,0.0206,0.0226
"6145",104,"2020-12-02 21:07:00","MART",0.0087,1e-04,NA,NA,0.0191,0.033,0.0226
"6146",105,"2020-12-08 18:14:00","MART",0.0077,0.0013,0.053,0.0547,0.023,0.0217,0.0224
"6147",106,"2020-12-14 19:06:00","MART",0.0089,3e-04,0.0573,0.0449,0.017,0.0226,0.0199
"6148",107,"2021-01-18 20:25:00","MART",0.081,0.0016,0.1692,0.1693,0.0204,0.0249,0.0217
"6149",108,"2021-01-26 22:10:00","MART",0.0105,0.0012,0.0501,0.0434,0.0193,0.0235,0.023
"6150",109,"2021-01-28 18:24:00","MART",0.0095,0.0034,0.0436,0.0565,0.0227,0.0231,0.0229
"6151",110,"2021-02-18 19:43:00","MART",0.0058,0.0061,NA,NA,0.0185,0.0251,0.0221
"6152",111,"2021-02-23 19:00:00","MART",0.0077,0.0042,0.0914,0.0924,0.023,0.025,0.0267
"6153",112,"2021-03-01 20:17:00","MART",0.0074,4e-04,0.0919,0.0807,0.02,0.0197,0.0226
"6154",113,"2021-03-15 19:29:00","MART",0.0065,0.0024,0.061,0.0784,0.0209,0.0186,0.0222
"6155",114,"2021-03-17 20:09:00","MART",0.0032,0.0013,0.0676,0.0754,0.0198,0.0229,0.0244
"6156",115,"2021-03-23 17:35:00",NA,NA,NA,0.0997666666666667,0.0986333333333333,NA,NA,NA
"6157",116,"2021-04-06 17:01:00","MART",0.0064,7e-04,0.0892,0.0712,0.0186,0.0214,0.0197
"6158",117,"2021-04-08 17:14:00","MART",0.002,0.0026,0.0695,0.0789,0.0216,0.0233,0.0238
"6159",118,"2021-04-26 18:24:00","MART",0.0054,0.0021,0.0762,0.0808,0.0205,0.0214,0.0223
"6160",119,"2021-05-11 19:08:00","MART",0.0053,9e-04,0.0398,0.0739,0.0187,0.0217,0.0226
"6161",120,"2021-05-18 22:14:00","MART",0.0088,0.0034,0.0548,0.0683,0.0221,0.0233,0.0253
"6162",121,"2021-06-01 20:58:00","MART",0.0086,0.0016,0.0578,0.1148,0.0192,0.0253,0.0254
"6163",122,"2021-06-24 17:49:00","MART",0.0136,0.0014,0.0273,NA,0.0207,0.0254,0.0258
"6164",123,"2021-07-06 20:10:00","MART",0.0212,0.0021,0.0615,0.0392,0.0206,0.0276,0.0282
"6165",124,"2021-08-17 16:49:00","MART",0.0073,4e-04,NA,0.0699,0.0153,0.0236,0.0371
"6166",125,"2021-09-07 16:14:00","MART",0.0116,7e-04,0.045,0.0643,0.0151,0.0212,0.0232
"6167",126,"2021-09-13 18:27:00","MART",0.0098,0.0014,0.0272,0.031,0.0139,0.0199,0.0243
"6168",127,"2021-10-05 17:21:00","MART",0.0256,0,0.0469,0.0497,0.0144,0.023,0.0238
"6169",128,"2021-10-27 15:44:00","MART",0.0565,5e-04,0.0843,0.11,0.0205,0.0259,0.0275
"6170",129,"2021-11-09 20:44:00","MART",0.0137,6e-04,0.0958,0.0939,0.0195,0.0247,0.0303
"6171",130,"2021-11-17 19:21:00","MART",0.0058,NA,0.0634,0.0663,0.0187,0.0236,0.0264
"6172",131,"2021-11-22 19:00:00","MART",0.0049,1e-04,0.0884,0.0724,0.0183,0.0245,0.0241
"6173",132,"2021-12-08 22:58:00","MART",0.0086,3e-04,0.041,0.0616,0.019,0.0238,0.0242
"6174",133,"2021-12-14 19:00:00","MART",0.0082,0.0019,0.0445,0.0607,0.0208,0.0241,0.0252
"6175",134,"2022-01-11 21:37:00","MART",0.0099,5e-04,0.0823,0.0786,0.0228,0.0248,0.0458
"6176",135,"2022-01-24 18:49:00","MART",0.0125,6e-04,0.0759,0.0824,0.0224,0.0278,0.0249
"6177",136,"2022-01-27 20:51:00","MART",0.0097,6e-04,0.2057,0.0976,0.0218,0.0257,0.0264
"6178",137,"2022-02-08 19:44:00","MART",0.0091,3e-04,NA,NA,0.0202,0.0303,0.0243
"6179",138,"2022-02-15 18:57:00","MART",0.0113,NA,0.0709,0.0726,0.0213,0.0252,0.025
"6180",139,"2022-02-23 17:06:00","MART",0.011,NA,0.0776,0.0812,0.0215,0.0233,0.0587
"6181",140,"2022-03-08 18:19:00","MART",0.00505,0.00075,0.0517,NA,0.0225,0.0163,0.0239
"6182",141,"2022-03-08 18:19:00","MART",0.00505,0.00075,0.0517,NA,0.0225,0.0163,0.0239
"6183",142,"2022-03-14 20:04:00","MART",0.0071,5e-04,NA,NA,0.0228,0.0205,0.0249
"6184",143,"2022-04-13 18:07:00","MART",0.008,NA,0.063,0.0627,0.0194,0.0175,0.0223
"6185",144,"2022-04-19 19:42:00","MART",0.0096,NA,0.143,0.1456,0.0204,0.0224,0.0255
"6186",145,"2022-04-25 19:25:00","MART",0.0049,NA,0.1416,0.1269,0.0248,0.0211,0.0245
"6187",146,"2022-05-03 17:38:00",NA,NA,NA,0.0831,0.0632,NA,NA,NA
"6188",147,"2022-05-11 22:43:00",NA,NA,NA,0.0949,0.0891,NA,NA,NA
"6189",148,"2022-05-31 21:05:00",NA,NA,NA,0.0335,0.0278,NA,NA,NA
"6190",149,"2022-06-22 17:28:00","MART",0.0107,NA,0.0185,0.0167,0.0267,0.0236,0.0256
"6191",150,"2022-07-12 17:47:00","MART",0.0169,NA,0.0147,0.0154,0.027,0.0249,0.06
"6192",151,"2022-08-02 15:52:00","MART",0.02935,0.0074,NA,NA,0.0248,0.02485,0.0289
"6193",152,"2022-08-02 15:52:00","MART",0.02935,0.0074,NA,NA,0.0248,0.02485,0.0289
"6194",153,"2022-09-07 22:07:00","MART",0.0305,0.0025,0.0033,0.0024,0.0242,0.0262,0.0307
"6195",154,"2022-09-13 19:13:00","MART",0.0144,0.0105,NA,2e-04,0.0194,0.0237,0.0273
"6196",155,"2022-10-04 19:00:00","MART",0.0325,0.0033,0.0911,0.1029,0.0237,0.0216,0.0235
"6197",156,"2022-11-02 22:39:00","MART",0.062,0.0017,0.1255,0.1422,0.0221,0.0232,0.0255
"6198",157,"2022-11-08 19:08:00","MART",0.0385,0.0016,0.1024,0.1085,0.0269,0.0238,0.0264
"6199",158,"2022-11-16 19:28:00","MART",0.0145,0.0021,NA,NA,0.0251,0.0202,0.0227
"6200",159,"2022-11-29 20:17:00","MART",0.015,0.0032,NA,NA,0.026,0.0215,0.0237
"6201",160,"2022-12-12 21:38:00","MART",0.0145,0.001,NA,NA,0.0247,0.0215,0.0251
"6202",161,"2023-01-17 18:48:00","MART",0.0113,0.002,0.0259,0.0128,0.0269,0.0239,0.0257
"6203",162,"2023-01-24 19:54:00","MART",0.0118,0.002,NA,0.0116,0.0274,0.0221,0.0235
"6204",163,"2023-01-31 19:48:00","MART",0.0122,0.0014,0.0342,4e-04,0.0254,0.0212,0.0219
"6205",164,"2023-02-07 18:38:00","MART",0.0148,0.0029,0.0185,0.0359,0.022,0.0228,0.0255
"6206",165,"2023-02-14 21:27:00","MART",0.0108,0.0018,0.0027,0.0231,0.0202,0.022,0.0262
"6207",166,"2023-03-07 20:17:00","MART",0.0066,0.00185,0.0473666666666667,0.0600333333333333,0.0204,0.021,0.02225
"6208",167,"2023-03-07 20:17:00","MART",0.0066,0.00185,0.0473666666666667,0.0600333333333333,0.0204,0.021,0.02225
"6209",168,"2023-03-14 17:11:00","MART",0.0205,8e-04,0.0595,0.0999,0.0221,0.0222,0.0246
"6210",169,"2023-03-21 22:04:00","MART",0.0099,0.0016,0.0512,0.0886,0.0235,0.0238,0.0248
"6211",170,"2023-04-04 17:30:00","MART",0.0116,0.0015,0.0627,0.0524,0.0201,0.0229,0.0252
"6212",171,"2023-04-12 17:06:00","MART",0.0129,3e-04,0.0617,0.1406,0.0228,0.0233,0.0263
"6213",172,"2023-05-09 19:31:00","MART",0.0116,NA,0.0381,0.0414,0.021,0.0235,0.0256
"6214",173,"2023-05-16 19:24:00","MART",0.0115,NA,0.0594,0.0615,0.022,0.0244,0.0263
"6215",174,"2023-06-13 16:48:00","MART",0.0161,0.0046,0.0453,0.0483,0.026,0.026,0.0253
"6216",175,"2023-06-21 19:30:00","MART",0.0139,0.003,0.1008,0.1023,0.0232,0.0246,0.024
"6217",176,"2023-07-05 17:04:00","MART",0.0274,0.00685,0.1193,0.1006,0.0298,0.0308,0.02525
"6218",177,"2023-07-05 17:04:00","MART",0.0274,0.00685,0.1193,0.1006,0.0298,0.0308,0.02525
"6219",178,"2023-08-08 18:33:00","MART",0.03,0.0011,NA,NA,0.0248,0.0237,0.0231
"6220",179,"2023-09-11 18:38:00","MART",0.075,0.0094,0.1132,0.0625,0.0229,0.0233,0.0242
"6221",180,"2023-09-26 18:50:00","MART",0.1115,0.0026,0.0972,0.1072,0.0262,0.0335,0.0294
"6222",181,"2023-10-02 17:32:00","MART",0.061,7e-04,0.1252,0.114,0.0235,0.0238,0.0233
"6223",182,"2023-11-01 19:50:00","MART",0.017,0.0012,0.05,0.0667,0.0207,0.0257,0.0217
"6224",183,"2023-11-06 18:20:00","MART",0.015,0.015,0.17,0.1367,0.0266,0.0294,0.0293
"6225",184,"2023-11-19 20:35:00",NA,NA,8e-04,0.0333,0.08,0.0255,0.0229,0.0242
"6226",185,"2023-11-28 17:36:00",NA,NA,0.0057,0.06,0.1,NA,0.0212,0.0228
"6227",186,"2023-12-04 19:20:00",NA,NA,7e-04,0.1,0.16,0.025,0.0264,0.0381
"6228",187,"2023-12-13 18:31:00",NA,NA,0.0019,0.0467,0.11,0.0224,0.0232,0.0251
"6229",188,"2024-01-08 19:30:00","MART",0.017,0.0098,0.09,0.09,0.0217,0.0242,0.0247
"6230",189,"2024-01-15 19:55:00","MART",0.0129,NA,0.08,0.06,0.022,0.0238,0.0228
"6231",190,"2024-01-24 18:19:00","MART",0.0084,0.0038,0.08,0.04,0.0228,0.026,0.0286
"6232",191,"2024-02-06 20:46:00","MART",0.0075,NA,0.07,0.08,0.0203,0.0251,0.0248
"6233",192,"2024-02-13 17:37:00","MART",0.0097,NA,0.07,0.05,0.0221,0.0242,0.0222
"6234",193,"2024-02-27 18:20:00","MART",0.0083,0.0094,0.09,0.06,0.0218,0.0254,0.0262
"6235",194,"2024-03-12 16:37:00","MART",0.00446666666666667,NA,0.05,0.0333333333333333,0.0215333333333333,0.0259,0.0292
"6236",195,"2024-03-12 16:37:00","MART",0.00446666666666667,NA,0.05,0.0333333333333333,0.0215333333333333,0.0259,0.0292
"6237",196,"2024-03-12 16:37:00","MART",0.00446666666666667,NA,0.05,0.0333333333333333,0.0215333333333333,0.0259,0.0292
"6238",197,"2024-03-20 18:40:00","MART",0.0014,NA,0.03,0.02,0.0205,0.0235,0.0238
"6239",198,"2024-04-08 17:14:00","MART",0.0013,NA,0.04,0.02,0.022,0.0222,0.0229
"6240",199,"2024-04-10 16:40:00","MART",0.0027,2e-04,0.04,0.03,0.0191,0.0278,0.0227
"6241",200,"2024-04-23 17:39:00","MART",0.0027,1e-04,0.03,0.04,0.0198,0.0254,0.0229
"6242",201,"2024-05-07 17:32:00","MART",0.0069,0.0103,0.04,0.05,0.0213,0.023,0.02
"6243",202,"2024-05-22 19:21:00","MART",0.007,0.0038,0.0167,0.09,0.0247,0.0239,0.02
"6244",203,"2024-06-10 17:26:00","MART",0.0057,0.0012,0.05,0.06,0.0225,0.0233,0.03
"6245",204,"2024-06-19 16:03:00","MART",0.0078,0.0026,0.0367,0.06,0.0233,0.0224,0.02
"6246",205,"2024-07-09 16:20:00","MART",0.0149333333333333,0.00736666666666667,0.0333333333333333,0.0466666666666667,0.0228666666666667,0.0256333333333333,0.0244333333333333
"6247",206,"2024-07-09 16:20:00","MART",0.0149333333333333,0.00736666666666667,0.0333333333333333,0.0466666666666667,0.0228666666666667,0.0256333333333333,0.0244333333333333
"6248",207,"2024-07-09 16:20:00","MART",0.0149333333333333,0.00736666666666667,0.0333333333333333,0.0466666666666667,0.0228666666666667,0.0256333333333333,0.0244333333333333
"6249",208,"2024-08-06 16:03:00","MART",0.0215,0.0029,0.03,0.05,0.0245,0.0247,0.0271
"6250",209,"2024-09-03 16:22:00","MART",0.0136,0.0022,0.03,0.06,0.0217,0.0233,0.0242
"6251",210,"2024-09-10 17:20:00","MART",0.0187,0.0044,0.08,0.07,0.0229,0.0217,0.0238
"6252",211,"2024-10-02 20:16:00","MART",0.0194,0.0053,0.05,0.06,0.0212,0.019,0.0211
"6253",212,"2024-10-29 18:12:00","MART",0.0605,9e-04,0.32,0.09,0.0226,0.023,0.0234
"6254",213,"2024-11-11 20:54:00","MART",0.0107,0.0016,0.05,0.04,0.0232,0.0249,0.0264
"6255",214,"2024-11-19 19:18:00","MART",0.0073,0.0051,0.04,0.06,0.024,0.0223,0.0221
"6256",215,"2024-12-03 20:35:00","MART",0.0085,0.0054,0.04,0.03,0.0303,0.0288,0.02
"6257",216,"2024-12-10 18:53:00","MART",0.0117,0.005,0.03,0.03,0.0246,0.0198,0.0207
"6258",217,"2024-12-17 17:40:00","MART",0.0141,0.006,0.04,0.04,0.0235,0.0219,0.0254
"6259",218,"2025-01-07 21:45:00","MART",0.0091,0.0011,0.04,0.03,0.0254,0.0212,0.0223
"6260",219,"2025-01-15 20:56:00","MART",0.0097,0.0023,0.04,0.04,0.0254,0.0201,0.0213
"6261",220,"2025-01-22 20:32:00","MART",0.0114,0.0025,0.05,0.07,0.0265,0.0199,0.0213
"6262",221,"2025-02-04 17:55:00","MART",0.014,0.0011,0.12,0.04,0.0242,0.0205,0.0201
"6263",222,"2025-02-11 18:15:00","MART",0.0121,0.0014,0.04,0.04,0.0233,0.0189,0.0182
"6264",223,"2025-03-06 19:40:00","MART",0.0121,0.0033,0.05,0.02,0.024,0.0205,0.021
"6265",224,"2025-03-11 16:55:00","MART",0.008,4e-04,NA,0.01,0.0205,0.0213,0.0211
"6266",225,"2025-03-18 17:35:00","MART",0.00703333333333333,0.00193333333333333,NA,0.0133333333333333,0.0208666666666667,0.0215666666666667,0.0224666666666667
"6267",226,"2025-03-18 17:35:00","MART",0.00703333333333333,0.00193333333333333,NA,0.0133333333333333,0.0208666666666667,0.0215666666666667,0.0224666666666667
"6268",227,"2025-03-18 17:35:00","MART",0.00703333333333333,0.00193333333333333,NA,0.0133333333333333,0.0208666666666667,0.0215666666666667,0.0224666666666667
"6269",228,"2025-04-02 17:20:00","MART",0.0146,0.0013,0.01,0,0.0212,0.0221,0.0222
"6270",229,"2025-04-08 16:04:00","MART",0.0113,0.0092,0.02,0.02,0.0211,0.0216,0.0243
"6271",230,"2025-04-21 18:48:00","MART",0.0055,NA,0,0.01,0.0212,0.0223,0.0242
"6272",231,"2025-05-13 17:23:00","MART",0.0088,0.0028,0.02,0.03,0.0199,0.0216,0.0195
"6273",232,"2025-05-27 18:50:00","MART",0.0107,0.0036,0.03,0.04,0.0225,0.022,0.0218
"6274",233,"2025-06-10 18:07:00","MART",0.0153,0.0037,0.04,0.07,0.0248,0.0234,0.0251
"6275",234,"2025-06-24 16:17:00","MART",0.0122,0.0042,0.03,0.07,0.0225,0.0323,0.0245
"6276",235,"2025-07-08 19:45:00","MART",0.0159,0.0042,NA,0.0633333333333333,0.0227,0.0226666666666667,0.0237666666666667
"6277",236,"2025-07-08 19:45:00","MART",0.0159,0.0042,NA,0.0633333333333333,0.0227,0.0226666666666667,0.0237666666666667
"6278",237,"2025-07-08 19:45:00","MART",0.0159,0.0042,NA,0.0633333333333333,0.0227,0.0226666666666667,0.0237666666666667
"6279",238,"2025-08-05 18:14:00","MART",0.0098,0.0012,0.0833,0.03,0.0218,0.0206,0.022
"6280",239,"2025-09-02 18:12:00","MART",0.0091,0.001,0.0733,0.04,0.0186,0.0195,0.021
"6281",240,"2025-09-17 18:55:00","MART",0.0165,0.0024,0.05,0.06,0.0199,0.0186,0.0218
"6282",241,"2025-10-14 18:49:00","MART",0.0219,0.0017,0.06,0.09,0.0171,0.019,0.0196
"6283",242,"2025-10-22 19:23:00","MART",0.0411,0.0016,0.08,0.07,0.0197,0.0202,0.0208
"6284",243,"2025-11-11 20:32:00","MART",0.0085,7e-04,0.06,0.04,0.0232,0.0227,0.024
"6285",244,"2025-11-18 19:36:00","MART",0.0122,3e-04,0.04,0.03,0.023,0.0214,0.0232
"6286",245,"2025-12-02 18:20:00","MART",0.0108,0.0025,0.05,0.03,0.0237,0.0216,0.0214
"6287",1,"2017-06-13 17:25:00","MCRA",0.033,0.063,0.1495,0.0569,0.01,0.0066,0.009
"6288",2,"2017-06-20 18:06:00","MCRA",0.012,0.059,0.6301,NA,0.006,NA,NA
"6289",3,"2017-07-11 17:18:00","MCRA",0.015,0.106,0.0752,0.0571,0.026,5e-04,0.003
"6290",4,"2017-08-15 16:30:00","MCRA",0.0516,0.0337,0.0412,0.0459,0.031,0.0055,0.0382
"6291",5,"2017-09-19 18:25:00","MCRA",0.03365,0.10805,NA,NA,0.015,0.01125,0.0125
"6292",6,"2017-09-19 18:25:00","MCRA",0.03365,0.10805,NA,NA,0.015,0.01125,0.0125
"6293",7,"2017-10-17 16:27:00","MCRA",0.0134,0.1073,0.0521,0.0622,0.021,0.005,0.029
"6294",8,"2017-10-30 17:00:00","MCRA",0.0147,0.1799,NA,NA,0.046,0.024,NA
"6295",9,"2017-11-14 18:08:00","MCRA",0.0383,0.1306,NA,NA,0.011,0.008,0.004
"6296",10,"2017-11-28 19:42:00","MCRA",0.6712,0.1291,NA,NA,0.011,0.015,0.019
"6297",11,"2017-12-05 18:49:00","MCRA",NA,NA,NA,NA,NA,NA,0.0035
"6298",12,"2017-12-12 18:20:00","MCRA",0.0073,0.0943,NA,NA,0.011,0.029,0.032
"6299",13,"2017-12-18 19:10:00","MCRA",0.0011,0.1055,0.0193,0.0052,0.01,0.024,0.031
"6300",14,"2018-01-18 19:10:00","MCRA",0.0135,0.0894,NA,NA,0.08,0.002,0.003
"6301",15,"2018-01-23 19:27:00","MCRA",NA,NA,NA,NA,NA,NA,NA
"6302",16,"2018-01-30 16:40:00","MCRA",0.0216,0.0884,0.0285,0.0234,0.054,0.002,0.004
"6303",17,"2018-02-07 18:44:00","MCRA",0.0075,NA,NA,NA,0.006,5e-04,5e-04
"6304",18,"2018-02-21 18:46:00","MCRA",0.014,0.107,0.031,0.0359,0.063,5e-04,0.001
"6305",19,"2018-03-08 18:15:00","MCRA",0.00266666666666667,NA,0.0370333333333333,0.0412666666666667,0.005,0.0243333333333333,0.026
"6306",20,"2018-03-08 18:15:00","MCRA",0.00266666666666667,NA,0.0370333333333333,0.0412666666666667,0.005,0.0243333333333333,0.026
"6307",21,"2018-03-08 18:15:00","MCRA",0.00266666666666667,NA,0.0370333333333333,0.0412666666666667,0.005,0.0243333333333333,0.026
"6308",22,"2018-03-14 18:33:00","MCRA",0.0045,NA,NA,NA,0.068,0.466,0.618
"6309",23,"2018-03-22 16:59:00","MCRA",0.0011,0.0091,NA,NA,0.013,NA,0.005
"6310",24,"2018-03-28 15:40:00","MCRA",0.0023,NA,1.013,1.277,0.079,NA,0.004
"6311",25,"2018-04-17 17:00:00","MCRA",0.0116,NA,0.1057,0.0969,0.032,0.0225,0.0376
"6312",26,"2018-04-24 15:50:00","MCRA",0.0096,0.0161,0.0853,0.0897,0.063,0.0145,0.018
"6313",27,"2018-05-01 16:10:00","MCRA",0.001,0.0617,0.2647,0.2511,0.018,5e-04,0.002
"6314",28,"2018-05-16 15:39:00","MCRA",0.0092,0.0365,NA,0.005,0.016,0.0179,0.0622
"6315",29,"2018-05-22 17:50:00","MCRA",0.0033,0.0616,0.2247,0.2071,0.02,5e-04,0.0722
"6316",30,"2018-06-21 15:30:00","MCRA",0.0422,0.0178,0.0285,0.029,0.175,0.0012,0.0402
"6317",31,"2018-06-26 17:43:00","MCRA",0.0011,0.0228,0.1282,0.1144,0.012,0.018,0.0139
"6318",32,"2018-07-24 16:18:00","MCRA",0.0232,0.0291,NA,NA,0.015,0.004,0.056
"6319",33,"2018-08-28 17:30:00","MCRA",0.0249666666666667,0.0111333333333333,0.118933333333333,0.0889666666666667,0.26,0.0148333333333333,0.0581
"6320",34,"2018-08-28 17:30:00","MCRA",0.0249666666666667,0.0111333333333333,0.118933333333333,0.0889666666666667,0.26,0.0148333333333333,0.0581
"6321",35,"2018-08-28 17:30:00","MCRA",0.0249666666666667,0.0111333333333333,0.118933333333333,0.0889666666666667,0.26,0.0148333333333333,0.0581
"6322",36,"2018-09-25 18:13:00","MCRA",0.0235,0.0034,0.0847,0.0946,3.671,0.0067,0.011
"6323",37,"2018-10-23 17:47:00","MCRA",NA,NA,0.0396,0.0656,0.013,NA,0.1273
"6324",38,"2018-10-30 15:50:00","MCRA",NA,NA,0.1226,0.0762,0.041,5e-04,0.001
"6325",39,"2018-11-13 16:45:00","MCRA",NA,0.0252,NA,NA,NA,0.006,0.008
"6326",40,"2018-11-27 19:00:00","MCRA",NA,0.0835333333333333,0.0957333333333333,0.0926666666666667,0.216,0.004,0.0233666666666667
"6327",41,"2018-11-27 19:00:00","MCRA",NA,0.0835333333333333,0.0957333333333333,0.0926666666666667,0.216,0.004,0.0233666666666667
"6328",42,"2018-11-27 19:00:00","MCRA",NA,0.0835333333333333,0.0957333333333333,0.0926666666666667,0.216,0.004,0.0233666666666667
"6329",43,"2018-12-06 18:05:00","MCRA",NA,NA,NA,0.1,NA,NA,0.0275
"6330",44,"2018-12-13 16:39:00","MCRA",NA,0.0681,NA,NA,0.113,0.038,0.042
"6331",45,"2018-12-18 19:06:00","MCRA",NA,NA,0.1501,0.2817,0.021,0.013,0.0785
"6332",46,"2019-01-15 18:40:00","MCRA",NA,0.0509333333333333,NA,0.1022,0.0993333333333333,0.005,0.026
"6333",47,"2019-01-15 18:40:00","MCRA",NA,0.0509333333333333,NA,0.1022,0.0993333333333333,0.005,0.026
"6334",48,"2019-01-15 18:40:00","MCRA",NA,0.0509333333333333,NA,0.1022,0.0993333333333333,0.005,0.026
"6335",49,"2019-01-23 16:55:00","MCRA",NA,0.0695,0.08,0.091,0.079,0.004,0.011
"6336",50,"2019-01-29 19:34:00","MCRA",NA,0.0509,0.0821,0.0658,0.148,0.006,0.016
"6337",51,"2019-02-06 16:18:00","MCRA",NA,0.0744,0.051,0.1112,0.064,0.0224,0.0675
"6338",52,"2019-04-18 16:40:00","MCRA",NA,0.0518,0.0019,0.0034,0.032,5e-04,0.0486
"6339",53,"2019-04-23 15:24:00","MCRA",NA,0.1023,0.00406666666666667,0.0143,0.0316666666666667,5e-04,0.0115333333333333
"6340",54,"2019-04-23 15:24:00","MCRA",NA,0.1023,0.00406666666666667,0.0143,0.0316666666666667,5e-04,0.0115333333333333
"6341",55,"2019-04-23 15:24:00","MCRA",NA,0.1023,0.00406666666666667,0.0143,0.0316666666666667,5e-04,0.0115333333333333
"6342",56,"2019-05-01 15:29:00","MCRA",NA,0.0345,0.0309,0.012,0.025,5e-04,0.1085
"6343",57,"2019-05-14 16:25:00","MCRA",0.0114,0.0098,0.0801,0.0801,0.036,5e-04,0.1568
"6344",58,"2019-05-21 16:35:00","MCRA",0.0114,0.0437,0.0311,0.0922,0.03,5e-04,0.1667
"6345",59,"2019-05-30 16:15:00","MCRA",0.0099,0.0258,0.0311,0.0311,0.036,0.0065,0.2959
"6346",60,"2019-06-11 16:15:00","MCRA",NA,NA,NA,NA,NA,NA,0.2532
"6347",61,"2019-06-20 15:16:00","MCRA",0.0158,0.0458,0.0891,NA,0.039,0.0155,0.3129
"6348",62,"2019-06-25 16:14:00","MCRA",0.0149,0.0974,0.0563,0.0504,0.039,0.0155,0.0754
"6349",63,"2019-07-09 15:41:00","MCRA",0.0097,0.02225,0.0733,0.0202,0.0262,0.00885,0.0343
"6350",64,"2019-07-09 15:41:00","MCRA",0.0097,0.02225,0.0733,0.0202,0.0262,0.00885,0.0343
"6351",65,"2019-07-23 16:36:00","MCRA",1.4709,0.4227,0.0486,0.0378,0.02275,0.01625,0.12895
"6352",66,"2019-07-23 16:36:00","MCRA",1.4709,0.4227,0.0486,0.0378,0.02275,0.01625,0.12895
"6353",67,"2019-08-01 17:04:00","MCRA",0.01075,0.4903,0.0501,0.0175,0.02245,0.01105,0.1709
"6354",68,"2019-08-01 17:04:00","MCRA",0.01075,0.4903,0.0501,0.0175,0.02245,0.01105,0.1709
"6355",69,"2019-08-06 16:01:00","MCRA",0.00995,0.0021,0.0389,NA,0.02245,0.0091,0.03395
"6356",70,"2019-08-06 16:01:00","MCRA",0.00995,0.0021,0.0389,NA,0.02245,0.0091,0.03395
"6357",71,"2019-08-20 15:45:00","MCRA",0.00935,0.02075,0.0418,0.0603,0.0099,0.00715,0.0483
"6358",72,"2019-08-20 15:45:00","MCRA",0.00935,0.02075,0.0418,0.0603,0.0099,0.00715,0.0483
"6359",73,"2019-08-27 15:31:00","MCRA",0.0085,0.0047,NA,NA,NA,0.01005,0.1344
"6360",74,"2019-08-27 15:31:00","MCRA",0.0085,0.0047,NA,NA,NA,0.01005,0.1344
"6361",75,"2019-09-24 17:01:00","MCRA",0.00385,NA,0.048,NA,0.01195,0.00705,0.0097
"6362",76,"2019-09-24 17:01:00","MCRA",0.00385,NA,0.048,NA,0.01195,0.00705,0.0097
"6363",77,"2019-10-22 15:20:00","MCRA",NA,0.0477,0.0245,0.0594,0.0263,0.02285,0.1361
"6364",78,"2019-10-22 15:20:00","MCRA",NA,0.0477,0.0245,0.0594,0.0263,0.02285,0.1361
"6365",79,"2019-11-05 16:55:00","MCRA",NA,0.02335,NA,NA,0.0354,0.007925,0.1953
"6366",80,"2019-11-05 16:55:00","MCRA",NA,0.02335,NA,NA,0.0354,0.007925,0.1953
"6367",81,"2019-11-05 16:55:00","MCRA",NA,0.02335,NA,NA,0.0354,0.007925,0.1953
"6368",82,"2019-11-05 16:55:00","MCRA",NA,0.02335,NA,NA,0.0354,0.007925,0.1953
"6369",83,"2019-11-21 17:12:00","MCRA",0.102,0.0218,NA,NA,0.0057,5e-04,0.1
"6370",84,"2019-11-26 17:05:00","MCRA",NA,NA,NA,NA,NA,NA,0.0541
"6371",85,"2019-11-26 17:05:00","MCRA",NA,NA,NA,NA,NA,NA,0.0541
"6372",86,"2019-12-05 16:01:00","MCRA",0.00345,NA,0.025,NA,0.0141,0.0047,0.01155
"6373",87,"2019-12-05 16:01:00","MCRA",0.00345,NA,0.025,NA,0.0141,0.0047,0.01155
"6374",88,"2019-12-12 17:34:00","MCRA",0.00455,0.01285,0.0286,0.0088,0.01135,0.00535,0.00855
"6375",89,"2019-12-12 17:34:00","MCRA",0.00455,0.01285,0.0286,0.0088,0.01135,0.00535,0.00855
"6376",90,"2019-12-19 17:11:00","MCRA",0.00825,0.0257,9e-04,0.0212,0.00685,0.00405,0.03235
"6377",91,"2019-12-19 17:11:00","MCRA",0.00825,0.0257,9e-04,0.0212,0.00685,0.00405,0.03235
"6378",92,"2020-01-28 18:27:00","MCRA",0.0014,0.128,0.1325,0.1002,0.0193,0.11,0.063
"6379",93,"2020-02-05 17:51:00","MCRA",0.0033,0.2113,0.0965,0.0978,0.0192,5e-04,0.01
"6380",94,"2020-02-13 17:28:00","MCRA",NA,0.0167,NA,0.0726,0.0127,5e-04,0.012
"6381",95,"2020-02-20 18:12:00","MCRA",NA,0.0056,0.0761,0.0543,0.0402,0.005,0.014
"6382",96,"2020-03-03 18:10:00","MCRA",0.0057,0.0824,0.131,0.0543,0.0401,0.004,0.014
"6383",97,"2020-03-12 17:48:00","MCRA",0.00456666666666667,0.0554666666666667,0.0996666666666667,0.0956333333333333,0.0135333333333333,0.0213333333333333,0.027
"6384",98,"2020-03-12 17:48:00","MCRA",0.00456666666666667,0.0554666666666667,0.0996666666666667,0.0956333333333333,0.0135333333333333,0.0213333333333333,0.027
"6385",99,"2020-03-12 17:48:00","MCRA",0.00456666666666667,0.0554666666666667,0.0996666666666667,0.0956333333333333,0.0135333333333333,0.0213333333333333,0.027
"6386",100,"2020-03-17 18:02:00","MCRA",0.0077,0.0499,0.0946,0.1194,0.0255,0.007,0.01
"6387",101,"2020-07-07 19:18:00","MCRA",0.005,2e-04,0.0695333333333333,0.0737333333333333,0.0054,0.0077,0.0069
"6388",102,"2020-07-29 19:50:00","MCRA",0.0062,0.0015,0.0754,0.075,0.0057,0.0087,0.0083
"6389",103,"2020-08-04 18:33:00","MCRA",0.0151,0.0056,0.0853,0.0799,0.0116,0.009,0.0068
"6390",104,"2020-08-19 23:30:00","MCRA",0.0097,0,0.0765,0.0772,0.0063,0.0094,0.0092
"6391",105,"2020-09-01 17:28:00","MCRA",0.0106,0.0017,0.0546,0.0701,0.0075,0.009,0.0103
"6392",106,"2020-12-02 22:02:00","MCRA",0.0029,NA,NA,NA,0.0039,0.0081,0.0062
"6393",107,"2021-01-07 21:44:00","MCRA",0.0051,NA,0.1395,0.138,0.003,0.0057,0.0067
"6394",108,"2021-02-02 22:25:00","MCRA",0.0072,0.0022,0.1037,0.0941,0.0059,0.0062,0.0068
"6395",109,"2021-03-04 00:44:00","MCRA",0.0082,NA,NA,NA,0.0065,0.0058,0.006
"6396",110,"2021-03-11 01:08:00","MCRA",0.0037,4e-04,NA,NA,0.0064,0.0086,0.0081
"6397",111,"2021-04-01 22:40:00","MCRA",0.0031,NA,0.0805,0.0837,0.0037,0.0055,0.0056
"6398",112,"2021-04-27 00:05:00","MCRA",0.0097,NA,0.0659,0.0842,0.0017,0.0054,0.0051
"6399",113,"2021-04-28 14:57:00","MCRA",0.0096,0.0062,0.0872,0.061,0.0064,0.0043,0.01
"6400",114,"2021-05-13 17:36:00","MCRA",0.0067,0.0025,NA,NA,0.0044,0.0056,0.0059
"6401",115,"2021-05-26 20:13:00","MCRA",0.0038,0.0019,0.0482,0.0351,0.0032,0.0061,0.0066
"6402",116,"2021-06-08 17:47:00","MCRA",0.0049,3e-04,0.0548666666666667,0.0536333333333333,0.0036,0.0065,0.0069
"6403",117,"2021-06-22 16:20:00","MCRA",0.006,0.0011,0.0245,0.0059,0.0048,0.0081,0.0084
"6404",118,"2021-07-13 16:45:00","MCRA",0.0341,0.0013,0.0214,0.0148,0.0059,0.0095,0.0109
"6405",119,"2021-08-03 22:45:00","MCRA",0.0197,0.0047,0.0251,0.0267,0.0113,0.0097,0.011
"6406",120,"2021-09-07 21:31:00","MCRA",0.0132,0.0047,0.0209,0.0431,0.0103,0.0104,0.0096
"6407",121,"2021-09-28 21:34:00","MCRA",0.0045,1e-04,0.0182,0.0201,0.0059,0.0114,0.0119
"6408",122,"2021-11-16 21:22:00","MCRA",0.0086,2e-04,0.066,0.0747,0.003,0.0068,0.0076
"6409",123,"2021-11-22 20:54:00","MCRA",0.0063,0.0065,0.0532,0.0662,0.0034,0.0073,0.0074
"6410",124,"2021-11-30 16:48:00","MCRA",0.0044,3e-04,0.0978,0.0861,0.0031,0.0069,0.0077
"6411",125,"2021-12-07 22:56:00","MCRA",0.0063,7e-04,0.0293,0.0575,0.0053,0.0073,0.0081
"6412",126,"2021-12-14 20:18:00",NA,NA,NA,NA,0.0268,NA,NA,0.0395
"6413",127,"2022-01-18 20:30:00","MCRA",0.0084,3e-04,0.078,0.08,0.0065,0.0088,0.0186
"6414",128,"2022-01-25 22:00:00","MCRA",0.0076,5e-04,NA,NA,0.0052,0.0088,0.0241
"6415",129,"2022-02-01 17:57:00","MCRA",0.0052,4e-04,NA,0.1136,0.0059,0.0158,0.0074
"6416",130,"2022-02-08 20:57:00","MCRA",0.0108,0,0.0683,0.0949,0.0103,0.0107,0.0081
"6417",131,"2022-02-22 21:02:00","MCRA",0.0058,NA,0.064,0.0939,0.0058,0.0071,0.0284
"6418",132,"2022-03-01 19:31:00","MCRA",0.01645,7e-04,0.0912666666666667,0.11295,0.0064,0.0063,0.0085
"6419",133,"2022-03-01 19:31:00","MCRA",0.01645,7e-04,0.0912666666666667,0.11295,0.0064,0.0063,0.0085
"6420",134,"2022-03-16 19:38:00","MCRA",0.0034,NA,NA,NA,0.0062,0.0061,0.0073
"6421",135,"2022-03-29 21:15:00","MCRA",0.0039,5e-04,0.0212,0.0416,0.0042,0.006,0.0058
"6422",136,"2022-04-05 17:15:00","MCRA",0.0038,NA,0.0631,0.0781,0.0059,0.0061,0.0063
"6423",137,"2022-04-27 19:28:00","MCRA",0.0018,NA,0.0799,0.1005,0.0065,0.0062,0.0082
"6424",138,"2022-05-04 23:12:00",NA,NA,NA,0.0472,0.0863,NA,NA,NA
"6425",139,"2022-05-10 16:47:00",NA,NA,NA,0.1256,0.092,NA,NA,NA
"6426",140,"2022-05-17 15:53:00",NA,NA,NA,0.0792,0.1067,NA,NA,NA
"6427",141,"2022-06-29 21:39:00","MCRA",0.0087,0.0251,0.0457,0.0243,0.005,0.0072,0.0316
"6428",142,"2022-07-05 20:12:00","MCRA",0.00785,0.0264,0.0361666666666667,0.0303333333333333,0.0046,0.00795,0.17475
"6429",143,"2022-07-05 20:12:00","MCRA",0.00785,0.0264,0.0361666666666667,0.0303333333333333,0.0046,0.00795,0.17475
"6430",144,"2022-08-02 15:37:00","MCRA",0.0072,0.0211,0.0288,0.0577,0.0055,0.0092,0.0112
"6431",145,"2022-08-30 22:07:00","MCRA",0.0151,0.0183,NA,NA,0.0122,0.0097,0.0125
"6432",146,"2022-10-25 23:11:00","MCRA",0.0032,0.0035,0.0446,0.0609,0.0096,0.0105,0.0154
"6433",147,"2022-11-01 22:57:00","MCRA",0.0056,0.0013,0.0847,0.0716,0.0124,0.0098,0.0121
"6434",148,"2022-11-08 21:39:00","MCRA",0.0126,0.0012,0.0786,0.0748,0.0088,0.0079,0.0093
"6435",149,"2022-11-29 18:33:00","MCRA",0.0045,0.0019,NA,NA,0.0074,0.007,0.0077
"6436",150,"2023-01-10 21:29:00","MCRA",0.0071,0.0016,0.0127,0.02,0.0066,0.0063,0.0077
"6437",151,"2023-01-17 21:26:00","MCRA",0.006,0.0015,0.0107,0.0188,0.0051,0.006,0.0072
"6438",152,"2023-01-24 23:52:00","MCRA",0.0074,0.0023,0.0116,0.0375,0.0069,0.0117,0.0071
"6439",153,"2023-01-31 17:22:00","MCRA",0.0104,0.0012,NA,NA,0.0059,0.0066,0.0077
"6440",154,"2023-02-07 19:07:00","MCRA",0.0051,0,0.016,0.0237,0.0056,0.0069,0.0084
"6441",155,"2023-02-13 22:31:00","MCRA",0.0044,0.0011,0.0348,0.0102,0.0064,0.007,0.0083
"6442",156,"2023-03-15 20:10:00","MCRA",0.0049,0.003,0.032,0.053,0.0075,0.0075,0.0096
"6443",157,"2023-03-29 18:45:00","MCRA",0.0065,0.0018,0.0438,0.0435,0.0086,0.0084,0.0087
"6444",158,"2023-04-11 00:42:00","MCRA",0.0053,0.0013,0.1512,0.0792,0.0082,0.0076,0.0105
"6445",159,"2023-04-25 21:34:00","MCRA",0.004,NA,0.1205,0.0459,0.0052,0.0065,0.0077
"6446",160,"2023-05-02 21:33:00","MCRA",0.0088,0.0041,0.0812,0.0803,0.0055,0.0054,0.0137
"6447",161,"2023-05-23 20:40:00","MCRA",0.00736666666666667,0.005,0.0428,0.046,0.00486666666666667,0.0053,0.0244
"6448",162,"2023-05-23 20:40:00","MCRA",0.00736666666666667,0.005,0.0428,0.046,0.00486666666666667,0.0053,0.0244
"6449",163,"2023-05-23 20:40:00","MCRA",0.00736666666666667,0.005,0.0428,0.046,0.00486666666666667,0.0053,0.0244
"6450",164,"2023-06-07 22:00:00","MCRA",0.0072,0.0059,0.0514,0.0429,0.0074,0.0071,0.0075
"6451",165,"2023-06-20 18:45:00","MCRA",0.007,0.0193,0.0926,0.0747,0.0063,0.0072,0.0075
"6452",166,"2023-07-12 16:54:00","MCRA",0.01125,0.00225,0.0794,0.0834,0.00975,0.0092,0.0081
"6453",167,"2023-07-12 16:54:00","MCRA",0.01125,0.00225,0.0794,0.0834,0.00975,0.0092,0.0081
"6454",168,"2023-08-02 16:15:00","MCRA",0.0757,0.0103,0.0205,0.0257,0.0108,0.0096,0.008
"6455",169,"2023-12-13 17:26:00","MCRA",0.0141,0.002,0.07,0.06,0.006,0.0059,0.0068
"6456",170,"2024-01-04 16:47:00","MCRA",0.0195,0.0659,0.12,0.07,0.0064,0.0074,0.0082
"6457",171,"2024-01-30 18:50:00","MCRA",0.0146,0.0024,0.07,0.09,0.0039,0.0063,0.008
"6458",172,"2024-01-31 17:00:00","MCRA",0.0178,0.0024,0.08,0.07,0.0046,0.0046,0.0068
"6459",173,"2024-02-05 21:32:00","MCRA",0.0111,2e-04,0.07,0.03,0.0042,0.0056,0.0078
"6460",174,"2024-02-06 16:21:00","MCRA",0.0127,0.0013,0.08,0.01,0.004,0.0059,0.006
"6461",175,"2024-02-12 23:18:00","MCRA",0.007,NA,0.06,0.05,0.005,0.0052,0.0061
"6462",176,"2024-03-12 22:23:00","MCRA",0.0012,NA,0.09,0.01,0.005,0.0077,0.0076
"6463",177,"2024-03-13 16:56:00","MCRA",0.00146666666666667,NA,0.0366666666666667,0.02,0.00556666666666667,0.0075,0.0075
"6464",178,"2024-03-13 16:56:00","MCRA",0.00146666666666667,NA,0.0366666666666667,0.02,0.00556666666666667,0.0075,0.0075
"6465",179,"2024-03-13 16:56:00","MCRA",0.00146666666666667,NA,0.0366666666666667,0.02,0.00556666666666667,0.0075,0.0075
"6466",180,"2024-03-26 22:24:00","MCRA",0.003,NA,0.04,0.03,0.0023,0.0052,0.0056
"6467",181,"2024-04-02 15:20:00","MCRA",0.0071,0.0012,0.05,0.04,0.0043,0.01,0.0058
"6468",182,"2024-04-09 15:08:00","MCRA",0.0049,0.0013,0.14,0.03,0.0037,0.0093,0.0058
"6469",183,"2024-04-24 16:43:00","MCRA",0.0118,NA,0.13,0.03,0.0056,0.0067,0.0053
"6470",184,"2024-05-15 15:08:00","MCRA",0.0209,0.0053,0.0333,0.04,0.0052,0.0043,0.01
"6471",185,"2024-05-21 15:04:00","MCRA",0.01,0.0025,0.0433,0.04,0.0049,0.0048,0.01
"6472",186,"2024-06-05 15:07:00","MCRA",0.0186,0.0096,0.03,0.05,0.0084,0.0054,0.01
"6473",187,"2024-06-18 21:35:00","MCRA",0.0054,0.0043,0.0433,0.02,0.0052,0.0051,0.01
"6474",188,"2024-07-09 15:09:00","MCRA",0.0133333333333333,0.00566666666666667,0.0233333333333333,0.0466666666666667,0.00806666666666667,0.00776666666666667,0.0106
"6475",189,"2024-07-09 15:09:00","MCRA",0.0133333333333333,0.00566666666666667,0.0233333333333333,0.0466666666666667,0.00806666666666667,0.00776666666666667,0.0106
"6476",190,"2024-07-09 15:09:00","MCRA",0.0133333333333333,0.00566666666666667,0.0233333333333333,0.0466666666666667,0.00806666666666667,0.00776666666666667,0.0106
"6477",191,"2024-09-18 19:26:00","MCRA",0.0056,0.0028,0.12,0.02,0.0082,0.008,0.0083
"6478",192,"2024-10-09 20:56:00","MCRA",0.0098,0.0059,0.03,0.28,0.0137,0.0074,0.0129
"6479",193,"2024-10-22 20:02:00","MCRA",0.0028,0.0037,0.04,0.03,0.0091,0.0074,0.0085
"6480",194,"2024-11-06 16:15:00","MCRA",0.1122,0.0088,0.12,0.12,0.01,0.0046,0.0062
"6481",195,"2024-11-19 19:22:00","MCRA",0.0549,0.0054,0.08,0.09,0.0056,0.004,0.0061
"6482",196,"2024-12-03 19:30:00","MCRA",0.0242,0.0054,0.04,0.04,0.0061,0.0056,0.0056
"6483",197,"2024-12-10 17:25:00","MCRA",0.0565,0.0055,0.07,0.07,0.0082,0.0091,0.0053
"6484",198,"2024-12-17 20:06:00","MCRA",0.0264,0.0166,0.06,0.05,0.0053,0.0067,0.0068
"6485",199,"2025-01-07 20:12:00","MCRA",0.0354,4e-04,0.11,0.05,0.0065,0.0044,0.0054
"6486",200,"2025-01-14 23:23:00","MCRA",0.0306,0.0018,0.05,0.06,0.0075,0.0048,0.0058
"6487",201,"2025-01-28 21:23:00","MCRA",0.0247,0.0014,0.07,0.06,0.0062,0.0053,0.0039
"6488",202,"2025-02-03 22:26:00","MCRA",0.0172,0.0017,0.04,0.04,0.0089,0.0049,0.0045
"6489",203,"2025-02-04 16:24:00","MCRA",0.0241,0.0035,0.05,0.05,0.0095,0.0062,0.0035
"6490",204,"2025-02-18 20:30:00","MCRA",0.0112,0.0022,0.04,0.04,0.0094,0.0076,0.0048
"6491",205,"2025-03-04 19:28:00","MCRA",0.0402,0.004,0.07,0.06,0.0078,0.0055,0.0036
"6492",206,"2025-03-11 19:08:00","MCRA",0.0222,0.0017,0.133333333333333,0.0333333333333333,0.00346666666666667,0.00546666666666667,0.0053
"6493",207,"2025-03-11 19:08:00","MCRA",0.0222,0.0017,0.133333333333333,0.0333333333333333,0.00346666666666667,0.00546666666666667,0.0053
"6494",208,"2025-03-11 19:08:00","MCRA",0.0222,0.0017,0.133333333333333,0.0333333333333333,0.00346666666666667,0.00546666666666667,0.0053
"6495",209,"2025-03-25 19:20:00","MCRA",0.039,0.0082,0.05,0.04,0.0043,0.0061,0.008
"6496",210,"2025-04-08 21:11:00",NA,NA,NA,NA,0.05,NA,NA,0.0049
"6497",211,"2025-04-22 15:27:00","MCRA",0.0406,0.0017,0.03,0.04,0.0041,0.0044,0.0046
"6498",212,"2025-05-06 21:30:00","MCRA",0.0409,0.0032,0.07,0.06,0.0064,0.0048,0.0038
"6499",213,"2025-05-07 13:43:00","MCRA",0.052,0.0083,0.08,0.08,0.0081,0.0048,0.0036
"6500",214,"2025-05-21 16:01:00","MCRA",0.0449,0.0034,0.07,0.07,0.0031,0.0031,0.0035
"6501",215,"2025-06-03 20:14:00","MCRA",0.0208,0.0039,0.03,0.05,0.006,0.0041,0.0049
"6502",216,"2025-06-19 15:23:00","MCRA",0.0159,0.0044,0.03,0.04,0.0065,0.005,0.0061
"6503",217,"2025-07-30 16:39:00","MCRA",0.0139333333333333,8e-04,0.07,0.02,0.00943333333333333,0.00793333333333333,0.00993333333333333
"6504",218,"2025-07-30 16:39:00","MCRA",0.0139333333333333,8e-04,0.07,0.02,0.00943333333333333,0.00793333333333333,0.00993333333333333
"6505",219,"2025-07-30 16:39:00","MCRA",0.0139333333333333,8e-04,0.07,0.02,0.00943333333333333,0.00793333333333333,0.00993333333333333
"6506",220,"2025-08-13 15:45:00","MCRA",0.0125,8e-04,0.0333,0.02,0.0088,0.0078,0.0095
"6507",221,"2025-09-08 22:36:00","MCRA",0.0179,0.0076,0.07,0.06,0.0128,0.0078,0.0085
"6508",222,"2025-10-09 16:24:00","MCRA",0.0094,0.0015,0.05,0.04,0.0089,0.0083,0.0077
"6509",223,"2025-10-21 15:21:00","MCRA",0.0034,0.0035,0.07,0.04,0.0095,0.0066,0.0109
"6510",224,"2025-11-04 22:07:00","MCRA",0.0482,0.008,0.12,0.08,0.0117,0.0072,0.0072
"6511",225,"2025-12-02 22:46:00","MCRA",0.0379,0.0025,0.09,0.07,0.0071,0.0054,0.0078
"6512",226,"2025-12-03 16:40:00","MCRA",0.0477,0.0031,0.1,0.09,0.01,0.0049,0.0062
"6513",1,"2018-02-19 17:51:00","BIGC",0.014,0.1919,NA,NA,0.053,0.003,0.005
"6514",2,"2018-03-07 17:31:00","BIGC",0.0186,NA,0.0453,0.0425,0.028,0.016,0.018
"6515",3,"2018-03-13 16:24:00","BIGC",0.0107,0.0027,0.0193,0.0148,0.096,5e-04,0.009
"6516",4,"2018-03-28 17:34:00","BIGC",0.0215,0.0049,0.8756,1.291,0.047,0.017,0.019
"6517",5,"2018-04-03 16:34:00","BIGC",0.0387,NA,0.8579,1.114,0.067,5e-04,0.0203
"6518",6,"2018-04-10 17:35:00","BIGC",0.0222,0.0121,0.1578,0.1546,0.066,0.0297,0.1461
"6519",7,"2018-04-23 17:05:00","BIGC",0.0577,0.0149,0.1392,0.1413,0.066,0.0161,0.0292
"6520",8,"2018-04-30 16:58:00","BIGC",NA,0.0139,0.1123,0.111,0.016,5e-04,0.0338
"6521",9,"2018-05-08 04:46:00","BIGC",NA,0.1518,0.2905,0.2897,0.017,5e-04,0.003
"6522",10,"2018-05-08 18:27:00","BIGC",NA,0.0302,0.3061,0.2922,0.017,0.0039,0.005
"6523",11,"2018-05-14 16:21:00","BIGC",0.0082,0.0857,0.2859,0.2809,0.014,0.023,0.0443
"6524",12,"2018-05-21 17:17:00","BIGC",0.0075,0.0239,0.2434,0.2342,0.026,0.0199,0.0566
"6525",13,"2018-05-29 18:08:00","BIGC",0.0109,NA,0.2373,0.2289,0.016,0.0023,0.0645
"6526",14,"2018-06-04 18:27:00","BIGC",0.0135,0.0089,0.066,0.1118,0.03,0.0128,0.0602
"6527",15,"2018-06-05 17:25:00","BIGC",0.0207,0.0209,0.0547,0.0576,0.038,0.008,0.0372
"6528",16,"2018-06-13 06:28:00","BIGC",0.0045,0.0312,0.0608,0.0496,0.029,0.0244,0.0094
"6529",17,"2018-06-25 16:31:00","BIGC",0.0171333333333333,NA,0.0597,0.0583,0.0796666666666667,0.0206333333333333,0.0265666666666667
"6530",18,"2018-06-25 16:31:00","BIGC",0.0171333333333333,NA,0.0597,0.0583,0.0796666666666667,0.0206333333333333,0.0265666666666667
"6531",19,"2018-06-25 16:31:00","BIGC",0.0171333333333333,NA,0.0597,0.0583,0.0796666666666667,0.0206333333333333,0.0265666666666667
"6532",20,"2018-07-02 17:26:00","BIGC",0.0122,0.0777,0.1712,0.1874,0.026,0.024,0.082
"6533",21,"2018-08-14 16:03:00","BIGC",0.0091,0.0052,NA,NA,0.02,0.0184,0.021
"6534",22,"2018-09-11 17:00:00","BIGC",0.0086,0.0087,0.7682,0.488,0.089,0.0227,0.025
"6535",23,"2018-09-18 16:32:00","BIGC",0.0216333333333333,0.0126,0.0963666666666667,0.114033333333333,0.247,0.0356333333333333,0.039
"6536",24,"2018-09-18 16:32:00","BIGC",0.0216333333333333,0.0126,0.0963666666666667,0.114033333333333,0.247,0.0356333333333333,0.039
"6537",25,"2018-09-18 16:32:00","BIGC",0.0216333333333333,0.0126,0.0963666666666667,0.114033333333333,0.247,0.0356333333333333,0.039
"6538",26,"2018-10-09 17:28:00","BIGC",0.0351,0.0482,0.1808,0.1266,0.091,5e-04,0.222
"6539",27,"2018-11-06 17:22:00","BIGC",NA,NA,0.1216,0.1826,0.019,NA,0.0303
"6540",28,"2018-12-04 18:45:00","BIGC",NA,0.0729,NA,NA,0.143,0.028,0.0477
"6541",29,"2019-01-28 17:45:00","BIGC",NA,0.0889,0.1208,0.1291,0.349,0.016,0.021
"6542",30,"2019-03-04 19:54:00","BIGC",NA,0.0827,0.1037,0.1114,0.038,5e-04,0.176
"6543",31,"2019-03-12 18:02:00","BIGC",NA,0.0771,0.1127,0.134,0.043,0.004,0.149
"6544",32,"2019-03-26 17:00:00","BIGC",NA,0.0872,0.1067,0.1022,0.041,0.0267,0.054
"6545",33,"2019-04-02 17:03:00","BIGC",NA,0.0785,0.1166,0.097,0.034,0.0134,0.015
"6546",34,"2019-04-09 16:46:00","BIGC",NA,0.0531,0.107,0.0889,0.035,0.0254,0.0383
"6547",35,"2019-04-17 16:55:00","BIGC",NA,0.0481,0.0631,0.0451,0.032,0.0118,0.0529
"6548",36,"2019-04-22 16:30:00","BIGC",NA,0.119,0.0441,0.0306,0.032,0.0081,0.0216
"6549",37,"2019-04-29 17:35:00","BIGC",NA,0.135,0.0683,0.0627333333333333,0.0323333333333333,0.0263,0.0538333333333333
"6550",38,"2019-04-29 17:35:00","BIGC",NA,0.135,0.0683,0.0627333333333333,0.0323333333333333,0.0263,0.0538333333333333
"6551",39,"2019-04-29 17:35:00","BIGC",NA,0.135,0.0683,0.0627333333333333,0.0323333333333333,0.0263,0.0538333333333333
"6552",40,"2019-05-06 18:03:00","BIGC",NA,0.0289,0.0831,0.0753,0.027,0.0234,0.0912
"6553",41,"2019-05-07 16:46:00","BIGC",0.0119,0.0209,0.1001,0.093,0.026,0.0025,0.0752
"6554",42,"2019-05-13 16:48:00","BIGC",NA,0.0283,0.1227,0.1783,0.028,0.0072,0.1721
"6555",43,"2019-05-22 20:55:00","BIGC",0.0213,0.0692,0.0922,0.1614,0.045,5e-04,0.1586
"6556",44,"2019-05-28 17:36:00","BIGC",0.0227,0.0914,0.0814,0.0311,0.042,0.0094,0.16
"6557",45,"2019-06-03 23:15:00","BIGC",NA,0.0483,0.1158,0.1152,0.041,0.0065,0.1419
"6558",46,"2019-06-04 17:45:00","BIGC",NA,0.0502,0.1331,0.1258,0.035,5e-04,0.1732
"6559",47,"2019-06-12 17:25:00","BIGC",NA,0.465,0.1614,0.0332,0.034,0.0259,0.1911
"6560",48,"2019-06-24 18:02:00","BIGC",0.0096,0.02085,0.1097,0.0963,0.01915,0.01515,0.1592
"6561",49,"2019-06-24 18:02:00","BIGC",0.0096,0.02085,0.1097,0.0963,0.01915,0.01515,0.1592
"6562",50,"2019-07-01 17:33:00","BIGC",0.012525,0.07525,0.0928666666666667,0.0947333333333333,0.0314,0.0139,0.167775
"6563",51,"2019-07-01 17:33:00","BIGC",0.012525,0.07525,0.0928666666666667,0.0947333333333333,0.0314,0.0139,0.167775
"6564",52,"2019-07-01 17:33:00","BIGC",0.012525,0.07525,0.0928666666666667,0.0947333333333333,0.0314,0.0139,0.167775
"6565",53,"2019-07-01 17:33:00","BIGC",0.012525,0.07525,0.0928666666666667,0.0947333333333333,0.0314,0.0139,0.167775
"6566",54,"2019-07-15 17:12:00","BIGC",0.01345,0.05175,0.0937,0.1278,0.02305,0.0167,0.13975
"6567",55,"2019-07-15 17:12:00","BIGC",0.01345,0.05175,0.0937,0.1278,0.02305,0.0167,0.13975
"6568",56,"2019-08-14 19:45:00","BIGC",0.0098,0.0048,NA,NA,0.0103,0.0171,0.0214
"6569",57,"2019-09-04 18:40:00","BIGC",0.008,0.0227,0.0782,0.0423,NA,0.01285,0.14675
"6570",58,"2019-09-04 18:40:00","BIGC",0.008,0.0227,0.0782,0.0423,NA,0.01285,0.14675
"6571",59,"2019-09-10 17:01:00","BIGC",0.0091,0.01525,0.0799,0.0547,NA,0.016,0.13285
"6572",60,"2019-09-10 17:01:00","BIGC",0.0091,0.01525,0.0799,0.0547,NA,0.016,0.13285
"6573",61,"2019-09-18 17:41:00","BIGC",0.00675,0.01605,0.0708,0.1401,0.01625,0.02045,0.1573
"6574",62,"2019-09-18 17:41:00","BIGC",0.00675,0.01605,0.0708,0.1401,0.01625,0.02045,0.1573
"6575",63,"2019-10-08 18:00:00","BIGC",0.00695,0.01565,0.0474,0.0465,0.02945,0.0249,0.05045
"6576",64,"2019-10-08 18:00:00","BIGC",0.00695,0.01565,0.0474,0.0465,0.02945,0.0249,0.05045
"6577",65,"2019-11-05 18:06:00","BIGC",NA,0.01165,NA,NA,0.0234,0.0112,0.0955
"6578",66,"2019-11-05 18:06:00","BIGC",NA,0.01165,NA,NA,0.0234,0.0112,0.0955
"6579",67,"2019-12-04 18:25:00","BIGC",0.00326666666666667,0.0286333333333333,0.141533333333333,0.1106,0.0142666666666667,5e-04,0.0456666666666667
"6580",68,"2019-12-04 18:25:00","BIGC",0.00326666666666667,0.0286333333333333,0.141533333333333,0.1106,0.0142666666666667,5e-04,0.0456666666666667
"6581",69,"2019-12-04 18:25:00","BIGC",0.00326666666666667,0.0286333333333333,0.141533333333333,0.1106,0.0142666666666667,5e-04,0.0456666666666667
"6582",70,"2020-01-07 18:45:00","BIGC",0.0029,0.0227,0.0663,0.039,0.0319,5e-04,0.018
"6583",71,"2020-02-11 17:13:00","BIGC",0.0027,0.0903,0.0151,NA,0.0122,0.021,0.025
"6584",72,"2020-02-25 17:49:00","BIGC",0.0013,0.129,0.09,0.0848,0.0119,0.014,0.41
"6585",73,"2020-03-10 17:59:00","BIGC",0.0062,0.0688,0.1451,0.1111,0.0318,0.075,0.096
"6586",74,"2020-07-07 16:42:00","BIGC",0.0249,0.0114,0.1123,0.0678,0.0122,0.0193,0.0236
"6587",75,"2020-10-20 16:50:00","BIGC",0.0062,0.0034,NA,NA,0.0088,0.0187,0.0196
"6588",76,"2020-11-03 20:35:00","BIGC",0.008,0.0038,NA,0.0113,0.0082,0.0184,0.018
"6589",77,"2021-02-09 21:20:00","BIGC",0.0097,0.0051,0.1481,0.1555,0.0075,0.0146,0.0159
"6590",78,"2021-02-15 19:07:00","BIGC",0.0187,0.0038,0.1535,0.1515,0.0059,0.0134,0.0165
"6591",79,"2021-03-15 17:00:00","BIGC",0.0054,0.002,0.1174,0.1166,0.0057,0.0143,0.0156
"6592",80,"2021-03-30 16:31:00","BIGC",0.0036,0.0017,0.1373,0.1341,0.0065,0.0154,0.0152
"6593",81,"2021-04-12 17:55:00","BIGC",0.0091,0.0044,0.14,0.113,0.0108,0.0166,0.0192
"6594",82,"2021-04-20 15:28:00","BIGC",0.0021,0.0021,0.042,0.1244,0.0073,0.0173,0.0189
"6595",83,"2021-04-27 22:21:00","BIGC",0.0065,0.0028,0.0963,0.0931,0.0074,0.0152,0.017
"6596",84,"2021-05-11 18:43:00","BIGC",0.0104,0.0046,0.1033,0.1124,0.0118,0.0176,0.0211
"6597",85,"2021-05-19 17:00:00","BIGC",0.0087,0.0066,0.0794,0.101,0.0109,0.0178,0.0199
"6598",86,"2021-05-26 17:05:00","BIGC",0.0063,0.0068,0.0789,0.075,0.0088,0.0199,0.0177
"6599",87,"2021-06-08 16:55:00","BIGC",0.0163,0.0068,0.0963,0.1017,0.0107,0.0213,0.024
"6600",88,"2021-06-16 16:28:00","BIGC",0.015,0.007,0.0505,0.0475,0.0133,0.0214,0.0244
"6601",89,"2021-06-28 17:20:00","BIGC",0.0363,0.0113666666666667,0.0791,0.0909666666666667,0.0183666666666667,0.0295666666666667,0.0549666666666667
"6602",90,"2021-06-28 17:20:00","BIGC",0.0363,0.0113666666666667,0.0791,0.0909666666666667,0.0183666666666667,0.0295666666666667,0.0549666666666667
"6603",91,"2021-06-28 17:20:00","BIGC",0.0363,0.0113666666666667,0.0791,0.0909666666666667,0.0183666666666667,0.0295666666666667,0.0549666666666667
"6604",92,"2021-07-13 15:38:00","BIGC",0.0319,0.0096,0.0396,0.0476,0.0245,0.0303,0.0444
"6605",93,"2021-08-10 16:17:00","BIGC",0.0063,0.0055,0.0275,0.0541,0.0149,0.0269,0.0296
"6606",94,"2021-08-30 16:41:00","BIGC",0.0065,0.0043,0.0131,0.0291,0.0121,0.0222,0.0266
"6607",95,"2021-09-07 16:41:00","BIGC",0.0105,0.0031,0.0484,0.0928,0.014,0.0236,0.0258
"6608",96,"2021-10-11 17:50:00","BIGC",0.0012,8e-04,0.0349,0.0323,0.0094,0.0183,0.026
"6609",97,"2021-11-08 19:13:00","BIGC",0.0028,0.0012,0.0693,0.1014,0.0092,0.0198,0.0274
"6610",98,"2022-01-12 19:10:00","BIGC",0.0108,0.0037,0.1553,0.1481,0.0057,0.0214,0.0068
"6611",99,"2022-02-07 18:22:00","BIGC",0.0202,NA,0.1075,0.1148,0.0118,0.0133,0.0174
"6612",100,"2022-02-14 18:10:00","BIGC",0.0068,NA,0.1045,0.1166,0.0087,0.0154,0.0222
"6613",101,"2022-03-08 19:15:00","BIGC",0.0037,NA,0.0832,0.0059,0.0057,0.0142,0.0154
"6614",102,"2022-03-14 17:48:00","BIGC",0.0044,2e-04,NA,0.0954,0.0069,0.0144,0.0153
"6615",103,"2022-03-28 16:53:00","BIGC",0.004,0.0027,0.1278,0.1405,0.0147,0.0236,0.0396
"6616",104,"2022-04-04 17:26:00","BIGC",0.0101,0.0019,0.0958,0.106,0.015,0.0173,0.0181
"6617",105,"2022-04-12 16:34:00","BIGC",0.0014,0.0012,0.0996,0.1113,0.0093,0.017,0.0178
"6618",106,"2022-04-19 19:16:00","BIGC",0.0048,0.0087,0.1802,0.1595,0.0098,0.0168,0.0182
"6619",107,"2022-04-26 17:25:00","BIGC",0.0031,0.0037,NA,0.1205,0.0092,0.0164,0.0249
"6620",108,"2022-05-02 17:45:00","BIGC",0.0054,0.0042,0.1277,0.0977,0.0106,0.0193,0.0184
"6621",109,"2022-05-09 16:23:00","BIGC",0.0091,0.0031,0.128,0.1342,0.0111,0.0173,0.019
"6622",110,"2022-05-11 17:25:00","BIGC",0.0088,0.0205,0.1295,0.142,0.0082,0.0171,0.0174
"6623",111,"2022-05-25 17:20:00","BIGC",0.0116,0.0248,0.1019,0.1257,0.0118,0.0203,0.0275
"6624",112,"2022-05-31 17:59:00","BIGC",0.0077,0.0083,0.1095,0.1065,0.0107,0.0187,0.0264
"6625",113,"2022-06-07 19:41:00","BIGC",0.0039,0.0048,0.0992,0.1073,0.0113,0.0221,0.023
"6626",114,"2022-06-14 17:02:00","BIGC",0.0085,0.0081,0.1112,0.1083,0.0131,0.0209,0.0302
"6627",115,"2022-06-27 17:30:00","BIGC",0.0110333333333333,0.0229333333333333,0.120633333333333,0.112366666666667,0.0159666666666667,0.0269333333333333,0.0481333333333333
"6628",116,"2022-06-27 17:30:00","BIGC",0.0110333333333333,0.0229333333333333,0.120633333333333,0.112366666666667,0.0159666666666667,0.0269333333333333,0.0481333333333333
"6629",117,"2022-06-27 17:30:00","BIGC",0.0110333333333333,0.0229333333333333,0.120633333333333,0.112366666666667,0.0159666666666667,0.0269333333333333,0.0481333333333333
"6630",118,"2022-07-11 20:30:00","BIGC",0.02,0.0075,0.1245,0.0888,0.0179,0.0286,0.0373
"6631",119,"2022-08-08 16:53:00","BIGC",0.0140666666666667,0.0117666666666667,0.0606666666666667,0.105166666666667,0.0216666666666667,0.0255666666666667,0.0495333333333333
"6632",120,"2022-08-08 16:53:00","BIGC",0.0140666666666667,0.0117666666666667,0.0606666666666667,0.105166666666667,0.0216666666666667,0.0255666666666667,0.0495333333333333
"6633",121,"2022-08-08 16:53:00","BIGC",0.0140666666666667,0.0117666666666667,0.0606666666666667,0.105166666666667,0.0216666666666667,0.0255666666666667,0.0495333333333333
"6634",122,"2022-09-06 18:02:00","BIGC",0.0209,0.0061,0.0188,0.0551,0.0208,0.0313,0.0565
"6635",123,"2022-09-13 16:41:00","BIGC",0.0043,0.0042,0.0079,0.0126,0.0195,0.0262,0.0343
"6636",124,"2022-10-17 17:32:00","BIGC",0.011,0.0026,0.0738,0.091,0.0115,0.0175,0.0283
"6637",125,"2022-11-14 18:57:00","BIGC",0.0073,0.0351,0.0162,0.0068,0.0053,0.021,0.0176
"6638",126,"2022-12-13 18:20:00","BIGC",0.0596,0.01,0.1871,0.1691,0.0069,0.0144,0.0209
"6639",127,"2023-02-08 18:32:00","BIGC",0.007,0.0044,0.0752,0.1689,0.0092,0.0136,0.0207
"6640",128,"2023-02-13 20:47:00","BIGC",0.0136,0.0489,0.0597,0.0949,0.0098,0.0132,0.0163
"6641",129,"2023-05-10 17:19:00","BIGC",0.0047,0.0036,0.0731,0.0724,0.0108,0.0142,0.0178
"6642",130,"2023-05-17 17:46:00","BIGC",0.0064,0.0046,0.0777,0.0891,0.0127,0.0143,0.02
"6643",131,"2023-05-22 17:57:00","BIGC",0.0062,0.0058,0.0938,0.1263,0.0136,0.0162,0.0199
"6644",132,"2023-05-31 18:40:00","BIGC",0.0055,0.0038,0.0801,0.1389,0.0137,0.0152,0.0166
"6645",133,"2023-06-05 18:13:00","BIGC",0.0076,0.006,0.0634,0.0856,0.0152,0.0155,0.0193
"6646",134,"2023-06-12 18:13:00","BIGC",0.0069,0.0122,0.1378,0.1185,0.0139,0.0148,0.0182
"6647",135,"2023-06-19 17:08:00","BIGC",0.0075,0.0249,0.1243,0.1342,0.0127,0.0151,0.0185
"6648",136,"2023-06-26 18:52:00","BIGC",0.00516666666666667,0.0139333333333333,0.12675,0.112,0.0130666666666667,0.0143,0.0179666666666667
"6649",137,"2023-06-26 18:52:00","BIGC",0.00516666666666667,0.0139333333333333,0.12675,0.112,0.0130666666666667,0.0143,0.0179666666666667
"6650",138,"2023-06-26 18:52:00","BIGC",0.00516666666666667,0.0139333333333333,0.12675,0.112,0.0130666666666667,0.0143,0.0179666666666667
"6651",139,"2023-07-10 17:32:00","BIGC",0.027,0.0104,0.1202,0.1565,0.0152,0.0151,0.0208
"6652",140,"2023-08-07 18:45:00","BIGC",0.0173,0.0067,0.0911,0.0914,0.0183,0.0192,0.0255
"6653",141,"2023-09-05 17:44:00","BIGC",0.0458666666666667,0.0161333333333333,0.0429,NA,0.0166333333333333,0.0178,0.0257
"6654",142,"2023-09-05 17:44:00","BIGC",0.0458666666666667,0.0161333333333333,0.0429,NA,0.0166333333333333,0.0178,0.0257
"6655",143,"2023-09-05 17:44:00","BIGC",0.0458666666666667,0.0161333333333333,0.0429,NA,0.0166333333333333,0.0178,0.0257
"6656",144,"2023-09-11 17:41:00","BIGC",0.0066,0.0021,0.0672,0.1244,0.0143,0.0182,0.0235
"6657",145,"2023-10-02 17:55:00","BIGC",0.0778,0.0073,0.0972,0.0972,0.0129,0.0161,0.0231
"6658",146,"2023-11-14 17:43:00","BIGC",0.0111,3e-04,0.08,0.14,0.01,0.0139,0.0278
"6659",147,"2023-12-19 18:25:00","BIGC",0.0159,0.0011,0.17,0.44,0.0125,0.0202,0.0685
"6660",148,"2024-01-08 18:59:00","BIGC",0.0088,0.0022,0.08,0.14,0.0092,0.0098,0.0123
"6661",149,"2024-02-05 18:24:00","BIGC",0.039,0.0097,0.34,0.36,0.0115,0.0276,0.0298
"6662",150,"2024-02-20 17:57:00","BIGC",0.0205,0.007,0.22,0.31,0.011,0.0258,0.025
"6663",151,"2024-03-05 17:50:00","BIGC",0.0097,0.0058,0.15,0.17,0.0101,0.0202,0.0151
"6664",152,"2024-03-11 16:51:00","BIGC",0.0086,0.0067,0.11,0.15,0.0093,0.0185,0.0138
"6665",153,"2024-04-01 17:07:00","BIGC",0.0084,0.0125,0.11,0.1,0.0122,0.0118,0.0153
"6666",154,"2024-04-08 16:55:00","BIGC",0.0083,0.0276,0.09,0.09,0.0132,0.0101,0.0133
"6667",155,"2024-04-15 17:13:00","BIGC",0.0072,0.0114,0.1,0.08,0.0114,0.0101,0.0134
"6668",156,"2024-04-30 16:55:00","BIGC",0.0051,0.004,0.05,0.07,0.0114,0.0103,0.0158
"6669",157,"2024-05-06 16:34:00","BIGC",0.0059,0.0022,0.07,0.08,0.0125,0.0102,0.0134
"6670",158,"2024-05-07 17:08:00","BIGC",0.0073,0.0345,0.09,0.1,0.0119,0.0112,0.0131
"6671",159,"2024-05-13 17:44:00","BIGC",0.0047,0.0111,0.07,0.08,0.0144,0.0124,0.0142
"6672",160,"2024-05-20 16:50:00","BIGC",0.0054,0.0083,0.08,0.09,0.0146,0.0127,0.0142
"6673",161,"2024-05-29 16:48:00","BIGC",0.0067,0.0237,0.07,0.09,0.0144,0.013,0.0155
"6674",162,"2024-06-04 16:38:00","BIGC",0.0054,0.0161,0.08,0.07,0.0135,0.0134,0.0147
"6675",163,"2024-06-11 16:54:00","BIGC",0.0061,0.0068,0.09,0.08,0.0106,0.015,0.0167
"6676",164,"2024-06-18 16:29:00","BIGC",0.0104,0.0086,0.09,0.09,0.0158,0.0155,0.017
"6677",165,"2024-06-24 17:34:00","BIGC",0.0119333333333333,0.0053,0.0866666666666667,0.126666666666667,0.0140333333333333,0.0174666666666667,0.0201
"6678",166,"2024-06-24 17:34:00","BIGC",0.0119333333333333,0.0053,0.0866666666666667,0.126666666666667,0.0140333333333333,0.0174666666666667,0.0201
"6679",167,"2024-06-24 17:34:00","BIGC",0.0119333333333333,0.0053,0.0866666666666667,0.126666666666667,0.0140333333333333,0.0174666666666667,0.0201
"6680",168,"2024-08-05 17:29:00","BIGC",0.0136,0.0036,0.07,0.1,0.0162,0.0209,0.025
"6681",169,"2024-09-02 17:02:00","BIGC",0.0092,0.0166,0.03,0.09,0.013,0.018,0.0208
"6682",170,"2024-09-10 16:49:00","BIGC",0.0138,0.0058,0.07,0.15,0.0159,0.022,0.0277
"6683",171,"2024-10-02 16:46:00","BIGC",0.0106666666666667,0.00476666666666667,0.0733333333333333,0.0733333333333333,0.0141333333333333,0.0187,0.0242666666666667
"6684",172,"2024-10-02 16:46:00","BIGC",0.0106666666666667,0.00476666666666667,0.0733333333333333,0.0733333333333333,0.0141333333333333,0.0187,0.0242666666666667
"6685",173,"2024-10-02 16:46:00","BIGC",0.0106666666666667,0.00476666666666667,0.0733333333333333,0.0733333333333333,0.0141333333333333,0.0187,0.0242666666666667
"6686",174,"2025-01-13 18:22:00","BIGC",0.0093,0.0033,0.01,0.07,0.0075,0.0105,0.0128
"6687",175,"2025-02-03 18:05:00","BIGC",0.0053,0.003,0.02,0.18,0.0078,0.0124,0.0144
"6688",176,"2025-02-12 17:55:00","BIGC",0.0173,0.0063,0.08,0.12,0.0063,0.0119,0.0131
"6689",177,"2025-03-04 17:56:00","BIGC",0.0057,0.0048,0.08,0.07,0.0059,0.0119,0.0135
"6690",178,"2025-03-10 18:40:00","BIGC",0.0069,0.0062,0.07,0.13,0.0051,0.0108,0.0123
"6691",179,"2025-04-01 18:23:00","BIGC",0.0058,0.0109,0.17,0.17,0.0113,0.0119,0.0148
"6692",180,"2025-04-07 17:05:00","BIGC",0.0031,0.0112,0.07,0.12,0.0096,0.0102,0.0125
"6693",181,"2025-04-10 16:57:00","BIGC",0.0203,0.0074,0.09,0.11,0.0124,0.0118,0.0131
"6694",182,"2025-05-01 16:46:00","BIGC",0.002,0.0053,0.06,0.1,0.0108,0.0102,0.0122
"6695",183,"2025-05-05 17:34:00","BIGC",0.0079,0.0077,0.05,0.1,0.0101,0.0112,0.0107
"6696",184,"2025-05-14 17:04:00","BIGC",0.0055,0.0034,0.05,0.04,0.0099,0.0116,0.0113
"6697",185,"2025-05-15 16:51:00","BIGC",0.0071,0.0029,0.04,0.05,0.0111,0.0118,0.0119
"6698",186,"2025-05-22 16:58:00","BIGC",0.007,0.003,0.04,0.05,0.0123,0.0129,0.0137
"6699",187,"2025-05-29 18:10:00","BIGC",0.0057,0.0021,0.04,0.05,0.0132,0.0116,0.0157
"6700",188,"2025-06-05 16:52:00","BIGC",0.0069,0.0041,0.05,0.04,0.0113,0.0144,0.0184
"6701",189,"2025-06-09 17:30:00","BIGC",0.0093,0.0024,0.06,0.06,0.0107,0.0158,0.0237
"6702",190,"2025-06-17 17:14:00","BIGC",0.0120333333333333,0.00533333333333333,0.0566666666666667,0.15,0.0119333333333333,0.0162,0.0189333333333333
"6703",191,"2025-06-17 17:14:00","BIGC",0.0120333333333333,0.00533333333333333,0.0566666666666667,0.15,0.0119333333333333,0.0162,0.0189333333333333
"6704",192,"2025-06-17 17:14:00","BIGC",0.0120333333333333,0.00533333333333333,0.0566666666666667,0.15,0.0119333333333333,0.0162,0.0189333333333333
"6705",193,"2025-06-30 17:08:00","BIGC",0.0166,0.007,0.06,0.05,0.0139,0.0179,0.0195
"6706",194,"2025-07-07 18:10:00","BIGC",0.0151,0.0063,0.08,0.08,0.0139,0.0166,0.0369
"6707",195,"2025-08-11 16:52:00","BIGC",0.0103,0.00863333333333333,0.123333333333333,0.0666666666666667,0.0143666666666667,0.0191,0.0276
"6708",196,"2025-08-11 16:52:00","BIGC",0.0103,0.00863333333333333,0.123333333333333,0.0666666666666667,0.0143666666666667,0.0191,0.0276
"6709",197,"2025-08-11 16:52:00","BIGC",0.0103,0.00863333333333333,0.123333333333333,0.0666666666666667,0.0143666666666667,0.0191,0.0276
"6710",198,"2025-08-27 16:57:00","BIGC",0.0045,0.0059,0.09,0.05,0.0147,0.0195,0.0239
"6711",199,"2025-10-14 19:30:00","BIGC",0.2677,0.0073,0.54,0.41,0.0186,0.0261,0.0604
"6712",200,"2025-11-11 17:39:00","BIGC",0.0148,0.0051,0.13,0.02,0.0165,0.0173,0.0394
"6713",201,"2025-12-10 18:25:00","BIGC",0.0085,0.0066,0.09,0.1,0.0081,0.0119,0.0147
"6714",1,"2018-10-30 17:37:00","TECR",NA,NA,0.0858,0.0824,0.039,5e-04,0.0481
"6715",2,"2018-11-12 18:40:00","TECR",NA,NA,0.0358,0.0595,0.013,0.004,0.011
"6716",3,"2018-12-11 20:25:00","TECR",NA,0.0744,0.0637,0.052,0.035,0.005,0.0342
"6717",4,"2019-01-22 18:49:00","TECR",NA,0.0518,0.1303,0.1088,0.107,0.035,0.0223
"6718",5,"2019-03-19 18:00:00","TECR",NA,0.0832,0.0307,0.0398,0.055,0.0134,0.022
"6719",6,"2019-04-16 20:38:00","TECR",NA,0.0416,0.0905,0.0903,0.032,0.0036,0.0849
"6720",7,"2019-04-23 20:21:00","TECR",NA,0.0549,0.0501,0.0432,0.212,0.0036,0.0421
"6721",8,"2019-05-02 17:10:00","TECR",NA,0.0245,0.1027,0.0863,0.028,0.0077,0.016
"6722",9,"2019-05-08 18:15:00","TECR",0.0093,0.0198,0.1033,0.0871,0.021,0.0035,0.1354
"6723",10,"2019-05-13 18:23:00","TECR",NA,0.0276,0.1351,0.14,0.029,0.0012,0.1078
"6724",11,"2019-05-15 16:41:00","TECR",0.0068,0.0057,0.1255,0.1262,0.031,5e-04,0.0406
"6725",12,"2019-05-20 20:37:00","TECR",0.0088,0.0293,0.0311,0.0922,0.042,5e-04,0.2171
"6726",13,"2019-05-29 19:05:00","TECR",NA,0.0569,0.0311,0.0932,0.039,0.0065,0.1387
"6727",14,"2019-06-05 18:00:00","TECR",NA,0.1091,0.1145,0.0981,0.034,5e-04,0.24
"6728",15,"2019-06-10 20:00:00","TECR",NA,0.0433,0.1283,0.1369,0.035,5e-04,0.3432
"6729",16,"2019-06-11 21:35:00","TECR",NA,0.0845,0.1513,0.0448,0.034,0.0061,0.1778
"6730",17,"2019-06-18 18:50:00","TECR",0.0087,0.0289,0.1065,0.1024,0.045,0.0061,0.2683
"6731",18,"2019-06-26 16:15:00","TECR",0.00675,0.0365,0.0691,0.0837,0.01975,0.01095,0.11835
"6732",19,"2019-06-26 16:15:00","TECR",0.00675,0.0365,0.0691,0.0837,0.01975,0.01095,0.11835
"6733",20,"2019-07-10 17:22:00","TECR",0.00685,0.01535,0.0971,0.1027,0.01995,0.00905,0.32675
"6734",21,"2019-07-10 17:22:00","TECR",0.00685,0.01535,0.0971,0.1027,0.01995,0.00905,0.32675
"6735",22,"2019-07-17 16:05:00","TECR",0.013225,0.06025,0.104366666666667,0.0929333333333333,0.030675,0.006625,0.13115
"6736",23,"2019-07-17 16:05:00","TECR",0.013225,0.06025,0.104366666666667,0.0929333333333333,0.030675,0.006625,0.13115
"6737",24,"2019-07-17 16:05:00","TECR",0.013225,0.06025,0.104366666666667,0.0929333333333333,0.030675,0.006625,0.13115
"6738",25,"2019-07-17 16:05:00","TECR",0.013225,0.06025,0.104366666666667,0.0929333333333333,0.030675,0.006625,0.13115
"6739",26,"2019-07-31 19:23:00","TECR",0.0076,0.0249,0.065,0.0575,0.01685,0.0053,0.2134
"6740",27,"2019-07-31 19:23:00","TECR",0.0076,0.0249,0.065,0.0575,0.01685,0.0053,0.2134
"6741",28,"2019-08-07 17:42:00","TECR",0.0067,NA,0.1003,0.0725,0.02395,0.01015,0.1074
"6742",29,"2019-08-07 17:42:00","TECR",0.0067,NA,0.1003,0.0725,0.02395,0.01015,0.1074
"6743",30,"2019-08-20 15:48:00","TECR",0.034125,0.0253,0.0986,0.0854666666666667,0.008875,0.0057,0.18105
"6744",31,"2019-08-20 15:48:00","TECR",0.034125,0.0253,0.0986,0.0854666666666667,0.008875,0.0057,0.18105
"6745",32,"2019-08-20 15:48:00","TECR",0.034125,0.0253,0.0986,0.0854666666666667,0.008875,0.0057,0.18105
"6746",33,"2019-08-20 15:48:00","TECR",0.034125,0.0253,0.0986,0.0854666666666667,0.008875,0.0057,0.18105
"6747",34,"2019-09-03 20:30:00","TECR",0.0045,0.02245,0.0566,0.0839,NA,0.00705,0.1309
"6748",35,"2019-09-03 20:30:00","TECR",0.0045,0.02245,0.0566,0.0839,NA,0.00705,0.1309
"6749",36,"2019-10-01 18:29:00","TECR",NA,0.0096,0.067,0.1141,0.02285,0.00515,0.02275
"6750",37,"2019-10-01 18:29:00","TECR",NA,0.0096,0.067,0.1141,0.02285,0.00515,0.02275
"6751",38,"2019-10-08 15:27:00","TECR",0.0089,0.02385,0.0636,0.0637,0.0234,0.01185,0.04135
"6752",39,"2019-10-08 15:27:00","TECR",0.0089,0.02385,0.0636,0.0637,0.0234,0.01185,0.04135
"6753",40,"2019-10-29 18:20:00","TECR",NA,0.11795,0.1412,0.1262,0.0146,0.0062,0.17075
"6754",41,"2019-10-29 18:20:00","TECR",NA,0.11795,0.1412,0.1262,0.0146,0.0062,0.17075
"6755",42,"2019-11-13 18:05:00","TECR",0.10205,0.02285,NA,NA,0.0127,0.002,0.079125
"6756",43,"2019-11-13 18:05:00","TECR",0.10205,0.02285,NA,NA,0.0127,0.002,0.079125
"6757",44,"2019-11-13 18:05:00","TECR",0.10205,0.02285,NA,NA,0.0127,0.002,0.079125
"6758",45,"2019-11-13 18:05:00","TECR",0.10205,0.02285,NA,NA,0.0127,0.002,0.079125
"6759",46,"2020-01-08 17:28:00","TECR",0.135,0.0302,0.0387,0.0987,0.0045,5e-04,0.007
"6760",47,"2020-02-19 17:30:00","TECR",NA,0.007,0.0959,0.0916,0.0192,5e-04,0.012
"6761",48,"2020-03-03 19:05:00","TECR",0.006,0.2305,0.1329,0.103,0.0235,0.023,0.031
"6762",49,"2020-07-06 18:05:00","TECR",0.0063,0.0071,0.0916,0.0641,0.0041,0.0074,0.0079
"6763",50,"2020-10-28 17:20:00","TECR",0.0044,0.005,NA,NA,0.0031,0.0075,0.0088
"6764",51,"2020-11-17 18:45:00","TECR",0.00723333333333333,0.0072,0.0216,0.00936666666666667,0.0059,0.00753333333333333,0.0143666666666667
"6765",52,"2020-11-17 18:45:00","TECR",0.00723333333333333,0.0072,0.0216,0.00936666666666667,0.0059,0.00753333333333333,0.0143666666666667
"6766",53,"2020-11-17 18:45:00","TECR",0.00723333333333333,0.0072,0.0216,0.00936666666666667,0.0059,0.00753333333333333,0.0143666666666667
"6767",54,"2021-02-17 18:56:00",NA,NA,NA,0.1064,0.1088,NA,NA,NA
"6768",55,"2021-03-02 19:19:00","TECR",0.0029,0.0039,0.129,0.1221,0.0047,0.0068,0.0065
"6769",56,"2021-05-05 16:40:00","TECR",0.0078,0.0182,0.0973,0.1164,0.0032,0.009,0.0167
"6770",57,"2021-05-12 16:22:00","TECR",0.0015,0.0027,0.1119,0.1096,0.001,0.0086,0.0095
"6771",58,"2021-05-18 17:47:00","TECR",0.001,0.0022,0.0687,0.0719,0.0014,0.009,0.0087
"6772",59,"2021-05-25 17:50:00","TECR",0.0013,0.0028,0.1047,0.1635,0.0024,0.0071,0.0078
"6773",60,"2021-06-01 18:46:00","TECR",0.0021,0.0035,0.1411,0.0936,8e-04,0.0097,0.0084
"6774",61,"2021-06-09 17:55:00","TECR",0.0022,0.0034,0.0921,0.1089,0.0024,0.0079,0.0082
"6775",62,"2021-06-15 15:28:00","TECR",0.0025,0.0034,0.058,0.0712,0.0019,0.0084,0.0092
"6776",63,"2021-06-21 17:47:00","TECR",0.0012,0.0032,0.0479,0.0669,7e-04,0.0093,0.0154
"6777",64,"2021-06-29 17:06:00","TECR",0.0022,0.0035,0.0573,0.0542,0.0023,0.0083,0.0089
"6778",65,"2021-07-06 18:12:00","TECR",0.0024,0.004,0.048,0.0557,0.0019,0.0087,0.0094
"6779",66,"2021-07-14 16:20:00","TECR",0.0039,0.0043,0.0313,0.1221,0.0023,0.0114,0.0093
"6780",67,"2021-07-28 15:56:00","TECR",0.0038,0.0039,0.0298,0.0535,2e-04,0.0078,0.0208
"6781",68,"2021-08-03 17:09:00","TECR",0.0045,0.0059,0.0479,0.0447,0.0026,0.0095,0.0164
"6782",69,"2021-09-01 17:09:00","TECR",0.0056,0.0055,0.0729,0.0831,0.0023,0.0084,0.0204
"6783",70,"2021-10-13 21:37:00","TECR",0.0014,0.001,0.02,0.0391,0.004,0.0086,0.0113
"6784",71,"2021-11-09 18:45:00","TECR",0.002,0.0029,0.2133,0.2356,0.0068,0.0188,0.0289
"6785",72,"2022-01-18 19:38:00","TECR",0.001,0.0022,0.1122,0.1171,0.0012,0.0095,0.0322
"6786",73,"2022-02-01 19:52:00","TECR",0.0055,0.001,NA,0.1589,0.0037,0.0075,0.0084
"6787",74,"2022-02-15 18:58:00","TECR",0.0039,0.0015,0.1321,0.1202,0.0032,0.0041,0.007
"6788",75,"2022-03-01 19:55:00","TECR",0.002,9e-04,0.107,0.1231,0.0012,0.0078,0.0066
"6789",76,"2022-03-29 20:05:00","TECR",0.001,0.0021,0.0629,0.1012,0.0019,0.0053,0.0202
"6790",77,"2022-04-05 19:12:00","TECR",7e-04,0.0021,0.1054,0.1073,0.0026,0.0076,0.0089
"6791",78,"2022-04-25 17:45:00","TECR",0.0013,0.0017,0.1977,0.2031,0.0018,0.0066,0.0089
"6792",79,"2022-05-03 19:57:00","TECR",0.0037,0.0016,0.1208,0.1226,0.0046,0.0067,0.008
"6793",80,"2022-05-10 19:07:00","TECR",0.0086,0.0407,0.1384,0.1374,0.0029,0.0061,0.0055
"6794",81,"2022-05-17 18:35:00","TECR",0.0082,0.0431,0.1368,0.1526,0.0018,0.0067,0.0068
"6795",82,"2022-05-24 17:55:00","TECR",0.0025,0.0046,0.0975,0.1657,0.0028,0.007,0.007
"6796",83,"2022-06-01 18:15:00","TECR",0.0045,0.0116,0.0699,0.0791,0.0026,0.006,0.0066
"6797",84,"2022-06-06 17:11:00","TECR",0.0034,0.0053,0.0237,0.0186,0.0028,0.0174,0.0069
"6798",85,"2022-06-13 17:37:00","TECR",0.0058,0.0221,0.1025,0.1256,0.0018,0.0174,0.0078
"6799",86,"2022-06-20 17:15:00","TECR",0.0046,0.009,0.0997666666666667,0.0812,0.00253333333333333,0.0174666666666667,0.0071
"6800",87,"2022-06-20 17:15:00","TECR",0.0046,0.009,0.0997666666666667,0.0812,0.00253333333333333,0.0174666666666667,0.0071
"6801",88,"2022-06-20 17:15:00","TECR",0.0046,0.009,0.0997666666666667,0.0812,0.00253333333333333,0.0174666666666667,0.0071
"6802",89,"2022-06-28 17:44:00","TECR",0.0066,0.0076,0.0945,0.0966,0.0025,0.0175,0.0208
"6803",90,"2022-07-05 17:20:00","TECR",0.0026,0.0015,0.0504,0.0823,0.0024,0.0175,0.0073
"6804",91,"2022-07-25 18:20:00","TECR",0.0037,0.0043,0.0561,0.056,0.005,0.0091,0.0111
"6805",92,"2022-08-02 17:22:00","TECR",0.0047,0.0194,0.0707,0.0723,0.0038,0.0109,0.0122
"6806",93,"2022-08-29 17:20:00","TECR",0.0051,0.00956666666666667,NA,NA,0.0047,0.00876666666666667,0.0117
"6807",94,"2022-08-29 17:20:00","TECR",0.0051,0.00956666666666667,NA,NA,0.0047,0.00876666666666667,0.0117
"6808",95,"2022-08-29 17:20:00","TECR",0.0051,0.00956666666666667,NA,NA,0.0047,0.00876666666666667,0.0117
"6809",96,"2022-09-28 18:26:00","TECR",0.0021,0.0027,0.0945,0.1434,0.0039,0.0069,0.0173
"6810",97,"2022-11-22 20:46:00","TECR",0.0013,0.0021,0.0109,0.0186,0.0033,0.007,0.0301
"6811",98,"2022-11-29 20:45:00","TECR",0.002,0.0024,0.0806,0.0314,0.0032,0.007,0.0098
"6812",99,"2023-06-27 19:18:00","TECR",0.0048,0.0148,0.1345,0.1437,0.0025,0.0078,0.011
"6813",100,"2023-07-04 18:09:00","TECR",0.0023,7e-04,0.1182,0.1401,0.0027,0.0074,0.0115
"6814",101,"2023-07-11 18:15:00","TECR",0.0023,0.0024,0.1064,0.1672,0.0051,0.0061,0.0088
"6815",102,"2023-07-31 17:52:00","TECR",0.0036,0.0026,0.0867,0.0802,0.0035,0.0063,0.0102
"6816",103,"2023-08-09 18:21:00","TECR",0.0565,0.0201,NA,NA,0.0043,0.007,0.0109
"6817",104,"2023-08-29 18:04:00","TECR",0.00826666666666667,0.0073,0.0788,NA,0.0026,0.0071,0.0104
"6818",105,"2023-08-29 18:04:00","TECR",0.00826666666666667,0.0073,0.0788,NA,0.0026,0.0071,0.0104
"6819",106,"2023-08-29 18:04:00","TECR",0.00826666666666667,0.0073,0.0788,NA,0.0026,0.0071,0.0104
"6820",107,"2023-10-03 19:30:00","TECR",0.0171666666666667,0.00293333333333333,0.0740666666666667,0.0847333333333333,0.00283333333333333,0.0058,0.0085
"6821",108,"2023-10-03 19:30:00","TECR",0.0171666666666667,0.00293333333333333,0.0740666666666667,0.0847333333333333,0.00283333333333333,0.0058,0.0085
"6822",109,"2023-10-03 19:30:00","TECR",0.0171666666666667,0.00293333333333333,0.0740666666666667,0.0847333333333333,0.00283333333333333,0.0058,0.0085
"6823",110,"2023-10-09 18:10:00","TECR",0.0017,0.0032,0.1167,0.1116,0.0017,0.0065,0.0096
"6824",111,"2023-11-01 17:44:00","TECR",0.2355,0.02,0.09,0.16,0.004,0.0056,0.0115
"6825",112,"2023-12-12 19:02:00","TECR",0.2512,0.0204,0.22,0.18,0.0041,0.0065,0.0085
"6826",113,"2024-01-02 18:45:00","TECR",0.0034,NA,0.06,0.11,0.0029,0.0046,0.0064
"6827",114,"2024-03-13 17:45:00","TECR",0.0053,0.0209,0.07,0.06,0.0043,0.0051,0.0086
"6828",115,"2024-03-25 19:46:00","TECR",0.0059,0.0173,0.08,0.06,0.0038,0.0054,0.008
"6829",116,"2024-05-15 18:33:00","TECR",0.003,0.0076,0.12,0.15,0.003,0.0062,0.0115
"6830",117,"2024-05-21 18:00:00","TECR",0.002,0.0087,0.09,0.1,0.0026,0.0075,0.0107
"6831",118,"2024-05-28 17:44:00","TECR",0.0015,0.0058,0.1,0.15,0.0027,0.0101,0.0088
"6832",119,"2024-06-03 18:00:00","TECR",0.0029,0.0052,0.08,0.14,0.0037,0.0065,0.0117
"6833",120,"2024-06-10 17:45:00","TECR",0.00186666666666667,0.00496666666666667,0.09,0.11,0.00313333333333333,0.00683333333333333,0.0105666666666667
"6834",121,"2024-06-10 17:45:00","TECR",0.00186666666666667,0.00496666666666667,0.09,0.11,0.00313333333333333,0.00683333333333333,0.0105666666666667
"6835",122,"2024-06-10 17:45:00","TECR",0.00186666666666667,0.00496666666666667,0.09,0.11,0.00313333333333333,0.00683333333333333,0.0105666666666667
"6836",123,"2024-06-17 20:16:00","TECR",0.0027,0.0072,0.09,0.16,0.0039,0.0061,0.0101
"6837",124,"2024-06-24 18:54:00","TECR",0.0032,0.008,0.13,0.11,0.0037,0.0061,0.0111
"6838",125,"2024-07-30 17:26:00","TECR",0.0047,0.0043,0.07,0.48,0.0044,0.0081,0.0205
"6839",126,"2024-08-07 17:39:00","TECR",0.004,0.003,0.08,1.09,0.0057,0.0093,0.0135
"6840",127,"2024-08-26 18:37:00","TECR",0.0049,0.0034,0.07,0.21,0.00406666666666667,0.00616666666666667,0.0128666666666667
"6841",128,"2024-08-26 18:37:00","TECR",0.0049,0.0034,0.07,0.21,0.00406666666666667,0.00616666666666667,0.0128666666666667
"6842",129,"2024-08-26 18:37:00","TECR",0.0049,0.0034,0.07,0.21,0.00406666666666667,0.00616666666666667,0.0128666666666667
"6843",130,"2024-09-30 18:28:00","TECR",0.0033,0.0032,0.06,0.08,0.0039,0.0076,0.0158
"6844",131,"2024-10-09 18:05:00","TECR",0.0035,0.0058,0.14,0.06,0.0038,0.0079,0.0187
"6845",132,"2024-10-29 18:18:00","TECR",0.0033,0.0092,0.07,0.07,0.0034,0.0071,0.0269
"6846",133,"2025-03-04 19:48:00","TECR",0.0024,0.003,0.05,0.07,0.0025,0.0078,0.0071
"6847",134,"2025-04-28 19:33:00","TECR",0.0197,0.0376,0.1,0.09,0.0065,0.0071,0.0071
"6848",135,"2025-05-07 16:17:00","TECR",0.0037,0.0043,0.07,0.12,0.0048,0.0054,0.0071
"6849",136,"2025-05-19 18:10:00","TECR",0.0107,0.0075,0.23,0.18,0.0036,0.0053,0.0091
"6850",137,"2025-05-27 18:20:00","TECR",0.0034,0.0038,0.09,0.13,0.0044,0.0067,0.0084
"6851",138,"2025-06-04 16:05:00","TECR",0.0037,0.0048,0.1,0.14,0.0053,0.0065,0.0092
"6852",139,"2025-06-11 17:45:00","TECR",0.0034,0.0044,0.08,0.18,0.0043,0.0066,0.0142
"6853",140,"2025-06-16 18:02:00","TECR",0.00323333333333333,0.00473333333333333,0.0733333333333333,0.143333333333333,0.00436666666666667,0.00593333333333333,0.0097
"6854",141,"2025-06-16 18:02:00","TECR",0.00323333333333333,0.00473333333333333,0.0733333333333333,0.143333333333333,0.00436666666666667,0.00593333333333333,0.0097
"6855",142,"2025-06-16 18:02:00","TECR",0.00323333333333333,0.00473333333333333,0.0733333333333333,0.143333333333333,0.00436666666666667,0.00593333333333333,0.0097
"6856",143,"2025-07-01 17:57:00","TECR",0.0031,0.0065,0.1,0.14,0.0055,0.0065,0.008
"6857",144,"2025-07-08 17:33:00","TECR",0.0124,0.0171,0.09,0.15,0.0057,0.0066,0.01
"6858",145,"2025-07-21 17:46:00","TECR",0.0029,0.005,0.11,0.06,0.0038,0.0074,0.0109
"6859",146,"2025-08-06 17:51:00","TECR",0.00526666666666667,0.00943333333333333,0.106666666666667,0.07,0.0034,0.0052,0.0153333333333333
"6860",147,"2025-08-06 17:51:00","TECR",0.00526666666666667,0.00943333333333333,0.106666666666667,0.07,0.0034,0.0052,0.0153333333333333
"6861",148,"2025-08-06 17:51:00","TECR",0.00526666666666667,0.00943333333333333,0.106666666666667,0.07,0.0034,0.0052,0.0153333333333333
"6862",149,"2025-12-01 20:05:00","TECR",0.0087,0.0093,0.12,0.14,0.0114,0.0142,0.0446
"6863",150,"2025-12-08 20:21:00","TECR",0.0091,0.0036,0.09,0.16,0.0131,0.0142,0.0393
"6864",1,"2017-05-23 10:57:00","OKSR",NA,0.019,0.291,0.2781,0.013,0.004,0.009
"6865",2,"2017-05-28 20:00:00","OKSR",0.021,0.078,0.2209,0.2596,0.002,0.015,0.029
"6866",3,"2017-06-06 21:36:00","OKSR",0.009,0.04,0.1779,0.2019,0.003,0.015,0.016
"6867",4,"2017-06-13 18:27:00","OKSR",0.026,0.059,0.2577,0.2514,0.123,5e-04,0.003
"6868",5,"2017-06-21 06:43:00","OKSR",0.068,0.112,0.2191,0.2099,0.023,5e-04,0.0405
"6869",6,"2017-06-27 20:00:00","OKSR",0.083,0.091,0.25,0.2095,0.042,5e-04,0.0184
"6870",7,"2017-07-03 20:00:00","OKSR",0.158,0.063,0.2708,0.2729,0.023,5e-04,0.0127
"6871",8,"2017-07-18 20:25:00","OKSR",0.1033,0.0294,0.268,0.2723,0.035,0.0265,0.028
"6872",9,"2017-07-25 18:24:00","OKSR",0.0599,0.0219,0.2249,0.2479,0.037,0.002,0.003
"6873",10,"2017-08-01 17:56:00","OKSR",0.0709,0.0244,0.2039,0.2091,0.035,0.002,0.004
"6874",11,"2017-08-08 20:59:00","OKSR",0.0567,0.0293,0.2182,0.1978,0.027,5e-04,0.0194
"6875",12,"2017-08-15 19:05:00","OKSR",0.0598,0.0469,0.1231,0.1392,0.028,5e-04,0.0259
"6876",13,"2017-08-22 21:44:00","OKSR",0.0477,0.058,0.279,0.2229,0.033,8e-04,0.004
"6877",14,"2017-08-29 21:19:00","OKSR",0.043,0.0695,0.2425,NA,0.028,8e-04,NA
"6878",15,"2017-09-05 18:10:00","OKSR",0.0473,0.008,0.1718,0.1326,0.03,0.0032,0.005
"6879",16,"2017-09-12 22:22:00","OKSR",0.1157,0.1206,0.0385,0.1835,0.021,0.0016,0.004
"6880",17,"2017-10-10 19:27:00","OKSR",0.1075,0.1226,0.2676,0.3352,0.005,0.005,0.021
"6881",18,"2018-05-15 20:26:00","OKSR",0.0106,0.0488,0.4682,0.4094,0.017,0.0151,0.0549
"6882",19,"2018-05-22 18:50:00","OKSR",0.0097,0.0024,0.4463,0.4366,0.057,5e-04,0.068
"6883",20,"2018-05-29 17:58:00","OKSR",0.0111,NA,0.2255,0.1996,0.027,5e-04,0.1706
"6884",21,"2018-06-05 18:15:00","OKSR",0.0148,0.0088,0.1507,0.1729,0.045,0.0139,0.0345
"6885",22,"2018-06-12 19:49:00","OKSR",0.0328,0.0318,0.1823,0.1578,0.01,0.0109,0.0444
"6886",23,"2018-06-19 17:44:00","OKSR",0.0345,0.0087,0.1296,0.1418,0.015,5e-04,0.0127
"6887",24,"2018-06-26 18:08:00","OKSR",0.0065,0.0401,0.2457,0.2491,0.012,0.0125,0.0187
"6888",25,"2018-07-03 18:32:00","OKSR",0.0304,NA,0.2839,0.245,0.01,0.007,0.053
"6889",26,"2018-07-10 17:59:00","OKSR",0.0274,0.0568,0.2284,0.2043,0.017,0.001,0.035
"6890",27,"2018-07-17 18:01:00","OKSR",0.0256,0.0586,0.166,0.1758,0.011,5e-04,0.01
"6891",28,"2018-07-24 20:31:00","OKSR",0.0482,0.0284,0.2217,0.2,0.013,5e-04,0.009
"6892",29,"2018-07-31 19:15:00","OKSR",NA,NA,NA,NA,NA,NA,0.025
"6893",30,"2018-08-07 22:14:00","OKSR",0.0236,0.0487,0.20175,0.2167,0.013,0.0061,0.011
"6894",31,"2018-08-07 22:14:00","OKSR",0.0236,0.0487,0.20175,0.2167,0.013,0.0061,0.011
"6895",32,"2018-08-14 18:35:00","OKSR",0.0119,0.0158,0.226,0.1763,0.013,5e-04,0.006
"6896",33,"2018-08-21 19:12:00","OKSR",0.0214,0.039,0.2013,0.2068,0.015,0.0146,0.018
"6897",34,"2018-09-11 18:36:00","OKSR",0.0413,0.0246,0.1092,0.1254,0.094,0.033,0.053
"6898",35,"2018-09-18 19:29:00","OKSR",0.3425,0.0103,0.2831,0.2385,0.045,0.0179,0.021
"6899",36,"2018-09-26 06:15:00","OKSR",0.0732,0.0337,0.2871,0.287,0.076,0.0149,0.1187
"6900",37,"2018-10-03 01:18:00","OKSR",0.0876,0.0315,0.1848,0.1793,0.053,5e-04,0.001
"6901",38,"2018-10-10 07:38:00","OKSR",0.1379,0.0424,0.1719,0.2063,0.05,5e-04,0.1464
"6902",39,"2018-10-16 17:47:00","OKSR",0.0435,0.0319,0.1233,0.152,0.02,0.0143,0.018
"6903",40,"2018-10-22 18:41:00","OKSR",0.0662,NA,0.3004,0.3309,0.024,0.0184,0.65
"6904",41,"2018-10-30 20:49:00","OKSR",0.0681,NA,0.4426,0.4544,0.008,5e-04,0.004
"6905",42,"2019-05-14 18:39:00","OKSR",0.0218,0.0348,0.3343,0.3871,0.041,5e-04,0.1394
"6906",43,"2019-05-28 18:00:00","OKSR",0.038,0.0158,0.1946,0.1956,0.037,0.006,0.0429
"6907",44,"2019-06-04 18:00:00","OKSR",NA,0.0665,0.2563,0.2107,0.034,5e-04,0.2081
"6908",45,"2019-06-11 18:15:00","OKSR",0.0440666666666667,0.0469333333333333,0.229933333333333,0.2258,0.0376666666666667,0.00573333333333333,0.177266666666667
"6909",46,"2019-06-11 18:15:00","OKSR",0.0440666666666667,0.0469333333333333,0.229933333333333,0.2258,0.0376666666666667,0.00573333333333333,0.177266666666667
"6910",47,"2019-06-11 18:15:00","OKSR",0.0440666666666667,0.0469333333333333,0.229933333333333,0.2258,0.0376666666666667,0.00573333333333333,0.177266666666667
"6911",48,"2019-06-18 17:56:00","OKSR",0.0387333333333333,0.0738333333333333,0.231533333333333,0.1451,0.0323333333333333,0.016,0.1767
"6912",49,"2019-06-18 17:56:00","OKSR",0.0387333333333333,0.0738333333333333,0.231533333333333,0.1451,0.0323333333333333,0.016,0.1767
"6913",50,"2019-06-18 17:56:00","OKSR",0.0387333333333333,0.0738333333333333,0.231533333333333,0.1451,0.0323333333333333,0.016,0.1767
"6914",51,"2019-06-25 21:43:00","OKSR",0.0654,0.0645,0.2362,0.265,0.036,0.0155,0.2264
"6915",52,"2019-07-09 18:26:00","OKSR",0.0861,0.3757,0.2378,0.2594,NA,0.00815,0.0417
"6916",53,"2019-07-09 18:26:00","OKSR",0.0861,0.3757,0.2378,0.2594,NA,0.00815,0.0417
"6917",54,"2019-07-16 18:43:00","OKSR",0.10005,0.0518,0.2637,0.2617,NA,0.0043,0.07845
"6918",55,"2019-07-16 18:43:00","OKSR",0.10005,0.0518,0.2637,0.2617,NA,0.0043,0.07845
"6919",56,"2019-07-23 18:08:00","OKSR",0.1586,0.03985,0.2081,0.2684,NA,0.00865,0.1236
"6920",57,"2019-07-23 18:08:00","OKSR",0.1586,0.03985,0.2081,0.2684,NA,0.00865,0.1236
"6921",58,"2019-07-30 18:42:00","OKSR",0.03725,0.05405,0.1945,0.3034,NA,0.0061,0.1659
"6922",59,"2019-07-30 18:42:00","OKSR",0.03725,0.05405,0.1945,0.3034,NA,0.0061,0.1659
"6923",60,"2019-08-06 19:50:00","OKSR",0.0161,0.05045,0.2076,0.2391,NA,0.0081,0.01975
"6924",61,"2019-08-06 19:50:00","OKSR",0.0161,0.05045,0.2076,0.2391,NA,0.0081,0.01975
"6925",62,"2019-08-13 21:19:00","OKSR",0.02435,0.0072,0.2158,0.2112,NA,0.00575,0.0249
"6926",63,"2019-08-13 21:19:00","OKSR",0.02435,0.0072,0.2158,0.2112,NA,0.00575,0.0249
"6927",64,"2019-08-20 19:55:00","OKSR",0.0255,0.01765,0.2263,0.2362,NA,0.0095,0.0783
"6928",65,"2019-08-20 19:55:00","OKSR",0.0255,0.01765,0.2263,0.2362,NA,0.0095,0.0783
"6929",66,"2019-08-27 19:59:00","OKSR",0.01475,0.00925,0.1306,0.1464,NA,0.0069,0.14235
"6930",67,"2019-08-27 19:59:00","OKSR",0.01475,0.00925,0.1306,0.1464,NA,0.0069,0.14235
"6931",68,"2019-09-03 17:53:00","OKSR",0.0354,0.0035,NA,NA,NA,0.0053,0.1006
"6932",69,"2019-09-10 18:27:00","OKSR",0.0658,0.0262,0.2943,0.2756,NA,0.0049,0.07395
"6933",70,"2019-09-10 18:27:00","OKSR",0.0658,0.0262,0.2943,0.2756,NA,0.0049,0.07395
"6934",71,"2019-09-17 18:55:00","OKSR",0.0747,0.0144,NA,NA,NA,0.0069,0.0078
"6935",72,"2019-09-24 19:45:00","OKSR",0.0989,0.04255,0.2967,0.3144,NA,0.0043,0.1211
"6936",73,"2019-09-24 19:45:00","OKSR",0.0989,0.04255,0.2967,0.3144,NA,0.0043,0.1211
"6937",74,"2019-10-01 19:50:00","OKSR",0.11295,0.03215,0.2531,0.2416,NA,0.0071,0.05025
"6938",75,"2019-10-01 19:50:00","OKSR",0.11295,0.03215,0.2531,0.2416,NA,0.0071,0.05025
"6939",76,"2019-10-09 18:10:00","OKSR",0.13255,0.0432,0.3014,0.3151,0.0185,0.02405,0.0263
"6940",77,"2019-10-09 18:10:00","OKSR",0.13255,0.0432,0.3014,0.3151,0.0185,0.02405,0.0263
"6941",78,"2019-10-15 18:30:00","OKSR",0.13035,0.04145,0.2646,0.2397,NA,0.00795,0.11435
"6942",79,"2019-10-15 18:30:00","OKSR",0.13035,0.04145,0.2646,0.2397,NA,0.00795,0.11435
"6943",80,"2019-10-22 19:08:00","OKSR",0.1634,0.157475,0.284733333333333,0.301066666666667,0.015125,0.0087,0.19025
"6944",81,"2019-10-22 19:08:00","OKSR",0.1634,0.157475,0.284733333333333,0.301066666666667,0.015125,0.0087,0.19025
"6945",82,"2019-10-22 19:08:00","OKSR",0.1634,0.157475,0.284733333333333,0.301066666666667,0.015125,0.0087,0.19025
"6946",83,"2019-10-22 19:08:00","OKSR",0.1634,0.157475,0.284733333333333,0.301066666666667,0.015125,0.0087,0.19025
"6947",84,"2019-11-05 22:47:00","OKSR",0.19605,0.0658,0.3206,0.2833,NA,0.003,0.07075
"6948",85,"2019-11-05 22:47:00","OKSR",0.19605,0.0658,0.3206,0.2833,NA,0.003,0.07075
"6949",86,"2020-06-02 20:09:00","OKSR",0.0441,0.0028,NA,NA,1e-04,0.0072,0.0112
"6950",87,"2020-06-11 20:55:00","OKSR",0.0138,0.001,0.2589,0.26,NA,0.007,0.0059
"6951",88,"2020-06-17 18:55:00","OKSR",0.055,0.0022,0.3563,0.2188,NA,0.0055,0.0055
"6952",89,"2020-06-24 18:21:00","OKSR",0.0866,0.005,0.2436,0.2403,NA,0.0055,0.0053
"6953",90,"2020-07-01 23:30:00","OKSR",0.0231,0.0047,0.2446,0.2131,NA,0.0073,0.0072
"6954",91,"2020-07-06 20:42:00","OKSR",0.0724,0.003,0.2061,0.2422,NA,0.0048,0.0052
"6955",92,"2020-07-20 19:30:00","OKSR",0.1286,0.0039,0.2552,0.2481,NA,0.0043,0.0052
"6956",93,"2020-07-28 23:56:00","OKSR",0.097,0.0057,0.3322,0.3512,NA,0.006,0.0077
"6957",94,"2020-08-03 19:10:00","OKSR",0.0488,0.0044,0.2759,0.2715,NA,0.0058,0.0288
"6958",95,"2020-08-10 19:10:00","OKSR",0.065,0.0046,0.256366666666667,0.238,NA,0.0044,0.0057
"6959",96,"2020-08-17 22:58:00","OKSR",0.1005,0.0045,NA,NA,NA,0.004,0.0053
"6960",97,"2020-08-24 18:45:00","OKSR",0.1405,0.0028,0.3008,0.3542,NA,0.0036,0.0046
"6961",98,"2020-08-31 19:20:00","OKSR",0.118,0.0044,0.2748,0.2846,NA,0.0032,0.0039
"6962",99,"2020-09-07 18:00:00","OKSR",0.1412,0.0065,0.2884,0.2835,NA,0.0041,0.0049
"6963",100,"2020-09-14 18:48:00","OKSR",0.0893,0.0061,0.2526,0.2805,NA,0.0046,0.0051
"6964",101,"2020-09-21 18:40:00","OKSR",0.0687,0.0039,0.284966666666667,0.294233333333333,NA,0.0068,0.0055
"6965",102,"2020-09-28 20:00:00","OKSR",0.1211,0.007,0.3165,0.322,NA,0.0064,0.0071
"6966",103,"2020-10-07 20:00:00","OKSR",0.1077,0.0042,NA,0.5248,NA,0.0045,0.0062
"6967",104,"2020-10-23 20:00:00","OKSR",0.1773,0.0236,0.372,0.525,8e-04,0.0062,0.0074
"6968",105,"2020-10-30 20:00:00","OKSR",0.2028,0.0238,0.3462,NA,3e-04,0.0058,0.0055
"6969",106,"2021-05-25 18:50:00","OKSR",0.0044,0.0043,0.221,0.242,0.0017,0.018,0.0248
"6970",107,"2021-06-01 16:51:00","OKSR",0.0127,0.0047,0.306,0.3318,0.0013,0.0159,0.0183
"6971",108,"2021-06-08 19:01:00","OKSR",0.0239,0.0063,0.2142,0.5656,8e-04,0.0106,0.0247
"6972",109,"2021-06-15 18:31:00","OKSR",0.00526666666666667,0.00196666666666667,0.1244,0.141233333333333,0.000266666666666667,0.00763333333333333,0.01
"6973",110,"2021-06-15 18:31:00","OKSR",0.00526666666666667,0.00196666666666667,0.1244,0.141233333333333,0.000266666666666667,0.00763333333333333,0.01
"6974",111,"2021-06-15 18:31:00","OKSR",0.00526666666666667,0.00196666666666667,0.1244,0.141233333333333,0.000266666666666667,0.00763333333333333,0.01
"6975",112,"2021-06-21 18:45:00","OKSR",0.0171,0.0016,0.1266,0.1516,NA,0.0063,0.0056
"6976",113,"2021-06-29 18:23:00","OKSR",0.0281,0.002,0.1069,0.1311,NA,0.0057,0.0067
"6977",114,"2021-07-05 18:47:00","OKSR",0.0107,0.0021,0.1293,0.1807,NA,0.0065,0.0072
"6978",115,"2021-07-13 19:36:00","OKSR",0.0794,0.00506666666666667,0.171366666666667,0.200566666666667,NA,0.00593333333333333,0.00626666666666667
"6979",116,"2021-07-13 19:36:00","OKSR",0.0794,0.00506666666666667,0.171366666666667,0.200566666666667,NA,0.00593333333333333,0.00626666666666667
"6980",117,"2021-07-13 19:36:00","OKSR",0.0794,0.00506666666666667,0.171366666666667,0.200566666666667,NA,0.00593333333333333,0.00626666666666667
"6981",118,"2021-07-20 20:00:00","OKSR",0.1465,0.0059,0.26,0.2246,NA,0.0051,0.0051
"6982",119,"2021-07-27 20:47:00","OKSR",0.0581,0.0036,0.1994,0.1839,2e-04,0.0055,0.0067
"6983",120,"2021-08-03 20:29:00","OKSR",0.0754,0.0048,0.2053,0.2117,NA,0.0062,0.0061
"6984",121,"2021-08-09 19:19:00","OKSR",0.0904,0.0055,0.1837,0.2018,6e-04,0.0055,0.0067
"6985",122,"2021-08-17 20:59:00","OKSR",0.0848,0.0042,0.1893,0.2119,0.0027,0.0053,0.0074
"6986",123,"2021-08-24 20:15:00","OKSR",0.0445,0.0033,0.2474,0.2251,5e-04,0.0072,0.0105
"6987",124,"2021-09-06 19:19:00","OKSR",0.0533,0.0032,0.1789,0.2061,NA,0.0057,0.0078
"6988",125,"2021-09-14 20:30:00","OKSR",0.085,0.0042,0.2028,0.7203,2e-04,0.0053,0.0073
"6989",126,"2021-09-21 19:20:00","OKSR",0.1126,0.0066,0.202,0.2776,1e-04,0.0055,0.0066
"6990",127,"2021-10-04 19:52:00","OKSR",0.1368,0.0111,0.2422,0.2754,NA,0.0055,0.0087
"6991",128,"2021-10-11 19:09:00","OKSR",0.151,0.0151,0.2597,0.2442,NA,0.0045,0.0059
"6992",129,"2021-10-18 19:45:00","OKSR",0.2026,0.0189,0.2776,0.2872,NA,0.0049,0.0357
"6993",130,"2021-10-25 19:01:00","OKSR",0.2204,0.0229,0.3736,0.5028,NA,0.0048,0.0408
"6994",131,"2022-05-30 18:20:00","OKSR",0.0115,0.0092,0.2054,0.2924,NA,0.0094,0.0212
"6995",132,"2022-06-06 18:55:00","OKSR",0.042,0.0046,0.2103,0.2384,NA,0.0073,0.0117
"6996",133,"2022-06-11 19:20:00","OKSR",0.0348,0.0035,0.1947,0.2716,NA,0.0054,0.0073
"6997",134,"2022-06-18 18:30:00","OKSR",0.0248333333333333,0.0025,0.165,0.175966666666667,NA,0.0035,0.0052
"6998",135,"2022-06-18 18:30:00","OKSR",0.0248333333333333,0.0025,0.165,0.175966666666667,NA,0.0035,0.0052
"6999",136,"2022-06-18 18:30:00","OKSR",0.0248333333333333,0.0025,0.165,0.175966666666667,NA,0.0035,0.0052
"7000",137,"2022-06-25 22:01:00","OKSR",0.037,0.007,0.2069,0.212,NA,0.0049,0.0067
"7001",138,"2022-07-02 18:57:00","OKSR",0.049,0.0051,0.2051,0.2087,NA,0.0039,0.0044
"7002",139,"2022-07-09 22:06:00","OKSR",0.0164,0.0018,0.2656,0.2119,NA,0.0067,0.011
"7003",140,"2022-07-16 22:50:00","OKSR",0.0129,0.003,0.2446,0.2965,NA,0.0049,0.0065
"7004",141,"2022-07-23 19:05:00","OKSR",0.0351666666666667,0.0024,0.178566666666667,0.211033333333333,NA,0.0046,0.0116
"7005",142,"2022-07-23 19:05:00","OKSR",0.0351666666666667,0.0024,0.178566666666667,0.211033333333333,NA,0.0046,0.0116
"7006",143,"2022-07-23 19:05:00","OKSR",0.0351666666666667,0.0024,0.178566666666667,0.211033333333333,NA,0.0046,0.0116
"7007",144,"2022-07-30 18:45:00","OKSR",0.0151,0.0071,0.1759,0.2152,NA,0.0042,0.0069
"7008",145,"2022-08-06 18:17:00","OKSR",0.0314,0.0066,0.1841,0.2339,NA,0.0061,0.0081
"7009",146,"2022-08-13 21:03:00","OKSR",0.0367,0.0073,0.1193,0.189,NA,0.005,0.0074
"7010",147,"2022-08-20 17:54:00","OKSR",0.0351,0.0012,0.1336,0.1858,NA,0.0056,0.0076
"7011",148,"2022-08-27 19:21:00","OKSR",0.0499,0.0076,0.1148,0.1826,NA,0.0058,0.0067
"7012",149,"2022-09-03 18:09:00","OKSR",0.0564,0.0122,0.1513,0.1696,NA,0.0063,0.0066
"7013",150,"2022-09-13 19:31:00","OKSR",0.0419,0.0055,0.2513,0.4156,NA,0.0066,0.3143
"7014",151,"2022-09-17 22:35:00","OKSR",0.0539,0.0015,0.2315,0.3741,NA,0.0059,0.0047
"7015",152,"2022-09-26 22:22:00","OKSR",0.0796,0.0063,0.2682,0.2905,NA,0.0032,0.0068
"7016",153,"2022-10-03 20:05:00","OKSR",0.1167,0.0049,0.2885,0.3006,NA,0.0031,0.0069
"7017",154,"2022-10-11 20:58:00","OKSR",0.1271,0.0108,0.1818,0.2133,NA,0.0032,0.0061
"7018",155,"2022-10-17 22:12:00","OKSR",0.1515,0.0116,0.2695,0.3202,NA,0.0037,0.0064
"7019",156,"2022-10-25 20:42:00","OKSR",0.1996,0.0153,0.3187,0.3299,4e-04,0.0041,0.007
"7020",157,"2023-05-22 18:11:00","OKSR",0.0117,0.0055,0.2839,0.3073,0.0011,0.0146,0.0243
"7021",158,"2023-05-29 17:52:00","OKSR",0.0237,0.012,0.2176,0.3106,6e-04,0.0091,0.0214
"7022",159,"2023-06-05 19:31:00","OKSR",0.0196,0.0039,0.216,0.2625,8e-04,0.0107,0.0125
"7023",160,"2023-06-12 20:18:00","OKSR",0.0098,0.0078,0.1941,0.268,7e-04,0.0062,0.0077
"7024",161,"2023-06-19 21:33:00","OKSR",0.0106,0.0022,0.207,0.2317,0.0021,0.008,0.0073
"7025",162,"2023-06-26 19:40:00","OKSR",0.0286333333333333,0.0088,0.24,0.2559,5e-04,0.00646666666666667,0.00466666666666667
"7026",163,"2023-06-26 19:40:00","OKSR",0.0286333333333333,0.0088,0.24,0.2559,5e-04,0.00646666666666667,0.00466666666666667
"7027",164,"2023-06-26 19:40:00","OKSR",0.0286333333333333,0.0088,0.24,0.2559,5e-04,0.00646666666666667,0.00466666666666667
"7028",165,"2023-07-03 19:30:00","OKSR",0.0263,0.0027,0.2519,0.4974,NA,0.0066,0.0055
"7029",166,"2023-07-10 21:44:00","OKSR",0.0051,0.0036,0.2637,0.2966,3e-04,0.0083,0.0077
"7030",167,"2023-07-17 21:57:00","OKSR",0.0186,0.0028,0.1727,0.2015,4e-04,0.0037,0.0066
"7031",168,"2023-07-24 22:28:00","OKSR",0.0548,0.0031,0.3216,0.3104,NA,0.0029,0.0061
"7032",169,"2023-07-31 19:31:00","OKSR",0.0665333333333333,0.0102666666666667,0.2343,0.2572,0.00103333333333333,0.0042,0.00903333333333333
"7033",170,"2023-07-31 19:31:00","OKSR",0.0665333333333333,0.0102666666666667,0.2343,0.2572,0.00103333333333333,0.0042,0.00903333333333333
"7034",171,"2023-07-31 19:31:00","OKSR",0.0665333333333333,0.0102666666666667,0.2343,0.2572,0.00103333333333333,0.0042,0.00903333333333333
"7035",172,"2023-08-07 18:13:00","OKSR",0.0523,0.0025,0.323,0.3075,0.0016,0.0047,0.0071
"7036",173,"2023-08-14 22:10:00","OKSR",0.0438,0.0036,0.2338,0.2681,7e-04,0.0054,0.0054
"7037",174,"2023-08-21 19:30:00","OKSR",0.0611,0.0443,0.3248,0.377,0.0011,0.0068,0.0102
"7038",175,"2023-08-28 23:46:00","OKSR",0.0953,0.014,0.217,0.2673,3e-04,0.0054,0.0078
"7039",176,"2023-09-04 23:00:00","OKSR",1.6265,0.2627,0.2126,0.2435,0.0017,0.0331,0.0413
"7040",177,"2023-09-11 19:02:00","OKSR",0.0507,0.0033,0.1995,0.2326,NA,0.0041,0.0056
"7041",178,"2023-09-18 18:28:00","OKSR",0.0732,0.0061,0.2268,0.2305,3e-04,0.0042,0.0048
"7042",179,"2023-09-25 19:03:00","OKSR",0.1045,0.0122,0.2478,0.2591,5e-04,0.0034,0.0049
"7043",180,"2023-10-03 18:42:00","OKSR",0.8169,0.0166,0.3031,0.3315,9e-04,0.0048,0.016
"7044",181,"2023-10-09 19:51:00","OKSR",0.143,0.0169,NA,NA,9e-04,0.0068,0.0058
"7045",182,"2023-10-16 19:20:00","OKSR",0.2022,0.0192,0.1921,0.2059,0.0011,0.0052,0.0052
"7046",183,"2023-10-24 22:11:00","OKSR",0.322,0.0309,0.2455,NA,0.0014,0.006,0.0059
"7047",184,"2024-05-20 20:02:00","OKSR",0.0074,0.0069,0.32,0.33,0.0023,0.0125,0.0284
"7048",185,"2024-05-27 18:26:00","OKSR",0.0307,0.0075,0.35,0.33,0.0015,0.0112,0.0292
"7049",186,"2024-06-03 20:23:00","OKSR",0.0760666666666667,0.00596666666666667,0.266666666666667,0.273333333333333,0.00186666666666667,0.0075,0.0117
"7050",187,"2024-06-03 20:23:00","OKSR",0.0760666666666667,0.00596666666666667,0.266666666666667,0.273333333333333,0.00186666666666667,0.0075,0.0117
"7051",188,"2024-06-03 20:23:00","OKSR",0.0760666666666667,0.00596666666666667,0.266666666666667,0.273333333333333,0.00186666666666667,0.0075,0.0117
"7052",189,"2024-06-10 17:59:00","OKSR",0.0146,0.0028,0.25,0.24,0.001,0.0072,0.0088
"7053",190,"2024-06-17 19:29:00","OKSR",0.0255,0.002,0.17,0.2,4e-04,0.0045,0.0046
"7054",191,"2024-06-25 00:22:00","OKSR",0.0682,0.0071,0.28,0.25,0.001,0.0046,0.0041
"7055",192,"2024-07-02 18:58:00","OKSR",0.1263,0.0026,0.28,0.28,8e-04,0.0041,0.0035
"7056",193,"2024-07-06 19:00:00","OKSR",0.0337,0.0026,0.27,0.25,6e-04,0.0057,0.016
"7057",194,"2024-07-15 20:05:00","OKSR",0.0563666666666667,0.00323333333333333,0.23,0.273333333333333,0.000333333333333333,0.00423333333333333,0.0042
"7058",195,"2024-07-15 20:05:00","OKSR",0.0563666666666667,0.00323333333333333,0.23,0.273333333333333,0.000333333333333333,0.00423333333333333,0.0042
"7059",196,"2024-07-15 20:05:00","OKSR",0.0563666666666667,0.00323333333333333,0.23,0.273333333333333,0.000333333333333333,0.00423333333333333,0.0042
"7060",197,"2024-07-21 18:14:00","OKSR",0.0992,0.0078,0.25,0.28,0.0011,0.0055,0.0041
"7061",198,"2024-07-29 18:59:00","OKSR",0.016,0.0064,0.2,0.26,0.0011,0.0073,0.0052
"7062",199,"2024-08-05 18:58:00","OKSR",0.0666,0.0653,0.19,0.22,0.0029,0.0049,0.0047
"7063",200,"2024-08-12 18:55:00","OKSR",0.0523,0.0055,0.21,0.21,0,0.006,0.0047
"7064",201,"2024-08-19 20:25:00","OKSR",0.055,0.0052,0.22,0.22,9e-04,0.0053,0.0048
"7065",202,"2024-08-26 19:22:00","OKSR",0.039,0.0335,0.21,0.23,NA,0.0047,0.0676
"7066",203,"2024-09-02 17:55:00","OKSR",0.0492,0.0044,0.21,0.21,NA,0.0053,0.0596
"7067",204,"2024-09-09 20:02:00","OKSR",0.0462,0.0086,0.22,0.24,NA,0.0053,0.0592
"7068",205,"2024-09-16 20:11:00","OKSR",0.0678,0.0041,0.23,0.24,NA,0.0044,0.0585
"7069",206,"2024-09-23 18:31:00","OKSR",0.086,0.0049,0.23,0.24,0,0.0031,0.0047
"7070",207,"2024-09-30 18:25:00","OKSR",0.1101,0.0082,0.3,0.28,7e-04,0.0026,0.0037
"7071",208,"2024-10-07 19:05:00","OKSR",0.4217,0.0188,0.47,0.31,0.0021,0.0035,0.0049
"7072",209,"2024-10-25 22:26:00","OKSR",0.1838,0.0181,0.36,0.36,NA,0.003,0.004
"7073",210,"2025-05-19 18:51:00","OKSR",0.0047,0.0054,0.33,0.35,0.0024,0.0165,0.0287
"7074",211,"2025-05-26 20:26:00","OKSR",0.0028,0.0064,0.37,0.34,0.002,0.0151,0.0252
"7075",212,"2025-06-02 19:53:00","OKSR",0.00936666666666667,0.0073,0.346666666666667,0.343333333333333,0.00213333333333333,0.0150666666666667,0.0174
"7076",213,"2025-06-02 19:53:00","OKSR",0.00936666666666667,0.0073,0.346666666666667,0.343333333333333,0.00213333333333333,0.0150666666666667,0.0174
"7077",214,"2025-06-02 19:53:00","OKSR",0.00936666666666667,0.0073,0.346666666666667,0.343333333333333,0.00213333333333333,0.0150666666666667,0.0174
"7078",215,"2025-06-09 18:23:00","OKSR",0.0347,0.0091,0.39,0.34,0.0022,0.0116,0.015
"7079",216,"2025-06-16 23:09:00","OKSR",0.0559,0.0196,0.29,0.24,0.0026,0.0122,0.0279
"7080",217,"2025-06-23 21:58:00","OKSR",0.0098,0.0085,0.23,0.25,0.0011,0.0079,0.3696
"7081",218,"2025-06-28 22:56:00","OKSR",0.0115,0.0042,0.18,0.16,1e-04,0.0056,0.0044
"7082",219,"2025-07-07 19:28:00","OKSR",0.0706,9e-04,0.2,0.22,1e-04,0.0057,0.0033
"7083",220,"2025-07-14 19:17:00","OKSR",0.0865333333333333,0.00416666666666667,0.22,0.196666666666667,NA,0.00666666666666667,0.00313333333333333
"7084",221,"2025-07-14 19:17:00","OKSR",0.0865333333333333,0.00416666666666667,0.22,0.196666666666667,NA,0.00666666666666667,0.00313333333333333
"7085",222,"2025-07-14 19:17:00","OKSR",0.0865333333333333,0.00416666666666667,0.22,0.196666666666667,NA,0.00666666666666667,0.00313333333333333
"7086",223,"2025-07-21 23:38:00","OKSR",0.0725,0.01,0.27,0.27,4e-04,0.0038,0.0029
"7087",224,"2025-07-28 19:58:00","OKSR",0.0815,0.0032,0.3,0.28,3e-04,0.0041,0.0035
"7088",225,"2025-08-04 19:15:00","OKSR",0.0632,0.0031,0.23,0.26,6e-04,0.0103,0.0038
"7089",226,"2025-08-11 19:28:00","OKSR",0.0555,0.0085,0.21,0.21,3e-04,0.0055,0.0058
"7090",227,"2025-08-18 21:26:00","OKSR",0.0483,0.002,0.21,0.22,4e-04,0.0044,0.0039
"7091",228,"2025-08-25 19:13:00","OKSR",0.0237,0.0043,0.3167,0.23,3e-04,0.0045,0.0058
"7092",229,"2025-09-01 17:38:00","OKSR",0.0392,0.0019,0.26,0.2267,NA,0.0047,0.005
"7093",230,"2025-09-08 19:34:00","OKSR",0.0401,0.0018,0.2467,0.28,NA,0.0038,0.0048
"7094",231,"2025-09-17 19:46:00","OKSR",0.068,0.0043,0.2533,0.2333,NA,0.0039,0.0043
"7095",232,"2025-09-22 19:47:00","OKSR",0.0879,0.0062,0.27,0.29,3e-04,0.0027,0.0036
"7096",233,"2025-09-29 18:11:00","OKSR",0.1122,0.0064,0.31,0.26,3e-04,0.0023,0.0089
"7097",234,"2025-10-06 19:54:00","OKSR",0.1218,0.0057,0.31,0.28,3e-04,0.0029,0.0085
"7098",235,"2025-10-14 22:10:00","OKSR",0.1475,0.0101,0.37,0.32,3e-04,0.004,0.0085
"7099",236,"2025-10-21 20:03:00","OKSR",0.129,0.0116,0.32,0.3,NA,0.0027,0.0078
"7100",1,"2017-04-03 10:40:00","TOOK",NA,NA,0.3074,0.2529,0.022,0.001,0.002
"7101",2,"2017-04-29 16:10:00","TOOK",0.057,0.046,0.3231,NA,0.019,0.0265,0.032
"7102",3,"2017-06-06 22:48:00","TOOK",0.029,0.024,0.2094,0.2045,0.005,0.006,0.007
"7103",4,"2017-06-27 18:22:00","TOOK",0.005,0.057,0.1728,0.1768,0.042,0.0092,0.012
"7104",5,"2017-06-27 19:48:00","TOOK",0.012,0.06,0.1634,0.2192,0.042,0.0069,0.01
"7105",6,"2017-06-27 21:44:00","TOOK",0.013,0.074,0.181,0.2352,0.043,5e-04,0.024
"7106",7,"2017-06-28 00:11:00","TOOK",0.094,0.072,0.2001,0.2629,0.043,0.0092,0.0196
"7107",8,"2017-07-04 19:48:00","TOOK",0.125,0.079,0.2429,0.2673,0.045,6e-04,0.002
"7108",9,"2017-07-05 01:22:00","TOOK",0.016,0.085,0.1565,NA,0.044,5e-04,0.0056
"7109",10,"2017-07-05 02:04:00","TOOK",0.032,0.083,0.2097,0.2522,0.044,0.0077,0.011
"7110",11,"2017-07-05 05:33:00","TOOK",NA,0.072,0.1719,0.2055,0.042,0.0092,0.012
"7111",12,"2017-08-01 17:44:00","TOOK",0.0535,0.0908,0.179,0.2037,0.035,0.0158,0.018
"7112",13,"2017-08-01 18:46:00","TOOK",0.0475,0.0259,0.1608,0.2048,0.036,0.0124,0.014
"7113",14,"2017-08-01 18:59:00","TOOK",0.0458,0.0906,0.2375,0.2469,0.036,5e-04,0.003
"7114",15,"2017-08-01 21:45:00","TOOK",0.0576,0.0632,0.2491,0.2719,0.035,0.0158,0.018
"7115",16,"2017-09-06","TOOK",0.0213,0.026,0.1185,0.124,0.022,0.0024,0.008
"7116",17,"2017-09-06 00:11:00","TOOK",0.0464,0.0031,0.1008,0.1251,0.024,0.0016,0.004
"7117",18,"2017-09-06 07:45:00","TOOK",0.0387,0.0096,0.1481,0.1284,0.023,0.0032,0.005
"7118",19,"2017-11-07 19:30:00","TOOK",0.6092,0.1213,0.1407,0.1478,0.015,0.004,0.005
"7119",20,"2017-12-05 20:00:00","TOOK",0.0104,0.1229,NA,NA,0.008,0.001,0.01
"7120",21,"2018-01-09 20:01:00","TOOK",0.0394,0.1205,0.2029,NA,0.035,0.009,NA
"7121",22,"2018-02-13 19:20:00","TOOK",0.0297,0.1047,0.1498,0.1317,0.089,0.002,0.003
"7122",23,"2018-03-06 19:30:00","TOOK",0.0370333333333333,NA,0.2209,0.246566666666667,0.00433333333333333,0.00733333333333333,0.00866666666666667
"7123",24,"2018-03-06 19:30:00","TOOK",0.0370333333333333,NA,0.2209,0.246566666666667,0.00433333333333333,0.00733333333333333,0.00866666666666667
"7124",25,"2018-03-06 19:30:00","TOOK",0.0370333333333333,NA,0.2209,0.246566666666667,0.00433333333333333,0.00733333333333333,0.00866666666666667
"7125",26,"2018-04-03 18:12:00","TOOK",0.0776,NA,0.3235,0.3035,0.079,0.004,0.2137
"7126",27,"2018-05-01 22:04:00","TOOK",0.0433,0.0322,0.4381,0.472,0.031,0.1275,0.1313
"7127",28,"2018-06-05 19:20:00","TOOK",0.0059,0.0143,0.0683,0.0706,0.009,5e-04,0.0082
"7128",29,"2018-06-05 22:22:00","TOOK",0.0337,0.033,0.1412,0.1937,0.013,5e-04,0.024
"7129",30,"2018-06-05 22:59:00","TOOK",0.0183,0.0029,0.1496,0.267,0.011,5e-04,0.0663
"7130",31,"2018-07-03 18:06:00","TOOK",0.0046,NA,0.2806,0.5403,0.01,5e-04,0.068
"7131",32,"2018-07-03 18:40:00","TOOK",0.0343,0.0104,0.2809,0.2732,0.01,5e-04,0.089
"7132",33,"2018-07-03 19:22:00","TOOK",0.0054,NA,0.2364,0.2536,0.019,5e-04,0.075
"7133",34,"2018-07-03 19:51:00","TOOK",0.0135,NA,0.2412,0.2553,0.011,5e-04,0.07
"7134",35,"2018-08-07 17:55:00","TOOK",0.0254,0.0294,0.2217,0.2195,0.011,5e-04,0.017
"7135",36,"2018-08-07 18:20:00","TOOK",0.0118,0.0188,0.1513,0.1577,0.011,0.0022,0.005
"7136",37,"2018-08-07 18:34:00","TOOK",0.0113,0.0151,0.1703,0.1844,0.011,0.0051,0.008
"7137",38,"2018-08-07 18:42:00","TOOK",0.0441,0.046,0.1857,0.1926,1.117,0.0044,0.006
"7138",39,"2018-09-04 18:58:00","TOOK",0.0514,0.0144,0.0671,0.0433,0.015,5e-04,0.001
"7139",40,"2018-09-04 19:03:00","TOOK",0.0174,0.0132,0.0914,0.09,0.016,0.0065,0.009
"7140",41,"2018-09-04 19:29:00","TOOK",0.0404,0.0428,0.135,0.1437,0.169,5e-04,0.004
"7141",42,"2018-10-02 17:48:00","TOOK",0.0827,0.0089,0.1363,0.166,0.041,5e-04,0.004
"7142",43,"2018-10-02 18:14:00","TOOK",0.042,0.0201,0.1105,0.1344,0.006,5e-04,0.0783
"7143",44,"2018-10-02 20:23:00","TOOK",0.0485,0.0172,0.1222,0.1353,0.037,5e-04,0.055
"7144",45,"2018-11-06 19:27:00","TOOK",NA,NA,0.2643,0.2756,0.008,5e-04,0.0423
"7145",46,"2018-11-06 20:05:00","TOOK",NA,NA,0.2229,0.249,0.012,5e-04,0.0382
"7146",47,"2018-11-06 21:01:00","TOOK",0.1093,NA,0.3041,0.2843,0.007,4e-04,0.0108
"7147",48,"2018-12-04 19:28:00","TOOK",NA,0.0605333333333333,0.306966666666667,0.279033333333333,0.163666666666667,0.00966666666666667,0.014
"7148",49,"2018-12-04 19:28:00","TOOK",NA,0.0605333333333333,0.306966666666667,0.279033333333333,0.163666666666667,0.00966666666666667,0.014
"7149",50,"2018-12-04 19:28:00","TOOK",NA,0.0605333333333333,0.306966666666667,0.279033333333333,0.163666666666667,0.00966666666666667,0.014
"7150",51,"2019-02-05 20:58:00","TOOK",NA,0.0725,0.2753,0.3122,0.15,0.0198,0.0327
"7151",52,"2019-03-05 19:09:00","TOOK",NA,NA,NA,0.257766666666667,NA,NA,0.175
"7152",53,"2019-03-05 19:09:00","TOOK",NA,NA,NA,0.257766666666667,NA,NA,0.175
"7153",54,"2019-03-05 19:09:00","TOOK",NA,NA,NA,0.257766666666667,NA,NA,0.175
"7154",55,"2019-04-02 19:35:00","TOOK",NA,0.1029,0.470333333333333,0.502433333333333,0.0323333333333333,5e-04,0.124666666666667
"7155",56,"2019-04-02 19:35:00","TOOK",NA,0.1029,0.470333333333333,0.502433333333333,0.0323333333333333,5e-04,0.124666666666667
"7156",57,"2019-04-02 19:35:00","TOOK",NA,0.1029,0.470333333333333,0.502433333333333,0.0323333333333333,5e-04,0.124666666666667
"7157",58,"2019-05-07 19:44:00","TOOK",0.054,0.0262,0.2445,0.2801,0.021,0.0229,0.1615
"7158",59,"2019-05-28 20:10:00","TOOK",0.0648,0.0302,0.2074,0.2398,0.036,0.0065,0.1565
"7159",60,"2019-05-29 07:30:00","TOOK",NA,0.0671,0.1658,0.2085,0.037,0.005,0.1384
"7160",61,"2019-06-04 17:14:00","TOOK",NA,0.083,0.2233,0.2124,0.039,5e-04,0.3049
"7161",62,"2019-06-04 17:55:00","TOOK",NA,0.0713,0.2379,0.2219,0.032,5e-04,0.1168
"7162",63,"2019-06-04 19:00:00","TOOK",NA,0.0567,0.2172,0.2434,0.034,5e-04,0.1858
"7163",64,"2019-06-11 18:10:00","TOOK",NA,0.0465,0.1929,0.2349,0.039,0.0061,0.2055
"7164",65,"2019-06-11 18:45:00","TOOK",0.0121,0.0552,0.175,0.2269,0.035,0.0061,0.1732
"7165",66,"2019-06-11 19:35:00","TOOK",NA,0.0501,0.1944,0.2122,0.038,0.0076,0.0662
"7166",67,"2019-07-09 19:09:00","TOOK",0.00485,0.02445,0.198,0.213,NA,0.00575,0.0923
"7167",68,"2019-07-09 19:09:00","TOOK",0.00485,0.02445,0.198,0.213,NA,0.00575,0.0923
"7168",69,"2019-07-09 19:22:00","TOOK",0.0254,0.03115,0.2144,0.2006,NA,0.01165,0.1444
"7169",70,"2019-07-09 19:22:00","TOOK",0.0254,0.03115,0.2144,0.2006,NA,0.01165,0.1444
"7170",71,"2019-07-09 19:45:00","TOOK",0.00535,0.01935,0.1586,0.2373,NA,0.015,0.10525
"7171",72,"2019-07-09 19:45:00","TOOK",0.00535,0.01935,0.1586,0.2373,NA,0.015,0.10525
"7172",73,"2019-07-09 20:27:00","TOOK",0.0395,0.027,0.2116,0.2435,0.017,0.00535,0.11945
"7173",74,"2019-07-09 20:27:00","TOOK",0.0395,0.027,0.2116,0.2435,0.017,0.00535,0.11945
"7174",75,"2019-08-06 18:20:00","TOOK",0.0369,0.0462,0.2159,0.2048,NA,0.0096,0.1326
"7175",76,"2019-08-06 18:20:00","TOOK",0.0369,0.0462,0.2159,0.2048,NA,0.0096,0.1326
"7176",77,"2019-08-06 19:09:00","TOOK",0.005,0.0488,0.2012,0.1823,NA,0.0072,0.03575
"7177",78,"2019-08-06 19:09:00","TOOK",0.005,0.0488,0.2012,0.1823,NA,0.0072,0.03575
"7178",79,"2019-08-06 19:50:00","TOOK",0.02105,0.0484,0.2206,0.2234,NA,0.00745,0.04245
"7179",80,"2019-08-06 19:50:00","TOOK",0.02105,0.0484,0.2206,0.2234,NA,0.00745,0.04245
"7180",81,"2019-08-07 06:45:00","TOOK",0.00585,NA,0.16,0.174,NA,0.0126,0.1923
"7181",82,"2019-08-07 06:45:00","TOOK",0.00585,NA,0.16,0.174,NA,0.0126,0.1923
"7182",83,"2019-09-03 21:40:00","TOOK",0.0156,0.0011,NA,NA,NA,0.0043,0.09105
"7183",84,"2019-09-03 22:08:00","TOOK",0.0191,0.0032,NA,NA,NA,0.0062,0.11225
"7184",85,"2019-09-03 22:51:00","TOOK",0.0356,0.0015,NA,NA,NA,0.0052,0.14795
"7185",86,"2019-10-01 17:29:00","TOOK",0.10135,0.0261,0.2294,0.242,NA,0.0165,0.0329
"7186",87,"2019-10-01 17:29:00","TOOK",0.10135,0.0261,0.2294,0.242,NA,0.0165,0.0329
"7187",88,"2019-10-01 17:56:00","TOOK",0.0201,0.0127,0.1693,NA,NA,0.006,0.0066
"7188",89,"2019-10-01 17:56:00","TOOK",0.0201,0.0127,0.1693,NA,NA,0.006,0.0066
"7189",90,"2019-10-01 19:28:00","TOOK",0.01775,0.01295,0.3671,0.2168,NA,0.04665,0.0383
"7190",91,"2019-10-01 19:28:00","TOOK",0.01775,0.01295,0.3671,0.2168,NA,0.04665,0.0383
"7191",92,"2019-11-05 19:42:00","TOOK",0.019425,0.175775,0.144666666666667,0.150866666666667,NA,0.0024,0.22145
"7192",93,"2019-11-05 19:42:00","TOOK",0.019425,0.175775,0.144666666666667,0.150866666666667,NA,0.0024,0.22145
"7193",94,"2019-11-05 19:42:00","TOOK",0.019425,0.175775,0.144666666666667,0.150866666666667,NA,0.0024,0.22145
"7194",95,"2019-11-05 19:42:00","TOOK",0.019425,0.175775,0.144666666666667,0.150866666666667,NA,0.0024,0.22145
"7195",96,"2019-12-03 19:27:00","TOOK",0.0078,0.0275,0.1814,0.1762,0.0086,5e-04,0.009
"7196",97,"2020-02-04 19:23:00","TOOK",0.0380666666666667,0.0829333333333333,0.304966666666667,0.360333333333333,0.0169,0.008,0.017
"7197",98,"2020-02-04 19:23:00","TOOK",0.0380666666666667,0.0829333333333333,0.304966666666667,0.360333333333333,0.0169,0.008,0.017
"7198",99,"2020-02-04 19:23:00","TOOK",0.0380666666666667,0.0829333333333333,0.304966666666667,0.360333333333333,0.0169,0.008,0.017
"7199",100,"2020-03-03 20:12:00","TOOK",0.0567,0.0333,0.3312,0.3872,0.0318,0.006,0.021
"7200",101,"2020-06-18 17:45:00","TOOK",0.0729,0.0032,0.264,0.2362,NA,0.005,0.0053
"7201",102,"2020-06-18 22:21:00","TOOK",0.0202,0.0016,0.2018,0.2441,NA,0.0075,0.009
"7202",103,"2020-06-25 18:48:00","TOOK",0.0554,0.0016,0.2188,0.224,NA,0.0045,0.0065
"7203",104,"2020-06-25 19:05:00","TOOK",0.0034,4e-04,0.1962,0.216,NA,0.005,0.0112
"7204",105,"2020-06-25 22:15:00","TOOK",0.0035,5e-04,0.1944,0.2254,0,0.0055,0.0091
"7205",106,"2020-06-26 00:45:00","TOOK",0.0399,0.0017,0.2317,0.2666,NA,0.0067,0.0077
"7206",107,"2020-07-07 19:30:00","TOOK",0.01695,0.00175,0.1862,0.24,NA,0.0069,0.0074
"7207",108,"2020-07-07 19:30:00","TOOK",0.01695,0.00175,0.1862,0.24,NA,0.0069,0.0074
"7208",109,"2020-07-07 20:50:00","TOOK",0.0446,0.0014,0.2194,0.2287,NA,0.0051,0.0062
"7209",110,"2020-07-07 23:40:00","TOOK",7e-04,3e-04,0.1514,0.1821,NA,0.0064,0.0079
"7210",111,"2020-08-10 17:45:00","TOOK",0.0379,0.0131,0.241833333333333,0.256433333333333,NA,0.006,0.0094
"7211",112,"2020-08-10 18:30:00","TOOK",NA,1e-04,0.207833333333333,0.247833333333333,0,0.0145,0.0103
"7212",113,"2020-08-10 19:00:00","TOOK",NA,0.0013,0.1997,0.22,NA,0.0059,0.0091
"7213",114,"2020-08-10 19:20:00","TOOK",0.0029,7e-04,0.2052,0.2838,9e-04,0.0078,0.0075
"7214",115,"2020-09-07 17:12:00","TOOK",0.009,6e-04,0.1997,0.2251,NA,0.0065,0.0088
"7215",116,"2020-09-07 17:44:00","TOOK",5e-04,NA,0.189766666666667,0.186766666666667,NA,0.0053,0.0071
"7216",117,"2020-09-07 19:26:00","TOOK",0.0012,0.0012,0.229966666666667,0.2597,NA,0.0082,0.0099
"7217",118,"2020-09-07 19:39:00","TOOK",0.0013,0.0012,0.1967,0.2018,NA,0.0057,0.0055
"7218",119,"2020-09-21 17:28:00","TOOK",0.0063,0.0016,0.2181,0.2121,NA,0.0071,0.0083
"7219",120,"2020-09-21 17:58:00","TOOK",0.0064,NA,0.1992,0.2865,NA,0.0059,0.0085
"7220",121,"2020-09-21 18:11:00","TOOK",0.0271,0.0011,0.2224,0.243,NA,0.0082,0.0065
"7221",122,"2020-11-08 21:00:00","TOOK",0.016,0.0093,0.183,0.2375,2e-04,0.0092,0.0056
"7222",123,"2020-12-15","TOOK",0.0188,0.0169,0.2484,0.411,1e-04,0.0063,0.0082
"7223",124,"2021-02-01 20:20:00","TOOK",0.0393,0.0073,0.2279,0.3531,0,0.0061,0.0102
"7224",125,"2021-03-08 18:50:00","TOOK",0.0550333333333333,0.000966666666666667,0.1624,0.260333333333333,NA,0.0100333333333333,0.0086
"7225",126,"2021-03-08 18:50:00","TOOK",0.0550333333333333,0.000966666666666667,0.1624,0.260333333333333,NA,0.0100333333333333,0.0086
"7226",127,"2021-03-08 18:50:00","TOOK",0.0550333333333333,0.000966666666666667,0.1624,0.260333333333333,NA,0.0100333333333333,0.0086
"7227",128,"2021-04-19 21:22:00","TOOK",0.0617,0.0016,0.327,0.2871,NA,0.0066,0.0064
"7228",129,"2021-05-04 18:55:00","TOOK",0.0552,0.0012,0.2447,0.2691,NA,0.0069,0.0096
"7229",130,"2021-05-24 21:50:00","TOOK",0.0355,0.0206,0.2923,0.301,2e-04,0.0121,0.021
"7230",131,"2021-05-25 00:30:00","TOOK",0.0394,0.0034,0.2564,0.2694,NA,0.0069,0.0112
"7231",132,"2021-06-01 21:15:00","TOOK",0.031,0.0115,0.254,0.2762,1e-04,0.0103,0.0145
"7232",133,"2021-06-01 21:58:00","TOOK",0.0312,0.0062,0.2463,0.2818,2e-04,0.0112,0.0172
"7233",134,"2021-06-01 22:48:00","TOOK",0.0252,0.0065,NA,0.3252,5e-04,0.0132,0.0175
"7234",135,"2021-06-08 21:50:00","TOOK",0.0184,0.0048,0.2256,0.2602,2e-04,0.011,0.0129
"7235",136,"2021-06-08 22:40:00","TOOK",0.022,0.0064,0.2015,0.2426,2e-04,0.0121,0.0135
"7236",137,"2021-06-29 17:38:00","TOOK",NA,0.0015,0.1032,0.134,1e-04,0.0068,0.009
"7237",138,"2021-06-29 18:29:00","TOOK",0.0078,0.0023,0.1082,0.1391,NA,0.0072,0.009
"7238",139,"2021-06-30 01:03:00","TOOK",8e-04,7e-04,0.1049,0.1192,NA,0.007,0.0101
"7239",140,"2021-06-30 01:04:00","TOOK",0.028,0.0028,0.1271,0.1555,NA,0.0087,0.0084
"7240",141,"2021-07-06 17:39:00","TOOK",0.0015,3e-04,0.0934,0.1484,NA,0.0108,0.0071
"7241",142,"2021-07-06 18:00:00","TOOK",0.0312,0.0062,0.1169,0.1491,1e-04,0.0084,0.0099
"7242",143,"2021-07-06 19:20:00","TOOK",0.002,0.0052,0.1043,0.1397,3e-04,0.009,0.0094
"7243",144,"2021-07-06 19:35:00","TOOK",0.0079,7e-04,0.1121,0.1354,NA,0.0055,0.0063
"7244",145,"2021-08-10 18:05:00","TOOK",1e-04,4e-04,0.1278,0.1403,NA,0.0065,0.0105
"7245",146,"2021-08-10 18:40:00","TOOK",0.0023,0.0018,0.1199,0.1237,3e-04,0.0062,0.0086
"7246",147,"2021-08-10 18:54:00","TOOK",0.0286,0.0152,0.1539,0.157,NA,0.0075,0.0108
"7247",148,"2021-08-10 19:30:00","TOOK",NA,4e-04,0.1189,0.1212,NA,0.0064,0.0092
"7248",149,"2021-09-06 18:33:00","TOOK",0.0032,9e-04,0.104,0.1631,NA,0.0055,0.0094
"7249",150,"2021-09-06 18:53:00","TOOK",9e-04,1e-04,0.1185,0.1613,NA,0.0059,0.0096
"7250",151,"2021-09-06 19:28:00","TOOK",0.024,8e-04,0.1513,0.1988,NA,0.0077,0.0101
"7251",152,"2021-10-03 18:42:00","TOOK",0.1186,0.0017,0.2296,0.2503,NA,0.0052,0.0069
"7252",153,"2021-10-03 20:42:00","TOOK",0.0016,8e-04,0.1351,0.1771,NA,0.0053,0.0098
"7253",154,"2021-11-08 21:00:00","TOOK",0.0051,0.0114,0.2567,0.2538,NA,0.0059,0.0337
"7254",155,"2021-12-06 21:10:00","TOOK",0.0035,0.0175,0.191,0.2168,NA,0.0078,0.0074
"7255",156,"2022-01-31 22:15:00","TOOK",0.0177,0.0172,NA,NA,NA,0.0098,0.0072
"7256",157,"2022-03-15 18:14:00","TOOK",0.0407,0.0023,0.128233333333333,0.1868,NA,0.0100333333333333,0.0081
"7257",158,"2022-03-15 18:14:00","TOOK",0.0407,0.0023,0.128233333333333,0.1868,NA,0.0100333333333333,0.0081
"7258",159,"2022-03-15 18:14:00","TOOK",0.0407,0.0023,0.128233333333333,0.1868,NA,0.0100333333333333,0.0081
"7259",160,"2022-04-04 23:35:00",NA,NA,0.0029,0.24,0.3283,0,0.0047,0.0078
"7260",161,"2022-05-02 22:10:00",NA,NA,0.0011,0.2326,0.3318,NA,0.004,0.0058
"7261",162,"2022-05-16 20:00:00","TOOK",0.0282,0.0028,0.2376,0.4071,NA,0.0048,0.0044
"7262",163,"2022-05-16 23:30:00","TOOK",0.0198,0.0141,0.3595,0.5194,5e-04,0.0126,0.0187
"7263",164,"2022-05-30 21:14:00","TOOK",0.0239,0.0127,0.2709,0.3054,9e-04,0.0118,0.0247
"7264",165,"2022-05-30 21:46:00","TOOK",0.0201,0.0068,0.1557,0.3224,7e-04,0.0105,0.0151
"7265",166,"2022-05-30 23:47:00","TOOK",0.017,0.0107,0.1656,0.4266,0.001,0.0093,0.0151
"7266",167,"2022-06-06 21:00:00","TOOK",0.0284,0.0028,0.2214,0.2282,NA,0.0075,0.0149
"7267",168,"2022-06-06 21:47:00","TOOK",0.0142,0.0036,0.1702,0.254,NA,0.0072,0.0119
"7268",169,"2022-06-11 18:56:00","TOOK",0.0023,0.0027,0.124,0.1343,3e-04,0.0046,0.0099
"7269",170,"2022-06-11 19:57:00","TOOK",0.0078,0.0021,0.1643,0.2514,1e-04,0.008,0.0085
"7270",171,"2022-06-11 20:25:00","TOOK",0.0349,0.0037,0.2138,0.2606,NA,0.0068,0.0102
"7271",172,"2022-06-18 17:42:00","TOOK",0.0294,0.0021,0.2053,0.2342,NA,0.0052,0.0068
"7272",173,"2022-06-18 18:18:00","TOOK",0.0013,0.0022,0.1771,0.2036,0,0.0047,0.0043
"7273",174,"2022-06-26 17:12:00","TOOK",0.0137,0.002,0.1692,0.2029,NA,0.0051,0.006
"7274",175,"2022-06-26 17:48:00","TOOK",7e-04,6e-04,0.1749,0.1834,NA,0.0043,0.0063
"7275",176,"2022-06-26 19:55:00","TOOK",0.00335,0.0016,0.1427,0.1792,NA,0.0038,0.0068
"7276",177,"2022-06-26 19:55:00","TOOK",0.00335,0.0016,0.1427,0.1792,NA,0.0038,0.0068
"7277",178,"2022-07-02 16:44:00","TOOK",0.0453,0.0015,0.1952,0.2209,2e-04,0.0052,0.0047
"7278",179,"2022-07-02 18:30:00","TOOK",0.00203333333333333,0.000466666666666667,0.161533333333333,0.191166666666667,NA,0.0032,0.00536666666666667
"7279",180,"2022-07-02 18:30:00","TOOK",0.00203333333333333,0.000466666666666667,0.161533333333333,0.191166666666667,NA,0.0032,0.00536666666666667
"7280",181,"2022-07-02 18:30:00","TOOK",0.00203333333333333,0.000466666666666667,0.161533333333333,0.191166666666667,NA,0.0032,0.00536666666666667
"7281",182,"2022-07-02 19:01:00","TOOK",0.00306666666666667,0.0026,0.1358,0.1824,NA,0.0042,0.00663333333333333
"7282",183,"2022-07-02 19:01:00","TOOK",0.00306666666666667,0.0026,0.1358,0.1824,NA,0.0042,0.00663333333333333
"7283",184,"2022-07-02 19:01:00","TOOK",0.00306666666666667,0.0026,0.1358,0.1824,NA,0.0042,0.00663333333333333
"7284",185,"2022-07-02 20:32:00","TOOK",0.002,0.0019,0.1277,0.1844,NA,0.0043,0.0066
"7285",186,"2022-08-06 16:47:00","TOOK",0.0279,1e-04,0.1762,0.2171,NA,0.0068,0.0082
"7286",187,"2022-08-06 17:45:00",NA,NA,NA,0.1393,0.1796,NA,0.0051,0.0163
"7287",188,"2022-08-06 18:06:00","TOOK",9e-04,NA,0.1215,0.15,2e-04,0.0101,0.0097
"7288",189,"2022-09-03 18:00:00","TOOK",NA,7e-04,0.0597,0.1752,NA,0.0061,0.0085
"7289",190,"2022-09-03 18:29:00","TOOK",0.0016,0.0025,0.0878,0.2398,NA,0.0058,0.0086
"7290",191,"2022-09-03 19:12:00","TOOK",0.029,NA,0.1047,0.1947,NA,0.0062,0.0065
"7291",192,"2022-10-11 16:58:00","TOOK",0.0831,8e-04,0.1665,0.2165,NA,0.005,0.0074
"7292",193,"2022-10-11 18:05:00","TOOK",0.0032,0.0014,0.0996,0.2062,NA,0.0051,0.0153
"7293",194,"2022-11-08 19:49:00","TOOK",0.0018,0.0055,0.0912,0.1056,NA,0.0047,0.0114
"7294",195,"2022-12-05 22:30:00","TOOK",0.0109,0.0463,0.1265,0.2634,0.0029,0.0094,0.0048
"7295",196,"2023-02-07 20:29:00","TOOK",0.0222,0.0154,0.2585,0.2211,6e-04,0.0068,0.0087
"7296",197,"2023-03-07 19:30:00","TOOK",0.0329666666666667,0.00696666666666667,0.2791,0.337933333333333,0.00133333333333333,0.00783333333333333,0.00776666666666667
"7297",198,"2023-03-07 19:30:00","TOOK",0.0329666666666667,0.00696666666666667,0.2791,0.337933333333333,0.00133333333333333,0.00783333333333333,0.00776666666666667
"7298",199,"2023-03-07 19:30:00","TOOK",0.0329666666666667,0.00696666666666667,0.2791,0.337933333333333,0.00133333333333333,0.00783333333333333,0.00776666666666667
"7299",200,"2023-04-03 21:40:00","TOOK",0.0401,0.0394,0.2235,0.2311,4e-04,0.0058,0.0055
"7300",201,"2023-05-02 21:45:00","TOOK",0.0337,0.0027,0.2546,0.2448,0,0.005,0.0062
"7301",202,"2023-05-22 19:36:00","TOOK",0.0244,0.0104,0.2225,0.2611,5e-04,0.0082,0.0143
"7302",203,"2023-05-23 04:37:00","TOOK",0.0176,0.023,0.2736,0.3673,9e-04,0.013,0.0231
"7303",204,"2023-05-29 22:49:00","TOOK",0.0223,0.0076,0.2282,0.2494,3e-04,0.0094,0.0159
"7304",205,"2023-05-29 23:18:00","TOOK",0.0275,0.0175,0.2121,0.2937,5e-04,0.0103,0.0147
"7305",206,"2023-06-05 17:32:00","TOOK",0.0189,0.0048,0.1777,0.2119,0.0166,0.0255,0.013
"7306",207,"2023-06-05 19:27:00","TOOK",0.0293,0.0093,0.268,0.3106,0.0021,0.01,0.0124
"7307",208,"2023-06-26 17:32:00","TOOK",9e-04,0.0029,0.1958,0.2328,0.0012,0.0092,0.0066
"7308",209,"2023-06-26 18:30:00","TOOK",0.0224,0.0352,0.208,0.2596,2e-04,0.0076,0.0052
"7309",210,"2023-06-27 00:14:00","TOOK",0.0011,0.004,0.1985,0.2258,NA,0.0091,0.0067
"7310",211,"2023-07-03 18:22:00","TOOK",0.0013,0.0104,0.221,0.2267,NA,0.0084,0.0078
"7311",212,"2023-07-03 18:57:00","TOOK",0.0094,0.0221,0.2096,0.3047,NA,0.0054,0.0085
"7312",213,"2023-07-03 19:10:00","TOOK",5e-04,0.0017,0.1956,0.2254,NA,0.0074,0.0065
"7313",214,"2023-07-03 19:28:00","TOOK",0.0138,0.0099,0.2677,0.2503,NA,0.0078,0.0052
"7314",215,"2023-08-07 18:01:00","TOOK",2e-04,0.0024,0.1997,0.2495,NA,0.0082,0.0078
"7315",216,"2023-08-07 18:21:00","TOOK",0.0155,0.0205,0.1851,0.2401,2e-04,0.0071,0.01
"7316",217,"2023-08-07 18:43:00","TOOK",9e-04,0.0032,0.1856,0.231,NA,0.0068,0.0079
"7317",218,"2023-08-07 19:44:00","TOOK",0.0395,0.0026,0.1968,0.2581,NA,0.0061,0.0067
"7318",219,"2023-09-11 17:44:00","TOOK",0.0121,0.0033,0.1725,0.1982,3e-04,0.0042,0.0073
"7319",220,"2023-09-11 18:38:00","TOOK",0.0115,0.0039,0.147,0.2084,NA,0.0043,0.0072
"7320",221,"2023-09-11 19:45:00","TOOK",0.0754,0.0077,0.2019,0.2794,1e-04,0.0044,0.0064
"7321",222,"2023-10-02 18:26:00","TOOK",0.0139,0.0038,0.2267,0.2762,NA,0.0037,0.0074
"7322",223,"2023-10-02 19:03:00","TOOK",0.115,0.007,0.2709,0.4059,0.0013,0.0049,0.0048
"7323",224,"2023-10-31 22:15:00","TOOK",0.0175,0.0157,0.1154,0.1984,3e-04,0.0065,0.0076
"7324",225,"2024-01-09 20:29:00","TOOK",0.0273,0.0157,0.15,0.25,3e-04,0.008,0.0094
"7325",226,"2024-02-06 20:30:00","TOOK",0.0529,0.075,0.31,0.25,4e-04,0.0118,0.014
"7326",227,"2024-03-18 19:30:00","TOOK",0.0602,0.0158,0.28,0.24,7e-04,0.0143,0.0139
"7327",228,"2024-04-02 19:30:00","TOOK",0.0622666666666667,0.0305333333333333,0.29,0.256666666666667,0.000633333333333333,0.0133333333333333,0.0144333333333333
"7328",229,"2024-04-02 19:30:00","TOOK",0.0622666666666667,0.0305333333333333,0.29,0.256666666666667,0.000633333333333333,0.0133333333333333,0.0144333333333333
"7329",230,"2024-04-02 19:30:00","TOOK",0.0622666666666667,0.0305333333333333,0.29,0.256666666666667,0.000633333333333333,0.0133333333333333,0.0144333333333333
"7330",231,"2024-05-06 18:20:00","TOOK",0.06,0.0348,0.3,0.25,0.001,0.0045,0.0092
"7331",232,"2024-05-18 17:36:00","TOOK",0.0043,0.0085,0.21,0.33,9e-04,0.0135,0.0308
"7332",233,"2024-05-18 19:04:00","TOOK",0.0542,0.0096,0.19,0.3,2e-04,0.0071,0.0137
"7333",234,"2024-05-27 21:20:00","TOOK",0.0506,0.0132,0.18,0.31,6e-04,0.0118,0.0157
"7334",235,"2024-05-27 22:31:00","TOOK",0.0407,0.0142,0.25,0.29,0,0.0099,0.0185
"7335",236,"2024-06-03 16:55:00","TOOK",0.0459,0.0066,0.29,0.24,NA,0.0062,0.0076
"7336",237,"2024-06-03 18:05:00","TOOK",0.0418,0.0043,0.16,0.27,NA,0.0075,0.0119
"7337",238,"2024-06-10 21:10:00","TOOK",0.021,0.0038,0.13,0.23,NA,0.0063,0.0094
"7338",239,"2024-06-10 21:37:00","TOOK",0.0316,0.0064,0.13,0.24,7e-04,0.0082,0.0102
"7339",240,"2024-06-24 19:38:00","TOOK",0.0252,0.0051,0.14,0.23,2e-04,0.0038,0.0063
"7340",241,"2024-06-24 21:21:00","TOOK",0.037,0.0116,0.11,0.2,3e-04,0.0035,0.0036
"7341",242,"2024-06-24 22:06:00","TOOK",0.0237,0.0023,0.09,0.23,NA,0.0047,0.0041
"7342",243,"2024-07-02 16:53:00","TOOK",0.0348,0.0018,0.08,0.2,NA,0.0032,0.0035
"7343",244,"2024-07-02 17:29:00","TOOK",8e-04,0.0014,0.07,0.17,NA,0.0048,0.005
"7344",245,"2024-07-02 22:04:00","TOOK",0.0011,0.0028,0.07,0.19,NA,0.0036,0.0054
"7345",246,"2024-07-02 22:06:00","TOOK",0.0292,0.0038,0.11,0.22,NA,0.0042,0.0055
"7346",247,"2024-07-08 19:03:00","TOOK",0.004,0.0027,0.25,0.18,NA,0.0034,0.0072
"7347",248,"2024-07-08 19:56:00","TOOK",0.0113,0.003,0.26,0.25,1e-04,0.0055,0.0074
"7348",249,"2024-07-08 21:27:00","TOOK",0.0021,0.0053,0.09,0.22,4e-04,0.0048,0.0058
"7349",250,"2024-08-12 18:20:00","TOOK",0.0029,0.0029,0.17,0.16,NA,0.0047,0.0071
"7350",251,"2024-08-12 19:15:00","TOOK",8e-04,0.002,0.15,0.16,3e-04,0.0054,0.0088
"7351",252,"2024-08-12 19:55:00","TOOK",0.0346,0.0193,0.2,0.21,NA,0.0052,0.009
"7352",253,"2024-08-12 20:53:00","TOOK",0.0253,0.0014,0.18,0.19,NA,0.0072,0.0067
"7353",254,"2024-09-02 18:39:00","TOOK",0.0029,0.0013,0.16,0.19,2e-04,0.0051,0.0058
"7354",255,"2024-09-02 19:28:00","TOOK",0.0265,0.0012,0.2,0.22,3e-04,0.006,0.007
"7355",256,"2024-09-02 19:32:00","TOOK",0.0038,0.0014,0.16,0.17,5e-04,0.0043,0.0066
"7356",257,"2024-10-08 17:30:00","TOOK",0.096,0.0025,0.25,0.26,7e-04,0.0029,0.0058
"7357",258,"2024-10-08 18:23:00","TOOK",0.0127,0.0044,0.18,0.3,NA,0.003,0.0061
"7358",259,"2024-11-05 21:22:00","TOOK",0.011,0.0106,0.21,0.21,5e-04,0.0034,0.0076
"7359",260,"2024-12-09 20:24:00","TOOK",0.0104,0.0202,0.18,0.22,NA,0.006,0.0059
"7360",261,"2025-02-10 19:58:00","TOOK",0.02,0.0138,0.22,0.25,NA,0.0043,0.0064
"7361",262,"2025-03-10 18:59:00","TOOK",0.0539666666666667,0.0133,0.256666666666667,0.31,0.000433333333333333,0.0054,0.00613333333333333
"7362",263,"2025-03-10 18:59:00","TOOK",0.0539666666666667,0.0133,0.256666666666667,0.31,0.000433333333333333,0.0054,0.00613333333333333
"7363",264,"2025-03-10 18:59:00","TOOK",0.0539666666666667,0.0133,0.256666666666667,0.31,0.000433333333333333,0.0054,0.00613333333333333
"7364",265,"2025-03-31 19:50:00","TOOK",0.058,0.0025,0.25,0.25,0.0014,0.0059,0.0057
"7365",266,"2025-05-05 22:42:00","TOOK",0.0622,0.0028,0.3,0.25,0.0021,0.004,0.0073
"7366",267,"2025-05-24 17:25:00","TOOK",0.0605,0.0083,0.41,0.32,0.0033,0.0171,0.013
"7367",268,"2025-05-24 18:33:00","TOOK",0.0592,0.0038,0.25,0.27,0.0019,0.0038,0.0062
"7368",269,"2025-06-02 21:59:00","TOOK",0.057,0.0119,0.28,0.33,0.0019,0.0066,0.0109
"7369",270,"2025-06-02 22:41:00","TOOK",0.0355,0.0088,0.33,0.29,0.0029,0.0109,0.0159
"7370",271,"2025-06-09 21:00:00","TOOK",0.0838,0.0075,0.34,0.32,0.0028,0.0094,0.0115
"7371",272,"2025-06-09 21:24:00","TOOK",0.1114,0.0118,0.36,0.29,0.0024,0.008,0.0096
"7372",273,"2025-07-07 20:00:00","TOOK",0.015,0.0168,0.18,0.18,6e-04,0.0044,0.0075
"7373",274,"2025-07-07 20:15:00","TOOK",0.089,0.034,0.24,0.22,6e-04,0.0048,0.0052
"7374",275,"2025-07-07 21:27:00","TOOK",0.0554,0.0053,0.22,0.24,3e-04,0.005,0.004
"7375",276,"2025-07-07 22:00:00","TOOK",0.0241,0.0238,0.2,0.21,5e-04,0.0301,0.0051
"7376",277,"2025-07-14 19:06:00","TOOK",0.0059,0.0107,0.17,0.18,4e-04,0.0043,0.0066
"7377",278,"2025-07-14 19:45:00","TOOK",0.0511,0.0048,0.22,0.23,5e-04,0.0051,0.0052
"7378",279,"2025-07-14 20:21:00","TOOK",0.0422,0.0458,0.18,0.19,3e-04,0.0048,0.0057
"7379",280,"2025-07-14 20:46:00","TOOK",0.0574,0.0063,0.2,0.18,3e-04,0.0051,0.0042
"7380",281,"2025-08-04 19:13:00","TOOK",0.0012,0.0061,0.17,0.18,5e-04,0.0036,0.0049
"7381",282,"2025-08-04 19:31:00","TOOK",0.0448,0.0098,0.22,0.2,5e-04,0.0048,0.0058
"7382",283,"2025-08-04 21:38:00","TOOK",0.0017,0.0045,0.18,0.15,6e-04,0.0043,0.005
"7383",284,"2025-08-04 22:17:00","TOOK",0.0255,0.0042,0.21,0.23,7e-04,0.0055,0.0049
"7384",285,"2025-09-01 21:30:00","TOOK",0.0102,0.0017,0.1967,0.2,0.0011,0.0037,0.0065
"7385",286,"2025-09-01 22:21:00","TOOK",0.032,0.0332,0.24,0.1933,9e-04,0.0047,0.0049
"7386",287,"2025-09-01 22:59:00","TOOK",0.0305,0.0041,0.2433,0.2167,0.0011,0.004,0.0047
"7387",288,"2025-10-07 19:05:00","TOOK",0.0147,0.004,0.22,0.21,3e-04,0.0023,0.0176
"7388",289,"2025-10-07 20:22:00","TOOK",0.0128,0.0029,0.23,0.27,7e-04,0.0025,0.0076
"7389",290,"2025-10-07 21:03:00","TOOK",0.1011,0.0051,0.32,0.26,5e-04,0.0026,0.0052
"7390",291,"2025-11-03 20:24:00","TOOK",0.0184,0.007,0.22,0.22,3e-04,0.0031,0.0067
"7391",292,"2025-12-03 00:29:00","TOOK",0.0227,0.0123,0.27,0.24,0.0014,0.0044,0.0099
"7392",1,"2017-05-08 11:53:00","CARI",0.098,0.035,0.4496,0.4337,0.017,0.0025,0.004
"7393",2,"2017-05-16 12:48:00","CARI",0.26,0.03,0.4112,0.4898,0.015,0.003,0.041
"7394",3,"2017-05-21 21:39:00","CARI",0.303,0.043,0.414,0.3846,0.011,0.003,0.011
"7395",4,"2017-05-31 12:31:00","CARI",0.336,0.08,0.4103,0.4382,0.001,0.005,0.017
"7396",5,"2017-06-06 18:59:00","CARI",0.333,0.101,0.3808,0.3853,0.002,0.03,0.033
"7397",6,"2017-06-13 19:07:00","CARI",0.334,NA,0.5046,0.49,0.002,0.0012,0.003
"7398",7,"2017-06-20 19:55:00","CARI",0.296,0.113,0.4271,0.4352,0.025,0.0089,0.011
"7399",8,"2017-07-04 22:44:00","CARI",0.266,0.067,0.4455,0.4975,0.024,0.0069,0.009
"7400",9,"2017-07-19 23:59:00","CARI",0.33,0.0209,0.3736,0.3725,0.038,0.0273,0.028
"7401",10,"2017-07-24 21:10:00","CARI",0.324,0.0251,0.3755,0.3448,0.035,0.001,0.0115
"7402",11,"2017-08-07 20:02:00","CARI",0.3071,0.0254,0.3868,0.3784,0.028,5e-04,7e-04
"7403",12,"2017-08-15 18:54:00","CARI",0.2994,0.0345,0.3552,0.3433,0.027,0.0043,0.0171
"7404",13,"2017-08-23 18:55:00","CARI",0.3418,0.0389,0.4513,0.4184,0.027,8e-04,0.004
"7405",14,"2017-09-06 19:05:00","CARI",0.3129,0.0383,0.2975,0.2946,0.023,0.0024,0.006
"7406",15,"2017-09-19 19:15:00","CARI",0.3217,0.1116,0.2055,0.1957,0.006,0.0039,0.006
"7407",16,"2017-09-25 18:38:00","CARI",0.3344,0.098,0.2053,0.2398,0.005,0.0018,0.0229
"7408",17,"2017-10-12 01:00:00","CARI",0.3416,0.1066,0.5476,0.5482,0.006,0.006,0.037
"7409",18,"2017-10-17 19:22:00","CARI",0.4252,0.1309,0.4696,0.4296,0.015,0.006,0.021
"7410",19,"2018-04-24 20:04:00","CARI",0.3554,0.03,0.4215,0.4894,0.062,0.0257,0.028
"7411",20,"2018-05-01 18:37:00","CARI",0.1731,0.0443,0.6585,0.6646,0.024,5e-04,0.0569
"7412",21,"2018-05-08 18:38:00","CARI",0.0933,0.01,0.6406,0.5894,0.022,0.0179,0.021
"7413",22,"2018-05-16 18:28:00","CARI",0.3444,0.0285,0.7335,0.6991,0.02,5e-04,0.0808
"7414",23,"2018-05-21 18:56:00","CARI",0.3127,0.0523,0.6651,0.677,0.021,0.0124,0.0499
"7415",24,"2018-05-29 19:03:00","CARI",0.5299,0.0168,0.8219,0.864,0.035,5e-04,0.0498
"7416",25,"2018-06-13 19:13:00","CARI",0.4097,0.0315,0.5024,0.4883,0.022,0.0162,0.0311
"7417",26,"2018-06-19 19:06:00","CARI",0.0038,0.0076,0.4387,0.4664,0.013,NA,0.0634
"7418",27,"2018-06-26 18:28:00","CARI",NA,NA,NA,NA,NA,NA,0.067
"7419",28,"2018-07-04 19:00:00","CARI",0.3125,NA,0.5039,0.5116,0.011,5e-04,0.064
"7420",29,"2018-07-11 19:15:00","CARI",0.3018,0.0424,0.3326,0.3204,0.02,5e-04,0.06
"7421",30,"2018-07-18 18:35:00","CARI",0.3038,NA,0.3846,0.3725,0.011,0.005,0.008
"7422",31,"2018-07-25 21:03:00","CARI",0.3154,0.0141,0.3749,0.3612,0.019,0.001,0.012
"7423",32,"2018-08-01 18:57:00","CARI",NA,NA,NA,NA,NA,NA,0.0208
"7424",33,"2018-08-01 18:57:00","CARI",NA,NA,NA,NA,NA,NA,0.0208
"7425",34,"2018-08-08 20:09:00","CARI",0.2973,0.0368,0.4362,0.3979,0.012,0.0103,0.012
"7426",35,"2018-08-15 18:50:00","CARI",0.2236,0.0012,0.4549,0.7759,0.015,5e-04,0.0324
"7427",36,"2018-08-22 18:45:00","CARI",0.3031,0.0191,0.4545,0.3972,0.018,0.0065,0.0572
"7428",37,"2018-09-05 19:30:00","CARI",0.3124,0.0161,0.3623,0.3783,0.012,5e-04,0.001
"7429",38,"2018-09-12 19:21:00","CARI",0.3504,0.0193,0.32,0.3498,0.08,0.0153,0.017
"7430",39,"2018-09-19 18:34:00","CARI",0.0645,0.0132,0.4991,0.4414,0.095,0.0067,0.009
"7431",40,"2018-09-26 19:39:00","CARI",0.3361,0.0289,0.6417,0.586,0.084,0.0075,0.0674
"7432",41,"2018-10-03 19:56:00","CARI",0.3976,0.0161,0.4372,0.4636,0.034,5e-04,0.0364
"7433",42,"2018-10-10 20:10:00","CARI",0.403,0.0727,0.457,0.4455,0.043,5e-04,0.1451
"7434",43,"2018-10-17 18:09:00","CARI",0.3749,0.1253,0.3449,0.3674,0.026,0.0177,0.02
"7435",44,"2018-10-23 18:57:00","CARI",NA,NA,NA,0.502733333333333,NA,NA,0.321866666666667
"7436",45,"2018-10-23 18:57:00","CARI",NA,NA,NA,0.502733333333333,NA,NA,0.321866666666667
"7437",46,"2018-10-23 18:57:00","CARI",NA,NA,NA,0.502733333333333,NA,NA,0.321866666666667
"7438",47,"2018-11-07 20:14:00","CARI",0.369133333333333,NA,0.4928,0.485133333333333,0.013,0.00273333333333333,0.055
"7439",48,"2018-11-07 20:14:00","CARI",0.369133333333333,NA,0.4928,0.485133333333333,0.013,0.00273333333333333,0.055
"7440",49,"2018-11-07 20:14:00","CARI",0.369133333333333,NA,0.4928,0.485133333333333,0.013,0.00273333333333333,0.055
"7441",50,"2019-01-22 20:07:00","CARI",0.515,0.0768,0.6507,0.7072,0.109,0.005,0.0371
"7442",51,"2019-03-12 19:08:00","CARI",0.3629,0.0885666666666667,0.444366666666667,0.4454,0.0236666666666667,0.00356666666666667,0.0753333333333333
"7443",52,"2019-03-12 19:08:00","CARI",0.3629,0.0885666666666667,0.444366666666667,0.4454,0.0236666666666667,0.00356666666666667,0.0753333333333333
"7444",53,"2019-03-12 19:08:00","CARI",0.3629,0.0885666666666667,0.444366666666667,0.4454,0.0236666666666667,0.00356666666666667,0.0753333333333333
"7445",54,"2019-03-26 18:08:00","CARI",0.3376,0.0163,0.4355,0.4378,0.035,0.005,0.012
"7446",55,"2019-04-09 19:12:00","CARI",0.3414,0.0611,0.409,0.3827,0.034,5e-04,0.0419
"7447",56,"2019-04-24 18:55:00","CARI",0.2503,0.0484,0.4489,0.4831,0.031,0.0217,0.0334
"7448",57,"2019-05-01 18:45:00","CARI",0.2171,0.0234333333333333,0.426066666666667,0.422233333333333,0.0373333333333333,0.00266666666666667,0.0842333333333333
"7449",58,"2019-05-01 18:45:00","CARI",0.2171,0.0234333333333333,0.426066666666667,0.422233333333333,0.0373333333333333,0.00266666666666667,0.0842333333333333
"7450",59,"2019-05-01 18:45:00","CARI",0.2171,0.0234333333333333,0.426066666666667,0.422233333333333,0.0373333333333333,0.00266666666666667,0.0842333333333333
"7451",60,"2019-05-08 19:50:00","CARI",0.2154,0.0256,0.438033333333333,0.4318,0.023,0.000666666666666667,0.457966666666667
"7452",61,"2019-05-08 19:50:00","CARI",0.2154,0.0256,0.438033333333333,0.4318,0.023,0.000666666666666667,0.457966666666667
"7453",62,"2019-05-08 19:50:00","CARI",0.2154,0.0256,0.438033333333333,0.4318,0.023,0.000666666666666667,0.457966666666667
"7454",63,"2019-05-15 19:44:00","CARI",0.4435,0.0222,0.6308,0.6341,0.04,5e-04,0.0943
"7455",64,"2019-05-21 22:40:00","CARI",0.3873,0.0522,0.5553,0.566,0.041,5e-04,0.0329
"7456",65,"2019-05-29 19:50:00","CARI",0.3214,0.0428,0.4736,0.4717,0.045,0.0065,0.2288
"7457",66,"2019-06-11 17:58:00","CARI",0.3126,0.0704,0.4821,0.3685,0.034,0.0083,0.0178
"7458",67,"2019-06-19 20:02:00","CARI",0.3462,0.0355,0.4026,0.3371,0.034,0.0155,0.018
"7459",68,"2019-07-10 19:49:00","CARI",0.2946,0.02765,0.2729,0.3225,0.01905,0.01,0.012
"7460",69,"2019-07-10 19:49:00","CARI",0.2946,0.02765,0.2729,0.3225,0.01905,0.01,0.012
"7461",70,"2019-07-17 18:33:00","CARI",0.2889,0.03215,0.3651,0.3552,0.0196,0.0057,0.1857
"7462",71,"2019-07-17 18:33:00","CARI",0.2889,0.03215,0.3651,0.3552,0.0196,0.0057,0.1857
"7463",72,"2019-07-24 19:30:00","CARI",0.28095,0.0302,0.3462,0.3579,0.0186,0.00705,0.11425
"7464",73,"2019-07-24 19:30:00","CARI",0.28095,0.0302,0.3462,0.3579,0.0186,0.00705,0.11425
"7465",74,"2019-08-07 21:08:00","CARI",0.40695,0.0381,0.5552,0.5113,NA,0.0087,0.0673
"7466",75,"2019-08-07 21:08:00","CARI",0.40695,0.0381,0.5552,0.5113,NA,0.0087,0.0673
"7467",76,"2019-08-14 21:12:00","CARI",0.3274,0.012,0.5313,0.4718,NA,0.00785,0.0337
"7468",77,"2019-08-14 21:12:00","CARI",0.3274,0.012,0.5313,0.4718,NA,0.00785,0.0337
"7469",78,"2019-09-04 23:30:00","CARI",0.3843,NA,NA,NA,NA,0.0062,0.11385
"7470",79,"2019-09-10 18:36:00","CARI",0.38555,0.01435,0.4325,0.4825,0.02255,0.00725,0.12655
"7471",80,"2019-09-10 18:36:00","CARI",0.38555,0.01435,0.4325,0.4825,0.02255,0.00725,0.12655
"7472",81,"2019-09-18 19:32:00","CARI",0.38235,0.0112,0.45,0.468,NA,0.0056,0.12335
"7473",82,"2019-09-18 19:32:00","CARI",0.38235,0.0112,0.45,0.468,NA,0.0056,0.12335
"7474",83,"2019-09-25 21:11:00","CARI",0.38495,NA,0.4582,0.4796,NA,0.0145,0.1529
"7475",84,"2019-09-25 21:11:00","CARI",0.38495,NA,0.4582,0.4796,NA,0.0145,0.1529
"7476",85,"2019-10-09 20:55:00","CARI",0.40565,0.03775,0.471,0.4647,0.02035,0.04815,0.0403
"7477",86,"2019-10-09 20:55:00","CARI",0.40565,0.03775,0.471,0.4647,0.02035,0.04815,0.0403
"7478",87,"2019-10-16 21:11:00","CARI",0.40555,0.01805,0.4893,0.4849,0.02145,0.0122,0.12085
"7479",88,"2019-10-16 21:11:00","CARI",0.40555,0.01805,0.4893,0.4849,0.02145,0.0122,0.12085
"7480",89,"2019-11-12 20:04:00","CARI",0.4127,0.0279,NA,NA,5e-04,0.0068,0.0106
"7481",90,"2019-12-09 20:25:00","CARI",0.4329,0.0341,0.3972,0.3995,0.018,0.019,0.016
"7482",91,"2020-01-07 20:45:00","CARI",0.411233333333333,0.0593,0.423133333333333,0.431,0.0251,5e-04,0.0813333333333333
"7483",92,"2020-01-07 20:45:00","CARI",0.411233333333333,0.0593,0.423133333333333,0.431,0.0251,5e-04,0.0813333333333333
"7484",93,"2020-01-07 20:45:00","CARI",0.411233333333333,0.0593,0.423133333333333,0.431,0.0251,5e-04,0.0813333333333333
"7485",94,"2020-02-05 19:30:00","CARI",0.3746,0.0559,0.461766666666667,0.511266666666667,0.0222333333333333,0.028,0.047
"7486",95,"2020-02-05 19:30:00","CARI",0.3746,0.0559,0.461766666666667,0.511266666666667,0.0222333333333333,0.028,0.047
"7487",96,"2020-02-05 19:30:00","CARI",0.3746,0.0559,0.461766666666667,0.511266666666667,0.0222333333333333,0.028,0.047
"7488",97,"2020-03-04 19:45:00","CARI",0.361633333333333,0.0458666666666667,0.4783,0.5209,0.0319666666666667,5e-04,0.004
"7489",98,"2020-03-04 19:45:00","CARI",0.361633333333333,0.0458666666666667,0.4783,0.5209,0.0319666666666667,5e-04,0.004
"7490",99,"2020-03-04 19:45:00","CARI",0.361633333333333,0.0458666666666667,0.4783,0.5209,0.0319666666666667,5e-04,0.004
"7491",100,"2020-06-03 19:52:00","CARI",0.4272,0.0056,NA,NA,2e-04,0.0107,0.0087
"7492",101,"2020-06-08 18:33:00","CARI",0.402,0,0.5995,0.5216,1e-04,0.0091,0.0082
"7493",102,"2020-06-10 18:45:00","CARI",0.3734,0.0067,0.5852,0.6182,NA,0.007,0.0077
"7494",103,"2020-06-16 19:43:00","CARI",0.2673,0.0072,0.5501,0.5126,7e-04,0.0095,0.0206
"7495",104,"2020-06-24 21:11:00","CARI",0.2472,0.0063,0.6266,0.5182,0.0011,0.0042,0.0234
"7496",105,"2020-06-30 20:26:00","CARI",0.3487,0,0.4268,0.5008,1e-04,0.006,0.0113
"7497",106,"2020-07-08 20:10:00","CARI",0.3449,0.004,0.4065,0.4284,0.002,0.0077,0.0061
"7498",107,"2020-07-15 20:00:00","CARI",0.3237,0.005,0.4161,0.4846,0.0019,0.0066,0.0146
"7499",108,"2020-07-21 20:30:00","CARI",0.2942,0.0048,0.3959,0.437,NA,0.0063,0.0116
"7500",109,"2020-07-28 22:42:00","CARI",0.3091,0.0076,0.4502,0.5138,0.0014,0.0075,0.0091
"7501",110,"2020-08-04 18:02:00","CARI",0.2491,0.006,0.4964,0.6736,9e-04,0.0097,0.0284
"7502",111,"2020-08-11 22:02:00","CARI",0.3333,0.0075,0.4757,0.5046,0.0017,0.0054,0.0227
"7503",112,"2020-08-18 19:03:00","CARI",0.3491,0.0072,0.451,0.6286,3e-04,0.0055,0.0078
"7504",113,"2020-08-25 19:32:00","CARI",0.3135,0.007,0.4065,0.4359,NA,0.006,0.0055
"7505",114,"2020-08-31 19:57:00","CARI",0.3171,0.0076,0.3719,0.479,NA,0.0056,0.0095
"7506",115,"2020-09-15 21:05:00","CARI",0.3506,0.0092,0.4329,0.4502,NA,0.0093,0.0065
"7507",116,"2020-09-22 21:40:00","CARI",0.3561,0.0089,0.4281,0.4964,0.0157,0.0242,0.0243
"7508",117,"2020-09-28 20:06:00","CARI",0.363,0.0116,0.4927,0.5694,2e-04,0.0064,0.0095
"7509",118,"2020-10-07 19:30:00","CARI",0.3712,0.0129,0.5001,0.7788,NA,0.0088,0.0071
"7510",119,"2020-10-14 19:50:00","CARI",0.401,0.0155,0.44,0.4568,NA,0.0068,0.0089
"7511",120,"2020-11-02 21:53:00","CARI",0.3466,0.0189,NA,0.442,4e-04,0.0072,0.0049
"7512",121,"2020-11-17 21:20:00","CARI",0.328,0.0209,0.3888,0.4008,9e-04,0.007,0.0062
"7513",122,"2020-12-01 20:40:00","CARI",0.3876,0.0196,0.4045,NA,NA,0.0064,0.0058
"7514",123,"2021-01-18 19:54:00","CARI",0.3926,0.0214,0.5042,0.3992,0.0014,0.0042,0.0068
"7515",124,"2021-02-08 19:25:00","CARI",0.3811,0.0254,0.5078,0.6934,2e-04,0.0054,0.0133
"7516",125,"2021-03-02 23:38:00","CARI",0.374366666666667,0.0230333333333333,0.4554,0.5029,NA,0.00433333333333333,0.0082
"7517",126,"2021-03-02 23:38:00","CARI",0.374366666666667,0.0230333333333333,0.4554,0.5029,NA,0.00433333333333333,0.0082
"7518",127,"2021-03-02 23:38:00","CARI",0.374366666666667,0.0230333333333333,0.4554,0.5029,NA,0.00433333333333333,0.0082
"7519",128,"2021-03-30 18:18:00","CARI",0.3702,0.0212,0.4645,0.6056,7e-04,0.0039,0.009
"7520",129,"2021-04-07 19:23:00","CARI",0.3703,0.0173,0.4899,0.6736,3e-04,0.0053,0.0076
"7521",130,"2021-04-26 18:23:00","CARI",0.1352,0.014,0.6188,0.6556,0.0069,0.0369,0.0468
"7522",131,"2021-05-04 19:23:00","CARI",0.1651,0.0095,0.4369,0.5819,0.0023,0.0175,0.0216
"7523",132,"2021-05-11 22:24:00","CARI",0.4054,0.0081,NA,0.5453,0.0021,0.0206,0.0616
"7524",133,"2021-05-19 22:14:00","CARI",0.384,0.01,0.4951,0.5763,0.0014,0.0095,0.0296
"7525",134,"2021-06-01 21:25:00","CARI",0.401,0.0121,0.4882,0.6864,5e-04,0.0067,0.0114
"7526",135,"2021-06-08 21:21:00","CARI",0.3336,0.0111,0.473,0.4643,2e-04,0.0085,0.0116
"7527",136,"2021-06-15 21:49:00","CARI",0.3578,0.0096,0.3666,0.3807,5e-04,0.0047,0.0093
"7528",137,"2021-06-29 19:31:00","CARI",0.4036,0.009,0.3487,0.3628,2e-04,0.0089,0.0091
"7529",138,"2021-07-14 19:31:00","CARI",0.3311,0.0069,0.3234,0.336,2e-04,0.0053,0.0157
"7530",139,"2021-07-19 21:15:00","CARI",0.3039,0.0076,0.3211,0.3351,NA,0.0041,0.0069
"7531",140,"2021-08-04 19:36:00","CARI",0.3353,NA,0.4055,0.3711,NA,0.0056,0.01
"7532",141,"2021-08-10 20:16:00","CARI",0.3368,0.0089,0.4321,0.432,7e-04,0.007,0.0106
"7533",142,"2021-08-17 20:55:00","CARI",0.3812,0.0081,0.5522,0.5544,9e-04,0.0103,0.0506
"7534",143,"2021-08-25 18:31:00","CARI",0.4047,3e-04,0.4833,0.5076,7e-04,0.0061,0.0131
"7535",144,"2021-09-06 20:00:00","CARI",0.4228,0.0025,0.4297,0.7014,3e-04,0.0057,0.0062
"7536",145,"2021-11-16 19:33:00","CARI",0.3997,0.0195,NA,1.085,NA,0.0053,0.0784
"7537",146,"2022-01-18 20:17:00","CARI",0.3843,0.0244666666666667,0.453266666666667,0.6261,0.000466666666666667,0.00636666666666667,0.00656666666666667
"7538",147,"2022-01-18 20:17:00","CARI",0.3843,0.0244666666666667,0.453266666666667,0.6261,0.000466666666666667,0.00636666666666667,0.00656666666666667
"7539",148,"2022-01-18 20:17:00","CARI",0.3843,0.0244666666666667,0.453266666666667,0.6261,0.000466666666666667,0.00636666666666667,0.00656666666666667
"7540",149,"2022-02-01 19:27:00","CARI",0.3838,0.0225,0.3932,0.4047,7e-04,0.0045,0.0056
"7541",150,"2022-03-01 20:00:00","CARI",0.0772,0.0187,0.4446,0.518,0.00103333333333333,0.0056,0.00743333333333333
"7542",151,"2022-03-01 20:00:00","CARI",0.0772,0.0187,0.4446,0.518,0.00103333333333333,0.0056,0.00743333333333333
"7543",152,"2022-03-01 20:00:00","CARI",0.0772,0.0187,0.4446,0.518,0.00103333333333333,0.0056,0.00743333333333333
"7544",153,"2022-03-29 17:43:00","CARI",0.0737,0.0186,0.3423,0.3712,2e-04,0.0047,0.006
"7545",154,"2022-04-05 18:58:00","CARI",0.073,0.0183,0.3722,0.392,3e-04,0.0051,0.0063
"7546",155,"2022-04-26 19:59:00",NA,NA,0.014,0.5372,0.7761,0.0024,0.0109,0.0293
"7547",156,"2022-05-03 20:45:00",NA,NA,0.0115,0.6236,0.668,0.0053,0.026,0.076
"7548",157,"2022-05-10 20:22:00",NA,NA,0.0136,0.595,0.7864,0.003,0.016,0.0238
"7549",158,"2022-05-18 21:45:00",NA,NA,0.006,0.4597,0.6227,0.0016,0.0115,0.0269
"7550",159,"2022-06-01 19:21:00",NA,NA,0.0128,0.401,0.5557,0.0016,0.0073,0.0171
"7551",160,"2022-06-07 19:12:00","CARI",0.4249,0.0162,0.4453,0.5035,0.0022,0.006,0.0198
"7552",161,"2022-06-15 20:54:00","CARI",0.3988,0.0146,0.4435,0.6799,0.0014,0.0058,0.0107
"7553",162,"2022-06-27 21:35:00","CARI",0.3542,0.0115,0.3783,0.403,0.0017,0.0067,0.0097
"7554",163,"2022-07-05 19:06:00","CARI",0.3299,0.0134,0.3601,0.4166,0.0011,0.005,0.0074
"7555",164,"2022-07-19 20:40:00","CARI",0.3132,0.0138,0.4148,0.456,0.0022,0.0091,0.0197
"7556",165,"2022-08-02 21:41:00","CARI",0.2752,0.0121,0.3267,0.3381,0.0019,0.0073,0.0206
"7557",166,"2022-08-09 20:41:00","CARI",0.3224,0.0129,0.3752,0.4057,0.0015,0.0073,0.0164
"7558",167,"2022-08-22 21:00:00","CARI",0.6405,0.0058,0.326,0.4737,1e-04,0.0065,0.0101
"7559",168,"2022-08-31 21:54:00","CARI",0.3224,0.0131,0.3758,0.4592,NA,0.0056,0.0168
"7560",169,"2022-09-06 21:06:00","CARI",0.3178,0.0045,0.3221,0.3538,NA,0.0058,0.0086
"7561",170,"2022-09-20 21:47:00","CARI",0.3513,0.0068,0.525,0.7074,NA,0.0058,0.0079
"7562",171,"2022-10-04 22:03:00","CARI",0.3688,0.0048,0.5604,0.4788,0.0013,0.0048,0.0062
"7563",172,"2022-10-11 20:57:00","CARI",0.3712,0.0051,0.4655,0.449,0.0011,0.0048,0.0068
"7564",173,"2022-11-01 18:13:00","CARI",0.3795,0.0134,0.4636,0.4659,0.0016,0.0053,0.0077
"7565",174,"2022-11-08 20:11:00","CARI",0.3708,0.0153,NA,0.4651,0.001,0.0038,0.0063
"7566",175,"2022-11-28 21:00:00","CARI",0.3867,0.0184,NA,0.6006,0.0011,0.0043,0.0078
"7567",176,"2023-01-10 22:05:00","CARI",0.367733333333333,0.0224333333333333,0.3507,0.3869,0.001,0.00463333333333333,0.0076
"7568",177,"2023-01-10 22:05:00","CARI",0.367733333333333,0.0224333333333333,0.3507,0.3869,0.001,0.00463333333333333,0.0076
"7569",178,"2023-01-10 22:05:00","CARI",0.367733333333333,0.0224333333333333,0.3507,0.3869,0.001,0.00463333333333333,0.0076
"7570",179,"2023-02-07 21:30:00","CARI",0.3251,0.0214,0.4197,0.4038,0.001,0.0049,0.0071
"7571",180,"2023-03-14 20:43:00","CARI",0.336333333333333,0.0230333333333333,0.4069,0.431,0.00146666666666667,0.00596666666666667,0.0062
"7572",181,"2023-03-14 20:43:00","CARI",0.336333333333333,0.0230333333333333,0.4069,0.431,0.00146666666666667,0.00596666666666667,0.0062
"7573",182,"2023-03-14 20:43:00","CARI",0.336333333333333,0.0230333333333333,0.4069,0.431,0.00146666666666667,0.00596666666666667,0.0062
"7574",183,"2023-03-28 21:10:00","CARI",0.3367,0.0225,0.4019,0.4635,0.0013,0.0056,0.0082
"7575",184,"2023-04-04 19:00:00","CARI",0.3536,0.0207,0.3813,0.3606,0.0016,0.0217,NA
"7576",185,"2023-05-02 18:45:00","CARI",0.2679,0.0165,0.4424,0.4432,0.0031,0.0224,0.0225
"7577",186,"2023-05-09 17:49:00","CARI",0.1024,0.0148,0.5227,0.5257,0.0043,0.0277,0.0486
"7578",187,"2023-05-16 20:30:00","CARI",0.2901,0.0132,0.4922,0.5022,0.002,0.0198,0.0242
"7579",188,"2023-05-24 20:22:00","CARI",0.4694,0.0062,0.5562,0.5617,0.002,0.0166,0.0178
"7580",189,"2023-05-30 20:40:00","CARI",0.2488,0.0103,0.5355,0.5732,0.0022,0.015,0.0712
"7581",190,"2023-06-05 21:06:00","CARI",0.4404,0.0063,0.4671,0.5615,0.0023,0.0069,0.0105
"7582",191,"2023-06-20 21:21:00","CARI",0.3693,0.006,0.4896,0.5187,0.0023,0.0056,0.0084
"7583",192,"2023-06-26 19:44:00","CARI",0.3578,0.0132,0.4511,0.4519,0.0015,0.0066,0.0072
"7584",193,"2023-07-11 21:07:00","CARI",0.3105,0.0431,0.4882,0.4734,0.0015,0.0105,0.0077
"7585",194,"2023-07-18 19:24:00","CARI",0.3008,0.0075,0.3497,0.3629,0.002,0.0077,0.0055
"7586",195,"2023-07-31 20:36:00","CARI",0.2977,0.0206,0.3204,0.3479,0.0015,0.0096,0.0061
"7587",196,"2023-08-15 19:59:00","CARI",0.2974,0.0092,0.4046,0.3932,0.0013,0.0101,0.0071
"7588",197,"2023-08-22 20:19:00","CARI",0.3198,0.0066,0.573,0.6263,0.0026,0.0128,0.0155
"7589",198,"2023-08-29 19:42:00","CARI",0.3348,0.0076,0.4626,0.4362,0.0034,0.0068,0.0081
"7590",199,"2023-09-05 19:33:00","CARI",0.3838,0.0441,0.4506,0.4434,0.0026,0.0072,0.0108
"7591",200,"2023-09-19 18:51:00","CARI",0.3672,0.0044,0.464,0.4844,0.0021,0.0056,0.0075
"7592",201,"2023-10-03 22:00:00","CARI",0.3966,0.0091,0.4467,0.4736,0.0023,0.0035,0.0668
"7593",202,"2023-10-10 22:21:00","CARI",0.4327,0.0095,NA,0.8522,0.0017,0.0055,0.0081
"7594",203,"2023-10-31 18:46:00","CARI",0.4124,0.0115,0.3549,0.3826,0.0019,0.0056,0.0057
"7595",204,"2023-11-07 20:07:00","CARI",0.4178,0.0163,0.5033,0.53,0.0026,0.0054,0.0064
"7596",205,"2023-12-05 21:50:00","CARI",0.4295,0.0258,0.45,0.49,0.0023,0.0072,0.0069
"7597",206,"2024-01-16 20:44:00","CARI",0.3951,0.0189,0.42,0.46,0.0018,0.0076,0.00663333333333333
"7598",207,"2024-01-16 20:44:00","CARI",0.3951,0.0189,0.42,0.46,0.0018,0.0076,0.00663333333333333
"7599",208,"2024-01-16 20:44:00","CARI",0.3951,0.0189,0.42,0.46,0.0018,0.0076,0.00663333333333333
"7600",209,"2024-02-06 20:32:00","CARI",0.3816,0.0308,0.39,0.45,0.0023,0.0059,0.012
"7601",210,"2024-03-12 19:42:00","CARI",0.3559,0.0336,0.4,0.42,0.0026,0.0119,0.0131
"7602",211,"2024-04-02 19:30:00","CARI",0.3527,0.0400666666666667,0.423333333333333,0.39,0.00243333333333333,0.0141333333333333,0.0123
"7603",212,"2024-04-02 19:30:00","CARI",0.3527,0.0400666666666667,0.423333333333333,0.39,0.00243333333333333,0.0141333333333333,0.0123
"7604",213,"2024-04-02 19:30:00","CARI",0.3527,0.0400666666666667,0.423333333333333,0.39,0.00243333333333333,0.0141333333333333,0.0123
"7605",214,"2024-04-09 18:29:00","CARI",0.3506,0.0271,0.48,0.39,0.0033,0.0027,0.0071
"7606",215,"2024-04-30 20:02:00","CARI",0.2586,0.0188,0.55,0.5,0.0062,0.0105,0.0305
"7607",216,"2024-05-06 18:09:00","CARI",0.2632,0.0107,0.56,0.52,0.0044,0.0098,0.0198
"7608",217,"2024-05-13 20:37:00","CARI",0.3244,0.0186,0.57,0.53,0.0039,0.0076,0.0223
"7609",218,"2024-05-21 23:54:00","CARI",0.3984,0.0142,0.55,0.48,0.003,0.0044,0.0148
"7610",219,"2024-06-04 19:00:00","CARI",0.379,0.0482,0.54,0.56,0.0032,0.0054,0.0101
"7611",220,"2024-06-11 20:18:00","CARI",0.3758,0.0098,0.48,0.5333,0.0018,0.01,0.0058
"7612",221,"2024-06-18 19:10:00","CARI",0.3632,0.0083,0.41,0.52,0.0021,0.01,0.0051
"7613",222,"2024-06-24 18:33:00","CARI",0.3334,0.0082,0.37,0.4833,0.0021,0,0.0049
"7614",223,"2024-07-09 21:58:00","CARI",0.4273,0.0052,0.56,0.7,0.002,0.01,0.0112
"7615",224,"2024-07-23 20:48:00","CARI",0.4392,0.01,0.6,0.6033,0.0025,0.01,0.006
"7616",225,"2024-07-30 19:50:00","CARI",0.3626,0.0065,0.5,0.5867,0.0015,0.01,0.0077
"7617",226,"2024-08-06 19:04:00","CARI",0.0037,0.0162,0.59,0.6633,0.0041,0.01,0.0121
"7618",227,"2024-08-20 21:46:00","CARI",0.3562,0.007,0.52,0.49,0.0025,0.0059,0.0066
"7619",228,"2024-08-27 20:34:00","CARI",0.3874,0.0057,0.52,0.55,0.0023,0.0051,0.0091
"7620",229,"2024-09-03 18:30:00","CARI",0.3662,0.0058,0.49,0.53,0.0016,0.0042,0.0058
"7621",230,"2024-09-24 21:33:00","CARI",0.379,0.0097,0.54,0.51,0.0017,0.0033,0.0083
"7622",231,"2024-10-01 21:04:00","CARI",0.4067,0.0069,0.51,0.5,0.0014,0.0044,0.005
"7623",232,"2024-10-15 22:00:00","CARI",0.4037,0.0087,0.49,0.51,0.0011,0.0044,0.005
"7624",233,"2024-10-29 20:50:00","CARI",0.4115,0.0084,0.48,0.49,0.0017,0.0036,0.0055
"7625",234,"2024-11-04 20:05:00","CARI",0.4384,0.022,0.49,0.83,0.0031,0.0044,0.0255
"7626",235,"2024-12-03 21:16:00","CARI",0.1129,0.0085,0.27,0.48,NA,0.003,0.0058
"7627",236,"2025-01-14 20:12:00","CARI",0.372766666666667,0.0215333333333333,0.556666666666667,0.47,0.0012,0.00376666666666667,0.00833333333333333
"7628",237,"2025-01-14 20:12:00","CARI",0.372766666666667,0.0215333333333333,0.556666666666667,0.47,0.0012,0.00376666666666667,0.00833333333333333
"7629",238,"2025-01-14 20:12:00","CARI",0.372766666666667,0.0215333333333333,0.556666666666667,0.47,0.0012,0.00376666666666667,0.00833333333333333
"7630",239,"2025-02-11 19:47:00","CARI",0.3927,0.0187,0.41,0.47,0.0016,0.0043,0.0067
"7631",240,"2025-03-04 19:25:00","CARI",0.363633333333333,0.0234666666666667,0.413333333333333,0.473333333333333,NA,0.0044,0.00626666666666667
"7632",241,"2025-03-04 19:25:00","CARI",0.363633333333333,0.0234666666666667,0.413333333333333,0.473333333333333,NA,0.0044,0.00626666666666667
"7633",242,"2025-03-04 19:25:00","CARI",0.363633333333333,0.0234666666666667,0.413333333333333,0.473333333333333,NA,0.0044,0.00626666666666667
"7634",243,"2025-03-24 18:22:00","CARI",0.3623,0.019,0.44,0.54,0.0015,0.0071,0.0053
"7635",244,"2025-04-08 18:45:00","CARI",0.3573,0.022,0.48,0.48,0.002,0.0042,0.0064
"7636",245,"2025-04-29 18:35:00","CARI",0.218,0.0135,0.53,0.51,0.0035,0.0136,0.0326
"7637",246,"2025-05-06 21:20:00","CARI",0.372,0.0133,0.62,0.62,0.0041,0.0121,0.0316
"7638",247,"2025-05-13 20:06:00","CARI",0.7052,0.017,0.94,0.9,0.0041,0.0102,0.0397
"7639",248,"2025-05-19 21:40:00","CARI",0.7288,0.0182,0.97,0.94,0.0032,0.0084,0.0739
"7640",249,"2025-06-03 17:59:00","CARI",0.5093,0.0242,0.69,0.69,0.003,0.0056,0.0762
"7641",250,"2025-06-10 21:38:00","CARI",0.4569,0.045,0.66,0.65,0.0018,0.0052,0.0941
"7642",251,"2025-06-17 19:40:00","CARI",0.4095,0.0306,0.58,0.54,0.0022,0.0045,0.0662
"7643",252,"2025-06-30 20:35:00","CARI",0.341,0.02,0.46,0.45,0.0029,0.0177,0.0235
"7644",253,"2025-07-07 20:08:00","CARI",0.338,0.038,0.6,0.42,0.0025,0.0087,0.0219
"7645",254,"2025-07-21 20:39:00","CARI",0.0635,0.0205,0.45,0.55,0.0015,0.0083,0.0188
"7646",255,"2025-07-29 21:23:00","CARI",0.0694,0.0159,0.41,0.91,0.0016,0.0083,0.0694
"7647",256,"2025-08-06 21:57:00","CARI",0.0713,0.0134,0.47,0.4,0.0015,0.0056,0.0072
"7648",257,"2025-08-18 19:44:00","CARI",0.0706,0.0155,0.46,0.44,0.0021,0.0057,0.0074
"7649",258,"2025-09-02 20:16:00","CARI",0.4184,0.0142,0.59,0.58,0.0011,0.0039,0.0078
"7650",259,"2025-09-08 22:15:00","CARI",0.4001,0.0156,0.61,0.55,0.0011,0.0034,0.0122
"7651",260,"2025-09-22 21:01:00",NA,NA,NA,NA,0.5433,NA,NA,0.0061
"7652",261,"2025-10-07 21:26:00","CARI",0.4218,0.0153,0.58,0.57,0.004,0.0049,0.0085
"7653",262,"2025-10-14 20:53:00","CARI",0.5008,0.0141,0.67,0.65,0.0037,0.0045,0.0077
"7654",263,"2025-11-10 20:25:00","CARI",0.5088,0.0176,0.62,0.57,0.0049,0.0264,0.0074
"7655",264,"2025-11-17 20:01:00","CARI",0.4828,0.0223,0.58,0.58,0.0025,0.0031,0.0061
"7656",265,"2025-12-01 20:30:00","CARI",0.4604,0.0221,0.57,0.55,0.0027,0.003,0.008
