"","siteID","date","meanTemp","maxTemp","minTemp"
"1","CRAM","2017-09-11",17.65875,18.4,17.19
"2","CRAM","2017-09-12",17.9923913043478,18.62,17.13
"3","CRAM","2017-09-13",18.8193617021277,19.56,17.8
"4","CRAM","2017-09-14",19.395,20.21,18.34
"5","CRAM","2017-09-15",20.1627027027027,20.66,19.37
"6","CRAM","2017-09-16",20.740625,21.29,19.94
"7","CRAM","2017-09-17",21.0552083333333,21.67,20.43
"8","CRAM","2017-09-18",20.3379166666667,20.95,19.59
"9","CRAM","2017-09-19",19.3029166666667,19.59,18.86
"10","CRAM","2017-09-20",19.4591666666667,20.04,18.78
"11","CRAM","2017-09-21",18.7997916666667,18.98,18.44
"12","CRAM","2017-09-22",19.5860416666667,20.22,18.4
"13","CRAM","2017-09-23",19.4976086956522,19.85,18.88
"14","CRAM","2017-09-24",20.4451111111111,20.94,19.28
"15","CRAM","2017-09-25",21.2283333333333,21.97,20.52
"16","CRAM","2017-09-26",21.2225,21.54,20.86
"17","CRAM","2017-09-27",20.555,21.12,19.47
"18","CRAM","2017-09-28",18.9558695652174,19.45,18.41
"19","CRAM","2017-09-29",18.30125,18.54,17.95
"20","CRAM","2017-09-30",17.7277083333333,18.08,17.15
"21","CRAM","2017-10-01",17.1704166666667,17.6,16.82
"22","CRAM","2017-10-02",16.8147916666667,17.12,16.46
"23","CRAM","2017-10-03",16.6466666666667,16.86,16.38
"24","CRAM","2017-10-04",16.830625,17.24,16.48
"25","CRAM","2017-10-05",16.3741666666667,16.7,15.97
"26","CRAM","2017-10-06",15.8754166666667,16.03,15.63
"27","CRAM","2017-10-07",15.8858333333333,16.12,15.58
"28","CRAM","2017-10-08",15.5775,15.78,15.29
"29","CRAM","2017-10-09",15.7259574468085,16.15,15.24
"30","CRAM","2017-10-10",15.3952083333333,15.84,14.99
"31","CRAM","2017-10-11",14.9908333333333,15.48,14.52
"32","CRAM","2017-10-12",14.5989583333333,14.95,14.34
"33","CRAM","2017-10-13",14.1489583333333,14.33,13.98
"34","CRAM","2017-10-14",13.870625,14.14,13.47
"35","CRAM","2017-10-15",13.4070833333333,13.59,13.07
"36","CRAM","2017-10-16",12.8310416666667,13.07,12.45
"37","CRAM","2017-10-17",12.4508333333333,12.74,12.18
"38","CRAM","2017-10-18",12.3958333333333,12.6,12.13
"39","CRAM","2017-10-19",12.36875,12.81,12
"40","CRAM","2017-10-20",12.02,12.23,11.84
"41","CRAM","2017-10-21",12.34625,12.85,11.8
"42","CRAM","2017-10-22",12.499375,12.68,12.11
"43","CRAM","2017-10-23",12.330625,12.61,12
"44","CRAM","2017-10-24",12.058125,12.32,11.86
"45","CRAM","2017-10-25",11.4135416666667,11.85,10.92
"46","CRAM","2017-10-26",10.7204166666667,11.1,10.31
"47","CRAM","2017-10-27",10.1214583333333,10.3,9.92
"48","CRAM","2017-10-28",9.50895833333333,9.91,9.03
"49","CRAM","2017-10-29",8.85208333333333,9.07,8.56
"50","CRAM","2017-10-30",8.30770833333333,8.56,8.06
"51","CRAM","2017-10-31",7.83145833333333,8.09,7.51
"52","CRAM","2017-11-01",7.27854166666667,7.48,6.97
"53","CRAM","2017-11-02",6.79729166666667,6.99,6.57
"54","CRAM","2017-11-03",6.49541666666667,6.58,6.35
"55","CRAM","2017-11-04",6.22791666666667,6.4,5.96
"56","CRAM","2017-11-05",5.79104166666667,5.94,5.71
"57","CRAM","2017-11-06",5.613125,5.71,5.43
"58","CRAM","2017-11-07",5.28395833333333,5.5,5.02
"59","CRAM","2017-11-08",4.85708333333333,5.07,4.57
"60","CRAM","2017-11-09",4.45,4.6,4.22
"61","CRAM","2017-11-10",3.75979166666667,4.18,3.26
"62","CRAM","2017-11-11",3.16729166666667,3.47,2.76
"63","CRAM","2017-11-12",2.72708333333333,2.8,2.64
"64","CRAM","2018-05-25",20.0813793103448,20.54,19.29
"65","CRAM","2018-05-26",20.5202222222222,21.15,19.78
"66","CRAM","2018-05-27",21.6997297297297,22.67,20.43
"67","CRAM","2018-05-28",22.7824390243902,23.5,21.52
"68","CRAM","2018-05-29",23.8271111111111,25.01,22.58
"69","CRAM","2018-05-30",24.6058139534884,25.61,23.25
"70","CRAM","2018-05-31",24.2627083333333,24.63,23.65
"71","CRAM","2018-06-01",23.6806382978723,24.48,22.43
"72","CRAM","2018-06-02",21.6875,22.41,20.29
"73","CRAM","2018-06-03",20.7341666666667,21.41,20.11
"74","CRAM","2018-06-04",19.7441666666667,20.3,18.74
"75","CRAM","2018-06-05",18.9285416666667,19.4,18.21
"76","CRAM","2018-06-06",19.2110416666667,20.13,18.18
"77","CRAM","2018-06-07",18.5275,18.78,18.17
"78","CRAM","2018-06-08",19.6260465116279,20.78,18.19
"79","CRAM","2018-06-09",19.6064583333333,19.99,19.07
"80","CRAM","2018-06-10",19.5389583333333,19.97,19.02
"81","CRAM","2018-06-11",20.1241666666667,20.9,19.14
"82","CRAM","2018-06-12",20.5170833333333,21.14,19.64
"83","CRAM","2018-06-13",20.8347916666667,21.41,20.28
"84","CRAM","2018-06-14",21.146875,21.79,20.4
"85","CRAM","2018-06-15",22.01075,23.2,20.87
"86","CRAM","2018-06-16",20.6427083333333,21.58,20.1
"87","CRAM","2018-06-17",20.4908333333333,20.7,20.12
"88","CRAM","2018-06-18",21.4707317073171,22,20.46
"89","CRAM","2018-06-19",22.675,23.7,21.55
"90","CRAM","2018-06-20",22.9577083333333,23.95,22.08
"91","CRAM","2018-06-21",23.44375,24.64,22.44
"92","CRAM","2018-06-22",23.7175,24.83,22.62
"93","CRAM","2018-06-23",24.4660416666667,25.91,22.99
"94","CRAM","2018-06-24",24.39375,26.26,23.52
"95","CRAM","2018-06-25",23.9480434782609,24.9,22.93
"96","CRAM","2018-06-26",23.9125,24.97,22.83
"97","CRAM","2018-06-27",23.5739583333333,24.08,23.06
"98","CRAM","2018-06-28",23.53,23.96,23.13
"99","CRAM","2018-06-29",24.4846808510638,25.44,23.31
"100","CRAM","2018-06-30",25.2877083333333,25.94,24.3
"101","CRAM","2018-07-01",25.7731914893617,26.92,25.18
"102","CRAM","2018-07-02",25.1375,25.85,24.19
"103","CRAM","2018-07-03",24.9266666666667,25.52,24.17
"104","CRAM","2018-07-04",25.3217021276596,25.87,24.79
"105","CRAM","2018-07-05",25.3964444444444,26.01,24.88
"106","CRAM","2018-07-06",25.29875,25.88,24.57
"107","CRAM","2018-07-07",25.4640425531915,26.18,24.55
"108","CRAM","2018-07-08",25.2072093023256,26.28,24.43
"109","CRAM","2018-07-09",25.218,25.92,24.38
"110","CRAM","2018-07-10",25.5714583333333,26.26,25.06
"111","CRAM","2018-07-11",25.8816666666667,26.8,25.12
"112","CRAM","2018-07-12",25.2666666666667,25.65,24.63
"113","CRAM","2018-07-13",24.5566666666667,24.84,24.35
"114","CRAM","2018-07-14",24.5514583333333,24.87,24.32
"115","CRAM","2018-07-15",25.4670833333333,26.38,24.33
"116","CRAM","2018-07-16",26.0720454545455,26.87,25.42
"117","CRAM","2018-07-17",25.516875,26.08,24.75
"118","CRAM","2018-07-18",25.00875,25.75,24.36
"119","CRAM","2018-07-19",25.0172340425532,26.01,24.31
"120","CRAM","2018-07-20",25.0934042553192,25.74,24.51
"121","CRAM","2018-07-21",24.0241666666667,24.59,23.29
"122","CRAM","2018-07-22",22.9325,23.27,22.39
"123","CRAM","2018-07-23",23.1247916666667,24.26,22.34
"124","CRAM","2018-07-24",23.8347826086957,25.22,22.53
"125","CRAM","2018-07-25",23.9075,24.68,23.25
"126","CRAM","2018-07-26",23.6447916666667,24.16,23
"127","CRAM","2018-07-27",22.7841666666667,23.15,22.24
"128","CRAM","2018-07-28",22.215,22.57,21.74
"129","CRAM","2018-07-29",22.3739583333333,23,21.72
"130","CRAM","2018-07-30",22.9216666666667,23.9,22.03
"131","CRAM","2018-07-31",23.46,24.43,22.56
"132","CRAM","2018-08-01",24.0827272727273,24.87,23.12
"133","CRAM","2018-08-02",23.3477083333333,23.87,22.35
"134","CRAM","2018-08-03",22.1604166666667,22.42,21.67
"135","CRAM","2018-08-04",22.03875,22.57,21.63
"136","CRAM","2018-08-05",22.0566666666667,22.66,21.64
"137","CRAM","2018-08-06",22.6184782608696,23.23,21.63
"138","CRAM","2018-08-07",22.99125,23.7,22.48
"139","CRAM","2018-08-08",23.2989583333333,24.13,22.44
"140","CRAM","2018-08-09",23.5454347826087,24.16,22.83
"141","CRAM","2018-08-10",24.2610869565217,25.87,23.3
"142","CRAM","2018-08-11",24.5070833333333,25.16,23.87
"143","CRAM","2018-08-12",25.2233333333333,26.19,24.16
"144","CRAM","2018-08-13",25.75625,27.31,24.71
"145","CRAM","2018-08-14",25.9229787234043,26.67,25.12
"146","CRAM","2018-08-15",25.6277083333333,26.02,25.12
"147","CRAM","2018-08-16",25.2429166666667,25.63,24.93
"148","CRAM","2018-08-17",25.1706382978723,25.73,24.7
"149","CRAM","2018-08-18",24.9166666666667,25.42,24.41
"150","CRAM","2018-08-19",24.741875,25.62,24.23
"151","CRAM","2018-08-20",24.5966666666667,25.23,24.17
"152","CRAM","2018-08-21",24.3616666666667,24.89,23.79
"153","CRAM","2018-08-22",23.345625,23.75,22.66
"154","CRAM","2018-08-23",22.7485416666667,23.17,22.28
"155","CRAM","2018-08-24",22.5978723404255,23.12,22.2
"156","CRAM","2018-08-25",21.9202083333333,22.27,21.63
"157","CRAM","2018-08-26",21.8160416666667,22,21.62
"158","CRAM","2018-08-27",22.219375,22.83,21.56
"159","CRAM","2018-08-28",22.245625,22.74,21.95
"160","CRAM","2018-08-29",21.8370833333333,22.17,21.32
"161","CRAM","2018-08-30",21.0952083333333,21.44,20.51
"162","CRAM","2018-08-31",20.86,21.42,20.36
"163","CRAM","2018-09-01",20.9783333333333,21.5,20.31
"164","CRAM","2018-09-02",21.568125,22.22,20.88
"165","CRAM","2018-09-03",21.6647916666667,21.96,21.26
"166","CRAM","2018-09-04",21.96125,22.64,21.22
"167","CRAM","2018-09-05",21.6377083333333,21.8,21.5
"168","CRAM","2018-09-06",21.1904166666667,21.53,20.54
"169","CRAM","2018-09-07",21.0289583333333,21.78,20.49
"170","CRAM","2018-09-08",20.7922916666667,21.48,20.17
"171","CRAM","2018-09-09",20.394375,21.15,19.74
"172","CRAM","2018-09-10",20.0279166666667,20.66,19.53
"173","CRAM","2018-09-11",19.9952083333333,20.58,19.46
"174","CRAM","2018-09-12",20.3382978723404,21.27,19.67
"175","CRAM","2018-09-13",20.3729166666667,20.95,19.71
"176","CRAM","2018-09-14",20.67625,21.34,20.06
"177","CRAM","2018-09-15",21.31875,22.27,20.34
"178","CRAM","2018-09-16",22.11875,23.14,21.37
"179","CRAM","2018-09-17",22.5477083333333,23.44,21.86
"180","CRAM","2018-09-18",22.0872916666667,22.84,21.37
"181","CRAM","2018-09-19",20.894375,21.34,20.31
"182","CRAM","2018-09-20",20.0075,20.29,19.69
"183","CRAM","2018-09-21",19.3454166666667,19.68,19.02
"184","CRAM","2018-09-22",18.444375,19,17.79
"185","CRAM","2018-09-23",17.749375,18.03,17.42
"186","CRAM","2018-09-24",17.594375,18.04,17.19
"187","CRAM","2018-09-25",17.3639583333333,17.67,17.13
"188","CRAM","2018-09-26",17.0389361702128,17.3,16.6
"189","CRAM","2018-09-27",16.3139583333333,16.64,15.85
"190","CRAM","2018-09-28",15.6629166666667,15.86,15.31
"191","CRAM","2018-09-29",15.0166666666667,15.31,14.49
"192","CRAM","2018-09-30",14.1922916666667,14.49,13.8
"193","CRAM","2018-10-01",13.795625,14.21,13.48
"194","CRAM","2018-10-02",13.35125,13.56,13.08
"195","CRAM","2018-10-03",13.1660416666667,13.31,13.02
"196","CRAM","2018-10-04",13.154375,13.55,12.94
"197","CRAM","2018-10-05",12.7639583333333,13.13,12.27
"198","CRAM","2018-10-06",11.959375,12.24,11.78
"199","CRAM","2018-10-07",11.7929268292683,11.95,11.64
"200","CRAM","2019-04-28",5.18,5.28,5.09
"201","CRAM","2019-04-29",6.578,7.04,6.18
"202","CRAM","2019-04-30",5.86309523809524,6.14,5.62
"203","CRAM","2019-05-01",5.57041666666667,5.77,5.23
"204","CRAM","2019-05-02",5.318125,5.45,5.19
"205","CRAM","2019-05-03",5.43553191489362,5.66,5.27
"206","CRAM","2019-05-04",7.25648648648649,8.32,5.43
"207","CRAM","2019-05-05",8.50375,9.14,6.19
"208","CRAM","2019-05-06",9.25333333333333,9.89,8.68
"209","CRAM","2019-05-07",9.70325,10.47,9.13
"210","CRAM","2019-05-08",11.1613043478261,12.71,9.24
"211","CRAM","2019-05-09",9.72145833333333,10.45,8.74
"212","CRAM","2019-05-10",8.41208333333333,8.76,7.9
"213","CRAM","2019-05-11",8.22170212765957,8.45,7.92
"214","CRAM","2019-05-12",9.61933333333333,10.5,8.18
"215","CRAM","2019-05-13",11.1767391304348,12.13,9.48
"216","CRAM","2019-05-14",11.9422727272727,13.35,10.68
"217","CRAM","2019-05-15",12.7378947368421,13.64,10.71
"218","CRAM","2019-05-16",14.706511627907,16.12,12.74
"219","CRAM","2019-05-17",14.8394117647059,15.51,14.16
"220","CRAM","2019-05-18",15.1182978723404,16.18,14.14
"221","CRAM","2019-05-19",13.2129166666667,14.54,11.91
"222","CRAM","2019-05-20",11.0741666666667,11.89,10.46
"223","CRAM","2019-05-21",11.4467391304348,12.23,10.45
"224","CRAM","2019-05-22",12.4041666666667,13.16,11.25
"225","CRAM","2019-05-23",11.9779166666667,12.1,11.8
"226","CRAM","2019-05-24",11.8910416666667,12.07,11.72
"227","CRAM","2019-05-25",11.9423404255319,12.05,11.71
"228","CRAM","2019-05-26",13.0816666666667,13.47,12.04
"229","CRAM","2019-05-27",15.3625,17.06,13.24
"230","CRAM","2019-05-28",14.4770833333333,15.11,13.74
"231","CRAM","2019-05-29",14.2464583333333,14.97,13.7
"232","CRAM","2019-05-30",15.59,16.73,13.88
"233","CRAM","2019-05-31",17.2211111111111,18.29,15.85
"234","CRAM","2019-06-01",17.7994285714286,18.68,16.9
"235","CRAM","2019-06-02",17.9968292682927,18.9,17.28
"236","CRAM","2019-06-03",17.7748936170213,18.7,17.04
"237","CRAM","2019-06-04",17.101875,17.34,16.6
"238","CRAM","2019-06-05",18.2339024390244,19.25,16.58
"239","CRAM","2019-06-06",19.2254347826087,20.14,18.62
"240","CRAM","2019-06-07",20.4762222222222,21.71,18.61
"241","CRAM","2019-06-08",22.4316666666667,23.41,20.68
"242","CRAM","2019-06-09",23.1370212765957,24.22,22
"243","CRAM","2019-06-10",22.1652083333333,23.34,20.59
"244","CRAM","2019-06-11",20.8289583333333,21.49,20.08
"245","CRAM","2019-06-12",20.6765909090909,21.23,20.06
"246","CRAM","2019-06-13",20.0054166666667,20.54,19.08
"247","CRAM","2019-06-14",19.4746808510638,19.96,18.96
"248","CRAM","2019-06-15",18.61125,18.91,18.16
"249","CRAM","2019-06-16",19.2013636363636,20.39,18.13
"250","CRAM","2019-06-17",19.565,20.64,18.59
"251","CRAM","2019-06-18",20.2612765957447,20.99,19.07
"252","CRAM","2019-06-19",20.2174468085106,20.81,19.69
"253","CRAM","2019-06-20",20.7364583333333,21.72,19.71
"254","CRAM","2019-06-21",20.7893617021277,21.54,20.08
"255","CRAM","2019-06-22",21.3854347826087,22.54,20.21
"256","CRAM","2019-06-23",21.4545833333333,22.37,20.39
"257","CRAM","2019-06-24",20.7977083333333,21.05,20.37
"258","CRAM","2019-06-25",20.4322916666667,20.83,19.95
"259","CRAM","2019-06-26",20.6228260869565,21.18,19.96
"260","CRAM","2019-06-27",21.3569565217391,22.17,20.37
"261","CRAM","2019-06-28",22.305,22.97,21.4
"262","CRAM","2019-06-29",23.4212195121951,25.24,22.18
"263","CRAM","2019-06-30",24.4972916666667,25.67,23.27
"264","CRAM","2019-07-01",23.7674468085106,24.22,23.26
"265","CRAM","2019-07-02",23.3602083333333,23.64,23.03
"266","CRAM","2019-07-03",24.1078723404255,25.17,23.01
"267","CRAM","2019-07-04",25.6132558139535,27.37,23.97
"268","CRAM","2019-07-05",25.2473913043478,25.84,24.74
"269","CRAM","2019-07-06",25.4222222222222,26.59,24.69
"270","CRAM","2019-07-07",25.5204166666667,26.69,24.56
"271","CRAM","2019-07-08",24.9779166666667,25.74,24.22
"272","CRAM","2019-07-09",25.2628260869565,26.53,24.19
"273","CRAM","2019-07-10",25.603125,26.42,24.79
"274","CRAM","2019-07-11",25.2920833333333,25.86,24.41
"275","CRAM","2019-07-12",24.7772916666667,25.44,24.1
"276","CRAM","2019-07-13",24.6604255319149,25.16,24.05
"277","CRAM","2019-07-14",24.9495833333333,25.82,24.33
"278","CRAM","2019-07-15",25.3747826086957,26.14,24.3
"279","CRAM","2019-07-16",25.56,26.56,25.07
"280","CRAM","2019-07-17",25.8275,26.5,25.19
"281","CRAM","2019-07-18",25.975625,26.68,25.41
"282","CRAM","2019-07-19",25.3833333333333,25.61,25.19
"283","CRAM","2019-07-20",25.9578260869565,27.02,25.22
"284","CRAM","2019-07-21",25.1877083333333,25.51,24.52
"285","CRAM","2019-07-22",24.8752083333333,25.62,24.16
"286","CRAM","2019-07-23",24.3723404255319,24.76,23.81
"287","CRAM","2019-07-24",24.3039583333333,24.97,23.76
"288","CRAM","2019-07-25",24.8120833333333,25.71,23.9
"289","CRAM","2019-07-26",24.9860869565217,25.8,24.39
"290","CRAM","2019-07-27",24.4333333333333,24.93,24.02
"291","CRAM","2019-07-28",24.5029166666667,24.96,24.01
"292","CRAM","2019-07-29",24.7352083333333,25.26,24.17
"293","CRAM","2019-07-30",24.0885416666667,24.46,23.46
"294","CRAM","2019-07-31",23.589375,24.01,23.01
"295","CRAM","2019-08-01",23.8614583333333,25,22.99
"296","CRAM","2019-08-02",24.0854166666667,24.86,23.25
"297","CRAM","2019-08-03",24.5927659574468,25.44,23.81
"298","CRAM","2019-08-04",25.2382978723404,26.21,24.35
"299","CRAM","2019-08-05",25.73625,26.69,24.73
"300","CRAM","2019-08-06",25.2108333333333,25.66,24.52
"301","CRAM","2019-08-07",25.02125,25.56,24.49
"302","CRAM","2019-08-08",24.739375,25.13,24.16
"303","CRAM","2019-08-09",24.150625,24.63,23.48
"304","CRAM","2019-08-10",23.64125,24.13,23.2
"305","CRAM","2019-08-11",24.0627083333333,25.01,23.17
"306","CRAM","2019-08-12",24.4615217391304,25.22,23.68
"307","CRAM","2019-08-13",24.668125,25.62,23.83
"308","CRAM","2019-08-14",23.390625,23.78,22.73
"309","CRAM","2019-08-15",23.2539583333333,24.19,22.67
"310","CRAM","2019-08-16",23.1245833333333,23.93,22.6
"311","CRAM","2019-08-17",22.4920833333333,22.85,22.14
"312","CRAM","2019-08-18",23.0539583333333,23.91,22.11
"313","CRAM","2019-08-19",22.4591666666667,22.76,21.84
"314","CRAM","2019-08-20",22.2779166666667,22.91,21.77
"315","CRAM","2019-08-21",22.3402083333333,22.78,21.89
"316","CRAM","2019-08-22",22.1597872340426,22.55,21.7
"317","CRAM","2019-08-23",21.7345833333333,22.12,21.18
"318","CRAM","2019-08-24",21.7397916666667,22.52,21.1
"319","CRAM","2019-08-25",21.5235416666667,22.3,20.99
"320","CRAM","2019-08-26",21.2425,21.68,20.94
"321","CRAM","2019-08-27",20.8110416666667,21.01,20.5
"322","CRAM","2019-08-28",20.4035416666667,20.82,19.85
"323","CRAM","2019-08-29",19.3816666666667,19.83,18.87
"324","CRAM","2019-08-30",18.730625,18.97,18.3
"325","CRAM","2019-08-31",18.581914893617,18.98,18.25
"326","CRAM","2019-09-01",18.6102083333333,19.07,18.25
"327","CRAM","2019-09-02",18.5497826086957,18.91,18.26
"328","CRAM","2019-09-03",18.8036842105263,19.61,18.33
"329","CRAM","2019-09-04",18.143125,18.31,17.82
"330","CRAM","2019-09-05",18.2664583333333,18.83,17.79
"331","CRAM","2019-09-06",17.844375,18,17.65
"332","CRAM","2019-09-07",17.718125,18.05,17.48
"333","CRAM","2019-09-08",17.5354166666667,17.87,17.21
"334","CRAM","2019-09-09",17.2014583333333,17.39,16.91
"335","CRAM","2019-09-10",17.0733333333333,17.35,16.86
"336","CRAM","2019-09-11",17.5186956521739,17.98,16.9
"337","CRAM","2019-09-12",17.2454166666667,17.63,16.73
"338","CRAM","2019-09-13",16.4120833333333,16.71,16.13
"339","CRAM","2019-09-14",16.2552083333333,16.63,15.91
"340","CRAM","2019-09-15",16.4914583333333,17.03,15.88
"341","CRAM","2019-09-16",16.9947916666667,17.34,16.52
"342","CRAM","2019-09-17",18.1583333333333,18.98,16.98
"343","CRAM","2019-09-18",18.641875,19.07,18.14
"344","CRAM","2019-09-19",18.8002083333333,19.16,18.09
"345","CRAM","2019-09-20",19.3385416666667,19.86,18.81
"346","CRAM","2019-09-21",20.3477083333333,20.98,19.43
"347","CRAM","2019-09-22",20.4664583333333,20.73,20.24
"348","CRAM","2019-09-23",19.815,20.2,19.16
"349","CRAM","2019-09-24",19.161875,19.59,18.65
"350","CRAM","2019-09-25",19.1602083333333,19.8,18.56
"351","CRAM","2019-09-26",18.6204166666667,19.08,17.88
"352","CRAM","2019-09-27",17.7716666666667,18.22,17.36
"353","CRAM","2019-09-28",17.0639583333333,17.33,16.68
"354","CRAM","2019-09-29",16.6785416666667,17.17,16.15
"355","CRAM","2019-09-30",15.8241666666667,16.11,15.57
"356","CRAM","2019-10-01",15.9882978723404,16.41,15.49
"357","CRAM","2019-10-02",15.9864583333333,16.33,15.53
"358","CRAM","2019-10-03",15.0425,15.49,14.57
"359","CRAM","2019-10-04",14.4379166666667,14.62,14.13
"360","CRAM","2019-10-05",13.8995833333333,14.12,13.52
"361","CRAM","2019-10-06",13.2617021276596,13.52,12.97
"362","CRAM","2019-10-07",12.9547916666667,13.25,12.66
"363","CRAM","2019-10-08",12.7191666666667,12.94,12.47
"364","CRAM","2019-10-09",12.7304166666667,13.11,12.43
"365","CRAM","2019-10-10",12.7427083333333,13.07,12.42
"366","CRAM","2019-10-11",12.7702083333333,12.87,12.56
"367","CRAM","2019-10-12",12.5191666666667,12.92,11.87
"368","CRAM","2019-10-13",11.3466666666667,11.84,10.88
"369","CRAM","2019-10-14",10.5708333333333,10.86,10.19
"370","CRAM","2019-10-15",10.0904166666667,10.36,9.82
"371","CRAM","2019-10-16",9.575,9.79,9.34
"372","CRAM","2019-10-17",9.27708333333333,9.39,9.14
"373","CRAM","2019-10-18",9.208125,9.57,8.91
"374","CRAM","2019-10-19",8.980625,9.18,8.84
"375","CRAM","2019-10-20",8.89458333333333,8.94,8.83
"376","CRAM","2019-10-21",9.17875,9.49,8.82
"377","CRAM","2019-10-22",9.05510638297872,9.16,8.95
"378","CRAM","2019-10-23",8.84708333333333,8.98,8.65
"379","CRAM","2019-10-24",8.515,8.7,8.33
"380","CRAM","2019-10-25",8.19333333333333,8.35,7.96
"381","CRAM","2019-10-26",7.90583333333333,8.24,7.62
"382","CRAM","2019-10-27",7.68020833333333,7.83,7.5
"383","CRAM","2019-10-28",7.480625,7.68,7.35
"384","CRAM","2019-10-29",7.303125,7.53,7.11
"385","CRAM","2019-10-30",7.02229166666667,7.34,6.71
"386","CRAM","2019-10-31",6.596875,6.8,6.35
"387","CRAM","2019-11-01",6.10958333333333,6.34,5.8
"388","CRAM","2019-11-02",5.66270833333333,5.79,5.49
"389","CRAM","2019-11-03",5.27395833333333,5.49,5.03
"390","CRAM","2019-11-04",5.14708333333333,5.32,5.01
"391","CRAM","2021-05-27",17.648275862069,18.57,16.81
"392","CRAM","2021-05-28",16.02875,16.74,14.92
"393","CRAM","2021-05-29",15.5464583333333,16.61,14.78
"394","CRAM","2021-05-30",16.5479166666667,18.29,14.94
"395","CRAM","2021-05-31",15.6472916666667,16,15.19
"396","CRAM","2021-06-01",16.3120833333333,17.61,15.17
"397","CRAM","2021-06-02",18.5271428571429,20.52,15.81
"398","CRAM","2021-06-03",18.358,18.65,18.24
"399","CRAM","2021-06-04",18.9354545454545,19.5,18.4
"400","CRAM","2021-06-05",20.8425581395349,22.54,18.43
"401","CRAM","2021-06-06",22.4990243902439,23.87,20.5
"402","CRAM","2021-06-07",23.26,24.53,22.21
"403","CRAM","2021-06-08",24.7246666666667,25.85,22.66
"404","CRAM","2021-06-09",25.8635416666667,27.41,24.6
"405","CRAM","2021-06-10",27.0283333333333,28.79,24.99
"406","CRAM","2021-06-11",26.1142553191489,27.55,24.94
"407","CRAM","2021-06-12",26.23875,27.53,24.88
"408","CRAM","2021-06-13",25.5992307692308,26.6,24.65
"409","CRAM","2021-06-14",24.9536956521739,25.88,23.79
"410","CRAM","2021-06-15",23.8892857142857,24.21,23.76
"411","CRAM","2021-06-16",23.8905,25.13,22.8
"412","CRAM","2021-06-17",23.9097826086957,25.35,22.78
"413","CRAM","2021-06-18",24.1668085106383,25.79,23.23
"414","CRAM","2021-06-19",23.8595833333333,24.49,23.08
"415","CRAM","2021-06-20",23.4935416666667,24.46,22.7
"416","CRAM","2021-06-21",22.21875,23.04,21.12
"417","CRAM","2021-06-22",20.8304166666667,21.41,20.09
"418","CRAM","2021-06-23",20.3864583333333,21.07,19.79
"419","CRAM","2021-06-24",21.078125,22.41,19.76
"420","CRAM","2021-06-25",21.38,21.78,20.55
"421","CRAM","2021-06-26",22.873125,24.56,21
"422","CRAM","2021-06-27",22.39625,22.7,21.9
"423","CRAM","2021-06-28",22.6422916666667,24.16,21.86
"424","CRAM","2021-06-29",23.03875,24.28,22.04
"425","CRAM","2021-06-30",23.1647916666667,23.92,22.6
"426","CRAM","2021-07-01",23.7739583333333,24.86,22.59
"427","CRAM","2021-07-02",23.8658333333333,24.96,23.01
"428","CRAM","2021-07-03",24.2631914893617,25.75,22.95
"429","CRAM","2021-07-04",24.9379166666667,25.94,23.6
"430","CRAM","2021-07-05",25.6002083333333,26.66,24.54
"431","CRAM","2021-07-06",26.1154166666667,26.77,25.17
"432","CRAM","2021-07-07",24.8195833333333,25.68,23.57
"433","CRAM","2021-07-08",22.9204166666667,23.52,22.06
"434","CRAM","2021-07-09",23.0233333333333,24.67,22.02
"435","CRAM","2021-07-10",23.7595833333333,25.51,22.12
"436","CRAM","2021-07-11",24.3227083333333,26.66,22.73
"437","CRAM","2021-07-12",24.6347916666667,26.06,23.2
"438","CRAM","2021-07-13",24.6481578947368,25.95,23.84
"439","CRAM","2021-07-14",24.8117391304348,26.51,24.06
"440","CRAM","2021-07-15",24.6405128205128,25.95,23.93
"441","CRAM","2021-07-16",24.2775,24.91,23.87
"442","CRAM","2021-07-17",25.2928947368421,27.17,23.84
"443","CRAM","2021-07-18",25.9047619047619,27.61,24.34
"444","CRAM","2021-07-19",26.050243902439,27.71,24.85
"445","CRAM","2021-07-20",25.575625,26.61,24.98
"446","CRAM","2021-07-21",24.7889583333333,25.4,23.87
"447","CRAM","2021-07-22",24.0687096774194,24.54,23.78
"448","CRAM","2021-07-23",24.104375,24.89,23.65
"449","CRAM","2021-07-24",24.83,25.55,24
"450","CRAM","2021-07-25",24.7212121212121,25.44,24.33
"451","CRAM","2021-07-26",24.6597058823529,25.29,24.32
"452","CRAM","2021-07-27",24.9859259259259,26.29,24.34
"453","CRAM","2021-07-28",25.8497674418605,27.29,24.56
"454","CRAM","2021-07-29",25.17875,25.96,24.64
"455","CRAM","2021-07-30",25.005625,25.97,24.04
"456","CRAM","2021-07-31",24.7058974358974,25.91,24.02
"457","CRAM","2021-08-01",24.5465,25.34,23.82
"458","CRAM","2021-08-02",23.9758333333333,25.11,23.28
"459","CRAM","2021-08-03",23.629696969697,24.15,23.24
"460","CRAM","2021-08-04",23.8784444444444,24.57,23.31
"461","CRAM","2021-08-05",24.3615384615385,25.35,23.45
"462","CRAM","2021-08-06",23.4380555555556,23.91,23.02
"463","CRAM","2021-08-07",23.3981818181818,24.17,22.99
"464","CRAM","2021-08-08",22.914375,23.11,22.65
"465","CRAM","2021-08-09",22.7018181818182,23.04,22.62
"466","CRAM","2021-08-10",24.505,25.89,23.38
"467","CRAM","2021-08-11",23.910652173913,24.72,23.3
"468","CRAM","2021-08-12",23.5179166666667,23.99,23.02
"469","CRAM","2021-08-13",23.106170212766,23.77,22.56
"470","CRAM","2021-08-14",22.6902083333333,23.22,22.14
"471","CRAM","2021-08-15",23.0254166666667,24.19,22.09
"472","CRAM","2021-08-16",23.403125,24.57,22.45
"473","CRAM","2021-08-17",23.6125531914894,24.8,22.76
"474","CRAM","2021-08-18",23.8920833333333,24.94,22.96
"475","CRAM","2021-08-19",24.5002222222222,25.8,23.33
"476","CRAM","2021-08-20",23.9716666666667,24.16,23.89
"477","CRAM","2021-08-21",24.9917777777778,25.81,24.27
"478","CRAM","2021-08-22",24.3616666666667,25.43,23.5
"479","CRAM","2021-08-23",24.2025,25.48,23.45
"480","CRAM","2021-08-24",24.26625,25.44,23.54
"481","CRAM","2021-08-25",23.8966666666667,24.68,23.54
"482","CRAM","2021-08-26",24.0142553191489,24.5,23.52
"483","CRAM","2021-08-27",23.6177083333333,24.19,22.89
"484","CRAM","2021-08-28",22.5777083333333,22.88,22.38
"485","CRAM","2021-08-29",23.0820833333333,23.67,22.39
"486","CRAM","2021-08-30",22.8239583333333,23.27,22.39
"487","CRAM","2021-08-31",22.61125,23.33,22.15
"488","CRAM","2021-09-01",22.6889583333333,23.68,22.02
"489","CRAM","2021-09-02",22.6325,23.98,21.87
"490","CRAM","2021-09-03",22.4310416666667,23.28,21.84
"491","CRAM","2021-09-04",21.4970833333333,21.82,21.06
"492","CRAM","2021-09-05",20.9933333333333,21.68,20.51
"493","CRAM","2021-09-06",20.4227083333333,20.8,19.92
"494","CRAM","2021-09-07",20.579375,21.68,19.91
"495","CRAM","2021-09-08",20.144375,20.7,19.68
"496","CRAM","2021-09-09",19.7510416666667,20.56,19.35
"497","CRAM","2021-09-10",19.7333333333333,20.5,19.31
"498","CRAM","2021-09-11",19.9047916666667,20.72,19.28
"499","CRAM","2021-09-12",19.715625,20.41,19.4
"500","CRAM","2021-09-13",19.796875,20.78,19.23
"501","CRAM","2021-09-14",19.956875,21.06,19.18
"502","CRAM","2021-09-15",19.0622916666667,19.35,18.64
"503","CRAM","2021-09-16",19.145,20.13,18.6
"504","CRAM","2021-09-17",18.9385416666667,19.6,18.54
"505","CRAM","2021-09-18",18.7264583333333,19.53,18.26
"506","CRAM","2021-09-19",18.7739583333333,19.77,18.25
"507","CRAM","2021-09-20",19.3695833333333,20.23,18.33
"508","CRAM","2021-09-21",19.5735416666667,20.07,19.05
"509","CRAM","2021-09-22",19.1070833333333,19.8,18.55
"510","CRAM","2021-09-23",18.8491666666667,19.93,18.21
"511","CRAM","2021-09-24",18.58,19.65,17.98
"512","CRAM","2021-09-25",17.90125,18.88,17.37
"513","CRAM","2021-09-26",17.3146808510638,17.77,16.96
"514","CRAM","2021-09-27",17.46125,18.48,16.95
"515","CRAM","2021-09-28",17.5260416666667,18.66,16.95
"516","CRAM","2021-09-29",17.551875,18.48,16.93
"517","CRAM","2021-09-30",18.3160416666667,19.74,17.03
"518","CRAM","2021-10-01",18.5752083333333,19.39,17.47
"519","CRAM","2021-10-02",18.8364583333333,19.7,18.07
"520","CRAM","2021-10-03",19.496875,20.35,18.47
"521","CRAM","2021-10-04",18.9783333333333,19.49,18.4
"522","CRAM","2021-10-05",18.2652083333333,18.5,17.97
"523","CRAM","2021-10-06",18.3577083333333,19.12,17.87
"524","CRAM","2021-10-07",18.125625,18.52,17.72
"525","CRAM","2021-10-08",18.30125,18.86,17.69
"526","CRAM","2021-10-09",18.2275,18.71,17.95
"527","CRAM","2021-10-10",18.3525,18.88,17.95
"528","CRAM","2021-10-11",18.1402083333333,18.49,17.72
"529","CRAM","2021-10-12",17.8327083333333,18.33,17.59
"530","CRAM","2021-10-13",17.559375,17.82,17.38
"531","CRAM","2021-10-14",17.2714583333333,17.42,16.94
"532","CRAM","2021-10-15",16.6641666666667,17.15,16.19
"533","CRAM","2021-10-16",15.9479166666667,16.37,15.49
"534","CRAM","2021-10-17",15.0741666666667,15.45,14.61
"535","CRAM","2021-10-18",14.4814583333333,15.02,14.1
"536","CRAM","2021-10-19",14.3916666666667,15.2,14.05
"537","CRAM","2021-10-20",14.3647916666667,14.86,14.02
"538","CRAM","2021-10-21",13.7928571428571,14.08,13.44
"539","CRAM","2021-10-22",13.1660416666667,13.51,12.75
"540","CRAM","2021-10-23",12.6335416666667,13.12,12.24
"541","CRAM","2021-10-24",12.0904166666667,12.44,11.66
"542","CRAM","2021-10-25",11.5910416666667,11.94,11.17
"543","CRAM","2021-10-26",11.0083333333333,11.23,10.64
"544","CRAM","2021-10-27",10.6313636363636,10.95,10.29
"545","CRAM","2021-10-28",10.3414583333333,10.58,10.17
"546","CRAM","2021-10-29",10.174375,10.23,10.13
"547","CRAM","2021-10-30",10.0582978723404,10.13,9.95
"548","CRAM","2021-10-31",10.1404166666667,10.95,9.81
"549","CRAM","2021-11-01",9.57395833333333,9.8,9.22
"550","CRAM","2021-11-02",8.86083333333333,9.21,8.44
"551","CRAM","2021-11-03",8.12729166666667,8.44,7.83
"552","CRAM","2021-11-04",7.675625,7.85,7.44
"553","CRAM","2021-11-05",7.46583333333333,8.01,7.18
"554","CRAM","2021-11-06",7.14729166666667,7.32,6.97
"555","CRAM","2021-11-07",7.17645833333333,7.51,6.96
"556","CRAM","2021-11-08",7.28291666666667,7.53,7
"557","CRAM","2022-05-04",4.8445,5.78,4.31
"558","CRAM","2022-05-05",6.34454545454545,7.63,4.5
"559","CRAM","2022-05-06",8.23392857142857,9.82,6.46
"560","CRAM","2022-05-07",9.5035,11.26,7.72
"561","CRAM","2022-05-08",10.7316279069767,11.96,9.1
"562","CRAM","2022-05-09",9.99461538461538,10.35,9.44
"563","CRAM","2022-05-10",10.1983333333333,10.68,9.52
"564","CRAM","2022-05-11",13.2597222222222,15.01,10.73
"565","CRAM","2022-05-12",14.4229166666667,15.24,12.68
"566","CRAM","2022-05-13",15.5236842105263,16.15,14.87
"567","CRAM","2022-05-14",17.4080952380952,18.72,15.29
"568","CRAM","2022-05-15",18.1878260869565,20.17,17.25
"569","CRAM","2022-05-16",17.6295833333333,18.43,16.86
"570","CRAM","2022-05-17",17.1402083333333,18.05,16.31
"571","CRAM","2022-05-18",17.7885106382979,19.66,16.27
"572","CRAM","2022-05-19",17.280652173913,18.53,16.49
"573","CRAM","2022-05-20",16.9054166666667,17.66,16.5
"574","CRAM","2022-05-21",16.456875,17.13,15.53
"575","CRAM","2022-05-22",15.72,16.35,15.17
"576","CRAM","2022-05-23",14.9522916666667,15.44,14.26
"577","CRAM","2022-05-24",15.381914893617,16.59,14.23
"578","CRAM","2022-05-25",16.145,17.65,14.65
"579","CRAM","2022-05-26",14.935,15.62,14.42
"580","CRAM","2022-05-27",14.3158333333333,14.55,14
"581","CRAM","2022-05-28",15.7278571428571,17.48,14.02
"582","CRAM","2022-05-29",15.2564583333333,15.52,14.92
"583","CRAM","2022-05-30",16.110625,16.72,14.94
"584","CRAM","2022-05-31",17.9144680851064,18.89,16.26
"585","CRAM","2022-06-01",18.0565957446809,19.33,16.98
"586","CRAM","2022-06-02",18.28,19.61,16.98
"587","CRAM","2022-06-03",18.3173913043478,18.89,17.75
"588","CRAM","2022-06-04",17.995,18.61,17.5
"589","CRAM","2022-06-05",18.1333333333333,18.74,17.47
"590","CRAM","2022-06-06",18.669375,20.4,17.75
"591","CRAM","2022-06-07",19.1445652173913,20.91,18.05
"592","CRAM","2022-06-08",19.465,20.68,18.3
"593","CRAM","2022-06-09",19.2264583333333,19.96,18.52
"594","CRAM","2022-06-10",19.3052083333333,19.77,18.53
"595","CRAM","2022-06-11",19.8908333333333,20.55,18.97
"596","CRAM","2022-06-12",19.44375,19.95,18.9
"597","CRAM","2022-06-13",20.0489583333333,21.38,18.88
"598","CRAM","2022-06-14",19.2025,19.44,18.88
"599","CRAM","2022-06-15",20.7241666666667,21.81,18.89
"600","CRAM","2022-06-16",21.7028888888889,23.41,20.35
"601","CRAM","2022-06-17",20.169375,20.68,19.44
"602","CRAM","2022-06-18",20.5002173913043,21.59,19.46
"603","CRAM","2022-06-19",21.1820833333333,22.59,19.79
"604","CRAM","2022-06-20",20.7714583333333,21.26,20.21
"605","CRAM","2022-06-21",23.0441666666667,25.78,20.66
"606","CRAM","2022-06-22",23.8882978723404,25.02,22.65
"607","CRAM","2022-06-23",23.296875,24.18,22.68
"608","CRAM","2022-06-24",24.0835416666667,25.51,22.65
"609","CRAM","2022-06-25",24.77125,26.58,23.6
"610","CRAM","2022-06-26",24.0572916666667,24.76,23.04
"611","CRAM","2022-06-27",22.2933333333333,23.01,21.24
"612","CRAM","2022-06-28",21.8585714285714,22.61,21.17
"613","CRAM","2022-06-29",21.603125,22.19,21.09
"614","CRAM","2022-06-30",21.970625,22.87,21.06
"615","CRAM","2022-07-01",22.2821739130435,24.57,21.34
"616","CRAM","2022-07-02",22.2427083333333,22.74,21.66
"617","CRAM","2022-07-03",22.1866666666667,22.71,21.6
"618","CRAM","2022-07-04",23.0522916666667,24.6,21.69
"619","CRAM","2022-07-05",22.5125,22.69,22.3
"620","CRAM","2022-07-06",22.9417021276596,23.78,22.32
"621","CRAM","2022-07-07",23.00375,24.01,22.36
"622","CRAM","2022-07-08",23.4352173913043,24.5,22.54
"623","CRAM","2022-07-09",23.7802083333333,24.91,22.75
"624","CRAM","2022-07-10",24.2317021276596,25.38,23.03
"625","CRAM","2022-07-11",24.006875,25.24,23.49
"626","CRAM","2022-07-12",23.7372916666667,24.44,23.1
"627","CRAM","2022-07-13",23.4097916666667,24.06,22.97
"628","CRAM","2022-07-14",23.76,24.99,22.91
"629","CRAM","2022-07-15",24.0402083333333,25.38,22.91
"630","CRAM","2022-07-16",23.528125,24.37,23.08
"631","CRAM","2022-07-17",24.8833333333333,26.76,23.07
"632","CRAM","2022-07-18",25.5102127659574,27.3,23.87
"633","CRAM","2022-07-19",25.8314893617021,26.87,24.65
"634","CRAM","2022-07-20",25.5477083333333,26.18,24.87
"635","CRAM","2022-07-21",24.570625,24.91,23.9
"636","CRAM","2022-07-22",24.34,24.94,23.8
"637","CRAM","2022-07-23",24.5585416666667,25.14,23.77
"638","CRAM","2022-07-24",24.45875,25.11,23.9
"639","CRAM","2022-07-25",23.8310416666667,24.5,23
"640","CRAM","2022-07-26",23.321875,23.97,22.74
"641","CRAM","2022-07-27",23.4654166666667,24.24,22.72
"642","CRAM","2022-07-28",23.4827083333333,24.3,22.75
"643","CRAM","2022-07-29",22.7810416666667,23.32,22.2
"644","CRAM","2022-07-30",22.6445833333333,23.37,22.16
"645","CRAM","2022-07-31",23.2952083333333,24.23,22.27
"646","CRAM","2022-08-01",23.4675,24.46,22.71
"647","CRAM","2022-08-02",22.95875,23.5,22.4
"648","CRAM","2022-08-03",22.8683333333333,23.47,22.36
"649","CRAM","2022-08-04",23.1725531914894,23.8,22.52
"650","CRAM","2022-08-05",24.3226666666667,25.95,22.75
"651","CRAM","2022-08-06",24.1833333333333,25.17,23.35
"652","CRAM","2022-08-07",24.0314583333333,24.65,23.51
"653","CRAM","2022-08-08",23.9258333333333,24.84,23.18
"654","CRAM","2022-08-09",23.6185416666667,24.94,22.92
"655","CRAM","2022-08-10",23.936875,25.3,22.87
"656","CRAM","2022-08-11",23.9302083333333,24.9,23.25
"657","CRAM","2022-08-12",23.9879166666667,25.23,23.2
"658","CRAM","2022-08-13",23.1285416666667,23.55,22.48
"659","CRAM","2022-08-14",22.1441666666667,22.45,21.79
"660","CRAM","2022-08-15",21.956875,22.43,21.65
"661","CRAM","2022-08-16",22.5479166666667,24.1,21.62
"662","CRAM","2022-08-17",23.131875,24.6,21.77
"663","CRAM","2022-08-18",22.6854166666667,23.17,22.16
"664","CRAM","2022-08-19",23.016170212766,24.31,22.15
"665","CRAM","2022-08-20",23.1723913043478,24.09,22.56
"666","CRAM","2022-08-21",23.179375,23.92,22.59
"667","CRAM","2022-08-22",23.399375,25.03,22.54
"668","CRAM","2022-08-23",23.530652173913,24.74,22.55
"669","CRAM","2022-08-24",24.1035416666667,25.25,22.95
"670","CRAM","2022-08-25",24.1990909090909,25.02,23.53
"671","CRAM","2022-08-26",23.29625,23.88,22.63
"672","CRAM","2022-08-27",23.3106666666667,24.56,22.58
"673","CRAM","2022-08-28",22.52375,22.77,22.15
"674","CRAM","2022-08-29",22.21625,22.39,22.06
"675","CRAM","2022-08-30",22.3354347826087,22.87,21.84
"676","CRAM","2022-08-31",21.9210416666667,22.49,21.46
"677","CRAM","2022-09-01",21.825,22.32,21.43
"678","CRAM","2022-09-02",22.7939583333333,24.4,21.48
"679","CRAM","2022-09-03",22.8710638297872,23.7,22.17
"680","CRAM","2022-09-04",22.300625,23.29,21.51
"681","CRAM","2022-09-05",22.1127083333333,23.46,21.33
"682","CRAM","2022-09-06",21.96125,22.88,21.21
"683","CRAM","2022-09-07",22.0195652173913,23.08,21.2
"684","CRAM","2022-09-08",22.691875,24.72,21.44
"685","CRAM","2022-09-09",22.2679166666667,22.95,21.7
"686","CRAM","2022-09-10",21.7920833333333,22.28,21.28
"687","CRAM","2022-09-11",21.04,21.32,20.56
"688","CRAM","2022-09-12",20.6647916666667,21.24,20.16
"689","CRAM","2022-09-13",20.3448936170213,21.71,19.72
"690","CRAM","2022-09-14",20.2457777777778,21.05,19.68
"691","CRAM","2022-09-15",19.9747916666667,20.83,19.31
"692","CRAM","2022-09-16",19.6933333333333,20.16,19.19
"693","CRAM","2022-09-17",19.7716666666667,19.99,19.53
"694","CRAM","2022-09-18",20.5941666666667,21.39,19.54
"695","CRAM","2022-09-19",20.196875,20.85,19.62
"696","CRAM","2022-09-20",20.4529787234043,22.17,19.6
"697","CRAM","2022-09-21",20.9083333333333,22.07,19.9
"698","CRAM","2022-09-22",19.678125,20.21,18.98
"699","CRAM","2022-09-23",18.784375,19.45,18.11
"700","CRAM","2022-09-24",17.9541666666667,18.25,17.56
"701","CRAM","2022-09-25",17.3025,17.54,17.02
"702","CRAM","2022-09-26",16.8945833333333,17.48,16.5
"703","CRAM","2022-09-27",16.116875,16.47,15.61
"704","CRAM","2022-09-28",15.2297916666667,15.6,14.69
"705","CRAM","2022-09-29",15.05,16.37,14.39
"706","CRAM","2022-09-30",14.7002083333333,15.36,14.3
"707","CRAM","2022-10-01",14.95375,15.77,14.27
"708","CRAM","2022-10-02",15.1229166666667,15.97,14.43
"709","CRAM","2022-10-03",15.02375,15.66,14.55
"710","CRAM","2022-10-04",15.0745833333333,16.04,14.48
"711","CRAM","2022-10-05",15.3160416666667,16.1,14.86
"712","CRAM","2022-10-06",15.325,15.92,14.87
"713","CRAM","2022-10-07",14.5780434782609,14.93,14.01
"714","CRAM","2022-10-08",13.723125,14.16,13.16
"715","CRAM","2022-10-09",13.0045833333333,13.51,12.61
"716","CRAM","2022-10-10",12.9742553191489,14.1,12.4
"717","CRAM","2022-10-11",12.7285416666667,13.71,12.37
"718","CRAM","2022-10-12",12.9791111111111,13.24,12.36
"719","CRAM","2022-10-13",12.8116666666667,13.15,12.5
"720","CRAM","2022-10-14",12.263125,12.5,11.92
"721","CRAM","2022-10-15",11.5810416666667,11.89,11.18
"722","CRAM","2022-10-16",10.915,11.19,10.64
"723","CRAM","2022-10-17",10.3514583333333,10.68,9.84
"724","CRAM","2022-10-18",9.36604166666667,9.81,8.89
"725","CRAM","2022-10-19",8.52208333333333,8.88,8.19
"726","CRAM","2022-10-20",8.06583333333333,8.45,7.81
"727","CRAM","2022-10-21",8.044375,8.82,7.74
"728","CRAM","2022-10-22",8.22833333333333,9.06,7.72
"729","CRAM","2022-10-23",8.71854166666667,9.07,8.03
"730","CRAM","2022-10-24",9.45395833333333,9.88,8.73
"731","CRAM","2022-10-25",10.1891666666667,10.46,9.83
"732","CRAM","2022-10-26",9.56541666666667,9.81,9.26
"733","CRAM","2022-10-27",8.924375,9.24,8.55
"734","CRAM","2022-10-28",8.6275,9.06,8.38
"735","CRAM","2022-10-29",8.56625,8.97,8.34
"736","CRAM","2022-10-30",8.62916666666667,9.23,8.32
"737","CRAM","2022-10-31",8.82166666666667,9.45,8.38
"738","CRAM","2022-11-01",8.82770833333333,9.8,8.44
"739","CRAM","2022-11-02",9.09479166666667,10.17,8.5
"740","CRAM","2022-11-03",9.074375,9.4,8.68
"741","CRAM","2022-11-04",9.53916666666667,10.01,8.91
"742","CRAM","2022-11-05",9.26,9.79,8.97
"743","CRAM","2022-11-06",8.71916666666667,8.96,8.48
"744","CRAM","2022-11-07",8.27791666666667,8.6,7.82
"745","CRAM","2022-11-08",7.60458333333333,7.81,7.3
"746","CRAM","2022-11-09",7.19416666666667,7.35,7.05
"747","CRAM","2022-11-10",7.32625,7.94,7.05
"748","CRAM","2022-11-11",7.39291666666667,7.81,7.18
"749","CRAM","2022-11-12",6.92520833333333,7.16,6.61
"750","CRAM","2022-11-13",6.363125,6.68,6.04
"751","CRAM","2022-11-14",6.00083333333333,6.17,5.86
"752","CRAM","2023-05-13",15.9280434782609,16.7,15
"753","CRAM","2023-05-14",15.3631914893617,16.86,14.24
"754","CRAM","2023-05-15",15.2152173913043,16.78,14.1
"755","CRAM","2023-05-16",15.7245833333333,16.58,14.5
"756","CRAM","2023-05-17",16.1897916666667,17.7,15.12
"757","CRAM","2023-05-18",15.770652173913,17.05,14.91
"758","CRAM","2023-05-19",15.2691666666667,15.79,14.8
"759","CRAM","2023-05-20",14.0058333333333,14.77,13.2
"760","CRAM","2023-05-21",14.6185714285714,15.35,13.21
"761","CRAM","2023-05-22",15.8804761904762,17.16,14.42
"762","CRAM","2023-05-23",16.8557142857143,17.71,15.29
"763","CRAM","2023-05-24",17.6521428571429,19.33,16.49
"764","CRAM","2023-05-25",17.145,17.96,16.11
"765","CRAM","2023-05-26",17.5291666666667,18.73,16.05
"766","CRAM","2023-05-27",18.4954166666667,20.46,16.77
"767","CRAM","2023-05-28",19.190487804878,20.66,17.68
"768","CRAM","2023-05-29",20.7953333333333,22.92,18.6
"769","CRAM","2023-05-30",21.4325,22.85,19.81
"770","CRAM","2023-05-31",21.5423913043478,22.89,20.39
"771","CRAM","2023-06-01",22.4063829787234,23.56,20.97
"772","CRAM","2023-06-02",23.3397872340426,24.59,21.99
"773","CRAM","2023-06-03",23.5170833333333,24.72,22.62
"774","CRAM","2023-06-04",24.5352173913043,25.77,22.94
"775","CRAM","2023-06-05",25.7914583333333,27.64,23.69
"776","CRAM","2023-06-06",25.2646808510638,26.58,23.98
"777","CRAM","2023-06-07",13.5097297297297,23.91,10
"778","CRAM","2023-06-08",22.5213333333333,23.74,17.09
"779","CRAM","2023-06-09",22.3895833333333,23.63,21.43
"780","CRAM","2023-06-10",22.8572340425532,24.58,21.43
"781","CRAM","2023-06-11",21.323125,22.17,20.02
"782","CRAM","2023-06-12",19.93875,20.88,19.19
"783","CRAM","2023-06-13",18.8664583333333,19.25,18.22
"784","CRAM","2023-06-14",18.26375,18.62,17.86
"785","CRAM","2023-06-15",18.5905128205128,20.81,17.67
"786","CRAM","2023-06-16",17.3245833333333,17.63,16.77
"787","CRAM","2023-06-17",19.1533333333333,21.67,16.77
"788","CRAM","2023-06-18",20.3614285714286,21.31,18.46
"789","CRAM","2023-06-19",21.1797872340426,22.09,19.9
"790","CRAM","2023-06-20",21.4560416666667,22.25,20.61
"791","CRAM","2023-06-21",22.9891666666667,24.34,20.95
"792","CRAM","2023-06-22",23.9097916666667,25.35,22.14
"793","CRAM","2023-06-23",25.026511627907,26.71,23.27
"794","CRAM","2023-06-24",24.9702127659574,26.86,24.01
"795","CRAM","2023-06-25",24.6208510638298,25.87,23.75
"796","CRAM","2023-06-26",23.3583333333333,23.82,22.26
"797","CRAM","2023-06-27",21.4334042553192,22.21,20.58
"798","CRAM","2023-06-28",22.4833333333333,24.31,20.58
"799","CRAM","2023-06-29",21.7660416666667,22.04,21.38
"800","CRAM","2023-06-30",22.2568085106383,23.6,21.35
"801","CRAM","2023-07-01",23.170625,24.19,21.79
"802","CRAM","2023-07-02",24.2158695652174,25.39,22.82
"803","CRAM","2023-07-03",24.8597916666667,26.38,23.43
"804","CRAM","2023-07-04",25.4136956521739,27.48,23.99
"805","CRAM","2023-07-05",26.021875,27.6,24.63
"806","CRAM","2023-07-06",25.17375,26.27,23.97
"807","CRAM","2023-07-07",23.988125,24.75,23.02
"808","CRAM","2023-07-08",23.508125,24.42,22.96
"809","CRAM","2023-07-09",23.5035416666667,24.34,22.79
"810","CRAM","2023-07-10",23.21375,24.15,22.55
"811","CRAM","2023-07-11",22.7152083333333,23.64,21.88
"812","CRAM","2023-07-12",22.536170212766,23.07,21.86
"813","CRAM","2023-07-13",22.51625,23.25,22.05
"814","CRAM","2023-07-14",22.56875,23.18,21.99
"815","CRAM","2023-07-15",23.0678260869565,23.91,22.19
"816","CRAM","2023-07-16",23.0179166666667,23.5,22.53
"817","CRAM","2023-07-17",22.6225,23.14,21.88
"818","CRAM","2023-07-18",21.7027083333333,22.08,21.22
"819","CRAM","2023-07-19",21.716875,22.5,21.2
"820","CRAM","2023-07-20",21.416875,21.81,21.08
"821","CRAM","2023-07-21",20.9136170212766,21.19,20.48
"822","CRAM","2023-07-22",21.8439130434783,22.72,20.47
"823","CRAM","2023-07-23",22.3310416666667,23.45,21.25
"824","CRAM","2023-07-24",22.4822916666667,23,21.65
"825","CRAM","2023-07-25",23.1691666666667,24.08,22.1
"826","CRAM","2023-07-26",23.7895833333333,24.85,22.49
"827","CRAM","2023-07-27",24.4202127659574,26.2,23.21
"828","CRAM","2023-07-28",23.9279166666667,25.11,23.27
"829","CRAM","2023-07-29",24.5089583333333,25.89,23.26
"830","CRAM","2023-07-30",24.02375,24.96,23.21
"831","CRAM","2023-07-31",23.5639583333333,24.35,22.9
"832","CRAM","2023-08-01",23.6002083333333,24.3,22.87
"833","CRAM","2023-08-02",23.8140425531915,24.78,23.05
"834","CRAM","2023-08-03",24.2241666666667,25.43,23.23
"835","CRAM","2023-08-04",24.669375,25.35,23.81
"836","CRAM","2023-08-05",24.9525,26.15,24.12
"837","CRAM","2023-08-06",25.2075,26.58,24.09
"838","CRAM","2023-08-07",24.61,25.25,24.03
"839","CRAM","2023-08-08",24.73625,26.31,23.92
"840","CRAM","2023-08-09",24.6535416666667,25.28,23.93
"841","CRAM","2023-08-10",24.2243902439024,24.71,23.65
"842","CRAM","2023-08-11",23.8791666666667,24.73,23.13
"843","CRAM","2023-08-12",22.895,23.32,22.46
"844","CRAM","2023-08-13",22.59625,23.17,22.1
"845","CRAM","2023-08-14",22.6864583333333,23.71,22.05
"846","CRAM","2023-08-15",21.9233333333333,22.32,21.4
"847","CRAM","2023-08-16",22.2531914893617,23.42,21.37
"848","CRAM","2023-08-17",22.3452083333333,23.22,21.79
"849","CRAM","2023-08-18",21.525625,21.9,20.95
"850","CRAM","2023-08-19",21.5635416666667,22.27,20.91
"851","CRAM","2023-08-20",22.3691666666667,23.86,20.96
"852","CRAM","2023-08-21",22.91125,23.95,21.95
"853","CRAM","2023-08-22",22.3104166666667,22.65,21.82
"854","CRAM","2023-08-23",21.3954166666667,21.81,21.12
"855","CRAM","2023-08-24",21.8910416666667,22.75,21.13
"856","CRAM","2023-08-25",21.523125,21.89,21.11
"857","CRAM","2023-08-26",21.8825,22.97,21.07
"858","CRAM","2023-08-27",21.1889583333333,21.87,20.57
"859","CRAM","2023-08-28",21.2227083333333,22.27,20.48
"860","CRAM","2023-08-29",21.1470833333333,21.89,20.5
"861","CRAM","2023-08-30",20.6664583333333,21.15,20.01
"862","CRAM","2023-08-31",20.8322916666667,22.38,19.95
"863","CRAM","2023-09-01",20.8195833333333,21.85,20.03
"864","CRAM","2023-09-02",20.765,21.48,20.11
"865","CRAM","2023-09-03",21.2912765957447,23.39,20.41
"866","CRAM","2023-09-04",22.2851162790698,24.63,20.8
"867","CRAM","2023-09-05",23.085,24.28,21.77
"868","CRAM","2023-09-06",23.4764583333333,24.24,22.6
"869","CRAM","2023-09-07",22.3002083333333,22.9,21.24
"870","CRAM","2023-09-08",20.684375,21.19,20.06
"871","CRAM","2023-09-09",20.2159574468085,21.24,19.6
"872","CRAM","2023-09-10",20.3541666666667,21.31,19.54
"873","CRAM","2023-09-11",19.9304166666667,20.39,19.51
"874","CRAM","2023-09-12",19.4760416666667,19.97,18.98
"875","CRAM","2023-09-13",18.625625,18.95,18.1
"876","CRAM","2023-09-14",18.025625,18.39,17.51
"877","CRAM","2023-09-15",18.2320833333333,19.14,17.48
"878","CRAM","2023-09-16",17.5668085106383,17.73,17.33
"879","CRAM","2023-09-17",17.6072916666667,18.31,17.23
"880","CRAM","2023-09-18",17.28875,17.76,16.88
"881","CRAM","2023-09-19",17.6839583333333,19.4,16.84
"882","CRAM","2023-09-20",17.419375,17.89,16.88
"883","CRAM","2023-09-21",18.3116666666667,20.02,17.18
"884","CRAM","2023-09-22",19.6891304347826,21.86,17.84
"885","CRAM","2023-09-23",19.42875,19.97,18.84
"886","CRAM","2023-09-24",18.694375,18.98,18.04
"887","CRAM","2023-09-25",17.974375,18.31,17.61
"888","CRAM","2023-09-26",17.6541666666667,17.85,17.41
"889","CRAM","2023-09-27",17.574375,17.8,17.35
"890","CRAM","2023-09-28",17.2764583333333,17.44,17.04
"891","CRAM","2023-09-29",17.1677083333333,17.37,16.95
"892","CRAM","2023-09-30",16.9179166666667,17,16.8
"893","CRAM","2023-10-01",17.398125,18.05,16.79
"894","CRAM","2023-10-02",18.5339130434783,19.7,17.2
"895","CRAM","2023-10-03",18.8864583333333,19.97,17.9
"896","CRAM","2023-10-04",19.00625,19.55,18.39
"897","CRAM","2023-10-05",18.5617391304348,19.19,17.97
"898","CRAM","2023-10-06",17.6772727272727,18.26,17.03
"899","CRAM","2023-10-07",16.4704166666667,17.01,15.73
"900","CRAM","2023-10-08",15.4147916666667,15.97,14.89
"901","CRAM","2023-10-09",14.746875,15.18,14.23
"902","CRAM","2023-10-10",13.8879166666667,14.2,13.45
"903","CRAM","2023-10-11",13.29125,13.58,12.95
"904","CRAM","2023-10-12",12.9597916666667,13.32,12.59
"905","CRAM","2023-10-13",12.51125,12.7,12.14
"906","CRAM","2023-10-14",11.8546808510638,12.13,11.57
"907","CRAM","2023-10-15",11.5397916666667,11.72,11.32
"908","CRAM","2023-10-16",11.295,11.56,11.09
"909","CRAM","2023-10-17",10.9697916666667,11.09,10.79
"910","CRAM","2023-10-18",10.9676086956522,11.77,10.78
"911","CRAM","2023-10-19",10.92875,11.01,10.77
"912","CRAM","2023-10-20",10.93,11.11,10.76
"913","CRAM","2023-10-21",10.9002127659574,11.46,10.55
"914","CRAM","2023-10-22",10.374375,10.54,10.19
"915","CRAM","2023-10-23",10.2095833333333,10.7,9.95
"916","CRAM","2023-10-24",9.97229166666667,10.08,9.91
"917","CRAM","2023-10-25",10.1134042553191,10.29,9.92
"918","CRAM","2023-10-26",10.105,10.23,9.99
"919","CRAM","2023-10-27",9.95229166666667,10.04,9.89
"920","CRAM","2023-10-28",9.829375,10.06,9.5
"921","CRAM","2023-10-29",9.26645833333333,9.5,8.88
"922","CRAM","2023-10-30",8.63979166666667,9.09,8.19
"923","CRAM","2023-10-31",7.86791666666667,8.16,7.41
"924","CRAM","2023-11-01",7.22854166666667,7.6,6.9
"925","CRAM","2023-11-02",6.720625,7.09,6.41
"926","CRAM","2023-11-03",6.38723404255319,6.98,6.14
"927","CRAM","2023-11-04",6.19333333333333,6.66,5.92
"928","CRAM","2023-11-05",6.10958333333333,6.57,5.86
"929","CRAM","2023-11-06",5.9875,6.03,5.9
"930","CRAM","2023-11-07",6.029375,6.12,5.92
"931","CRAM","2023-11-08",5.84833333333333,5.98,5.58
"932","CRAM","2023-11-09",5.50625,5.58,5.38
"933","CRAM","2023-11-10",5.33520833333333,5.5,5.19
"934","CRAM","2023-11-11",5.14666666666667,5.27,5
"935","CRAM","2023-11-12",4.92708333333333,5.06,4.72
"936","CRAM","2023-11-13",4.69708333333333,4.85,4.55
"937","CRAM","2023-11-14",4.64125,4.97,4.46
"938","CRAM","2023-11-15",4.5475,4.61,4.49
"939","CRAM","2024-03-22",2.60228571428571,2.96,1.86
"940","CRAM","2024-03-23",1.78833333333333,2.05,1.39
"941","CRAM","2024-03-24",1.90604166666667,2.73,1.38
"942","CRAM","2024-03-25",1.46333333333333,1.66,1.34
"943","CRAM","2024-03-26",0.948333333333333,1.57,0.53
"944","CRAM","2024-03-27",0.749347826086956,1.03,0.42
"945","CRAM","2024-03-28",1.04333333333333,1.36,0.72
"946","CRAM","2024-03-29",1.1125,1.39,0.93
"947","CRAM","2024-03-30",1.86875,3.25,0.95
"948","CRAM","2024-03-31",1.11479166666667,1.37,0.87
"949","CRAM","2024-04-01",1.31166666666667,1.62,0.87
"950","CRAM","2024-04-02",1.70666666666667,2.22,1.06
"951","CRAM","2024-04-03",1.59958333333333,1.79,1.36
"952","CRAM","2024-04-04",0.973541666666667,1.41,0.76
"953","CRAM","2024-04-05",0.627291666666667,0.78,0.53
"954","CRAM","2024-04-06",0.7995,1.21,0.54
"955","CRAM","2024-04-07",2.695,4.37,0.79
"956","CRAM","2024-04-08",3.93484848484849,4.74,2.68
"957","CRAM","2024-04-09",4.1225,4.27,3.97
"958","CRAM","2024-04-10",4.42804347826087,4.8,4.13
"959","CRAM","2024-04-11",5.38292682926829,6.62,4.16
"960","CRAM","2024-04-12",5.85955555555556,6.9,5.2
"961","CRAM","2024-04-13",5.23,5.39,5.01
"962","CRAM","2024-04-14",6.58978260869565,7.98,5.15
"963","CRAM","2024-04-15",7.16869565217391,7.64,6.47
"964","CRAM","2024-04-16",8.40641025641026,10.32,7.16
"965","CRAM","2024-04-17",8.07541666666667,8.44,7.56
"966","CRAM","2024-04-18",7.438125,8.09,7.2
"967","CRAM","2024-04-19",7.53270833333333,7.93,7.16
"968","CRAM","2024-04-20",6.96458333333333,7.21,6.61
"969","CRAM","2024-04-21",6.50270833333333,6.78,6.22
"970","CRAM","2024-04-22",6.84625,7.17,6.21
"971","CRAM","2024-04-23",7.82148936170213,8.79,6.84
"972","CRAM","2024-04-24",7.73717948717949,8.25,7.41
"973","CRAM","2024-04-25",8.49173913043478,10.19,7.4
"974","CRAM","2024-04-26",9.49375,10.94,8.02
"975","CRAM","2024-04-27",9.19604166666667,9.46,8.91
"976","CRAM","2024-04-28",9.270625,9.78,9.06
"977","CRAM","2024-04-29",8.91333333333333,9.1,8.64
"978","CRAM","2024-04-30",8.94520833333333,9.4,8.63
"979","CRAM","2024-05-01",9.79893617021277,10.58,8.68
"980","CRAM","2024-05-02",9.82416666666667,10.06,9.47
"981","CRAM","2024-05-03",9.66895833333333,9.74,9.54
"982","CRAM","2024-05-04",10.7619512195122,11.67,9.54
"983","CRAM","2024-05-05",10.8735416666667,11.21,10.46
"984","CRAM","2024-05-06",11.8351162790698,13.56,10.46
"985","CRAM","2024-05-07",13.8391111111111,15.16,11.58
"986","CRAM","2024-05-08",13.2745833333333,13.6,12.86
"987","CRAM","2024-05-09",14.0989130434783,15.69,12.8
"988","CRAM","2024-05-10",14.1595744680851,15.8,13.26
"989","CRAM","2024-05-11",13.9516666666667,15.03,13.29
"990","CRAM","2024-05-12",14.1008510638298,14.85,13.31
"991","CRAM","2024-05-13",14.7725581395349,17.33,13.69
"992","CRAM","2024-05-14",15.4755555555556,17.19,14.31
"993","CRAM","2024-05-15",15.7025,17.09,14.57
"994","CRAM","2024-05-16",16.8266666666667,18.15,15.04
"995","CRAM","2024-05-17",15.6054166666667,16.17,15.07
"996","CRAM","2024-05-18",16.7606976744186,17.74,15.06
"997","CRAM","2024-05-19",17.6747916666667,18.75,16.46
"998","CRAM","2024-05-20",18.1145833333333,18.97,17.02
"999","CRAM","2024-05-21",17.8916666666667,18.26,17.62
"1000","CRAM","2024-05-22",17.5860416666667,17.79,17.21
"1001","CRAM","2024-05-23",16.8297916666667,17.2,16.24
"1002","CRAM","2024-05-24",17.121875,18.13,16.22
"1003","CRAM","2024-05-25",16.825625,17.15,16.37
"1004","CRAM","2024-05-26",17.0514893617021,17.88,16.34
"1005","CRAM","2024-05-27",16.9354166666667,17.19,16.54
"1006","CRAM","2024-05-28",17.5010869565217,18.36,16.52
"1007","CRAM","2024-05-29",16.9708333333333,17.38,16.51
"1008","CRAM","2024-05-30",17.955,19.7,16.51
"1009","CRAM","2024-05-31",18.5232558139535,19.96,17.21
"1010","CRAM","2024-06-01",18.6308333333333,19.31,17.87
"1011","CRAM","2024-06-02",18.5647916666667,19.2,18.23
"1012","CRAM","2024-06-03",20.525,22.07,18.27
"1013","CRAM","2024-06-04",19.7854166666667,20.18,19.58
"1014","CRAM","2024-06-05",21.2575,22.32,19.61
"1015","CRAM","2024-06-06",20.6491666666667,21.77,19.72
"1016","CRAM","2024-06-07",19.3575,19.69,18.66
"1017","CRAM","2024-06-08",18.963125,19.31,18.6
"1018","CRAM","2024-06-09",19.0897916666667,19.46,18.62
"1019","CRAM","2024-06-10",18.4889583333333,18.74,17.93
"1020","CRAM","2024-06-11",18.860652173913,19.79,17.92
"1021","CRAM","2024-06-12",18.133125,18.3,17.82
"1022","CRAM","2024-06-13",18.7068085106383,19.85,17.84
"1023","CRAM","2024-06-14",19.175,19.52,18.48
"1024","CRAM","2024-06-15",20.956,23.09,18.89
"1025","CRAM","2024-06-16",20.220625,20.73,19.63
"1026","CRAM","2024-06-17",19.996875,20.37,19.6
"1027","CRAM","2024-06-18",20.26,21,19.68
"1028","CRAM","2024-06-19",21.971914893617,22.85,20.22
"1029","CRAM","2024-06-20",22.26125,23.07,21.73
"1030","CRAM","2024-06-21",21.6033333333333,21.88,21.15
"1031","CRAM","2024-06-22",21.174375,21.41,20.86
"1032","CRAM","2024-06-23",20.644375,20.85,20.23
"1033","CRAM","2024-06-24",21.1341666666667,21.79,20.22
"1034","CRAM","2024-06-25",21.9135416666667,23.04,20.74
"1035","CRAM","2024-06-26",22.4629166666667,22.99,21.55
"1036","CRAM","2024-06-27",22.03625,22.5,21.37
"1037","CRAM","2024-06-28",22.3954166666667,23.48,21.36
"1038","CRAM","2024-06-29",21.18375,21.62,20.91
"1039","CRAM","2024-06-30",21.024375,21.63,20.4
"1040","CRAM","2024-07-01",21.3487234042553,22.25,20.39
"1041","CRAM","2024-07-02",21.435,22.33,20.65
"1042","CRAM","2024-07-03",20.4352083333333,20.79,20.19
"1043","CRAM","2024-07-04",21.2692857142857,22.12,20.2
"1044","CRAM","2024-07-05",21.8670833333333,22.46,20.99
"1045","CRAM","2024-07-06",21.8172916666667,22.64,21.21
"1046","CRAM","2024-07-07",22.7795833333333,24.36,21.21
"1047","CRAM","2024-07-08",22.416170212766,23.26,21.85
"1048","CRAM","2024-07-09",22.4810638297872,23.2,21.85
"1049","CRAM","2024-07-10",23.6913043478261,25.15,22.09
"1050","CRAM","2024-07-11",24.1522727272727,25.33,23.01
"1051","CRAM","2024-07-12",25.2510416666667,27.13,23.43
"1052","CRAM","2024-07-13",25.5291666666667,26.93,24.16
"1053","CRAM","2024-07-14",25.133125,25.81,24.51
"1054","CRAM","2024-07-15",25.7051111111111,27.32,24.49
"1055","CRAM","2024-07-16",25.7289583333333,26.96,24.82
"1056","CRAM","2024-07-17",24.8835416666667,25.57,23.99
"1057","CRAM","2024-07-18",23.5660416666667,23.97,22.83
"1058","CRAM","2024-07-19",23.82125,25.61,22.8
"1059","CRAM","2024-07-20",23.8123404255319,24.63,22.98
"1060","CRAM","2024-07-21",24.2202127659574,25.43,23.37
"1061","CRAM","2024-07-22",24.680625,26.6,23.42
"1062","CRAM","2024-07-23",24.6522916666667,26.17,23.69
"1063","CRAM","2024-07-24",23.296875,23.66,22.7
"1064","CRAM","2024-07-25",23.4079166666667,24.48,22.68
"1065","CRAM","2024-07-26",24.219375,26.55,22.65
"1066","CRAM","2024-07-27",23.863125,24.8,23.03
"1067","CRAM","2024-07-28",24.2870833333333,25.34,23.28
"1068","CRAM","2024-07-29",24.6895744680851,25.36,23.91
"1069","CRAM","2024-07-30",25.0528260869565,25.53,24.4
"1070","CRAM","2024-07-31",25.1772916666667,26.65,24.43
"1071","CRAM","2024-08-01",26.130652173913,28.04,24.41
"1072","CRAM","2024-08-02",25.4183333333333,26.12,24.7
"1073","CRAM","2024-08-03",25.6239583333333,26.55,24.69
"1074","CRAM","2024-08-04",25.8691666666667,27.54,24.99
"1075","CRAM","2024-08-05",25.2085416666667,26.04,24.44
"1076","CRAM","2024-08-06",24.1455319148936,24.52,23.48
"1077","CRAM","2024-08-07",24.035,25.09,23.32
"1078","CRAM","2024-08-08",23.2904166666667,23.62,22.93
"1079","CRAM","2024-08-09",22.758125,23.31,22.09
"1080","CRAM","2024-08-10",21.67125,22.08,20.95
"1081","CRAM","2024-08-11",20.4464583333333,20.92,19.97
"1082","CRAM","2024-08-12",20.9354166666667,22.27,19.96
"1083","CRAM","2024-08-13",22.3358333333333,24.2,20.36
"1084","CRAM","2024-08-14",23.1875,25.52,21.37
"1085","CRAM","2024-08-15",23.4595833333333,24.85,21.9
"1086","CRAM","2024-08-16",22.1129166666667,22.55,21.64
"1087","CRAM","2024-08-17",22.2897826086957,23.65,21.64
"1088","CRAM","2024-08-18",21.6397916666667,22,21.19
"1089","CRAM","2024-08-19",21.8617391304348,23.38,21.16
"1090","CRAM","2024-08-20",21.8529166666667,23.1,21.02
"1091","CRAM","2024-08-21",22.1191666666667,23.89,20.95
"1092","CRAM","2024-08-22",22.323125,24.16,21.06
"1093","CRAM","2024-08-23",22.0127083333333,22.91,21.3
"1094","CRAM","2024-08-24",21.7835416666667,22.28,21.39
"1095","CRAM","2024-08-25",22.9989583333333,24.65,21.55
"1096","CRAM","2024-08-26",23.5541666666667,24.47,22.09
"1097","CRAM","2024-08-27",25.4102222222222,27.67,23.5
"1098","CRAM","2024-08-28",23.708125,24.37,22.72
"1099","CRAM","2024-08-29",22.4985416666667,22.9,21.85
"1100","CRAM","2024-08-30",22.3985416666667,22.99,21.76
"1101","CRAM","2024-08-31",22.38875,22.88,21.95
"1102","CRAM","2024-09-01",22.383125,23.32,21.82
"1103","CRAM","2024-09-02",21.8266666666667,22.56,21.25
"1104","CRAM","2024-09-03",21.9479166666667,22.95,21.21
"1105","CRAM","2024-09-04",21.3458333333333,21.88,20.77
"1106","CRAM","2024-09-05",21.099375,22.01,20.7
"1107","CRAM","2024-09-06",20.43,20.83,20.03
"1108","CRAM","2024-09-07",19.8558333333333,20.38,19.21
"1109","CRAM","2024-09-08",19.425625,20.55,18.82
"1110","CRAM","2024-09-09",19.324375,20,18.78
"1111","CRAM","2024-09-10",20.9502222222222,23.04,18.99
"1112","CRAM","2024-09-11",20.0858333333333,20.72,19.61
"1113","CRAM","2024-09-12",20.5695833333333,21.54,19.57
"1114","CRAM","2024-09-13",21.3839583333333,22.69,20.05
"1115","CRAM","2024-09-14",21.2302083333333,21.97,20.55
"1116","CRAM","2024-09-15",21.2566666666667,21.93,20.62
"1117","CRAM","2024-09-16",22.046875,23.21,20.9
"1118","CRAM","2024-09-17",22.4559574468085,23.36,21.58
"1119","CRAM","2024-09-18",22.39375,23.17,21.72
"1120","CRAM","2024-09-19",22.1683333333333,22.85,21.64
"1121","CRAM","2024-09-20",21.5625,21.81,21.22
"1122","CRAM","2024-09-21",21.435,22.05,20.96
"1123","CRAM","2024-09-22",20.8297916666667,21.05,20.43
"1124","CRAM","2024-09-23",20.3208333333333,20.97,19.67
"1125","CRAM","2024-09-24",19.9327083333333,20.64,19.32
"1126","CRAM","2024-09-25",19.8066666666667,21.12,19.11
"1127","CRAM","2024-09-26",19.5058333333333,19.99,19.07
"1128","CRAM","2024-09-27",20.236875,22.11,19.1
"1129","CRAM","2024-09-28",20.4474468085106,21.89,19.35
"1130","CRAM","2024-09-29",20.5497872340426,22.52,19.58
"1131","CRAM","2024-09-30",20.0970833333333,21.34,19.44
"1132","CRAM","2024-10-01",19.615,20.1,19.03
"1133","CRAM","2024-10-02",18.739375,19.21,18.16
"1134","CRAM","2024-10-03",17.98,18.32,17.53
"1135","CRAM","2024-10-04",17.3008333333333,17.63,16.77
"1136","CRAM","2024-10-05",16.8691666666667,17.39,16.39
"1137","CRAM","2024-10-06",16.4360416666667,16.62,16.2
"1138","CRAM","2024-10-07",15.6322916666667,16.18,15.08
"1139","CRAM","2024-10-08",14.9377083333333,15.4,14.54
"1140","CRAM","2024-10-09",14.57125,15.09,14.14
"1141","CRAM","2024-10-10",14.7741666666667,15.88,14.09
"1142","CRAM","2024-10-11",14.3027083333333,14.67,14.05
"1143","CRAM","2024-10-12",14.2833333333333,14.57,14.01
"1144","CRAM","2024-10-13",13.943125,14.19,13.72
"1145","CRAM","2024-10-14",13.4,13.69,13.02
"1146","CRAM","2024-10-15",12.8258333333333,13.24,12.46
"1147","CRAM","2024-10-16",12.2997916666667,12.77,11.84
"1148","CRAM","2024-10-17",11.8497916666667,12.63,11.41
"1149","CRAM","2024-10-18",11.4210416666667,11.77,11.11
"1150","CRAM","2024-10-19",11.4254166666667,11.85,11.08
"1151","CRAM","2024-10-20",11.7589583333333,12.25,11.15
"1152","CRAM","2024-10-21",12.2475,13.04,11.56
"1153","CRAM","2024-10-22",12.69625,13.38,12.01
"1154","CRAM","2024-10-23",12.710625,13.11,12.28
"1155","CRAM","2024-10-24",12.1297916666667,12.83,11.66
"1156","CRAM","2024-10-25",11.6658333333333,11.9,11.49
"1157","CRAM","2024-10-26",11.379375,11.83,11.02
"1158","CRAM","2024-10-27",10.974375,11.55,10.68
"1159","CRAM","2024-10-28",10.7447916666667,11.27,10.5
"1160","CRAM","2024-10-29",10.6679166666667,10.82,10.42
"1161","CRAM","2024-10-30",11.645,12.11,10.71
"1162","CRAM","2024-10-31",11.4158333333333,12.16,10.95
"1163","CRAM","2024-11-01",10.431875,10.93,9.93
"1164","CRAM","2024-11-02",9.84895833333333,10.39,9.49
"1165","CRAM","2024-11-03",9.50895833333333,9.79,9.31
"1166","CRAM","2024-11-04",9.16333333333333,9.28,9.08
"1167","CRAM","2024-11-05",9.32127659574468,9.91,9.08
"1168","CRAM","2024-11-06",9.03854166666667,9.12,8.92
"1169","CRAM","2024-11-07",8.929375,9.52,8.66
"1170","CRAM","2024-11-08",8.56645833333333,8.9,8.33
"1171","CRAM","2024-11-09",8.33458333333333,9.12,7.95
"1172","CRAM","2024-11-10",7.98041666666667,8.15,7.91
"1173","CRAM","2024-11-11",7.945,8.09,7.85
"1174","CRAM","2024-11-12",7.60042553191489,7.83,7.34
"1175","CRAM","2024-11-13",7.13958333333333,7.34,6.86
"1176","CRAM","2024-11-14",6.78239130434783,6.88,6.68
"1177","CRAM","2024-11-15",6.93145833333333,7.17,6.69
"1178","CRAM","2024-11-16",6.87666666666667,7.43,6.63
"1179","CRAM","2024-11-17",6.568125,6.63,6.5
"1180","CRAM","2024-11-18",6.54375,6.69,6.5
"1181","CRAM","2025-08-22",22.399,22.57,22.24
"1182","CRAM","2025-08-23",22.4375555555556,23.04,21.86
"1183","CRAM","2025-08-24",21.6879166666667,22.33,21.16
"1184","CRAM","2025-08-25",20.794375,21.16,20.17
"1185","CRAM","2025-08-26",20.03125,20.58,19.45
"1186","CRAM","2025-08-27",20.1077083333333,21.24,19.46
"1187","CRAM","2025-08-28",19.5264583333333,20,19.23
"1188","CRAM","2025-08-29",19.8841304347826,21.36,19.19
"1189","CRAM","2025-08-30",20.2785416666667,22.18,19.18
"1190","CRAM","2025-08-31",20.6597872340426,22.76,19.19
"1191","CRAM","2025-09-01",20.923829787234,22.38,19.62
"1192","CRAM","2025-09-02",21.6114583333333,23.3,20.33
"1193","CRAM","2025-09-03",20.7047916666667,21.14,20.09
"1194","CRAM","2025-09-04",19.6583333333333,20.11,18.97
"1195","CRAM","2025-09-05",18.4920833333333,18.99,17.79
"1196","CRAM","2025-09-06",17.26125,17.75,16.64
"1197","CRAM","2025-09-07",16.5483333333333,17.05,16.1
"1198","CRAM","2025-09-08",16.3172916666667,16.94,15.99
"1199","CRAM","2025-09-09",16.5733333333333,17.03,15.97
"1200","CRAM","2025-09-10",16.2808333333333,16.36,16.2
"1201","CRAM","2025-09-11",16.7825,17.61,16.2
"1202","CRAM","2025-09-12",17.3472916666667,18.63,16.45
"1203","CRAM","2025-09-13",18.055625,19.32,16.82
"1204","CRAM","2025-09-14",20.4329787234043,22.58,17.79
"1205","CRAM","2025-09-15",20.5147916666667,21.54,19.37
"1206","CRAM","2025-09-16",20.9139583333333,21.98,19.8
"1207","CRAM","2025-09-17",21.1466666666667,22.25,20.2
"1208","CRAM","2025-09-18",21.7984444444444,24.36,20.71
"1209","CRAM","2025-09-19",20.9975,21.37,20.4
"1210","CRAM","2025-09-20",19.8054166666667,20.38,19.25
"1211","CRAM","2025-09-21",19.1364583333333,19.31,18.82
"1212","CRAM","2025-09-22",19.049375,19.57,18.78
"1213","CRAM","2025-09-23",19.594375,20.66,18.79
"1214","CRAM","2025-09-24",19.0945833333333,19.55,18.73
"1215","CRAM","2025-09-25",19.1022916666667,20.4,18.43
"1216","CRAM","2025-09-26",19.0774468085106,20.03,18.39
"1217","CRAM","2025-09-27",18.9222916666667,20.03,18.35
"1218","CRAM","2025-09-28",18.3972916666667,19.11,17.81
"1219","CRAM","2025-09-29",18.4120833333333,19.24,17.81
"1220","CRAM","2025-09-30",19.0295833333333,20.82,17.88
"1221","CRAM","2025-10-01",19.2404166666667,20.55,18.24
"1222","CRAM","2025-10-02",18.758125,19.29,18.23
"1223","CRAM","2025-10-03",18.7927083333333,19.39,18.21
"1224","CRAM","2025-10-04",19.8825,21.99,18.48
"1225","CRAM","2025-10-05",19.549375,20.3,18.96
"1226","CRAM","2025-10-06",19.2134042553191,19.62,18.74
"1227","CRAM","2025-10-07",18.5889583333333,19.3,18
"1228","CRAM","2025-10-08",17.6344680851064,18.26,16.94
"1229","CRAM","2025-10-09",17.0070212765957,18.13,16.4
"1230","CRAM","2025-10-10",16.3829166666667,16.75,16.03
"1231","CRAM","2025-10-11",15.955,16.46,15.48
"1232","CRAM","2025-10-12",15.5947916666667,16.02,15.21
"1233","CRAM","2025-10-13",15.0852083333333,15.24,14.88
"1234","CRAM","2025-10-14",15.0377083333333,15.53,14.66
"1235","CRAM","2025-10-15",14.6752083333333,14.96,14.44
"1236","CRAM","2025-10-16",14.6847916666667,15.58,14.21
"1237","CRAM","2025-10-17",14.0404166666667,14.21,13.87
"1238","CRAM","2025-10-18",14.3533333333333,14.81,13.87
"1239","CRAM","2025-10-19",14.258125,14.82,13.92
"1240","CRAM","2025-10-20",13.6527083333333,13.92,13.27
"1241","CRAM","2025-10-21",13.1383333333333,13.33,12.84
"1242","CRAM","2025-10-22",12.606875,12.87,12.24
"1243","CRAM","2025-10-23",12.0191666666667,12.28,11.66
"1244","CRAM","2025-10-24",11.4370833333333,11.8,11.05
"1245","CRAM","2025-10-25",11.0958333333333,11.89,10.7
"1246","CRAM","2025-10-26",10.65625,10.93,10.41
"1247","CRAM","2025-10-27",10.4708333333333,10.73,10.27
"1248","CRAM","2025-10-28",10.2864583333333,10.58,10
"1249","CRAM","2025-10-29",9.95958333333333,10.14,9.77
"1250","CRAM","2025-10-30",10.0054166666667,10.71,9.69
"1251","CRAM","2025-10-31",9.68958333333333,10.27,9.47
"1252","CRAM","2025-11-01",9.44145833333333,9.66,9.2
"1253","CRAM","2025-11-02",9.19,9.57,8.95
"1254","CRAM","2025-11-03",8.716875,8.92,8.46
"1255","CRAM","2025-11-04",8.33166666666667,8.61,8.11
"1256","CRAM","2025-11-05",8.10166666666667,8.32,8
"1257","CRAM","2025-11-06",7.88833333333333,8.21,7.59
"1258","CRAM","2025-11-07",7.54333333333333,7.67,7.38
"1259","CRAM","2025-11-08",7.27916666666667,7.41,7.02
"1260","CRAM","2025-11-09",6.854375,7.1,6.53
"1261","CRAM","2025-11-10",6.283125,6.56,5.99
"1262","CRAM","2025-11-11",5.79541666666667,6.05,5.57
"1263","CRAM","2025-11-12",5.40291666666667,5.6,5.2
"1264","CRAM","2025-11-13",5.09458333333333,5.31,4.89
"1265","CRAM","2025-11-14",4.91270833333333,5.23,4.72
"1266","CRAM","2025-11-15",4.90416666666667,5.02,4.67
"1267","CRAM","2025-11-16",4.91458333333333,5.19,4.71
"1268","CRAM","2025-11-17",4.575625,4.86,4.13
"1269","CRAM","2025-11-18",4.40666666666667,4.72,4.07
"1270","LIRO","2017-10-11",14.5925,14.78,14.42
"1271","LIRO","2017-10-12",14.61125,15.1,14.3
"1272","LIRO","2017-10-13",14.1760416666667,14.3,14.01
"1273","LIRO","2017-10-14",13.9331818181818,14.38,13.54
"1274","LIRO","2017-10-15",13.3895833333333,13.64,12.96
"1275","LIRO","2017-10-16",12.7163829787234,13,12.32
"1276","LIRO","2017-10-17",12.3210416666667,12.64,11.96
"1277","LIRO","2017-10-18",12.313125,12.87,11.92
"1278","LIRO","2017-10-19",12.2129166666667,12.69,11.86
"1279","LIRO","2017-10-20",12.0502083333333,12.43,11.73
"1280","LIRO","2017-10-21",12.3314583333333,12.9,11.73
"1281","LIRO","2017-10-22",12.715,13.2,12.25
"1282","LIRO","2017-10-23",12.4715909090909,12.79,11.98
"1283","LIRO","2017-11-11",2.92,3.28,2.7
"1284","LIRO","2017-11-12",2.40658536585366,2.72,0.51
"1285","LIRO","2017-11-13",2.27277777777778,2.46,1.9
"1286","LIRO","2018-07-10",26.383,26.99,25.66
"1287","LIRO","2018-07-11",26.3902083333333,27.8,25.44
"1288","LIRO","2018-07-12",25.4220833333333,26.42,24.7
"1289","LIRO","2018-07-13",24.8072916666667,25.24,24.52
"1290","LIRO","2018-07-14",24.9576086956522,27.48,24.32
"1291","LIRO","2018-07-15",27.078125,29.69,25.54
"1292","LIRO","2018-07-16",27.0522916666667,28.51,25.83
"1293","LIRO","2018-07-17",25.7558823529412,27.05,24.74
"1294","LIRO","2018-07-18",25.1968181818182,26,24.33
"1295","LIRO","2018-07-19",25.5508333333333,27.01,24.27
"1296","LIRO","2018-07-20",25.3975,26.1,24.53
"1297","LIRO","2018-07-21",24.068125,24.81,23.18
"1298","LIRO","2018-07-22",22.7704166666667,23.16,22.2
"1299","LIRO","2018-07-23",23.0393617021277,24.15,22.1
"1300","LIRO","2018-07-24",24.0789361702128,25.52,22.47
"1301","LIRO","2018-07-25",24.4664583333333,25.64,23.38
"1302","LIRO","2018-07-26",23.7832558139535,24.66,23
"1303","LIRO","2018-07-27",22.819375,23.34,22.25
"1304","LIRO","2018-07-28",22.406875,22.9,21.84
"1305","LIRO","2018-07-29",22.8612765957447,24.08,21.82
"1306","LIRO","2018-07-30",23.116,24.31,21.99
"1307","LIRO","2018-07-31",23.7133333333333,25.74,22.12
"1308","LIRO","2018-08-01",24.5326829268293,26.4,22.78
"1309","LIRO","2018-08-02",23.2152083333333,23.74,22.19
"1310","LIRO","2018-08-03",21.9471428571429,22.27,21.41
"1311","LIRO","2018-08-04",21.8727083333333,22.36,21.35
"1312","LIRO","2018-08-05",22.0375,22.74,21.56
"1313","LIRO","2018-08-06",22.9825,24.65,21.6
"1314","LIRO","2018-08-07",23.3856818181818,24.6,22.35
"1315","LIRO","2018-08-08",23.7893333333333,25.56,22.31
"1316","LIRO","2018-08-09",24.1354761904762,25.4,22.87
"1317","LIRO","2018-08-10",24.7317073170732,26.64,23.54
"1318","LIRO","2018-08-11",25.0425581395349,26.64,23.77
"1319","LIRO","2018-08-12",25.6114285714286,27.45,24.07
"1320","LIRO","2018-08-13",26.0155555555556,28.4,24.57
"1321","LIRO","2018-08-14",26.2629166666667,27.81,25.06
"1322","LIRO","2018-08-15",26.0384444444444,27.31,25.33
"1323","LIRO","2018-08-16",26.0372340425532,27.01,25.28
"1324","LIRO","2018-08-17",25.9883333333333,27.14,25.2
"1325","LIRO","2018-08-18",25.5616666666667,26.41,24.71
"1326","LIRO","2018-08-19",24.9204255319149,25.97,24.23
"1327","LIRO","2018-08-20",24.835,25.77,24.17
"1328","LIRO","2018-08-21",24.27125,24.89,23.67
"1329","LIRO","2018-08-22",23.1745833333333,23.63,22.43
"1330","LIRO","2018-08-23",22.9225,24.09,22.09
"1331","LIRO","2018-08-24",22.7245833333333,23.65,22.06
"1332","LIRO","2018-08-25",21.8089583333333,22.16,21.47
"1333","LIRO","2018-08-26",22.069375,22.92,21.46
"1334","LIRO","2018-08-27",22.183829787234,22.9,21.46
"1335","LIRO","2018-08-28",22.3597872340426,23.1,21.9
"1336","LIRO","2018-08-29",22.0611111111111,22.6,21.38
"1337","LIRO","2018-08-30",21.3052083333333,21.74,20.69
"1338","LIRO","2018-08-31",21.3922916666667,22.07,20.65
"1339","LIRO","2018-09-01",21.5195833333333,22.06,20.83
"1340","LIRO","2018-09-02",22.2266666666667,23.14,21.37
"1341","LIRO","2018-09-03",22.0383333333333,22.48,21.43
"1342","LIRO","2018-09-04",22.4214583333333,23.29,21.38
"1343","LIRO","2018-09-05",22.1833333333333,22.47,21.87
"1344","LIRO","2018-09-06",21.4260416666667,21.85,20.69
"1345","LIRO","2018-09-07",21.2695833333333,22.35,20.5
"1346","LIRO","2018-09-08",21.0064583333333,21.76,20.37
"1347","LIRO","2018-09-09",20.7264583333333,21.57,20.01
"1348","LIRO","2018-09-10",20.37875,21.16,19.72
"1349","LIRO","2018-09-11",20.4214583333333,21.69,19.64
"1350","LIRO","2018-09-12",20.5872916666667,21.68,19.78
"1351","LIRO","2018-09-13",20.8134042553191,22.09,19.91
"1352","LIRO","2018-09-14",21.0822916666667,21.91,20.23
"1353","LIRO","2018-09-15",21.9723404255319,23.18,20.64
"1354","LIRO","2018-09-16",22.7273913043478,23.78,21.37
"1355","LIRO","2018-09-17",22.9422916666667,23.95,22.01
"1356","LIRO","2018-09-18",22.5104166666667,23.78,21.52
"1357","LIRO","2018-09-19",20.9754166666667,21.49,20.33
"1358","LIRO","2018-09-20",20.0179166666667,20.31,19.69
"1359","LIRO","2018-09-21",19.36125,19.68,19.04
"1360","LIRO","2018-09-22",18.50125,19.01,17.78
"1361","LIRO","2018-09-23",17.9485416666667,18.57,17.49
"1362","LIRO","2018-09-24",18.056170212766,18.91,17.44
"1363","LIRO","2018-09-25",17.8616666666667,18.4,17.51
"1364","LIRO","2018-09-26",17.40125,17.7,16.88
"1365","LIRO","2018-09-27",16.6785416666667,17.09,16.17
"1366","LIRO","2018-09-28",15.9,16.14,15.52
"1367","LIRO","2018-09-29",15.260625,15.65,14.69
"1368","LIRO","2018-09-30",14.445,14.73,14.06
"1369","LIRO","2018-10-01",14.02125,14.34,13.69
"1370","LIRO","2018-10-02",13.559375,13.84,13.29
"1371","LIRO","2018-10-03",13.380625,13.59,13.21
"1372","LIRO","2018-10-04",13.423125,13.96,13.07
"1373","LIRO","2018-10-05",12.9908333333333,13.33,12.59
"1374","LIRO","2018-10-06",12.2916666666667,12.57,12.07
"1375","LIRO","2018-10-07",11.9772340425532,12.13,11.74
"1376","LIRO","2018-10-08",11.62875,11.75,11.46
"1377","LIRO","2018-10-09",11.5502083333333,11.76,11.38
"1378","LIRO","2018-10-10",11.218125,11.38,10.93
"1379","LIRO","2018-10-11",10.82375,10.92,10.63
"1380","LIRO","2018-10-12",10.319375,10.62,9.91
"1381","LIRO","2018-10-13",9.53083333333333,9.91,9.06
"1382","LIRO","2018-10-14",9.023125,9.12,8.84
"1383","LIRO","2018-10-15",8.66291666666667,8.83,8.33
"1384","LIRO","2018-10-16",8.11744680851064,8.37,7.78
"1385","LIRO","2018-10-17",7.91604166666667,8.39,7.57
"1386","LIRO","2018-10-18",7.43145833333333,7.64,7.1
"1387","LIRO","2018-10-19",7.30625,7.59,7.03
"1388","LIRO","2018-10-20",7.36854166666667,7.63,7.12
"1389","LIRO","2018-10-21",6.953125,7.11,6.69
"1390","LIRO","2018-10-22",6.64333333333333,6.82,6.41
"1391","LIRO","2018-10-23",6.66895833333333,7.07,6.38
"1392","LIRO","2018-10-24",6.508125,6.78,6.24
"1393","LIRO","2018-10-25",6.46479166666667,6.71,6.21
"1394","LIRO","2018-10-26",6.629375,6.9,6.33
"1395","LIRO","2018-10-27",6.78291666666667,7.11,6.43
"1396","LIRO","2018-10-28",6.86229166666667,7.14,6.67
"1397","LIRO","2018-10-29",6.76666666666667,6.86,6.66
"1398","LIRO","2018-10-30",6.67916666666667,6.95,6.46
"1399","LIRO","2018-10-31",6.51479166666667,6.61,6.34
"1400","LIRO","2018-11-01",6.43333333333333,6.65,6.31
"1401","LIRO","2019-04-30",6.57090909090909,6.69,6.39
"1402","LIRO","2019-05-01",6.48125,6.71,6.03
"1403","LIRO","2019-05-02",6.10255319148936,6.22,5.98
"1404","LIRO","2019-05-03",6.43104166666667,6.67,5.95
"1405","LIRO","2019-05-04",8.13844444444444,9.07,6.36
"1406","LIRO","2019-05-05",10.266875,11.71,8.13
"1407","LIRO","2019-05-06",11.1995744680851,12.43,9.79
"1408","LIRO","2019-05-07",11.1853191489362,12.31,10.27
"1409","LIRO","2019-05-08",11.855,12.94,10.2
"1410","LIRO","2019-05-09",10.8477083333333,11.39,10.11
"1411","LIRO","2019-05-10",9.48666666666667,10.06,8.84
"1412","LIRO","2019-05-11",9.58520833333333,10.43,8.83
"1413","LIRO","2019-05-12",10.1002083333333,10.79,9.06
"1414","LIRO","2019-05-13",11.1902325581395,12.17,9.94
"1415","LIRO","2019-05-14",12.3925,13.58,10.54
"1416","LIRO","2019-05-15",13.6142553191489,14.91,11.74
"1417","LIRO","2019-05-16",15.0715217391304,16.23,13.25
"1418","LIRO","2019-05-17",15.4420833333333,17.36,14.6
"1419","LIRO","2019-05-18",15.3614583333333,16.1,14.52
"1420","LIRO","2019-05-19",13.7122916666667,14.84,12.56
"1421","LIRO","2019-05-20",11.74875,12.49,11.08
"1422","LIRO","2019-05-21",12.0145833333333,12.96,11.08
"1423","LIRO","2019-05-22",13.0504255319149,13.81,11.71
"1424","LIRO","2019-05-23",12.8417021276596,13.23,12.6
"1425","LIRO","2019-05-24",12.97,13.41,12.59
"1426","LIRO","2019-05-25",12.7491666666667,12.88,12.56
"1427","LIRO","2019-05-26",14.592,16.37,12.79
"1428","LIRO","2019-05-27",16.014347826087,17.44,14.25
"1429","LIRO","2019-05-28",14.990625,15.6,14.36
"1430","LIRO","2019-05-29",14.876875,15.43,14.32
"1431","LIRO","2019-05-30",16.0728888888889,17.19,14.5
"1432","LIRO","2019-05-31",17.0617021276596,18.3,15.33
"1433","LIRO","2019-06-01",18.1342222222222,19.56,16.37
"1434","LIRO","2019-06-02",17.9936956521739,19.74,16.98
"1435","LIRO","2019-06-03",17.6235416666667,18.55,16.92
"1436","LIRO","2019-06-04",17.164375,17.6,16.78
"1437","LIRO","2019-06-05",18.5535416666667,19.35,16.8
"1438","LIRO","2019-06-06",19.1797916666667,20.01,18.41
"1439","LIRO","2019-06-07",20.6805128205128,22.79,18.41
"1440","LIRO","2019-06-08",21.9991666666667,23.2,20.09
"1441","LIRO","2019-06-09",22.7485416666667,23.86,21.42
"1442","LIRO","2019-06-10",22.2785416666667,23.75,20.74
"1443","LIRO","2019-06-11",21.0270454545455,22.14,20.19
"1444","LIRO","2019-06-12",21.0395833333333,21.94,20.18
"1445","LIRO","2019-06-13",20.0204166666667,20.54,19.11
"1446","LIRO","2019-06-14",19.7075,20.72,19.04
"1447","LIRO","2019-06-15",18.6016666666667,19.01,18.16
"1448","LIRO","2019-06-16",19.4639583333333,20.64,18.13
"1449","LIRO","2019-06-17",20.1452083333333,21.62,18.91
"1450","LIRO","2019-06-18",21.020625,22.14,19.41
"1451","LIRO","2019-06-19",20.8641666666667,21.51,20.04
"1452","LIRO","2019-06-20",21.1889583333333,22.21,20.01
"1453","LIRO","2019-06-21",21.0875,22.04,20.33
"1454","LIRO","2019-06-22",21.8197916666667,23.03,20.32
"1455","LIRO","2019-06-23",22.1383333333333,23.34,20.83
"1456","LIRO","2019-06-24",21.4341666666667,21.73,20.96
"1457","LIRO","2019-06-25",21.1495833333333,21.56,20.58
"1458","LIRO","2019-06-26",21.6536170212766,23.05,20.58
"1459","LIRO","2019-06-27",22.5997916666667,24.16,21.16
"1460","LIRO","2019-06-28",23.2312765957447,24.03,21.91
"1461","LIRO","2019-06-29",23.9266666666667,25.97,22.58
"1462","LIRO","2019-06-30",25.3136585365854,27.72,23.16
"1463","LIRO","2019-07-01",24.0472916666667,24.56,23.49
"1464","LIRO","2019-07-02",23.6697916666667,24.07,23.22
"1465","LIRO","2019-07-03",25.3490476190476,27.63,23.21
"1466","LIRO","2019-07-04",26.3889361702128,28.13,24.3
"1467","LIRO","2019-07-05",26.3466666666667,27.45,25.33
"1468","LIRO","2019-07-06",26.1395555555556,27.39,25.36
"1469","LIRO","2019-07-07",26.0417021276596,27.42,24.89
"1470","LIRO","2019-07-08",25.7320833333333,26.98,24.74
"1471","LIRO","2019-07-09",26.3102083333333,28.29,24.68
"1472","LIRO","2019-07-10",26.4179166666667,27.41,25.34
"1473","LIRO","2019-07-11",26.0760416666667,26.89,24.93
"1474","LIRO","2019-07-12",25.3058333333333,26.36,24.47
"1475","LIRO","2019-07-13",25.7502083333333,26.98,24.4
"1476","LIRO","2019-07-14",25.8225,26.86,24.82
"1477","LIRO","2019-07-15",26.359375,27.68,24.76
"1478","LIRO","2019-07-16",27.1489655172414,28.08,25.85
"1479","LIRO","2019-07-18",26.4507142857143,26.77,26.21
"1480","LIRO","2019-07-19",26.3183333333333,26.83,25.96
"1481","LIRO","2019-07-20",27.2687234042553,29.29,25.96
"1482","LIRO","2019-07-21",25.7225,26.27,24.86
"1483","LIRO","2019-07-22",25.1685416666667,25.8,24.33
"1484","LIRO","2019-07-23",24.7395833333333,25.61,24.01
"1485","LIRO","2019-07-24",24.685625,25.69,23.9
"1486","LIRO","2019-07-25",25.5808695652174,27.53,23.88
"1487","LIRO","2019-07-26",25.140625,26.09,24.39
"1488","LIRO","2019-07-27",24.5145833333333,25.1,24.04
"1489","LIRO","2019-07-28",25.2785106382979,26.66,24.03
"1490","LIRO","2019-07-29",25.0835416666667,26.2,24.26
"1491","LIRO","2019-07-30",24.4583333333333,25.2,23.57
"1492","LIRO","2019-07-31",23.9020833333333,25.07,23.05
"1493","LIRO","2019-08-01",24.38,26.24,23
"1494","LIRO","2019-08-02",24.6410416666667,26.34,23.18
"1495","LIRO","2019-08-03",25.4919230769231,26.68,23.81
"1496","LIRO","2019-08-04",25.0088888888889,25.53,24.58
"1497","LIRO","2019-08-05",26.186875,27.76,24.56
"1498","LIRO","2019-08-06",25.1933333333333,25.77,24.41
"1499","LIRO","2019-08-07",25.4925,27.14,24.36
"1500","LIRO","2019-08-08",24.9125,25.75,24.16
"1501","LIRO","2019-08-09",24.3510416666667,25.33,23.51
"1502","LIRO","2019-08-10",23.9677083333333,24.9,23.24
"1503","LIRO","2019-08-11",24.5227083333333,26.1,23.19
"1504","LIRO","2019-08-12",24.9627083333333,26.55,23.64
"1505","LIRO","2019-08-13",24.8339583333333,25.65,23.98
"1506","LIRO","2019-08-14",23.6470833333333,24.06,22.94
"1507","LIRO","2019-08-15",23.4054166666667,24.35,22.7
"1508","LIRO","2019-08-16",23.513125,24.64,22.64
"1509","LIRO","2019-08-17",22.7822916666667,23.58,22.24
"1510","LIRO","2019-08-18",23.7922916666667,25.23,22.2
"1511","LIRO","2019-08-19",22.7560416666667,23.24,21.93
"1512","LIRO","2019-08-20",22.6983333333333,23.86,21.86
"1513","LIRO","2019-08-21",22.6864583333333,23.42,22.01
"1514","LIRO","2019-08-22",22.4595833333333,23.33,21.87
"1515","LIRO","2019-08-23",21.7072916666667,22.18,21.01
"1516","LIRO","2019-08-24",21.7108333333333,22.75,20.94
"1517","LIRO","2019-08-25",21.6989583333333,22.72,20.88
"1518","LIRO","2019-08-26",21.2979166666667,21.8,20.94
"1519","LIRO","2019-08-27",20.8822916666667,21.17,20.52
"1520","LIRO","2019-08-28",20.654375,21.34,20.05
"1521","LIRO","2019-08-29",19.61625,20.02,19.05
"1522","LIRO","2019-08-30",19.1441666666667,19.87,18.58
"1523","LIRO","2019-08-31",19.1235416666667,20.19,18.49
"1524","LIRO","2019-09-01",19.0045833333333,19.88,18.48
"1525","LIRO","2019-09-02",18.8916666666667,19.31,18.45
"1526","LIRO","2019-09-03",19.51875,20.49,18.64
"1527","LIRO","2019-09-04",18.7779166666667,19.18,18.37
"1528","LIRO","2019-09-05",19.0672916666667,20.25,18.32
"1529","LIRO","2019-09-06",18.2108333333333,18.39,18
"1530","LIRO","2019-09-07",18.1208333333333,18.7,17.83
"1531","LIRO","2019-09-08",17.8270833333333,18.15,17.4
"1532","LIRO","2019-09-09",17.4529166666667,17.88,17.09
"1533","LIRO","2019-09-10",17.173023255814,17.46,17
"1534","LIRO","2019-09-11",18.096875,19.19,17.04
"1535","LIRO","2019-09-12",17.3833333333333,17.8,16.94
"1536","LIRO","2019-09-13",16.6716666666667,16.92,16.41
"1537","LIRO","2019-09-14",16.53125,16.78,16.24
"1538","LIRO","2019-09-15",17.1966666666667,18.01,16.2
"1539","LIRO","2019-09-16",17.4870833333333,18.11,16.95
"1540","LIRO","2019-09-17",19.38125,21.28,17.32
"1541","LIRO","2019-09-18",19.5458333333333,20.51,19.02
"1542","LIRO","2019-09-19",19.646875,20.15,18.97
"1543","LIRO","2019-09-20",20.36,21.46,19.51
"1544","LIRO","2019-09-21",21.1125,22.32,20
"1545","LIRO","2019-09-22",20.8845833333333,21.03,20.59
"1546","LIRO","2019-09-23",20.2045833333333,20.97,19.42
"1547","LIRO","2019-09-24",19.6,20.8,18.68
"1548","LIRO","2019-09-25",19.441875,20.26,18.58
"1549","LIRO","2019-09-26",18.8885416666667,19.61,18.01
"1550","LIRO","2019-09-27",18.0408333333333,18.63,17.52
"1551","LIRO","2019-09-28",17.2327083333333,17.49,16.83
"1552","LIRO","2019-09-29",16.8977083333333,17.55,16.37
"1553","LIRO","2019-09-30",16.1575,16.34,15.85
"1554","LIRO","2019-10-01",16.434375,16.95,15.82
"1555","LIRO","2019-10-02",16.1608333333333,16.8,15.52
"1556","LIRO","2019-10-03",15.1872916666667,15.51,14.79
"1557","LIRO","2019-10-04",14.6266666666667,14.86,14.24
"1558","LIRO","2019-10-05",14.1769565217391,14.23,14.08
"1559","LIRO","2020-06-17",21.3316216216216,22.64,20.51
"1560","LIRO","2020-06-18",22.4745161290323,23.4,21.7
"1561","LIRO","2020-06-19",23.1702083333333,24.31,21.72
"1562","LIRO","2020-06-20",22.9983333333333,23.39,22.32
"1563","LIRO","2020-06-21",22.2604166666667,22.74,21.81
"1564","LIRO","2020-06-22",22.73375,23.85,21.79
"1565","LIRO","2020-06-23",22.6322916666667,23.29,21.94
"1566","LIRO","2020-06-24",21.6279166666667,22,20.94
"1567","LIRO","2020-06-25",21.6033333333333,22.59,20.89
"1568","LIRO","2020-06-26",22.574375,24.03,20.89
"1569","LIRO","2020-06-27",23.3875,24.62,21.81
"1570","LIRO","2020-06-28",24.1061363636364,25.54,22.74
"1571","LIRO","2020-06-29",25.1355319148936,26.34,23.45
"1572","LIRO","2020-06-30",24.6476086956522,25.18,24.32
"1573","LIRO","2020-07-01",26.1854347826087,27.43,24.32
"1574","LIRO","2020-07-02",27.4163829787234,29.11,25.8
"1575","LIRO","2020-07-03",27.3876086956522,28.95,26.26
"1576","LIRO","2020-07-04",27.9581578947368,29.72,26.24
"1577","LIRO","2020-07-05",28.7782926829268,30.45,26.93
"1578","LIRO","2020-07-06",28.756875,29.86,27.52
"1579","LIRO","2020-07-07",28.36625,29.26,27.49
"1580","LIRO","2020-07-08",28.6617391304348,30.11,27.44
"1581","LIRO","2020-07-09",27.931875,28.83,26.96
"1582","LIRO","2020-07-10",26.6727083333333,27.13,26.08
"1583","LIRO","2020-07-11",26.7954166666667,27.95,25.97
"1584","LIRO","2020-07-12",26.5985416666667,27.69,25.68
"1585","LIRO","2020-07-13",25.826875,26.4,25.01
"1586","LIRO","2020-07-14",26.206170212766,27.52,24.99
"1587","LIRO","2020-07-15",24.9,25.44,24.07
"1588","LIRO","2020-07-16",25.0397916666667,26.57,24
"1589","LIRO","2020-07-17",24.7995833333333,25.74,23.99
"1590","LIRO","2020-07-18",26.1946666666667,28.19,24.19
"1591","LIRO","2020-07-19",26.9809090909091,28.92,25.32
"1592","LIRO","2020-07-20",26.2054166666667,27.18,24.92
"1593","LIRO","2020-07-21",25.1066666666667,25.9,24.29
"1594","LIRO","2020-07-22",23.7620833333333,24.27,23.23
"1595","LIRO","2020-07-23",23.0435416666667,23.33,22.58
"1596","LIRO","2020-07-24",23.7904255319149,25.2,22.56
"1597","LIRO","2020-07-25",24.2783333333333,25.38,23
"1598","LIRO","2020-07-26",24.7904166666667,25.63,23.81
"1599","LIRO","2020-07-27",24.8502083333333,25.87,24.05
"1600","LIRO","2020-07-28",24.6727083333333,25.97,23.81
"1601","LIRO","2020-07-29",24.8754166666667,26.2,23.78
"1602","LIRO","2020-07-30",24.6310416666667,25.95,23.74
"1603","LIRO","2020-07-31",24.7027083333333,26.07,23.73
"1604","LIRO","2020-08-01",24.843125,26.32,23.84
"1605","LIRO","2020-08-02",25.609375,27.77,23.96
"1606","LIRO","2020-08-03",23.5679166666667,24.23,22.63
"1607","LIRO","2020-08-04",22.54625,23.24,21.84
"1608","LIRO","2020-08-05",22.2779166666667,23.25,21.48
"1609","LIRO","2020-08-06",22.5120833333333,23.78,21.45
"1610","LIRO","2020-08-07",22.8158333333333,24.07,21.74
"1611","LIRO","2020-08-08",23.1127083333333,23.98,22.13
"1612","LIRO","2020-08-09",23.4260416666667,24.48,22.58
"1613","LIRO","2020-08-10",24.418125,25.87,23.13
"1614","LIRO","2020-08-11",24.0908333333333,25.31,23.11
"1615","LIRO","2020-08-12",24.00125,25.4,23.06
"1616","LIRO","2020-08-13",24.8575,26.17,23.44
"1617","LIRO","2020-08-14",24.3435416666667,25.18,23.79
"1618","LIRO","2020-08-15",24.7385416666667,25.78,23.78
"1619","LIRO","2020-08-16",24.2014583333333,24.96,23.47
"1620","LIRO","2020-08-17",24.019375,25.25,23.19
"1621","LIRO","2020-08-18",23.5291666666667,24.57,22.79
"1622","LIRO","2020-08-19",23.5104166666667,24.79,22.74
"1623","LIRO","2020-08-20",23.314375,24.55,22.75
"1624","LIRO","2020-08-21",23.3372916666667,24.04,22.75
"1625","LIRO","2020-08-22",24.4058333333333,26.01,22.88
"1626","LIRO","2020-08-23",23.6472916666667,24.27,23.17
"1627","LIRO","2020-08-24",24.27125,25.59,23.16
"1628","LIRO","2020-08-25",24.188125,25.28,23.42
"1629","LIRO","2020-08-26",24.84375,26.59,23.38
"1630","LIRO","2020-08-27",24.3297916666667,24.87,23.92
"1631","LIRO","2020-08-28",24.981875,26.62,23.92
"1632","LIRO","2020-08-29",23.6870833333333,24.17,23.06
"1633","LIRO","2020-08-30",22.7802083333333,23.2,22.07
"1634","LIRO","2020-08-31",22.7954166666667,24.16,21.94
"1635","LIRO","2020-09-01",21.5708333333333,22.13,20.91
"1636","LIRO","2020-09-02",20.8177083333333,21.25,20.26
"1637","LIRO","2020-09-03",20.775,22.11,20.11
"1638","LIRO","2020-09-04",19.9091666666667,20.43,19.26
"1639","LIRO","2020-09-05",19.5479166666667,20.51,18.94
"1640","LIRO","2020-09-06",19.5047916666667,20.8,18.86
"1641","LIRO","2020-09-07",19.035625,19.35,18.62
"1642","LIRO","2020-09-08",18.5397916666667,19.05,17.99
"1643","LIRO","2020-09-09",17.611875,17.98,17.15
"1644","LIRO","2020-09-10",16.73875,17.12,16.24
"1645","LIRO","2020-09-11",16.8910416666667,18.24,16.07
"1646","LIRO","2020-09-12",16.92125,17.74,16.03
"1647","LIRO","2020-09-13",16.5858333333333,16.81,16.3
"1648","LIRO","2020-09-14",16.64,17.45,16.06
"1649","LIRO","2020-09-15",16.6214583333333,17.39,16.03
"1650","LIRO","2020-09-16",17.1764583333333,17.89,16.39
"1651","LIRO","2020-09-17",17.1470833333333,17.85,16.42
"1652","LIRO","2020-09-18",16.5747916666667,17.58,15.85
"1653","LIRO","2020-09-19",16.3008333333333,17.64,15.53
"1654","LIRO","2020-09-20",15.8222916666667,16.58,15.43
"1655","LIRO","2020-09-21",15.819375,16.3,15.47
"1656","LIRO","2020-09-22",15.7889583333333,16.26,15.4
"1657","LIRO","2020-09-23",17.2272916666667,19.21,15.49
"1658","LIRO","2020-09-24",18.0364583333333,19.46,15.98
"1659","LIRO","2020-09-25",17.526875,17.79,17.16
"1660","LIRO","2020-09-26",17.5839583333333,18.16,17.14
"1661","LIRO","2020-09-27",17.3327083333333,17.91,16.79
"1662","LIRO","2020-09-28",16.7429166666667,17.25,16.3
"1663","LIRO","2020-09-29",16.1866666666667,16.75,15.77
"1664","LIRO","2020-09-30",15.593125,15.81,15.24
"1665","LIRO","2020-10-01",15.099375,15.45,14.76
"1666","LIRO","2020-10-02",14.5722916666667,14.99,14.14
"1667","LIRO","2020-10-03",13.96625,14.42,13.55
"1668","LIRO","2020-10-04",13.353125,13.68,12.95
"1669","LIRO","2020-10-05",12.8770833333333,13.56,12.36
"1670","LIRO","2020-10-06",12.4945833333333,12.89,12.29
"1671","LIRO","2020-10-07",12.8060416666667,13.26,12.3
"1672","LIRO","2020-10-08",12.7252083333333,13.44,12.3
"1673","LIRO","2020-10-09",12.7182978723404,13.74,12.23
"1674","LIRO","2020-10-10",12.7933333333333,13.33,12.24
"1675","LIRO","2020-10-11",12.7504166666667,13.35,12.25
"1676","LIRO","2020-10-12",12.56375,12.83,12.21
"1677","LIRO","2020-10-13",12.3722916666667,12.72,12.02
"1678","LIRO","2020-10-14",12.01,12.43,11.69
"1679","LIRO","2020-10-15",11.478125,11.68,11.2
"1680","LIRO","2020-10-16",10.9247916666667,11.29,10.53
"1681","LIRO","2020-10-17",10.258125,10.55,9.84
"1682","LIRO","2020-10-18",9.73352941176471,9.86,9.64
"1683","LIRO","2021-04-05",5.63555555555556,5.72,5.56
"1684","LIRO","2021-04-06",7.29263157894737,8.61,5.52
"1685","LIRO","2021-04-07",9.80121212121212,11.25,8.43
"1686","LIRO","2021-04-08",12.2551162790698,13.34,10.22
"1687","LIRO","2021-04-09",13.0877083333333,13.43,12.48
"1688","LIRO","2021-04-10",12.8225,13.61,12.24
"1689","LIRO","2021-04-11",11.95375,12.7,10.45
"1690","LIRO","2021-04-12",10.2641666666667,10.59,9.89
"1691","LIRO","2021-04-13",10.3789583333333,10.93,9.91
"1692","LIRO","2021-04-14",9.41145833333333,9.92,8.72
"1693","LIRO","2021-04-15",8.73333333333333,9.31,8.04
"1694","LIRO","2021-04-16",8.27854166666667,8.78,7.86
"1695","LIRO","2021-04-17",8.625,9.37,7.84
"1696","LIRO","2021-04-18",9.181875,9.87,8.27
"1697","LIRO","2021-04-19",9.94791666666667,10.71,8.93
"1698","LIRO","2021-04-20",8.763125,9.36,8.09
"1699","LIRO","2021-04-21",8.1675,8.49,7.75
"1700","LIRO","2021-04-22",8.065,8.72,7.55
"1701","LIRO","2021-04-23",8.90958333333333,10.4,7.53
"1702","LIRO","2021-04-24",8.92833333333333,9.21,8.3
"1703","LIRO","2021-04-25",8.543125,8.88,7.99
"1704","LIRO","2021-04-26",8.973125,9.85,7.97
"1705","LIRO","2021-04-27",8.04291666666667,8.37,7.8
"1706","LIRO","2021-04-28",8.02916666666667,8.29,7.79
"1707","LIRO","2021-04-29",9.16125,10,7.84
"1708","LIRO","2021-04-30",9.229375,9.74,8.49
"1709","LIRO","2021-05-01",9.8725,11.34,8.46
"1710","LIRO","2021-05-02",11.6036956521739,13.53,9.54
"1711","LIRO","2021-05-03",12.045,12.4,11.52
"1712","LIRO","2021-05-06",11.4142424242424,12.04,10.77
"1713","LIRO","2021-05-07",11.4133333333333,12.4,10.76
"1714","LIRO","2021-05-08",10.9177083333333,11.3,10.35
"1715","LIRO","2021-05-09",11.3564583333333,12.61,10.35
"1716","LIRO","2021-05-10",11.2291666666667,11.79,10.69
"1717","LIRO","2021-05-11",10.69,10.7,10.68
"1718","LIRO","2021-05-13",12.9615555555556,14.54,10.82
"1719","LIRO","2021-05-14",13.4989583333333,14.66,12.04
"1720","LIRO","2021-05-15",13.5733333333333,14.35,12.83
"1721","LIRO","2021-05-16",13.2120833333333,13.63,12.68
"1722","LIRO","2021-05-17",14.6715555555556,16.6,12.72
"1723","LIRO","2021-05-18",16.453125,18.02,14.11
"1724","LIRO","2021-05-19",17.6704166666667,18.61,16.01
"1725","LIRO","2021-05-20",17.8972916666667,18.32,17.52
"1726","LIRO","2021-05-21",18.1435416666667,18.39,17.82
"1727","LIRO","2021-05-22",18.5825,18.92,18.08
"1728","LIRO","2021-05-23",19.7058333333333,20.57,18.62
"1729","LIRO","2021-05-24",18.77625,19.27,18
"1730","LIRO","2021-05-25",18.9027083333333,19.99,17.94
"1731","LIRO","2021-05-26",19.7670833333333,20.99,18.65
"1732","LIRO","2021-05-27",18.200625,19.01,17.13
"1733","LIRO","2021-05-28",16.24625,17.08,15.06
"1734","LIRO","2021-05-29",15.675625,16.81,14.95
"1735","LIRO","2021-05-30",16.5045833333333,17.66,15.07
"1736","LIRO","2021-05-31",15.7125,15.98,15.25
"1737","LIRO","2021-06-01",16.0364583333333,16.88,15.29
"1738","LIRO","2021-06-02",18.3817021276596,20.52,15.49
"1739","LIRO","2021-06-03",18.7910416666667,20.2,17.65
"1740","LIRO","2021-06-04",18.4391666666667,19.07,17.77
"1741","LIRO","2021-06-05",20.5202083333333,22.7,17.89
"1742","LIRO","2021-06-06",22.488085106383,24.5,19.91
"1743","LIRO","2021-06-07",23.2529166666667,24.3,21.91
"1744","LIRO","2021-06-08",25.0666666666667,26.85,22.7
"1745","LIRO","2021-06-09",25.8679166666667,27.7,24.46
"1746","LIRO","2021-06-10",27.3175,29.87,24.89
"1747","LIRO","2021-06-11",26.1802083333333,27.88,24.86
"1748","LIRO","2021-06-12",26.0639583333333,27.37,24.86
"1749","LIRO","2021-06-13",25.8695833333333,27.24,24.53
"1750","LIRO","2021-06-14",25.2997916666667,26.89,23.89
"1751","LIRO","2021-06-15",23.9516666666667,24.84,22.94
"1752","LIRO","2021-06-16",23.7389583333333,25.23,22.75
"1753","LIRO","2021-06-17",24.2113636363636,25.98,22.7
"1754","LIRO","2021-06-18",24.3775,25.49,23.23
"1755","LIRO","2021-06-19",24.348125,25.54,23.45
"1756","LIRO","2021-06-20",23.9002083333333,24.87,23.04
"1757","LIRO","2021-06-21",22.460625,23.13,21.3
"1758","LIRO","2021-06-22",21.1172916666667,21.62,20.48
"1759","LIRO","2021-06-23",20.7495833333333,21.6,20.1
"1760","LIRO","2021-06-24",21.4172916666667,22.45,20.08
"1761","LIRO","2021-06-25",21.6420833333333,22.08,21.17
"1762","LIRO","2021-06-26",23.0116666666667,24.53,21.21
"1763","LIRO","2021-06-27",22.9766666666667,23.46,22.34
"1764","LIRO","2021-06-28",23.1258333333333,24.64,22.31
"1765","LIRO","2021-06-29",23.2791666666667,24.06,22.52
"1766","LIRO","2021-06-30",23.4635416666667,24.48,22.81
"1767","LIRO","2021-07-01",24.028085106383,25.54,22.82
"1768","LIRO","2021-07-02",23.9066666666667,25.02,23.12
"1769","LIRO","2021-07-03",24.475,25.92,23.07
"1770","LIRO","2021-07-04",25.6266666666667,27.63,23.7
"1771","LIRO","2021-07-05",25.9075,27.08,24.69
"1772","LIRO","2021-07-06",26.7385416666667,28.37,25.31
"1773","LIRO","2021-07-07",25.0091666666667,25.82,23.75
"1774","LIRO","2021-07-08",23.0604166666667,23.7,22.23
"1775","LIRO","2021-07-09",23.1872916666667,24.62,22.2
"1776","LIRO","2021-07-10",23.8041666666667,25.76,22.4
"1777","LIRO","2021-07-11",24.3416666666667,26.4,22.85
"1778","LIRO","2021-07-12",24.5041666666667,26.03,23.17
"1779","LIRO","2021-07-13",24.9945833333333,26.7,23.61
"1780","LIRO","2021-07-14",25.2766666666667,26.68,23.96
"1781","LIRO","2021-07-15",24.83875,26.03,23.92
"1782","LIRO","2021-07-16",24.6835416666667,26.04,23.84
"1783","LIRO","2021-07-17",25.4142553191489,27.63,23.91
"1784","LIRO","2021-07-18",25.9434042553191,28.05,24.29
"1785","LIRO","2021-07-19",26.0052083333333,27.75,24.69
"1786","LIRO","2021-07-20",25.901875,27.24,24.8
"1787","LIRO","2021-07-21",25.0322916666667,25.53,24.27
"1788","LIRO","2021-07-22",24.5270833333333,25.15,23.93
"1789","LIRO","2021-07-23",24.4154166666667,25.28,23.86
"1790","LIRO","2021-07-24",25.0733333333333,26.06,24.1
"1791","LIRO","2021-07-25",25.301875,26.68,24.43
"1792","LIRO","2021-07-26",25.49125,26.92,24.4
"1793","LIRO","2021-07-27",26.0054166666667,28.08,24.55
"1794","LIRO","2021-07-28",26.0464583333333,27.41,24.91
"1795","LIRO","2021-07-29",25.4695833333333,26.18,24.88
"1796","LIRO","2021-07-30",25.1220833333333,26.08,24.38
"1797","LIRO","2021-07-31",25.3629166666667,26.94,24.29
"1798","LIRO","2021-08-01",24.9064583333333,25.91,24.12
"1799","LIRO","2021-08-02",24.0410416666667,24.82,23.35
"1800","LIRO","2021-08-03",24.184375,25.57,23.28
"1801","LIRO","2021-08-04",24.2129166666667,25.33,23.42
"1802","LIRO","2021-08-05",24.6345833333333,26.27,23.49
"1803","LIRO","2021-08-06",23.651875,24.22,23.12
"1804","LIRO","2021-08-07",24.0470833333333,25.55,23.12
"1805","LIRO","2021-08-08",23.1964583333333,23.36,22.94
"1806","LIRO","2021-08-09",23.145,23.78,22.85
"1807","LIRO","2021-08-10",24.2497916666667,26.32,22.85
"1808","LIRO","2021-08-11",23.8522916666667,24.61,23.27
"1809","LIRO","2021-08-12",23.8222916666667,25.09,23.09
"1810","LIRO","2021-08-13",23.3852083333333,24.52,22.66
"1811","LIRO","2021-08-14",22.9804166666667,23.9,22.25
"1812","LIRO","2021-08-15",23.438125,25.29,22.22
"1813","LIRO","2021-08-16",23.6477083333333,25.45,22.48
"1814","LIRO","2021-08-17",23.795625,25.22,22.84
"1815","LIRO","2021-08-18",24.0335416666667,25.39,23.02
"1816","LIRO","2021-08-19",24.93875,26.91,23.31
"1817","LIRO","2021-08-20",25.420625,27.53,23.99
"1818","LIRO","2021-08-21",25.4008333333333,26.48,24.33
"1819","LIRO","2021-08-22",24.9714583333333,26.02,23.94
"1820","LIRO","2021-08-23",24.6270833333333,26.11,23.84
"1821","LIRO","2021-08-24",24.569375,25.71,23.84
"1822","LIRO","2021-08-25",24.1395833333333,25.04,23.69
"1823","LIRO","2021-08-26",24.4825,25.76,23.59
"1824","LIRO","2021-08-27",23.763125,24.45,23.13
"1825","LIRO","2021-08-28",22.8735416666667,23.09,22.63
"1826","LIRO","2021-08-29",23.3583333333333,24.27,22.63
"1827","LIRO","2021-08-30",23.1427083333333,23.96,22.57
"1828","LIRO","2021-08-31",23.0085416666667,24.13,22.32
"1829","LIRO","2021-09-01",22.7793617021277,23.81,22.03
"1830","LIRO","2021-09-02",22.75875,24.28,21.92
"1831","LIRO","2021-09-03",22.5077083333333,23.4,21.84
"1832","LIRO","2021-09-04",21.5658333333333,21.9,21.11
"1833","LIRO","2021-09-05",21.1391666666667,21.85,20.64
"1834","LIRO","2021-09-06",20.6408333333333,21.08,20.07
"1835","LIRO","2021-09-07",20.7773170731707,21.86,20.05
"1836","LIRO","2021-09-21",20.0525,20.43,19.4
"1837","LIRO","2021-09-22",19.1527083333333,19.52,18.54
"1838","LIRO","2021-09-23",18.73625,19.36,18.18
"1839","LIRO","2021-09-24",18.3754166666667,18.9,17.86
"1840","LIRO","2021-09-25",17.853125,18.61,17.35
"1841","LIRO","2021-09-26",17.4439583333333,18.03,17.06
"1842","LIRO","2021-09-27",17.4345833333333,18.1,16.97
"1843","LIRO","2021-09-28",17.4502083333333,18.32,16.92
"1844","LIRO","2021-09-29",17.5652083333333,18.71,16.87
"1845","LIRO","2021-09-30",18.0747916666667,19.38,17.02
"1846","LIRO","2021-10-01",18.72,20.29,17.27
"1847","LIRO","2021-10-02",18.9645833333333,19.84,17.86
"1848","LIRO","2021-10-03",19.4227083333333,20.09,18.68
"1849","LIRO","2021-10-04",18.63375,19.11,17.88
"1850","LIRO","2021-10-05",17.88875,18.04,17.76
"1851","LIRO","2021-10-06",18.3385106382979,19.39,17.74
"1852","LIRO","2021-10-07",18.1470833333333,18.68,17.72
"1853","LIRO","2021-10-08",18.4172916666667,19,17.67
"1854","LIRO","2021-10-09",18.4002083333333,18.8,18.02
"1855","LIRO","2021-10-10",18.50875,19.2,18.01
"1856","LIRO","2021-10-11",18.380625,18.84,17.95
"1857","LIRO","2021-10-12",18.1089583333333,18.51,17.69
"1858","LIRO","2021-10-13",17.6858333333333,17.92,17.52
"1859","LIRO","2021-10-14",17.43125,17.58,17.05
"1860","LIRO","2021-10-15",16.74375,17.13,16.25
"1861","LIRO","2021-10-16",16.0045833333333,16.35,15.57
"1862","LIRO","2021-10-17",15.363125,15.79,14.84
"1863","LIRO","2021-10-18",14.8314583333333,15.6,14.3
"1864","LIRO","2021-10-19",14.5241666666667,15.06,14.12
"1865","LIRO","2021-10-20",14.3091666666667,14.9,14.05
"1866","LIRO","2021-10-21",13.810625,14.04,13.42
"1867","LIRO","2021-10-22",13.14,13.43,12.78
"1868","LIRO","2021-10-23",12.5434090909091,12.85,12.19
"1869","LIRO","2021-10-24",11.989375,12.3,11.57
"1870","LIRO","2021-10-25",11.4627083333333,11.84,11.02
"1871","LIRO","2021-10-26",10.9327083333333,11.2,10.58
"1872","LIRO","2021-10-27",10.5858333333333,10.97,10.23
"1873","LIRO","2021-10-28",10.30375,10.6,10.17
"1874","LIRO","2021-10-29",10.1741666666667,10.31,10.07
"1875","LIRO","2021-10-30",9.991875,10.06,9.88
"1876","LIRO","2021-10-31",10.1778723404255,10.87,9.83
"1877","LIRO","2021-11-01",9.63020833333333,9.84,9.29
"1878","LIRO","2021-11-02",8.999375,9.27,8.63
"1879","LIRO","2021-11-03",8.53208333333333,8.64,8.44
"1880","LIRO","2022-05-05",8.32166666666667,9.23,7.4
"1881","LIRO","2022-05-06",9.451,10.97,7.36
"1882","LIRO","2022-05-07",11.0589189189189,12.95,8.93
"1883","LIRO","2022-05-08",12.4444444444444,13.65,10.74
"1884","LIRO","2022-05-09",11.6420833333333,12.01,11.13
"1885","LIRO","2022-05-10",12.2785416666667,12.8,11.13
"1886","LIRO","2022-05-11",14.4475609756098,15.88,12.67
"1887","LIRO","2022-05-12",16.0206976744186,16.95,14.16
"1888","LIRO","2022-05-13",17.3107894736842,18.54,16.48
"1889","LIRO","2022-05-14",18.8083333333333,20.35,17.01
"1890","LIRO","2022-05-15",19.2791489361702,20.8,17.83
"1891","LIRO","2022-05-16",18.739375,20.08,17.64
"1892","LIRO","2022-05-17",17.9354166666667,19.11,16.75
"1893","LIRO","2022-05-18",17.9920833333333,19.11,16.71
"1894","LIRO","2022-05-19",17.3813043478261,17.91,16.65
"1895","LIRO","2022-05-20",17.1570833333333,17.93,16.66
"1896","LIRO","2022-05-21",16.7054166666667,17.26,15.83
"1897","LIRO","2022-05-22",16.1254166666667,16.86,15.48
"1898","LIRO","2022-05-23",15.2639583333333,15.84,14.46
"1899","LIRO","2022-05-24",15.3570833333333,16.29,14.46
"1900","LIRO","2022-05-25",16.27,17.71,14.72
"1901","LIRO","2022-05-26",15.2202083333333,15.83,14.75
"1902","LIRO","2022-05-27",14.5720833333333,14.74,14.21
"1903","LIRO","2022-05-28",15.6917391304348,17.1,14.22
"1904","LIRO","2022-05-29",15.2946808510638,15.5,14.98
"1905","LIRO","2022-05-30",16.2827083333333,17.19,15.04
"1906","LIRO","2022-05-31",18.1452083333333,19.27,16.5
"1907","LIRO","2022-06-01",18.3066666666667,18.38,18.24
"1908","LIRO","2022-06-04",18.7427906976744,19.76,17.84
"1909","LIRO","2022-06-05",18.7259574468085,19.62,17.83
"1910","LIRO","2022-06-06",19.221875,20.05,18.35
"1911","LIRO","2022-06-07",19.1921276595745,20.09,18.43
"1912","LIRO","2022-06-08",19.5945833333333,20.75,18.4
"1913","LIRO","2022-06-09",19.7047916666667,20.66,18.93
"1914","LIRO","2022-06-10",19.8795833333333,20.93,18.91
"1915","LIRO","2022-06-11",20.490625,21.53,19.32
"1916","LIRO","2022-06-12",19.6685416666667,20.17,19.03
"1917","LIRO","2022-06-13",20.406875,21.75,18.98
"1918","LIRO","2022-06-14",19.6235416666667,19.91,19.29
"1919","LIRO","2022-06-15",21.4393333333333,23.34,19.3
"1920","LIRO","2022-06-16",22.163125,23.78,20.58
"1921","LIRO","2022-06-17",21.0517021276596,21.78,20.4
"1922","LIRO","2022-06-18",21.2448936170213,22.43,20.41
"1923","LIRO","2022-06-19",21.6760416666667,22.96,20.42
"1924","LIRO","2022-06-20",21.4275,22.21,20.72
"1925","LIRO","2022-06-21",24.2082222222222,26.04,21.28
"1926","LIRO","2022-06-22",25.3504255319149,27.47,23.81
"1927","LIRO","2022-06-23",24.378125,25.69,23.35
"1928","LIRO","2022-06-24",24.6814893617021,26.11,23.32
"1929","LIRO","2022-06-25",25.2372340425532,26.47,24.08
"1930","LIRO","2022-06-26",24.51625,25.15,23.58
"1931","LIRO","2022-06-27",22.9367391304348,23.53,21.85
"1932","LIRO","2022-06-28",22.7054166666667,23.92,21.79
"1933","LIRO","2022-06-29",22.224375,23.06,21.52
"1934","LIRO","2022-06-30",22.6829166666667,23.62,21.51
"1935","LIRO","2022-07-01",23.1288372093023,24.3,22.07
"1936","LIRO","2022-07-02",23.20875,24.3,22.32
"1937","LIRO","2022-07-03",22.9395833333333,24.24,22.06
"1938","LIRO","2022-07-04",23.6906382978723,25.14,22.06
"1939","LIRO","2022-07-05",23.419375,23.9,23.1
"1940","LIRO","2022-07-06",23.9066666666667,25.68,23.1
"1941","LIRO","2022-07-07",23.8808333333333,24.9,23.06
"1942","LIRO","2022-07-08",24.733829787234,26.41,23.27
"1943","LIRO","2022-07-09",24.8685416666667,26.29,23.8
"1944","LIRO","2022-07-10",25.1635416666667,26.67,23.86
"1945","LIRO","2022-07-11",24.7283333333333,25.72,24.11
"1946","LIRO","2022-07-12",24.5108333333333,25.3,23.77
"1947","LIRO","2022-07-13",24.2295833333333,25.35,23.46
"1948","LIRO","2022-07-14",24.1389361702128,25.63,23.39
"1949","LIRO","2022-07-15",24.529375,25.83,23.38
"1950","LIRO","2022-07-16",23.6829166666667,24.39,23.18
"1951","LIRO","2022-07-17",25.1216666666667,26.9,23.16
"1952","LIRO","2022-07-18",26.0779166666667,28.42,24.11
"1953","LIRO","2022-07-19",25.869375,27.84,24.77
"1954","LIRO","2022-07-20",25.63875,26.5,24.97
"1955","LIRO","2022-07-21",24.7485416666667,25.09,24
"1956","LIRO","2022-07-22",25.0614583333333,26.69,23.99
"1957","LIRO","2022-07-23",25.4704166666667,27.34,24.08
"1958","LIRO","2022-07-24",24.7885416666667,25.58,24.08
"1959","LIRO","2022-07-25",24.0239583333333,24.74,23.11
"1960","LIRO","2022-07-26",23.6429166666667,24.7,22.72
"1961","LIRO","2022-07-27",23.60125,24.57,22.68
"1962","LIRO","2022-07-28",24.028125,25.31,23.07
"1963","LIRO","2022-07-29",23.0682978723404,23.73,22.38
"1964","LIRO","2022-07-30",23.0672916666667,24.36,22.26
"1965","LIRO","2022-07-31",23.6885106382979,25.15,22.25
"1966","LIRO","2022-08-01",23.9185416666667,24.77,23
"1967","LIRO","2022-08-02",23.715625,24.73,22.94
"1968","LIRO","2022-08-03",23.4454166666667,24.08,22.92
"1969","LIRO","2022-08-04",24.15375,25.98,23
"1970","LIRO","2022-08-05",24.6835416666667,26.95,23.25
"1971","LIRO","2022-08-06",24.7025,25.72,23.7
"1972","LIRO","2022-08-07",24.4541666666667,24.92,23.86
"1973","LIRO","2022-08-08",24.2972916666667,25.32,23.46
"1974","LIRO","2022-08-09",23.7660416666667,24.96,22.96
"1975","LIRO","2022-08-10",24.1480434782609,26.06,22.93
"1976","LIRO","2022-08-11",24.1829166666667,25.53,23.36
"1977","LIRO","2022-08-12",24.1939583333333,25.76,23.28
"1978","LIRO","2022-08-13",22.9475,23.25,22.27
"1979","LIRO","2022-08-14",22.0379166666667,22.25,21.64
"1980","LIRO","2022-08-15",21.9233333333333,22.97,21.56
"1981","LIRO","2022-08-16",22.4165957446809,24.08,21.55
"1982","LIRO","2022-08-17",23.2339583333333,25.33,21.62
"1983","LIRO","2022-08-18",22.7658333333333,23.66,22.17
"1984","LIRO","2022-08-19",22.8027083333333,23.62,22.14
"1985","LIRO","2022-08-20",23.1585416666667,24.38,22.34
"1986","LIRO","2022-08-21",22.9820833333333,24.21,22.29
"1987","LIRO","2022-08-22",23.2795744680851,25.48,22.26
"1988","LIRO","2022-08-23",23.6897916666667,26.06,22.34
"1989","LIRO","2022-08-24",24.4191489361702,27.4,22.65
"1990","LIRO","2022-08-25",24.3754166666667,26.14,23.21
"1991","LIRO","2022-08-26",23.2733333333333,24.04,22.45
"1992","LIRO","2022-08-27",23.2674468085106,24.5,22.44
"1993","LIRO","2022-08-28",22.291875,22.57,21.88
"1994","LIRO","2022-08-29",22.0452083333333,22.27,21.86
"1995","LIRO","2022-08-30",22.505625,23.3,21.92
"1996","LIRO","2022-08-31",22.2115217391304,23.1,21.62
"1997","LIRO","2022-09-01",22.2020833333333,23.44,21.61
"1998","LIRO","2022-09-02",22.9758333333333,24.51,21.58
"1999","LIRO","2022-09-03",23.1497916666667,24.02,22.34
"2000","LIRO","2022-09-04",22.3841666666667,23.29,21.53
"2001","LIRO","2022-09-05",22.2355319148936,24.01,21.38
"2002","LIRO","2022-09-06",22.28875,24.13,21.27
"2003","LIRO","2022-09-07",22.435,24.59,21.24
"2004","LIRO","2022-09-08",22.6379166666667,24.48,21.43
"2005","LIRO","2022-09-09",22.240625,23.04,21.55
"2006","LIRO","2022-09-10",21.8514583333333,22.47,21.27
"2007","LIRO","2022-09-11",20.995,21.35,20.4
"2008","LIRO","2022-09-12",20.4310416666667,21.03,19.92
"2009","LIRO","2022-09-13",19.9797916666667,20.97,19.35
"2010","LIRO","2022-09-14",20.445,22.18,19.32
"2011","LIRO","2022-09-15",19.6839583333333,20.84,19.05
"2012","LIRO","2022-09-16",19.466875,20.1,19
"2013","LIRO","2022-09-17",19.695,20.07,19.22
"2014","LIRO","2022-09-18",20.5170833333333,21.44,19.45
"2015","LIRO","2022-09-19",20.295625,21.08,19.55
"2016","LIRO","2022-09-20",20.4955319148936,22.06,19.53
"2017","LIRO","2022-09-21",21.0472916666667,22.43,19.85
"2018","LIRO","2022-09-22",19.7997916666667,20.59,19.04
"2019","LIRO","2022-09-23",18.8983333333333,20,18.13
"2020","LIRO","2022-09-24",17.9210416666667,18.22,17.52
"2021","LIRO","2022-09-25",17.3191666666667,17.56,17.01
"2022","LIRO","2022-09-26",16.8975,17.51,16.43
"2023","LIRO","2022-09-27",16.1453191489362,16.47,15.65
"2024","LIRO","2022-09-28",15.2608333333333,15.68,14.64
"2025","LIRO","2022-09-29",15.18,16.97,14.31
"2026","LIRO","2022-09-30",14.6202127659574,15.3,14.2
"2027","LIRO","2022-10-01",14.8010869565217,16.09,14.16
"2028","LIRO","2022-10-02",15.045625,16.7,14.23
"2029","LIRO","2022-10-03",15.3335416666667,16.66,14.44
"2030","LIRO","2022-10-04",15.2791666666667,16.06,14.62
"2031","LIRO","2022-10-05",15.4745833333333,16.38,14.88
"2032","LIRO","2022-10-06",15.6044680851064,16.23,14.88
"2033","LIRO","2022-10-07",14.699375,15.16,14
"2034","LIRO","2022-10-08",13.7834782608696,14.61,13.18
"2035","LIRO","2022-10-09",13.0989583333333,13.38,12.75
"2036","LIRO","2022-10-10",13.0469565217391,14.09,12.41
"2037","LIRO","2022-10-11",12.8370833333333,13.33,12.42
"2038","LIRO","2022-10-12",13.1502083333333,13.51,12.41
"2039","LIRO","2022-10-13",13.0902083333333,13.51,12.6
"2040","LIRO","2022-10-14",12.2439583333333,12.6,11.83
"2041","LIRO","2022-10-15",11.4475,11.81,11.04
"2042","LIRO","2022-10-16",10.77375,11.04,10.54
"2043","LIRO","2022-10-17",10.3341666666667,10.65,9.93
"2044","LIRO","2022-10-18",9.42708333333333,9.88,8.88
"2045","LIRO","2022-10-19",8.58770833333333,8.85,8.26
"2046","LIRO","2022-10-20",8.16729166666667,8.54,7.91
"2047","LIRO","2022-10-21",8.21733333333333,9.02,7.85
"2048","LIRO","2022-10-22",8.43088888888889,9.31,7.83
"2049","LIRO","2022-10-23",8.77042553191489,9.4,7.95
"2050","LIRO","2022-10-24",9.95958333333333,10.97,8.79
"2051","LIRO","2022-10-25",10.9895833333333,11.8,10.47
"2052","LIRO","2022-10-26",10.0722916666667,10.53,9.37
"2053","LIRO","2022-10-27",8.91666666666667,9.44,8.39
"2054","LIRO","2022-10-28",8.66583333333333,9.02,8.32
"2055","LIRO","2022-10-29",8.6575,9,8.35
"2056","LIRO","2022-10-30",8.725,9.27,8.32
"2057","LIRO","2022-10-31",8.90760869565217,9.87,8.33
"2058","LIRO","2022-11-01",8.836,9.88,8.26
"2059","LIRO","2022-11-02",9.00541666666667,10.14,8.3
"2060","LIRO","2022-11-03",8.925,9.41,8.45
"2061","LIRO","2023-05-10",15.125,16.34,12.57
"2062","LIRO","2023-05-11",15.9885714285714,17.69,14.29
"2063","LIRO","2023-05-12",16.2248936170213,17.02,14.67
"2064","LIRO","2023-05-13",16.8489130434783,17.62,15.65
"2065","LIRO","2023-05-14",16.6125,18.01,15.48
"2066","LIRO","2023-05-15",15.9417777777778,17.2,14.95
"2067","LIRO","2023-05-16",16.64625,18.09,14.95
"2068","LIRO","2023-05-17",16.5202083333333,17.63,15.42
"2069","LIRO","2023-05-18",16.1254166666667,16.97,15.3
"2070","LIRO","2023-05-19",15.6008333333333,16.14,15.2
"2071","LIRO","2023-05-20",14.468125,15.2,13.44
"2072","LIRO","2023-05-21",15.2908333333333,16.96,13.45
"2073","LIRO","2023-05-22",16.53475,18.22,14.79
"2074","LIRO","2023-05-23",17.4747826086957,18.53,15.88
"2075","LIRO","2023-05-24",18.5154347826087,20.12,16.92
"2076","LIRO","2023-05-25",17.3314583333333,17.82,16.37
"2077","LIRO","2023-05-26",17.64925,19.32,16.31
"2078","LIRO","2023-05-27",18.3248936170213,19.7,16.79
"2079","LIRO","2023-05-28",19.0513043478261,20.49,17.32
"2080","LIRO","2023-05-29",20.2677272727273,22.25,18.18
"2081","LIRO","2023-05-30",20.685625,22.23,19.2
"2082","LIRO","2023-05-31",21.0125,22.12,19.69
"2083","LIRO","2023-06-01",22.0457446808511,23.06,20.38
"2084","LIRO","2023-06-02",23.423023255814,25.03,21.69
"2085","LIRO","2023-06-03",23.8591666666667,24.74,22.85
"2086","LIRO","2023-06-04",24.3035416666667,25.62,23.26
"2087","LIRO","2023-06-05",25.16,26.7,23.35
"2088","LIRO","2023-06-06",25.2686956521739,26.28,24.26
"2089","LIRO","2023-06-07",24.035,24.91,22.96
"2090","LIRO","2023-06-08",23.139375,24.2,21.88
"2091","LIRO","2023-06-09",22.5427083333333,23.78,21.51
"2092","LIRO","2023-06-10",22.815,24.06,21.5
"2093","LIRO","2023-06-11",21.3883333333333,22.07,20.02
"2094","LIRO","2023-06-12",19.7629166666667,20.43,19.02
"2095","LIRO","2023-06-13",18.7678723404255,19.11,18.24
"2096","LIRO","2023-06-14",18.3097916666667,18.58,18
"2097","LIRO","2023-06-15",18.6492682926829,20.75,17.72
"2098","LIRO","2023-06-16",17.2389583333333,17.65,16.7
"2099","LIRO","2023-06-17",18.5295348837209,20.54,16.7
"2100","LIRO","2023-06-18",20.631875,22.45,18.3
"2101","LIRO","2023-06-19",21.2125531914894,22.2,19.74
"2102","LIRO","2023-06-20",21.7384782608696,23.46,20.72
"2103","LIRO","2023-06-21",23.3580434782609,25.03,21.16
"2104","LIRO","2023-06-22",24.2833333333333,25.98,22.27
"2105","LIRO","2023-06-23",25.5867391304348,27.73,23.37
"2106","LIRO","2023-06-24",25.4942553191489,27.05,24.27
"2107","LIRO","2023-06-25",25.2614583333333,26.12,24.53
"2108","LIRO","2023-06-26",23.9679166666667,24.54,22.65
"2109","LIRO","2023-06-27",21.555,22.56,20.63
"2110","LIRO","2023-06-28",22.5470833333333,24.06,20.64
"2111","LIRO","2023-06-29",22.1533333333333,22.57,21.77
"2112","LIRO","2023-06-30",22.9252083333333,24.44,21.74
"2113","LIRO","2023-07-01",24.001914893617,25.6,22.18
"2114","LIRO","2023-07-02",24.2752083333333,25.33,23.12
"2115","LIRO","2023-07-03",24.81875,26.25,23.41
"2116","LIRO","2023-07-04",25.7187234042553,27.48,23.98
"2117","LIRO","2023-07-05",26.1691666666667,27.21,24.85
"2118","LIRO","2023-07-06",25.369375,26.42,24.19
"2119","LIRO","2023-07-07",24.0370833333333,24.59,22.94
"2120","LIRO","2023-07-08",23.7083333333333,24.47,22.91
"2121","LIRO","2023-07-09",23.4385416666667,24.56,22.57
"2122","LIRO","2023-07-10",23.2283333333333,24.1,22.57
"2123","LIRO","2023-07-11",23.3087234042553,24.22,22.49
"2124","LIRO","2023-07-12",23.1431914893617,23.85,22.44
"2125","LIRO","2023-07-13",23.0058333333333,23.48,22.54
"2126","LIRO","2023-07-14",23.204375,24.01,22.47
"2127","LIRO","2023-07-15",23.783125,24.69,22.71
"2128","LIRO","2023-07-16",23.6975,24.41,22.89
"2129","LIRO","2023-07-17",22.99375,23.49,22.29
"2130","LIRO","2023-07-18",22.2391666666667,22.64,21.74
"2131","LIRO","2023-07-19",22.3375,23.04,21.74
"2132","LIRO","2023-07-20",22.14875,22.94,21.77
"2133","LIRO","2023-07-21",21.5208510638298,21.79,20.98
"2134","LIRO","2023-07-22",22.5147916666667,23.7,20.96
"2135","LIRO","2023-07-23",22.9414583333333,24.33,21.62
"2136","LIRO","2023-07-24",23.35125,24.57,22.09
"2137","LIRO","2023-07-25",23.9127083333333,25.27,22.58
"2138","LIRO","2023-07-26",24.4304166666667,25.59,22.94
"2139","LIRO","2023-07-27",25.235,26.78,23.92
"2140","LIRO","2023-07-28",24.8697916666667,26.44,24.06
"2141","LIRO","2023-07-29",25.258125,26.71,24.06
"2142","LIRO","2023-07-30",24.590625,25.51,23.56
"2143","LIRO","2023-07-31",24.055625,25.02,23.18
"2144","LIRO","2023-08-01",24.0435416666667,25.21,23.11
"2145","LIRO","2023-08-02",24.0320833333333,24.95,23.13
"2146","LIRO","2023-08-03",24.851875,26.04,23.36
"2147","LIRO","2023-08-04",25.4177083333333,26.64,24.18
"2148","LIRO","2023-08-05",25.52,26.7,24.58
"2149","LIRO","2023-08-06",25.7933333333333,26.95,24.75
"2150","LIRO","2023-08-07",25.056875,25.64,24.38
"2151","LIRO","2023-08-08",25.125,26.34,24.19
"2152","LIRO","2023-08-09",24.8954166666667,25.82,24.15
"2153","LIRO","2023-08-10",24.2904166666667,24.88,23.6
"2154","LIRO","2023-08-11",23.8008333333333,24.46,23.01
"2155","LIRO","2023-08-12",23.1327083333333,23.79,22.71
"2156","LIRO","2023-08-13",22.8933333333333,23.43,22.3
"2157","LIRO","2023-08-14",22.7922916666667,23.38,22.31
"2158","LIRO","2023-08-15",22.1560416666667,22.54,21.51
"2159","LIRO","2023-08-16",22.7310416666667,23.98,21.49
"2160","LIRO","2023-08-17",22.623125,23.41,22.01
"2161","LIRO","2023-08-18",21.7983333333333,22.18,21.15
"2162","LIRO","2023-08-19",21.734375,22.73,21.1
"2163","LIRO","2023-08-20",22.6597916666667,23.77,21.07
"2164","LIRO","2023-08-21",23.1516666666667,23.96,22.28
"2165","LIRO","2023-08-22",22.695,23.09,22.23
"2166","LIRO","2023-08-23",21.8847916666667,22.18,21.58
"2167","LIRO","2023-08-24",22.4583333333333,23.15,21.59
"2168","LIRO","2023-08-25",22.2779166666667,22.73,21.71
"2169","LIRO","2023-08-26",22.7306382978723,24.05,21.69
"2170","LIRO","2023-08-27",21.6747916666667,22.17,21.02
"2171","LIRO","2023-08-28",21.679375,22.74,20.92
"2172","LIRO","2023-08-29",21.8708333333333,22.76,20.86
"2173","LIRO","2023-08-30",21.29375,21.81,20.49
"2174","LIRO","2023-08-31",21.433125,22.88,20.43
"2175","LIRO","2023-09-01",21.40875,22.31,20.46
"2176","LIRO","2023-09-02",21.1933333333333,21.99,20.58
"2177","LIRO","2023-09-03",22.0216666666667,23.08,20.75
"2178","LIRO","2023-09-04",23.001875,24.5,21.68
"2179","LIRO","2023-09-05",23.6233333333333,24.68,22.39
"2180","LIRO","2023-09-06",23.908125,24.58,23.1
"2181","LIRO","2023-09-07",22.5710416666667,23.25,21.36
"2182","LIRO","2023-09-08",20.8277083333333,21.34,20.24
"2183","LIRO","2023-09-09",20.5270833333333,21.26,19.95
"2184","LIRO","2023-09-10",20.615,21.43,19.9
"2185","LIRO","2023-09-11",20.1164583333333,20.55,19.65
"2186","LIRO","2023-09-12",19.6245833333333,20.07,19.1
"2187","LIRO","2023-09-13",18.6533333333333,19.06,18.15
"2188","LIRO","2023-09-14",18.0525,18.43,17.55
"2189","LIRO","2023-09-15",18.2189583333333,19.05,17.45
"2190","LIRO","2023-09-16",17.665,17.79,17.47
"2191","LIRO","2023-09-17",17.8847916666667,18.58,17.32
"2192","LIRO","2023-09-18",17.3754166666667,17.72,17.02
"2193","LIRO","2023-09-19",17.5822916666667,18.69,16.89
"2194","LIRO","2023-09-20",17.5239583333333,18.12,16.85
"2195","LIRO","2023-09-21",18.5331914893617,20.76,17.4
"2196","LIRO","2023-09-22",19.8064583333333,21.52,17.89
"2197","LIRO","2023-09-23",19.4744680851064,20.11,18.65
"2198","LIRO","2023-09-24",18.7420833333333,19.02,18.21
"2199","LIRO","2023-09-25",18.2420833333333,18.69,17.92
"2200","LIRO","2023-09-26",17.84625,18.04,17.56
"2201","LIRO","2023-09-27",17.7597916666667,17.98,17.54
"2202","LIRO","2023-09-28",17.544375,17.69,17.33
"2203","LIRO","2023-09-29",17.4758333333333,17.73,17.23
"2204","LIRO","2023-09-30",17.203125,17.29,17.06
"2205","LIRO","2023-10-01",17.7154166666667,18.55,17.03
"2206","LIRO","2023-10-02",18.6244680851064,19.76,17.35
"2207","LIRO","2023-10-03",19.1552083333333,20.18,18.09
"2208","LIRO","2023-10-04",19.3564583333333,20.04,18.38
"2209","LIRO","2023-10-05",18.9104166666667,19.45,18.14
"2210","LIRO","2023-10-06",17.7597916666667,18.17,17.1
"2211","LIRO","2023-10-07",16.5345833333333,17.08,15.85
"2212","LIRO","2023-10-08",15.623125,16.15,15.15
"2213","LIRO","2023-10-09",14.9077083333333,15.4,14.36
"2214","LIRO","2023-10-10",13.993125,14.35,13.62
"2215","LIRO","2023-10-11",13.501875,13.9,13.15
"2216","LIRO","2023-10-12",13.1229787234043,13.72,12.7
"2217","LIRO","2023-10-13",12.6225,12.91,12.3
"2218","LIRO","2023-10-14",12.0429166666667,12.29,11.72
"2219","LIRO","2023-10-15",11.6925,11.96,11.43
"2220","LIRO","2023-10-16",11.3770833333333,11.64,11.11
"2221","LIRO","2023-10-17",11.0954166666667,11.33,10.92
"2222","LIRO","2023-10-18",11.2472340425532,12.08,10.89
"2223","LIRO","2023-10-19",11.16,11.44,10.87
"2224","LIRO","2023-10-20",11.0575,11.19,10.89
"2225","LIRO","2023-10-21",11.0785416666667,11.81,10.77
"2226","LIRO","2023-10-22",10.546875,10.76,10.33
"2227","LIRO","2023-10-23",10.4810416666667,11.57,10.09
"2228","LIRO","2023-10-24",10.1775,10.38,10.09
"2229","LIRO","2023-10-25",10.2689130434783,10.47,10.1
"2230","LIRO","2023-10-26",10.2904166666667,10.4,10.16
"2231","LIRO","2023-10-27",10.2714583333333,10.38,10.16
"2232","LIRO","2023-10-28",10.26375,10.71,9.92
"2233","LIRO","2023-10-29",9.66875,9.91,9.29
"2234","LIRO","2023-10-30",9.09104166666667,9.53,8.66
"2235","LIRO","2023-10-31",8.30458333333333,8.69,7.87
"2236","LIRO","2023-11-01",7.538125,7.93,7.1
"2237","LIRO","2023-11-02",6.830625,7.1,6.49
"2238","LIRO","2023-11-03",6.45934782608696,6.91,6.27
"2239","LIRO","2023-11-04",6.38666666666667,7.02,6
"2240","LIRO","2023-11-05",6.21104166666667,6.64,5.92
"2241","LIRO","2023-11-06",6.17625,6.37,6.01
"2242","LIRO","2023-11-07",6.25395833333333,6.44,6.03
"2243","LIRO","2023-11-08",6.01,6.16,5.82
"2244","LIRO","2023-11-09",5.73583333333333,5.82,5.54
"2245","LIRO","2023-11-10",5.42916666666667,5.57,5.29
"2246","LIRO","2023-11-11",5.20916666666667,5.34,5.07
"2247","LIRO","2023-11-12",5.07916666666667,5.11,5.02
"2248","LIRO","2024-03-16",4.96121212121212,5.19,4.77
"2249","LIRO","2024-03-17",4.61770833333333,4.83,4.22
"2250","LIRO","2024-03-18",3.98020833333333,4.24,3.6
"2251","LIRO","2024-03-19",3.65458333333333,3.96,3.25
"2252","LIRO","2024-03-20",3.29458333333333,3.66,2.67
"2253","LIRO","2024-03-21",2.3827027027027,3.13,0.98
"2254","LIRO","2024-03-22",2.42083333333333,4.24,1.17
"2255","LIRO","2024-03-23",1.24666666666667,1.66,0.78
"2256","LIRO","2024-03-24",1.86625,4.56,0.74
"2257","LIRO","2024-03-25",0.546458333333333,0.85,0.06
"2258","LIRO","2024-03-26",0.065,0.15,0.02
"2259","LIRO","2024-03-27",0.0834285714285714,0.21,0.02
"2260","LIRO","2024-03-28",0.0960416666666667,0.28,0.03
"2261","LIRO","2024-03-29",0.170851063829787,0.59,0.04
"2262","LIRO","2024-03-30",0.253541666666667,0.53,0.04
"2263","LIRO","2024-03-31",0.188913043478261,0.44,0.12
"2264","LIRO","2024-04-01",0.425833333333333,0.55,0.14
"2265","LIRO","2024-04-02",1.14291666666667,1.63,0.47
"2266","LIRO","2024-04-03",2.3653125,4.18,1.2
"2267","LIRO","2024-04-04",3.99479166666667,4.14,3.82
"2268","LIRO","2024-04-05",2.77195652173913,4.07,0.77
"2269","LIRO","2024-04-06",3.43975609756098,4.63,0.75
"2270","LIRO","2024-04-07",4.7046511627907,5.25,3.39
"2271","LIRO","2024-04-08",5.02531914893617,5.25,4.44
"2272","LIRO","2024-04-09",5.22729166666667,5.44,5.08
"2273","LIRO","2024-04-10",5.774375,6.22,5.34
"2274","LIRO","2024-04-11",7.03979166666667,7.96,5.53
"2275","LIRO","2024-04-12",7.81729166666667,8.59,6.94
"2276","LIRO","2024-04-13",6.861875,7.28,6.32
"2277","LIRO","2024-04-14",7.88979166666667,8.95,6.35
"2278","LIRO","2024-04-15",9.32565217391304,11.17,7.99
"2279","LIRO","2024-04-16",10.0522916666667,10.91,8.84
"2280","LIRO","2024-04-17",9.92666666666667,10.44,9.38
"2281","LIRO","2024-04-18",9.29729166666667,9.53,9.06
"2282","LIRO","2024-04-19",9.255625,9.75,8.8
"2283","LIRO","2024-04-20",8.430625,8.79,7.91
"2284","LIRO","2024-04-21",7.72395833333333,8.13,7.28
"2285","LIRO","2024-04-22",8.19729166666667,9.38,7.28
"2286","LIRO","2024-04-23",8.721875,9.29,7.76
"2287","LIRO","2024-04-24",8.76106382978723,9.23,8.23
"2288","LIRO","2024-04-25",9.34145833333333,11.02,8.19
"2289","LIRO","2024-04-26",10.4241666666667,11.38,8.79
"2290","LIRO","2024-04-27",10.46125,10.96,10.03
"2291","LIRO","2024-04-28",10.4552083333333,10.78,10.21
"2292","LIRO","2024-04-29",10.079375,10.34,9.76
"2293","LIRO","2024-04-30",10.08875,10.41,9.75
"2294","LIRO","2024-05-01",11.038085106383,11.91,9.91
"2295","LIRO","2024-05-02",11.3525,11.92,10.97
"2296","LIRO","2024-05-03",10.7710416666667,10.97,10.46
"2297","LIRO","2024-05-04",11.96875,13.33,10.5
"2298","LIRO","2024-05-05",11.751875,12.02,11.21
"2299","LIRO","2024-05-06",12.6560416666667,13.94,11.24
"2300","LIRO","2024-05-07",14.1634042553191,15.71,12.05
"2301","LIRO","2024-05-08",13.960625,14.35,13.71
"2302","LIRO","2024-05-09",14.745625,15.86,13.7
"2303","LIRO","2024-05-10",14.5666666666667,15.57,13.78
"2304","LIRO","2024-05-11",14.6720833333333,15.37,13.95
"2305","LIRO","2024-05-12",14.7266666666667,15.52,13.92
"2306","LIRO","2024-05-13",15.61,17.32,14.31
"2307","LIRO","2024-05-14",15.9585416666667,17.02,15.05
"2308","LIRO","2024-05-15",16.0439583333333,16.85,15.2
"2309","LIRO","2024-05-16",17.1834042553192,18.48,15.6
"2310","LIRO","2024-05-17",16.1822916666667,16.7,15.59
"2311","LIRO","2024-05-18",17.1546808510638,18.19,15.61
"2312","LIRO","2024-05-19",17.9827083333333,19.07,16.97
"2313","LIRO","2024-05-20",18.371875,19.04,17.31
"2314","LIRO","2024-05-21",18.2227083333333,18.67,17.91
"2315","LIRO","2024-05-22",17.95,18.17,17.53
"2316","LIRO","2024-05-23",17.2410416666667,17.61,16.64
"2317","LIRO","2024-05-24",18.1375,19.49,16.63
"2318","LIRO","2024-05-25",17.4285416666667,17.79,16.88
"2319","LIRO","2024-05-26",17.809375,18.7,16.84
"2320","LIRO","2024-05-27",17.625625,17.96,17.12
"2321","LIRO","2024-05-28",17.7177083333333,18.39,17.09
"2322","LIRO","2024-05-29",17.1683333333333,17.7,16.59
"2323","LIRO","2024-05-30",18.1102222222222,19.39,16.61
"2324","LIRO","2024-05-31",18.7779166666667,19.78,17.26
"2325","LIRO","2024-06-01",18.80375,19.28,18.15
"2326","LIRO","2024-06-02",18.5725,18.92,18.18
"2327","LIRO","2024-06-03",20.8078723404255,22.76,18.19
"2328","LIRO","2024-06-04",19.9683333333333,20.75,19.48
"2329","LIRO","2024-06-05",21.8110416666667,22.77,19.92
"2330","LIRO","2024-06-06",21.1697916666667,22.15,20
"2331","LIRO","2024-06-07",19.746875,20.17,18.93
"2332","LIRO","2024-06-08",19.6679166666667,20.67,18.89
"2333","LIRO","2024-06-09",19.5920833333333,20.54,19
"2334","LIRO","2024-06-10",18.5827083333333,18.98,17.93
"2335","LIRO","2024-06-11",18.9208333333333,20.1,17.91
"2336","LIRO","2024-06-12",18.1466666666667,18.35,17.75
"2337","LIRO","2024-06-13",18.7260416666667,19.54,17.77
"2338","LIRO","2024-06-14",19.7816666666667,21.09,18.56
"2339","LIRO","2024-06-15",21.0133333333333,23.1,19.08
"2340","LIRO","2024-06-16",20.8452083333333,21.55,20.36
"2341","LIRO","2024-06-17",20.7489583333333,21.33,20.32
"2342","LIRO","2024-06-18",20.8814583333333,21.65,20.2
"2343","LIRO","2024-06-19",22.5910416666667,23.62,20.77
"2344","LIRO","2024-06-20",23.155625,24.48,22.17
"2345","LIRO","2024-06-21",22.2302083333333,22.69,21.67
"2346","LIRO","2024-06-22",21.5914583333333,21.85,21.2
"2347","LIRO","2024-06-23",21.08,21.36,20.57
"2348","LIRO","2024-06-24",21.5308333333333,22.82,20.56
"2349","LIRO","2024-06-25",22.3316666666667,23.22,20.8
"2350","LIRO","2024-06-26",23.4223404255319,24.77,22.12
"2351","LIRO","2024-06-27",22.35,22.82,21.54
"2352","LIRO","2024-06-28",22.8154166666667,23.96,21.5
"2353","LIRO","2024-06-29",21.5008333333333,22.06,21.14
"2354","LIRO","2024-06-30",21.5752083333333,22.68,20.7
"2355","LIRO","2024-07-01",21.5658333333333,22.66,20.67
"2356","LIRO","2024-07-02",21.8879166666667,22.81,20.85
"2357","LIRO","2024-07-03",20.7572916666667,21.26,20.41
"2358","LIRO","2024-07-04",21.9453191489362,23.14,20.43
"2359","LIRO","2024-07-05",22.5120833333333,23.43,21.48
"2360","LIRO","2024-07-06",21.966875,22.49,21.4
"2361","LIRO","2024-07-07",23.3939583333333,25.36,21.39
"2362","LIRO","2024-07-08",22.8922916666667,23.73,22.29
"2363","LIRO","2024-07-09",22.82875,23.56,22.24
"2364","LIRO","2024-07-10",24.1158695652174,25.84,22.28
"2365","LIRO","2024-07-11",24.3327083333333,25.74,23.13
"2366","LIRO","2024-07-12",25.1883333333333,26.69,23.66
"2367","LIRO","2024-07-13",25.5939583333333,27.26,24.27
"2368","LIRO","2024-07-14",24.97875,25.53,24.41
"2369","LIRO","2024-07-15",26.0725,27.64,24.41
"2370","LIRO","2024-07-16",25.6966666666667,26.54,24.92
"2371","LIRO","2024-07-17",25.1883333333333,25.86,24.31
"2372","LIRO","2024-07-18",23.865625,24.27,23.08
"2373","LIRO","2024-07-19",23.8746808510638,25.17,23.04
"2374","LIRO","2024-07-20",24.2416666666667,25.48,23.1
"2375","LIRO","2024-07-21",24.550625,25.59,23.58
"2376","LIRO","2024-07-22",24.8675,26.44,23.76
"2377","LIRO","2024-07-23",24.8397916666667,26.23,23.96
"2378","LIRO","2024-07-24",23.571875,24,22.96
"2379","LIRO","2024-07-25",23.548125,24.8,22.84
"2380","LIRO","2024-07-26",24.501875,26.54,22.84
"2381","LIRO","2024-07-27",24.1454166666667,25.16,23.26
"2382","LIRO","2024-07-28",24.64,25.5,23.54
"2383","LIRO","2024-07-29",25.0952083333333,25.7,24.39
"2384","LIRO","2024-07-30",25.831875,27.58,24.77
"2385","LIRO","2024-07-31",25.735,26.95,24.78
"2386","LIRO","2024-08-01",26.93875,29.6,24.78
"2387","LIRO","2024-08-02",25.6422916666667,27,24.85
"2388","LIRO","2024-08-03",26.128085106383,27.55,24.84
"2389","LIRO","2024-08-04",26.1670833333333,27.98,25.16
"2390","LIRO","2024-08-05",25.4741666666667,26.25,24.75
"2391","LIRO","2024-08-06",24.483125,25.04,23.71
"2392","LIRO","2024-08-07",24.2825,25.31,23.49
"2393","LIRO","2024-08-08",23.7435416666667,24.35,23.34
"2394","LIRO","2024-08-09",23.4327083333333,24.24,22.75
"2395","LIRO","2024-08-10",22.3202083333333,22.72,21.56
"2396","LIRO","2024-08-11",21.176875,21.59,20.66
"2397","LIRO","2024-08-12",21.4933333333333,22.8,20.65
"2398","LIRO","2024-08-13",22.5078723404255,24.45,20.73
"2399","LIRO","2024-08-14",23.3302222222222,26.4,21.4
"2400","LIRO","2024-08-15",23.3727659574468,24.82,22.14
"2401","LIRO","2024-08-16",22.1420833333333,22.53,21.83
"2402","LIRO","2024-08-17",22.5154166666667,23.56,21.85
"2403","LIRO","2024-08-18",21.8491666666667,22.11,21.46
"2404","LIRO","2024-08-19",21.9820833333333,22.92,21.4
"2405","LIRO","2024-08-20",21.940625,22.88,21.22
"2406","LIRO","2024-08-21",22.22875,23.88,21.19
"2407","LIRO","2024-08-22",22.5545833333333,24.69,21.19
"2408","LIRO","2024-08-23",22.216875,22.99,21.46
"2409","LIRO","2024-08-24",22.049375,22.56,21.64
"2410","LIRO","2024-08-25",23.4291666666667,25.18,21.78
"2411","LIRO","2024-08-26",24.0323404255319,25.18,22.41
"2412","LIRO","2024-08-27",26.2628260869565,28.97,23.72
"2413","LIRO","2024-08-28",24.2316666666667,25.09,23.03
"2414","LIRO","2024-08-29",23.0552083333333,23.42,22.46
"2415","LIRO","2024-08-30",22.9472916666667,23.51,22.39
"2416","LIRO","2024-08-31",23.0627083333333,23.89,22.46
"2417","LIRO","2024-09-01",22.9420833333333,23.88,22.22
"2418","LIRO","2024-09-02",22.300625,22.89,21.69
"2419","LIRO","2024-09-03",22.2927083333333,23.38,21.52
"2420","LIRO","2024-09-04",21.6445833333333,22.28,21.11
"2421","LIRO","2024-09-05",21.5466666666667,22.46,21.07
"2422","LIRO","2024-09-06",20.8421052631579,21.44,20.41
"2423","LIRO","2024-09-07",20.256875,20.76,19.62
"2424","LIRO","2024-09-08",19.8221276595745,20.83,19.17
"2425","LIRO","2024-09-09",19.6935416666667,20.19,19.14
"2426","LIRO","2024-09-10",21.2275555555556,23.41,19.22
"2427","LIRO","2024-09-11",20.4035416666667,21,19.88
"2428","LIRO","2024-09-12",20.8945833333333,22.17,19.9
"2429","LIRO","2024-09-13",21.683125,23.54,20.16
"2430","LIRO","2024-09-14",21.5739583333333,22.72,20.59
"2431","LIRO","2024-09-15",21.59625,22.53,20.75
"2432","LIRO","2024-09-16",22.0833333333333,23.2,21.07
"2433","LIRO","2024-09-17",22.4635416666667,23.86,21.43
"2434","LIRO","2024-09-18",22.23375,23,21.52
"2435","LIRO","2024-09-19",22.0670833333333,23.01,21.44
"2436","LIRO","2024-09-20",21.5221276595745,21.79,21.2
"2437","LIRO","2024-09-21",21.801875,22.86,21.09
"2438","LIRO","2024-09-22",20.914375,21.16,20.49
"2439","LIRO","2024-09-23",20.3727083333333,21,19.69
"2440","LIRO","2024-09-24",19.9539130434783,21.04,19.33
"2441","LIRO","2024-09-25",19.848125,21.35,19.02
"2442","LIRO","2024-09-26",19.6673333333333,21.36,18.88
"2443","LIRO","2024-09-27",20.268085106383,22.56,18.86
"2444","LIRO","2024-09-28",20.6747826086957,23,19.14
"2445","LIRO","2024-09-29",20.46,22.19,19.33
"2446","LIRO","2024-09-30",20.0846511627907,21.91,19.22
"2447","LIRO","2024-10-01",19.5616666666667,20.04,19.02
"2448","LIRO","2024-10-02",18.7252083333333,19.18,18.1
"2449","LIRO","2024-10-03",17.885,18.24,17.43
"2450","LIRO","2024-10-04",17.2585416666667,17.62,16.68
"2451","LIRO","2024-10-05",16.7642222222222,17.64,16.21
"2452","LIRO","2024-10-06",16.33625,16.71,16.07
"2453","LIRO","2024-10-07",15.52625,16.08,14.89
"2454","LIRO","2024-10-08",14.9814583333333,15.64,14.48
"2455","LIRO","2024-10-09",14.5458139534884,15.05,14.07
"2456","LIRO","2024-10-10",14.4153191489362,15.49,13.74
"2457","LIRO","2024-10-11",13.9916666666667,14.62,13.7
"2458","LIRO","2024-10-12",14.1033333333333,14.66,13.71
"2459","LIRO","2024-10-13",13.5954166666667,13.84,13.34
"2460","LIRO","2024-10-14",13.06625,13.33,12.72
"2461","LIRO","2024-10-15",12.49875,12.75,12.1
"2462","LIRO","2024-10-16",11.8527083333333,12.18,11.4
"2463","LIRO","2024-10-17",11.4735416666667,12.16,11.01
"2464","LIRO","2024-10-18",11.05375,11.4,10.77
"2465","LIRO","2024-10-19",11.0908333333333,11.82,10.72
"2466","LIRO","2024-10-20",11.546875,12.19,10.86
"2467","LIRO","2024-10-21",12.3191666666667,13,11.33
"2468","LIRO","2024-10-22",12.925625,13.55,11.9
"2469","LIRO","2024-10-23",13.0404166666667,13.63,12.47
"2470","LIRO","2024-10-24",12.1363829787234,13.07,11.37
"2471","LIRO","2024-10-25",11.40875,11.69,11.23
"2472","LIRO","2024-10-26",11.2151063829787,11.77,10.77
"2473","LIRO","2024-10-27",10.83875,11.86,10.47
"2474","LIRO","2024-10-28",10.5804166666667,11.06,10.3
"2475","LIRO","2024-10-29",10.6945833333333,11.16,10.27
"2476","LIRO","2024-10-30",11.8097916666667,12.5,10.75
"2477","LIRO","2024-10-31",11.779375,12.57,10.95
"2478","LIRO","2024-11-01",10.3983333333333,10.92,9.91
"2479","LIRO","2024-11-02",10.0097916666667,11.44,9.53
"2480","LIRO","2024-11-03",9.56270833333333,9.9,9.36
"2481","LIRO","2024-11-04",9.26574468085106,9.36,9.19
"2482","LIRO","2024-11-05",9.4895652173913,9.82,9.21
"2483","LIRO","2024-11-06",9.148125,9.3,8.98
"2484","LIRO","2024-11-07",9.035,9.86,8.68
"2485","LIRO","2024-11-08",8.59208333333333,8.88,8.33
"2486","LIRO","2024-11-09",8.353125,9.08,7.99
"2487","LIRO","2024-11-10",8.01729166666667,8.21,7.95
"2488","LIRO","2024-11-11",7.98958333333333,8.12,7.86
"2489","LIRO","2024-11-12",7.58645833333333,7.85,7.23
"2490","LIRO","2024-11-13",7.109375,7.43,6.85
"2491","LIRO","2024-11-14",6.81,6.82,6.8
"2492","LIRO","2025-04-18",6.63585365853659,7.34,5.76
"2493","LIRO","2025-04-19",6.60625,7.19,6.01
"2494","LIRO","2025-04-20",6.54375,7.29,6
"2495","LIRO","2025-04-21",6.64765957446809,7.14,6.08
"2496","LIRO","2025-04-22",6.33145833333333,6.63,6.03
"2497","LIRO","2025-04-23",6.4,6.93,6.02
"2498","LIRO","2025-04-24",7.50446808510638,8.54,6.12
"2499","LIRO","2025-04-25",8.38708333333333,8.93,7.51
"2500","LIRO","2025-04-26",7.86354166666667,8.25,7.23
"2501","LIRO","2025-04-27",9.17833333333333,10.71,7.19
"2502","LIRO","2025-04-28",9.44395833333333,9.72,8.84
"2503","LIRO","2025-04-29",9.723125,10.19,9.41
"2504","LIRO","2025-04-30",10.1639534883721,11.16,9.51
"2505","LIRO","2025-05-01",10.8672916666667,12.15,9.5
"2506","LIRO","2025-05-02",10.9448717948718,11.13,10.64
"2507","LIRO","2025-05-03",10.6270833333333,10.88,10.23
"2508","LIRO","2025-05-04",11.5743181818182,12.85,10.21
"2509","LIRO","2025-05-05",13.7071428571429,15.4,10.9
"2510","LIRO","2025-05-06",15.3110638297872,17.15,12.83
"2511","LIRO","2025-05-07",16.1393617021277,17.9,14.59
"2512","LIRO","2025-05-08",15.1325,16.36,14.12
"2513","LIRO","2025-05-09",15.2527272727273,16.83,14.08
"2514","LIRO","2025-05-10",15.741875,16.87,14.38
"2515","LIRO","2025-05-11",15.7402083333333,16.96,14.84
"2516","LIRO","2025-05-12",16.2033333333333,17.02,15.15
"2517","LIRO","2025-05-13",17.5197916666667,18.61,15.99
"2518","LIRO","2025-05-14",19.1979166666667,20.33,17.34
"2519","LIRO","2025-05-15",20.3846666666667,21.39,18.98
"2520","LIRO","2025-05-16",20.8663043478261,22.01,19.93
"2521","LIRO","2025-05-17",19.5935416666667,20.37,18.67
"2522","LIRO","2025-05-18",18.2158333333333,18.77,17.18
"2523","LIRO","2025-05-19",16.5252083333333,17.13,15.57
"2524","LIRO","2025-05-20",15.8422916666667,16.6,15.13
"2525","LIRO","2025-05-21",14.74625,15.08,14.24
"2526","LIRO","2025-05-22",14.4241666666667,14.85,13.93
"2527","LIRO","2025-05-23",14.0745833333333,14.4,13.73
"2528","LIRO","2025-05-24",13.8335416666667,14.15,13.48
"2529","LIRO","2025-05-25",14.4929166666667,16,13.48
"2530","LIRO","2025-05-26",14.971875,15.86,13.74
"2531","LIRO","2025-05-27",16.5691666666667,18.04,14.5
"2532","LIRO","2025-05-28",16.3591666666667,16.95,15.84
"2533","LIRO","2025-05-29",16.9670833333333,17.86,15.89
"2534","LIRO","2025-05-30",17.693829787234,18.87,16.48
"2535","LIRO","2025-05-31",17.9191666666667,18.81,17.16
"2536","LIRO","2025-06-01",18.02,18.89,17.23
"2537","LIRO","2025-06-02",18.8677083333333,20.44,17.22
"2538","LIRO","2025-06-03",19.8314583333333,20.94,18.16
"2539","LIRO","2025-06-04",18.990625,19.72,18.14
"2540","LIRO","2025-06-05",19.7970833333333,21.31,18.13
"2541","LIRO","2025-06-06",20.76875,22.25,18.81
"2542","LIRO","2025-06-07",20.1991666666667,20.76,19.65
"2543","LIRO","2025-06-08",20.3752083333333,21.14,19.56
"2544","LIRO","2025-06-09",20.0020833333333,20.56,19.39
"2545","LIRO","2025-06-10",19.3952083333333,19.76,18.97
"2546","LIRO","2025-06-11",18.6725,18.96,18.2
"2547","LIRO","2025-06-12",19.195625,20.42,18.2
"2548","LIRO","2025-06-13",19.4675,20.26,18.59
"2549","LIRO","2025-06-14",18.288125,18.78,17.72
"2550","LIRO","2025-06-15",17.5964583333333,17.74,17.32
"2551","LIRO","2025-06-16",17.73625,18.22,17.28
"2552","LIRO","2025-06-17",19.364347826087,20.67,17.67
"2553","LIRO","2025-06-18",21.264375,23.01,19.5
"2554","LIRO","2025-06-19",22.27725,24.32,20.34
"2555","LIRO","2025-06-20",22.0389583333333,23.36,20.97
"2556","LIRO","2025-06-21",23.13,24.54,21.2
"2557","LIRO","2025-06-22",24.5071739130435,25.89,22.63
"2558","LIRO","2025-06-23",26.4127083333333,27.85,24.67
"2559","LIRO","2025-06-24",26.6133333333333,27.77,25.38
"2560","LIRO","2025-06-25",26.1654166666667,27.49,24.99
"2561","LIRO","2025-06-26",24.245,24.96,22.98
"2562","LIRO","2025-06-27",22.1360416666667,22.94,21.37
"2563","LIRO","2025-06-28",21.380625,21.64,20.95
"2564","LIRO","2025-06-29",22.1852083333333,23.34,20.95
"2565","LIRO","2025-06-30",23.885625,25.24,21.99
"2566","LIRO","2025-07-01",24.0977083333333,25.12,23.21
"2567","LIRO","2025-07-02",24.6002083333333,26.3,23.19
"2568","LIRO","2025-07-03",24.7585416666667,25.92,23.64
"2569","LIRO","2025-07-04",26.0159574468085,27.93,23.99
"2570","LIRO","2025-07-05",26.3308333333333,27.58,25.08
"2571","LIRO","2025-07-06",25.8008333333333,26.18,25.12
"2572","LIRO","2025-07-07",25.1710416666667,26.04,24.35
"2573","LIRO","2025-07-08",25.4775,26.74,24.32
"2574","LIRO","2025-07-09",25.701875,26.92,24.73
"2575","LIRO","2025-07-10",25.4741666666667,26.6,24.65
"2576","LIRO","2025-07-11",25.4493617021277,26.31,24.65
"2577","LIRO","2025-07-12",26.3160416666667,27.37,24.91
"2578","LIRO","2025-07-13",25.6808333333333,26.32,24.77
"2579","LIRO","2025-07-14",25.5277083333333,26.61,24.75
"2580","LIRO","2025-07-15",26.613125,28.24,24.91
"2581","LIRO","2025-07-16",26.5479166666667,27.62,25.86
"2582","LIRO","2025-07-17",24.52625,25.81,23.17
"2583","LIRO","2025-07-18",23.9054166666667,25.03,23.12
"2584","LIRO","2025-07-19",23.24,23.54,22.86
"2585","LIRO","2025-07-20",23.3552083333333,24.04,22.61
"2586","LIRO","2025-07-21",23.8660416666667,24.97,22.58
"2587","LIRO","2025-07-22",23.6010416666667,24.04,23.1
"2588","LIRO","2025-07-23",23.8772916666667,24.48,23.12
"2589","LIRO","2025-07-24",23.7879166666667,24.11,23.45
"2590","LIRO","2025-07-25",24.1408333333333,25.2,23.43
"2591","LIRO","2025-07-26",25.4458333333333,27.19,23.44
"2592","LIRO","2025-07-27",26.05375,27.56,24.49
"2593","LIRO","2025-07-28",27.2247826086957,28.86,25.36
"2594","LIRO","2025-07-29",27.6314583333333,29.26,26.19
"2595","LIRO","2025-07-30",27.155,28.04,26.17
"2596","LIRO","2025-07-31",26.1472916666667,26.77,25.22
"2597","LIRO","2025-08-01",25.2379166666667,25.9,24.39
"2598","LIRO","2025-08-02",25,26.26,24.11
"2599","LIRO","2025-08-03",24.82125,25.97,23.98
"2600","LIRO","2025-08-04",24.8779166666667,26.1,23.97
"2601","LIRO","2025-08-05",24.9170833333333,25.91,24.15
"2602","LIRO","2025-08-06",24.8339583333333,25.58,24.29
"2603","LIRO","2025-08-07",24.300625,24.55,23.98
"2604","LIRO","2025-08-08",25.3716666666667,26.55,23.97
"2605","LIRO","2025-08-09",25.5627083333333,26.05,24.88
"2606","LIRO","2025-08-10",24.6320833333333,25.23,24.1
"2607","LIRO","2025-08-11",24.0695833333333,24.26,23.83
"2608","LIRO","2025-08-12",24.7085416666667,25.69,23.8
"2609","LIRO","2025-08-13",24.3632608695652,25.21,23.8
"2610","LIRO","2025-08-14",24.5754166666667,25.69,23.77
"2611","LIRO","2025-08-15",24.4164583333333,25.17,23.67
"2612","LIRO","2025-08-16",24.9560416666667,26.07,23.94
"2613","LIRO","2025-08-17",24.1385416666667,24.62,23.49
"2614","LIRO","2025-08-18",23.92125,24.7,23.32
"2615","LIRO","2025-08-19",22.96625,23.29,22.64
"2616","LIRO","2025-08-20",23.2183333333333,23.94,22.61
"2617","LIRO","2025-08-21",22.7310416666667,23.05,22.27
"2618","LIRO","2025-08-22",23.3268085106383,24.53,22.26
"2619","LIRO","2025-08-23",22.81,23.27,22.27
"2620","LIRO","2025-08-24",22.085625,22.45,21.58
"2621","LIRO","2025-08-25",21.2152083333333,21.54,20.58
"2622","LIRO","2025-08-26",20.673125,21.26,20.08
"2623","LIRO","2025-08-27",20.5770833333333,21.79,19.9
"2624","LIRO","2025-08-28",20.2941666666667,20.78,19.87
"2625","LIRO","2025-08-29",20.5635416666667,21.75,19.83
"2626","LIRO","2025-08-30",20.8595744680851,22.64,19.76
"2627","LIRO","2025-08-31",21.2893617021277,23.31,19.89
"2628","LIRO","2025-09-01",21.5760416666667,23.25,20.18
"2629","LIRO","2025-09-02",22.0922916666667,23.89,20.68
"2630","LIRO","2025-09-03",21.1822916666667,21.7,20.65
"2631","LIRO","2025-09-04",20.1241666666667,20.61,19.38
"2632","LIRO","2025-09-05",18.9266666666667,19.36,18.21
"2633","LIRO","2025-09-06",17.8395833333333,18.18,17.31
"2634","LIRO","2025-09-07",17.3383333333333,17.97,16.74
"2635","LIRO","2025-09-08",16.8004166666667,17.19,16.39
"2636","LIRO","2025-09-09",17.035625,17.69,16.35
"2637","LIRO","2025-09-10",16.74375,16.87,16.61
"2638","LIRO","2025-09-11",16.8291666666667,17.68,16.55
"2639","LIRO","2025-09-12",17.1308333333333,17.97,16.53
"2640","LIRO","2025-09-13",18.125,19.37,16.73
"2641","LIRO","2025-09-14",20.2745454545455,22.83,17.68
"2642","LIRO","2025-09-15",20.7542553191489,23.1,19.33
"2643","LIRO","2025-09-16",21.1763829787234,23.03,19.96
"2644","LIRO","2025-09-17",21.481914893617,23.11,20.41
"2645","LIRO","2025-09-18",22.3344680851064,24.55,20.74
"2646","LIRO","2025-09-19",21.443125,22.04,20.88
"2647","LIRO","2025-09-20",20.7820833333333,21.21,20.19
"2648","LIRO","2025-09-21",19.9960416666667,20.26,19.53
"2649","LIRO","2025-09-22",19.698125,20.18,19.33
"2650","LIRO","2025-09-23",20.5654166666667,22.45,19.3
"2651","LIRO","2025-09-24",19.61125,20.07,19.1
"2652","LIRO","2025-09-25",19.4870833333333,20.43,18.75
"2653","LIRO","2025-09-26",19.64125,20.67,18.68
"2654","LIRO","2025-09-27",19.263125,20.88,18.58
"2655","LIRO","2025-09-28",18.7339583333333,19.59,17.93
"2656","LIRO","2025-09-29",18.5329166666667,19.8,17.88
"2657","LIRO","2025-09-30",19.4382978723404,21.57,17.8
"2658","LIRO","2025-10-01",19.5977083333333,21.35,18.34
"2659","LIRO","2025-10-02",19.1070833333333,19.98,18.57
"2660","LIRO","2025-10-03",19.3133333333333,20.61,18.49
"2661","LIRO","2025-10-04",20.326875,22.1,18.82
"2662","LIRO","2025-10-05",19.958125,20.75,19.22
"2663","LIRO","2025-10-06",19.6739583333333,20.23,19.11
"2664","LIRO","2025-10-07",18.8339583333333,19.57,18.08
"2665","LIRO","2025-10-08",17.7864583333333,18.38,17.03
"2666","LIRO","2025-10-09",17.0354166666667,18.19,16.23
"2667","LIRO","2025-10-10",16.2539583333333,16.61,15.92
"2668","LIRO","2025-10-11",15.8527083333333,16.29,15.33
"2669","LIRO","2025-10-12",15.6783333333333,16.59,15.17
"2670","LIRO","2025-10-13",15.1575,15.35,14.96
"2671","LIRO","2025-10-14",15.3010416666667,16.47,14.68
"2672","LIRO","2025-10-15",14.594375,15.21,14.28
"2673","LIRO","2025-10-16",14.4997916666667,15.76,14.02
"2674","LIRO","2025-10-17",13.945,14.05,13.81
"2675","LIRO","2025-10-18",14.2914583333333,14.74,13.79
"2676","LIRO","2025-10-19",14.388125,15.43,13.84
"2677","LIRO","2025-10-20",13.5383333333333,13.89,13.06
"2678","LIRO","2025-10-21",13.0116666666667,13.31,12.65
"2679","LIRO","2025-10-22",12.4808333333333,12.8,12.13
"2680","LIRO","2025-10-23",11.8789583333333,12.1,11.56
"2681","LIRO","2025-10-24",11.3980434782609,11.9,10.99
"2682","LIRO","2025-10-25",11.0747916666667,12.25,10.61
"2683","LIRO","2025-10-26",10.57,10.91,10.24
"2684","LIRO","2025-10-27",10.4235416666667,10.96,10.05
"2685","LIRO","2025-10-28",10.1397916666667,10.55,9.83
"2686","LIRO","2025-10-29",9.89414634146341,10.34,9.6
"2687","LIRO","2025-11-04",8.19684210526316,8.7,7.92
"2688","LIRO","2025-11-05",7.905625,8,7.79
"2689","LIRO","2025-11-06",7.77020833333333,8.23,7.39
"2690","LIRO","2025-11-07",7.33666666666667,7.47,7.15
"2691","LIRO","2025-11-08",7.02354166666667,7.21,6.73
"2692","LIRO","2025-11-09",6.54375,6.89,6.09
"2693","LIRO","2025-11-10",5.82708333333333,6.14,5.45
"2694","LIRO","2025-11-11",5.48625,5.61,5.33
"2695","PRLA","2017-09-29",12.7706666666667,13.31,12.36
"2696","PRLA","2017-09-30",12.821875,13.51,12.29
"2697","PRLA","2017-10-01",12.6772916666667,12.92,12.22
"2698","PRLA","2017-10-02",13.1935416666667,13.56,12.64
"2699","PRLA","2017-10-03",13.08625,13.29,12.72
"2700","PRLA","2017-10-04",12.3321276595745,12.75,11.48
"2701","PRLA","2017-10-05",11.3370833333333,11.57,10.99
"2702","PRLA","2017-10-06",11.62675,12.07,11.16
"2703","PRLA","2017-10-07",11.6764583333333,12.11,11.16
"2704","PRLA","2017-10-08",11.75,12.12,11.32
"2705","PRLA","2017-10-09",11.3610416666667,11.74,10.59
"2706","PRLA","2017-10-10",9.945625,10.54,9.13
"2707","PRLA","2017-10-11",9.12895833333333,9.48,8.63
"2708","PRLA","2017-10-12",8.61666666666667,8.91,8.37
"2709","PRLA","2017-10-13",8.53333333333333,8.89,8.16
"2710","PRLA","2017-10-14",8.09770833333333,8.71,7.78
"2711","PRLA","2017-10-15",7.46083333333333,7.77,6.87
"2712","PRLA","2017-10-16",6.95416666666667,7.16,6.64
"2713","PRLA","2017-10-17",7.09270833333333,7.57,6.33
"2714","PRLA","2017-10-18",7.77958333333333,8.1,7.13
"2715","PRLA","2017-10-19",7.84375,8.1,7.38
"2716","PRLA","2017-10-20",8.0025,8.33,7.29
"2717","PRLA","2017-10-21",9.21916666666667,9.85,8.14
"2718","PRLA","2017-10-22",9.560625,9.88,8.86
"2719","PRLA","2017-10-23",8.67041666666667,8.82,8.32
"2720","PRLA","2017-10-24",7.99145833333333,8.38,7.26
"2721","PRLA","2017-10-25",7.0925,7.3,6.81
"2722","PRLA","2017-10-26",7.17104166666667,7.54,6.85
"2723","PRLA","2017-10-27",5.14645833333333,6.91,3.51
"2724","PRLA","2017-10-28",3.31291666666667,3.58,2.66
"2725","PRLA","2017-10-29",3.12125,3.42,2.68
"2726","PRLA","2017-10-30",3.60791666666667,3.86,3.39
"2727","PRLA","2018-06-01",22.5294736842105,24.06,21.73
"2728","PRLA","2018-06-02",21.8691666666667,22.48,20.85
"2729","PRLA","2018-06-03",18.7483333333333,20.73,16.67
"2730","PRLA","2018-06-04",17.3874468085106,18.01,16.28
"2731","PRLA","2018-06-05",18.25375,19.34,17.52
"2732","PRLA","2018-06-06",19.0948780487805,19.96,17.76
"2733","PRLA","2018-06-07",20.2591666666667,21.17,19.33
"2734","PRLA","2018-06-08",19.7352083333333,20.33,19.08
"2735","PRLA","2018-06-09",20.0685416666667,20.79,19.02
"2736","PRLA","2018-06-10",22.2175,23.49,20.37
"2737","PRLA","2018-06-11",22.294375,22.95,21.51
"2738","PRLA","2018-06-12",21.12375,21.55,20.26
"2739","PRLA","2018-06-13",20.3647916666667,20.81,19.74
"2740","PRLA","2018-06-14",20.2152083333333,21.04,19.66
"2741","PRLA","2018-06-15",21.0270833333333,21.72,19.64
"2742","PRLA","2018-06-16",21.9166666666667,22.66,21.28
"2743","PRLA","2018-06-17",21.1585416666667,21.74,20.25
"2744","PRLA","2018-06-18",20.09125,20.42,19.59
"2745","PRLA","2018-06-19",20.2641666666667,20.73,19.56
"2746","PRLA","2018-06-20",21.1293333333333,22.26,20.05
"2747","PRLA","2018-06-21",21.53375,22.08,20.76
"2748","PRLA","2018-06-22",21.563488372093,22.11,21.07
"2749","PRLA","2018-06-23",22.9723076923077,25.02,21.77
"2750","PRLA","2018-06-24",23.6814583333333,24.54,22.75
"2751","PRLA","2018-06-25",23.014375,23.59,22.06
"2752","PRLA","2018-06-26",22.1795833333333,22.62,21.85
"2753","PRLA","2018-06-27",23.2478048780488,24.49,21.86
"2754","PRLA","2018-06-28",24.2308888888889,25.03,22.96
"2755","PRLA","2018-06-29",24.6137142857143,26.22,23.49
"2756","PRLA","2018-06-30",23.99,24.55,23.39
"2757","PRLA","2018-07-01",23.6908333333333,24.04,23.23
"2758","PRLA","2018-07-02",23.4177083333333,23.89,22.69
"2759","PRLA","2018-07-03",23.0414705882353,24,22.51
"2760","PRLA","2018-07-04",23.7145238095238,25.38,22.58
"2761","PRLA","2018-07-05",23.5304166666667,24.11,22.97
"2762","PRLA","2018-07-06",23.0584090909091,23.58,22.73
"2763","PRLA","2018-07-07",23.3870212765957,23.88,22.68
"2764","PRLA","2018-07-08",24.7602083333333,25.82,23.04
"2765","PRLA","2018-07-09",24.8160416666667,25.36,24.31
"2766","PRLA","2018-07-10",24.9634090909091,25.89,24.24
"2767","PRLA","2018-07-11",24.8233333333333,25.53,23.92
"2768","PRLA","2018-07-12",25.318125,25.9,24.56
"2769","PRLA","2018-07-13",25.0722916666667,25.5,24.7
"2770","PRLA","2018-07-14",24.8741463414634,25.74,24.53
"2771","PRLA","2018-07-15",25.5354166666667,26.27,24.7
"2772","PRLA","2018-07-16",24.4560416666667,24.95,23.6
"2773","PRLA","2018-07-17",23.7987878787879,24.75,23.42
"2774","PRLA","2018-07-18",23.960487804878,25.56,23.28
"2775","PRLA","2018-07-19",23.9832608695652,24.52,23.34
"2776","PRLA","2018-07-20",23.6147826086957,24.41,23.32
"2777","PRLA","2018-07-21",23.2925,23.61,22.89
"2778","PRLA","2018-07-22",23.068125,23.64,22.31
"2779","PRLA","2018-07-23",22.769375,23.18,22.25
"2780","PRLA","2018-07-24",22.489375,22.93,22.09
"2781","PRLA","2018-07-25",22.8566666666667,23.69,21.98
"2782","PRLA","2018-07-26",22.6452083333333,23.15,21.73
"2783","PRLA","2018-07-27",21.2579166666667,21.65,20.67
"2784","PRLA","2018-07-28",20.9210526315789,22.23,20.46
"2785","PRLA","2018-07-29",20.9426666666667,22.04,20.58
"2786","PRLA","2018-07-30",21.32675,22.69,20.78
"2787","PRLA","2018-07-31",21.9381081081081,23.16,21.08
"2788","PRLA","2018-08-01",22.143125,22.99,21.25
"2789","PRLA","2018-08-02",21.2735416666667,21.9,20.53
"2790","PRLA","2018-08-03",20.7634042553191,21.5,19.99
"2791","PRLA","2018-08-04",20.9697826086957,21.59,20.37
"2792","PRLA","2018-08-05",21.6508333333333,22.34,20.74
"2793","PRLA","2018-08-06",22.2260416666667,22.83,21.39
"2794","PRLA","2018-08-07",22.037380952381,22.85,21.8
"2795","PRLA","2018-08-08",22.9511764705882,24.32,21.75
"2796","PRLA","2018-08-09",23.55875,24.39,22.49
"2797","PRLA","2018-08-10",23.8585365853659,24.67,23.19
"2798","PRLA","2018-08-11",24.3053488372093,25.43,23.93
"2799","PRLA","2018-08-12",24.8958333333333,25.96,23.85
"2800","PRLA","2018-08-13",24.6147916666667,25.5,23.76
"2801","PRLA","2018-08-14",23.8235416666667,24.82,22.64
"2802","PRLA","2018-08-15",22.4829166666667,22.91,21.76
"2803","PRLA","2018-08-16",21.7741860465116,23.09,21.33
"2804","PRLA","2018-08-17",22.4115909090909,23.74,21.15
"2805","PRLA","2018-08-18",22.2673333333333,23.23,21.53
"2806","PRLA","2018-08-19",22.3685416666667,23.15,21.45
"2807","PRLA","2018-08-20",21.1772916666667,22.18,20.05
"2808","PRLA","2018-08-21",20.075625,20.62,19.63
"2809","PRLA","2018-08-22",20.044347826087,20.63,19.47
"2810","PRLA","2018-08-23",20.0229166666667,20.56,19.42
"2811","PRLA","2018-08-24",20.24375,20.67,19.52
"2812","PRLA","2018-08-25",20.8461363636364,21.8,20.23
"2813","PRLA","2018-08-26",20.9010416666667,21.41,20.4
"2814","PRLA","2018-08-27",20.1322916666667,20.68,19.19
"2815","PRLA","2018-08-28",18.17625,19.13,17.27
"2816","PRLA","2018-08-29",17.2510416666667,17.69,16.82
"2817","PRLA","2018-08-30",17.5695833333333,18.26,16.7
"2818","PRLA","2018-08-31",18.5283333333333,19.23,17.22
"2819","PRLA","2018-09-01",18.9777083333333,19.64,18.45
"2820","PRLA","2018-09-02",19.2370833333333,19.97,18.32
"2821","PRLA","2018-09-03",18.965625,19.53,18.51
"2822","PRLA","2018-09-04",19.2410416666667,19.75,18.37
"2823","PRLA","2018-09-05",19.2141666666667,19.68,18.26
"2824","PRLA","2018-09-06",18.005,18.21,17.85
"2825","PRLA","2018-09-08",17.5835714285714,18.07,16.93
"2826","PRLA","2018-09-09",17.1775,17.65,16.54
"2827","PRLA","2018-09-10",17.1141666666667,17.53,16.5
"2828","PRLA","2018-09-11",17.4084782608696,18.04,17.13
"2829","PRLA","2018-09-12",18.2521276595745,19.03,17.47
"2830","PRLA","2018-09-13",17.531875,17.92,17.25
"2831","PRLA","2018-09-14",17.6879166666667,18.11,17.22
"2832","PRLA","2018-09-15",17.099375,17.69,16.6
"2833","PRLA","2018-09-16",17.210625,17.58,16.42
"2834","PRLA","2018-09-17",18.1966666666667,18.99,17.3
"2835","PRLA","2018-09-18",17.08125,17.66,16.47
"2836","PRLA","2018-09-19",16.4810416666667,17.05,15.99
"2837","PRLA","2018-09-20",15.8220833333333,16.42,14.93
"2838","PRLA","2018-09-21",13.5735416666667,14.85,12.14
"2839","PRLA","2018-09-22",12.4264583333333,12.9,11.94
"2840","PRLA","2018-09-23",12.3868085106383,13.35,11.57
"2841","PRLA","2018-09-24",11.1610416666667,11.57,10.89
"2842","PRLA","2018-09-25",10.679375,10.87,10.45
"2843","PRLA","2018-09-26",10.6222916666667,10.91,10.27
"2844","PRLA","2018-09-27",10.3491666666667,10.56,10.05
"2845","PRLA","2018-09-28",10.0241666666667,10.38,9.34
"2846","PRLA","2018-09-29",9.06625,9.46,8.23
"2847","PRLA","2018-09-30",8.39791666666667,8.74,8.02
"2848","PRLA","2018-10-01",7.84583333333333,8.05,7.37
"2849","PRLA","2018-10-02",7.7025,7.96,7.22
"2850","PRLA","2018-10-03",8.42104166666667,8.71,7.7
"2851","PRLA","2018-10-04",8.07604166666667,8.78,6.97
"2852","PRLA","2018-10-05",6.485,7.17,5.62
"2853","PRLA","2018-10-06",5.49291666666667,5.69,5.15
"2854","PRLA","2018-10-07",5.10833333333333,5.26,4.9
"2855","PRLA","2018-10-08",4.70645833333333,4.9,4.52
"2856","PRLA","2018-10-09",4.500625,4.65,4.33
"2857","PRLA","2018-10-10",4.216875,4.49,3.63
"2858","PRLA","2018-10-11",2.85791666666667,3.57,2.2
"2859","PRLA","2018-10-12",2.28104166666667,2.57,1.97
"2860","PRLA","2018-10-13",2.84,3.19,2.17
"2861","PRLA","2018-10-14",3.04854166666667,3.46,2.43
"2862","PRLA","2018-10-15",1.96583333333333,2.4,1.26
"2863","PRLA","2018-10-16",1.45083333333333,1.91,1.07
"2864","PRLA","2019-05-05",9.07236842105263,9.48,8.62
"2865","PRLA","2019-05-06",9.255625,9.89,8.55
"2866","PRLA","2019-05-07",9.77909090909091,11.64,8.79
"2867","PRLA","2019-05-08",10.0091666666667,10.94,8.62
"2868","PRLA","2019-05-09",9.88375,10.52,8.78
"2869","PRLA","2019-05-10",9.58541666666667,10.15,8.59
"2870","PRLA","2019-05-11",9.501875,9.82,8.96
"2871","PRLA","2019-05-12",9.74260869565217,10.3,9.02
"2872","PRLA","2019-05-13",11.3693548387097,14.07,9.58
"2873","PRLA","2019-05-14",12.5147916666667,13.72,10.36
"2874","PRLA","2019-05-15",13.7604166666667,15.08,12.54
"2875","PRLA","2019-05-16",14.2902083333333,14.9,13.2
"2876","PRLA","2019-05-17",14.2747916666667,14.98,13.32
"2877","PRLA","2019-05-18",12.251875,13.3,11.11
"2878","PRLA","2019-05-19",10.206875,11.05,9.49
"2879","PRLA","2019-05-20",9.60020833333333,9.93,9.23
"2880","PRLA","2019-05-21",10.95375,12.01,9.34
"2881","PRLA","2019-05-22",11.43125,11.92,10.94
"2882","PRLA","2019-05-23",10.6435416666667,10.88,10.26
"2883","PRLA","2019-05-24",11.4022916666667,12.2,10.22
"2884","PRLA","2019-05-25",11.798125,12.21,11.25
"2885","PRLA","2019-05-26",12.6580434782609,13.97,11.7
"2886","PRLA","2019-05-27",12.8270833333333,13.33,12.05
"2887","PRLA","2019-05-28",12.489375,12.9,11.97
"2888","PRLA","2019-05-29",14.5371052631579,16.56,12.42
"2889","PRLA","2019-05-30",16.9186486486486,18.45,13.72
"2890","PRLA","2019-05-31",17.8585416666667,18.99,15.78
"2891","PRLA","2019-06-01",18.13625,19.14,17.21
"2892","PRLA","2019-06-02",18.5514583333333,19.68,17.14
"2893","PRLA","2019-06-03",18.0691666666667,18.99,17.39
"2894","PRLA","2019-06-04",18.940625,19.74,17.36
"2895","PRLA","2019-06-05",20.473125,21.32,19.1
"2896","PRLA","2019-06-06",21.5668292682927,23.17,19.95
"2897","PRLA","2019-06-07",22.8437777777778,25.1,20.83
"2898","PRLA","2019-06-08",22.1508333333333,22.66,21.52
"2899","PRLA","2019-06-09",20.6983333333333,21.86,19.24
"2900","PRLA","2019-06-10",19.0860416666667,19.49,18.22
"2901","PRLA","2019-06-11",18.9195744680851,19.71,18.16
"2902","PRLA","2019-06-12",18.9477083333333,19.56,18.23
"2903","PRLA","2019-06-13",19.8016666666667,21.59,18.18
"2904","PRLA","2019-06-14",19.3183333333333,20.05,18.41
"2905","PRLA","2019-06-15",20.8893181818182,22.1,19.4
"2906","PRLA","2019-06-16",20.4527083333333,20.99,19.66
"2907","PRLA","2019-06-17",19.188125,19.61,18.41
"2908","PRLA","2019-06-18",18.58,18.9,18.31
"2909","PRLA","2019-06-19",19.8275555555556,21.01,18.33
"2910","PRLA","2019-06-20",18.4708333333333,19.14,17.68
"2911","PRLA","2019-06-21",18.1176086956522,18.84,17.62
"2912","PRLA","2019-06-22",17.588125,17.81,17.12
"2913","PRLA","2019-06-23",17.49375,18,17.01
"2914","PRLA","2019-06-24",18.5425531914894,19.38,17.18
"2915","PRLA","2019-06-25",19.4841666666667,20.47,18.39
"2916","PRLA","2019-06-26",19.88125,20.54,18.89
"2917","PRLA","2019-06-27",21.7952777777778,24.77,19.79
"2918","PRLA","2019-06-28",22.3604255319149,23.2,21.16
"2919","PRLA","2019-06-29",22.2791666666667,23.03,21.52
"2920","PRLA","2019-06-30",22.4104166666667,23.1,21.72
"2921","PRLA","2019-07-01",23.19125,23.75,22.5
"2922","PRLA","2019-07-02",24.154,26.32,22.61
"2923","PRLA","2019-07-03",24.6791666666667,26.03,23.12
"2924","PRLA","2019-07-04",24.6989583333333,26.21,23.73
"2925","PRLA","2019-07-05",24.1083333333333,24.87,23.55
"2926","PRLA","2019-07-06",23.8260416666667,24.28,23.28
"2927","PRLA","2019-07-07",24.2307142857143,25.82,23.14
"2928","PRLA","2019-07-08",24.26875,25.15,23.24
"2929","PRLA","2019-07-09",24.5947916666667,25.73,23.76
"2930","PRLA","2019-07-10",23.6345833333333,24.16,22.68
"2931","PRLA","2019-07-11",22.9889583333333,23.56,22.27
"2932","PRLA","2019-07-12",23.796875,24.46,22.74
"2933","PRLA","2019-07-13",25.1712765957447,26.44,23.7
"2934","PRLA","2019-07-14",25.9129166666667,26.8,24.72
"2935","PRLA","2019-07-15",26.7122222222222,27.63,25.44
"2936","PRLA","2019-07-16",26.83,27.56,26.14
"2937","PRLA","2019-07-17",26.5580952380952,28.13,25.14
"2938","PRLA","2019-07-18",25.5275,26.07,24.91
"2939","PRLA","2019-07-19",25.20625,25.64,24.81
"2940","PRLA","2019-07-20",25.1179166666667,25.56,24.64
"2941","PRLA","2019-07-21",24.9,25.45,24.26
"2942","PRLA","2019-07-22",24.321875,24.85,23.71
"2943","PRLA","2019-07-23",24.8793023255814,26.81,23.64
"2944","PRLA","2019-07-24",24.8377083333333,25.84,23.93
"2945","PRLA","2019-07-25",24.3655555555556,24.9,23.79
"2946","PRLA","2019-07-26",24.6075,25.39,23.73
"2947","PRLA","2019-07-27",24.411875,24.83,23.86
"2948","PRLA","2019-07-28",25.1391304347826,26.4,23.8
"2949","PRLA","2019-07-29",24.3483333333333,24.97,23.32
"2950","PRLA","2019-07-30",23.225,23.77,22.62
"2951","PRLA","2019-07-31",23.0266666666667,23.92,22.29
"2952","PRLA","2019-08-01",23.3679166666667,24.35,22.15
"2953","PRLA","2019-08-02",23.9514583333333,24.54,23.26
"2954","PRLA","2019-08-03",24.8258333333333,25.8,23.47
"2955","PRLA","2019-08-04",24.8872916666667,25.51,24.31
"2956","PRLA","2019-08-05",24.8689583333333,25.79,24.2
"2957","PRLA","2019-08-06",24.6,25.11,24.05
"2958","PRLA","2019-08-07",24.5197916666667,25.46,23.92
"2959","PRLA","2019-08-08",23.6589361702128,24.03,22.67
"2960","PRLA","2019-08-09",22.9458333333333,23.48,22.49
"2961","PRLA","2019-08-10",22.4733333333333,22.76,22.04
"2962","PRLA","2019-08-11",22.52125,23.06,21.94
"2963","PRLA","2019-08-12",21.8697916666667,22.17,21
"2964","PRLA","2019-08-13",20.8372916666667,21.26,20.48
"2965","PRLA","2019-08-14",19.949375,20.45,19.24
"2966","PRLA","2019-08-15",19.898085106383,20.47,19.21
"2967","PRLA","2019-08-16",19.4875,19.85,19.13
"2968","PRLA","2019-08-17",20.24375,21.04,19.08
"2969","PRLA","2019-08-18",20.313125,20.78,19.62
"2970","PRLA","2019-08-19",19.6936170212766,20.21,19.2
"2971","PRLA","2019-08-20",20.8468292682927,23.2,19.12
"2972","PRLA","2019-08-21",21.14,22.17,20.26
"2973","PRLA","2019-08-22",21.3826086956522,22.13,20.56
"2974","PRLA","2019-08-23",21.1795833333333,21.99,20.14
"2975","PRLA","2019-08-24",20.5004166666667,20.96,19.99
"2976","PRLA","2019-08-25",20.6477083333333,21.11,20.05
"2977","PRLA","2019-08-26",20.120625,20.44,19.66
"2978","PRLA","2019-08-27",19.7208333333333,20.12,18.92
"2979","PRLA","2019-08-28",18.085625,18.88,17.35
"2980","PRLA","2019-08-29",17.76875,18.31,17.15
"2981","PRLA","2019-08-30",17.5154166666667,17.91,17.17
"2982","PRLA","2019-08-31",18.4862790697674,19.83,17.15
"2983","PRLA","2019-09-01",18.305,18.76,17.77
"2984","PRLA","2019-09-02",19.3768888888889,20.64,18.07
"2985","PRLA","2019-09-03",18.3822916666667,18.9,17.72
"2986","PRLA","2019-09-04",17.5710416666667,17.84,17.16
"2987","PRLA","2019-09-05",17.9252083333333,18.55,17.07
"2988","PRLA","2019-09-06",18.4489583333333,18.85,17.85
"2989","PRLA","2019-09-07",19.0272916666667,19.55,18.29
"2990","PRLA","2019-09-08",17.4377083333333,18.75,16.45
"2991","PRLA","2019-09-09",16.7627083333333,17.23,16.31
"2992","PRLA","2019-09-10",16.0960416666667,16.27,15.87
"2993","PRLA","2019-09-11",16.586875,17.15,15.81
"2994","PRLA","2019-09-12",16.093125,16.47,15.49
"2995","PRLA","2019-09-13",14.694375,15.42,13.9
"2996","PRLA","2019-09-14",14.1522916666667,14.49,13.76
"2997","PRLA","2019-09-15",14.8916666666667,15.53,13.98
"2998","PRLA","2019-09-16",16.9190697674419,18.49,14.92
"2999","PRLA","2019-09-17",18.304375,19.05,17.23
"3000","PRLA","2019-09-18",19.3917021276596,20.03,18.26
"3001","PRLA","2019-09-19",19.1339583333333,19.41,18.88
"3002","PRLA","2019-09-20",19.5866666666667,20.32,18.89
"3003","PRLA","2019-09-21",20.20375,20.83,19.31
"3004","PRLA","2019-09-22",19.7572916666667,20.27,18.83
"3005","PRLA","2019-09-23",18.795,19.15,18.13
"3006","PRLA","2019-09-24",18.3995833333333,18.76,18.04
"3007","PRLA","2019-09-25",17.7819565217391,18.12,16.9
"3008","PRLA","2019-09-26",16.2414583333333,16.82,15.41
"3009","PRLA","2019-09-27",14.91125,15.37,14.28
"3010","PRLA","2019-09-28",14.0204166666667,14.31,13.54
"3011","PRLA","2019-09-29",13.321875,13.81,12.4
"3012","PRLA","2019-09-30",11.7883333333333,12.43,11.45
"3013","PRLA","2019-10-01",11.2875,11.56,10.65
"3014","PRLA","2019-10-02",10.2727083333333,10.59,9.63
"3015","PRLA","2019-10-03",9.11291666666667,9.65,8.39
"3016","PRLA","2019-10-04",8.511875,8.72,8.26
"3017","PRLA","2019-10-05",8.1125,8.3,7.95
"3018","PRLA","2019-10-06",7.93229166666667,8.08,7.66
"3019","PRLA","2019-10-07",8.11916666666667,8.44,7.49
"3020","PRLA","2019-10-08",8.61729166666667,8.95,7.98
"3021","PRLA","2019-10-09",9.52958333333333,10.08,8.64
"3022","PRLA","2019-10-10",8.91229166666667,9.71,7.63
"3023","PRLA","2019-10-11",6.05333333333333,7.68,4.28
"3024","PRLA","2019-10-12",2.240625,4.22,0.87
"3025","PRLA","2019-10-13",0.530833333333333,0.84,0.32
"3026","PRLA","2019-10-14",0.702083333333333,0.95,0.29
"3027","PRLA","2019-10-15",1.38458333333333,1.71,0.63
"3028","PRLA","2019-10-16",1.936875,2.09,1.64
"3029","PRLA","2019-10-17",2.34083333333333,2.62,1.98
"3030","PRLA","2019-10-18",3.00604166666667,3.37,2.23
"3031","PRLA","2019-10-19",3.996875,4.37,3.32
"3032","PRLA","2019-10-20",4.57020833333333,4.83,4.06
"3033","PRLA","2019-10-21",4.790625,4.96,4.63
"3034","PRLA","2019-10-22",4.53395833333333,4.83,3.79
"3035","PRLA","2019-10-23",3.8425,4.03,3.64
"3036","PRLA","2020-06-05",20.8588636363636,21.47,20.15
"3037","PRLA","2020-06-06",21.1792307692308,22.17,20.43
"3038","PRLA","2020-06-07",19.2535416666667,20.37,18.39
"3039","PRLA","2020-06-08",19.9854347826087,21.28,18.4
"3040","PRLA","2020-06-09",21.1110416666667,21.67,20.15
"3041","PRLA","2020-06-10",19.824375,20.57,18.9
"3042","PRLA","2020-06-11",19.123125,19.46,18.78
"3043","PRLA","2020-06-12",19.2858333333333,19.69,18.74
"3044","PRLA","2020-06-13",19.4279166666667,20.02,18.82
"3045","PRLA","2020-06-14",19.2920833333333,19.8,18.58
"3046","PRLA","2020-06-15",19.0916666666667,19.42,18.37
"3047","PRLA","2020-06-16",20.3470212765957,21.36,19.22
"3048","PRLA","2020-06-17",20.7933333333333,21.15,20.2
"3049","PRLA","2020-06-18",21.4333333333333,21.97,20.77
"3050","PRLA","2020-06-19",21.06125,21.41,20.38
"3051","PRLA","2020-06-20",20.511875,20.84,20.18
"3052","PRLA","2020-06-21",20.6272916666667,20.98,20.04
"3053","PRLA","2020-06-22",21.0509756097561,21.64,20.24
"3054","PRLA","2021-06-16",22.5854166666667,23.43,21.42
"3055","PRLA","2021-06-17",22.141875,22.89,21.41
"3056","PRLA","2021-06-18",22.458125,23.06,21.69
"3057","PRLA","2021-06-19",21.988125,22.49,21.19
"3058","PRLA","2021-06-20",22.1695833333333,23.25,21.18
"3059","PRLA","2021-06-21",20.8514583333333,21.58,19.59
"3060","PRLA","2021-06-22",19.68375,20.02,19.22
"3061","PRLA","2021-06-23",20.2675,21.21,19.11
"3062","PRLA","2021-06-24",20.7675,21.48,19.72
"3063","PRLA","2021-06-25",22.0035416666667,23.31,20.49
"3064","PRLA","2021-06-26",21.2058333333333,21.56,20.64
"3065","PRLA","2021-06-27",21.6366666666667,22.45,20.6
"3066","PRLA","2021-06-28",22.2145833333333,23.55,21.41
"3067","PRLA","2021-06-29",21.73375,22.49,21.32
"3068","PRLA","2021-06-30",24.0082978723404,26.19,21.3
"3069","PRLA","2021-07-01",25.551875,28.55,22.76
"3070","PRLA","2021-07-02",26.4866666666667,28.64,23.84
"3071","PRLA","2021-07-03",25.4516666666667,26.92,23.92
"3072","PRLA","2021-07-04",24.0677083333333,24.57,23.57
"3073","PRLA","2021-07-05",24.3264583333333,24.83,23.67
"3074","PRLA","2021-07-06",25.4510256410256,27.81,24.11
"3075","PRLA","2021-07-07",22.521875,24.15,21.46
"3076","PRLA","2021-07-08",22.11125,23.65,21.1
"3077","PRLA","2021-07-09",21.784375,22.45,21.17
"3078","PRLA","2021-07-10",22.0891666666667,22.74,21.38
"3079","PRLA","2021-07-11",23.1185416666667,24.23,21.72
"3080","PRLA","2021-07-12",23.7497916666667,24.85,22.41
"3081","PRLA","2021-07-13",23.0604166666667,23.76,22.22
"3082","PRLA","2021-07-14",24.1835416666667,25.7,22.67
"3083","PRLA","2021-07-15",23.615,24.35,22.71
"3084","PRLA","2021-07-16",23.6764583333333,24.65,22.6
"3085","PRLA","2021-07-17",22.9722916666667,23.25,22.41
"3086","PRLA","2021-07-18",23.1335416666667,23.81,22.37
"3087","PRLA","2021-07-19",24.1727083333333,25.29,22.67
"3088","PRLA","2021-07-20",24.5366666666667,25.6,23.96
"3089","PRLA","2021-07-21",24.2460416666667,25,23.64
"3090","PRLA","2021-07-22",23.5204166666667,23.79,23.13
"3091","PRLA","2021-07-23",25.3297674418605,27.76,23.1
"3092","PRLA","2021-07-24",26.9195833333333,28.46,25.24
"3093","PRLA","2021-07-25",25.44625,26.13,24.4
"3094","PRLA","2021-07-26",25.145625,26.15,24.28
"3095","PRLA","2021-07-27",25.2439583333333,26.24,24.33
"3096","PRLA","2021-07-28",25.0410416666667,25.65,24.52
"3097","PRLA","2021-07-29",25.020625,25.53,24.25
"3098","PRLA","2021-07-30",24.7795833333333,25.74,23.9
"3099","PRLA","2021-07-31",23.7775,24.1,23.29
"3100","PRLA","2021-08-01",23.3416666666667,23.94,22.66
"3101","PRLA","2021-08-02",23.6647916666667,25.55,22.27
"3102","PRLA","2021-08-03",24.1965217391304,26.24,22.16
"3103","PRLA","2021-08-04",24.0466666666667,25.5,23
"3104","PRLA","2021-08-05",22.93375,23.26,22.44
"3105","PRLA","2021-08-06",22.5477083333333,22.88,22.1
"3106","PRLA","2021-08-07",22.6747916666667,23.55,21.93
"3107","PRLA","2021-08-08",22.4525,23.17,21.74
"3108","PRLA","2021-08-09",23.6904255319149,25.53,21.96
"3109","PRLA","2021-08-10",23.4475,24.21,22.65
"3110","PRLA","2021-08-11",22.381875,22.73,21.42
"3111","PRLA","2021-08-12",21.275,21.72,20.46
"3112","PRLA","2021-08-13",20.0510416666667,20.43,19.32
"3113","PRLA","2021-08-14",19.6291666666667,20.18,19.16
"3114","PRLA","2021-08-15",20.5735416666667,21.51,19.07
"3115","PRLA","2021-08-16",21.9177083333333,22.92,20.55
"3116","PRLA","2021-08-17",22.653125,23.44,21.79
"3117","PRLA","2021-08-18",22.9639583333333,23.73,22.34
"3118","PRLA","2021-08-19",23.275,23.89,22.35
"3119","PRLA","2021-08-20",24.236875,26.61,22.84
"3120","PRLA","2021-08-21",22.5095833333333,23.79,20.38
"3121","PRLA","2021-08-22",20.2533333333333,20.77,19.62
"3122","PRLA","2021-08-23",19.2747916666667,19.6,18.73
"3123","PRLA","2021-08-24",19.80375,21,18.52
"3124","PRLA","2021-08-25",19.7464583333333,21.61,19.04
"3125","PRLA","2021-08-26",19.9045833333333,21.07,18.96
"3126","PRLA","2021-08-27",18.3489583333333,19.2,17.87
"3127","PRLA","2021-08-28",18.4952083333333,19.27,17.76
"3128","PRLA","2021-08-29",19.080625,20.3,18.47
"3129","PRLA","2021-08-30",19.3758333333333,19.99,18.5
"3130","PRLA","2021-08-31",20.0404166666667,20.98,19.16
"3131","PRLA","2021-09-01",19.745625,20.32,19
"3132","PRLA","2021-09-02",19.2708333333333,19.58,18.85
"3133","PRLA","2021-09-03",18.9477083333333,19.08,18.81
"3134","PRLA","2021-09-04",19.3491666666667,20.18,18.61
"3135","PRLA","2021-09-05",19.0597916666667,19.49,18.63
"3136","PRLA","2021-09-06",19.4664583333333,20.32,18.51
"3137","PRLA","2021-09-07",19.5079166666667,20.3,18.83
"3138","PRLA","2021-09-08",18.58,19.02,17.82
"3139","PRLA","2021-09-09",18.074375,18.52,17.57
"3140","PRLA","2021-09-10",18.3052083333333,19.18,17.61
"3141","PRLA","2021-09-11",18.6752083333333,20.09,17.79
"3142","PRLA","2021-09-12",18.086875,18.75,17.4
"3143","PRLA","2021-09-13",18.06375,20.04,16.99
"3144","PRLA","2021-09-14",16.5358333333333,17.12,15.92
"3145","PRLA","2021-09-15",16.3125531914894,16.68,15.76
"3146","PRLA","2021-09-16",16.8089583333333,17.35,15.93
"3147","PRLA","2021-09-17",16.7820833333333,17.27,15.88
"3148","PRLA","2021-09-18",15.7179166666667,16.16,14.82
"3149","PRLA","2021-09-19",15.883125,16.52,14.54
"3150","PRLA","2021-09-20",16.9146808510638,17.92,16.27
"3151","PRLA","2021-09-21",15.8025,16.21,14.9
"3152","PRLA","2021-09-22",15.0914583333333,15.65,14.48
"3153","PRLA","2021-09-23",14.88625,15.47,14.32
"3154","PRLA","2021-09-24",15.0066666666667,15.52,14.08
"3155","PRLA","2021-09-25",14.27625,14.69,13.56
"3156","PRLA","2021-09-26",13.750625,14.14,13.13
"3157","PRLA","2021-09-27",14.7883333333333,15.96,13.71
"3158","PRLA","2021-09-28",15.500625,16.09,14.61
"3159","PRLA","2021-09-29",16.56,17.25,15.37
"3160","PRLA","2021-09-30",17.3364583333333,17.93,16.71
"3161","PRLA","2021-10-01",17.1520833333333,17.4,16.86
"3162","PRLA","2021-10-02",16.7197916666667,16.94,16.15
"3163","PRLA","2021-10-03",16.9579166666667,18.1,15.98
"3164","PRLA","2021-10-04",16.435,16.86,16.06
"3165","PRLA","2021-10-05",16.996875,18.39,16.01
"3166","PRLA","2021-10-06",16.4483333333333,16.97,15.88
"3167","PRLA","2021-10-07",16.19375,16.83,15.7
"3168","PRLA","2021-10-08",16.2810638297872,16.87,15.58
"3169","PRLA","2021-10-09",16.592619047619,17.19,16.11
"3170","PRLA","2021-10-27",5.12,5.12,5.12
"3171","PRLA","2022-05-21",11.6838235294118,12.25,11.06
"3172","PRLA","2022-05-22",10.98625,11.28,10.55
"3173","PRLA","2022-05-23",11.4377083333333,12.03,10.51
"3174","PRLA","2022-05-24",12.2685416666667,12.94,11.17
"3175","PRLA","2022-05-25",13.2180434782609,13.96,12.2
"3176","PRLA","2022-05-26",14.94875,16.63,13.14
"3177","PRLA","2022-05-27",16.1669565217391,17.39,14.55
"3178","PRLA","2022-05-28",16.296,16.4,16.22
"3179","PRLA","2022-06-04",16.1241025641026,16.48,15.28
"3180","PRLA","2022-06-05",18.2771794871795,21.38,15.92
"3181","PRLA","2022-06-06",17.699375,19.09,16.23
"3182","PRLA","2022-06-07",17.1320833333333,17.84,16.22
"3183","PRLA","2022-06-08",17.9571739130435,19.47,16.88
"3184","PRLA","2022-06-09",19.2743243243243,21.05,17.42
"3185","PRLA","2022-06-10",20.1039130434783,21.14,18.32
"3186","PRLA","2022-06-11",20.2439583333333,20.91,19.27
"3187","PRLA","2022-06-12",21.2445454545455,22.72,19.26
"3188","PRLA","2022-06-13",21.4814583333333,22.89,19.98
"3189","PRLA","2022-06-14",21.9808333333333,22.75,20.74
"3190","PRLA","2022-06-15",21.6270833333333,22.13,20.93
"3191","PRLA","2022-06-16",20.2745833333333,21.01,18.79
"3192","PRLA","2022-06-17",19.003125,19.3,18.59
"3193","PRLA","2022-06-18",20.2116666666667,21.05,18.96
"3194","PRLA","2022-06-19",21.11875,21.86,19.65
"3195","PRLA","2022-06-20",23.2420833333333,24.33,21.53
"3196","PRLA","2022-06-21",23.3010416666667,23.69,22.24
"3197","PRLA","2022-06-22",21.8679166666667,22.17,21.25
"3198","PRLA","2022-06-23",22.2427083333333,22.95,21.19
"3199","PRLA","2022-06-24",24.9151428571429,27.61,22.05
"3200","PRLA","2022-06-25",23.9458139534884,25.21,22.41
"3201","PRLA","2022-06-26",20.7775,22.36,19.04
"3202","PRLA","2022-06-27",19.4595833333333,19.86,18.91
"3203","PRLA","2022-06-28",20.5872340425532,21.85,19.27
"3204","PRLA","2022-06-29",21.1053191489362,22.43,20.27
"3205","PRLA","2022-06-30",20.9066666666667,22.22,19.74
"3206","PRLA","2022-07-01",21.0970833333333,21.56,20.47
"3207","PRLA","2022-07-02",21.899375,22.78,20.62
"3208","PRLA","2022-07-03",22.2541666666667,23.09,21.31
"3209","PRLA","2022-07-04",23.8139583333333,25.18,21.79
"3210","PRLA","2022-07-05",24.9246511627907,26.81,23.08
"3211","PRLA","2022-07-06",23.8652083333333,24.76,23.04
"3212","PRLA","2022-07-07",26.5523529411765,28.94,23.04
"3213","PRLA","2022-07-08",23.73375,25.48,22.59
"3214","PRLA","2022-07-09",24.9195555555556,26.73,22.55
"3215","PRLA","2022-07-10",23.9339583333333,24.41,22.99
"3216","PRLA","2022-07-11",24.3020833333333,24.88,23.53
"3217","PRLA","2022-07-12",23.7608333333333,24.07,23.13
"3218","PRLA","2022-07-13",23.4447916666667,23.84,22.97
"3219","PRLA","2022-07-14",23.518,24.67,23.19
"3220","PRLA","2022-07-16",26.2019230769231,28.75,24.23
"3221","PRLA","2022-07-17",25.9720512820513,27.94,24.43
"3222","PRLA","2022-07-18",27.3104166666667,29.29,24.88
"3223","PRLA","2022-07-19",27.073125,28.16,25.99
"3224","PRLA","2022-07-20",24.2033333333333,25.79,23.12
"3225","PRLA","2022-07-21",23.8164583333333,24.76,23.07
"3226","PRLA","2022-07-22",23.8877083333333,24.82,23.14
"3227","PRLA","2022-07-23",24.5704255319149,26.33,23.33
"3228","PRLA","2022-07-24",24.046875,24.63,23.35
"3229","PRLA","2022-07-25",23.389375,23.93,22.64
"3230","PRLA","2022-07-26",23.181875,23.72,22.56
"3231","PRLA","2022-07-27",22.812,23.11,22.54
"3232","PRLA","2022-07-28",22.4587234042553,22.81,21.76
"3233","PRLA","2022-07-29",21.7476086956522,22.08,21.23
"3234","PRLA","2022-07-30",22.2163636363636,23.5,21.2
"3235","PRLA","2022-07-31",24.1354166666667,25.14,21.95
"3236","PRLA","2022-08-01",22.70925,23.05,22.33
"3237","PRLA","2022-08-02",23.1258333333333,24.36,22.16
"3238","PRLA","2022-08-03",23.1248888888889,24.18,22.35
"3239","PRLA","2022-08-04",22.5997916666667,23.69,21.93
"3240","PRLA","2022-08-05",22.5229166666667,23.24,21.6
"3241","PRLA","2022-08-06",23.49,24.64,22.26
"3242","PRLA","2022-08-07",22.1877083333333,22.81,21.55
"3243","PRLA","2022-08-08",21.1435416666667,21.55,20.4
"3244","PRLA","2022-08-09",21.2258333333333,21.94,20.17
"3245","PRLA","2022-08-10",21.9797916666667,22.88,20.94
"3246","PRLA","2022-08-11",22.634375,23.89,21.54
"3247","PRLA","2022-08-12",21.3127083333333,21.72,20.64
"3248","PRLA","2022-08-13",20.5854166666667,20.7,20.46
"3249","PRLA","2022-08-14",21.5345833333333,22.44,20.43
"3250","PRLA","2022-08-15",22.3804166666667,23.63,21.13
"3251","PRLA","2022-08-16",22.5055319148936,22.97,21.95
"3252","PRLA","2022-08-17",23.06875,25.48,21.85
"3253","PRLA","2022-08-18",23.589,28.03,22.05
"3254","PRLA","2022-08-19",22.5541666666667,22.99,21.75
"3255","PRLA","2022-08-20",21.8158333333333,22.25,21.45
"3256","PRLA","2022-08-21",22.822619047619,24.25,21.34
"3257","PRLA","2022-08-22",22.6495833333333,23.43,21.49
"3258","PRLA","2022-08-23",22.7410416666667,23.5,22.14
"3259","PRLA","2022-08-24",23.0935416666667,23.86,22.22
"3260","PRLA","2022-08-25",22.663125,23.33,21.89
"3261","PRLA","2022-08-26",22.508125,23.45,21.66
"3262","PRLA","2022-08-27",21.3691666666667,21.93,20.58
"3263","PRLA","2022-08-28",21.5179166666667,22.29,20.5
"3264","PRLA","2022-08-29",21.164375,21.55,20.27
"3265","PRLA","2022-08-30",19.8408333333333,20.23,19.21
"3266","PRLA","2022-08-31",19.8689583333333,20.63,19.11
"3267","PRLA","2022-09-01",21.09,22.18,19.78
"3268","PRLA","2022-09-02",21.5702083333333,22.37,20.56
"3269","PRLA","2022-09-03",21.0335416666667,21.42,20.4
"3270","PRLA","2022-09-04",20.8285416666667,21.69,19.85
"3271","PRLA","2022-09-05",19.8835416666667,20.39,19.2
"3272","PRLA","2022-09-06",19.7352083333333,20.28,19
"3273","PRLA","2022-09-07",20.2345833333333,20.88,19.56
"3274","PRLA","2022-09-08",20.65,21.16,19.74
"3275","PRLA","2022-09-09",20.2697916666667,20.74,19.53
"3276","PRLA","2022-09-10",19.1233333333333,19.46,18.43
"3277","PRLA","2022-09-11",18.17125,18.46,17.51
"3278","PRLA","2022-09-12",17.8425,18.35,17.37
"3279","PRLA","2022-09-13",17.888125,18.44,17.35
"3280","PRLA","2022-09-14",17.2739583333333,17.91,16.44
"3281","PRLA","2022-09-15",16.7972916666667,17.12,16.18
"3282","PRLA","2022-09-16",16.5579166666667,16.85,16.08
"3283","PRLA","2022-09-17",15.94,16.07,15.76
"3284","PRLA","2022-09-18",15.66625,15.98,15.21
"3285","PRLA","2022-09-19",16.1822916666667,16.81,15.17
"3286","PRLA","2022-09-20",17.1666666666667,18.03,16.11
"3287","PRLA","2022-09-21",17.2916666666667,17.74,16.42
"3288","PRLA","2022-09-22",15.6683333333333,16.31,15.04
"3289","PRLA","2022-09-23",14.8914583333333,15.24,14.33
"3290","PRLA","2022-09-24",14.415,14.65,14.19
"3291","PRLA","2022-09-25",14.4147916666667,14.81,13.95
"3292","PRLA","2022-09-26",13.79,14.09,13.36
"3293","PRLA","2022-09-27",13.9782222222222,14.79,13.29
"3294","PRLA","2022-09-28",13.69625,14.42,12.77
"3295","PRLA","2022-09-29",12.8,13.19,12.43
"3296","PRLA","2022-09-30",13.1104166666667,14.03,12.34
"3297","PRLA","2022-10-01",13.604375,14.25,12.91
"3298","PRLA","2022-10-02",13.5358333333333,13.87,13.11
"3299","PRLA","2022-10-03",13.6766666666667,14.26,13.06
"3300","PRLA","2022-10-04",14.4578723404255,15.64,13.73
"3301","PRLA","2022-10-05",15.3689583333333,16.62,14.01
"3302","PRLA","2022-10-06",14.9925,15.7,13.83
"3303","PRLA","2022-10-07",12.80625,13.75,11.75
"3304","PRLA","2022-10-08",11.4122916666667,11.79,10.61
"3305","PRLA","2022-10-09",10.7385416666667,11.05,10.42
"3306","PRLA","2022-10-10",10.90625,11.37,10.41
"3307","PRLA","2022-10-11",10.9847916666667,11.51,10.38
"3308","PRLA","2022-10-12",11.0395833333333,11.43,10.35
"3309","PRLA","2022-10-13",9.42541666666667,10.3,8.1
"3310","PRLA","2022-10-14",7.1275,8,6.39
"3311","PRLA","2022-10-15",6.07333333333333,6.38,5.64
"3312","PRLA","2022-10-16",5.75979166666667,6.23,5.35
"3313","PRLA","2022-10-17",5.40791666666667,5.88,4.89
"3314","PRLA","2022-10-18",4.69229166666667,5.03,4.28
"3315","PRLA","2022-10-19",4.50583333333333,5.02,4.09
"3316","PRLA","2022-10-20",4.77270833333333,5.21,4.05
"3317","PRLA","2022-10-21",5.681875,6.03,4.92
"3318","PRLA","2022-10-22",6.203125,6.38,5.77
"3319","PRLA","2022-10-23",6.49229166666667,6.85,6.21
"3320","PRLA","2022-10-24",7.36666666666667,8.19,6.07
"3321","PRLA","2022-10-25",7.03604166666667,8.03,5.94
"3322","PRLA","2022-10-26",5.92645833333333,6.12,5.61
"3323","PRLA","2022-10-27",5.839375,6.08,5.49
"3324","PRLA","2022-10-28",6.125625,6.49,5.59
"3325","PRLA","2022-10-29",6.235625,6.46,5.9
"3326","PRLA","2022-10-30",6.34020833333333,6.65,6.08
"3327","PRLA","2022-10-31",6.27041666666667,6.49,6.02
"3328","PRLA","2022-11-01",6.29291666666667,6.52,5.93
"3329","PRLA","2022-11-02",6.55291666666667,7.14,6.17
"3330","PRLA","2023-05-11",13.4588461538462,13.71,13.3
"3331","PRLA","2023-05-12",14.9589583333333,15.89,13.38
"3332","PRLA","2023-05-13",16.0385416666667,16.55,15.15
"3333","PRLA","2023-05-14",16.0629166666667,16.3,15.71
"3334","PRLA","2023-05-15",16.9032608695652,17.76,15.66
"3335","PRLA","2023-05-16",17.8680434782609,18.82,16.59
"3336","PRLA","2023-05-17",18.1933333333333,18.81,17.6
"3337","PRLA","2023-05-18",18.025625,18.6,17.36
"3338","PRLA","2023-05-19",16.1541666666667,17.29,14.6
"3339","PRLA","2023-05-20",15.1620833333333,15.9,14.33
"3340","PRLA","2023-05-21",15.899375,16.54,14.89
"3341","PRLA","2023-05-22",16.9483333333333,18.11,15.9
"3342","PRLA","2023-05-23",18.0346808510638,18.78,16.42
"3343","PRLA","2023-05-24",19.2513513513514,20.79,18.09
"3344","PRLA","2023-05-25",19.81625,20.44,19.13
"3345","PRLA","2023-05-26",19.7120833333333,20.18,18.98
"3346","PRLA","2023-05-27",20.2425,20.74,19.49
"3347","PRLA","2023-05-28",20.3733333333333,20.95,19.78
"3348","PRLA","2023-05-29",20.3925,20.81,19.73
"3349","PRLA","2023-05-30",20.8189583333333,21.63,20.1
"3350","PRLA","2023-05-31",21.6716666666667,22.32,20.53
"3351","PRLA","2023-06-01",22.1247826086957,23.04,21.65
"3352","PRLA","2023-06-02",22.83075,23.91,21.58
"3353","PRLA","2023-06-03",23.6133333333333,24.43,22.55
"3354","PRLA","2023-06-04",24.2279166666667,25.03,23.02
"3355","PRLA","2023-06-05",24.4013333333333,25.53,24.02
"3356","PRLA","2023-06-06",24.6588888888889,24.9,24.01
"3357","PRLA","2023-06-07",25.8004347826087,26.33,25.33
"3358","PRLA","2023-06-08",26.2218181818182,27.81,25.41
"3359","PRLA","2023-06-09",26.1734782608696,27.46,25.07
"3360","PRLA","2023-06-10",25.2752272727273,26.28,24.32
"3361","PRLA","2023-06-11",23.45375,24.2,22.46
"3362","PRLA","2023-06-12",22.9220833333333,23.49,22.15
"3363","PRLA","2023-06-13",22.9291304347826,23.76,22.16
"3364","PRLA","2023-06-14",22.8762222222222,24.31,22.18
"3365","PRLA","2023-06-15",23.1102380952381,24.21,22.67
"3366","PRLA","2023-06-16",23.101875,23.91,22.45
"3367","PRLA","2023-06-17",22.04,22.43,21.58
"3368","PRLA","2023-06-18",22.0144736842105,23.43,21.48
"3369","PRLA","2023-06-19",22.7733333333333,23.64,21.85
"3370","PRLA","2023-06-20",23.1097916666667,23.82,22.05
"3371","PRLA","2023-06-21",23.904375,24.52,23.06
"3372","PRLA","2023-06-22",23.831875,24.17,23.33
"3373","PRLA","2023-06-23",23.006875,23.36,22.47
"3374","PRLA","2023-06-24",21.839375,22.44,20.99
"3375","PRLA","2023-06-25",19.4260416666667,20.93,18.15
"3376","PRLA","2023-06-26",18.94375,19.42,18.11
"3377","PRLA","2023-06-27",19.761875,20.36,19.02
"3378","PRLA","2023-06-28",21.1906666666667,21.92,19.95
"3379","PRLA","2023-06-29",21.116976744186,21.95,20.83
"3380","PRLA","2023-06-30",22.8134090909091,23.47,21.74
"3381","PRLA","2023-07-01",22.6920833333333,23.13,22.5
"3382","PRLA","2023-07-02",22.9933333333333,23.65,22.61
"3383","PRLA","2023-07-03",25.3086666666667,26.35,24.06
"3384","PRLA","2023-07-04",24.5215909090909,25.22,23.57
"3385","PRLA","2023-07-05",23.59,24.5,22.29
"3386","PRLA","2023-07-06",22.0536956521739,22.45,21.31
"3387","PRLA","2023-07-07",21.615,22.11,21.08
"3388","PRLA","2023-07-08",21.6585416666667,22.29,21.17
"3389","PRLA","2023-07-09",21.6991666666667,22.23,21.12
"3390","PRLA","2023-07-10",22.015,22.68,21.04
"3391","PRLA","2023-07-11",22.3877083333333,23.05,21.73
"3392","PRLA","2023-07-12",21.0022916666667,21.68,20.14
"3393","PRLA","2023-07-13",20.4346808510638,20.89,20.03
"3394","PRLA","2023-07-14",20.9841666666667,21.56,19.99
"3395","PRLA","2023-07-15",21.2845833333333,21.61,20.88
"3396","PRLA","2023-07-16",21.096875,21.35,20.7
"3397","PRLA","2023-07-17",20.773125,21.13,20.34
"3398","PRLA","2023-07-18",20.82,21.37,20.25
"3399","PRLA","2023-07-19",21.3834042553191,21.79,20.73
"3400","PRLA","2023-07-20",21.2282978723404,21.53,20.81
"3401","PRLA","2023-07-21",21.5045238095238,22.33,20.74
"3402","PRLA","2023-07-22",22.2948936170213,23.06,21.25
"3403","PRLA","2023-07-23",22.92125,23.55,21.85
"3404","PRLA","2023-07-24",22.8079166666667,23.02,22.57
"3405","PRLA","2023-07-25",24.0952631578947,25.74,22.89
"3406","PRLA","2023-07-26",24.8032608695652,25.05,24.31
"3407","PRLA","2023-07-27",24.463829787234,25.01,24.13
"3408","PRLA","2023-07-28",24.94,26.25,23.98
"3409","PRLA","2023-07-29",24.8139130434783,25.46,23.92
"3410","PRLA","2023-07-30",23.826875,24.38,23
"3411","PRLA","2023-07-31",23.6058333333333,24.49,22.86
"3412","PRLA","2023-08-01",23.58875,24.18,22.94
"3413","PRLA","2023-08-02",23.9995238095238,25.59,23.27
"3414","PRLA","2023-08-03",23.7020833333333,23.92,23.48
"3415","PRLA","2023-08-04",24.4757142857143,25.76,23.66
"3416","PRLA","2023-08-05",24.2314583333333,24.69,23.5
"3417","PRLA","2023-08-06",23.124375,23.48,22.56
"3418","PRLA","2023-08-07",22.9966666666667,23.44,22.46
"3419","PRLA","2023-08-08",23.2068421052632,24.1,22.59
"3420","PRLA","2023-08-09",23.1516666666667,23.54,22.68
"3421","PRLA","2023-08-10",22.8119565217391,23.68,22.15
"3422","PRLA","2023-08-11",21.7214583333333,22.1,21.36
"3423","PRLA","2023-08-12",21.585625,21.95,21.22
"3424","PRLA","2023-08-13",21.7272916666667,22.14,21.15
"3425","PRLA","2023-08-14",21.0460416666667,21.56,20.44
"3426","PRLA","2023-08-15",20.8292857142857,22.1,20.32
"3427","PRLA","2023-08-16",21.7382608695652,22.55,20.72
"3428","PRLA","2023-08-17",21.1564583333333,21.58,20.21
"3429","PRLA","2023-08-18",20.4697826086957,21.32,19.84
"3430","PRLA","2023-08-19",20.8314583333333,21.38,19.64
"3431","PRLA","2023-08-20",21.3972916666667,21.82,20.82
"3432","PRLA","2023-08-21",20.185,20.79,19.5
"3433","PRLA","2023-08-22",19.1802083333333,19.45,18.95
"3434","PRLA","2023-08-23",19.2772916666667,19.62,18.92
"3435","PRLA","2023-08-24",19.6416666666667,20.25,19.29
"3436","PRLA","2023-08-25",20.3997674418605,21.68,19.63
"3437","PRLA","2023-08-26",21.0697916666667,21.53,20.48
"3438","PRLA","2023-08-27",21.0225581395349,22.01,20.38
"3439","PRLA","2023-08-28",21.3866666666667,22.06,20.45
"3440","PRLA","2023-08-29",21.8948936170213,22.45,21.3
"3441","PRLA","2023-08-30",22.005,22.71,21.3
"3442","PRLA","2023-08-31",21.55875,22.32,20.94
"3443","PRLA","2023-09-01",21.3458333333333,21.82,20.79
"3444","PRLA","2023-09-02",21.6916666666667,22.12,21.02
"3445","PRLA","2023-09-03",22.7554166666667,23.5,21.67
"3446","PRLA","2023-09-04",23.1193023255814,24.32,22.47
"3447","PRLA","2023-09-05",23.0121428571429,24.32,22.54
"3448","PRLA","2023-09-06",21.3039583333333,22.83,20.09
"3449","PRLA","2023-09-07",20.026170212766,20.48,19.27
"3450","PRLA","2023-09-08",19.4360416666667,19.78,19.06
"3451","PRLA","2023-09-09",19.4077083333333,19.86,18.94
"3452","PRLA","2023-09-10",18.9322916666667,19.16,18.6
"3453","PRLA","2023-09-11",18.4752083333333,18.81,18.34
"3454","PRLA","2023-09-12",18.28,18.56,17.73
"3455","PRLA","2023-09-13",17.84,18.44,17.11
"3456","PRLA","2023-09-14",17.1608333333333,17.61,16.72
"3457","PRLA","2023-09-15",17.47125,17.87,16.96
"3458","PRLA","2023-09-16",17.3485416666667,17.64,17.04
"3459","PRLA","2023-09-17",17.01625,17.3,16.6
"3460","PRLA","2023-09-18",16.9316666666667,17.49,16.43
"3461","PRLA","2023-09-19",16.9227083333333,17.29,16.35
"3462","PRLA","2023-09-20",17.30625,18.25,16.78
"3463","PRLA","2023-09-21",17.545,18.14,16.74
"3464","PRLA","2023-09-22",17.050625,17.23,16.81
"3465","PRLA","2023-09-23",16.7672916666667,16.87,16.64
"3466","PRLA","2023-09-24",16.8625,17.12,16.62
"3467","PRLA","2023-09-25",17.0602083333333,17.4,16.66
"3468","PRLA","2023-09-26",17.1625,17.57,16.87
"3469","PRLA","2023-09-27",17.0977083333333,17.35,16.8
"3470","PRLA","2023-09-28",16.80375,17.11,16.43
"3471","PRLA","2023-09-29",16.575,16.87,16.26
"3472","PRLA","2023-09-30",16.66125,17.12,16.26
"3473","PRLA","2023-10-01",16.923125,17.35,16.28
"3474","PRLA","2023-10-02",17.9223404255319,18.42,17.07
"3475","PRLA","2023-10-03",17.9779166666667,18.14,17.78
"3476","PRLA","2023-10-04",17.885,18.31,17.13
"3477","PRLA","2023-10-05",16.5983333333333,17.08,15.55
"3478","PRLA","2023-10-06",14.104375,15.48,12.43
"3479","PRLA","2023-10-07",11.4227083333333,12.35,10.57
"3480","PRLA","2023-10-08",10.6104166666667,10.78,10.44
"3481","PRLA","2023-10-09",10.8102083333333,11.27,10.3
"3482","PRLA","2023-10-10",10.951875,11.61,10.51
"3483","PRLA","2023-10-11",10.8441666666667,11.67,10.24
"3484","PRLA","2023-10-12",10.321875,10.71,9.99
"3485","PRLA","2023-10-13",9.91916666666667,10.29,9.51
"3486","PRLA","2023-10-14",9.21916666666667,9.44,8.94
"3487","PRLA","2023-10-15",9.07666666666667,9.27,8.9
"3488","PRLA","2023-10-16",9.23083333333333,9.6,8.79
"3489","PRLA","2023-10-17",9.240625,9.51,8.85
"3490","PRLA","2023-10-18",9.69895833333333,9.97,9.2
"3491","PRLA","2023-10-19",9.77645833333333,9.86,9.67
"3492","PRLA","2023-10-20",10.0722916666667,10.33,9.61
"3493","PRLA","2023-10-21",10.4445833333333,10.83,10.04
"3494","PRLA","2023-10-22",10.1635416666667,10.4,9.94
"3495","PRLA","2023-10-23",10.1425,10.41,9.91
"3496","PRLA","2023-10-24",9.851875,10.08,9.34
"3497","PRLA","2023-10-25",9.17458333333333,9.32,9.09
"3498","PRLA","2024-04-30",8.13410256410256,8.29,7.89
"3499","PRLA","2024-05-01",7.90604166666667,8.01,7.72
"3500","PRLA","2024-05-02",8.72666666666667,9.33,7.7
"3501","PRLA","2024-05-03",8.86375,9.03,8.39
"3502","PRLA","2024-05-04",8.84708333333333,9.2,8.32
"3503","PRLA","2024-05-05",9.22458333333333,9.59,8.76
"3504","PRLA","2024-05-06",10.2914583333333,10.87,9.07
"3505","PRLA","2024-05-07",11.0110416666667,11.38,10.5
"3506","PRLA","2024-05-08",11.5595833333333,11.75,11.33
"3507","PRLA","2024-05-09",12.7297916666667,13.66,11.34
"3508","PRLA","2024-05-10",13.7125,14.65,12.65
"3509","PRLA","2024-05-11",14.1504166666667,14.51,13.53
"3510","PRLA","2024-05-12",15.0375,15.65,14.01
"3511","PRLA","2024-05-13",15.6770833333333,16.29,15.06
"3512","PRLA","2024-05-14",16.3720833333333,17.64,15.14
"3513","PRLA","2024-05-15",15.4352083333333,15.65,15.11
"3514","PRLA","2024-05-16",15.0535416666667,15.63,14.57
"3515","PRLA","2024-05-17",15.91375,16.76,14.56
"3516","PRLA","2024-05-18",17.5223076923077,20.1,15.93
"3517","PRLA","2024-05-19",16.2339583333333,16.55,15.63
"3518","PRLA","2024-05-20",15.2460416666667,15.58,14.65
"3519","PRLA","2024-05-21",15.509375,16.23,14.64
"3520","PRLA","2024-05-22",15.4779166666667,15.89,15
"3521","PRLA","2024-05-23",15.7744444444444,16.39,14.88
"3522","PRLA","2024-05-24",15.15875,15.59,14.7
"3523","PRLA","2024-05-25",13.3025,14.68,11.87
"3524","PRLA","2024-05-26",13.1604166666667,14.18,11.82
"3525","PRLA","2024-05-27",14.5274468085106,15.63,13.28
"3526","PRLA","2024-05-28",14.7614583333333,15.6,13.71
"3527","PRLA","2024-05-29",15.2772916666667,16.09,14.59
"3528","PRLA","2024-05-30",15.6008333333333,16.19,14.71
"3529","PRLA","2024-05-31",15.9329787234043,16.41,15.49
"3530","PRLA","2024-06-01",16.173125,16.63,15.55
"3531","PRLA","2024-06-02",16.736875,17.29,15.87
"3532","PRLA","2024-06-03",16.695,16.89,16.42
"3533","PRLA","2024-06-04",17.8273913043478,18.56,16.44
"3534","PRLA","2024-06-05",17.3654166666667,17.84,16.87
"3535","PRLA","2024-06-06",16.8870833333333,17.42,16.13
"3536","PRLA","2024-06-07",16.2310416666667,16.58,15.88
"3537","PRLA","2024-06-08",16.7554166666667,17.56,15.87
"3538","PRLA","2024-06-09",17.19125,17.62,16.42
"3539","PRLA","2024-06-10",18.07125,18.84,17.16
"3540","PRLA","2024-06-11",18.0778947368421,18.35,17.63
"3541","PRLA","2024-06-12",18.5545833333333,19.25,17.59
"3542","PRLA","2024-06-13",19.5995652173913,20.08,18.61
"3543","PRLA","2024-06-14",20.020625,20.44,19.4
"3544","PRLA","2024-06-15",21.2165957446809,22.61,19.79
"3545","PRLA","2024-06-16",20.9445833333333,21.56,20.22
"3546","PRLA","2024-06-17",20.763125,21.17,20.16
"3547","PRLA","2024-06-18",20.1114583333333,20.97,18.89
"3548","PRLA","2024-06-19",18.2314583333333,18.83,17.44
"3549","PRLA","2024-06-20",18.8939534883721,22.3,17.42
"3550","PRLA","2024-06-21",18.9814583333333,19.8,17.92
"3551","PRLA","2024-06-22",18.926875,19.2,18.61
"3552","PRLA","2024-06-23",19.4660975609756,21.1,18.68
"3553","PRLA","2024-06-24",21.7671875,26.47,19.05
"3554","PRLA","2024-06-25",21.9251162790698,23.57,19.86
"3555","PRLA","2024-06-26",22.2808333333333,23.13,21.33
"3556","PRLA","2024-06-27",21.5464583333333,22.28,20.74
"3557","PRLA","2024-06-28",20.2816666666667,20.7,19.85
"3558","PRLA","2024-06-29",20.20125,20.66,19.55
"3559","PRLA","2024-06-30",19.6189583333333,20.03,19.21
"3560","PRLA","2024-07-01",19.6358333333333,20.24,19.16
"3561","PRLA","2024-07-02",19.376875,19.61,19.11
"3562","PRLA","2024-07-03",19.72375,20.17,19.11
"3563","PRLA","2024-07-04",20.4264583333333,20.92,19.54
"3564","PRLA","2024-07-05",20.298125,20.91,19.86
"3565","PRLA","2024-07-06",21.2783333333333,22.57,19.85
"3566","PRLA","2024-07-07",21.00125,21.54,20.52
"3567","PRLA","2024-07-08",21.7574468085106,23.08,20.48
"3568","PRLA","2024-07-09",23.1413157894737,24.83,21.16
"3569","PRLA","2024-07-10",24.077,25.99,22.32
"3570","PRLA","2024-07-11",25.4620588235294,29.32,22.92
"3571","PRLA","2024-07-12",24.3825,25.22,23.46
"3572","PRLA","2024-07-13",24.7447916666667,26.29,23.67
"3573","PRLA","2024-07-14",24.788,26.27,23.55
"3574","PRLA","2024-07-15",25.1389189189189,28.56,23.72
"3575","PRLA","2024-07-16",24.1325,24.71,23.46
"3576","PRLA","2024-07-17",24.4785416666667,25.45,23.55
"3577","PRLA","2024-07-18",24.886511627907,27.07,23.35
"3578","PRLA","2024-07-19",24.2947916666667,25.32,23.1
"3579","PRLA","2024-07-20",25.9786956521739,27.84,23.71
"3580","PRLA","2024-07-21",26.5185416666667,28.2,25.11
"3581","PRLA","2024-07-22",26.66,28.46,24.94
"3582","PRLA","2024-07-23",26.7517391304348,28.55,25.44
"3583","PRLA","2024-07-24",25.6397916666667,26.67,24.49
"3584","PRLA","2024-07-25",24.495,25.27,23.67
"3585","PRLA","2024-07-26",24.489375,25.3,23.49
"3586","PRLA","2024-07-27",24.5270833333333,24.91,24.11
"3587","PRLA","2024-07-28",24.9454166666667,25.69,24.03
"3588","PRLA","2024-07-29",25.4566666666667,26.05,24.84
"3589","PRLA","2024-07-30",25.8025531914894,27.57,24.6
"3590","PRLA","2024-07-31",25.5054166666667,26.24,24.5
"3591","PRLA","2024-08-01",25.3875,26.01,24.87
"3592","PRLA","2024-08-02",26.3027083333333,27.55,24.79
"3593","PRLA","2024-08-03",26.9391666666667,28.18,25.69
"3594","PRLA","2024-08-04",25.6741666666667,26.33,24.52
"3595","PRLA","2024-08-05",23.8983333333333,24.47,22.85
"3596","PRLA","2024-08-06",22.2191666666667,22.79,21.57
"3597","PRLA","2024-08-07",21.945,22.48,21.43
"3598","PRLA","2024-08-08",20.973125,21.42,20.03
"3599","PRLA","2024-08-09",19.1427083333333,19.94,18.47
"3600","PRLA","2024-08-10",18.55875,18.84,18.34
"3601","PRLA","2024-08-11",20.3171428571429,22.88,18.28
"3602","PRLA","2024-08-12",20.9136585365854,23.2,18.87
"3603","PRLA","2024-08-13",21.868,23.37,20.28
"3604","PRLA","2024-08-14",20.4154166666667,20.93,19.96
"3605","PRLA","2024-08-15",19.9102083333333,20,19.78
"3606","PRLA","2024-08-16",19.8333333333333,20.05,19.57
"3607","PRLA","2024-08-17",20.0725,20.45,19.55
"3608","PRLA","2024-08-18",21.7852631578947,23.91,19.89
"3609","PRLA","2024-08-19",23.5286666666667,25.49,21.38
"3610","PRLA","2024-08-20",23.2439583333333,24.47,22.24
"3611","PRLA","2024-08-21",21.8177083333333,22.37,20.97
"3612","PRLA","2024-08-22",20.8770833333333,21.07,20.64
"3613","PRLA","2024-08-23",21.4404166666667,22.17,20.56
"3614","PRLA","2024-08-24",22.309375,23.2,21.26
"3615","PRLA","2024-08-25",22.579375,22.97,21.85
"3616","PRLA","2024-08-26",23.725,24.87,22.69
"3617","PRLA","2024-08-27",22.616875,23.11,21.93
"3618","PRLA","2024-08-28",21.9983333333333,22.8,21.21
"3619","PRLA","2024-08-29",21.2852083333333,21.61,20.98
"3620","PRLA","2024-08-30",20.7579166666667,21.2,19.89
"3621","PRLA","2024-08-31",20.1875,20.83,19.77
"3622","PRLA","2024-09-01",20.054375,20.37,19.69
"3623","PRLA","2024-09-02",20.3912195121951,22.5,19.53
"3624","PRLA","2024-09-03",19.7633333333333,20.14,19.29
"3625","PRLA","2024-09-04",20.1679166666667,20.73,19.41
"3626","PRLA","2024-09-05",20.1172916666667,20.33,19.62
"3627","PRLA","2024-09-06",19.3589473684211,19.71,18.8
"3628","PRLA","2024-09-07",18.9704166666667,19.56,18.3
"3629","PRLA","2024-09-08",18.7685416666667,19.38,18.19
"3630","PRLA","2024-09-09",19.4802083333333,20.83,18.18
"3631","PRLA","2024-09-10",19.666,20.24,18.79
"3632","PRLA","2024-09-11",20.1425531914894,20.91,19.45
"3633","PRLA","2024-09-12",19.7791666666667,20.15,19.38
"3634","PRLA","2024-09-13",19.3770833333333,19.71,19.03
"3635","PRLA","2024-09-14",18.6208333333333,19.01,18.24
"3636","PRLA","2024-09-15",19.0266666666667,19.86,18.18
"3637","PRLA","2024-09-16",20.4987179487179,23.17,18.71
"3638","PRLA","2024-09-17",19.8565957446809,20.37,19.31
"3639","PRLA","2024-09-18",21.0591111111111,22.26,19.69
"3640","PRLA","2024-09-19",20.73,21.03,20.35
"3641","PRLA","2024-09-20",19.851875,20.3,19.09
"3642","PRLA","2024-09-21",19.1266666666667,19.54,18.7
"3643","PRLA","2024-09-22",18.0747916666667,18.64,17.46
"3644","PRLA","2024-09-23",17.496875,17.98,16.81
"3645","PRLA","2024-09-24",16.6202083333333,16.79,16.3
"3646","PRLA","2024-09-25",16.619375,16.9,16.21
"3647","PRLA","2024-09-26",16.9635416666667,17.39,16.4
"3648","PRLA","2024-09-27",17.2252083333333,17.59,16.58
"3649","PRLA","2024-09-28",17.6151162790698,19.08,16.8
"3650","PRLA","2024-09-29",17.8523404255319,19.15,16.73
"3651","PRLA","2024-09-30",17.3510416666667,17.7,16.97
"3652","PRLA","2024-10-01",15.9266666666667,17.04,14.76
"3653","PRLA","2024-10-02",14.3454166666667,14.74,13.7
"3654","PRLA","2024-10-03",13.8989583333333,14.24,13.59
"3655","PRLA","2024-10-04",13.55625,13.85,13.13
"3656","PRLA","2024-10-05",12.9866666666667,13.29,12.52
"3657","PRLA","2024-10-06",12.14625,12.6,11.2
"3658","PRLA","2024-10-07",11.32,11.61,11.05
"3659","PRLA","2024-10-08",12.0602631578947,14.97,10.99
"3660","PRLA","2024-10-09",11.8664583333333,12.78,10.95
"3661","PRLA","2024-10-10",12.6063636363636,14.45,11.63
"3662","PRLA","2024-10-11",12.5820833333333,13.17,11.9
"3663","PRLA","2024-10-12",12.8041666666667,13.43,12.32
"3664","PRLA","2024-10-13",12.5470833333333,12.94,11.99
"3665","PRLA","2024-10-14",11.7372916666667,11.97,11.34
"3666","PRLA","2024-10-15",11.0979166666667,11.75,10.31
"3667","PRLA","2024-10-16",9.96875,10.35,9.16
"3668","PRLA","2024-10-17",9.04270833333333,9.34,8.76
"3669","PRLA","2024-10-18",9.10541666666667,9.38,8.62
"3670","PRLA","2024-10-19",9.04166666666667,9.13,8.94
"3671","PRLA","2024-10-20",9.22041666666667,9.43,8.9
"3672","PRLA","2024-10-21",9.65854166666667,10,9.07
"3673","PRLA","2024-10-22",10.4785106382979,11.15,9.68
"3674","PRLA","2024-10-23",9.853125,10.15,9.35
"3675","PRLA","2024-10-24",9.395625,9.57,9.17
"3676","PRLA","2024-10-25",9.26125,9.51,8.76
"3677","PRLA","2024-10-26",8.66791666666667,8.93,8.3
"3678","PRLA","2024-10-27",8.346875,8.58,8.15
"3679","PRLA","2024-10-28",8.43531914893617,9.01,8.06
"3680","PRLA","2024-10-29",8.28895833333333,8.42,7.95
"3681","PRLA","2024-10-30",8.34041666666667,8.5,8.17
"3682","PRLA","2024-10-31",7.91104166666667,8.15,7.49
"3683","PRLA","2024-11-01",7.28770833333333,7.55,6.79
"3684","PRLA","2024-11-02",6.28208333333333,6.76,5.94
"3685","PRLA","2024-11-03",5.93895833333333,6.03,5.87
"3686","PRLA","2024-11-04",6.20645833333333,6.35,5.94
"3687","PRLA","2024-11-05",5.92770833333333,6.33,5.5
"3688","PRLA","2024-11-06",5.37479166666667,5.48,5.21
"3689","PRLA","2024-11-07",5.1975,5.21,5.19
"3690","PRLA","2025-04-17",8.45515151515152,8.82,7.87
"3691","PRLA","2025-04-18",8.07571428571429,8.56,7.23
"3692","PRLA","2025-04-19",7.486,7.7,7.26
"3693","PRLA","2025-04-20",8.14458333333333,8.48,7.83
"3694","PRLA","2025-04-21",8.65041666666667,9.21,7.81
"3695","PRLA","2025-04-22",9.28095238095238,10.06,7.74
"3696","PRLA","2025-04-23",9.52411764705882,10.07,9.1
"3697","PRLA","2025-04-24",9.54195652173913,9.84,9.01
"3698","PRLA","2025-04-25",9.91270833333333,10.8,9.43
"3699","PRLA","2025-04-26",10.58,11.49,9.44
"3700","PRLA","2025-04-27",10.0329166666667,10.34,9.68
"3701","PRLA","2025-04-28",10.191875,10.52,9.68
"3702","PRLA","2025-04-29",9.29541666666667,10.41,8.39
"3703","PRLA","2025-04-30",9.29083333333333,9.97,8.3
"3704","PRLA","2025-05-01",9.62541666666667,9.91,9.16
"3705","PRLA","2025-05-02",10.244375,10.79,9.55
"3706","PRLA","2025-05-03",10.9935416666667,11.77,10.04
"3707","PRLA","2025-05-04",12.1639583333333,13.04,10.75
"3708","PRLA","2025-05-05",13.185625,13.73,12.11
"3709","PRLA","2025-05-06",14.1808333333333,14.97,13.08
"3710","PRLA","2025-05-07",14.1570833333333,14.74,13.62
"3711","PRLA","2025-05-08",14.814375,16.44,13.5
"3712","PRLA","2025-05-09",15.0458333333333,15.64,14.03
"3713","PRLA","2025-05-10",15.8902083333333,16.67,15.01
"3714","PRLA","2025-05-11",15.76125,16.21,15.07
"3715","PRLA","2025-05-12",16.84375,17.63,15.66
"3716","PRLA","2025-05-13",17.675625,18.38,16.6
"3717","PRLA","2025-05-14",18.624375,19.19,17.52
"3718","PRLA","2025-05-15",19.3991666666667,20.48,18.08
"3719","PRLA","2025-05-16",17.8410416666667,18.21,16.88
"3720","PRLA","2025-05-17",14.36625,16.79,12.31
"3721","PRLA","2025-05-18",11.6427083333333,12.24,10.79
"3722","PRLA","2025-05-19",10.4360416666667,10.74,9.83
"3723","PRLA","2025-05-20",9.360625,9.78,8.91
"3724","PRLA","2025-05-21",8.603125,8.9,8.24
"3725","PRLA","2025-05-22",8.40354166666667,8.57,8.18
"3726","PRLA","2025-05-23",10.2054166666667,11.59,8.37
"3727","PRLA","2025-05-24",11.85625,12.59,10.23
"3728","PRLA","2025-05-25",13.6847916666667,15.34,11.68
"3729","PRLA","2025-05-26",16.98375,18.92,13.74
"3730","PRLA","2025-05-27",17.2385416666667,18.62,15.82
"3731","PRLA","2025-05-28",16.8877083333333,17.99,15.67
"3732","PRLA","2025-05-29",16.893125,17.61,15.82
"3733","PRLA","2025-05-30",18.7022916666667,20.1,16.43
"3734","PRLA","2025-05-31",18.6054166666667,19.5,17.34
"3735","PRLA","2025-06-01",19.01125,20.24,17.63
"3736","PRLA","2025-06-02",20.1666666666667,21.14,18.74
"3737","PRLA","2025-06-03",17.544375,19.13,16.4
"3738","PRLA","2025-06-04",16.8195833333333,17.2,16.25
"3739","PRLA","2025-06-05",17.1839583333333,17.96,16.53
"3740","PRLA","2025-06-06",17.880625,19.48,16.86
"3741","PRLA","2025-06-07",18.8802083333333,19.82,17.24
"3742","PRLA","2025-06-08",18.1183333333333,18.61,17.14
"3743","PRLA","2025-06-09",15.8052083333333,16.99,14.8
"3744","PRLA","2025-06-10",14.7345833333333,14.99,14.54
"3745","PRLA","2025-06-11",15.7727083333333,16.55,14.53
"3746","PRLA","2025-06-12",16.9784444444444,18.07,15.88
"3747","PRLA","2025-06-13",16.404375,16.59,16.07
"3748","PRLA","2025-06-14",16.0972916666667,16.34,15.75
"3749","PRLA","2025-06-15",16.65125,17.58,15.72
"3750","PRLA","2025-06-16",17.7992857142857,19.86,16.53
"3751","PRLA","2025-06-17",18.475,19.37,17.3
"3752","PRLA","2025-06-18",20.7408695652174,21.98,18.62
"3753","PRLA","2025-06-19",21.7489583333333,22.78,20.46
"3754","PRLA","2025-06-20",22.6927272727273,25.19,20.29
"3755","PRLA","2025-06-21",21.9645454545455,23.63,20.61
"3756","PRLA","2025-06-22",22.34625,23.5,20.76
"3757","PRLA","2025-06-23",21.4666666666667,22.2,20.45
"3758","PRLA","2025-06-24",20.0783333333333,20.4,19.61
"3759","PRLA","2025-06-25",21.008125,22.41,19.53
"3760","PRLA","2025-06-26",20.4322916666667,20.94,19.84
"3761","PRLA","2025-06-27",19.5460416666667,19.82,19.22
"3762","PRLA","2025-06-28",20.1479166666667,21.19,19.2
"3763","PRLA","2025-06-29",21.216875,21.84,20.07
"3764","PRLA","2025-06-30",22.1014583333333,22.68,21.09
"3765","PRLA","2025-07-01",22.0785416666667,22.46,21.59
"3766","PRLA","2025-07-02",24.0746511627907,26.98,21.77
"3767","PRLA","2025-07-03",26.024,31.69,22.51
"3768","PRLA","2025-07-04",24.3365957446808,25.26,23.43
"3769","PRLA","2025-07-05",24.6263829787234,25.8,23.68
"3770","PRLA","2025-07-06",24.0704166666667,24.82,23.34
"3771","PRLA","2025-07-07",24.6204761904762,26.98,23.2
"3772","PRLA","2025-07-08",23.8254166666667,24.35,23.26
"3773","PRLA","2025-07-09",24.836511627907,27.6,22.96
"3774","PRLA","2025-07-10",23.87875,24.54,22.99
"3775","PRLA","2025-07-11",24.1327083333333,24.73,23.37
"3776","PRLA","2025-07-12",23.4683333333333,23.91,22.64
"3777","PRLA","2025-07-13",22.9110416666667,23.53,22.4
"3778","PRLA","2025-07-14",23.2579166666667,24.14,22.34
"3779","PRLA","2025-07-15",24.1375,25.21,23.04
"3780","PRLA","2025-07-16",22.3266666666667,23.5,21.19
"3781","PRLA","2025-07-17",20.775,21.12,20.27
"3782","PRLA","2025-07-18",21.0925,22.3,20.15
"3783","PRLA","2025-07-19",20.7116666666667,21.2,20.25
"3784","PRLA","2025-07-20",21.1654166666667,21.96,20.38
"3785","PRLA","2025-07-21",21.005,21.74,20.58
"3786","PRLA","2025-07-22",23.3942105263158,26.41,20.64
"3787","PRLA","2025-07-23",21.9279166666667,22.97,21.38
"3788","PRLA","2025-07-24",22.2648837209302,23.49,21.46
"3789","PRLA","2025-07-25",23.1086666666667,24.56,21.75
"3790","PRLA","2025-07-26",23.3854166666667,24.04,22.3
"3791","PRLA","2025-07-27",25.1678571428571,27.39,23.34
"3792","PRLA","2025-07-28",25.8057446808511,27.43,23.84
"3793","PRLA","2025-07-29",24.348125,24.95,23.59
"3794","PRLA","2025-07-30",24.8878260869565,26.36,23.45
"3795","PRLA","2025-07-31",23.1695833333333,23.53,22.5
"3796","PRLA","2025-08-01",23.0970833333333,24.16,22.12
"3797","PRLA","2025-08-02",22.7402083333333,23.48,21.96
"3798","PRLA","2025-08-03",22.1164583333333,22.45,21.79
"3799","PRLA","2025-08-04",21.7860416666667,21.98,21.59
"3800","PRLA","2025-08-05",21.64875,21.82,21.39
"3801","PRLA","2025-08-06",21.025625,21.37,20.5
"3802","PRLA","2025-08-07",21.9636170212766,23.63,20.47
"3803","PRLA","2025-08-08",23.187380952381,24.37,21.75
"3804","PRLA","2025-08-09",22.793125,23.8,22.1
"3805","PRLA","2025-08-10",21.780625,22.15,21.11
"3806","PRLA","2025-08-11",21.1002083333333,21.5,20.74
"3807","PRLA","2025-08-12",21.1291666666667,21.54,20.68
"3808","PRLA","2025-08-13",21.3045833333333,21.83,20.62
"3809","PRLA","2025-08-14",21.5597916666667,22.05,20.91
"3810","PRLA","2025-08-15",22.154375,22.99,21.32
"3811","PRLA","2025-08-16",22.2113043478261,23.05,21.6
"3812","PRLA","2025-08-17",21.9345833333333,22.38,21.45
"3813","PRLA","2025-08-18",21.775625,22.41,21.45
"3814","PRLA","2025-08-19",23.4884615384615,25.5,21.71
"3815","PRLA","2025-08-20",24.7254166666667,26.2,23.14
"3816","PRLA","2025-08-21",23.5810416666667,24.25,23.1
"3817","PRLA","2025-08-22",23.2204166666667,23.66,22.76
"3818","PRLA","2025-08-23",22.433125,22.99,21.16
"3819","PRLA","2025-08-24",20.7352083333333,21.1,20.04
"3820","PRLA","2025-08-25",19.8654166666667,20.21,19.24
"3821","PRLA","2025-08-26",20.0447826086957,21.35,19.06
"3822","PRLA","2025-08-27",19.9745833333333,20.82,18.99
"3823","PRLA","2025-08-28",21.6677419354839,25.7,19.43
"3824","PRLA","2025-08-29",23.38375,27.26,21.05
"3825","PRLA","2025-08-30",22.4888888888889,23.58,21.51
"3826","PRLA","2025-08-31",22.32625,23.25,21.38
"3827","PRLA","2025-09-01",22.2414583333333,23.11,21.46
"3828","PRLA","2025-09-02",21.90625,22.52,21.29
"3829","PRLA","2025-09-03",21.03,21.45,20.15
"3830","PRLA","2025-09-04",19.3247916666667,20.06,18.37
"3831","PRLA","2025-09-05",17.1377083333333,18.3,15.82
"3832","PRLA","2025-09-06",15.2852083333333,15.76,14.68
"3833","PRLA","2025-09-07",14.7254166666667,15.06,14.33
"3834","PRLA","2025-09-08",14.8970833333333,15.33,14.23
"3835","PRLA","2025-09-09",16.193488372093,17.98,14.56
"3836","PRLA","2025-09-10",17.3086666666667,18.38,15.98
"3837","PRLA","2025-09-11",17.3597916666667,18.2,16.51
"3838","PRLA","2025-09-12",17.4895833333333,18.23,16.65
"3839","PRLA","2025-09-13",19.1286486486486,20.71,17.72
"3840","PRLA","2025-09-14",18.7985416666667,19.54,18.62
"3841","PRLA","2025-09-15",19.29625,19.91,18.96
"3842","PRLA","2025-09-16",19.2572916666667,19.61,18.83
"3843","PRLA","2025-09-17",20.2222916666667,21.26,19.12
"3844","PRLA","2025-09-18",19.5841666666667,19.96,18.9
"3845","PRLA","2025-09-19",18.218125,18.87,17.65
"3846","PRLA","2025-09-20",17.7127083333333,17.95,17.54
"3847","PRLA","2025-09-21",17.6566666666667,17.9,17.32
"3848","PRLA","2025-09-22",18.3866666666667,20.97,17.26
"3849","PRLA","2025-09-23",19.5533333333333,22.99,17.39
"3850","PRLA","2025-09-24",18.4177083333333,19.74,17.17
"3851","PRLA","2025-09-25",19.0444680851064,20.45,18
"3852","PRLA","2025-09-26",18.3385416666667,18.92,17.56
"3853","PRLA","2025-09-27",17.6710416666667,18.15,17.15
"3854","PRLA","2025-09-28",17.1127083333333,17.46,16.58
"3855","PRLA","2025-09-29",17.3410416666667,17.86,16.5
"3856","PRLA","2025-09-30",18.2820833333333,18.95,17.33
"3857","PRLA","2025-10-01",18.1585416666667,18.43,17.77
"3858","PRLA","2025-10-02",18.2747916666667,18.6,17.81
"3859","PRLA","2025-10-03",19.1006382978723,20.24,18.12
"3860","PRLA","2025-10-04",18.859375,19.34,18.2
"3861","PRLA","2025-10-05",18.1897916666667,18.68,17.4
"3862","PRLA","2025-10-06",16.2252083333333,17.41,15.17
"3863","PRLA","2025-10-07",14.6854166666667,15.13,13.96
"3864","PRLA","2025-10-08",13.8909523809524,15.53,12.89
"3865","PRLA","2025-10-09",12.9160416666667,13.18,12.58
"3866","PRLA","2025-10-10",12.98,13.51,12.5
"3867","PRLA","2025-10-11",13.0009756097561,15.61,12.1
"3868","PRLA","2025-10-12",12.316875,12.49,11.97
"3869","PRLA","2025-10-13",12.1847916666667,12.83,10.71
"3870","PRLA","2025-10-14",10.6360416666667,11.03,10.17
"3871","PRLA","2025-10-15",9.70869565217391,10.1,9.46
"3872","PRLA","2025-10-16",9.60564102564103,9.69,9.47
"3873","PRLA","2025-10-17",9.69625,9.89,9.5
"3874","PRLA","2025-10-18",9.76208333333333,10.02,9.47
"3875","PRLA","2025-10-19",9.52625,9.82,9.02
"3876","PRLA","2025-10-20",9.073125,9.28,8.8
"3877","PRLA","2025-10-21",8.57833333333333,9,7.71
"3878","PRLA","2025-10-22",7.35333333333333,7.67,7.07
"3879","PRLA","2025-10-23",7.16145833333333,7.36,6.96
"3880","PRLA","2025-10-24",7.225,7.73,6.83
"3881","PRLA","2025-10-25",7.09458333333333,7.44,6.73
"3882","PRLA","2025-10-26",7.42333333333333,7.93,6.87
"3883","PRLA","2025-10-27",8.685625,9.09,7.96
"3884","PRLA","2025-10-28",9.02354166666667,9.17,8.68
"3885","PRLA","2025-10-29",8.57541666666667,8.65,8.51
"3886","PRPO","2018-05-30",22.3785714285714,22.62,22.27
"3887","PRPO","2018-05-31",22.5553658536585,23.71,21.79
"3888","PRPO","2018-06-01",23.1358620689655,25.36,22.09
"3889","PRPO","2018-06-02",21.2570833333333,22.91,18.98
"3890","PRPO","2018-06-03",16.9175,18.9,15.27
"3891","PRPO","2018-06-04",17.4787234042553,18.26,16.68
"3892","PRPO","2018-06-05",19.4206896551724,20.89,18.81
"3893","PRPO","2018-06-06",20.2860714285714,21.05,19.88
"3894","PRPO","2018-06-07",20.8946666666667,21.7,19.9
"3895","PRPO","2018-06-08",20.26,21.05,19.29
"3896","PRPO","2018-06-09",20.5116666666667,21.47,19.03
"3897","PRPO","2018-06-10",22.85725,24.19,20.69
"3898","PRPO","2018-06-11",23.143125,24.27,22
"3899","PRPO","2018-06-12",21.2727659574468,21.96,20.2
"3900","PRPO","2018-06-13",20.3239583333333,21.04,19.07
"3901","PRPO","2018-06-14",20.0829787234043,20.91,18.89
"3902","PRPO","2018-06-15",21.5693617021277,22.61,19.53
"3903","PRPO","2018-06-16",22.3345833333333,23.1,21.57
"3904","PRPO","2018-06-17",21.1145833333333,21.73,19.84
"3905","PRPO","2018-06-18",19.5427083333333,19.86,18.8
"3906","PRPO","2018-06-19",19.7941304347826,20.36,18.75
"3907","PRPO","2018-06-20",21.0347826086957,22.2,19.66
"3908","PRPO","2018-06-21",21.7225,22.51,20.48
"3909","PRPO","2018-06-22",22.2966666666667,23.25,21.19
"3910","PRPO","2018-06-23",24.3041935483871,26.69,22.74
"3911","PRPO","2018-06-24",24.12875,25.13,23.26
"3912","PRPO","2018-06-25",23.05875,23.58,22.31
"3913","PRPO","2018-06-26",22.31375,23.14,21.84
"3914","PRPO","2018-06-27",23.6951111111111,25.17,21.85
"3915","PRPO","2018-06-28",24.4928205128205,25.51,23.31
"3916","PRPO","2018-06-29",25.4535,27.77,24.23
"3917","PRPO","2018-06-30",24.6141666666667,25.32,24.04
"3918","PRPO","2018-07-01",23.986875,24.65,23.11
"3919","PRPO","2018-07-02",23.446875,24.27,22.08
"3920","PRPO","2018-07-03",23.7069047619048,25.47,21.87
"3921","PRPO","2018-07-04",24.1977777777778,25.41,22.61
"3922","PRPO","2018-07-05",23.9208333333333,24.81,22.81
"3923","PRPO","2018-07-06",23.4433333333333,25.15,22.59
"3924","PRPO","2018-07-07",23.9295833333333,24.76,22.97
"3925","PRPO","2018-07-08",25.431914893617,26.77,23.37
"3926","PRPO","2018-07-09",25.0651063829787,25.52,24.37
"3927","PRPO","2018-07-10",25.4227083333333,26.63,24.27
"3928","PRPO","2018-07-11",25.5120833333333,26.63,24.06
"3929","PRPO","2018-07-12",25.768125,26.54,24.87
"3930","PRPO","2018-07-13",25.1404166666667,25.75,24.31
"3931","PRPO","2018-07-14",24.7420512820513,26.01,24.2
"3932","PRPO","2018-07-15",25.4302083333333,26.2,24.15
"3933","PRPO","2018-07-16",23.9210416666667,24.68,22.42
"3934","PRPO","2018-07-17",23.0335483870968,24.01,22.28
"3935","PRPO","2018-07-18",24.34875,26.16,22.7
"3936","PRPO","2018-07-19",24.271914893617,25.21,23.61
"3937","PRPO","2018-07-20",24.0425581395349,25.48,23.22
"3938","PRPO","2018-07-21",23.24375,23.82,22.59
"3939","PRPO","2018-07-22",23.0683333333333,23.81,22.26
"3940","PRPO","2018-07-23",22.723125,23.25,21.93
"3941","PRPO","2018-07-24",22.2725,23.01,21.43
"3942","PRPO","2018-07-25",22.2151351351351,23.49,21.27
"3943","PRPO","2018-07-26",22.2883333333333,22.95,21.12
"3944","PRPO","2018-07-27",20.8233333333333,21.39,20.1
"3945","PRPO","2018-07-28",20.9163333333333,22.83,19.89
"3946","PRPO","2018-07-29",21.4592857142857,23.58,20.72
"3947","PRPO","2018-07-30",21.7015151515152,23.51,21.02
"3948","PRPO","2018-07-31",22.0430303030303,23.42,20.91
"3949","PRPO","2018-08-01",22.2868888888889,23.26,21.14
"3950","PRPO","2018-08-02",20.9052083333333,21.59,19.97
"3951","PRPO","2018-08-03",20.7782978723404,22.06,19.75
"3952","PRPO","2018-08-04",21.2202083333333,22.15,20.24
"3953","PRPO","2018-08-05",22.1458333333333,23.21,20.81
"3954","PRPO","2018-08-06",22.4258333333333,23.12,21.25
"3955","PRPO","2018-08-07",22.7227272727273,24.37,21.7
"3956","PRPO","2018-08-08",23.6871111111111,24.86,22.18
"3957","PRPO","2018-08-09",23.7086046511628,24.63,22.85
"3958","PRPO","2018-08-10",24.1483783783784,25.53,23.14
"3959","PRPO","2018-08-11",24.8824324324324,25.72,23.88
"3960","PRPO","2018-08-12",25.5327659574468,26.5,24.47
"3961","PRPO","2018-08-13",25.2464583333333,26.11,24.01
"3962","PRPO","2018-08-14",23.9629166666667,24.94,22.43
"3963","PRPO","2018-08-15",22.0860416666667,22.69,20.81
"3964","PRPO","2018-08-16",22.0073684210526,24.04,20.67
"3965","PRPO","2018-08-17",22.7418181818182,24.25,21.39
"3966","PRPO","2018-08-18",23.0029166666667,24.21,22.01
"3967","PRPO","2018-08-19",22.83,23.7,21.84
"3968","PRPO","2018-08-20",21.07625,22.3,19.56
"3969","PRPO","2018-08-21",19.716170212766,20.35,19.11
"3970","PRPO","2018-08-22",19.7572340425532,20.57,18.91
"3971","PRPO","2018-08-23",19.6,20.45,18.43
"3972","PRPO","2018-08-24",20.08,20.63,19.09
"3973","PRPO","2018-08-25",21.0644444444444,22.49,20.02
"3974","PRPO","2018-08-26",21.03125,21.64,20.16
"3975","PRPO","2018-08-27",19.9016666666667,20.52,18.92
"3976","PRPO","2018-08-28",17.431875,18.84,16.31
"3977","PRPO","2018-08-29",16.4025,16.89,15.95
"3978","PRPO","2018-08-30",17.3610869565217,18.49,15.8
"3979","PRPO","2018-08-31",18.7495833333333,19.77,16.92
"3980","PRPO","2018-09-01",19.4520833333333,20.39,18.55
"3981","PRPO","2018-09-02",19.4889583333333,20.51,18.35
"3982","PRPO","2018-09-03",18.8653191489362,19.53,18.23
"3983","PRPO","2018-09-04",19.571914893617,20.4,17.91
"3984","PRPO","2018-09-05",19.3079166666667,19.93,18.1
"3985","PRPO","2018-09-06",18.5135714285714,19.88,17.69
"3986","PRPO","2018-09-07",18.0702083333333,18.67,17.36
"3987","PRPO","2018-09-08",18.071875,19.02,17.05
"3988","PRPO","2018-09-09",17.5,18.21,16.77
"3989","PRPO","2018-09-10",17.5502083333333,18.15,16.65
"3990","PRPO","2018-09-11",18.5943243243243,21.2,17.5
"3991","PRPO","2018-09-12",19.28,20.64,18.18
"3992","PRPO","2018-09-13",17.81375,18.12,17.52
"3993","PRPO","2018-09-14",17.8652083333333,18.4,17.16
"3994","PRPO","2018-09-15",17.0647916666667,17.46,16.43
"3995","PRPO","2018-09-16",17.2539583333333,17.66,16.25
"3996","PRPO","2018-09-17",18.636875,19.95,17.45
"3997","PRPO","2018-09-18",16.8789583333333,17.47,16.04
"3998","PRPO","2018-09-19",16.1822916666667,16.82,15.58
"3999","PRPO","2018-09-20",15.54875,16.23,14.29
"4000","PRPO","2018-09-21",12.6279166666667,14.17,10.97
"4001","PRPO","2018-09-22",11.518125,12.18,10.76
"4002","PRPO","2018-09-23",12.0571739130435,13.45,10.94
"4003","PRPO","2018-09-24",10.6716666666667,11.09,10.28
"4004","PRPO","2018-09-25",10.161875,10.33,9.89
"4005","PRPO","2018-09-26",10.0777083333333,10.6,9.08
"4006","PRPO","2018-09-27",9.785625,10.28,8.9
"4007","PRPO","2018-09-28",9.57979166666667,10.08,8.71
"4008","PRPO","2018-09-29",8.570625,9.09,7.88
"4009","PRPO","2018-09-30",7.815625,8.07,7.38
"4010","PRPO","2018-10-01",7.259375,7.48,6.82
"4011","PRPO","2018-10-02",7.17,7.49,6.61
"4012","PRPO","2018-10-03",8.51104166666667,9.24,7.17
"4013","PRPO","2018-10-04",7.931875,9.01,6.37
"4014","PRPO","2018-10-05",5.74229166666667,6.73,4.66
"4015","PRPO","2018-10-06",4.620625,4.82,4.29
"4016","PRPO","2018-10-07",4.39833333333333,4.61,4.22
"4017","PRPO","2019-05-30",17.25,17.25,17.25
"4018","PRPO","2019-05-31",18.225,18.86,17.41
"4019","PRPO","2019-06-01",18.1445833333333,19.07,17.31
"4020","PRPO","2019-06-02",18.356875,19.46,17.27
"4021","PRPO","2019-06-03",18.14125,19.24,17.27
"4022","PRPO","2019-06-04",19.500625,20.46,17.43
"4023","PRPO","2019-06-05",21.2541666666667,22.53,19.59
"4024","PRPO","2019-06-06",22.7111363636364,25.09,20.59
"4025","PRPO","2019-06-07",23.1574418604651,25.74,21.02
"4026","PRPO","2019-06-08",22.823125,23.64,21.74
"4027","PRPO","2019-06-09",20.493125,22.37,18.31
"4028","PRPO","2019-06-10",18.189375,18.96,16.67
"4029","PRPO","2019-06-11",18.0308333333333,19.05,16.64
"4030","PRPO","2019-06-12",18.25875,19.03,17.5
"4031","PRPO","2019-06-13",19.2457894736842,21.09,17.33
"4032","PRPO","2019-06-14",19.260625,20.06,18.23
"4033","PRPO","2019-06-15",20.7645,22.19,19.31
"4034","PRPO","2019-06-16",20.4955555555556,21.46,19.73
"4035","PRPO","2019-06-17",19.0789583333333,19.65,18.09
"4036","PRPO","2019-06-18",18.3027083333333,18.73,17.88
"4037","PRPO","2019-06-19",19.6158333333333,20.77,17.92
"4038","PRPO","2019-06-20",18.6347916666667,19.28,17.83
"4039","PRPO","2019-06-21",17.9795744680851,18.56,17.48
"4040","PRPO","2019-06-22",17.2835416666667,17.55,16.43
"4041","PRPO","2019-06-23",17.2972916666667,18.05,16.41
"4042","PRPO","2019-06-24",18.6933333333333,19.79,17.01
"4043","PRPO","2019-06-25",19.7019565217391,20.91,18.4
"4044","PRPO","2019-06-26",20.1222916666667,20.89,18.75
"4045","PRPO","2019-06-27",21.9326470588235,24.35,19.9
"4046","PRPO","2019-06-28",22.8287234042553,24.05,21.41
"4047","PRPO","2019-06-29",22.7189583333333,23.74,21.79
"4048","PRPO","2019-06-30",22.9320833333333,23.74,22.05
"4049","PRPO","2019-07-01",23.385,24.05,22.67
"4050","PRPO","2019-07-02",24.3418604651163,27.01,22.52
"4051","PRPO","2019-07-03",24.6052173913043,25.88,23.11
"4052","PRPO","2019-07-04",24.764375,26.33,23.6
"4053","PRPO","2019-07-05",23.863125,24.65,23.29
"4054","PRPO","2019-07-06",23.385,24,22.71
"4055","PRPO","2019-07-07",24.1620512820513,26.28,22.56
"4056","PRPO","2019-07-08",24.5093617021277,25.59,23.33
"4057","PRPO","2019-07-09",24.7335416666667,26.14,23.76
"4058","PRPO","2019-07-10",23.200625,23.81,22.04
"4059","PRPO","2019-07-11",22.6254166666667,23.28,21.72
"4060","PRPO","2019-07-12",23.83,24.64,22.3
"4061","PRPO","2019-07-13",25.195652173913,26.41,23.71
"4062","PRPO","2019-07-14",26.3516666666667,27.53,24.64
"4063","PRPO","2019-07-15",27.2008510638298,28.31,25.83
"4064","PRPO","2019-07-16",27.1566666666667,28.03,26.22
"4065","PRPO","2019-07-17",26.4795348837209,28.7,25.1
"4066","PRPO","2019-07-18",25.7177083333333,26.65,24.81
"4067","PRPO","2019-07-19",25.2447916666667,26.09,24.47
"4068","PRPO","2019-07-20",25.1283333333333,25.86,24.46
"4069","PRPO","2019-07-21",24.7714583333333,25.56,23.86
"4070","PRPO","2019-07-22",23.8325,24.43,22.88
"4071","PRPO","2019-07-23",24.3031578947368,25.93,22.75
"4072","PRPO","2019-07-24",24.5533333333333,25.79,23.46
"4073","PRPO","2019-07-25",24.135625,25.04,23.44
"4074","PRPO","2019-07-26",24.3522916666667,25.28,23.4
"4075","PRPO","2019-07-27",24.06625,24.71,23.32
"4076","PRPO","2019-07-28",24.8110416666667,26.14,23.1
"4077","PRPO","2019-07-29",23.9154166666667,24.74,22.54
"4078","PRPO","2019-07-30",22.6302083333333,23.29,21.86
"4079","PRPO","2019-07-31",22.8335416666667,24.04,21.81
"4080","PRPO","2019-08-01",23.5960869565217,24.91,21.79
"4081","PRPO","2019-08-02",24.473829787234,25.18,23.45
"4082","PRPO","2019-08-03",25.3902083333333,26.43,23.89
"4083","PRPO","2019-08-04",25.28125,26.11,24.51
"4084","PRPO","2019-08-05",25.0295744680851,25.7,24.37
"4085","PRPO","2019-08-06",24.7564583333333,25.39,23.8
"4086","PRPO","2019-08-07",24.5612765957447,26.3,23.54
"4087","PRPO","2019-08-08",23.0608333333333,23.61,21.8
"4088","PRPO","2019-08-09",22.2804166666667,23.06,21.45
"4089","PRPO","2019-08-10",22.054375,22.57,21.54
"4090","PRPO","2019-08-11",22.379375,23.24,21.41
"4091","PRPO","2019-08-12",21.6072916666667,21.87,20.84
"4092","PRPO","2019-08-13",20.3886956521739,20.87,19.63
"4093","PRPO","2019-08-14",19.3795833333333,19.66,18.63
"4094","PRPO","2019-08-15",19.7021276595745,20.97,18.55
"4095","PRPO","2019-08-16",19.2191666666667,19.72,18.46
"4096","PRPO","2019-08-17",20.1779166666667,21.41,18.39
"4097","PRPO","2019-08-18",19.99375,20.55,18.81
"4098","PRPO","2019-08-19",19.3752083333333,20.34,18.55
"4099","PRPO","2019-08-20",20.9915909090909,22.55,18.43
"4100","PRPO","2019-08-21",21.1602083333333,21.99,20.49
"4101","PRPO","2019-08-22",21.2306382978723,22.31,20.31
"4102","PRPO","2019-08-23",21.3089583333333,22.45,20.42
"4103","PRPO","2019-08-24",20.7897916666667,21.63,19.85
"4104","PRPO","2019-08-25",20.7533333333333,21.39,20.14
"4105","PRPO","2019-08-26",20.0327083333333,20.56,19.4
"4106","PRPO","2019-08-27",19.3545833333333,19.94,18.16
"4107","PRPO","2019-08-28",17.010625,17.99,15.9
"4108","PRPO","2019-08-29",17.038125,18.21,15.66
"4109","PRPO","2019-08-30",16.8002173913043,17.37,16.16
"4110","PRPO","2019-08-31",18.0765625,19.8,16.23
"4111","PRPO","2019-09-01",18.1120833333333,18.82,17.69
"4112","PRPO","2019-09-02",18.9566666666667,20.1,17.73
"4113","PRPO","2019-09-03",17.8383333333333,18.25,17.09
"4114","PRPO","2019-09-04",17.1514583333333,17.6,16.64
"4115","PRPO","2019-09-05",17.8625,18.97,16.54
"4116","PRPO","2019-09-06",18.5239583333333,19.12,17.62
"4117","PRPO","2019-09-07",19.0010416666667,19.64,18.07
"4118","PRPO","2019-09-08",17.2822916666667,18.63,15.87
"4119","PRPO","2019-09-09",16.06625,16.52,15.67
"4120","PRPO","2019-09-10",15.4579166666667,15.64,15.19
"4121","PRPO","2019-09-11",16.0193181818182,17.01,15.11
"4122","PRPO","2019-09-12",15.805625,16.16,15.17
"4123","PRPO","2019-09-13",14.2329166666667,15.14,13.24
"4124","PRPO","2019-09-14",13.7422916666667,14.24,13.03
"4125","PRPO","2019-09-15",14.88875,15.9,13.55
"4126","PRPO","2019-09-16",17.1902380952381,18.56,14.89
"4127","PRPO","2019-09-17",18.7885416666667,19.79,17.47
"4128","PRPO","2019-09-18",19.9225531914894,20.61,18.89
"4129","PRPO","2019-09-19",19.3697916666667,19.91,18.84
"4130","PRPO","2019-09-20",19.8452083333333,20.6,18.9
"4131","PRPO","2019-09-21",20.5816666666667,21.84,19.37
"4132","PRPO","2019-09-22",19.880625,20.53,18.52
"4133","PRPO","2019-09-23",18.3245833333333,18.94,17.24
"4134","PRPO","2019-09-24",17.7839583333333,18.51,17.01
"4135","PRPO","2019-09-25",17.1160416666667,17.69,15.96
"4136","PRPO","2019-09-26",15.2752083333333,15.87,14.04
"4137","PRPO","2019-09-27",13.6745833333333,14.04,13.08
"4138","PRPO","2019-09-28",12.87375,13.25,12.26
"4139","PRPO","2019-09-29",12.2877083333333,12.81,11.47
"4140","PRPO","2019-09-30",10.7983333333333,11.41,10.44
"4141","PRPO","2019-10-01",10.420625,10.8,9.7
"4142","PRPO","2019-10-02",9.42,9.7,8.86
"4143","PRPO","2019-10-03",8.106875,8.75,7.32
"4144","PRPO","2019-10-04",7.49583333333333,7.75,7.13
"4145","PRPO","2019-10-05",7.29208333333333,7.53,6.97
"4146","PRPO","2019-10-06",7.33541666666667,7.6,7.02
"4147","PRPO","2019-10-07",7.82291666666667,8.39,6.95
"4148","PRPO","2019-10-08",8.49413043478261,9.16,7.46
"4149","PRPO","2019-10-09",9.59489361702128,10.43,8.37
"4150","PRPO","2019-10-10",8.73916666666667,9.73,7.21
"4151","PRPO","2019-10-11",5.050625,7.08,3
"4152","PRPO","2019-10-12",1.01558823529412,2.84,-0.1
"4153","PRPO","2019-10-13",-0.0739473684210526,-0.01,-0.12
"4154","PRPO","2019-10-15",1.38571428571429,1.53,1.21
"4155","PRPO","2019-10-18",2.84277777777778,3.12,2.15
"4156","PRPO","2019-10-19",3.59979166666667,3.94,2.69
"4157","PRPO","2019-10-20",4.26604166666667,4.72,3.53
"4158","PRPO","2019-10-21",4.42083333333333,4.56,4.16
"4159","PRPO","2019-10-22",4.33344827586207,4.41,4.15
"4160","PRPO","2019-10-23",3.20714285714286,3.59,2.97
"4161","PRPO","2019-10-24",2.9575,3.12,2.81
"4162","PRPO","2020-06-02",19.7589285714286,20.14,19.35
"4163","PRPO","2020-06-03",20.0442553191489,20.88,19.29
"4164","PRPO","2020-06-04",20.3741666666667,20.85,19.78
"4165","PRPO","2020-06-05",20.9010416666667,21.77,19.91
"4166","PRPO","2020-06-06",20.7629166666667,21.41,19.96
"4167","PRPO","2020-06-07",19.051875,20.14,18.05
"4168","PRPO","2020-06-08",20.04,21.75,18.05
"4169","PRPO","2020-06-09",21.2041666666667,21.92,20.14
"4170","PRPO","2020-06-10",19.5397872340426,20.45,18.41
"4171","PRPO","2020-06-11",18.743125,19.24,18.23
"4172","PRPO","2020-06-12",18.9777083333333,19.56,18.16
"4173","PRPO","2020-06-13",19.18125,19.74,18.51
"4174","PRPO","2020-06-14",19.1358333333333,19.7,18.47
"4175","PRPO","2020-06-15",19.1770833333333,19.63,18.37
"4176","PRPO","2020-06-16",20.379375,21.06,19.32
"4177","PRPO","2020-06-17",21.0452173913043,21.6,20.15
"4178","PRPO","2020-06-18",21.5964583333333,22.23,20.94
"4179","PRPO","2020-06-19",20.970625,21.47,19.97
"4180","PRPO","2020-06-20",20.4222916666667,20.94,19.72
"4181","PRPO","2020-06-21",20.786875,21.39,20.05
"4182","PRPO","2020-06-22",20.7008333333333,21.43,20.03
"4183","PRPO","2020-06-23",20.178125,20.53,19.55
"4184","PRPO","2020-06-24",20.6777083333333,21.46,19.53
"4185","PRPO","2020-06-25",23.1502777777778,24.91,20.44
"4186","PRPO","2020-06-26",22.3716666666667,22.85,21.69
"4187","PRPO","2020-06-27",23.055,24.05,21.66
"4188","PRPO","2020-06-28",23.7129166666667,24.47,22.75
"4189","PRPO","2020-06-29",24.1772916666667,25,23.23
"4190","PRPO","2020-06-30",25.0420833333333,25.81,23.83
"4191","PRPO","2020-07-01",24.6079166666667,24.88,23.72
"4192","PRPO","2020-07-02",24.7310416666667,26.1,23.65
"4193","PRPO","2020-07-03",24.6754166666667,25.24,24.12
"4194","PRPO","2020-07-04",26.60725,28.36,24.34
"4195","PRPO","2020-07-05",25.852,27.14,25.09
"4196","PRPO","2020-07-06",25.4970454545455,26.94,24.82
"4197","PRPO","2020-07-07",25.7173333333333,26.57,24.75
"4198","PRPO","2020-07-08",25.6808888888889,26.86,24.38
"4199","PRPO","2020-07-09",25.0158333333333,25.69,24.3
"4200","PRPO","2020-07-10",23.8808333333333,24.37,23.13
"4201","PRPO","2020-07-11",24.1186486486486,25.46,23.05
"4202","PRPO","2020-07-12",23.3108333333333,23.75,22.81
"4203","PRPO","2020-07-13",24.0272916666667,25.07,22.97
"4204","PRPO","2020-07-14",23.28375,23.7,22.6
"4205","PRPO","2020-07-15",22.7295833333333,23.19,21.75
"4206","PRPO","2020-07-16",22.7341666666667,23.55,21.57
"4207","PRPO","2020-07-17",23.0120833333333,23.47,22.35
"4208","PRPO","2020-07-18",23.899375,24.93,22.7
"4209","PRPO","2020-07-19",23.5766666666667,24.09,22.68
"4210","PRPO","2020-07-20",22.9175,23.36,22.44
"4211","PRPO","2020-07-21",22.7373913043478,23.97,21.94
"4212","PRPO","2020-07-22",22.8089583333333,23.68,21.81
"4213","PRPO","2020-07-23",22.6245833333333,23.37,21.81
"4214","PRPO","2020-07-24",23.29375,24.2,21.71
"4215","PRPO","2020-07-25",24.3597826086957,25.78,23.56
"4216","PRPO","2020-07-26",24.7956666666667,27.52,23.89
"4217","PRPO","2020-07-27",24.6158333333333,25.37,23.77
"4218","PRPO","2020-07-28",24.4002083333333,25.19,23.6
"4219","PRPO","2020-07-29",24.8858333333333,26.14,23.6
"4220","PRPO","2020-07-30",26.07625,27.64,24.3
"4221","PRPO","2020-07-31",26.9718181818182,29.2,25.16
"4222","PRPO","2020-08-01",25.41625,26.06,24.44
"4223","PRPO","2020-08-02",24.2804166666667,24.79,23.43
"4224","PRPO","2020-08-03",23.5357446808511,24.11,22.86
"4225","PRPO","2020-08-04",24.1079069767442,26.07,22.78
"4226","PRPO","2020-08-05",23.3020833333333,23.97,22.63
"4227","PRPO","2020-08-06",23.7113513513514,25.31,22.69
"4228","PRPO","2020-08-07",23.9445833333333,25.14,22.91
"4229","PRPO","2020-08-08",24.0966666666667,25.09,23.17
"4230","PRPO","2020-08-09",23.8286666666667,24.68,23.27
"4231","PRPO","2020-08-10",23.49,24.1,22.4
"4232","PRPO","2020-08-11",22.4095833333333,22.87,21.76
"4233","PRPO","2020-08-12",22.733125,23.52,21.7
"4234","PRPO","2020-08-13",23.3616666666667,24.14,22.46
"4235","PRPO","2020-08-14",24.1095555555556,24.98,22.94
"4236","PRPO","2020-08-15",22.5475,23.28,21.63
"4237","PRPO","2020-08-16",21.8441666666667,22.3,21.38
"4238","PRPO","2020-08-17",21.94625,22.35,21.43
"4239","PRPO","2020-08-18",23.1522857142857,25.02,21.52
"4240","PRPO","2020-08-19",23.4860465116279,24.42,22.38
"4241","PRPO","2020-08-20",24.8127027027027,26.44,22.89
"4242","PRPO","2020-08-21",24.4722916666667,25.15,23.57
"4243","PRPO","2020-08-22",24.706875,25.43,24.19
"4244","PRPO","2020-08-23",25.3271739130435,26.35,24.13
"4245","PRPO","2020-08-24",23.9852083333333,24.69,23.14
"4246","PRPO","2020-08-25",23.3158333333333,23.86,22.85
"4247","PRPO","2020-08-26",23.5658333333333,24.21,22.69
"4248","PRPO","2020-08-27",23.9444680851064,24.91,23.23
"4249","PRPO","2020-08-28",22.8004166666667,23.22,22.22
"4250","PRPO","2020-08-29",21.8683333333333,22.27,21.02
"4251","PRPO","2020-08-30",22.15125,23.34,20.9
"4252","PRPO","2020-08-31",20.211875,21.04,18.81
"4253","PRPO","2020-09-01",18.606875,18.97,17.79
"4254","PRPO","2020-09-02",17.7827083333333,18.31,16.94
"4255","PRPO","2020-09-03",17.3585416666667,18.24,16.33
"4256","PRPO","2020-09-04",16.376875,16.79,15.89
"4257","PRPO","2020-09-05",16.5120833333333,17.02,15.67
"4258","PRPO","2020-09-06",17.3360416666667,18.13,16.28
"4259","PRPO","2020-09-07",16.9920833333333,17.43,16.29
"4260","PRPO","2020-09-08",15.2897916666667,16.26,14.04
"4261","PRPO","2020-09-09",13.8035416666667,14.16,13.19
"4262","PRPO","2020-09-10",13.3929787234043,13.94,12.56
"4263","PRPO","2020-09-11",13.3935416666667,14.32,12.26
"4264","PRPO","2020-09-12",13.4085416666667,13.67,12.95
"4265","PRPO","2020-09-13",14.7248837209302,15.72,13.3
"4266","PRPO","2020-09-14",14.5704166666667,15.07,13.96
"4267","PRPO","2020-09-15",14.4570833333333,14.95,13.6
"4268","PRPO","2020-09-16",14.8639583333333,15.31,14.35
"4269","PRPO","2020-09-17",14.658125,15.06,14.18
"4270","PRPO","2020-09-18",14.82225,16.37,14.08
"4271","PRPO","2020-09-19",14.59625,15.14,13.93
"4272","PRPO","2020-09-20",14.8770833333333,15.26,14.2
"4273","PRPO","2020-09-21",15.350625,15.98,14.72
"4274","PRPO","2020-09-22",15.55625,16.03,14.77
"4275","PRPO","2020-09-23",16.4227083333333,17.42,15.41
"4276","PRPO","2020-09-24",16.2410416666667,16.66,15.75
"4277","PRPO","2020-09-25",16.0688888888889,16.82,15.69
"4278","PRPO","2020-10-08",11.2511904761905,11.58,10.83
"4279","PRPO","2020-10-09",11.1645833333333,11.54,10.75
"4280","PRPO","2020-10-10",11.29875,11.75,10.7
"4281","PRPO","2020-10-11",11.1622916666667,11.76,10.72
"4282","PRPO","2020-10-12",10.641875,10.98,9.86
"4283","PRPO","2020-10-13",9.82354166666667,10.13,9.29
"4284","PRPO","2020-10-14",9.25652173913043,9.48,8.91
"4285","PRPO","2020-10-15",8.19229166666667,9.07,6.76
"4286","PRPO","2020-10-16",6.185,6.7,5.22
"4287","PRPO","2020-10-17",5.00354166666667,5.19,4.69
"4288","PRPO","2020-10-18",4.32458333333333,4.88,3.44
"4289","PRPO","2020-10-19",2.75666666666667,3.4,2.21
"4290","PRPO","2020-10-20",2.38,2.61,2.14
"4291","PRPO","2020-10-21",1.84666666666667,2.1,1.35
"4292","PRPO","2020-10-22",1.19791666666667,1.43,0.92
"4293","PRPO","2020-10-23",1.07145833333333,1.33,0.65
"4294","PRPO","2020-10-24",0.488571428571429,0.6,0.43
"4295","PRPO","2021-05-26",15.4455172413793,16.24,14.41
"4296","PRPO","2021-05-27",14.3054166666667,14.93,13.09
"4297","PRPO","2021-05-28",12.351914893617,13.01,11.55
"4298","PRPO","2021-05-29",12.62,13.45,11.54
"4299","PRPO","2021-05-30",12.7897916666667,13.36,12.26
"4300","PRPO","2021-05-31",13.6997916666667,14.48,12.24
"4301","PRPO","2021-06-01",13.54,13.54,13.54
"4302","PRPO","2021-06-02",16.2189473684211,16.68,15.7
"4303","PRPO","2021-06-08",22.1988888888889,22.54,21.82
"4304","PRPO","2021-06-09",21.165,21.79,20.74
"4305","PRPO","2021-06-10",22.464375,23.63,20.74
"4306","PRPO","2021-06-11",23.48625,24.34,22.17
"4307","PRPO","2021-06-12",21.8719565217391,23.08,19.94
"4308","PRPO","2021-06-13",21.1848936170213,22.13,19.75
"4309","PRPO","2021-06-14",21.6245833333333,22.32,20.88
"4310","PRPO","2021-06-15",22.7242857142857,24.2,21.19
"4311","PRPO","2021-06-16",23.2775,24.38,21.85
"4312","PRPO","2021-06-17",22.7525,23.65,21.75
"4313","PRPO","2021-06-18",22.743829787234,23.45,21.91
"4314","PRPO","2021-06-19",22.09,22.75,21.12
"4315","PRPO","2021-06-20",22.1468085106383,23,21.07
"4316","PRPO","2021-06-21",20.7552083333333,21.53,19.53
"4317","PRPO","2021-06-22",19.4022916666667,19.9,18.63
"4318","PRPO","2021-06-23",20.061875,21.27,18.48
"4319","PRPO","2021-06-24",20.8739583333333,21.81,19.26
"4320","PRPO","2021-06-25",21.9422727272727,22.84,20.58
"4321","PRPO","2021-06-26",21.205,21.6,20.61
"4322","PRPO","2021-06-27",21.4822916666667,22.07,20.51
"4323","PRPO","2021-06-28",21.6410638297872,22.23,21.08
"4324","PRPO","2021-06-29",21.50625,22.05,21.02
"4325","PRPO","2021-06-30",21.9710714285714,23.55,20.95
"4326","PRPO","2021-07-01",23.2627777777778,24.06,22.8
"4327","PRPO","2021-07-02",25.5265517241379,27.83,24.08
"4328","PRPO","2021-07-03",25.6378260869565,26.97,24.23
"4329","PRPO","2021-07-04",24.7597916666667,25.52,23.94
"4330","PRPO","2021-07-05",24.8979166666667,25.51,24.23
"4331","PRPO","2021-07-06",24.9337837837838,27.66,24.11
"4332","PRPO","2021-07-07",22.6166666666667,23.95,21.24
"4333","PRPO","2021-07-08",22.1697674418605,23.68,21.06
"4334","PRPO","2021-07-09",22.20125,23.25,21.46
"4335","PRPO","2021-07-10",22.1402173913043,22.86,21.46
"4336","PRPO","2021-07-11",23.0723076923077,24.23,21.67
"4337","PRPO","2021-07-12",23.6378571428571,25.15,22.35
"4338","PRPO","2021-07-13",23.1820833333333,24.08,22.09
"4339","PRPO","2021-07-14",23.4413513513514,24.33,22.34
"4340","PRPO","2021-07-15",23.8941860465116,24.59,23
"4341","PRPO","2021-07-16",23.6795833333333,24.72,22.63
"4342","PRPO","2021-07-17",22.7185416666667,23.14,22
"4343","PRPO","2021-07-18",23.44875,24.78,21.97
"4344","PRPO","2021-07-19",24.5732558139535,25.93,22.95
"4345","PRPO","2021-07-20",25.1226086956522,26.76,24.21
"4346","PRPO","2021-07-21",24.5995833333333,25.56,23.79
"4347","PRPO","2021-07-22",23.7970212765957,24.35,23.27
"4348","PRPO","2021-07-23",25.5828888888889,27.56,23.26
"4349","PRPO","2021-07-24",27.0158333333333,28.83,25.26
"4350","PRPO","2021-07-25",25.379375,26.09,24.13
"4351","PRPO","2021-07-26",25.480625,26.81,24.07
"4352","PRPO","2021-07-27",25.612619047619,26.83,24.67
"4353","PRPO","2021-07-28",25.275,25.98,24.62
"4354","PRPO","2021-07-29",24.7511111111111,25.47,23.77
"4355","PRPO","2021-07-30",24.3948888888889,25.25,23.52
"4356","PRPO","2021-07-31",23.4720833333333,24.02,22.71
"4357","PRPO","2021-08-01",22.8967441860465,23.53,22.17
"4358","PRPO","2021-08-02",23.4063043478261,24.67,22.03
"4359","PRPO","2021-08-03",24.257,27.23,22.13
"4360","PRPO","2021-08-04",24.1685416666667,25.97,22.68
"4361","PRPO","2021-08-05",22.6633333333333,23.23,22.1
"4362","PRPO","2021-08-06",22.3878723404255,22.95,21.76
"4363","PRPO","2021-08-07",22.7858333333333,23.82,21.75
"4364","PRPO","2021-08-08",22.7852083333333,23.85,21.72
"4365","PRPO","2021-08-09",24.3409090909091,26.44,22.24
"4366","PRPO","2021-08-10",23.6391111111111,24.53,22.34
"4367","PRPO","2021-08-11",22.1646808510638,22.86,20.99
"4368","PRPO","2021-08-12",20.8697916666667,21.61,19.71
"4369","PRPO","2021-08-13",19.5695744680851,20.32,18.54
"4370","PRPO","2021-08-14",19.1585416666667,19.95,18.2
"4371","PRPO","2021-08-15",20.6289361702128,22.22,18.17
"4372","PRPO","2021-08-16",22.2559574468085,23.11,20.62
"4373","PRPO","2021-08-17",22.8760416666667,23.55,21.92
"4374","PRPO","2021-08-18",23.3010638297872,24.26,22.49
"4375","PRPO","2021-08-19",23.50375,24.31,22.28
"4376","PRPO","2021-08-20",23.9804444444444,26.79,22.54
"4377","PRPO","2021-08-21",22.0810416666667,23.44,19.52
"4378","PRPO","2021-08-22",19.6545833333333,20.28,19.06
"4379","PRPO","2021-08-23",18.7639583333333,19.38,17.81
"4380","PRPO","2021-08-24",19.1479166666667,20.28,17.7
"4381","PRPO","2021-08-25",19.8784444444444,21.92,18.71
"4382","PRPO","2021-08-26",19.7289583333333,20.8,18.84
"4383","PRPO","2021-08-27",18.115625,18.72,17.63
"4384","PRPO","2021-08-28",18.39125,19.26,17.51
"4385","PRPO","2021-08-29",19.1527083333333,20.07,18.25
"4386","PRPO","2021-08-30",19.2539583333333,20.05,18.04
"4387","PRPO","2021-08-31",19.906875,20.76,19.04
"4388","PRPO","2021-09-01",20.0014583333333,21.02,18.96
"4389","PRPO","2021-09-02",19.3602083333333,19.8,18.96
"4390","PRPO","2021-09-03",18.9747916666667,19.2,18.78
"4391","PRPO","2021-09-04",19.17375,20.07,18.12
"4392","PRPO","2021-09-05",18.8245833333333,19.52,17.83
"4393","PRPO","2021-09-06",19.4220833333333,20.57,18.2
"4394","PRPO","2021-09-07",19.6820833333333,20.83,18.45
"4395","PRPO","2021-09-08",18.5272916666667,19.26,17.44
"4396","PRPO","2021-09-09",17.9560416666667,18.64,17.08
"4397","PRPO","2021-09-10",18.3225531914894,19.68,17.38
"4398","PRPO","2021-09-11",18.9965217391304,20.53,17.53
"4399","PRPO","2021-09-12",17.8877083333333,18.56,17.04
"4400","PRPO","2021-09-13",18.2557777777778,19.62,16.94
"4401","PRPO","2021-09-14",16.6041666666667,17.25,15.74
"4402","PRPO","2021-09-15",16.275,16.82,15.57
"4403","PRPO","2021-09-16",17.07625,17.91,15.65
"4404","PRPO","2021-09-17",16.7997916666667,17.53,15.52
"4405","PRPO","2021-09-18",15.4602083333333,16.16,14.71
"4406","PRPO","2021-09-19",16.0416666666667,16.89,14.55
"4407","PRPO","2021-09-20",17.0510416666667,18.14,16.24
"4408","PRPO","2021-09-21",15.6704166666667,16.19,14.62
"4409","PRPO","2021-09-22",14.955,15.94,14.23
"4410","PRPO","2021-09-23",14.8195833333333,15.63,13.92
"4411","PRPO","2021-09-24",15.0977083333333,15.81,14.09
"4412","PRPO","2021-09-25",14.0558333333333,14.76,12.55
"4413","PRPO","2021-09-26",13.388125,14.14,12.12
"4414","PRPO","2021-09-27",14.5835416666667,15.41,13.21
"4415","PRPO","2021-09-28",15.8435416666667,16.81,14.33
"4416","PRPO","2021-09-29",17.0779166666667,17.77,15.72
"4417","PRPO","2021-09-30",18.0775,19.1,17.27
"4418","PRPO","2021-10-01",17.465625,17.79,17.09
"4419","PRPO","2021-10-02",16.9172916666667,17.3,16.06
"4420","PRPO","2021-10-03",16.745625,17.55,15.79
"4421","PRPO","2021-10-04",16.3991666666667,17.03,15.78
"4422","PRPO","2021-10-05",17.2725,19.05,15.66
"4423","PRPO","2021-10-06",16.7460416666667,17.57,16.17
"4424","PRPO","2021-10-07",16.4766666666667,17.15,15.91
"4425","PRPO","2021-10-08",16.595625,17.29,15.75
"4426","PRPO","2021-10-09",16.6845833333333,17.11,16.12
"4427","PRPO","2021-10-10",15.25,16.04,13.75
"4428","PRPO","2021-10-11",12.1947916666667,13.66,10.96
"4429","PRPO","2021-10-12",11.12875,11.79,10.24
"4430","PRPO","2021-10-13",10.0322916666667,10.42,9.44
"4431","PRPO","2021-10-14",9.35479166666667,9.59,8.64
"4432","PRPO","2021-10-15",7.893125,8.6,7.11
"4433","PRPO","2021-10-16",7.10354166666667,7.63,6.23
"4434","PRPO","2021-10-17",7.21229166666667,8,5.97
"4435","PRPO","2021-10-18",8.33645833333333,9.1,7.16
"4436","PRPO","2021-10-19",9.500625,10.2,8.3
"4437","PRPO","2021-10-20",8.42270833333333,9.42,7.15
"4438","PRPO","2021-10-21",6.03520833333333,7.03,4.91
"4439","PRPO","2021-10-22",5.13541666666667,5.68,4.69
"4440","PRPO","2021-10-23",5.29479166666667,5.64,4.82
"4441","PRPO","2021-10-24",5.2175,5.59,4.76
"4442","PRPO","2021-10-25",4.98625,5.13,4.67
"4443","PRPO","2021-10-26",5.02645833333333,5.61,4.5
"4444","PRPO","2021-10-27",5.18770833333333,5.53,4.77
"4445","PRPO","2021-10-28",5.63583333333333,5.88,5.22
"4446","PRPO","2021-10-29",5.58583333333333,6.26,5.02
"4447","PRPO","2022-05-03",3.65117647058824,3.75,3.52
"4448","PRPO","2022-05-04",5.12357142857143,6.22,3.5
"4449","PRPO","2022-05-05",7.24259259259259,8.32,5.48
"4450","PRPO","2022-05-06",9.55391304347826,10.36,7.36
"4451","PRPO","2022-05-07",11.0597916666667,11.83,9.65
"4452","PRPO","2022-05-08",12.3927083333333,12.98,11.21
"4453","PRPO","2022-05-09",14.6276595744681,16.31,12.54
"4454","PRPO","2022-05-10",13.656875,14.18,12.41
"4455","PRPO","2022-05-11",13.6372916666667,14.4,12.34
"4456","PRPO","2022-05-12",14.3335416666667,14.88,13.66
"4457","PRPO","2022-05-13",14.6089583333333,15.1,13.87
"4458","PRPO","2022-05-14",13.0427083333333,13.99,11.98
"4459","PRPO","2022-05-15",12.583125,13.24,11.69
"4460","PRPO","2022-05-16",13.383125,14.22,12
"4461","PRPO","2022-05-17",15.0362790697674,16.57,13.22
"4462","PRPO","2022-05-18",14.14875,14.66,13.54
"4463","PRPO","2022-05-19",14.611875,15.28,13.51
"4464","PRPO","2022-05-20",13.7060416666667,14.41,12.42
"4465","PRPO","2022-05-21",11.535,12.4,10.53
"4466","PRPO","2022-05-22",10.5664583333333,10.89,9.86
"4467","PRPO","2022-05-23",11.2289583333333,12.35,9.8
"4468","PRPO","2022-05-24",12.0310416666667,12.8,10.97
"4469","PRPO","2022-05-25",13.0266666666667,13.65,11.78
"4470","PRPO","2022-05-26",15.0614583333333,16.48,13.08
"4471","PRPO","2022-05-27",16.4654347826087,18.88,14.77
"4472","PRPO","2022-05-28",17.9864583333333,18.91,16.14
"4473","PRPO","2022-05-29",18.5954166666667,19.93,17.31
"4474","PRPO","2022-05-30",19.7944680851064,20.93,18.31
"4475","PRPO","2022-05-31",17.8147916666667,19.02,15.74
"4476","PRPO","2022-06-01",15.0625,15.64,14.23
"4477","PRPO","2022-06-02",15.0029166666667,15.66,14.04
"4478","PRPO","2022-06-03",15.1352083333333,15.81,14.38
"4479","PRPO","2022-06-04",15.8575,16.61,14.43
"4480","PRPO","2022-06-05",18.0953191489362,19.78,15.65
"4481","PRPO","2022-06-06",18.0439583333333,19.19,16.67
"4482","PRPO","2022-06-07",17.3052083333333,17.91,16.59
"4483","PRPO","2022-06-08",17.8527083333333,19.31,17.04
"4484","PRPO","2022-06-09",19.5737777777778,21.31,17.31
"4485","PRPO","2022-06-10",20.15875,21.38,18.76
"4486","PRPO","2022-06-11",20.3910416666667,21.19,19.36
"4487","PRPO","2022-06-12",21.3683333333333,22.54,19.76
"4488","PRPO","2022-06-13",22.1435416666667,23.5,21.18
"4489","PRPO","2022-06-14",22.6445833333333,23.47,21.4
"4490","PRPO","2022-06-15",22.2770212765957,23.01,21.08
"4491","PRPO","2022-06-16",20.3095652173913,21.47,18.41
"4492","PRPO","2022-06-17",18.9766666666667,19.54,18.21
"4493","PRPO","2022-06-18",20.6041666666667,21.91,18.94
"4494","PRPO","2022-06-19",21.7222916666667,22.68,19.74
"4495","PRPO","2022-06-20",23.78625,24.76,21.93
"4496","PRPO","2022-06-21",23.4575,24.09,21.86
"4497","PRPO","2022-06-22",21.6331818181818,22.13,20.86
"4498","PRPO","2022-06-23",22.491875,23.71,20.77
"4499","PRPO","2022-06-24",25.346170212766,28.44,22.1
"4500","PRPO","2022-06-25",24.4404166666667,26.16,22.43
"4501","PRPO","2022-06-26",20.5308333333333,22.33,18.41
"4502","PRPO","2022-06-27",19.0654166666667,19.64,18.23
"4503","PRPO","2022-06-28",20.4435416666667,21.74,18.77
"4504","PRPO","2022-06-29",21.0604347826087,23.03,19.84
"4505","PRPO","2022-06-30",21.0289130434783,23.56,19.4
"4506","PRPO","2022-07-01",21.33375,21.94,20.66
"4507","PRPO","2022-07-02",21.963125,23.17,20.6
"4508","PRPO","2022-07-03",22.578125,23.36,21.43
"4509","PRPO","2022-07-04",24.3439583333333,25.69,22.25
"4510","PRPO","2022-07-05",25.4225,27.22,23.62
"4511","PRPO","2022-07-06",24.4660416666667,24.91,23.87
"4512","PRPO","2022-07-07",26.8348936170213,29.3,23.83
"4513","PRPO","2022-07-08",24.2175,25.68,22.99
"4514","PRPO","2022-07-09",25.2926666666667,27.58,22.97
"4515","PRPO","2022-07-10",24.743125,25.47,23.76
"4516","PRPO","2022-07-11",25.0841666666667,25.87,24.27
"4517","PRPO","2022-07-12",24.17,24.23,24.13
"4518","PRPO","2022-07-14",25.2469230769231,26.29,23.98
"4519","PRPO","2022-07-15",23.418125,23.92,23.02
"4520","PRPO","2022-07-16",25.8439583333333,27.91,23.02
"4521","PRPO","2022-07-17",26.70125,28.89,24.54
"4522","PRPO","2022-07-18",27.575,29.3,25.56
"4523","PRPO","2022-07-19",27.20375,28.42,26.19
"4524","PRPO","2022-07-20",24.4410416666667,25.96,22.97
"4525","PRPO","2022-07-21",23.6882978723404,24.63,22.87
"4526","PRPO","2022-07-22",23.695,25.31,22.65
"4527","PRPO","2022-07-23",24.63375,26.48,23.01
"4528","PRPO","2022-07-24",23.96625,24.56,22.99
"4529","PRPO","2022-07-25",23.3175,23.99,22.67
"4530","PRPO","2022-07-26",23.3064583333333,23.96,22.54
"4531","PRPO","2022-07-27",23.068125,23.63,22.23
"4532","PRPO","2022-07-28",22.0589583333333,22.65,21.01
"4533","PRPO","2022-07-29",21.2464583333333,21.77,20.68
"4534","PRPO","2022-07-30",22.27375,23.8,20.56
"4535","PRPO","2022-07-31",23.64,25.3,21.62
"4536","PRPO","2022-08-01",22.7102083333333,23.15,22.11
"4537","PRPO","2022-08-02",23.0122916666667,24.17,21.91
"4538","PRPO","2022-08-03",23.3784444444444,24.8,21.79
"4539","PRPO","2022-08-04",22.339375,23.04,21.64
"4540","PRPO","2022-08-05",22.8108333333333,23.67,21.72
"4541","PRPO","2022-08-06",23.685,24.66,22.55
"4542","PRPO","2022-08-07",22.0558333333333,22.77,21.18
"4543","PRPO","2022-08-08",20.7716666666667,21.23,19.53
"4544","PRPO","2022-08-09",21.0627083333333,22.3,19.26
"4545","PRPO","2022-08-10",21.9260416666667,22.93,20.63
"4546","PRPO","2022-08-11",22.5404166666667,23.74,21.41
"4547","PRPO","2022-08-12",21.2345833333333,21.65,20.43
"4548","PRPO","2022-08-13",20.4245833333333,20.53,20.25
"4549","PRPO","2022-08-14",21.5610416666667,22.63,20.22
"4550","PRPO","2022-08-15",22.609375,23.69,21.3
"4551","PRPO","2022-08-16",22.9602127659574,23.82,22.06
"4552","PRPO","2022-08-17",23.3584444444444,25.36,21.93
"4553","PRPO","2022-08-18",24.28625,25.74,22.42
"4554","PRPO","2022-08-19",22.6129166666667,23.24,21.71
"4555","PRPO","2022-08-20",21.870625,22.37,21.44
"4556","PRPO","2022-08-21",22.92375,24.63,21.33
"4557","PRPO","2022-08-22",23.0802083333333,24.41,22.02
"4558","PRPO","2022-08-23",23.2464583333333,24.09,22.34
"4559","PRPO","2022-08-24",23.6927083333333,24.68,22.54
"4560","PRPO","2022-08-25",22.9283333333333,23.42,22.01
"4561","PRPO","2022-08-26",22.4589583333333,23.3,21.71
"4562","PRPO","2022-08-27",21.2375,21.89,20.33
"4563","PRPO","2022-08-28",21.5575,22.56,20.21
"4564","PRPO","2022-08-29",20.9904166666667,21.62,19.5
"4565","PRPO","2022-08-30",19.4297916666667,19.91,18.71
"4566","PRPO","2022-08-31",19.625,20.82,18.47
"4567","PRPO","2022-09-01",21.0791666666667,22.59,19.29
"4568","PRPO","2022-09-02",21.7017021276596,22.67,20.65
"4569","PRPO","2022-09-03",20.8666666666667,21.33,20.13
"4570","PRPO","2022-09-04",20.7222916666667,21.72,19.76
"4571","PRPO","2022-09-05",19.943125,20.67,19.01
"4572","PRPO","2022-09-06",20.08,21.04,18.96
"4573","PRPO","2022-09-07",20.445625,21.05,19.7
"4574","PRPO","2022-09-08",21.0790476190476,21.84,19.76
"4575","PRPO","2022-09-09",20.1805263157895,20.89,19.29
"4576","PRPO","2022-09-10",18.6710416666667,19.22,17.63
"4577","PRPO","2022-09-11",17.705625,18.32,16.92
"4578","PRPO","2022-09-12",17.655625,18.59,16.73
"4579","PRPO","2022-09-13",17.8189583333333,18.51,16.9
"4580","PRPO","2022-09-14",17.0458333333333,17.59,16.1
"4581","PRPO","2022-09-15",16.4964583333333,16.81,15.93
"4582","PRPO","2022-09-16",16.248125,16.57,15.64
"4583","PRPO","2022-09-17",15.5754166666667,15.77,15.32
"4584","PRPO","2022-09-18",15.3139583333333,15.71,14.85
"4585","PRPO","2022-09-19",16.410625,17.33,14.92
"4586","PRPO","2022-09-20",17.6052083333333,18.58,16.27
"4587","PRPO","2022-09-21",17.344375,18.13,15.74
"4588","PRPO","2022-09-22",15.1933333333333,15.66,14.48
"4589","PRPO","2022-09-23",14.4335416666667,15.03,13.89
"4590","PRPO","2022-09-24",14.0822916666667,14.45,13.67
"4591","PRPO","2022-09-25",14.1870833333333,14.86,13.56
"4592","PRPO","2022-09-26",13.603125,14.08,13.1
"4593","PRPO","2022-09-27",13.6054166666667,14.48,13
"4594","PRPO","2022-09-28",13.2985416666667,14.07,12.3
"4595","PRPO","2022-09-29",12.879375,13.47,12.26
"4596","PRPO","2022-09-30",13.46,14.31,12.4
"4597","PRPO","2022-10-01",13.925,14.29,13.28
"4598","PRPO","2022-10-02",13.8460416666667,14.22,13.39
"4599","PRPO","2022-10-03",14.00125,14.59,13.24
"4600","PRPO","2022-10-04",14.9446808510638,16.36,14.03
"4601","PRPO","2022-10-05",15.0977083333333,15.74,14.28
"4602","PRPO","2022-10-06",14.9908333333333,16,13.17
"4603","PRPO","2022-10-07",11.9233333333333,12.89,10.76
"4604","PRPO","2022-10-08",10.4110416666667,11.11,9.17
"4605","PRPO","2022-10-09",9.78604166666667,10.33,8.76
"4606","PRPO","2022-10-10",10.0697916666667,10.63,9.37
"4607","PRPO","2022-10-11",10.6660416666667,11.5,9.62
"4608","PRPO","2022-10-12",10.7610416666667,11.35,9.88
"4609","PRPO","2022-10-13",9.04825,9.83,8.02
"4610","PRPO","2022-10-18",4.13297297297297,4.41,3.63
"4611","PRPO","2022-10-19",4.13895833333333,4.75,3.16
"4612","PRPO","2022-10-20",4.59895833333333,5.34,3.15
"4613","PRPO","2022-10-21",5.7975,6.4,4.73
"4614","PRPO","2022-10-22",6.27,6.48,5.82
"4615","PRPO","2022-10-23",6.59791666666667,6.92,6.27
"4616","PRPO","2022-10-24",7.52458333333333,8.42,6.24
"4617","PRPO","2022-10-25",6.91791666666667,8.26,5.75
"4618","PRPO","2022-10-26",5.689375,6.22,5.22
"4619","PRPO","2022-10-27",5.71833333333333,6.28,5.17
"4620","PRPO","2022-10-28",6.14520833333333,6.65,5.32
"4621","PRPO","2022-10-29",6.19395833333333,6.75,5.43
"4622","PRPO","2022-10-30",6.33145833333333,6.71,5.94
"4623","PRPO","2022-10-31",6.403125,7.16,5.79
"4624","PRPO","2022-11-01",6.22666666666667,6.55,5.65
"4625","PRPO","2022-11-02",6.73125,7.23,5.87
"4626","PRPO","2022-11-03",7.325,7.9,6.67
"4627","PRPO","2022-11-04",6.17958333333333,6.75,5.71
"4628","PRPO","2023-05-10",12.2994736842105,12.43,12.06
"4629","PRPO","2023-05-11",14.6747916666667,15.97,12.02
"4630","PRPO","2023-05-12",16.90125,17.72,15.19
"4631","PRPO","2023-05-13",17.785625,18.57,16.8
"4632","PRPO","2023-05-14",17.3427083333333,17.76,16.63
"4633","PRPO","2023-05-15",18.0572916666667,19.07,16.58
"4634","PRPO","2023-05-16",18.7134042553191,19.72,17.47
"4635","PRPO","2023-05-17",18.3891666666667,19.07,17.58
"4636","PRPO","2023-05-18",18.1425,19,16.97
"4637","PRPO","2023-05-19",15.3364583333333,16.9,13.4
"4638","PRPO","2023-05-20",14.44375,15.33,13.21
"4639","PRPO","2023-05-21",15.6479166666667,16.54,14.14
"4640","PRPO","2023-05-22",17.3815217391304,18.52,15.7
"4641","PRPO","2023-05-23",18.706875,19.61,17.16
"4642","PRPO","2023-05-24",20.3880952380952,22.39,18.8
"4643","PRPO","2023-05-25",20.5427083333333,21.23,19.74
"4644","PRPO","2023-05-26",20.5110416666667,21.38,19.62
"4645","PRPO","2023-05-27",20.723125,21.32,20
"4646","PRPO","2023-05-28",20.5710416666667,21.31,19.85
"4647","PRPO","2023-05-29",20.7033333333333,21.34,19.7
"4648","PRPO","2023-05-30",21.40125,22.38,20.39
"4649","PRPO","2023-05-31",22.011875,22.75,20.86
"4650","PRPO","2023-06-01",22.1070833333333,22.8,21.49
"4651","PRPO","2023-06-02",23.0558333333333,24.35,21.44
"4652","PRPO","2023-06-03",24.0608333333333,25.07,22.62
"4653","PRPO","2023-06-04",24.9491666666667,25.79,23.7
"4654","PRPO","2023-06-05",26.2214583333333,27.81,24.75
"4655","PRPO","2023-06-06",26.3341176470588,27.54,25.21
"4656","PRPO","2023-06-07",28.0144444444444,29.06,26.83
"4657","PRPO","2023-06-08",27.7886046511628,29.52,26.69
"4658","PRPO","2023-06-09",26.8085416666667,28.02,25.63
"4659","PRPO","2023-06-10",26.1866666666667,28.07,24.57
"4660","PRPO","2023-06-11",23.731875,24.48,22.54
"4661","PRPO","2023-06-12",23.174375,24.11,22.44
"4662","PRPO","2023-06-13",22.9157446808511,23.72,22.25
"4663","PRPO","2023-06-14",23.1652173913043,24.14,22.13
"4664","PRPO","2023-06-15",23.9311111111111,25.2,22.61
"4665","PRPO","2023-06-16",23.10875,23.8,22.41
"4666","PRPO","2023-06-17",22.0666666666667,22.49,21.51
"4667","PRPO","2023-06-18",22.4191489361702,23.52,21.47
"4668","PRPO","2023-06-19",22.8420833333333,23.64,21.84
"4669","PRPO","2023-06-20",23.4227083333333,24.49,22.02
"4670","PRPO","2023-06-21",24.25875,25.11,23.29
"4671","PRPO","2023-06-22",23.7858333333333,24.21,23.11
"4672","PRPO","2023-06-23",22.8297916666667,23.16,22.25
"4673","PRPO","2023-06-24",21.41375,22.21,20.37
"4674","PRPO","2023-06-25",18.5914583333333,20.29,17.37
"4675","PRPO","2023-06-26",18.45,19.12,17.31
"4676","PRPO","2023-06-27",20.89575,22.76,18.62
"4677","PRPO","2023-06-28",21.301875,22.2,20.42
"4678","PRPO","2023-06-29",22.53,24.3,20.84
"4679","PRPO","2023-06-30",22.6804255319149,23.44,21.51
"4680","PRPO","2023-07-01",24.2746153846154,26.91,22.22
"4681","PRPO","2023-07-02",26.3467567567568,28.13,24
"4682","PRPO","2023-07-03",25.9108333333333,27.2,24.49
"4683","PRPO","2023-07-04",24.715,25.46,23.75
"4684","PRPO","2023-07-05",23.47,24.28,22
"4685","PRPO","2023-07-06",21.9085416666667,22.35,21.11
"4686","PRPO","2023-07-07",21.540625,22.25,20.76
"4687","PRPO","2023-07-08",21.4585416666667,22.04,20.81
"4688","PRPO","2023-07-09",21.6539583333333,22.47,20.61
"4689","PRPO","2023-07-10",21.9622916666667,22.87,20.48
"4690","PRPO","2023-07-11",22.2264583333333,23,21.42
"4691","PRPO","2023-07-12",20.4391666666667,21.36,19.38
"4692","PRPO","2023-07-13",19.7536956521739,20.41,19.25
"4693","PRPO","2023-07-14",20.573125,21.31,19.33
"4694","PRPO","2023-07-15",20.7860416666667,21.26,20.25
"4695","PRPO","2023-07-16",20.561875,21.04,20.01
"4696","PRPO","2023-07-17",20.259375,20.76,19.69
"4697","PRPO","2023-07-18",20.925,22.4,19.6
"4698","PRPO","2023-07-19",21.2268085106383,21.64,20.64
"4699","PRPO","2023-07-20",21.0458333333333,21.46,20.34
"4700","PRPO","2023-07-21",21.5014583333333,22.51,20.28
"4701","PRPO","2023-07-22",22.2547826086957,23.25,21.08
"4702","PRPO","2023-07-23",22.7789583333333,23.41,21.74
"4703","PRPO","2023-07-24",24.0305555555556,26.36,22.49
"4704","PRPO","2023-07-25",25.6708333333333,26.94,23.92
"4705","PRPO","2023-07-26",24.814375,25.07,24.21
"4706","PRPO","2023-07-27",26.0847222222222,28.84,24.1
"4707","PRPO","2023-07-28",26.1518181818182,27.04,25.23
"4708","PRPO","2023-07-29",24.7514583333333,25.35,23.81
"4709","PRPO","2023-07-30",24.1966666666667,25.26,23.37
"4710","PRPO","2023-07-31",23.8975,24.84,23.14
"4711","PRPO","2023-08-01",23.8720833333333,24.54,23.09
"4712","PRPO","2023-08-02",24.9128571428571,28.11,23.64
"4713","PRPO","2023-08-03",25.6925806451613,28.56,23.66
"4714","PRPO","2023-08-04",26.6531914893617,28.42,25.41
"4715","PRPO","2023-08-05",24.7522916666667,25.38,23.8
"4716","PRPO","2023-08-06",23.3066666666667,23.79,22.54
"4717","PRPO","2023-08-07",23.018125,23.55,22.45
"4718","PRPO","2023-08-08",23.3675,24.5,22.48
"4719","PRPO","2023-08-09",22.8689583333333,23.47,22.27
"4720","PRPO","2023-08-10",22.5979545454545,23.75,21.47
"4721","PRPO","2023-08-11",21.2410416666667,21.67,20.83
"4722","PRPO","2023-08-12",21.0925,21.55,20.56
"4723","PRPO","2023-08-13",21.2152083333333,21.77,20.41
"4724","PRPO","2023-08-14",20.369375,20.93,19.68
"4725","PRPO","2023-08-15",20.8239130434783,21.97,19.59
"4726","PRPO","2023-08-16",21.41875,22.27,20.29
"4727","PRPO","2023-08-17",20.6697916666667,21.35,19.33
"4728","PRPO","2023-08-18",20.1884444444444,21.29,19.15
"4729","PRPO","2023-08-19",20.87625,21.82,19.4
"4730","PRPO","2023-08-20",21.5045833333333,22.08,20.79
"4731","PRPO","2023-08-21",19.9777083333333,20.74,19.04
"4732","PRPO","2023-08-22",18.7852083333333,19.02,18.48
"4733","PRPO","2023-08-23",19.050625,19.61,18.44
"4734","PRPO","2023-08-24",20.124347826087,20.98,18.92
"4735","PRPO","2023-08-25",21.426875,25.43,19.92
"4736","PRPO","2023-08-26",21.246875,21.88,20.54
"4737","PRPO","2023-08-27",21.4993333333333,22.69,20.39
"4738","PRPO","2023-08-28",21.5704166666667,22.3,20.44
"4739","PRPO","2023-08-29",21.8952083333333,22.38,21.24
"4740","PRPO","2023-08-30",22.015625,22.72,21.33
"4741","PRPO","2023-08-31",21.7422916666667,22.7,20.92
"4742","PRPO","2023-09-01",21.524375,22.12,20.8
"4743","PRPO","2023-09-02",21.8060416666667,22.58,20.73
"4744","PRPO","2023-09-03",22.9766666666667,23.93,21.64
"4745","PRPO","2023-09-04",23.5022916666667,24.33,22.48
"4746","PRPO","2023-09-05",23.7954761904762,25.32,22.99
"4747","PRPO","2023-09-06",21.189375,23.13,19.63
"4748","PRPO","2023-09-07",20.1262222222222,21.36,19.29
"4749","PRPO","2023-09-08",19.5404166666667,20.02,18.92
"4750","PRPO","2023-09-09",19.325625,19.8,18.7
"4751","PRPO","2023-09-10",18.7689583333333,19.04,18.21
"4752","PRPO","2023-09-11",19.286,21.03,18.05
"4753","PRPO","2023-09-12",18.104375,18.55,17.26
"4754","PRPO","2023-09-13",17.5429166666667,18.57,16.67
"4755","PRPO","2023-09-14",17.2370833333333,17.94,16.34
"4756","PRPO","2023-09-15",17.6170833333333,18.15,16.98
"4757","PRPO","2023-09-16",17.248125,17.67,16.69
"4758","PRPO","2023-09-17",16.79875,17.3,16.27
"4759","PRPO","2023-09-18",17.0272916666667,17.86,16.2
"4760","PRPO","2023-09-19",17.3495833333333,17.88,16.47
"4761","PRPO","2023-09-20",17.9277272727273,19.57,17.2
"4762","PRPO","2023-09-21",17.6095833333333,18.11,17.02
"4763","PRPO","2023-09-22",17.1097916666667,17.26,16.87
"4764","PRPO","2023-09-23",16.8058333333333,16.93,16.68
"4765","PRPO","2023-09-24",16.8016666666667,17.06,16.62
"4766","PRPO","2023-09-25",17.0939583333333,17.46,16.58
"4767","PRPO","2023-09-26",17.2095833333333,17.66,16.91
"4768","PRPO","2023-09-27",17.1366666666667,17.54,16.73
"4769","PRPO","2023-09-28",16.8983333333333,17.39,16.34
"4770","PRPO","2023-09-29",16.7608333333333,17.15,16.3
"4771","PRPO","2023-09-30",16.9297916666667,17.89,16.33
"4772","PRPO","2023-10-01",17.1445833333333,17.47,16.34
"4773","PRPO","2023-10-02",18.3754166666667,19.04,17.36
"4774","PRPO","2023-10-03",18.3077083333333,18.58,17.97
"4775","PRPO","2023-10-04",18.0402083333333,18.72,16.96
"4776","PRPO","2023-10-05",16.425,16.94,15.17
"4777","PRPO","2023-10-06",13.478125,15.09,11.42
"4778","PRPO","2023-10-07",10.4410416666667,11.33,9.48
"4779","PRPO","2023-10-08",9.78854166666667,10.28,9.25
"4780","PRPO","2023-10-09",10.2004166666667,10.63,9.54
"4781","PRPO","2023-10-10",10.525,11.31,9.94
"4782","PRPO","2023-10-11",10.7045833333333,11.44,10
"4783","PRPO","2023-10-12",10.2891666666667,10.69,9.94
"4784","PRPO","2023-10-13",9.77145833333333,10.22,9.07
"4785","PRPO","2023-10-14",8.82729166666667,9.06,8.53
"4786","PRPO","2023-10-15",8.65104166666667,8.88,8.4
"4787","PRPO","2023-10-16",8.68395833333333,9.14,8.24
"4788","PRPO","2023-10-17",9.05604166666667,9.49,8.28
"4789","PRPO","2023-10-18",9.720625,10.03,9.09
"4790","PRPO","2023-10-19",9.71229166666667,9.87,9.57
"4791","PRPO","2023-10-20",10.1372916666667,10.55,9.5
"4792","PRPO","2023-10-21",10.560625,11.17,9.99
"4793","PRPO","2023-10-22",10.14875,10.45,9.8
"4794","PRPO","2023-10-23",10.1635416666667,10.58,9.82
"4795","PRPO","2023-10-24",9.85625,10.18,9.25
"4796","PRPO","2023-10-25",8.8575,9.2,8.52
"4797","PRPO","2023-10-26",7.721875,8.48,6.56
"4798","PRPO","2023-10-27",5.92041666666667,6.52,5.28
"4799","PRPO","2024-04-25",9.622,10.07,9.11
"4800","PRPO","2024-04-26",10.5845833333333,11.35,8.94
"4801","PRPO","2024-04-27",10.5375,10.96,9.87
"4802","PRPO","2024-04-28",9.53297872340426,9.83,8.97
"4803","PRPO","2024-04-29",8.349375,8.92,7.65
"4804","PRPO","2024-04-30",7.82375,8.03,7.6
"4805","PRPO","2024-05-01",7.68125,7.81,7.41
"4806","PRPO","2024-05-02",8.8145652173913,9.69,7.36
"4807","PRPO","2024-05-03",8.84125,9.12,8.06
"4808","PRPO","2024-05-04",8.62895833333333,9.03,7.89
"4809","PRPO","2024-05-05",9.13541666666667,9.56,8.37
"4810","PRPO","2024-05-06",10.66,11.66,9.11
"4811","PRPO","2024-05-07",11.23375,11.59,10.71
"4812","PRPO","2024-05-08",11.7370833333333,11.98,11.43
"4813","PRPO","2024-05-09",12.7502083333333,13.6,11.37
"4814","PRPO","2024-05-10",13.8351063829787,14.62,12.65
"4815","PRPO","2024-05-11",14.4004166666667,14.91,13.59
"4816","PRPO","2024-05-12",15.338125,16.05,14.1
"4817","PRPO","2024-05-13",15.760625,16.34,15.16
"4818","PRPO","2024-05-14",16.3034042553191,17.39,15.08
"4819","PRPO","2024-05-15",15.655,15.7,15.62
"4820","PRPO","2024-05-17",16.5264516129032,16.97,16.12
"4821","PRPO","2024-05-18",17.7252272727273,19.98,16.1
"4822","PRPO","2024-05-19",16.098125,16.56,15.23
"4823","PRPO","2024-05-20",15.07375,15.44,14.44
"4824","PRPO","2024-05-21",15.205625,15.7,14.4
"4825","PRPO","2024-05-22",15.3135416666667,15.7,14.84
"4826","PRPO","2024-05-23",15.7908333333333,16.52,14.7
"4827","PRPO","2024-05-24",15.323125,15.7,14.78
"4828","PRPO","2024-05-25",12.8248780487805,14.75,11.25
"4829","PRPO","2024-05-26",12.7964583333333,14.08,11.19
"4830","PRPO","2024-05-27",14.2784782608696,15.45,13.1
"4831","PRPO","2024-05-28",14.6020833333333,15.17,13.69
"4832","PRPO","2024-05-29",15.1329166666667,15.83,14.39
"4833","PRPO","2024-05-30",15.8383333333333,16.79,14.49
"4834","PRPO","2024-05-31",16.1785106382979,16.81,15.62
"4835","PRPO","2024-06-01",16.3944680851064,17.04,15.52
"4836","PRPO","2024-06-02",16.9585416666667,17.87,15.73
"4837","PRPO","2024-06-03",16.0094736842105,17.31,14.48
"4838","PRPO","2024-06-04",17.9770454545455,19.67,15.62
"4839","PRPO","2024-06-05",17.08375,17.79,16.31
"4840","PRPO","2024-06-06",16.5741666666667,17.16,15.79
"4841","PRPO","2024-06-07",15.8935416666667,16.33,15.45
"4842","PRPO","2024-06-08",16.224375,16.73,15.44
"4843","PRPO","2024-06-09",16.99125,17.65,15.78
"4844","PRPO","2024-06-10",17.976875,18.51,16.92
"4845","PRPO","2024-06-11",17.81625,18.16,17.36
"4846","PRPO","2024-06-12",18.450625,19.21,17.29
"4847","PRPO","2024-06-13",19.65,20.4,18.47
"4848","PRPO","2024-06-14",19.9354166666667,20.38,19.34
"4849","PRPO","2024-06-15",20.8383333333333,21.88,19.52
"4850","PRPO","2024-06-16",20.976875,21.58,20.02
"4851","PRPO","2024-06-17",20.8241666666667,21.28,20.06
"4852","PRPO","2024-06-18",19.8408333333333,20.65,18.54
"4853","PRPO","2024-06-19",17.805625,18.5,16.9
"4854","PRPO","2024-06-20",19.0112765957447,21.29,16.87
"4855","PRPO","2024-06-21",19.053125,20.09,18.01
"4856","PRPO","2024-06-22",18.9302083333333,19.19,18.58
"4857","PRPO","2024-06-23",19.6037777777778,20.69,18.75
"4858","PRPO","2024-06-24",23.08,25.95,19.67
"4859","PRPO","2024-06-25",22.4376595744681,23.63,20.5
"4860","PRPO","2024-06-26",22.3077083333333,23.16,21.14
"4861","PRPO","2024-06-27",21.4189583333333,22.05,20.77
"4862","PRPO","2024-06-28",20.0564583333333,20.71,19.6
"4863","PRPO","2024-06-29",20.0110416666667,20.61,19.29
"4864","PRPO","2024-06-30",19.3272916666667,19.85,18.86
"4865","PRPO","2024-07-01",19.31875,20.04,18.79
"4866","PRPO","2024-07-02",19.0441666666667,19.31,18.7
"4867","PRPO","2024-07-03",19.416875,19.98,18.61
"4868","PRPO","2024-07-04",20.196875,20.84,19.04
"4869","PRPO","2024-07-05",19.991875,20.98,19.41
"4870","PRPO","2024-07-06",20.7354166666667,21.67,19.37
"4871","PRPO","2024-07-07",20.9547916666667,21.43,20.34
"4872","PRPO","2024-07-08",21.263125,22.25,20.16
"4873","PRPO","2024-07-09",22.6545454545455,24.01,20.61
"4874","PRPO","2024-07-10",23.7636363636364,25.76,21.8
"4875","PRPO","2024-07-11",25.9690697674419,28.8,22.69
"4876","PRPO","2024-07-12",24.385,25.15,20.38
"4877","PRPO","2024-07-13",24.9686956521739,26.77,23.78
"4878","PRPO","2024-07-14",25.1127659574468,27.35,23.98
"4879","PRPO","2024-07-15",26.503829787234,29.16,24.52
"4880","PRPO","2024-07-16",24.64,25.11,24.19
"4881","PRPO","2024-07-17",24.6910416666667,25.46,23.82
"4882","PRPO","2024-07-18",24.971875,26.69,23.7
"4883","PRPO","2024-07-19",24.8327083333333,25.87,23.7
"4884","PRPO","2024-07-20",26.32,28.09,24.34
"4885","PRPO","2024-07-21",26.619375,28,25.4
"4886","PRPO","2024-07-22",26.8491666666667,28.8,25.44
"4887","PRPO","2024-07-23",26.79875,28.05,25.8
"4888","PRPO","2024-07-24",26.1241666666667,26.85,25.33
"4889","PRPO","2024-07-25",25.1833333333333,25.75,24.43
"4890","PRPO","2024-07-26",25.2760869565217,26.02,24.31
"4891","PRPO","2024-07-27",25.06125,25.47,24.52
"4892","PRPO","2024-07-28",25.265625,25.96,24.33
"4893","PRPO","2024-07-29",25.5582608695652,26.11,25.13
"4894","PRPO","2024-07-30",25.7716666666667,27.08,24.64
"4895","PRPO","2024-07-31",25.6539583333333,26.38,24.62
"4896","PRPO","2024-08-01",25.5672916666667,26.18,25.06
"4897","PRPO","2024-08-02",26.2633333333333,27.2,24.98
"4898","PRPO","2024-08-03",26.9372916666667,28.08,25.68
"4899","PRPO","2024-08-04",25.9639583333333,26.57,24.74
"4900","PRPO","2024-08-05",23.8872916666667,24.68,22.77
"4901","PRPO","2024-08-06",21.81125,22.69,21.09
"4902","PRPO","2024-08-07",21.5475,22.04,21
"4903","PRPO","2024-08-08",20.5868181818182,21.1,19.25
"4904","PRPO","2024-08-09",18.56375,19.2,17.86
"4905","PRPO","2024-08-10",18.099375,18.48,17.74
"4906","PRPO","2024-08-11",19.5688888888889,21.65,17.75
"4907","PRPO","2024-08-12",20.6479166666667,22.22,18.84
"4908","PRPO","2024-08-13",21.2895833333333,22.2,20.04
"4909","PRPO","2024-08-14",20.8002083333333,21.4,20.23
"4910","PRPO","2024-08-15",20.189375,20.29,19.96
"4911","PRPO","2024-08-16",20.07625,20.39,19.73
"4912","PRPO","2024-08-17",20.3564583333333,20.84,19.7
"4913","PRPO","2024-08-18",21.7110416666667,23.3,20.18
"4914","PRPO","2024-08-19",22.9908333333333,24.24,21.35
"4915","PRPO","2024-08-20",23.355625,24.25,22.38
"4916","PRPO","2024-08-21",22.391875,22.84,21.53
"4917","PRPO","2024-08-22",21.3354166666667,21.54,20.95
"4918","PRPO","2024-08-23",21.8527083333333,22.56,20.82
"4919","PRPO","2024-08-24",23.016875,23.83,21.71
"4920","PRPO","2024-08-25",23.2366666666667,23.69,22.59
"4921","PRPO","2024-08-26",23.97,24.71,23.16
"4922","PRPO","2024-08-27",22.771875,23.3,21.84
"4923","PRPO","2024-08-28",21.8997916666667,22.67,21.19
"4924","PRPO","2024-08-29",21.2229166666667,21.66,20.76
"4925","PRPO","2024-08-30",20.668125,21.28,19.42
"4926","PRPO","2024-08-31",20.029375,20.69,19.19
"4927","PRPO","2024-09-01",19.8772916666667,20.37,19.39
"4928","PRPO","2024-09-02",20.5954166666667,22.19,19.25
"4929","PRPO","2024-09-03",20.0052083333333,20.52,19.45
"4930","PRPO","2024-09-04",20.3820833333333,20.97,19.55
"4931","PRPO","2024-09-05",20.2877083333333,20.57,19.69
"4932","PRPO","2024-09-06",19.3124324324324,19.67,18.45
"4933","PRPO","2024-09-07",18.8283333333333,19.41,18.25
"4934","PRPO","2024-09-08",18.9229166666667,19.9,18.14
"4935","PRPO","2024-09-09",19.580625,21.34,17.95
"4936","PRPO","2024-09-10",20.0826086956522,20.72,18.98
"4937","PRPO","2024-09-11",20.1433333333333,20.68,19.67
"4938","PRPO","2024-09-12",19.95375,20.35,19.58
"4939","PRPO","2024-09-13",19.66375,20.12,19.27
"4940","PRPO","2024-09-14",18.7608333333333,19.25,18.24
"4941","PRPO","2024-09-15",19.2864583333333,20.11,18.15
"4942","PRPO","2024-09-16",20.6530434782609,21.9,19.08
"4943","PRPO","2024-09-17",20.2889583333333,20.79,19.64
"4944","PRPO","2024-09-18",21.7408333333333,22.83,20.12
"4945","PRPO","2024-09-19",21.2258333333333,21.72,20.61
"4946","PRPO","2024-09-20",19.9152083333333,20.57,18.84
"4947","PRPO","2024-09-21",19.0125,19.5,18.54
"4948","PRPO","2024-09-22",17.83375,18.53,16.89
"4949","PRPO","2024-09-23",17.2658333333333,17.86,16.65
"4950","PRPO","2024-09-24",16.4779166666667,16.73,16.04
"4951","PRPO","2024-09-25",16.4577083333333,16.87,15.91
"4952","PRPO","2024-09-26",16.9308333333333,17.63,16.13
"4953","PRPO","2024-09-27",17.3333333333333,18.06,16.45
"4954","PRPO","2024-09-28",18.1384444444444,20.1,16.93
"4955","PRPO","2024-09-29",17.8185416666667,18.45,17.05
"4956","PRPO","2024-09-30",17.7877083333333,18.31,17.22
"4957","PRPO","2024-10-01",15.9110416666667,17.22,14.36
"4958","PRPO","2024-10-02",13.8358333333333,14.27,13.15
"4959","PRPO","2024-10-03",13.4677083333333,13.86,12.9
"4960","PRPO","2024-10-04",13.0935416666667,13.51,12.45
"4961","PRPO","2024-10-05",12.5352083333333,13,12.12
"4962","PRPO","2024-10-06",11.76,12.34,10.64
"4963","PRPO","2024-10-07",10.8629166666667,11.19,10.45
"4964","PRPO","2024-10-08",12.0069047619048,13.88,10.41
"4965","PRPO","2024-10-09",12.0229166666667,12.88,11.2
"4966","PRPO","2024-10-10",13.1076744186047,15.29,11.72
"4967","PRPO","2024-10-11",12.9789583333333,13.53,12.35
"4968","PRPO","2024-10-12",12.8941666666667,13.24,12.48
"4969","PRPO","2024-10-13",12.7047916666667,13.28,11.84
"4970","PRPO","2024-10-14",11.4825,11.84,10.93
"4971","PRPO","2024-10-15",11.0125,11.54,10.34
"4972","PRPO","2024-10-16",9.77666666666667,10.31,8.81
"4973","PRPO","2024-10-17",8.893125,9.22,8.52
"4974","PRPO","2024-10-18",9.213125,9.64,8.57
"4975","PRPO","2024-10-19",9.02854166666667,9.18,8.85
"4976","PRPO","2024-10-20",9.263125,9.7,8.82
"4977","PRPO","2024-10-21",9.76479166666667,10.34,8.95
"4978","PRPO","2024-10-22",10.8389583333333,11.92,9.81
"4979","PRPO","2024-10-23",9.79604166666667,10.38,8.99
"4980","PRPO","2024-10-24",9.16520833333333,9.54,8.83
"4981","PRPO","2024-10-25",8.989375,9.33,8.37
"4982","PRPO","2024-10-26",8.36625,8.72,8.08
"4983","PRPO","2024-10-27",8.14854166666667,8.44,7.84
"4984","PRPO","2024-10-28",8.41681818181818,8.85,7.75
"4985","PRPO","2024-10-29",8.40229166666667,8.69,8.13
"4986","PRPO","2024-10-30",8.34729166666667,8.54,8.07
"4987","PRPO","2024-10-31",7.79625,8.1,7.15
"4988","PRPO","2024-11-01",6.97791666666667,7.3,6.26
"4989","PRPO","2024-11-02",5.79395833333333,6.25,5.47
"4990","PRPO","2024-11-03",5.555,5.71,5.45
"4991","PRPO","2024-11-04",6.01104166666667,6.18,5.65
"4992","PRPO","2024-11-05",5.895,6.12,5.71
"4993","PRPO","2025-04-22",9.74064516129032,10.55,9.23
"4994","PRPO","2025-04-23",9.749375,10.34,9.16
"4995","PRPO","2025-04-24",9.54270833333333,10,8.86
"4996","PRPO","2025-04-25",9.87770833333333,10.28,9.44
"4997","PRPO","2025-04-26",10.5125,11.32,9.36
"4998","PRPO","2025-04-27",10.2220833333333,10.53,9.83
"4999","PRPO","2025-04-28",10.3291666666667,10.59,9.81
"5000","PRPO","2025-04-29",9.33145833333333,10.52,8.26
"5001","PRPO","2025-04-30",9.270625,10.14,8.23
"5002","PRPO","2025-05-01",9.630625,9.84,9.16
"5003","PRPO","2025-05-02",10.44875,11,9.39
"5004","PRPO","2025-05-03",11.2102083333333,11.81,10.26
"5005","PRPO","2025-05-04",12.5877083333333,13.88,10.98
"5006","PRPO","2025-05-05",13.6647916666667,14.55,12.45
"5007","PRPO","2025-05-06",14.706875,15.74,13.49
"5008","PRPO","2025-05-07",14.3820833333333,14.89,13.74
"5009","PRPO","2025-05-08",15.1597916666667,16.34,13.6
"5010","PRPO","2025-05-09",15.615,16.18,14.72
"5011","PRPO","2025-05-10",16.2989583333333,16.95,15.47
"5012","PRPO","2025-05-11",16.2402083333333,16.86,15.26
"5013","PRPO","2025-05-12",17.315,18.13,16.12
"5014","PRPO","2025-05-13",18.278125,19.57,16.97
"5015","PRPO","2025-05-14",19.2204166666667,19.97,17.96
"5016","PRPO","2025-05-15",19.9710416666667,21.05,18.65
"5017","PRPO","2025-05-16",18.0083333333333,18.57,16.58
"5018","PRPO","2025-05-17",13.8227083333333,16.47,11.42
"5019","PRPO","2025-05-18",10.7995833333333,11.32,10.2
"5020","PRPO","2025-05-19",9.89875,10.18,9.32
"5021","PRPO","2025-05-20",8.795625,9.29,8.27
"5022","PRPO","2025-05-21",7.970625,8.24,7.6
"5023","PRPO","2025-05-22",7.84354166666667,8.01,7.55
"5024","PRPO","2025-05-23",9.38375,10.18,7.82
"5025","PRPO","2025-05-24",11.9973913043478,13.52,9.73
"5026","PRPO","2025-05-25",13.623125,15.27,11.88
"5027","PRPO","2025-05-26",16.1586666666667,18.22,13.29
"5028","PRPO","2025-05-27",17.0708695652174,18.19,15.3
"5029","PRPO","2025-05-28",16.9145833333333,17.78,16.08
"5030","PRPO","2025-05-29",17.165625,17.86,16.13
"5031","PRPO","2025-05-30",18.440625,19.92,16.66
"5032","PRPO","2025-05-31",18.490625,19.39,17.58
"5033","PRPO","2025-06-01",18.4291666666667,19.33,17.47
"5034","PRPO","2025-06-02",19.8873333333333,21.25,18.43
"5035","PRPO","2025-06-03",18.0079166666667,18.91,16.85
"5036","PRPO","2025-06-04",17.3114583333333,17.8,16.7
"5037","PRPO","2025-06-05",17.5120833333333,18.67,16.63
"5038","PRPO","2025-06-06",18.0641666666667,19.02,17.13
"5039","PRPO","2025-06-07",19.225,20.22,17.49
"5040","PRPO","2025-06-08",18.3252083333333,18.84,17.08
"5041","PRPO","2025-06-09",15.51125,17.02,14.2
"5042","PRPO","2025-06-10",14.3541666666667,14.67,14.02
"5043","PRPO","2025-06-11",15.5779166666667,16.16,14.3
"5044","PRPO","2025-06-12",16.6845833333333,17.51,15.73
"5045","PRPO","2025-06-13",16.4229166666667,16.61,16.02
"5046","PRPO","2025-06-14",16.0189583333333,16.23,15.64
"5047","PRPO","2025-06-15",16.5947916666667,17.67,15.51
"5048","PRPO","2025-06-16",17.8997727272727,19.86,16.52
"5049","PRPO","2025-06-17",18.633125,19.59,17.51
"5050","PRPO","2025-06-18",20.2554347826087,21.2,18.63
"5051","PRPO","2025-06-19",21.3708333333333,22.21,20.11
"5052","PRPO","2025-06-20",22.68575,25.07,21.03
"5053","PRPO","2025-06-21",22.4774418604651,23.9,21.35
"5054","PRPO","2025-06-22",22.949375,23.82,21.5
"5055","PRPO","2025-06-23",21.840625,22.76,20.47
"5056","PRPO","2025-06-24",20.0389583333333,20.4,19.49
"5057","PRPO","2025-06-25",20.799375,21.91,19.39
"5058","PRPO","2025-06-26",20.444375,20.86,19.9
"5059","PRPO","2025-06-27",19.4916666666667,19.86,19.07
"5060","PRPO","2025-06-28",20.306875,21.49,19.06
"5061","PRPO","2025-06-29",21.44125,22.14,20.42
"5062","PRPO","2025-06-30",22.0879166666667,22.85,21.13
"5063","PRPO","2025-07-01",21.9283333333333,22.39,21.32
"5064","PRPO","2025-07-02",23.3711111111111,25.93,21.5
"5065","PRPO","2025-07-03",24.9778787878788,26.48,23.3
"5066","PRPO","2025-07-04",25.2670833333333,25.82,24.41
"5067","PRPO","2025-07-05",24.9544680851064,25.87,23.37
"5068","PRPO","2025-07-06",23.9295833333333,24.7,23.19
"5069","PRPO","2025-07-07",24.3684444444444,25.91,23.2
"5070","PRPO","2025-07-08",23.9516666666667,24.69,23.33
"5071","PRPO","2025-07-09",24.69375,26.39,23.21
"5072","PRPO","2025-07-10",24.5566666666667,25.34,23.67
"5073","PRPO","2025-07-11",24.4641666666667,24.97,23.8
"5074","PRPO","2025-07-12",23.5389583333333,24.2,22.45
"5075","PRPO","2025-07-13",22.8652083333333,23.57,22.24
"5076","PRPO","2025-07-14",22.9945833333333,23.52,22.12
"5077","PRPO","2025-07-15",24.0679166666667,25.31,22.83
"5078","PRPO","2025-07-16",22.134375,23.66,20.61
"5079","PRPO","2025-07-17",20.2285416666667,20.55,19.56
"5080","PRPO","2025-07-18",20.915,22.09,19.46
"5081","PRPO","2025-07-19",20.721875,21.19,20.27
"5082","PRPO","2025-07-20",21.2583333333333,22.07,20.24
"5083","PRPO","2025-07-21",21.3146808510638,22.12,20.65
"5084","PRPO","2025-07-22",23.5156756756757,26,20.95
"5085","PRPO","2025-07-23",22.29,22.72,21.72
"5086","PRPO","2025-07-24",22.2545652173913,23.32,21.57
"5087","PRPO","2025-07-25",23.2688636363636,24.31,21.95
"5088","PRPO","2025-07-26",24.0839583333333,24.65,23.17
"5089","PRPO","2025-07-27",25.9834090909091,27.99,23.98
"5090","PRPO","2025-07-28",25.7429268292683,27.4,24.66
"5091","PRPO","2025-07-29",24.8670833333333,25.39,24.09
"5092","PRPO","2025-07-30",25.0537777777778,26.26,24
"5093","PRPO","2025-07-31",23.6072916666667,24.08,22.87
"5094","PRPO","2025-08-01",23.5741666666667,24.64,22.74
"5095","PRPO","2025-08-02",23.299375,24.05,22.41
"5096","PRPO","2025-08-03",22.3629166666667,22.88,21.86
"5097","PRPO","2025-08-04",21.9352083333333,22.21,21.66
"5098","PRPO","2025-08-05",21.8877083333333,22.24,21.59
"5099","PRPO","2025-08-06",21.1166666666667,21.62,20.38
"5100","PRPO","2025-08-07",22.1014893617021,23.21,20.34
"5101","PRPO","2025-08-08",24.02,25.32,22.27
"5102","PRPO","2025-08-09",23.094375,23.7,22.26
"5103","PRPO","2025-08-10",21.671875,22.25,20.69
"5104","PRPO","2025-08-11",20.8789583333333,21.33,20.47
"5105","PRPO","2025-08-12",21.00625,21.52,20.41
"5106","PRPO","2025-08-13",21.1025,21.55,20.47
"5107","PRPO","2025-08-14",21.5810416666667,22.27,20.72
"5108","PRPO","2025-08-15",22.4,23.25,21.41
"5109","PRPO","2025-08-16",22.3269565217391,23.11,21.77
"5110","PRPO","2025-08-17",22.1597916666667,22.69,21.56
"5111","PRPO","2025-08-18",21.9964583333333,22.28,21.6
"5112","PRPO","2025-08-19",23.4385365853659,25.2,21.92
"5113","PRPO","2025-08-20",25.0204545454545,26.76,23.17
"5114","PRPO","2025-08-21",24.589375,25.5,23.79
"5115","PRPO","2025-08-22",23.6383333333333,23.95,22.96
"5116","PRPO","2025-08-23",22.6370833333333,23.54,21.1
"5117","PRPO","2025-08-24",20.5652083333333,20.98,19.63
"5118","PRPO","2025-08-25",19.5625,19.91,18.94
"5119","PRPO","2025-08-26",19.7757446808511,20.97,18.82
"5120","PRPO","2025-08-27",20.0197916666667,21.2,18.88
"5121","PRPO","2025-08-28",20.6274193548387,22.45,19.43
"5122","PRPO","2025-08-29",21.9181818181818,24.24,20.44
"5123","PRPO","2025-08-30",22.6902173913043,23.59,21.73
"5124","PRPO","2025-08-31",23.221875,24.26,22
"5125","PRPO","2025-09-01",22.9920833333333,23.64,22.31
"5126","PRPO","2025-09-02",22.49,23.25,21.48
"5127","PRPO","2025-09-03",21.2195833333333,21.62,20.28
"5128","PRPO","2025-09-04",19.36625,20.2,18.34
"5129","PRPO","2025-09-05",16.9185416666667,18.26,15.37
"5130","PRPO","2025-09-06",14.9279166666667,15.3,14.21
"5131","PRPO","2025-09-07",14.348125,14.66,13.92
"5132","PRPO","2025-09-08",14.78,15.46,13.85
"5133","PRPO","2025-09-09",15.6126666666667,16.5,14.6
"5134","PRPO","2025-09-10",17.5444680851064,18.83,15.74
"5135","PRPO","2025-09-11",18.1808333333333,19.04,17.21
"5136","PRPO","2025-09-12",18.2227083333333,18.81,17.33
"5137","PRPO","2025-09-13",19.7783333333333,21.56,18.37
"5138","PRPO","2025-09-14",19.4008510638298,19.68,19.24
"5139","PRPO","2025-09-15",19.76,20.3,19.28
"5140","PRPO","2025-09-16",19.72,20.11,19.3
"5141","PRPO","2025-09-17",20.3333333333333,21.19,19.34
"5142","PRPO","2025-09-18",19.7902083333333,20.08,19.01
"5143","PRPO","2025-09-19",18.1420833333333,18.97,17.52
"5144","PRPO","2025-09-20",17.5920833333333,17.73,17.45
"5145","PRPO","2025-09-21",17.5089583333333,17.74,17.12
"5146","PRPO","2025-09-22",18.4233333333333,19.74,17.01
"5147","PRPO","2025-09-23",18.40525,20.1,17.52
"5148","PRPO","2025-09-24",18.2485416666667,18.89,17.16
"5149","PRPO","2025-09-25",19.2411363636364,20.64,18.02
"5150","PRPO","2025-09-26",18.5172916666667,18.95,17.81
"5151","PRPO","2025-09-27",17.8916666666667,18.55,17.21
"5152","PRPO","2025-09-28",17.2514583333333,17.75,16.71
"5153","PRPO","2025-09-29",17.4340425531915,18.27,16.51
"5154","PRPO","2025-09-30",18.4614583333333,19.11,17.35
"5155","PRPO","2025-10-01",18.6525,19.04,18.27
"5156","PRPO","2025-10-02",18.7283333333333,19.09,18.23
"5157","PRPO","2025-10-03",19.3782978723404,20.41,18.44
"5158","PRPO","2025-10-04",19.289375,19.73,18.77
"5159","PRPO","2025-10-05",18.3277083333333,18.96,17.36
"5160","PRPO","2025-10-06",15.984375,17.33,14.8
"5161","PRPO","2025-10-07",14.215625,14.74,13.31
"5162","PRPO","2025-10-08",13.4944680851064,14.31,12.93
"5163","PRPO","2025-10-09",13.0114583333333,13.35,12.59
"5164","PRPO","2025-10-10",13.21625,13.85,12.67
"5165","PRPO","2025-10-11",13.4586956521739,14.8,12.71
"5166","PRPO","2025-10-12",12.8275,13.02,12.42
"5167","PRPO","2025-10-13",12.54375,13.47,10.72
"5168","PRPO","2025-10-14",10.6275,11,10.16
"5169","PRPO","2025-10-15",9.725625,10.12,9.41
"5170","PRPO","2025-10-16",9.48,9.57,9.36
"5171","PRPO","2025-10-17",9.58782608695652,9.78,9.31
"5172","PRPO","2025-10-18",9.66470588235294,10.04,9.16
"5173","BARC","2017-08-27",31.50375,31.89,31.25
"5174","BARC","2017-08-28",31.2370833333333,31.55,30.88
"5175","BARC","2017-08-29",30.911875,31.34,30.54
"5176","BARC","2017-08-30",31.2704166666667,32.41,30.51
"5177","BARC","2017-08-31",31.8157446808511,33.14,30.56
"5178","BARC","2017-09-01",31.6116666666667,32.55,30.94
"5179","BARC","2017-09-02",31.4404166666667,32.26,30.8
"5180","BARC","2017-09-03",30.7460416666667,31.12,30.34
"5181","BARC","2017-09-04",31.5852083333333,33.04,30.3
"5182","BARC","2017-09-05",31.0914583333333,31.86,30.45
"5183","BARC","2017-09-06",31.0633333333333,31.76,30.43
"5184","BARC","2017-09-07",30.5102083333333,30.84,30.13
"5185","BARC","2017-09-08",30.3725,31.03,29.86
"5186","BARC","2017-09-09",29.9847916666667,30.4,29.57
"5187","BARC","2017-09-10",29.463125,29.8,28.94
"5188","BARC","2017-09-11",27.9825,28.89,27
"5189","BARC","2017-09-12",26.5340425531915,26.97,26.15
"5190","BARC","2017-09-13",26.815625,27.49,26.16
"5191","BARC","2017-09-14",28.0351063829787,29.23,26.39
"5192","BARC","2017-09-15",29.2948837209302,30.77,27.33
"5193","BARC","2017-09-16",29.4452173913043,30.06,28.49
"5194","BARC","2017-09-17",28.969375,29.45,28.27
"5195","BARC","2017-09-18",28.8370833333333,29.39,28.23
"5196","BARC","2017-09-19",28.650625,29.14,28.04
"5197","BARC","2017-09-20",28.9922916666667,29.98,28.03
"5198","BARC","2017-09-21",29.4347916666667,30.75,28.22
"5199","BARC","2017-09-22",29.1876595744681,29.96,28.52
"5200","BARC","2017-09-23",28.9341666666667,29.38,28.48
"5201","BARC","2017-09-24",28.8320833333333,29.24,28.45
"5202","BARC","2017-09-25",29.0439583333333,29.59,28.45
"5203","BARC","2017-09-26",29.65375,30.67,28.56
"5204","BARC","2017-09-27",29.83,30.67,28.85
"5205","BARC","2017-09-28",30.10375,31.03,29.12
"5206","BARC","2017-09-29",30.18375,31.17,29.28
"5207","BARC","2017-09-30",30.2441666666667,31.09,29.33
"5208","BARC","2017-10-01",29.3172916666667,29.7,28.82
"5209","BARC","2017-10-02",28.419375,28.8,28
"5210","BARC","2017-10-03",28.0554166666667,28.4,27.69
"5211","BARC","2017-10-04",27.7333333333333,28,27.44
"5212","BARC","2017-10-05",27.4866666666667,27.76,27.15
"5213","BARC","2017-10-06",27.1964583333333,27.4,27.02
"5214","BARC","2017-10-07",28.14625,28.98,27.02
"5215","BARC","2017-10-08",28.375625,29.13,27.7
"5216","BARC","2017-10-09",28.4508333333333,28.88,27.94
"5217","BARC","2017-10-10",29.4654166666667,30.96,28.07
"5218","BARC","2017-10-11",29.546875,30.35,28.71
"5219","BARC","2017-10-12",29.5202083333333,30.41,28.8
"5220","BARC","2017-10-13",29.0206382978723,29.55,28.44
"5221","BARC","2017-10-14",28.6233333333333,29.02,28.17
"5222","BARC","2017-10-15",28.530625,29.01,28.14
"5223","BARC","2017-10-16",28.6022916666667,29.15,28.14
"5224","BARC","2017-10-17",29.105,30.29,28.03
"5225","BARC","2017-10-18",27.5714583333333,28,26.89
"5226","BARC","2017-10-19",26.8147916666667,27.14,26.38
"5227","BARC","2017-10-20",26.376875,26.57,26.13
"5228","BARC","2017-10-21",26.440625,26.88,26.09
"5229","BARC","2017-10-22",26.2714583333333,26.53,26.07
"5230","BARC","2017-10-23",26.648125,27.11,26.06
"5231","BARC","2017-10-24",26.4016666666667,26.67,26.14
"5232","BARC","2017-10-25",26.3379166666667,27.05,25.67
"5233","BARC","2017-10-26",25.346875,25.72,24.74
"5234","BARC","2017-10-27",24.5797916666667,25.06,24.06
"5235","BARC","2017-10-28",24.124375,24.52,23.67
"5236","BARC","2017-10-29",24.124375,24.66,23.64
"5237","BARC","2017-10-30",23.2885416666667,23.65,22.65
"5238","BARC","2017-10-31",22.4908333333333,22.88,22.01
"5239","BARC","2017-11-01",22.2652173913043,23.1,21.69
"5240","BARC","2017-11-02",22.2275,22.87,21.65
"5241","BARC","2017-11-03",22.485,23.22,21.73
"5242","BARC","2017-11-04",22.6272916666667,23.26,21.89
"5243","BARC","2017-11-05",22.7295833333333,23.27,22.08
"5244","BARC","2017-11-06",22.744375,23.12,22.32
"5245","BARC","2017-11-07",23.4060416666667,24.62,22.45
"5246","BARC","2017-11-08",23.8076595744681,24.98,22.81
"5247","BARC","2017-11-09",23.9697916666667,24.97,22.98
"5248","BARC","2017-11-10",23.5127083333333,24.01,22.88
"5249","BARC","2017-11-11",22.6735416666667,22.89,22.29
"5250","BARC","2017-11-12",22.3052083333333,22.52,22.04
"5251","BARC","2017-11-13",22.3570833333333,22.63,22.01
"5252","BARC","2017-11-14",22.3925,22.76,22.08
"5253","BARC","2017-11-15",21.9175,22.19,21.38
"5254","BARC","2017-11-16",21.2522916666667,21.5,20.89
"5255","BARC","2017-11-17",20.9077083333333,21.23,20.59
"5256","BARC","2017-11-18",20.8572916666667,21.41,20.42
"5257","BARC","2017-11-19",20.8641666666667,21.29,20.39
"5258","BARC","2017-11-20",20.5289583333333,20.86,20.09
"5259","BARC","2017-11-21",20.1820833333333,20.41,19.93
"5260","BARC","2017-11-22",20.1583333333333,20.41,19.92
"5261","BARC","2017-11-23",20.4179166666667,20.85,19.92
"5262","BARC","2017-11-24",19.9729166666667,20.09,19.77
"5263","BARC","2017-11-25",19.87625,20.27,19.59
"5264","BARC","2017-11-26",19.9208333333333,20.37,19.55
"5265","BARC","2017-11-27",19.8985416666667,20.44,19.5
"5266","BARC","2017-11-28",19.844375,20.43,19.47
"5267","BARC","2017-11-29",19.978,20.38,19.46
"5268","BARC","2017-11-30",20.1983783783784,20.61,19.68
"5269","BARC","2017-12-01",20.27,20.78,19.87
"5270","BARC","2017-12-02",20.7135,21.73,19.9
"5271","BARC","2017-12-03",20.6076923076923,21.21,20.08
"5272","BARC","2017-12-04",20.6393023255814,21.22,20.21
"5273","BARC","2017-12-05",20.4985106382979,20.88,20.18
"5274","BARC","2017-12-06",20.9289361702128,21.43,20.22
"5275","BARC","2017-12-07",20.8517021276596,21.3,20.4
"5276","BARC","2017-12-08",20.100652173913,20.39,19.78
"5277","BARC","2017-12-09",19.3952173913043,19.78,18.94
"5278","BARC","2017-12-10",18.4031914893617,18.93,17.81
"5279","BARC","2017-12-11",17.596170212766,17.96,17.18
"5280","BARC","2017-12-12",17.1470212765957,17.64,16.77
"5281","BARC","2017-12-13",16.8091489361702,17.12,16.48
"5282","BARC","2017-12-14",16.4423404255319,16.75,16.14
"5283","BARC","2017-12-15",16.6414893617021,17.03,16.13
"5284","BARC","2017-12-16",16.5072727272727,16.88,16.31
"5285","BARC","2017-12-21",19.3546341463415,19.48,19.07
"5286","BARC","2017-12-22",20.0683333333333,20.8,19.39
"5287","BARC","2017-12-23",20.2035416666667,20.98,19.5
"5288","BARC","2017-12-24",20.1885416666667,20.55,19.74
"5289","BARC","2017-12-25",20.3108333333333,20.78,19.62
"5290","BARC","2017-12-26",18.9514583333333,19.64,17.99
"5291","BARC","2017-12-27",18.3216666666667,18.8,17.91
"5292","BARC","2018-11-20",22.49,22.56,22.32
"5293","BARC","2018-11-21",21.6173684210526,21.69,21.46
"5294","BARC","2018-11-22",21.463,21.68,21.18
"5295","BARC","2018-11-23",20.7994736842105,20.83,20.76
"5296","BARC","2018-11-24",20.649,20.83,20.39
"5297","BARC","2018-11-25",20.8910526315789,21.19,20.49
"5298","BARC","2018-11-26",21.2988235294118,21.6,20.74
"5299","BARC","2018-11-27",20.8892857142857,20.99,20.77
"5300","BARC","2018-11-28",20.27,20.32,20.14
"5301","BARC","2018-11-29",19.2368421052632,19.31,19.17
"5302","BARC","2018-11-30",18.6305263157895,18.76,18.48
"5303","BARC","2018-12-01",18.4805263157895,18.78,18.1
"5304","BARC","2018-12-02",18.505,18.56,18.43
"5305","BARC","2018-12-03",19.1759090909091,19.74,18.6
"5306","BARC","2018-12-04",20.2946153846154,20.57,19.93
"5307","BARC","2018-12-05",19.9163157894737,20.38,19.49
"5308","BARC","2018-12-06",18.562962962963,18.65,18.45
"5309","BARC","2018-12-07",18.0628571428571,18.52,17.96
"5310","BARC","2018-12-08",17.9319230769231,18.22,17.61
"5311","BARC","2018-12-09",17.97875,18.21,17.5
"5312","BARC","2018-12-10",18.0404651162791,18.33,17.63
"5313","BARC","2018-12-11",17.321875,17.62,16.95
"5314","BARC","2018-12-12",16.9369230769231,17.01,16.88
"5315","BARC","2018-12-13",16.6110714285714,17.05,16.38
"5316","BARC","2018-12-14",16.584375,16.71,16.35
"5317","BARC","2018-12-15",16.7125,16.75,16.59
"5318","BARC","2018-12-16",17.048125,17.18,16.77
"5319","BARC","2018-12-17",17.087380952381,17.42,16.74
"5320","BARC","2018-12-18",16.8666666666667,17.18,16.6
"5321","BARC","2018-12-19",17.2064705882353,17.79,16.56
"5322","BARC","2018-12-20",16.7015555555556,17.05,16.51
"5323","BARC","2018-12-21",16.6618181818182,16.76,16.57
"5324","BARC","2018-12-22",16.500303030303,16.6,16.34
"5325","BARC","2018-12-23",16.1837777777778,16.56,15.89
"5326","BARC","2018-12-24",16.1870833333333,16.96,15.73
"5327","BARC","2018-12-25",16.3683333333333,17.09,15.71
"5328","BARC","2018-12-26",16.3202083333333,16.87,15.79
"5329","BARC","2018-12-27",16.1916666666667,16.47,15.87
"5330","BARC","2018-12-28",16.8429166666667,17.3,16.04
"5331","BARC","2018-12-29",18.2954166666667,18.92,17.26
"5332","BARC","2018-12-30",19.319347826087,19.96,18.66
"5333","BARC","2018-12-31",19.6008333333333,20.22,19
"5334","BARC","2019-01-01",20.2372916666667,21.22,19.23
"5335","BARC","2019-01-02",20.4854166666667,21.24,19.61
"5336","BARC","2019-01-03",20.6163636363636,21.65,19.87
"5337","BARC","2019-01-04",20.5614583333333,21.14,19.95
"5338","BARC","2019-01-05",20.2258333333333,20.84,19.19
"5339","BARC","2019-01-06",18.735625,19.3,17.97
"5340","BARC","2019-01-07",18.2114583333333,19,17.64
"5341","BARC","2019-01-08",18.2304166666667,18.98,17.58
"5342","BARC","2019-01-09",18.1529166666667,18.66,17.66
"5343","BARC","2019-01-10",17.740625,18.06,17.3
"5344","BARC","2019-01-11",17.171875,17.53,16.79
"5345","BARC","2019-01-12",16.8066666666667,17.09,16.56
"5346","BARC","2019-01-13",16.9752083333333,17.45,16.54
"5347","BARC","2019-01-14",17.3104166666667,17.77,16.79
"5348","BARC","2019-01-15",16.9897916666667,17.43,16.71
"5349","BARC","2019-01-16",16.5639583333333,16.7,16.26
"5350","BARC","2019-01-17",16.2760416666667,16.79,15.88
"5351","BARC","2019-01-18",16.3739583333333,17.17,15.85
"5352","BARC","2019-01-19",17.055,18.03,15.87
"5353","BARC","2019-01-20",16.854375,17.3,16.26
"5354","BARC","2019-01-21",16.2547916666667,16.83,15.77
"5355","BARC","2019-01-22",15.7085416666667,16.07,15.36
"5356","BARC","2019-01-23",15.8316666666667,16.13,15.34
"5357","BARC","2019-01-24",16.4695833333333,16.83,15.75
"5358","BARC","2019-01-25",16.9929166666667,17.49,16.25
"5359","BARC","2019-01-26",16.153125,16.53,15.76
"5360","BARC","2019-01-27",15.7620833333333,16.06,15.53
"5361","BARC","2019-01-28",15.165,15.52,14.75
"5362","BARC","2019-01-29",15.0495833333333,15.62,14.67
"5363","BARC","2019-01-30",14.91875,15.31,14.57
"5364","BARC","2019-01-31",14.4083333333333,14.6,14.08
"5365","BARC","2019-02-01",14.1670454545455,14.46,13.99
"5366","BARC","2019-02-02",14.6558333333333,15.05,13.97
"5367","BARC","2019-02-03",15.6559574468085,16.18,14.76
"5368","BARC","2019-02-04",16.0275,16.27,15.83
"5369","BARC","2019-02-05",16.505,17.38,15.87
"5370","BARC","2019-02-06",17.6173913043478,19.09,15.77
"5371","BARC","2019-02-07",18.35,19.74,16.68
"5372","BARC","2019-02-08",18.8202083333333,19.89,17.51
"5373","BARC","2019-02-09",19.38375,20.88,18.13
"5374","BARC","2019-02-10",17.5535416666667,18.15,17.05
"5375","BARC","2019-02-11",17.5639583333333,17.83,17.02
"5376","BARC","2019-02-12",19.2525,20.15,17.76
"5377","BARC","2019-02-13",19.5864583333333,20.29,19.02
"5378","BARC","2019-02-14",18.3260416666667,19.22,17.31
"5379","BARC","2019-02-15",17.9079166666667,18.54,17.17
"5380","BARC","2019-02-16",17.9779166666667,18.37,17.37
"5381","BARC","2019-02-17",18.3714583333333,18.76,17.61
"5382","BARC","2019-02-18",19.8741666666667,20.5,18.64
"5383","BARC","2019-02-19",20.8183333333333,21.86,19.93
"5384","BARC","2019-02-20",20.08875,20.49,19.71
"5385","BARC","2019-02-21",20.7627659574468,21.26,19.69
"5386","BARC","2019-02-22",22.0470212765957,22.75,20.72
"5387","BARC","2019-02-23",22.8751063829787,24.14,21.62
"5388","BARC","2019-02-24",23.4020833333333,24.57,22.33
"5389","BARC","2019-02-25",22.8302083333333,23.87,20.99
"5390","BARC","2019-02-26",20.76,21.34,20.19
"5391","BARC","2019-02-27",20.030625,20.17,19.81
"5392","BARC","2019-02-28",21.0353571428571,21.87,19.8
"5393","BARC","2019-03-01",21.5473076923077,22.17,20.19
"5394","BARC","2019-03-02",21.3977777777778,21.83,20.84
"5395","BARC","2019-03-03",21.1544680851064,21.72,20.88
"5396","BARC","2019-03-04",21.4227083333333,21.87,20.89
"5397","BARC","2019-03-05",21.0720833333333,21.47,20.28
"5398","BARC","2019-03-06",19.6664583333333,20.24,18.72
"5399","BARC","2019-03-07",18.7966666666667,19.5,18.24
"5400","BARC","2019-03-08",19.1221276595745,20.37,18.2
"5401","BARC","2019-03-09",19.4172916666667,20.38,18.32
"5402","BARC","2019-03-10",20.0877083333333,20.71,18.87
"5403","BARC","2019-03-11",21.5625,22.57,20.01
"5404","BARC","2019-03-12",22.5572916666667,23.37,21.14
"5405","BARC","2019-03-13",21.9689583333333,22.66,21.08
"5406","BARC","2019-03-14",21.54,22.09,21
"5407","BARC","2019-03-15",21.995,22.91,21.06
"5408","BARC","2019-03-16",23.1390909090909,23.56,22.49
"5409","BARC","2019-03-17",22.0710416666667,22.6,21.19
"5410","BARC","2019-03-18",20.7075,21.15,20.05
"5411","BARC","2019-03-19",20.2108333333333,20.62,19.82
"5412","BARC","2019-03-20",19.5625,19.86,19.14
"5413","BARC","2019-03-21",19.565625,20.07,19.11
"5414","BARC","2019-03-22",19.5654166666667,20.02,19.15
"5415","BARC","2019-03-23",19.7658333333333,20.35,19.14
"5416","BARC","2019-03-24",20.2931914893617,21.8,19.25
"5417","BARC","2019-03-25",20.7583333333333,21.76,19.56
"5418","BARC","2019-03-26",21.1727083333333,21.66,20.35
"5419","BARC","2019-03-27",21.5104166666667,22.44,20.63
"5420","BARC","2019-03-28",20.62,21.05,20.09
"5421","BARC","2019-03-29",20.570652173913,20.95,20.08
"5422","BARC","2019-03-30",20.91875,21.4,20.29
"5423","BARC","2019-03-31",21.8493617021277,23.14,20.48
"5424","BARC","2019-04-01",22.0479166666667,22.62,21.18
"5425","BARC","2019-04-02",21.191,21.37,21.05
"5426","BARC","2019-04-03",20.9261363636364,21.39,20.5
"5427","BARC","2019-04-04",20.9872916666667,21.53,20.47
"5428","BARC","2019-04-05",21.63125,22.32,20.61
"5429","BARC","2019-04-06",22.0947916666667,22.57,21.4
"5430","BARC","2019-04-07",23.1841666666667,24.04,21.86
"5431","BARC","2019-04-08",24.2502083333333,25.24,22.72
"5432","BARC","2019-04-09",24.5822857142857,25.29,23.77
"5433","BARC","2019-04-10",24.6772916666667,25.2,24.07
"5434","BARC","2019-04-11",24.8660416666667,25.97,24.03
"5435","BARC","2019-04-12",24.7672916666667,25.38,24.08
"5436","BARC","2019-04-13",25.7775,26.63,24.33
"5437","BARC","2019-04-14",26.2783333333333,27.17,25.44
"5438","BARC","2019-04-15",25.7052083333333,26.43,24.77
"5439","BARC","2019-04-16",24.95375,25.6,24.19
"5440","BARC","2019-04-17",24.7385416666667,25.44,24.13
"5441","BARC","2019-04-18",24.9108333333333,25.5,24.21
"5442","BARC","2019-04-19",25.2927083333333,26.11,24.45
"5443","BARC","2019-04-20",24.4797826086957,25.08,23.81
"5444","BARC","2019-04-21",23.73375,24.05,23.26
"5445","BARC","2019-04-22",23.9302083333333,24.65,23.22
"5446","BARC","2019-04-23",24.4710416666667,25.97,23.27
"5447","BARC","2019-04-24",24.7689361702128,26.13,23.52
"5448","BARC","2019-04-25",25.2925,26.62,23.91
"5449","BARC","2019-04-26",25.506,26.28,24.47
"5450","BARC","2019-04-27",25.0164583333333,25.55,24.45
"5451","BARC","2019-04-28",25.39625,26.46,24.41
"5452","BARC","2019-04-29",26.1333333333333,27.64,24.71
"5453","BARC","2019-04-30",26.0677083333333,26.72,25.23
"5454","BARC","2019-05-01",26.295,26.88,25.64
"5455","BARC","2019-05-02",26.581875,27.13,25.94
"5456","BARC","2019-05-03",26.749375,27.13,26.21
"5457","BARC","2019-05-04",26.9947916666667,27.47,26.57
"5458","BARC","2019-05-05",27.5029166666667,28.29,26.64
"5459","BARC","2019-05-06",26.83125,27.26,26.47
"5460","BARC","2019-05-07",27.8364583333333,28.93,26.47
"5461","BARC","2019-05-08",27.9691666666667,29.02,27.1
"5462","BARC","2019-05-09",27.771875,28.27,27.33
"5463","BARC","2019-05-10",27.8753125,28.63,27.35
"5464","BARC","2019-05-11",28.4491666666667,29.57,27.45
"5465","BARC","2019-05-12",28.6983333333333,29.49,27.77
"5466","BARC","2019-05-13",28.6970833333333,29.11,28.22
"5467","BARC","2019-05-14",28.3929166666667,28.78,27.96
"5468","BARC","2019-05-15",28.5033333333333,29.21,27.93
"5469","BARC","2019-05-16",28.5316666666667,29.35,27.95
"5470","BARC","2019-05-17",28.74875,30.07,27.95
"5471","BARC","2019-05-18",28.9297916666667,30,28.03
"5472","BARC","2019-05-19",28.8589583333333,29.69,28.23
"5473","BARC","2019-05-20",29.2739583333333,30.54,28.22
"5474","BARC","2019-05-21",29.7391489361702,31.44,28.63
"5475","BARC","2019-05-22",30.0993617021277,31.47,28.93
"5476","BARC","2019-05-23",29.9133333333333,30.73,29.22
"5477","BARC","2019-05-24",29.6471111111111,30.08,29.21
"5478","BARC","2019-05-25",29.9239583333333,30.71,29.19
"5479","BARC","2019-05-26",30.1141666666667,30.88,29.35
"5480","BARC","2019-05-27",30.71375,31.89,29.54
"5481","BARC","2019-05-28",30.80375,31.87,29.92
"5482","BARC","2019-05-29",30.6577083333333,31.87,30.09
"5483","BARC","2019-05-30",30.83375,31.71,30.07
"5484","BARC","2019-05-31",31.2185416666667,32.12,30.25
"5485","BARC","2019-06-01",30.876875,31.2,30.53
"5486","BARC","2019-06-02",31.1935416666667,32.12,30.51
"5487","BARC","2019-06-03",31.1989583333333,31.7,30.64
"5488","BARC","2019-06-04",31.5652083333333,32.29,30.86
"5489","BARC","2019-06-05",31.656875,32.58,31.08
"5490","BARC","2019-06-06",31.8125,32.53,31.07
"5491","BARC","2019-06-07",31.4344444444444,31.69,31.07
"5492","BARC","2019-06-08",31.1670833333333,31.28,31.06
"5493","BARC","2019-06-09",30.7845454545455,30.99,30.3
"5494","BARC","2019-06-10",30.2452631578947,30.33,29.62
"5495","BARC","2019-06-11",30.0278260869565,30.3,29.61
"5496","BARC","2019-06-12",30.19125,30.74,29.54
"5497","BARC","2019-06-13",29.7961904761905,29.9,29.65
"5498","BARC","2019-06-14",29.336,29.42,29.26
"5499","BARC","2019-06-15",29.3840740740741,29.81,28.97
"5500","BARC","2019-06-16",29.4472,29.9,29
"5501","BARC","2019-06-17",30.101,30.95,29.08
"5502","BARC","2019-06-18",29.8456,30.3,29.39
"5503","BARC","2019-06-19",29.9716666666667,30.49,29.34
"5504","BARC","2019-06-20",29.56375,29.82,29.07
"5505","BARC","2019-06-21",29.6111538461538,30.05,29.09
"5506","BARC","2019-06-22",30.3011538461538,31,29.38
"5507","BARC","2019-06-23",30.8128,31.51,30
"5508","BARC","2019-06-24",31.3923076923077,32.28,30.28
"5509","BARC","2019-06-25",31.6330769230769,32.25,30.74
"5510","BARC","2019-06-26",31.9782608695652,32.56,31.04
"5511","BARC","2019-06-27",31.9761538461538,32.62,31.22
"5512","BARC","2019-06-28",31.7588,32.27,31.13
"5513","BARC","2019-06-29",31.6379166666667,32.26,31.06
"5514","BARC","2019-06-30",31.5316,32.48,30.87
"5515","BARC","2019-07-01",31.9792307692308,32.83,30.88
"5516","BARC","2019-07-02",31.9511538461538,32.72,31.07
"5517","BARC","2019-07-03",32.3028571428571,33.41,31.23
"5518","BARC","2019-07-04",32.453,33.2,31.51
"5519","BARC","2019-07-05",32.4463157894737,33.54,31.65
"5520","BARC","2019-07-06",31.8333333333333,32.26,31.64
"5521","BARC","2019-07-07",31.4794736842105,31.73,31.16
"5522","BARC","2019-07-08",31.215652173913,31.81,30.74
"5523","BARC","2019-07-09",32.0058333333333,33.08,30.74
"5524","BARC","2019-07-10",31.7315,32.66,30.96
"5525","BARC","2019-07-11",31.4856,31.92,30.97
"5526","BARC","2019-07-12",31.6091666666667,32.31,31.03
"5527","BARC","2019-07-13",31.73125,32.53,31.03
"5528","BARC","2019-07-14",31.9153846153846,32.71,31.01
"5529","BARC","2019-07-15",32.8211764705882,33.97,31.41
"5530","BARC","2019-07-16",32.394375,33.42,31.78
"5531","BARC","2019-07-17",32.6102380952381,33.66,31.8
"5532","BARC","2019-07-18",32.3033333333333,33.23,31.48
"5533","BARC","2019-07-19",32.428125,33.41,31.47
"5534","BARC","2019-07-20",32.32125,32.94,31.45
"5535","BARC","2019-07-21",32.5271428571429,33.83,31.45
"5536","BARC","2019-07-22",32.1554166666667,32.83,31.33
"5537","BARC","2019-07-23",31.9722916666667,32.93,31.32
"5538","BARC","2019-07-24",31.8348387096774,32.22,31.29
"5539","BARC","2019-07-25",31.2516,31.42,30.7
"5540","BARC","2019-07-26",30.87375,31.26,30.42
"5541","BARC","2019-07-27",30.4628,30.55,30.13
"5542","BARC","2019-07-28",30.6973076923077,31.23,30.14
"5543","BARC","2019-07-29",30.4130303030303,30.64,30.02
"5544","BARC","2019-07-30",30.5261538461538,30.97,30.01
"5545","BARC","2019-07-31",31.2179166666667,32.02,30.11
"5546","BARC","2019-08-01",31.3765,32.55,30.44
"5547","BARC","2019-08-02",30.9491666666667,31.51,30.47
"5548","BARC","2019-08-03",30.6382608695652,30.99,30.33
"5549","BARC","2019-08-04",31.5523076923077,32.91,30.29
"5550","BARC","2019-08-05",31.4519230769231,32.07,30.65
"5551","BARC","2019-08-06",31.4348,31.98,30.82
"5552","BARC","2019-08-07",31.6158333333333,32.26,30.84
"5553","BARC","2019-08-08",31.12,31.37,30.96
"5554","BARC","2019-08-09",31.3697916666667,32,30.69
"5555","BARC","2019-08-10",31.8178787878788,32.48,30.92
"5556","BARC","2019-08-11",32.2678571428571,33.02,31.21
"5557","BARC","2019-08-12",32.3052173913043,33.01,31.53
"5558","BARC","2019-08-13",32.7421739130435,33.64,31.54
"5559","BARC","2019-08-14",32.7358333333333,33.75,31.68
"5560","BARC","2019-08-15",32.576,32.97,31.8
"5561","BARC","2019-08-16",31.8339130434783,32,31.73
"5562","BARC","2019-08-17",31.1826315789474,31.27,31.05
"5563","BARC","2019-08-18",30.3311764705882,30.4,30.24
"5564","BARC","2019-08-19",29.9381818181818,30.03,29.58
"5565","BARC","2019-08-20",30.3213043478261,30.96,29.56
"5566","BARC","2019-08-21",30.3304761904762,31.09,29.67
"5567","BARC","2019-08-22",30.8308333333333,31.87,29.75
"5568","BARC","2019-08-23",31.6863636363636,33.55,30.12
"5569","BARC","2019-08-24",31.304,31.9,30.48
"5570","BARC","2019-08-25",31.2976,31.91,30.59
"5571","BARC","2019-08-26",31.0618181818182,31.35,30.7
"5572","BARC","2019-08-27",31.3633333333333,32.08,30.51
"5573","BARC","2019-08-28",31.3735,32.54,30.54
"5574","BARC","2019-08-29",31.4061904761905,32,30.53
"5575","BARC","2019-08-30",31.41125,31.82,30.84
"5576","BARC","2019-08-31",30.8379166666667,31.08,30.76
"5577","BARC","2019-09-01",30.9847826086957,31.31,30.47
"5578","BARC","2019-09-02",30.5404166666667,30.66,30.36
"5579","BARC","2019-09-03",30.5875,30.92,30.14
"5580","BARC","2019-09-04",30.32125,30.56,30.04
"5581","BARC","2019-09-05",29.6717391304348,29.75,29.57
"5582","BARC","2019-09-06",29.7613636363636,30.2,29.21
"5583","BARC","2019-09-07",30.2683333333333,31.18,29.41
"5584","BARC","2019-09-08",30.8918181818182,31.89,29.61
"5585","BARC","2019-09-09",31.3236363636364,32.46,29.91
"5586","BARC","2019-09-10",31.6335,33.22,30.25
"5587","BARC","2019-09-11",31.0513043478261,31.5,30.41
"5588","BARC","2019-09-12",30.725652173913,31.05,30.35
"5589","BARC","2019-09-13",30.5818181818182,30.78,30.22
"5590","BARC","2019-09-14",30.2895238095238,30.4,30.1
"5591","BARC","2019-09-15",30.0708695652174,30.3,29.84
"5592","BARC","2019-09-16",30.0877272727273,30.37,29.71
"5593","BARC","2019-09-17",30.325652173913,30.87,29.72
"5594","BARC","2019-09-18",30.3986956521739,30.88,29.75
"5595","BARC","2019-09-19",30.232380952381,30.57,29.73
"5596","BARC","2019-09-20",29.6733333333333,29.77,29.55
"5597","BARC","2019-09-21",29.3552173913043,29.5,29.14
"5598","BARC","2019-09-22",29.0004545454545,29.13,28.84
"5599","BARC","2019-09-23",28.9004545454545,29.2,28.56
"5600","BARC","2019-09-24",28.7891304347826,29.14,28.43
"5601","BARC","2019-09-25",29.1342857142857,29.77,28.27
"5602","BARC","2019-09-26",29.3331818181818,30.28,28.38
"5603","BARC","2019-09-27",29.4322727272727,30.02,28.7
"5604","BARC","2019-09-28",29.74,30.42,28.94
"5605","BARC","2019-09-29",29.1717391304348,29.4,28.84
"5606","BARC","2019-09-30",28.9945454545455,29.35,28.56
"5607","BARC","2019-10-01",29.0336363636364,29.33,28.57
"5608","BARC","2019-10-02",28.8836363636364,29.15,28.59
"5609","BARC","2019-10-03",28.9,29.19,28.55
"5610","BARC","2019-10-04",28.9673913043478,29.37,28.47
"5611","BARC","2019-10-05",29.2582608695652,29.98,28.37
"5612","BARC","2019-10-06",28.6665625,28.9,28.36
"5613","BARC","2019-10-07",28.2813636363636,28.38,28.22
"5614","BARC","2019-10-08",28.2523076923077,28.42,27.99
"5615","BARC","2019-10-09",27.7826470588235,28.07,27.58
"5616","BARC","2019-10-10",27.596170212766,27.87,27.28
"5617","BARC","2019-10-11",27.3695833333333,27.74,27.04
"5618","BARC","2019-10-12",27.2579166666667,27.69,26.9
"5619","BARC","2019-10-13",27.2670833333333,28.02,26.81
"5620","BARC","2019-10-14",27.5202083333333,28.61,26.79
"5621","BARC","2019-10-15",27.525625,28.55,26.9
"5622","BARC","2019-10-16",27.4270833333333,28.03,27
"5623","BARC","2019-10-17",27.22,27.51,26.9
"5624","BARC","2019-10-18",26.8170833333333,27.16,26.41
"5625","BARC","2019-10-19",26.1258333333333,26.37,25.82
"5626","BARC","2019-10-20",25.84625,25.99,25.69
"5627","BARC","2019-10-21",26.2479166666667,26.82,25.67
"5628","BARC","2019-10-22",25.9639583333333,26.16,25.8
"5629","BARC","2019-10-23",25.9242857142857,26.12,25.83
"5630","BARC","2019-10-27",25.75,25.8,25.72
"5631","BARC","2019-10-28",26.0175,26.27,25.71
"5632","BARC","2019-10-29",27.0891489361702,28.2,25.8
"5633","BARC","2019-10-30",27.3460416666667,28.39,26.65
"5634","BARC","2019-10-31",27.445,28.23,26.63
"5635","BARC","2019-11-01",27.17875,27.71,26.28
"5636","BARC","2019-11-02",25.951875,26.23,25.48
"5637","BARC","2019-11-03",25.2489473684211,25.44,24.95
"5638","BARC","2019-11-04",24.4682978723404,24.84,24.1
"5639","BARC","2019-11-05",24.218085106383,24.47,24.01
"5640","BARC","2019-11-06",24.4220833333333,25.42,24.02
"5641","BARC","2019-11-07",24.321875,24.67,24.01
"5642","BARC","2019-11-08",24.11,24.12,24.1
"5643","BARC","2019-11-10",23.0664285714286,23.26,22.86
"5644","BARC","2019-11-11",22.928125,23.44,22.51
"5645","BARC","2019-11-12",22.963829787234,23.81,22.43
"5646","BARC","2019-11-13",22.578125,23.09,21.89
"5647","BARC","2019-11-14",21.471875,21.83,21
"5648","BARC","2019-11-15",20.9079166666667,21.05,20.67
"5649","BARC","2019-11-16",20.43625,20.65,20.12
"5650","BARC","2019-11-17",19.85375,20.1,19.57
"5651","BARC","2019-11-18",18.8336363636364,19.06,18.56
"5652","BARC","2019-11-19",18.9110416666667,19.39,18.5
"5653","BARC","2019-11-20",18.5872916666667,18.89,18.31
"5654","BARC","2019-11-21",18.294,18.31,18.28
"5655","BARC","2019-11-27",18.5816216216216,19.39,18.02
"5656","BARC","2019-11-28",18.9360416666667,19.52,18
"5657","BARC","2019-11-29",18.916875,19.46,18.37
"5658","BARC","2019-11-30",18.740625,19.28,18.32
"5659","BARC","2019-12-01",19.133125,19.75,18.39
"5660","BARC","2019-12-02",19.2295833333333,19.53,18.69
"5661","BARC","2019-12-03",18.609375,18.87,18.08
"5662","BARC","2019-12-04",17.8511764705882,18.16,17.49
"5663","BARC","2019-12-05",17.4404761904762,17.74,17.11
"5664","BARC","2019-12-06",17.23125,17.71,16.84
"5665","BARC","2019-12-07",17.2264583333333,17.89,16.77
"5666","BARC","2019-12-08",17.0722916666667,17.39,16.75
"5667","BARC","2019-12-09",17.3458333333333,17.52,16.78
"5668","BARC","2019-12-10",18.0977083333333,18.67,17.37
"5669","BARC","2019-12-11",18.7666666666667,19.3,17.71
"5670","BARC","2019-12-12",18.2977083333333,18.97,17.65
"5671","BARC","2019-12-13",17.7839583333333,17.86,17.61
"5672","BARC","2019-12-14",18.2666666666667,18.59,17.85
"5673","BARC","2019-12-15",18.3182978723404,18.66,17.92
"5674","BARC","2019-12-16",18.2441666666667,18.9,17.85
"5675","BARC","2019-12-17",18.5953191489362,19.25,17.84
"5676","BARC","2019-12-18",19.2532608695652,19.66,18.55
"5677","BARC","2019-12-19",18.2638461538462,18.49,18.14
"5678","BARC","2020-01-01",18.8194117647059,19.36,18.21
"5679","BARC","2020-01-02",18.2514583333333,18.69,17.96
"5680","BARC","2020-01-03",18.4509523809524,18.73,17.93
"5681","BARC","2020-01-04",19.5828888888889,20.4,18.48
"5682","BARC","2020-01-05",19.3425,19.87,18.33
"5683","BARC","2020-01-06",18.0652173913043,18.38,17.67
"5684","BARC","2020-01-07",17.7533333333333,18.28,17.33
"5685","BARC","2020-01-08",17.5445833333333,17.89,17.12
"5686","BARC","2020-01-09",17.0789583333333,17.39,16.73
"5687","BARC","2020-01-10",17.0779166666667,17.35,16.67
"5688","BARC","2020-01-11",17.4420689655172,17.89,16.87
"5689","BARC","2020-01-12",18.5869565217391,19.06,17.75
"5690","BARC","2020-01-13",19.7710416666667,20.43,18.67
"5691","BARC","2020-01-14",20.7931914893617,21.46,19.95
"5692","BARC","2020-01-15",20.8954166666667,21.68,20.05
"5693","BARC","2020-01-16",21.2335416666667,22,20.29
"5694","BARC","2020-01-17",21.1775862068966,21.58,20.55
"5695","BARC","2020-01-18",19.5689130434783,20.1,19.02
"5696","BARC","2020-01-19",19.4575,19.82,18.95
"5697","BARC","2020-01-20",19.4669565217391,19.74,19.19
"5698","BARC","2020-01-21",18.1134782608696,18.49,17.58
"5699","BARC","2020-01-22",17.0164583333333,17.54,16.15
"5700","BARC","2020-01-23",16.0295454545455,16.08,15.95
"5701","BARC","2020-01-24",15.78,15.91,15.57
"5702","BARC","2020-01-25",16.216875,16.6,15.62
"5703","BARC","2020-01-26",16.14125,16.56,15.81
"5704","BARC","2020-01-27",16.0622916666667,16.44,15.79
"5705","BARC","2020-01-28",16.01375,16.29,15.76
"5706","BARC","2020-01-29",15.9835416666667,16.37,15.64
"5707","BARC","2020-01-30",15.5809523809524,15.75,15.42
"5708","BARC","2020-01-31",15.4785416666667,15.59,15.37
"5709","BARC","2020-02-01",15.7029166666667,16.27,15.35
"5710","BARC","2020-02-02",15.5176923076923,15.71,15.36
"5711","BARC","2020-02-03",15.4439130434783,15.83,15.14
"5712","BARC","2020-02-04",16.0906382978723,16.92,15.12
"5713","BARC","2020-02-05",16.0112765957447,16.64,15.36
"5714","BARC","2020-02-06",16.8191666666667,17.47,15.73
"5715","BARC","2020-02-07",17.5460416666667,17.93,16.98
"5716","BARC","2020-02-08",16.9729166666667,17.36,16.43
"5717","BARC","2020-02-09",16.869375,17.82,16.35
"5718","BARC","2020-02-10",16.8939583333333,17.34,16.28
"5719","BARC","2020-02-11",17.6827083333333,18.62,16.6
"5720","BARC","2020-02-12",19.0752083333333,19.93,17.7
"5721","BARC","2020-02-13",19.328,19.4,19.29
"5722","BARC","2020-02-18",19.1059523809524,19.52,18.71
"5723","BARC","2020-02-19",20.2958333333333,21.32,18.88
"5724","BARC","2020-02-20",21.2441666666667,22.21,20.27
"5725","BARC","2020-02-21",20.3160869565217,21.5,18.9
"5726","BARC","2020-02-22",18.0102083333333,18.81,17.2
"5727","BARC","2020-02-23",17.27625,17.63,16.93
"5728","BARC","2020-02-24",17.7895454545455,19.11,16.91
"5729","BARC","2020-02-25",17.9552083333333,18.39,17.28
"5730","BARC","2020-02-26",18.0269565217391,18.3,17.79
"5731","BARC","2020-02-27",18.06875,18.42,17.36
"5732","BARC","2020-02-28",17.505625,17.98,17.11
"5733","BARC","2020-02-29",17.3158333333333,17.85,16.83
"5734","BARC","2020-03-01",17.0508333333333,17.43,16.71
"5735","BARC","2020-03-02",17.3997916666667,18.38,16.68
"5736","BARC","2020-03-03",17.5777083333333,18.13,16.93
"5737","BARC","2020-03-04",18.3972916666667,18.96,17.47
"5738","BARC","2020-03-05",19.7891666666667,20.23,18.59
"5739","BARC","2020-03-06",20.675,20.98,20
"5740","BARC","2020-03-07",20.004375,20.66,18.78
"5741","BARC","2020-03-08",18.6970833333333,19.19,18.11
"5742","BARC","2020-03-09",18.255,18.55,18.01
"5743","BARC","2020-03-10",18.4541025641026,18.69,17.99
"5744","BARC","2020-03-11",19.4156818181818,20.48,18.3
"5745","BARC","2020-03-12",20.1702083333333,21.22,19.01
"5746","BARC","2020-03-13",20.9479069767442,22.41,19.53
"5747","BARC","2020-03-14",21.4334042553192,22.74,20.01
"5748","BARC","2020-03-15",22.2617777777778,23.66,20.65
"5749","BARC","2020-03-16",22.925,24.15,21.43
"5750","BARC","2020-03-17",22.7629166666667,23.36,21.91
"5751","BARC","2020-03-18",23.4285416666667,24.2,22.37
"5752","BARC","2020-03-19",23.6985416666667,24.44,23.01
"5753","BARC","2020-03-20",24.0833333333333,24.88,23.16
"5754","BARC","2020-03-21",24.6406382978723,25.54,23.62
"5755","BARC","2020-03-22",24.9589583333333,25.72,23.93
"5756","BARC","2020-03-23",25.3091489361702,26.38,24.2
"5757","BARC","2020-03-24",25.481875,26.23,24.61
"5758","BARC","2020-03-25",25.079375,25.6,24.59
"5759","BARC","2020-03-26",24.9927083333333,25.5,24.56
"5760","BARC","2020-03-27",25.436875,26.4,24.64
"5761","BARC","2020-03-28",25.9739583333333,26.84,24.91
"5762","BARC","2020-03-29",26.274375,27.13,25.26
"5763","BARC","2020-03-30",26.7335416666667,27.69,25.7
"5764","BARC","2020-03-31",27.0304166666667,27.9,26.09
"5765","BARC","2020-04-01",26.133829787234,26.64,25.16
"5766","BARC","2020-04-02",25.138125,25.67,24.48
"5767","BARC","2020-04-03",24.9816666666667,25.84,24.22
"5768","BARC","2020-04-04",25.0704166666667,26.14,24.19
"5769","BARC","2020-04-05",25.0151063829787,25.97,24.25
"5770","BARC","2020-04-06",24.3166666666667,24.54,23.93
"5771","BARC","2020-04-07",24.3395833333333,24.87,23.89
"5772","BARC","2020-04-08",25.484,26.78,23.89
"5773","BARC","2020-04-09",25.0758333333333,25.55,24.54
"5774","BARC","2020-04-10",25.6527083333333,26.26,24.84
"5775","BARC","2020-04-11",25.1104166666667,25.5,24.47
"5776","BARC","2020-04-12",25.0295833333333,26.04,24.39
"5777","BARC","2020-04-13",25.2683333333333,25.73,24.57
"5778","BARC","2020-04-14",25.5197916666667,25.76,25.01
"5779","BARC","2020-04-15",25.5239583333333,25.95,25.33
"5780","BARC","2020-04-16",24.9335416666667,25.5,24.31
"5781","BARC","2020-04-17",24.288125,24.69,23.87
"5782","BARC","2020-04-18",24.4575,25,23.86
"5783","BARC","2020-04-19",24.4535416666667,24.83,24.18
"5784","BARC","2020-04-20",25.3620833333333,26.1,24.26
"5785","BARC","2020-04-21",25.6420833333333,26.24,24.89
"5786","BARC","2020-04-22",25.9610416666667,26.8,25.18
"5787","BARC","2020-04-23",25.755,26.53,25.26
"5788","BARC","2020-04-24",25.7435416666667,26.18,25.24
"5789","BARC","2020-04-25",25.2625,25.4,25.04
"5790","BARC","2020-04-26",26.0279166666667,26.62,25.05
"5791","BARC","2020-04-27",26.118125,26.94,25.25
"5792","BARC","2020-04-28",25.6010416666667,26.3,25.09
"5793","BARC","2020-04-29",25.758125,26.74,25.1
"5794","BARC","2020-04-30",25.6158333333333,26.01,25.14
"5795","BARC","2020-05-01",25.6504166666667,26.1,25.25
"5796","BARC","2020-05-02",25.5741666666667,26.1,25.15
"5797","BARC","2020-05-03",26.3059574468085,28.18,25.15
"5798","BARC","2020-05-04",26.5870833333333,27.7,25.38
"5799","BARC","2020-05-05",26.6525,27.48,25.77
"5800","BARC","2020-05-06",26.6295833333333,27.21,26.14
"5801","BARC","2020-05-07",26.6983333333333,27.38,25.97
"5802","BARC","2020-05-08",25.98125,26.42,25.49
"5803","BARC","2020-05-09",25.723125,26.17,25.42
"5804","BARC","2020-05-10",25.7072916666667,26.2,25.3
"5805","BARC","2020-05-11",25.2177083333333,25.44,24.95
"5806","BARC","2020-05-12",25.68125,26.37,24.94
"5807","BARC","2020-05-13",25.48125,26.07,25.04
"5808","BARC","2020-05-14",25.6041666666667,26.06,25.11
"5809","BARC","2020-05-15",25.6022916666667,25.95,25.22
"5810","BARC","2020-05-16",25.8820833333333,26.39,25.37
"5811","BARC","2020-05-17",26.19375,26.75,25.57
"5812","BARC","2020-05-18",27.0925,28.18,25.94
"5813","BARC","2020-05-19",26.620625,26.92,26.29
"5814","BARC","2020-05-20",26.9202083333333,27.5,26.29
"5815","BARC","2020-05-21",27.1754166666667,27.88,26.55
"5816","BARC","2020-05-22",27.8135416666667,28.7,26.86
"5817","BARC","2020-05-23",28.3222916666667,29.53,27.21
"5818","BARC","2020-05-24",28.7372916666667,29.73,27.73
"5819","BARC","2020-05-25",28.4777083333333,28.84,28.16
"5820","BARC","2020-05-26",27.9385416666667,28.17,27.61
"5821","BARC","2020-05-27",27.7964583333333,28,27.57
"5822","BARC","2020-05-28",28.395,29.22,27.58
"5823","BARC","2020-05-29",28.145625,28.86,27.71
"5824","BARC","2020-05-30",28.2939583333333,29.26,27.73
"5825","BARC","2020-05-31",29.0341666666667,30.08,27.86
"5826","BARC","2020-06-01",29.8220833333333,31.15,28.3
"5827","BARC","2020-06-02",29.0789583333333,29.53,28.56
"5828","BARC","2020-06-03",28.84625,29.24,28.51
"5829","BARC","2020-06-04",28.7654166666667,29.25,28.33
"5830","BARC","2020-06-05",28.4414583333333,29.04,28.1
"5831","BARC","2020-06-06",28.3747916666667,28.75,28.03
"5832","BARC","2020-06-07",27.9839583333333,28.26,27.7
"5833","BARC","2020-06-08",27.6841666666667,27.93,27.49
"5834","BARC","2020-06-09",28.4208333333333,29.09,27.49
"5835","BARC","2020-06-10",28.8389583333333,29.69,28.22
"5836","BARC","2020-06-11",29.0064444444444,30.59,28.24
"5837","BARC","2020-06-12",29.463023255814,30.88,28.53
"5838","BARC","2020-06-13",29.65875,30.75,28.76
"5839","BARC","2020-06-14",29.2691666666667,29.84,28.84
"5840","BARC","2020-06-15",29.3716666666667,29.89,28.85
"5841","BARC","2020-06-16",29.294,29.71,28.81
"5842","BARC","2020-06-17",29.3010416666667,30.07,28.77
"5843","BARC","2020-06-18",29.5670833333333,30.8,28.82
"5844","BARC","2020-06-19",30.1173913043478,31.55,28.91
"5845","BARC","2020-06-20",30.1639583333333,31.46,29.33
"5846","BARC","2020-06-21",30.5972916666667,32.02,29.39
"5847","BARC","2020-06-22",30.7929166666667,31.84,29.75
"5848","BARC","2020-06-23",30.8195833333333,31.65,30.03
"5849","BARC","2020-06-24",30.4579166666667,30.78,30.15
"5850","BARC","2020-06-25",30.9375,31.9,30.14
"5851","BARC","2020-06-26",31.4916666666667,32.74,30.38
"5852","BARC","2020-06-27",31.6208333333333,32.61,30.77
"5853","BARC","2020-06-28",31.241914893617,32.21,30.79
"5854","BARC","2020-06-29",31.549375,32.37,30.79
"5855","BARC","2020-06-30",31.87375,32.63,31
"5856","BARC","2020-07-01",31.855625,32.43,31.35
"5857","BARC","2020-07-02",31.4289583333333,31.76,31.06
"5858","BARC","2020-07-03",31.3466666666667,31.76,30.98
"5859","BARC","2020-07-04",31.363125,32.29,30.85
"5860","BARC","2020-07-05",31.1854166666667,32.29,30.67
"5861","BARC","2020-07-06",30.72875,31.11,30.38
"5862","BARC","2020-07-07",30.421875,30.81,30.07
"5863","BARC","2020-07-08",30.270625,30.63,29.94
"5864","BARC","2020-07-09",30.3247916666667,30.68,29.96
"5865","BARC","2020-07-10",30.909375,31.6,30.05
"5866","BARC","2020-07-11",31.2954166666667,32.41,30.48
"5867","BARC","2020-07-12",31.646875,32.75,30.72
"5868","BARC","2020-07-13",31.8275,32.67,31
"5869","BARC","2020-07-14",31.678125,32.2,31.18
"5870","BARC","2020-07-15",31.895625,32.46,31.36
"5871","BARC","2020-07-16",32.0404166666667,33.2,31.46
"5872","BARC","2020-07-17",32.011875,32.75,31.43
"5873","BARC","2020-07-18",31.8479166666667,32.63,31.44
"5874","BARC","2020-07-19",31.7891666666667,32.25,31.43
"5875","BARC","2020-07-20",31.9689583333333,32.64,31.44
"5876","BARC","2020-07-21",32.0641666666667,32.66,31.5
"5877","BARC","2020-07-22",31.9802083333333,32.5,31.6
"5878","BARC","2020-07-23",31.7125,32,31.41
"5879","BARC","2020-07-24",31.3916666666667,31.74,31.12
"5880","BARC","2020-07-25",31.4479166666667,31.93,31.09
"5881","BARC","2020-07-26",31.48375,31.94,31.1
"5882","BARC","2020-07-27",31.6804166666667,32.72,31.2
"5883","BARC","2020-07-28",31.709375,32.36,31.26
"5884","BARC","2020-07-29",31.421875,31.69,31.13
"5885","BARC","2020-07-30",31.110625,31.61,30.78
"5886","BARC","2020-07-31",31.3091666666667,32.01,30.77
"5887","BARC","2020-08-01",31.86375,32.84,30.89
"5888","BARC","2020-08-02",32.2433333333333,33.58,31.28
"5889","BARC","2020-08-03",31.7185416666667,32.14,31.37
"5890","BARC","2020-08-04",31.8679166666667,32.54,31.33
"5891","BARC","2020-08-05",32.2572916666667,33.29,31.52
"5892","BARC","2020-08-06",32.3497916666667,33.54,31.69
"5893","BARC","2020-08-07",32.2216666666667,33.37,31.69
"5894","BARC","2020-08-08",31.7797916666667,32.98,31.25
"5895","BARC","2020-08-09",31.9795833333333,33.12,31.23
"5896","BARC","2020-08-10",32.2541666666667,33.92,31.35
"5897","BARC","2020-08-11",32.2242553191489,33.52,31.48
"5898","BARC","2020-08-12",31.4947916666667,32.03,31.14
"5899","BARC","2020-08-13",31.7729166666667,32.69,31.12
"5900","BARC","2020-08-14",31.80875,32.51,31.21
"5901","BARC","2020-08-15",31.9375,32.72,31.31
"5902","BARC","2020-08-16",31.6029166666667,32.09,31.32
"5903","BARC","2020-08-17",32.0520833333333,32.84,31.3
"5904","BARC","2020-08-18",31.74,32.49,31.37
"5905","BARC","2020-08-19",31.3575,32.09,30.79
"5906","BARC","2020-08-20",31.1008333333333,31.62,30.73
"5907","BARC","2020-08-21",30.8895833333333,31.75,30.42
"5908","BARC","2020-08-22",30.3185416666667,30.61,30.01
"5909","BARC","2020-08-23",30.1433333333333,30.77,29.83
"5910","BARC","2020-08-24",30.4914583333333,31.26,29.84
"5911","BARC","2020-08-25",30.5933333333333,31.17,30.05
"5912","BARC","2020-08-26",30.9347916666667,31.53,30.32
"5913","BARC","2020-08-27",31.169375,31.79,30.59
"5914","BARC","2020-08-28",31.1454166666667,31.76,30.8
"5915","BARC","2020-08-29",31.3941666666667,32.2,30.85
"5916","BARC","2020-08-30",30.999375,31.42,30.65
"5917","BARC","2020-08-31",30.833125,31.26,30.54
"5918","BARC","2020-09-01",30.6014583333333,30.82,30.36
"5919","BARC","2020-09-02",30.8320833333333,31.45,30.35
"5920","BARC","2020-09-03",31.8004166666667,33.01,30.54
"5921","BARC","2020-09-04",32.063125,33.49,31
"5922","BARC","2020-09-05",31.8795833333333,32.96,31.35
"5923","BARC","2020-09-06",32.071875,33.03,31.41
"5924","BARC","2020-09-07",31.6247916666667,32.35,31.15
"5925","BARC","2020-09-08",31.1979166666667,31.59,30.79
"5926","BARC","2020-09-09",30.840625,31.16,30.5
"5927","BARC","2020-09-10",30.8982978723404,31.92,30.48
"5928","BARC","2020-09-11",30.7741176470588,31.42,30.43
"5929","BARC","2020-09-12",30.588125,30.89,30.29
"5930","BARC","2020-09-13",30.3804166666667,30.73,30.06
"5931","BARC","2020-09-14",30.2841666666667,30.75,30.02
"5932","BARC","2020-09-15",30.264375,30.68,29.99
"5933","BARC","2020-09-16",30.05375,30.23,29.84
"5934","BARC","2020-09-17",29.9352083333333,30.26,29.63
"5935","BARC","2020-09-18",29.6077083333333,29.81,29.34
"5936","BARC","2020-09-19",29.6595833333333,30.22,29.28
"5937","BARC","2020-09-20",28.9802083333333,29.28,28.46
"5938","BARC","2020-09-21",27.9329268292683,28.43,27.53
"5939","BARC","2020-09-22",27.4364583333333,27.7,27.11
"5940","BARC","2020-09-23",27.1435416666667,27.45,26.79
"5941","BARC","2020-09-24",27.1608695652174,27.73,26.77
"5942","BARC","2020-09-25",27.5048387096774,28.17,26.82
"5943","BARC","2020-09-26",28.615,29.61,27.22
"5944","BARC","2020-09-27",28.8378723404255,29.59,27.91
"5945","BARC","2020-09-28",28.29375,28.81,27.88
"5946","BARC","2020-09-29",28.09,28.36,27.81
"5947","BARC","2020-09-30",27.870625,28.31,27.26
"5948","BARC","2020-10-01",27.338125,27.87,26.81
"5949","BARC","2020-10-02",27.1666666666667,27.95,26.64
"5950","BARC","2020-10-03",26.5841666666667,27.02,26.16
"5951","BARC","2020-10-04",26.019375,26.3,25.66
"5952","BARC","2020-10-05",25.3945833333333,25.64,25.1
"5953","BARC","2020-10-06",25.096875,25.16,25.02
"5954","BARC","2020-10-07",26.1844680851064,27.21,25.03
"5955","BARC","2020-10-08",27.2148571428571,28.27,25.82
"5956","BARC","2020-10-09",27.0095348837209,27.51,26.56
"5957","BARC","2020-10-10",27.2025,27.73,26.66
"5958","BARC","2020-10-11",27.4625,28.06,26.77
"5959","BARC","2020-10-12",27.5489583333333,28.02,27.13
"5960","BARC","2020-10-13",27.4272916666667,27.84,27.06
"5961","BARC","2020-10-14",27.80125,28.52,27.03
"5962","BARC","2020-10-15",27.9358333333333,28.69,27.32
"5963","BARC","2020-10-16",28.2083333333333,29.32,27.36
"5964","BARC","2020-10-17",27.9395833333333,28.59,27.21
"5965","BARC","2020-10-18",27.220625,27.56,26.85
"5966","BARC","2020-10-19",26.9870833333333,27.27,26.71
"5967","BARC","2020-10-20",26.8289583333333,27.08,26.63
"5968","BARC","2020-10-21",26.840625,27.16,26.62
"5969","BARC","2020-10-22",26.6510416666667,26.92,26.46
"5970","BARC","2020-10-23",26.7764583333333,27.13,26.44
"5971","BARC","2020-10-24",26.7372916666667,27.14,26.52
"5972","BARC","2020-10-25",26.9035416666667,27.45,26.52
"5973","BARC","2020-10-26",27.3364583333333,28.18,26.56
"5974","BARC","2020-10-27",27.1439583333333,27.57,26.74
"5975","BARC","2020-10-28",27.2354166666667,27.6,26.89
"5976","BARC","2020-10-29",27.4108333333333,27.99,26.96
"5977","BARC","2020-10-30",27.2785416666667,27.65,26.83
"5978","BARC","2020-10-31",26.6704166666667,27.19,26.12
"5979","BARC","2020-11-01",26.254375,26.64,25.98
"5980","BARC","2020-11-02",26.096875,26.73,25.33
"5981","BARC","2020-11-03",24.7572916666667,25.3,23.99
"5982","BARC","2020-11-04",23.9229787234043,24.38,23.42
"5983","BARC","2020-11-05",23.465625,23.71,23.22
"5984","BARC","2020-11-06",23.4710416666667,23.81,23.18
"5985","BARC","2020-11-07",23.6352083333333,23.96,23.26
"5986","BARC","2020-11-08",23.786875,24.1,23.45
"5987","BARC","2020-11-09",23.83375,24.05,23.58
"5988","BARC","2020-11-10",23.8029166666667,23.89,23.71
"5989","BARC","2020-11-11",24.2479166666667,24.55,23.77
"5990","BARC","2020-11-12",24.38375,24.56,24.15
"5991","BARC","2020-11-13",24.2152083333333,24.37,24.09
"5992","BARC","2020-11-14",24.2277083333333,24.67,23.95
"5993","BARC","2020-11-15",24.3439583333333,25.01,23.94
"5994","BARC","2020-11-16",24.620625,25.28,24
"5995","BARC","2020-11-17",24.2745833333333,24.81,23.73
"5996","BARC","2020-11-18",23.4404166666667,23.91,22.68
"5997","BARC","2020-11-19",22.3028571428571,22.64,21.75
"5998","BARC","2020-11-20",21.54875,21.73,21.24
"5999","BARC","2020-11-21",21.411875,21.74,21.21
"6000","BARC","2020-11-22",21.5464583333333,21.82,21.24
"6001","BARC","2020-11-23",21.6054166666667,21.8,21.38
"6002","BARC","2020-11-24",21.7216666666667,22.11,21.44
"6003","BARC","2020-11-25",21.606875,21.94,21.38
"6004","BARC","2020-11-26",21.8810416666667,22.59,21.38
"6005","BARC","2020-11-27",22.1729166666667,22.85,21.56
"6006","BARC","2020-11-28",22.5448936170213,23.62,21.72
"6007","BARC","2020-11-29",22.27375,22.55,21.96
"6008","BARC","2020-11-30",22.10625,22.51,21.91
"6009","BARC","2020-12-01",21.749375,22.15,20.89
"6010","BARC","2020-12-02",20.35875,20.84,19.63
"6011","BARC","2020-12-03",19.19,19.58,18.61
"6012","BARC","2020-12-04",18.881875,19.19,18.53
"6013","BARC","2020-12-05",18.89875,19.07,18.66
"6014","BARC","2020-12-06",18.7158333333333,19.04,18.35
"6015","BARC","2020-12-07",18.3864583333333,18.66,18.17
"6016","BARC","2020-12-08",18.0158333333333,18.32,17.39
"6017","BARC","2020-12-09",17.1978378378378,17.55,16.76
"6018","BARC","2020-12-10",16.8010869565217,17.14,16.5
"6019","BARC","2020-12-11",17.0284782608696,17.94,16.43
"6020","BARC","2020-12-12",16.97375,17.62,16.41
"6021","BARC","2020-12-13",17.0897916666667,17.53,16.5
"6022","BARC","2020-12-14",17.9972340425532,19.15,16.97
"6023","BARC","2020-12-15",17.8560416666667,18.26,17.39
"6024","BARC","2020-12-16",17.7372916666667,18.6,17.3
"6025","BARC","2020-12-17",17.3202083333333,17.49,17.18
"6026","BARC","2020-12-18",16.9460416666667,17.22,16.44
"6027","BARC","2020-12-19",16.3145833333333,16.62,15.9
"6028","BARC","2020-12-20",16.0410416666667,16.26,15.85
"6029","BARC","2020-12-21",16.2870833333333,16.51,15.85
"6030","BARC","2020-12-22",16.55125,16.95,16.14
"6031","BARC","2020-12-23",16.48625,17.02,16.08
"6032","BARC","2020-12-24",16.5739583333333,17.04,16.06
"6033","BARC","2020-12-25",16.624375,17.09,16.02
"6034","BARC","2020-12-26",15.7195833333333,16.02,15.18
"6035","BARC","2020-12-27",15.0108333333333,15.33,14.54
"6036","BARC","2020-12-28",14.7629166666667,15.25,14.44
"6037","BARC","2020-12-29",14.990625,15.7,14.43
"6038","BARC","2020-12-30",15.0872916666667,15.42,14.55
"6039","BARC","2020-12-31",15.5979166666667,16.06,14.85
"6040","BARC","2021-01-01",16.573125,17.03,15.59
"6041","BARC","2021-01-02",18.0220833333333,18.71,16.84
"6042","BARC","2021-01-03",18.809375,19.16,18.15
"6043","BARC","2021-01-04",18.57625,19.31,17.39
"6044","BARC","2021-01-05",17.1114583333333,17.57,16.44
"6045","BARC","2021-01-06",16.4804166666667,16.82,16.06
"6046","BARC","2021-01-07",16.245,16.7,15.94
"6047","BARC","2021-01-08",16.1654166666667,16.33,15.91
"6048","BARC","2021-01-09",15.9047916666667,16.09,15.52
"6049","BARC","2021-01-10",15.2120833333333,15.51,14.82
"6050","BARC","2021-01-11",14.9574468085106,15.33,14.72
"6051","BARC","2021-01-12",15.288125,15.64,14.7
"6052","BARC","2021-01-13",15.263125,15.47,14.94
"6053","BARC","2021-01-14",14.899375,15.07,14.62
"6054","BARC","2021-01-15",14.8804166666667,15.41,14.56
"6055","BARC","2021-01-16",14.9316666666667,15.28,14.5
"6056","BARC","2021-01-17",14.6775,14.93,14.37
"6057","BARC","2021-01-18",14.4345833333333,14.7,14.14
"6058","BARC","2021-01-19",14.326875,14.7,13.97
"6059","BARC","2021-01-20",14.3708333333333,15.12,13.91
"6060","BARC","2021-01-21",14.4058333333333,14.85,13.88
"6061","BARC","2021-01-22",14.8547916666667,15.18,14.09
"6062","BARC","2021-01-23",15.5114583333333,15.93,14.97
"6063","BARC","2021-01-24",15.5752083333333,15.74,15.35
"6064","BARC","2021-01-25",15.8416666666667,16.1,15.32
"6065","BARC","2021-01-26",16.8060416666667,17.28,15.96
"6066","BARC","2021-01-27",17.6816666666667,18.39,16.67
"6067","BARC","2021-01-28",18.0391666666667,18.39,17.38
"6068","BARC","2021-01-29",16.8029166666667,17.27,16.04
"6069","BARC","2021-01-30",16.2854166666667,17.11,15.75
"6070","BARC","2021-01-31",16.20375,16.83,15.69
"6071","BARC","2021-02-01",16.4239583333333,16.66,15.84
"6072","BARC","2021-02-02",15.9127083333333,16.49,15.12
"6073","BARC","2021-02-03",14.97,15.31,14.52
"6074","BARC","2021-02-04",14.6585416666667,15.12,14.25
"6075","BARC","2021-02-05",14.7097916666667,15.35,14.19
"6076","BARC","2021-02-06",14.6052083333333,14.91,14.27
"6077","BARC","2021-02-07",14.6564583333333,14.88,14.43
"6078","BARC","2021-02-08",15.414375,16.08,14.9
"6079","BARC","2021-02-09",15.8972916666667,16.31,15
"6080","BARC","2021-02-10",16.8895833333333,17.49,16.24
"6081","BARC","2021-02-11",18.2380434782609,19.51,16.69
"6082","BARC","2021-02-12",19.83625,20.76,18.45
"6083","BARC","2021-02-13",20.2514583333333,21.31,19.6
"6084","BARC","2021-02-14",19.7908333333333,20.18,19.26
"6085","BARC","2021-02-15",19.328125,19.71,18.77
"6086","BARC","2021-02-16",19.3377083333333,20.14,18.76
"6087","BARC","2021-02-17",19.14875,19.73,18.47
"6088","BARC","2021-02-18",18.224375,18.44,18.05
"6089","BARC","2021-02-19",19.4083333333333,20.13,18.11
"6090","BARC","2021-02-20",18.9625,19.7,17.98
"6091","BARC","2021-02-21",18.1266666666667,18.71,17.58
"6092","BARC","2021-02-22",17.7752083333333,18.1,17.49
"6093","BARC","2021-02-23",18.3122916666667,18.73,17.51
"6094","BARC","2021-02-24",18.8279166666667,19.8,18.24
"6095","BARC","2021-02-25",18.97125,19.85,18.21
"6096","BARC","2021-02-26",19.3641666666667,20.28,18.3
"6097","BARC","2021-02-27",20.0779166666667,21.11,18.82
"6098","BARC","2021-02-28",20.9335416666667,21.73,19.57
"6099","BARC","2021-03-01",21.919375,22.58,20.68
"6100","BARC","2021-03-02",22.4727083333333,23.13,21.81
"6101","BARC","2021-03-03",21.099375,21.79,20.42
"6102","BARC","2021-03-04",20.0485416666667,20.4,19.52
"6103","BARC","2021-03-05",20.0804166666667,20.83,19.44
"6104","BARC","2021-03-06",19.9216666666667,20.65,19.36
"6105","BARC","2021-03-07",19.10125,19.4,18.59
"6106","BARC","2021-03-08",18.7341666666667,19.19,18.31
"6107","BARC","2021-03-09",18.546875,19.06,18.17
"6108","BARC","2021-03-10",18.758125,19.38,18.12
"6109","BARC","2021-03-11",18.9797916666667,19.56,18.28
"6110","BARC","2021-03-12",19.6202127659574,20.46,18.57
"6111","BARC","2021-03-13",20.655,22.25,19.11
"6112","BARC","2021-03-14",21.1588372093023,22.52,19.68
"6113","BARC","2021-03-15",21.8770454545455,23.23,20.25
"6114","BARC","2021-03-16",22.0980434782609,23.3,20.95
"6115","BARC","2021-03-17",22.379375,22.93,21.55
"6116","BARC","2021-03-18",23.3229166666667,24.2,22.02
"6117","BARC","2021-03-19",22.59,22.96,21.79
"6118","BARC","2021-03-20",21.996875,22.61,21.3
"6119","BARC","2021-03-21",21.1504166666667,21.27,21.01
"6120","BARC","2021-06-09",29.9707142857143,30.68,29.46
"6121","BARC","2021-06-10",30.2814583333333,31.3,29.45
"6122","BARC","2021-06-11",30.5647916666667,31.28,29.76
"6123","BARC","2021-06-12",30.5566666666667,30.98,30.1
"6124","BARC","2021-06-13",30.2854166666667,30.69,29.89
"6125","BARC","2021-06-14",30.0064583333333,30.93,29.5
"6126","BARC","2021-06-15",29.5885416666667,30.02,29.17
"6127","BARC","2021-06-16",29.138125,29.77,28.64
"6128","BARC","2021-06-17",29.1120833333333,29.56,28.65
"6129","BARC","2021-06-18",29.714375,30.34,28.72
"6130","BARC","2021-06-19",29.86125,30.67,29.24
"6131","BARC","2021-06-20",29.875,30.41,29.44
"6132","BARC","2021-06-21",29.56875,29.77,29.32
"6133","BARC","2021-06-22",29.230625,29.63,28.8
"6134","BARC","2021-06-23",28.7008333333333,28.99,28.37
"6135","BARC","2021-06-24",29.159375,29.92,28.38
"6136","BARC","2021-06-25",28.646875,29.39,28.14
"6137","BARC","2021-06-26",28.2479166666667,28.9,27.95
"6138","BARC","2021-06-27",28.3527083333333,29.14,27.93
"6139","BARC","2021-06-28",29.0066666666667,29.76,27.94
"6140","BARC","2021-06-29",29.211875,29.69,28.57
"6141","BARC","2021-06-30",29.045,29.44,28.65
"6142","BARC","2021-07-01",28.7808333333333,29.1,28.45
"6143","BARC","2021-07-02",28.795,29.2,28.44
"6144","BARC","2021-07-03",28.869375,29.27,28.44
"6145","BARC","2021-07-04",28.5420833333333,28.75,28.28
"6146","BARC","2021-07-05",28.3608333333333,29.09,28.13
"6147","BARC","2021-07-06",28.80625,29.54,28.13
"6148","BARC","2021-07-07",28.9210416666667,29.35,28.47
"6149","BARC","2021-07-08",27.97,28.46,27.64
"6150","BARC","2021-07-09",28.7870833333333,29.43,27.63
"6151","BARC","2021-07-10",29.2383333333333,29.85,28.64
"6152","BARC","2021-07-11",29.8277083333333,30.69,28.72
"6153","BARC","2021-07-12",30.22875,31.27,29.32
"6154","BARC","2021-07-13",30.0939583333333,30.8,29.53
"6155","BARC","2021-07-14",30.2364583333333,31.02,29.53
"6156","BARC","2021-07-15",30.559375,31.15,29.72
"6157","BARC","2021-07-16",30.9279166666667,31.76,30.1
"6158","BARC","2021-07-17",31.32,32.37,30.36
"6159","BARC","2021-07-18",31.5987234042553,32.72,30.64
"6160","BARC","2021-07-19",31.6052083333333,32.71,30.96
"6161","BARC","2021-07-20",31.1908333333333,31.84,30.6
"6162","BARC","2021-07-21",31.269375,31.95,30.58
"6163","BARC","2021-07-22",31.11625,31.59,30.71
"6164","BARC","2021-07-23",31.6545833333333,32.45,30.7
"6165","BARC","2021-07-24",31.4089583333333,32.42,30.77
"6166","BARC","2021-07-25",31.1941666666667,31.69,30.74
"6167","BARC","2021-07-26",31.14,31.55,30.71
"6168","BARC","2021-07-27",31.2541666666667,31.72,30.71
"6169","BARC","2021-07-28",31.1868085106383,31.79,30.79
"6170","BARC","2021-07-29",30.8827083333333,31.45,30.44
"6171","BARC","2021-07-30",31.1460869565217,32.06,30.43
"6172","BARC","2021-07-31",31.6425,32.55,30.64
"6173","BARC","2021-08-01",31.7735416666667,32.36,31.08
"6174","BARC","2021-08-02",31.6039583333333,32.05,31.15
"6175","BARC","2021-08-03",31.3952083333333,32.03,30.78
"6176","BARC","2021-08-04",30.4716666666667,30.77,30.06
"6177","BARC","2021-08-05",30.195,30.55,29.88
"6178","BARC","2021-08-06",29.6420833333333,29.87,29.32
"6179","BARC","2021-08-07",29.9634042553191,30.47,29.31
"6180","BARC","2021-08-08",30.5952083333333,31.37,29.62
"6181","BARC","2021-08-09",31.006875,32.01,30.07
"6182","BARC","2021-08-10",31.4102325581395,32.56,30.46
"6183","BARC","2021-08-11",31.7484444444444,33,30.88
"6184","BARC","2021-08-12",32.1558974358974,33.41,31.15
"6185","BARC","2021-08-13",31.7085416666667,32.4,31.14
"6186","BARC","2021-08-14",31.47,31.89,31.03
"6187","BARC","2021-08-15",30.8560416666667,31.24,30.43
"6188","BARC","2021-08-16",30.7120833333333,31.1,30.39
"6189","BARC","2021-08-17",30.349375,30.51,30.09
"6190","BARC","2021-08-18",30.4752083333333,30.87,30.08
"6191","BARC","2021-08-19",31.3275,32.67,30.17
"6192","BARC","2021-08-20",31.4775,32.14,30.91
"6193","BARC","2021-08-21",32.0620833333333,33.02,30.97
"6194","BARC","2021-08-22",32.2672916666667,32.96,31.44
"6195","BARC","2021-08-23",31.9772916666667,32.49,31.53
"6196","BARC","2021-08-24",31.6423404255319,32.12,31.25
"6197","BARC","2021-08-25",31.238125,32.15,30.68
"6198","BARC","2021-08-26",31.2658333333333,32.08,30.66
"6199","BARC","2021-08-27",30.699375,31.02,30.41
"6200","BARC","2021-08-28",30.5914583333333,30.96,30.29
"6201","BARC","2021-08-29",30.734375,31.33,30.29
"6202","BARC","2021-08-30",31.006875,31.69,30.38
"6203","BARC","2021-08-31",31.7767441860465,32.77,30.54
"6204","BARC","2021-09-01",31.388125,31.95,30.91
"6205","BARC","2021-09-02",30.3770833333333,30.88,29.93
"6206","BARC","2021-09-03",30.255,30.82,29.85
"6207","BARC","2021-09-04",30.0927083333333,30.59,29.64
"6208","BARC","2021-09-05",30.2897916666667,31.12,29.63
"6209","BARC","2021-09-06",30.483125,31.38,29.66
"6210","BARC","2021-09-07",30.5604255319149,31.51,29.89
"6211","BARC","2021-09-08",30.63,31.24,30.03
"6212","BARC","2021-09-09",30.5752083333333,31.42,29.92
"6213","BARC","2021-09-10",30.0219565217391,30.26,29.78
"6214","BARC","2021-09-11",30.2036170212766,31.11,29.76
"6215","BARC","2021-09-12",29.7483333333333,29.95,29.49
"6216","BARC","2021-09-13",29.8820833333333,30.42,29.47
"6217","BARC","2021-09-14",30.25125,31.19,29.46
"6218","BARC","2021-09-15",29.8782978723404,30.53,29.5
"6219","BARC","2021-09-16",30.0375,30.73,29.5
"6220","BARC","2021-09-17",29.861875,30.51,29.5
"6221","BARC","2021-09-18",29.9122916666667,30.56,29.48
"6222","BARC","2021-09-19",30.1804166666667,31.11,29.47
"6223","BARC","2021-09-20",29.871875,30.51,29.51
"6224","BARC","2021-09-21",29.6266666666667,30,29.33
"6225","BARC","2021-09-22",29.8002325581395,30.74,29.31
"6226","BARC","2021-09-23",30.0072916666667,30.7,29.35
"6227","BARC","2021-09-24",29.6702083333333,30.35,29.15
"6228","BARC","2021-09-25",29.2779166666667,29.82,28.83
"6229","BARC","2021-09-26",29.1983333333333,29.95,28.69
"6230","BARC","2021-09-27",29.0675,29.82,28.53
"6231","BARC","2021-09-28",28.994375,29.76,28.43
"6232","BARC","2021-09-29",28.7675,29.49,28.27
"6233","BARC","2021-09-30",28.7708333333333,29.53,28.17
"6234","BARC","2021-10-01",28.5920833333333,29.22,28.11
"6235","BARC","2021-10-02",28.4983333333333,29.04,28.07
"6236","BARC","2021-10-03",28.3347916666667,28.77,27.95
"6237","BARC","2021-10-04",28.3848936170213,28.99,27.9
"6238","BARC","2021-10-05",28.3607142857143,29.06,27.87
"6239","BARC","2021-10-06",28.258125,28.84,27.86
"6240","BARC","2021-10-07",28.0795833333333,28.47,27.82
"6241","BARC","2021-10-08",28.3736363636364,29,27.82
"6242","BARC","2021-10-09",28.1939583333333,28.61,27.85
"6243","BARC","2021-10-10",28.1802083333333,28.65,27.8
"6244","BARC","2021-10-11",28.065,28.6,27.67
"6245","BARC","2021-10-12",27.9352083333333,28.37,27.58
"6246","BARC","2021-10-13",27.8420833333333,28.23,27.49
"6247","BARC","2021-10-14",28.0008333333333,28.73,27.48
"6248","BARC","2021-10-15",28.1733333333333,29.1,27.49
"6249","BARC","2021-10-16",28.2412765957447,29.02,27.66
"6250","BARC","2021-10-17",28.1677083333333,28.86,27.37
"6251","BARC","2021-10-18",27.26875,27.69,26.7
"6252","BARC","2021-10-19",26.64875,27.08,26.19
"6253","BARC","2021-10-20",26.195,26.53,25.79
"6254","BARC","2021-10-21",25.9645833333333,26.37,25.59
"6255","BARC","2021-10-22",26.193125,27.02,25.59
"6256","BARC","2021-10-23",26.2552083333333,26.88,25.67
"6257","BARC","2021-10-24",26.2965957446809,27.12,25.77
"6258","BARC","2021-10-25",26.08875,26.35,25.83
"6259","BARC","2021-10-26",26.4314583333333,26.85,25.88
"6260","BARC","2021-10-27",26.2852083333333,26.67,25.83
"6261","BARC","2021-10-28",25.9583333333333,26.63,25.52
"6262","BARC","2021-10-29",25.3127083333333,25.5,24.99
"6263","BARC","2021-10-30",24.7420833333333,24.97,24.35
"6264","BARC","2021-10-31",24.163125,24.41,23.69
"6265","BARC","2021-11-01",23.49,23.73,23.06
"6266","BARC","2021-11-02",23.3479166666667,23.9,22.95
"6267","BARC","2021-11-03",23.508125,24.3,22.93
"6268","BARC","2021-11-04",23.2764583333333,23.86,22.85
"6269","BARC","2021-11-05",22.8277083333333,23.13,22.4
"6270","BARC","2021-11-06",21.719375,22.37,20.91
"6271","BARC","2021-11-07",20.2395833333333,20.88,19.6
"6272","BARC","2021-11-08",19.640625,19.93,19.37
"6273","BARC","2021-11-09",19.4335416666667,19.76,19.07
"6274","BARC","2021-11-10",19.6139583333333,20.12,19.04
"6275","BARC","2021-11-11",19.7733333333333,20.1,19.2
"6276","BARC","2021-11-12",20.245,20.65,19.62
"6277","BARC","2021-11-13",20.5110416666667,20.86,20.17
"6278","BARC","2021-11-14",20.2039583333333,20.53,19.72
"6279","BARC","2021-11-15",19.7791666666667,20.16,19.4
"6280","BARC","2021-11-16",19.5868085106383,20.1,19.19
"6281","BARC","2021-11-17",19.5004166666667,20,19.1
"6282","BARC","2021-11-18",19.6995833333333,20.19,19.08
"6283","BARC","2021-11-19",20.0452083333333,20.49,19.42
"6284","BARC","2021-11-20",20.0495833333333,20.63,19.52
"6285","BARC","2021-11-21",19.7304166666667,19.93,19.47
"6286","BARC","2021-11-22",20.1570833333333,20.54,19.59
"6287","BARC","2021-11-23",20.0354166666667,20.36,19.6
"6288","BARC","2021-11-24",19.269375,19.57,18.73
"6289","BARC","2021-11-25",18.7039583333333,18.98,18.42
"6290","BARC","2021-11-26",18.7945833333333,19.43,18.37
"6291","BARC","2021-11-27",18.38375,18.6,18.02
"6292","BARC","2021-11-28",18.08875,18.56,17.71
"6293","BARC","2021-11-29",17.7660416666667,17.99,17.56
"6294","BARC","2021-11-30",17.6783333333333,18.05,17.29
"6295","BARC","2021-12-01",17.475,18.02,17.07
"6296","BARC","2021-12-02",17.6141666666667,18.32,17.05
"6297","BARC","2021-12-03",17.5525,18.14,17.09
"6298","BARC","2021-12-04",17.7197916666667,18.32,17.19
"6299","BARC","2021-12-05",17.6635416666667,18.12,17.32
"6300","BARC","2021-12-06",17.956875,18.7,17.37
"6301","BARC","2021-12-07",18.2560416666667,18.61,17.53
"6302","BARC","2021-12-08",18.638125,19.07,18.23
"6303","BARC","2021-12-09",19.023125,19.31,18.46
"6304","BARC","2021-12-10",19.1104166666667,19.47,18.84
"6305","BARC","2021-12-11",19.4422916666667,19.89,18.81
"6306","BARC","2021-12-12",20.24375,20.81,19.45
"6307","BARC","2021-12-13",20.0775,20.4,19.54
"6308","BARC","2021-12-14",19.7947916666667,20.13,19.47
"6309","BARC","2021-12-15",19.641875,19.88,19.4
"6310","BARC","2021-12-16",19.8825,20.08,19.34
"6311","BARC","2021-12-17",20.6893023255814,21.19,19.94
"6312","BARC","2021-12-18",20.996875,21.5,20.37
"6313","BARC","2021-12-19",21.1616666666667,21.54,20.57
"6314","BARC","2021-12-20",21.2895833333333,21.64,20.71
"6315","BARC","2021-12-21",20.0785416666667,20.66,19.48
"6316","BARC","2021-12-22",19.164375,19.47,18.71
"6317","BARC","2021-12-23",18.6177083333333,18.89,18.21
"6318","BARC","2021-12-24",18.2716666666667,18.67,17.94
"6319","BARC","2021-12-25",18.380625,19.05,17.91
"6320","BARC","2021-12-26",18.27375,18.57,17.91
"6321","BARC","2021-12-27",18.6370833333333,19.12,18.04
"6322","BARC","2021-12-28",18.8152083333333,19.27,18.43
"6323","BARC","2021-12-29",19.1533333333333,19.78,18.4
"6324","BARC","2021-12-30",19.4460416666667,19.91,18.72
"6325","BARC","2021-12-31",19.9452083333333,20.23,19.4
"6326","BARC","2022-01-01",20.8310416666667,21.31,20.14
"6327","BARC","2022-01-02",21.154375,21.61,20.62
"6328","BARC","2022-01-03",21.1283333333333,21.59,20.41
"6329","BARC","2022-01-04",19.8802083333333,20.34,19.18
"6330","BARC","2022-01-05",19.1872916666667,19.44,18.94
"6331","BARC","2022-01-06",19.0929166666667,19.24,18.92
"6332","BARC","2022-01-26",14.4297222222222,14.56,14.32
"6333","BARC","2022-01-27",14.3447916666667,14.46,14.24
"6334","BARC","2022-01-28",14.3716666666667,14.55,14.23
"6335","BARC","2022-01-29",14.343125,14.6,13.91
"6336","BARC","2022-01-30",13.7460416666667,14,13.34
"6337","BARC","2022-01-31",13.465,13.9,13.12
"6338","BARC","2022-02-01",13.7389583333333,14.28,13.07
"6339","BARC","2022-02-02",13.9052173913043,14.48,13.28
"6340","BARC","2022-02-03",14.4327083333333,15.07,13.56
"6341","BARC","2022-02-04",15.5485106382979,16.68,14.34
"6342","BARC","2022-02-05",16.8064583333333,17.35,15.56
"6343","BARC","2022-02-06",16.4239583333333,16.88,15.81
"6344","BARC","2022-02-07",15.4183333333333,15.8,15
"6345","BARC","2022-02-08",14.9395833333333,15.15,14.72
"6346","BARC","2022-02-09",14.5972916666667,14.72,14.39
"6347","BARC","2022-02-10",14.7320833333333,15.2,14.34
"6348","BARC","2022-02-11",15.0958695652174,16.17,14.34
"6349","BARC","2022-02-12",15.9068888888889,16.91,14.52
"6350","BARC","2022-02-13",16.9715384615385,17.76,15.29
"6351","BARC","2022-02-14",16.4233333333333,17.24,15.21
"6352","BARC","2022-02-15",15.4747916666667,16.02,15.1
"6353","BARC","2022-02-16",15.395625,15.67,15.14
"6354","BARC","2022-02-17",16.0339583333333,16.45,15.17
"6355","BARC","2022-02-18",17.2835416666667,18.15,16.05
"6356","BARC","2022-02-19",18.5683333333333,19.14,17.48
"6357","BARC","2022-02-20",18.228125,18.85,17.3
"6358","BARC","2022-02-21",17.7772916666667,18.22,17.15
"6359","BARC","2022-02-22",18.3727083333333,18.93,17.44
"6360","BARC","2022-02-23",19.4260869565217,20.19,18.13
"6361","BARC","2022-02-24",20.64225,21.86,19.21
"6362","BARC","2022-02-25",21.3885365853659,22.6,20.02
"6363","BARC","2022-02-26",21.6820833333333,22.33,20.83
"6364","BARC","2022-02-27",22.0968888888889,23.07,21
"6365","BARC","2022-02-28",22.4141666666667,23.14,21.61
"6366","BARC","2022-03-01",20.8958333333333,21.76,20
"6367","BARC","2022-03-02",20.3775,21.02,19.86
"6368","BARC","2022-03-03",20.5078723404255,21.57,19.77
"6369","BARC","2022-03-04",20.7117777777778,21.74,19.72
"6370","BARC","2022-03-05",20.603125,21.35,19.86
"6371","BARC","2022-03-06",21.00375,21.51,20.28
"6372","BARC","2022-03-07",21.5595833333333,22.18,20.69
"6373","BARC","2022-03-08",22.3310416666667,23.17,21.31
"6374","BARC","2022-03-09",23.1177083333333,23.84,22.23
"6375","BARC","2022-03-10",23.1679166666667,23.6,22.76
"6376","BARC","2022-03-11",22.479375,22.75,22.16
"6377","BARC","2022-03-12",21.941875,22.15,21.72
"6378","BARC","2022-03-13",21.16375,21.72,20.08
"6379","BARC","2022-03-14",20.005,20.49,19.55
"6380","BARC","2022-03-15",19.995625,20.38,19.52
"6381","BARC","2022-03-16",19.8077083333333,20,19.64
"6382","BARC","2022-03-17",20.5145833333333,21.37,19.64
"6383","BARC","2022-03-18",21.5020833333333,22.68,20.21
"6384","BARC","2022-03-19",22.04625,23.04,20.98
"6385","BARC","2022-03-20",22.395625,22.9,21.56
"6386","BARC","2022-03-21",22.4195833333333,22.83,21.93
"6387","BARC","2022-03-31",23.2286046511628,23.79,22.74
"6388","BARC","2022-04-01",22.59625,22.78,22.37
"6389","BARC","2022-04-02",23.8136956521739,25.12,22.36
"6390","BARC","2022-04-03",22.6708333333333,23.04,22.27
"6391","BARC","2022-04-04",23.19,24.08,22.24
"6392","BARC","2022-04-05",23.8529411764706,24.95,22.54
"6393","BARC","2022-04-06",24.1180487804878,24.54,23.22
"6394","BARC","2022-04-07",24.5631111111111,25.04,24.1
"6395","BARC","2022-04-08",24.9110526315789,25.37,24.38
"6396","BARC","2022-04-09",24.0008,24.15,23.84
"6397","BARC","2022-04-10",23.1424,23.26,22.99
"6398","BARC","2022-04-11",23.4411538461538,24.56,22.36
"6399","BARC","2022-04-12",23.3569444444444,23.98,22.43
"6400","BARC","2022-04-13",24.1294736842105,25.65,22.84
"6401","BARC","2022-04-14",24.3139534883721,25.17,23.42
"6402","BARC","2022-04-15",24.5294444444444,25.09,23.97
"6403","BARC","2022-04-16",24.9178571428571,25.3,24.22
"6404","BARC","2022-04-17",26.039696969697,27.55,24.54
"6405","BARC","2022-04-18",26.4115625,27.25,25.39
"6406","BARC","2022-04-19",25.7932432432432,26.13,25.02
"6407","BARC","2022-04-20",25.1924,25.56,24.52
"6408","BARC","2022-04-21",24.7874193548387,25.04,24.48
"6409","BARC","2022-04-22",24.6690909090909,24.93,24.33
"6410","BARC","2022-04-23",24.6215151515152,24.88,24.26
"6411","BARC","2022-04-24",24.7971875,25.16,24.25
"6412","BARC","2022-04-25",25.1196875,25.59,24.41
"6413","BARC","2022-04-26",25.7254838709677,26.74,24.67
"6414","BARC","2022-04-27",26.5915625,27.51,25.02
"6415","BARC","2022-04-28",26.6932,27.43,25.72
"6416","BARC","2022-04-29",26.1139285714286,26.47,25.62
"6417","BARC","2022-04-30",25.9688461538462,26.31,25.53
"6418","BARC","2022-05-01",26.0945161290323,26.55,25.52
"6419","BARC","2022-05-02",26.8775,28.48,25.58
"6420","BARC","2022-05-03",27.55,28.78,25.92
"6421","BARC","2022-05-04",27.478064516129,28.29,26.49
"6422","BARC","2022-05-05",28.3846875,29.33,26.78
"6423","BARC","2022-05-06",28.5530769230769,29.32,27.53
"6424","BARC","2022-05-07",28.2877777777778,28.59,27.83
"6425","BARC","2022-05-08",28.1432,28.45,27.65
"6426","BARC","2022-05-09",28.2757692307692,28.75,27.44
"6427","BARC","2022-05-10",27.7172,28.03,27.08
"6428","BARC","2022-05-11",27.3661538461538,27.68,26.84
"6429","BARC","2022-05-12",27.1176,27.4,26.7
"6430","BARC","2022-05-13",26.9084,27.08,26.41
"6431","BARC","2022-05-14",26.8384,27.14,26.33
"6432","BARC","2022-05-15",27.94375,29.47,26.35
"6433","BARC","2022-05-16",27.8794736842105,28.79,26.98
"6434","BARC","2022-05-17",27.8078571428571,28.54,26.97
"6435","BARC","2022-05-18",28.553125,29.72,27.35
"6436","BARC","2022-05-19",29.299375,30.55,27.97
"6437","BARC","2022-05-20",29.500625,30.21,28.47
"6438","BARC","2022-05-21",29.1735416666667,29.84,28.56
"6439","BARC","2022-05-22",28.6829166666667,29.25,28.26
"6440","BARC","2022-05-23",29.1210416666667,30.23,28.26
"6441","BARC","2022-05-24",29.8214583333333,31.06,28.5
"6442","BARC","2022-05-25",29.7216666666667,30.46,29.17
"6443","BARC","2022-05-26",29.5008333333333,29.93,29.16
"6444","BARC","2022-05-27",29.5127083333333,29.97,29.15
"6445","BARC","2022-05-28",29.106875,29.3,28.78
"6446","BARC","2022-05-29",29.420625,30.04,28.78
"6447","BARC","2022-05-30",30.0970833333333,31.33,28.96
"6448","BARC","2022-05-31",29.8129166666667,30.4,29.36
"6449","BARC","2022-06-01",29.7447916666667,30.3,29.29
"6450","BARC","2022-06-02",29.8063636363636,30.29,29.28
"6451","BARC","2022-06-03",30.5777083333333,32.1,29.36
"6452","BARC","2022-06-04",30.4370833333333,31.05,29.76
"6453","BARC","2022-06-05",30.1947916666667,30.6,29.85
"6454","BARC","2022-06-06",30.3358333333333,30.92,29.84
"6455","BARC","2022-06-07",30.266875,31.09,29.79
"6456","BARC","2022-06-08",31.0483333333333,32.3,29.79
"6457","BARC","2022-06-09",31.25,32.27,30.26
"6458","BARC","2022-06-10",31.0483333333333,31.55,30.6
"6459","BARC","2022-06-11",31.074375,31.51,30.65
"6460","BARC","2022-06-12",30.9295833333333,31.33,30.52
"6461","BARC","2022-06-13",30.7120833333333,30.99,30.46
"6462","BARC","2022-06-14",31.1902083333333,31.87,30.45
"6463","BARC","2022-06-15",31.5866666666667,32.46,30.94
"6464","BARC","2022-06-16",31.9752083333333,33.09,31.01
"6465","BARC","2022-06-17",32.1083333333333,32.88,31.33
"6466","BARC","2022-06-18",32.2339583333333,33.08,31.48
"6467","BARC","2022-06-19",31.9504166666667,32.31,31.58
"6468","BARC","2022-06-20",31.9702083333333,32.53,31.48
"6469","BARC","2022-06-21",31.7458333333333,32.21,31.34
"6470","BARC","2022-06-22",31.6004166666667,32.05,31.2
"6471","BARC","2022-06-23",31.7260416666667,32.49,31.19
"6472","BARC","2022-06-24",31.6158333333333,32.06,31.18
"6473","BARC","2022-06-25",31.4116666666667,32.3,30.94
"6474","BARC","2022-06-26",31.2639583333333,31.76,30.87
"6475","BARC","2022-06-27",31.0495833333333,31.39,30.68
"6476","BARC","2022-06-28",30.7552083333333,31.05,30.5
"6477","BARC","2022-06-29",31.0827083333333,31.7,30.51
"6478","BARC","2022-06-30",31.4989583333333,32.38,30.66
"6479","BARC","2022-07-01",31.2835416666667,32.1,30.93
"6480","BARC","2022-07-02",31.0747916666667,31.68,30.68
"6481","BARC","2022-07-03",31.1054166666667,31.71,30.68
"6482","BARC","2022-07-04",30.8920833333333,31.63,30.59
"6483","BARC","2022-07-05",31.5451063829787,32.6,30.59
"6484","BARC","2022-07-06",31.3889583333333,31.85,30.93
"6485","BARC","2022-07-07",31.8341666666667,32.66,31.01
"6486","BARC","2022-07-08",31.896170212766,33.27,31.26
"6487","BARC","2022-07-09",31.66875,32.63,31.25
"6488","BARC","2022-07-10",31.6552083333333,32.41,31.2
"6489","BARC","2022-07-11",31.2122916666667,31.52,30.93
"6490","BARC","2022-07-12",31.3514583333333,31.9,30.92
"6491","BARC","2022-07-13",31.6160416666667,32.15,30.92
"6492","BARC","2022-07-14",31.8689583333333,32.43,31.22
"6493","BARC","2022-07-15",32.2134042553191,33.48,31.46
"6494","BARC","2022-07-16",32.1572916666667,32.83,31.5
"6495","BARC","2022-07-17",31.569375,31.92,31.17
"6496","BARC","2022-07-18",31.8554166666667,32.81,31.17
"6497","BARC","2022-07-19",31.25625,31.46,31
"6498","BARC","2022-07-20",31.2547058823529,31.74,30.98
"6499","BARC","2022-07-21",31.1751219512195,31.58,30.77
"6500","BARC","2022-07-22",31.644375,32.27,30.77
"6501","BARC","2022-07-23",31.9977083333333,32.88,31.19
"6502","BARC","2022-07-24",31.7185416666667,32.74,31.29
"6503","BARC","2022-07-25",31.6133333333333,32.54,31.1
"6504","BARC","2022-07-26",31.8477083333333,33.07,31.11
"6505","BARC","2022-07-27",31.8077083333333,32.76,31.28
"6506","BARC","2022-07-28",31.9456756756757,33.03,31.28
"6507","BARC","2022-07-29",32.0979166666667,32.71,31.38
"6508","BARC","2022-07-30",32.5558333333333,33.5,31.62
"6509","BARC","2022-07-31",32.800625,34.02,31.94
"6510","BARC","2022-08-01",32.86875,33.9,32.14
"6511","BARC","2022-08-02",33.0683333333333,34.13,32.33
"6512","BARC","2022-08-03",33.02125,33.69,32.42
"6513","BARC","2022-08-04",32.971875,34.34,32.37
"6514","BARC","2022-08-05",32.733125,33.37,32.32
"6515","BARC","2022-08-06",32.7004166666667,33.16,32.3
"6516","BARC","2022-08-07",32.5022916666667,32.93,32.19
"6517","BARC","2022-08-08",32.3983333333333,32.93,31.95
"6518","BARC","2022-08-09",31.939375,32.51,31.49
"6519","BARC","2022-08-10",31.9281818181818,32.43,31.5
"6520","BARC","2022-08-11",32.078125,32.6,31.51
"6521","BARC","2022-08-12",31.6108333333333,31.87,31.31
"6522","BARC","2022-08-13",31.5047916666667,32.1,31.14
"6523","BARC","2022-08-14",31.1560416666667,31.42,30.85
"6524","BARC","2022-08-15",31.13,31.64,30.74
"6525","BARC","2022-08-16",31.3489583333333,32.08,30.74
"6526","BARC","2022-08-17",31.2666666666667,31.63,30.84
"6527","BARC","2022-08-18",31.4831914893617,32.37,30.94
"6528","BARC","2022-08-19",31.0848936170213,32.35,30.62
"6529","BARC","2022-08-20",31.1554166666667,32.01,30.61
"6530","BARC","2022-08-21",31.6445238095238,33.24,30.63
"6531","BARC","2022-08-22",31.4315217391304,33.08,30.93
"6532","BARC","2022-08-23",31.1352083333333,31.73,30.78
"6533","BARC","2022-08-24",31.1782222222222,32.08,30.71
"6534","BARC","2022-08-25",31.4008333333333,32.66,30.7
"6535","BARC","2022-08-26",31.54625,32.98,30.76
"6536","BARC","2022-08-27",31.51625,32.94,30.91
"6537","BARC","2022-08-28",31.5095833333333,32.68,31
"6538","BARC","2022-08-29",31.4,32.35,30.91
"6539","BARC","2022-08-30",31.3327083333333,32.06,30.9
"6540","BARC","2022-08-31",31.3027083333333,31.82,30.89
"6541","BARC","2022-09-01",31.3339583333333,31.94,30.93
"6542","BARC","2022-09-02",31.31,32.72,30.75
"6543","BARC","2022-09-03",30.68125,30.95,30.41
"6544","BARC","2022-09-04",30.6427083333333,31.27,30.28
"6545","BARC","2022-09-05",30.8045833333333,32,30.27
"6546","BARC","2022-09-06",31.7546808510638,33.59,30.28
"6547","BARC","2022-09-07",32.0527272727273,33.04,30.75
"6548","BARC","2022-09-08",31.7208510638298,32.69,31.11
"6549","BARC","2022-09-09",30.7727083333333,31.09,30.36
"6550","BARC","2022-09-10",30.3504166666667,30.91,30.03
"6551","BARC","2022-09-11",30.0808333333333,30.51,29.75
"6552","BARC","2022-09-12",30.4645833333333,31.44,29.75
"6553","BARC","2022-09-13",30.1547916666667,30.64,29.82
"6554","BARC","2022-09-14",30.1347916666667,30.69,29.78
"6555","BARC","2022-09-15",29.9808333333333,30.34,29.71
"6556","BARC","2022-09-16",29.7952083333333,30.03,29.5
"6557","BARC","2022-09-17",29.5877083333333,29.87,29.3
"6558","BARC","2022-09-18",29.4877083333333,29.94,29.17
"6559","BARC","2022-09-19",29.2154166666667,29.61,28.95
"6560","BARC","2022-09-20",29.3514583333333,29.91,28.93
"6561","BARC","2022-09-21",29.4685,29.98,28.98
"6562","BARC","2022-09-22",29.4864583333333,29.9,29.03
"6563","BARC","2022-09-23",29.9702083333333,31.06,29.12
"6564","BARC","2022-09-24",29.2833333333333,29.49,28.87
"6565","BARC","2022-09-25",29.1402083333333,29.65,28.72
"6566","BARC","2022-09-26",29.66375,30.97,28.71
"6567","BARC","2022-09-27",29.78375,30.92,28.81
"6568","BARC","2022-09-28",28.9864583333333,29.31,28.44
"6569","BARC","2022-09-29",27.6279166666667,28.41,26.7
"6570","BARC","2022-09-30",25.6475,26.67,24.78
"6571","BARC","2022-10-01",25.0766666666667,25.47,24.74
"6572","BARC","2022-10-02",25.685625,26.58,24.73
"6573","BARC","2022-10-03",25.5570833333333,26.16,24.91
"6574","BARC","2022-10-04",25.1829166666667,25.57,24.7
"6575","BARC","2022-10-05",24.8185416666667,25.14,24.47
"6576","BARC","2022-10-06",25.0685416666667,25.84,24.44
"6577","BARC","2022-10-07",25.286875,26.45,24.43
"6578","BARC","2022-10-08",25.4179166666667,26.43,24.54
"6579","BARC","2022-10-09",25.3147916666667,25.89,24.71
"6580","BARC","2022-10-10",25.489375,26.06,24.83
"6581","BARC","2022-10-11",25.8085416666667,26.61,25
"6582","BARC","2022-10-12",26.0615217391304,26.91,25.24
"6583","BARC","2022-10-13",26.1939583333333,26.59,25.67
"6584","BARC","2022-10-14",26.434375,27.15,25.81
"6585","BARC","2022-10-15",26.3608333333333,27.04,25.85
"6586","BARC","2022-10-16",26.195,26.74,25.76
"6587","BARC","2022-10-17",26.609375,27.77,25.75
"6588","BARC","2022-10-18",26.2816666666667,26.83,25.9
"6589","BARC","2022-10-19",25.7022916666667,26.21,24.75
"6590","BARC","2022-10-20",24.3602173913043,24.72,23.75
"6591","BARC","2022-10-21",23.7185416666667,24.16,23.24
"6592","BARC","2022-10-22",23.178125,23.55,22.75
"6593","BARC","2022-10-23",22.886875,23.32,22.51
"6594","BARC","2022-10-24",23.17,24.03,22.48
"6595","BARC","2022-10-25",23.2185416666667,24.05,22.55
"6596","BARC","2022-10-26",23.6752083333333,24.7,22.69
"6597","BARC","2022-10-27",23.5564583333333,23.88,22.93
"6598","BARC","2022-10-28",24.1247727272727,25.45,23.24
"6599","BARC","2022-10-29",23.6708333333333,23.9,23.38
"6600","BARC","2022-10-30",23.338125,23.43,23.21
"6601","BARC","2022-10-31",23.6,24.11,23.18
"6602","BARC","2022-11-01",24.4810416666667,25.53,23.31
"6603","BARC","2022-11-02",24.85375,25.84,23.75
"6604","BARC","2022-11-03",24.8604347826087,25.7,24.08
"6605","BARC","2022-11-04",24.5225,24.96,24.01
"6606","BARC","2022-11-05",24.3314583333333,24.66,23.97
"6607","BARC","2022-11-06",24.7763829787234,25.57,24.07
"6608","BARC","2022-11-07",24.793125,25.14,24.39
"6609","BARC","2022-11-08",24.5806666666667,24.93,24.24
"6610","BARC","2022-11-09",24.23125,24.55,23.69
"6611","BARC","2022-11-10",23.1502083333333,23.66,22.66
"6612","BARC","2022-11-11",22.5422222222222,22.63,22.43
"6613","BARC","2022-11-12",22.7347916666667,23,22.43
"6614","BARC","2022-11-13",23.104375,23.46,22.63
"6615","BARC","2022-11-14",22.5808333333333,22.82,22.07
"6616","BARC","2022-11-15",22.126875,22.34,21.93
"6617","BARC","2022-11-16",22.1781395348837,22.45,21.93
"6618","BARC","2022-11-17",21.9414583333333,22.19,21.39
"6619","BARC","2022-11-18",21.0833333333333,21.37,20.52
"6620","BARC","2022-11-19",20.3675,20.68,19.88
"6621","BARC","2022-11-20",19.6408333333333,19.85,19.27
"6622","BARC","2022-11-21",18.8660416666667,19.25,18.43
"6623","BARC","2022-11-22",18.778125,19.03,18.39
"6624","BARC","2022-11-23",18.6902083333333,18.85,18.54
"6625","BARC","2022-11-24",18.9085416666667,19.11,18.57
"6626","BARC","2022-11-25",19.995,20.57,18.88
"6627","BARC","2022-11-26",21.0358333333333,21.5,20.42
"6628","BARC","2022-11-27",21.3241666666667,21.68,20.74
"6629","BARC","2022-11-28",21.2677083333333,21.92,20.47
"6630","BARC","2022-11-29",20.743023255814,21.35,20.24
"6631","BARC","2022-11-30",20.6481818181818,21.03,20.16
"6632","BARC","2022-12-01",20.5736363636364,20.96,20.05
"6633","BARC","2022-12-02",20.0139583333333,20.24,19.78
"6634","BARC","2022-12-03",20.0570833333333,20.4,19.72
"6635","BARC","2022-12-04",20.3668888888889,21.36,19.72
"6636","BARC","2022-12-05",20.3820833333333,20.96,19.77
"6637","BARC","2022-12-06",20.7783333333333,21.78,20.01
"6638","BARC","2022-12-07",21.1651063829787,22.11,20.32
"6639","BARC","2022-12-08",21.3227272727273,22.58,20.39
"6640","BARC","2022-12-09",21.2854166666667,22.12,20.53
"6641","BARC","2022-12-10",21.1714583333333,21.75,20.64
"6642","BARC","2022-12-11",21.03625,21.31,20.7
"6643","BARC","2022-12-12",20.645625,20.75,20.48
"6644","BARC","2022-12-13",20.6197916666667,21,20.32
"6645","BARC","2022-12-14",20.3289583333333,20.51,20.15
"6646","BARC","2022-12-15",20.583125,21.04,20.15
"6647","BARC","2022-12-16",20.4145833333333,20.7,20.06
"6648","BARC","2022-12-17",19.9979166666667,20.42,19.59
"6649","BARC","2022-12-18",19.5408333333333,19.89,19.13
"6650","BARC","2022-12-19",18.9329166666667,19.19,18.48
"6651","BARC","2022-12-20",18.3807142857143,18.71,18.09
"6652","BARC","2022-12-21",18.0945833333333,18.25,17.9
"6653","BARC","2022-12-22",17.7241666666667,17.89,17.54
"6654","BARC","2022-12-23",17.5566666666667,17.7,17.46
"6655","BARC","2022-12-24",17.1972916666667,17.58,16.36
"6656","BARC","2022-12-25",15.8372916666667,16.32,15.09
"6657","BARC","2022-12-26",14.8583333333333,15.07,14.46
"6658","BARC","2022-12-27",14.2558333333333,14.52,13.88
"6659","BARC","2022-12-28",13.9025,14.29,13.61
"6660","BARC","2022-12-29",14.1160869565217,14.72,13.52
"6661","BARC","2022-12-30",14.55125,14.94,13.68
"6662","BARC","2022-12-31",15.4731111111111,16.42,14.27
"6663","BARC","2023-01-01",16.1552083333333,16.43,15.58
"6664","BARC","2023-01-02",17.1314893617021,18.47,16.4
"6665","BARC","2023-01-03",17.6225,18.34,16.28
"6666","BARC","2023-01-04",18.1941666666667,18.98,17.2
"6667","BARC","2023-01-05",18.7872916666667,19.19,18.18
"6668","BARC","2023-01-06",18.5528260869565,19.24,17.37
"6669","BARC","2023-01-07",17.0441666666667,17.55,16.19
"6670","BARC","2023-01-08",16.350625,16.82,15.89
"6671","BARC","2023-01-09",16.5237777777778,17.38,15.81
"6672","BARC","2023-01-10",16.5908333333333,17.06,16.11
"6673","BARC","2023-01-11",16.3475,16.78,16.01
"6674","BARC","2023-01-12",16.5308333333333,17.21,15.95
"6675","BARC","2023-01-13",16.4575,16.83,15.99
"6676","BARC","2023-01-14",16.22625,16.57,15.68
"6677","BARC","2023-01-15",15.465,15.67,15.03
"6678","BARC","2023-01-16",15.1014583333333,15.56,14.71
"6679","BARC","2023-01-17",15.1182222222222,15.93,14.57
"6680","BARC","2023-01-18",15.0085416666667,15.35,14.55
"6681","BARC","2023-01-19",15.934347826087,16.89,14.94
"6682","BARC","2023-01-20",16.3141666666667,16.69,15.46
"6683","BARC","2023-01-21",17.0564583333333,17.69,16.49
"6684","BARC","2023-01-22",16.1931818181818,16.47,16.04
"6685","BARC","2023-01-23",16.821875,17.18,16.03
"6686","BARC","2023-01-24",16.8352083333333,17.16,16.32
"6687","BARC","2023-01-25",16.6608695652174,16.93,16.19
"6688","BARC","2023-01-26",17.0972916666667,17.35,16.53
"6689","BARC","2023-01-27",16.9645833333333,17.32,16.5
"6690","BARC","2023-01-28",16.5791666666667,16.98,16.22
"6691","BARC","2023-01-29",16.229375,16.42,16.08
"6692","BARC","2023-01-30",17.1425,18.39,16.09
"6693","BARC","2023-01-31",18.600625,19.73,17.13
"6694","BARC","2023-02-01",20.1684782608696,21.38,18.62
"6695","BARC","2023-02-02",20.3391666666667,21.1,19.45
"6696","BARC","2023-02-03",20.298125,20.81,19.5
"6697","BARC","2023-02-04",18.8445833333333,20.11,17.8
"6698","BARC","2023-02-05",17.7852083333333,18.06,17.53
"6699","BARC","2023-02-06",18.1580434782609,18.99,17.48
"6700","BARC","2023-02-07",18.05125,18.59,17.57
"6701","BARC","2023-02-08",18.24125,18.79,17.6
"6702","BARC","2023-02-09",18.7283333333333,19.36,17.87
"6703","BARC","2023-02-10",19.346875,20.12,18.31
"6704","BARC","2023-02-11",20.0008333333333,20.6,19.27
"6705","BARC","2023-02-12",19.7547916666667,20.1,19.2
"6706","BARC","2023-02-13",18.7454166666667,19.16,18.24
"6707","BARC","2023-02-14",18.4822916666667,18.92,18.07
"6708","BARC","2023-02-15",18.655625,19.22,18.05
"6709","BARC","2023-02-16",19.2464583333333,20.49,18.18
"6710","BARC","2023-02-17",19.9595833333333,20.98,18.96
"6711","BARC","2023-02-18",19.973125,20.49,19.07
"6712","BARC","2023-02-19",18.9654166666667,19.35,18.66
"6713","BARC","2023-02-20",19.648125,20.5,18.66
"6714","BARC","2023-02-21",19.5179166666667,19.96,18.93
"6715","BARC","2023-02-22",20.0291666666667,20.4,19.3
"6716","BARC","2023-02-23",21.175,21.74,20.13
"6717","BARC","2023-02-24",21.9631818181818,22.62,20.82
"6718","BARC","2023-02-25",23.2104166666667,24.42,21.86
"6719","BARC","2023-02-26",23.075,23.65,22.32
"6720","BARC","2023-02-27",23.1179166666667,24.09,22.36
"6721","BARC","2023-02-28",22.9204166666667,23.32,22.46
"6722","BARC","2023-03-01",23.1616666666667,23.55,22.63
"6723","BARC","2023-03-02",23.5308333333333,24.01,22.94
"6724","BARC","2023-03-03",23.3810416666667,23.72,22.95
"6725","BARC","2023-03-04",23.2189583333333,23.51,22.91
"6726","BARC","2023-03-05",23.2729166666667,23.46,23.03
"6727","BARC","2023-03-06",23.9666666666667,25.52,23.02
"6728","BARC","2023-03-07",24.5941860465116,25.91,23.37
"6729","BARC","2023-03-08",24.4217021276596,24.95,23.61
"6730","BARC","2023-03-09",23.8991666666667,24.36,23.29
"6731","BARC","2023-03-10",23.6052083333333,24.25,23.12
"6732","BARC","2023-03-11",23.285,23.59,22.98
"6733","BARC","2023-03-12",23.3265957446809,24.04,22.78
"6734","BARC","2023-03-13",23.1521276595745,23.44,22.77
"6735","BARC","2023-03-14",22.8497916666667,23.2,22.28
"6736","BARC","2023-03-15",22.2472916666667,22.81,21.57
"6737","BARC","2023-03-16",21.5047916666667,22.01,21
"6738","BARC","2023-03-17",21.5767441860465,22.46,20.95
"6739","BARC","2023-03-18",21.5827083333333,22,21.02
"6740","BARC","2023-03-19",21.1520833333333,21.53,20.6
"6741","BARC","2023-03-20",20.6947916666667,21.19,20.18
"6742","BARC","2023-03-21",20.2983333333333,20.79,19.87
"6743","BARC","2023-03-22",20.025,20.27,19.8
"6744","BARC","2023-03-23",21.2948936170213,23.03,19.86
"6745","BARC","2023-03-24",22.2702222222222,24.38,20.67
"6746","BARC","2023-03-25",22.8780434782609,24.1,21.51
"6747","BARC","2023-03-26",23.38,23.82,22.45
"6748","BARC","2023-03-27",24.2525,24.95,23.25
"6749","BARC","2023-03-28",24.8923913043478,25.5,24
"6750","BARC","2023-03-29",24.7779166666667,25.43,24.06
"6751","BARC","2023-03-30",23.978125,24.54,23.23
"6752","BARC","2023-03-31",23.6264583333333,24.12,23.16
"6753","BARC","2023-04-01",23.8685106382979,24.51,23.18
"6754","BARC","2023-04-02",24.2245833333333,24.64,23.53
"6755","BARC","2023-04-03",24.9040425531915,25.54,24.1
"6756","BARC","2023-04-04",24.964375,25.64,24.37
"6757","BARC","2023-04-05",25.9314634146341,27.37,24.51
"6758","BARC","2023-04-06",26.0177083333333,26.73,25.06
"6759","BARC","2023-04-07",26.5734782608696,27.74,25.61
"6760","BARC","2023-04-08",26.820625,28.12,26.01
"6761","BARC","2023-04-09",26.3475,26.77,25.56
"6762","BARC","2023-04-10",24.73375,25.53,23.95
"6763","BARC","2023-04-11",23.78,23.98,23.4
"6764","BARC","2023-04-12",23.5579166666667,23.87,23.24
"6765","BARC","2023-04-13",23.3860416666667,23.61,23.2
"6766","BARC","2023-04-14",24.0883333333333,25.19,23.2
"6767","BARC","2023-04-15",24.5170833333333,24.93,23.69
"6768","BARC","2023-04-16",25.5602083333333,26.85,24.2
"6769","BARC","2023-04-17",25.51625,26.11,24.67
"6770","BARC","2023-04-18",24.9772916666667,25.44,24.46
"6771","BARC","2023-04-19",24.7897916666667,25.45,24.35
"6772","BARC","2023-04-20",24.5620833333333,24.91,24.19
"6773","BARC","2023-04-21",24.6754347826087,25.12,24.2
"6774","BARC","2023-04-22",24.9933333333333,25.8,24.32
"6775","BARC","2023-04-23",25.394375,26.1,24.55
"6776","BARC","2023-04-24",25.026875,25.52,24.5
"6777","BARC","2023-04-25",24.803125,25.01,24.6
"6778","BARC","2023-04-26",24.9570833333333,25.39,24.58
"6779","BARC","2023-04-27",25.4439583333333,26.08,24.65
"6780","BARC","2023-04-28",25.28625,25.77,24.94
"6781","BARC","2023-04-29",25.4525,25.82,24.93
"6782","BARC","2023-04-30",25.4741666666667,25.96,25.08
"6783","BARC","2023-05-01",25.2389583333333,25.52,24.95
"6784","BARC","2023-05-02",25.1853333333333,25.55,24.89
"6785","BARC","2023-05-03",25.2641666666667,25.72,24.85
"6786","BARC","2023-05-04",25.165625,25.54,24.85
"6787","BARC","2023-05-05",25.6616666666667,26.68,24.86
"6788","BARC","2023-05-06",25.5602083333333,26.07,25.04
"6789","BARC","2023-05-07",25.4064583333333,25.7,25.19
"6790","BARC","2023-05-08",25.52875,25.94,25.17
"6791","BARC","2023-05-09",26.5216666666667,27.56,25.2
"6792","BARC","2023-05-10",26.6210416666667,27.3,25.85
"6793","BARC","2023-05-11",27.2572916666667,28.72,26.2
"6794","BARC","2023-05-12",27.2870833333333,27.85,26.71
"6795","BARC","2023-05-13",27.6483333333333,28.48,26.91
"6796","BARC","2023-05-14",27.824375,28.56,27
"6797","BARC","2023-05-15",28.1925531914894,29.54,27.29
"6798","BARC","2023-05-16",27.93625,28.37,27.5
"6799","BARC","2023-05-17",28.543829787234,29.9,27.5
"6800","BARC","2023-05-18",28.4264583333333,28.93,27.86
"6801","BARC","2023-05-19",28.5477272727273,29.25,28.09
"6802","BARC","2023-05-20",28.9747916666667,29.97,28.08
"6803","BARC","2023-05-21",29.3279166666667,30.25,28.34
"6804","BARC","2023-05-22",29.5259574468085,30.82,28.77
"6805","BARC","2023-05-23",29.1410416666667,30.71,28.6
"6806","BARC","2023-05-24",28.693125,29.05,28.33
"6807","BARC","2023-05-25",28.3129166666667,28.6,27.88
"6808","BARC","2023-05-26",28.0316666666667,28.42,27.66
"6809","BARC","2023-05-27",27.18625,27.64,26.46
"6810","BARC","2023-05-28",26.7575,27.28,26.3
"6811","BARC","2023-05-29",27.086875,27.78,26.31
"6812","BARC","2023-05-30",27.2758333333333,28.14,26.56
"6813","BARC","2023-05-31",27.7747916666667,28.72,26.79
"6814","BARC","2023-06-01",27.5163043478261,27.89,27.2
"6815","BARC","2023-06-02",27.690625,28.19,27.21
"6816","BARC","2023-06-03",27.8029166666667,28.29,27.36
"6817","BARC","2023-06-04",27.8827083333333,28.36,27.46
"6818","BARC","2023-06-05",27.855,28.26,27.46
"6819","BARC","2023-06-06",27.8917391304348,28.35,27.43
"6820","BARC","2023-06-07",28.686,29.67,27.99
"6821","BARC","2023-06-08",28.31875,28.94,27.88
"6822","BARC","2023-06-09",28.6065909090909,29.14,27.88
"6823","BARC","2023-06-10",28.3641666666667,29.22,27.97
"6824","BARC","2023-06-11",29.1658139534884,30.83,27.99
"6825","BARC","2023-06-12",29.4959574468085,30.61,28.43
"6826","BARC","2023-06-13",29.2408333333333,29.69,28.77
"6827","BARC","2023-06-14",29.585625,30.07,28.89
"6828","BARC","2023-06-15",29.7379166666667,30.25,29.24
"6829","BARC","2023-06-16",29.069375,29.6,28.5
"6830","BARC","2023-06-17",28.7965957446809,29.17,28.47
"6831","BARC","2023-06-18",28.90125,29.4,28.47
"6832","BARC","2023-06-19",29.6014583333333,30.61,28.62
"6833","BARC","2023-06-20",29.7852083333333,30.5,29.09
"6834","BARC","2023-06-21",29.1983333333333,29.63,28.87
"6835","BARC","2023-06-22",28.8835416666667,29.14,28.56
"6836","BARC","2023-06-23",28.4177083333333,28.69,28.06
"6837","BARC","2023-06-24",28.5602083333333,29.19,27.98
"6838","BARC","2023-06-25",28.9439583333333,29.55,28.27
"6839","BARC","2023-06-26",29.9185106382979,31.63,28.58
"6840","BARC","2023-06-27",30.1166666666667,30.81,29.23
"6841","BARC","2023-06-28",30.3667391304348,31.06,29.56
"6842","BARC","2023-06-29",31.0616666666667,31.74,30.03
"6843","BARC","2023-06-30",31.250625,32.1,30.44
"6844","BARC","2023-07-01",31.2342222222222,31.74,30.65
"6845","BARC","2023-07-02",31.4972916666667,32.14,30.79
"6846","BARC","2023-07-03",31.8576595744681,33.11,30.98
"6847","BARC","2023-07-04",32.2009302325581,33.45,31.18
"6848","BARC","2023-07-05",32.6325,33.47,31.51
"6849","BARC","2023-07-06",32.6147916666667,33.5,31.89
"6850","BARC","2023-07-07",32.6052272727273,33.11,32.05
"6851","BARC","2023-07-08",32.383125,32.72,32.02
"6852","BARC","2023-07-09",32.2016666666667,32.61,31.83
"6853","BARC","2023-07-10",32.1335416666667,32.54,31.83
"6854","BARC","2023-07-11",31.65125,31.94,31.26
"6855","BARC","2023-07-12",31.2989583333333,31.72,31.04
"6856","BARC","2023-07-13",31.9330434782609,33.4,31.05
"6857","BARC","2023-07-14",32.1166666666667,33.1,31.21
"6858","BARC","2023-07-15",32.021875,32.45,31.57
"6859","BARC","2023-07-16",31.9660416666667,32.37,31.59
"6860","BARC","2023-07-17",31.68625,32.1,31.37
"6861","BARC","2023-07-18",31.519375,32.12,31.16
"6862","BARC","2023-07-19",31.9708333333333,33.02,31.18
"6863","BARC","2023-07-20",32.3954347826087,33.78,31.25
"6864","BARC","2023-07-21",32.9970833333333,34.19,31.62
"6865","BARC","2023-07-22",32.7233333333333,33.3,32.15
"6866","BARC","2023-07-23",32.419375,33.01,31.98
"6867","BARC","2023-07-24",31.9402083333333,32.34,31.58
"6868","BARC","2023-07-25",31.8077083333333,32.14,31.46
"6869","BARC","2023-07-26",31.52375,31.88,31.21
"6870","BARC","2023-07-27",32.074375,33.13,31.21
"6871","BARC","2023-07-28",31.6021276595745,32.15,31.24
"6872","BARC","2023-07-29",31.49875,32.17,31.14
"6873","BARC","2023-07-30",31.8865217391304,32.99,31.15
"6874","BARC","2023-07-31",32.0022916666667,33.34,31.24
"6875","BARC","2023-08-01",31.44125,32.42,31.03
"6876","BARC","2023-08-02",31.9414634146341,34.15,31.01
"6877","BARC","2023-08-03",31.7437777777778,32.22,31.17
"6878","BARC","2023-08-04",32.0483333333333,33.34,31.32
"6879","BARC","2023-08-05",31.6554166666667,32.33,31.34
"6880","BARC","2023-08-06",31.651875,32.02,31.25
"6881","BARC","2023-08-07",32.2402083333333,33.05,31.33
"6882","BARC","2023-08-08",31.7614285714286,31.92,31.66
"6883","BARC","2023-08-09",32.7738709677419,33.21,32.27
"6884","BARC","2023-08-10",32.9664583333333,33.78,32.26
"6885","BARC","2023-08-11",33.0258333333333,33.51,32.49
"6886","BARC","2023-08-12",33.3310416666667,33.94,32.67
"6887","BARC","2023-08-13",33.7764583333333,34.7,32.87
"6888","BARC","2023-08-14",34.0621276595745,35.63,33.08
"6889","BARC","2023-08-15",33.6821276595745,34.98,33.14
"6890","BARC","2023-08-16",33.2889583333333,33.9,32.84
"6891","BARC","2023-08-17",32.774375,33.44,32.36
"6892","BARC","2023-08-18",32.3935416666667,32.87,31.92
"6893","BARC","2023-08-19",32.4183333333333,33.04,31.87
"6894","BARC","2023-08-20",32.425625,33.7,31.87
"6895","BARC","2023-08-21",31.971875,32.33,31.71
"6896","BARC","2023-08-22",32.1047826086957,32.56,31.69
"6897","BARC","2023-08-23",32.2475,32.79,31.68
"6898","BARC","2023-08-24",32.1133333333333,32.62,31.68
"6899","BARC","2023-08-25",32.0247916666667,32.57,31.63
"6900","BARC","2023-08-26",32.3274468085106,33.05,31.62
"6901","BARC","2023-08-27",32.373125,33.2,31.77
"6902","BARC","2023-08-28",32.4147916666667,33.14,31.75
"6903","BARC","2023-08-29",32.4047916666667,32.92,31.89
"6904","BARC","2023-08-30",32.2314583333333,33.02,31.55
"6905","BARC","2023-08-31",31.059375,31.52,30.7
"6906","BARC","2023-09-01",31.7362222222222,33.18,30.7
"6907","BARC","2023-09-02",30.8616666666667,31.11,30.53
"6908","BARC","2023-09-03",30.565625,30.89,30.27
"6909","BARC","2023-09-04",30.6770833333333,31.2,30.22
"6910","BARC","2023-09-05",30.6989583333333,31.44,30.22
"6911","BARC","2023-09-06",30.8614583333333,31.69,30.22
"6912","BARC","2023-09-07",31.2697777777778,32.34,30.25
"6913","BARC","2023-09-08",31.4485416666667,32.5,30.49
"6914","BARC","2023-09-09",30.6370833333333,30.94,30.24
"6915","BARC","2023-09-10",30.5847916666667,31.03,30.15
"6916","BARC","2023-09-11",30.944375,31.88,30.13
"6917","BARC","2023-09-12",30.8537209302326,32.64,30.24
"6918","BARC","2023-09-13",31.2077272727273,32.78,30.23
"6919","BARC","2023-09-14",31.2995652173913,32.51,30.37
"6920","BARC","2023-09-15",31.3834042553191,32.26,30.55
"6921","BARC","2023-09-16",31.1391666666667,31.75,30.68
"6922","BARC","2023-09-17",30.8691666666667,31.25,30.56
"6923","BARC","2023-09-18",31.0670833333333,31.59,30.56
"6924","BARC","2023-09-19",30.7875,31.28,30.39
"6925","BARC","2023-09-20",30.4464583333333,31.04,29.98
"6926","BARC","2023-09-21",30.1452173913043,30.6,29.78
"6927","BARC","2023-09-22",30.029375,30.55,29.62
"6928","BARC","2023-09-23",29.7145833333333,30.09,29.31
"6929","BARC","2023-09-24",29.5885416666667,30.23,29.02
"6930","BARC","2023-09-25",29.6372916666667,30.57,28.95
"6931","BARC","2023-09-26",29.3089583333333,30.38,28.89
"6932","BARC","2023-09-27",29.1677083333333,29.77,28.83
"6933","BARC","2023-09-28",28.92625,29.22,28.81
"6934","BARC","2023-10-03",27.4485,27.82,27.03
"6935","BARC","2023-10-04",27.2135416666667,27.51,26.92
"6936","BARC","2023-10-05",27.245625,27.65,26.91
"6937","BARC","2023-10-06",27.4183333333333,27.92,26.93
"6938","BARC","2023-10-07",27.6283333333333,28.14,27.07
"6939","BARC","2023-10-08",27.471875,28.04,26.8
"6940","BARC","2023-10-09",26.525,26.83,26.03
"6941","BARC","2023-10-10",25.8597916666667,26.26,25.34
"6942","BARC","2023-10-11",25.8979069767442,26.75,25.26
"6943","BARC","2023-10-12",25.3179166666667,25.49,25.18
"6944","BARC","2023-10-13",25.4077083333333,25.61,25.19
"6945","BARC","2023-10-14",26.3604166666667,27.31,25.32
"6946","BARC","2023-10-15",25.8733333333333,26.23,25.53
"6947","BARC","2023-10-16",25.634375,26,25.14
"6948","BARC","2023-10-17",24.938125,25.2,24.4
"6949","BARC","2023-10-18",24.405,24.82,23.94
"6950","BARC","2023-10-19",24.1319047619048,24.72,23.67
"6951","BARC","2023-10-20",24.2647916666667,25.13,23.62
"6952","BARC","2023-10-21",23.9977083333333,24.4,23.62
"6953","BARC","2023-10-22",24.0958333333333,24.68,23.63
"6954","BARC","2023-10-23",24.0683333333333,24.62,23.59
"6955","BARC","2023-10-24",23.8716666666667,24.28,23.56
"6956","BARC","2023-10-25",23.8945833333333,24.26,23.55
"6957","BARC","2023-10-26",23.9870833333333,24.3,23.62
"6958","BARC","2023-10-27",24.0316666666667,24.33,23.74
"6959","BARC","2023-10-28",24.203125,24.65,23.84
"6960","BARC","2023-10-29",24.3516666666667,24.78,23.87
"6961","BARC","2023-10-30",24.5833333333333,25.08,24.05
"6962","BARC","2023-10-31",25.1005,26.33,24.2
"6963","BARC","2023-11-01",24.9464583333333,25.54,24.31
"6964","BARC","2023-11-02",23.9366666666667,24.32,23.07
"6965","BARC","2023-11-03",22.940625,23.23,22.43
"6966","BARC","2023-11-04",22.3620833333333,22.56,22.04
"6967","BARC","2023-11-05",21.9508333333333,22.13,21.63
"6968","BARC","2023-11-06",21.7352083333333,22.14,21.35
"6969","BARC","2023-11-07",21.6260416666667,22.31,21.15
"6970","BARC","2023-11-08",21.7172340425532,22.7,21.12
"6971","BARC","2023-11-09",21.915652173913,22.9,21.1
"6972","BARC","2023-11-10",22.1502083333333,23.09,21.18
"6973","BARC","2023-11-11",22.375652173913,23.37,21.48
"6974","BARC","2023-11-12",22.5571739130435,23.13,22.02
"6975","BARC","2023-11-13",21.8414583333333,22.04,21.57
"6976","BARC","2023-11-14",21.3791666666667,21.56,21.15
"6977","BARC","2023-11-15",21.0508333333333,21.16,17.87
"6978","BARC","2023-11-16",20.9042105263158,21.05,17.47
"6979","BARC","2023-11-17",20.9285416666667,20.99,20.85
"6980","BARC","2023-11-18",21.0941666666667,21.21,20.85
"6981","BARC","2023-11-19",21.4716666666667,21.85,21.02
"6982","BARC","2023-11-20",21.8879069767442,22.95,21.13
"6983","BARC","2023-11-21",21.8319565217391,22.6,21.34
"6984","BARC","2023-11-22",21.7765217391304,22.05,21.49
"6985","BARC","2023-11-23",21.62,21.88,21.21
"6986","BARC","2023-11-24",21.063125,21.32,20.72
"6987","BARC","2023-11-25",20.5014583333333,20.7,20.21
"6988","BARC","2023-11-26",20.2510416666667,20.44,20.07
"6989","BARC","2023-11-27",19.9860416666667,20.06,19.8
"6990","BARC","2023-11-28",19.8183333333333,20.14,19.4
"6991","BARC","2023-11-29",18.9989583333333,19.39,18.46
"6992","BARC","2023-11-30",18.3204651162791,18.85,17.91
"6993","BARC","2023-12-01",18.018125,18.3,17.75
"6994","BARC","2023-12-02",18.770625,19.51,17.74
"6995","BARC","2023-12-03",19.8552173913043,20.66,18.79
"6996","BARC","2023-12-04",20.4572916666667,20.96,19.97
"6997","BARC","2023-12-05",19.7977083333333,20.38,18.87
"6998","BARC","2023-12-06",18.8753846153846,19.06,18.71
"6999","BARC","2023-12-07",18.0290476190476,18.24,17.77
"7000","BARC","2023-12-08",17.9739583333333,18.76,17.55
"7001","BARC","2023-12-09",17.915,18.3,17.52
"7002","BARC","2023-12-10",18.5208333333333,19.37,17.67
"7003","BARC","2023-12-11",18.6102083333333,18.95,18.12
"7004","BARC","2023-12-12",18.031914893617,18.36,17.63
"7005","BARC","2023-12-13",17.5758333333333,17.83,17.26
"7006","BARC","2023-12-14",17.1929166666667,17.39,16.87
"7007","BARC","2023-12-15",16.9210869565217,17.07,16.75
"7008","BARC","2023-12-16",16.965,17.17,16.71
"7009","BARC","2023-12-17",17.0358333333333,17.19,16.83
"7010","BARC","2023-12-18",17.2317021276596,17.37,17.04
"7011","BARC","2023-12-19",17.1120833333333,17.38,16.76
"7012","BARC","2023-12-20",16.543829787234,16.79,16.11
"7013","BARC","2023-12-21",16.0522916666667,16.26,15.78
"7014","BARC","2023-12-22",15.9947826086957,16.34,15.68
"7015","BARC","2023-12-23",16.1922916666667,16.55,15.78
"7016","BARC","2023-12-24",16.429375,16.75,15.92
"7017","BARC","2023-12-25",16.6722916666667,16.85,16.18
"7018","BARC","2023-12-26",17.0491666666667,17.31,16.7
"7019","BARC","2023-12-27",17.8347826086957,18.51,17.08
"7020","BARC","2023-12-28",17.405,17.63,17.07
"7021","BARC","2023-12-29",16.924375,17.17,16.57
"7022","BARC","2023-12-30",16.384375,16.59,16
"7023","BARC","2023-12-31",15.95875,16.22,15.61
"7024","BARC","2024-01-01",15.7672916666667,16.08,15.4
"7025","BARC","2024-01-02",15.7844680851064,16.07,15.36
"7026","BARC","2024-01-03",15.4583333333333,15.8,15.19
"7027","BARC","2024-01-04",15.4785416666667,15.83,15.13
"7028","BARC","2024-01-05",15.278125,15.58,15.02
"7029","BARC","2024-01-06",15.4895833333333,15.74,15.02
"7030","BARC","2024-01-07",16.2297916666667,16.68,15.62
"7031","BARC","2024-01-08",16.0335416666667,16.32,15.62
"7032","BARC","2024-01-09",15.5652083333333,15.62,15.53
"7033","BARC","2024-01-10",15.7795833333333,16.1,15.44
"7034","BARC","2024-01-11",15.5097916666667,15.74,15.27
"7035","BARC","2024-01-12",15.7290476190476,16.14,15.23
"7036","BARC","2024-01-13",16.0052083333333,16.53,15.4
"7037","BARC","2024-01-14",15.8975,16.51,15.39
"7038","BARC","2024-01-15",15.311875,15.51,15.06
"7039","BARC","2024-01-16",16.0645652173913,17.11,15
"7040","BARC","2024-01-17",15.8545833333333,16.47,14.93
"7041","BARC","2024-01-18",14.8402325581395,15.07,14.55
"7042","BARC","2024-01-19",14.580625,14.9,14.35
"7043","BARC","2024-01-20",14.6608333333333,15.01,14.28
"7044","BARC","2024-01-21",14.1508333333333,14.48,13.54
"7045","BARC","2024-01-22",13.4495833333333,13.67,13.17
"7046","BARC","2024-01-23",13.573125,13.78,13.13
"7047","BARC","2024-01-24",14.606875,15.07,13.76
"7048","BARC","2024-01-25",16.1379166666667,17.04,14.84
"7049","BARC","2024-01-26",18.3887804878049,19.73,16.36
"7050","BARC","2024-01-27",19.4934042553191,20.33,18.56
"7051","BARC","2024-01-28",20.011875,20.67,19.14
"7052","BARC","2024-01-29",18.9491666666667,19.95,17.14
"7053","BARC","2024-01-30",16.976875,17.48,16.22
"7054","BARC","2024-01-31",16.4802083333333,17.06,15.9
"7055","BARC","2024-02-01",16.0385416666667,16.39,15.6
"7056","BARC","2024-02-02",16.100625,16.98,15.54
"7057","BARC","2024-02-03",16.0427083333333,16.63,15.57
"7058","BARC","2024-02-04",16.170625,16.55,15.63
"7059","BARC","2024-02-05",16.280625,16.5,16.06
"7060","BARC","2024-02-06",16.0779166666667,16.29,15.76
"7061","BARC","2024-02-07",15.8691666666667,16.13,15.61
"7062","BARC","2024-02-08",15.8,16.17,15.52
"7063","BARC","2024-02-09",16.0466666666667,16.48,15.49
"7064","BARC","2024-02-10",16.801914893617,18.09,15.72
"7065","BARC","2024-02-11",17.0326086956522,17.59,16.17
"7066","BARC","2024-02-12",17.88875,19.13,16.81
"7067","BARC","2024-02-13",18.1479166666667,18.51,17.74
"7068","BARC","2024-02-14",17.7808333333333,18.13,17.22
"7069","BARC","2024-02-15",17.4895833333333,18.01,17.06
"7070","BARC","2024-02-16",17.386875,17.86,17.05
"7071","BARC","2024-02-17",17.5106382978723,18.06,17.02
"7072","BARC","2024-02-18",17.1554166666667,17.27,16.97
"7073","BARC","2024-02-19",16.6902083333333,16.94,16.4
"7074","BARC","2024-02-20",16.76875,17.24,16.32
"7075","BARC","2024-02-21",16.9770833333333,17.79,16.33
"7076","BARC","2024-02-22",16.6464583333333,17.02,16.32
"7077","BARC","2024-02-23",17.152,17.98,16.31
"7078","BARC","2024-02-24",16.7377083333333,16.92,16.52
"7079","BARC","2024-02-25",17.0260416666667,17.51,16.47
"7080","BARC","2024-02-26",17.404375,18.34,16.63
"7081","BARC","2024-02-27",17.6786956521739,18.38,16.78
"7082","BARC","2024-02-28",18.0735416666667,19.07,17.08
"7083","BARC","2024-02-29",18.6414583333333,19.14,17.73
"7084","BARC","2024-03-01",18.733125,19.07,18.39
"7085","BARC","2024-03-02",19.3620833333333,20.17,18.4
"7086","BARC","2024-03-03",19.9822916666667,20.86,19.27
"7087","BARC","2024-03-04",20.59,21.35,19.7
"7088","BARC","2024-03-05",20.8368888888889,21.47,20.09
"7089","BARC","2024-03-06",20.9589583333333,21.24,20.55
"7090","BARC","2024-03-07",21.255,21.69,20.67
"7091","BARC","2024-03-08",22.1630952380952,23.97,20.95
"7092","BARC","2024-03-09",22.1327083333333,22.48,21.41
"7093","BARC","2024-03-10",22.7127083333333,23.03,22.11
"7094","BARC","2024-03-11",22.1754166666667,22.7,21.28
"7095","BARC","2024-03-12",21.319375,21.94,20.68
"7096","BARC","2024-03-13",21.7560416666667,22.66,20.65
"7097","BARC","2024-03-14",21.825625,22.66,21.01
"7098","BARC","2024-03-15",22.3331914893617,24.09,21.03
"7099","BARC","2024-03-16",22.6085416666667,23.26,21.49
"7100","BARC","2024-03-17",23.38875,23.96,22.34
"7101","BARC","2024-03-18",23.9989583333333,24.73,23.13
"7102","BARC","2024-03-19",23.4775,24.11,22.15
"7103","BARC","2024-03-20",22.0806666666667,22.79,21.49
"7104","BARC","2024-03-21",21.9489583333333,22.75,21.27
"7105","BARC","2024-03-22",21.9845833333333,22.68,21.22
"7106","BARC","2024-03-23",21.48875,21.65,21.3
"7107","BARC","2024-03-24",22.0316666666667,22.98,21.29
"7108","BARC","2024-03-25",21.3758333333333,21.63,21
"7109","BARC","2024-03-26",21.4266666666667,21.81,20.98
"7110","BARC","2024-03-27",22.2933333333333,23.48,21.18
"7111","BARC","2024-03-28",21.936875,22.15,21.62
"7112","BARC","2024-03-29",22.0810416666667,22.6,21.57
"7113","BARC","2024-03-30",22.190625,23.03,21.48
"7114","BARC","2024-03-31",22.42125,23.17,21.61
"7115","BARC","2024-04-01",22.63,23.24,21.75
"7116","BARC","2024-04-02",23.1022916666667,23.85,22.23
"7117","BARC","2024-04-03",23.34875,23.75,22.72
"7118","BARC","2024-04-04",22.755,23.13,22.19
"7119","BARC","2024-04-05",22.3808333333333,22.78,21.95
"7120","BARC","2024-04-06",22.4108333333333,22.89,21.91
"7121","BARC","2024-04-07",22.5172916666667,23.39,21.85
"7122","BARC","2024-04-08",22.7066666666667,23.55,21.91
"7123","BARC","2024-04-09",22.7191666666667,23.28,22.09
"7124","BARC","2024-04-10",22.981875,23.55,22.29
"7125","BARC","2024-04-11",23.2004347826087,23.61,22.64
"7126","BARC","2024-04-12",23.038125,23.42,22.61
"7127","BARC","2024-04-13",23.0210416666667,23.51,22.57
"7128","BARC","2024-04-14",23.2897916666667,24.38,22.59
"7129","BARC","2024-04-15",24.2410416666667,25.63,22.71
"7130","BARC","2024-04-16",25.045652173913,26.74,23.34
"7131","BARC","2024-04-17",24.7239583333333,25.49,23.84
"7132","BARC","2024-04-18",25.5365217391304,26.66,24.11
"7133","BARC","2024-04-19",26.6639583333333,28.31,25
"7134","BARC","2024-04-20",26.8087234042553,28.01,25.6
"7135","BARC","2024-04-21",26.99375,27.88,25.97
"7136","BARC","2024-04-22",26.4977083333333,27.02,25.66
"7137","BARC","2024-04-23",25.7189583333333,26.16,25.06
"7138","BARC","2024-04-24",25.455,26.12,24.88
"7139","BARC","2024-04-25",25.6366666666667,26.4,24.87
"7140","BARC","2024-04-26",26.2270212765957,27.76,24.94
"7141","BARC","2024-04-27",25.7845833333333,26.35,25.3
"7142","BARC","2024-04-28",25.4108333333333,25.77,25.03
"7143","BARC","2024-04-29",25.3316666666667,25.72,24.95
"7144","BARC","2024-04-30",25.79875,26.69,24.98
"7145","BARC","2024-05-01",26.1457777777778,26.94,25.33
"7146","BARC","2024-05-02",27.2385416666667,28.65,25.6
"7147","BARC","2024-05-03",27.4465909090909,28.39,26.5
"7148","BARC","2024-05-04",27.6789361702128,29.48,26.76
"7149","BARC","2024-05-05",27.8189361702128,29,27.04
"7150","BARC","2024-05-06",28.045625,28.88,27.14
"7151","BARC","2024-05-07",28.2395744680851,29.28,27.42
"7152","BARC","2024-05-08",28.7979166666667,29.7,27.68
"7153","BARC","2024-05-09",29.2335416666667,29.92,28.14
"7154","BARC","2024-05-10",29.3210416666667,29.95,28.77
"7155","BARC","2024-05-11",28.735625,29.02,28.32
"7156","BARC","2024-05-12",28.9233333333333,29.62,28.29
"7157","BARC","2024-05-13",28.3358333333333,28.76,27.92
"7158","BARC","2024-05-14",27.8060416666667,28.09,27.48
"7159","BARC","2024-05-15",27.8541666666667,28.2,27.44
"7160","BARC","2024-05-16",27.85,28.14,27.57
"7161","BARC","2024-05-17",28.9029166666667,29.87,27.57
"7162","BARC","2024-05-18",28.4566666666667,28.96,28.03
"7163","BARC","2024-05-19",28.360625,28.76,28.01
"7164","BARC","2024-05-20",28.6664583333333,29.3,27.99
"7165","BARC","2024-05-21",28.253125,28.55,27.88
"7166","BARC","2024-05-22",28.4739583333333,29.05,27.86
"7167","BARC","2024-05-23",28.5904166666667,29.1,28.08
"7168","BARC","2024-05-24",28.8916216216216,30.47,28.16
"7169","BARC","2024-05-25",29.5435555555556,30.66,28.38
"7170","BARC","2024-05-26",29.8264583333333,30.55,28.83
"7171","BARC","2024-05-27",30.3747916666667,31.1,29.3
"7172","BARC","2024-05-28",30.3472916666667,30.92,29.74
"7173","BARC","2024-05-29",30.600625,31.13,29.94
"7174","BARC","2024-05-30",30.4747826086957,30.94,29.96
"7175","BARC","2024-05-31",30.283125,30.72,29.82
"7176","BARC","2024-06-01",30.0439583333333,30.55,29.53
"7177","BARC","2024-06-02",29.605625,30.02,29.22
"7178","BARC","2024-06-03",29.299375,29.72,28.89
"7179","BARC","2024-06-04",29.2966666666667,29.93,28.79
"7180","BARC","2024-06-05",29.3558333333333,29.95,28.8
"7181","BARC","2024-06-06",29.8851111111111,31.08,28.89
"7182","BARC","2024-06-07",30.2645833333333,31.02,29.2
"7183","BARC","2024-06-08",30.39375,31.02,29.72
"7184","BARC","2024-06-09",30.9816666666667,31.96,29.92
"7185","BARC","2024-06-10",31.146875,31.85,30.32
"7186","BARC","2024-06-11",31.089375,31.75,30.55
"7187","BARC","2024-06-12",31.36375,32.05,30.64
"7188","BARC","2024-06-13",31.1552083333333,31.64,30.79
"7189","BARC","2024-06-14",31.253829787234,31.8,30.78
"7190","BARC","2024-06-15",31.459375,32.05,30.83
"7191","BARC","2024-06-16",31.60875,32.6,31.07
"7192","BARC","2024-06-17",31.6054166666667,32.23,31.08
"7193","BARC","2024-06-18",31.1785416666667,31.49,30.83
"7194","BARC","2024-06-19",30.8097872340426,31.09,30.39
"7195","BARC","2024-06-20",30.4277083333333,30.7,30.06
"7196","BARC","2024-06-21",30.3153333333333,30.65,29.97
"7197","BARC","2024-06-22",30.6133333333333,31.14,29.95
"7198","BARC","2024-06-23",30.918125,32.15,30.27
"7199","BARC","2024-06-24",30.8520833333333,31.35,30.42
"7200","BARC","2024-06-25",31.103125,31.77,30.45
"7201","BARC","2024-06-26",31.2910416666667,32.05,30.58
"7202","BARC","2024-06-27",31.264375,31.78,30.71
"7203","BARC","2024-06-28",31.391875,31.81,30.83
"7204","BARC","2024-06-29",31.165625,31.59,30.8
"7205","BARC","2024-06-30",30.9197916666667,31.72,30.54
"7206","BARC","2024-07-01",31.3879166666667,32.57,30.55
"7207","BARC","2024-07-02",31.3857446808511,32.04,30.65
"7208","BARC","2024-07-03",31.728125,32.92,30.93
"7209","BARC","2024-07-04",31.9452083333333,33.13,31.06
"7210","BARC","2024-07-05",31.9429166666667,32.78,31.33
"7211","BARC","2024-07-06",31.9420833333333,32.78,31.44
"7212","BARC","2024-07-07",32.0672916666667,32.69,31.44
"7213","BARC","2024-07-08",32.2545833333333,33.45,31.52
"7214","BARC","2024-07-09",31.8541666666667,32.56,31.39
"7215","BARC","2024-07-10",31.6822916666667,32.12,31.32
"7216","BARC","2024-07-11",31.56,31.96,31.22
"7217","BARC","2024-07-12",31.6875,32.3,31.2
"7218","BARC","2024-07-13",31.87625,32.63,31.19
"7219","BARC","2024-07-14",31.9097916666667,32.64,31.33
"7220","BARC","2024-07-15",31.8402083333333,33.09,31.34
"7221","BARC","2024-07-16",31.4641666666667,32.3,31.05
"7222","BARC","2024-07-17",31.8344680851064,32.7,31.04
"7223","BARC","2024-07-18",31.4777083333333,32.25,31.01
"7224","BARC","2024-07-19",31.8254166666667,33.01,31.03
"7225","BARC","2024-07-20",31.5606666666667,32.88,30.87
"7226","BARC","2024-07-21",31.784375,32.79,30.82
"7227","BARC","2024-07-22",31.7866666666667,33.1,31.09
"7228","BARC","2024-07-23",31.8778723404255,32.89,31.22
"7229","BARC","2024-07-24",32.2071739130435,33.55,31.29
"7230","BARC","2024-07-25",32.0191666666667,32.86,31.45
"7231","BARC","2024-07-26",31.5208333333333,32.04,31.16
"7232","BARC","2024-07-27",31.4257446808511,32.6,30.98
"7233","BARC","2024-07-28",31.1439583333333,32.11,30.76
"7234","BARC","2024-07-29",30.6935416666667,31.22,30.39
"7235","BARC","2024-07-30",31.324375,32.42,30.4
"7236","BARC","2024-07-31",31.6035416666667,32.96,30.53
"7237","BARC","2024-08-01",31.6041304347826,33.26,30.87
"7238","BARC","2024-08-02",31.7257446808511,32.48,31
"7239","BARC","2024-08-03",31.810625,32.79,31.15
"7240","BARC","2024-08-04",31.7817391304348,32.52,31.24
"7241","BARC","2024-08-05",31.0430434782609,31.46,30.17
"7242","BARC","2024-08-06",29.3345454545455,30.09,28.76
"7243","BARC","2024-08-07",28.7404166666667,29.01,28.54
"7244","BARC","2024-08-08",29.4102083333333,30.03,28.52
"7245","BARC","2024-08-09",30.58,31.28,29.24
"7246","BARC","2024-08-10",31.1385714285714,31.69,30.26
"7247","BARC","2024-08-11",30.7047916666667,31.15,30.24
"7248","BARC","2024-08-12",31.1602083333333,31.84,30.25
"7249","BARC","2024-08-13",31.5983333333333,32.42,30.73
"7250","BARC","2024-08-14",32.1145833333333,33.03,31.14
"7251","BARC","2024-08-15",32.19875,33.11,31.52
"7252","BARC","2024-08-16",31.6135416666667,32.07,31.04
"7253","BARC","2024-08-17",31.1810416666667,31.56,30.71
"7254","BARC","2024-08-18",31.469375,32.3,30.69
"7255","BARC","2024-08-19",31.6875,32.56,30.78
"7256","BARC","2024-08-20",31.4658333333333,32.01,31.04
"7257","BARC","2024-08-21",31.931875,32.81,31.1
"7258","BARC","2024-08-22",32.192,33.48,31.32
"7259","BARC","2024-08-23",31.5579166666667,32.07,31.06
"7260","BARC","2024-08-24",31.2060416666667,32.09,30.78
"7261","BARC","2024-08-25",31.188125,31.82,30.7
"7262","BARC","2024-08-26",31.5529166666667,32.79,30.68
"7263","BARC","2024-08-27",31.3629787234043,32.32,30.81
"7264","BARC","2024-08-28",31.7456818181818,33.28,30.8
"7265","BARC","2024-08-29",31.85,32.79,30.99
"7266","BARC","2024-08-30",31.6714583333333,32.4,31.1
"7267","BARC","2024-08-31",31.725625,32.31,31.11
"7268","BARC","2024-09-01",31.5879166666667,32.14,31.15
"7269","BARC","2024-09-02",31.64125,32.28,31.1
"7270","BARC","2024-09-03",31.8878723404255,33.23,31.1
"7271","BARC","2024-09-04",31.4545833333333,32.1,31.01
"7272","BARC","2024-09-05",31.1664583333333,31.47,30.83
"7273","BARC","2024-09-06",31.0558823529412,32.06,30.68
"7274","BARC","2024-09-07",31.256875,32.49,30.59
"7275","BARC","2024-09-08",30.7575,31.1,30.44
"7276","BARC","2024-09-09",30.47375,31.02,30.18
"7277","BARC","2024-09-10",30.3408888888889,30.73,29.99
"7278","BARC","2024-09-11",29.990625,30.18,29.71
"7279","BARC","2024-09-12",29.66125,30.07,29.36
"7280","BARC","2024-09-13",29.2122916666667,29.42,28.96
"7281","BARC","2024-09-14",28.913125,29.04,28.73
"7282","BARC","2024-09-15",29.2635555555556,30.39,28.7
"7283","BARC","2024-09-16",28.879375,29.26,28.6
"7284","BARC","2024-09-17",28.5820833333333,28.81,28.34
"7285","BARC","2024-09-18",29.583829787234,30.76,28.31
"7286","BARC","2024-09-19",29.391875,30.26,28.65
"7287","BARC","2024-09-20",29.6958333333333,30.92,28.81
"7288","BARC","2024-09-21",29.74375,30.36,29.13
"7289","BARC","2024-09-22",29.4966666666667,30.08,28.97
"7290","BARC","2024-09-23",29.6320833333333,30.38,28.92
"7291","BARC","2024-09-24",29.8793617021277,30.84,29.05
"7292","BARC","2024-09-25",29.8070833333333,30.57,29.13
"7293","BARC","2024-09-26",29.3772916666667,29.76,29.09
"7294","BARC","2024-09-27",28.9684444444444,29.31,28.51
"7295","BARC","2024-09-28",28.7604166666667,29.08,28.51
"7296","BARC","2024-09-29",29.0010416666667,29.45,28.49
"7297","BARC","2024-09-30",29.2760416666667,29.83,28.59
"7298","BARC","2024-10-01",29.5089583333333,30.49,28.78
"7299","BARC","2024-10-02",29.816875,30.71,28.92
"7300","BARC","2024-10-03",29.8720833333333,31.4,29.02
"7301","BARC","2024-10-04",29.636875,30.32,29.13
"7302","BARC","2024-10-05",29.6541666666667,30.3,29.08
"7303","BARC","2024-10-06",29.241875,29.64,28.87
"7304","BARC","2024-10-07",28.6420833333333,28.89,28.25
"7305","BARC","2024-10-08",28.1008333333333,28.29,27.77
"7306","BARC","2024-10-09",27.9597872340426,28.3,27.6
"7307","BARC","2024-10-10",27.0270212765957,27.61,26.25
"7308","BARC","2024-10-11",26.0020833333333,26.23,25.58
"7309","BARC","2024-10-12",25.7579166666667,26.21,25.31
"7310","BARC","2024-10-13",25.9370833333333,26.66,25.27
"7311","BARC","2024-10-14",26.28125,27.37,25.35
"7312","BARC","2024-10-15",26.04375,26.68,25.4
"7313","BARC","2024-10-16",26.2041304347826,27.1,25.43
"7314","BARC","2024-10-17",24.9906382978723,25.39,24.1
"7315","BARC","2024-10-18",23.906976744186,24.34,23.34
"7316","BARC","2024-10-19",23.371914893617,23.71,22.97
"7317","BARC","2024-10-20",23.081875,23.34,22.76
"7318","BARC","2024-10-21",23.0064583333333,23.34,22.65
"7319","BARC","2024-10-22",23.09625,23.46,22.63
"7320","BARC","2024-10-23",23.4760416666667,23.94,22.8
"7321","BARC","2024-10-24",23.7847916666667,24.49,23.08
"7322","BARC","2024-10-25",24.2577083333333,25.35,23.21
"7323","BARC","2024-10-26",24.8102272727273,26.65,23.39
"7324","BARC","2024-10-27",24.7351111111111,26.28,23.63
"7325","BARC","2024-10-28",24.7358695652174,25.95,23.73
"7326","BARC","2024-10-29",24.1239583333333,24.55,23.72
"7327","BARC","2024-10-30",24.162,24.54,23.72
"7328","BARC","2024-10-31",24.3070833333333,24.7,23.84
"7329","BARC","2024-11-01",24.3685416666667,24.73,23.96
"7330","BARC","2024-11-02",24.868125,25.99,23.98
"7331","BARC","2024-11-03",24.9014583333333,25.32,24.22
"7332","BARC","2024-11-04",24.9889583333333,25.38,24.6
"7333","BARC","2024-11-05",24.9341666666667,25.27,24.58
"7334","BARC","2024-11-06",25.0935416666667,25.41,24.53
"7335","BARC","2024-11-07",25.4116666666667,25.86,24.97
"7336","BARC","2024-11-08",25.8002083333333,26.29,25.17
"7337","BARC","2024-11-09",25.844375,26.35,25.4
"7338","BARC","2024-11-10",25.5504166666667,25.87,25.17
"7339","BARC","2024-11-11",25.20875,25.37,24.97
"7340","BARC","2024-11-12",25.8772727272727,27.02,24.92
"7341","BARC","2024-11-13",25.475625,26.11,24.97
"7342","BARC","2024-11-14",25.0645833333333,25.32,24.77
"7343","BARC","2024-11-15",25.075,25.43,24.72
"7344","BARC","2024-11-16",24.4042857142857,24.73,23.98
"7345","BARC","2024-11-17",24.0625,24.64,23.58
"7346","BARC","2024-11-18",23.968125,24.84,23.31
"7347","BARC","2024-11-19",23.6514583333333,24.25,23.15
"7348","BARC","2024-11-20",23.38375,23.65,23.14
"7349","BARC","2024-11-21",23.3566666666667,23.76,22.82
"7350","BARC","2024-11-22",22.4254166666667,22.77,21.76
"7351","BARC","2024-11-23",21.4277777777778,21.71,20.82
"7352","BARC","2024-11-24",20.6935416666667,21.07,20.27
"7353","BARC","2024-11-25",20.519375,21.24,19.89
"7354","BARC","2024-11-26",20.3495833333333,21.27,19.67
"7355","BARC","2024-11-27",20.2783333333333,20.78,19.65
"7356","BARC","2024-11-28",20.5641666666667,21.09,19.9
"7357","BARC","2024-11-29",20.6564583333333,20.98,20.19
"7358","BARC","2024-11-30",20.1310416666667,20.56,19.41
"7359","BARC","2024-12-01",19.1891666666667,19.54,18.7
"7360","BARC","2024-12-02",18.4967391304348,18.85,18.02
"7361","BARC","2024-12-03",17.891875,18.23,17.32
"7362","BARC","2024-12-04",17.2604255319149,17.61,16.74
"7363","BARC","2024-12-05",16.6833333333333,16.76,16.66
"7364","BARC","2024-12-06",17.0255555555556,17.15,16.84
"7365","BARC","2024-12-07",16.691914893617,17.09,16.23
"7366","BARC","2024-12-08",16.2810638297872,16.67,15.93
"7367","BARC","2024-12-09",16.4917391304348,17.19,15.89
"7368","BARC","2024-12-10",16.7502083333333,17.18,16.04
"7369","BARC","2024-12-11",17.3204166666667,17.78,16.53
"7370","BARC","2024-12-12",17.1689583333333,17.78,16.32
"7371","BARC","2024-12-13",16.2922916666667,16.62,15.94
"7372","BARC","2024-12-14",16.1704166666667,16.42,15.87
"7373","BARC","2024-12-15",16.480625,16.71,16
"7374","BARC","2024-12-16",17.0629166666667,17.39,16.5
"7375","BARC","2024-12-17",17.505625,17.81,16.76
"7376","BARC","2024-12-18",18.8708888888889,19.37,17.66
"7377","BARC","2024-12-19",19.6095744680851,20.22,18.84
"7378","BARC","2024-12-20",19.9047826086957,20.63,18.96
"7379","BARC","2024-12-21",18.449375,19.04,17.47
"7380","BARC","2024-12-22",17.2689583333333,17.59,16.91
"7381","BARC","2024-12-23",16.7833333333333,17.09,16.42
"7382","BARC","2024-12-24",16.3741666666667,16.49,16.15
"7383","BARC","2024-12-25",16.0641666666667,16.22,15.83
"7384","BARC","2024-12-26",15.900625,16.07,15.76
"7385","BARC","2024-12-27",16.04125,16.2,15.8
"7386","BARC","2024-12-28",16.5516666666667,17.01,15.94
"7387","BARC","2024-12-29",17.7227659574468,18.15,16.95
"7388","BARC","2024-12-30",17.9491666666667,18.17,17.81
"7389","BARC","2024-12-31",18.6125,19.42,17.88
"7390","BARC","2025-01-01",18.9727083333333,19.42,18.34
"7391","BARC","2025-01-02",18.1122916666667,18.72,17.22
"7392","BARC","2025-01-03",17.1385416666667,17.57,16.71
"7393","BARC","2025-01-04",16.7097916666667,17.09,16.26
"7394","BARC","2025-01-05",16.2276595744681,16.61,15.87
"7395","BARC","2025-01-06",16.165625,16.67,15.78
"7396","BARC","2025-01-07",15.9,16.25,15.37
"7397","BARC","2025-01-08",15.1654166666667,15.41,14.77
"7398","BARC","2025-01-09",14.734375,15.15,14.14
"7399","BARC","2025-01-10",14.0389583333333,14.31,13.73
"7400","BARC","2025-01-11",14.1602083333333,14.36,13.64
"7401","BARC","2025-01-12",13.9535416666667,14.24,13.56
"7402","BARC","2025-01-13",13.849375,14.2,13.44
"7403","BARC","2025-01-14",13.479375,13.59,13.28
"7404","BARC","2025-01-15",13.5183333333333,13.86,13.23
"7405","BARC","2025-01-16",13.2673333333333,13.4,13.11
"7406","BARC","2025-01-17",13.3045833333333,13.76,13
"7407","BARC","2025-01-18",13.716875,14.31,12.97
"7408","BARC","2025-01-19",14.5885416666667,15.72,13.61
"7409","BARC","2025-01-20",14.745625,15.28,13.79
"7410","BARC","2025-01-21",13.59875,13.89,13.3
"7411","BARC","2025-01-22",12.8725,13.31,12.38
"7412","BARC","2025-01-23",12.05,12.35,11.7
"7413","BARC","2025-01-24",11.6983333333333,11.89,11.35
"7414","BARC","2025-01-25",11.4635416666667,11.72,11.17
"7415","BARC","2025-01-26",11.5904166666667,12.28,11.14
"7416","BARC","2025-01-27",12.6039130434783,14.15,11.27
"7417","BARC","2025-01-28",12.9244680851064,13.59,11.79
"7418","BARC","2025-01-29",13.895625,14.97,12.96
"7419","BARC","2025-01-30",14.1535416666667,14.98,13.14
"7420","BARC","2025-01-31",14.9302083333333,16.17,13.75
"7421","BARC","2025-02-01",16.0735416666667,16.86,14.66
"7422","BARC","2025-02-02",17.0591666666667,18.47,16.06
"7423","BARC","2025-02-03",16.878125,17.38,15.99
"7424","BARC","2025-02-04",17.6264583333333,18.34,16.72
"7425","BARC","2025-02-05",18.5482978723404,19.61,17.26
"7426","BARC","2025-02-06",19.1534090909091,20.5,17.6
"7427","BARC","2025-02-07",19.5777083333333,20.38,18.6
"7428","BARC","2025-02-08",19.9620833333333,20.97,19.18
"7429","BARC","2025-02-09",20.0726086956522,20.98,19.16
"7430","BARC","2025-02-10",20.1754166666667,21.04,19.24
"7431","BARC","2025-02-11",20.5848837209302,21.97,19.51
"7432","BARC","2025-02-12",20.56625,21.26,19.83
"7433","BARC","2025-02-13",20.9916666666667,22.14,20.18
"7434","BARC","2025-02-14",21.5322916666667,22.3,20.77
"7435","BARC","2025-02-15",20.7275,21.14,20.21
"7436","BARC","2025-02-16",20.9802083333333,21.53,20.21
"7437","BARC","2025-02-17",20.3077083333333,20.88,19.36
"7438","BARC","2025-02-18",19.27875,19.92,18.52
"7439","BARC","2025-02-19",19.1395833333333,20.28,18.37
"7440","BARC","2025-02-20",18.5275,18.78,18.1
"7441","BARC","2025-02-21",17.9345833333333,18.46,16.94
"7442","BARC","2025-02-22",16.8191666666667,17.15,16.43
"7443","BARC","2025-02-23",16.72375,17.34,16.36
"7444","BARC","2025-02-24",17.5137777777778,18.67,16.32
"7445","BARC","2025-02-25",16.8020833333333,17.09,16.57
"7446","BARC","2025-02-26",17.0660416666667,17.82,16.55
"7447","BARC","2025-02-27",18.32475,20.43,16.7
"7448","BARC","2025-02-28",18.4175,19.18,17.23
"7449","BARC","2025-03-01",18.5286956521739,19.83,17.7
"7450","BARC","2025-03-02",18.460625,19.01,17.77
"7451","BARC","2025-03-03",18.40875,19,17.86
"7452","BARC","2025-03-04",18.3227083333333,18.8,17.78
"7453","BARC","2025-03-05",18.5595833333333,18.87,17.99
"7454","BARC","2025-03-06",18.6702325581395,19.15,18.08
"7455","BARC","2025-03-07",18.2497916666667,18.6,17.94
"7456","BARC","2025-03-08",18.6444680851064,19.37,17.9
"7457","BARC","2025-03-09",18.25,18.45,18.01
"7458","BARC","2025-03-10",19.0806666666667,19.97,18.13
"7459","BARC","2025-03-11",19.0322916666667,19.58,18.38
"7460","BARC","2025-03-12",19.069375,19.76,18.3
"7461","BARC","2025-03-13",19.5985416666667,20.56,18.54
"7462","BARC","2025-03-14",20.0327083333333,20.73,18.91
"7463","BARC","2025-03-15",20.6706382978723,21.33,19.52
"7464","BARC","2025-03-16",20.9654166666667,21.47,20.14
"7465","BARC","2025-03-17",20.745625,21.02,20.06
"7466","BARC","2025-03-18",20.0185416666667,20.39,19.54
"7467","BARC","2025-03-19",20.113125,20.83,19.46
"7468","BARC","2025-03-20",20.6559574468085,21.75,19.55
"7469","BARC","2025-03-21",20.0675,20.54,19.41
"7470","BARC","2025-03-22",19.8964583333333,20.93,19.3
"7471","BARC","2025-03-23",20.0302083333333,20.75,19.28
"7472","BARC","2025-03-24",20.4293617021277,21.34,19.4
"7473","BARC","2025-03-25",20.4941666666667,20.84,19.98
"7474","BARC","2025-03-26",22.0402380952381,23.52,20.26
"7475","BARC","2025-03-27",22.0472916666667,23.21,20.96
"7476","BARC","2025-03-28",21.811875,22.55,21.15
"7477","BARC","2025-03-29",21.8577083333333,22.38,21.25
"7478","BARC","2025-03-30",22.1133333333333,22.5,21.51
"7479","BARC","2025-03-31",21.915,22.05,21.74
"7480","BARC","2025-04-01",22.9189583333333,23.62,21.73
"7481","BARC","2025-04-02",24.3260869565217,25.15,22.94
"7482","BARC","2025-04-03",25.0522916666667,25.82,23.86
"7483","BARC","2025-04-04",25.6683333333333,26.77,24.63
"7484","BARC","2025-04-05",26.1122916666667,27,25.16
"7485","BARC","2025-04-06",26.625,27.51,25.52
"7486","BARC","2025-04-07",26.8733333333333,27.45,26.08
"7487","BARC","2025-04-08",26.5116666666667,27.11,25.63
"7488","BARC","2025-04-09",25.7916666666667,26.4,25.01
"7489","BARC","2025-04-10",25.1485416666667,25.74,24.61
"7490","BARC","2025-04-11",25.3714583333333,26.5,24.55
"7491","BARC","2025-04-12",24.940625,25.54,24.27
"7492","BARC","2025-04-13",24.5525,25.13,23.96
"7493","BARC","2025-04-14",24.54,25.51,23.87
"7494","BARC","2025-04-15",24.63375,25.37,23.82
"7495","BARC","2025-04-16",24.6504166666667,25.17,24.01
"7496","BARC","2025-04-17",24.65,25.36,24.11
"7497","BARC","2025-04-18",24.95375,26.1,24.08
"7498","BARC","2025-04-19",25.0783333333333,25.83,24.23
"7499","BARC","2025-04-20",25.405625,26.11,24.62
"7500","BARC","2025-04-21",25.65,26.69,24.89
"7501","BARC","2025-04-22",26.20375,27.41,25.21
"7502","BARC","2025-04-23",26.5489130434783,28.07,25.55
"7503","BARC","2025-04-24",26.701875,27.62,25.87
"7504","BARC","2025-04-25",26.4564583333333,26.99,25.97
"7505","BARC","2025-04-26",26.7941666666667,27.62,25.97
"7506","BARC","2025-04-27",27.5511111111111,28.81,26.26
"7507","BARC","2025-04-28",28.0247916666667,29.31,26.79
"7508","BARC","2025-04-29",27.6829166666667,28.39,27.11
"7509","BARC","2025-04-30",27.38875,27.91,26.85
"7510","BARC","2025-05-01",27.5045652173913,28.52,26.83
"7511","BARC","2025-05-02",27.58,28.56,26.85
"7512","BARC","2025-05-03",27.7375,28.78,26.95
"7513","BARC","2025-05-04",27.5302083333333,27.91,27.11
"7514","BARC","2025-05-05",27.6279166666667,28.07,27.09
"7515","BARC","2025-05-06",27.621875,28,27.21
"7516","BARC","2025-05-07",28.3064583333333,29.42,27.21
"7517","BARC","2025-05-08",28.34875,29.22,27.67
"7518","BARC","2025-05-09",28.133125,28.51,27.76
"7519","BARC","2025-05-10",28.635,29.45,27.76
"7520","BARC","2025-05-11",28.0025,28.38,27.64
"7521","BARC","2025-05-12",27.5745833333333,27.76,27.3
"7522","BARC","2025-05-13",27.4164583333333,27.73,27.16
"7523","BARC","2025-05-14",27.6361363636364,28.12,27.16
"7524","BARC","2025-05-15",27.94625,28.63,27.17
"7525","BARC","2025-05-16",28.3291666666667,29.08,27.4
"7526","BARC","2025-05-17",28.6777083333333,29.42,27.68
"7527","BARC","2025-05-18",28.9420833333333,29.63,28.12
"7528","BARC","2025-05-19",29.495,30.35,28.46
"7529","BARC","2025-05-20",29.9235416666667,30.6,28.88
"7530","BARC","2025-05-21",30.003125,30.62,29.31
"7531","BARC","2025-05-22",29.9727083333333,30.49,29.49
"7532","BARC","2025-05-23",29.6466666666667,30.05,29.1
"7533","BARC","2025-05-24",29.9635416666667,30.87,29.09
"7534","BARC","2025-05-25",30.2146808510638,31.44,29.21
"7535","BARC","2025-05-26",30.2320833333333,31.03,29.51
"7536","BARC","2025-05-27",30.6102083333333,31.67,29.71
"7537","BARC","2025-05-28",30.8562222222222,31.69,29.97
"7538","BARC","2025-05-29",30.6177083333333,31.06,30.22
"7539","BARC","2025-05-30",30.518125,31.31,30.04
"7540","BARC","2025-05-31",30.5041666666667,31.04,30.02
"7541","BARC","2025-06-01",30.3091666666667,30.92,29.81
"7542","BARC","2025-06-02",30.3379166666667,31.07,29.71
"7543","BARC","2025-06-03",30.2439583333333,31.09,29.67
"7544","BARC","2025-06-04",29.6095833333333,30,29.18
"7545","BARC","2025-06-05",29.4516666666667,29.8,29.1
"7546","BARC","2025-06-06",29.6591489361702,30.08,29.1
"7547","BARC","2025-06-07",29.954375,30.5,29.34
"7548","BARC","2025-06-08",30.1954166666667,30.78,29.54
"7549","BARC","2025-06-09",30.2235416666667,30.74,29.76
"7550","BARC","2025-06-10",30.4558333333333,30.84,29.91
"7551","BARC","2025-06-11",30.633125,31.32,30.17
"7552","BARC","2025-06-12",31.025,32.03,30.17
"7553","BARC","2025-06-13",31.1177083333333,31.89,30.47
"7554","BARC","2025-06-14",31.1736170212766,31.72,30.64
"7555","BARC","2025-06-15",31.1489361702128,31.74,30.75
"7556","BARC","2025-06-16",31.4268085106383,32.33,30.74
"7557","BARC","2025-06-17",31.4486956521739,32.23,30.94
"7558","BARC","2025-06-18",31.535625,32.15,31.01
"7559","BARC","2025-06-19",31.6952173913043,32.41,31.06
"7560","BARC","2025-06-20",31.40125,31.87,31.04
"7561","BARC","2025-06-21",31.6775,32.78,31.04
"7562","BARC","2025-06-22",31.5377083333333,32.19,31.03
"7563","BARC","2025-06-23",31.8352083333333,32.62,31.05
"7564","BARC","2025-06-24",31.7716666666667,32.34,31.24
"7565","BARC","2025-06-25",31.8969565217391,32.51,31.33
"7566","BARC","2025-06-26",32.11125,32.97,31.33
"7567","BARC","2025-06-27",31.95375,32.5,31.45
"7568","BARC","2025-06-28",31.925,32.84,31.33
"7569","BARC","2025-06-29",31.3110416666667,32.04,30.93
"7570","BARC","2025-06-30",31.1266666666667,31.77,30.69
"7571","BARC","2025-07-01",30.59625,31.21,30.17
"7572","BARC","2025-07-02",30.6579166666667,31.19,30.16
"7573","BARC","2025-07-03",30.46125,30.82,30.16
"7574","BARC","2025-07-04",30.6495833333333,31.68,30.14
"7575","BARC","2025-07-05",30.821875,31.7,30.2
"7576","BARC","2025-07-06",30.8770833333333,31.39,30.27
"7577","BARC","2025-07-07",30.7466666666667,31.23,30.4
"7578","BARC","2025-07-08",31.3170212765957,32.04,30.42
"7579","BARC","2025-07-09",31.2983333333333,31.71,30.84
"7580","BARC","2025-07-10",30.93875,31.86,30.46
"7581","BARC","2025-07-11",31.0108333333333,31.61,30.44
"7582","BARC","2025-07-12",31.3839583333333,32.17,30.51
"7583","BARC","2025-07-13",31.2620833333333,32.01,30.77
"7584","BARC","2025-07-14",31.1925,31.73,30.73
"7585","BARC","2025-07-15",31.0766666666667,31.86,30.59
"7586","BARC","2025-07-16",30.4772916666667,30.82,30.02
"7587","BARC","2025-07-17",30.7841666666667,31.56,30
"7588","BARC","2025-07-18",31.630625,32.76,30.39
"7589","BARC","2025-07-19",32.1558333333333,32.95,31.04
"7590","BARC","2025-07-20",32.4972340425532,33.55,31.64
"7591","BARC","2025-07-21",32.6379166666667,33.47,31.68
"7592","BARC","2025-07-22",32.2516666666667,32.71,31.79
"7593","BARC","2025-07-23",31.7172916666667,32.17,31.4
"7594","BARC","2025-07-24",31.6327659574468,32.71,31.18
"7595","BARC","2025-07-25",31.900625,32.73,31.17
"7596","BARC","2025-07-26",32.3479166666667,33.42,31.31
"7597","BARC","2025-07-27",32.5951063829787,33.91,31.76
"7598","BARC","2025-07-28",33.046875,34.2,31.96
"7599","BARC","2025-07-29",33.47375,34.5,32.37
"7600","BARC","2025-07-30",33.5875,34.84,32.88
"7601","BARC","2025-07-31",33.6114285714286,34.32,32.77
"7602","BARC","2025-08-01",33.5225,34.13,32.93
"7603","BARC","2025-08-02",33.4831111111111,34.45,32.91
"7604","BARC","2025-08-03",33.4775,33.79,33.02
"7605","BARC","2025-08-04",32.9141025641026,33.51,32.52
"7606","BARC","2025-08-05",32.849375,33.52,32.32
"7607","BARC","2025-08-06",32.8073913043478,33.48,32.25
"7608","BARC","2025-08-07",32.6983333333333,33.58,32.19
"7609","BARC","2025-08-08",32.549375,33.11,32.04
"7610","BARC","2025-08-09",32.0795833333333,32.6,31.64
"7611","BARC","2025-08-10",31.9827083333333,32.37,31.55
"7612","BARC","2025-08-11",31.7889583333333,32.34,31.43
"7613","BARC","2025-08-12",32.0610416666667,32.7,31.41
"7614","BARC","2025-08-13",32.3027083333333,33.08,31.68
"7615","BARC","2025-08-14",32.7364583333333,33.67,31.84
"7616","BARC","2025-08-15",32.723125,33.32,32.1
"7617","BARC","2025-08-16",32.85,34.08,32.26
"7618","BARC","2025-08-17",32.9077083333333,34.4,32.25
"7619","BARC","2025-08-18",32.45125,33.1,32.04
"7620","BARC","2025-08-19",32.4204166666667,33.28,31.95
"7621","BARC","2025-08-20",32.15125,32.67,31.75
"7622","BARC","2025-08-21",32.365625,33.05,31.73
"7623","BARC","2025-08-22",32.02125,32.57,31.57
"7624","BARC","2025-08-23",32.209375,32.86,31.55
"7625","BARC","2025-08-24",32.0572340425532,32.73,31.6
"7626","BARC","2025-08-25",31.8427083333333,32.28,31.44
"7627","BARC","2025-08-26",31.9258333333333,32.57,31.43
"7628","BARC","2025-08-27",32.0685416666667,32.84,31.4
"7629","BARC","2025-08-28",31.9210416666667,32.76,31.4
"7630","BARC","2025-08-29",31.7975,32.5,31.31
"7631","BARC","2025-08-30",31.5008333333333,32.04,31.13
"7632","BARC","2025-08-31",31.3125,31.72,30.87
"7633","BARC","2025-09-01",30.7916666666667,31.1,30.34
"7634","BARC","2025-09-02",30.0127083333333,30.32,29.45
"7635","BARC","2025-09-03",29.593125,29.96,29.2
"7636","BARC","2025-09-04",29.6128571428571,30.15,29.14
"7637","BARC","2025-09-05",29.873125,30.66,29.12
"7638","BARC","2025-09-06",29.8972916666667,30.53,29.22
"7639","BARC","2025-09-07",29.7708333333333,30.49,29.39
"7640","BARC","2025-09-08",30.2095238095238,31.86,29.38
"7641","BARC","2025-09-09",29.5477083333333,29.9,29.13
"7642","BARC","2025-09-10",29.0085416666667,29.25,28.53
"7643","BARC","2025-09-11",28.9258333333333,29.43,28.5
"7644","BARC","2025-09-12",28.7970833333333,29.2,28.4
"7645","BARC","2025-09-13",28.52,28.88,28.17
"7646","BARC","2025-09-14",28.28625,28.63,27.94
"7647","BARC","2025-09-15",28.3104166666667,28.95,27.79
"7648","BARC","2025-09-16",28.2283333333333,28.97,27.69
"7649","BARC","2025-09-17",28.27375,29.04,27.66
"7650","BARC","2025-09-18",28.3806976744186,29.09,27.71
"7651","BARC","2025-09-19",28.3454166666667,28.94,27.71
"7652","BARC","2025-09-20",28.7175,29.58,27.79
"7653","BARC","2025-09-21",28.801875,29.51,28.09
"7654","BARC","2025-09-22",28.7745833333333,29.31,28.19
"7655","BARC","2025-09-23",29.1876086956522,30.46,28.35
"7656","BARC","2025-09-24",29.5315217391304,30.93,28.5
"7657","BARC","2025-09-25",30.1845454545455,31.39,28.84
"7658","BARC","2025-09-26",30.0175,30.71,29.38
"7659","BARC","2025-09-27",29.749375,30.45,29.3
"7660","BARC","2025-09-28",29.4731914893617,30.31,29.07
"7661","BARC","2025-09-29",29.488125,30.03,29.04
"7662","BARC","2025-09-30",29.1002083333333,29.42,28.66
"7663","BARC","2025-10-01",28.5065217391304,28.7,28.1
"7664","BARC","2025-10-02",28.1810416666667,28.59,27.78
"7665","BARC","2025-10-03",27.7225,27.99,27.39
"7666","BARC","2025-10-04",27.4089583333333,27.69,27.04
"7667","BARC","2025-10-05",27.123125,27.4,26.89
"7668","BARC","2025-10-06",27.0439583333333,27.3,26.82
"7669","BARC","2025-10-07",27.039375,27.31,26.79
"7670","BARC","2025-10-08",27.2272916666667,27.65,26.79
"7671","BARC","2025-10-09",27.359375,27.83,26.84
"7672","BARC","2025-10-10",27.09,27.39,26.73
"7673","BARC","2025-10-11",26.460625,26.7,25.93
"7674","BARC","2025-10-12",25.5804166666667,25.9,25.12
"7675","BARC","2025-10-13",25.4854166666667,25.99,25.05
"7676","BARC","2025-10-14",25.7083333333333,26.8,25.06
"7677","BARC","2025-10-15",25.815,26.49,25.13
"7678","BARC","2025-10-16",25.4577083333333,25.85,25.13
"7679","BARC","2025-10-17",25.4820833333333,26.07,25.03
"7680","BARC","2025-10-18",25.316875,25.84,24.86
"7681","BARC","2025-10-19",25.2872916666667,25.88,24.78
"7682","BARC","2025-10-20",25.02125,25.46,24.72
"7683","BARC","2025-10-21",25.1579166666667,25.84,24.69
"7684","BARC","2025-10-22",25.4163043478261,26.32,24.69
"7685","BARC","2025-10-23",25.4368181818182,26.35,24.69
"7686","BARC","2025-10-24",24.7370833333333,25.19,24.19
"7687","BARC","2025-10-25",24.3447916666667,24.79,23.93
"7688","BARC","2025-10-26",24.24875,24.73,23.88
"7689","BARC","2025-10-27",24.289375,24.55,23.86
"7690","BARC","2025-10-28",24.4633333333333,24.94,24.1
"7691","BARC","2025-10-29",23.85375,24.09,23.43
"7692","BARC","2025-10-30",23.6873913043478,24.14,23.07
"7693","BARC","2025-10-31",22.8860416666667,23.23,22.29
"7694","BARC","2025-11-01",22.245625,22.64,21.76
"7695","BARC","2025-11-02",22.0227083333333,22.71,21.46
"7696","BARC","2025-11-03",22.066875,22.93,21.44
"7697","BARC","2025-11-04",21.6014583333333,21.99,21.24
"7698","BARC","2025-11-05",21.6077083333333,22.26,21.1
"7699","BARC","2025-11-06",21.9274468085106,22.88,21.07
"7700","BARC","2025-11-07",21.9222916666667,22.58,21.19
"7701","BARC","2025-11-08",22.3367391304348,23.11,21.38
"7702","BARC","2025-11-09",22.61125,23.15,21.64
"7703","BARC","2025-11-10",22.9404166666667,23.52,21.99
"7704","BARC","2025-11-11",21.3242553191489,21.91,20.04
"7705","BARC","2025-11-12",19.55125,19.99,18.87
"7706","BARC","2025-11-13",18.9860416666667,19.49,18.52
"7707","BARC","2025-11-14",19.175,19.93,18.5
"7708","BARC","2025-11-15",19.013125,19.54,18.51
"7709","BARC","2025-11-16",19.485,20.42,18.52
"7710","BARC","2025-11-17",19.2695833333333,19.77,18.68
"7711","BARC","2025-11-18",19.6693617021277,20.33,19.02
"7712","BARC","2025-11-19",19.9045454545455,21.12,19.07
"7713","BARC","2025-11-20",20.1788888888889,21.26,19.16
"7714","BARC","2025-11-21",20.77975,22.79,19.34
"7715","BARC","2025-11-22",20.5934042553192,21.36,19.69
"7716","BARC","2025-11-23",20.6495833333333,21.19,19.84
"7717","BARC","2025-11-24",21.46875,22.12,20.62
"7718","BARC","2025-11-25",21.3522916666667,21.97,20.75
"7719","BARC","2025-11-26",21.5972916666667,22.4,20.76
"7720","BARC","2025-11-27",21.3266666666667,21.55,20.97
"7721","BARC","2025-11-28",20.5977083333333,21.03,19.7
"7722","BARC","2025-11-29",19.2491666666667,19.65,18.57
"7723","BARC","2025-11-30",18.6129166666667,18.86,18.44
"7724","BARC","2025-12-01",18.9964583333333,19.53,18.41
"7725","BARC","2025-12-02",18.91375,19.09,18.62
"7726","BARC","2025-12-03",19.4327083333333,19.79,18.85
"7727","BARC","2025-12-04",19.5077272727273,20.07,18.98
"7728","BARC","2025-12-05",18.96,18.98,18.94
"7729","BARC","2025-12-10",18.1586111111111,18.49,17.83
"7730","BARC","2025-12-11",17.6739583333333,17.89,17.33
"7731","BARC","2025-12-12",17.3366666666667,17.72,16.94
"7732","BARC","2025-12-13",17.2284782608696,17.97,16.68
"7733","BARC","2025-12-14",17.6413333333333,18.69,16.64
"7734","BARC","2025-12-15",17.3495833333333,18.08,16.49
"7735","BARC","2025-12-16",16.1664583333333,16.45,15.7
"7736","BARC","2025-12-17",16.0531914893617,16.44,15.62
"7737","BARC","2025-12-18",16.3414583333333,16.75,15.72
"7738","BARC","2025-12-19",16.934347826087,17.59,15.99
"7739","BARC","2025-12-20",17.4839583333333,18.19,16.59
"7740","BARC","2025-12-21",16.8544680851064,17.61,16.36
"7741","BARC","2025-12-22",16.85,17.54,16.29
"7742","BARC","2025-12-23",16.6419565217391,16.99,16.25
"7743","BARC","2025-12-24",17.3545652173913,18.66,16.38
"7744","BARC","2025-12-25",17.803125,18.54,16.72
"7745","BARC","2025-12-26",18.3997872340426,19.4,17.4
"7746","BARC","2025-12-27",18.385625,18.98,17.62
"7747","BARC","2025-12-28",18.7514893617021,19.04,18.1
"7748","BARC","2025-12-29",19.6520930232558,20.98,18.7
"7749","BARC","2025-12-30",18.9858333333333,19.55,17.94
"7750","BARC","2025-12-31",17.2995833333333,17.87,16.53
"7751","BARC","2026-01-01",16.4633333333333,16.61,16.28
"7752","FLNT","2018-08-15",29.1193333333333,29.69,28.48
"7753","FLNT","2018-08-16",28.82125,29.29,28.24
"7754","FLNT","2018-08-17",28.5279166666667,28.94,27.91
"7755","FLNT","2018-08-18",27.8920833333333,28.39,27.24
"7756","FLNT","2018-08-19",27.4904166666667,27.94,26.88
"7757","FLNT","2018-08-20",27.48875,27.82,26.87
"7758","FLNT","2018-08-21",27.3914583333333,28.15,26.46
"7759","FLNT","2018-08-22",26.8868085106383,27.24,26.44
"7760","FLNT","2018-08-23",27.5764583333333,28.17,26.79
"7761","FLNT","2018-08-24",27.7429166666667,28.38,27.03
"7762","FLNT","2018-08-25",27.811875,28.23,27.14
"7763","FLNT","2018-08-26",27.839375,28.49,27.25
"7764","FLNT","2018-08-27",27.78875,28.25,27.18
"7765","FLNT","2018-08-28",28.0141666666667,28.6,27.25
"7766","FLNT","2018-08-29",28.1410416666667,28.98,27.5
"7767","FLNT","2018-08-30",27.9302083333333,28.62,27.22
"7768","FLNT","2018-08-31",27.5277083333333,28.1,26.97
"7769","FLNT","2018-09-01",27.4833333333333,28.13,26.87
"7770","FLNT","2018-09-02",27.715,28.38,26.84
"7771","FLNT","2018-09-03",27.9939583333333,28.4,27.29
"7772","FLNT","2018-09-04",27.99,28.45,27.24
"7773","FLNT","2018-09-05",27.2214583333333,27.6,26.73
"7774","FLNT","2018-09-06",27.2447916666667,27.7,26.56
"7775","FLNT","2018-09-07",27.1856097560976,27.63,26.46
"7776","FLNT","2018-09-08",27.32375,27.96,26.49
"7777","FLNT","2018-09-09",27.71375,28.4,26.87
"7778","FLNT","2018-09-10",27.7897916666667,28.45,27.04
"7779","FLNT","2018-09-11",27.958125,28.66,27.24
"7780","FLNT","2018-09-12",28.035,28.77,27.2
"7781","FLNT","2018-09-13",27.91,28.45,27.27
"7782","FLNT","2018-09-14",28.0764583333333,28.67,27.32
"7783","FLNT","2018-09-15",28.38375,29.03,27.51
"7784","FLNT","2018-09-16",28.440625,29.04,27.75
"7785","FLNT","2018-09-17",28.5252083333333,29.14,27.8
"7786","FLNT","2018-09-18",28.0047916666667,28.48,27.36
"7787","FLNT","2018-09-19",27.8758333333333,28.46,27.25
"7788","FLNT","2018-09-20",28.103125,28.64,27.23
"7789","FLNT","2018-09-21",28.4120833333333,28.97,27.6
"7790","FLNT","2018-09-22",28.3264583333333,28.91,27.58
"7791","FLNT","2018-09-23",28.03625,28.67,27.28
"7792","FLNT","2018-09-24",27.5810416666667,28.05,27.12
"7793","FLNT","2018-09-25",27.4004166666667,27.95,26.89
"7794","FLNT","2018-09-26",27.2554166666667,27.9,26.75
"7795","FLNT","2018-09-27",27.3504347826087,27.86,26.71
"7796","FLNT","2018-09-28",27.1747916666667,27.68,26.59
"7797","FLNT","2018-09-29",27.041914893617,27.54,26.55
"7798","FLNT","2018-09-30",27.2387234042553,27.82,26.53
"7799","FLNT","2018-10-01",27.1695833333333,27.41,26.68
"7800","FLNT","2018-10-02",27.3820833333333,27.78,26.85
"7801","FLNT","2018-10-03",27.2133333333333,27.57,26.7
"7802","FLNT","2018-10-04",26.7225,26.76,26.7
"7803","FLNT","2018-10-17",24.8308333333333,24.9,24.74
"7804","FLNT","2018-10-18",24.935,25.35,24.48
"7805","FLNT","2018-10-19",25.1281578947368,25.45,24.74
"7806","FLNT","2018-10-20",24.9263043478261,25.17,24.53
"7807","FLNT","2018-10-21",24.749375,25.32,23.85
"7808","FLNT","2018-10-22",23.4820833333333,23.96,22.54
"7809","FLNT","2018-10-23",22.5991666666667,22.95,22.19
"7810","FLNT","2018-10-24",22.1008510638298,22.27,21.71
"7811","FLNT","2018-10-25",21.9995833333333,22.5,21.31
"7812","FLNT","2018-10-26",21.321875,21.56,21.13
"7813","FLNT","2018-10-27",21.4697916666667,22.02,20.87
"7814","FLNT","2018-10-28",20.5958333333333,20.95,19.92
"7815","FLNT","2018-10-29",20.2297916666667,20.71,19.82
"7816","FLNT","2018-10-30",20.2839583333333,20.87,19.66
"7817","FLNT","2018-10-31",20.0595833333333,20.64,19.44
"7818","FLNT","2018-11-01",20.2245833333333,20.85,19.4
"7819","FLNT","2018-11-02",20.3052083333333,20.62,19.78
"7820","FLNT","2018-11-03",19.9635416666667,20.47,19.08
"7821","FLNT","2018-11-04",19.4027083333333,19.93,18.74
"7822","FLNT","2018-11-05",18.91,19.06,18.71
"7823","FLNT","2018-11-06",19.235652173913,19.49,18.88
"7824","FLNT","2018-11-07",19.5172916666667,19.72,19.11
"7825","FLNT","2018-11-08",19.806875,19.98,19.45
"7826","FLNT","2018-11-09",20.2293181818182,20.46,19.86
"7827","FLNT","2018-11-10",20.4758333333333,20.71,20.13
"7828","FLNT","2018-11-11",19.944375,20.41,19.24
"7829","FLNT","2018-11-12",19.1960416666667,19.55,18.85
"7830","FLNT","2018-11-13",18.696875,18.84,18.37
"7831","FLNT","2018-11-14",17.9314583333333,18.35,17.42
"7832","FLNT","2018-11-15",17.0388888888889,17.4,16.65
"7833","FLNT","2018-11-16",16.0453333333333,16.62,15.22
"7834","FLNT","2018-11-17",14.9453333333333,15.4,14.34
"7835","FLNT","2018-11-18",14.253829787234,14.62,13.72
"7836","FLNT","2018-11-19",13.7151428571429,14.03,13.13
"7837","FLNT","2018-11-20",13.2368181818182,13.52,13.04
"7838","FLNT","2018-11-21",13.3067391304348,13.62,13.04
"7839","FLNT","2018-11-22",13.1286842105263,13.44,12.69
"7840","FLNT","2018-11-23",12.6272916666667,12.92,12.27
"7841","FLNT","2018-11-24",12.3591304347826,12.45,12.24
"7842","FLNT","2018-11-25",12.6082608695652,12.77,12.28
"7843","FLNT","2018-11-26",13.1239583333333,13.48,12.71
"7844","FLNT","2018-11-27",13.5847916666667,13.8,13.13
"7845","FLNT","2018-11-28",12.9041666666667,13.24,12.32
"7846","FLNT","2018-11-29",12.4560416666667,12.81,12.06
"7847","FLNT","2018-11-30",12.211875,12.52,12
"7848","FLNT","2018-12-01",12.5,12.72,12.06
"7849","FLNT","2018-12-02",13.1854166666667,13.55,12.65
"7850","FLNT","2018-12-03",13.9041666666667,14.28,13.57
"7851","FLNT","2018-12-04",15.2129166666667,15.6,14.07
"7852","FLNT","2018-12-05",15.4179166666667,15.57,15.25
"7853","FLNT","2018-12-06",14.955,15.35,14.18
"7854","FLNT","2018-12-07",13.6689583333333,14.14,13.02
"7855","FLNT","2018-12-08",12.8302083333333,13.11,12.55
"7856","FLNT","2018-12-09",12.4389130434783,12.52,12.38
"7857","FLNT","2018-12-10",12.2983333333333,12.48,11.98
"7858","FLNT","2018-12-11",11.6372916666667,11.96,11.37
"7859","FLNT","2018-12-12",11.2729166666667,11.67,10.67
"7860","FLNT","2018-12-13",10.5560869565217,10.83,10.22
"7861","FLNT","2018-12-14",10.3031914893617,10.42,10.2
"7862","FLNT","2018-12-15",10.4575,10.66,10.31
"7863","FLNT","2018-12-16",11.0704166666667,11.25,10.66
"7864","FLNT","2018-12-17",11.3115217391304,11.47,11.19
"7865","FLNT","2018-12-18",11.3483333333333,11.52,11.19
"7866","FLNT","2018-12-19",11.453125,11.66,11.2
"7867","FLNT","2018-12-20",11.6702127659574,11.77,11.46
"7868","FLNT","2018-12-21",12.055,12.25,11.74
"7869","FLNT","2018-12-22",12.205625,12.3,12.04
"7870","FLNT","2018-12-23",11.9877083333333,12.26,11.59
"7871","FLNT","2018-12-24",11.645,11.93,11.31
"7872","FLNT","2018-12-25",11.4495744680851,11.63,11.24
"7873","FLNT","2018-12-26",11.4897916666667,11.72,11.23
"7874","FLNT","2018-12-27",11.6226086956522,11.86,11.35
"7875","FLNT","2018-12-28",11.9339583333333,12.17,11.56
"7876","FLNT","2018-12-29",12.6602127659574,12.98,12.19
"7877","FLNT","2018-12-30",13.1891304347826,13.29,12.98
"7878","FLNT","2018-12-31",13.831875,14.19,13.29
"7879","FLNT","2019-01-01",14.784375,15.07,14.23
"7880","FLNT","2019-01-02",15.4920833333333,15.75,15.08
"7881","FLNT","2019-01-03",15.8486956521739,16.09,15.6
"7882","FLNT","2019-01-04",15.8625,16.08,15.73
"7883","FLNT","2019-01-05",16.0883333333333,16.28,15.82
"7884","FLNT","2019-01-06",16.0702083333333,16.34,15.72
"7885","FLNT","2019-01-07",15.7604166666667,15.83,15.69
"7886","FLNT","2021-09-01",27.03,27.13,26.92
"7887","FLNT","2021-09-02",27.1791176470588,27.49,26.65
"7888","FLNT","2021-09-03",27.3627083333333,27.91,26.65
"7889","FLNT","2021-09-04",27.4145833333333,27.89,26.82
"7890","FLNT","2021-09-05",27.2258333333333,27.65,26.69
"7891","FLNT","2021-09-06",27.0772916666667,27.51,26.51
"7892","FLNT","2021-09-07",27.1504166666667,27.63,26.46
"7893","FLNT","2021-09-08",26.98125,27.37,26.35
"7894","FLNT","2021-09-09",26.475,26.63,26.31
"7895","FLNT","2021-09-10",26.3866666666667,26.79,25.73
"7896","FLNT","2021-09-11",26.3795555555556,26.99,25.61
"7897","FLNT","2021-09-12",26.2883333333333,26.6,25.93
"7898","FLNT","2021-09-13",26.5135416666667,27,25.91
"7899","FLNT","2021-09-14",26.6389583333333,27.12,26.03
"7900","FLNT","2021-09-15",26.6770833333333,27.05,26.19
"7901","FLNT","2021-09-16",26.311875,26.59,25.91
"7902","FLNT","2021-09-17",26.011875,26.32,25.67
"7903","FLNT","2021-09-18",26.319375,26.73,25.64
"7904","FLNT","2021-09-19",26.6108510638298,26.99,26.22
"7905","FLNT","2021-09-20",26.4289361702128,26.75,26.13
"7906","FLNT","2021-09-21",26.655,27.01,26.17
"7907","FLNT","2021-09-22",26.958085106383,27.28,26.67
"7908","FLNT","2021-09-23",26.8816666666667,27.37,26.17
"7909","FLNT","2021-09-24",26.1458333333333,26.58,25.46
"7910","FLNT","2021-09-25",25.5645833333333,26.04,24.93
"7911","FLNT","2021-09-26",25.0227083333333,25.54,24.36
"7912","FLNT","2021-09-27",24.4347916666667,25.02,23.93
"7913","FLNT","2021-09-28",24.3708695652174,24.94,23.93
"7914","FLNT","2021-09-29",24.58,25.02,23.96
"7915","FLNT","2021-09-30",24.6555319148936,25.08,23.95
"7916","FLNT","2021-10-01",24.6279166666667,24.95,23.98
"7917","FLNT","2021-10-02",24.833125,25.19,24.24
"7918","FLNT","2021-10-03",24.9527083333333,25.28,24.58
"7919","FLNT","2021-10-04",24.6020833333333,24.86,24.27
"7920","FLNT","2021-10-05",24.4754166666667,24.74,24.23
"7921","FLNT","2021-10-06",24.460625,24.61,24.2
"7922","FLNT","2021-10-07",24.4010416666667,24.59,24.19
"7923","FLNT","2021-10-08",24.5102083333333,24.83,24.15
"7924","FLNT","2021-10-09",24.9454166666667,25.26,24.53
"7925","FLNT","2021-10-10",25.0520833333333,25.35,24.77
"7926","FLNT","2021-10-11",25.0675,25.5,24.51
"7927","FLNT","2021-10-12",24.4391666666667,24.88,23.83
"7928","FLNT","2021-10-13",23.8691666666667,24.2,23.49
"7929","FLNT","2021-10-14",23.625625,24.01,23.25
"7930","FLNT","2021-10-15",23.5097916666667,23.92,23.14
"7931","FLNT","2021-10-16",23.629375,24.02,23.12
"7932","FLNT","2021-10-17",23.3595833333333,23.82,22.56
"7933","FLNT","2021-10-18",22.4333333333333,22.86,21.82
"7934","FLNT","2021-10-19",21.7445833333333,22.15,21.1
"7935","FLNT","2021-10-20",21.3177083333333,21.81,20.59
"7936","FLNT","2021-10-21",21.218125,21.67,20.51
"7937","FLNT","2021-10-22",21.333125,21.53,20.81
"7938","FLNT","2021-10-23",21.6147916666667,21.95,21
"7939","FLNT","2021-10-24",21.331875,21.78,20.78
"7940","FLNT","2021-10-25",21.1302325581395,21.38,20.61
"7941","FLNT","2021-10-26",21.6045833333333,21.88,21.13
"7942","FLNT","2021-10-27",21.3641666666667,21.68,20.83
"7943","FLNT","2021-10-28",20.9378048780488,21.17,20.59
"7944","FLNT","2021-10-29",20.7316666666667,20.93,20.41
"7945","FLNT","2021-10-30",20.1377083333333,20.47,19.25
"7946","FLNT","2021-10-31",19.3770833333333,19.65,18.76
"7947","FLNT","2021-11-01",18.9302083333333,19.5,18.2
"7948","FLNT","2021-11-02",18.6051063829787,19.18,17.81
"7949","FLNT","2021-11-03",18.5297916666667,19.21,17.81
"7950","FLNT","2021-11-04",18.6995833333333,19.09,17.99
"7951","FLNT","2021-11-05",18.473125,18.71,18.2
"7952","FLNT","2021-11-06",17.6975,18.19,16.97
"7953","FLNT","2021-11-07",16.9304166666667,17.42,16.33
"7954","FLNT","2021-11-08",16.79375,17.33,16.21
"7955","FLNT","2021-11-09",16.7564583333333,17.23,16.07
"7956","FLNT","2021-11-10",16.8660526315789,17.16,16.3
"7957","FLNT","2021-11-11",16.868085106383,17.23,16.05
"7958","FLNT","2021-11-12",17.5039583333333,17.81,16.91
"7959","FLNT","2021-11-13",17.6308333333333,18.09,17.09
"7960","FLNT","2021-11-14",17.0602083333333,17.42,16.64
"7961","FLNT","2021-11-15",16.7377083333333,17.08,16.27
"7962","FLNT","2021-11-16",16.4310416666667,16.85,16.02
"7963","FLNT","2021-11-17",16.3629166666667,16.73,15.89
"7964","FLNT","2021-11-18",16.4147916666667,16.79,15.88
"7965","FLNT","2021-11-19",16.7989583333333,17.11,16.28
"7966","FLNT","2021-11-20",16.5402083333333,16.88,16.08
"7967","FLNT","2021-11-21",16.258125,16.57,15.9
"7968","FLNT","2021-11-22",16.2853191489362,16.56,15.9
"7969","FLNT","2021-11-23",16.2972916666667,16.57,15.91
"7970","FLNT","2021-11-24",15.5572916666667,15.92,14.81
"7971","FLNT","2021-11-25",14.8797916666667,15.2,14.48
"7972","FLNT","2021-11-26",14.9372916666667,15.22,14.33
"7973","FLNT","2021-11-27",15.2866666666667,15.69,14.71
"7974","FLNT","2021-11-28",14.760625,14.98,14.37
"7975","FLNT","2021-11-29",14.1658333333333,14.3,13.97
"7976","FLNT","2021-11-30",14.12625,14.32,13.66
"7977","FLNT","2021-12-01",13.8060416666667,14.06,13.38
"7978","FLNT","2021-12-02",13.6227083333333,13.93,13.17
"7979","FLNT","2021-12-03",14.098125,14.43,13.42
"7980","FLNT","2021-12-04",14.4570212765957,14.7,14.06
"7981","FLNT","2021-12-05",14.6710638297872,15.01,14.34
"7982","FLNT","2021-12-06",15.0852173913043,15.22,14.85
"7983","FLNT","2021-12-07",15.3525,15.69,14.94
"7984","FLNT","2021-12-08",15.5052083333333,16,15.18
"7985","FLNT","2021-12-09",15.9579166666667,16.11,15.45
"7986","FLNT","2021-12-10",15.2760416666667,15.45,14.97
"7987","FLNT","2021-12-11",15.4072916666667,15.64,14.96
"7988","FLNT","2021-12-12",15.9089583333333,16.2,15.41
"7989","FLNT","2021-12-13",15.7441666666667,16.1,15.21
"7990","FLNT","2021-12-14",15.3158333333333,15.55,15.12
"7991","FLNT","2021-12-15",15.2435416666667,15.67,14.67
"7992","FLNT","2021-12-16",15.0308510638298,15.35,14.68
"7993","FLNT","2021-12-17",15.2141666666667,15.46,14.86
"7994","FLNT","2021-12-18",15.541875,15.84,14.98
"7995","FLNT","2021-12-19",16.1508333333333,16.59,15.25
"7996","FLNT","2021-12-20",16.5133333333333,16.83,15.97
"7997","FLNT","2021-12-21",15.793125,16.15,15.26
"7998","FLNT","2021-12-22",14.78875,15.24,14.23
"7999","FLNT","2021-12-23",13.994375,14.42,13.24
"8000","FLNT","2021-12-24",12.8810416666667,13.25,12.23
"8001","FLNT","2021-12-25",12.401875,12.66,12.11
"8002","FLNT","2021-12-26",12.5429166666667,12.78,12.21
"8003","FLNT","2021-12-27",13.2969565217391,13.74,12.56
"8004","FLNT","2021-12-28",13.9272916666667,14.28,13.6
"8005","FLNT","2021-12-29",15.0031914893617,15.3,14.3
"8006","FLNT","2021-12-30",16.0029166666667,16.36,15.22
"8007","FLNT","2021-12-31",16.8316666666667,17.13,16.15
"8008","FLNT","2022-01-01",17.459375,17.79,17.01
"8009","FLNT","2022-01-02",17.91,18.26,17.38
"8010","FLNT","2022-01-03",18.3241666666667,18.65,17.87
"8011","FLNT","2022-01-04",17.3547916666667,17.99,16.4
"8012","FLNT","2022-01-05",15.939375,16.36,15.55
"8013","FLNT","2022-01-06",15.3954166666667,15.68,14.93
"8014","FLNT","2022-01-07",15.0520833333333,15.26,14.85
"8015","FLNT","2022-01-08",14.8879166666667,15.2,14.49
"8016","FLNT","2022-01-09",14.618125,14.89,14.43
"8017","FLNT","2022-01-10",14.63625,14.84,14.41
"8018","FLNT","2022-01-11",14.4925,14.83,13.9
"8019","FLNT","2022-01-12",13.564375,13.89,13.03
"8020","FLNT","2022-01-13",13.0002083333333,13.23,12.62
"8021","FLNT","2022-01-14",12.4812765957447,12.76,12.06
"8022","FLNT","2022-01-15",12.246875,12.51,12
"8023","FLNT","2022-01-16",12.1508333333333,12.32,11.95
"8024","FLNT","2022-01-17",12.0454166666667,12.19,11.74
"8025","FLNT","2022-01-18",11.62875,11.98,11.13
"8026","FLNT","2022-01-19",10.9529166666667,11.32,10.42
"8027","FLNT","2022-01-20",10.5245833333333,10.85,10.27
"8028","FLNT","2022-01-21",10.3947826086957,10.54,10.17
"8029","FLNT","2022-01-22",10.0514893617021,10.2,9.81
"8030","FLNT","2022-01-23",9.82434782608696,10.02,9.51
"8031","FLNT","2022-01-24",9.71979166666667,10.03,9.45
"8032","FLNT","2022-01-25",9.8647619047619,10.12,9.47
"8033","FLNT","2022-01-26",9.97326086956522,10.06,9.81
"8034","FLNT","2022-01-27",10.3185106382979,10.64,9.99
"8035","FLNT","2022-01-28",10.5514893617021,10.77,10.15
"8036","FLNT","2022-01-29",10.73625,11.11,10.29
"8037","FLNT","2022-01-30",10.3470833333333,10.86,9.63
"8038","FLNT","2022-01-31",9.95659574468085,10.42,9.58
"8039","FLNT","2022-02-01",10.4941666666667,11.05,9.61
"8040","FLNT","2022-02-02",10.5210416666667,10.93,10.1
"8041","FLNT","2022-02-03",11.4697916666667,12,10.23
"8042","FLNT","2022-02-04",12.57125,13.02,11.58
"8043","FLNT","2022-02-05",13.2716666666667,13.47,12.91
"8044","FLNT","2022-02-06",12.7129166666667,13.28,12.01
"8045","FLNT","2022-02-07",12.0185416666667,12.23,11.77
"8046","FLNT","2022-02-08",11.6744680851064,11.84,11.29
"8047","FLNT","2022-02-09",10.8377083333333,11.25,10.32
"8048","FLNT","2022-02-10",10.5477083333333,10.87,10.28
"8049","FLNT","2022-02-11",10.83625,11.12,10.35
"8050","FLNT","2022-02-12",11.06,11.38,10.81
"8051","FLNT","2022-02-13",11.1525,11.38,10.82
"8052","FLNT","2022-02-14",11.25625,11.54,10.96
"8053","FLNT","2022-02-15",11.605,11.95,11.08
"8054","FLNT","2022-02-16",12.03625,12.44,11.47
"8055","FLNT","2022-02-17",12.6858333333333,13.04,11.9
"8056","FLNT","2022-02-18",13.8229166666667,14.26,13.06
"8057","FLNT","2022-02-19",14.7333333333333,15.21,14.28
"8058","FLNT","2022-02-20",14.52875,15.04,13.92
"8059","FLNT","2022-02-21",14.3145833333333,14.71,13.88
"8060","FLNT","2022-02-22",14.4822916666667,14.7,14.14
"8061","FLNT","2022-02-23",15.0031914893617,15.49,14.4
"8062","FLNT","2022-02-24",15.5272916666667,15.89,14.91
"8063","FLNT","2022-02-25",16.3002127659574,16.67,15.66
"8064","FLNT","2022-02-26",16.7602127659574,17.01,16.39
"8065","FLNT","2022-02-27",17.04625,17.38,16.58
"8066","FLNT","2022-02-28",17.3127659574468,17.55,16.81
"8067","FLNT","2022-03-01",17.2314893617021,17.39,17.02
"8068","FLNT","2022-03-02",17.218125,17.64,16.83
"8069","FLNT","2022-03-03",17.1972916666667,17.67,16.8
"8070","FLNT","2022-03-04",17.3595833333333,17.85,16.81
"8071","FLNT","2022-03-05",17.5595833333333,18.16,16.82
"8072","FLNT","2022-03-06",18.0572340425532,18.65,17.04
"8073","FLNT","2022-03-07",18.5866666666667,19.12,17.74
"8074","FLNT","2022-03-08",19.0033333333333,19.32,18.17
"8075","FLNT","2022-03-09",19.7233333333333,20.21,18.95
"8076","FLNT","2022-03-10",19.540652173913,19.83,19.07
"8077","FLNT","2022-03-11",19.1741666666667,19.38,19.02
"8078","FLNT","2022-03-12",19.1978723404255,19.34,19.05
"8079","FLNT","2022-03-13",18.3266666666667,19.02,17.15
"8080","FLNT","2022-03-14",17.155,17.82,16.38
"8081","FLNT","2022-03-15",16.9652083333333,17.46,16.34
"8082","FLNT","2022-03-16",16.7986956521739,16.93,16.68
"8083","FLNT","2022-03-17",17.01125,17.27,16.6
"8084","FLNT","2022-03-18",17.531875,17.96,16.92
"8085","FLNT","2022-03-19",17.635652173913,17.75,17.51
"8086","FLNT","2022-03-20",17.465,17.73,17.03
"8087","FLNT","2022-03-21",17.3239583333333,17.8,16.9
"8088","FLNT","2022-03-22",17.4139583333333,17.85,16.86
"8089","FLNT","2022-03-23",17.7702083333333,18.12,17.3
"8090","FLNT","2022-03-24",18.0772916666667,18.37,17.74
"8091","FLNT","2022-03-25",18.0883333333333,18.34,17.74
"8092","FLNT","2022-03-26",18.0145833333333,18.42,17.7
"8093","FLNT","2022-03-27",18.11125,18.59,17.69
"8094","FLNT","2022-03-28",18.101875,18.59,17.62
"8095","FLNT","2022-03-29",18.3027083333333,18.81,17.59
"8096","FLNT","2022-03-30",18.615652173913,18.95,18.11
"8097","FLNT","2022-03-31",18.596,18.77,18.51
"8098","FLNT","2022-05-25",25.13,25.13,25.13
"8099","FLNT","2022-05-26",26.0217021276596,26.43,25.57
"8100","FLNT","2022-05-27",25.2947916666667,25.58,24.85
"8101","FLNT","2022-05-28",25.666875,26.2,24.85
"8102","FLNT","2022-05-29",26.1008333333333,26.67,25.24
"8103","FLNT","2022-05-30",26.4077083333333,27.04,25.38
"8104","FLNT","2022-05-31",26.8697916666667,27.48,25.8
"8105","FLNT","2022-06-01",27.1970833333333,27.84,26.32
"8106","FLNT","2022-06-02",27.36125,27.93,26.68
"8107","FLNT","2022-06-03",27.6445833333333,28.29,26.83
"8108","FLNT","2022-06-04",27.8639583333333,28.57,27.1
"8109","FLNT","2022-06-05",27.640625,28.27,27.04
"8110","FLNT","2022-06-06",27.445625,27.94,26.88
"8111","FLNT","2022-06-07",27.5625,28.08,26.86
"8112","FLNT","2022-06-08",28.0172916666667,28.63,27.15
"8113","FLNT","2022-06-09",27.8714583333333,28.47,27.19
"8114","FLNT","2022-06-10",27.3775555555556,27.85,26.85
"8115","FLNT","2022-06-11",27.798125,28.33,26.85
"8116","FLNT","2022-06-12",28.196875,28.86,27.39
"8117","FLNT","2022-06-13",28.488125,29.13,27.7
"8118","FLNT","2022-06-14",28.5960416666667,29.24,27.81
"8119","FLNT","2022-06-15",28.7027083333333,29.62,28.12
"8120","FLNT","2022-06-16",29.3346808510638,30.13,28.12
"8121","FLNT","2022-06-17",29.5889583333333,30.2,28.83
"8122","FLNT","2022-06-18",29.931875,30.52,29.06
"8123","FLNT","2022-06-19",30.1485416666667,30.79,29.39
"8124","FLNT","2022-06-20",29.7847916666667,30.5,28.84
"8125","FLNT","2022-06-21",29.3879166666667,30.17,28.35
"8126","FLNT","2022-06-22",29.3304166666667,30.16,28.3
"8127","FLNT","2022-06-23",29.6884090909091,30.34,28.77
"8128","FLNT","2022-06-24",29.6885416666667,30.26,28.89
"8129","FLNT","2022-06-25",29.5416666666667,30.26,28.6
"8130","FLNT","2022-06-26",28.7583333333333,29.1,28.09
"8131","FLNT","2022-06-27",28.7177083333333,29.36,28.03
"8132","FLNT","2022-06-28",28.6672916666667,29.26,27.98
"8133","FLNT","2022-06-29",29.105,29.57,28.12
"8134","FLNT","2022-06-30",29.3279166666667,29.81,28.78
"8135","FLNT","2022-07-01",29.503125,30.2,28.76
"8136","FLNT","2022-07-02",29.1402083333333,29.58,28.59
"8137","FLNT","2022-07-03",28.9345833333333,29.63,28.27
"8138","FLNT","2022-07-04",29.1170833333333,29.68,28.26
"8139","FLNT","2022-07-05",29.2135416666667,29.72,28.46
"8140","FLNT","2022-07-06",30.3604166666667,31.07,29.06
"8141","FLNT","2022-07-07",30.7272916666667,31.29,30.11
"8142","FLNT","2022-07-08",30.8610416666667,31.36,30.34
"8143","FLNT","2022-07-09",30.8622916666667,31.47,30.29
"8144","FLNT","2022-07-10",30.4427083333333,31.16,29.68
"8145","FLNT","2022-07-11",30.1060416666667,30.56,29.63
"8146","FLNT","2022-07-12",29.7920833333333,30.41,28.87
"8147","FLNT","2022-07-13",29.2429166666667,29.69,28.64
"8148","FLNT","2022-07-14",29.13875,29.56,28.4
"8149","FLNT","2022-07-15",28.6945833333333,28.91,28.23
"8150","FLNT","2022-07-16",28.4377083333333,28.82,27.96
"8151","FLNT","2022-07-17",28.6602083333333,29.2,27.86
"8152","FLNT","2022-07-18",28.8441666666667,29.24,28.07
"8153","FLNT","2022-07-19",29.073125,29.36,28.52
"8154","FLNT","2022-07-20",29.1622727272727,29.55,28.62
"8155","FLNT","2022-07-21",28.74625,29.15,28.13
"8156","FLNT","2022-07-22",28.593125,29,28.12
"8157","FLNT","2022-07-23",28.5016666666667,28.92,27.99
"8158","FLNT","2022-07-24",28.6970833333333,29.07,27.95
"8159","FLNT","2022-07-25",29.1429166666667,29.62,28.41
"8160","FLNT","2022-07-26",29.2772916666667,30.07,28.62
"8161","FLNT","2022-07-27",29.2225,29.75,28.58
"8162","FLNT","2022-07-28",29.3395833333333,29.76,28.81
"8163","FLNT","2022-07-29",29.3847916666667,29.92,28.89
"8164","FLNT","2022-07-30",29.3233333333333,30.07,28.79
"8165","FLNT","2022-07-31",29.441875,30.18,28.57
"8166","FLNT","2022-08-01",29.3414583333333,30.11,28.52
"8167","FLNT","2022-08-02",29.2110416666667,29.78,28.51
"8168","FLNT","2022-08-03",29.2961904761905,29.6,28.69
"8169","FLNT","2022-08-04",29.435,30.05,28.65
"8170","FLNT","2022-08-05",29.764375,30.41,28.79
"8171","FLNT","2022-08-06",30.2354166666667,30.84,29.46
"8172","FLNT","2022-08-07",29.7725,30.58,28.96
"8173","FLNT","2022-08-08",29.0241666666667,29.66,28.1
"8174","FLNT","2022-08-09",28.6354166666667,29.51,27.9
"8175","FLNT","2022-08-10",28.6847916666667,29.44,27.86
"8176","FLNT","2022-08-11",28.4920833333333,29,28.02
"8177","FLNT","2022-08-12",28.5308333333333,29.07,27.96
"8178","FLNT","2022-08-13",28.455,28.8,27.98
"8179","FLNT","2022-08-14",28.3504166666667,28.68,27.83
"8180","FLNT","2022-08-15",28.618125,29.11,27.99
"8181","FLNT","2022-08-16",28.8310416666667,29.39,28.11
"8182","FLNT","2022-08-17",29.2402083333333,29.75,28.58
"8183","FLNT","2022-08-18",29.123125,29.53,28.51
"8184","FLNT","2022-08-19",28.1166666666667,28.48,27.74
"8185","FLNT","2022-08-20",28.41125,28.95,27.71
"8186","FLNT","2022-08-21",28.5683333333333,29.34,27.92
"8187","FLNT","2022-08-22",28.3804166666667,29.04,27.84
"8188","FLNT","2022-08-23",28.3827083333333,28.92,27.81
"8189","FLNT","2022-08-24",28.1345833333333,28.54,27.71
"8190","FLNT","2022-08-25",28.3202083333333,28.74,27.69
"8191","FLNT","2022-08-26",28.4083333333333,28.7,28.17
"8192","FLNT","2022-08-27",28.67625,29.12,28.18
"8193","FLNT","2022-08-28",28.2841666666667,28.82,27.78
"8194","FLNT","2022-08-29",28.16125,28.57,27.72
"8195","FLNT","2022-08-30",28.6635416666667,29.09,28
"8196","FLNT","2022-08-31",29.1732608695652,29.67,28.55
"8197","FLNT","2022-09-01",29.2458333333333,29.73,28.6
"8198","FLNT","2022-09-02",28.9464583333333,29.48,28.22
"8199","FLNT","2022-09-03",28.5097916666667,29.07,28
"8200","FLNT","2022-09-04",28.3745833333333,28.92,27.96
"8201","FLNT","2022-09-05",28.4960416666667,28.91,27.95
"8202","FLNT","2022-09-06",28.4646808510638,28.76,28.09
"8203","FLNT","2022-09-07",28.7279166666667,29.31,28.04
"8204","FLNT","2022-09-08",28.4102127659574,28.75,26.35
"8205","FLNT","2022-09-09",28.1560416666667,28.47,27.6
"8206","FLNT","2022-09-10",27.6422916666667,28,27.12
"8207","FLNT","2022-09-11",27.0734782608696,27.36,26.37
"8208","FLNT","2022-09-12",26.4179166666667,26.64,25.85
"8209","FLNT","2022-09-13",26.6395833333333,27.19,25.78
"8210","FLNT","2022-09-14",26.716511627907,27.19,26.14
"8211","FLNT","2022-09-15",26.4252083333333,26.96,25.71
"8212","FLNT","2022-09-16",26.2439583333333,26.93,25.56
"8213","FLNT","2022-09-17",26.34125,26.9,25.5
"8214","FLNT","2022-09-18",26.2683333333333,26.71,25.71
"8215","FLNT","2022-09-19",26.2927083333333,26.81,25.65
"8216","FLNT","2022-09-20",26.3183333333333,26.95,25.65
"8217","FLNT","2022-09-21",26.4983333333333,27.08,25.61
"8218","FLNT","2022-09-22",26.7585416666667,27.38,25.98
"8219","FLNT","2022-09-23",26.930625,27.49,25.99
"8220","FLNT","2022-09-24",26.5314583333333,27.06,25.71
"8221","FLNT","2022-09-25",26.1425,26.72,25.37
"8222","FLNT","2022-09-26",25.831875,26.31,25.23
"8223","FLNT","2022-09-27",25.788125,26.34,24.99
"8224","FLNT","2022-09-28",24.9191666666667,25.34,24.05
"8225","FLNT","2022-09-29",23.4204166666667,24.02,22.35
"8226","FLNT","2022-09-30",22.3525,22.76,21.85
"8227","FLNT","2022-10-01",22.1039583333333,22.42,21.61
"8228","FLNT","2022-10-02",22.1510416666667,22.66,21.51
"8229","FLNT","2022-10-03",22.32875,22.81,21.67
"8230","FLNT","2022-10-04",22.3620833333333,22.97,21.8
"8231","FLNT","2022-10-05",22.255625,22.7,21.71
"8232","FLNT","2022-10-06",22.21375,22.61,21.62
"8233","FLNT","2022-10-07",21.9914583333333,22.46,21.42
"8234","FLNT","2022-10-08",22.0264583333333,22.47,21.25
"8235","FLNT","2022-10-09",21.98625,22.36,21.46
"8236","FLNT","2022-10-10",21.7029166666667,22.16,21.08
"8237","FLNT","2022-10-11",21.5622916666667,21.96,20.92
"8238","FLNT","2022-10-12",21.992,22.28,21.18
"8239","FLNT","2022-10-13",22.1529166666667,22.31,21.9
"8240","FLNT","2022-10-14",22.6752083333333,23.05,22.03
"8241","FLNT","2022-10-15",22.58125,23.08,21.79
"8242","FLNT","2022-10-16",22.2214583333333,22.77,21.56
"8243","FLNT","2022-10-17",22.2070833333333,22.59,21.42
"8244","FLNT","2022-10-18",22.359375,22.83,21.6
"8245","FLNT","2022-10-19",21.1160416666667,21.8,19.92
"8246","FLNT","2022-10-20",19.7595833333333,20.37,18.67
"8247","FLNT","2022-10-21",18.873125,19.43,18.07
"8248","FLNT","2022-10-22",18.5345833333333,18.99,17.93
"8249","FLNT","2022-10-23",18.4510416666667,18.86,17.87
"8250","FLNT","2022-10-24",18.5502083333333,18.85,17.92
"8251","FLNT","2022-10-25",18.96125,19.33,18.19
"8252","FLNT","2022-10-26",19.6066666666667,19.97,18.61
"8253","FLNT","2022-10-27",20.0658333333333,20.51,19.54
"8254","FLNT","2022-10-28",19.948085106383,20.26,19.37
"8255","FLNT","2022-10-29",20.1716666666667,20.36,19.81
"8256","FLNT","2022-10-30",19.9602083333333,20.05,19.86
"8257","FLNT","2022-10-31",20.1827659574468,20.4,19.79
"8258","FLNT","2022-11-01",20.4860416666667,20.86,20
"8259","FLNT","2022-11-02",20.3102083333333,20.72,19.85
"8260","FLNT","2022-11-03",20.216875,20.6,19.79
"8261","FLNT","2022-11-04",20.484375,20.96,19.88
"8262","FLNT","2022-11-05",20.3397916666667,20.84,19.85
"8263","FLNT","2022-11-06",20.55125,20.91,19.84
"8264","FLNT","2022-11-07",21.1064583333333,21.4,20.45
"8265","FLNT","2022-11-08",21.5175,21.96,20.98
"8266","FLNT","2022-11-09",21.5986666666667,22.15,20.7
"8267","FLNT","2022-11-10",20.5775,21,19.92
"8268","FLNT","2022-11-11",19.6744680851064,19.89,19.58
"8269","FLNT","2022-11-12",19.6468292682927,19.71,19.57
"8270","FLNT","2022-11-13",20.109375,20.51,19.45
"8271","FLNT","2022-11-14",19.1291666666667,19.63,18.19
"8272","FLNT","2022-11-15",18.1747916666667,18.49,17.8
"8273","FLNT","2022-11-16",18.086875,18.36,17.69
"8274","FLNT","2022-11-17",17.63,18.06,16.83
"8275","FLNT","2022-11-18",16.2970833333333,16.78,15.39
"8276","FLNT","2022-11-19",15.3620833333333,15.78,14.83
"8277","FLNT","2022-11-20",14.9802127659574,15.17,14.74
"8278","FLNT","2022-11-21",14.4810416666667,14.8,13.88
"8279","FLNT","2022-11-22",14.33625,14.66,13.8
"8280","FLNT","2022-11-23",14.7252380952381,14.98,14.06
"8281","FLNT","2022-11-24",15.4321276595745,15.79,14.69
"8282","FLNT","2022-11-25",16.0960416666667,16.43,15.38
"8283","FLNT","2022-11-26",16.1202173913043,16.19,15.95
"8284","FLNT","2022-11-27",16.0972916666667,16.2,15.94
"8285","FLNT","2022-11-28",16.385625,16.87,15.79
"8286","FLNT","2022-11-29",16.2622916666667,16.69,15.71
"8287","FLNT","2022-11-30",16.2885416666667,16.52,15.79
"8288","FLNT","2022-12-01",16.2964444444444,16.57,15.84
"8289","FLNT","2022-12-02",15.520625,16.01,14.73
"8290","FLNT","2022-12-03",14.989375,15.31,14.68
"8291","FLNT","2022-12-04",15.1770833333333,15.37,14.75
"8292","FLNT","2022-12-05",15.485,15.67,15.3
"8293","FLNT","2022-12-06",15.755,15.98,15.3
"8294","FLNT","2022-12-07",16.3153191489362,16.58,15.83
"8295","FLNT","2022-12-08",16.585625,16.83,16.35
"8296","FLNT","2022-12-09",16.8597916666667,17.16,16.45
"8297","FLNT","2022-12-10",17.1258333333333,17.41,16.64
"8298","FLNT","2022-12-11",17.1934042553191,17.33,16.95
"8299","FLNT","2022-12-12",17.2623913043478,17.44,17.08
"8300","FLNT","2022-12-13",17.2006382978723,17.4,16.94
"8301","FLNT","2022-12-14",16.9,16.92,16.88
"8302","FLNT","2022-12-20",13.8502941176471,14.12,13.41
"8303","FLNT","2022-12-21",13.25125,13.39,12.86
"8304","FLNT","2022-12-22",12.6904255319149,12.88,12.35
"8305","FLNT","2022-12-23",12.474375,12.57,12.34
"8306","FLNT","2022-12-24",11.8741666666667,12.37,10.9
"8307","FLNT","2022-12-25",10.6839583333333,11.13,9.77
"8308","FLNT","2022-12-26",9.28291666666667,9.7,8.55
"8309","FLNT","2022-12-27",9.18791666666667,9.7,8.5
"8310","FLNT","2022-12-28",8.91979166666667,9.3,8.46
"8311","FLNT","2022-12-29",8.98958333333333,9.35,8.33
"8312","FLNT","2022-12-30",9.453125,9.84,8.74
"8313","FLNT","2022-12-31",10.5444680851064,10.87,9.84
"8314","FLNT","2023-01-01",11.216875,11.52,10.85
"8315","FLNT","2023-01-02",11.8831914893617,12.14,11.28
"8316","FLNT","2023-01-03",12.7760416666667,13.02,12.17
"8317","FLNT","2023-01-04",13.679375,14.27,12.94
"8318","FLNT","2023-01-05",14.499375,14.79,14.22
"8319","FLNT","2023-01-06",13.8729166666667,14.33,12.8
"8320","FLNT","2023-01-07",12.6027083333333,13.03,11.96
"8321","FLNT","2023-01-08",12.2014583333333,12.5,11.87
"8322","FLNT","2023-01-09",11.9722916666667,12.18,11.68
"8323","FLNT","2023-01-10",11.953829787234,12.19,11.66
"8324","FLNT","2023-01-11",12.3885416666667,12.71,11.94
"8325","FLNT","2023-01-12",12.9347916666667,13.22,12.34
"8326","FLNT","2023-01-13",13.7660416666667,14.04,13.2
"8327","FLNT","2023-01-14",13.55375,13.88,13.04
"8328","FLNT","2023-01-15",12.7475,13.12,12.1
"8329","FLNT","2023-01-16",12.05375,12.4,11.67
"8330","FLNT","2023-01-17",11.9340425531915,12.31,11.61
"8331","FLNT","2023-01-18",11.8171739130435,11.99,11.63
"8332","FLNT","2023-01-19",12.2371428571429,12.44,11.79
"8333","FLNT","2023-01-20",12.894347826087,13.31,12.45
"8334","FLNT","2023-01-21",13.0604166666667,13.45,12.65
"8335","FLNT","2023-01-22",12.9922916666667,13.15,12.74
"8336","FLNT","2023-01-23",13.0760416666667,13.42,12.6
"8337","FLNT","2023-01-24",12.6564583333333,13.01,12.24
"8338","FLNT","2023-01-25",12.3871739130435,12.62,12.12
"8339","FLNT","2023-01-26",12.5266666666667,12.68,12.18
"8340","FLNT","2023-01-27",12.0652083333333,12.55,11.59
"8341","FLNT","2023-01-28",11.648125,12,11.26
"8342","FLNT","2023-01-29",11.3502083333333,11.66,11.12
"8343","FLNT","2023-01-30",11.3906382978723,11.54,11.16
"8344","FLNT","2023-01-31",11.7971111111111,12.01,11.41
"8345","FLNT","2023-02-01",12.0776595744681,12.3,11.8
"8346","FLNT","2023-02-02",12.51,12.76,12.04
"8347","FLNT","2023-02-03",12.994347826087,13.11,12.69
"8348","FLNT","2023-02-04",13.3439583333333,13.62,13.01
"8349","FLNT","2023-02-05",12.9645833333333,13.32,12.55
"8350","FLNT","2023-02-06",12.6660416666667,12.92,12.42
"8351","FLNT","2023-02-07",12.6597916666667,13.03,12.34
"8352","FLNT","2023-02-08",12.96875,13.31,12.4
"8353","FLNT","2023-02-09",13.7052173913043,14.08,13.07
"8354","FLNT","2023-02-10",14.2455319148936,14.5,13.73
"8355","FLNT","2023-02-11",14.6032608695652,14.72,14.46
"8356","FLNT","2023-02-12",14.4621276595745,14.64,14.12
"8357","FLNT","2023-02-13",13.9835416666667,14.28,13.5
"8358","FLNT","2023-02-14",13.4735416666667,13.9,12.93
"8359","FLNT","2023-02-15",13.024375,13.4,12.77
"8360","FLNT","2023-02-16",13.2619047619048,13.58,12.72
"8361","FLNT","2023-02-17",14.0253333333333,14.4,13.41
"8362","FLNT","2023-02-18",14.5545833333333,14.86,14.21
"8363","FLNT","2023-02-19",14.2602083333333,14.66,13.86
"8364","FLNT","2023-02-20",14.2976595744681,14.64,13.84
"8365","FLNT","2023-02-21",14.7334782608696,15.05,14.19
"8366","FLNT","2023-02-22",15.1397674418605,15.5,11.17
"8367","FLNT","2023-02-23",16.0060869565217,16.59,15.45
"8368","FLNT","2023-03-14",19.985,20.01,19.95
"8369","FLNT","2023-03-15",18.5854166666667,19.2,18
"8370","FLNT","2023-03-16",17.9916666666667,18.52,17.22
"8371","FLNT","2023-03-17",17.321875,17.75,16.84
"8372","FLNT","2023-03-18",17.2391666666667,17.47,16.83
"8373","FLNT","2023-03-19",16.8172916666667,17.14,16.17
"8374","FLNT","2023-03-20",16.0045833333333,16.43,15.41
"8375","FLNT","2023-03-21",15.3127083333333,15.85,14.6
"8376","FLNT","2023-03-22",15.0939583333333,15.47,14.56
"8377","FLNT","2023-03-23",15.5208333333333,15.96,14.86
"8378","FLNT","2023-03-24",16.2533333333333,16.7,15.37
"8379","FLNT","2023-03-25",17.079375,17.48,16.33
"8380","FLNT","2023-03-26",17.6225,17.83,17.26
"8381","FLNT","2023-03-27",18.1685416666667,18.58,17.86
"8382","FLNT","2023-03-28",18.4689583333333,18.84,18.13
"8383","FLNT","2023-03-29",18.0389583333333,18.32,17.79
"8384","FLNT","2023-03-30",18.545625,18.79,18.15
"8385","FLNT","2023-03-31",18.894375,19.31,18.34
"8386","FLNT","2023-04-01",19.361875,19.77,18.68
"8387","FLNT","2023-04-02",18.914375,19.3,18.65
"8388","FLNT","2023-04-03",18.78375,19.02,18.52
"8389","FLNT","2023-04-04",18.5191666666667,18.58,18.45
"8390","FLNT","2023-04-05",18.786875,18.95,18.5
"8391","FLNT","2023-04-06",19.3614893617021,19.62,18.85
"8392","FLNT","2023-04-07",20.0152173913043,20.31,19.35
"8393","FLNT","2023-04-08",20.6170212765957,20.91,20.05
"8394","FLNT","2023-04-09",20.338125,20.64,19.85
"8395","FLNT","2023-04-10",19.2354166666667,19.82,18.86
"8396","FLNT","2023-04-11",18.958125,19.32,18.41
"8397","FLNT","2023-04-12",18.7746666666667,19.15,18.36
"8398","FLNT","2023-04-13",18.9166666666667,19.24,18.44
"8399","FLNT","2023-04-14",19.2726666666667,19.6,18.69
"8400","FLNT","2023-04-15",19.7366666666667,20.09,19.22
"8401","FLNT","2023-04-16",20.2991666666667,20.71,19.6
"8402","FLNT","2023-04-17",20.500625,20.84,19.95
"8403","FLNT","2023-04-18",20.2714583333333,20.8,19.74
"8404","FLNT","2023-04-19",20.1770833333333,20.7,19.67
"8405","FLNT","2023-04-20",20.5072916666667,20.98,19.82
"8406","FLNT","2023-04-21",21.09375,21.61,20.39
"8407","FLNT","2023-04-22",21.6072916666667,22.05,20.94
"8408","FLNT","2023-04-23",21.9625,22.69,20.96
"8409","FLNT","2023-04-24",21.74,22.44,20.94
"8410","FLNT","2023-04-25",21.384375,21.66,20.96
"8411","FLNT","2023-04-26",21.5377777777778,22.02,20.94
"8412","FLNT","2023-04-27",21.861875,22.34,20.98
"8413","FLNT","2023-04-28",21.7795833333333,21.99,21.5
"8414","FLNT","2023-04-29",22.245625,22.8,21.5
"8415","FLNT","2023-04-30",22.18125,22.44,21.79
"8416","FLNT","2023-05-01",22.0966666666667,22.61,21.59
"8417","FLNT","2023-05-02",22.0910416666667,22.66,21.38
"8418","FLNT","2023-05-03",21.8685416666667,22.46,21.08
"8419","FLNT","2023-05-04",21.7345833333333,22.45,20.96
"8420","FLNT","2023-05-05",21.7216666666667,22.4,20.93
"8421","FLNT","2023-05-06",21.7716666666667,22.11,21.33
"8422","FLNT","2023-05-07",22.2766666666667,22.81,21.58
"8423","FLNT","2023-05-08",22.748125,23.16,22.07
"8424","FLNT","2023-05-09",23.1514893617021,23.53,22.68
"8425","FLNT","2023-05-10",23.641875,24.18,22.79
"8426","FLNT","2023-05-11",24.1016666666667,24.65,23.18
"8427","FLNT","2023-05-12",24.2441666666667,24.63,23.68
"8428","FLNT","2023-05-13",24.178125,24.72,23.5
"8429","FLNT","2023-05-14",24.5066666666667,25.13,23.48
"8430","FLNT","2023-05-15",25.3960416666667,26,24.18
"8431","FLNT","2023-05-16",26.128125,26.84,25.15
"8432","FLNT","2023-05-17",25.8484444444444,26.2,25.42
"8433","FLNT","2023-05-18",25.7166666666667,26.04,25.17
"8434","FLNT","2023-05-19",25.7604166666667,26.25,25.14
"8435","FLNT","2023-05-20",25.5116666666667,25.9,24.89
"8436","FLNT","2023-05-21",25.3475,25.93,24.87
"8437","FLNT","2023-05-22",25.6866666666667,26.22,25
"8438","FLNT","2023-05-23",25.4657446808511,25.83,24.96
"8439","FLNT","2023-05-24",24.7188095238095,25.07,24.03
"8440","FLNT","2023-05-25",24.3058333333333,24.72,23.86
"8441","FLNT","2023-05-26",24.274375,24.8,23.83
"8442","FLNT","2023-05-27",24.0572916666667,24.46,23.3
"8443","FLNT","2023-05-28",23.768125,24.45,22.8
"8444","FLNT","2023-05-29",23.7477083333333,24.41,22.8
"8445","FLNT","2023-05-30",23.9010416666667,24.47,22.98
"8446","FLNT","2023-05-31",23.8545833333333,24.25,23.28
"8447","FLNT","2023-06-01",24.0545833333333,24.22,23.69
"8448","FLNT","2023-06-02",24.0445833333333,24.31,23.62
"8449","FLNT","2023-06-03",24.4291666666667,24.9,23.62
"8450","FLNT","2023-06-04",24.8495833333333,25.46,24.12
"8451","FLNT","2023-06-05",25.141875,25.81,24.31
"8452","FLNT","2023-06-06",25.2330434782609,26.02,24.54
"8453","FLNT","2023-06-07",25.9924324324324,26.36,25.3
"8454","FLNT","2023-06-08",26.05625,26.64,25.27
"8455","FLNT","2023-06-09",26.3366666666667,27.03,25.54
"8456","FLNT","2023-06-10",26.6316666666667,27.3,25.66
"8457","FLNT","2023-06-11",26.8689583333333,27.49,26.17
"8458","FLNT","2023-06-12",26.88625,27.41,26.22
"8459","FLNT","2023-06-13",27.0795833333333,27.66,26.42
"8460","FLNT","2023-06-14",26.786,27.21,26.1
"8461","FLNT","2023-06-15",26.0222916666667,26.65,25.08
"8462","FLNT","2023-06-16",24.7170212765957,25.1,24.27
"8463","FLNT","2023-06-17",24.3542857142857,24.43,24.28
"8464","FLNT","2023-07-27",29.2689743589744,29.73,28.57
"8465","FLNT","2023-07-28",29.3264583333333,29.89,28.5
"8466","FLNT","2023-07-29",29.1529166666667,29.57,28.71
"8467","FLNT","2023-07-30",28.6825,29.14,28.03
"8468","FLNT","2023-07-31",28.4975,29.23,27.81
"8469","FLNT","2023-08-01",28.6139583333333,29.24,27.77
"8470","FLNT","2023-08-02",28.9420833333333,29.51,28.08
"8471","FLNT","2023-08-03",29.3066666666667,30.01,28.55
"8472","FLNT","2023-08-04",29.3204166666667,29.97,28.68
"8473","FLNT","2023-08-05",29.226875,29.82,28.55
"8474","FLNT","2023-08-06",28.8739583333333,29.44,28.29
"8475","FLNT","2023-08-07",29.145625,29.74,28.27
"8476","FLNT","2023-08-08",29.5845833333333,30.06,28.57
"8477","FLNT","2023-08-09",29.9552083333333,30.61,29.1
"8478","FLNT","2023-08-10",29.684347826087,30.22,29.04
"8479","FLNT","2023-08-11",30.021875,30.56,29.17
"8480","FLNT","2023-08-12",29.9710416666667,30.59,29.14
"8481","FLNT","2023-08-13",29.684375,30.34,29.08
"8482","FLNT","2023-08-14",30.1452083333333,30.84,29.03
"8483","FLNT","2023-08-15",30.3383333333333,31.18,29.64
"8484","FLNT","2023-08-16",30.0095744680851,30.51,29.35
"8485","FLNT","2023-08-17",29.258,29.3,29.24
"8486","FLNT","2023-08-30",28.9,29.49,28.23
"8487","FLNT","2023-08-31",28.0783333333333,28.22,27.79
"8488","FLNT","2023-09-01",29.1322916666667,29.77,27.96
"8489","FLNT","2023-09-02",28.5233333333333,28.96,27.65
"8490","FLNT","2023-09-03",27.6908333333333,28.02,27.08
"8491","FLNT","2023-09-04",27.8820833333333,28.54,26.97
"8492","FLNT","2023-09-05",28.3204166666667,29.01,27.37
"8493","FLNT","2023-09-06",28.4091666666667,29,27.74
"8494","FLNT","2023-09-07",28.3779166666667,29,27.73
"8495","FLNT","2023-09-08",28.0633333333333,28.7,27.4
"8496","FLNT","2023-09-09",28.1035416666667,28.81,27.38
"8497","FLNT","2023-09-10",27.8927083333333,28.29,27.37
"8498","FLNT","2023-09-11",28.1145833333333,28.69,27.3
"8499","FLNT","2023-09-12",28.2122916666667,28.64,27.52
"8500","FLNT","2023-09-13",27.64,27.64,27.64
"8501","FLNT","2023-09-14",27.8604761904762,28.22,27.25
"8502","FLNT","2023-09-15",27.8572916666667,28.3,27.19
"8503","FLNT","2023-09-16",27.5639583333333,27.98,27.03
"8504","FLNT","2023-09-17",27.4922916666667,27.95,26.95
"8505","FLNT","2023-09-18",27.2408333333333,27.75,26.4
"8506","FLNT","2023-09-19",26.7597916666667,27.32,26
"8507","FLNT","2023-09-20",26.5202083333333,27.1,25.89
"8508","FLNT","2023-09-21",26.1720833333333,26.55,25.65
"8509","FLNT","2023-09-22",26.2385416666667,26.88,25.48
"8510","FLNT","2023-09-23",25.9708333333333,26.55,25.25
"8511","FLNT","2023-09-24",25.746875,26.27,25.09
"8512","FLNT","2023-09-25",25.6583333333333,26.23,24.98
"8513","FLNT","2023-09-26",25.8310416666667,26.36,24.97
"8514","FLNT","2023-09-27",25.24625,25.53,25
"8515","FLNT","2023-09-28",24.6916666666667,24.97,24.21
"8516","FLNT","2023-09-29",24.3997916666667,24.74,23.94
"8517","FLNT","2023-09-30",24.60125,25.02,23.85
"8518","FLNT","2023-10-01",24.8041666666667,25.32,24.26
"8519","FLNT","2023-10-02",24.68375,25.13,24.24
"8520","FLNT","2023-10-03",24.5652083333333,25.04,24.01
"8521","FLNT","2023-10-04",24.335625,24.79,23.83
"8522","FLNT","2023-10-05",24.2989583333333,24.61,23.73
"8523","FLNT","2023-10-06",24.560625,25.01,23.98
"8524","FLNT","2023-10-07",24.4191666666667,24.71,24.19
"8525","FLNT","2023-10-08",24.0079166666667,24.68,22.88
"8526","FLNT","2023-10-09",22.8714583333333,23.53,21.97
"8527","FLNT","2023-10-10",22.2764583333333,22.9,21.54
"8528","FLNT","2023-10-11",22.0058695652174,22.34,21.44
"8529","FLNT","2023-10-12",21.6816666666667,22.07,21.08
"8530","FLNT","2023-10-13",21.13125,21.22,21.05
"8531","FLNT","2023-10-14",21.4815217391304,21.64,21.14
"8532","FLNT","2023-10-15",21.6122916666667,21.92,21.05
"8533","FLNT","2023-10-16",21.1135416666667,21.68,20.24
"8534","FLNT","2023-10-17",20.479375,20.87,19.97
"8535","FLNT","2023-10-18",20.3417073170732,20.82,19.52
"8536","FLNT","2023-10-19",20.0839583333333,20.63,19.43
"8537","FLNT","2023-10-20",20.0747916666667,20.51,19.34
"8538","FLNT","2023-10-21",20.3339583333333,20.86,19.77
"8539","FLNT","2023-10-22",20.2920833333333,20.82,19.64
"8540","FLNT","2023-10-23",20.2666666666667,20.83,19.58
"8541","FLNT","2023-10-24",20.2889583333333,20.77,19.56
"8542","FLNT","2023-10-25",20.3215217391304,20.82,19.57
"8543","FLNT","2023-10-26",20.631875,21.03,19.85
"8544","FLNT","2023-10-27",20.9127659574468,21.24,20.3
"8545","FLNT","2023-10-28",21.0389583333333,21.36,20.51
"8546","FLNT","2023-10-29",21.1654166666667,21.52,20.63
"8547","FLNT","2023-10-30",21.3035416666667,21.65,20.72
"8548","FLNT","2023-10-31",21.394375,21.76,20.7
"8549","FLNT","2023-11-01",20.9791666666667,21.46,19.95
"8550","FLNT","2023-11-02",19.3725,19.85,18.47
"8551","FLNT","2023-11-03",18.4016666666667,18.74,17.82
"8552","FLNT","2023-11-04",18.0497916666667,18.37,17.63
"8553","FLNT","2023-11-05",18.1479166666667,18.5,17.64
"8554","FLNT","2023-11-06",18.206875,18.58,17.74
"8555","FLNT","2023-11-07",18.3679166666667,18.69,17.77
"8556","FLNT","2023-11-08",18.5724444444444,18.88,18.05
"8557","FLNT","2023-11-09",18.6531914893617,18.96,18.07
"8558","FLNT","2023-11-10",19.034375,19.31,18.43
"8559","FLNT","2023-11-11",19.2189361702128,19.44,18.82
"8560","FLNT","2023-11-12",18.9516666666667,19.31,18.35
"8561","FLNT","2023-11-13",18.3048,18.46,18.16
"8562","FLNT","2023-11-14",18.0852941176471,18.24,17.82
"8563","FLNT","2023-11-15",17.6704166666667,17.8,17.45
"8564","FLNT","2023-11-16",17.3484090909091,17.44,17.06
"8565","FLNT","2023-11-17",17.235625,17.54,16.95
"8566","FLNT","2023-11-18",17.5046666666667,17.76,16.98
"8567","FLNT","2023-11-19",18.0497916666667,18.55,17.41
"8568","FLNT","2023-11-20",17.918125,18.35,17.38
"8569","FLNT","2023-11-21",17.8308510638298,18.13,17.21
"8570","FLNT","2023-11-22",18.2060416666667,18.52,17.74
"8571","FLNT","2023-11-23",18.1404166666667,18.58,17.38
"8572","FLNT","2023-11-24",17.4916666666667,17.81,17.16
"8573","FLNT","2023-11-25",17.23125,17.61,16.7
"8574","FLNT","2023-11-26",17.0575,17.39,16.6
"8575","FLNT","2023-11-27",16.5797872340426,16.88,16.32
"8576","FLNT","2023-11-28",16.0679166666667,16.4,15.38
"8577","FLNT","2023-11-29",15.1647916666667,15.56,14.46
"8578","FLNT","2023-11-30",14.4783333333333,14.89,13.81
"8579","FLNT","2023-12-01",13.991875,14.22,13.65
"8580","FLNT","2023-12-02",14.6469047619048,14.96,13.92
"8581","FLNT","2023-12-03",15.2134042553191,15.41,14.85
"8582","FLNT","2023-12-04",15.416875,15.65,15.07
"8583","FLNT","2023-12-05",15.2947916666667,15.58,14.9
"8584","FLNT","2023-12-06",14.8141666666667,15.03,14.45
"8585","FLNT","2023-12-07",14.615625,15.01,14.16
"8586","FLNT","2023-12-08",14.3289583333333,14.7,13.92
"8587","FLNT","2023-12-09",14.2342553191489,14.42,13.86
"8588","FLNT","2023-12-10",15.1789130434783,15.55,14.23
"8589","FLNT","2023-12-11",15.2739583333333,15.63,14.4
"8590","FLNT","2023-12-12",14.2625,14.81,13.49
"8591","FLNT","2023-12-13",13.3711363636364,13.71,12.92
"8592","FLNT","2023-12-14",13.149375,13.44,12.82
"8593","FLNT","2023-12-15",13.11125,13.4,12.75
"8594","FLNT","2023-12-16",12.736875,12.94,12.39
"8595","FLNT","2023-12-17",12.5968085106383,12.85,12.29
"8596","FLNT","2023-12-18",13.0795652173913,13.23,12.85
"8597","FLNT","2023-12-19",12.8222916666667,13.07,12.31
"8598","FLNT","2023-12-20",12.3614893617021,12.74,11.9
"8599","FLNT","2023-12-21",11.9266666666667,12.17,11.64
"8600","FLNT","2023-12-22",11.7317777777778,11.96,11.42
"8601","FLNT","2023-12-23",12.0960869565217,12.32,11.55
"8602","FLNT","2023-12-24",12.706170212766,13.06,12.17
"8603","FLNT","2023-12-25",12.7368085106383,12.89,12.44
"8604","FLNT","2023-12-26",13.50125,13.91,12.87
"8605","FLNT","2023-12-27",14.0172916666667,14.31,13.59
"8606","FLNT","2023-12-28",13.7633333333333,13.9,13.53
"8607","FLNT","2023-12-29",13.8397916666667,14.35,13.23
"8608","FLNT","2023-12-30",13.195,13.65,12.65
"8609","FLNT","2023-12-31",12.78,13.18,12.28
"8610","FLNT","2024-01-01",12.281875,12.61,11.87
"8611","FLNT","2024-01-02",12.11125,12.43,11.67
"8612","FLNT","2024-01-03",11.8247916666667,12.24,11.48
"8613","FLNT","2024-01-04",11.2072340425532,11.45,11.02
"8614","FLNT","2024-01-05",11.4072916666667,11.82,10.96
"8615","FLNT","2024-01-06",11.6327083333333,11.94,10.89
"8616","FLNT","2024-01-07",12.470625,12.96,11.82
"8617","FLNT","2024-01-08",12.025625,12.36,11.44
"8618","FLNT","2024-01-09",11.6269565217391,11.85,11.3
"8619","FLNT","2024-01-10",12.06125,12.32,11.58
"8620","FLNT","2024-01-11",11.4895555555556,11.94,11.02
"8621","FLNT","2024-01-12",11.1352083333333,11.32,10.99
"8622","FLNT","2024-01-13",11.1195744680851,11.32,10.84
"8623","FLNT","2024-01-14",10.7964583333333,11.01,10.46
"8624","FLNT","2024-01-15",10.4183333333333,10.74,10.09
"8625","FLNT","2024-01-16",10.291875,10.53,9.99
"8626","FLNT","2024-01-17",10.0529166666667,10.36,9.56
"8627","FLNT","2024-01-18",9.229375,9.62,8.6
"8628","FLNT","2024-01-19",8.61086956521739,8.88,8.35
"8629","FLNT","2024-01-20",8.73553191489362,9.04,8.33
"8630","FLNT","2024-01-21",8.85708333333333,9.19,8.52
"8631","FLNT","2024-01-22",8.70702127659574,8.98,8.42
"8632","FLNT","2024-01-23",9.03125,9.27,8.54
"8633","FLNT","2024-01-24",9.57181818181818,9.7,9.15
"8634","FLNT","2024-01-25",10.3875,10.72,9.68
"8635","FLNT","2024-01-26",11.4464583333333,11.82,10.5
"8636","FLNT","2024-01-27",12.1710416666667,12.42,11.59
"8637","FLNT","2024-01-28",12.934375,13.23,12.21
"8638","FLNT","2024-01-29",13.1333333333333,13.48,12.79
"8639","FLNT","2024-01-30",12.620625,13.01,12.17
"8640","FLNT","2024-01-31",11.9117777777778,12.2,11.65
"8641","FLNT","2024-02-01",11.805,12.15,11.47
"8642","FLNT","2024-02-02",11.8589361702128,12.12,11.43
"8643","FLNT","2024-02-03",12.4208333333333,12.76,11.88
"8644","FLNT","2024-02-04",12.77625,13.11,12.35
"8645","FLNT","2024-02-05",12.6710416666667,12.83,12.52
"8646","FLNT","2024-02-06",12.336,12.5,12.05
"8647","FLNT","2024-02-07",12.3039583333333,12.66,11.98
"8648","FLNT","2024-02-08",12.2120833333333,12.64,11.68
"8649","FLNT","2024-02-09",12.0716666666667,12.43,11.55
"8650","FLNT","2024-02-10",12.5297872340426,12.81,11.89
"8651","FLNT","2024-02-11",13.355652173913,13.65,12.83
"8652","FLNT","2024-02-12",14.0187234042553,14.2,13.49
"8653","FLNT","2024-02-13",14.4015217391304,14.64,13.96
"8654","FLNT","2024-02-14",13.7833333333333,13.96,13.37
"8655","FLNT","2024-02-15",13.4533333333333,13.78,13.2
"8656","FLNT","2024-02-16",13.4623404255319,13.58,13.21
"8657","FLNT","2024-02-17",13.7159523809524,13.8,13.58
"8658","FLNT","2024-02-18",13.5382978723404,13.72,13.26
"8659","FLNT","2024-02-19",12.9489583333333,13.24,12.55
"8660","FLNT","2024-02-20",12.4633333333333,12.64,12.12
"8661","FLNT","2024-02-21",12.1927083333333,12.34,12.06
"8662","FLNT","2024-02-22",12.28875,12.52,12.06
"8663","FLNT","2024-02-23",12.836,13.09,12.17
"8664","FLNT","2024-02-24",13.5347916666667,13.91,13.05
"8665","FLNT","2024-02-25",14.3204166666667,15.03,13.6
"8666","FLNT","2024-02-26",14.4746808510638,14.89,13.99
"8667","FLNT","2024-02-27",14.6663829787234,15,14.26
"8668","FLNT","2024-02-28",15.1815555555556,15.45,14.58
"8669","FLNT","2024-02-29",16.028125,16.56,15.48
"8670","FLNT","2024-03-01",15.679375,16,15.34
"8671","FLNT","2024-03-02",15.2169047619048,15.41,15
"8672","FLNT","2024-03-03",15.330652173913,15.58,15.04
"8673","FLNT","2024-03-04",15.85375,16.26,15.23
"8674","FLNT","2024-03-05",16.1225531914894,16.49,15.74
"8675","FLNT","2024-03-06",16.1608333333333,16.31,15.97
"8676","FLNT","2024-03-07",16.7920833333333,17.09,16.2
"8677","FLNT","2024-03-08",17.21625,17.56,16.71
"8678","FLNT","2024-03-09",17.3229166666667,17.52,17.02
"8679","FLNT","2024-03-10",17.8470833333333,18.14,17.43
"8680","FLNT","2024-03-11",17.7439583333333,17.94,17.58
"8681","FLNT","2024-03-12",17.5495744680851,17.76,17.16
"8682","FLNT","2024-03-13",17.124375,17.33,16.73
"8683","FLNT","2024-03-14",16.6846808510638,16.82,16.4
"8684","FLNT","2024-03-15",16.6510869565217,16.85,16.34
"8685","FLNT","2024-03-16",16.9202222222222,17.09,16.61
"8686","FLNT","2024-03-17",17.4215,17.56,17.07
"8687","FLNT","2024-03-18",17.8923404255319,18.02,17.54
"8688","FLNT","2024-03-19",18.0666666666667,18.39,17.57
"8689","FLNT","2024-03-20",17.4910416666667,17.94,16.94
"8690","FLNT","2024-03-21",17.214375,17.69,16.83
"8691","FLNT","2024-03-22",17.0804444444444,17.4,16.76
"8692","FLNT","2024-03-23",17.0934782608696,17.23,17
"8693","FLNT","2024-03-24",17.27125,17.48,17.04
"8694","FLNT","2024-03-25",17.4027083333333,17.85,17.05
"8695","FLNT","2024-03-26",17.5052083333333,17.94,17.02
"8696","FLNT","2024-03-27",17.564375,17.77,17.29
"8697","FLNT","2024-03-28",17.6793617021277,17.92,17.46
"8698","FLNT","2024-03-29",17.856875,18.25,17.41
"8699","FLNT","2024-03-30",17.954375,18.42,17.57
"8700","FLNT","2024-03-31",18.1047916666667,18.59,17.64
"8701","FLNT","2024-04-01",18.4208333333333,18.75,17.8
"8702","FLNT","2024-04-02",18.6984615384615,19.01,18.49
"8703","FLNT","2024-04-09",19.2933333333333,19.6,18.7
"8704","FLNT","2024-04-10",19.6354166666667,19.98,19.12
"8705","FLNT","2024-04-11",19.911875,20.12,19.5
"8706","FLNT","2024-04-12",20.3079166666667,20.64,19.82
"8707","FLNT","2024-04-13",20.14875,20.59,19.66
"8708","FLNT","2024-04-14",19.75625,20.16,19.25
"8709","FLNT","2024-04-15",19.6095833333333,19.95,19.24
"8710","FLNT","2024-04-16",19.9620833333333,20.36,19.32
"8711","FLNT","2024-04-17",20.2639583333333,20.58,19.86
"8712","FLNT","2024-04-18",20.7108333333333,21.05,20.15
"8713","FLNT","2024-04-19",20.9808695652174,21.22,20.51
"8714","FLNT","2024-04-20",21.5929166666667,21.97,21.02
"8715","FLNT","2024-04-21",21.8516666666667,22.16,21.53
"8716","FLNT","2024-04-22",21.6891666666667,22.03,21.09
"8717","FLNT","2024-04-23",21.2345833333333,21.8,20.46
"8718","FLNT","2024-04-24",20.9257777777778,21.49,20.42
"8719","FLNT","2024-04-25",21.210625,21.7,20.43
"8720","FLNT","2024-04-26",21.7354166666667,22.14,21.18
"8721","FLNT","2024-04-27",22.0779166666667,22.38,21.6
"8722","FLNT","2024-04-28",22.1658333333333,22.45,21.93
"8723","FLNT","2024-04-29",22.2908333333333,22.78,21.9
"8724","FLNT","2024-04-30",22.72625,23.46,21.93
"8725","FLNT","2024-05-01",22.7909090909091,23.25,22.21
"8726","FLNT","2024-05-02",23.1376086956522,23.79,22.47
"8727","FLNT","2024-05-03",23.5954166666667,24.18,22.55
"8728","FLNT","2024-05-04",23.803125,24.27,23.18
"8729","FLNT","2024-05-05",23.8585416666667,24.41,23.33
"8730","FLNT","2024-05-06",24.3435416666667,25.01,23.33
"8731","FLNT","2024-05-07",24.8102173913043,25.36,24.04
"8732","FLNT","2024-05-08",24.8157446808511,25.43,24.19
"8733","FLNT","2024-05-09",25.1235897435897,25.66,24.18
"8734","FLNT","2024-05-10",25.1397777777778,25.61,24.41
"8735","FLNT","2024-05-11",24.713125,25.22,24.33
"8736","FLNT","2024-05-12",24.69625,25.1,24.29
"8737","FLNT","2024-05-13",24.7048888888889,25.09,24.33
"8738","FLNT","2024-05-14",23.8441666666667,24.39,23.18
"8739","FLNT","2024-05-15",23.344375,23.77,22.97
"8740","FLNT","2024-05-16",23.534375,23.95,22.93
"8741","FLNT","2024-05-17",23.7591666666667,24.14,23.38
"8742","FLNT","2024-05-18",23.5386363636364,23.93,23.14
"8743","FLNT","2024-05-19",22.991875,23.13,22.87
"8744","FLNT","2024-05-20",23.18375,23.52,22.85
"8745","FLNT","2024-05-21",23.1121276595745,23.44,22.8
"8746","FLNT","2024-05-22",23.3045833333333,23.67,22.79
"8747","FLNT","2024-05-23",23.772,24.25,23.19
"8748","FLNT","2024-05-24",24.1547916666667,24.53,23.6
"8749","FLNT","2024-05-25",24.6879166666667,25.01,24.09
"8750","FLNT","2024-05-26",24.581914893617,24.85,24.36
"8751","FLNT","2024-05-27",25.0834042553191,25.62,24.51
"8752","FLNT","2024-05-28",25.1467391304348,25.61,24.46
"8753","FLNT","2024-05-29",25.3147916666667,25.78,24.49
"8754","FLNT","2024-05-30",25.8158333333333,26.38,25.24
"8755","FLNT","2024-05-31",25.5629166666667,26.09,24.97
"8756","FLNT","2024-06-01",25.1854166666667,25.66,24.94
"8757","FLNT","2024-06-02",24.78,25.03,24.32
"8758","FLNT","2024-06-03",24.7554166666667,25.28,24.3
"8759","FLNT","2024-06-04",25.4179166666667,26.21,24.6
"8760","FLNT","2024-06-05",25.6525,26.15,24.84
"8761","FLNT","2024-06-06",25.7660416666667,26.25,25.11
"8762","FLNT","2024-06-07",25.94875,26.38,25.3
"8763","FLNT","2024-06-08",26.4682222222222,27.08,25.51
"8764","FLNT","2024-06-09",26.4504166666667,27.07,25.69
"8765","FLNT","2024-06-10",26.4854166666667,27.08,25.7
"8766","FLNT","2024-06-11",26.840625,27.46,26.07
"8767","FLNT","2024-06-12",27.0004651162791,27.39,26.42
"8768","FLNT","2024-06-13",27.1608695652174,27.75,26.44
"8769","FLNT","2024-06-14",27.0853191489362,27.76,26.48
"8770","FLNT","2024-06-15",27.0527083333333,27.76,26.42
"8771","FLNT","2024-06-16",27.3091666666667,28.05,26.42
"8772","FLNT","2024-06-17",27.3091666666667,27.7,26.77
"8773","FLNT","2024-06-18",27.5384444444444,28.13,26.76
"8774","FLNT","2024-06-19",27.174375,27.68,26.71
"8775","FLNT","2024-06-20",27.1779166666667,27.8,26.58
"8776","FLNT","2024-06-21",27.0497916666667,27.63,26.28
"8777","FLNT","2024-06-22",26.901875,27.51,26.21
"8778","FLNT","2024-06-23",27.1171739130435,27.76,26.16
"8779","FLNT","2024-06-24",27.9270833333333,28.61,26.68
"8780","FLNT","2024-06-25",28.0658333333333,28.57,27.49
"8781","FLNT","2024-06-26",28.416875,29.13,27.47
"8782","FLNT","2024-06-27",28.280625,28.67,27.79
"8783","FLNT","2024-06-28",28.0973913043478,28.35,27.8
"8784","FLNT","2024-06-29",28.4529787234043,29.04,27.8
"8785","FLNT","2024-06-30",28.4232,28.94,27.85
"8786","FLNT","2024-07-24",28.8929545454545,29.32,28.02
"8787","FLNT","2024-07-25",28.87,29.29,28.14
"8788","FLNT","2024-07-26",28.8720833333333,29.48,28.01
"8789","FLNT","2024-07-27",29.289375,29.83,28.51
"8790","FLNT","2024-07-28",29.2095833333333,29.77,28.6
"8791","FLNT","2024-07-29",29.3779166666667,29.96,28.59
"8792","FLNT","2024-07-30",29.39,29.99,28.73
"8793","FLNT","2024-07-31",29.218125,29.61,28.68
"8794","FLNT","2024-08-01",29.7444444444444,30.46,29.09
"8795","FLNT","2024-08-02",29.945625,30.35,29.53
"8796","FLNT","2024-08-03",29.7752083333333,30.21,29.18
"8797","FLNT","2024-08-04",29.53875,30.04,28.99
"8798","FLNT","2024-08-05",29.4402083333333,29.83,28.94
"8799","FLNT","2024-08-06",28.7742222222222,29.03,28.2
"8800","FLNT","2024-08-07",28.7408333333333,29.22,28.19
"8801","FLNT","2024-08-08",28.6741666666667,29.12,28.26
"8802","FLNT","2024-08-09",28.7641304347826,29.21,28.26
"8803","FLNT","2024-08-10",28.650625,29.16,27.97
"8804","FLNT","2024-08-11",28.5752083333333,29.11,27.88
"8805","FLNT","2024-08-12",28.7066666666667,29.36,28
"8806","FLNT","2024-08-13",28.7572916666667,29.32,28.09
"8807","FLNT","2024-08-14",28.9134042553191,29.59,28.24
"8808","FLNT","2024-08-15",28.6966666666667,29.23,28
"8809","FLNT","2024-08-16",28.6566666666667,29.41,27.82
"8810","FLNT","2024-08-17",28.4502083333333,29.16,27.71
"8811","FLNT","2024-08-18",28.5589130434783,29.27,27.65
"8812","FLNT","2024-08-19",28.8191666666667,29.58,27.99
"8813","FLNT","2024-08-20",28.4889583333333,29.07,27.67
"8814","FLNT","2024-08-21",28.6008333333333,29.33,27.58
"8815","FLNT","2024-08-22",28.75,29.35,28.1
"8816","FLNT","2024-08-23",28.2389130434783,28.84,27.34
"8817","FLNT","2024-08-24",27.773125,28.41,27.02
"8818","FLNT","2024-08-25",27.59625,28.27,26.91
"8819","FLNT","2024-08-26",27.5733333333333,28.22,26.85
"8820","FLNT","2024-08-27",27.70125,28.23,26.95
"8821","FLNT","2024-08-28",28.0560869565217,28.63,27.23
"8822","FLNT","2024-08-29",28.3972916666667,28.94,27.5
"8823","FLNT","2024-08-30",28.5039583333333,29.06,27.98
"8824","FLNT","2024-08-31",28.5920833333333,29.13,27.98
"8825","FLNT","2024-09-01",28.6460869565217,29.19,28.02
"8826","FLNT","2024-09-02",28.6139583333333,29.19,28.02
"8827","FLNT","2024-09-03",28.18125,28.87,27.53
"8828","FLNT","2024-09-04",27.846875,28.36,27.2
"8829","FLNT","2024-09-05",27.235,27.44,26.94
"8830","FLNT","2024-09-06",26.7683333333333,27.01,26.48
"8831","FLNT","2024-09-07",25.996875,26.46,25.48
"8832","FLNT","2024-09-08",25.4947916666667,25.66,25.41
"8833","FLNT","2024-09-09",25.7079166666667,25.87,25.42
"8834","FLNT","2024-09-10",25.423,25.57,25.01
"8835","FLNT","2024-09-11",25.26,25.56,24.85
"8836","FLNT","2024-09-12",24.7160416666667,24.96,24.34
"8837","FLNT","2024-09-13",24.5173913043478,24.74,24.27
"8838","FLNT","2024-09-14",24.7902083333333,25.06,24.46
"8839","FLNT","2024-09-15",24.8529166666667,25.2,24.47
"8840","FLNT","2024-09-16",24.815652173913,25.22,24.39
"8841","FLNT","2024-09-17",24.6681818181818,24.94,24.36
"8842","FLNT","2024-09-18",25.0382978723404,25.41,24.35
"8843","FLNT","2024-09-19",25.43875,26.05,24.73
"8844","FLNT","2024-09-20",25.2766666666667,25.79,24.69
"8845","FLNT","2024-09-21",25.4558333333333,26,24.75
"8846","FLNT","2024-09-22",25.7295652173913,26.28,25.05
"8847","FLNT","2024-09-23",25.9114583333333,26.47,25.21
"8848","FLNT","2024-09-24",26.2947916666667,26.9,25.51
"8849","FLNT","2024-09-25",26.560652173913,27.08,25.82
"8850","FLNT","2024-09-26",26.0695833333333,26.41,25.65
"8851","FLNT","2024-09-27",26.4625,27.24,25.64
"8852","FLNT","2024-09-28",26.3697916666667,26.75,25.74
"8853","FLNT","2024-09-29",25.640652173913,25.99,25.21
"8854","FLNT","2024-09-30",25.300625,25.7,24.77
"8855","FLNT","2024-10-01",24.921875,25.31,24.53
"8856","FLNT","2024-10-02",24.756875,25.08,24.42
"8857","FLNT","2024-10-03",24.6783333333333,25.14,24.19
"8858","FLNT","2024-10-04",24.2402127659574,24.48,24.05
"8859","FLNT","2024-10-05",24.2415909090909,24.37,24.13
"8860","FLNT","2024-10-06",24.1326086956522,24.28,23.99
"8861","FLNT","2024-10-07",23.9937837837838,24.15,23.74
"8862","FLNT","2024-10-08",23.8734615384615,24.19,23.62
"8863","FLNT","2024-10-09",23.9310416666667,24.27,23.59
"8864","FLNT","2024-10-10",23.436170212766,23.7,22.93
"8865","FLNT","2024-10-11",22.8622916666667,23.31,22.22
"8866","FLNT","2024-10-12",22.403125,22.88,21.75
"8867","FLNT","2024-10-13",22.194375,22.75,21.49
"8868","FLNT","2024-10-14",22.0841666666667,22.6,21.44
"8869","FLNT","2024-10-15",22.0770212765957,22.64,21.44
"8870","FLNT","2024-10-16",21.6324390243902,21.95,20.9
"8871","FLNT","2024-10-17",20.7563043478261,21.08,20.14
"8872","FLNT","2024-10-18",20.0691666666667,20.58,19.33
"8873","FLNT","2024-10-19",19.6910416666667,20.13,19.22
"8874","FLNT","2024-10-20",19.75125,20.29,19.22
"8875","FLNT","2024-10-21",19.6872916666667,20.21,19.14
"8876","FLNT","2024-10-22",19.535625,20.01,19.04
"8877","FLNT","2024-10-23",19.8379166666667,20.3,19.03
"8878","FLNT","2024-10-24",20.3065217391304,20.76,19.56
"8879","FLNT","2024-10-25",20.530625,20.98,19.86
"8880","FLNT","2024-10-26",20.6845833333333,21.16,20.11
"8881","FLNT","2024-10-27",20.91625,21.43,20.22
"8882","FLNT","2024-10-28",21.1033333333333,21.63,20.38
"8883","FLNT","2024-10-29",21.18,21.56,20.87
"8884","FLNT","2024-10-30",21.3766666666667,21.76,20.86
"8885","FLNT","2024-10-31",21.5216666666667,21.91,21.13
"8886","FLNT","2024-11-01",21.676875,22.05,21.13
"8887","FLNT","2024-11-02",21.689375,22.03,21.21
"8888","FLNT","2024-11-03",21.84,22.13,21.28
"8889","FLNT","2024-11-04",22.0510416666667,22.35,21.59
"8890","FLNT","2024-11-05",22.0155319148936,22.34,21.65
"8891","FLNT","2024-11-06",22.0941666666667,22.43,21.61
"8892","FLNT","2024-11-07",22.3467391304348,22.5,22.01
"8893","FLNT","2024-11-08",22.52,22.63,22.39
"8894","FLNT","2024-11-09",22.5782978723404,22.76,22.32
"8895","FLNT","2024-11-10",22.5239583333333,22.75,22.31
"8896","FLNT","2024-11-11",22.4836956521739,22.63,22.31
"8897","FLNT","2024-11-12",22.3847916666667,22.61,22.04
"8898","FLNT","2024-11-13",22.3754166666667,22.64,22.03
"8899","FLNT","2024-11-14",22.0891304347826,22.38,21.65
"8900","FLNT","2024-11-15",21.5429166666667,21.83,20.89
"8901","FLNT","2024-11-16",20.7764583333333,21.22,19.99
"8902","FLNT","2024-11-17",20.1689583333333,20.64,19.55
"8903","FLNT","2024-11-18",19.9485416666667,20.37,19.41
"8904","FLNT","2024-11-19",19.8821739130435,20.2,19.42
"8905","FLNT","2024-11-20",19.9624390243902,20.1,19.72
"8906","FLNT","2024-11-21",20.0564583333333,20.59,19.2
"8907","FLNT","2024-11-22",18.880625,19.41,17.89
"8908","FLNT","2024-11-23",17.780625,18.21,17.02
"8909","FLNT","2024-11-24",17.0197916666667,17.39,16.49
"8910","FLNT","2024-11-25",16.4885416666667,16.8,16.08
"8911","FLNT","2024-11-26",16.235652173913,16.48,15.97
"8912","FLNT","2024-11-27",16.5314583333333,17,16.14
"8913","FLNT","2024-11-28",16.7847916666667,17.05,16.36
"8914","FLNT","2024-11-29",17.1089583333333,17.48,16.58
"8915","FLNT","2024-11-30",16.3727083333333,16.77,15.46
"8916","FLNT","2024-12-01",15.1653333333333,15.59,14.38
"8917","FLNT","2024-12-02",14.666875,15.04,14.24
"8918","FLNT","2024-12-03",14.3910416666667,14.81,13.78
"8919","FLNT","2024-12-04",13.7160416666667,14.17,13.03
"8920","FLNT","2024-12-05",13.4047826086957,13.72,12.89
"8921","FLNT","2024-12-06",13.5833333333333,14.04,12.97
"8922","FLNT","2024-12-07",12.8335416666667,13.21,12.07
"8923","FLNT","2024-12-08",12.0175,12.41,11.6
"8924","FLNT","2024-12-09",12.3209756097561,12.74,11.55
"8925","FLNT","2024-12-10",13.1436363636364,13.29,12.75
"8926","FLNT","2024-12-11",13.4586363636364,13.84,12.92
"8927","FLNT","2024-12-12",12.915,13.12,12.75
"8928","FLNT","2024-12-13",12.9579166666667,13.48,12.11
"8929","FLNT","2024-12-14",12.4718181818182,12.73,12.01
"8930","FLNT","2024-12-15",12.9547826086957,13.4,12.37
"8931","FLNT","2024-12-16",12.3583333333333,12.61,12.08
"8932","FLNT","2024-12-17",12.2420454545455,12.37,12.06
"8933","FLNT","2024-12-18",12.705,12.94,12.24
"8934","FLNT","2024-12-19",13.0826666666667,13.28,12.85
"8935","FLNT","2024-12-20",13.2208333333333,13.36,12.99
"8936","FLNT","2024-12-21",13.44375,13.76,13.09
"8937","FLNT","2024-12-22",13.1,13.54,12.47
"8938","FLNT","2024-12-23",12.4046808510638,12.72,11.98
"8939","FLNT","2024-12-24",12.3714893617021,12.68,11.98
"8940","FLNT","2024-12-25",12.0852083333333,12.42,11.63
"8941","FLNT","2024-12-26",12.1741666666667,12.45,11.62
"8942","FLNT","2024-12-27",12.2971111111111,12.48,11.99
"8943","FLNT","2024-12-28",12.6555319148936,12.92,12.25
"8944","FLNT","2024-12-29",13.0827083333333,13.52,12.49
"8945","FLNT","2024-12-30",13.6208333333333,14.01,13.05
"8946","FLNT","2024-12-31",13.3213043478261,13.71,12.97
"8947","FLNT","2025-01-01",13.6075,13.97,12.99
"8948","FLNT","2025-01-02",13.4710416666667,13.95,12.81
"8949","FLNT","2025-01-03",12.59625,12.89,12.1
"8950","FLNT","2025-01-04",12.0908333333333,12.39,11.66
"8951","FLNT","2025-01-05",11.6271739130435,11.95,11.29
"8952","FLNT","2025-01-06",11.5936956521739,11.8,11.25
"8953","FLNT","2025-01-07",11.9297916666667,12.3,11.47
"8954","FLNT","2025-01-08",11.5040425531915,12.02,10.65
"8955","FLNT","2025-01-09",10.8504166666667,11.11,10.55
"8956","FLNT","2025-01-10",10.846875,11.43,10.1
"8957","FLNT","2025-01-11",10.2272093023256,10.28,10.1
"8958","FLNT","2025-01-12",9.97090909090909,10.33,9.06
"8959","FLNT","2025-01-13",9.33270833333333,9.55,8.94
"8960","FLNT","2025-01-14",9.58085106382979,9.79,9.24
"8961","FLNT","2025-01-15",9.47909090909091,9.81,9.05
"8962","FLNT","2025-01-16",9.321875,9.6,9.04
"8963","FLNT","2025-01-17",9.83270833333333,10.26,9.23
"8964","FLNT","2025-01-18",9.75674418604651,9.99,9.27
"8965","FLNT","2025-01-19",10.2363829787234,10.46,9.88
"8966","FLNT","2025-01-20",10.634375,11.05,10.15
"8967","FLNT","2025-01-21",10.0779166666667,10.52,9.33
"8968","FLNT","2025-01-22",8.59847826086957,9.3,7.94
"8969","FLNT","2025-01-23",7.91645833333333,8.31,7.37
"8970","FLNT","2025-01-24",7.66145833333333,8.08,7.06
"8971","FLNT","2025-01-25",6.85191489361702,7.18,6.48
"8972","FLNT","2025-01-26",6.96229166666667,7.42,6.49
"8973","FLNT","2025-01-27",7.510625,7.92,6.6
"8974","FLNT","2025-01-28",8.03409090909091,8.17,7.62
"8975","FLNT","2025-01-29",8.4354347826087,8.79,7.99
"8976","FLNT","2025-01-30",9.27416666666667,9.79,8.21
"8977","FLNT","2025-01-31",9.99625,10.47,9.24
"8978","FLNT","2025-02-01",10.5532608695652,10.89,9.79
"8979","FLNT","2025-02-02",11.1369565217391,11.49,10.41
"8980","FLNT","2025-02-03",11.5797916666667,12.01,11.14
"8981","FLNT","2025-02-04",11.9325,12.28,11.35
"8982","FLNT","2025-02-05",12.5006976744186,12.85,11.88
"8983","FLNT","2025-02-06",12.7858333333333,13.04,12.36
"8984","FLNT","2025-02-07",13.6035416666667,13.91,12.94
"8985","FLNT","2025-02-08",13.8539583333333,14.02,13.72
"8986","FLNT","2025-02-09",14.6837777777778,15,13.8
"8987","FLNT","2025-02-10",15.5802083333333,15.94,14.8
"8988","FLNT","2025-02-11",16.118125,16.48,15.5
"8989","FLNT","2025-02-12",16.1082978723404,16.23,15.87
"8990","FLNT","2025-02-13",16.7276086956522,17.05,16.1
"8991","FLNT","2025-02-14",16.931875,17.14,16.47
"8992","FLNT","2025-02-15",16.8564583333333,17.3,16.4
"8993","FLNT","2025-02-16",16.8852083333333,17.11,16.7
"8994","FLNT","2025-02-17",16.8441666666667,17.18,16.23
"8995","FLNT","2025-02-18",16.0426666666667,16.61,15.29
"8996","FLNT","2025-02-19",15.4216666666667,15.74,15.14
"8997","FLNT","2025-02-20",14.7647826086957,15.11,14.47
"8998","FLNT","2025-02-21",14.0577083333333,14.56,13.03
"8999","FLNT","2025-02-22",12.4782608695652,12.97,11.55
"9000","FLNT","2025-02-23",11.4733333333333,11.94,10.88
"9001","FLNT","2025-02-24",10.9784444444444,11.17,10.81
"9002","FLNT","2025-02-25",11.4445833333333,11.68,10.91
"9003","FLNT","2025-02-26",12.6640425531915,13.15,11.69
"9004","FLNT","2025-02-27",13.47375,13.86,12.81
"9005","FLNT","2025-02-28",14.1010416666667,14.59,13.55
"9006","FLNT","2025-03-01",14.54125,15.03,13.85
"9007","FLNT","2025-03-02",14.9023913043478,15.45,14.26
"9008","FLNT","2025-03-03",14.7654166666667,15.37,13.97
"9009","FLNT","2025-03-04",14.2658333333333,14.66,13.82
"9010","FLNT","2025-03-05",14.885625,15.28,13.82
"9011","FLNT","2025-03-06",15.4404166666667,16.04,14.75
"9012","FLNT","2025-03-07",15.1124444444444,15.72,14.5
"9013","FLNT","2025-03-08",15.09625,15.51,14.49
"9014","FLNT","2025-03-09",15.6789583333333,16.09,14.98
"9015","FLNT","2025-03-10",15.5272340425532,15.73,15.28
"9016","FLNT","2025-03-11",15.0854166666667,15.33,14.55
"9017","FLNT","2025-03-12",14.9845652173913,15.37,14.47
"9018","FLNT","2025-03-13",15.4079166666667,15.89,14.93
"9019","FLNT","2025-03-14",15.6927083333333,16.1,15
"9020","FLNT","2025-03-15",16.1539130434783,16.42,15.63
"9021","FLNT","2025-03-16",17.043125,17.37,16.33
"9022","FLNT","2025-03-17",17.9827659574468,18.4,17.36
"9023","FLNT","2025-03-18",17.6989583333333,18.31,16.98
"9024","FLNT","2025-03-19",17.3760416666667,17.9,16.95
"9025","FLNT","2025-03-20",17.4442222222222,17.86,17.1
"9026","FLNT","2025-03-21",17.4241666666667,17.89,17.02
"9027","FLNT","2025-03-22",17.075,17.58,16.61
"9028","FLNT","2025-03-23",16.9675,17.42,16.56
"9029","FLNT","2025-03-24",17.3960416666667,17.85,16.68
"9030","FLNT","2025-03-25",17.4029166666667,17.53,17.26
"9031","FLNT","2025-03-26",17.2733333333333,17.3,17.24
"9032","FLNT","2025-04-01",19.9224324324324,20.29,19.48
"9033","FLNT","2025-04-02",20.00125,20.44,19.44
"9034","FLNT","2025-04-03",20.9324444444444,21.41,20.11
"9035","FLNT","2025-04-04",21.4789361702128,21.82,21
"9036","FLNT","2025-04-05",22.210625,22.61,21.61
"9037","FLNT","2025-04-06",22.6504166666667,23.1,22.23
"9038","FLNT","2025-04-07",22.8695833333333,23.23,22.49
"9039","FLNT","2025-04-08",22.3775,22.78,21.8
"9040","FLNT","2025-04-09",21.8241304347826,22.38,21.02
"9041","FLNT","2025-04-10",21.2616666666667,21.68,20.87
"9042","FLNT","2025-04-11",21.321875,21.91,20.86
"9043","FLNT","2025-04-12",21.0947916666667,21.51,20.78
"9044","FLNT","2025-04-13",20.8535416666667,21.38,20.28
"9045","FLNT","2025-04-14",20.2997916666667,20.93,19.43
"9046","FLNT","2025-04-15",19.5427083333333,20.1,19.05
"9047","FLNT","2025-04-16",19.2091666666667,19.6,18.58
"9048","FLNT","2025-04-17",18.9633333333333,19.42,18.55
"9049","FLNT","2025-04-18",19.2052083333333,19.66,18.59
"9050","FLNT","2025-04-19",19.8947916666667,20.38,19.05
"9051","FLNT","2025-04-20",20.6047916666667,21.08,19.78
"9052","FLNT","2025-04-21",21.2135416666667,21.64,20.68
"9053","FLNT","2025-04-22",21.4979166666667,21.96,21.05
"9054","FLNT","2025-04-23",21.6616666666667,22.11,21.09
"9055","FLNT","2025-04-24",21.99125,22.52,21.22
"9056","FLNT","2025-04-25",22.3429166666667,22.85,21.62
"9057","FLNT","2025-04-26",22.6914583333333,23.2,21.93
"9058","FLNT","2025-04-27",23.3389583333333,23.96,22.33
"9059","FLNT","2025-04-28",23.8439583333333,24.42,22.9
"9060","FLNT","2025-04-29",23.9170833333333,24.42,23.46
"9061","FLNT","2025-04-30",23.956875,24.43,23.48
"9062","FLNT","2025-05-01",24.236875,24.68,23.53
"9063","FLNT","2025-05-02",24.5760416666667,25.09,23.8
"9064","FLNT","2025-05-03",24.9227083333333,25.56,24.17
"9065","FLNT","2025-05-04",24.4154166666667,24.71,23.88
"9066","FLNT","2025-05-05",24.3883333333333,25.12,23.39
"9067","FLNT","2025-05-06",23.9527083333333,24.59,23.25
"9068","FLNT","2025-05-07",23.6997777777778,24.12,23.17
"9069","FLNT","2025-05-08",23.5825,23.83,23.16
"9070","FLNT","2025-05-09",24.4583333333333,25.07,23.6
"9071","FLNT","2025-05-10",24.623125,24.94,24.2
"9072","FLNT","2025-05-11",24.6241666666667,24.95,24.19
"9073","FLNT","2025-05-12",24.4935416666667,24.69,24.28
"9074","FLNT","2025-05-13",24.4583333333333,24.79,23.95
"9075","FLNT","2025-05-14",24.2758333333333,24.78,23.72
"9076","FLNT","2025-05-15",24.350625,24.85,23.7
"9077","FLNT","2025-05-16",24.6721276595745,25.12,24.09
"9078","FLNT","2025-05-17",25.2216666666667,25.71,24.52
"9079","FLNT","2025-05-18",25.4154166666667,25.79,25.01
"9080","FLNT","2025-05-19",25.4175,25.83,25.05
"9081","FLNT","2025-05-20",25.605,26.13,25.05
"9082","FLNT","2025-05-21",25.8181818181818,26.25,25.17
"9083","FLNT","2025-05-22",26.0220833333333,26.6,25.2
"9084","FLNT","2025-05-23",26.096875,26.75,25.19
"9085","FLNT","2025-05-24",26.3539583333333,26.99,25.72
"9086","FLNT","2025-05-25",26.35375,26.84,25.74
"9087","FLNT","2025-05-26",26.6560416666667,27.16,26.07
"9088","FLNT","2025-05-27",27.0835416666667,27.72,26.32
"9089","FLNT","2025-05-28",27.2822916666667,27.82,26.53
"9090","FLNT","2025-05-29",27.6304166666667,28.24,26.96
"9091","FLNT","2025-05-30",27.0560416666667,27.44,26.61
"9092","FLNT","2025-05-31",26.9891666666667,27.45,26.53
"9093","FLNT","2025-06-01",26.54875,26.95,25.97
"9094","FLNT","2025-06-02",26.1822916666667,26.62,25.82
"9095","FLNT","2025-06-03",26.19875,26.69,25.79
"9096","FLNT","2025-06-04",26.1890909090909,26.6,25.78
"9097","FLNT","2025-06-05",26.2186046511628,26.72,25.82
"9098","FLNT","2025-06-06",26.1766666666667,26.75,25.72
"9099","FLNT","2025-06-07",26.0495833333333,26.42,25.68
"9100","FLNT","2025-06-08",26.35,26.84,25.83
"9101","FLNT","2025-06-09",26.6265957446809,27.06,26.1
"9102","FLNT","2025-06-10",26.5704255319149,27,25.99
"9103","FLNT","2025-06-11",26.8358333333333,27.27,26.01
"9104","FLNT","2025-06-12",26.6444444444444,26.91,26.51
"9105","FLNT","2025-06-18",27.4673684210526,27.7,27.31
"9106","FLNT","2025-06-19",27.9695833333333,28.6,27.31
"9107","FLNT","2025-06-20",27.8179166666667,28.31,27.38
"9108","FLNT","2025-06-21",28.1691666666667,28.66,27.41
"9109","FLNT","2025-06-22",28.4319565217391,28.83,27.92
"9110","FLNT","2025-06-23",28.8529166666667,29.25,28.22
"9111","FLNT","2025-06-24",29.28875,29.72,28.64
"9112","FLNT","2025-06-25",29.6833333333333,30.22,29.12
"9113","FLNT","2025-06-26",29.6289583333333,30.32,28.79
"9114","FLNT","2025-06-27",28.8861904761905,29.31,28.47
"9115","FLNT","2025-06-28",29.1952083333333,29.74,28.61
"9116","FLNT","2025-06-29",29.181914893617,29.67,28.48
"9117","FLNT","2025-06-30",29.3070833333333,29.64,28.48
"9118","FLNT","2025-07-01",29.955,30.38,29.48
"9119","FLNT","2025-07-02",30.0254347826087,30.45,29.57
"9120","FLNT","2025-07-03",29.7325,30.11,29.28
"9121","FLNT","2025-07-04",29.6866666666667,30.25,29.18
"9122","FLNT","2025-07-05",29.6572916666667,30.03,29.18
"9123","FLNT","2025-07-06",29.7310416666667,30.14,29.33
"9124","FLNT","2025-07-07",29.6775,30.12,29.05
"9125","FLNT","2025-07-08",29.3620833333333,29.8,28.94
"9126","FLNT","2025-07-09",29.7058333333333,30.24,28.95
"9127","FLNT","2025-07-10",29.3583333333333,29.69,28.88
"9128","FLNT","2025-07-11",29.1060416666667,29.8,28.26
"9129","FLNT","2025-07-12",28.7952083333333,29.16,28.24
"9130","FLNT","2025-07-13",29.2320833333333,29.76,28.27
"9131","FLNT","2025-07-14",29.3385416666667,29.94,28.88
"9132","FLNT","2025-07-15",29.7086206896552,30.16,28.89
"9133","FLNT","2025-07-16",30.399375,30.9,29.59
"9134","FLNT","2025-07-17",30.2204255319149,30.65,29.42
"9135","FLNT","2025-07-18",29.1989130434783,29.64,28.32
"9136","FLNT","2025-07-19",29.1425,29.67,28.31
"9137","FLNT","2025-07-20",29.2139583333333,29.73,28.59
"9138","FLNT","2025-07-21",29.5914583333333,30.25,28.54
"9139","FLNT","2025-07-22",30.5225,30.97,29.71
"9140","FLNT","2025-07-23",29.8653191489362,30.28,29.04
"9141","FLNT","2025-07-24",29.185,29.81,28.58
"9142","FLNT","2025-07-25",29.1345833333333,29.6,28.54
"9143","FLNT","2025-07-26",29.0235416666667,29.44,28.49
"9144","FLNT","2025-07-27",29.1877083333333,29.83,28.47
"9145","FLNT","2025-07-28",29.924375,30.58,28.69
"9146","FLNT","2025-07-29",30.5939583333333,31.08,29.85
"9147","FLNT","2025-07-30",30.4902083333333,30.89,29.85
"9148","FLNT","2025-07-31",30.2941666666667,31.09,29.61
"9149","FLNT","2025-08-01",30.4675,30.89,29.59
"9150","FLNT","2025-08-02",30.7302083333333,31.44,29.9
"9151","FLNT","2025-08-03",30.0797916666667,30.77,29.49
"9152","FLNT","2025-08-04",30.1375,30.59,29.5
"9153","FLNT","2025-08-05",29.3245833333333,29.78,28.7
"9154","FLNT","2025-08-06",28.6975555555556,29.12,28.17
"9155","FLNT","2025-08-07",27.7902083333333,28.14,27.01
"9156","FLNT","2025-08-08",27.34,27.75,26.96
"9157","FLNT","2025-08-09",27.4214583333333,27.73,27.06
"9158","FLNT","2025-08-10",27.5368085106383,27.76,27.27
"9159","FLNT","2025-08-11",27.4852083333333,27.7,27.24
"9160","FLNT","2025-08-12",27.51625,27.8,27.27
"9161","FLNT","2025-08-13",27.576170212766,27.83,27.26
"9162","FLNT","2025-08-14",27.6266666666667,27.91,27.38
"9163","FLNT","2025-08-15",27.804375,28.32,27.33
"9164","FLNT","2025-08-16",28.03625,28.51,27.35
"9165","FLNT","2025-08-17",28.6579166666667,29.12,28.03
"9166","FLNT","2025-08-18",28.7479166666667,29.05,28.33
"9167","FLNT","2025-08-19",28.9079166666667,29.4,28.4
"9168","FLNT","2025-08-20",28.980625,29.37,28.38
"9169","FLNT","2025-08-21",29.0716666666667,29.46,28.44
"9170","FLNT","2025-08-22",28.935625,29.4,28.41
"9171","FLNT","2025-08-23",29.0985416666667,29.8,28.37
"9172","FLNT","2025-08-24",28.915625,29.27,28.46
"9173","FLNT","2025-08-25",29.1839583333333,29.69,28.57
"9174","FLNT","2025-08-26",29.2910416666667,29.78,28.7
"9175","FLNT","2025-09-10",26.484358974359,26.89,25.74
"9176","FLNT","2025-09-11",26.10625,26.71,25.32
"9177","FLNT","2025-09-12",25.8391666666667,26.39,25.14
"9178","FLNT","2025-09-13",25.6564583333333,26.13,25.02
"9179","FLNT","2025-09-14",25.4697916666667,25.97,24.8
"9180","FLNT","2025-09-15",25.3620833333333,25.88,24.67
"9181","FLNT","2025-09-16",25.2191666666667,25.72,24.6
"9182","FLNT","2025-09-17",25.3835416666667,25.9,24.49
"9183","FLNT","2025-09-18",25.5252083333333,25.88,24.79
"9184","FLNT","2025-09-19",25.959375,26.39,25.24
"9185","FLNT","2025-09-20",25.995,26.46,25.51
"9186","FLNT","2025-09-21",26.135625,26.54,25.47
"9187","FLNT","2025-09-22",26.41125,26.91,25.66
"9188","FLNT","2025-09-23",26.5054166666667,26.99,25.86
"9189","FLNT","2025-09-24",26.6293181818182,26.87,26.12
"9190","FLNT","2025-09-25",26.85125,27.31,26.2
"9191","FLNT","2025-09-26",26.8620833333333,27.21,26.44
"9192","FLNT","2025-09-27",26.4172916666667,26.6,26.03
"9193","FLNT","2025-09-28",26.4927083333333,26.89,25.92
"9194","FLNT","2025-09-29",26.549375,27.03,26.02
"9195","FLNT","2025-09-30",26.2947916666667,26.71,25.87
"9196","FLNT","2025-10-01",25.8027083333333,26.1,25.11
"9197","FLNT","2025-10-02",25.2575,25.79,24.43
"9198","FLNT","2025-10-03",24.638125,25.1,24.03
"9199","FLNT","2025-10-04",24.4408333333333,24.84,23.91
"9200","FLNT","2025-10-05",24.2479166666667,24.51,23.87
"9201","FLNT","2025-10-06",24.1152083333333,24.33,23.84
"9202","FLNT","2025-10-07",24.2627083333333,24.58,23.86
"9203","FLNT","2025-10-08",24.3908888888889,24.66,23.95
"9204","FLNT","2025-10-09",24.7754166666667,25.1,24.13
"9205","FLNT","2025-10-10",24.2164583333333,24.51,23.54
"9206","FLNT","2025-10-11",23.28375,23.77,22.5
"9207","FLNT","2025-10-12",22.81375,23.26,22.25
"9208","FLNT","2025-10-13",22.2910416666667,22.63,21.8
"9209","FLNT","2025-10-14",22.49125,23.01,21.71
"9210","FLNT","2025-10-15",22.6272093023256,22.98,21.92
"9211","FLNT","2025-10-16",22.6710416666667,23.08,22.01
"9212","FLNT","2025-10-17",22.863125,23.28,22.08
"9213","FLNT","2025-10-18",23.0033333333333,23.42,22.45
"9214","FLNT","2025-10-19",22.9002083333333,23.3,22.36
"9215","FLNT","2025-10-20",22.1422916666667,22.45,21.61
"9216","FLNT","2025-10-21",21.6722916666667,22.14,20.87
"9217","FLNT","2025-10-22",21.5127083333333,21.95,20.7
"9218","FLNT","2025-10-23",21.45875,22.03,20.64
"9219","FLNT","2025-10-24",20.7485416666667,21.1,20.23
"9220","FLNT","2025-10-25",20.5375,20.93,20.01
"9221","FLNT","2025-10-26",20.4870833333333,20.75,19.85
"9222","FLNT","2025-10-27",20.4964583333333,20.61,20.29
"9223","FLNT","2025-10-28",20.1845833333333,20.41,19.83
"9224","FLNT","2025-10-29",19.480625,19.8,19.04
"9225","FLNT","2025-10-30",18.8985416666667,19.32,18.19
"9226","FLNT","2025-10-31",17.8710416666667,18.16,17.23
"9227","FLNT","2025-11-01",17.6175,18.1,17.06
"9228","FLNT","2025-11-02",17.330625,17.73,16.71
"9229","FLNT","2025-11-03",16.894375,17.22,16.39
"9230","FLNT","2025-11-04",16.959375,17.52,16.29
"9231","FLNT","2025-11-05",16.9185416666667,17.4,16.2
"9232","FLNT","2025-11-06",17.205625,17.62,16.31
"9233","FLNT","2025-11-07",17.7,18.01,17.11
"9234","FLNT","2025-11-08",18.089375,18.51,17.29
"9235","FLNT","2025-11-09",18.8158333333333,19.14,18.18
"9236","FLNT","2025-11-10",18.85875,19.33,17.71
"9237","FLNT","2025-11-11",16.9777083333333,17.62,15.97
"9238","FLNT","2025-11-12",15.6859090909091,15.98,15.14
"9239","FLNT","2025-11-13",15.424375,15.66,14.97
"9240","FLNT","2025-11-14",15.7695833333333,16.13,15.11
"9241","FLNT","2025-11-15",15.8660416666667,16.38,15.23
"9242","FLNT","2025-11-16",16.054375,16.38,15.23
"9243","FLNT","2025-11-17",16.5433333333333,16.87,15.98
"9244","FLNT","2025-11-18",16.1841666666667,16.67,15.5
"9245","FLNT","2025-11-19",16.1741666666667,16.52,15.39
"9246","FLNT","2025-11-20",16.7237209302326,17.07,15.95
"9247","FLNT","2025-11-21",17.3427083333333,17.62,16.73
"9248","FLNT","2025-11-22",17.6146808510638,17.86,17.14
"9249","FLNT","2025-11-23",18.25125,18.54,17.69
"9250","FLNT","2025-11-24",18.38,18.81,17.71
"9251","FLNT","2025-11-25",18.1823404255319,18.47,17.54
"9252","FLNT","2025-11-26",18.66375,18.96,18.03
"9253","FLNT","2025-11-27",18.9539583333333,19.33,18.26
"9254","FLNT","2025-11-28",17.8027083333333,18.29,16.67
"9255","FLNT","2025-11-29",16.3166666666667,16.82,15.37
"9256","FLNT","2025-11-30",15.4477083333333,15.64,15.11
"9257","FLNT","2025-12-01",15.8272916666667,16.17,15.17
"9258","FLNT","2025-12-02",16.0333333333333,16.28,15.8
"9259","FLNT","2025-12-03",15.66375,16.14,15.07
"9260","FLNT","2025-12-04",14.5708333333333,15.11,14.14
"9261","FLNT","2025-12-05",14.09,14.13,14.06
"9262","FLNT","2025-12-17",11.3335714285714,11.68,10.95
"9263","FLNT","2025-12-18",10.8975,10.93,10.88
"9264","FLNT","2025-12-19",12.6302631578947,13.23,11.83
"9265","FLNT","2025-12-20",13.0366666666667,13.81,11.79
"9266","FLNT","2025-12-21",12.116875,12.52,11.54
"9267","FLNT","2025-12-22",11.850625,12.11,11.35
"9268","FLNT","2025-12-23",12.5291304347826,12.77,11.97
"9269","FLNT","2025-12-24",13.1470212765957,13.48,12.5
"9270","FLNT","2025-12-25",13.685,14.12,13
"9271","FLNT","2025-12-26",13.94,14.58,13.36
"9272","FLNT","2025-12-27",14.2616666666667,14.72,13.47
"9273","FLNT","2025-12-28",14.8402083333333,15.17,14.39
"9274","FLNT","2025-12-29",15.1664583333333,15.59,14.76
"9275","FLNT","2025-12-30",14.9383333333333,15.51,13.91
"9276","FLNT","2025-12-31",13.7280434782609,14.01,13.19
"9277","FLNT","2026-01-01",13.1166666666667,13.36,12.87
"9278","SUGG","2017-08-19",29.1170833333333,29.65,28.67
"9279","SUGG","2017-08-20",31.7154545454545,35.51,28.66
"9280","SUGG","2017-08-21",29.3328125,31,28.6
"9281","SUGG","2017-08-22",29.397027027027,31.61,28.57
"9282","SUGG","2017-08-23",30.7477419354839,34.04,28.57
"9283","SUGG","2017-08-24",29.255,29.32,29.19
"9284","SUGG","2017-08-26",30.1419230769231,31.21,29.18
"9285","SUGG","2017-08-27",29.8729268292683,31.75,28.82
"9286","SUGG","2017-08-28",29.3804255319149,30.74,28.57
"9287","SUGG","2017-08-29",28.984375,30.06,28.15
"9288","SUGG","2017-08-30",30.0331578947368,33.76,28.15
"9289","SUGG","2017-08-31",29.7892592592593,34.66,28.46
"9290","SUGG","2017-09-01",30.48,33.23,28.78
"9291","SUGG","2017-09-02",30.0109302325581,32.47,28.51
"9292","SUGG","2017-09-03",28.9388888888889,30.09,27.82
"9293","SUGG","2017-09-04",31.0382857142857,34.79,27.76
"9294","SUGG","2017-09-05",29.3440540540541,31.73,28
"9295","SUGG","2017-09-06",29.9765789473684,32.4,27.97
"9296","SUGG","2017-09-07",28.6035416666667,29.78,27.49
"9297","SUGG","2017-09-08",28.3267567567568,30.34,27.32
"9298","SUGG","2017-09-09",28.0444,28.7,27.3
"9299","SUGG","2017-09-10",27.4841666666667,28.11,26.98
"9300","SUGG","2017-09-11",25.9555555555556,26.88,25.12
"9301","SUGG","2017-09-12",24.5394285714286,25.1,24.19
"9302","SUGG","2017-09-13",25.2848837209302,26.25,24.19
"9303","SUGG","2017-09-14",28.0073170731707,31.23,24.45
"9304","SUGG","2017-09-15",29.0178571428571,34.55,26.52
"9305","SUGG","2017-09-16",28.1461764705882,29.8,26.11
"9306","SUGG","2017-09-17",27.2991489361702,28.07,26.34
"9307","SUGG","2017-09-18",28.0484210526316,29.25,26.28
"9308","SUGG","2017-09-19",27.5279069767442,29.06,26.35
"9309","SUGG","2017-09-20",27.9666666666667,29.56,26.3
"9310","SUGG","2017-09-21",28.4425,31.68,26.73
"9311","SUGG","2017-09-22",27.7702702702703,29.37,26.68
"9312","SUGG","2017-09-23",27.4008888888889,28.51,26.74
"9313","SUGG","2017-09-24",27.4697916666667,28.4,26.76
"9314","SUGG","2017-09-25",27.6158536585366,28.93,26.75
"9315","SUGG","2017-09-26",28.9065714285714,30.58,26.87
"9316","SUGG","2017-09-27",29.6418181818182,31.98,27.64
"9317","SUGG","2017-09-28",29.9051162790698,31.89,27.97
"9318","SUGG","2017-09-29",28.8264285714286,32.41,27.66
"9319","SUGG","2017-09-30",28.2116216216216,29.28,27.36
"9320","SUGG","2017-10-01",27.18375,27.89,26.49
"9321","SUGG","2017-10-02",26.031875,26.55,25.47
"9322","SUGG","2017-10-03",25.799375,26.3,25.31
"9323","SUGG","2017-10-04",25.7208333333333,26.19,25.28
"9324","SUGG","2017-10-05",25.735,26.09,25.29
"9325","SUGG","2017-10-06",25.625625,25.97,25.33
"9326","SUGG","2017-10-07",27.2224324324324,29.36,25.37
"9327","SUGG","2017-10-08",27.6788636363636,28.78,26.51
"9328","SUGG","2017-10-09",27.7430434782609,28.56,26.83
"9329","SUGG","2017-10-10",28.9522222222222,32.45,27.12
"9330","SUGG","2017-10-11",29.2895,31.58,27.79
"9331","SUGG","2017-10-12",28.3258536585366,29.59,27.31
"9332","SUGG","2017-10-13",28.1427272727273,29.04,27.21
"9333","SUGG","2017-10-14",27.3136111111111,28.09,26.58
"9334","SUGG","2017-10-15",27.1691666666667,27.79,26.55
"9335","SUGG","2017-10-16",27.2778260869565,27.93,26.62
"9336","SUGG","2017-10-17",27.9961111111111,31.05,26.32
"9337","SUGG","2017-10-18",25.694375,26.64,24.65
"9338","SUGG","2017-10-19",24.8672916666667,25.36,24.45
"9339","SUGG","2017-10-20",24.6111111111111,24.93,24.25
"9340","SUGG","2017-10-21",24.974347826087,25.43,24.23
"9341","SUGG","2017-10-22",25.0158333333333,25.35,24.49
"9342","SUGG","2017-10-23",25.6169565217391,26.18,24.66
"9343","SUGG","2017-10-24",25.4459574468085,26,24.92
"9344","SUGG","2017-10-25",25.3928888888889,26.79,23.94
"9345","SUGG","2017-10-26",23.633125,24.33,22.65
"9346","SUGG","2017-10-27",22.7120833333333,23.83,21.78
"9347","SUGG","2017-10-28",22.1882978723404,22.88,21.55
"9348","SUGG","2017-10-29",22.72375,24.41,21.51
"9349","SUGG","2017-10-30",21.268125,21.99,20.25
"9350","SUGG","2017-10-31",20.153125,20.8,19.36
"9351","SUGG","2017-11-01",20.2,22.1,19.19
"9352","SUGG","2017-11-02",20.6684210526316,22.21,19.17
"9353","SUGG","2017-11-03",20.8994736842105,21.98,19.74
"9354","SUGG","2017-11-04",21.595,22.92,20.03
"9355","SUGG","2017-11-05",21.3572727272727,22.24,20.46
"9356","SUGG","2017-11-07",23.9812121212121,25.51,22.21
"9357","SUGG","2017-11-08",24.40725,26.68,22.12
"9358","SUGG","2017-11-09",24.5255555555556,27.29,22.45
"9359","SUGG","2017-11-10",23.1039130434783,24.65,21.38
"9360","SUGG","2017-11-11",20.6673333333333,21.39,19.89
"9361","SUGG","2017-11-12",20.286170212766,20.71,19.85
"9362","SUGG","2017-11-13",20.9153191489362,21.23,20.01
"9363","SUGG","2017-11-14",21.2022916666667,21.94,20.41
"9364","SUGG","2017-11-15",20.3279166666667,20.99,19.44
"9365","SUGG","2017-11-16",19.3820833333333,19.96,18.89
"9366","SUGG","2017-11-17",19.2922916666667,20.06,18.5
"9367","SUGG","2017-11-18",19.169756097561,20.12,18.46
"9368","SUGG","2017-11-19",19.6751111111111,21.09,18.45
"9369","SUGG","2017-11-20",18.8845833333333,19.72,17.9
"9370","SUGG","2017-11-21",18.51375,18.84,17.85
"9371","SUGG","2017-11-22",18.7243181818182,19.33,18.19
"9372","SUGG","2017-11-23",19.343023255814,20.3,18.28
"9373","SUGG","2017-11-24",18.57625,18.86,18.28
"9374","SUGG","2017-11-25",18.8108888888889,19.79,18.13
"9375","SUGG","2017-11-26",19.039,21.26,18.09
"9376","SUGG","2017-11-27",19.0195555555556,20.74,17.99
"9377","SUGG","2017-11-28",18.4724390243902,19.55,17.91
"9378","SUGG","2017-11-29",18.8753333333333,19.46,17.9
"9379","SUGG","2017-11-30",19.2975,19.77,18.56
"9380","SUGG","2017-12-01",19.6541860465116,20.51,18.77
"9381","SUGG","2017-12-02",21.0914285714286,25.08,18.81
"9382","SUGG","2017-12-03",20.4958695652174,22.42,19
"9383","SUGG","2017-12-04",19.47,21.15,18.62
"9384","SUGG","2017-12-05",19.6382222222222,20.37,18.57
"9385","SUGG","2017-12-06",20.6331818181818,22.04,18.96
"9386","SUGG","2017-12-07",20.1966666666667,20.95,19.33
"9387","SUGG","2017-12-08",18.7635416666667,19.27,18.17
"9388","SUGG","2017-12-09",17.63375,18.15,16.83
"9389","SUGG","2017-12-10",16.2175,16.82,15.29
"9390","SUGG","2017-12-11",15.0902083333333,16.05,14.37
"9391","SUGG","2017-12-12",14.7890909090909,15.8,14.13
"9392","SUGG","2017-12-13",14.4464583333333,14.94,13.87
"9393","SUGG","2017-12-14",14.04625,14.65,13.56
"9394","SUGG","2017-12-15",15.353,17.52,13.54
"9395","SUGG","2017-12-16",15.408085106383,16.66,14.53
"9396","SUGG","2017-12-17",14.8093617021277,15.73,14.32
"9397","SUGG","2017-12-18",15.8046511627907,17.53,14.28
"9398","SUGG","2017-12-19",17.5718604651163,18.67,15.33
"9399","SUGG","2017-12-20",19.5686046511628,21.16,18.15
"9400","SUGG","2017-12-21",18.4982978723404,19.18,16.52
"9401","SUGG","2017-12-22",19.843023255814,21.56,18.34
"9402","SUGG","2017-12-23",20,22.2,19.08
"9403","SUGG","2017-12-24",19.8631914893617,20.54,19.45
"9404","SUGG","2017-12-25",20.0202083333333,20.58,19.04
"9405","SUGG","2017-12-26",18.3,19.6,16.79
"9406","SUGG","2017-12-27",17.163023255814,18.12,16.6
"9407","SUGG","2017-12-28",16.8039583333333,17.38,16.39
"9408","SUGG","2017-12-29",16.10625,16.46,15.52
"9409","SUGG","2017-12-30",15.1036170212766,15.49,14.59
"9410","SUGG","2017-12-31",14.5233333333333,15.13,13.97
"9411","SUGG","2018-01-01",14.6402702702703,18.34,13.82
"9412","SUGG","2018-01-02",12.9470833333333,13.81,11.58
"9413","SUGG","2018-01-03",10.838125,11.51,10.14
"9414","SUGG","2018-01-04",9.60083333333333,10.11,8.87
"9415","SUGG","2018-01-05",9.111875,9.6,8.47
"9416","SUGG","2018-01-06",8.67,9.27,8.35
"9417","SUGG","2018-01-07",8.59729166666667,9.14,8.08
"9418","SUGG","2018-01-08",8.84875,9.33,8.01
"9419","SUGG","2018-01-09",9.85642857142857,10.44,8.7
"9420","SUGG","2018-01-10",10.625,11.29,10.26
"9421","SUGG","2018-01-12",16.8075,18.52,15.93
"9422","SUGG","2018-01-13",15.4376595744681,16.29,14.66
"9423","SUGG","2018-01-14",13.848085106383,14.81,12.34
"9424","SUGG","2018-01-15",12.3284782608696,12.97,11.55
"9425","SUGG","2018-01-16",11.9283333333333,12.79,11.42
"9426","SUGG","2018-01-17",12.5164102564103,13.41,11.36
"9427","SUGG","2018-01-18",11.4872972972973,12.15,10.45
"9428","SUGG","2018-01-19",10.4228571428571,11.18,9.88
"9429","SUGG","2018-01-20",11.5863333333333,14.28,9.82
"9430","SUGG","2018-01-21",11.4937837837838,13.21,9.82
"9431","SUGG","2018-01-22",12.7251515151515,14.55,10.81
"9432","SUGG","2018-01-23",13.85375,14.8,12.19
"9433","SUGG","2018-01-24",15.0323913043478,16.2,13.97
"9434","SUGG","2018-01-25",14.5095454545455,16.16,13.31
"9435","SUGG","2018-01-26",13.0054054054054,14.14,12.24
"9436","SUGG","2018-01-27",13.043829787234,13.33,12.21
"9437","SUGG","2018-01-28",14.0359574468085,14.53,13.12
"9438","SUGG","2018-01-29",15.4553488372093,16.48,14.02
"9439","SUGG","2018-01-30",15.3779166666667,15.81,14.42
"9440","SUGG","2018-01-31",14.4355319148936,15.04,13.75
"9441","SUGG","2018-02-01",14.2126086956522,14.77,13.61
"9442","SUGG","2018-02-02",15.3690697674419,18.08,13.71
"9443","SUGG","2018-02-03",14.8728260869565,15.82,13.91
"9444","SUGG","2018-02-04",14.2639583333333,14.63,13.84
"9445","SUGG","2018-02-05",14.7945833333333,15.07,14.04
"9446","SUGG","2018-02-06",15.69425,17.09,14.75
"9447","SUGG","2018-02-07",16.5167647058824,17.75,14.96
"9448","SUGG","2018-02-08",17.6771875,18.27,16.41
"9449","SUGG","2018-02-09",17.5504166666667,18.46,16.61
"9450","SUGG","2018-02-10",19.0418181818182,20.9,16.58
"9451","SUGG","2018-02-11",19.9002272727273,21.36,18.09
"9452","SUGG","2018-02-12",20.71775,21.15,19.51
"9453","SUGG","2018-02-13",21.8236585365854,23.39,20.48
"9454","SUGG","2018-02-14",19.7283333333333,20.63,18.71
"9455","SUGG","2018-02-15",18.7746153846154,19.17,18.6
"9456","SUGG","2018-02-27",23.85,23.85,23.85
"9457","SUGG","2018-02-28",22.6475757575758,24.04,21.74
"9458","SUGG","2018-03-01",22.9009090909091,23.76,21.72
"9459","SUGG","2018-03-02",22.7102127659574,23.31,21.93
"9460","SUGG","2018-03-03",22.0176666666667,23.08,20.7
"9461","SUGG","2018-03-04",20.7463636363636,21.99,19.81
"9462","SUGG","2018-03-05",19.8634782608696,20.87,19.08
"9463","SUGG","2018-03-06",19.9993939393939,22.75,18.54
"9464","SUGG","2018-03-07",19.1683333333333,19.8,18.48
"9465","SUGG","2018-03-08",18.9534375,19.71,18.31
"9466","SUGG","2018-03-09",18.0106060606061,18.55,17.45
"9467","SUGG","2018-03-10",18.5202777777778,21.35,17.16
"9468","SUGG","2018-03-11",17.8714583333333,18.35,17.1
"9469","SUGG","2018-03-12",20.1093939393939,22.22,17.25
"9470","SUGG","2018-03-13",18.1428571428571,18.9,17.22
"9471","SUGG","2018-03-14",18.0865909090909,19.23,17.06
"9472","SUGG","2018-03-15",17.5380434782609,18.43,16.8
"9473","SUGG","2018-03-16",17.6502941176471,18.55,16.68
"9474","SUGG","2018-03-17",18.404,19.67,16.65
"9475","SUGG","2018-03-18",19.8111764705882,21.3,17.45
"9476","SUGG","2018-03-19",21.2586046511628,23.18,19.33
"9477","SUGG","2018-03-20",20.3025581395349,20.81,19.88
"9478","SUGG","2018-03-21",19.5158333333333,20.04,19.08
"9479","SUGG","2018-03-22",18.8376923076923,19.5,18.1
"9480","SUGG","2018-03-23",18.4160869565217,19.02,17.77
"9481","SUGG","2018-03-24",18.8723404255319,20.1,17.72
"9482","SUGG","2018-03-25",19.1557692307692,21.89,17.9
"9483","SUGG","2018-03-26",19.7636842105263,20.78,18.11
"9484","SUGG","2018-03-27",19.08,19.42,18.68
"9485","SUGG","2018-03-28",19.6048888888889,20.26,18.68
"9486","SUGG","2018-03-29",21.4487878787879,24.04,19.2
"9487","SUGG","2018-03-30",21.9108333333333,23,20.44
"9488","SUGG","2018-03-31",21.8716666666667,22.75,20.93
"9489","SUGG","2018-04-01",21.4604255319149,22.46,20.79
"9490","SUGG","2018-04-02",22.4148571428571,25.34,20.86
"9491","SUGG","2018-04-03",24.0557575757576,26.82,21.8
"9492","SUGG","2018-04-04",24.7564102564103,25.98,22.92
"9493","SUGG","2018-04-05",24.4365,25.95,22.08
"9494","SUGG","2018-04-06",22.7978048780488,24.2,21.91
"9495","SUGG","2018-04-07",24.3605714285714,26.89,21.95
"9496","SUGG","2018-04-08",23.1834090909091,24.03,22.56
"9497","SUGG","2018-04-09",22.1527083333333,22.72,21.45
"9498","SUGG","2018-04-10",21.6838636363636,22.4,21.26
"9499","SUGG","2018-04-11",20.7213157894737,21.26,19.97
"9500","SUGG","2018-04-12",21.49175,22.76,19.96
"9501","SUGG","2018-04-13",22.1926470588235,23.55,20.51
"9502","SUGG","2018-04-14",22.5727272727273,24.71,21.09
"9503","SUGG","2018-04-15",24.1241463414634,25.46,22.23
"9504","SUGG","2018-04-16",22.1988888888889,23.48,20.69
"9505","SUGG","2018-04-17",20.779,21.62,20
"9506","SUGG","2018-04-18",21.8553846153846,24.29,19.97
"9507","SUGG","2018-04-19",22.9859459459459,24.61,20.66
"9508","SUGG","2018-04-20",22.6948275862069,23.35,21.84
"9509","SUGG","2018-04-21",21.8948936170213,22.72,21.01
"9510","SUGG","2018-04-22",21.8129787234043,22.23,21.03
"9511","SUGG","2018-04-23",22.1336170212766,22.59,21.46
"9512","SUGG","2018-04-24",23.3382926829268,24.65,21.98
"9513","SUGG","2018-04-25",23.6057575757576,24.68,22.78
"9514","SUGG","2018-04-26",24.7260526315789,25.99,22.77
"9515","SUGG","2018-04-27",25.0160526315789,26.22,23.58
"9516","SUGG","2018-04-28",24.9204166666667,26.46,23.66
"9517","SUGG","2018-04-29",25.3757446808511,26.62,23.63
"9518","SUGG","2018-04-30",25.9976744186047,28.64,24.21
"9519","SUGG","2018-05-01",25.0627272727273,26.53,23.87
"9520","SUGG","2018-05-02",24.8527906976744,26.54,23.81
"9521","SUGG","2018-05-03",25.08825,26.53,23.78
"9522","SUGG","2018-05-04",25.4545454545455,26.9,24.11
"9523","SUGG","2018-05-05",26.3055172413793,28.03,24.54
"9524","SUGG","2018-05-06",26.013488372093,26.73,24.8
"9525","SUGG","2018-05-07",27.6691176470588,31.48,25.45
"9526","SUGG","2018-05-08",27.6392105263158,29.66,25.5
"9527","SUGG","2018-05-09",25.995,26.33,25.68
"9528","SUGG","2018-06-19",29.7608,32.03,28.69
"9529","SUGG","2018-06-20",29.53,34.99,28.69
"9530","SUGG","2018-06-21",29.9247826086957,32.4,28.78
"9531","SUGG","2018-06-22",29.9702173913043,32.16,28.68
"9532","SUGG","2018-06-23",31.4764102564103,33.52,28.81
"9533","SUGG","2018-07-11",32.2384375,35.32,30
"9534","SUGG","2018-07-12",31.121724137931,34.53,29.76
"9535","SUGG","2018-07-13",32.3616666666667,35.05,29.79
"9536","SUGG","2018-07-14",32.3325641025641,35.63,30.34
"9537","SUGG","2018-07-15",31.68,35.43,30
"9538","SUGG","2018-07-16",30.9002564102564,33.95,29.41
"9539","SUGG","2018-07-17",30.7917948717949,32.68,29.45
"9540","SUGG","2018-07-18",29.3524444444444,30.47,28.52
"9541","SUGG","2018-07-19",29.148,29.95,28.41
"9542","SUGG","2018-07-20",28.795,29.58,28.27
"9543","SUGG","2018-07-21",28.5777083333333,29.12,28.13
"9544","SUGG","2018-07-22",29.2509756097561,31.05,28.13
"9545","SUGG","2018-07-23",27.3430434782609,29.16,26.51
"9546","SUGG","2018-07-24",27.7490476190476,30.96,26.55
"9547","SUGG","2018-07-25",28.3231111111111,30.34,27.02
"9548","SUGG","2018-07-26",30.0243902439024,32.07,27.45
"9549","SUGG","2018-07-27",29.0170212765957,29.94,27.99
"9550","SUGG","2018-07-28",30.6317073170732,33.29,28.02
"9551","SUGG","2018-07-29",30.9253333333333,33.96,28.96
"9552","SUGG","2018-07-30",31.0810810810811,35.33,28.81
"9553","SUGG","2018-07-31",29.116976744186,31.58,27.76
"9554","SUGG","2018-08-01",28.876875,29.8,27.74
"9555","SUGG","2018-08-02",29.6685416666667,30.81,28
"9556","SUGG","2018-08-03",29.5308888888889,31.5,28.26
"9557","SUGG","2018-08-04",30.706511627907,32.64,28.33
"9558","SUGG","2018-08-05",30.3315625,31.31,29.33
"9559","SUGG","2018-08-06",30.69,31.89,29.48
"9560","SUGG","2018-08-07",30.8758333333333,32.65,29.38
"9561","SUGG","2018-08-08",30.69625,31.55,29.36
"9562","SUGG","2018-08-09",31.7117857142857,33.33,29.6
"9563","SUGG","2018-08-10",30.8563636363636,32.77,29.59
"9564","SUGG","2018-08-11",30.8344186046512,32.85,29.53
"9565","SUGG","2018-08-12",31.8728260869565,34.67,29.52
"9566","SUGG","2018-08-13",30.19875,31.34,29.15
"9567","SUGG","2018-08-14",30.3607894736842,31.39,29.13
"9568","SUGG","2018-08-15",30.7102272727273,33.02,29.28
"9569","SUGG","2018-08-16",30.8534146341463,32.65,29.28
"9570","SUGG","2018-08-17",29.9908571428571,31.27,29.1
"9571","SUGG","2018-08-18",29.8625,31.9,28.76
"9572","SUGG","2018-08-19",30.8385714285714,35.36,28.73
"9573","SUGG","2018-08-20",31.1335,35.03,29.22
"9574","SUGG","2018-08-21",29.9684848484848,31.86,28.83
"9575","SUGG","2018-08-22",30.2405,32.29,28.67
"9576","SUGG","2018-08-23",30.2943902439024,31.72,28.65
"9577","SUGG","2018-08-24",30.8066666666667,33.03,29.27
"9578","SUGG","2018-08-25",29.4879545454545,31.39,28.57
"9579","SUGG","2018-08-26",29.91625,33,28.56
"9580","SUGG","2018-08-27",29.1770588235294,31.08,28.52
"9581","SUGG","2018-08-28",29.6490625,30.54,28.52
"9582","SUGG","2018-08-29",29.6521951219512,31.6,28.57
"9583","SUGG","2018-08-30",28.4188888888889,30.17,27.62
"9584","SUGG","2018-08-31",27.93,28.77,27.25
"9585","SUGG","2018-09-01",28.6510869565217,29.99,27.24
"9586","SUGG","2018-09-02",29.02,30.06,28.07
"9587","SUGG","2018-09-03",29.0453191489362,29.93,28.35
"9588","SUGG","2018-09-04",28.5284782608696,29.7,27.76
"9589","SUGG","2018-09-05",28.8782608695652,29.9,27.77
"9590","SUGG","2018-09-06",29.6755813953488,30.86,28.33
"9591","SUGG","2018-09-07",30.0878723404255,31.3,28.92
"9592","SUGG","2018-09-08",29.875,31.23,28.95
"9593","SUGG","2018-09-09",29.4952631578947,30.65,28.49
"9594","SUGG","2018-09-10",29.4936666666667,31.78,28.47
"9595","SUGG","2018-09-11",29.675,32.1,28.38
"9596","SUGG","2018-09-12",29.6596428571429,31.05,28.34
"9597","SUGG","2018-09-13",30.164,31.92,28.86
"9598","SUGG","2018-09-14",30.7593548387097,32.45,29.34
"9599","SUGG","2018-09-15",31.6217777777778,33.44,29.49
"9600","SUGG","2018-09-16",31.3595833333333,32.64,30.06
"9601","SUGG","2018-09-17",31.3336956521739,32.64,30.17
"9602","SUGG","2018-09-18",31.8597777777778,33.65,30.36
"9603","SUGG","2018-09-19",32.0751282051282,33.92,30.4
"9604","SUGG","2018-09-20",31.7053846153846,35.15,30.2
"9605","SUGG","2018-09-21",31.05425,32.06,29.9
"9606","SUGG","2018-09-22",30.3990243902439,31.64,29.4
"9607","SUGG","2018-09-23",29.7973913043478,30.65,28.93
"9608","SUGG","2018-09-24",29.659756097561,31.22,28.86
"9609","SUGG","2018-09-25",29.2309523809524,30.46,28.46
"9610","SUGG","2018-09-26",29.0805882352941,30.15,28.35
"9611","SUGG","2018-09-27",28.8046153846154,29.81,28.27
"9612","SUGG","2018-09-28",30.3836585365854,32.84,28.24
"9613","SUGG","2018-09-29",29.8537037037037,35.35,28.98
"9614","SUGG","2018-09-30",29.78625,30.88,28.96
"9615","SUGG","2018-10-01",29.55,30.51,28.66
"9616","SUGG","2018-10-02",28.8645833333333,29.77,28.16
"9617","SUGG","2018-10-03",28.4268085106383,29.28,27.73
"9618","SUGG","2018-10-04",28.46,29.33,27.7
"9619","SUGG","2018-10-05",28.3184444444444,28.99,27.67
"9620","SUGG","2018-10-06",28.3259459459459,29.3,27.48
"9621","SUGG","2018-10-07",28.1758974358974,29.33,27.33
"9622","SUGG","2018-10-08",27.9370833333333,28.38,27.31
"9623","SUGG","2018-10-09",27.5870212765957,27.97,27.15
"9624","SUGG","2018-10-10",27.6393617021277,28.28,27.12
"9625","SUGG","2018-10-11",27.4734782608696,27.72,27.17
"9626","SUGG","2018-10-12",27.9639534883721,28.71,27.16
"9627","SUGG","2018-10-13",28.0490697674419,30.38,26.61
"9628","SUGG","2018-10-14",27.4008695652174,29.21,26.18
"9629","SUGG","2018-10-15",26.59,27.34,26.12
"9630","SUGG","2018-10-16",28.0196428571429,29.84,26.21
"9631","SUGG","2018-10-17",28.8094871794872,31.77,27.18
"9632","SUGG","2018-10-18",30.1727027027027,34.03,27.8
"9633","SUGG","2018-10-19",28.0263414634146,29.88,27.1
"9634","SUGG","2018-10-20",27.4257446808511,28,26.73
"9635","SUGG","2018-10-21",28.4341860465116,30.26,26.43
"9636","SUGG","2018-10-22",25.8741666666667,26.94,24.67
"9637","SUGG","2018-10-23",24.8757446808511,25.48,24.39
"9638","SUGG","2018-10-24",24.3851063829787,24.75,23.91
"9639","SUGG","2018-10-25",24.13625,24.74,23.5
"9640","SUGG","2018-10-26",23.5564583333333,24.02,23.26
"9641","SUGG","2018-10-27",23.59125,24.22,22.88
"9642","SUGG","2018-10-28",22.705625,23.46,21.87
"9643","SUGG","2018-10-29",22.59125,23.62,21.76
"9644","SUGG","2018-10-30",22.8977083333333,24.19,21.73
"9645","SUGG","2018-10-31",22.5342857142857,23.43,21.81
"9646","SUGG","2018-11-01",22.6046875,23.72,21.76
"9647","SUGG","2018-11-02",22.745625,23.42,21.88
"9648","SUGG","2018-11-03",22.4478723404255,22.97,21.62
"9649","SUGG","2018-11-04",21.4210416666667,22.21,20.75
"9650","SUGG","2018-11-05",21.4832608695652,21.69,20.78
"9651","SUGG","2018-11-06",22.95475,24.69,21.62
"9652","SUGG","2018-11-07",24.490652173913,26.08,22.79
"9653","SUGG","2018-11-08",25.7588888888889,28.72,23.47
"9654","SUGG","2018-11-09",24.7259375,27.21,24
"9655","SUGG","2018-11-10",25.7682857142857,27.03,23.95
"9656","SUGG","2018-11-11",23.466170212766,24.7,21.82
"9657","SUGG","2018-11-12",22.1947916666667,22.59,21.74
"9658","SUGG","2018-11-13",23.3587804878049,24.17,21.89
"9659","SUGG","2018-11-14",24.111914893617,25.53,23.15
"9660","SUGG","2018-11-15",22.8929166666667,23.39,22.06
"9661","SUGG","2018-11-16",21.466875,22.05,20.17
"9662","SUGG","2018-11-17",19.7072916666667,20.32,18.59
"9663","SUGG","2018-11-18",19.61,20.7,18.5
"9664","SUGG","2018-11-19",20.5988888888889,23.38,18.73
"9665","SUGG","2018-11-20",21.0362162162162,23.85,19.34
"9666","SUGG","2018-11-21",20.0813333333333,21.54,19.04
"9667","SUGG","2018-11-22",19.4820930232558,20.59,18.69
"9668","SUGG","2018-11-23",18.5645833333333,18.9,18.34
"9669","SUGG","2018-11-24",18.976875,19.19,18.31
"9670","SUGG","2018-11-25",19.91,20.49,18.92
"9671","SUGG","2018-11-26",20.4381818181818,22.29,19.54
"9672","SUGG","2018-11-27",19.5302173913043,20.22,18.57
"9673","SUGG","2018-11-28",18.0086046511628,18.8,16.73
"9674","SUGG","2018-11-29",16.3914583333333,16.95,15.76
"9675","SUGG","2018-11-30",16.0166666666667,17.3,15.31
"9676","SUGG","2018-12-01",16.5177083333333,17.57,15.26
"9677","SUGG","2018-12-02",16.916875,17.19,16.51
"9678","SUGG","2018-12-03",18.3470731707317,19.1,16.92
"9679","SUGG","2018-12-04",19.4975,20.01,18.4
"9680","SUGG","2018-12-05",18.9671111111111,20.54,17.4
"9681","SUGG","2018-12-06",17.0365217391304,17.63,16.13
"9682","SUGG","2018-12-07",16.5097619047619,18.18,15.6
"9683","SUGG","2018-12-08",16.1297727272727,17.17,15.4
"9684","SUGG","2018-12-09",16.5320930232558,16.97,15.52
"9685","SUGG","2018-12-10",17.1502222222222,17.59,16.28
"9686","SUGG","2018-12-11",15.7729166666667,16.23,15.1
"9687","SUGG","2018-12-12",15.1291666666667,15.4,15
"9688","SUGG","2018-12-14",15.1944444444444,15.62,14.87
"9689","SUGG","2018-12-15",15.5072916666667,15.72,15.22
"9690","SUGG","2018-12-16",16.2146808510638,16.73,15.58
"9691","SUGG","2018-12-17",16.444347826087,17.58,15.43
"9692","SUGG","2018-12-18",16.0391304347826,16.79,15.26
"9693","SUGG","2018-12-19",16.7621621621622,19.14,15.1
"9694","SUGG","2018-12-20",15.8375675675676,17.56,15.04
"9695","SUGG","2018-12-21",15.5947916666667,16.2,15.31
"9696","SUGG","2018-12-22",15.2779166666667,15.71,14.66
"9697","SUGG","2018-12-23",14.8959090909091,15.85,14.23
"9698","SUGG","2018-12-24",15.1174285714286,17.04,14.03
"9699","SUGG","2018-12-25",15.4216666666667,18.69,13.92
"9700","SUGG","2018-12-26",15.4628888888889,17.4,13.95
"9701","SUGG","2018-12-27",14.8891666666667,15.52,14.38
"9702","SUGG","2018-12-28",14.948,15.52,14.71
"9703","SUGG","2019-01-08",18.3445,19.82,16.85
"9704","SUGG","2019-01-09",18.1453488372093,19.73,17.19
"9705","SUGG","2019-01-10",17.0064864864865,17.84,15.85
"9706","SUGG","2019-01-11",15.745,15.79,15.72
"9707","SUGG","2019-01-18",15.6981481481481,17.26,14.59
"9708","SUGG","2019-01-19",15.9116666666667,17.83,14.5
"9709","SUGG","2019-01-20",15.7383333333333,16.75,15.02
"9710","SUGG","2019-01-21",15.199375,15.94,14.24
"9711","SUGG","2019-01-22",14.1436170212766,14.88,13.34
"9712","SUGG","2019-01-23",14.3554166666667,14.9,13.2
"9713","SUGG","2019-01-24",15.5945833333333,16.12,14.44
"9714","SUGG","2019-01-25",16.3852083333333,17.13,15.41
"9715","SUGG","2019-01-26",15.5108333333333,16.07,14.78
"9716","SUGG","2019-01-27",14.7540425531915,16.11,14.17
"9717","SUGG","2019-01-28",13.7114583333333,14.17,12.95
"9718","SUGG","2019-01-29",13.6654166666667,14.53,12.86
"9719","SUGG","2019-01-30",13.7379545454545,14.9,12.93
"9720","SUGG","2019-01-31",12.5422916666667,13.03,11.75
"9721","SUGG","2019-02-01",11.7342857142857,11.8,11.68
"9722","SUGG","2019-02-08",20.7213513513514,22.37,18.84
"9723","SUGG","2019-02-09",19.8186666666667,23.91,16.16
"9724","SUGG","2019-02-10",16.258,18.08,14.62
"9725","SUGG","2019-02-11",16.470625,16.86,15.74
"9726","SUGG","2019-02-12",19.0265909090909,20.89,16.88
"9727","SUGG","2019-02-13",19.1716666666667,19.97,18.17
"9728","SUGG","2019-02-14",17.8958333333333,18.69,16.61
"9729","SUGG","2019-02-15",17.9320512820513,19.02,16.47
"9730","SUGG","2019-02-16",18.2797727272727,19.6,16.94
"9731","SUGG","2019-02-17",18.3470833333333,18.79,17.55
"9732","SUGG","2019-02-18",20.6362222222222,21.62,18.54
"9733","SUGG","2019-02-19",21.4312765957447,22.73,20.17
"9734","SUGG","2019-02-20",20.2433333333333,21.26,19.83
"9735","SUGG","2019-02-21",21.3742857142857,23.01,19.79
"9736","SUGG","2019-02-22",23.110487804878,24.78,20.9
"9737","SUGG","2019-02-23",23.8733333333333,27.03,22.44
"9738","SUGG","2019-02-24",24.2733333333333,25.37,22.84
"9739","SUGG","2019-02-25",22.985,23.91,20.49
"9740","SUGG","2019-02-26",20.67,21.66,19.81
"9741","SUGG","2019-02-27",19.675,20,19.34
"9742","SUGG","2019-02-28",20.6438709677419,24.07,19.33
"9743","SUGG","2019-03-01",21.79475,24.7,20.01
"9744","SUGG","2019-03-02",21.6485416666667,22.66,20.65
"9745","SUGG","2019-03-03",21.0035897435897,22.33,20.61
"9746","SUGG","2019-03-04",21.4272916666667,22.16,20.65
"9747","SUGG","2019-03-05",20.8452083333333,21.51,19.65
"9748","SUGG","2019-03-06",18.911875,19.57,17.69
"9749","SUGG","2019-03-07",17.9575,18.99,16.99
"9750","SUGG","2019-03-08",18.6861111111111,22.3,16.88
"9751","SUGG","2019-03-09",19.0729166666667,20.56,17.2
"9752","SUGG","2019-03-10",20.1095744680851,21.02,18.24
"9753","SUGG","2019-03-11",22.484347826087,24.81,19.71
"9754","SUGG","2019-03-12",23.9619512195122,26.84,21.44
"9755","SUGG","2019-03-13",22.1922727272727,23.93,20.63
"9756","SUGG","2019-03-14",21.603125,22.43,20.97
"9757","SUGG","2019-03-15",22.4176086956522,24.38,20.94
"9758","SUGG","2019-03-16",24.2630555555556,25.75,21.59
"9759","SUGG","2019-03-17",22.4708333333333,23.72,20.98
"9760","SUGG","2019-03-18",20.2152083333333,20.93,19.09
"9761","SUGG","2019-03-19",19.6322916666667,20.17,19.03
"9762","SUGG","2019-03-20",18.7429166666667,19.28,18.02
"9763","SUGG","2019-03-21",18.9664583333333,20.07,17.98
"9764","SUGG","2019-03-22",19.2002083333333,20,18.29
"9765","SUGG","2019-03-23",19.4222916666667,20.4,18.29
"9766","SUGG","2019-03-24",19.9957142857143,23.94,18.51
"9767","SUGG","2019-03-25",21.2602325581395,22.99,18.77
"9768","SUGG","2019-03-26",21.630625,22.78,20.6
"9769","SUGG","2019-03-27",21.707619047619,23.7,19.95
"9770","SUGG","2019-03-28",20.3979166666667,21.31,19.68
"9771","SUGG","2019-03-29",20.3844444444444,20.88,19.61
"9772","SUGG","2019-03-30",21.0761363636364,21.94,19.92
"9773","SUGG","2019-03-31",22.8804347826087,25.11,20.35
"9774","SUGG","2019-04-01",22.9195833333333,24.43,21.54
"9775","SUGG","2019-04-02",20.7985416666667,21.55,20.04
"9776","SUGG","2019-04-03",20.65,21.45,19.87
"9777","SUGG","2019-04-04",20.7954166666667,21.66,19.82
"9778","SUGG","2019-04-05",21.7013333333333,23.09,20.24
"9779","SUGG","2019-04-06",22.5091666666667,23.32,21.35
"9780","SUGG","2019-04-07",24.4068085106383,27.01,22.03
"9781","SUGG","2019-04-08",25.8445,28.07,23.32
"9782","SUGG","2019-04-09",25.2855263157895,26.7,24.34
"9783","SUGG","2019-04-10",25.4985416666667,26.55,24.33
"9784","SUGG","2019-04-11",25.2936842105263,28.52,24.02
"9785","SUGG","2019-04-12",25.2079545454545,26.2,23.99
"9786","SUGG","2019-04-13",26.765625,28.29,24.49
"9787","SUGG","2019-04-14",27.2397826086957,29.18,25.76
"9788","SUGG","2019-04-15",25.9183333333333,26.91,24.48
"9789","SUGG","2019-04-16",24.9110416666667,26.17,23.7
"9790","SUGG","2019-04-17",24.8210256410256,26.65,23.62
"9791","SUGG","2019-04-18",25.3169047619048,26.61,23.8
"9792","SUGG","2019-04-19",25.7295833333333,26.68,24.23
"9793","SUGG","2019-04-20",24.0927083333333,25.26,23.02
"9794","SUGG","2019-04-21",23.0520833333333,23.79,22.11
"9795","SUGG","2019-04-22",23.6913043478261,25.35,22.12
"9796","SUGG","2019-04-23",24.2443333333333,29.77,22.29
"9797","SUGG","2019-04-24",24.8709375,27.44,22.49
"9798","SUGG","2019-04-25",26.6664102564103,30.51,23.08
"9799","SUGG","2019-04-26",26.1602222222222,27.8,24
"9800","SUGG","2019-04-27",25.1334042553191,26.53,23.75
"9801","SUGG","2019-04-28",26.177027027027,29.3,23.71
"9802","SUGG","2019-04-29",26.4609090909091,31.93,24.27
"9803","SUGG","2019-04-30",26.4687804878049,27.53,24.97
"9804","SUGG","2019-05-01",26.8026086956522,27.96,25.68
"9805","SUGG","2019-05-02",27.1764444444444,28.75,25.94
"9806","SUGG","2019-05-03",27.265,28.42,26.3
"9807","SUGG","2019-05-04",27.6321276595745,28.91,26.51
"9808","SUGG","2019-05-05",28.214375,29.44,26.52
"9809","SUGG","2019-05-06",26.6764583333333,27.64,25.95
"9810","SUGG","2019-05-07",29.6671794871795,33.1,26.04
"9811","SUGG","2019-05-08",27.8502777777778,30.14,26.99
"9812","SUGG","2019-05-09",27.9028260869565,29.39,26.85
"9813","SUGG","2019-05-10",27.6651515151515,29.92,26.87
"9814","SUGG","2019-05-11",28.0354285714286,30.47,26.95
"9815","SUGG","2019-05-12",29.5334782608696,31.67,27.14
"9816","SUGG","2019-05-13",28.9752083333333,30.15,28.01
"9817","SUGG","2019-05-14",28.2734782608696,29.22,27.27
"9818","SUGG","2019-05-15",28.5020454545455,30.29,26.99
"9819","SUGG","2019-05-16",27.77,29.04,26.8
"9820","SUGG","2019-05-17",27.8130303030303,32.94,26.61
"9821","SUGG","2019-05-18",29.0564102564103,32.28,26.64
"9822","SUGG","2019-05-19",27.7705714285714,29.81,26.46
"9823","SUGG","2019-05-20",28.914,34.33,26.49
"9824","SUGG","2019-05-21",29.3764516129032,34.52,27.61
"9825","SUGG","2019-05-22",29.168064516129,30.78,27.71
"9826","SUGG","2019-05-23",29.0365714285714,30.3,27.98
"9827","SUGG","2019-05-24",28.7841025641026,30.32,27.84
"9828","SUGG","2019-05-25",29.4847058823529,31.8,27.83
"9829","SUGG","2019-05-26",29.4891176470588,31.06,28.14
"9830","SUGG","2019-05-27",30.8977419354839,35.92,28.52
"9831","SUGG","2019-05-28",31.3478571428571,34.42,29.11
"9832","SUGG","2019-05-29",30.502619047619,35.31,28.7
"9833","SUGG","2019-05-30",30.965,33.18,28.73
"9834","SUGG","2019-05-31",32.1447368421053,34.43,29.23
"9835","SUGG","2019-06-01",30.7885416666667,32.27,29.51
"9836","SUGG","2019-06-02",31.1965909090909,34.44,29.54
"9837","SUGG","2019-06-03",31.1614583333333,32.31,29.77
"9838","SUGG","2019-06-04",32.2902380952381,34.64,30.1
"9839","SUGG","2019-06-05",31.6838636363636,34.91,29.8
"9840","SUGG","2019-06-06",31.6315555555556,33.44,29.86
"9841","SUGG","2019-06-07",31.1927777777778,32.43,30.04
"9842","SUGG","2019-06-08",29.97,30.76,28.99
"9843","SUGG","2019-06-09",29.3604166666667,30.14,28.52
"9844","SUGG","2019-06-10",28.236170212766,29.18,27.31
"9845","SUGG","2019-06-11",28.4060869565217,29.41,27.35
"9846","SUGG","2019-06-12",29.3852272727273,31.13,27.87
"9847","SUGG","2019-06-13",28.5322916666667,29.21,27.68
"9848","SUGG","2019-06-14",27.7820833333333,28.3,27.25
"9849","SUGG","2019-06-15",28.2952083333333,29.27,27.27
"9850","SUGG","2019-06-16",28.5870212765957,30.16,27.74
"9851","SUGG","2019-06-17",29.1241176470588,31.13,28.1
"9852","SUGG","2019-06-18",29.1117777777778,30.06,28.19
"9853","SUGG","2019-06-19",29.6877777777778,31.47,28.27
"9854","SUGG","2019-06-20",28.44125,29.54,27.69
"9855","SUGG","2019-06-21",28.8120833333333,29.35,27.78
"9856","SUGG","2019-06-22",30.470625,31.72,28.57
"9857","SUGG","2019-06-23",31.3789583333333,32.67,29.63
"9858","SUGG","2019-06-24",32.8993333333333,35.66,30.3
"9859","SUGG","2019-06-25",32.6482608695652,34.27,30.8
"9860","SUGG","2019-06-26",32.9997826086957,34.49,30.98
"9861","SUGG","2019-06-27",32.8508888888889,34.91,30.98
"9862","SUGG","2019-06-28",31.7902631578947,34.23,30.65
"9863","SUGG","2019-06-29",31.3774358974359,33.95,30.26
"9864","SUGG","2019-06-30",30.23,31.2,29.52
"9865","SUGG","2019-07-01",31.7135483870968,35.86,29.6
"9866","SUGG","2019-07-02",31.7739130434783,34.66,29.89
"9867","SUGG","2019-07-03",32.307380952381,34.75,30.35
"9868","SUGG","2019-07-04",32.0672413793103,33.88,30.81
"9869","SUGG","2019-07-05",30.8075,30.88,30.77
"9870","SUGG","2019-07-09",30.7112,32.11,29.66
"9871","SUGG","2019-07-10",31.2525,34.56,29.7
"9872","SUGG","2019-07-11",31.1489583333333,33.02,29.67
"9873","SUGG","2019-07-12",31.2625,33.28,29.81
"9874","SUGG","2019-07-13",30.6797727272727,32.21,29.74
"9875","SUGG","2019-07-14",32.3479069767442,34.31,29.71
"9876","SUGG","2019-07-15",32.8796875,35.82,30.74
"9877","SUGG","2019-07-16",32.3045714285714,35.12,30.75
"9878","SUGG","2019-07-17",32.2802777777778,35.62,30.71
"9879","SUGG","2019-07-18",30.5635,33.72,29.44
"9880","SUGG","2019-07-19",31.9503333333333,35.65,29.43
"9881","SUGG","2019-07-20",31.20825,34.81,29.27
"9882","SUGG","2019-07-21",30.7373529411765,33.05,29.27
"9883","SUGG","2019-07-22",30.2707692307692,33.5,28.98
"9884","SUGG","2019-07-23",30.937619047619,33.92,28.98
"9885","SUGG","2019-07-24",30.9097619047619,32.96,29.6
"9886","SUGG","2019-07-25",29.228125,30.21,28.37
"9887","SUGG","2019-07-26",29.095,30.61,28.26
"9888","SUGG","2019-07-27",28.5079166666667,29.26,27.86
"9889","SUGG","2019-07-28",29.2852380952381,30.86,27.91
"9890","SUGG","2019-07-29",29.2414583333333,30.27,28.48
"9891","SUGG","2019-07-30",29.9572916666667,31.08,28.5
"9892","SUGG","2019-07-31",30.8776666666667,34.8,29.18
"9893","SUGG","2019-08-01",30.2157142857143,32.27,29.21
"9894","SUGG","2019-08-02",29.9797727272727,32.13,28.98
"9895","SUGG","2019-08-03",29.3770212765957,30.36,28.83
"9896","SUGG","2019-08-04",31.1344827586207,35.5,28.86
"9897","SUGG","2019-08-05",31.7789130434783,33.97,29.67
"9898","SUGG","2019-08-06",31.6988636363636,33.5,30.02
"9899","SUGG","2019-08-07",31.8039130434783,33.81,30
"9900","SUGG","2019-08-08",30.3989583333333,31.89,29.42
"9901","SUGG","2019-08-09",31.24125,32.53,29.41
"9902","SUGG","2019-08-10",31.9804166666667,33.45,30.09
"9903","SUGG","2019-08-11",32.9608695652174,35.69,30.78
"9904","SUGG","2019-08-12",32.5615555555556,35.49,30.84
"9905","SUGG","2019-08-13",32.1496875,34.76,30.72
"9906","SUGG","2019-08-14",32.4188888888889,35,30.69
"9907","SUGG","2019-08-15",31.9577777777778,34.12,30.54
"9908","SUGG","2019-08-16",30.4435416666667,31.25,29.45
"9909","SUGG","2019-08-17",29.0389583333333,29.58,28.28
"9910","SUGG","2019-08-18",28.0114583333333,28.45,27.62
"9911","SUGG","2019-08-19",27.9055319148936,28.8,27.35
"9912","SUGG","2019-08-20",29.3197826086957,31.38,27.37
"9913","SUGG","2019-08-21",29.6271428571429,31.36,28.05
"9914","SUGG","2019-08-22",30.6082051282051,34.6,28.4
"9915","SUGG","2019-08-23",30.4422222222222,32.9,29.3
"9916","SUGG","2019-08-24",31.2579487179487,33.44,29.39
"9917","SUGG","2019-08-25",31.04375,33.01,29.8
"9918","SUGG","2019-08-26",30.4651111111111,31.97,29.3
"9919","SUGG","2019-08-27",30.3054054054054,32.06,29.27
"9920","SUGG","2019-08-28",31.3130555555556,34.47,29.16
"9921","SUGG","2019-08-29",31.021875,32.67,29.11
"9922","SUGG","2019-08-30",31.1948888888889,32.65,29.94
"9923","SUGG","2019-08-31",29.7072916666667,30.66,28.91
"9924","SUGG","2019-09-01",29.7645,30.89,28.91
"9925","SUGG","2019-09-02",29.5163043478261,30.2,28.83
"9926","SUGG","2019-09-03",29.4947916666667,30.74,28.71
"9927","SUGG","2019-09-04",29.3072916666667,30.16,28.54
"9928","SUGG","2019-09-05",28.2214583333333,28.54,27.74
"9929","SUGG","2019-09-06",29.09,30.28,27.74
"9930","SUGG","2019-09-07",30.59625,32.42,28.35
"9931","SUGG","2019-09-08",31.9036842105263,35.54,28.96
"9932","SUGG","2019-09-09",32.4584210526316,35.6,29.45
"9933","SUGG","2019-09-10",30.5737931034483,31.8,29.54
"9934","SUGG","2019-09-11",30.0548717948718,32.16,29.13
"9935","SUGG","2019-09-12",29.9573333333333,31.27,29.04
"9936","SUGG","2019-09-13",29.8089743589744,30.72,29.04
"9937","SUGG","2019-09-14",29.171875,29.94,28.42
"9938","SUGG","2019-09-15",28.9889583333333,29.57,28.4
"9939","SUGG","2019-09-16",29.1508333333333,29.86,28.59
"9940","SUGG","2019-09-17",30.0052083333333,31.06,28.58
"9941","SUGG","2019-09-18",30.2002325581395,32,28.85
"9942","SUGG","2019-09-19",29.3625,30.31,28.43
"9943","SUGG","2019-09-20",28.435,29.02,27.74
"9944","SUGG","2019-09-21",27.9295833333333,28.42,27.32
"9945","SUGG","2019-09-22",27.5533333333333,28.09,26.91
"9946","SUGG","2019-09-23",27.7833333333333,28.55,26.89
"9947","SUGG","2019-09-24",27.7757446808511,28.65,26.97
"9948","SUGG","2019-09-25",29.0476086956522,30.67,26.94
"9949","SUGG","2019-09-26",30.1426666666667,32.21,27.63
"9950","SUGG","2019-09-27",30.2822916666667,31.96,28.4
"9951","SUGG","2019-09-28",29.2139473684211,30.86,28.01
"9952","SUGG","2019-09-29",28.3538095238095,29.54,27.33
"9953","SUGG","2019-09-30",28.2213043478261,28.96,27.26
"9954","SUGG","2019-10-01",28.5983333333333,29.31,27.66
"9955","SUGG","2019-10-02",28.466875,29.21,27.81
"9956","SUGG","2019-10-03",28.48125,29.39,27.79
"9957","SUGG","2019-10-04",28.6116666666667,29.43,27.65
"9958","SUGG","2019-10-05",28.5355882352941,29.83,27.52
"9959","SUGG","2019-10-06",27.9934042553191,28.67,27.36
"9960","SUGG","2019-10-07",27.379375,27.8,26.75
"9961","SUGG","2019-10-08",26.9504255319149,28.03,26.35
"9962","SUGG","2019-10-09",27.0292105263158,27.84,26.34
"9963","SUGG","2019-10-10",26.6725,27.38,26.03
"9964","SUGG","2019-10-11",26.4170833333333,27.03,25.76
"9965","SUGG","2019-10-12",26.4840425531915,27.51,25.6
"9966","SUGG","2019-10-13",26.6430769230769,28.98,25.56
"9967","SUGG","2019-10-14",26.8222857142857,30.89,25.56
"9968","SUGG","2019-10-15",26.7112121212121,27.96,25.7
"9969","SUGG","2019-10-16",27.0158333333333,28.57,25.91
"9970","SUGG","2019-10-17",26.4585416666667,27.08,25.63
"9971","SUGG","2019-10-18",25.7829166666667,26.69,24.91
"9972","SUGG","2019-10-19",24.4702083333333,24.89,24.02
"9973","SUGG","2019-10-20",24.3952083333333,24.69,24
"9974","SUGG","2019-10-21",25.5977083333333,27.05,24.2
"9975","SUGG","2019-10-22",25.3429787234043,25.93,24.73
"9976","SUGG","2019-10-23",25.8720833333333,26.67,24.74
"9977","SUGG","2019-10-24",24.7478723404255,25.75,23.99
"9978","SUGG","2019-10-25",24.6654166666667,25.11,23.97
"9979","SUGG","2019-10-26",24.9789583333333,25.45,24.36
"9980","SUGG","2019-10-27",25.61125,26.31,24.65
"9981","SUGG","2019-10-28",26.0072916666667,26.66,25.24
"9982","SUGG","2019-10-29",27.3097058823529,30.8,25.47
"9983","SUGG","2019-10-30",27.7626315789474,30.55,26.56
"9984","SUGG","2019-10-31",28.1273913043478,30.04,26.72
"9985","SUGG","2019-11-01",27.454375,28.58,25.58
"9986","SUGG","2019-11-02",24.8141666666667,25.69,23.89
"9987","SUGG","2019-11-03",23.4541666666667,24.1,22.33
"9988","SUGG","2019-11-04",22.5766666666667,23.25,21.92
"9989","SUGG","2019-11-05",22.4621276595745,22.92,21.89
"9990","SUGG","2019-11-06",23.1919512195122,25.94,22.18
"9991","SUGG","2019-11-07",22.9995833333333,23.5,22.26
"9992","SUGG","2019-11-08",25.3876666666667,27.99,22.82
"9993","SUGG","2019-11-09",22.8208333333333,24.33,21.65
"9994","SUGG","2019-11-10",21.4858333333333,22.2,20.43
"9995","SUGG","2019-11-11",21.1021739130435,22.32,20.22
"9996","SUGG","2019-11-12",21.8225,23.86,20.17
"9997","SUGG","2019-11-13",21.0022916666667,22.14,19.41
"9998","SUGG","2019-11-14",19.0270833333333,19.79,18.22
"9999","SUGG","2019-11-15",18.3391666666667,18.72,18.04
"10000","SUGG","2019-11-16",17.9427083333333,18.23,17.51
"10001","SUGG","2019-11-17",16.9070833333333,17.49,16.15
"10002","SUGG","2019-11-18",15.8470833333333,16.13,15.48
"10003","SUGG","2019-11-19",16.4627659574468,17.65,15.45
"10004","SUGG","2019-11-20",16.180625,16.75,15.61
"10005","SUGG","2019-11-21",15.84625,16.32,15.53
"10006","SUGG","2019-11-27",18.238064516129,20.68,16.64
"10007","SUGG","2019-11-28",18.8106666666667,20.6,16.54
"10008","SUGG","2019-11-29",18.8153191489362,20.28,17.57
"10009","SUGG","2019-11-30",18.3056818181818,19.34,17.43
"10010","SUGG","2019-12-01",19.341914893617,21.15,17.42
"10011","SUGG","2019-12-02",19.0070212765957,19.46,18.23
"10012","SUGG","2019-12-03",17.9033333333333,18.66,16.82
"10013","SUGG","2019-12-04",16.5335135135135,17.1,15.83
"10014","SUGG","2019-12-05",15.9475,16.44,15.29
"10015","SUGG","2019-12-06",16.0784444444444,17.53,14.97
"10016","SUGG","2019-12-07",15.8842105263158,19.78,14.87
"10017","SUGG","2019-12-08",15.7689583333333,16.3,15.08
"10018","SUGG","2019-12-09",16.6470833333333,17.19,15.39
"10019","SUGG","2019-12-10",18.28,19.9,16.9
"10020","SUGG","2019-12-11",19.3963829787234,20.9,17.69
"10021","SUGG","2019-12-12",18.55,19.53,17.42
"10022","SUGG","2019-12-13",17.6977083333333,17.91,17.33
"10023","SUGG","2019-12-14",18.41125,19.16,17.81
"10024","SUGG","2019-12-15",18.5029166666667,19,17.93
"10025","SUGG","2019-12-16",18.2382857142857,19.35,17.56
"10026","SUGG","2019-12-17",18.8578260869565,20.18,17.48
"10027","SUGG","2019-12-18",19.46175,20.05,18.65
"10028","SUGG","2019-12-19",17.9533333333333,18.76,16.79
"10029","SUGG","2019-12-20",16.5283333333333,17.13,15.77
"10030","SUGG","2019-12-21",16.095625,16.43,15.72
"10031","SUGG","2019-12-22",16.6670833333333,16.91,15.96
"10032","SUGG","2019-12-23",17.0920833333333,17.38,16.72
"10033","SUGG","2019-12-24",17.6766666666667,19.59,17
"10034","SUGG","2019-12-25",17.1127083333333,17.34,16.83
"10035","SUGG","2019-12-26",17.2939583333333,17.54,16.77
"10036","SUGG","2019-12-27",17.8652083333333,18.09,17.2
"10037","SUGG","2019-12-28",18.6982978723404,18.98,17.74
"10038","SUGG","2019-12-29",19.8279166666667,20.24,18.97
"10039","SUGG","2019-12-30",20.9202083333333,21.66,19.87
"10040","SUGG","2019-12-31",21.2208333333333,21.76,20.35
"10041","SUGG","2020-01-01",18.8595833333333,19.5,18.32
"10042","SUGG","2020-01-02",18.2770833333333,18.85,17.91
"10043","SUGG","2020-01-03",18.198,18.66,17.83
"10044","SUGG","2020-01-04",19.3240476190476,19.93,18.38
"10045","SUGG","2020-01-05",19.4377083333333,20.23,18.06
"10046","SUGG","2020-01-06",17.726170212766,18.12,16.98
"10047","SUGG","2020-01-07",17.0829787234043,17.61,16.59
"10048","SUGG","2020-01-08",16.854347826087,17.53,16.28
"10049","SUGG","2020-01-09",16.15625,16.75,15.36
"10050","SUGG","2020-01-10",15.9768888888889,16.33,15.28
"10051","SUGG","2020-01-11",16.78075,17.28,15.91
"10052","SUGG","2020-01-12",18.0095,18.43,16.92
"10053","SUGG","2020-01-13",18.6792307692308,19.38,18.09
"10054","SUGG","2020-01-14",18.8044444444444,19.24,18.37
"10055","SUGG","2020-01-15",18.9942222222222,19.39,18.49
"10056","SUGG","2020-01-16",19.1076086956522,19.74,18.51
"10057","SUGG","2020-01-17",19.4037142857143,20.84,18.66
"10058","SUGG","2020-01-18",19.4407692307692,19.86,18.82
"10059","SUGG","2020-01-19",19.255,19.86,18.71
"10060","SUGG","2020-01-20",19.21,19.9,18.02
"10061","SUGG","2020-01-21",17.64,18.27,16.32
"10062","SUGG","2020-01-22",15.7310416666667,16.52,14.22
"10063","SUGG","2020-01-23",14.0085416666667,14.31,13.58
"10064","SUGG","2020-01-24",13.96175,14.07,13.57
"10065","SUGG","2020-01-25",14.6862222222222,15.14,13.93
"10066","SUGG","2020-01-26",15.1133333333333,15.62,14.6
"10067","SUGG","2020-01-27",14.781875,15.03,14.47
"10068","SUGG","2020-01-28",14.9,15.19,14.67
"10069","SUGG","2020-01-29",15.1686956521739,15.74,14.57
"10070","SUGG","2020-01-30",14.537,14.73,14.45
"10071","SUGG","2020-01-31",14.5620833333333,14.79,14.36
"10072","SUGG","2020-02-01",14.55125,14.82,14.35
"10073","SUGG","2020-02-02",14.5885416666667,14.9,14.3
"10074","SUGG","2020-02-03",14.6020833333333,15.14,14.13
"10075","SUGG","2020-02-04",14.2659574468085,14.47,13.98
"10076","SUGG","2020-02-05",14.7595555555556,15.6,14.26
"10077","SUGG","2020-02-06",16.0302272727273,16.75,14.7
"10078","SUGG","2020-02-07",17.631914893617,18.07,16.74
"10079","SUGG","2020-02-08",17.2839583333333,17.87,16.46
"10080","SUGG","2020-02-09",16.445625,16.64,16.25
"10081","SUGG","2020-02-10",16.8908510638298,17.46,16.15
"10082","SUGG","2020-02-11",17.2730434782609,18.11,16.63
"10083","SUGG","2020-02-19",19.3687096774194,19.66,19
"10084","SUGG","2020-02-20",19.5733333333333,20.7,18.95
"10085","SUGG","2020-02-21",19.19,19.31,19.07
"10086","SUGG","2020-02-25",17.19125,17.71,16.63
"10087","SUGG","2020-02-26",17.215,17.24,17.19
"10088","SUGG","2020-02-27",17.6162857142857,18.26,16.8
"10089","SUGG","2020-02-28",16.91125,17.45,16.27
"10090","SUGG","2020-02-29",16.7008333333333,17.49,16.01
"10091","SUGG","2020-03-01",16.3433333333333,16.87,15.81
"10092","SUGG","2020-03-02",15.9927083333333,16.6,15.6
"10093","SUGG","2020-03-03",17.276170212766,17.78,15.93
"10094","SUGG","2020-03-04",18.5722916666667,19.11,17.28
"10095","SUGG","2020-03-05",19.9791111111111,20.81,18.72
"10096","SUGG","2020-03-06",21.2182978723404,21.69,20.18
"10097","SUGG","2020-03-07",20.5141666666667,21.37,19.15
"10098","SUGG","2020-03-08",19.0097916666667,19.7,18.06
"10099","SUGG","2020-03-09",18.2725,18.88,17.66
"10100","SUGG","2020-03-10",18.6135,19.04,17.86
"10101","SUGG","2020-03-11",18.6920833333333,19.07,18.44
"10102","SUGG","2020-03-12",18.7679166666667,19.04,18.51
"10103","SUGG","2020-03-13",18.9117391304348,19.25,18.62
"10104","SUGG","2020-03-14",19.0285106382979,19.33,18.71
"10105","SUGG","2020-03-15",19.2335897435897,19.77,18.81
"10106","SUGG","2020-03-16",19.3586486486486,20.25,18.94
"10107","SUGG","2020-03-17",20.455,20.98,19.22
"10108","SUGG","2020-03-18",20.8169696969697,21.46,20.03
"10109","SUGG","2020-03-19",21.4336,22.11,20.59
"10110","SUGG","2020-03-20",21.9267647058824,22.75,21.15
"10111","SUGG","2020-03-21",22.1848717948718,23.58,21.2
"10112","SUGG","2020-03-22",22.3632352941176,22.97,21.71
"10113","SUGG","2020-03-23",22.4821428571429,23.55,21.59
"10114","SUGG","2020-03-24",22.6491891891892,23.01,22.05
"10115","SUGG","2020-03-25",23.615,26.22,22.43
"10116","SUGG","2020-03-26",24.9768421052632,25.94,24.36
"10117","SUGG","2020-03-27",24.3216279069767,24.93,23.74
"10118","SUGG","2020-03-28",24.2543902439024,24.57,23.62
"10119","SUGG","2020-03-29",24.2154761904762,24.61,23.53
"10120","SUGG","2020-03-30",24.4383720930233,25.21,24.13
"10121","SUGG","2020-03-31",24.5175862068966,25.36,24.14
"10122","SUGG","2020-04-01",25.5597297297297,26.76,23.95
"10123","SUGG","2020-04-02",24.1537209302326,25.19,23.13
"10124","SUGG","2020-04-03",23.1402173913043,23.32,22.98
"10125","SUGG","2020-04-04",22.8951063829787,23.1,22.8
"10126","SUGG","2020-04-05",22.9139583333333,23.16,22.78
"10127","SUGG","2020-04-06",22.9966666666667,23.48,22.56
"10128","SUGG","2020-04-07",22.9669444444444,23.52,22.51
"10129","SUGG","2020-04-08",22.8429166666667,22.94,22.77
"10130","SUGG","2020-04-09",23.85875,25.18,22.8
"10131","SUGG","2020-04-10",24.9475,26.44,23.74
"10132","SUGG","2020-04-11",24.6391489361702,25.39,23.47
"10133","SUGG","2020-04-12",23.5397435897436,24.3,23.23
"10134","SUGG","2020-04-13",24.7021052631579,25.75,23.72
"10135","SUGG","2020-04-14",25.4908695652174,25.98,24.57
"10136","SUGG","2020-04-15",25.29875,25.47,25.25
"10137","SUGG","2020-04-16",24.4510416666667,25.46,23.38
"10138","SUGG","2020-04-17",23.5033333333333,24.22,22.78
"10139","SUGG","2020-04-18",23.2874358974359,23.72,22.75
"10140","SUGG","2020-04-19",23.5822727272727,23.85,23.2
"10141","SUGG","2020-04-20",24.857037037037,25.8,23.68
"10142","SUGG","2020-04-21",25.7558139534884,26.9,24.9
"10143","SUGG","2020-04-22",25.3776595744681,25.79,25.13
"10144","SUGG","2020-04-23",25.4771428571429,26.15,24.97
"10145","SUGG","2020-04-24",25.9804166666667,26.73,24.97
"10146","SUGG","2020-04-25",25.1358333333333,25.39,24.73
"10147","SUGG","2020-04-26",25.7008695652174,26.6,24.71
"10148","SUGG","2020-04-27",25.8584615384615,27.07,24.85
"10149","SUGG","2020-04-28",25.2016666666667,25.99,24.47
"10150","SUGG","2020-04-29",24.8435416666667,25.26,24.4
"10151","SUGG","2020-04-30",25.6464583333333,26.61,24.74
"10152","SUGG","2020-05-01",25.7345833333333,26.87,24.83
"10153","SUGG","2020-05-02",25.3914583333333,26.34,24.54
"10154","SUGG","2020-05-03",24.5686956521739,24.75,24.43
"10155","SUGG","2020-05-04",24.660625,24.92,24.52
"10156","SUGG","2020-05-05",25.0931707317073,25.67,24.59
"10157","SUGG","2020-05-06",25.5883870967742,26.26,25.09
"10158","SUGG","2020-05-07",26.4427027027027,27.7,24.9
"10159","SUGG","2020-05-08",25.1778260869565,26.31,24.02
"10160","SUGG","2020-05-09",25.0133333333333,26.06,23.96
"10161","SUGG","2020-05-10",24.6655813953488,25.11,24.17
"10162","SUGG","2020-05-11",24.0539583333333,24.38,23.55
"10163","SUGG","2020-05-12",24.26075,24.9,23.43
"10164","SUGG","2020-05-13",24.6262162162162,25.44,23.97
"10165","SUGG","2020-05-14",25.0212765957447,25.79,24.21
"10166","SUGG","2020-05-15",25.3297916666667,26.13,24.51
"10167","SUGG","2020-05-16",25.5480487804878,26.27,24.78
"10168","SUGG","2020-05-17",26.1097727272727,26.8,25.22
"10169","SUGG","2020-05-18",26.076170212766,26.82,25.91
"10170","SUGG","2020-05-19",26.7665957446808,27.88,25.98
"10171","SUGG","2020-05-20",27.1314634146341,28.42,26.04
"10172","SUGG","2020-05-21",27.1773684210526,27.98,26.59
"10173","SUGG","2020-05-22",27.097380952381,27.73,26.63
"10174","SUGG","2020-05-23",27.6362162162162,28.91,26.52
"10175","SUGG","2020-05-24",28.0521951219512,28.44,27.62
"10176","SUGG","2020-05-25",28.3723529411765,28.73,27.34
"10177","SUGG","2020-05-26",27.7091666666667,28.39,26.89
"10178","SUGG","2020-05-27",27.3779166666667,27.81,26.86
"10179","SUGG","2020-05-28",27.4586956521739,28.08,27.02
"10180","SUGG","2020-05-29",27.6406818181818,28.37,27.11
"10181","SUGG","2020-05-30",27.5376086956522,28.6,27.04
"10182","SUGG","2020-05-31",27.6031818181818,28.75,27.31
"10183","SUGG","2020-06-01",27.7457446808511,28.3,27.34
"10184","SUGG","2020-06-02",28.6093103448276,29.48,27.27
"10185","SUGG","2020-06-03",28.3960606060606,29.01,27.99
"10186","SUGG","2020-06-04",27.9985106382979,28.59,27.68
"10187","SUGG","2020-06-05",27.5947916666667,27.98,27.29
"10188","SUGG","2020-06-06",27.3644680851064,27.76,27.23
"10189","SUGG","2020-06-07",27.005,27.33,26.55
"10190","SUGG","2020-06-08",26.56625,26.88,26.36
"10191","SUGG","2020-06-09",26.7089361702128,27.63,26.36
"10192","SUGG","2020-06-10",26.775625,27.03,26.53
"10193","SUGG","2020-06-11",26.9173913043478,27.55,26.45
"10194","SUGG","2020-06-12",27.0825,27.72,26.62
"10195","SUGG","2020-06-13",27.3545,28.43,26.86
"10196","SUGG","2020-06-14",27.7865909090909,28.59,26.97
"10197","SUGG","2020-06-15",28.2856097560976,28.9,27.41
"10198","SUGG","2020-06-16",28.1948148148148,28.91,27.69
"10199","SUGG","2020-06-17",27.9539130434783,28.56,27.6
"10200","SUGG","2020-06-18",27.8868085106383,28.53,27.64
"10201","SUGG","2020-06-19",27.7276595744681,28.11,27.46
"10202","SUGG","2020-06-20",27.9821276595745,28.69,27.2
"10203","SUGG","2020-06-21",28.2385106382979,28.57,27.94
"10204","SUGG","2020-06-22",28.2110416666667,28.57,27.95
"10205","SUGG","2020-06-23",28.266170212766,28.79,27.92
"10206","SUGG","2020-06-24",29.3510810810811,30.41,28.12
"10207","SUGG","2020-06-25",29.2451282051282,29.67,28.81
"10208","SUGG","2020-06-26",29.3228260869565,29.8,28.79
"10209","SUGG","2020-06-27",29.346170212766,29.73,29.01
"10210","SUGG","2020-06-28",29.5740909090909,31.3,28.92
"10211","SUGG","2020-06-29",29.5864444444444,29.89,29.07
"10212","SUGG","2020-06-30",29.6790243902439,30.06,29.21
"10213","SUGG","2020-07-01",29.9207894736842,30.43,29.29
"10214","SUGG","2020-07-02",30.6171794871795,31.75,29.76
"10215","SUGG","2020-07-03",30.2435555555556,31.15,29.77
"10216","SUGG","2020-07-04",29.8279069767442,30.13,29.4
"10217","SUGG","2020-07-05",29.4472916666667,29.92,28.91
"10218","SUGG","2020-07-06",29.0417391304348,29.55,28.56
"10219","SUGG","2020-07-07",28.6728260869565,29.05,28.13
"10220","SUGG","2020-07-08",28.9044444444444,29.82,28.13
"10221","SUGG","2020-07-09",28.9637837837838,29.43,28.54
"10222","SUGG","2020-07-10",29.1545,29.54,28.78
"10223","SUGG","2020-09-07",29.87,29.94,29.79
"10224","SUGG","2020-09-08",29.6609523809524,30.32,29.15
"10225","SUGG","2020-09-09",29.3146341463415,29.86,28.95
"10226","SUGG","2020-09-10",29.1195555555556,29.52,28.93
"10227","SUGG","2020-09-11",29.1497222222222,29.57,28.99
"10228","SUGG","2020-09-12",29.35,29.81,28.94
"10229","SUGG","2020-09-13",29.2134042553191,29.71,28.8
"10230","SUGG","2020-09-14",29.1666666666667,29.83,28.71
"10231","SUGG","2020-09-15",29.2634090909091,29.95,28.88
"10232","SUGG","2020-09-16",29.0823404255319,29.49,28.8
"10233","SUGG","2020-09-17",29.0040909090909,29.64,28.54
"10234","SUGG","2020-09-18",28.7510416666667,29.05,28.42
"10235","SUGG","2020-09-19",28.7574358974359,29.63,28.27
"10236","SUGG","2020-09-20",27.889375,28.25,27.1
"10237","SUGG","2020-09-21",26.4904166666667,27.07,25.85
"10238","SUGG","2020-09-22",25.9616666666667,26.44,25.48
"10239","SUGG","2020-09-23",25.8039583333333,26.32,25.29
"10240","SUGG","2020-09-24",25.5578723404255,26.01,25.24
"10241","SUGG","2020-09-25",26.025,26.57,25.5
"10242","SUGG","2020-09-26",26.2639130434783,26.51,25.96
"10243","SUGG","2020-09-27",26.2635416666667,26.48,26.07
"10244","SUGG","2020-09-28",26.5242424242424,27.22,25.91
"10245","SUGG","2020-09-29",26.6307142857143,27.01,26.11
"10246","SUGG","2020-09-30",27.0107317073171,28.09,25.81
"10247","SUGG","2020-10-01",25.8751063829787,26.32,25.32
"10248","SUGG","2020-10-02",25.3363829787234,25.58,25.08
"10249","SUGG","2020-10-03",25.066875,25.32,24.54
"10250","SUGG","2020-10-04",24.446170212766,24.9,24.1
"10251","SUGG","2020-10-05",23.831875,24.08,23.52
"10252","SUGG","2020-10-06",23.5593617021277,23.69,23.47
"10253","SUGG","2020-10-07",23.7228888888889,24.34,23.55
"10254","SUGG","2020-10-08",24.0982352941176,24.71,23.74
"10255","SUGG","2020-10-09",24.4366666666667,25.06,23.98
"10256","SUGG","2020-10-10",24.7730434782609,25.21,24.39
"10257","SUGG","2020-10-11",25.5961538461538,27.52,24.66
"10258","SUGG","2020-10-12",26.42,27.32,25.9
"10259","SUGG","2020-10-13",26.7,27.96,26.11
"10260","SUGG","2020-10-14",26.7473684210526,27.89,26.42
"10261","SUGG","2020-10-15",26.7311428571429,27.11,26.17
"10262","SUGG","2020-10-16",26.5902272727273,26.78,26.44
"10263","SUGG","2020-10-17",26.5293181818182,27.16,26.05
"10264","SUGG","2020-10-18",25.9895,26.86,25.4
"10265","SUGG","2020-10-19",25.7931914893617,26.28,25.35
"10266","SUGG","2020-10-20",25.83625,26.14,25.4
"10267","SUGG","2020-10-21",25.9039130434783,26.24,25.54
"10268","SUGG","2020-10-22",25.6745833333333,25.89,25.41
"10269","SUGG","2020-10-23",25.8606976744186,26.3,25.37
"10270","SUGG","2020-10-24",25.8582978723404,26.19,25.53
"10271","SUGG","2020-10-25",25.709512195122,26.05,25.49
"10272","SUGG","2020-10-26",25.7564583333333,25.87,25.64
"10273","SUGG","2020-10-27",26.1548484848485,26.49,25.62
"10274","SUGG","2020-10-28",26.4546875,26.77,26.17
"10275","SUGG","2020-10-29",26.6155555555556,26.86,26.28
"10276","SUGG","2020-10-30",26.7148936170213,27.32,25.67
"10277","SUGG","2020-10-31",25.3932608695652,26.11,24.38
"10278","SUGG","2020-11-01",24.9473170731707,25.46,24.33
"10279","SUGG","2020-11-02",24.7004347826087,25.72,23.81
"10280","SUGG","2020-11-03",23.0739583333333,23.71,22
"10281","SUGG","2020-11-04",21.8545833333333,22.51,21.03
"10282","SUGG","2020-11-05",21.5147826086957,21.91,20.99
"10283","SUGG","2020-11-06",21.8395454545455,22.26,21.11
"10284","SUGG","2020-11-07",22.3986666666667,22.91,21.79
"10285","SUGG","2020-11-08",22.9391666666667,23.27,22.32
"10286","SUGG","2020-11-09",23.2072916666667,23.49,22.68
"10287","SUGG","2020-11-10",23.3641666666667,23.48,23.06
"10288","SUGG","2020-11-11",23.8808510638298,24.12,23.37
"10289","SUGG","2020-11-12",24.0660869565217,24.34,23.88
"10290","SUGG","2020-11-13",24.0466666666667,24.34,23.78
"10291","SUGG","2020-11-14",23.831875,24.11,23.59
"10292","SUGG","2020-11-15",23.6429787234043,24.01,23.37
"10293","SUGG","2020-11-16",23.7565909090909,24.34,23.55
"10294","SUGG","2020-11-17",23.7308333333333,24.03,22.97
"10295","SUGG","2020-11-18",22.5154761904762,23.24,21.31
"10296","SUGG","2020-11-19",21.0275,21.65,20.1
"10297","SUGG","2020-11-20",19.8466666666667,20.14,19.5
"10298","SUGG","2020-11-21",19.7389361702128,20.01,19.44
"10299","SUGG","2020-11-22",20.2723913043478,20.65,19.68
"10300","SUGG","2020-11-23",20.5704255319149,20.86,20.26
"10301","SUGG","2020-11-24",20.9866666666667,21.61,20.42
"10302","SUGG","2020-11-25",20.7685416666667,21.23,20.21
"10303","SUGG","2020-11-26",20.8756818181818,21.17,20.38
"10304","SUGG","2020-11-27",21.2029545454545,21.77,20.88
"10305","SUGG","2020-11-28",21.2008333333333,21.31,21.08
"10306","SUGG","2020-11-29",21.2990476190476,22.31,21.07
"10307","SUGG","2020-11-30",21.411875,21.7,21.23
"10308","SUGG","2020-12-01",21.0397916666667,21.87,19.43
"10309","SUGG","2020-12-02",18.6452083333333,19.28,17.59
"10310","SUGG","2020-12-03",16.8085416666667,17.54,15.84
"10311","SUGG","2020-12-04",16.4227272727273,16.8,15.65
"10312","SUGG","2020-12-05",16.8985416666667,17.32,16.47
"10313","SUGG","2020-12-06",16.9231914893617,17.58,16.31
"10314","SUGG","2020-12-07",16.3610416666667,16.66,16.17
"10315","SUGG","2020-12-08",16.274375,16.85,15.25
"10316","SUGG","2020-12-09",15.133125,15.7,14.42
"10317","SUGG","2020-12-10",14.7772727272727,15.39,14.25
"10318","SUGG","2020-12-11",14.2345833333333,14.38,14.17
"10319","SUGG","2020-12-12",14.5286046511628,15.26,14.11
"10320","SUGG","2020-12-13",14.628125,14.78,14.51
"10321","SUGG","2020-12-14",14.728125,14.85,14.62
"10322","SUGG","2020-12-15",15.7663157894737,16.41,14.87
"10323","SUGG","2020-12-16",16.0512820512821,16.42,15.65
"10324","SUGG","2020-12-17",16.0479166666667,16.17,15.92
"10325","SUGG","2020-12-18",15.4935416666667,16.06,14.52
"10326","SUGG","2020-12-19",14.4860416666667,14.99,13.64
"10327","SUGG","2020-12-20",14.1480434782609,14.53,13.43
"10328","SUGG","2020-12-21",14.445652173913,15,14.13
"10329","SUGG","2021-04-08",20.1409375,20.52,19.8
"10330","SUGG","2021-04-09",20.877,22.73,20.1
"10331","SUGG","2021-04-10",20.89375,22.25,20.3
"10332","SUGG","2021-04-11",23.020243902439,24.1,22.14
"10333","SUGG","2021-04-12",21.6597916666667,22.14,21.13
"10334","SUGG","2021-04-13",21.8007142857143,23.04,21.13
"10335","SUGG","2021-04-14",22.0112903225806,22.62,21.59
"10336","SUGG","2021-04-15",22.40125,23.52,21.74
"10337","SUGG","2021-04-16",23.9807692307692,24.98,22.22
"10338","SUGG","2021-04-17",23.2209375,23.7,22.39
"10339","SUGG","2021-04-18",22.8437777777778,23.39,22.68
"10340","SUGG","2021-04-19",23.02925,23.36,22.73
"10341","SUGG","2021-04-20",23.2347368421053,23.75,22.71
"10342","SUGG","2021-04-21",23.402,23.62,23.14
"10343","SUGG","2021-04-22",24.5970833333333,26.32,22.79
"10344","SUGG","2021-04-23",23.39025,25.19,22.31
"10345","SUGG","2021-04-24",23.3778947368421,25.2,22.35
"10346","SUGG","2021-04-25",23.851875,24.47,22.55
"10347","SUGG","2021-04-26",25.4760416666667,26.65,23.7
"10348","SUGG","2021-04-27",25.525,26.65,24.55
"10349","SUGG","2021-04-28",25.7084444444444,26.84,24.69
"10350","SUGG","2021-04-29",26.1813888888889,28.55,24.82
"10351","SUGG","2021-04-30",26.975625,28.04,25.3
"10352","SUGG","2021-05-01",28.0648888888889,29.62,26.11
"10353","SUGG","2021-05-02",27.5666666666667,30.62,26.59
"10354","SUGG","2021-05-03",27.5318181818182,29.06,26.58
"10355","SUGG","2021-05-04",28.0802083333333,29.14,26.58
"10356","SUGG","2021-05-05",29.1027083333333,30.48,27.25
"10357","SUGG","2021-05-06",29.2976744186047,30.35,28.14
"10358","SUGG","2021-05-07",28.4783333333333,29.28,27.06
"10359","SUGG","2021-05-08",27.2460416666667,28.32,25.78
"10360","SUGG","2021-05-09",27.2105,30.12,25.61
"10361","SUGG","2021-05-10",27.2822916666667,28.33,25.59
"10362","SUGG","2021-05-11",27.4871428571429,28.27,26.59
"10363","SUGG","2021-05-12",27.8141860465116,29.39,26.74
"10364","SUGG","2021-05-13",28.5334042553191,30.12,26.36
"10365","SUGG","2021-05-14",25.6,26.4,24.46
"10366","SUGG","2021-05-15",24.9151063829787,25.79,24.01
"10367","SUGG","2021-05-16",24.6835416666667,25.45,23.99
"10368","SUGG","2021-05-17",24.8353191489362,25.83,24.02
"10369","SUGG","2021-05-18",25.18,26.03,24.14
"10370","SUGG","2021-05-19",25.525625,26.33,24.61
"10371","SUGG","2021-05-20",25.2929166666667,25.83,24.67
"10372","SUGG","2021-05-21",25.3527272727273,26.12,24.69
"10373","SUGG","2021-05-22",25.4744680851064,26.04,24.75
"10374","SUGG","2021-05-23",26.0495652173913,27.12,24.9
"10375","SUGG","2021-05-24",26.9984375,28.75,25.33
"10376","SUGG","2021-05-25",26.941875,28.36,25.78
"10377","SUGG","2021-05-26",27.653,31.55,26.3
"10378","SUGG","2021-05-27",28.9470588235294,32.36,26.67
"10379","SUGG","2021-05-28",29.3388461538462,31.55,27.79
"10380","SUGG","2021-05-29",30.0658536585366,32.34,28.13
"10381","SUGG","2021-05-30",28.8802083333333,29.75,27.87
"10382","SUGG","2021-05-31",28.7468888888889,30.64,27.17
"10383","SUGG","2021-06-01",27.69,29.05,26.71
"10384","SUGG","2021-06-02",28.0811904761905,29.83,26.75
"10385","SUGG","2021-06-03",28.458,29.9,27.4
"10386","SUGG","2021-06-04",28.6431111111111,30.48,27.5
"10387","SUGG","2021-06-05",28.6375,30.46,27.84
"10388","SUGG","2021-06-06",29.5207317073171,31.7,28.03
"10389","SUGG","2021-06-07",30.0869565217391,32.06,28.5
"10390","SUGG","2021-06-08",29.7652083333333,30.56,28.77
"10391","SUGG","2021-06-09",30.2231818181818,32.57,28.77
"10392","SUGG","2021-06-10",30.4263157894737,33.55,29.22
"10393","SUGG","2021-06-11",30.9053333333333,32.55,29.22
"10394","SUGG","2021-06-12",30.780625,31.82,29.56
"10395","SUGG","2021-06-13",30.0683333333333,31.52,28.96
"10396","SUGG","2021-06-14",29.5184090909091,31.92,28.29
"10397","SUGG","2021-06-15",28.7423404255319,30.18,27.78
"10398","SUGG","2021-06-16",28.0452083333333,29.87,26.98
"10399","SUGG","2021-06-17",28.4129166666667,29.57,27.03
"10400","SUGG","2021-06-18",29.9365714285714,31.65,27.56
"10401","SUGG","2021-06-19",30.0483783783784,32.15,28.76
"10402","SUGG","2021-06-20",29.8566666666667,31.03,28.88
"10403","SUGG","2021-06-21",29.098125,29.52,28.55
"10404","SUGG","2021-06-22",28.3685416666667,29.33,27.54
"10405","SUGG","2021-06-23",27.5483333333333,28.11,27.03
"10406","SUGG","2021-06-24",28.6112195121951,30.75,27.05
"10407","SUGG","2021-06-25",27.643829787234,29.27,26.64
"10408","SUGG","2021-06-26",27.0479545454545,28.41,26.51
"10409","SUGG","2021-06-27",26.9897674418605,28.24,26.48
"10410","SUGG","2021-06-28",28.3932608695652,29.73,26.54
"10411","SUGG","2021-06-29",28.6809302325581,29.36,27.91
"10412","SUGG","2021-06-30",28.6836170212766,29.47,27.94
"10413","SUGG","2021-07-01",28.2887234042553,28.76,27.68
"10414","SUGG","2021-07-02",28.3268085106383,29.2,27.64
"10415","SUGG","2021-07-03",28.581914893617,29.61,27.68
"10416","SUGG","2021-07-04",28.05125,28.91,27.5
"10417","SUGG","2021-07-05",27.7218181818182,28.84,27.21
"10418","SUGG","2021-07-06",28.106875,29.62,27.22
"10419","SUGG","2021-07-07",28.528085106383,29.33,27.19
"10420","SUGG","2021-07-08",26.856875,27.4,26.44
"10421","SUGG","2021-07-09",28.3627659574468,29.65,26.49
"10422","SUGG","2021-07-10",29.28875,30.65,28.07
"10423","SUGG","2021-07-11",30.3741860465116,32.21,28.26
"10424","SUGG","2021-07-12",30.2744736842105,32.18,28.94
"10425","SUGG","2021-07-13",29.9909523809524,31.53,28.81
"10426","SUGG","2021-07-14",29.8318181818182,31.25,28.8
"10427","SUGG","2021-07-15",30.0697674418605,31.13,28.85
"10428","SUGG","2021-07-16",30.4515,31.83,29.38
"10429","SUGG","2021-07-17",31.2885714285714,34.21,29.44
"10430","SUGG","2021-07-18",30.8095,32.38,29.65
"10431","SUGG","2021-07-19",31.0935714285714,33.56,29.65
"10432","SUGG","2021-07-20",30.1191304347826,32.43,28.74
"10433","SUGG","2021-07-21",30.7195744680851,32.87,28.78
"10434","SUGG","2021-07-22",30.4583720930233,31.94,29.49
"10435","SUGG","2021-07-23",31.5904444444444,33.57,29.53
"10436","SUGG","2021-07-24",30.8670212765957,33.09,29.33
"10437","SUGG","2021-07-25",30.4071428571429,31.61,29.34
"10438","SUGG","2021-07-26",30.4504166666667,31.39,29.56
"10439","SUGG","2021-07-27",30.895,32.12,29.48
"10440","SUGG","2021-07-28",30.9664285714286,32.71,29.89
"10441","SUGG","2021-07-29",30.203829787234,31.74,29.09
"10442","SUGG","2021-07-30",30.24375,31.69,29.13
"10443","SUGG","2021-07-31",31.3117073170732,33.07,29.51
"10444","SUGG","2021-08-01",31.4314583333333,32.58,30.2
"10445","SUGG","2021-08-02",31.123125,32.37,30
"10446","SUGG","2021-08-03",30.7235714285714,32.57,29.22
"10447","SUGG","2021-08-04",28.9527083333333,29.45,28.32
"10448","SUGG","2021-08-05",28.789347826087,30.13,28.2
"10449","SUGG","2021-08-06",27.9579166666667,28.4,27.44
"10450","SUGG","2021-08-07",29.0279166666667,30.05,27.46
"10451","SUGG","2021-08-08",30.7659090909091,32.44,28.46
"10452","SUGG","2021-08-09",31.1134090909091,33.84,29.57
"10453","SUGG","2021-08-10",31.0572972972973,32.79,29.64
"10454","SUGG","2021-08-11",31.2035714285714,33.52,29.77
"10455","SUGG","2021-08-12",30.7542424242424,32.41,29.77
"10456","SUGG","2021-08-13",30.3047727272727,31.85,29.09
"10457","SUGG","2021-08-14",30.12,31.18,29.13
"10458","SUGG","2021-08-15",29.086875,30.13,28.19
"10459","SUGG","2021-08-16",29.2131914893617,30.01,28.21
"10460","SUGG","2021-08-17",28.8189583333333,29.41,28.21
"10461","SUGG","2021-08-18",29.4829166666667,30.36,28.23
"10462","SUGG","2021-08-19",31.0151515151515,33.6,28.95
"10463","SUGG","2021-08-20",31.0046153846154,33.55,29.66
"10464","SUGG","2021-08-21",31.9145454545455,33.62,29.65
"10465","SUGG","2021-08-22",32.40125,33.83,30.75
"10466","SUGG","2021-08-23",31.5827083333333,32.81,30.31
"10467","SUGG","2021-08-24",30.9266666666667,32.24,29.83
"10468","SUGG","2021-08-25",29.7760869565217,31.9,28.59
"10469","SUGG","2021-08-26",29.5464,31.8,28.57
"10470","SUGG","2021-08-27",29.0828260869565,29.77,28.61
"10471","SUGG","2021-08-28",29.1460416666667,29.79,28.6
"10472","SUGG","2021-08-29",29.4359574468085,30.42,28.63
"10473","SUGG","2021-08-30",30.1159090909091,31.52,28.98
"10474","SUGG","2021-08-31",31.9036842105263,34.83,29.44
"10475","SUGG","2021-09-01",30.8391666666667,32.38,29.9
"10476","SUGG","2021-09-02",28.839375,29.84,28.14
"10477","SUGG","2021-09-03",29.13625,30.38,28.14
"10478","SUGG","2021-09-04",29.0083333333333,30.01,28.1
"10479","SUGG","2021-09-05",29.1434285714286,31.55,28.06
"10480","SUGG","2021-09-06",30.0852380952381,32.14,28.22
"10481","SUGG","2021-09-07",30.0480769230769,33.5,28.97
"10482","SUGG","2021-09-08",29.9897435897436,32.11,28.92
"10483","SUGG","2021-09-09",29.2894285714286,30.99,28.3
"10484","SUGG","2021-09-10",28.8330434782609,29.51,28.21
"10485","SUGG","2021-09-11",28.8415384615385,29.88,28.18
"10486","SUGG","2021-09-12",28.328,28.93,27.86
"10487","SUGG","2021-09-13",28.7222916666667,29.52,27.84
"10488","SUGG","2021-09-14",29.2824137931034,31.79,28.07
"10489","SUGG","2021-09-15",28.7566666666667,29.81,28.07
"10490","SUGG","2021-09-16",29.1169444444444,30.35,28.05
"10491","SUGG","2021-09-17",29.0578571428571,30.06,28.27
"10492","SUGG","2021-09-18",29.0251428571429,31.54,28.24
"10493","SUGG","2021-09-19",28.8208823529412,29.97,28.21
"10494","SUGG","2021-09-20",28.3638461538462,29.36,27.81
"10495","SUGG","2021-09-21",28.0811904761905,28.82,27.58
"10496","SUGG","2021-09-22",28.2883333333333,30.2,27.57
"10497","SUGG","2021-09-23",29.275,31.33,27.67
"10498","SUGG","2021-09-24",28.6569047619048,30.68,27.2
"10499","SUGG","2021-09-25",27.712380952381,28.77,26.97
"10500","SUGG","2021-09-26",27.5694285714286,29.33,26.91
"10501","SUGG","2021-09-27",27.4524324324324,29.91,26.68
"10502","SUGG","2021-09-28",27.8535135135135,29.83,26.65
"10503","SUGG","2021-09-29",27.4122857142857,29.62,26.52
"10504","SUGG","2021-09-30",27.3605714285714,29.41,26.39
"10505","SUGG","2021-10-01",27.3427027027027,28.56,26.36
"10506","SUGG","2021-10-02",27.3739024390244,28.16,26.4
"10507","SUGG","2021-10-03",27.0863636363636,28,26.32
"10508","SUGG","2021-10-04",26.9454545454545,27.89,26.27
"10509","SUGG","2021-10-05",27.3841666666667,29.2,26.22
"10510","SUGG","2021-10-06",27.1476470588235,28.37,26.39
"10511","SUGG","2021-10-07",27.1744444444444,28.31,26.44
"10512","SUGG","2021-10-08",27.27625,29.52,26.44
"10513","SUGG","2021-10-09",27.28875,28.38,26.55
"10514","SUGG","2021-10-10",27.3885416666667,28.29,26.47
"10515","SUGG","2021-10-11",27.2673913043478,28.36,26.42
"10516","SUGG","2021-10-12",27.0966666666667,28.34,26.45
"10517","SUGG","2021-10-13",27.1406382978723,27.88,26.4
"10518","SUGG","2021-10-14",27.3836363636364,28.52,26.47
"10519","SUGG","2021-10-15",27.536,29.82,26.6
"10520","SUGG","2021-10-16",27.8151428571429,29.16,26.63
"10521","SUGG","2021-10-17",27.6084444444444,29.58,25.73
"10522","SUGG","2021-10-18",25.8466666666667,26.76,24.73
"10523","SUGG","2021-10-19",25.1002127659574,26.06,24.24
"10524","SUGG","2021-10-20",24.756875,25.39,24.16
"10525","SUGG","2021-10-21",24.6397777777778,25.38,24.02
"10526","SUGG","2021-10-22",25.3958823529412,27.83,23.98
"10527","SUGG","2021-10-23",25.7407692307692,27.51,24.28
"10528","SUGG","2021-10-24",26.1534375,28.28,24.63
"10529","SUGG","2021-10-25",25.0883720930233,25.44,24.62
"10530","SUGG","2021-10-26",25.9904166666667,26.76,24.87
"10531","SUGG","2021-10-27",25.7420833333333,26.74,24.56
"10532","SUGG","2021-10-28",25.0992857142857,27.55,24.17
"10533","SUGG","2021-10-29",23.9827083333333,24.31,23.39
"10534","SUGG","2021-10-30",23.14375,23.72,22.41
"10535","SUGG","2021-10-31",22.4247916666667,23.04,21.51
"10536","SUGG","2021-11-01",21.43625,21.89,20.77
"10537","SUGG","2021-11-02",21.7186486486486,22.72,20.72
"10538","SUGG","2021-11-03",22.3433333333333,24.35,20.77
"10539","SUGG","2021-11-04",21.68675,23.16,20.93
"10540","SUGG","2021-11-05",21.023125,21.84,20.3
"10541","SUGG","2021-11-06",19.5739583333333,20.28,18.32
"10542","SUGG","2021-11-07",17.5664583333333,18.28,16.7
"10543","SUGG","2021-11-08",17.0860416666667,17.72,16.61
"10544","SUGG","2021-11-09",17.115625,17.63,16.48
"10545","SUGG","2021-11-10",17.8989130434783,18.83,16.41
"10546","SUGG","2021-11-11",18.5910638297872,19.15,17.41
"10547","SUGG","2021-11-12",19.701875,20.46,18.45
"10548","SUGG","2021-11-13",20.3932558139535,20.96,19.71
"10549","SUGG","2021-11-14",19.8283333333333,20.93,18.24
"10550","SUGG","2021-11-15",18.69,19.9,17.84
"10551","SUGG","2021-11-16",18.2607142857143,19.04,17.77
"10552","SUGG","2021-11-17",18.3684,19.53,17.63
"10553","SUGG","2021-11-18",18.84725,19.6,17.56
"10554","SUGG","2021-11-19",19.984,21.08,18.57
"10555","SUGG","2021-11-20",19.3382978723404,20.47,18.61
"10556","SUGG","2021-11-21",18.9189583333333,19.24,18.5
"10557","SUGG","2021-11-22",19.6195833333333,20.12,18.64
"10558","SUGG","2021-11-23",19.524375,20.18,18.53
"10559","SUGG","2021-11-24",18.1366666666667,18.88,17.05
"10560","SUGG","2021-11-25",17.373125,17.84,16.88
"10561","SUGG","2021-11-26",18.0719512195122,20.55,16.87
"10562","SUGG","2021-11-27",17.0460416666667,17.43,16.39
"10563","SUGG","2021-11-28",16.9497727272727,18.51,16.1
"10564","SUGG","2021-11-29",16.6460416666667,17.84,15.88
"10565","SUGG","2021-11-30",16.318125,17.02,15.6
"10566","SUGG","2021-12-01",16.3407142857143,17.55,15.36
"10567","SUGG","2021-12-02",16.720243902439,18.37,15.24
"10568","SUGG","2021-12-03",16.6558333333333,17.92,15.76
"10569","SUGG","2021-12-04",17.193125,18.73,15.89
"10570","SUGG","2021-12-05",17.3008510638298,18.74,16.44
"10571","SUGG","2021-12-06",17.6033333333333,19.77,16.3
"10572","SUGG","2021-12-07",18.1642553191489,19.5,16.83
"10573","SUGG","2021-12-08",18.9284444444444,19.61,18.02
"10574","SUGG","2021-12-09",18.829375,19.24,18.13
"10575","SUGG","2021-12-10",19.0710416666667,19.67,18.59
"10576","SUGG","2021-12-11",20.6088095238095,22.71,18.62
"10577","SUGG","2021-12-12",20.9018604651163,21.81,20.11
"10578","SUGG","2021-12-13",20.3477083333333,21.03,19.37
"10579","SUGG","2021-12-14",19.8325,20.55,19.16
"10580","SUGG","2021-12-15",19.535652173913,20.33,19.13
"10581","SUGG","2021-12-16",19.732972972973,19.95,19.04
"10582","SUGG","2021-12-17",21.1236956521739,21.93,19.87
"10583","SUGG","2021-12-18",21.5720833333333,22.78,20.61
"10584","SUGG","2021-12-19",21.7566666666667,22.52,20.63
"10585","SUGG","2021-12-20",21.7172916666667,22.42,20.62
"10586","SUGG","2021-12-21",19.6166666666667,20.63,18.55
"10587","SUGG","2021-12-22",18.141875,18.59,17.37
"10588","SUGG","2021-12-23",17.2752083333333,17.85,16.53
"10589","SUGG","2021-12-24",16.8760416666667,17.43,16.2
"10590","SUGG","2021-12-25",17.5888095238095,19.01,16.14
"10591","SUGG","2021-12-26",17.3955319148936,18.18,16.55
"10592","SUGG","2021-12-27",18.1422916666667,18.99,17.02
"10593","SUGG","2021-12-28",19.0195454545455,20.38,17.89
"10594","SUGG","2021-12-29",19.2195555555556,20.58,17.98
"10595","SUGG","2021-12-30",19.7239583333333,20.48,18.42
"10596","SUGG","2021-12-31",20.4941666666667,21.1,19.54
"10597","SUGG","2022-01-01",21.839375,22.73,20.82
"10598","SUGG","2022-01-02",22.0410416666667,22.85,21.23
"10599","SUGG","2022-01-03",21.7677083333333,22.42,20.7
"10600","SUGG","2022-01-04",19.6722916666667,20.59,18.41
"10601","SUGG","2022-01-05",18.4525,18.87,18.11
"10602","SUGG","2022-01-06",18.3008510638298,19.13,17.66
"10603","SUGG","2022-01-07",18.3189130434783,19.84,17.53
"10604","SUGG","2022-01-08",17.66625,17.82,17.61
"10605","SUGG","2022-01-14",16.894,17.82,16.25
"10606","SUGG","2022-01-15",16.435,16.95,15.81
"10607","SUGG","2022-01-16",16.2692105263158,18.8,15.65
"10608","SUGG","2022-01-17",15.8216666666667,16.39,14.6
"10609","SUGG","2022-01-18",14.860625,15.42,14.08
"10610","SUGG","2022-01-19",14.3548648648649,15.62,13.59
"10611","SUGG","2022-01-20",15.39775,16.4,13.46
"10612","SUGG","2022-01-21",15.5995833333333,16.44,14.52
"10613","SUGG","2022-01-22",15.0570833333333,15.61,14.27
"10614","SUGG","2022-01-23",13.6452083333333,14.24,12.87
"10615","SUGG","2022-01-24",12.8622916666667,13.32,12.25
"10616","SUGG","2022-01-25",13.4183720930233,14.62,12.1
"10617","SUGG","2022-01-26",13.09,13.44,12.88
"10618","SUGG","2022-01-27",12.8247916666667,13.13,12.61
"10619","SUGG","2022-01-28",13.1283333333333,13.6,12.76
"10620","SUGG","2022-01-29",13.1397916666667,13.49,12.37
"10621","SUGG","2022-01-30",12.2089583333333,12.7,11.44
"10622","SUGG","2022-01-31",12.0097727272727,12.58,11.36
"10623","SUGG","2022-02-01",12.6586956521739,13.7,11.34
"10624","SUGG","2022-02-02",12.849756097561,13.47,11.83
"10625","SUGG","2022-02-03",13.8695555555556,15.01,12.46
"10626","SUGG","2022-02-04",15.5552083333333,16.38,13.89
"10627","SUGG","2022-02-05",17.1508333333333,18.06,15.77
"10628","SUGG","2022-02-06",16.6475,17.56,15.76
"10629","SUGG","2022-02-07",15.2029166666667,15.74,14.62
"10630","SUGG","2022-02-08",14.48625,14.87,14.15
"10631","SUGG","2022-02-09",13.9872916666667,14.18,13.52
"10632","SUGG","2022-02-10",14.2064583333333,14.88,13.46
"10633","SUGG","2022-02-11",15.0964705882353,16.9,13.5
"10634","SUGG","2022-02-12",16.431935483871,18.63,14.02
"10635","SUGG","2022-02-13",17.6364,19.44,15.53
"10636","SUGG","2022-02-14",16.1775675675676,18.13,14.58
"10637","SUGG","2022-02-15",15.0508333333333,15.87,14.32
"10638","SUGG","2022-02-16",14.8079166666667,15.18,14.19
"10639","SUGG","2022-02-17",15.7595652173913,16.47,14.47
"10640","SUGG","2022-02-18",17.6033333333333,18.35,15.92
"10641","SUGG","2022-02-19",19.1670833333333,19.89,17.8
"10642","SUGG","2022-02-20",18.7377083333333,19.55,17.54
"10643","SUGG","2022-02-21",18.2975,18.97,17.39
"10644","SUGG","2022-02-22",19.1173333333333,20.22,17.71
"10645","SUGG","2022-02-23",20.6791428571429,22.46,18.66
"10646","SUGG","2022-02-24",22.5203225806452,24.56,20.41
"10647","SUGG","2022-02-25",23.405625,26.26,21.79
"10648","SUGG","2022-02-26",23.6627659574468,25.12,22.43
"10649","SUGG","2022-02-27",23.2561538461538,24.59,22.4
"10650","SUGG","2022-02-28",23.8713043478261,25.12,22.47
"10651","SUGG","2022-03-01",20.8054166666667,22.45,19.39
"10652","SUGG","2022-03-02",20.2914583333333,21.34,19.21
"10653","SUGG","2022-03-03",20.6834285714286,23.33,19.16
"10654","SUGG","2022-03-04",20.9778787878788,23.68,19.22
"10655","SUGG","2022-03-05",20.5505263157895,21.77,19.22
"10656","SUGG","2022-03-06",21.166,21.88,19.95
"10657","SUGG","2022-03-07",22.1058695652174,23.16,20.61
"10658","SUGG","2022-03-08",23.2578723404255,24.77,21.64
"10659","SUGG","2022-03-09",24.0902325581395,25.4,22.97
"10660","SUGG","2022-03-10",23.81125,24.79,22.93
"10661","SUGG","2022-03-11",22.5225,23.11,21.95
"10662","SUGG","2022-03-12",21.588125,21.93,21.29
"10663","SUGG","2022-03-13",20.3466666666667,21.28,18.34
"10664","SUGG","2022-03-14",18.4727083333333,19.37,17.54
"10665","SUGG","2022-03-15",18.5183333333333,19.01,17.54
"10666","SUGG","2022-03-16",18.5864583333333,18.84,18.38
"10667","SUGG","2022-03-17",19.8348936170213,21.03,18.46
"10668","SUGG","2022-03-18",21.629347826087,23.67,19.48
"10669","SUGG","2022-03-19",22.19,23.97,20.68
"10670","SUGG","2022-03-20",22.2727083333333,23.05,21.15
"10671","SUGG","2022-03-21",22.06125,23.1,20.88
"10672","SUGG","2022-03-22",20.9333333333333,21.21,20.78
"10673","SUGG","2022-03-23",22.5670967741935,23.31,21.73
"10674","SUGG","2022-03-24",22.2012765957447,22.64,21.66
"10675","SUGG","2022-03-25",21.4635416666667,21.95,20.74
"10676","SUGG","2022-03-26",21.3666666666667,22.38,20.42
"10677","SUGG","2022-03-27",21.063125,21.78,20.29
"10678","SUGG","2022-03-28",21.083125,21.63,20.29
"10679","SUGG","2022-03-29",22.169375,23.08,20.6
"10680","SUGG","2022-03-30",24.0663636363636,29,21.48
"10681","SUGG","2022-03-31",23.0310416666667,24.36,22.21
"10682","SUGG","2022-04-01",21.929375,22.35,21.58
"10683","SUGG","2022-04-02",24.7731707317073,28.47,21.57
"10684","SUGG","2022-04-03",21.969375,23.13,21.18
"10685","SUGG","2022-04-04",23.315,25.66,21.13
"10686","SUGG","2022-04-05",23.9361363636364,26.33,21.9
"10687","SUGG","2022-04-06",24.0979545454545,24.74,22.91
"10688","SUGG","2022-04-07",24.7077083333333,25.63,24.03
"10689","SUGG","2022-04-08",24.698125,25.71,23.09
"10690","SUGG","2022-04-09",23.1775,24.18,21.9
"10691","SUGG","2022-04-10",22.0470833333333,22.66,21.19
"10692","SUGG","2022-04-11",22.9468181818182,26.53,21.17
"10693","SUGG","2022-04-12",22.7717021276596,24.21,21.25
"10694","SUGG","2022-04-13",24.1463636363636,27.39,21.85
"10695","SUGG","2022-04-14",24.7066666666667,26.45,23.04
"10696","SUGG","2022-04-15",25.0308333333333,26.24,23.93
"10697","SUGG","2022-04-16",25.2155555555556,26.07,24.38
"10698","SUGG","2022-04-17",27.0207142857143,30.78,24.62
"10699","SUGG","2022-04-18",27.3353191489362,30.1,25.5
"10700","SUGG","2022-04-19",26.0797916666667,27.28,24.41
"10701","SUGG","2022-04-20",24.9360416666667,26.35,23.37
"10702","SUGG","2022-04-21",24.0370833333333,24.84,23.33
"10703","SUGG","2022-04-22",23.8416666666667,24.51,23.25
"10704","SUGG","2022-04-23",23.981875,24.7,23.25
"10705","SUGG","2022-04-24",24.371875,25.13,23.38
"10706","SUGG","2022-04-25",24.8765957446809,25.78,23.8
"10707","SUGG","2022-04-26",26.2082926829268,28.78,24.2
"10708","SUGG","2022-04-27",27.7739534883721,30.43,24.85
"10709","SUGG","2022-04-28",27.1825,29.81,25.27
"10710","SUGG","2022-04-29",25.7004347826087,26.83,24.79
"10711","SUGG","2022-04-30",25.2735416666667,26.31,24.52
"10712","SUGG","2022-05-01",25.5143902439024,27.76,24.54
"10713","SUGG","2022-05-02",26.1803225806452,28.51,24.76
"10714","SUGG","2022-05-03",27.3517647058824,31.09,25.33
"10715","SUGG","2022-05-04",27.8876595744681,30,25.87
"10716","SUGG","2022-05-05",29.4461538461538,32.29,26.12
"10717","SUGG","2022-05-06",30.22625,32.46,27.68
"10718","SUGG","2022-05-07",28.3141666666667,29.26,27.16
"10719","SUGG","2022-05-08",27.7416666666667,28.75,26.46
"10720","SUGG","2022-05-09",27.7178048780488,30.46,25.77
"10721","SUGG","2022-05-10",26.3129166666667,27.56,25.09
"10722","SUGG","2022-05-11",25.9541666666667,26.96,25
"10723","SUGG","2022-05-12",25.87875,26.85,24.95
"10724","SUGG","2022-05-13",25.690625,26.55,24.88
"10725","SUGG","2022-05-14",26.357619047619,28.84,24.92
"10726","SUGG","2022-05-15",28.9426315789474,34.02,24.98
"10727","SUGG","2022-05-16",26.8936111111111,31.24,25.7
"10728","SUGG","2022-05-17",28.2144680851064,31.28,25.73
"10729","SUGG","2022-05-18",30.2067391304348,33.07,26.92
"10730","SUGG","2022-05-19",28.4066666666667,28.77,28.15
"10731","SUGG","2022-05-20",30.9036585365854,32.67,28.72
"10732","SUGG","2022-05-21",29.195,31.24,27.31
"10733","SUGG","2022-05-22",27.9610416666667,29.86,26.79
"10734","SUGG","2022-05-23",29.1636170212766,31.17,26.79
"10735","SUGG","2022-05-24",30.5166666666667,32.98,27.76
"10736","SUGG","2022-05-25",30.2310638297872,32.27,28.63
"10737","SUGG","2022-05-26",29.2454166666667,30.48,28.22
"10738","SUGG","2022-05-27",29.2229166666667,30.45,28.21
"10739","SUGG","2022-05-28",28.185625,28.72,27.37
"10740","SUGG","2022-05-29",29.3916666666667,30.88,27.41
"10741","SUGG","2022-05-30",30.1375675675676,34.79,28.11
"10742","SUGG","2022-05-31",29.4608695652174,31.15,28.38
"10743","SUGG","2022-06-01",29.0183333333333,30.45,27.93
"10744","SUGG","2022-06-02",29.3389130434783,30.85,27.98
"10745","SUGG","2022-06-03",30.93,34.7,28.39
"10746","SUGG","2022-06-04",30.1959523809524,32.03,28.66
"10747","SUGG","2022-06-05",29.651875,30.66,28.65
"10748","SUGG","2022-06-06",30.0797826086957,32.75,28.68
"10749","SUGG","2022-06-07",29.2811904761905,31.35,28.19
"10750","SUGG","2022-06-08",30.9344736842105,33.98,28.18
"10751","SUGG","2022-06-09",31.7838461538462,35.54,29.36
"10752","SUGG","2022-06-10",31.1475,32.91,29.62
"10753","SUGG","2022-06-11",31.2045833333333,32.73,29.62
"10754","SUGG","2022-06-12",30.4079166666667,31.67,29.16
"10755","SUGG","2022-06-13",29.8635416666667,30.68,29.16
"10756","SUGG","2022-06-14",31.085625,32.19,29.24
"10757","SUGG","2022-06-15",32.1302173913043,35.25,30.37
"10758","SUGG","2022-06-16",31.9403225806452,34.5,30.37
"10759","SUGG","2022-06-17",31.8625,33.39,30.66
"10760","SUGG","2022-06-18",32.9080952380952,35.87,30.66
"10761","SUGG","2022-06-19",31.691875,32.88,30.41
"10762","SUGG","2022-06-20",31.6490909090909,33.66,30.3
"10763","SUGG","2022-06-21",30.9275555555556,32.22,29.87
"10764","SUGG","2022-06-22",31.085,32.5,29.88
"10765","SUGG","2022-06-23",31.8453658536585,35.63,29.84
"10766","SUGG","2022-06-24",31.6141666666667,33.28,29.99
"10767","SUGG","2022-06-25",30.9645833333333,34.17,29.52
"10768","SUGG","2022-06-26",30.4341666666667,31.49,29.5
"10769","SUGG","2022-06-27",30.24875,31.13,29.33
"10770","SUGG","2022-06-28",29.9016666666667,30.81,29.32
"10771","SUGG","2022-06-29",30.8335135135135,33.99,29.35
"10772","SUGG","2022-06-30",31.1423913043478,33.32,29.87
"10773","SUGG","2022-07-01",30.4997777777778,32.87,29.45
"10774","SUGG","2022-07-02",30.1370454545455,32.74,29.12
"10775","SUGG","2022-07-03",30.5839130434783,33.59,29.13
"10776","SUGG","2022-07-04",29.9823255813953,31.37,29.15
"10777","SUGG","2022-07-05",31.3828125,34.33,29.18
"10778","SUGG","2022-07-06",31.1235555555556,32.85,29.89
"10779","SUGG","2022-07-07",32.3587878787879,35.42,29.95
"10780","SUGG","2022-07-08",31.2769444444444,33.32,30.11
"10781","SUGG","2022-07-09",31.6940425531915,34.54,30.11
"10782","SUGG","2022-07-10",31.231914893617,34.05,30.01
"10783","SUGG","2022-07-11",30.3174468085106,31.35,29.45
"10784","SUGG","2022-07-12",30.7936170212766,32.49,29.48
"10785","SUGG","2022-07-13",31.559375,32.95,29.71
"10786","SUGG","2022-07-14",32.28125,33.92,30.63
"10787","SUGG","2022-07-15",32.4420930232558,35.9,30.17
"10788","SUGG","2022-07-16",32.0431914893617,34.33,30.16
"10789","SUGG","2022-07-17",30.3739583333333,31.63,29.45
"10790","SUGG","2022-07-18",32.02,35.55,29.45
"10791","SUGG","2022-07-19",30.1608333333333,31.07,29.46
"10792","SUGG","2022-07-20",30.4467391304348,32.28,29.44
"10793","SUGG","2022-07-21",30.7377083333333,32.71,29.29
"10794","SUGG","2022-07-22",31.9966666666667,33.72,29.3
"10795","SUGG","2022-07-23",32.751914893617,35.28,30.49
"10796","SUGG","2022-07-24",31.2836956521739,34.45,29.86
"10797","SUGG","2022-07-25",30.8954347826087,33.64,29.4
"10798","SUGG","2022-07-26",30.9670731707317,34.33,29.41
"10799","SUGG","2022-07-27",31.3395238095238,35.75,29.75
"10800","SUGG","2022-07-28",31.316976744186,33.76,29.73
"10801","SUGG","2022-07-29",32.4231578947368,33.89,29.93
"10802","SUGG","2022-07-30",32.9661111111111,35.87,30.69
"10803","SUGG","2022-07-31",32.5722222222222,35.51,30.99
"10804","SUGG","2022-08-01",32.7807317073171,35.7,31.03
"10805","SUGG","2022-08-02",32.2734375,35.21,31.02
"10806","SUGG","2022-08-03",33.0782978723404,35.49,30.91
"10807","SUGG","2022-08-04",32.1691666666667,35.54,30.79
"10808","SUGG","2022-08-05",31.9502083333333,33.43,30.71
"10809","SUGG","2022-08-06",31.8579166666667,32.89,30.7
"10810","SUGG","2022-08-07",31.7445652173913,33.4,30.7
"10811","SUGG","2022-08-08",31.493829787234,32.97,30.22
"10812","SUGG","2022-08-09",30.7486956521739,32.59,29.63
"10813","SUGG","2022-08-10",31.2861363636364,33.37,29.66
"10814","SUGG","2022-08-11",32.2186363636364,34.08,30.3
"10815","SUGG","2022-08-12",30.72,31.54,29.73
"10816","SUGG","2022-08-13",30.6160416666667,32.31,29.61
"10817","SUGG","2022-08-14",30.1375,31.44,29.17
"10818","SUGG","2022-08-15",30.4384444444444,32.09,29.16
"10819","SUGG","2022-08-16",31.5972340425532,33.62,29.36
"10820","SUGG","2022-08-17",31.2189361702128,32.49,29.81
"10821","SUGG","2022-08-18",31.64,34.81,29.67
"10822","SUGG","2022-08-19",29.7424390243902,32.12,28.98
"10823","SUGG","2022-08-20",31.076,34.6,29.02
"10824","SUGG","2022-08-21",30.9731428571429,33.91,29.27
"10825","SUGG","2022-08-22",30.7714634146341,34.28,29.38
"10826","SUGG","2022-08-23",30.4089361702128,32.35,29.19
"10827","SUGG","2022-08-24",30.3910869565217,33.99,29.17
"10828","SUGG","2022-08-25",30.5971052631579,33.21,29.17
"10829","SUGG","2022-08-26",30.8732258064516,32.82,29.31
"10830","SUGG","2022-08-27",31.0911904761905,33.85,29.58
"10831","SUGG","2022-08-28",31.3434090909091,35.84,29.68
"10832","SUGG","2022-08-29",30.86275,35.24,29.54
"10833","SUGG","2022-08-30",30.6322222222222,32.49,29.52
"10834","SUGG","2022-08-31",30.9245833333333,32.69,29.62
"10835","SUGG","2022-09-01",30.8452083333333,33,29.68
"10836","SUGG","2022-09-02",30.4528571428571,34.69,29.08
"10837","SUGG","2022-09-03",29.4439583333333,30.47,28.84
"10838","SUGG","2022-09-04",29.7383333333333,31.26,28.81
"10839","SUGG","2022-09-05",30.3059090909091,33.42,28.88
"10840","SUGG","2022-09-06",31.5978378378378,35.53,29.09
"10841","SUGG","2022-09-07",32.6344186046512,35.34,30.12
"10842","SUGG","2022-09-08",31.6702325581395,33.97,29.49
"10843","SUGG","2022-09-09",29.15875,29.75,28.48
"10844","SUGG","2022-09-10",28.8544186046512,30.72,28.15
"10845","SUGG","2022-09-11",28.670625,29.47,27.91
"10846","SUGG","2022-09-12",30.0179166666667,32.3,27.91
"10847","SUGG","2022-09-13",29.4817021276596,30.63,28.23
"10848","SUGG","2022-09-14",29.5982978723404,31.44,28.25
"10849","SUGG","2022-09-15",29.2220833333333,30.38,28.15
"10850","SUGG","2022-09-16",28.8236170212766,29.58,28.09
"10851","SUGG","2022-09-17",28.4566666666667,29.09,27.83
"10852","SUGG","2022-09-18",28.1274468085106,29.06,27.51
"10853","SUGG","2022-09-19",27.9408333333333,28.91,27.34
"10854","SUGG","2022-09-20",28.7821276595745,30.18,27.32
"10855","SUGG","2022-09-21",28.7548936170213,30.39,27.71
"10856","SUGG","2022-09-22",28.9057142857143,29.92,27.82
"10857","SUGG","2022-09-23",30.4752083333333,32.7,27.94
"10858","SUGG","2022-09-24",28.2560416666667,28.89,27.41
"10859","SUGG","2022-09-25",28.2138636363636,29.34,27.27
"10860","SUGG","2022-09-26",29.6246511627907,33.33,27.25
"10861","SUGG","2022-09-27",30.0390697674419,32.69,27.43
"10862","SUGG","2022-09-28",27.72,28.74,26.53
"10863","SUGG","2022-09-29",25.6666666666667,26.52,24.37
"10864","SUGG","2022-09-30",23.0604166666667,24.33,22.01
"10865","SUGG","2022-10-01",22.8354166666667,23.49,21.91
"10866","SUGG","2022-10-02",25.2766666666667,28.07,22.28
"10867","SUGG","2022-10-03",24.5321276595745,25.98,22.98
"10868","SUGG","2022-10-04",23.6639583333333,25,22.65
"10869","SUGG","2022-10-05",23.2952083333333,23.93,22.63
"10870","SUGG","2022-10-06",24.6222727272727,27.01,22.59
"10871","SUGG","2022-10-07",25.8972916666667,29.2,22.71
"10872","SUGG","2022-10-08",25.8472340425532,28.78,23.02
"10873","SUGG","2022-10-09",24.9229545454545,26.96,23.18
"10874","SUGG","2022-10-10",25.1153658536585,26.89,23.29
"10875","SUGG","2022-10-11",25.7178571428571,28.04,23.9
"10876","SUGG","2022-10-12",25.9104545454545,27.16,24.34
"10877","SUGG","2022-10-13",26.381875,27.59,25.24
"10878","SUGG","2022-10-14",26.8947916666667,28.23,25.33
"10879","SUGG","2022-10-15",26.1795744680851,28.37,24.68
"10880","SUGG","2022-10-16",25.5497916666667,26.81,24.32
"10881","SUGG","2022-10-17",26.3588372093023,28.66,24.25
"10882","SUGG","2022-10-18",25.7351111111111,27.35,24.73
"10883","SUGG","2022-10-19",24.325625,25.62,22.29
"10884","SUGG","2022-10-20",22.088125,22.88,20.92
"10885","SUGG","2022-10-21",21.8020833333333,23.16,20.47
"10886","SUGG","2022-10-22",20.9358333333333,21.87,19.96
"10887","SUGG","2022-10-23",20.9327083333333,21.76,19.88
"10888","SUGG","2022-10-24",22.2797435897436,25.4,20.18
"10889","SUGG","2022-10-25",22.2475,24.21,20.57
"10890","SUGG","2022-10-26",24.3902702702703,28.73,20.95
"10891","SUGG","2022-10-27",22.8858333333333,23.52,21.78
"10892","SUGG","2022-10-28",23.4010256410256,27.26,22.22
"10893","SUGG","2022-10-29",22.8529166666667,23.43,22.27
"10894","SUGG","2022-10-30",22.1985416666667,22.54,21.89
"10895","SUGG","2022-10-31",23.10825,24.48,21.88
"10896","SUGG","2022-11-01",25.4770731707317,27.91,22.56
"10897","SUGG","2022-11-02",25.933,28.85,23.51
"10898","SUGG","2022-11-03",24.7329268292683,27.26,23.88
"10899","SUGG","2022-11-04",24.275625,25.54,22.99
"10900","SUGG","2022-11-05",23.6879166666667,24.21,22.88
"10901","SUGG","2022-11-06",24.6316279069767,26.2,23.26
"10902","SUGG","2022-11-07",24.7066666666667,25.55,23.83
"10903","SUGG","2022-11-08",24.1195833333333,25.05,23.29
"10904","SUGG","2022-11-09",23.3645833333333,24,22.49
"10905","SUGG","2022-11-10",21.630625,22.43,20.9
"10906","SUGG","2022-11-11",21.1226086956522,21.24,20.9
"10907","SUGG","2022-11-12",21.735,22.11,21.12
"10908","SUGG","2022-11-13",22.5004166666667,23.12,21.6
"10909","SUGG","2022-11-14",21.4610416666667,22.09,20.39
"10910","SUGG","2022-11-15",20.815625,21.28,20.33
"10911","SUGG","2022-11-16",21.4922916666667,22.35,20.65
"10912","SUGG","2022-11-17",20.71625,21.52,19.57
"10913","SUGG","2022-11-18",19.4820833333333,20.21,18.64
"10914","SUGG","2022-11-19",18.5102083333333,19.27,17.58
"10915","SUGG","2022-11-20",17.5464583333333,18.1,17.04
"10916","SUGG","2022-11-21",16.5870833333333,17,16.06
"10917","SUGG","2022-11-22",16.7670833333333,16.98,16.01
"10918","SUGG","2022-11-23",17.1116666666667,17.36,16.81
"10919","SUGG","2022-11-24",17.6002083333333,18.13,16.98
"10920","SUGG","2022-11-25",19.3728260869565,19.99,17.7
"10921","SUGG","2022-11-26",21.113125,22.01,19.94
"10922","SUGG","2022-11-27",21.1814583333333,22.09,19.73
"10923","SUGG","2022-11-28",20.9297916666667,21.73,19.81
"10924","SUGG","2022-11-29",20.6975,21.85,19.69
"10925","SUGG","2022-11-30",20.4845652173913,21.08,19.58
"10926","SUGG","2022-12-01",20.3602083333333,21.01,19.31
"10927","SUGG","2022-12-02",19.339375,19.86,18.8
"10928","SUGG","2022-12-03",19.3241666666667,19.82,18.79
"10929","SUGG","2022-12-04",20.67675,23.11,18.79
"10930","SUGG","2022-12-05",20.4051063829787,21.9,18.91
"10931","SUGG","2022-12-06",21.4252083333333,23.1,19.57
"10932","SUGG","2022-12-07",22.3680487804878,24.91,20.13
"10933","SUGG","2022-12-08",22.0907142857143,25.09,19.93
"10934","SUGG","2022-12-09",21.5757777777778,23.61,19.87
"10935","SUGG","2022-12-10",21.3810416666667,22.95,20.17
"10936","SUGG","2022-12-11",20.6936170212766,22,20.08
"10937","SUGG","2022-12-12",19.7779166666667,20.14,19.27
"10938","SUGG","2022-12-13",19.7485416666667,20.54,19.06
"10939","SUGG","2022-12-14",19.2154166666667,19.64,18.95
"10940","SUGG","2022-12-15",19.7766666666667,20.24,18.98
"10941","SUGG","2022-12-16",19.63375,20.15,18.88
"10942","SUGG","2022-12-17",19.0365957446809,20.37,18.12
"10943","SUGG","2022-12-18",18.4042222222222,19.73,17.49
"10944","SUGG","2022-12-19",17.144375,17.99,16.21
"10945","SUGG","2022-12-20",16.6122916666667,17.21,16.06
"10946","SUGG","2022-12-21",16.3412195121951,17.15,15.86
"10947","SUGG","2022-12-22",15.9035555555556,16.12,15.66
"10948","SUGG","2022-12-23",16.0777083333333,16.66,15.66
"10949","SUGG","2022-12-24",15.398125,16.35,13.76
"10950","SUGG","2022-12-25",13.0977083333333,13.73,11.99
"10951","SUGG","2022-12-26",11.6272916666667,12.29,10.94
"10952","SUGG","2022-12-27",11.0089583333333,12.15,10.37
"10953","SUGG","2022-12-28",11.0076595744681,12.09,10.21
"10954","SUGG","2022-12-29",11.5669047619048,12.85,10.26
"10955","SUGG","2022-12-30",12.6679166666667,13.45,11.16
"10956","SUGG","2022-12-31",14.96875,16.91,12.65
"10957","SUGG","2023-01-01",15.6504166666667,16.22,14.97
"10958","SUGG","2023-01-02",17.7071794871795,20.2,15.81
"10959","SUGG","2023-01-03",18.2647368421053,19.75,15.63
"10960","SUGG","2023-01-04",17.9586956521739,19.67,16.06
"10961","SUGG","2023-01-05",18.5095833333333,18.79,18.34
"10962","SUGG","2023-01-06",18.588125,19.44,16.97
"10963","SUGG","2023-01-07",16.6429166666667,17.39,15.42
"10964","SUGG","2023-01-08",16.03125,16.74,15.05
"10965","SUGG","2023-01-09",16.5504545454545,18.54,14.87
"10966","SUGG","2023-01-10",16.445625,17.39,15.56
"10967","SUGG","2023-01-11",16.2602127659574,17.45,15.16
"10968","SUGG","2023-01-12",16.5765789473684,19.73,15
"10969","SUGG","2023-01-13",16.0625,16.64,15.24
"10970","SUGG","2023-01-14",15.58875,16.38,14.46
"10971","SUGG","2023-01-15",14.1070833333333,14.61,13.3
"10972","SUGG","2023-01-16",13.658085106383,14.76,12.81
"10973","SUGG","2023-01-17",14.2097619047619,17.18,12.69
"10974","SUGG","2023-01-18",13.5910416666667,14.18,12.63
"10975","SUGG","2023-01-19",15.4577777777778,16.68,13.56
"10976","SUGG","2023-01-20",15.7,16.19,14.73
"10977","SUGG","2023-01-21",16.9461363636364,18.49,15.87
"10978","SUGG","2023-01-22",15.79125,16.09,15.47
"10979","SUGG","2023-01-23",16.5185416666667,16.96,15.46
"10980","SUGG","2023-01-24",16.589375,17.2,15.8
"10981","SUGG","2023-01-25",16.4822222222222,17.01,15.65
"10982","SUGG","2023-01-26",17.1229166666667,17.43,16.34
"10983","SUGG","2023-01-27",16.8341666666667,17.6,15.92
"10984","SUGG","2023-01-28",16.1929166666667,17.16,15.23
"10985","SUGG","2023-01-29",15.58375,16.01,15.04
"10986","SUGG","2023-01-30",17.0604347826087,17.84,15.48
"10987","SUGG","2023-01-31",19.0110638297872,20.78,16.94
"10988","SUGG","2023-02-01",21.7665853658537,24.89,18.84
"10989","SUGG","2023-02-02",21.7162790697674,23.71,20.05
"10990","SUGG","2023-02-03",21.1462222222222,22.17,19.86
"10991","SUGG","2023-02-04",18.7614583333333,20.62,17.16
"10992","SUGG","2023-02-05",17.2789583333333,17.86,16.91
"10993","SUGG","2023-02-06",18.1163636363636,19.89,16.9
"10994","SUGG","2023-02-07",17.8035416666667,18.97,16.84
"10995","SUGG","2023-02-08",17.933829787234,19.17,10.56
"10996","SUGG","2023-02-09",19.0444444444444,20.1,17.49
"10997","SUGG","2023-02-10",19.940652173913,20.88,18.32
"10998","SUGG","2023-02-11",20.456875,21.14,19.7
"10999","SUGG","2023-02-12",19.93,20.45,19.07
"11000","SUGG","2023-02-13",18.528125,19.07,17.48
"11001","SUGG","2023-02-14",17.910625,18.5,17.19
"11002","SUGG","2023-02-15",18.4413043478261,19.79,17.12
"11003","SUGG","2023-02-16",19.3116279069767,20.12,17.61
"11004","SUGG","2023-02-17",20.201875,21.45,18.79
"11005","SUGG","2023-02-18",20.0254166666667,20.69,18.77
"11006","SUGG","2023-02-19",18.6016666666667,19.27,17.98
"11007","SUGG","2023-02-20",19.6746341463415,22.29,17.95
"11008","SUGG","2023-02-21",19.405625,20.27,18.5
"11009","SUGG","2023-02-22",20.139375,20.76,18.89
"11010","SUGG","2023-02-23",21.5389583333333,22.48,20.15
"11011","SUGG","2023-02-24",22.5093181818182,23.52,21.07
"11012","SUGG","2023-02-25",24.6665,27.36,22.23
"11013","SUGG","2023-02-26",24.3970833333333,25.58,22.87
"11014","SUGG","2023-02-27",24.0579166666667,25.33,22.86
"11015","SUGG","2023-02-28",23.405625,24.18,22.78
"11016","SUGG","2023-03-01",23.54875,24.31,22.78
"11017","SUGG","2023-03-02",24.208125,25.02,22.98
"11018","SUGG","2023-03-03",23.7452083333333,24.3,23.01
"11019","SUGG","2023-03-04",23.4575,23.86,22.92
"11020","SUGG","2023-03-05",23.395,23.65,22.93
"11021","SUGG","2023-03-06",24.2641025641026,27.61,22.87
"11022","SUGG","2023-03-07",25.4942105263158,28.85,23.24
"11023","SUGG","2023-03-08",24.4972340425532,25.56,23.46
"11024","SUGG","2023-03-09",23.6177083333333,24.63,22.6
"11025","SUGG","2023-03-10",23.1138636363636,24.43,22.37
"11026","SUGG","2023-03-11",22.8152083333333,23.31,22.29
"11027","SUGG","2023-03-12",23.1841304347826,25.13,21.99
"11028","SUGG","2023-03-13",22.721875,23.2,21.92
"11029","SUGG","2023-03-14",22.231875,22.87,21.05
"11030","SUGG","2023-03-15",21.2282978723404,22.1,19.88
"11031","SUGG","2023-03-16",20.105625,20.97,19.11
"11032","SUGG","2023-03-17",21.1839534883721,23.22,19.07
"11033","SUGG","2023-03-18",20.635,21.34,19.71
"11034","SUGG","2023-03-19",20.0758333333333,20.79,19.09
"11035","SUGG","2023-03-20",19.4533333333333,20.4,18.45
"11036","SUGG","2023-03-21",18.806875,19.75,18.02
"11037","SUGG","2023-03-22",18.6908510638298,19.15,17.94
"11038","SUGG","2023-03-23",21.2306818181818,23.38,18.59
"11039","SUGG","2023-03-24",23.0197222222222,26.34,20.23
"11040","SUGG","2023-03-25",23.9341666666667,25.38,21.49
"11041","SUGG","2023-03-26",24.1721276595745,24.9,22.95
"11042","SUGG","2023-03-27",25.4047916666667,26.46,23.86
"11043","SUGG","2023-03-28",26.17625,27.25,24.65
"11044","SUGG","2023-03-29",25.6510416666667,26.84,24.11
"11045","SUGG","2023-03-30",24.180625,25.78,22.8
"11046","SUGG","2023-03-31",23.594375,24.7,22.63
"11047","SUGG","2023-04-01",24.0454166666667,25.22,22.6
"11048","SUGG","2023-04-02",24.4147916666667,25.05,23.29
"11049","SUGG","2023-04-03",25.6720833333333,26.91,24.13
"11050","SUGG","2023-04-04",26.125652173913,28.18,24.34
"11051","SUGG","2023-04-05",26.00875,27.29,24.81
"11052","SUGG","2023-04-06",27.0545,28.55,25.07
"11053","SUGG","2023-04-07",27.202380952381,30.05,25.83
"11054","SUGG","2023-04-08",27.7378571428571,31.54,26.27
"11055","SUGG","2023-04-09",26.5685416666667,27.79,24.51
"11056","SUGG","2023-04-10",23.2608333333333,24.37,22.14
"11057","SUGG","2023-04-11",22.085625,22.6,21.51
"11058","SUGG","2023-04-12",22.0777083333333,22.68,21.47
"11059","SUGG","2023-04-13",22.0091666666667,22.41,21.46
"11060","SUGG","2023-04-14",23.5438095238095,26.33,21.86
"11061","SUGG","2023-04-15",24.409375,25.44,22.66
"11062","SUGG","2023-04-16",26.5418918918919,29.71,23.68
"11063","SUGG","2023-04-17",26.319347826087,27.72,24.55
"11064","SUGG","2023-04-18",24.788125,26.01,23.31
"11065","SUGG","2023-04-19",24.3559574468085,25.81,23.28
"11066","SUGG","2023-04-20",23.6747826086957,24.31,23.02
"11067","SUGG","2023-04-21",24.1011904761905,25.03,23.02
"11068","SUGG","2023-04-22",24.7436585365854,26.68,23.37
"11069","SUGG","2023-04-23",26.2061363636364,28.38,23.43
"11070","SUGG","2023-04-24",24.7077083333333,26.19,23.43
"11071","SUGG","2023-04-25",24.1425,24.71,23.53
"11072","SUGG","2023-04-26",24.4104166666667,25.17,23.53
"11073","SUGG","2023-04-27",25.4263414634146,26.65,23.77
"11074","SUGG","2023-04-28",25.1204255319149,26.34,24.33
"11075","SUGG","2023-04-29",25.3844680851064,26.03,24.31
"11076","SUGG","2023-04-30",25.5979166666667,26.57,24.57
"11077","SUGG","2023-05-01",24.9264583333333,25.83,23.98
"11078","SUGG","2023-05-02",24.8114583333333,25.48,24
"11079","SUGG","2023-05-03",25.0277777777778,26.02,24.11
"11080","SUGG","2023-05-04",24.72125,25.46,24
"11081","SUGG","2023-05-05",26.2753191489362,28.38,23.99
"11082","SUGG","2023-05-06",25.4162790697674,26.4,24.52
"11083","SUGG","2023-05-07",24.99875,25.71,24.35
"11084","SUGG","2023-05-08",25.2227083333333,26.23,24.36
"11085","SUGG","2023-05-09",27.7924390243902,30.79,24.38
"11086","SUGG","2023-05-10",27.7041666666667,29.1,26.27
"11087","SUGG","2023-05-11",27.6030555555556,30.33,26.56
"11088","SUGG","2023-05-12",27.6538636363636,28.97,26.64
"11089","SUGG","2023-05-13",28.0420512820513,30.41,26.72
"11090","SUGG","2023-05-14",28.3866666666667,31.02,26.7
"11091","SUGG","2023-05-15",28.4208108108108,31.73,27.03
"11092","SUGG","2023-05-16",27.9953333333333,29.24,26.92
"11093","SUGG","2023-05-17",29.8556756756757,34.53,26.94
"11094","SUGG","2023-05-18",28.7477083333333,30.37,27.76
"11095","SUGG","2023-05-19",28.9252777777778,30.78,27.71
"11096","SUGG","2023-05-20",29.7057142857143,32.3,27.65
"11097","SUGG","2023-05-21",29.8060465116279,31.61,28.32
"11098","SUGG","2023-05-22",29.797027027027,34.39,28.1
"11099","SUGG","2023-05-23",28.0344736842105,29.48,27.13
"11100","SUGG","2023-05-24",27.7525,28.89,26.91
"11101","SUGG","2023-05-25",27.2252083333333,27.94,26.4
"11102","SUGG","2023-05-26",27.143125,28.08,26.41
"11103","SUGG","2023-05-27",25.8172916666667,26.41,24.57
"11104","SUGG","2023-05-28",25.2352083333333,26.15,24.33
"11105","SUGG","2023-05-29",26.7054347826087,28.72,24.31
"11106","SUGG","2023-05-30",27.521914893617,29.62,25.47
"11107","SUGG","2023-05-31",28.169,31.06,26.15
"11108","SUGG","2023-06-01",27.3795833333333,28.46,26.53
"11109","SUGG","2023-06-02",27.3687234042553,28.36,26.52
"11110","SUGG","2023-06-03",27.5793617021277,28.46,26.59
"11111","SUGG","2023-06-04",27.9510416666667,29.24,26.7
"11112","SUGG","2023-06-05",27.24875,28.41,26.34
"11113","SUGG","2023-06-06",27.4726086956522,28.37,26.35
"11114","SUGG","2023-06-07",29.5134482758621,32.49,27.65
"11115","SUGG","2023-06-08",28.8181578947368,31.04,27.37
"11116","SUGG","2023-06-09",29.1216666666667,30.64,27.41
"11117","SUGG","2023-06-10",28.4282608695652,31.03,27.22
"11118","SUGG","2023-06-11",28.8764516129032,31.43,27.26
"11119","SUGG","2023-06-12",30.3559459459459,33.73,28.05
"11120","SUGG","2023-06-13",29.5752083333333,30.97,28.38
"11121","SUGG","2023-06-14",29.998125,31.25,28.41
"11122","SUGG","2023-06-15",30.0529166666667,31.39,28.35
"11123","SUGG","2023-06-16",28.130625,29.56,26.98
"11124","SUGG","2023-06-17",27.9595652173913,28.81,26.96
"11125","SUGG","2023-06-18",28.4541666666667,29.59,27.28
"11126","SUGG","2023-06-19",30.391875,32.27,27.94
"11127","SUGG","2023-06-20",30.7266666666667,32.5,28.58
"11128","SUGG","2023-06-21",28.7020833333333,29.85,28.04
"11129","SUGG","2023-06-22",28.116875,28.72,27.4
"11130","SUGG","2023-06-23",27.281875,28.2,26.56
"11131","SUGG","2023-06-24",27.63625,28.72,26.52
"11132","SUGG","2023-06-25",28.7751063829787,29.91,27.38
"11133","SUGG","2023-06-26",30.9164444444444,33.47,28.12
"11134","SUGG","2023-06-27",31.2415217391304,33.3,29.45
"11135","SUGG","2023-06-28",31.036875,32.53,29.47
"11136","SUGG","2023-06-29",32.1293181818182,34.37,30.05
"11137","SUGG","2023-06-30",32.2202380952381,34.4,30.49
"11138","SUGG","2023-07-01",31.5342222222222,32.98,30.14
"11139","SUGG","2023-07-02",31.57525,33.92,30.13
"11140","SUGG","2023-07-03",32.0094444444444,35.77,30.27
"11141","SUGG","2023-07-04",32.2896875,35.11,30.61
"11142","SUGG","2023-07-05",32.9788235294118,35.35,30.97
"11143","SUGG","2023-07-06",33.4279545454545,35.86,31.29
"11144","SUGG","2023-07-07",32.9135416666667,34.38,31.25
"11145","SUGG","2023-07-08",31.93,33.18,30.54
"11146","SUGG","2023-07-09",31.4075,32.48,30.29
"11147","SUGG","2023-07-10",31.3377083333333,32.48,30.31
"11148","SUGG","2023-07-11",30.055625,31.12,29.21
"11149","SUGG","2023-07-12",30.033125,31.07,29.22
"11150","SUGG","2023-07-13",31.3308571428571,34.43,29.4
"11151","SUGG","2023-07-14",32.90725,35.41,30.13
"11152","SUGG","2023-07-15",32.3874468085106,33.69,30.65
"11153","SUGG","2023-07-16",31.90375,33.05,30.67
"11154","SUGG","2023-07-17",30.9445833333333,32.45,29.85
"11155","SUGG","2023-07-18",30.6893617021277,33.01,29.53
"11156","SUGG","2023-07-19",31.8162162162162,35.69,29.55
"11157","SUGG","2023-07-20",32.0818181818182,34.44,30.04
"11158","SUGG","2023-07-21",33.5915,35.64,31.7
"11159","SUGG","2023-07-22",33.3102083333333,35.33,31.29
"11160","SUGG","2023-07-23",32.0397916666667,33.85,30.42
"11161","SUGG","2023-07-24",30.7547916666667,31.97,29.71
"11162","SUGG","2023-07-25",30.7670833333333,31.5,29.76
"11163","SUGG","2023-07-26",30.5927083333333,31.95,29.54
"11164","SUGG","2023-07-27",31.6024242424242,35.43,29.54
"11165","SUGG","2023-07-28",30.64,32.23,29.68
"11166","SUGG","2023-07-29",30.3659523809524,32.53,29.43
"11167","SUGG","2023-07-30",31.525,35.21,29.45
"11168","SUGG","2023-07-31",31.3589583333333,34.46,29.63
"11169","SUGG","2023-08-01",29.88225,32.12,29.04
"11170","SUGG","2023-08-02",30.1485714285714,31.75,29.04
"11171","SUGG","2023-08-03",30.945,32.24,29.28
"11172","SUGG","2023-08-04",31.1871428571429,33.12,30.05
"11173","SUGG","2023-08-05",30.8233333333333,32.89,29.71
"11174","SUGG","2023-08-06",30.8710869565217,31.63,29.65
"11175","SUGG","2023-08-07",32.5048936170213,34.46,30.12
"11176","SUGG","2023-08-08",33.0395833333333,35.17,30.96
"11177","SUGG","2023-08-09",33.0329166666667,34.4,31.5
"11178","SUGG","2023-08-10",33.6076595744681,35.59,31.79
"11179","SUGG","2023-08-11",33.3658333333333,34.57,32.01
"11180","SUGG","2023-08-12",33.9052083333333,35.54,32.11
"11181","SUGG","2023-08-13",33.9234285714286,35.68,32.39
"11182","SUGG","2023-08-14",33.20125,35.29,31.98
"11183","SUGG","2023-08-15",32.7725,35.35,31.46
"11184","SUGG","2023-08-16",32.1652083333333,33.65,30.89
"11185","SUGG","2023-08-17",31.2571739130435,33.54,30.13
"11186","SUGG","2023-08-18",30.8791666666667,32.31,29.65
"11187","SUGG","2023-08-19",32.1869565217391,34.46,29.57
"11188","SUGG","2023-08-20",31.5166666666667,35.24,30.17
"11189","SUGG","2023-08-21",30.71625,32.15,29.89
"11190","SUGG","2023-08-22",31.0929166666667,32.24,29.88
"11191","SUGG","2023-08-23",31.9392105263158,33.58,30.21
"11192","SUGG","2023-08-24",31.209756097561,32.73,30.12
"11193","SUGG","2023-08-25",31.0989361702128,32.18,30.11
"11194","SUGG","2023-08-26",32.17975,34.01,30.13
"11195","SUGG","2023-08-27",31.572972972973,34.13,30.43
"11196","SUGG","2023-08-28",31.445,32.51,30.42
"11197","SUGG","2023-08-29",31.5157777777778,32.21,30.52
"11198","SUGG","2023-08-30",31.4582978723404,34.32,29.47
"11199","SUGG","2023-08-31",29.2385416666667,29.49,28.84
"11200","SUGG","2023-09-01",30.7141176470588,35.69,28.87
"11201","SUGG","2023-09-02",29.3475,30.16,28.61
"11202","SUGG","2023-09-03",29.0004347826087,29.71,28.49
"11203","SUGG","2023-09-04",29.5308510638298,30.57,28.49
"11204","SUGG","2023-09-05",30.1142857142857,32.62,28.62
"11205","SUGG","2023-09-06",30.6318421052632,32.99,28.72
"11206","SUGG","2023-09-07",31.9057142857143,35.19,28.84
"11207","SUGG","2023-09-08",31.9418181818182,34.88,29.42
"11208","SUGG","2023-09-09",29.4340425531915,30.62,28.24
"11209","SUGG","2023-09-10",29.8551063829787,31.06,28.23
"11210","SUGG","2023-09-11",30.6832558139535,33.89,28.48
"11211","SUGG","2023-09-12",29.6634285714286,35.3,28.33
"11212","SUGG","2023-09-13",29.7696774193548,34.44,28.32
"11213","SUGG","2023-09-14",31.1744444444444,35.62,28.62
"11214","SUGG","2023-09-15",30.8385,33.84,29.14
"11215","SUGG","2023-09-16",30.3240909090909,32.2,28.87
"11216","SUGG","2023-09-17",29.47875,30.42,28.7
"11217","SUGG","2023-09-18",29.9408333333333,31.1,28.71
"11218","SUGG","2023-09-19",29.7408510638298,31.12,28.55
"11219","SUGG","2023-09-20",29.10875,30.43,28.11
"11220","SUGG","2023-09-21",28.7082608695652,29.32,28.04
"11221","SUGG","2023-09-22",28.9091666666667,29.9,27.96
"11222","SUGG","2023-09-23",28.480625,29.45,27.58
"11223","SUGG","2023-09-24",28.7658333333333,30.42,27.45
"11224","SUGG","2023-09-25",29.7953333333333,32.8,27.39
"11225","SUGG","2023-09-26",28.1347619047619,31.27,27.35
"11226","SUGG","2023-09-27",28.2275,29.41,27.33
"11227","SUGG","2023-09-28",27.9273333333333,29.38,27.07
"11228","SUGG","2023-09-29",26.7375,27.1,25.97
"11229","SUGG","2023-09-30",26.330625,26.75,25.9
"11230","SUGG","2023-10-01",26.2541666666667,26.85,25.74
"11231","SUGG","2023-10-02",26.098125,26.67,25.69
"11232","SUGG","2023-10-03",26.2046808510638,26.78,25.63
"11233","SUGG","2023-10-04",26.1375,26.81,25.61
"11234","SUGG","2023-10-05",26.3385416666667,27.03,25.65
"11235","SUGG","2023-10-06",26.845,27.72,25.83
"11236","SUGG","2023-10-07",27.796170212766,29.61,26.3
"11237","SUGG","2023-10-08",27.1745833333333,28.45,25.38
"11238","SUGG","2023-10-09",25.1883333333333,26.41,24.25
"11239","SUGG","2023-10-10",24.5321276595745,25.73,23.42
"11240","SUGG","2023-10-11",25.3707692307692,29.31,23.37
"11241","SUGG","2023-10-12",23.7379166666667,24.41,23.47
"11242","SUGG","2023-10-13",24.3141666666667,24.81,23.73
"11243","SUGG","2023-10-14",27.0068181818182,29.94,24.26
"11244","SUGG","2023-10-15",25.1216666666667,25.86,24.27
"11245","SUGG","2023-10-16",24.5725,25.26,23.67
"11246","SUGG","2023-10-17",23.453125,24.07,22.46
"11247","SUGG","2023-10-18",23.0641666666667,24.46,22.06
"11248","SUGG","2023-10-19",22.8848888888889,24.27,21.92
"11249","SUGG","2023-10-20",23.984,26.73,21.9
"11250","SUGG","2023-10-21",22.883125,23.51,21.97
"11251","SUGG","2023-10-22",23.4079166666667,24.89,22.27
"11252","SUGG","2023-10-23",23.5891666666667,25.61,22.22
"11253","SUGG","2023-10-24",22.9293617021277,23.42,22.34
"11254","SUGG","2023-10-25",23.0233333333333,23.44,22.32
"11255","SUGG","2023-10-26",23.5025,23.99,22.54
"11256","SUGG","2023-10-27",23.706875,24.25,23.19
"11257","SUGG","2023-10-28",24.051914893617,24.88,23.28
"11258","SUGG","2023-10-29",24.166875,24.64,23.31
"11259","SUGG","2023-10-30",24.681875,25.4,23.76
"11260","SUGG","2023-10-31",25.3384210526316,27.63,23.93
"11261","SUGG","2023-11-01",25.1333333333333,26.64,23.51
"11262","SUGG","2023-11-02",22.799375,23.78,21.4
"11263","SUGG","2023-11-03",21.4554166666667,22.03,20.79
"11264","SUGG","2023-11-04",20.7766666666667,21.15,20.3
"11265","SUGG","2023-11-05",20.4060416666667,20.79,19.78
"11266","SUGG","2023-11-06",20.4170833333333,21.24,19.64
"11267","SUGG","2023-11-07",20.8911363636364,22.66,19.56
"11268","SUGG","2023-11-08",21.7620512820513,25.31,19.54
"11269","SUGG","2023-11-09",22.0114634146341,24.74,19.49
"11270","SUGG","2023-11-10",22.6918604651163,25.64,19.86
"11271","SUGG","2023-11-11",23.2971739130435,25,21.03
"11272","SUGG","2023-11-12",22.4117777777778,24.21,20.85
"11273","SUGG","2023-11-13",20.986875,22,20.09
"11274","SUGG","2023-11-14",20.0222916666667,20.36,19.67
"11275","SUGG","2023-11-15",19.7997916666667,19.94,19.67
"11276","SUGG","2023-11-16",19.6785714285714,19.7,19.67
"11277","SUGG","2023-11-22",21.9031578947368,22.69,21.23
"11278","SUGG","2023-11-23",21.11875,21.8,20.14
"11279","SUGG","2023-11-24",20.0136170212766,21,19.31
"11280","SUGG","2023-11-25",19.273125,20.06,18.71
"11281","SUGG","2023-11-26",19.081875,19.48,18.65
"11282","SUGG","2023-11-27",18.748125,18.88,18.44
"11283","SUGG","2023-11-28",18.5522916666667,19.16,17.76
"11284","SUGG","2023-11-29",17.3175,17.84,16.34
"11285","SUGG","2023-11-30",16.3825,17.65,15.67
"11286","SUGG","2023-12-01",16.2672340425532,16.81,15.59
"11287","SUGG","2023-12-02",18.1351351351351,19.96,15.95
"11288","SUGG","2023-12-03",20.0333333333333,21.13,18.25
"11289","SUGG","2023-12-04",20.2452083333333,21.35,19.69
"11290","SUGG","2023-12-05",19.5145652173913,20.25,18.35
"11291","SUGG","2023-12-06",18.225,19.41,16.98
"11292","SUGG","2023-12-07",16.836875,17.56,16.03
"11293","SUGG","2023-12-08",17.1411111111111,19.4,15.93
"11294","SUGG","2023-12-09",16.9554347826087,17.54,16
"11295","SUGG","2023-12-10",18.44,20.02,16.62
"11296","SUGG","2023-12-11",18.1402083333333,18.69,17.14
"11297","SUGG","2023-12-12",17.0147916666667,18.04,16.17
"11298","SUGG","2023-12-13",16.4279166666667,16.96,16.05
"11299","SUGG","2023-12-14",15.9877083333333,16.33,15.57
"11300","SUGG","2023-12-15",15.7797916666667,16.03,15.5
"11301","SUGG","2023-12-16",16.0020833333333,16.37,15.57
"11302","SUGG","2023-12-17",16.244375,16.66,15.75
"11303","SUGG","2023-12-18",16.7608695652174,17,16.43
"11304","SUGG","2023-12-19",16.5822916666667,17.17,15.78
"11305","SUGG","2023-12-20",15.4222916666667,16.13,14.62
"11306","SUGG","2023-12-21",14.7935416666667,15.22,14.3
"11307","SUGG","2023-12-22",14.8645652173913,15.3,14.25
"11308","SUGG","2023-12-23",15.4551162790698,16.38,14.52
"11309","SUGG","2023-12-24",15.5876595744681,16.11,15.02
"11310","SUGG","2023-12-25",15.959375,16.18,15.39
"11311","SUGG","2023-12-26",16.6366666666667,17,15.98
"11312","SUGG","2023-12-27",17.8543181818182,19.08,16.79
"11313","SUGG","2023-12-28",17.4079166666667,17.98,16.89
"11314","SUGG","2023-12-29",16.6270833333333,17.43,15.78
"11315","SUGG","2023-12-30",15.6041666666667,16.07,14.98
"11316","SUGG","2023-12-31",15.049375,15.47,14.49
"11317","SUGG","2024-01-01",15.02,16.16,14.22
"11318","SUGG","2024-01-02",15.080625,15.75,14.16
"11319","SUGG","2024-01-03",14.5477083333333,15.1,13.96
"11320","SUGG","2024-01-04",13.9471428571429,14.09,13.88
"11321","SUGG","2024-01-05",13.9833333333333,14.65,13.01
"11322","SUGG","2024-01-06",15.5515,16.71,14.69
"11323","SUGG","2024-01-07",14.3484210526316,16.47,13.16
"11324","SUGG","2024-01-09",15.0218918918919,17,13.66
"11325","SUGG","2024-01-10",14.195,14.36,14.09
"11326","SUGG","2024-01-11",13.08,13.08,13.08
"11327","SUGG","2024-01-12",15.6485714285714,16.67,14.8
"11328","SUGG","2024-01-13",15.64125,16.23,14.96
"11329","SUGG","2024-01-14",15.38625,15.85,14.78
"11330","SUGG","2024-01-15",14.565,15.1,14.05
"11331","SUGG","2024-01-16",15.98275,17.46,13.97
"11332","SUGG","2024-01-17",15.2604166666667,16.12,13.82
"11333","SUGG","2024-01-18",13.6716279069767,14.55,12.99
"11334","SUGG","2024-01-19",13.6014893617021,14.43,12.89
"11335","SUGG","2024-01-20",13.7864583333333,14.42,13.09
"11336","SUGG","2024-01-21",12.785,13.49,11.77
"11337","SUGG","2024-01-22",11.8570833333333,12.43,11.42
"11338","SUGG","2024-01-23",12.0933333333333,12.43,11.39
"11339","SUGG","2024-01-24",13.4197916666667,13.98,12.44
"11340","SUGG","2024-01-25",15.236875,16.06,13.78
"11341","SUGG","2024-01-26",18.0746666666667,19.75,15.64
"11342","SUGG","2024-01-27",19.948125,21.51,18.34
"11343","SUGG","2024-01-28",20.0351063829787,21,19.22
"11344","SUGG","2024-01-29",18.6854166666667,19.69,16.62
"11345","SUGG","2024-01-30",16.6689583333333,17.42,15.79
"11346","SUGG","2024-01-31",16.7052272727273,18.24,15.62
"11347","SUGG","2024-02-01",15.8060416666667,16.26,15.26
"11348","SUGG","2024-02-02",16.1933333333333,17.8,15.11
"11349","SUGG","2024-02-03",15.571,16.16,15.28
"11350","SUGG","2024-02-07",15.6463888888889,16.11,14.82
"11351","SUGG","2024-02-08",15.2479166666667,15.74,14.68
"11352","SUGG","2024-02-09",15.7027659574468,16.49,14.64
"11353","SUGG","2024-02-10",17.3440909090909,19.51,15.29
"11354","SUGG","2024-02-11",17.5228260869565,19.61,16.17
"11355","SUGG","2024-02-12",18.444375,19.37,16.94
"11356","SUGG","2024-02-13",18.2475,18.71,17.72
"11357","SUGG","2024-02-14",17.715,18.46,16.96
"11358","SUGG","2024-02-15",17.4978571428571,18.5,16.79
"11359","SUGG","2024-02-16",17.6576315789474,19.15,16.65
"11360","SUGG","2024-02-17",17.876,19,16.59
"11361","SUGG","2024-02-18",17.0935416666667,17.5,16.47
"11362","SUGG","2024-02-19",16.0970833333333,16.44,15.55
"11363","SUGG","2024-02-20",16.2147916666667,16.95,15.48
"11364","SUGG","2024-02-21",16.6886046511628,18.5,15.47
"11365","SUGG","2024-02-22",16.0672916666667,16.62,15.36
"11366","SUGG","2024-02-23",17.0391891891892,19.46,15.3
"11367","SUGG","2024-02-24",16.1047916666667,16.41,15.83
"11368","SUGG","2024-02-25",16.5045833333333,17.05,15.79
"11369","SUGG","2024-02-26",17.5702222222222,19.13,15.99
"11370","SUGG","2024-02-27",18.1240425531915,20.07,16.34
"11371","SUGG","2024-02-28",18.22875,19.59,16.91
"11372","SUGG","2024-02-29",18.8585416666667,19.36,17.68
"11373","SUGG","2024-03-01",18.8333333333333,19.59,18.3
"11374","SUGG","2024-03-02",19.5431914893617,20.39,18.29
"11375","SUGG","2024-03-03",20.5804545454545,22.76,19.37
"11376","SUGG","2024-03-04",21.203023255814,22.44,19.99
"11377","SUGG","2024-03-05",21.4875675675676,22.93,20.11
"11378","SUGG","2024-03-06",21.5739583333333,22.37,20.82
"11379","SUGG","2024-03-07",21.6722916666667,22.81,20.8
"11380","SUGG","2024-03-08",22.8378787878788,27.07,21.19
"11381","SUGG","2024-03-09",22.5010638297872,23.41,21.73
"11382","SUGG","2024-03-10",22.9972916666667,23.63,22.33
"11383","SUGG","2024-03-11",22.1991666666667,23.18,20.85
"11384","SUGG","2024-03-12",21.0633333333333,21.97,20.09
"11385","SUGG","2024-03-13",22.768,25.32,20.03
"11386","SUGG","2024-03-14",22.602,23.93,20.86
"11387","SUGG","2024-03-15",23.3341176470588,27.95,20.71
"11388","SUGG","2024-03-16",23.1997916666667,24.37,21.28
"11389","SUGG","2024-03-17",24.2404255319149,25.25,22.58
"11390","SUGG","2024-03-18",24.9654347826087,27.32,23.53
"11391","SUGG","2024-03-19",23.385652173913,24.88,20.74
"11392","SUGG","2024-03-20",21.0969565217391,22.55,19.98
"11393","SUGG","2024-03-21",21.5916666666667,24.15,19.85
"11394","SUGG","2024-03-22",21.534,22.9,19.81
"11395","SUGG","2024-03-23",20.5120833333333,20.91,20.12
"11396","SUGG","2024-03-24",21.4468888888889,23.85,20.16
"11397","SUGG","2024-03-25",20.4629166666667,20.96,19.79
"11398","SUGG","2024-03-26",20.58,21.14,19.77
"11399","SUGG","2024-03-27",22.1002083333333,23.38,20.24
"11400","SUGG","2024-03-28",21.6079166666667,22.09,21.03
"11401","SUGG","2024-03-29",21.6565957446808,22.51,20.92
"11402","SUGG","2024-03-30",22.025,23.88,20.79
"11403","SUGG","2024-03-31",22.7126086956522,24.58,21.07
"11404","SUGG","2024-04-01",22.9165957446809,23.91,21.28
"11405","SUGG","2024-04-02",23.7402083333333,24.87,22.13
"11406","SUGG","2024-04-03",23.7977083333333,24.63,22.99
"11407","SUGG","2024-04-04",22.403125,23.22,21.43
"11408","SUGG","2024-04-05",21.7560416666667,22.51,20.9
"11409","SUGG","2024-04-06",21.8020833333333,22.67,20.87
"11410","SUGG","2024-04-07",22.0364583333333,23.75,20.87
"11411","SUGG","2024-04-08",22.1889361702128,23.52,20.87
"11412","SUGG","2024-04-09",22.3657446808511,23.3,21.2
"11413","SUGG","2024-04-10",22.7625,23.85,21.59
"11414","SUGG","2024-04-11",23.0628888888889,23.85,22.12
"11415","SUGG","2024-04-12",22.4083333333333,23.09,21.53
"11416","SUGG","2024-04-13",22.3525,23.23,21.47
"11417","SUGG","2024-04-14",23.0258333333333,24.51,21.45
"11418","SUGG","2024-04-15",25.5610256410256,28.97,21.96
"11419","SUGG","2024-04-16",26.5747058823529,30.62,23.34
"11420","SUGG","2024-04-17",25.2735555555556,27.12,23.59
"11421","SUGG","2024-04-18",26.3667391304348,28.53,23.55
"11422","SUGG","2024-04-19",28.2628205128205,31.9,25.23
"11423","SUGG","2024-04-20",28.4880952380952,31.79,26.04
"11424","SUGG","2024-04-21",27.8382926829268,29.49,26.24
"11425","SUGG","2024-04-22",26.3279166666667,27.78,23.95
"11426","SUGG","2024-04-23",24.5458333333333,25.92,23.22
"11427","SUGG","2024-04-24",24.2184782608696,25.78,23.16
"11428","SUGG","2024-04-25",25.4131707317073,28.16,23.16
"11429","SUGG","2024-04-26",27.0837837837838,31.05,23.61
"11430","SUGG","2024-04-27",25.4968292682927,27.36,24.35
"11431","SUGG","2024-04-28",24.3048888888889,25.35,23.45
"11432","SUGG","2024-04-29",24.2135416666667,25.15,23.44
"11433","SUGG","2024-04-30",25.0943902439024,27.23,23.44
"11434","SUGG","2024-05-01",26.8468181818182,28.79,24.48
"11435","SUGG","2024-05-02",29.2843902439024,33.04,25.41
"11436","SUGG","2024-05-03",27.8718181818182,31.78,26.72
"11437","SUGG","2024-05-04",28.0476923076923,30.5,26.7
"11438","SUGG","2024-05-05",27.9789743589744,31.05,26.81
"11439","SUGG","2024-05-06",28.8829545454545,31.26,26.78
"11440","SUGG","2024-05-07",29.0086956521739,31.19,27.21
"11441","SUGG","2024-05-08",30.1562222222222,32.37,27.58
"11442","SUGG","2024-05-09",30.3252173913043,32.34,28.42
"11443","SUGG","2024-05-10",30.0229166666667,31.33,28.64
"11444","SUGG","2024-05-11",28.0820833333333,28.93,27.11
"11445","SUGG","2024-05-12",28.8942222222222,30.47,27.09
"11446","SUGG","2024-05-13",27.5641304347826,28.98,26.52
"11447","SUGG","2024-05-14",26.4252083333333,27.17,25.71
"11448","SUGG","2024-05-15",26.7691666666667,27.27,25.66
"11449","SUGG","2024-05-16",27.106875,27.8,26.52
"11450","SUGG","2024-05-17",29.6831914893617,31.69,26.54
"11451","SUGG","2024-05-18",28.76375,30.25,27.53
"11452","SUGG","2024-05-19",28.1541666666667,29.36,27.02
"11453","SUGG","2024-05-20",28.5408333333333,29.84,27.01
"11454","SUGG","2024-05-21",27.760625,28.8,26.61
"11455","SUGG","2024-05-22",28.1465853658537,29.59,26.64
"11456","SUGG","2024-05-23",28.43875,29.56,27.43
"11457","SUGG","2024-05-24",29.26725,32.77,27.53
"11458","SUGG","2024-05-25",31.0386363636364,33.74,27.97
"11459","SUGG","2024-05-26",30.7789361702128,32.72,28.89
"11460","SUGG","2024-05-27",32.2264285714286,34.86,29.5
"11461","SUGG","2024-05-28",31.4529166666667,33.09,30.1
"11462","SUGG","2024-05-29",31.4802083333333,32.79,30.03
"11463","SUGG","2024-05-30",30.9317073170732,32.45,29.26
"11464","SUGG","2024-05-31",30.3285106382979,31.58,28.99
"11465","SUGG","2024-06-01",29.461875,30.8,28.08
"11466","SUGG","2024-06-02",28.5029166666667,29.55,27.5
"11467","SUGG","2024-06-03",28.0977777777778,30.06,27.03
"11468","SUGG","2024-06-04",28.1085,29.45,27.12
"11469","SUGG","2024-06-05",28.299512195122,29.4,27.22
"11470","SUGG","2024-06-06",28.9015625,32.4,27.56
"11471","SUGG","2024-06-07",30.8902083333333,32.51,28.15
"11472","SUGG","2024-06-08",30.7193333333333,32.35,29.44
"11473","SUGG","2024-06-09",32.3364864864865,34.91,29.43
"11474","SUGG","2024-06-10",32.4195833333333,34.39,30.31
"11475","SUGG","2024-06-11",31.6327083333333,33.34,30
"11476","SUGG","2024-06-12",31.7513953488372,34.88,30
"11477","SUGG","2024-06-13",31.253125,32.24,30.24
"11478","SUGG","2024-06-14",31.1708333333333,32.35,30.07
"11479","SUGG","2024-06-15",31.1313043478261,32.37,30.1
"11480","SUGG","2024-06-16",31.1978048780488,33.15,30.12
"11481","SUGG","2024-06-17",30.7235897435897,31.34,29.92
"11482","SUGG","2024-06-18",30.3883333333333,31.35,29.4
"11483","SUGG","2024-06-19",29.8447916666667,30.46,29.02
"11484","SUGG","2024-06-20",29.1945833333333,29.78,28.58
"11485","SUGG","2024-06-21",29.255652173913,29.99,28.55
"11486","SUGG","2024-06-22",29.9422916666667,30.72,28.56
"11487","SUGG","2024-06-23",30.9407142857143,33.21,29.57
"11488","SUGG","2024-06-24",30.795652173913,32.95,29.57
"11489","SUGG","2024-06-25",31.5369230769231,33.8,29.65
"11490","SUGG","2024-06-26",31.3892857142857,33.24,30.11
"11491","SUGG","2024-06-27",31.3887234042553,32.59,30.16
"11492","SUGG","2024-06-28",31.788125,32.84,30.37
"11493","SUGG","2024-06-29",30.9802083333333,31.96,29.85
"11494","SUGG","2024-06-30",30.2543902439024,31.54,29.47
"11495","SUGG","2024-07-01",31.5030952380952,35.13,29.47
"11496","SUGG","2024-07-02",31.5283333333333,33,29.58
"11497","SUGG","2024-07-03",31.5345454545455,35.57,30.29
"11498","SUGG","2024-07-04",31.7711764705882,33.71,30.37
"11499","SUGG","2024-07-05",32.1430769230769,34.53,30.86
"11500","SUGG","2024-07-06",31.5745945945946,32.94,30.67
"11501","SUGG","2024-07-07",32.0128571428571,35.08,30.68
"11502","SUGG","2024-07-08",32.1426315789474,34.4,30.65
"11503","SUGG","2024-07-09",31.1347368421053,33.75,30.09
"11504","SUGG","2024-07-10",31.2593617021277,32.93,30.1
"11505","SUGG","2024-07-11",30.930625,31.93,30.13
"11506","SUGG","2024-07-12",31.544375,33.29,30.13
"11507","SUGG","2024-07-13",32.6172340425532,34.65,30.38
"11508","SUGG","2024-07-14",32.3505,35.75,30.76
"11509","SUGG","2024-07-15",31.865,35.67,30.25
"11510","SUGG","2024-07-16",31.4284782608696,34.34,30
"11511","SUGG","2024-07-17",31.1245945945946,33.15,30.02
"11512","SUGG","2024-07-18",31.04675,32.45,29.97
"11513","SUGG","2024-07-19",32.0202631578947,35.45,30
"11514","SUGG","2024-07-20",31.44,34.81,30
"11515","SUGG","2024-07-21",31.6617777777778,34.38,29.81
"11516","SUGG","2024-07-22",31.2913157894737,34.72,29.8
"11517","SUGG","2024-07-23",31.2754545454545,33.95,30.07
"11518","SUGG","2024-07-24",32.1631578947368,35.35,30.04
"11519","SUGG","2024-07-25",31.9859090909091,34.18,30.55
"11520","SUGG","2024-07-26",30.9341666666667,32.49,29.9
"11521","SUGG","2024-07-27",30.7975,34.44,29.73
"11522","SUGG","2024-07-28",30.5208888888889,32.06,29.49
"11523","SUGG","2024-07-29",29.5619565217391,30.45,28.98
"11524","SUGG","2024-07-30",30.9202631578947,32.78,29
"11525","SUGG","2024-07-31",31.402,34.71,29.44
"11526","SUGG","2024-08-01",30.7538235294118,32.39,29.93
"11527","SUGG","2024-08-02",31.7361363636364,33.97,29.93
"11528","SUGG","2024-08-03",31.6709523809524,34.45,30.26
"11529","SUGG","2024-08-04",31.432619047619,33.22,30.25
"11530","SUGG","2024-08-05",29.8233333333333,30.87,28.28
"11531","SUGG","2024-08-06",27.5054166666667,28.2,26.78
"11532","SUGG","2024-08-07",27.1216666666667,27.77,26.7
"11533","SUGG","2024-08-08",28.7102083333333,29.73,26.86
"11534","SUGG","2024-08-09",31.0714634146341,32.56,28.49
"11535","SUGG","2024-08-10",31.4785416666667,32.75,30.29
"11536","SUGG","2024-08-11",30.7933333333333,31.95,29.79
"11537","SUGG","2024-08-12",31.443125,32.75,29.82
"11538","SUGG","2024-08-13",32.018085106383,33.89,30.32
"11539","SUGG","2024-08-14",32.9412765957447,35.2,30.93
"11540","SUGG","2024-08-15",32.219,34.67,31.16
"11541","SUGG","2024-08-16",31.2136956521739,32.34,29.98
"11542","SUGG","2024-08-17",30.6823913043478,31.92,29.61
"11543","SUGG","2024-08-18",31.1938888888889,32.75,29.6
"11544","SUGG","2024-08-19",32.1351063829787,34.54,29.84
"11545","SUGG","2024-08-20",31.1231914893617,32.02,30.21
"11546","SUGG","2024-08-21",32.153488372093,33.72,30.2
"11547","SUGG","2024-08-22",31.8641025641026,35.23,30.25
"11548","SUGG","2024-08-23",30.5426086956522,32.1,29.58
"11549","SUGG","2024-08-24",29.8795454545455,32.07,28.98
"11550","SUGG","2024-08-25",30.1732608695652,31.82,28.97
"11551","SUGG","2024-08-26",30.6374285714286,32.88,29.17
"11552","SUGG","2024-08-27",30.4563414634146,31.82,29.46
"11553","SUGG","2024-08-28",30.91,33.17,29.45
"11554","SUGG","2024-08-29",30.8027272727273,31.74,29.68
"11555","SUGG","2024-08-30",31.1006666666667,32.66,29.72
"11556","SUGG","2024-08-31",30.8588095238095,31.95,29.89
"11557","SUGG","2024-09-01",31.0929787234043,32.36,29.93
"11558","SUGG","2024-09-02",31.0751162790698,32.5,30.09
"11559","SUGG","2024-09-03",31.5509756097561,35.35,30.1
"11560","SUGG","2024-09-04",30.3831707317073,32.75,29.51
"11561","SUGG","2024-09-05",29.9424444444444,30.5,29.39
"11562","SUGG","2024-09-06",30.052,32.46,29.31
"11563","SUGG","2024-09-07",30.5145238095238,33.24,29.29
"11564","SUGG","2024-09-08",29.9966666666667,31.27,29.09
"11565","SUGG","2024-09-09",29.3356818181818,30.87,28.75
"11566","SUGG","2024-09-10",29.2337777777778,29.85,28.69
"11567","SUGG","2024-09-11",28.8125,29.25,28.35
"11568","SUGG","2024-09-12",28.3616666666667,29.37,27.93
"11569","SUGG","2024-09-13",27.8922916666667,28.28,27.52
"11570","SUGG","2024-09-14",27.76125,28.34,27.38
"11571","SUGG","2024-09-15",28.3108108108108,30.62,27.39
"11572","SUGG","2024-09-16",27.9814583333333,28.89,27.33
"11573","SUGG","2024-09-17",27.6214583333333,28.22,27.06
"11574","SUGG","2024-09-18",29.6394285714286,33,27.03
"11575","SUGG","2024-09-19",29.5933333333333,31.31,27.85
"11576","SUGG","2024-09-20",28.2633333333333,28.42,28.17
"11577","SUGG","2024-10-01",28.49,28.52,28.46
"11578","SUGG","2024-10-02",30.0433333333333,31.64,28.38
"11579","SUGG","2024-10-03",29.4180487804878,32.1,28.2
"11580","SUGG","2024-10-04",28.8673913043478,30,28.05
"11581","SUGG","2024-10-05",28.9171111111111,29.9,27.97
"11582","SUGG","2024-10-06",28.3397872340426,29.33,27.58
"11583","SUGG","2024-10-07",27.3072916666667,27.9,26.81
"11584","SUGG","2024-10-08",26.7164583333333,27.18,26.23
"11585","SUGG","2024-10-09",26.8111363636364,27.29,26.19
"11586","SUGG","2024-10-10",25.6104255319149,26.32,24.6
"11587","SUGG","2024-10-11",24.3885416666667,24.83,23.76
"11588","SUGG","2024-10-12",24.228125,24.96,23.54
"11589","SUGG","2024-10-13",25,26.46,23.48
"11590","SUGG","2024-10-14",25.92225,28.49,23.98
"11591","SUGG","2024-10-15",25.386875,26.67,24.14
"11592","SUGG","2024-10-16",26.0653658536585,28.89,23.76
"11593","SUGG","2024-10-17",23.118125,23.89,21.8
"11594","SUGG","2024-10-18",21.7125,22.38,20.98
"11595","SUGG","2024-10-19",21.356875,21.87,20.93
"11596","SUGG","2024-10-20",21.374375,21.66,20.93
"11597","SUGG","2024-10-21",21.4927083333333,21.85,20.95
"11598","SUGG","2024-10-22",21.9,22.37,20.91
"11599","SUGG","2024-10-23",22.6676086956522,23.25,21.61
"11600","SUGG","2024-10-24",23.454375,24.41,22.3
"11601","SUGG","2024-10-25",24.855,27.18,22.53
"11602","SUGG","2024-10-26",24.5939393939394,27.63,22.9
"11603","SUGG","2024-10-27",24.5783870967742,27.6,22.77
"11604","SUGG","2024-10-28",24.7245161290323,27.16,22.86
"11605","SUGG","2024-10-29",23.2272727272727,24.1,22.69
"11606","SUGG","2024-10-30",23.3010638297872,23.88,22.62
"11607","SUGG","2024-10-31",23.821875,24.29,22.98
"11608","SUGG","2024-11-01",23.8558333333333,24.41,23.3
"11609","SUGG","2024-11-02",24.6126829268293,26.18,23.28
"11610","SUGG","2024-11-03",24.055625,24.69,23.54
"11611","SUGG","2024-11-04",24.46625,25.17,23.68
"11612","SUGG","2024-11-05",24.4722916666667,24.91,23.91
"11613","SUGG","2024-11-06",24.7158333333333,25.15,23.92
"11614","SUGG","2024-11-07",25.2125,25.57,24.67
"11615","SUGG","2024-11-08",25.7983333333333,26.72,24.89
"11616","SUGG","2024-11-09",26.0429545454545,27.53,25.1
"11617","SUGG","2024-11-10",25.4485416666667,25.95,24.87
"11618","SUGG","2024-11-11",24.9285416666667,25.25,24.47
"11619","SUGG","2024-11-12",26.1588888888889,28.3,24.45
"11620","SUGG","2024-11-13",25.2135294117647,26.56,24.54
"11621","SUGG","2024-11-20",22.4695348837209,23.08,21.99
"11622","SUGG","2024-11-21",22.463125,23.37,21.39
"11623","SUGG","2024-11-22",20.965,21.61,19.91
"11624","SUGG","2024-11-23",19.579375,20.15,18.7
"11625","SUGG","2024-11-24",18.651875,19.3,17.71
"11626","SUGG","2024-11-25",19.2025581395349,21.88,17.6
"11627","SUGG","2024-11-26",18.9460606060606,22.32,17.35
"11628","SUGG","2024-11-27",19.125,20.74,17.27
"11629","SUGG","2024-11-28",19.5955813953488,21.93,18.45
"11630","SUGG","2024-11-29",19.9546808510638,20.73,18.92
"11631","SUGG","2024-11-30",18.8752083333333,19.68,17.46
"11632","SUGG","2024-12-01",17.2127083333333,17.84,16.35
"11633","SUGG","2024-12-02",16.5347916666667,17.19,15.77
"11634","SUGG","2024-12-03",15.7660416666667,16.35,15.09
"11635","SUGG","2024-12-04",15.0125,15.64,14.1
"11636","SUGG","2024-12-05",14.8021428571429,16.56,13.95
"11637","SUGG","2024-12-06",15.1670833333333,15.6,13.96
"11638","SUGG","2024-12-07",15.0339583333333,16.16,14.12
"11639","SUGG","2024-12-08",14.4016666666667,14.98,13.8
"11640","SUGG","2024-12-09",15.5421621621622,17.27,13.72
"11641","SUGG","2024-12-10",15.9253191489362,17.35,14.72
"11642","SUGG","2024-12-11",16.5722916666667,17.46,15.6
"11643","SUGG","2024-12-12",16.1170833333333,17.13,14.99
"11644","SUGG","2024-12-13",15.0402083333333,15.87,14.27
"11645","SUGG","2024-12-14",14.938125,15.29,14.08
"11646","SUGG","2024-12-15",15.713125,15.96,15.03
"11647","SUGG","2024-12-16",16.5616666666667,17.04,15.77
"11648","SUGG","2024-12-17",17.156875,17.51,16.23
"11649","SUGG","2024-12-18",19.0012820512821,19.9,17.44
"11650","SUGG","2024-12-19",20.20875,21.21,19.05
"11651","SUGG","2024-12-20",20.4324444444444,21.64,18.85
"11652","SUGG","2024-12-21",18.3827083333333,19.22,16.97
"11653","SUGG","2024-12-22",16.66125,17.55,15.54
"11654","SUGG","2024-12-23",15.7747916666667,16.43,15.31
"11655","SUGG","2024-12-24",15.3497826086957,15.61,15.05
"11656","SUGG","2024-12-25",14.8695833333333,15.26,14.41
"11657","SUGG","2024-12-26",14.7066666666667,15.15,14.36
"11658","SUGG","2024-12-27",15.0916666666667,15.27,14.63
"11659","SUGG","2024-12-28",15.8157446808511,16.22,15.1
"11660","SUGG","2024-12-29",17.0869565217391,17.45,16.19
"11661","SUGG","2024-12-30",17.6954166666667,18.25,17.3
"11662","SUGG","2024-12-31",18.9754285714286,21.11,17.66
"11663","SUGG","2025-01-01",19.4241304347826,20.4,18.28
"11664","SUGG","2025-01-02",18.0789583333333,18.78,16.77
"11665","SUGG","2025-01-03",17.006875,17.91,16.15
"11666","SUGG","2025-01-04",16.185,16.78,15.09
"11667","SUGG","2025-01-05",15.3925,16.26,14.52
"11668","SUGG","2025-01-06",15.5959090909091,17.18,14.37
"11669","SUGG","2025-01-07",15.02,15.58,14.16
"11670","SUGG","2025-01-08",13.8525,14.42,13.13
"11671","SUGG","2025-01-09",13.1683333333333,13.85,12.3
"11672","SUGG","2025-01-10",12.265625,12.87,11.71
"11673","SUGG","2025-01-11",12.6297916666667,12.98,11.6
"11674","SUGG","2025-01-12",12.6597916666667,13.03,12
"11675","SUGG","2025-01-13",12.5161904761905,13.62,11.88
"11676","SUGG","2025-01-14",11.9791666666667,12.11,11.76
"11677","SUGG","2025-01-15",12.37725,13,11.71
"11678","SUGG","2025-01-16",11.9866666666667,12.57,11.66
"11679","SUGG","2025-01-17",12.4560869565217,13.6,11.68
"11680","SUGG","2025-01-18",13.1617073170732,14.28,11.61
"11681","SUGG","2025-01-19",13.9830434782609,14.91,13.17
"11682","SUGG","2025-01-20",14.1058333333333,14.95,12.92
"11683","SUGG","2025-01-21",12.8264583333333,13.56,12.32
"11684","SUGG","2025-01-22",11.7010416666667,12.33,10.7
"11685","SUGG","2025-01-23",10.30375,10.67,9.71
"11686","SUGG","2025-01-24",9.932,10.36,9.43
"11687","SUGG","2025-01-25",9.63239130434783,10.28,8.97
"11688","SUGG","2025-01-26",9.9475,10.89,8.9
"11689","SUGG","2025-01-27",12.0171875,15.75,9.61
"11690","SUGG","2025-01-28",12.8375,14.37,10.96
"11691","SUGG","2025-01-29",13.9055555555556,15.61,12.3
"11692","SUGG","2025-01-30",14.6008695652174,16.13,12.79
"11693","SUGG","2025-01-31",15.453488372093,16.39,13.7
"11694","SUGG","2025-02-01",16.3689130434783,17.12,15.1
"11695","SUGG","2025-02-02",17.300243902439,19.5,16.41
"11696","SUGG","2025-02-03",17.5632558139535,18.39,16.27
"11697","SUGG","2025-02-04",18.6665217391304,19.96,17.22
"11698","SUGG","2025-02-05",20.3841025641026,23.32,18.06
"11699","SUGG","2025-02-06",21.0488888888889,24.34,18.41
"11700","SUGG","2025-02-07",21.2489130434783,22.65,19.91
"11701","SUGG","2025-02-08",21.6310869565217,24.35,20.25
"11702","SUGG","2025-02-09",21.6322222222222,23.29,20.09
"11703","SUGG","2025-02-10",21.5627083333333,22.67,20
"11704","SUGG","2025-02-11",21.317027027027,26.33,19.7
"11705","SUGG","2025-02-12",21.4088636363636,22.52,19.59
"11706","SUGG","2025-02-13",21.3389583333333,22.07,20.53
"11707","SUGG","2025-02-14",21.7039583333333,22.45,20.78
"11708","SUGG","2025-02-15",20.561875,21.37,19.84
"11709","SUGG","2025-02-16",20.8716666666667,21.65,19.77
"11710","SUGG","2025-02-17",19.6572916666667,20.53,18.42
"11711","SUGG","2025-02-18",18.6323404255319,19.94,17.38
"11712","SUGG","2025-02-19",18.4452380952381,20.9,17.3
"11713","SUGG","2025-02-20",17.72125,18.25,17.1
"11714","SUGG","2025-02-21",17.0070833333333,18.02,15.8
"11715","SUGG","2025-02-22",15.7583333333333,16.5,14.97
"11716","SUGG","2025-02-23",15.9945652173913,17.28,15.02
"11717","SUGG","2025-02-24",17.40625,19.73,15.12
"11718","SUGG","2025-02-25",16.0291666666667,16.75,15.6
"11719","SUGG","2025-02-26",16.572,17.82,15.59
"11720","SUGG","2025-02-27",19.314,22.03,16.02
"11721","SUGG","2025-02-28",19.1015909090909,20.17,16.94
"11722","SUGG","2025-03-01",19.206,22.59,17.73
"11723","SUGG","2025-03-02",18.6008333333333,19.54,17.63
"11724","SUGG","2025-03-03",18.2614583333333,19.45,17.03
"11725","SUGG","2025-03-04",17.7829166666667,18.53,16.96
"11726","SUGG","2025-03-05",18.3685714285714,18.74,17.38
"11727","SUGG","2025-03-06",18.4685416666667,19.15,17.48
"11728","SUGG","2025-03-07",17.6825,18.24,17.08
"11729","SUGG","2025-03-08",18.62,20.87,17.03
"11730","SUGG","2025-03-09",17.9639583333333,18.45,17.41
"11731","SUGG","2025-03-10",18.9021951219512,21.38,17.67
"11732","SUGG","2025-03-11",18.738125,19.7,17.73
"11733","SUGG","2025-03-12",18.9839583333333,20.28,17.71
"11734","SUGG","2025-03-13",20.2834146341463,22.56,18.11
"11735","SUGG","2025-03-14",20.7993333333333,22.42,18.7
"11736","SUGG","2025-03-15",21.2244736842105,22.32,19.63
"11737","SUGG","2025-03-16",21.4927083333333,22.42,20.33
"11738","SUGG","2025-03-17",20.7175,21.34,19.48
"11739","SUGG","2025-03-18",19.5939583333333,20.29,18.8
"11740","SUGG","2025-03-19",20.14,22.22,18.71
"11741","SUGG","2025-03-20",21.4445238095238,23.66,18.82
"11742","SUGG","2025-03-21",19.6114583333333,20.28,18.44
"11743","SUGG","2025-03-22",19.3855319148936,21.38,18.27
"11744","SUGG","2025-03-23",19.7582222222222,21.56,18.21
"11745","SUGG","2025-03-24",20.3695348837209,22.14,18.47
"11746","SUGG","2025-03-25",20.36125,20.95,19.49
"11747","SUGG","2025-03-26",23.8715789473684,28.86,19.96
"11748","SUGG","2025-03-27",22.3075,23.7,20.93
"11749","SUGG","2025-03-28",21.7815217391304,23.3,20.94
"11750","SUGG","2025-03-29",21.8531914893617,22.75,20.93
"11751","SUGG","2025-03-30",22.1616666666667,23.07,21.31
"11752","SUGG","2025-03-31",21.7941666666667,22.22,21.44
"11753","SUGG","2025-04-01",23.1716666666667,23.96,21.45
"11754","SUGG","2025-04-02",25.2095833333333,26.59,23.09
"11755","SUGG","2025-04-03",26,27.87,24.4
"11756","SUGG","2025-04-04",26.9597916666667,28.68,25
"11757","SUGG","2025-04-05",26.9914893617021,28.86,25.87
"11758","SUGG","2025-04-06",27.548125,28.84,25.86
"11759","SUGG","2025-04-07",27.4941666666667,28.69,26.45
"11760","SUGG","2025-04-08",26.5316666666667,27.91,24.94
"11761","SUGG","2025-04-09",25.5520833333333,27.32,24.23
"11762","SUGG","2025-04-10",24.7791489361702,25.89,23.63
"11763","SUGG","2025-04-11",24.6043243243243,27.26,23.43
"11764","SUGG","2025-04-12",24.4230434782609,25.88,23.14
"11765","SUGG","2025-04-13",23.7,24.65,22.63
"11766","SUGG","2025-04-14",24.2966666666667,26.13,22.6
"11767","SUGG","2025-04-15",24.8432608695652,26.68,22.69
"11768","SUGG","2025-04-16",24.378125,25.51,23.29
"11769","SUGG","2025-04-17",24.5117777777778,26.03,23.08
"11770","SUGG","2025-04-18",24.7565789473684,28.3,23.02
"11771","SUGG","2025-04-19",25.0373333333333,26.69,23.37
"11772","SUGG","2025-04-20",25.6391304347826,27,24.18
"11773","SUGG","2025-04-21",25.797,29.24,24.52
"11774","SUGG","2025-04-22",26.8814893617021,29.92,24.93
"11775","SUGG","2025-04-23",27.17075,31.75,25.28
"11776","SUGG","2025-04-24",26.5542857142857,27.63,25.45
"11777","SUGG","2025-04-25",26.4772916666667,27.76,25.26
"11778","SUGG","2025-04-26",26.8860975609756,29.1,25.29
"11779","SUGG","2025-04-27",28.9860975609756,32.6,25.87
"11780","SUGG","2025-04-28",29.4068421052632,33.08,26.78
"11781","SUGG","2025-04-29",27.950243902439,29.59,26.5
"11782","SUGG","2025-04-30",26.950652173913,28.24,25.69
"11783","SUGG","2025-05-01",26.6027027027027,28.4,25.53
"11784","SUGG","2025-05-02",27.5241304347826,29.61,25.51
"11785","SUGG","2025-05-03",27.2744444444444,30.93,25.97
"11786","SUGG","2025-05-04",27.0241666666667,27.78,25.98
"11787","SUGG","2025-05-05",27.1366666666667,28,25.99
"11788","SUGG","2025-05-06",27.505625,28.43,26.28
"11789","SUGG","2025-05-07",29.0852777777778,32.71,26.34
"11790","SUGG","2025-05-08",28.5044186046512,30.94,27.19
"11791","SUGG","2025-05-09",28.2860869565217,29.12,27.18
"11792","SUGG","2025-05-10",29.229375,31.58,27.16
"11793","SUGG","2025-05-11",27.4629166666667,28.54,26.46
"11794","SUGG","2025-05-12",26.5385416666667,27.38,25.75
"11795","SUGG","2025-05-13",26.421875,27.12,25.7
"11796","SUGG","2025-05-14",27.0791111111111,28.28,25.9
"11797","SUGG","2025-05-15",28.1646666666667,30.41,26.17
"11798","SUGG","2025-05-16",28.88,31.01,26.8
"11799","SUGG","2025-05-17",29.2822916666667,30.67,27.24
"11800","SUGG","2025-05-18",29.7070833333333,31.32,27.96
"11801","SUGG","2025-05-19",30.8726829268293,33.29,28.37
"11802","SUGG","2025-05-20",31.7315909090909,33.89,29.02
"11803","SUGG","2025-05-21",30.9591111111111,32.55,29.35
"11804","SUGG","2025-05-22",30.415,31.72,29
"11805","SUGG","2025-05-23",29.7935416666667,31.41,27.85
"11806","SUGG","2025-05-24",30.4391176470588,34.49,27.87
"11807","SUGG","2025-05-25",30.0920588235294,34.59,28.17
"11808","SUGG","2025-05-26",30.7739583333333,32.99,28.61
"11809","SUGG","2025-05-27",31.3928205128205,35.47,28.99
"11810","SUGG","2025-05-28",31.7419512195122,34.6,29.44
"11811","SUGG","2025-05-29",31.0476086956522,32.55,29.48
"11812","SUGG","2025-05-30",30.0020930232558,32.21,28.68
"11813","SUGG","2025-05-31",29.9139583333333,31.06,28.74
"11814","SUGG","2025-06-01",29.8320454545455,31.68,28.14
"11815","SUGG","2025-06-02",30.1031818181818,32.11,28.06
"11816","SUGG","2025-06-03",29.6437142857143,32.95,28.03
"11817","SUGG","2025-06-04",28.2097916666667,28.96,27.38
"11818","SUGG","2025-06-05",28.38,29.24,27.42
"11819","SUGG","2025-06-06",28.9660416666667,29.98,27.57
"11820","SUGG","2025-06-07",30.1552083333333,31.35,28.38
"11821","SUGG","2025-06-08",30.63375,32.24,29.04
"11822","SUGG","2025-06-09",30.5139583333333,31.75,29.3
"11823","SUGG","2025-06-10",30.53875,31.35,29.49
"11824","SUGG","2025-06-11",30.9287179487179,32.42,29.75
"11825","SUGG","2025-06-12",31.0192682926829,33.71,29.76
"11826","SUGG","2025-06-13",31.4157777777778,33.01,30
"11827","SUGG","2025-06-14",31.4864444444444,33.34,30.29
"11828","SUGG","2025-06-15",31.2245238095238,33.02,30.15
"11829","SUGG","2025-06-16",31.5489361702128,33.49,30.17
"11830","SUGG","2025-06-17",31.84,33.81,30.22
"11831","SUGG","2025-06-18",32.3041666666667,34.24,30.4
"11832","SUGG","2025-06-19",32.0666666666667,34.08,30.55
"11833","SUGG","2025-06-20",31.5266666666667,32.69,30.21
"11834","SUGG","2025-06-21",31.7014893617021,33.78,30.2
"11835","SUGG","2025-06-22",31.0402702702703,32.43,29.97
"11836","SUGG","2025-06-23",30.6512820512821,32.3,29.97
"11837","SUGG","2025-06-24",31.014347826087,31.97,29.97
"11838","SUGG","2025-06-25",31.2986486486486,32.34,30.15
"11839","SUGG","2025-06-26",31.4246153846154,33.84,30.19
"11840","SUGG","2025-06-27",31.2987804878049,32.63,30.18
"11841","SUGG","2025-06-28",31.2108888888889,33.61,29.73
"11842","SUGG","2025-06-29",30.1311627906977,31.69,29.21
"11843","SUGG","2025-06-30",30.3147916666667,32.13,29.1
"11844","SUGG","2025-07-01",29.2141304347826,30.98,28.4
"11845","SUGG","2025-07-02",29.996875,31.85,28.46
"11846","SUGG","2025-07-03",29.8316666666667,30.7,29.02
"11847","SUGG","2025-07-04",30.2655319148936,32.48,29.04
"11848","SUGG","2025-07-05",30.3602380952381,32.18,29.08
"11849","SUGG","2025-07-06",30.7006382978723,31.77,29.25
"11850","SUGG","2025-07-07",30.4611111111111,32.15,29.27
"11851","SUGG","2025-07-08",31.3672916666667,32.6,29.3
"11852","SUGG","2025-07-09",31.38375,32.52,30.27
"11853","SUGG","2025-07-10",30.6060416666667,32.86,29.3
"11854","SUGG","2025-07-11",31.0009090909091,33.05,29.31
"11855","SUGG","2025-07-12",31.8915384615385,34.31,29.62
"11856","SUGG","2025-07-13",31.4711627906977,33.66,29.92
"11857","SUGG","2025-07-14",30.7891666666667,32.08,29.49
"11858","SUGG","2025-07-15",30.5408333333333,32.13,29.34
"11859","SUGG","2025-07-16",29.3858333333333,30.39,28.55
"11860","SUGG","2025-07-17",30.5397916666667,32.12,28.58
"11861","SUGG","2025-07-18",32.5151724137931,34.69,29.54
"11862","SUGG","2025-07-22",32.3734285714286,34.14,31.06
"11863","SUGG","2025-07-23",31.108125,32.47,30.16
"11864","SUGG","2025-07-24",30.827619047619,33.91,29.73
"11865","SUGG","2025-07-25",31.1615384615385,33.41,29.72
"11866","SUGG","2025-07-26",32.8727906976744,34.77,30.27
"11867","SUGG","2025-07-27",33.1478571428571,35.5,31.34
"11868","SUGG","2025-07-28",34.0842857142857,35.94,31.77
"11869","SUGG","2025-07-29",34.2805405405405,35.86,32.51
"11870","SUGG","2025-07-30",33.6579411764706,35.62,32.09
"11871","SUGG","2025-07-31",33.7975,35.31,32.08
"11872","SUGG","2025-08-01",33.6275,35.29,32.03
"11873","SUGG","2025-08-02",33.4716666666667,34.9,31.99
"11874","SUGG","2025-08-03",32.9816666666667,34.01,31.87
"11875","SUGG","2025-08-04",32.121914893617,33.39,30.98
"11876","SUGG","2025-08-05",32.3702173913044,34.01,30.93
"11877","SUGG","2025-08-06",32.1491111111111,34.12,30.9
"11878","SUGG","2025-08-07",32.1157142857143,35.36,30.72
"11879","SUGG","2025-08-08",31.5536363636364,32.74,30.51
"11880","SUGG","2025-08-09",30.7686956521739,31.51,29.85
"11881","SUGG","2025-08-10",30.8197619047619,31.8,29.86
"11882","SUGG","2025-08-11",30.9836170212766,32.74,30.02
"11883","SUGG","2025-08-12",31.80125,33.23,29.98
"11884","SUGG","2025-08-13",32.4470833333333,34.19,30.96
"11885","SUGG","2025-08-14",33.1283720930233,35.58,31.18
"11886","SUGG","2025-08-15",32.7429166666667,33.98,31.37
"11887","SUGG","2025-08-16",32.5531707317073,35.2,31.16
"11888","SUGG","2025-08-17",31.7368571428571,35.44,30.73
"11889","SUGG","2025-08-18",31.5682926829268,32.83,30.63
"11890","SUGG","2025-08-19",31.6525581395349,34.04,30.6
"11891","SUGG","2025-08-20",31.3740425531915,32.51,30.41
"11892","SUGG","2025-08-21",32.2620833333333,33.66,30.41
"11893","SUGG","2025-08-22",31.8736585365854,33.66,30.67
"11894","SUGG","2025-08-23",31.84875,33.37,30.65
"11895","SUGG","2025-08-24",31.7391666666667,33.24,30.57
"11896","SUGG","2025-08-25",31.3202083333333,32.48,30.31
"11897","SUGG","2025-08-26",31.4010416666667,32.36,30.28
"11898","SUGG","2025-08-27",32.0655555555556,33.8,30.11
"11899","SUGG","2025-08-28",31.5527027027027,34.13,30.05
"11900","SUGG","2025-08-29",31.2016279069767,34.24,30.13
"11901","SUGG","2025-08-30",30.7113953488372,32.08,29.99
"11902","SUGG","2025-08-31",30.645625,31.66,29.45
"11903","SUGG","2025-09-01",29.5772916666667,30.22,28.68
"11904","SUGG","2025-09-02",28.3710416666667,29.09,27.18
"11905","SUGG","2025-09-03",27.6760416666667,28.17,26.82
"11906","SUGG","2025-09-04",28.2788888888889,29.93,26.79
"11907","SUGG","2025-09-05",28.8171428571429,30.06,27.54
"11908","SUGG","2025-09-06",29.0636666666667,29.9,27.9
"11909","SUGG","2025-09-07",29.2617647058824,30.89,28.56
"11910","SUGG","2025-09-08",29.8574285714286,34.46,28.57
"11911","SUGG","2025-09-09",28.5918918918919,29.36,27.75
"11912","SUGG","2025-09-10",27.8758695652174,28.57,26.9
"11913","SUGG","2025-09-11",27.7352380952381,28.74,26.85
"11914","SUGG","2025-09-12",27.8641463414634,28.87,27.08
"11915","SUGG","2025-09-13",27.5847916666667,28.38,26.73
"11916","SUGG","2025-09-14",27.2693333333333,28.07,26.58
"11917","SUGG","2025-09-15",27.3309302325581,28.41,26.07
"11918","SUGG","2025-09-16",27.71375,29.47,26.13
"11919","SUGG","2025-09-17",27.4604255319149,28.76,26.35
"11920","SUGG","2025-09-18",27.8965909090909,29.31,26.33
"11921","SUGG","2025-09-19",27.8117073170732,28.74,26.46
"11922","SUGG","2025-09-20",28.41,29.68,26.84
"11923","SUGG","2025-09-21",28.8110638297872,30.18,27.49
"11924","SUGG","2025-09-22",28.7297916666667,29.79,27.55
"11925","SUGG","2025-09-23",29.1927777777778,32.83,27.79
"11926","SUGG","2025-09-24",29.1183870967742,30.33,27.89
"11927","SUGG","2025-09-25",30.8416666666667,35.46,28.22
"11928","SUGG","2025-09-26",30.3765909090909,32.65,28.88
"11929","SUGG","2025-09-27",29.8091489361702,31.17,28.6
"11930","SUGG","2025-09-28",28.79125,30.13,28.04
"11931","SUGG","2025-09-29",28.6420833333333,29.52,27.86
"11932","SUGG","2025-09-30",28.2817021276596,29.2,27.52
"11933","SUGG","2025-10-01",27.353125,27.98,26.47
"11934","SUGG","2025-10-02",26.7184444444444,27.45,25.77
"11935","SUGG","2025-10-03",26.3393617021277,27.25,25.71
"11936","SUGG","2025-10-04",26.0387234042553,26.61,25.42
"11937","SUGG","2025-10-05",25.9260869565217,26.37,25.42
"11938","SUGG","2025-10-06",26.0077083333333,26.56,25.38
"11939","SUGG","2025-10-07",26.0564583333333,26.65,25.52
"11940","SUGG","2025-10-08",26.6447916666667,27.39,25.57
"11941","SUGG","2025-10-09",27.0735416666667,27.86,26.06
"11942","SUGG","2025-10-10",26.7527083333333,27.55,25.89
"11943","SUGG","2025-10-11",25.5479166666667,26.19,24.59
"11944","SUGG","2025-10-12",23.9335416666667,24.51,23.04
"11945","SUGG","2025-10-13",23.8652083333333,24.54,22.95
"11946","SUGG","2025-10-14",25.2709523809524,27.6,23.3
"11947","SUGG","2025-10-15",25.5479487179487,27.19,23.66
"11948","SUGG","2025-10-16",24.5283333333333,25.38,23.65
"11949","SUGG","2025-10-17",24.7565957446809,25.86,23.65
"11950","SUGG","2025-10-18",24.848125,25.89,23.87
"11951","SUGG","2025-10-19",24.5575555555556,25.52,23.55
"11952","SUGG","2025-10-20",24.3779166666667,25.42,23.49
"11953","SUGG","2025-10-21",24.6259090909091,26.07,23.46
"11954","SUGG","2025-10-22",25.4029545454545,27.27,23.48
"11955","SUGG","2025-10-23",25.666,27.78,23.59
"11956","SUGG","2025-10-24",23.7214583333333,24.67,22.67
"11957","SUGG","2025-10-25",23.13625,23.99,22.1
"11958","SUGG","2025-10-26",23.0472916666667,23.65,22.07
"11959","SUGG","2025-10-27",23.4177083333333,23.88,22.44
"11960","SUGG","2025-10-28",24.1710416666667,24.92,23.37
"11961","SUGG","2025-10-29",22.8716666666667,23.43,22.01
"11962","SUGG","2025-10-30",22.4431111111111,23.23,21.17
"11963","SUGG","2025-10-31",21.18875,22.08,19.81
"11964","SUGG","2025-11-01",20.08875,20.99,18.92
"11965","SUGG","2025-11-02",20.2309756097561,21.7,18.88
"11966","SUGG","2025-11-03",21.1917073170732,23.66,18.88
"11967","SUGG","2025-11-04",19.8370833333333,20.88,18.72
"11968","SUGG","2025-11-05",20.0724444444444,21.11,18.64
"11969","SUGG","2025-11-06",21.63875,24.27,19.07
"11970","SUGG","2025-11-07",21.40325,22.87,19.63
"11971","SUGG","2025-11-08",22.5572093023256,25.22,20.28
"11972","SUGG","2025-11-09",23.239756097561,24.84,21.12
"11973","SUGG","2025-11-10",23.2416666666667,24.48,20.77
"11974","SUGG","2025-11-11",19.7677083333333,21.16,17.05
"11975","SUGG","2025-11-12",16.1997916666667,17.1,14.72
"11976","SUGG","2025-11-13",15.9033333333333,17.1,14.5
"11977","SUGG","2025-11-14",16.7720833333333,18.99,15.08
"11978","SUGG","2025-11-15",17.109512195122,18.64,15.67
"11979","SUGG","2025-11-16",18.3510256410256,21.54,15.95
"11980","SUGG","2025-11-17",18.4685416666667,19.43,17.03
"11981","SUGG","2025-11-18",19.2921428571429,20.92,17.81
"11982","SUGG","2025-11-19",19.5028571428571,22.12,17.89
"11983","SUGG","2025-11-20",20.2229411764706,23.37,17.88
"11984","SUGG","2025-11-21",21.2494117647059,25.22,18.37
"11985","SUGG","2025-11-22",21.3887804878049,23.54,19.09
"11986","SUGG","2025-11-23",20.8733333333333,21.73,19.33
"11987","SUGG","2025-11-24",21.9010416666667,22.95,20.66
"11988","SUGG","2025-11-25",21.8656097560976,22.85,20.64
"11989","SUGG","2025-11-26",22.5119512195122,23.97,20.76
"11990","SUGG","2025-11-27",21.8125,22.33,21.17
"11991","SUGG","2025-11-28",20.0079166666667,21.07,18.04
"11992","SUGG","2025-11-29",17.1960416666667,18.06,15.77
"11993","SUGG","2025-11-30",16.2383333333333,16.58,15.61
"11994","SUGG","2025-12-01",17.4539130434783,18.51,16.17
"11995","SUGG","2025-12-02",17.7975,18.06,17.07
"11996","SUGG","2025-12-03",19.04,19.65,17.89
"11997","SUGG","2025-12-04",19.3028888888889,20.77,17.97
"11998","SUGG","2025-12-05",18.2717391304348,19.18,17.68
"11999","SUGG","2025-12-06",19.018125,19.54,17.64
"12000","SUGG","2025-12-07",19.3127659574468,20.8,18.65
"12001","SUGG","2025-12-08",18.4725,19.14,18.06
"12002","SUGG","2025-12-09",17.9035416666667,18.84,16.58
"12003","SUGG","2025-12-10",16.6581818181818,17.6,15.92
"12004","SUGG","2025-12-11",15.9264583333333,16.37,15.27
"12005","SUGG","2025-12-12",15.375625,16.16,14.54
"12006","SUGG","2025-12-13",15.6683720930233,18.49,14.25
"12007","SUGG","2025-12-14",16.5409756097561,19.23,14.17
"12008","SUGG","2025-12-15",15.8157446808511,16.78,14.3
"12009","SUGG","2025-12-16",13.9016666666667,14.55,12.93
"12010","SUGG","2025-12-17",14.02125,14.7,12.87
"12011","SUGG","2025-12-18",14.8120833333333,15.49,13.49
"12012","SUGG","2025-12-19",11.8133333333333,16.26,10
"12013","SUGG","2025-12-20",10,10,10
"12014","SUGG","2025-12-21",10,10,10
"12015","SUGG","2025-12-22",10,10,10
"12016","SUGG","2025-12-23",14.8245833333333,16.72,10
"12017","SUGG","2025-12-24",17.90775,20.11,15.68
"12018","SUGG","2025-12-25",18.0140425531915,19.76,16.43
"12019","SUGG","2025-12-26",19.405,21.04,17.46
"12020","SUGG","2025-12-27",19.2654166666667,20.63,18.07
"12021","SUGG","2025-12-28",19.7902083333333,20.32,18.66
"12022","SUGG","2025-12-29",20.4136842105263,22.19,19.35
"12023","SUGG","2025-12-30",19.3460416666667,20.32,17.39
"12024","SUGG","2025-12-31",16.1070833333333,17.31,14.09
"12025","SUGG","2026-01-01",14.31625,14.77,13.83
"12027","BLWA","2018-07-15",31.9524,33.05,31.55
"12028","BLWA","2018-07-16",32.3227906976744,33.73,31.66
"12029","BLWA","2018-07-17",31.7557692307692,32.35,31.49
"12030","BLWA","2018-07-18",29.66,30.1,29.22
"12031","BLWA","2018-07-19",31.1454545454545,31.34,30.73
"12032","BLWA","2018-07-20",31.4856097560976,32.59,31.07
"12033","BLWA","2018-07-21",31.7563636363636,33.52,31.17
"12034","BLWA","2018-07-22",31.5360465116279,32.29,31.12
"12035","BLWA","2018-07-23",31.7118604651163,32.69,31.01
"12036","BLWA","2018-07-24",31.4104166666667,32.07,30.94
"12037","BLWA","2018-07-25",31.52125,31.97,30.93
"12038","BLWA","2018-07-26",31.5240425531915,32.31,30.95
"12039","BLWA","2018-07-27",32.1388372093023,33.87,30.88
"12040","BLWA","2018-07-28",32.1240909090909,33.05,31.37
"12041","BLWA","2018-07-29",32.3106976744186,33.39,31.63
"12042","BLWA","2018-07-30",32.319347826087,33.49,31.54
"12043","BLWA","2018-07-31",32.145652173913,33.9,31.51
"12044","BLWA","2018-08-01",31.5610869565217,33.01,30.89
"12045","BLWA","2018-08-02",31.126875,31.79,30.65
"12046","BLWA","2018-08-03",31.4179166666667,32.7,30.65
"12047","BLWA","2018-08-04",32.0430434782609,33.51,30.73
"12048","BLWA","2018-08-05",31.87625,32.89,30.72
"12049","BLWA","2018-08-06",32.5353658536585,34.08,31.19
"12050","BLWA","2018-08-07",33.1845238095238,35.76,31.8
"12051","BLWA","2018-08-08",33.3475,35.33,31.96
"12052","BLWA","2018-08-09",33.1435416666667,34.55,31.88
"12053","BLWA","2018-08-10",32.3958333333333,34.07,31.62
"12054","BLWA","2018-08-11",32.0746808510638,32.83,31.62
"12055","BLWA","2018-08-12",32.1840425531915,33.25,31.57
"12056","BLWA","2018-08-13",32.5506976744186,34.2,31.59
"12057","BLWA","2018-08-14",32.6280434782609,34.64,31.65
"12058","BLWA","2018-08-15",32.2315555555556,33.9,31.46
"12059","BLWA","2018-08-16",32.8177272727273,34.18,31.51
"12060","BLWA","2018-08-17",32.6344680851064,34.23,31.77
"12061","BLWA","2018-08-18",31.8541666666667,32.5,31.64
"12062","BLWA","2018-08-19",31.9777083333333,33.11,31.55
"12063","BLWA","2018-08-20",31.6051063829787,32.42,31.32
"12064","BLWA","2018-08-21",31.3482608695652,32.39,30.93
"12065","BLWA","2018-08-22",31.2445454545455,32.95,30.76
"12066","BLWA","2018-08-23",30.844375,31.34,30.32
"12067","BLWA","2018-08-24",30.9382978723404,32.3,30.28
"12068","BLWA","2018-08-25",31.139512195122,32.71,30.28
"12069","BLWA","2018-08-26",31.2647727272727,32.47,30.45
"12070","BLWA","2018-08-27",32.0735714285714,33.61,30.67
"12071","BLWA","2018-08-28",31.7153333333333,32.98,30.8
"12072","BLWA","2018-08-29",31.4776086956522,32.59,30.97
"12073","BLWA","2018-08-30",31.5769565217391,32.84,31.01
"12074","BLWA","2018-08-31",31.8829166666667,33.28,31.01
"12075","BLWA","2018-09-01",31.4175,31.86,31.22
"12076","BLWA","2018-09-02",31.67875,32.78,31.05
"12077","BLWA","2018-09-03",31.275,31.88,30.77
"12078","BLWA","2018-09-04",31.4986956521739,32.23,30.77
"12079","BLWA","2018-09-05",31.345,32.22,30.99
"12080","BLWA","2018-09-06",30.7735416666667,31.02,30.48
"12081","BLWA","2018-09-07",31.0585416666667,31.96,30.1
"12082","BLWA","2018-09-08",30.954,32.97,30.03
"12083","BLWA","2018-09-09",30.723488372093,32.19,30.09
"12084","BLWA","2018-09-10",30.63625,31.29,30.09
"12085","BLWA","2018-09-11",30.1672916666667,30.43,30.01
"12086","BLWA","2018-09-12",30.974,32.45,30.16
"12087","BLWA","2018-09-13",30.9704444444444,33.07,30.33
"12088","BLWA","2018-09-14",31.6248837209302,33.72,30.32
"12089","BLWA","2018-09-15",30.8456097560976,32.14,30.38
"12090","BLWA","2018-09-16",30.8434042553192,31.83,30.34
"12091","BLWA","2018-09-17",31.5639130434783,33.17,30.54
"12092","BLWA","2018-09-18",32.4374468085106,35.13,30.85
"12093","BLWA","2018-09-19",32.0144444444444,33.53,31.07
"12094","BLWA","2018-09-20",32.600625,34.38,31.27
"12095","BLWA","2018-09-21",32.4073913043478,33.67,31.81
"12096","BLWA","2018-09-22",32.1517777777778,33.32,31.79
"12097","BLWA","2018-09-23",32.3022916666667,32.85,31.92
"12098","BLWA","2018-09-24",32.5370833333333,33.21,32.05
"12099","BLWA","2018-09-25",32.311914893617,32.6,32.17
"12100","BLWA","2018-09-26",32.334375,33.03,31.93
"12101","BLWA","2018-09-27",31.83625,32.25,31.33
"12102","BLWA","2018-09-28",30.8223333333333,31.48,29.81
"12103","BLWA","2018-09-29",29.5913043478261,29.79,29.34
"12104","BLWA","2018-09-30",29.3106976744186,29.75,29.04
"12105","BLWA","2018-10-01",29.64375,30.42,29.18
"12106","BLWA","2018-10-02",29.7520833333333,30.78,29.17
"12107","BLWA","2018-10-03",30.1521739130435,31.97,29.3
"12108","BLWA","2018-10-04",30.1986956521739,31.39,29.39
"12109","BLWA","2018-10-05",30.5347826086957,32.61,29.71
"12110","BLWA","2018-10-06",30.261875,31.69,29.53
"12111","BLWA","2018-10-07",29.85,30.6,29.46
"12112","BLWA","2018-10-08",30.0543181818182,30.97,29.46
"12113","BLWA","2018-10-09",29.8479166666667,30.31,29.54
"12114","BLWA","2018-10-10",29.8685416666667,30.2,29.62
"12115","BLWA","2018-10-11",29.6759574468085,29.79,29.37
"12116","BLWA","2018-10-12",29.213125,29.83,28.72
"12117","BLWA","2018-10-13",28.7152083333333,29.35,28.25
"12118","BLWA","2018-10-14",28.5204347826087,29.47,28.1
"12119","BLWA","2018-10-15",28.2929166666667,28.72,28
"12120","BLWA","2018-10-16",28.4554166666667,29.7,27.97
"12121","BLWA","2018-10-17",28.0720833333333,28.22,27.93
"12122","BLWA","2018-10-23",25.2133333333333,25.42,24.94
"12123","BLWA","2018-10-24",24.6375,24.91,24.34
"12124","BLWA","2018-10-25",24.374375,24.8,24.08
"12125","BLWA","2018-10-26",24.0277083333333,24.09,23.96
"12126","BLWA","2018-10-27",23.9885416666667,24.13,23.81
"12127","BLWA","2018-10-28",24.0631914893617,24.62,23.76
"12128","BLWA","2018-10-29",23.916875,24.27,23.59
"12129","BLWA","2018-10-30",23.731875,24.57,23.24
"12130","BLWA","2018-10-31",23.5183333333333,24.49,23.2
"12131","BLWA","2018-11-01",23.506875,23.98,23.2
"12132","BLWA","2018-11-02",23.278125,23.35,23.23
"12133","BLWA","2018-11-03",23.248125,23.46,23.04
"12134","BLWA","2018-11-04",22.3297777777778,23.02,21.46
"12135","BLWA","2018-11-05",21.4154166666667,21.69,21.24
"12136","BLWA","2018-11-06",21.4033333333333,21.72,21.24
"12137","BLWA","2018-11-07",21.73,21.97,21.52
"12138","BLWA","2018-11-08",21.191875,21.53,20.89
"12139","BLWA","2018-11-09",20.5291666666667,20.83,20.1
"12140","BLWA","2018-11-10",19.7591666666667,20.1,19.35
"12141","BLWA","2018-11-11",19.09,19.34,18.7
"12142","BLWA","2018-11-12",18.738085106383,19.15,18.17
"12143","BLWA","2018-11-13",17.9472916666667,18.15,17.63
"12144","BLWA","2018-11-14",17.2183333333333,17.62,16.56
"12145","BLWA","2018-11-16",15.08,15.17,15.01
"12146","BLWA","2018-11-17",15.2671428571429,15.38,15.16
"12147","BLWA","2018-11-18",15.055,15.12,14.99
"12148","BLWA","2018-11-19",15.1979166666667,15.77,14.95
"12149","BLWA","2018-11-20",15.30875,15.82,14.92
"12150","BLWA","2018-11-21",15.2422916666667,15.6,14.97
"12151","BLWA","2018-11-22",15.1272916666667,15.37,14.96
"12152","BLWA","2018-11-23",15.1408333333333,15.69,14.83
"12153","BLWA","2018-11-24",14.70375,14.81,14.63
"12154","BLWA","2018-11-25",14.990625,15.34,14.64
"12155","BLWA","2018-11-26",14.7085416666667,15.09,14.42
"12156","BLWA","2018-11-27",14.62125,14.99,14.25
"12157","BLWA","2018-11-28",14.0279166666667,14.26,13.76
"12158","BLWA","2018-11-29",13.9670833333333,14.12,13.67
"12159","BLWA","2018-11-30",14.01375,14.19,13.68
"12160","BLWA","2018-12-01",14.3704166666667,14.63,13.7
"12161","BLWA","2018-12-02",14.6672093023256,15.99,13.71
"12162","BLWA","2018-12-03",12.8396774193548,14.29,10.48
"12163","BLWA","2018-12-04",10.24,10.43,10.09
"12164","BLWA","2018-12-05",13.7523076923077,13.9,13.6
"12165","BLWA","2018-12-06",13.6414893617021,13.79,13.55
"12166","BLWA","2018-12-07",13.6912121212121,13.84,13.56
"12167","BLWA","2018-12-08",13.3811764705882,13.44,13.32
"12168","BLWA","2018-12-09",13.1304166666667,13.33,12.62
"12169","BLWA","2018-12-10",5.233,6.01,4.93
"12170","BLWA","2018-12-11",3.7925,5.89,2.06
"12171","BLWA","2018-12-12",2.298,3.23,1.2
"12172","BLWA","2018-12-13",8.957,11.52,7.94
"12173","BLWA","2018-12-14",10.9035,12.33,7.88
"12174","BLWA","2018-12-15",10.3776666666667,13.01,8.42
"12175","BLWA","2018-12-16",9.73307692307692,11.15,9.13
"12176","BLWA","2018-12-17",8.362,13.15,6.09
"12177","BLWA","2018-12-18",7.87708333333333,13.06,4.36
"12178","BLWA","2018-12-19",8.04538461538461,11.48,6.96
"12179","BLWA","2018-12-20",9.58454545454545,11.32,7.2
"12180","BLWA","2021-05-20",22.929,23.04,22.72
"12181","BLWA","2021-05-21",23.4822727272727,24.92,22.74
"12182","BLWA","2021-05-22",23.8888372093023,25.38,22.89
"12183","BLWA","2021-05-23",24.4940625,25.93,23.45
"12184","BLWA","2021-05-24",24.4858620689655,26.24,23.89
"12185","BLWA","2021-05-25",24.8441666666667,25.38,24.25
"12186","BLWA","2021-05-26",25.2309090909091,27.36,24.71
"12187","BLWA","2021-05-27",25.8689189189189,27.84,25.18
"12188","BLWA","2021-05-28",26.8541176470588,29.21,25.36
"12189","BLWA","2021-05-29",26.9473333333333,27.63,26.26
"12190","BLWA","2021-05-30",26.294375,27.04,25.64
"12191","BLWA","2021-05-31",26.0210638297872,26.71,25.61
"12192","BLWA","2021-06-01",26.5694117647059,27.6,25.63
"12193","BLWA","2021-06-02",27.2374468085106,28.84,25.97
"12194","BLWA","2021-06-03",26.6356097560976,27.2,26.14
"12195","BLWA","2021-06-04",26.7066666666667,27.89,26.17
"12196","BLWA","2021-06-05",26.4116666666667,26.84,26.16
"12197","BLWA","2021-06-06",26.6553191489362,27.09,26.24
"12198","BLWA","2021-06-07",26.2785416666667,26.51,25.99
"12199","BLWA","2021-06-08",26.0232608695652,26.26,25.77
"12200","BLWA","2021-06-09",25.4860869565217,25.89,25.29
"12201","BLWA","2021-06-10",25.830652173913,26.21,25.32
"12202","BLWA","2021-06-11",25.8158333333333,26,25.55
"12203","BLWA","2021-06-12",25.393125,25.59,25.06
"12204","BLWA","2021-06-13",24.8225,25.31,24.13
"12205","BLWA","2021-06-14",24.3694444444444,24.56,24.13
"12206","BLWA","2021-06-16",24.9067741935484,25.1,24.73
"12207","BLWA","2021-06-17",25.0280952380952,25.45,24.73
"12208","BLWA","2021-06-18",25.6872340425532,25.95,25.06
"12209","BLWA","2021-06-19",25.9672916666667,26.16,25.69
"12210","BLWA","2021-06-20",25.8974468085106,25.96,25.79
"12211","BLWA","2021-06-21",26.1941666666667,26.39,25.79
"12212","BLWA","2021-06-22",25.3770833333333,26.07,24.51
"12213","BLWA","2021-06-23",24.5039583333333,24.65,24.35
"12214","BLWA","2021-06-24",24.4641666666667,24.69,24.17
"12215","BLWA","2021-06-25",24.3795833333333,24.49,24.16
"12216","BLWA","2021-06-26",24.806875,24.99,24.4
"12217","BLWA","2021-06-27",25.3764583333333,25.51,24.92
"12218","BLWA","2021-06-28",25.9485416666667,26.15,25.53
"12219","BLWA","2021-06-29",26.4664583333333,26.82,25.92
"12220","BLWA","2021-06-30",26.9884444444444,27.39,26.5
"12221","BLWA","2021-07-01",27.2695652173913,28.04,26.86
"12222","BLWA","2021-07-02",27.4863829787234,27.98,27.18
"12223","BLWA","2021-07-03",27.36625,27.53,27.25
"12224","BLWA","2021-07-04",27.4816666666667,27.61,27.27
"12225","BLWA","2021-07-05",27.8190697674419,28.23,27.33
"12226","BLWA","2021-07-06",28.7326315789474,29.85,27.67
"12227","BLWA","2021-07-07",28.1514583333333,28.43,27.91
"12228","BLWA","2021-07-08",27.95375,28.47,27.63
"12229","BLWA","2021-07-09",27.84125,28.3,27.63
"12230","BLWA","2021-07-10",27.7733333333333,28.09,27.64
"12231","BLWA","2021-07-11",27.8079166666667,28.34,27.52
"12232","BLWA","2021-07-12",27.6453191489362,28.13,27.38
"12233","BLWA","2021-07-13",27.405625,27.84,27.27
"12234","BLWA","2021-07-14",27.4404166666667,27.9,27.16
"12235","BLWA","2021-07-15",27.4847916666667,27.74,27.16
"12236","BLWA","2021-07-16",27.6379545454545,28.11,27.35
"12237","BLWA","2021-07-17",27.42375,27.84,27.18
"12238","BLWA","2021-07-18",27.3145833333333,27.66,27.07
"12239","BLWA","2021-07-19",27.228085106383,27.76,27.05
"12240","BLWA","2021-07-20",27.0520833333333,27.32,26.95
"12241","BLWA","2021-07-21",27.0758333333333,27.18,26.78
"12242","BLWA","2021-07-22",26.679375,27.05,26.16
"12243","BLWA","2021-07-23",26.3316666666667,26.44,26.15
"12244","BLWA","2021-07-24",26.8225,27.02,26.45
"12245","BLWA","2021-07-25",27.0978723404255,27.31,26.89
"12246","BLWA","2021-07-26",27.2354166666667,27.47,26.91
"12247","BLWA","2021-07-27",27.626875,27.92,27.14
"12248","BLWA","2021-07-28",28.2352083333333,28.65,27.75
"12249","BLWA","2021-07-29",28.7038636363636,29.05,28.15
"12250","BLWA","2021-07-30",29.025652173913,29.16,28.63
"12251","BLWA","2021-07-31",29.4170833333333,29.61,28.97
"12252","BLWA","2021-08-01",29.5895833333333,29.91,29.31
"12253","BLWA","2021-08-02",29.6034042553191,29.97,29.27
"12254","BLWA","2021-08-03",29.2035416666667,29.49,29.03
"12255","BLWA","2021-08-04",29.051875,29.6,28.44
"12256","BLWA","2021-08-05",28.6364583333333,28.97,28.34
"12257","BLWA","2021-08-06",29.1664583333333,29.93,28.63
"12258","BLWA","2021-08-07",29.3754166666667,29.93,28.95
"12259","BLWA","2021-08-08",30.0181395348837,31.06,29.22
"12260","BLWA","2021-08-09",30.6290909090909,32.39,29.47
"12261","BLWA","2021-08-10",30.359756097561,31.86,29.65
"12262","BLWA","2021-08-11",30.6490243902439,31.53,29.75
"12263","BLWA","2021-08-12",30.5111111111111,32.16,29.72
"12264","BLWA","2021-08-13",30.1873333333333,31.11,29.7
"12265","BLWA","2021-08-14",30.7911904761905,32.6,29.9
"12266","BLWA","2021-08-15",31.168,32.44,30.62
"12267","BLWA","2021-08-16",31.525625,33.15,30.58
"12268","BLWA","2021-08-17",30.6770212765957,31.39,30.25
"12269","BLWA","2021-08-18",30.6441666666667,31.11,30.25
"12270","BLWA","2021-08-19",30.8114583333333,31.24,30.48
"12271","BLWA","2021-08-20",31.1777083333333,32.44,30.64
"12272","BLWA","2021-08-21",30.819375,32.31,30.24
"12273","BLWA","2021-08-22",30.0335416666667,30.27,29.89
"12274","BLWA","2021-08-23",29.811914893617,30.38,29.44
"12275","BLWA","2021-08-24",29.7459523809524,30.04,29.42
"12276","BLWA","2021-08-25",30.1508333333333,30.88,29.63
"12277","BLWA","2021-08-26",30.5157446808511,32.27,29.85
"12278","BLWA","2021-08-27",30.2783720930233,31.32,30.03
"12279","BLWA","2021-08-28",30.642,32.51,30.02
"12280","BLWA","2021-08-29",30.3177777777778,31.55,29.84
"12281","BLWA","2021-08-30",29.9791666666667,30.41,29.6
"12282","BLWA","2021-08-31",29.4122916666667,29.64,28.98
"12283","BLWA","2021-09-01",28.698125,29.29,28.28
"12284","BLWA","2021-09-02",28.3866666666667,28.66,27.8
"12285","BLWA","2021-09-03",27.0233333333333,27.75,26.37
"12286","BLWA","2021-09-04",26.6645652173913,26.81,26.35
"12287","BLWA","2021-09-05",26.8745833333333,27.08,26.67
"12288","BLWA","2021-09-06",26.9647916666667,27.28,26.69
"12289","BLWA","2021-09-07",27.0179166666667,27.24,26.87
"12290","BLWA","2021-09-08",27.12875,27.53,26.88
"12291","BLWA","2021-09-09",27.2824444444444,27.6,26.95
"12292","BLWA","2021-09-10",27.4104166666667,27.6,27.14
"12293","BLWA","2021-09-11",27.5916666666667,27.87,27.35
"12294","BLWA","2021-09-12",27.8759523809524,29.46,27.41
"12295","BLWA","2021-09-13",28.2265909090909,29.02,27.47
"12296","BLWA","2021-09-14",28.6989583333333,29.56,27.95
"12297","BLWA","2021-09-15",28.1545833333333,28.59,27.78
"12298","BLWA","2021-09-16",27.6637777777778,27.91,27.42
"12299","BLWA","2021-09-17",27.443125,27.97,27.17
"12300","BLWA","2021-09-18",27.155625,27.55,26.88
"12301","BLWA","2021-09-19",26.7783333333333,27.23,26.33
"12302","BLWA","2021-09-20",26.540625,26.71,26.29
"12303","BLWA","2021-09-21",26.4191666666667,26.54,26.32
"12304","BLWA","2021-09-22",26.3753191489362,26.52,26.19
"12305","BLWA","2021-09-23",25.8472916666667,26.16,25.47
"12306","BLWA","2021-09-24",25.4695833333333,25.58,25.3
"12307","BLWA","2021-09-25",25.3858333333333,25.64,25.08
"12308","BLWA","2021-09-26",25.0685416666667,25.37,24.72
"12309","BLWA","2021-09-27",24.9935416666667,25.47,24.71
"12310","BLWA","2021-09-28",25.16,25.71,24.75
"12311","BLWA","2021-09-29",25.3709523809524,25.66,25.03
"12312","BLWA","2021-10-12",24.42,24.42,24.42
"12313","BLWA","2021-10-13",24.666,24.71,24.61
"12314","BLWA","2021-10-14",24.5481578947368,24.73,24.41
"12315","BLWA","2021-10-15",24.6727659574468,24.98,24.4
"12316","BLWA","2021-10-16",24.86475,25.25,24.54
"12317","BLWA","2021-10-17",24.5564583333333,24.92,24.05
"12318","BLWA","2021-10-18",24.1283333333333,24.55,23.75
"12319","BLWA","2021-10-19",23.9159574468085,24.38,23.57
"12320","BLWA","2021-10-20",23.716170212766,24.23,23.45
"12321","BLWA","2021-10-21",23.9997872340426,24.62,23.45
"12322","BLWA","2021-10-22",23.9963043478261,25.06,23.53
"12323","BLWA","2021-10-23",23.8827659574468,24.44,23.35
"12324","BLWA","2021-10-24",23.779347826087,24.41,23.15
"12325","BLWA","2021-10-25",23.2864583333333,23.36,23.13
"12326","BLWA","2021-10-26",23.3781818181818,24.31,23.13
"12327","BLWA","2021-10-27",23.1825,23.99,22.71
"12328","BLWA","2021-10-28",22.9961363636364,24.28,22.54
"12329","BLWA","2021-10-29",22.5014583333333,22.97,21.93
"12330","BLWA","2021-10-30",21.7483333333333,21.96,21.44
"12331","BLWA","2021-10-31",21.14125,21.45,20.83
"12332","BLWA","2021-11-01",21.125652173913,22.26,20.56
"12333","BLWA","2021-11-02",20.7842553191489,21.58,20.39
"12334","BLWA","2021-11-03",20.4252083333333,20.96,20.08
"12335","BLWA","2021-11-04",20.0460416666667,20.27,19.86
"12336","BLWA","2021-11-05",19.57375,19.84,19.35
"12337","BLWA","2021-11-06",19.3570833333333,19.86,19.03
"12338","BLWA","2021-11-07",19.1497916666667,19.64,18.89
"12339","BLWA","2021-11-08",19.0552083333333,19.48,18.86
"12340","BLWA","2021-11-09",19.1652272727273,20.53,18.67
"12341","BLWA","2021-11-10",18.9517021276596,19.75,18.42
"12342","BLWA","2021-11-11",18.9508510638298,19.63,18.36
"12343","BLWA","2021-11-12",18.4033333333333,18.63,18.2
"12344","BLWA","2021-11-13",18.4427906976744,19.95,18.03
"12345","BLWA","2021-11-14",17.8277083333333,18.42,17.35
"12346","BLWA","2021-11-15",17.765,18.68,17.35
"12347","BLWA","2021-11-16",17.5525,18.42,17.31
"12348","BLWA","2021-11-17",17.4752083333333,18.16,17.08
"12349","BLWA","2021-11-18",17.5671739130435,18.54,16.96
"12350","BLWA","2021-11-19",17.0331914893617,17.82,16.54
"12351","BLWA","2021-11-20",16.4914583333333,16.91,16.12
"12352","BLWA","2021-11-21",16.4251063829787,17.2,16.09
"12353","BLWA","2021-11-22",16.3454166666667,17.07,16.06
"12354","BLWA","2021-11-23",16.300625,16.64,16.08
"12355","BLWA","2021-11-24",16.2677083333333,16.87,15.83
"12356","BLWA","2021-11-25",16.1520833333333,16.68,15.8
"12357","BLWA","2021-11-26",16.200625,16.81,15.5
"12358","BLWA","2021-11-27",15.4716666666667,16.06,14.89
"12359","BLWA","2021-11-28",15.1427083333333,16.12,14.81
"12360","BLWA","2021-11-29",14.76,14.93,14.53
"12361","BLWA","2021-11-30",14.6920833333333,15.2,14.44
"12362","BLWA","2021-12-01",15.2077083333333,16.68,14.53
"12363","BLWA","2021-12-02",15.1858333333333,15.84,14.57
"12364","BLWA","2021-12-03",15.5918604651163,17.35,14.63
"12365","BLWA","2021-12-04",15.1971111111111,16.1,14.9
"12366","BLWA","2021-12-05",15.9158695652174,16.44,14.95
"12367","BLWA","2021-12-06",15.9711904761905,16.43,15.56
"12368","BLWA","2021-12-07",15.930625,16.71,15.26
"12369","BLWA","2021-12-08",14.839375,15.24,14.64
"12370","BLWA","2021-12-09",14.5279166666667,14.75,14.33
"12371","BLWA","2021-12-10",14.616875,15.2,14.36
"12372","BLWA","2021-12-11",14.8267441860465,15.35,14.38
"12373","BLWA","2021-12-12",14.7539583333333,15.16,14.41
"12374","BLWA","2021-12-13",14.5554166666667,14.95,14.34
"12375","BLWA","2021-12-14",14.59625,14.83,14.27
"12376","BLWA","2021-12-15",14.6987234042553,14.99,14.48
"12377","BLWA","2021-12-16",14.5341666666667,14.62,14.43
"12378","BLWA","2021-12-17",14.7489361702128,14.96,14.52
"12379","BLWA","2021-12-18",14.9620833333333,15.13,14.8
"12380","BLWA","2021-12-19",15.0527083333333,15.22,14.87
"12381","BLWA","2021-12-20",14.6039583333333,14.85,14.24
"12382","BLWA","2021-12-21",14.335,14.4,14.23
"12383","BLWA","2021-12-22",14.18875,14.26,14.11
"12384","BLWA","2021-12-23",14.2289583333333,14.42,14.07
"12385","BLWA","2021-12-24",14.0839583333333,14.35,13.82
"12386","BLWA","2021-12-25",13.8604166666667,14.07,13.66
"12387","BLWA","2021-12-26",13.6239583333333,13.89,13.53
"12388","BLWA","2021-12-27",13.7687234042553,14.27,13.54
"12389","BLWA","2021-12-28",13.8946808510638,14.33,13.64
"12390","BLWA","2021-12-29",14.0460416666667,14.26,13.69
"12391","BLWA","2021-12-30",14.4252380952381,14.87,14.06
"12392","BLWA","2021-12-31",14.6659574468085,14.86,14.49
"12393","BLWA","2022-01-01",15.4933333333333,15.95,14.88
"12394","BLWA","2022-01-02",15.245,15.83,14.94
"12395","BLWA","2022-01-03",15.2385416666667,15.33,15.04
"12396","BLWA","2022-01-04",14.8664583333333,15.2,14.39
"12397","BLWA","2022-01-05",13.8289583333333,14.36,13.2
"12398","BLWA","2022-01-06",13.0389130434783,13.16,12.98
"12399","BLWA","2022-01-07",12.9533333333333,13.07,12.83
"12400","BLWA","2022-01-08",12.8547916666667,12.97,12.73
"12401","BLWA","2022-01-09",12.9580434782609,13.03,12.74
"12402","BLWA","2022-01-10",13.1320833333333,13.25,12.93
"12403","BLWA","2022-01-11",13.0089583333333,13.11,12.86
"12404","BLWA","2022-01-12",12.9989583333333,13.14,12.79
"12405","BLWA","2022-01-13",12.7102083333333,12.92,12.42
"12406","BLWA","2022-01-14",12.3758333333333,12.56,12.05
"12407","BLWA","2022-01-15",12.064375,12.21,11.89
"12408","BLWA","2022-01-16",11.7825,11.91,11.59
"12409","BLWA","2022-01-17",11.0883333333333,11.57,10.65
"12410","BLWA","2022-01-18",10.3614583333333,10.64,10.03
"12411","BLWA","2022-01-19",9.92795454545455,10.01,9.81
"12412","BLWA","2022-01-20",9.91170212765957,10.02,9.78
"12413","BLWA","2022-01-21",9.78625,9.99,9.61
"12414","BLWA","2022-01-22",9.63583333333333,9.69,9.55
"12415","BLWA","2022-01-23",9.36729166666667,9.58,9.01
"12416","BLWA","2022-01-24",9.02020833333333,9.21,8.73
"12417","BLWA","2022-01-25",8.88522727272727,8.94,8.7
"12418","BLWA","2022-01-26",8.959375,9.08,8.8
"12419","BLWA","2022-01-27",8.87416666666667,9.06,8.67
"12420","BLWA","2022-01-28",8.92958333333333,9.03,8.63
"12421","BLWA","2022-01-29",9.05708333333333,9.22,8.84
"12422","BLWA","2022-01-30",8.93979166666667,9.12,8.8
"12423","BLWA","2022-01-31",9.02270833333333,9.2,8.82
"12424","BLWA","2022-02-01",9.175,9.71,8.81
"12425","BLWA","2022-02-02",9.309375,9.54,8.95
"12426","BLWA","2022-02-03",9.39333333333333,9.44,9.3
"12427","BLWA","2022-02-04",9.63645833333333,9.92,9.43
"12428","BLWA","2022-02-05",9.84645833333333,10.21,9.56
"12429","BLWA","2022-02-06",9.37916666666667,9.64,8.89
"12430","BLWA","2022-02-07",8.93152173913044,9.1,8.74
"12431","BLWA","2022-02-08",8.67021276595745,8.76,8.51
"12432","BLWA","2022-02-09",8.60979166666667,8.74,8.46
"12433","BLWA","2022-02-10",8.73416666666667,8.87,8.44
"12434","BLWA","2022-02-11",8.930625,9.01,8.64
"12435","BLWA","2022-02-12",9.29604166666667,9.4,9
"12436","BLWA","2022-02-13",9.71604166666667,9.9,9.34
"12437","BLWA","2022-02-14",9.79770833333333,9.95,9.57
"12438","BLWA","2022-02-15",10.2841860465116,11.08,9.8
"12439","BLWA","2022-02-16",10.21125,10.42,9.96
"12440","BLWA","2022-02-17",10.569375,10.68,10.15
"12441","BLWA","2022-02-18",11.0327083333333,11.23,10.66
"12442","BLWA","2022-02-19",11.0279166666667,11.17,10.84
"12443","BLWA","2022-02-20",11.0744444444444,11.55,10.5
"12444","BLWA","2022-02-21",10.7385416666667,10.86,10.46
"12445","BLWA","2022-02-22",10.8789583333333,10.98,10.74
"12446","BLWA","2022-02-23",11.2091666666667,11.37,10.98
"12447","BLWA","2022-02-24",11.5808510638298,11.7,11.38
"12448","BLWA","2022-02-25",12.0960416666667,12.42,11.63
"12449","BLWA","2022-02-26",12.6826086956522,12.81,12.42
"12450","BLWA","2022-02-27",12.5554166666667,12.72,12.28
"12451","BLWA","2022-02-28",12.15375,12.27,11.99
"12452","BLWA","2022-03-01",12.0995833333333,12.23,11.93
"12453","BLWA","2022-03-02",12.06375,12.25,11.9
"12454","BLWA","2022-03-29",15.9951162790698,16.09,15.61
"12455","BLWA","2022-03-30",16.3972093023256,16.56,16.03
"12456","BLWA","2022-03-31",16.7629166666667,16.89,16.54
"12457","BLWA","2022-04-01",17.0972916666667,17.3,16.77
"12458","BLWA","2022-04-02",17.1472916666667,17.36,16.93
"12459","BLWA","2022-04-03",16.8704166666667,17.04,16.72
"12460","BLWA","2022-04-04",16.73375,16.9,16.55
"12461","BLWA","2022-04-05",16.584,16.63,16.55
"12462","BLWA","2022-04-12",16.744,16.86,16.64
"12463","BLWA","2022-04-13",17.1774468085106,17.34,16.64
"12464","BLWA","2022-04-14",17.6233333333333,17.78,17.23
"12465","BLWA","2022-04-15",18.114375,18.25,17.76
"12466","BLWA","2022-04-16",18.47625,18.64,18.08
"12467","BLWA","2022-04-17",18.92375,19.11,18.65
"12468","BLWA","2022-04-18",18.45375,18.94,17.85
"12469","BLWA","2022-04-19",17.8053191489362,17.94,17.46
"12470","BLWA","2022-04-20",17.543125,17.63,17.42
"12471","BLWA","2022-04-21",17.7508333333333,17.87,17.44
"12472","BLWA","2022-04-22",18.0333333333333,18.16,17.71
"12473","BLWA","2022-04-23",18.4889130434783,18.64,18.06
"12474","BLWA","2022-04-24",19.14375,19.4,18.5
"12475","BLWA","2022-04-25",19.8095833333333,20.01,19.33
"12476","BLWA","2022-04-26",20.3175,20.48,20
"12477","BLWA","2022-04-27",20.474375,20.64,20.19
"12478","BLWA","2022-04-28",20.381875,20.61,20.07
"12479","BLWA","2022-04-29",20.27125,20.41,20.06
"12480","BLWA","2022-04-30",20.3325,20.42,20.11
"12481","BLWA","2022-05-01",20.7927272727273,21.16,20.38
"12482","BLWA","2022-05-02",21.5263333333333,23.76,20.8
"12483","BLWA","2022-05-03",21.6672972972973,21.93,21.09
"12484","BLWA","2022-05-04",22.1964705882353,22.53,21.77
"12485","BLWA","2022-05-05",22.8731428571429,23.19,22.15
"12486","BLWA","2022-05-06",23.4909090909091,24.29,22.95
"12487","BLWA","2022-05-07",23.7644444444444,25.44,23.25
"12488","BLWA","2022-05-08",23.6932558139535,24.12,23.33
"12489","BLWA","2022-05-09",24.005,24.9,23.3
"12490","BLWA","2022-05-10",24.3079069767442,25.6,23.74
"12491","BLWA","2022-05-11",24.4651282051282,25.62,24.02
"12492","BLWA","2022-05-12",25.0619444444444,26.43,24.22
"12493","BLWA","2022-05-13",25.7118181818182,28.33,24.7
"12494","BLWA","2022-05-14",26.5091428571429,29.2,25.26
"12495","BLWA","2022-05-15",25.9748571428571,26.56,25.46
"12496","BLWA","2022-05-16",26.6211764705882,28.07,25.8
"12497","BLWA","2022-05-17",26.7305555555556,28.02,26.28
"12498","BLWA","2022-05-18",26.8635483870968,27.34,26.46
"12499","BLWA","2022-05-19",27.8294736842105,29.72,26.58
"12500","BLWA","2022-05-20",28.1462790697674,29.96,27.04
"12501","BLWA","2022-05-21",28.0870833333333,28.53,27.42
"12502","BLWA","2022-05-22",28.3204651162791,29.9,27.78
"12503","BLWA","2022-05-23",28.6438636363636,29.67,27.76
"12504","BLWA","2022-05-24",28.8714893617021,30.51,27.91
"12505","BLWA","2022-05-25",27.9008333333333,28.52,27.32
"12506","BLWA","2022-05-26",27.5454166666667,28.11,26.91
"12507","BLWA","2022-05-27",26.7689583333333,27.24,26.3
"12508","BLWA","2022-05-28",26.5902083333333,26.72,26.31
"12509","BLWA","2022-05-29",26.98375,27.26,26.73
"12510","BLWA","2022-05-30",27.0347916666667,27.32,26.76
"12511","BLWA","2022-05-31",27.6523913043478,28.83,26.87
"12512","BLWA","2022-06-01",27.8318421052632,30.6,27.08
"12513","BLWA","2022-06-02",28.2242857142857,30.67,27.2
"12514","BLWA","2022-06-03",28.1456756756757,29.6,27.56
"12515","BLWA","2022-06-04",27.78,27.78,27.78
"12516","BLWA","2023-02-02",11.2905,11.38,11.19
"12517","BLWA","2023-02-03",11.031914893617,11.18,10.86
"12518","BLWA","2023-02-04",10.736,10.9,10.43
"12519","BLWA","2023-02-05",10.4289130434783,10.53,10.21
"12520","BLWA","2023-02-06",10.33,10.42,10.17
"12521","BLWA","2023-02-07",10.4786956521739,10.56,10.24
"12522","BLWA","2023-02-08",10.7663043478261,10.96,10.51
"12523","BLWA","2023-02-09",11.3428260869565,11.57,10.98
"12524","BLWA","2023-02-10",11.87125,11.96,11.58
"12525","BLWA","2023-02-11",12.166875,12.39,11.93
"12526","BLWA","2023-02-12",12.3110416666667,12.46,12.23
"12527","BLWA","2023-02-13",12.2417021276596,12.55,11.85
"12528","BLWA","2023-02-14",11.6597872340426,11.96,11.31
"12529","BLWA","2023-02-15",11.4557777777778,11.51,11.29
"12530","BLWA","2023-02-16",11.7358333333333,11.87,11.51
"12531","BLWA","2023-02-17",12.2270833333333,12.69,11.86
"12532","BLWA","2023-02-18",12.9075555555556,13.15,12.54
"12533","BLWA","2023-02-19",12.4120930232558,12.62,12.02
"12534","BLWA","2023-02-20",12.0958139534884,12.24,11.92
"12535","BLWA","2023-02-21",12.1719444444444,12.28,12.01
"12536","BLWA","2023-02-22",12.5745652173913,12.82,12.25
"12537","BLWA","2023-02-23",13.3582222222222,13.6,12.83
"12538","BLWA","2023-02-24",14.0612765957447,14.26,13.61
"12539","BLWA","2023-02-25",14.6877083333333,14.8,14.28
"12540","BLWA","2023-02-26",15.0551162790698,15.17,14.79
"12541","BLWA","2023-02-27",15.4453191489362,15.58,15.04
"12542","BLWA","2023-02-28",15.7258695652174,15.86,15.48
"12543","BLWA","2023-03-01",15.7744444444444,15.94,15.68
"12544","BLWA","2023-03-30",18.087380952381,18.42,17.72
"12545","BLWA","2023-03-31",18.0141666666667,18.14,17.7
"12546","BLWA","2023-04-01",18.3425,18.49,18.09
"12547","BLWA","2023-04-02",18.6480434782609,18.94,18.32
"12548","BLWA","2023-04-03",18.5425,18.83,18.32
"12549","BLWA","2023-04-04",18.6366666666667,19.03,18.07
"12550","BLWA","2023-04-05",18.9680434782609,19.5,18.24
"12551","BLWA","2023-04-06",19.793125,19.97,19.42
"12552","BLWA","2023-04-07",20.26,20.82,19.96
"12553","BLWA","2023-04-08",20.0047916666667,20.34,19.67
"12554","BLWA","2023-04-09",19.2535416666667,19.65,18.96
"12555","BLWA","2023-04-10",18.53875,19.02,17.48
"12556","BLWA","2023-04-11",17.9370833333333,18.11,17.53
"12557","BLWA","2023-04-12",18.08,18.23,17.76
"12558","BLWA","2023-04-13",18.2147916666667,18.33,17.96
"12559","BLWA","2023-04-14",18.2827083333333,18.34,18.23
"12560","BLWA","2023-04-15",18.6339583333333,18.76,18.27
"12561","BLWA","2023-04-16",18.8569565217391,18.98,18.64
"12562","BLWA","2023-04-17",19.080625,19.23,18.83
"12563","BLWA","2023-04-18",19.0647916666667,19.33,18.82
"12564","BLWA","2023-04-19",19.23625,19.54,18.86
"12565","BLWA","2023-04-20",19.5885106382979,20.29,19.11
"12566","BLWA","2023-04-21",19.6738636363636,20.41,19.45
"12567","BLWA","2023-04-22",19.9029166666667,20.29,19.56
"12568","BLWA","2023-04-23",20.3285416666667,21.39,19.71
"12569","BLWA","2023-04-24",20.134375,20.62,19.81
"12570","BLWA","2023-04-25",20.1277083333333,20.88,19.71
"12571","BLWA","2023-04-26",20.5859090909091,22.24,19.71
"12572","BLWA","2023-04-27",20.5508571428571,22.05,20.13
"12573","BLWA","2023-04-28",20.6795833333333,21.1,20.43
"12574","BLWA","2023-04-29",20.8644680851064,21.21,20.76
"12575","BLWA","2023-04-30",20.8222916666667,21,20.52
"12576","BLWA","2023-05-01",20.5185416666667,20.73,20.27
"12577","BLWA","2023-05-02",20.46075,20.62,20.28
"12578","BLWA","2023-05-03",20.4895348837209,21.03,20.18
"12579","BLWA","2023-05-04",20.5316666666667,21.72,20.18
"12580","BLWA","2023-05-05",20.6765789473684,21.51,20.21
"12581","BLWA","2023-05-06",20.4408333333333,20.66,20.25
"12582","BLWA","2023-05-07",21.1119512195122,21.96,20.26
"12583","BLWA","2023-05-08",21.7490909090909,22.61,20.92
"12584","BLWA","2023-05-09",22.6353488372093,23.19,21.84
"12585","BLWA","2023-05-10",23.1123333333333,24.23,22.33
"12586","BLWA","2023-05-11",22.6284210526316,24.5,22.24
"12587","BLWA","2023-05-12",23.2388372093023,24.24,22.25
"12588","BLWA","2023-05-13",24.3266666666667,26.79,23.08
"12589","BLWA","2023-05-14",23.7738235294118,24.47,23.23
"12590","BLWA","2023-05-15",25.5169230769231,26.59,24.01
"12591","BLWA","2023-05-16",26.0403703703704,29.86,25.21
"12592","BLWA","2023-05-17",26.1036842105263,26.81,25.54
"12593","BLWA","2023-05-18",25.96825,27.42,25.5
"12594","BLWA","2023-05-19",25.9192307692308,26.5,25.51
"12595","BLWA","2023-05-20",25.8516666666667,26.12,25.63
"12596","BLWA","2023-05-21",25.7651219512195,25.99,25.59
"12597","BLWA","2023-05-22",25.8052173913043,26.34,25.46
"12598","BLWA","2023-05-23",26.1417142857143,27.86,25.41
"12599","BLWA","2023-05-24",25.666875,26.2,25.25
"12600","BLWA","2023-05-25",25.14,25.36,24.78
"12601","BLWA","2023-05-26",24.9063157894737,25.51,24.45
"12602","BLWA","2023-05-27",24.7922222222222,25.46,24.45
"12603","BLWA","2023-05-28",25.1739534883721,26.51,24.59
"12604","BLWA","2023-05-29",25.2256756756757,26.75,24.88
"12605","BLWA","2023-05-30",25.5355813953488,26.98,24.96
"12606","BLWA","2023-05-31",26.0862222222222,27.15,25.12
"12607","BLWA","2023-06-01",27.1040540540541,28.6,25.65
"12608","BLWA","2023-06-02",27.2065,28.29,26.19
"12609","BLWA","2023-06-03",27.7439534883721,29.28,26.56
"12610","BLWA","2023-06-04",28.0339024390244,28.88,26.79
"12611","BLWA","2023-06-05",28.5438888888889,30.39,27.36
"12612","BLWA","2023-06-06",29.8848936170213,32.16,28.23
"12613","BLWA","2023-06-07",29.0089743589744,30.68,28.04
"12614","BLWA","2023-06-08",29.3973170731707,30.6,28.06
"12615","BLWA","2023-06-09",29.5090697674419,31.38,28.43
"12616","BLWA","2023-06-10",29.6815217391304,31.19,28.5
"12617","BLWA","2023-06-11",29.3211904761905,30.77,28.71
"12618","BLWA","2023-06-12",29.644,30.6,28.97
"12619","BLWA","2023-06-13",29.9257777777778,31.06,29.37
"12620","BLWA","2023-06-14",29.73375,29.97,29.27
"12621","BLWA","2023-06-15",29.5777272727273,31.12,29.07
"12622","BLWA","2023-06-16",28.988125,29.28,28.72
"12623","BLWA","2023-06-17",28.40375,28.89,27.9
"12624","BLWA","2023-06-18",28.5817142857143,29.58,27.93
"12625","BLWA","2023-06-19",27.4904166666667,28.24,27.16
"12626","BLWA","2023-06-20",28.5310526315789,30.31,27.18
"12627","BLWA","2023-06-21",28.2159459459459,28.6,27.98
"12628","BLWA","2023-06-22",28.5404347826087,29.62,27.98
"12629","BLWA","2023-06-23",29.1577777777778,31.53,27.94
"12630","BLWA","2023-06-24",28.9109090909091,30.79,28.23
"12631","BLWA","2023-06-25",29.501875,31,28.42
"12632","BLWA","2023-06-26",29.9357142857143,32.07,28.68
"12633","BLWA","2023-06-27",31.4709302325581,33.39,29.53
"12634","BLWA","2023-06-28",31.2988372093023,32.86,30.01
"12635","BLWA","2023-06-29",32.3574418604651,34.76,30
"12636","BLWA","2023-06-30",31.5391176470588,34.92,30.69
"12637","BLWA","2023-07-01",32.2464102564103,35.76,30.76
"12638","BLWA","2023-07-02",32.3972972972973,33.94,31.12
"12639","BLWA","2023-07-03",32.7507317073171,34.66,31.75
"12640","BLWA","2023-07-04",32.2036956521739,33.4,31.61
"12641","BLWA","2023-07-05",32.0015555555556,33.62,31.11
"12642","BLWA","2023-07-06",31.2232608695652,32.33,30.62
"12643","BLWA","2023-07-07",31.8786046511628,33.39,30.71
"12644","BLWA","2023-07-08",32.331914893617,34.36,31.04
"12645","BLWA","2023-07-09",30.5964583333333,31.34,29.56
"12646","BLWA","2023-07-10",30.9402127659574,33.21,30.06
"12647","BLWA","2023-07-11",30.1355319148936,30.47,29.64
"12648","BLWA","2023-07-12",30.6566666666667,30.87,30.33
"12649","BLWA","2023-07-13",30.0310416666667,30.35,29.68
"12650","BLWA","2023-07-14",29.1675,29.66,28.95
"12651","BLWA","2023-07-15",29.1129787234043,29.59,28.86
"12652","BLWA","2023-07-16",29.134,29.36,28.96
"12653","BLWA","2023-07-17",29.386511627907,30,29.12
"12654","BLWA","2023-07-18",30.7104761904762,33.99,29.41
"12655","BLWA","2023-07-19",31.3995238095238,33.09,30
"12656","BLWA","2023-07-20",32.343023255814,34.84,30.23
"12657","BLWA","2023-07-21",32.3580952380952,34.35,30.47
"12658","BLWA","2023-07-22",32.0831914893617,33.86,30.45
"12659","BLWA","2023-07-23",31.4120833333333,32.64,30.62
"12660","BLWA","2023-07-24",31.1682608695652,31.97,30.58
"12661","BLWA","2023-07-25",31.9697872340426,33.7,30.57
"12662","BLWA","2023-07-26",32.7051111111111,34.44,31.02
"12663","BLWA","2023-07-27",32.9641860465116,35.64,31.37
"12664","BLWA","2023-07-28",33.8729545454545,35.9,32.12
"12665","BLWA","2023-07-29",32.7988372093023,34.96,32.13
"12666","BLWA","2023-07-30",33.1278947368421,35.42,32.29
"12667","BLWA","2023-07-31",32.5551111111111,34.89,31.99
"12668","BLWA","2023-08-01",33.4572916666667,35.07,32
"12669","BLWA","2023-08-02",33.8135416666667,35.43,32.33
"12670","BLWA","2023-08-03",33.9727659574468,35.6,32.46
"12671","BLWA","2023-08-04",34.236,35.71,32.4
"12672","BLWA","2023-08-05",32.9286956521739,34.74,32.45
"12673","BLWA","2023-08-06",33.5376086956522,35.34,32.36
"12674","BLWA","2023-08-07",32.3552083333333,32.62,32.14
"12675","BLWA","2023-08-08",32.9046666666667,34.8,32.1
"12676","BLWA","2023-08-09",32.5868085106383,33.06,32.14
"12677","BLWA","2023-08-10",32.5435,33.41,32.08
"12678","BLWA","2023-08-11",32.4134042553192,33.68,31.78
"12679","BLWA","2023-08-12",32.2857142857143,34.35,31.41
"12680","BLWA","2023-08-13",31.1179166666667,31.42,30.44
"12681","BLWA","2023-08-14",30.8791666666667,31.13,30.43
"12682","BLWA","2023-08-15",31.0908108108108,32.23,30.82
"12683","BLWA","2023-08-16",30.84125,31.07,30.53
"12684","BLWA","2023-08-17",30.6014285714286,31.99,30.06
"12685","BLWA","2023-08-18",30.3997619047619,30.93,30.08
"12686","BLWA","2023-08-19",30.9058695652174,32.48,30.23
"12687","BLWA","2023-08-20",31.6574468085106,32.7,30.55
"12688","BLWA","2023-08-21",32.4483333333333,33.88,31.14
"12689","BLWA","2023-08-22",32.1020930232558,33.03,31.11
"12690","BLWA","2023-08-23",33.0440909090909,34.98,31.76
"12691","BLWA","2023-08-24",33.7306666666667,35.18,32.1
"12692","BLWA","2023-08-25",33.8975,35.65,32.18
"12693","BLWA","2023-08-26",33.5541176470588,35.54,32.82
"12694","BLWA","2023-08-27",33.3390909090909,35.17,32.74
"12695","BLWA","2023-08-28",33.515625,34.58,32.83
"12696","BLWA","2023-08-29",33.753125,35.13,32.57
"12697","BLWA","2023-08-30",33.3268888888889,35,32.59
"12698","BLWA","2023-08-31",32.8095555555556,33.26,32.2
"12699","BLWA","2023-09-01",32.5820833333333,33.88,31.53
"12700","BLWA","2023-09-02",31.5895833333333,32.6,31.16
"12701","BLWA","2023-09-03",31.058125,31.22,30.95
"12702","BLWA","2023-09-04",31.0760416666667,31.82,30.63
"12703","BLWA","2023-09-05",30.9563829787234,32.06,30.41
"12704","BLWA","2023-09-06",32.1884444444444,33.64,30.59
"12705","BLWA","2023-09-07",32.2606382978723,34.28,31.28
"12706","BLWA","2023-09-08",32.9739583333333,34.49,31.41
"12707","BLWA","2023-09-09",31.7077083333333,32.27,30.98
"12708","BLWA","2023-09-10",31.3948936170213,31.96,30.91
"12709","BLWA","2023-09-11",31.3897727272727,32.77,30.93
"12710","BLWA","2023-09-12",31.9711111111111,34.23,30.99
"12711","BLWA","2023-09-13",32.50125,33.91,31.22
"12712","BLWA","2023-09-14",31.3527083333333,31.78,30.91
"12713","BLWA","2023-09-15",31.3860416666667,32.08,30.93
"12714","BLWA","2023-09-16",31.3378723404255,32.47,30.81
"12715","BLWA","2023-09-17",31.0112765957447,31.85,30.66
"12716","BLWA","2023-09-18",30.499375,31.02,30
"12717","BLWA","2023-09-19",30.0434782608696,31.1,29.33
"12718","BLWA","2023-09-20",30.054375,31.33,29.31
"12719","BLWA","2023-09-21",29.5364583333333,30.52,29.13
"12720","BLWA","2023-09-22",29.8176595744681,30.91,29.13
"12721","BLWA","2023-09-23",29.7166666666667,31.09,28.73
"12722","BLWA","2023-09-24",29.3930434782609,30.69,28.65
"12723","BLWA","2023-09-25",29.9036170212766,31.42,28.65
"12724","BLWA","2023-09-26",28.8395833333333,29.45,28.58
"12725","BLWA","2023-09-27",29.1134782608696,30.03,28.57
"12726","BLWA","2023-09-28",28.78625,29.22,28.58
"12727","BLWA","2023-09-29",28.576875,28.91,28.26
"12728","BLWA","2023-09-30",28.88125,29.91,28.07
"12729","BLWA","2023-10-01",28.7286956521739,30.11,28.06
"12730","BLWA","2023-10-02",28.4970212765957,29.48,28.02
"12731","BLWA","2023-10-03",28.5420833333333,29.43,27.91
"12732","BLWA","2023-10-04",28.3252083333333,29.12,27.84
"12733","BLWA","2023-10-05",28.3746511627907,28.82,27.82
"12734","BLWA","2023-10-06",28.128125,28.52,27.94
"12735","BLWA","2023-10-07",27.8975,28.23,27.58
"12736","BLWA","2023-10-08",27.3827083333333,27.83,26.92
"12737","BLWA","2023-10-09",26.879375,27.55,26.29
"12738","BLWA","2023-10-10",26.3645833333333,27.04,25.85
"12739","BLWA","2023-10-11",25.9277083333333,26.41,25.54
"12740","BLWA","2023-10-12",25.3520833333333,25.55,25
"12741","BLWA","2023-10-13",24.9420833333333,25.09,24.75
"12742","BLWA","2023-10-14",24.6997916666667,24.92,24.43
"12743","BLWA","2023-10-15",24.5191666666667,25.34,24.04
"12744","BLWA","2023-10-16",23.7885416666667,24.11,23.42
"12745","BLWA","2023-10-17",23.506875,24.04,23.13
"12746","BLWA","2023-10-18",23.3328888888889,24.12,22.79
"12747","BLWA","2023-10-19",23.1095555555556,23.84,22.68
"12748","BLWA","2023-10-20",22.8017021276596,23.58,22.56
"12749","BLWA","2023-10-21",23.2045238095238,24.83,22.23
"12750","BLWA","2023-10-22",22.7821428571429,23.94,22.25
"12751","BLWA","2023-10-23",22.7553191489362,23.96,22.29
"12752","BLWA","2023-10-24",22.9358695652174,24.23,22.28
"12753","BLWA","2023-10-25",22.7342553191489,23.5,22.36
"12754","BLWA","2023-10-26",22.8368085106383,24,22.39
"12755","BLWA","2023-10-27",22.7136956521739,23.69,22.45
"12756","BLWA","2023-10-28",22.9556818181818,24.08,22.5
"12757","BLWA","2023-10-29",23.18,23.77,22.58
"12758","BLWA","2023-10-31",22.322,22.61,22.04
"12759","BLWA","2023-11-01",21.7864583333333,22.09,21.29
"12760","BLWA","2023-11-02",21.1,21.41,20.67
"12761","BLWA","2023-11-03",20.516875,21.36,19.97
"12762","BLWA","2023-11-04",20.169347826087,21.29,19.91
"12763","BLWA","2023-11-05",20.2317073170732,21.89,19.88
"12764","BLWA","2023-11-06",20.3995652173913,21.45,19.87
"12765","BLWA","2023-11-07",20.4357446808511,21.19,19.96
"12766","BLWA","2023-11-08",20.4413953488372,21.76,20.01
"12767","BLWA","2023-11-09",20.3745238095238,20.92,19.99
"12768","BLWA","2023-11-10",20.3757777777778,20.8,20.02
"12769","BLWA","2023-11-11",20.0170833333333,20.2,19.82
"12770","BLWA","2023-11-12",19.6864583333333,19.82,19.54
"12771","BLWA","2023-11-13",19.4358333333333,19.53,19.28
"12772","BLWA","2023-11-14",19.1839583333333,19.33,18.97
"12773","BLWA","2023-11-15",18.925,19.12,18.74
"12774","BLWA","2023-11-16",18.7958333333333,19.07,18.71
"12775","BLWA","2023-11-17",19.1611111111111,20.41,18.69
"12776","BLWA","2023-11-18",19.226,20.47,18.86
"12777","BLWA","2023-11-19",18.9716666666667,19.76,18.57
"12778","BLWA","2023-11-20",19.1152272727273,20.36,18.45
"12779","BLWA","2023-11-21",18.5672916666667,18.74,18.43
"12780","BLWA","2023-11-22",18.6093617021277,19.02,18.36
"12781","BLWA","2023-11-23",18.1853333333333,18.53,17.94
"12782","BLWA","2023-11-24",17.771875,18.21,17.5
"12783","BLWA","2023-11-25",17.75,18.67,17.35
"12784","BLWA","2023-11-26",17.7746666666667,19.04,17.29
"12785","BLWA","2023-11-27",17.199375,17.47,16.91
"12786","BLWA","2023-11-28",16.73125,17.17,16.4
"12787","BLWA","2023-11-29",16.716875,17.01,16.3
"12788","BLWA","2023-11-30",16.7636170212766,17.93,16.09
"12789","BLWA","2023-12-01",16.2525531914894,16.78,16.1
"12790","BLWA","2023-12-02",16.955625,17.4,16.17
"12791","BLWA","2023-12-03",17.381914893617,17.86,17.07
"12792","BLWA","2023-12-04",17.3314893617021,18.03,16.99
"12793","BLWA","2023-12-05",17.1587234042553,17.81,16.85
"12794","BLWA","2023-12-06",17.1625,18.09,16.52
"12795","BLWA","2023-12-07",16.385625,16.76,16.12
"12796","BLWA","2023-12-08",16.2395744680851,17.08,15.92
"12797","BLWA","2023-12-09",16.1464583333333,16.37,15.87
"12798","BLWA","2023-12-10",16.5963829787234,16.86,16.19
"12799","BLWA","2023-12-11",16.6797916666667,17.09,15.94
"12800","BLWA","2023-12-12",15.1991666666667,15.89,14.64
"12801","BLWA","2023-12-13",14.7335416666667,15.38,14.47
"12802","BLWA","2023-12-14",14.7340425531915,15.62,14.44
"12803","BLWA","2023-12-15",15.0934782608696,15.83,14.48
"12804","BLWA","2023-12-16",15.4395652173913,16.64,15.01
"12805","BLWA","2023-12-17",15.1172916666667,15.37,14.88
"12806","BLWA","2023-12-18",14.8408333333333,15.18,14.51
"12807","BLWA","2023-12-19",14.544375,15.27,13.91
"12808","BLWA","2023-12-20",13.9645652173913,14.62,13.63
"12809","BLWA","2023-12-21",13.7131914893617,14.21,13.38
"12810","BLWA","2023-12-22",14.046875,14.34,13.42
"12811","BLWA","2023-12-23",14.0363829787234,14.83,13.61
"12812","BLWA","2023-12-24",13.9117021276596,15.25,13.56
"12813","BLWA","2023-12-25",13.8297916666667,14.13,13.56
"12814","BLWA","2023-12-26",13.3308510638298,13.87,12.74
"12815","BLWA","2023-12-27",12.5458695652174,13.11,9.99
"12816","BLWA","2023-12-28",12.4854166666667,12.8,12.31
"12817","BLWA","2023-12-29",12.409375,12.82,12.27
"12818","BLWA","2023-12-30",12.4078723404255,13.12,12.05
"12819","BLWA","2023-12-31",12.2015217391304,13.2,11.87
"12820","BLWA","2024-01-01",12.1173913043478,12.99,11.82
"12821","BLWA","2024-01-02",11.8195652173913,12.48,11.5
"12822","BLWA","2024-01-03",11.87,13.18,11.35
"12823","BLWA","2024-01-04",11.1648888888889,11.41,10.89
"12824","BLWA","2024-01-05",11.0908333333333,11.94,10.76
"12825","BLWA","2024-01-06",10.833125,11.23,10.66
"12826","BLWA","2024-01-07",10.6922916666667,10.84,10.59
"12827","BLWA","2024-01-08",10.801875,11.59,10.49
"12828","BLWA","2024-01-09",10.4775,11.01,10.03
"12829","BLWA","2024-01-10",10.3933333333333,10.69,10.03
"12830","BLWA","2024-01-11",10.3939583333333,10.69,9.89
"12831","BLWA","2024-01-12",10.0029545454545,10.1,9.82
"12832","BLWA","2024-01-13",10.321875,10.5,10.1
"12833","BLWA","2024-01-14",10.4120833333333,10.85,10.18
"12834","BLWA","2024-01-15",10.54375,10.84,10.26
"12835","BLWA","2024-01-16",10.469375,10.94,10.23
"12836","BLWA","2024-01-17",9.96375,10.34,9.53
"12837","BLWA","2024-01-18",9.6125,10.19,9.26
"12838","BLWA","2024-01-19",9.41416666666667,9.54,9.25
"12839","BLWA","2024-01-20",9.26541666666667,9.55,9.09
"12840","BLWA","2024-01-21",9.02958333333333,9.71,8.46
"12841","BLWA","2024-01-22",8.69708333333333,9.32,8.3
"12842","BLWA","2024-01-23",8.33041666666667,8.6,8.13
"12843","BLWA","2024-01-24",8.11854166666667,8.37,7.99
"12844","BLWA","2024-01-25",8.130625,8.41,7.97
"12845","BLWA","2024-01-26",8.79125,9.51,8.34
"12846","BLWA","2024-01-27",9.93541666666667,10.33,9.18
"12847","BLWA","2024-01-28",10.2110416666667,10.31,10.11
"12848","BLWA","2024-01-29",10.1997872340426,10.31,10.11
"12849","BLWA","2024-01-30",10.1129166666667,10.33,9.95
"12850","BLWA","2024-01-31",10.075625,10.25,9.94
"12851","BLWA","2024-02-01",9.98354166666667,10.16,9.73
"12852","BLWA","2024-02-02",9.75458333333333,10.02,9.56
"12853","BLWA","2024-02-03",9.73041666666667,10.07,9.52
"12854","BLWA","2024-02-04",9.756875,9.9,9.51
"12855","BLWA","2024-02-05",9.81916666666667,9.93,9.74
"12856","BLWA","2024-02-06",9.913125,10.15,9.76
"12857","BLWA","2024-02-07",10.0922916666667,10.22,9.72
"12858","BLWA","2024-02-08",10.3066666666667,10.41,10.04
"12859","BLWA","2024-02-09",10.5617073170732,10.67,10.36
"12860","BLWA","2024-02-10",10.926875,11.12,10.57
"12861","BLWA","2024-02-11",11.3602083333333,11.57,11.12
"12862","BLWA","2024-02-12",11.926875,12.29,11.58
"12863","BLWA","2024-02-13",12.7264583333333,13.13,12.16
"12864","BLWA","2024-02-14",12.7141666666667,13.06,11.97
"12865","BLWA","2024-02-15",11.838125,12.05,11.56
"12866","BLWA","2024-02-16",11.7754166666667,11.92,11.55
"12867","BLWA","2024-02-17",11.9557777777778,12.05,11.73
"12868","BLWA","2024-02-18",11.8608333333333,11.98,11.63
"12869","BLWA","2024-02-19",11.6729166666667,11.89,11.48
"12870","BLWA","2024-02-20",11.6420833333333,11.9,11.45
"12871","BLWA","2024-02-21",11.7158333333333,11.83,11.42
"12872","BLWA","2024-02-22",12.02,12.14,11.65
"12873","BLWA","2024-02-23",12.4570212765957,12.66,12.07
"12874","BLWA","2024-02-24",12.9685416666667,13.34,12.64
"12875","BLWA","2024-02-25",13.14875,13.48,12.83
"12876","BLWA","2024-02-26",13.4395652173913,14.16,13
"12877","BLWA","2024-02-27",13.8844680851064,14.49,13.21
"12878","BLWA","2024-02-28",14.1589583333333,14.33,13.74
"12879","BLWA","2024-02-29",14.3241666666667,14.51,14.07
"12880","BLWA","2024-03-01",14.0995744680851,14.26,14.01
"12881","BLWA","2024-03-02",14.1241666666667,14.2,14.03
"12882","BLWA","2024-03-03",14.1341666666667,14.24,14.05
"12883","BLWA","2024-03-04",13.48,14.17,12.66
"12884","BLWA","2024-03-05",12.9978260869565,13.15,12.68
"12885","BLWA","2024-03-06",13.2952083333333,13.36,13.15
"12886","BLWA","2024-03-07",13.518125,13.77,13.29
"12887","BLWA","2024-03-08",13.6597619047619,13.8,13.35
"12888","BLWA","2024-03-09",13.9689130434783,14.25,13.71
"12889","BLWA","2024-03-10",14.5208333333333,14.62,14.29
"12890","BLWA","2024-03-11",14.4627659574468,14.64,14.27
"12891","BLWA","2024-03-12",14.2575,14.45,14.16
"12892","BLWA","2024-03-13",14.388125,14.63,14.15
"12893","BLWA","2024-03-14",14.4851063829787,14.76,14.24
"12894","BLWA","2024-03-15",14.9202083333333,15.12,14.48
"12895","BLWA","2024-03-16",15.0758333333333,15.26,14.94
"12896","BLWA","2024-03-17",15.1764583333333,15.27,15.05
"12897","BLWA","2024-03-18",15.4620833333333,15.77,15.22
"12898","BLWA","2024-03-19",15.8795833333333,16.26,15.58
"12899","BLWA","2024-03-20",15.7082608695652,16.11,15.41
"12900","BLWA","2024-03-21",15.6960416666667,16.22,15.35
"12901","BLWA","2024-03-22",15.85,16.43,15.34
"12902","BLWA","2024-03-23",16.1110416666667,16.76,15.92
"12903","BLWA","2024-03-24",16.3295833333333,16.88,16.02
"12904","BLWA","2024-03-25",16.7578723404255,17.78,16.11
"12905","BLWA","2024-03-26",16.6866666666667,17.28,16.35
"12906","BLWA","2024-03-27",16.8033333333333,16.97,16.6
"12907","BLWA","2024-03-28",16.4339534883721,17.06,8.13
"12908","BLWA","2024-03-29",16.6340425531915,16.94,16.15
"12909","BLWA","2024-03-30",16.3479166666667,16.53,16.12
"12910","BLWA","2024-03-31",16.7283333333333,16.88,16.33
"12911","BLWA","2024-04-01",17.1629787234043,17.33,16.87
"12912","BLWA","2024-04-02",17.5686666666667,17.66,17.31
"12913","BLWA","2024-04-03",18.14375,18.5,17.65
"12914","BLWA","2024-04-04",18.595,18.85,18.4
"12915","BLWA","2024-04-05",18.5889583333333,18.84,18.35
"12916","BLWA","2024-04-06",18.544375,19.01,18.29
"12917","BLWA","2024-04-07",18.6579166666667,19.12,18.29
"12918","BLWA","2024-04-08",18.9191666666667,19.57,18.48
"12919","BLWA","2024-04-09",19.2195833333333,19.81,18.81
"12920","BLWA","2024-04-10",18.9052083333333,19.1,18.74
"12921","BLWA","2024-04-11",18.598125,18.93,18.35
"12922","BLWA","2024-04-12",18.3285416666667,18.5,18.06
"12923","BLWA","2024-04-13",18.1920833333333,18.45,17.95
"12924","BLWA","2024-04-14",18.4729166666667,18.67,17.96
"12925","BLWA","2024-04-15",18.8385416666667,19.22,18.52
"12926","BLWA","2024-04-16",19.3172916666667,19.65,18.73
"12927","BLWA","2024-04-17",19.501875,20.05,19.35
"12928","BLWA","2024-04-18",19.771875,20.15,19.53
"12929","BLWA","2024-04-19",19.9434782608696,20.33,19.66
"12930","BLWA","2024-04-20",20.4695833333333,21.02,19.98
"12931","BLWA","2024-04-21",20.5097916666667,20.75,20.21
"12932","BLWA","2024-04-22",20.289375,20.55,20.02
"12933","BLWA","2024-04-23",20.2204166666667,20.5,19.86
"12934","BLWA","2024-04-24",20.255625,20.7,19.86
"12935","BLWA","2024-04-25",20.3675,21.32,20.03
"12936","BLWA","2024-04-26",20.4904651162791,20.92,20.06
"12937","BLWA","2024-04-27",21.1328260869565,21.9,20.2
"12938","BLWA","2024-04-28",21.0753488372093,21.68,20.58
"12939","BLWA","2024-04-29",21.878085106383,22.53,20.89
"12940","BLWA","2024-04-30",22.4045833333333,22.94,21.6
"12941","BLWA","2024-05-07",26.035,27.36,25.24
"12942","BLWA","2024-05-08",26.1321276595745,26.52,25.63
"12943","BLWA","2024-05-09",26.6320833333333,27.61,25.95
"12944","BLWA","2024-05-10",26.8146666666667,27.79,25.82
"12945","BLWA","2024-05-11",25.6973170731707,26.66,25.34
"12946","BLWA","2024-05-12",25.4072916666667,25.62,25.06
"12947","BLWA","2024-05-13",25.3906382978723,25.73,25.07
"12948","BLWA","2024-05-14",25.2677083333333,25.64,25.13
"12949","BLWA","2024-05-15",25.59625,26.07,25.25
"12950","BLWA","2024-05-16",26.6692857142857,27.5,25.45
"12951","BLWA","2024-05-17",26.8222222222222,28.15,26.04
"12952","BLWA","2024-05-18",26.191875,26.51,25.89
"12953","BLWA","2024-05-19",26.0697058823529,26.33,25.83
"12954","BLWA","2024-05-20",26.6060526315789,28.34,25.63
"12955","BLWA","2024-05-21",27.667,29.65,25.83
"12956","BLWA","2024-05-22",27.569756097561,28.98,26.55
"12957","BLWA","2024-05-23",26.943829787234,28.13,26.48
"12958","BLWA","2024-05-24",27.629756097561,28.98,26.52
"12959","BLWA","2024-05-25",27.8338636363636,29.16,26.7
"12960","BLWA","2024-05-26",27.655,29.03,27.15
"12961","BLWA","2024-05-27",28.0609090909091,29.35,27.38
"12962","BLWA","2024-05-28",28.3438888888889,29.46,27.63
"12963","BLWA","2024-05-29",28.6975555555556,30.23,27.82
"12964","BLWA","2024-05-30",28.923,31.13,28.04
"12965","BLWA","2024-05-31",28.1183333333333,28.72,27.63
"12966","BLWA","2024-06-01",27.9591666666667,28.66,27.59
"12967","BLWA","2024-06-02",27.7477083333333,27.94,27.57
"12968","BLWA","2024-06-03",28.604358974359,30.93,27.61
"12969","BLWA","2024-06-04",28.3071739130435,29.96,27.65
"12970","BLWA","2024-06-05",28.37275,29.79,27.66
"12971","BLWA","2024-06-06",28.5530434782609,29.65,28.02
"12972","BLWA","2024-06-07",28.724,29.42,28.15
"12973","BLWA","2024-06-08",28.9688636363636,29.95,28.46
"12974","BLWA","2024-06-09",29.3566666666667,30.79,28.61
"12975","BLWA","2024-06-10",29.3320588235294,30.8,28.83
"12976","BLWA","2024-06-11",29.53875,30.6,29.03
"12977","BLWA","2024-06-12",29.3082978723404,30.02,28.91
"12978","BLWA","2024-06-13",30.0234042553192,31.71,28.83
"12979","BLWA","2024-06-14",30.3126829268293,32.9,28.84
"12980","BLWA","2024-06-15",30.13,33.3,29.13
"12981","BLWA","2024-06-16",30.4848648648649,31.26,29.5
"12982","BLWA","2024-06-17",31.7234782608696,32.73,30.59
"12983","BLWA","2024-06-18",31.6910638297872,33.08,30.78
"12984","BLWA","2024-06-19",31.288125,31.88,30.76
"12985","BLWA","2024-06-20",31.1470833333333,31.53,30.8
"12986","BLWA","2024-06-21",30.9366666666667,31.56,30.71
"12987","BLWA","2024-06-22",31.7662790697674,33.04,30.72
"12988","BLWA","2024-06-23",31.8948780487805,33.31,31.08
"12989","BLWA","2024-06-24",32.5197435897436,34.24,31.37
"12990","BLWA","2024-06-25",32.3286363636364,33.91,31.65
"12991","BLWA","2024-06-26",33.9554347826087,35.87,31.77
"12992","BLWA","2024-06-27",32.7585416666667,35.29,31.94
"12993","BLWA","2024-06-28",33.2363829787234,34.37,31.99
"12994","BLWA","2024-06-29",33.1574468085106,34.46,32.36
"12995","BLWA","2024-06-30",32.905,33.77,32.5
"12996","BLWA","2024-07-01",33.35625,34.54,32.46
"12997","BLWA","2024-07-02",33.2935416666667,34.21,32.41
"12998","BLWA","2024-07-03",34.7491666666667,35.95,32.82
"12999","BLWA","2024-07-04",34.711875,35.85,33.35
"13000","BLWA","2024-07-05",33.96,35.57,33.26
"13001","BLWA","2024-07-06",33.4502127659574,34.93,32.98
"13002","BLWA","2024-07-07",33.3004166666667,34,32.83
"13003","BLWA","2024-07-08",33.6927083333333,34.81,32.91
"13004","BLWA","2024-07-09",33.689347826087,35.36,33.01
"13005","BLWA","2024-07-10",33.3541666666667,33.99,33.03
"13006","BLWA","2024-07-11",33.8497916666667,34.75,33.02
"13007","BLWA","2024-07-12",33.806875,35.15,32.98
"13008","BLWA","2024-07-13",34.068125,35.23,33.07
"13009","BLWA","2024-07-14",33.055,33.06,33.05
"13010","BLWA","2024-08-13",33.7760714285714,34.41,33.1
"13011","BLWA","2024-08-14",33.8245833333333,34.97,32.52
"13012","BLWA","2024-08-15",33.4791666666667,34.21,32.5
"13013","BLWA","2024-08-16",33.8314893617021,35.13,32.79
"13014","BLWA","2024-08-17",33.545,35.41,32.68
"13015","BLWA","2024-08-18",33.18475,34.92,32.64
"13016","BLWA","2024-08-19",33.9308888888889,35.6,32.89
"13017","BLWA","2024-08-20",33.3114583333333,33.93,32.46
"13018","BLWA","2024-08-21",32.96875,33.6,32.41
"13019","BLWA","2024-08-22",33.0674468085106,33.97,32.32
"13020","BLWA","2024-08-23",32.7452173913044,33.86,32.2
"13021","BLWA","2024-08-24",32.6945833333333,33.59,32.14
"13022","BLWA","2024-08-25",32.6941666666667,33.52,32.11
"13023","BLWA","2024-08-26",32.8570833333333,33.93,32.06
"13024","BLWA","2024-08-27",33.0022916666667,34.33,32.05
"13025","BLWA","2024-08-28",32.894347826087,34.03,32.1
"13026","BLWA","2024-08-29",32.7576595744681,33.72,32.16
"13027","BLWA","2024-08-30",33.21375,33.84,32.33
"13028","BLWA","2024-08-31",33.2645833333333,33.97,32.71
"13029","BLWA","2024-09-01",33.043125,33.76,32.33
"13030","BLWA","2024-09-02",32.9531914893617,33.78,32.32
"13031","BLWA","2024-09-03",32.9747916666667,33.72,32.39
"13032","BLWA","2024-09-04",33.14375,34.14,32.34
"13033","BLWA","2024-09-05",32.3277083333333,32.73,32.03
"13034","BLWA","2024-09-06",31.9913513513514,32.11,31.84
"13035","BLWA","2024-09-07",31.6708510638298,31.86,31.4
"13036","BLWA","2024-09-08",31.4868085106383,32.15,30.93
"13037","BLWA","2024-09-09",30.9454166666667,31.66,30.47
"13038","BLWA","2024-09-10",31.2666666666667,32.5,30.48
"13039","BLWA","2024-09-11",30.7075,31.26,30.4
"13040","BLWA","2024-09-12",30.2251063829787,30.49,29.83
"13041","BLWA","2024-09-13",29.8548888888889,30.26,29.07
"13042","BLWA","2024-09-14",29.372,30.13,28.81
"13043","BLWA","2024-09-15",28.5904347826087,29.2,28.22
"13044","BLWA","2024-09-16",27.9879166666667,28.24,27.47
"13045","BLWA","2024-09-17",27.0025,27.43,26.64
"13046","BLWA","2024-09-18",26.8097826086957,27.11,26.63
"13047","BLWA","2024-09-19",26.9711904761905,27.35,26.66
"13048","BLWA","2024-09-20",27.3712765957447,27.82,26.9
"13049","BLWA","2024-09-21",27.7185,28.27,27.44
"13050","BLWA","2024-09-22",27.863488372093,28.13,27.48
"13051","BLWA","2024-09-23",28.0158695652174,28.21,27.84
"13052","BLWA","2024-09-24",28.2647916666667,28.44,28.09
"13053","BLWA","2024-09-25",28.2222916666667,28.51,28.05
"13054","BLWA","2024-09-26",27.7320833333333,28.12,27.49
"13055","BLWA","2024-09-27",27.4458333333333,27.84,26.94
"13056","BLWA","2024-09-28",27.2129166666667,27.71,26.75
"13057","BLWA","2024-09-29",27.1229166666667,27.9,26.65
"13058","BLWA","2024-09-30",27.2959574468085,28.19,26.68
"13059","BLWA","2024-10-01",27.3552083333333,28.44,26.81
"13060","BLWA","2024-10-02",27.3710416666667,27.8,26.89
"13061","BLWA","2024-10-03",27.79725,29.18,27.14
"13062","BLWA","2024-10-04",27.6976595744681,28.68,27.19
"13063","BLWA","2024-10-05",27.8422916666667,28.44,27.06
"13064","BLWA","2024-10-06",27.60375,28.7,26.95
"13065","BLWA","2024-10-07",27.5765217391304,28.73,26.87
"13066","BLWA","2024-10-08",27.21375,27.98,26.8
"13067","BLWA","2024-10-09",27.1220833333333,27.83,26.76
"13068","BLWA","2024-10-10",27.0264583333333,27.83,26.58
"13069","BLWA","2024-10-11",26.8983333333333,27.77,26.6
"13070","BLWA","2024-10-12",26.9129166666667,27.94,26.34
"13071","BLWA","2024-10-13",26.7342553191489,28.29,26.1
"13072","BLWA","2024-10-14",26.402,27.86,25.91
"13073","BLWA","2024-10-15",25.879375,26.35,25.55
"13074","BLWA","2024-10-16",25.5939583333333,26.47,24.99
"13075","BLWA","2024-10-17",24.74,25.16,24.36
"13076","BLWA","2024-10-18",24.35125,25.15,23.8
"13077","BLWA","2024-10-19",23.9152083333333,24.62,23.42
"13078","BLWA","2024-10-20",23.4571739130435,24.28,22.97
"13079","BLWA","2024-10-21",23.1622222222222,24.22,22.65
"13080","BLWA","2024-10-22",23.1422727272727,24.55,22.41
"13081","BLWA","2024-10-23",23.0736956521739,24.64,22.28
"13082","BLWA","2024-10-24",23.46675,25.35,22.26
"13083","BLWA","2024-10-25",23.1169565217391,24.23,22.3
"13084","BLWA","2024-10-26",23.2932608695652,25.71,22.43
"13085","BLWA","2024-10-27",23.3388372093023,25.21,22.61
"13086","BLWA","2024-10-28",23.668,24.77,22.89
"13087","BLWA","2024-12-18",14.173125,14.78,14.04
"13088","BLWA","2024-12-19",14.4189130434783,15.56,13.92
"13089","BLWA","2024-12-20",14.0125,14.82,13.64
"13090","BLWA","2024-12-21",13.5095652173913,13.95,13.15
"13091","BLWA","2024-12-22",13.2791666666667,13.78,13.04
"13092","BLWA","2024-12-23",13.228125,13.91,12.94
"13093","BLWA","2024-12-24",13.21,13.72,12.96
"13094","BLWA","2024-12-25",13.6055555555556,15.28,13.07
"13095","BLWA","2024-12-26",13.1895744680851,14.79,12.58
"13096","BLWA","2024-12-27",13.02125,13.56,12.58
"13097","BLWA","2024-12-28",13.1566666666667,13.77,12.77
"13098","BLWA","2024-12-29",13.0334782608696,13.47,12.78
"13099","BLWA","2024-12-30",13.3295833333333,13.58,12.96
"13100","BLWA","2024-12-31",12.870652173913,13.25,12.57
"13101","BLWA","2025-01-01",13.5255,13.62,13.14
"13102","BLWA","2025-01-02",13.3497916666667,13.63,12.97
"13103","BLWA","2025-01-03",12.946875,13.18,12.72
"13104","BLWA","2025-01-04",12.6653191489362,13,12.33
"13105","BLWA","2025-01-05",12.3766666666667,12.59,12.21
"13106","BLWA","2025-01-06",12.3652083333333,12.5,12.18
"13107","BLWA","2025-01-07",11.9858333333333,12.42,11.64
"13108","BLWA","2025-01-08",11.4158695652174,11.71,10.99
"13109","BLWA","2025-01-09",11.0014583333333,11.33,10.54
"13110","BLWA","2025-01-10",10.6621739130435,11.34,10.33
"13111","BLWA","2025-01-11",10.0725,10.31,9.85
"13112","BLWA","2025-01-12",9.80833333333333,10.36,9.35
"13113","BLWA","2025-01-13",9.48276595744681,9.92,9.27
"13114","BLWA","2025-01-14",9.40270833333333,9.79,9.16
"13115","BLWA","2025-01-15",9.37770833333333,9.95,9.12
"13116","BLWA","2025-01-16",9.37913043478261,9.99,9.14
"13117","BLWA","2025-01-17",9.41895833333333,10,9.12
"13118","BLWA","2025-01-18",9.62844444444444,10.2,9.21
"13119","BLWA","2025-01-19",9.91295454545455,10.01,9.65
"13120","BLWA","2025-01-20",9.79145833333333,9.93,9.55
"13121","BLWA","2025-01-21",9.44708333333333,9.86,9.24
"13122","BLWA","2025-01-22",9.065,9.39,8.82
"13123","BLWA","2025-01-23",8.65702127659574,9.15,8.29
"13124","BLWA","2025-01-24",8.52208333333333,9,8.2
"13125","BLWA","2025-01-25",8.64617021276596,9.2,8.15
"13126","BLWA","2025-01-26",8.9009756097561,9.6,8.35
"13127","BLWA","2025-01-27",9.08133333333333,10.88,8.54
"13128","BLWA","2025-01-28",9.00479166666667,9.46,8.53
"13129","BLWA","2025-01-29",8.87214285714286,9.71,8.61
"13130","BLWA","2025-01-30",8.93125,9.57,8.75
"13131","BLWA","2025-01-31",8.95354166666667,9.18,8.7
"13132","BLWA","2025-02-01",9.02541666666667,9.24,8.88
"13133","BLWA","2025-02-02",9.17022727272727,9.76,8.86
"13134","BLWA","2025-02-03",9.26956521739131,9.53,8.86
"13135","BLWA","2025-02-04",9.70977777777778,9.94,9.27
"13136","BLWA","2025-02-05",10.2886956521739,10.57,9.84
"13137","BLWA","2025-02-06",10.986170212766,11.3,10.58
"13138","BLWA","2025-02-07",11.82,12.26,11.17
"13139","BLWA","2025-02-08",12.2488095238095,12.7,11.89
"13140","BLWA","2025-02-09",12.6270212765957,13.07,12.37
"13141","BLWA","2025-02-10",12.6633333333333,12.9,12.46
"13142","BLWA","2025-02-11",12.4591489361702,12.6,12.32
"13143","BLWA","2025-02-12",12.5909302325581,12.9,12.32
"13144","BLWA","2025-02-13",12.6345833333333,12.85,12.55
"13145","BLWA","2025-02-14",12.6762962962963,13.17,12.1
"13146","BLWA","2025-02-15",11.2531578947368,12.03,10.45
"13147","BLWA","2025-02-16",11.035,11.08,10.99
"13148","BLWA","2025-02-17",11.5077419354839,11.61,11.16
"13149","BLWA","2025-02-18",11.5634042553191,11.68,11.41
"13150","BLWA","2025-02-19",11.6881818181818,11.78,11.48
"13151","BLWA","2025-02-20",11.6046666666667,11.74,11.3
"13152","BLWA","2025-02-21",11.2345833333333,11.46,10.93
"13153","BLWA","2025-02-22",10.9230434782609,11.12,10.69
"13154","BLWA","2025-02-23",10.5764583333333,10.74,10.33
"13155","BLWA","2025-02-24",10.38625,10.52,10.28
"13156","BLWA","2025-02-25",10.5570833333333,10.83,10.27
"13157","BLWA","2025-02-26",10.8131818181818,11.06,10.43
"13158","BLWA","2025-02-27",11.134375,11.33,10.69
"13159","BLWA","2025-02-28",11.53625,11.75,11.25
"13160","BLWA","2025-03-01",11.8908888888889,12.06,11.39
"13161","BLWA","2025-03-02",12.2666666666667,12.54,11.88
"13162","BLWA","2025-03-03",12.4716666666667,12.74,12.08
"13163","BLWA","2025-03-04",12.6427083333333,13.42,12.38
"13164","BLWA","2025-03-05",12.9659574468085,13.32,12.45
"13165","BLWA","2025-03-06",12.8070833333333,12.96,12.53
"13166","BLWA","2025-03-07",12.6683333333333,12.95,12.37
"13167","BLWA","2025-03-08",12.6326086956522,12.8,12.34
"13168","BLWA","2025-03-09",12.9991666666667,13.2,12.7
"13169","BLWA","2025-03-10",13.0425,13.22,12.83
"13170","BLWA","2025-03-11",13.3166666666667,13.8,12.97
"13171","BLWA","2025-03-12",13.6560975609756,14.93,13.07
"13172","BLWA","2025-03-13",13.9088888888889,14.68,13.26
"13173","BLWA","2025-03-14",14.28225,15.91,13.66
"13174","BLWA","2025-03-15",14.8526086956522,15.48,14.28
"13175","BLWA","2025-03-16",15.3322916666667,16.66,14.55
"13176","BLWA","2025-03-17",16.66375,17.51,15.57
"13177","BLWA","2025-03-18",16.0535,16.38,15.8
"13178","BLWA","2025-03-19",15.8310526315789,16.24,15.34
"13179","BLWA","2025-03-20",15.1145833333333,15.45,14.57
"13180","BLWA","2025-03-21",14.4741666666667,14.63,14.25
"13181","BLWA","2025-03-22",14.57125,14.79,14.26
"13182","BLWA","2025-03-23",14.8625,15.07,14.45
"13183","BLWA","2025-03-24",15.3591666666667,15.57,14.78
"13184","BLWA","2025-03-25",15.4802083333333,15.91,15.27
"13185","BLWA","2025-03-26",15.5789583333333,15.79,15.27
"13186","BLWA","2025-03-27",15.7989583333333,15.9,15.38
"13187","BLWA","2025-03-28",16.4225,16.58,15.8
"13188","BLWA","2025-03-29",16.8997916666667,17.3,16.58
"13189","BLWA","2025-03-30",17.1097916666667,17.59,16.83
"13190","BLWA","2025-03-31",17.2620833333333,17.64,17.03
"13191","BLWA","2025-04-01",17.9244680851064,18.5,17.27
"13192","BLWA","2025-04-02",18.4590909090909,18.79,18.06
"13193","BLWA","2025-04-03",18.9679166666667,19.18,18.54
"13194","BLWA","2025-04-04",19.6116666666667,19.8,19.12
"13195","BLWA","2025-04-05",20.1708333333333,20.29,19.82
"13196","BLWA","2025-04-06",20.6295833333333,20.89,20.2
"13197","BLWA","2025-04-07",20.4808333333333,20.66,20.24
"13198","BLWA","2025-04-08",20.16,20.18,20.14
"13199","BLWA","2025-04-09",17.99,18.08,17.84
"13200","BLWA","2025-04-10",18.0453333333333,18.18,17.83
"13201","BLWA","2025-04-11",18.1628888888889,18.44,17.8
"13202","BLWA","2025-04-12",18.2141025641026,18.51,17.95
"13203","BLWA","2025-04-13",18.2186956521739,18.36,18
"13204","BLWA","2025-04-14",18.3652083333333,18.46,18.1
"13205","BLWA","2025-04-15",18.7677083333333,18.94,18.33
"13206","BLWA","2025-04-16",18.9204166666667,19.08,18.71
"13207","BLWA","2025-04-17",19.105625,19.28,18.74
"13208","BLWA","2025-04-18",19.3297777777778,19.41,18.98
"13209","BLWA","2025-04-19",19.7865853658537,20.41,19.32
"13210","BLWA","2025-04-20",20.489756097561,22.15,19.52
"13211","BLWA","2025-04-21",20.755,21.82,20.32
"13212","BLWA","2025-04-22",21.4969047619048,22.47,20.35
"13213","BLWA","2025-04-23",21.2507142857143,21.77,20.73
"13214","BLWA","2025-04-24",20.995,21.22,20.83
"13215","BLWA","2025-04-25",21.5271794871795,21.85,20.93
"13216","BLWA","2025-04-26",21.1345833333333,21.84,20.01
"13217","BLWA","2025-04-27",20.0429268292683,20.1,19.85
"13218","BLWA","2025-04-28",20.6402083333333,20.89,20.09
"13219","BLWA","2025-04-29",21.3158333333333,21.45,20.9
"13220","BLWA","2025-04-30",21.6821739130435,21.99,21.4
"13221","BLWA","2025-05-02",22.7029166666667,22.86,22.61
"13222","BLWA","2025-05-03",23.1036363636364,24.07,22.57
"13223","BLWA","2025-05-04",22.6859090909091,22.94,22.36
"13224","BLWA","2025-05-05",22.3725,22.38,22.36
"13225","BLWA","2025-05-08",20.9171428571429,20.96,20.77
"13226","BLWA","2025-05-09",21.1839130434783,21.28,20.8
"13227","BLWA","2025-05-10",21.423488372093,21.47,21.21
"13228","BLWA","2025-05-11",21.2825925925926,21.37,21.13
"13229","BLWA","2025-05-13",17.8485714285714,21.64,16.06
"13230","BLWA","2025-05-14",20.0953846153846,23.12,18.7
"13231","BLWA","2025-05-15",20.36,20.88,19.81
"13232","BLWA","2025-05-16",22.1407692307692,24.06,21.46
"13233","BLWA","2025-05-17",23.215,23.52,22.91
"13234","BLWA","2025-05-18",21.7664705882353,21.9,21.52
"13235","BLWA","2025-05-19",22.17,22.26,22.02
"13236","BLWA","2025-05-20",22.6768421052632,22.83,22.49
"13237","BLWA","2025-05-21",23.17125,23.28,22.59
"13238","BLWA","2025-05-22",23.346,23.54,23.16
"13239","BLWA","2025-05-23",23.5827083333333,23.72,23.18
"13240","BLWA","2025-05-24",24.1104166666667,24.37,23.69
"13241","BLWA","2025-05-25",24.655,25.06,24.38
"13242","BLWA","2025-05-26",25.0652631578947,25.56,24.87
"13243","BLWA","2025-05-27",24.9558333333333,25.29,24.6
"13244","BLWA","2025-05-28",24.52,24.6,24.28
"13245","BLWA","2025-05-29",24.422,25.31,23.88
"13246","BLWA","2025-06-01",23.8182352941176,23.85,23.78
"13247","BLWA","2025-06-02",24.0733333333333,24.21,23.8
"13248","BLWA","2025-06-03",24.4721276595745,24.64,23.99
"13249","BLWA","2025-06-04",25.1082608695652,25.34,24.68
"13250","BLWA","2025-06-05",25.498085106383,25.86,25.09
"13251","BLWA","2025-06-06",26.041935483871,28.85,25.73
"13252","BLWA","2025-06-07",26.61625,26.85,26.08
"13253","BLWA","2025-06-08",27.3762068965517,27.76,26.71
"13254","BLWA","2025-06-09",26.6265957446809,26.91,26.28
"13255","BLWA","2025-06-10",25.9105882352941,26.24,25.34
"13256","BLWA","2025-06-11",25.622,25.95,25.21
"13257","BLWA","2025-06-12",26.2575609756098,26.37,25.97
"13258","BLWA","2025-06-13",26.4758536585366,26.9,26.18
"13259","BLWA","2025-06-14",26.4430434782609,26.85,26.33
"13260","BLWA","2025-06-15",26.558,27.54,26.37
"13261","BLWA","2025-06-16",26.4040425531915,26.75,26.23
"13262","BLWA","2025-06-17",26.5920512820513,26.71,26.32
"13263","BLWA","2025-06-18",26.9215,27.09,26.7
"13264","BLWA","2025-06-19",23.115,23.35,22.88
"13265","BLWA","2025-06-24",27.2661764705882,27.34,27.11
"13266","BLWA","2025-06-25",27.7568888888889,27.95,27.27
"13267","BLWA","2025-06-26",28.4113333333333,28.69,27.93
"13268","BLWA","2025-06-27",28.5395454545455,28.82,28.38
"13269","BLWA","2025-06-28",28.7190243902439,29.14,28.39
"13270","BLWA","2025-06-29",28.915,29.31,28.43
"13271","BLWA","2025-06-30",29.1004166666667,29.47,28.85
"13272","BLWA","2025-07-01",29.1474468085106,29.55,28.88
"13273","BLWA","2025-07-02",29.0097826086957,29.61,28.54
"13274","BLWA","2025-07-03",28.714375,29.22,28.4
"13275","BLWA","2025-07-04",28.6045833333333,28.78,28.39
"13276","BLWA","2025-07-05",28.6602173913043,29.02,28.4
"13277","BLWA","2025-07-06",28.77275,28.96,28.43
"13278","BLWA","2025-07-07",29.6447058823529,30.72,28.93
"13279","BLWA","2025-07-08",29.8,30.06,29.56
"13280","BLWA","2025-07-18",32.3610526315789,33.49,31.57
"13281","BLWA","2025-07-19",31.57375,31.92,31.35
"13282","BLWA","2025-07-20",32.7255319148936,33.96,31.34
"13283","BLWA","2025-07-21",32.8102564102564,35.28,31.83
"13284","BLWA","2025-07-22",33.5686111111111,35.92,32.16
"13285","BLWA","2025-07-23",33.8946808510638,35.56,32.4
"13286","BLWA","2025-07-24",32.9477777777778,33.32,32.66
"13287","BLWA","2025-07-25",33.2536956521739,34.39,32.71
"13288","BLWA","2025-07-26",32.84125,33.88,32.21
"13289","BLWA","2025-07-27",32.64,34.01,32.13
"13290","BLWA","2025-07-28",33.3351111111111,34.62,32.12
"13291","BLWA","2025-07-29",33.9458333333333,34.7,32.66
"13292","BLWA","2025-07-30",33.8708333333333,35.11,32.97
"13293","BLWA","2025-07-31",33.6511111111111,35.51,32.91
"13294","BLWA","2025-08-01",33.7762222222222,35.74,32.9
"13295","BLWA","2025-08-02",33.19875,34.93,32.46
"13296","BLWA","2025-08-03",32.9397826086957,33.92,32.47
"13297","BLWA","2025-08-04",32.7840425531915,33.49,32.39
"13298","BLWA","2025-08-05",32.3127083333333,32.51,32.1
"13299","BLWA","2025-08-06",32.0104166666667,32.51,31.3
"13300","BLWA","2025-08-07",31.8433333333333,33.3,31.26
"13301","BLWA","2025-08-08",32.1902222222222,33.43,31.33
"13302","BLWA","2025-08-09",32.2876086956522,33.29,31.55
"13303","BLWA","2025-08-10",31.9527083333333,33.05,31.38
"13304","BLWA","2025-08-11",31.7439583333333,32.74,31.23
"13305","BLWA","2025-08-12",31.7589583333333,32.32,31.23
"13306","BLWA","2025-08-13",32.2747916666667,33.08,31.48
"13307","BLWA","2025-08-14",32.6636170212766,34.16,31.59
"13308","BLWA","2025-08-15",32.3509756097561,33.65,31.59
"13309","BLWA","2025-08-16",32.8710869565217,35,31.52
"13310","BLWA","2025-08-17",33.5058695652174,35.53,32.24
"13311","BLWA","2025-08-18",32.9520454545455,34.91,31.95
"13312","BLWA","2025-08-19",33.4512765957447,35.54,31.91
"13313","BLWA","2025-08-20",33.5935555555556,34.55,32.22
"13314","BLWA","2025-08-21",33.4872727272727,35.87,32.35
"13315","BLWA","2025-08-22",32.5885416666667,33.46,31.97
"13316","BLWA","2025-08-23",32.2710638297872,32.89,31.71
"13317","BLWA","2025-08-24",32.4966666666667,34.03,31.67
"13318","BLWA","2025-08-25",32.241875,33.31,31.68
"13319","BLWA","2025-08-26",32.0072916666667,32.61,31.52
"13320","BLWA","2025-08-27",31.785625,32.48,31.4
"13321","BLWA","2025-08-28",31.85125,32.25,31.46
"13322","BLWA","2025-08-29",31.258125,31.59,30.95
"13323","BLWA","2025-08-30",30.7152083333333,31.32,30.26
"13324","BLWA","2025-08-31",30.455,30.94,30.16
"13325","BLWA","2025-09-01",30.5606818181818,31.84,30.04
"13326","BLWA","2025-09-02",30.4351162790698,31.36,30.03
"13327","BLWA","2025-09-03",30.5170833333333,31.57,30
"13328","BLWA","2025-09-04",30.8425,32.9,29.99
"13329","BLWA","2025-09-05",30.9177777777778,32.82,30.01
"13330","BLWA","2025-09-06",31.166,32.46,30.2
"13331","BLWA","2025-09-07",30.85125,31.47,30.52
"13332","BLWA","2025-09-08",30.5002083333333,31.04,30.08
"13333","BLWA","2025-09-09",30.4852083333333,31.51,30.08
"13334","BLWA","2025-09-10",30.8952083333333,32.03,30.08
"13335","BLWA","2025-09-11",30.656875,31.91,29.99
"13336","BLWA","2025-09-12",30.6408333333333,32.27,30
"13337","BLWA","2025-09-13",30.5372340425532,31.39,30
"13338","BLWA","2025-09-14",30.6070212765957,31.78,29.95
"13339","BLWA","2025-09-15",30.821914893617,32.35,29.93
"13340","BLWA","2025-09-16",30.9372340425532,32.65,29.96
"13341","BLWA","2025-09-17",30.3760465116279,31.33,29.98
"13342","BLWA","2025-09-18",30.8478260869565,32.07,29.98
"13343","BLWA","2025-09-19",31.1070833333333,32.48,30.22
"13344","BLWA","2025-09-20",30.946170212766,32.15,30.35
"13345","BLWA","2025-09-21",30.9189361702128,31.86,30.3
"13346","BLWA","2025-09-22",30.5208695652174,31.66,30.26
"13347","BLWA","2025-09-23",30.5572916666667,31.18,30.28
"13348","BLWA","2025-09-24",30.8065957446809,31.68,30.33
"13349","BLWA","2025-09-25",30.580625,31.41,30.17
"13350","BLWA","2025-09-26",30.3608695652174,31.01,30.08
"13351","BLWA","2025-09-27",30.0942553191489,30.91,29.62
"13352","BLWA","2025-09-28",29.7366666666667,30.52,29.19
"13353","BLWA","2025-09-29",29.5283333333333,30.17,29.07
"13354","BLWA","2025-09-30",29.433829787234,30.16,29.06
"13355","BLWA","2025-10-01",29.6704166666667,30.38,29.06
"13356","BLWA","2025-10-02",29.6760416666667,30.16,29.28
"13357","BLWA","2025-10-03",29.4721428571429,30.2,29.19
"13358","BLWA","2025-10-04",28.969375,29.32,28.51
"13359","BLWA","2025-10-05",28.4627659574468,29.14,28.1
"13360","BLWA","2025-10-06",28.33,28.61,28.14
"13361","BLWA","2025-10-07",28.0541666666667,28.36,27.8
"13362","BLWA","2025-10-08",28.3275,29.54,27.79
"13363","BLWA","2025-10-09",28.19875,28.69,27.82
"13364","BLWA","2025-10-10",28.2879166666667,29.23,27.86
"13365","BLWA","2025-10-11",28.1568085106383,28.81,27.86
"13366","BLWA","2025-10-12",27.9854166666667,28.42,27.59
"13367","BLWA","2025-10-13",27.715,28.62,27.05
"13368","BLWA","2025-10-14",27.1466666666667,27.94,26.56
"13369","BLWA","2025-10-15",26.5827083333333,27.16,26.16
"13370","BLWA","2025-10-16",26.670652173913,28.09,25.84
"13371","BLWA","2025-10-17",26.3789130434783,27.17,25.72
"13372","BLWA","2025-10-18",26.35,27.49,25.64
"13373","BLWA","2025-10-19",26.0375,26.72,25.72
"13374","BLWA","2025-10-20",25.7302083333333,26.6,25.13
"13375","BLWA","2025-10-21",25.1482608695652,25.76,24.74
"13376","BLWA","2025-10-22",24.9991489361702,26.2,24.58
"13377","BLWA","2025-10-23",24.678085106383,25.47,24.2
"13378","BLWA","2025-10-24",24.5995652173913,25.9,23.91
"13379","BLWA","2025-10-25",24.4935416666667,25.5,23.74
"13380","BLWA","2025-10-26",23.7755555555556,24.29,23.58
"13381","BLWA","2025-10-27",23.3064583333333,23.59,22.96
"13382","BLWA","2025-10-28",22.7772916666667,23,22.61
"13383","BLWA","2025-10-29",22.49375,22.61,22.36
"13384","BLWA","2025-10-31",21.008125,21.3,20.81
"13385","BLWA","2025-11-01",20.9639583333333,21.84,20.42
"13386","BLWA","2025-11-02",20.5753191489362,21.2,20.31
"13387","BLWA","2025-11-03",20.2120833333333,20.94,19.84
"13388","BLWA","2025-11-04",19.8685416666667,20.38,19.46
"13389","BLWA","2025-11-05",20.2527083333333,21.76,19.36
"13390","BLWA","2025-11-06",20.189347826087,21.63,19.33
"13391","BLWA","2025-11-07",19.6548780487805,20.78,19.31
"13392","BLWA","2025-11-08",19.715,20.33,19.38
"13393","BLWA","2025-11-09",19.8497872340426,20.38,19.53
"13394","BLWA","2025-11-10",19.528125,20.27,18.99
"13395","BLWA","2025-11-11",18.7272916666667,19.1,18.41
"13396","BLWA","2025-11-12",18.3464583333333,19.15,17.84
"13397","BLWA","2025-11-13",18.3462222222222,19.39,17.84
"13398","BLWA","2025-11-14",18.465,19.33,18.08
"13399","BLWA","2025-11-15",18.7439024390244,19.72,18.13
"13400","BLWA","2025-11-16",18.7856818181818,19.62,18.41
"13401","BLWA","2025-11-17",19.1427083333333,19.83,18.68
"13402","BLWA","2025-11-18",19.1070212765957,20.05,18.66
"13403","BLWA","2025-11-19",19.2447826086957,20.51,18.79
"13404","BLWA","2025-11-20",19.4185714285714,20.3,18.83
"13405","BLWA","2025-11-21",19.3693181818182,20.84,18.75
"13406","BLWA","2025-11-22",18.8189583333333,19.03,18.73
"13407","BLWA","2025-11-23",18.8732608695652,19.88,18.63
"13408","BLWA","2025-11-24",18.4860416666667,18.77,18.19
"13409","BLWA","2025-11-25",18.4154347826087,19.2,18.16
"13410","BLWA","2025-11-26",18.451875,18.74,18.26
"13411","BLWA","2025-11-27",18.011875,18.34,17.61
"13412","BLWA","2025-11-28",17.4854166666667,17.83,17.14
"13413","BLWA","2025-11-29",16.9720833333333,17.41,16.6
"13414","BLWA","2025-11-30",16.5054166666667,16.8,16.35
"13415","BLWA","2025-12-01",16.2141666666667,16.38,16
"13416","BLWA","2025-12-02",15.8420833333333,15.98,15.6
"13417","BLWA","2025-12-03",15.3789583333333,15.58,15.19
"13418","BLWA","2025-12-04",15.4397872340426,15.8,15.24
"13419","BLWA","2025-12-05",15.4783333333333,15.73,15.21
"13420","BLWA","2025-12-06",14.9060416666667,15.18,14.77
"13421","BLWA","2025-12-07",14.8845833333333,15.05,14.75
"13422","BLWA","2025-12-08",14.7989583333333,14.87,14.69
"13423","BLWA","2025-12-09",14.720625,14.81,14.67
"13424","BLWA","2025-12-10",14.8522916666667,15.4,14.41
"13425","BLWA","2025-12-11",14.304375,14.84,13.74
"13426","BLWA","2025-12-12",14.0259574468085,14.59,13.72
"13427","BLWA","2025-12-13",14.2484090909091,15.59,13.76
"13428","BLWA","2025-12-14",14.6461363636364,15.14,14.01
"13429","BLWA","2025-12-15",13.9225,14.37,13.51
"13430","BLWA","2025-12-16",13.4636956521739,14.1,13.08
"13431","BLWA","2025-12-17",13.7178260869565,14.88,13.29
"13432","BLWA","2025-12-18",13.6317777777778,14.87,13.2
"13433","BLWA","2025-12-19",13.4175,13.87,13.15
"13434","BLWA","2025-12-20",13.30875,13.81,13.08
"13435","BLWA","2025-12-21",13.3075,14.03,12.79
"13436","BLWA","2025-12-22",12.69375,13.21,12.47
"13437","BLWA","2025-12-23",12.5591666666667,13.02,12.35
"13438","BLWA","2025-12-24",12.6481578947368,13.7,12.42
"13439","BLWA","2025-12-25",12.9847619047619,15.63,12.46
"13440","BLWA","2025-12-26",13.2831707317073,15.63,12.5
"13441","BLWA","2025-12-27",13.0681395348837,13.91,12.69
"13442","BLWA","2025-12-28",13.5114705882353,14.78,13.05
"13443","BLWA","2025-12-29",13.6940425531915,14.52,13.33
"13444","BLWA","2025-12-30",13.1958333333333,13.63,12.74
"13445","BLWA","2025-12-31",12.6202083333333,13.2,12.19
"13446","BLWA","2026-01-01",12.7013043478261,13.45,12.15
"13447","TOMB","2018-07-25",31.4434782608696,31.7,31.31
"13448","TOMB","2018-07-26",31.8063829787234,32.62,31.28
"13449","TOMB","2018-07-27",32.4325,34.86,31.34
"13450","TOMB","2018-07-28",32.5135555555556,35.05,31.35
"13451","TOMB","2018-07-29",32.1111363636364,33.02,31.46
"13452","TOMB","2018-07-30",32.0586666666667,33.98,31.57
"13453","TOMB","2018-08-03",31.494358974359,32.23,31
"13454","TOMB","2018-08-04",31.6438636363636,33.01,30.85
"13455","TOMB","2018-08-05",31.3067391304348,33.1,30.81
"13456","TOMB","2018-08-06",31.7488095238095,33.99,30.78
"13457","TOMB","2018-08-07",32.5595555555556,35.34,30.8
"13458","TOMB","2018-08-08",32.4610416666667,35.28,30.94
"13459","TOMB","2018-08-09",32.626170212766,35.19,30.8
"13460","TOMB","2018-08-10",31.9135416666667,34.4,30.86
"13461","TOMB","2018-08-11",31.4397916666667,33.3,30.79
"13462","TOMB","2018-08-12",31.4419512195122,32.76,30.66
"13463","TOMB","2018-08-13",31.1193023255814,33.35,30.49
"13464","TOMB","2018-08-14",31.1108510638298,32.45,30.48
"13465","TOMB","2018-08-15",32.0362790697674,33.51,30.5
"13466","TOMB","2018-08-16",32.0091489361702,33.82,30.7
"13467","TOMB","2018-08-17",31.9102325581395,33.53,31.06
"13468","TOMB","2018-08-18",31.6022916666667,32.28,31.19
"13469","TOMB","2018-08-19",31.22375,31.89,30.95
"13470","TOMB","2018-08-20",31.2353333333333,31.96,30.94
"13471","TOMB","2018-08-21",31.045625,31.7,30.75
"13472","TOMB","2018-08-22",31.0574468085106,31.78,30.4
"13473","TOMB","2018-08-23",31.0310416666667,32.84,30.18
"13474","TOMB","2018-08-24",30.5619565217391,31.66,30.04
"13475","TOMB","2018-08-25",30.9541860465116,32.3,30.02
"13476","TOMB","2018-08-26",31.2240476190476,33.96,30.17
"13477","TOMB","2018-08-27",31.2497916666667,32.75,30.23
"13478","TOMB","2018-08-28",31.5831818181818,33.68,30.2
"13479","TOMB","2018-08-29",31.2222916666667,33.04,30.24
"13480","TOMB","2018-08-30",30.4925,31.85,29.91
"13481","TOMB","2018-08-31",30.271914893617,31.51,29.87
"13482","TOMB","2018-09-01",30.1435416666667,31,29.65
"13483","TOMB","2018-09-02",30.023829787234,31.18,29.54
"13484","TOMB","2018-09-03",29.817380952381,31.11,29.4
"13485","TOMB","2018-09-04",29.8691111111111,30.79,29.47
"13486","TOMB","2018-09-05",29.754347826087,30.56,29.38
"13487","TOMB","2018-09-06",27.3161904761905,29.5,25.07
"13488","TOMB","2018-09-07",24.1238888888889,25.04,23.31
"13489","TOMB","2018-09-08",26.7622857142857,27.18,26.36
"13490","TOMB","2018-09-09",26.9990909090909,29.56,26.33
"13491","TOMB","2018-09-10",27.7039473684211,30.21,26.38
"13492","TOMB","2018-09-11",27.027,27.62,26.64
"13493","TOMB","2018-09-12",27.6911904761905,28.68,27.05
"13494","TOMB","2018-09-13",28.8847619047619,30.54,27.9
"13495","TOMB","2018-09-14",29.1768292682927,30.73,28.32
"13496","TOMB","2018-09-15",29.3929166666667,30.36,28.61
"13497","TOMB","2018-09-16",29.626,31.71,28.9
"13498","TOMB","2018-09-17",30.8260975609756,34.92,29.11
"13499","TOMB","2018-09-18",30.8866666666667,34.73,29.42
"13500","TOMB","2018-09-19",30.2917777777778,31.91,29.51
"13501","TOMB","2018-09-20",30.4704347826087,32.01,29.57
"13502","TOMB","2018-09-21",31.1228571428571,33.84,29.76
"13503","TOMB","2018-09-22",31.000625,33.07,29.98
"13504","TOMB","2018-09-23",31.0570212765957,33.29,29.99
"13505","TOMB","2018-09-24",31.0652083333333,33.25,30.06
"13506","TOMB","2018-09-25",30.3110416666667,31.32,30
"13507","TOMB","2018-09-26",30.51875,32.11,29.9
"13508","TOMB","2018-09-27",30.1735416666667,30.96,29.9
"13509","TOMB","2018-09-28",29.9616666666667,30.03,29.88
"13510","TOMB","2018-09-29",23.6566666666667,26.26,22.8
"13511","TOMB","2018-09-30",29.0818518518519,29.2,28.97
"13512","TOMB","2018-10-01",29.0970833333333,29.51,28.87
"13513","TOMB","2018-10-02",29.1386046511628,30.1,28.87
"13514","TOMB","2018-10-03",29.723,30.74,28.95
"13515","TOMB","2021-05-20",22.46,22.56,22.34
"13516","TOMB","2021-05-21",22.6784848484848,23,22.33
"13517","TOMB","2021-05-22",23.0191666666667,23.42,22.75
"13518","TOMB","2021-05-23",23.3437931034483,24.01,22.96
"13519","TOMB","2021-05-24",24.313125,26.62,23.31
"13520","TOMB","2021-05-25",24.9692592592593,26.32,23.73
"13521","TOMB","2021-05-26",24.9991304347826,26.81,24.37
"13522","TOMB","2021-05-27",25.2310344827586,26.04,24.58
"13523","TOMB","2021-05-28",25.9016666666667,27.43,24.96
"13524","TOMB","2021-05-29",26.004375,26.72,25.4
"13525","TOMB","2021-05-30",25.8537837837838,27.12,25.53
"13526","TOMB","2021-05-31",25.8376744186047,26.33,25.52
"13527","TOMB","2021-06-01",26.639375,28.63,25.7
"13528","TOMB","2021-06-02",27.0906976744186,29.45,25.88
"13529","TOMB","2021-06-03",26.6827659574468,27.54,26.21
"13530","TOMB","2021-06-04",26.8521739130435,28.16,26.21
"13531","TOMB","2021-06-05",26.4716666666667,27.01,26.22
"13532","TOMB","2021-06-06",26.3020833333333,26.61,26.2
"13533","TOMB","2021-06-07",25.9304166666667,26.4,25.65
"13534","TOMB","2021-06-08",25.0725581395349,25.62,24.81
"13535","TOMB","2021-06-09",25.0406382978723,25.25,24.75
"13536","TOMB","2021-06-10",25.3058333333333,25.46,25.08
"13537","TOMB","2021-06-11",25.2139583333333,25.45,24.88
"13538","TOMB","2021-06-12",24.965,25.16,24.78
"13539","TOMB","2021-06-13",24.7714285714286,24.78,24.75
"13540","TOMB","2021-07-23",27.015,27.13,26.79
"13541","TOMB","2021-07-24",27.1472916666667,27.32,26.92
"13542","TOMB","2021-07-25",27.1683333333333,27.3,26.9
"13543","TOMB","2021-07-26",27.7029166666667,27.93,27.2
"13544","TOMB","2021-07-27",28.26875,28.47,27.9
"13545","TOMB","2021-07-28",28.8890909090909,29.25,28.47
"13546","TOMB","2021-07-29",29.2004166666667,29.44,28.7
"13547","TOMB","2021-07-30",29.3942222222222,29.87,29.03
"13548","TOMB","2021-07-31",29.4966666666667,29.78,29.04
"13549","TOMB","2021-08-01",29.9792307692308,30.14,29.44
"13550","TOMB","2021-08-02",30.2860606060606,30.35,30.11
"13551","TOMB","2021-08-03",30.2754166666667,30.51,30.04
"13552","TOMB","2021-08-04",30.168125,30.57,29.82
"13553","TOMB","2021-08-05",29.5473333333333,29.95,28.95
"13554","TOMB","2021-08-06",28.3782352941176,28.92,27.96
"13555","TOMB","2021-08-07",28.2158823529412,29.23,27.95
"13556","TOMB","2021-08-08",29.1968965517241,31.22,28.23
"13557","TOMB","2021-08-09",29.8884375,31.62,29
"13558","TOMB","2021-08-10",29.989,30.97,29.45
"13559","TOMB","2021-08-11",30.5796428571429,32.01,29.77
"13560","TOMB","2021-08-12",30.0414705882353,31.37,29.9
"13561","TOMB","2021-08-13",30.11725,30.57,29.95
"13562","TOMB","2021-08-14",30.4173529411765,31.21,30.05
"13563","TOMB","2021-08-15",30.74625,31.6,30.23
"13564","TOMB","2021-08-16",30.8185,30.94,30.54
"13565","TOMB","2021-08-17",30.8958695652174,31.13,30.41
"13566","TOMB","2021-08-18",30.6927272727273,30.87,30.34
"13567","TOMB","2021-08-19",30.97125,31.13,30.75
"13568","TOMB","2021-08-20",31.0563157894737,32.57,30.65
"13569","TOMB","2021-08-21",30.558,30.75,30.45
"13570","TOMB","2021-08-22",30.4170833333333,30.86,29.69
"13571","TOMB","2021-08-23",29.2179166666667,29.66,28.66
"13572","TOMB","2021-08-24",29.4809756097561,29.68,28.69
"13573","TOMB","2021-08-25",29.8783333333333,30.36,29.58
"13574","TOMB","2021-08-26",29.9860606060606,30.26,29.67
"13575","TOMB","2021-08-27",30.3031428571429,30.72,30.05
"13576","TOMB","2021-08-28",30.4033333333333,31.5,30.22
"13577","TOMB","2021-08-29",30.4029787234043,31.17,30.13
"13578","TOMB","2021-08-30",30.1854166666667,30.24,30.11
"13579","TOMB","2021-08-31",29.5314583333333,30.1,29.1
"13580","TOMB","2021-09-01",28.2929166666667,29.1,27.17
"13581","TOMB","2021-09-02",27.2814583333333,27.76,26.74
"13582","TOMB","2021-09-03",26.973023255814,27.13,26.61
"13583","TOMB","2021-09-04",26.4091666666667,26.62,25.96
"13584","TOMB","2021-09-05",25.984375,26.07,25.92
"13585","TOMB","2021-09-06",26.1097916666667,26.24,25.92
"13586","TOMB","2021-09-07",26.0539583333333,26.15,25.93
"13587","TOMB","2021-09-08",26.243125,26.38,25.93
"13588","TOMB","2021-09-09",26.5704166666667,26.75,26.36
"13589","TOMB","2021-09-10",26.751875,26.97,26.56
"13590","TOMB","2021-09-11",26.7983333333333,27.17,26.51
"13591","TOMB","2021-09-12",26.7768421052632,27.19,26.47
"13592","TOMB","2021-09-13",26.8954545454545,27.25,26.72
"13593","TOMB","2021-09-14",26.9365853658537,27.41,26.81
"13594","TOMB","2021-09-15",26.9902127659574,27.13,26.83
"13595","TOMB","2021-09-16",26.776875,26.82,26.71
"13596","TOMB","2021-09-17",26.7765,27.71,26.64
"13597","TOMB","2021-09-18",26.6490697674419,26.94,26.43
"13598","TOMB","2021-09-19",26.4465909090909,26.87,26.09
"13599","TOMB","2021-09-20",26.119375,26.56,25.75
"13600","TOMB","2021-09-21",25.9693181818182,26.15,25.86
"13601","TOMB","2021-09-22",26.1347826086957,26.34,25.93
"13602","TOMB","2021-09-23",26.1652083333333,26.34,25.93
"13603","TOMB","2021-09-24",25.7827083333333,25.99,25.46
"13604","TOMB","2021-09-25",25.4570833333333,25.65,25.29
"13605","TOMB","2021-09-26",25.2660416666667,25.57,24.95
"13606","TOMB","2021-09-27",25.1776744186047,25.59,24.88
"13607","TOMB","2021-09-28",25.1175757575758,25.29,24.82
"13608","TOMB","2021-09-29",25.1645,25.48,25.09
"13609","TOMB","2021-09-30",25.177380952381,25.34,24.95
"13610","TOMB","2021-10-01",25.0647826086957,25.21,24.86
"13611","TOMB","2021-10-02",25.1005,25.3,24.95
"13612","TOMB","2021-10-03",25.1232608695652,25.23,24.98
"13613","TOMB","2021-10-04",25.2202222222222,25.35,25.16
"13614","TOMB","2021-10-05",25.3374358974359,25.94,25.2
"13615","TOMB","2021-10-06",25.5297777777778,25.78,25.29
"13616","TOMB","2021-10-07",25.2940909090909,25.64,25.12
"13617","TOMB","2021-10-08",25.5979166666667,25.81,25.35
"13618","TOMB","2021-10-09",25.4914583333333,25.78,25.28
"13619","TOMB","2021-10-10",25.345625,25.48,25.17
"13620","TOMB","2021-10-11",25.0270833333333,25.25,24.79
"13621","TOMB","2021-10-12",24.8478260869565,25.06,24.68
"13622","TOMB","2021-10-13",24.9279487179487,25.39,24.68
"13623","TOMB","2021-10-14",24.9336111111111,25.25,24.76
"13624","TOMB","2021-10-15",24.8871794871795,25.16,24.75
"13625","TOMB","2021-10-16",25.2237142857143,26.85,24.78
"13626","TOMB","2021-10-17",24.759375,25,24.48
"13627","TOMB","2021-10-18",24.3741666666667,24.69,23.97
"13628","TOMB","2021-10-19",24.0052380952381,24.63,23.8
"13629","TOMB","2021-10-20",23.955,25.39,23.63
"13630","TOMB","2021-10-21",23.825,25.03,23.61
"13631","TOMB","2021-10-22",24.2563157894737,26.77,23.48
"13632","TOMB","2021-10-23",23.9142105263158,26.29,23.27
"13633","TOMB","2021-10-24",23.5163157894737,24.46,23.23
"13634","TOMB","2021-10-25",23.2329166666667,23.52,23.08
"13635","TOMB","2021-10-26",23.395,24.25,22.95
"13636","TOMB","2021-10-27",23.2440909090909,24.5,22.88
"13637","TOMB","2021-10-28",23.312380952381,24.55,22.96
"13638","TOMB","2021-10-29",22.9614583333333,23.15,22.68
"13639","TOMB","2021-10-30",22.3975,22.66,22.12
"13640","TOMB","2021-10-31",21.761875,22.1,21.42
"13641","TOMB","2021-11-01",21.4097435897436,22.41,21.13
"13642","TOMB","2021-11-02",21.1360416666667,21.56,20.86
"13643","TOMB","2021-11-03",20.8597916666667,21.16,20.51
"13644","TOMB","2021-11-04",20.45375,20.87,20.12
"13645","TOMB","2021-11-05",19.8595833333333,20.1,19.63
"13646","TOMB","2021-11-06",19.4602083333333,19.62,19.19
"13647","TOMB","2021-11-07",19.2185416666667,19.46,18.88
"13648","TOMB","2021-11-08",18.9989583333333,19.5,18.66
"13649","TOMB","2021-11-09",18.86125,19.43,18.56
"13650","TOMB","2021-11-10",18.889,19.93,18.48
"13651","TOMB","2021-11-11",18.7416279069767,19.86,18.41
"13652","TOMB","2021-11-12",18.5245833333333,18.9,18.19
"13653","TOMB","2021-11-13",18.4119047619048,19.6,18.01
"13654","TOMB","2021-11-14",17.84625,18.19,17.56
"13655","TOMB","2021-11-15",17.70775,18.64,17.44
"13656","TOMB","2021-11-16",17.7054054054054,18.87,17.37
"13657","TOMB","2021-11-17",17.6738095238095,18.8,17.33
"13658","TOMB","2021-11-18",18.0036170212766,19.04,17.3
"13659","TOMB","2021-11-19",17.5263157894737,18.49,17.22
"13660","TOMB","2021-11-20",17.2722916666667,17.48,17.06
"13661","TOMB","2021-11-21",17.2063636363636,17.93,16.97
"13662","TOMB","2021-11-22",17.4278048780488,18.38,16.95
"13663","TOMB","2021-11-23",16.95625,17.38,16.58
"13664","TOMB","2021-11-24",16.4685416666667,16.78,16.18
"13665","TOMB","2021-11-25",16.1607317073171,16.46,16.05
"13666","TOMB","2021-11-26",16.2372340425532,16.82,15.97
"13667","TOMB","2021-11-27",15.8175,16.03,15.51
"13668","TOMB","2021-11-28",15.744,16.73,15.36
"13669","TOMB","2021-11-29",15.2622916666667,15.52,15.02
"13670","TOMB","2021-11-30",15.1633333333333,15.33,15.01
"13671","TOMB","2022-05-06",23.67,23.8,23.62
"13672","TOMB","2022-05-07",23.9747916666667,24.23,23.68
"13673","TOMB","2022-05-08",24.3176923076923,25.35,23.79
"13674","TOMB","2022-05-09",24.5665,25.21,24.11
"13675","TOMB","2022-05-10",24.7983783783784,25.87,24.38
"13676","TOMB","2022-05-11",25.038,26.12,24.77
"13677","TOMB","2022-05-12",25.5306666666667,26.23,24.76
"13678","TOMB","2022-05-13",25.534347826087,26.35,25.35
"13679","TOMB","2022-05-14",25.6877419354839,27.4,25.34
"13680","TOMB","2022-05-15",26.527027027027,28.79,25.51
"13681","TOMB","2022-05-16",26.81625,30.49,25.89
"13682","TOMB","2022-05-17",26.508,27.82,25.97
"13683","TOMB","2022-05-18",27.1342857142857,28.15,26.31
"13684","TOMB","2022-05-19",27.68,29.4,26.63
"13685","TOMB","2022-05-20",27.9065957446808,28.96,27.02
"13686","TOMB","2022-05-21",27.8764583333333,28.75,27.27
"13687","TOMB","2022-05-22",27.9260869565217,29.21,27.3
"13688","TOMB","2022-05-23",28.0817777777778,29.81,27.32
"13689","TOMB","2022-05-24",27.5615217391304,28.5,27.24
"13690","TOMB","2022-05-25",27.5993617021277,28.46,27.27
"13691","TOMB","2022-05-26",27.4714583333333,28.21,27.26
"13692","TOMB","2022-05-27",26.95125,27.47,26.25
"13693","TOMB","2022-05-28",25.9222916666667,26.47,25.38
"13694","TOMB","2022-05-29",26.1160416666667,26.35,25.56
"13695","TOMB","2022-05-30",26.67125,26.99,26.35
"13696","TOMB","2022-05-31",27.0527272727273,27.71,26.49
"13697","TOMB","2022-06-01",27.2637142857143,28.17,26.96
"13698","TOMB","2022-06-02",28.0683870967742,30.77,27.11
"13699","TOMB","2022-06-03",28.7760975609756,31.28,27.59
"13700","TOMB","2022-06-04",28.0479166666667,28.26,27.82
"13701","TOMB","2022-06-05",28.5121739130435,29.62,28.03
"13702","TOMB","2022-06-06",29.249756097561,31.54,28.13
"13703","TOMB","2022-06-07",29.3782978723404,31.88,28.33
"13704","TOMB","2022-06-08",29.895,32.59,28.53
"13705","TOMB","2022-06-09",29.7359090909091,31.19,29
"13706","TOMB","2022-06-10",29.3265853658537,30.92,28.95
"13707","TOMB","2022-06-11",29.2197872340426,29.5,28.95
"13708","TOMB","2022-06-12",29.0529166666667,29.39,28.64
"13709","TOMB","2022-06-13",29.0255813953488,29.51,28.66
"13710","TOMB","2022-06-14",29.286,30.7,28.95
"13711","TOMB","2022-06-15",30.3746341463415,33.03,29.03
"13712","TOMB","2022-06-16",31.06375,31.8,30.3
"13713","TOMB","2022-06-17",31.0905555555556,32.23,29.69
"13714","TOMB","2022-06-19",30.9005263157895,32.88,29.92
"13715","TOMB","2022-06-20",30.5736585365854,31.71,29.91
"13716","TOMB","2022-06-21",31.0107142857143,33,29.9
"13717","TOMB","2022-06-22",31.0061538461538,31.6,30.52
"13718","TOMB","2022-06-23",33.2475,33.84,32.47
"13719","TOMB","2022-06-24",32.2965217391304,33.27,31.41
"13720","TOMB","2022-06-26",32.5425,32.64,32.45
"13721","TOMB","2022-06-27",32.0976923076923,33.28,31.24
"13722","TOMB","2022-06-29",31.8266666666667,32.72,31.15
"13723","TOMB","2022-07-02",31.1972727272727,31.63,30.84
"13724","TOMB","2022-07-03",31.4311111111111,32.56,30.77
"13725","TOMB","2022-07-09",31.44,31.44,31.44
"13726","TOMB","2022-07-21",32.92,32.92,32.92
"13727","TOMB","2022-07-24",32.13,32.13,32.13
"13728","TOMB","2022-07-25",32.855,34.32,31.92
"13729","TOMB","2022-07-26",33.0925,33.86,32.21
"13730","TOMB","2022-07-27",32.685,33.27,32.1
"13731","TOMB","2022-07-28",32.39,32.94,31.96
"13732","TOMB","2022-07-29",32.5925,33.11,32.23
"13733","TOMB","2022-07-30",33.1,33.1,33.1
"13734","TOMB","2022-07-31",32.37,32.37,32.37
"13735","TOMB","2022-08-01",32.405,33.09,31.68
"13736","TOMB","2022-08-02",32.23,32.27,32.19
"13737","TOMB","2022-08-05",32.391,34.86,31.84
"13738","TOMB","2022-08-06",32.2327027027027,33.35,31.83
"13739","TOMB","2022-08-07",32.5153846153846,34.92,31.82
"13740","TOMB","2022-08-08",33.0521428571429,34.82,31.83
"13741","TOMB","2022-08-11",32.1535,33.18,31.58
"13742","TOMB","2022-08-12",31.94025,33.67,31.57
"13743","TOMB","2022-08-13",31.7890243902439,32.77,31.43
"13744","TOMB","2022-08-14",32.2240476190476,33.77,31.41
"13745","TOMB","2022-08-15",32.2947222222222,33.42,31.6
"13746","TOMB","2022-08-16",32.4568571428571,34.26,31.78
"13747","TOMB","2022-08-17",32.0734090909091,33.13,31.72
"13748","TOMB","2022-08-18",31.9085106382979,32.56,31.57
"13749","TOMB","2022-08-19",31.6710416666667,31.98,31.48
"13750","TOMB","2022-08-20",31.385625,31.59,31.2
"13751","TOMB","2022-08-21",31.4470731707317,32.6,31.2
"13752","TOMB","2022-08-22",31.1283333333333,31.63,30.86
"13753","TOMB","2022-08-23",30.9204255319149,31.27,30.78
"13754","TOMB","2022-08-24",30.6002083333333,30.86,30.14
"13755","TOMB","2022-08-25",29.5585416666667,30.13,29.21
"13756","TOMB","2022-08-26",28.2208571428571,29.19,27.17
"13757","TOMB","2022-08-31",28.1009677419355,31.17,27.78
"13758","TOMB","2022-09-01",28.14575,28.61,27.78
"13759","TOMB","2022-09-02",28.1257142857143,28.89,27.91
"13760","TOMB","2022-09-03",28.5618918918919,31.35,27.91
"13761","TOMB","2022-09-04",28.6389655172414,29.95,28.19
"13762","TOMB","2022-09-05",28.43425,29.44,28.2
"13763","TOMB","2022-09-06",28.6058139534884,29.78,28.02
"13764","TOMB","2022-09-07",28.3772916666667,28.72,28.04
"13765","TOMB","2022-09-08",28.7680434782609,29.36,28.29
"13766","TOMB","2022-09-09",29.035625,29.59,28.75
"13767","TOMB","2022-09-10",28.99,29.51,28.56
"13768","TOMB","2022-09-11",28.2670833333333,28.69,27.52
"13769","TOMB","2022-09-12",26.7854166666667,27.49,26.42
"13770","TOMB","2022-09-13",26.6308333333333,26.74,26.31
"13771","TOMB","2022-09-14",26.1589361702128,26.43,25.9
"13772","TOMB","2022-09-15",26.319347826087,26.89,25.88
"13773","TOMB","2022-09-16",26.8057446808511,27.52,26.28
"13774","TOMB","2022-09-17",27.0066666666667,28.25,26.52
"13775","TOMB","2022-09-18",27.125,28.02,26.66
"13776","TOMB","2022-09-19",27.3197435897436,28.85,26.73
"13777","TOMB","2022-09-20",27.6182608695652,28.56,26.76
"13778","TOMB","2022-09-21",27.6674285714286,29.37,26.99
"13779","TOMB","2022-09-22",27.8454761904762,29.47,27.17
"13780","TOMB","2022-09-23",28.0670967741935,29.52,27.26
"13781","TOMB","2022-09-24",27.734375,28.22,27.36
"13782","TOMB","2022-09-25",27.9760606060606,30.3,27.33
"13783","TOMB","2022-09-26",27.9809375,28.76,27.41
"13784","TOMB","2022-09-27",28.005,28.77,27.56
"13785","TOMB","2022-09-28",27.515,27.73,27.19
"13786","TOMB","2022-09-29",27.08,27.27,26.71
"13787","TOMB","2022-09-30",26.6202083333333,26.85,26.33
"13788","TOMB","2022-10-01",26.431875,26.78,26.14
"13789","TOMB","2022-10-02",26.5476086956522,27.96,25.99
"13790","TOMB","2022-10-03",26.3752083333333,27.57,25.84
"13791","TOMB","2022-10-04",26.1531914893617,27.14,25.76
"13792","TOMB","2022-10-05",25.98,27.18,25.64
"13793","TOMB","2022-10-06",25.95475,27.1,25.52
"13794","TOMB","2022-10-07",25.89625,27.16,25.36
"13795","TOMB","2022-10-08",25.998,27.07,25.27
"13796","TOMB","2022-10-09",25.3052083333333,25.74,24.92
"13797","TOMB","2022-10-10",24.955625,25.25,24.64
"13798","TOMB","2022-10-11",24.7577083333333,25.18,24.43
"13799","TOMB","2022-10-12",24.8260975609756,25.73,24.3
"13800","TOMB","2022-10-13",24.628085106383,25.12,24.43
"13801","TOMB","2022-10-14",24.1934042553191,24.76,23.63
"13802","TOMB","2022-10-15",23.72575,25.1,23.26
"13803","TOMB","2022-10-16",23.4385714285714,24.17,23.18
"13804","TOMB","2022-10-17",23.4451612903226,24.08,23.12
"13805","TOMB","2022-10-18",23.3821739130435,24.57,22.79
"13806","TOMB","2022-10-19",22.4958333333333,22.8,22.02
"13807","TOMB","2022-10-20",22.0327659574468,23.18,21.49
"13808","TOMB","2022-10-21",21.5886363636364,23.24,20.86
"13809","TOMB","2022-10-22",21.0052631578947,23.54,20.59
"13810","TOMB","2022-10-23",20.9320512820513,22.56,20.53
"13811","TOMB","2022-10-24",21.1521052631579,23.26,20.49
"13812","TOMB","2022-10-25",21.0515151515152,22.69,20.5
"13813","TOMB","2022-10-26",20.7004166666667,21.32,20.24
"13814","TOMB","2022-10-27",20.4380487804878,21.68,20.06
"13815","TOMB","2022-10-28",20.2921428571429,21,20.01
"13816","TOMB","2022-10-29",20.2322916666667,20.48,19.97
"13817","TOMB","2022-10-30",20.4895652173913,21.04,20.17
"13818","TOMB","2022-10-31",20.68875,21.25,20.41
"13819","TOMB","2022-11-01",20.5817777777778,21.06,20.29
"13820","TOMB","2022-11-02",20.3708333333333,20.84,20.07
"13821","TOMB","2022-11-03",20.460243902439,21.52,20.03
"13822","TOMB","2022-11-04",20.4323684210526,21.79,20.05
"13823","TOMB","2022-11-05",20.8202857142857,22.74,20.18
"13824","TOMB","2022-11-06",20.4235416666667,20.59,20.26
"13825","TOMB","2022-11-07",20.58125,21.18,20.35
"13826","TOMB","2022-11-08",20.8278048780488,21.52,20.43
"13827","TOMB","2022-11-09",21.1184090909091,21.85,20.61
"13828","TOMB","2022-11-10",20.689375,20.91,20.51
"13829","TOMB","2022-11-11",20.6736170212766,21.02,20.47
"13830","TOMB","2022-11-12",20.862972972973,21.29,20.53
"13831","TOMB","2022-11-13",20.2875,20.56,19.82
"13832","TOMB","2022-11-14",19.69,19.93,19.33
"13833","TOMB","2022-11-15",19.5312765957447,20.12,19.27
"13834","TOMB","2022-11-16",19.1991666666667,19.38,18.88
"13835","TOMB","2022-11-17",18.7335416666667,18.87,18.47
"13836","TOMB","2022-11-18",18.3997916666667,18.77,18
"13837","TOMB","2022-11-19",17.8435416666667,18.09,17.57
"13838","TOMB","2022-11-20",17.38125,17.56,17.19
"13839","TOMB","2022-11-21",17.0316666666667,17.18,16.73
"13840","TOMB","2022-11-22",16.6123404255319,17.02,16.38
"13841","TOMB","2022-11-23",16.43,16.78,16.19
"13842","TOMB","2022-11-24",16.4228888888889,17.26,16.02
"13843","TOMB","2022-11-25",16.1993333333333,16.79,15.91
"13844","TOMB","2022-11-26",15.6795833333333,15.97,15.31
"13845","TOMB","2022-11-27",15.25625,15.38,15.12
"13846","TOMB","2022-11-28",15.1602083333333,15.49,14.95
"13847","TOMB","2022-11-29",15.2545454545455,17.32,14.92
"13848","TOMB","2022-11-30",15.2565789473684,15.77,14.92
"13849","TOMB","2022-12-01",15.5425531914894,15.79,15.25
"13850","TOMB","2022-12-02",15.6960416666667,15.87,15.35
"13851","TOMB","2022-12-03",14.934375,15.3,14.68
"13852","TOMB","2022-12-04",14.5139583333333,14.66,14.25
"13853","TOMB","2022-12-05",14.3622916666667,14.51,14.22
"13854","TOMB","2022-12-06",14.7866666666667,14.89,14.52
"13855","TOMB","2022-12-07",15.1802083333333,15.37,14.9
"13856","TOMB","2022-12-08",15.5797872340426,15.69,15.27
"13857","TOMB","2022-12-09",15.808125,15.91,15.64
"13858","TOMB","2022-12-10",16.0839583333333,16.27,15.83
"13859","TOMB","2022-12-11",16.0895833333333,16.33,15.91
"13860","TOMB","2022-12-12",16.158125,16.3,15.93
"13861","TOMB","2022-12-13",16.3385416666667,16.45,16.24
"13862","TOMB","2022-12-14",16.3152083333333,16.4,16.19
"13863","TOMB","2022-12-15",16.2406451612903,16.36,16.15
"13864","TOMB","2022-12-16",16.2486206896552,16.4,15.89
"13865","TOMB","2022-12-17",15.6135416666667,15.85,15.31
"13866","TOMB","2022-12-18",14.8441666666667,15.29,14.2
"13867","TOMB","2022-12-19",13.8083333333333,14.17,13.42
"13868","TOMB","2022-12-20",13.1208333333333,13.4,12.73
"13869","TOMB","2022-12-21",12.331875,12.71,11.92
"13870","TOMB","2022-12-22",11.718125,11.91,11.56
"13871","TOMB","2022-12-23",11.5581818181818,11.65,11.34
"13872","TOMB","2022-12-24",11.1685416666667,11.37,10.81
"13873","TOMB","2022-12-25",10.68125,10.88,10.38
"13874","TOMB","2022-12-26",10.1089583333333,10.36,9.66
"13875","TOMB","2022-12-27",9.32895833333333,9.64,8.96
"13876","TOMB","2022-12-28",9.22291666666667,9.34,8.92
"13877","TOMB","2022-12-29",9.36625,9.5,9.26
"13878","TOMB","2023-01-05",12.7377777777778,13.51,12.21
"13879","TOMB","2023-01-06",14.2454166666667,14.87,13.3
"13880","TOMB","2023-01-07",12.61875,13.25,12.25
"13881","TOMB","2023-01-08",12.3177083333333,12.38,12.16
"13882","TOMB","2023-01-09",12.484375,12.56,12.37
"13883","TOMB","2023-01-10",12.5372916666667,12.72,12.24
"13884","TOMB","2023-01-11",12.1890909090909,12.23,12.17
"13885","TOMB","2023-01-28",10.9915,11.14,10.71
"13886","TOMB","2023-01-29",10.7191666666667,10.85,10.57
"13887","TOMB","2023-01-30",10.4847916666667,10.55,10.4
"13888","TOMB","2023-01-31",10.5210416666667,10.68,10.39
"13889","TOMB","2023-02-01",10.8327083333333,10.92,10.69
"13890","TOMB","2023-02-02",10.765,10.81,10.72
"13891","TOMB","2023-02-03",10.7727659574468,10.81,10.68
"13892","TOMB","2023-02-04",10.5866666666667,10.74,10.28
"13893","TOMB","2023-02-05",10.1270833333333,10.3,9.82
"13894","TOMB","2023-02-06",9.603125,9.81,9.2
"13895","TOMB","2023-02-07",9.24645833333333,9.29,9.15
"13896","TOMB","2023-02-08",9.48458333333333,9.59,9.29
"13897","TOMB","2023-02-09",9.87854166666667,10.17,9.59
"13898","TOMB","2023-02-10",10.466875,10.7,10.18
"13899","TOMB","2023-02-11",11.0622916666667,11.3,10.71
"13900","TOMB","2023-02-12",11.0935416666667,11.2,11.05
"13901","TOMB","2023-02-13",11.650625,11.81,11.21
"13902","TOMB","2023-02-14",11.8908333333333,11.97,11.7
"13903","TOMB","2023-02-15",11.871875,11.96,11.67
"13904","TOMB","2023-02-16",11.4727083333333,11.65,11.4
"13905","TOMB","2023-02-17",11.7477083333333,11.95,11.48
"13906","TOMB","2023-02-18",12.06,12.27,11.88
"13907","TOMB","2023-02-19",12.67375,12.79,12.28
"13908","TOMB","2023-02-20",12.8672916666667,12.93,12.77
"13909","TOMB","2023-02-21",12.7822916666667,12.83,12.72
"13910","TOMB","2023-02-22",12.809375,12.85,12.72
"13911","TOMB","2023-02-23",13.2445833333333,13.49,12.84
"13912","TOMB","2023-02-24",13.9893617021277,14.34,13.5
"13913","TOMB","2023-02-25",14.7541666666667,14.94,14.35
"13914","TOMB","2023-02-26",15.2502127659574,15.42,14.9
"13915","TOMB","2023-02-27",15.7689583333333,16.1,15.42
"13916","TOMB","2023-02-28",16.3747916666667,16.49,16.11
"13917","TOMB","2023-03-01",16.8891666666667,17.05,16.49
"13918","TOMB","2023-03-02",17.439375,17.58,17.03
"13919","TOMB","2023-03-03",17.934375,18.1,17.56
"13920","TOMB","2023-03-04",18.3560416666667,18.58,18.09
"13921","TOMB","2023-03-05",18.403125,18.55,18.26
"13922","TOMB","2023-03-06",18.33375,18.53,18.02
"13923","TOMB","2023-03-07",18.024347826087,18.21,17.82
"13924","TOMB","2023-03-08",17.8141666666667,17.94,17.65
"13925","TOMB","2023-03-09",17.9827083333333,18.11,17.63
"13926","TOMB","2023-03-10",18.2432608695652,18.33,18.09
"13927","TOMB","2023-03-11",18.19375,18.38,17.83
"13928","TOMB","2023-03-12",17.8760416666667,18.04,17.8
"13929","TOMB","2023-03-13",17.6535416666667,17.81,17.37
"13930","TOMB","2023-03-14",17.333125,17.51,17.03
"13931","TOMB","2023-03-15",16.8820833333333,17.04,16.49
"13932","TOMB","2023-03-16",16.4097916666667,16.63,16.02
"13933","TOMB","2023-03-17",16.10125,16.22,15.95
"13934","TOMB","2023-03-18",15.81,15.99,15.6
"13935","TOMB","2023-03-19",15.3477083333333,15.58,15.03
"13936","TOMB","2023-03-20",14.903125,15.17,14.46
"13937","TOMB","2023-03-21",14.4114583333333,14.64,14.13
"13938","TOMB","2023-03-22",14.178125,14.34,14.08
"13939","TOMB","2023-03-23",14.4935416666667,14.76,14.07
"13940","TOMB","2023-03-24",14.8845454545455,15.07,14.38
"13941","TOMB","2023-03-25",15.5777083333333,15.88,15.03
"13942","TOMB","2023-03-26",16.3747826086957,16.64,15.88
"13943","TOMB","2023-03-27",16.864375,17.21,16.57
"13944","TOMB","2023-03-28",17.31,17.56,17.13
"13945","TOMB","2023-03-29",17.9282978723404,18.18,17.44
"13946","TOMB","2023-03-30",18.5529166666667,18.69,18.19
"13947","TOMB","2023-03-31",18.9848837209302,19.1,18.66
"13948","TOMB","2023-04-01",19.1145833333333,19.21,18.92
"13949","TOMB","2023-04-02",19.4095833333333,19.67,19.21
"13950","TOMB","2023-04-03",19.4193617021277,19.57,19.27
"13951","TOMB","2023-04-04",19.7370833333333,19.99,19.36
"13952","TOMB","2023-04-05",19.6052083333333,19.82,19.17
"13953","TOMB","2023-04-06",19.801875,20.18,19.12
"13954","TOMB","2023-04-07",20.539375,20.71,20.15
"13955","TOMB","2023-04-08",20.5627083333333,20.64,20.47
"13956","TOMB","2023-04-09",20.3802083333333,20.63,20.08
"13957","TOMB","2023-04-10",20.0264,20.07,19.99
"13958","TOMB","2023-04-18",18.75,18.91,18.46
"13959","TOMB","2023-04-19",18.99625,19.31,18.76
"13960","TOMB","2023-04-20",19.2873333333333,19.57,18.76
"13961","TOMB","2023-04-21",19.6859090909091,19.98,19.24
"13962","TOMB","2023-04-22",19.79375,19.91,19.66
"13963","TOMB","2023-04-23",20.1528888888889,20.58,19.78
"13964","TOMB","2023-04-24",20.2895833333333,20.58,19.95
"13965","TOMB","2023-04-25",20.3575862068966,20.55,20.09
"13966","TOMB","2023-05-24",25.5711764705882,25.79,25.47
"13967","TOMB","2023-05-25",25.2535416666667,25.55,25.03
"13968","TOMB","2023-05-26",25.4363829787234,26.08,25.04
"13969","TOMB","2023-05-27",25.6279166666667,26.17,25.16
"13970","TOMB","2023-05-28",25.7056818181818,27,25.24
"13971","TOMB","2023-05-29",25.86025,27.74,25.22
"13972","TOMB","2023-05-30",25.84,26.89,25.37
"13973","TOMB","2023-05-31",26.2615555555556,27.24,25.41
"13974","TOMB","2023-06-01",27.0866666666667,30.47,25.74
"13975","TOMB","2023-06-02",26.54875,27.37,25.98
"13976","TOMB","2023-06-03",27.1171428571429,28.68,26.15
"13977","TOMB","2023-06-04",27.5655813953488,28.84,26.48
"13978","TOMB","2023-06-05",27.5010526315789,28.93,26.49
"13979","TOMB","2023-06-06",27.5316666666667,28.66,26.74
"13980","TOMB","2023-06-07",27.92875,29.57,27.11
"13981","TOMB","2023-06-08",28.3085714285714,29.91,27.08
"13982","TOMB","2023-06-09",28.9233333333333,30.23,27.23
"13983","TOMB","2023-06-10",28.6611627906977,30.37,27.82
"13984","TOMB","2023-06-11",28.95775,33.61,27.81
"13985","TOMB","2023-06-12",28.688125,29.39,27.81
"13986","TOMB","2023-06-13",29.3623684210526,31.05,28.32
"13987","TOMB","2023-06-14",28.6714583333333,29.22,28.33
"13988","TOMB","2023-06-15",28.80625,29.87,28.4
"13989","TOMB","2023-06-16",28.53125,28.92,28.37
"13990","TOMB","2023-06-17",27.686875,28.38,26.16
"13991","TOMB","2023-06-18",25.0814583333333,26.14,24.6
"13992","TOMB","2023-06-19",25.0560416666667,25.14,24.93
"13993","TOMB","2023-06-20",25.5025,25.65,25.11
"13994","TOMB","2023-06-21",25.920625,26.06,25.58
"13995","TOMB","2023-06-22",26.2729166666667,26.49,26.07
"13996","TOMB","2023-06-23",26.6390243902439,27.02,26.28
"13997","TOMB","2023-06-24",27.3327777777778,29.66,26.67
"13998","TOMB","2023-06-25",28.1043333333333,31.7,27.03
"13999","TOMB","2023-06-26",28.1834375,29.86,27.34
"14000","TOMB","2023-06-27",28.555,30.12,27.68
"14001","TOMB","2023-06-28",29.9113888888889,32.39,27.9
"14002","TOMB","2023-06-29",29.9,32.12,28.81
"14003","TOMB","2023-06-30",30.243125,33.1,28.99
"14004","TOMB","2023-07-01",30.8117857142857,32.59,29.2
"14005","TOMB","2023-07-02",30.61,32.42,30.13
"14006","TOMB","2023-07-03",31.0780952380952,32.84,30.2
"14007","TOMB","2023-07-04",31.8393023255814,34.58,30.41
"14008","TOMB","2023-07-05",30.9719047619048,32.66,30.49
"14009","TOMB","2023-07-06",30.960487804878,32.57,30.66
"14010","TOMB","2023-07-07",31.5945945945946,33.85,30.85
"14011","TOMB","2023-07-08",31.1865909090909,32.86,30.75
"14012","TOMB","2023-07-09",30.9452631578947,32.18,30.33
"14013","TOMB","2023-07-10",30.2225531914894,30.7,29.82
"14014","TOMB","2023-07-11",29.886875,30.24,29.48
"14015","TOMB","2023-07-12",29.200625,29.5,28.98
"14016","TOMB","2023-07-13",28.8964583333333,29.3,28.35
"14017","TOMB","2023-07-14",28.044375,28.33,27.83
"14018","TOMB","2023-07-15",27.5247916666667,27.87,26.89
"14019","TOMB","2023-07-16",27.044375,27.26,26.81
"14020","TOMB","2023-07-17",26.8085416666667,27.03,26.46
"14021","TOMB","2023-07-18",26.641875,26.8,26.44
"14022","TOMB","2023-07-19",27.1779166666667,27.33,26.66
"14023","TOMB","2023-07-20",27.654375,27.79,27.26
"14024","TOMB","2023-07-21",28.2648936170213,28.62,27.79
"14025","TOMB","2023-07-22",28.7804255319149,29.05,28.31
"14026","TOMB","2023-07-23",29.0051219512195,29.18,28.74
"14027","TOMB","2023-07-24",29.3740909090909,29.71,28.89
"14028","TOMB","2023-07-25",29.7654285714286,32.09,29.18
"14029","TOMB","2023-07-26",30.4563636363636,34.23,29.17
"14030","TOMB","2023-07-27",30.321,33.16,29.39
"14031","TOMB","2023-07-28",30.9358064516129,32.59,29.67
"14032","TOMB","2023-07-29",30.3128947368421,32.54,29.81
"14033","TOMB","2023-07-30",31.0627586206897,32.72,29.93
"14034","TOMB","2023-07-31",30.88725,32.5,30.21
"14035","TOMB","2023-08-01",31.3626315789474,33.7,30.2
"14036","TOMB","2023-08-02",31.1786111111111,33.51,30.32
"14037","TOMB","2023-08-03",31.6780555555556,34.73,30.52
"14038","TOMB","2023-08-04",31.7762162162162,32.91,30.74
"14039","TOMB","2023-08-05",31.7946153846154,33.64,31.12
"14040","TOMB","2023-08-06",31.8121052631579,33.92,31.14
"14041","TOMB","2023-08-07",32.337,33.99,31.21
"14042","TOMB","2023-08-08",32.0547826086957,32.84,31.52
"14043","TOMB","2023-08-09",31.8202083333333,32.49,31.53
"14044","TOMB","2023-08-10",32.495,34.09,31.53
"14045","TOMB","2023-08-11",32.1675609756098,33.11,31.8
"14046","TOMB","2023-08-13",32.4053571428571,32.72,32.07
"14047","TOMB","2023-08-14",32.5025531914894,32.75,32.06
"14048","TOMB","2023-08-15",32.7381818181818,33.39,32.38
"14049","TOMB","2023-08-16",32.6933333333333,33.2,32.36
"14050","TOMB","2023-08-17",32.4253191489362,33.08,32.01
"14051","TOMB","2023-08-18",32.1946666666667,33.18,31.56
"14052","TOMB","2023-08-19",32.0936956521739,32.94,31.58
"14053","TOMB","2023-08-20",31.9357777777778,32.8,31.54
"14054","TOMB","2023-08-21",31.81625,32.56,31.41
"14055","TOMB","2023-08-22",32.20625,33.27,31.42
"14056","TOMB","2023-08-23",32.6007317073171,34.19,31.62
"14057","TOMB","2023-08-24",32.4309302325581,33.51,31.56
"14058","TOMB","2023-08-25",32.4127272727273,33.38,31.62
"14059","TOMB","2023-08-26",32.8309756097561,34.7,31.84
"14060","TOMB","2023-08-27",32.5436956521739,33.89,31.96
"14061","TOMB","2023-08-28",32.6615217391304,34.19,31.99
"14062","TOMB","2023-08-29",32.4704166666667,33.48,31.92
"14063","TOMB","2023-08-30",32.4653191489362,34.15,31.88
"14064","TOMB","2023-08-31",32.16,32.93,31.72
"14065","TOMB","2023-09-01",32.0275,32.65,31.62
"14066","TOMB","2023-09-02",31.7797916666667,33.12,31.51
"14067","TOMB","2023-09-03",31.4932558139535,31.85,31.27
"14068","TOMB","2023-09-10",30.751875,31.37,30.32
"14069","TOMB","2023-09-11",30.8260869565217,32.26,30.19
"14070","TOMB","2023-09-12",31.22975,33.61,30.14
"14071","TOMB","2023-09-13",31.1034782608696,32.73,30.07
"14072","TOMB","2023-09-14",30.2408333333333,31.19,29.91
"14073","TOMB","2023-09-15",29.971875,30.23,29.81
"14074","TOMB","2023-09-16",30.4930434782609,31.58,29.8
"14075","TOMB","2023-09-17",30.5582608695652,32.05,29.93
"14076","TOMB","2023-09-18",30.4010416666667,31.49,29.84
"14077","TOMB","2023-09-19",30.4034782608696,31.7,29.59
"14078","TOMB","2023-09-20",29.8341463414634,31.49,29.32
"14079","TOMB","2023-09-21",29.6560416666667,30.45,29.14
"14080","TOMB","2023-09-22",29.4655319148936,30.24,29.1
"14081","TOMB","2023-09-23",29.4751063829787,30.53,28.97
"14082","TOMB","2023-09-24",29.4785416666667,30.5,28.8
"14083","TOMB","2023-09-25",29.5133333333333,30.89,28.8
"14084","TOMB","2023-09-26",29.3864583333333,31.12,28.81
"14085","TOMB","2023-09-27",29.231914893617,30.11,28.73
"14086","TOMB","2023-09-28",28.7041666666667,29,28.5
"14087","TOMB","2023-09-29",28.3977083333333,28.5,28.21
"14088","TOMB","2023-09-30",28.4695833333333,29.07,28.04
"14089","TOMB","2023-10-01",28.3741666666667,28.83,28
"14090","TOMB","2023-10-02",28.19125,28.59,27.85
"14091","TOMB","2023-10-03",28.0022916666667,28.41,27.67
"14092","TOMB","2023-10-04",27.9639583333333,29,27.44
"14093","TOMB","2023-10-05",27.8289583333333,28.72,27.38
"14094","TOMB","2023-10-06",28.08,29.14,27.37
"14095","TOMB","2023-10-07",27.8345652173913,28.7,27.22
"14096","TOMB","2023-10-08",27.0475,27.49,26.52
"14097","TOMB","2023-10-09",26.663125,27.33,26.22
"14098","TOMB","2023-10-10",26.4158333333333,27.09,26.05
"14099","TOMB","2023-10-11",26.3258333333333,27.11,25.92
"14100","TOMB","2023-10-12",25.6404166666667,25.96,25.27
"14101","TOMB","2023-10-13",25.3139583333333,25.41,25.21
"14102","TOMB","2023-10-14",25.1170833333333,25.25,24.94
"14103","TOMB","2023-10-15",25.1241666666667,25.72,24.84
"14104","TOMB","2023-10-16",24.5847916666667,24.9,24.17
"14105","TOMB","2023-10-17",24.1147916666667,24.7,23.63
"14106","TOMB","2023-10-18",23.924375,25.11,23.38
"14107","TOMB","2023-10-19",23.7783333333333,24.71,23.22
"14108","TOMB","2023-10-20",23.4475,23.99,23.18
"14109","TOMB","2023-10-21",23.6895833333333,24.75,23.02
"14110","TOMB","2023-10-22",23.015,23.03,23
"14111","TOMB","2023-10-23",23.3678571428571,25.2,22.96
"14112","TOMB","2023-10-24",23.5857777777778,26.63,22.89
"14113","TOMB","2023-10-25",23.6319565217391,25.13,22.87
"14114","TOMB","2023-10-26",23.6674468085106,25.23,22.82
"14115","TOMB","2023-10-27",23.7689583333333,25.13,22.81
"14116","TOMB","2023-10-28",23.5536170212766,25.05,22.81
"14117","TOMB","2023-10-29",23.7564444444444,25.19,22.82
"14118","TOMB","2023-10-30",23.6602083333333,25.12,22.82
"14119","TOMB","2023-10-31",22.7366666666667,23.02,22.41
"14120","TOMB","2023-11-30",16.8615625,18.04,16.44
"14121","TOMB","2023-12-01",16.403125,16.7,16.3
"14122","TOMB","2023-12-02",16.995625,17.66,16.32
"14123","TOMB","2023-12-03",17.0731914893617,17.58,16.81
"14124","TOMB","2023-12-04",17.090652173913,18.27,16.45
"14125","TOMB","2023-12-05",16.6547916666667,17.38,16.22
"14126","TOMB","2023-12-06",16.2225,16.84,15.76
"14127","TOMB","2023-12-07",15.645,15.85,15.36
"14128","TOMB","2023-12-08",15.4927083333333,15.84,15.32
"14129","TOMB","2023-12-09",15.5752083333333,16.02,15.33
"14130","TOMB","2023-12-10",15.74375,16.57,15.34
"14131","TOMB","2023-12-11",15.125625,15.39,14.75
"14132","TOMB","2023-12-12",14.6791304347826,14.95,14.38
"14133","TOMB","2023-12-13",14.415,14.72,14.26
"14134","TOMB","2023-12-14",14.375625,14.5,14.21
"14135","TOMB","2023-12-15",14.3229166666667,14.47,14.18
"14136","TOMB","2023-12-16",14.3608333333333,14.77,14.13
"14137","TOMB","2023-12-17",14.1783333333333,14.32,14.1
"14138","TOMB","2023-12-18",14.1045833333333,14.77,13.65
"14139","TOMB","2023-12-19",13.920625,14.86,13.48
"14140","TOMB","2023-12-20",13.42125,13.67,13.18
"14141","TOMB","2023-12-21",13.2375,13.62,12.9
"14142","TOMB","2023-12-22",13.1016666666667,13.45,12.9
"14143","TOMB","2023-12-23",13.2918181818182,14.72,12.95
"14144","TOMB","2023-12-24",13.7136363636364,15.14,12.93
"14145","TOMB","2023-12-25",13.3360416666667,13.7,13.02
"14146","TOMB","2023-12-26",13.3489583333333,14.08,12.93
"14147","TOMB","2023-12-27",12.988125,13.15,12.88
"14148","TOMB","2023-12-28",12.9272916666667,13.2,12.63
"14149","TOMB","2023-12-29",12.6547916666667,13.04,12.38
"14150","TOMB","2023-12-30",12.364375,12.63,12.19
"14151","TOMB","2023-12-31",12.5572916666667,13.51,12.17
"14152","TOMB","2024-01-01",12.6358333333333,13.16,12.28
"14153","TOMB","2024-01-02",12.503125,13.03,12.3
"14154","TOMB","2024-01-03",12.4335416666667,13.05,12.1
"14155","TOMB","2024-01-04",11.96375,12.13,11.76
"14156","TOMB","2024-01-05",11.69125,12,11.38
"14157","TOMB","2024-01-06",11.5202083333333,11.72,11.29
"14158","TOMB","2024-01-07",11.4989583333333,11.69,11.29
"14159","TOMB","2024-01-08",11.386875,12.52,10.98
"14160","TOMB","2024-01-09",11.0660416666667,11.39,10.93
"14161","TOMB","2024-01-10",10.7241666666667,10.97,10.4
"14162","TOMB","2024-01-11",10.4966666666667,10.62,10.36
"14163","TOMB","2024-01-12",10.2570833333333,10.38,10.11
"14164","TOMB","2024-01-13",10.2889583333333,10.44,10.11
"14165","TOMB","2024-01-14",10.26625,10.45,10.01
"14166","TOMB","2024-01-15",10.0922916666667,10.33,9.81
"14167","TOMB","2024-01-16",9.79895833333333,9.99,9.52
"14168","TOMB","2024-01-17",9.235,9.49,8.85
"14169","TOMB","2024-01-18",8.79625,9.1,8.52
"14170","TOMB","2024-01-19",8.53958333333333,8.6,8.47
"14171","TOMB","2024-01-20",8.28395833333333,8.61,7.92
"14172","TOMB","2024-01-21",7.855,8.16,7.49
"14173","TOMB","2024-01-22",7.67270833333333,7.95,7.43
"14174","TOMB","2024-01-23",7.791875,7.97,7.6
"14175","TOMB","2024-01-24",8.20416666666667,8.48,7.88
"14176","TOMB","2024-01-25",8.514375,8.7,8.42
"14177","TOMB","2024-01-26",8.94104166666667,9.59,8.56
"14178","TOMB","2024-01-27",9.39051282051282,9.82,9.08
"14179","TOMB","2024-01-29",11.0308823529412,11.21,10.55
"14180","TOMB","2024-01-30",11.460625,11.56,11.2
"14181","TOMB","2024-01-31",11.755625,11.88,11.57
"14182","TOMB","2024-02-01",11.525625,11.68,11.26
"14183","TOMB","2024-02-02",11.2739583333333,11.39,11.11
"14184","TOMB","2024-02-03",11.1322916666667,11.25,11.02
"14185","TOMB","2024-02-04",11.0575,11.12,10.99
"14186","TOMB","2024-02-05",11.0408333333333,11.13,10.89
"14187","TOMB","2024-02-06",10.8052083333333,10.9,10.62
"14188","TOMB","2024-02-07",10.6770833333333,10.78,10.6
"14189","TOMB","2024-02-08",10.6554166666667,10.81,10.51
"14190","TOMB","2024-02-09",10.7204444444444,10.85,10.48
"14191","TOMB","2024-02-10",11.1844680851064,11.38,10.85
"14192","TOMB","2024-02-11",11.529375,11.74,11.37
"14193","TOMB","2024-02-12",11.8589583333333,11.93,11.76
"14194","TOMB","2024-02-13",12.32375,12.71,11.94
"14195","TOMB","2024-02-14",12.9152083333333,13.07,12.74
"14196","TOMB","2024-02-15",13.2247916666667,13.36,12.98
"14197","TOMB","2024-02-16",12.919375,13.09,12.69
"14198","TOMB","2024-02-17",12.5916666666667,12.67,12.5
"14199","TOMB","2024-02-18",12.2852083333333,12.49,12.07
"14200","TOMB","2024-02-19",12.02875,12.15,11.79
"14201","TOMB","2024-02-20",11.7629166666667,11.91,11.53
"14202","TOMB","2024-02-21",11.6639583333333,11.75,11.47
"14203","TOMB","2024-02-22",11.8434375,11.97,11.64
"14204","TOMB","2024-02-23",12.2527272727273,12.4,12
"14205","TOMB","2024-02-24",12.7715384615385,12.9,12.48
"14206","TOMB","2024-02-25",13.0915,13.2,12.86
"14207","TOMB","2024-02-26",13.2860975609756,13.47,13.11
"14208","TOMB","2024-02-27",13.6547826086957,14.02,13.21
"14209","TOMB","2024-02-28",13.9468,14.14,13.69
"14210","TOMB","2024-02-29",14.4182142857143,14.63,14.23
"14211","TOMB","2024-03-01",14.1626666666667,14.25,14.09
"14212","TOMB","2024-03-03",14.264,14.32,14.18
"14213","TOMB","2024-03-04",13.6822222222222,14.06,13.34
"14214","TOMB","2024-03-05",14.2271794871795,14.41,14.06
"14215","TOMB","2024-03-06",14.353,14.46,14.18
"14216","TOMB","2024-03-07",14.1958695652174,14.3,13.97
"14217","TOMB","2024-03-08",14.4947916666667,14.6,14.28
"14218","TOMB","2024-03-09",14.2235416666667,14.46,14.09
"14219","TOMB","2024-03-10",14.4772916666667,14.71,14.12
"14220","TOMB","2024-03-11",15.07,15.28,14.72
"14221","TOMB","2024-03-12",15.4725714285714,15.59,15.32
"14222","TOMB","2024-03-13",15.4683783783784,15.58,15.31
"14223","TOMB","2024-03-14",15.4097619047619,15.48,15.27
"14224","TOMB","2024-03-15",15.7222916666667,15.95,15.35
"14225","TOMB","2024-03-16",16.0264,16.08,15.95
"14226","TOMB","2024-03-17",16.34,16.4,16.27
"14227","TOMB","2024-03-18",16.205,16.22,16.19
"14228","TOMB","2024-03-19",16.1552941176471,16.29,15.9
"14229","TOMB","2024-03-20",16.0041666666667,16.16,15.83
"14230","TOMB","2024-03-21",16.1502083333333,16.29,15.86
"14231","TOMB","2024-03-22",16.2,16.27,16.09
"14232","TOMB","2024-03-23",16.3904545454545,16.54,16.25
"14233","TOMB","2024-03-24",16.5797727272727,16.78,16.37
"14234","TOMB","2024-03-25",16.7929166666667,16.98,16.44
"14235","TOMB","2024-03-26",16.842380952381,16.93,16.72
"14236","TOMB","2024-03-27",16.9259090909091,17.12,16.7
"14237","TOMB","2024-03-28",16.6847916666667,16.88,16.53
"14238","TOMB","2024-03-29",16.6229166666667,16.82,16.42
"14239","TOMB","2024-03-30",16.5979166666667,16.73,16.41
"14240","TOMB","2024-03-31",16.72875,16.89,16.52
"14241","TOMB","2024-04-01",16.9010416666667,16.99,16.65
"14242","TOMB","2024-04-02",17.22,17.39,16.99
"14243","TOMB","2024-04-03",17.8641304347826,18,17.49
"14244","TOMB","2024-04-04",18.2442857142857,18.44,17.94
"14245","TOMB","2024-04-05",18.3827659574468,18.6,18.09
"14246","TOMB","2024-04-06",18.4410416666667,18.81,18.1
"14247","TOMB","2024-04-07",18.4727083333333,18.83,18.07
"14248","TOMB","2024-04-08",18.6802631578947,19.11,18.28
"14249","TOMB","2024-04-09",18.8451111111111,19.33,18.65
"14250","TOMB","2024-04-10",18.85875,18.93,18.77
"14251","TOMB","2024-04-11",18.7629166666667,18.83,18.73
"14252","TOMB","2024-04-12",18.786875,18.85,18.74
"14253","TOMB","2024-04-13",18.5841935483871,18.76,18.35
"14254","TOMB","2024-04-14",18.18125,18.49,17.78
"14255","TOMB","2024-04-15",18.000625,18.12,17.77
"14256","TOMB","2024-04-16",18.2795833333333,18.41,17.98
"14257","TOMB","2024-04-17",18.69375,18.86,18.36
"14258","TOMB","2024-04-18",19.079347826087,19.33,18.71
"14259","TOMB","2024-04-19",19.4948571428571,19.59,19.33
"14260","TOMB","2024-04-20",20.2447368421053,20.59,19.83
"14261","TOMB","2024-04-22",20.3037777777778,20.4,20.12
"14262","TOMB","2024-04-23",20.0372916666667,20.31,19.74
"14263","TOMB","2024-04-24",20.0158333333333,20.33,19.75
"14264","TOMB","2024-04-25",20.3186956521739,20.61,19.86
"14265","TOMB","2024-04-26",20.6130769230769,20.83,20.21
"14266","TOMB","2024-04-27",21.2265789473684,22.26,20.83
"14267","TOMB","2024-04-28",21.7209523809524,22.38,20.85
"14268","TOMB","2024-04-29",22.0593333333333,22.93,21.2
"14269","TOMB","2024-05-01",22.419,24.58,21.95
"14270","TOMB","2024-05-02",23.941,27.94,22.12
"14271","TOMB","2024-05-03",23.116,24.34,22.72
"14272","TOMB","2024-05-04",23.4292307692308,24.18,23.01
"14273","TOMB","2024-05-05",23.285,23.52,23.14
"14274","TOMB","2024-05-08",24.8741666666667,25.43,24.42
"14275","TOMB","2024-05-09",25.2121739130435,25.69,24.52
"14276","TOMB","2024-05-10",26.3157142857143,26.86,25.64
"14277","TOMB","2024-05-11",26.23875,26.7,25.61
"14278","TOMB","2024-05-12",25.9240625,26.15,25.62
"14279","TOMB","2024-05-13",25.8142857142857,25.97,25.68
"14280","TOMB","2024-05-14",25.1376744186047,25.99,24.97
"14281","TOMB","2024-05-15",25.3754545454545,25.73,25.04
"14282","TOMB","2024-05-16",25.5917073170732,27.09,25.11
"14283","TOMB","2024-05-17",26.0692105263158,30.01,25.14
"14284","TOMB","2024-05-18",25.07125,25.33,24.71
"14285","TOMB","2024-05-19",24.0597916666667,24.83,23.1
"14286","TOMB","2024-05-20",23.4247368421053,23.65,23.01
"14287","TOMB","2024-05-22",26.25,28.91,24.75
"14288","TOMB","2024-05-23",24.352,24.79,24.02
"14289","TOMB","2024-05-25",27.1317647058824,28.64,25.45
"14290","TOMB","2024-05-26",28.0460869565217,28.56,27.3
"14291","TOMB","2024-05-27",28.0125,28.3,27.66
"14292","TOMB","2024-05-28",28.42625,29.81,27.43
"14293","TOMB","2024-05-29",29.6066666666667,31.9,27.78
"14294","TOMB","2024-05-30",28.6866666666667,29.85,28.05
"14295","TOMB","2024-05-31",28.5296875,29.27,28.29
"14296","TOMB","2024-06-01",29.0635294117647,30.08,28.36
"14297","TOMB","2024-06-02",29.15,29.23,29.07
"14298","TOMB","2024-06-03",29.14,30.38,28.36
"14299","TOMB","2024-06-04",28.4745454545455,29.14,28.17
"14300","TOMB","2024-06-07",28.57125,29.48,28.03
"14301","TOMB","2024-06-08",28.9117391304348,29.29,28.43
"14302","TOMB","2024-06-09",28.89175,29.66,28.49
"14303","TOMB","2024-06-10",29.0192857142857,29.49,28.5
"14304","TOMB","2024-06-11",29.8,30.43,29.09
"14305","TOMB","2024-06-12",29.5447916666667,30.37,29.13
"14306","TOMB","2024-06-13",30.5452,32.01,29.12
"14307","TOMB","2024-06-14",30.309,32.12,29.31
"14308","TOMB","2024-06-15",30.2759259259259,31.7,29.37
"14309","TOMB","2024-06-16",30.7518518518519,32.63,29.9
"14310","TOMB","2024-06-17",30.7874285714286,32.12,29.9
"14311","TOMB","2024-06-18",30.7390243902439,32.3,29.89
"14312","TOMB","2024-06-19",30.2517647058824,30.67,29.88
"14313","TOMB","2024-06-21",30.277619047619,30.47,29.9
"14314","TOMB","2024-06-23",30.8130434782609,33.8,30.09
"14315","TOMB","2024-06-24",31.7666666666667,34,30.15
"14316","TOMB","2024-06-28",32.37,32.68,32.08
"14317","TOMB","2024-07-01",31.2214285714286,31.99,30.92
"14318","TOMB","2024-07-02",31.6840909090909,32.85,30.9
"14319","TOMB","2024-07-03",33.5627272727273,35.23,31.05
"14320","TOMB","2024-07-04",32.6128571428571,35.13,31.52
"14321","TOMB","2024-07-05",31.8423255813954,32.96,31.23
"14322","TOMB","2024-07-06",31.6776470588235,32.73,31.22
"14323","TOMB","2024-07-07",34.19,34.19,34.19
"14324","TOMB","2024-07-08",32.615,34.02,31.8
"14325","TOMB","2024-07-11",32.4294871794872,34.15,31.46
"14326","TOMB","2024-07-12",34.6291666666667,35.14,34.18
"14327","TOMB","2024-07-14",35.28,35.28,35.28
"14328","TOMB","2024-07-15",32.9116,34.05,32.16
"14329","TOMB","2024-07-16",32.6088235294118,33.72,31.82
"14330","TOMB","2024-07-18",33.47375,34.6,32.71
"14331","TOMB","2024-07-22",31.5267441860465,32.9,31.06
"14332","TOMB","2024-07-23",31.4545833333333,32.09,31.05
"14333","TOMB","2024-07-24",31.3263636363636,32.1,31.11
"14334","TOMB","2024-07-25",30.88,30.88,30.88
"14335","TOMB","2024-07-26",29.42975,30.49,28.4
"14336","TOMB","2024-07-27",28.8978947368421,29.52,28.31
"14337","TOMB","2024-07-28",28.9866666666667,29.36,28.84
"14338","TOMB","2024-07-29",29.9641379310345,32.62,29.06
"14339","TOMB","2024-07-30",30.072619047619,30.56,29.14
"14340","TOMB","2024-07-31",30.7611904761905,31.5,30.33
"14341","TOMB","2024-08-01",30.9914285714286,31.85,30.38
"14342","TOMB","2024-08-02",32.255,32.3,32.21
"14343","TOMB","2024-08-03",32.8334375,34.58,31.27
"14344","TOMB","2024-08-04",32.554358974359,35.22,31.46
"14345","TOMB","2024-08-05",32.4852173913043,33.08,31.75
"14346","TOMB","2024-08-08",33.2454347826087,35.06,31.99
"14347","TOMB","2024-08-09",32.76125,33.55,32.1
"14348","TOMB","2024-08-10",32.5848936170213,33.68,31.96
"14349","TOMB","2024-08-11",32.54,33.24,31.94
"14350","TOMB","2024-08-12",32.8533333333333,33.66,31.94
"14351","TOMB","2024-08-14",33.5682352941176,34.22,32.73
"14352","TOMB","2024-08-15",32.7066666666667,34.23,32.03
"14353","TOMB","2024-08-16",32.9344736842105,34.31,31.97
"14354","TOMB","2024-08-17",33.0375,34.9,32.03
"14355","TOMB","2024-08-27",31.7209756097561,32.86,30.83
"14356","TOMB","2024-08-28",31.7873333333333,33.03,30.78
"14357","TOMB","2025-01-03",12.6058823529412,12.76,12.49
"14358","TOMB","2025-01-04",12.7185106382979,12.91,12.49
"14359","TOMB","2025-01-05",12.591875,12.68,12.51
"14360","TOMB","2025-01-06",12.5910416666667,12.68,12.45
"14361","TOMB","2025-01-07",12.1288095238095,12.45,11.84
"14362","TOMB","2025-01-08",11.6025531914894,11.84,11.21
"14363","TOMB","2025-01-09",11.0314583333333,11.35,10.47
"14364","TOMB","2025-01-10",10.47625,10.59,10.32
"14365","TOMB","2025-01-11",10.2283333333333,10.29,10.15
"14366","TOMB","2025-01-12",10.0942553191489,10.28,9.87
"14367","TOMB","2025-01-13",9.82,9.96,9.63
"14368","TOMB","2025-01-14",9.77,9.99,9.45
"14369","TOMB","2025-01-15",9.41395833333333,9.59,9.19
"14370","TOMB","2025-01-16",9.20021276595745,9.34,9.02
"14371","TOMB","2025-01-17",8.983125,9.23,8.72
"14372","TOMB","2025-01-18",8.86666666666667,8.99,8.69
"14373","TOMB","2025-01-19",9.16166666666667,9.32,8.89
"14374","TOMB","2025-01-20",9.16382978723404,9.38,8.76
"14375","TOMB","2025-01-21",8.73104166666667,8.81,8.63
"14376","TOMB","2025-01-22",8.3475,8.65,8.07
"14377","TOMB","2025-01-23",8.23595744680851,8.7,7.94
"14378","TOMB","2025-01-24",7.95711111111111,8.23,7.69
"14379","TOMB","2025-01-25",7.68854166666667,8.11,7.4
"14380","TOMB","2025-01-26",7.49854166666667,8.08,7.28
"14381","TOMB","2025-01-27",7.34104166666667,7.73,7.16
"14382","TOMB","2025-01-28",7.45148936170213,7.68,7.31
"14383","TOMB","2025-01-29",7.80416666666667,8.05,7.37
"14384","TOMB","2025-01-30",8.36895833333333,8.47,8.08
"14385","TOMB","2025-01-31",8.884375,9.22,8.43
"14386","TOMB","2025-02-01",9.19270833333333,9.5,8.88
"14387","TOMB","2025-02-02",9.09395833333333,9.3,8.78
"14388","TOMB","2025-02-03",9.39770833333333,9.82,8.92
"14389","TOMB","2025-02-04",8.59458333333333,8.86,8.5
"14390","TOMB","2025-02-05",9.12020833333333,9.35,8.78
"14391","TOMB","2025-02-06",9.83604166666667,10.04,9.36
"14392","TOMB","2025-02-07",10.5,10.75,10.06
"14393","TOMB","2025-02-08",11.3159574468085,11.57,10.74
"14394","TOMB","2025-02-09",12.0695833333333,12.34,11.53
"14395","TOMB","2025-02-10",12.8732608695652,13.16,12.35
"14396","TOMB","2025-02-11",13.2560416666667,13.41,13.03
"14397","TOMB","2025-02-12",13.7291666666667,13.91,13.42
"14398","TOMB","2025-02-13",14.1495238095238,14.38,13.93
"14399","TOMB","2025-02-14",14.233125,14.4,14.12
"14400","TOMB","2025-02-15",14.2558333333333,14.44,13.91
"14401","TOMB","2025-02-16",13.3497916666667,13.89,12.5
"14402","TOMB","2025-02-17",12.125,12.48,11.79
"14403","TOMB","2025-02-18",11.839375,11.99,11.64
"14404","TOMB","2025-02-19",11.6391111111111,11.69,11.59
"14405","TOMB","2025-02-20",11.5183333333333,11.61,11.34
"14406","TOMB","2025-02-21",11.1679166666667,11.34,10.79
"14407","TOMB","2025-02-22",10.6575,10.83,10.34
"14408","TOMB","2025-02-23",10.285625,10.37,10.17
"14409","TOMB","2025-02-24",10.0027083333333,10.15,9.92
"14410","TOMB","2025-02-25",10.08625,10.31,9.92
"14411","TOMB","2025-02-26",10.2925,10.53,9.94
"14412","TOMB","2025-02-27",10.715625,10.89,10.26
"14413","TOMB","2025-02-28",11.0441304347826,11.4,10.78
"14414","TOMB","2025-03-01",11.3586666666667,11.62,10.87
"14415","TOMB","2025-03-02",11.6954347826087,12.15,11.35
"14416","TOMB","2025-03-03",11.7808333333333,12.1,11.45
"14417","TOMB","2025-03-04",11.7847916666667,11.97,11.58
"14418","TOMB","2025-03-05",12.0972340425532,12.43,11.71
"14419","TOMB","2025-03-06",12.24375,12.45,12.13
"14420","TOMB","2025-03-07",12.4502083333333,12.71,12.15
"14421","TOMB","2025-03-08",12.2595833333333,12.65,11.93
"14422","TOMB","2025-03-09",12.625,12.76,12.16
"14423","TOMB","2025-03-10",13.0183333333333,13.13,12.77
"14424","TOMB","2025-03-11",13.2760416666667,13.49,12.99
"14425","TOMB","2025-03-12",13.5691666666667,13.74,13.19
"14426","TOMB","2025-03-13",13.9420833333333,14.15,13.62
"14427","TOMB","2025-03-14",14.3083333333333,14.46,13.97
"14428","TOMB","2025-03-15",14.9297916666667,15.18,14.38
"14429","TOMB","2025-03-16",15.544375,15.79,15.18
"14430","TOMB","2025-03-17",16.2154166666667,16.47,15.79
"14431","TOMB","2025-03-18",16.621875,16.97,16.42
"14432","TOMB","2025-03-19",16.7904166666667,16.95,16.5
"14433","TOMB","2025-03-20",16.9764583333333,17.16,16.73
"14434","TOMB","2025-03-21",16.3883333333333,16.7,15.9
"14435","TOMB","2025-03-22",15.7785416666667,15.97,15.4
"14436","TOMB","2025-03-23",15.5833333333333,15.73,15.35
"14437","TOMB","2025-03-24",15.754375,16.01,15.48
"14438","TOMB","2025-03-25",15.969375,16.15,15.77
"14439","TOMB","2025-03-26",16.3625,16.53,15.87
"14440","TOMB","2025-03-27",16.6389583333333,16.78,16.41
"14441","TOMB","2025-03-28",16.7435416666667,16.86,16.6
"14442","TOMB","2025-03-29",16.8591666666667,17.01,16.65
"14443","TOMB","2025-03-30",17.2720833333333,17.38,17.02
"14444","TOMB","2025-03-31",17.7534042553192,17.89,17.36
"14445","TOMB","2025-04-01",18.144375,18.36,17.86
"14446","TOMB","2025-04-02",18.6439583333333,19.01,18.17
"14447","TOMB","2025-04-03",19.2983333333333,19.45,19.03
"14448","TOMB","2025-04-04",19.9060416666667,20.2,19.41
"14449","TOMB","2025-04-05",20.4895833333333,20.63,20.21
"14450","TOMB","2025-04-06",21.0022916666667,21.14,20.64
"14451","TOMB","2025-04-07",21.1945833333333,21.3,21.03
"14452","TOMB","2025-04-08",20.8729166666667,21.19,20.56
"14453","TOMB","2025-04-09",20.633125,20.85,20.24
"14454","TOMB","2025-04-10",19.5041666666667,20.21,18.76
"14455","TOMB","2025-04-11",18.6702083333333,18.81,18.39
"14456","TOMB","2025-04-12",18.286875,18.38,18.07
"14457","TOMB","2025-04-13",18.0972916666667,18.19,17.98
"14458","TOMB","2025-04-14",18.1170833333333,18.26,17.96
"14459","TOMB","2025-04-15",18.31625,18.45,17.95
"14460","TOMB","2025-04-16",18.6010416666667,18.74,18.33
"14461","TOMB","2025-04-17",18.82875,19.04,18.55
"14462","TOMB","2025-04-18",19.1460416666667,19.43,18.81
"14463","TOMB","2025-04-19",19.5757446808511,19.78,19.02
"14464","TOMB","2025-04-20",20.0071428571429,20.31,19.61
"14465","TOMB","2025-04-21",20.5264102564103,21.55,20.01
"14466","TOMB","2025-04-22",21.0342424242424,22.99,20.45
"14467","TOMB","2025-04-23",21.1414634146341,21.57,20.72
"14468","TOMB","2025-04-24",21.5406382978723,21.82,21.11
"14469","TOMB","2025-04-25",21.7654166666667,22.01,21.61
"14470","TOMB","2025-04-26",21.825625,21.89,21.63
"14471","TOMB","2025-04-27",22.0508333333333,22.18,21.73
"14472","TOMB","2025-04-28",22.2185416666667,22.48,21.89
"14473","TOMB","2025-04-29",22.2947916666667,22.45,21.88
"14474","TOMB","2025-04-30",22.7833333333333,22.94,22.32
"14475","TOMB","2025-05-01",23.1804166666667,23.33,22.91
"14476","TOMB","2025-05-02",23.3090909090909,23.42,23.21
"14477","TOMB","2025-05-03",23.81225,23.92,23.69
"14478","TOMB","2025-05-04",23.8002083333333,23.88,23.69
"14479","TOMB","2025-05-05",23.4170833333333,23.91,22.78
"14480","TOMB","2025-05-06",22.955,23.15,22.73
"14481","TOMB","2025-05-13",21.2114634146341,21.32,21.01
"14482","TOMB","2025-05-14",21.0710416666667,21.22,20.89
"14483","TOMB","2025-05-15",21.0348888888889,21.12,20.89
"14484","TOMB","2025-05-16",21.3597872340426,21.49,21.06
"14485","TOMB","2025-05-17",21.5326086956522,21.61,21.37
"14486","TOMB","2025-05-18",21.8827083333333,21.99,21.59
"14487","TOMB","2025-05-19",22.31625,22.46,21.97
"14488","TOMB","2025-05-20",22.8179166666667,23.02,22.36
"14489","TOMB","2025-05-21",23.5739534883721,23.79,23.03
"14490","TOMB","2025-05-22",24.164375,24.34,23.76
"14491","TOMB","2025-05-23",24.5947916666667,24.78,24.15
"14492","TOMB","2025-05-24",25.1170833333333,25.31,24.74
"14493","TOMB","2025-05-25",25.6997916666667,26.16,25.27
"14494","TOMB","2025-05-26",25.9775555555556,26.6,25.54
"14495","TOMB","2025-05-27",26.0767391304348,26.59,25.71
"14496","TOMB","2025-05-28",25.484375,25.72,25.19
"14497","TOMB","2025-05-29",25.083125,25.4,24.72
"14498","TOMB","2025-05-30",24.7247916666667,24.88,24.53
"14499","TOMB","2025-05-31",24.481875,24.71,24.03
"14500","TOMB","2025-06-01",24.1716666666667,24.33,24
"14501","TOMB","2025-06-02",24.2777083333333,24.43,24.02
"14502","TOMB","2025-06-03",24.483125,24.73,24.2
"14503","TOMB","2025-06-04",25.00625,25.55,24.46
"14504","TOMB","2025-06-05",25.3104651162791,25.76,24.84
"14505","TOMB","2025-06-06",25.9014285714286,26.48,25.39
"14506","TOMB","2025-06-07",26.7217777777778,28.88,25.85
"14507","TOMB","2025-06-08",27.505,29.13,26.4
"14508","TOMB","2025-06-09",27.3865957446809,28.3,27
"14509","TOMB","2025-06-10",27.2575,27.61,26.68
"14510","TOMB","2025-06-11",26.106875,26.69,25.53
"14511","TOMB","2025-06-12",25.7560416666667,25.89,25.54
"14512","TOMB","2025-06-13",25.679375,25.77,25.57
"14513","TOMB","2025-06-14",25.7820833333333,25.87,25.58
"14514","TOMB","2025-06-15",25.998125,26.15,25.73
"14515","TOMB","2025-06-16",26.4041666666667,26.66,26.07
"14516","TOMB","2025-06-17",26.6279166666667,26.75,26.43
"14517","TOMB","2025-06-18",26.7391666666667,26.91,26.55
"14518","TOMB","2025-06-19",26.6763043478261,26.82,26.42
"14519","TOMB","2025-06-20",26.7339583333333,26.91,26.42
"14520","TOMB","2025-06-21",26.48125,26.79,26.03
"14521","TOMB","2025-06-22",26.0645833333333,26.23,25.89
"14522","TOMB","2025-06-23",26.2608333333333,26.48,25.9
"14523","TOMB","2025-06-24",26.6308333333333,26.84,26.16
"14524","TOMB","2025-06-25",27.08875,27.25,26.58
"14525","TOMB","2025-06-26",27.6639583333333,27.84,27.21
"14526","TOMB","2025-06-27",28.195,28.63,27.84
"14527","TOMB","2025-06-28",28.5489583333333,28.98,28.13
"14528","TOMB","2025-06-29",28.8893023255814,29.33,28.32
"14529","TOMB","2025-06-30",29.2195833333333,29.65,28.76
"14530","TOMB","2025-07-01",29.1389583333333,29.32,29.02
"14531","TOMB","2025-07-02",29.2141666666667,29.51,29
"14532","TOMB","2025-07-03",29.2735416666667,29.54,28.83
"14533","TOMB","2025-07-04",28.52,28.77,28.11
"14534","TOMB","2025-07-05",28.3354166666667,28.46,28.08
"14535","TOMB","2025-07-06",28.785,29.06,28.48
"14536","TOMB","2025-07-07",29.1428205128205,30.2,28.65
"14537","TOMB","2025-07-08",29.3534375,31.21,28.99
"14538","TOMB","2025-07-09",30.3429268292683,32.49,29.33
"14539","TOMB","2025-07-10",30.3069230769231,31.94,29.75
"14540","TOMB","2025-07-11",30.5867441860465,32.09,29.87
"14541","TOMB","2025-07-12",30.4508888888889,31.56,30.09
"14542","TOMB","2025-07-13",30.4087179487179,31.81,30.07
"14543","TOMB","2025-07-14",30.6125714285714,31.76,30.26
"14544","TOMB","2025-07-15",30.7509090909091,31.7,30.46
"14545","TOMB","2025-07-16",31.0828571428571,32.39,30.65
"14546","TOMB","2025-07-17",31.3841666666667,32.17,30.73
"14547","TOMB","2025-07-18",31.632,33.05,31.07
"14548","TOMB","2025-07-19",31.2414583333333,31.83,30.98
"14549","TOMB","2025-07-20",31.7819565217391,33.08,31
"14550","TOMB","2025-07-21",32.41125,34.2,31.14
"14551","TOMB","2025-07-22",32.328,34.24,31.16
"14552","TOMB","2025-07-23",32.4835,33.61,31.63
"14553","TOMB","2025-07-24",32.2463636363636,33.57,31.58
"14554","TOMB","2025-07-25",31.799375,32.56,31.58
"14555","TOMB","2025-07-26",32.0391489361702,33.29,31.51
"14556","TOMB","2025-07-27",31.7672340425532,33.78,31.17
"14557","TOMB","2025-07-28",32.1618518518518,33.46,31.18
"14558","TOMB","2025-07-29",33.1634090909091,35.28,31.63
"14559","TOMB","2025-07-30",32.7533333333333,34.83,31.74
"14560","TOMB","2025-07-31",32.6656756756757,35.75,31.92
"14561","TOMB","2025-08-01",33.2654761904762,35.43,32.02
"14562","TOMB","2025-08-02",32.8486842105263,34.94,32.26
"14563","TOMB","2025-08-03",32.63,33.76,32.18
"14564","TOMB","2025-08-04",32.7836956521739,34.4,31.98
"14565","TOMB","2025-08-05",31.874375,32.09,31.67
"14566","TOMB","2025-08-06",31.6316666666667,31.95,31.41
"14567","TOMB","2025-08-07",31.8495744680851,32.76,31.38
"14568","TOMB","2025-08-08",31.7879166666667,32.67,31.47
"14569","TOMB","2025-08-09",31.941875,32.75,31.41
"14570","TOMB","2025-08-10",31.66,32.36,31.31
"14571","TOMB","2025-08-11",31.603125,32.34,31.22
"14572","TOMB","2025-08-12",31.7033333333333,32.25,31.21
"14573","TOMB","2025-08-13",31.373125,32,31.12
"14574","TOMB","2025-08-14",31.7497619047619,34.45,31.02
"14575","TOMB","2025-08-15",31.5,34.09,31.02
"14576","TOMB","2025-08-16",32.026,34.57,30.96
"14577","TOMB","2025-08-17",31.9121739130435,33.4,30.94
"14578","TOMB","2025-08-18",32.0348888888889,33.47,31.07
"14579","TOMB","2025-08-19",32.2461538461538,34.11,31.22
"14580","TOMB","2025-08-20",32.3572916666667,33.74,31.31
"14581","TOMB","2025-08-21",32.6136842105263,35.91,31.49
"14582","TOMB","2025-08-22",32.1293333333333,33.68,31.57
"14583","TOMB","2025-08-23",31.9818604651163,32.95,31.56
"14584","TOMB","2025-08-24",32.46625,34,31.76
"14585","TOMB","2025-08-25",32.5263829787234,34.02,31.72
"14586","TOMB","2025-08-26",31.9420833333333,32.36,31.52
"14587","TOMB","2025-08-27",31.705625,32.33,31.27
"14588","TOMB","2025-08-28",31.5527083333333,32.24,31.11
"14589","TOMB","2025-08-29",30.9679166666667,31.14,30.74
"14590","TOMB","2025-08-30",30.6245833333333,30.74,30.45
"14591","TOMB","2025-08-31",30.7039583333333,31.72,30.3
"14592","TOMB","2025-09-01",30.739375,31.55,30.23
"14593","TOMB","2025-09-02",30.8433333333333,31.79,30.19
"14594","TOMB","2025-09-03",30.4495833333333,31.11,29.94
"14595","TOMB","2025-09-04",30.8565957446809,33.7,29.8
"14596","TOMB","2025-09-05",30.664,32.11,29.8
"14597","TOMB","2025-09-06",31.1304444444444,33.24,29.88
"14598","TOMB","2025-09-07",30.401914893617,31.4,29.82
"14599","TOMB","2025-09-08",29.863125,30.24,29.43
"14600","TOMB","2025-09-09",29.86375,30.88,29.29
"14601","TOMB","2025-09-10",29.6210416666667,30.38,29.13
"14602","TOMB","2025-09-11",29.6108510638298,30.87,29.05
"14603","TOMB","2025-09-12",29.6785416666667,30.87,28.99
"14604","TOMB","2025-09-13",29.5947916666667,30.36,28.97
"14605","TOMB","2025-09-14",29.7913333333333,31.49,28.97
"14606","TOMB","2025-09-15",30.1827272727273,32.57,28.92
"14607","TOMB","2025-09-16",29.9674418604651,32.26,28.88
"14608","TOMB","2025-09-17",29.7464583333333,31.23,28.93
"14609","TOMB","2025-09-18",29.7995454545455,31.31,28.88
"14610","TOMB","2025-09-19",29.8391111111111,31.43,28.85
"14611","TOMB","2025-09-20",29.7131818181818,31.25,28.95
"14612","TOMB","2025-09-21",29.4871739130435,30.72,28.91
"14613","TOMB","2025-09-22",29.8757446808511,31.31,28.94
"14614","TOMB","2025-09-23",29.524375,30.67,28.92
"14615","TOMB","2025-09-24",29.8197872340426,31.25,29
"14616","TOMB","2025-09-25",29.3335416666667,30.36,29.01
"14617","TOMB","2025-09-26",29.3610416666667,30.06,28.83
"14618","TOMB","2025-09-27",29.3468888888889,30.56,28.67
"14619","TOMB","2025-09-28",29.1523404255319,30.28,28.58
"14620","TOMB","2025-09-29",29.0904166666667,29.98,28.5
"14621","TOMB","2025-09-30",28.9063043478261,29.81,28.43
"14622","TOMB","2025-10-01",28.8083333333333,29.41,28.42
"14623","TOMB","2025-10-02",28.791875,29.68,28.29
"14624","TOMB","2025-10-03",28.4083333333333,28.92,28.01
"14625","TOMB","2025-10-04",28.2602173913043,28.61,27.97
"14626","TOMB","2025-10-05",27.9617021276596,28.15,27.77
"14627","TOMB","2025-10-06",27.8279166666667,28.2,27.65
"14628","TOMB","2025-10-07",27.9152083333333,28.66,27.65
"14629","TOMB","2025-10-08",28.2048780487805,30.19,27.67
"14630","TOMB","2025-10-09",28.0083333333333,28.88,27.61
"14631","TOMB","2025-10-10",27.8233333333333,28.32,27.49
"14632","TOMB","2025-10-11",27.4897916666667,27.88,27.15
"14633","TOMB","2025-10-12",27.249375,27.58,26.94
"14634","TOMB","2025-10-13",27.3477083333333,28.26,26.65
"14635","TOMB","2025-10-14",27.0554166666667,28.05,26.54
"14636","TOMB","2025-10-15",26.6616666666667,27.17,26.33
"14637","TOMB","2025-10-16",26.905652173913,28.39,26.24
"14638","TOMB","2025-10-17",26.7497368421053,27.85,26.17
"14639","TOMB","2025-10-18",26.7221276595745,27.7,26.12
"14640","TOMB","2025-10-19",26.65125,27.54,26.14
"14641","TOMB","2025-10-20",26.3704166666667,26.96,25.89
"14642","TOMB","2025-10-21",25.9189583333333,26.41,25.47
"14643","TOMB","2025-10-22",25.78125,26.72,25.33
"14644","TOMB","2025-10-23",25.2586666666667,25.64,24.88
"14645","TOMB","2025-10-24",25.206,26.51,24.61
"14646","TOMB","2025-10-25",24.946875,25.88,24.46
"14647","TOMB","2025-10-26",24.4127083333333,24.72,24.17
"14648","TOMB","2025-10-27",24.0379166666667,24.17,23.93
"14649","TOMB","2025-10-29",23.3044680851064,23.56,23.01
"14650","TOMB","2025-10-30",22.6277083333333,23.01,22.17
"14651","TOMB","2025-10-31",21.9008333333333,22.15,21.57
"14652","TOMB","2025-11-01",21.879375,22.94,21.34
"14653","TOMB","2025-11-02",21.4727083333333,22.28,21.08
"14654","TOMB","2025-11-03",21.1272916666667,21.78,20.64
"14655","TOMB","2025-11-04",20.62375,21.01,20.23
"14656","TOMB","2025-11-05",20.5286363636364,22.07,20.01
"14657","TOMB","2025-11-06",20.4328571428571,22.13,19.87
"14658","TOMB","2025-11-07",20.45075,22.85,19.85
"14659","TOMB","2025-11-08",20.3628260869565,20.87,19.82
"14660","TOMB","2025-11-09",20.4229166666667,21.09,20.09
"14661","TOMB","2025-11-10",20.1264583333333,20.82,19.58
"14662","TOMB","2025-11-11",19.355625,19.69,18.97
"14663","TOMB","2025-11-12",18.978125,19.51,18.62
"14664","TOMB","2025-11-13",18.93625,19.76,18.55
"14665","TOMB","2025-11-14",18.955,20.34,18.51
"14666","TOMB","2025-11-15",19.2130952380952,21.19,18.47
"14667","TOMB","2025-11-16",18.8639583333333,19.68,18.44
"14668","TOMB","2025-11-17",19.0262222222222,20.18,18.48
"14669","TOMB","2025-11-18",18.824375,19.37,18.49
"14670","TOMB","2025-11-19",19.0027083333333,19.74,18.47
"14671","TOMB","2025-11-20",19.5217021276596,21.04,18.71
"14672","TOMB","2025-11-21",19.5434615384615,20.3,18.87
"14673","TOMB","2025-12-17",12.5658139534884,13.26,12.3
"14674","TOMB","2025-12-18",13.175,14.22,12.25
"14675","TOMB","2025-12-19",12.9889583333333,13.58,12.59
"14676","TOMB","2025-12-20",12.7031914893617,13.48,12.32
"14677","TOMB","2025-12-21",12.5666666666667,13.14,12.25
"14678","TOMB","2025-12-22",12.6313333333333,13.04,12.3
"14679","TOMB","2025-12-23",12.8604166666667,13.42,12.63
"14680","TOMB","2025-12-24",13.8078723404255,14.74,12.68
"14681","TOMB","2025-12-25",13.6302272727273,15.14,12.99
"14682","TOMB","2025-12-26",13.3422222222222,14.16,13.03
"14683","TOMB","2025-12-27",13.4416666666667,13.79,13.1
"14684","TOMB","2025-12-28",13.8247916666667,14.6,13.31
"14685","TOMB","2025-12-29",14.2164583333333,14.54,13.63
"14686","TOMB","2025-12-30",13.686875,14.06,13.35
"14687","TOMB","2025-12-31",13.384375,13.67,13.15
"14688","TOMB","2026-01-01",13.50875,13.98,13.13
"14689","TOOK","2019-07-25",17.0992857142857,17.51,16.93
"14690","TOOK","2019-07-26",16.816,17.03,16.58
"14691","TOOK","2019-07-27",16.385,16.46,16.31
"14692","TOOK","2019-07-30",15.31625,15.58,15.08
"14693","TOOK","2019-07-31",15.196,15.39,15.03
"14694","TOOK","2019-08-01",14.53,14.54,14.52
"14695","TOOK","2019-08-04",12.91,12.91,12.91
"14696","TOOK","2019-08-07",12.69,12.69,12.69
"14697","TOOK","2019-08-08",13.4292857142857,13.6,13.32
"14698","TOOK","2019-09-11",7.5,7.5,7.5
"14699","TOOK","2019-09-13",7.49,7.49,7.49
"14700","TOOK","2021-06-29",9.017,9.31,8.79
"14701","TOOK","2021-06-30",8.75108695652174,8.94,8.43
"14702","TOOK","2021-07-01",9.14086956521739,9.51,8.52
"14703","TOOK","2021-07-02",9.64510638297872,10.63,9.06
"14704","TOOK","2021-07-03",9.84739130434783,10.34,9.48
"14705","TOOK","2021-07-04",9.884375,10.01,9.72
"14706","TOOK","2021-07-05",10.41275,11.25,9.84
"14707","TOOK","2021-07-06",10.9863043478261,11.4,10.48
"14708","TOOK","2021-07-07",11.4322916666667,11.84,11.17
"14709","TOOK","2021-07-08",11.6309756097561,11.96,11.3
"14710","TOOK","2021-07-09",11.7866666666667,12.05,11.36
"14711","TOOK","2021-07-10",11.806976744186,12.36,11.61
"14712","TOOK","2021-07-11",12.0109090909091,12.38,11.62
"14713","TOOK","2021-07-12",12.3592682926829,12.99,11.88
"14714","TOOK","2021-07-13",13.4138636363636,14.52,12.42
"14715","TOOK","2021-07-14",13.6330952380952,14,13.23
"14716","TOOK","2021-07-15",13.3752380952381,13.69,13.1
"14717","TOOK","2021-07-16",13.331914893617,13.79,13.06
"14718","TOOK","2021-07-17",13.8813043478261,14.54,13.32
"14719","TOOK","2021-07-18",14.3755813953488,15.34,13.98
"14720","TOOK","2021-07-19",14.8493548387097,16.13,14.02
"14721","TOOK","2021-07-20",16.4369047619048,17.63,15.02
"14722","TOOK","2021-07-21",16.0415217391304,16.32,15.45
"14723","TOOK","2021-07-22",16.1636363636364,16.33,15.94
"14724","TOOK","2021-07-23",16.2452777777778,16.43,15.97
"14725","TOOK","2021-07-24",16.7341860465116,17.89,16.15
"14726","TOOK","2021-07-25",16.2131818181818,16.63,15.8
"14727","TOOK","2021-07-26",15.8551282051282,16.27,15.67
"14728","TOOK","2021-07-27",15.5857575757576,15.87,15.4
"14729","TOOK","2021-07-28",15.34225,15.48,15.16
"14730","TOOK","2021-07-29",15.0358333333333,15.21,14.69
"14731","TOOK","2021-07-30",14.4247916666667,14.66,14.13
"14732","TOOK","2021-07-31",14.0765217391304,14.19,13.91
"14733","TOOK","2021-08-01",13.7935416666667,13.94,13.64
"14734","TOOK","2021-08-02",13.7872916666667,14.03,13.43
"14735","TOOK","2021-08-03",14.198125,14.58,13.75
"14736","TOOK","2021-08-04",14.8435416666667,15.42,14.39
"14737","TOOK","2021-08-05",15.619347826087,16.27,14.62
"14738","TOOK","2021-08-06",15.4897777777778,15.86,15.08
"14739","TOOK","2021-08-07",14.433125,15.04,13.79
"14740","TOOK","2021-08-08",13.6054347826087,13.77,13.36
"14741","TOOK","2021-08-09",13.2470731707317,13.37,13.03
"14742","TOOK","2021-08-10",13.112972972973,13.42,12.85
"14743","TOOK","2021-08-11",12.9718421052632,13.14,12.73
"14744","TOOK","2021-08-12",12.4875555555556,12.72,12.16
"14745","TOOK","2021-08-13",11.78375,12.13,11.38
"14746","TOOK","2021-08-14",11.5827272727273,12.11,11.29
"14747","TOOK","2021-08-15",11.3897435897436,11.54,11.13
"14748","TOOK","2021-08-16",10.9444186046512,11.12,10.68
"14749","TOOK","2021-08-17",10.6902222222222,10.8,10.42
"14750","TOOK","2021-08-18",10.1691304347826,10.38,9.79
"14751","TOOK","2021-08-19",9.45729166666667,9.78,9.18
"14752","TOOK","2021-08-20",9.38833333333333,9.98,9.15
"14753","TOOK","2021-08-21",9.34212765957447,9.55,9.19
"14754","TOOK","2021-08-22",9.24270833333333,9.39,9.05
"14755","TOOK","2021-08-23",9.27760869565217,9.65,9.06
"14756","TOOK","2021-08-24",9.20177777777778,9.28,9.05
"14757","TOOK","2021-08-25",9.01023255813953,9.11,8.84
"14758","TOOK","2021-08-26",9.08378378378378,9.32,8.68
"14759","TOOK","2021-08-27",8.83479166666667,8.99,8.62
"14760","TOOK","2021-08-28",8.49952380952381,8.77,8.3
"14761","TOOK","2021-08-29",8.03895833333333,8.27,7.83
"14762","TOOK","2021-08-30",7.893125,8.39,7.76
"14763","TOOK","2021-08-31",7.77125,7.86,7.58
"14764","TOOK","2021-09-01",8.238125,9.43,7.7
"14765","TOOK","2021-09-02",8.38173913043478,8.79,8.13
"14766","TOOK","2021-09-03",8.21630434782609,8.34,8.09
"14767","TOOK","2021-09-04",8.2536170212766,8.49,8.05
"14768","TOOK","2021-09-05",8.23586956521739,8.38,8.06
"14769","TOOK","2021-09-06",8.17791666666667,8.31,8.03
"14770","TOOK","2021-09-07",8.02853658536585,8.65,7.83
"14771","TOOK","2021-09-08",7.81979166666667,7.9,7.73
"14772","TOOK","2021-09-09",7.75934782608696,7.93,7.68
"14773","TOOK","2021-09-10",7.79510638297872,8.28,7.64
"14774","TOOK","2021-09-11",7.8175,8.28,7.56
"14775","TOOK","2021-09-12",7.73291666666667,7.88,7.63
"14776","TOOK","2022-06-25",7.14,8.22,5.32
"14777","TOOK","2022-06-26",7.60692307692308,10.31,5.99
"14778","TOOK","2022-06-27",8.40521739130435,9.98,7.05
"14779","TOOK","2022-06-28",8.69957446808511,9.43,8.17
"14780","TOOK","2022-06-29",9.15391304347826,10.21,8.57
"14781","TOOK","2022-06-30",10.1926086956522,11.42,8.81
"14782","TOOK","2022-07-01",12.6137777777778,13.8,11.05
"14783","TOOK","2022-07-02",13.46,15.53,11.73
"14784","TOOK","2022-07-03",13.6902127659574,14.35,12.96
"14785","TOOK","2022-07-04",14.1791666666667,15.15,13.33
"14786","TOOK","2022-07-05",15.041875,15.77,14.17
"14787","TOOK","2022-07-06",15.5824444444444,17.8,12.58
"14788","TOOK","2022-07-07",16.1970833333333,16.81,15.3
"14789","TOOK","2022-07-08",15.8839583333333,16.33,15.58
"14790","TOOK","2022-07-09",16.6626829268293,18.46,15.59
"14791","TOOK","2022-07-10",17.43125,18.25,16.37
"14792","TOOK","2022-07-11",18.006875,18.49,17
"14793","TOOK","2022-07-12",17.5408333333333,18.05,17.16
"14794","TOOK","2022-07-13",16.2227272727273,17.13,15.17
"14795","TOOK","2022-07-14",13.8141666666667,15.12,12.8
"14796","TOOK","2022-07-15",12.7441666666667,12.96,12.59
"14797","TOOK","2022-07-16",12.8147916666667,13.12,12.48
"14798","TOOK","2022-07-17",12.8114583333333,13.09,12.55
"14799","TOOK","2022-07-18",12.996875,13.47,12.55
"14800","TOOK","2022-07-19",12.5922916666667,13.22,12.19
"14801","TOOK","2022-07-20",12.07,12.19,11.81
"14802","TOOK","2022-07-21",12.1264583333333,12.41,11.74
"14803","TOOK","2022-07-22",12.2629166666667,12.66,12.12
"14804","TOOK","2022-07-23",12.2075,12.3,12.06
"14805","TOOK","2022-07-24",12.1247916666667,12.17,12.04
"14806","TOOK","2022-07-25",12.499375,12.89,11.99
"14807","TOOK","2022-07-26",12.4225,12.55,12.25
"14808","TOOK","2022-07-27",11.55625,12.24,10.95
"14809","TOOK","2022-07-28",10.6733333333333,10.94,10.36
"14810","TOOK","2022-07-29",10.282,10.33,10.24
"14811","TOOK","2022-08-03",11.5624137931034,12.04,10.91
"14812","TOOK","2022-08-04",11.5942222222222,12.73,10.49
"14813","TOOK","2022-08-05",11.5566666666667,11.77,11.33
"14814","TOOK","2022-08-06",11.4875,12.17,11.25
"14815","TOOK","2022-08-07",10.8866666666667,11.22,10.57
"14816","TOOK","2022-08-08",10.8858333333333,12.06,10.44
"14817","TOOK","2022-08-09",10.5904166666667,10.68,10.4
"14818","TOOK","2022-08-10",10.15875,10.4,9.96
"14819","TOOK","2022-08-11",10.0889583333333,10.46,9.91
"14820","TOOK","2022-08-12",10.3864583333333,10.82,10.07
"14821","TOOK","2022-08-13",10.6102083333333,10.83,10.35
"14822","TOOK","2022-08-14",10.5691666666667,10.7,10.33
"14823","TOOK","2022-08-15",10.1445833333333,10.31,9.97
"14824","TOOK","2022-08-16",9.87375,9.98,9.72
"14825","TOOK","2022-08-17",9.77666666666667,9.96,9.59
"14826","TOOK","2022-08-18",9.59,9.7,9.43
"14827","TOOK","2022-08-19",9.52645833333333,9.68,9.38
"14828","TOOK","2022-08-20",9.44729166666667,9.51,9.31
"14829","TOOK","2022-08-21",9.30333333333333,9.4,9.15
"14830","TOOK","2022-08-22",9.02708333333333,9.13,8.87
"14831","TOOK","2022-08-23",9.20021276595745,9.87,8.78
"14832","TOOK","2022-08-24",9.3225,9.44,9.19
"14833","TOOK","2022-08-25",9.311875,9.44,9.17
"14834","TOOK","2022-08-26",9.431875,9.54,9.32
"14835","TOOK","2022-08-27",9.44958333333333,9.54,9.36
"14836","TOOK","2022-08-28",9.56854166666667,9.69,9.42
"14837","TOOK","2022-08-29",9.42458333333333,9.49,9.29
"14838","TOOK","2022-08-30",9.43702127659575,9.76,9.22
"14839","TOOK","2022-08-31",9.39416666666667,9.53,9.28
"14840","TOOK","2022-09-01",9.31708333333333,9.35,9.25
"14841","TOOK","2022-09-02",9.44541666666667,9.76,9.23
"14842","TOOK","2022-09-03",9.435,9.61,9.27
"14843","TOOK","2022-09-04",9.6,9.75,9.43
"14844","TOOK","2022-09-05",9.3325,9.59,9.16
"14845","TOOK","2022-09-06",9.369375,10.12,9.02
"14846","TOOK","2022-09-07",9.22666666666667,9.65,9.01
"14847","TOOK","2022-09-08",9.201875,9.81,8.98
"14848","TOOK","2022-09-09",9.00041666666667,9.05,8.92
"14849","TOOK","2022-09-10",8.75541666666667,8.9,8.59
"14850","TOOK","2022-09-11",8.46645833333333,8.6,8.3
"14851","TOOK","2022-09-12",8.255625,8.38,8.14
"14852","TOOK","2022-09-13",8.12208333333333,8.16,8.04
"14853","TOOK","2022-09-14",8.123125,8.65,8
"14854","TOOK","2022-09-15",8.07791666666667,8.23,8.01
"14855","TOOK","2022-09-16",8.16416666666667,8.63,7.99
"14856","TOOK","2022-09-17",8.059375,8.44,7.88
"14857","TOOK","2022-09-18",7.785625,7.88,7.68
"14858","TOOK","2022-09-19",7.53375,7.67,7.39
"14859","TOOK","2022-09-20",7.32041666666667,7.38,7.29
"14860","TOOK","2023-06-29",9.58147058823529,9.95,9.21
"14861","TOOK","2023-06-30",10.45625,11.94,9.48
"14862","TOOK","2023-07-01",9.928125,10.46,9.6
"14863","TOOK","2023-07-02",10.1120833333333,10.34,9.44
"14864","TOOK","2023-07-03",10.875,12.06,10.25
"14865","TOOK","2023-07-04",11.6115909090909,12.38,10.72
"14866","TOOK","2023-07-05",12.139375,12.41,11.93
"14867","TOOK","2023-07-06",12.0641666666667,12.34,11.7
"14868","TOOK","2023-07-07",12.215,12.38,12.01
"14869","TOOK","2023-07-08",12.5570833333333,12.93,12.13
"14870","TOOK","2023-07-09",12.2054166666667,12.69,11.73
"14871","TOOK","2023-07-10",11.6002083333333,12.21,11.04
"14872","TOOK","2023-07-11",11.3414893617021,11.6,11.08
"14873","TOOK","2023-07-12",12.56375,13.73,11.23
"14874","TOOK","2023-07-13",12.0070833333333,13.03,11.16
"14875","TOOK","2023-07-14",12.893488372093,15.19,11.64
"14876","TOOK","2023-07-15",12.6527083333333,13.23,11.99
"14877","TOOK","2023-07-16",12.49625,12.67,12.22
"14878","TOOK","2023-07-17",12.33875,12.53,12.13
"14879","TOOK","2023-07-18",13.11,13.76,12.28
"14880","TOOK","2023-07-19",14.2785106382979,14.91,13.41
"14881","TOOK","2023-07-20",15.7166666666667,17.8,14.6
"14882","TOOK","2023-07-21",15.7445238095238,16.92,14.79
"14883","TOOK","2023-07-22",15.4697916666667,15.9,14.59
"14884","TOOK","2023-07-23",16.909375,17.75,15.47
"14885","TOOK","2023-07-24",18.2822916666667,19.2,16.93
"14886","TOOK","2023-07-25",17.6059574468085,18.73,16.8
"14887","TOOK","2023-07-26",17.5954166666667,18.04,16.93
"14888","TOOK","2023-07-27",18.5644680851064,19.36,17.25
"14889","TOOK","2023-07-28",18.19875,19.14,17.39
"14890","TOOK","2023-07-29",18.0839583333333,19.8,17.34
"14891","TOOK","2023-07-30",18.0270833333333,18.28,17.85
"14892","TOOK","2023-07-31",17.5091666666667,17.93,17.13
"14893","TOOK","2023-08-01",16.995625,17.35,16.83
"14894","TOOK","2023-08-02",17.1775,17.72,16.7
"14895","TOOK","2023-08-03",16.9422916666667,17.4,16.66
"14896","TOOK","2023-08-04",16.9504166666667,17.36,16.49
"14897","TOOK","2023-08-05",17.3414583333333,18.15,16.48
"14898","TOOK","2023-08-06",16.8552083333333,17.15,16.56
"14899","TOOK","2023-08-07",16.383125,16.69,16.19
"14900","TOOK","2023-08-08",16.875,17.47,16.13
"14901","TOOK","2023-08-09",16.7058333333333,17.05,16.49
"14902","TOOK","2023-08-10",16.4260416666667,16.59,16.18
"14903","TOOK","2023-08-11",15.935,16.16,15.6
"14904","TOOK","2023-08-12",15.4178260869565,15.58,15.36
"14905","TOOK","2023-08-16",14.1276470588235,14.38,13.92
"14906","TOOK","2023-08-17",14.3279166666667,15.06,14.02
"14907","TOOK","2023-08-18",13.8504166666667,14.02,13.59
"14908","TOOK","2023-08-19",13.3677083333333,13.57,13.02
"14909","TOOK","2023-08-20",12.828125,13.02,12.56
"14910","TOOK","2023-08-21",12.4622916666667,12.73,12.29
"14911","TOOK","2023-08-22",12.0914583333333,12.27,11.82
"14912","TOOK","2023-08-23",11.613125,11.82,11.2
"14913","TOOK","2023-08-24",11.2379166666667,11.67,11.05
"14914","TOOK","2023-08-25",10.9989583333333,11.13,10.77
"14915","TOOK","2023-08-26",10.4870833333333,10.76,10.28
"14916","TOOK","2023-08-27",10.2404166666667,10.3,10.13
"14917","TOOK","2023-08-28",10.089375,10.19,9.81
"14918","TOOK","2023-08-29",9.66479166666667,9.79,9.45
"14919","TOOK","2023-08-30",9.295,9.45,9.11
"14920","TOOK","2023-08-31",9.26854166666667,9.56,9.06
"14921","TOOK","2023-09-01",9.475625,9.68,9.29
"14922","TOOK","2023-09-02",9.56354166666667,9.92,9.36
"14923","TOOK","2023-09-03",9.349375,9.7,9.03
"14924","TOOK","2023-09-04",8.80104166666667,9.03,8.6
"14925","TOOK","2023-09-05",8.46229166666667,8.59,8.35
"14926","TOOK","2023-09-06",8.148125,8.33,7.91
"14927","TOOK","2023-09-07",7.85583333333333,7.91,7.75
"14928","TOOK","2023-09-08",7.585,7.77,7.4
"14929","TOOK","2023-09-09",7.37479166666667,7.49,7.25
"14930","TOOK","2023-09-10",7.26875,7.44,7.14
"14931","TOOK","2023-09-11",7.2125,7.56,7.1
"14932","TOOK","2023-09-12",7.13895833333333,7.19,7.07
"14933","TOOK","2023-09-13",7.07083333333333,7.13,6.99
"14934","TOOK","2023-09-14",7.08375,7.49,6.95
"14935","TOOK","2023-09-15",6.91354166666667,7.3,6.74
"14936","TOOK","2023-09-16",6.765625,6.99,6.64
"14937","TOOK","2023-09-17",6.5975,6.65,6.55
"14938","TOOK","2024-06-27",11.9341666666667,12.33,11.26
"14939","TOOK","2024-06-28",11.8234090909091,12.72,10.63
"14940","TOOK","2024-06-29",11.98875,12.79,11.2
"14941","TOOK","2024-06-30",12.2289583333333,12.55,11.99
"14942","TOOK","2024-07-01",13.6134782608696,14.56,12.03
"14943","TOOK","2024-07-02",15.1331111111111,17.21,13.92
"14944","TOOK","2024-07-03",13.713125,14.82,12.18
"14945","TOOK","2024-07-04",12.318125,13.1,11.55
"14946","TOOK","2024-07-05",11.8689583333333,12.13,11.71
"14947","TOOK","2024-07-06",11.74,11.81,11.66
"14948","TOOK","2024-07-07",11.24625,11.79,10.47
"14949","TOOK","2024-07-08",10.003125,10.45,9.65
"14950","TOOK","2024-07-09",10.2622916666667,10.89,9.56
"14951","TOOK","2024-07-10",10.0554166666667,10.19,9.86
"14952","TOOK","2024-07-11",10.5544680851064,11.72,9.84
"14953","TOOK","2024-07-12",11.8302272727273,13.77,10.85
"14954","TOOK","2024-07-13",12.2508695652174,13.07,11.6
"14955","TOOK","2024-07-14",12.8535416666667,13.04,12.43
"14956","TOOK","2024-07-15",13.0291666666667,13.2,12.89
"14957","TOOK","2024-07-16",13.0989361702128,13.46,10
"14958","TOOK","2024-07-17",13.4633333333333,13.93,12.88
"14959","TOOK","2024-07-18",13.8068085106383,14.2,13.44
"14960","TOOK","2024-07-19",13.7560416666667,14.13,13.42
"14961","TOOK","2024-07-20",13.6491666666667,13.95,13.31
"14962","TOOK","2024-07-21",15.083125,16.28,13.54
"14963","TOOK","2024-07-22",15.6785106382979,16.86,14.79
"14964","TOOK","2024-07-23",15.5416666666667,15.93,15.32
"14965","TOOK","2024-07-24",17.0815909090909,18.65,15.33
"14966","TOOK","2024-07-25",17.64375,18.36,16.89
"14967","TOOK","2024-07-26",18.2785365853659,19.04,17.64
"14968","TOOK","2024-07-27",16.8764583333333,17.99,16.03
"14969","TOOK","2024-07-28",14.9439583333333,16,14.01
"14970","TOOK","2024-07-29",13.7975,14.12,13.51
"14971","TOOK","2024-07-30",13.4675,13.75,13.19
"14972","TOOK","2024-07-31",12.966875,13.15,12.77
"14973","TOOK","2024-08-01",12.7075,12.94,12.55
"14974","TOOK","2024-08-02",12.2027083333333,12.53,11.71
"14975","TOOK","2024-08-03",12.0508333333333,12.46,11.62
"14976","TOOK","2024-08-04",11.6883333333333,11.88,11.42
"14977","TOOK","2024-08-05",11.3433333333333,11.41,11.26
"14978","TOOK","2024-08-06",11.741875,12.08,11.37
"14979","TOOK","2024-08-07",12.2235416666667,12.48,11.91
"14980","TOOK","2024-08-08",12.5539583333333,12.95,12.39
"14981","TOOK","2024-08-09",12.9052083333333,13.26,12.56
"14982","TOOK","2024-08-10",13.0535416666667,13.53,12.71
"14983","TOOK","2024-08-11",12.788125,13.05,12.67
"14984","TOOK","2024-08-12",12.7160416666667,12.94,12.57
"14985","TOOK","2024-08-13",12.4391666666667,12.62,12.2
"14986","TOOK","2024-08-14",11.9747916666667,12.19,11.7
"14987","TOOK","2024-08-15",11.5191666666667,11.69,11.35
"14988","TOOK","2024-08-16",11.2902083333333,11.37,11.13
"14989","TOOK","2024-08-17",11.055625,11.12,10.91
"14990","TOOK","2024-08-18",10.9185416666667,11.09,10.83
"14991","TOOK","2024-08-19",10.781875,10.86,10.68
"14992","TOOK","2024-08-20",10.5189583333333,10.66,10.29
"14993","TOOK","2024-08-21",10.22,10.3,10.08
"14994","TOOK","2024-08-22",9.89958333333333,10.07,9.73
"14995","TOOK","2024-08-23",9.633125,9.72,9.49
"14996","TOOK","2024-08-24",9.41520833333333,9.48,9.33
"14997","TOOK","2024-08-25",9.250625,9.34,9.13
"14998","TOOK","2024-08-26",9.36104166666667,10.08,9.04
"14999","TOOK","2024-08-27",9.17659574468085,9.99,8.94
"15000","TOOK","2024-08-28",9.02291666666667,9.17,8.89
"15001","TOOK","2024-08-29",9.09416666666667,9.33,8.97
"15002","TOOK","2024-08-30",8.79020833333333,8.97,8.65
"15003","TOOK","2024-08-31",8.77354166666667,9.02,8.59
"15004","TOOK","2024-09-01",8.54770833333333,8.73,8.43
"15005","TOOK","2024-09-02",8.29416666666667,8.41,8.09
"15006","TOOK","2024-09-03",7.99833333333333,8.18,7.86
"15007","TOOK","2024-09-04",7.77104166666667,7.86,7.69
"15008","TOOK","2024-09-05",7.725625,7.84,7.6
"15009","TOOK","2024-09-06",7.84342105263158,8.11,7.73
"15010","TOOK","2024-09-07",7.98916666666667,9.03,7.76
"15011","TOOK","2024-09-08",7.735625,7.91,7.64
"15012","TOOK","2024-09-09",7.533125,7.62,7.4
"15013","TOOK","2024-09-10",7.54511111111111,8.19,7.36
"15014","TOOK","2024-09-11",7.38,7.56,7.28
"15015","TOOK","2024-09-12",7.39270833333333,7.64,7.24
"15016","TOOK","2024-09-13",7.31333333333333,7.75,7.18
"15017","TOOK","2024-09-14",7.25479166666667,7.43,7.15
"15018","TOOK","2024-09-15",7.215625,7.36,7.13
"15019","TOOK","2024-09-16",7.12833333333333,7.21,7.08
"15020","TOOK","2024-09-17",7.12166666666667,7.19,7.03
"15021","TOOK","2024-09-18",7.19375,7.54,7.04
"15022","TOOK","2025-07-04",14.6186363636364,15.68,13.35
"15023","TOOK","2025-07-05",15.186170212766,16.96,11.49
"15024","TOOK","2025-07-06",16.9397777777778,18.22,14.68
"15025","TOOK","2025-07-07",18.115,18.94,16.86
"15026","TOOK","2025-07-08",16.9868085106383,18.19,15.89
"15027","TOOK","2025-07-09",14.7718604651163,16.13,13.73
"15028","TOOK","2025-07-10",12.6270833333333,13.7,11.81
"15029","TOOK","2025-07-11",12.5647916666667,13.44,11.63
"15030","TOOK","2025-07-12",13.095625,13.64,12.52
"15031","TOOK","2025-07-13",13.8954166666667,14.71,12.76
"15032","TOOK","2025-07-14",14.103125,15.02,13.33
"15033","TOOK","2025-07-15",13.304375,13.67,12.6
"15034","TOOK","2025-07-16",12.8720833333333,13.15,12.35
"15035","TOOK","2025-07-17",13.1652083333333,14.12,12.21
"15036","TOOK","2025-07-18",13.7429166666667,14.11,13.27
"15037","TOOK","2025-07-19",14.0129166666667,14.26,13.75
"15038","TOOK","2025-07-20",14.8152083333333,15.35,13.98
"15039","TOOK","2025-07-21",15.005625,15.43,14.51
"15040","TOOK","2025-07-22",15.0252083333333,16.01,14.52
"15041","TOOK","2025-07-23",14.52125,14.92,14.38
"15042","TOOK","2025-07-24",14.64,14.64,14.64
"15043","TOOK","2025-07-28",15.272962962963,16.07,15.03
"15044","TOOK","2025-07-29",15.420625,16.27,14.99
"15045","TOOK","2025-07-30",15.1916666666667,15.49,14.74
"15046","TOOK","2025-07-31",14.2983333333333,14.69,13.95
"15047","TOOK","2025-08-01",14.6732608695652,15.5,13.76
"15048","TOOK","2025-08-02",15.045,17.08,13.97
"15049","TOOK","2025-08-03",15.65625,16.44,14.54
"15050","TOOK","2025-08-04",15.1433333333333,15.4,14.82
"15051","TOOK","2025-08-05",14.585,14.94,14.36
"15052","TOOK","2025-08-06",14.58125,14.85,14.23
"15053","TOOK","2025-08-07",14.194375,14.53,13.68
"15054","TOOK","2025-08-08",13.570625,13.82,13.19
"15055","TOOK","2025-08-09",12.8876923076923,13.12,12.79
"15056","TOOK","2025-08-10",13.0913888888889,13.25,12.92
"15057","TOOK","2025-08-11",12.901875,13.03,12.77
"15058","TOOK","2025-08-12",12.8795833333333,13.13,12.7
"15059","TOOK","2025-08-13",12.0810416666667,12.67,11.7
"15060","TOOK","2025-08-14",11.5679166666667,11.68,11.43
"15061","TOOK","2025-08-15",11.1645833333333,11.41,10.75
"15062","TOOK","2025-08-16",10.6397916666667,10.78,10.47
"15063","TOOK","2025-08-17",10.890625,11.89,10.38
"15064","TOOK","2025-08-18",10.7295833333333,11.26,10.26
"15065","TOOK","2025-08-19",10.4972916666667,10.8,10.13
"15066","TOOK","2025-08-20",9.9975,10.18,9.86
"15067","TOOK","2025-08-21",10.2179166666667,11.56,9.75
"15068","TOOK","2025-08-22",9.60166666666667,9.97,9.42
"15069","TOOK","2025-08-23",9.41104166666667,9.52,9.36
"15070","TOOK","2025-08-24",9.22625,9.36,8.98
"15071","TOOK","2025-08-25",9.25458333333333,10.3,8.87
"15072","TOOK","2025-08-26",8.79645833333333,8.94,8.58
"15073","TOOK","2025-08-27",8.37479166666667,8.59,8.2
"15074","TOOK","2025-08-28",8.02458333333333,8.18,7.86
"15075","TOOK","2025-08-29",7.84416666666667,8.11,7.77
"15076","TOOK","2025-08-30",7.60895833333333,7.78,7.4
"15077","TOOK","2025-08-31",7.29270833333333,7.38,7.13
"15078","TOOK","2025-09-01",7.07708333333333,7.17,6.98
"15079","TOOK","2025-09-02",6.97479166666667,7.01,6.94
"15080","TOOK","2025-09-03",7.03304347826087,7.23,6.94
"15081","TOOK","2025-09-04",6.99145833333333,7.08,6.87
"15082","TOOK","2025-09-05",7.05166666666667,7.1,7
"15083","TOOK","2025-09-06",6.99916666666667,7.15,6.89
"15084","TOOK","2025-09-07",6.97458333333333,7.11,6.84
"15085","TOOK","2025-09-08",6.98145833333333,7.04,6.91
"15086","TOOK","2025-09-09",7.05416666666667,7.3,6.95
"15087","TOOK","2025-09-10",6.92333333333333,6.98,6.84
"15088","TOOK","2025-09-11",6.57770833333333,6.81,6.36
"15089","TOOK","2025-09-12",6.338125,6.4,6.22
"15090","TOOK","2025-09-13",6.23791666666667,6.5,5.99
"15091","TOOK","2025-09-14",5.99125,6.29,5.84
"15092","TOOK","2025-09-15",5.79,6.05,5.59
"15093","TOOK","2025-09-16",5.64605263157895,5.9,5.56
