"","domainID","siteID","collectDate","sampleID","chlorophyllGramsPerSquareMeter"
"1250","D10","ARIK",2017-10-12,"ARIK.20171012.EPIPHYTON.1",0.7525
"1274","D10","ARIK",2017-10-12,"ARIK.20171012.EPIPHYTON.1.REP2",2.44075
"1283","D10","ARIK",2017-10-12,"ARIK.20171012.EPIPHYTON.2",1.7735
"1332","D10","ARIK",2017-10-12,"ARIK.20171012.EPIPHYTON.4",10.0445
"1354","D10","ARIK",2017-10-12,"ARIK.20171012.EPIPHYTON.5",7.81525
"1380","D10","ARIK",2017-10-12,"ARIK.20171012.EPIPSAMMON.1",1.25673627484001
"1403","D10","ARIK",2017-10-12,"ARIK.20171012.EPIPSAMMON.2",8.74242169080499
"1426","D10","ARIK",2017-10-12,"ARIK.20171012.EPIPSAMMON.3",7.6740906028966
"1476","D10","ARIK",2018-03-27,"ARIK.20180327.EPIPHYTON.1.CHL/PHEO.1",5.14575
"1504","D10","ARIK",2018-03-27,"ARIK.20180327.EPIPHYTON.2.REP2.CHL/PHEO.2",3.0235
"1567","D10","ARIK",2018-03-27,"ARIK.20180327.EPIPSAMMON.1.CHL/PHEO.1",9.37478949141125
"1617","D10","ARIK",2018-07-18,"ARIK.20180718.EPIPHYTON.1.CHL/PHEO.1",12.628
"1628","D10","ARIK",2018-07-18,"ARIK.20180718.EPIPHYTON.2.CHL/PHEO.1",10.364
"1640","D10","ARIK",2018-07-18,"ARIK.20180718.EPIPHYTON.2.REP2.CHL/PHEO.2",9.525625
"1644","D10","ARIK",2018-07-18,"ARIK.20180718.EPIPHYTON.3.CHL/PHEO.1",6.496875
"1656","D10","ARIK",2018-07-18,"ARIK.20180718.EPIPHYTON.4.CHL/PHEO.1",2.6275
"1667","D10","ARIK",2018-07-18,"ARIK.20180718.EPIPHYTON.5.CHL/PHEO.1",19.365875
"1677","D10","ARIK",2018-07-18,"ARIK.20180718.EPIPSAMMON.1.CHL/PHEO.1",8.19509262377905
"1690","D10","ARIK",2018-07-18,"ARIK.20180718.EPIPSAMMON.2.CHL/PHEO.1",48.9508251936679
"1700","D10","ARIK",2018-07-18,"ARIK.20180718.EPIPSAMMON.3.CHL/PHEO.1",58.7137925227349
"1715","D10","ARIK",2018-10-15,"ARIK.20181015.EPIPHYTON.1.CHL/PHEO.1",0.45575
"1724","D10","ARIK",2018-10-15,"ARIK.20181015.EPIPHYTON.2.CHL/PHEO.1",4.64775
"1736","D10","ARIK",2018-10-15,"ARIK.20181015.EPIPHYTON.3.CHL/PHEO.1",5.83125
"1748","D10","ARIK",2018-10-15,"ARIK.20181015.EPIPHYTON.4.CHL/PHEO.1",6.517
"1757","D10","ARIK",2018-10-15,"ARIK.20181015.EPIPHYTON.5.CHL/PHEO.1",4.677625
"1768","D10","ARIK",2018-10-15,"ARIK.20181015.EPIPHYTON.5.REP2.CHL/PHEO.2",5.605375
"1774","D10","ARIK",2018-10-15,"ARIK.20181015.EPIPSAMMON.1.CHL/PHEO.1",8.16647019198383
"1787","D10","ARIK",2018-10-15,"ARIK.20181015.EPIPSAMMON.2.CHL/PHEO.1",7.44316268103739
"1797","D10","ARIK",2018-10-15,"ARIK.20181015.EPIPSAMMON.3.CHL/PHEO.1",23.6670596160323
"1810","D10","ARIK",2019-03-19,"ARIK.20190319.EPIPHYTON.1.CHL/PHEO.1",4.728625
"1820","D10","ARIK",2019-03-19,"ARIK.20190319.EPIPHYTON.2.CHL/PHEO.1",26.6615
"1830","D10","ARIK",2019-03-19,"ARIK.20190319.EPIPHYTON.3.CHL/PHEO.1",7.42
"1840","D10","ARIK",2019-03-19,"ARIK.20190319.EPIPHYTON.4.CHL/PHEO.1",6.589875
"1851","D10","ARIK",2019-03-19,"ARIK.20190319.EPIPHYTON.5.CHL/PHEO.1",4.57775
"1861","D10","ARIK",2019-03-19,"ARIK.20190319.EPIPHYTON.5.REP2.CHL/PHEO.2",4.527375
"1866","D10","ARIK",2019-03-19,"ARIK.20190319.EPIPSAMMON.1.CHL/PHEO.1",10.572734927585
"1876","D10","ARIK",2019-03-19,"ARIK.20190319.EPIPSAMMON.2.CHL/PHEO.1",5.64723475917817
"1885","D10","ARIK",2019-03-19,"ARIK.20190319.EPIPSAMMON.3.CHL/PHEO.1",3.91398450656787
"1898","D10","ARIK",2019-07-15,"ARIK.20190715.EPIPHYTON.1.CHL/PHEO.1",1.690625
"1907","D10","ARIK",2019-07-15,"ARIK.20190715.EPIPHYTON.2.CHL/PHEO.1",4.82575
"1917","D10","ARIK",2019-07-15,"ARIK.20190715.EPIPHYTON.3.CHL/PHEO.1",3.1515
"1928","D10","ARIK",2019-07-15,"ARIK.20190715.EPIPHYTON.4.CHL/PHEO.1",18.44925
"1938","D10","ARIK",2019-07-15,"ARIK.20190715.EPIPHYTON.5.CHL/PHEO.1",2.02225
"1948","D10","ARIK",2019-07-15,"ARIK.20190715.EPIPSAMMON.1.CHL/PHEO.1",17.4786291680701
"1957","D10","ARIK",2019-07-15,"ARIK.20190715.EPIPSAMMON.1.REP2.CHL/PHEO.2",17.1911754799596
"1963","D10","ARIK",2019-07-15,"ARIK.20190715.EPIPSAMMON.2.CHL/PHEO.1",9.62392724823173
"1973","D10","ARIK",2019-07-15,"ARIK.20190715.EPIPSAMMON.3.CHL/PHEO.1",13.0400875715729
"1984","D10","ARIK",2019-10-07,"ARIK.20191007.EPIPHYTON.1.CHL/PHEO.1",2.488
"1995","D10","ARIK",2019-10-07,"ARIK.20191007.EPIPHYTON.2.CHL/PHEO.1",1.9655
"2005","D10","ARIK",2019-10-07,"ARIK.20191007.EPIPHYTON.3.CHL/PHEO.1",3.3055
"2015","D10","ARIK",2019-10-07,"ARIK.20191007.EPIPHYTON.4.CHL/PHEO.1",1.84825
"2024","D10","ARIK",2019-10-07,"ARIK.20191007.EPIPHYTON.5.CHL/PHEO.1",3.856375
"2035","D10","ARIK",2019-10-07,"ARIK.20191007.EPIPSAMMON.1.CHL/PHEO.1",8.09500842034355
"2044","D10","ARIK",2019-10-07,"ARIK.20191007.EPIPSAMMON.2.CHL/PHEO.1",8.71512293701583
"2054","D10","ARIK",2019-10-07,"ARIK.20191007.EPIPSAMMON.2.REP2.CHL/PHEO.2",8.64243853149209
"2060","D10","ARIK",2019-10-07,"ARIK.20191007.EPIPSAMMON.3.CHL/PHEO.1",6.24305321657124
"2072","D10","ARIK",2020-09-30,"ARIK.20200930.EPIPHYTON.1.CHL/PHEO.1",0.568
"2083","D10","ARIK",2020-09-30,"ARIK.20200930.EPIPHYTON.2.CHL/PHEO.1",1.136125
"2093","D10","ARIK",2020-09-30,"ARIK.20200930.EPIPHYTON.2.REP2.CHL/PHEO.2",1.048625
"2125","D10","ARIK",2020-09-30,"ARIK.20200930.EPIPHYTON.3.CHL/PHEO.1",0.480625
"2136","D10","ARIK",2021-03-23,"ARIK.20210323.EPIPHYTON.1.CHL/PHEO.1",1.516
"2148","D10","ARIK",2021-03-23,"ARIK.20210323.EPIPHYTON.2.CHL/PHEO.1",1.66525
"2159","D10","ARIK",2021-03-23,"ARIK.20210323.EPIPHYTON.2.REP2.CHL/PHEO.2",1.722625
"2191","D10","ARIK",2021-03-23,"ARIK.20210323.EPIPHYTON.3.CHL/PHEO.1",2.5495
"2202","D10","ARIK",2021-03-23,"ARIK.20210323.EPIPHYTON.4.CHL/PHEO.1",2.22225
"2213","D10","ARIK",2021-03-23,"ARIK.20210323.EPIPHYTON.5.CHL/PHEO.1",5.7795
"2223","D10","ARIK",2021-03-23,"ARIK.20210323.EPIPSAMMON.1.CHL/PHEO.1",11.0635129673291
"2234","D10","ARIK",2021-03-23,"ARIK.20210323.EPIPSAMMON.2.CHL/PHEO.1",6.78854833277198
"2245","D10","ARIK",2021-03-23,"ARIK.20210323.EPIPSAMMON.3.CHL/PHEO.1",5.65699730549007
"2268","D10","ARIK",2021-07-07,"ARIK.20210707.EPIPHYTON.1.CHL/PHEO.1",1.193125
"2279","D10","ARIK",2021-07-07,"ARIK.20210707.EPIPHYTON.2.CHL/PHEO.1",0.2915
"2289","D10","ARIK",2021-07-07,"ARIK.20210707.EPIPHYTON.3.CHL/PHEO.1",0.155125
"2300","D10","ARIK",2021-07-07,"ARIK.20210707.EPIPHYTON.4.CHL/PHEO.1",0.333875
"2311","D10","ARIK",2021-07-07,"ARIK.20210707.EPIPHYTON.5.CHL/PHEO.1",0.75225
"2323","D10","ARIK",2021-07-07,"ARIK.20210707.EPIPHYTON.5.REP2.CHL/PHEO.2",0.724125
"2355","D10","ARIK",2021-07-07,"ARIK.20210707.EPIPSAMMON.1.CHL/PHEO.1",5.72324014819805
"2366","D10","ARIK",2021-07-07,"ARIK.20210707.EPIPSAMMON.2.CHL/PHEO.1",6.37545133041428
"2377","D10","ARIK",2021-07-07,"ARIK.20210707.EPIPSAMMON.3.CHL/PHEO.1",8.35361232738296
"2390","D10","ARIK",2022-03-23,"ARIK.20220323.EPIPHYTON.1.CHL/PHEO.1",0.812952
"2400","D10","ARIK",2022-03-23,"ARIK.20220323.EPIPHYTON.2.CHL/PHEO.1",5.826264
"2412","D10","ARIK",2022-03-23,"ARIK.20220323.EPIPHYTON.3.CHL/PHEO.1",10.816
"2423","D10","ARIK",2022-03-23,"ARIK.20220323.EPIPHYTON.3.REP2.CHL/PHEO.2",10.996096
"2455","D10","ARIK",2022-03-23,"ARIK.20220323.EPIPHYTON.4.CHL/PHEO.1",0.815346
"2466","D10","ARIK",2022-03-23,"ARIK.20220323.EPIPHYTON.5.CHL/PHEO.1",7.143048
"2477","D10","ARIK",2022-03-23,"ARIK.20220323.EPIPSAMMON.1.CHL/PHEO.1",2.03422027618727
"2487","D10","ARIK",2022-03-23,"ARIK.20220323.EPIPSAMMON.2.CHL/PHEO.1",11.2335803300775
"2498","D10","ARIK",2022-03-23,"ARIK.20220323.EPIPSAMMON.3.CHL/PHEO.1",13.5461973728528
"2511","D10","ARIK",2022-07-12,"ARIK.20220712.EPIPHYTON.1.CHL/PHEO.1",0.58525
"2523","D10","ARIK",2022-07-12,"ARIK.20220712.EPIPHYTON.2.CHL/PHEO.1",1.236125
"2534","D10","ARIK",2022-07-12,"ARIK.20220712.EPIPHYTON.3.CHL/PHEO.1",0.953625
"2544","D10","ARIK",2022-07-12,"ARIK.20220712.EPIPHYTON.3.REP2.CHL/PHEO.2",0.939125
"2576","D10","ARIK",2022-07-12,"ARIK.20220712.EPIPHYTON.4.CHL/PHEO.1",2.118375
"2588","D10","ARIK",2022-07-12,"ARIK.20220712.EPIPHYTON.5.CHL/PHEO.1",1.274
"2598","D10","ARIK",2022-07-12,"ARIK.20220712.EPIPSAMMON.1.CHL/PHEO.1",5.94560121252947
"2610","D10","ARIK",2022-07-12,"ARIK.20220712.EPIPSAMMON.2.CHL/PHEO.1",5.50803300774672
"2621","D10","ARIK",2022-07-12,"ARIK.20220712.EPIPSAMMON.3.CHL/PHEO.1",5.01828898619064
"2633","D10","ARIK",2022-11-15,"ARIK.20221115.EPIPHYTON.1.CHL/PHEO.1",0.64125
"2645","D10","ARIK",2022-11-15,"ARIK.20221115.EPIPHYTON.2.CHL/PHEO.1",0.632375
"2656","D10","ARIK",2022-11-15,"ARIK.20221115.EPIPHYTON.3.CHL/PHEO.1",0.4675
"2666","D10","ARIK",2022-11-15,"ARIK.20221115.EPIPHYTON.4.CHL/PHEO.1",1.456125
"2677","D10","ARIK",2022-11-15,"ARIK.20221115.EPIPHYTON.5.CHL/PHEO.1",0.92625
"2689","D10","ARIK",2022-11-15,"ARIK.20221115.EPIPHYTON.5.REP2.CHL/PHEO.2",0.890625
"2721","D10","ARIK",2023-03-21,"ARIK.20230321.EPIPHYTON.1.CHL/PHEO.1",0.746875
"2731","D10","ARIK",2023-03-21,"ARIK.20230321.EPIPHYTON.2.CHL/PHEO.1",5.316625
"2743","D10","ARIK",2023-03-21,"ARIK.20230321.EPIPHYTON.3.CHL/PHEO.1",6.636875
"2754","D10","ARIK",2023-03-21,"ARIK.20230321.EPIPHYTON.3.REP2.CHL/PHEO.2",6.663375
"2786","D10","ARIK",2023-03-21,"ARIK.20230321.EPIPHYTON.4.CHL/PHEO.1",0.832875
"2797","D10","ARIK",2023-03-21,"ARIK.20230321.EPIPHYTON.5.CHL/PHEO.1",4.49375
"2807","D10","ARIK",2023-03-21,"ARIK.20230321.EPIPSAMMON.1.CHL/PHEO.1",3.62118558437184
"2818","D10","ARIK",2023-03-21,"ARIK.20230321.EPIPSAMMON.2.CHL/PHEO.1",20.406062647356
"2829","D10","ARIK",2023-03-21,"ARIK.20230321.EPIPSAMMON.3.CHL/PHEO.1",20.6573795890872
"2842","D10","ARIK",2023-07-11,"ARIK.20230711.EPIPHYTON.1.CHL/PHEO.1",0.762875
"2853","D10","ARIK",2023-07-11,"ARIK.20230711.EPIPHYTON.2.CHL/PHEO.1",1.27925
"2864","D10","ARIK",2023-07-11,"ARIK.20230711.EPIPHYTON.2.REP2.CHL/PHEO.2",1.29325
"2897","D10","ARIK",2023-07-11,"ARIK.20230711.EPIPHYTON.3.CHL/PHEO.1",1.069875
"2908","D10","ARIK",2023-07-11,"ARIK.20230711.EPIPHYTON.4.CHL/PHEO.1",1.460625
"2918","D10","ARIK",2023-07-11,"ARIK.20230711.EPIPHYTON.5.CHL/PHEO.1",1.242
"2930","D10","ARIK",2023-07-11,"ARIK.20230711.EPIPSAMMON.1.CHL/PHEO.1",8.93083192994274
"2941","D10","ARIK",2023-07-11,"ARIK.20230711.EPIPSAMMON.2.CHL/PHEO.1",9.45595149882115
"2951","D10","ARIK",2023-07-11,"ARIK.20230711.EPIPSAMMON.3.CHL/PHEO.1",7.21450319973055
"2965","D10","ARIK",2023-11-07,"ARIK.20231107.EPIPHYTON.1.CHL/PHEO.1",1.748375
"2975","D10","ARIK",2023-11-07,"ARIK.20231107.EPIPHYTON.2.CHL/PHEO.1",1.348996
"2986","D10","ARIK",2023-11-07,"ARIK.20231107.EPIPHYTON.2.REP2.CHL/PHEO.2",1.376524
"3019","D10","ARIK",2023-11-07,"ARIK.20231107.EPIPHYTON.3.CHL/PHEO.1",1.128204
"3030","D10","ARIK",2023-11-07,"ARIK.20231107.EPIPHYTON.4.CHL/PHEO.1",2.0832
"3040","D10","ARIK",2023-11-07,"ARIK.20231107.EPIPHYTON.5.CHL/PHEO.1",3.485174
"3052","D10","ARIK",2023-11-07,"ARIK.20231107.EPIPSAMMON.1.CHL/PHEO.1",5.76435668575278
"3063","D10","ARIK",2023-11-07,"ARIK.20231107.EPIPSAMMON.2.CHL/PHEO.1",4.91305490063995
"3073","D10","ARIK",2023-11-07,"ARIK.20231107.EPIPSAMMON.3.CHL/PHEO.1",5.23850623105423
"4037","D03","BARC",2017-11-09,"BARC.20171109.EPIPHYTON.1",2.71484
"4061","D03","BARC",2017-11-09,"BARC.20171109.EPIPHYTON.3",1.61225
"4085","D03","BARC",2017-11-09,"BARC.20171109.EPIPHYTON.5",1.7535
"4110","D03","BARC",2017-11-09,"BARC.20171109.EPIPHYTON.7",4.153125
"4133","D03","BARC",2017-11-09,"BARC.20171109.EPIPHYTON.9",6.19625
"4228","D03","BARC",2018-02-21,"BARC.20180221.EPIPHYTON.1.CHL/PHEO.1",1.302
"4241","D03","BARC",2018-02-21,"BARC.20180221.EPIPHYTON.3.CHL/PHEO.1",2.35775
"4250","D03","BARC",2018-02-21,"BARC.20180221.EPIPHYTON.5.CHL/PHEO.1",0.884125
"4261","D03","BARC",2018-02-21,"BARC.20180221.EPIPHYTON.7.CHL/PHEO.1",0.104
"4274","D03","BARC",2018-02-21,"BARC.20180221.EPIPHYTON.9.CHL/PHEO.1",1.319
"4323","D03","BARC",2018-07-16,"BARC.20180716.EPIPHYTON.1.CHL/PHEO.1",11.494875
"4334","D03","BARC",2018-07-16,"BARC.20180716.EPIPHYTON.3.CHL/PHEO.1",15.412375
"4344","D03","BARC",2018-07-16,"BARC.20180716.EPIPHYTON.5.CHL/PHEO.1",19.38425
"4357","D03","BARC",2018-07-16,"BARC.20180716.EPIPHYTON.7.CHL/PHEO.1",29.429625
"4367","D03","BARC",2018-07-16,"BARC.20180716.EPIPHYTON.9.CHL/PHEO.1",20.06025
"4416","D03","BARC",2018-11-12,"BARC.20181112.EPIPHYTON.1.CHL/PHEO.1",13.219782
"4428","D03","BARC",2018-11-12,"BARC.20181112.EPIPHYTON.3.CHL/PHEO.1",3.673786
"4439","D03","BARC",2018-11-12,"BARC.20181112.EPIPHYTON.5.CHL/PHEO.1",5.250625
"4451","D03","BARC",2018-11-12,"BARC.20181112.EPIPHYTON.7.CHL/PHEO.1",8.7765395
"4460","D03","BARC",2018-11-12,"BARC.20181112.EPIPHYTON.9.CHL/PHEO.1",25.712453
"4511","D03","BARC",2019-02-20,"BARC.20190220.EPIPHYTON.1.CHL/PHEO.1",1.2675
"4520","D03","BARC",2019-02-20,"BARC.20190220.EPIPHYTON.3.CHL/PHEO.1",2.836125
"4531","D03","BARC",2019-02-20,"BARC.20190220.EPIPHYTON.5.CHL/PHEO.1",0.232875
"4540","D03","BARC",2019-02-20,"BARC.20190220.EPIPHYTON.7.CHL/PHEO.1",2.858
"4550","D03","BARC",2019-02-20,"BARC.20190220.EPIPHYTON.9.CHL/PHEO.1",1.226125
"4596","D03","BARC",2019-07-16,"BARC.20190716.EPIPHYTON.10.CHL/PHEO.1",23.443625
"4597","D03","BARC",2019-07-16,"BARC.20190716.EPIPHYTON.10.CHL/PHEO.1",24.208125
"4607","D03","BARC",2019-07-16,"BARC.20190716.EPIPHYTON.2.CHL/PHEO.1",8.30725
"4618","D03","BARC",2019-07-16,"BARC.20190716.EPIPHYTON.4.CHL/PHEO.1",14.932625
"4619","D03","BARC",2019-07-16,"BARC.20190716.EPIPHYTON.4.CHL/PHEO.1",15.620625
"4630","D03","BARC",2019-07-16,"BARC.20190716.EPIPHYTON.6.CHL/PHEO.1",5.45325
"4639","D03","BARC",2019-07-16,"BARC.20190716.EPIPHYTON.8.CHL/PHEO.1",42.3005
"4642","D03","BARC",2019-07-16,"BARC.20190716.EPIPHYTON.8.CHL/PHEO.1",42.3005
"4687","D03","BARC",2019-11-12,"BARC.20191112.EPIPHYTON.10.CHL/PHEO.1",3.844
"4696","D03","BARC",2019-11-12,"BARC.20191112.EPIPHYTON.2.CHL/PHEO.1",1.971625
"4706","D03","BARC",2019-11-12,"BARC.20191112.EPIPHYTON.4.CHL/PHEO.1",7.83675
"4717","D03","BARC",2019-11-12,"BARC.20191112.EPIPHYTON.6.CHL/PHEO.1",2.48
"4727","D03","BARC",2019-11-12,"BARC.20191112.EPIPHYTON.8.CHL/PHEO.1",0.443875
"4863","D03","BARC",2020-07-14,"BARC.20200714.EPIPHYTON.10.CHL/PHEO.1",8.40275
"4874","D03","BARC",2020-07-14,"BARC.20200714.EPIPHYTON.2.CHL/PHEO.1",11.049875
"4884","D03","BARC",2020-07-14,"BARC.20200714.EPIPHYTON.4.CHL/PHEO.1",6.704875
"4895","D03","BARC",2020-07-14,"BARC.20200714.EPIPHYTON.6.CHL/PHEO.1",6.461
"4906","D03","BARC",2020-07-14,"BARC.20200714.EPIPHYTON.8.CHL/PHEO.1",9.917875
"4982","D03","BARC",2020-11-02,"BARC.20201102.EPIPHYTON.1.CHL/PHEO.1",22.225
"4993","D03","BARC",2020-11-02,"BARC.20201102.EPIPHYTON.3.CHL/PHEO.1",24.4475
"5002","D03","BARC",2020-11-02,"BARC.20201102.EPIPHYTON.5.CHL/PHEO.1",29.22
"5012","D03","BARC",2020-11-02,"BARC.20201102.EPIPHYTON.7.CHL/PHEO.1",23.18375
"5023","D03","BARC",2020-11-02,"BARC.20201102.EPIPHYTON.9.CHL/PHEO.1",16.69
"5097","D03","BARC",2021-02-24,"BARC.20210224.EPIPHYTON.1.CHL/PHEO.1",17.249575
"5109","D03","BARC",2021-02-24,"BARC.20210224.EPIPHYTON.3.CHL/PHEO.1",8.819875
"5120","D03","BARC",2021-02-24,"BARC.20210224.EPIPHYTON.5.CHL/PHEO.1",4.609625
"5131","D03","BARC",2021-02-24,"BARC.20210224.EPIPHYTON.7.CHL/PHEO.1",3.8605
"5142","D03","BARC",2021-02-24,"BARC.20210224.EPIPHYTON.9.CHL/PHEO.1",3.04
"5218","D03","BARC",2021-07-15,"BARC.20210715.EPIPHYTON.1.CHL/PHEO.1",4.643875
"5227","D03","BARC",2021-07-15,"BARC.20210715.EPIPHYTON.3.CHL/PHEO.1",3.70875
"5238","D03","BARC",2021-07-15,"BARC.20210715.EPIPHYTON.5.CHL/PHEO.1",9.012625
"5248","D03","BARC",2021-07-15,"BARC.20210715.EPIPHYTON.7.CHL/PHEO.1",10.183375
"5257","D03","BARC",2021-07-15,"BARC.20210715.EPIPHYTON.9.CHL/PHEO.1",7.134625
"5333","D03","BARC",2021-11-09,"BARC.20211109.EPIPHYTON.10.CHL/PHEO.1",9.228375
"5343","D03","BARC",2021-11-09,"BARC.20211109.EPIPHYTON.10.REP2.CHL/PHEO.2",9.2565
"5369","D03","BARC",2021-11-09,"BARC.20211109.EPIPHYTON.2.CHL/PHEO.1",3.732625
"5379","D03","BARC",2021-11-09,"BARC.20211109.EPIPHYTON.4.CHL/PHEO.1",12.0045
"5388","D03","BARC",2021-11-09,"BARC.20211109.EPIPHYTON.6.CHL/PHEO.1",51.3475
"5398","D03","BARC",2021-11-09,"BARC.20211109.EPIPHYTON.8.CHL/PHEO.1",16.76375
"5541","D03","BARC",2022-07-11,"BARC.20220711.EPIPHYTON.1.CHL/PHEO.1",3.609625
"5552","D03","BARC",2022-07-11,"BARC.20220711.EPIPHYTON.3.CHL/PHEO.1",10.620375
"5561","D03","BARC",2022-07-11,"BARC.20220711.EPIPHYTON.5.CHL/PHEO.1",21.92875
"5571","D03","BARC",2022-07-11,"BARC.20220711.EPIPHYTON.7.CHL/PHEO.1",19.8
"5581","D03","BARC",2022-07-11,"BARC.20220711.EPIPHYTON.9.CHL/PHEO.1",11.75125
"5592","D03","BARC",2022-07-11,"BARC.20220711.EPIPHYTON.9.REP2.CHL/PHEO.2",11.30775
"5651","D03","BARC",2022-11-01,"BARC.20221101.EPIPHYTON.10.CHL/PHEO.1",5.3426978
"5660","D03","BARC",2022-11-01,"BARC.20221101.EPIPHYTON.2.CHL/PHEO.1",9.0189
"5671","D03","BARC",2022-11-01,"BARC.20221101.EPIPHYTON.2.REP2.CHL/PHEO.2",8.815356
"5697","D03","BARC",2022-11-01,"BARC.20221101.EPIPHYTON.4.CHL/PHEO.1",12.220978
"5707","D03","BARC",2022-11-01,"BARC.20221101.EPIPHYTON.6.CHL/PHEO.1",8.881625
"5717","D03","BARC",2022-11-01,"BARC.20221101.EPIPHYTON.8.CHL/PHEO.1",7.956978
"5759","D03","BARC",2023-02-15,"BARC.20230215.EPIPHYTON.10.CHL/PHEO.1",11.510496
"5770","D03","BARC",2023-02-15,"BARC.20230215.EPIPHYTON.10.REP2.CHL/PHEO.2",11.638656
"5795","D03","BARC",2023-02-15,"BARC.20230215.EPIPHYTON.2.CHL/PHEO.1",4.68566
"5805","D03","BARC",2023-02-15,"BARC.20230215.EPIPHYTON.4.CHL/PHEO.1",16.93056
"5816","D03","BARC",2023-02-15,"BARC.20230215.EPIPHYTON.6.CHL/PHEO.1",6.9573
"5825","D03","BARC",2023-02-15,"BARC.20230215.EPIPHYTON.8.CHL/PHEO.1",18.88496
"5868","D03","BARC",2023-07-12,"BARC.20230712.EPIPHYTON.10.CHL/PHEO.1",4.16805
"5879","D03","BARC",2023-07-12,"BARC.20230712.EPIPHYTON.2.CHL/PHEO.1",6.263208
"5889","D03","BARC",2023-07-12,"BARC.20230712.EPIPHYTON.4.CHL/PHEO.1",2.662317
"5899","D03","BARC",2023-07-12,"BARC.20230712.EPIPHYTON.4.REP2.CHL/PHEO.2",2.607633
"5925","D03","BARC",2023-07-12,"BARC.20230712.EPIPHYTON.6.CHL/PHEO.1",2.292444
"5935","D03","BARC",2023-07-12,"BARC.20230712.EPIPHYTON.8.CHL/PHEO.1",16.2644
"6014","D17","BIGC",2018-05-14,"BIGC.20180514.EPILITHON.3.CHL/PHEO.1",5.39017040731505
"6025","D17","BIGC",2018-05-14,"BIGC.20180514.EPILITHON.6.CHL/PHEO.1",31.1081670822943
"6036","D17","BIGC",2018-05-14,"BIGC.20180514.EPILITHON.8.CHL/PHEO.1",45.2161263507897
"6047","D17","BIGC",2018-05-14,"BIGC.20180514.EPIPSAMMON.1.CHL/PHEO.1",1.69155102728191
"6059","D17","BIGC",2018-05-14,"BIGC.20180514.EPIPSAMMON.1.REP2.CHL/PHEO.2",1.92724317952172
"6066","D17","BIGC",2018-05-14,"BIGC.20180514.EPIPSAMMON.2.CHL/PHEO.1",1.6207578309195
"6079","D17","BIGC",2018-05-14,"BIGC.20180514.EPIPSAMMON.4.CHL/PHEO.1",4.94589929269114
"6090","D17","BIGC",2018-05-14,"BIGC.20180514.EPIPSAMMON.5.CHL/PHEO.1",1.92
"6100","D17","BIGC",2018-05-14,"BIGC.20180514.EPIPSAMMON.7.CHL/PHEO.1",0.13977770293028
"6114","D17","BIGC",2018-07-24,"BIGC.20180724.EPILITHON.2.CHL/PHEO.1",21.4905444721529
"6125","D17","BIGC",2018-07-24,"BIGC.20180724.EPILITHON.2.REP2.CHL/PHEO.2",28.4138611803824
"6132","D17","BIGC",2018-07-24,"BIGC.20180724.EPILITHON.6.CHL/PHEO.1",6.61107647547797
"6142","D17","BIGC",2018-07-24,"BIGC.20180724.EPILITHON.8.CHL/PHEO.1",1.61159600997506
"6154","D17","BIGC",2018-07-24,"BIGC.20180724.EPIPSAMMON.1.CHL/PHEO.1",5.76204109127653
"6163","D17","BIGC",2018-07-24,"BIGC.20180724.EPIPSAMMON.3.CHL/PHEO.1",0.920343550016841
"6175","D17","BIGC",2018-07-24,"BIGC.20180724.EPIPSAMMON.4.CHL/PHEO.1",4.16428090266083
"6185","D17","BIGC",2018-07-24,"BIGC.20180724.EPIPSAMMON.5.CHL/PHEO.1",8.53233411923207
"6198","D17","BIGC",2018-07-24,"BIGC.20180724.EPIPSAMMON.7.CHL/PHEO.1",3.22057089929269
"6212","D17","BIGC",2018-09-25,"BIGC.20180925.EPILITHON.2.CHL/PHEO.1",10.143391521197
"6223","D17","BIGC",2018-09-25,"BIGC.20180925.EPILITHON.2.REP2.CHL/PHEO.2",10.1153366583541
"6229","D17","BIGC",2018-09-25,"BIGC.20180925.EPILITHON.6.CHL/PHEO.1",5.06234413965087
"6240","D17","BIGC",2018-09-25,"BIGC.20180925.EPILITHON.8.CHL/PHEO.1",6.3881961762261
"6251","D17","BIGC",2018-09-25,"BIGC.20180925.EPIPSAMMON.1.CHL/PHEO.1",8.66790165038734
"6260","D17","BIGC",2018-09-25,"BIGC.20180925.EPIPSAMMON.3.CHL/PHEO.1",1.43110811721118
"6272","D17","BIGC",2018-09-25,"BIGC.20180925.EPIPSAMMON.4.CHL/PHEO.1",0.09999157965645
"6283","D17","BIGC",2018-09-25,"BIGC.20180925.EPIPSAMMON.5.CHL/PHEO.1",0.115779723812732
"6295","D17","BIGC",2018-09-25,"BIGC.20180925.EPIPSAMMON.7.CHL/PHEO.1",0.0473644324688447
"6341","D17","BIGC",2019-05-20,"BIGC.20190520.EPILITHON.1.CHL/PHEO.1",11.2437655860349
"6350","D17","BIGC",2019-05-20,"BIGC.20190520.EPILITHON.2.CHL/PHEO.1",0.329904405652535
"6361","D17","BIGC",2019-05-20,"BIGC.20190520.EPILITHON.3.CHL/PHEO.1",4.01704073150457
"6370","D17","BIGC",2019-05-20,"BIGC.20190520.EPILITHON.3.REP2.CHL/PHEO.2",4.49761014131338
"6376","D17","BIGC",2019-05-20,"BIGC.20190520.EPIPSAMMON.1.CHL/PHEO.1",1.65417649040081
"6386","D17","BIGC",2019-05-20,"BIGC.20190520.EPIPSAMMON.2.CHL/PHEO.1",8.625168406871
"6395","D17","BIGC",2019-05-20,"BIGC.20190520.EPIPSAMMON.3.CHL/PHEO.1",0.23492758504547
"6405","D17","BIGC",2019-05-20,"BIGC.20190520.EPIPSAMMON.4.CHL/PHEO.1",0.223981138430448
"6415","D17","BIGC",2019-05-20,"BIGC.20190520.EPIPSAMMON.5.CHL/PHEO.1",0.115990232401482
"6427","D17","BIGC",2019-07-09,"BIGC.20190709.EPILITHON.1.CHL/PHEO.1",28.8575436408978
"6438","D17","BIGC",2019-07-09,"BIGC.20190709.EPILITHON.2.CHL/PHEO.1",23.2637157107232
"6448","D17","BIGC",2019-07-09,"BIGC.20190709.EPILITHON.3.CHL/PHEO.1",11.6656275976725
"6458","D17","BIGC",2019-07-09,"BIGC.20190709.EPILITHON.3.REP2.CHL/PHEO.2",11.5295095594347
"6462","D17","BIGC",2019-07-09,"BIGC.20190709.EPIPSAMMON.1.CHL/PHEO.1",9.71694173122263
"6473","D17","BIGC",2019-07-09,"BIGC.20190709.EPIPSAMMON.2.CHL/PHEO.1",27.863548332772
"6482","D17","BIGC",2019-07-09,"BIGC.20190709.EPIPSAMMON.3.CHL/PHEO.1",57.7333782418323
"6493","D17","BIGC",2019-07-09,"BIGC.20190709.EPIPSAMMON.4.CHL/PHEO.1",8.97840181879421
"6502","D17","BIGC",2019-07-09,"BIGC.20190709.EPIPSAMMON.5.CHL/PHEO.1",23.2356012125295
"6514","D17","BIGC",2019-10-01,"BIGC.20191001.EPILITHON.1.CHL/PHEO.1",54.7848046550291
"6525","D17","BIGC",2019-10-01,"BIGC.20191001.EPILITHON.1.REP2.CHL/PHEO.2",50.203748960931
"6529","D17","BIGC",2019-10-01,"BIGC.20191001.EPILITHON.2.CHL/PHEO.1",8.72558187863674
"6540","D17","BIGC",2019-10-01,"BIGC.20191001.EPILITHON.3.CHL/PHEO.1",8.90419783873649
"6549","D17","BIGC",2019-10-01,"BIGC.20191001.EPIPSAMMON.1.CHL/PHEO.1",21.1293347928595
"6560","D17","BIGC",2019-10-01,"BIGC.20191001.EPIPSAMMON.2.CHL/PHEO.1",30.6873021219266
"6569","D17","BIGC",2019-10-01,"BIGC.20191001.EPIPSAMMON.3.CHL/PHEO.1",4.7644274166386
"6580","D17","BIGC",2019-10-01,"BIGC.20191001.EPIPSAMMON.4.CHL/PHEO.1",15.6304749073762
"6590","D17","BIGC",2019-10-01,"BIGC.20191001.EPIPSAMMON.5.CHL/PHEO.1",11.4513304142809
"6601","D17","BIGC",2021-04-05,"BIGC.20210405.EPILITHON.1.CHL/PHEO.1",52.046965918537
"6613","D17","BIGC",2021-04-05,"BIGC.20210405.EPILITHON.2.CHL/PHEO.1",12.1145054031588
"6624","D17","BIGC",2021-04-05,"BIGC.20210405.EPILITHON.3.CHL/PHEO.1",78.9692435577722
"6635","D17","BIGC",2021-04-05,"BIGC.20210405.EPIPSAMMON.1.CHL/PHEO.1",22.3623273829572
"6646","D17","BIGC",2021-04-05,"BIGC.20210405.EPIPSAMMON.2.CHL/PHEO.1",21.5623947457056
"6656","D17","BIGC",2021-04-05,"BIGC.20210405.EPIPSAMMON.3.CHL/PHEO.1",24.4695183563489
"6668","D17","BIGC",2021-04-05,"BIGC.20210405.EPIPSAMMON.3.REP2.CHL/PHEO.2",24.5431963624116
"6700","D17","BIGC",2021-04-05,"BIGC.20210405.EPIPSAMMON.4.CHL/PHEO.1",11.8171101380936
"6711","D17","BIGC",2021-04-05,"BIGC.20210405.EPIPSAMMON.5.CHL/PHEO.1",22.3864769282587
"6723","D17","BIGC",2021-07-13,"BIGC.20210713.EPILITHON.1.CHL/PHEO.1",10.8754156275977
"6734","D17","BIGC",2021-07-13,"BIGC.20210713.EPILITHON.2.CHL/PHEO.1",24.3957813798836
"6746","D17","BIGC",2021-07-13,"BIGC.20210713.EPILITHON.3.CHL/PHEO.1",15.1859933499584
"6756","D17","BIGC",2021-07-13,"BIGC.20210713.EPIPSAMMON.1.CHL/PHEO.1",3.86177164028292
"6767","D17","BIGC",2021-07-13,"BIGC.20210713.EPIPSAMMON.2.CHL/PHEO.1",22.0318288986191
"6779","D17","BIGC",2021-07-13,"BIGC.20210713.EPIPSAMMON.3.CHL/PHEO.1",7.97932805658471
"6790","D17","BIGC",2021-07-13,"BIGC.20210713.EPIPSAMMON.3.REP2.CHL/PHEO.2",7.8999663186258
"6822","D17","BIGC",2021-07-13,"BIGC.20210713.EPIPSAMMON.4.CHL/PHEO.1",20.158356348939
"6833","D17","BIGC",2021-07-13,"BIGC.20210713.EPIPSAMMON.5.CHL/PHEO.1",19.1741748063321
"6846","D17","BIGC",2021-09-27,"BIGC.20210927.EPILITHON.1.CHL/PHEO.1",9.27732751454697
"6857","D17","BIGC",2021-09-27,"BIGC.20210927.EPILITHON.2.CHL/PHEO.1",18.0475893599335
"6868","D17","BIGC",2021-09-27,"BIGC.20210927.EPILITHON.3.CHL/PHEO.1",8.49750623441397
"6878","D17","BIGC",2021-09-27,"BIGC.20210927.EPIPSAMMON.1.CHL/PHEO.1",35.9038059952846
"6890","D17","BIGC",2021-09-27,"BIGC.20210927.EPIPSAMMON.2.CHL/PHEO.1",33.245621421354
"6901","D17","BIGC",2021-09-27,"BIGC.20210927.EPIPSAMMON.3.CHL/PHEO.1",8.47977433479286
"6911","D17","BIGC",2021-09-27,"BIGC.20210927.EPIPSAMMON.4.CHL/PHEO.1",5.07843718423712
"6922","D17","BIGC",2021-09-27,"BIGC.20210927.EPIPSAMMON.4.REP2.CHL/PHEO.2",4.83859885483328
"6955","D17","BIGC",2021-09-27,"BIGC.20210927.EPIPSAMMON.5.CHL/PHEO.1",6.49035702256652
"7080","D17","BIGC",2022-07-26,"BIGC.20220726.EPILITHON.1.CHL/PHEO.1",33.8201371571072
"7091","D17","BIGC",2022-07-26,"BIGC.20220726.EPILITHON.2.CHL/PHEO.1",30.4795303408146
"7101","D17","BIGC",2022-07-26,"BIGC.20220726.EPILITHON.3.CHL/PHEO.1",34.3272028262677
"7112","D17","BIGC",2022-07-26,"BIGC.20220726.EPIPSAMMON.1.CHL/PHEO.1",25.2778713371506
"7123","D17","BIGC",2022-07-26,"BIGC.20220726.EPIPSAMMON.1.REP2.CHL/PHEO.2",25.3915459750758
"7156","D17","BIGC",2022-07-26,"BIGC.20220726.EPIPSAMMON.2.CHL/PHEO.1",13.4047659144493
"7166","D17","BIGC",2022-07-26,"BIGC.20220726.EPIPSAMMON.3.CHL/PHEO.1",14.4052812394746
"7177","D17","BIGC",2022-07-26,"BIGC.20220726.EPIPSAMMON.4.CHL/PHEO.1",18.4335399124284
"7189","D17","BIGC",2022-07-26,"BIGC.20220726.EPIPSAMMON.5.CHL/PHEO.1",30.0793533176154
"7201","D17","BIGC",2022-10-03,"BIGC.20221003.EPILITHON.1.CHL/PHEO.1",19.294991687448
"7212","D17","BIGC",2022-10-03,"BIGC.20221003.EPILITHON.2.CHL/PHEO.1",25.2337905236908
"7224","D17","BIGC",2022-10-03,"BIGC.20221003.EPILITHON.3.CHL/PHEO.1",19.3988985868662
"7235","D17","BIGC",2022-10-03,"BIGC.20221003.EPIPSAMMON.1.CHL/PHEO.1",18.266672280229
"7245","D17","BIGC",2022-10-03,"BIGC.20221003.EPIPSAMMON.1.REP2.CHL/PHEO.2",19.002189289323
"7278","D17","BIGC",2022-10-03,"BIGC.20221003.EPIPSAMMON.2.CHL/PHEO.1",26.1620074099023
"7288","D17","BIGC",2022-10-03,"BIGC.20221003.EPIPSAMMON.3.CHL/PHEO.1",11.7179454361738
"7300","D17","BIGC",2022-10-03,"BIGC.20221003.EPIPSAMMON.4.CHL/PHEO.1",7.24844728864938
"7310","D17","BIGC",2022-10-03,"BIGC.20221003.EPIPSAMMON.5.CHL/PHEO.1",6.57165712361064
"7324","D17","BIGC",2023-07-12,"BIGC.20230712.EPILITHON.1.CHL/PHEO.1",19.3895469659185
"7335","D17","BIGC",2023-07-12,"BIGC.20230712.EPILITHON.2.CHL/PHEO.1",21.8474646716542
"7345","D17","BIGC",2023-07-12,"BIGC.20230712.EPILITHON.3.CHL/PHEO.1",19.2513507896924
"7357","D17","BIGC",2023-07-12,"BIGC.20230712.EPIPSAMMON.1.CHL/PHEO.1",16.647229706972
"7368","D17","BIGC",2023-07-12,"BIGC.20230712.EPIPSAMMON.1.REP2.CHL/PHEO.2",16.490400808353
"7400","D17","BIGC",2023-07-12,"BIGC.20230712.EPIPSAMMON.2.CHL/PHEO.1",19.9766335466487
"7411","D17","BIGC",2023-07-12,"BIGC.20230712.EPIPSAMMON.3.CHL/PHEO.1",12.8477601886157
"7422","D17","BIGC",2023-07-12,"BIGC.20230712.EPIPSAMMON.4.CHL/PHEO.1",16.9996210845403
"7433","D17","BIGC",2023-07-12,"BIGC.20230712.EPIPSAMMON.5.CHL/PHEO.1",15.3544964634557
"7445","D17","BIGC",2023-10-03,"BIGC.20231003.EPILITHON.1.CHL/PHEO.1",63.4715295095594
"7456","D17","BIGC",2023-10-03,"BIGC.20231003.EPILITHON.2.CHL/PHEO.1",55.0394846217789
"7467","D17","BIGC",2023-10-03,"BIGC.20231003.EPILITHON.3.CHL/PHEO.1",59.3048628428928
"7478","D17","BIGC",2023-10-03,"BIGC.20231003.EPIPSAMMON.1.CHL/PHEO.1",19.9461098012799
"7490","D17","BIGC",2023-10-03,"BIGC.20231003.EPIPSAMMON.2.CHL/PHEO.1",24.736864264062
"7501","D17","BIGC",2023-10-03,"BIGC.20231003.EPIPSAMMON.3.CHL/PHEO.1",22.9685921185584
"7512","D17","BIGC",2023-10-03,"BIGC.20231003.EPIPSAMMON.3.REP2.CHL/PHEO.2",22.8907039407208
"7544","D17","BIGC",2023-10-03,"BIGC.20231003.EPIPSAMMON.4.CHL/PHEO.1",18.1399461098013
"7555","D17","BIGC",2023-10-03,"BIGC.20231003.EPIPSAMMON.5.CHL/PHEO.1",18.022061300101
"7568","D12","BLDE",2018-07-31,"BLDE.20180731.EPILITHON.1.CHL/PHEO.1",5.1381961762261
"7578","D12","BLDE",2018-07-31,"BLDE.20180731.EPILITHON.2.CHL/PHEO.1",2.41739401496259
"7591","D12","BLDE",2018-07-31,"BLDE.20180731.EPILITHON.2.REP2.CHL/PHEO.2",1.83759351620948
"7596","D12","BLDE",2018-07-31,"BLDE.20180731.EPILITHON.3.CHL/PHEO.1",15.4452410640066
"7607","D12","BLDE",2018-07-31,"BLDE.20180731.EPILITHON.4.CHL/PHEO.1",2.34050290939318
"7617","D12","BLDE",2018-07-31,"BLDE.20180731.EPILITHON.5.CHL/PHEO.1",7.41583541147132
"7628","D12","BLDE",2018-07-31,"BLDE.20180731.EPILITHON.6.CHL/PHEO.1",16.5087281795511
"7641","D12","BLDE",2018-07-31,"BLDE.20180731.EPILITHON.7.CHL/PHEO.1",2.06463009143807
"7650","D12","BLDE",2018-07-31,"BLDE.20180731.EPILITHON.8.CHL/PHEO.1",6.71290523690773
"7664","D12","BLDE",2018-09-11,"BLDE.20180911.EPILITHON.1.CHL/PHEO.1",19.3905860349127
"7676","D12","BLDE",2018-09-11,"BLDE.20180911.EPILITHON.2.CHL/PHEO.1",17.3056940980881
"7688","D12","BLDE",2018-09-11,"BLDE.20180911.EPILITHON.2.REP2.CHL/PHEO.2",18.6585619285121
"7694","D12","BLDE",2018-09-11,"BLDE.20180911.EPILITHON.3.CHL/PHEO.1",5.84891936824605
"7704","D12","BLDE",2018-09-11,"BLDE.20180911.EPILITHON.4.CHL/PHEO.1",14.6077514546966
"7716","D12","BLDE",2018-09-11,"BLDE.20180911.EPILITHON.5.CHL/PHEO.1",10.5236907730673
"7726","D12","BLDE",2018-09-11,"BLDE.20180911.EPILITHON.6.CHL/PHEO.1",13.4091853699086
"7738","D12","BLDE",2018-09-11,"BLDE.20180911.EPILITHON.7.CHL/PHEO.1",6.10504987531172
"7748","D12","BLDE",2018-09-11,"BLDE.20180911.EPILITHON.8.CHL/PHEO.1",26.5928927680798
"7761","D12","BLDE",2019-05-07,"BLDE.20190507.EPILITHON.1.CHL/PHEO.1",4.39110556940981
"7771","D12","BLDE",2019-05-07,"BLDE.20190507.EPILITHON.2.CHL/PHEO.1",35.2826267664173
"7782","D12","BLDE",2019-05-07,"BLDE.20190507.EPILITHON.2.REP2.CHL/PHEO.2",30.5777223607648
"7787","D12","BLDE",2019-05-07,"BLDE.20190507.EPILITHON.3.CHL/PHEO.1",7.44804655029094
"7797","D12","BLDE",2019-05-07,"BLDE.20190507.EPILITHON.4.CHL/PHEO.1",26.3965087281796
"7806","D12","BLDE",2019-05-07,"BLDE.20190507.EPILITHON.5.CHL/PHEO.1",2.32647547797174
"7817","D12","BLDE",2019-05-07,"BLDE.20190507.EPILITHON.6.CHL/PHEO.1",6.9524106400665
"7826","D12","BLDE",2019-05-07,"BLDE.20190507.EPILITHON.7.CHL/PHEO.1",8.44139650872818
"7836","D12","BLDE",2019-05-07,"BLDE.20190507.EPILITHON.8.CHL/PHEO.1",33.9754779717373
"7848","D12","BLDE",2019-08-05,"BLDE.20190805.EPILITHON.1.CHL/PHEO.1",27.5384455527847
"7859","D12","BLDE",2019-08-05,"BLDE.20190805.EPILITHON.2.CHL/PHEO.1",25.6847464671654
"7869","D12","BLDE",2019-08-05,"BLDE.20190805.EPILITHON.2.REP2.CHL/PHEO.2",22.7722360764755
"7874","D12","BLDE",2019-08-05,"BLDE.20190805.EPILITHON.3.CHL/PHEO.1",29.6571072319202
"7883","D12","BLDE",2019-08-05,"BLDE.20190805.EPILITHON.4.CHL/PHEO.1",30.1859933499584
"7893","D12","BLDE",2019-08-05,"BLDE.20190805.EPILITHON.5.CHL/PHEO.1",6.54613466334165
"7904","D12","BLDE",2019-08-05,"BLDE.20190805.EPILITHON.6.CHL/PHEO.1",21.7134247714048
"7914","D12","BLDE",2019-08-05,"BLDE.20190805.EPILITHON.7.CHL/PHEO.1",9.7236076475478
"7924","D12","BLDE",2019-08-05,"BLDE.20190805.EPILITHON.8.CHL/PHEO.1",17.4334995843724
"7936","D12","BLDE",2019-09-09,"BLDE.20190909.EPILITHON.1.CHL/PHEO.1",15.3574397339983
"7946","D12","BLDE",2019-09-09,"BLDE.20190909.EPILITHON.2.CHL/PHEO.1",40.9528262676642
"7955","D12","BLDE",2019-09-09,"BLDE.20190909.EPILITHON.2.REP2.CHL/PHEO.2",47.3077722360765
"7961","D12","BLDE",2019-09-09,"BLDE.20190909.EPILITHON.3.CHL/PHEO.1",19.8857024106401
"7970","D12","BLDE",2019-09-09,"BLDE.20190909.EPILITHON.4.CHL/PHEO.1",21.2884455527847
"7981","D12","BLDE",2019-09-09,"BLDE.20190909.EPILITHON.5.CHL/PHEO.1",12.1799667497922
"7990","D12","BLDE",2019-09-09,"BLDE.20190909.EPILITHON.6.CHL/PHEO.1",54.5448877805486
"8000","D12","BLDE",2019-09-09,"BLDE.20190909.EPILITHON.7.CHL/PHEO.1",28.5962177888612
"8010","D12","BLDE",2019-09-09,"BLDE.20190909.EPILITHON.8.CHL/PHEO.1",44.7485453034081
"8022","D12","BLDE",2020-07-28,"BLDE.20200728.EPILITHON.1.CHL/PHEO.1",25.0727348295927
"8034","D12","BLDE",2020-07-28,"BLDE.20200728.EPILITHON.2.CHL/PHEO.1",15.7605985037406
"8045","D12","BLDE",2020-07-28,"BLDE.20200728.EPILITHON.2.REP2.CHL/PHEO.2",16.6552369077307
"8077","D12","BLDE",2020-07-28,"BLDE.20200728.EPILITHON.3.CHL/PHEO.1",8.77597672485453
"8088","D12","BLDE",2020-07-28,"BLDE.20200728.EPILITHON.4.CHL/PHEO.1",33.8487115544472
"8099","D12","BLDE",2020-07-28,"BLDE.20200728.EPILITHON.5.CHL/PHEO.1",49.2508312551954
"8109","D12","BLDE",2020-07-28,"BLDE.20200728.EPILITHON.6.CHL/PHEO.1",16.2977971737323
"8121","D12","BLDE",2020-07-28,"BLDE.20200728.EPILITHON.7.CHL/PHEO.1",13.4320448877805
"8132","D12","BLDE",2020-07-28,"BLDE.20200728.EPILITHON.8.CHL/PHEO.1",34.3859102244389
"8144","D12","BLDE",2020-09-08,"BLDE.20200908.EPILITHON.1.CHL/PHEO.1",36.502493765586
"8155","D12","BLDE",2020-09-08,"BLDE.20200908.EPILITHON.2.CHL/PHEO.1",38.1369492934331
"8167","D12","BLDE",2020-09-08,"BLDE.20200908.EPILITHON.2.REP2.CHL/PHEO.2",36.8661679135495
"8198","D12","BLDE",2020-09-08,"BLDE.20200908.EPILITHON.3.CHL/PHEO.1",19.4679966749792
"8209","D12","BLDE",2020-09-08,"BLDE.20200908.EPILITHON.4.CHL/PHEO.1",46.5637988362427
"8220","D12","BLDE",2020-09-08,"BLDE.20200908.EPILITHON.5.CHL/PHEO.1",76.2022028262677
"8231","D12","BLDE",2020-09-08,"BLDE.20200908.EPILITHON.6.CHL/PHEO.1",12.2038653366584
"8242","D12","BLDE",2020-09-08,"BLDE.20200908.EPILITHON.7.CHL/PHEO.1",51.7581047381546
"8253","D12","BLDE",2020-09-08,"BLDE.20200908.EPILITHON.8.CHL/PHEO.1",20.7034497090607
"8266","D12","BLDE",2021-06-28,"BLDE.20210628.EPILITHON.1.CHL/PHEO.1",6.85785536159601
"8277","D12","BLDE",2021-06-28,"BLDE.20210628.EPILITHON.2.CHL/PHEO.1",24.788029925187
"8288","D12","BLDE",2021-06-28,"BLDE.20210628.EPILITHON.2.REP2.CHL/PHEO.2",24.1999168744805
"8321","D12","BLDE",2021-06-28,"BLDE.20210628.EPILITHON.3.CHL/PHEO.1",9.79738154613466
"8332","D12","BLDE",2021-06-28,"BLDE.20210628.EPILITHON.4.CHL/PHEO.1",6.36845386533666
"8343","D12","BLDE",2021-06-28,"BLDE.20210628.EPILITHON.5.CHL/PHEO.1",7.25062344139651
"8353","D12","BLDE",2021-06-28,"BLDE.20210628.EPILITHON.6.CHL/PHEO.1",20.0852036575229
"8364","D12","BLDE",2021-06-28,"BLDE.20210628.EPILITHON.7.CHL/PHEO.1",18.1255195344971
"8375","D12","BLDE",2021-06-28,"BLDE.20210628.EPILITHON.8.CHL/PHEO.1",9.30798004987531
"8389","D12","BLDE",2021-07-28,"BLDE.20210728.EPILITHON.1.CHL/PHEO.1",15.3969243557772
"8399","D12","BLDE",2021-07-28,"BLDE.20210728.EPILITHON.2.CHL/PHEO.1",21.049459684123
"8411","D12","BLDE",2021-07-28,"BLDE.20210728.EPILITHON.2.REP2.CHL/PHEO.2",20.6587697423109
"8442","D12","BLDE",2021-07-28,"BLDE.20210728.EPILITHON.3.CHL/PHEO.1",24.1677057356608
"8454","D12","BLDE",2021-07-28,"BLDE.20210728.EPILITHON.4.CHL/PHEO.1",22.763923524522
"8465","D12","BLDE",2021-07-28,"BLDE.20210728.EPILITHON.5.CHL/PHEO.1",65.6805901911887
"8476","D12","BLDE",2021-07-28,"BLDE.20210728.EPILITHON.6.CHL/PHEO.1",13.7988362427265
"8486","D12","BLDE",2021-07-28,"BLDE.20210728.EPILITHON.7.CHL/PHEO.1",17.1508728179551
"8498","D12","BLDE",2021-07-28,"BLDE.20210728.EPILITHON.8.CHL/PHEO.1",16.4692435577722
"8511","D12","BLDE",2021-08-30,"BLDE.20210830.EPILITHON.1.CHL/PHEO.1",12.0833333333333
"8522","D12","BLDE",2021-08-30,"BLDE.20210830.EPILITHON.2.CHL/PHEO.1",13.6429758935993
"8533","D12","BLDE",2021-08-30,"BLDE.20210830.EPILITHON.2.REP2.CHL/PHEO.2",14.0949709060682
"8564","D12","BLDE",2021-08-30,"BLDE.20210830.EPILITHON.3.CHL/PHEO.1",11.7290108063175
"8575","D12","BLDE",2021-08-30,"BLDE.20210830.EPILITHON.4.CHL/PHEO.1",16.7612219451372
"8586","D12","BLDE",2021-08-30,"BLDE.20210830.EPILITHON.5.CHL/PHEO.1",25.1807980049875
"8598","D12","BLDE",2021-08-30,"BLDE.20210830.EPILITHON.6.CHL/PHEO.1",22.4781795511222
"8608","D12","BLDE",2021-08-30,"BLDE.20210830.EPILITHON.7.CHL/PHEO.1",12.2734829592685
"8620","D12","BLDE",2021-08-30,"BLDE.20210830.EPILITHON.8.CHL/PHEO.1",13.7354530340815
"8632","D12","BLDE",2023-08-01,"BLDE.20230801.EPILITHON.1.CHL/PHEO.1",32.419991687448
"8637","D12","BLDE",2023-08-01,"BLDE.20230801.EPILITHON.1.REP2.CHL/PHEO.2",31.8391521197007
"8645","D12","BLDE",2023-08-01,"BLDE.20230801.EPILITHON.2.CHL/PHEO.1",24.0004156275977
"8650","D12","BLDE",2023-08-01,"BLDE.20230801.EPILITHON.3.CHL/PHEO.1",30.6779925187032
"8655","D12","BLDE",2023-08-01,"BLDE.20230801.EPILITHON.4.CHL/PHEO.1",25.35536159601
"8660","D12","BLDE",2023-08-01,"BLDE.20230801.EPILITHON.5.CHL/PHEO.1",21.725893599335
"8666","D12","BLDE",2023-08-01,"BLDE.20230801.EPILITHON.6.CHL/PHEO.1",19.7423108894431
"8671","D12","BLDE",2023-08-01,"BLDE.20230801.EPILITHON.7.CHL/PHEO.1",14.225893599335
"8676","D12","BLDE",2023-08-01,"BLDE.20230801.EPILITHON.8.CHL/PHEO.1",11.3227348295927
"8682","D12","BLDE",2023-08-30,"BLDE.20230830.EPILITHON.1.CHL/PHEO.1",6.29883624272652
"8687","D12","BLDE",2023-08-30,"BLDE.20230830.EPILITHON.2.CHL/PHEO.1",7.84912718204489
"8693","D12","BLDE",2023-08-30,"BLDE.20230830.EPILITHON.2.REP2.CHL/PHEO.2",7.94628013300083
"8700","D12","BLDE",2023-08-30,"BLDE.20230830.EPILITHON.3.CHL/PHEO.1",7.17061512884456
"8705","D12","BLDE",2023-08-30,"BLDE.20230830.EPILITHON.4.CHL/PHEO.1",4.36045303408146
"8711","D12","BLDE",2023-08-30,"BLDE.20230830.EPILITHON.5.CHL/PHEO.1",2.87926018287614
"8716","D12","BLDE",2023-08-30,"BLDE.20230830.EPILITHON.6.CHL/PHEO.1",2.05943474646717
"8721","D12","BLDE",2023-08-30,"BLDE.20230830.EPILITHON.7.CHL/PHEO.1",14.97142560266
"8726","D12","BLDE",2023-08-30,"BLDE.20230830.EPILITHON.8.CHL/PHEO.1",3.90845802161264
"8916","D11","BLUE",2017-10-18,"BLUE.20171018.EPILITHON.1",23.1172069825436
"9195","D11","BLUE",2018-03-13,"BLUE.20180313.EPILITHON.1.CHL/PHEO.1",109.332398171239
"9206","D11","BLUE",2018-03-13,"BLUE.20180313.EPILITHON.2.CHL/PHEO.1",138.124480465503
"9215","D11","BLUE",2018-03-13,"BLUE.20180313.EPILITHON.3.CHL/PHEO.1",52.1856816292602
"9227","D11","BLUE",2018-03-13,"BLUE.20180313.EPILITHON.4.CHL/PHEO.1",112.986284289277
"9237","D11","BLUE",2018-03-13,"BLUE.20180313.EPILITHON.5.CHL/PHEO.1",138.860141313383
"9249","D11","BLUE",2018-03-13,"BLUE.20180313.EPILITHON.5.REP2.CHL/PHEO.2",82.7015793848712
"9254","D11","BLUE",2018-03-13,"BLUE.20180313.EPILITHON.6.CHL/PHEO.1",77.5774106400665
"9267","D11","BLUE",2018-03-13,"BLUE.20180313.EPILITHON.7.CHL/PHEO.1",80.211970074813
"9278","D11","BLUE",2018-03-13,"BLUE.20180313.EPILITHON.8.CHL/PHEO.1",64.9028470490441
"9290","D11","BLUE",2018-07-12,"BLUE.20180712.EPILITHON.1.CHL/PHEO.1",64.5661886949294
"9303","D11","BLUE",2018-07-12,"BLUE.20180712.EPILITHON.2.CHL/PHEO.1",12.8340606816293
"9313","D11","BLUE",2018-07-12,"BLUE.20180712.EPILITHON.3.CHL/PHEO.1",62.9021197007481
"9323","D11","BLUE",2018-07-12,"BLUE.20180712.EPILITHON.3.REP2.CHL/PHEO.2",97.8101620947631
"9331","D11","BLUE",2018-07-12,"BLUE.20180712.EPILITHON.4.CHL/PHEO.1",37.7010598503741
"9340","D11","BLUE",2018-07-12,"BLUE.20180712.EPILITHON.5.CHL/PHEO.1",98.3296965918537
"9351","D11","BLUE",2018-07-12,"BLUE.20180712.EPILITHON.6.CHL/PHEO.1",163.770781379884
"9363","D11","BLUE",2018-07-12,"BLUE.20180712.EPILITHON.7.CHL/PHEO.1",58.1743557772236
"9373","D11","BLUE",2018-07-12,"BLUE.20180712.EPILITHON.8.CHL/PHEO.1",75.3101620947631
"9385","D11","BLUE",2018-11-07,"BLUE.20181107.EPILITHON.1.CHL/PHEO.1",114.236284289277
"9397","D11","BLUE",2018-11-07,"BLUE.20181107.EPILITHON.2.CHL/PHEO.1",153.242414796343
"9408","D11","BLUE",2018-11-07,"BLUE.20181107.EPILITHON.3.CHL/PHEO.1",147.139962593516
"9418","D11","BLUE",2018-11-07,"BLUE.20181107.EPILITHON.3.REP2.CHL/PHEO.2",135.865544472153
"9425","D11","BLUE",2018-11-07,"BLUE.20181107.EPILITHON.4.CHL/PHEO.1",180.132751454697
"9435","D11","BLUE",2018-11-07,"BLUE.20181107.EPILITHON.5.CHL/PHEO.1",131.803823773899
"9447","D11","BLUE",2018-11-07,"BLUE.20181107.EPILITHON.6.CHL/PHEO.1",87.4589567747298
"9458","D11","BLUE",2018-11-07,"BLUE.20181107.EPILITHON.7.CHL/PHEO.1",93.2013715710723
"9469","D11","BLUE",2018-11-07,"BLUE.20181107.EPILITHON.8.CHL/PHEO.1",103.743765586035
"9482","D11","BLUE",2019-03-12,"BLUE.20190312.EPILITHON.1.CHL/PHEO.1",173.881047381546
"9492","D11","BLUE",2019-03-12,"BLUE.20190312.EPILITHON.2.CHL/PHEO.1",116.798753117207
"9493","D11","BLUE",2019-03-12,"BLUE.20190312.EPILITHON.2.CHL/PHEO.1",122.06812967581
"9504","D11","BLUE",2019-03-12,"BLUE.20190312.EPILITHON.3.CHL/PHEO.1",156.316982543641
"9515","D11","BLUE",2019-03-12,"BLUE.20190312.EPILITHON.3.REP2.CHL/PHEO.2",158.073441396509
"9520","D11","BLUE",2019-03-12,"BLUE.20190312.EPILITHON.4.CHL/PHEO.1",151.926359102244
"9530","D11","BLUE",2019-03-12,"BLUE.20190312.EPILITHON.5.CHL/PHEO.1",200.226359102244
"9540","D11","BLUE",2019-03-12,"BLUE.20190312.EPILITHON.6.CHL/PHEO.1",102.747605985037
"9550","D11","BLUE",2019-03-12,"BLUE.20190312.EPILITHON.7.CHL/PHEO.1",179.149900249377
"9560","D11","BLUE",2019-03-12,"BLUE.20190312.EPILITHON.8.CHL/PHEO.1",280.141571072319
"9572","D11","BLUE",2019-07-11,"BLUE.20190711.EPILITHON.1.CHL/PHEO.1",165.552265170407
"9581","D11","BLUE",2019-07-11,"BLUE.20190711.EPILITHON.2.CHL/PHEO.1",81.3206566916043
"9592","D11","BLUE",2019-07-11,"BLUE.20190711.EPILITHON.3.CHL/PHEO.1",191.021924355777
"9601","D11","BLUE",2019-07-11,"BLUE.20190711.EPILITHON.4.CHL/PHEO.1",82.7758728179551
"9612","D11","BLUE",2019-07-11,"BLUE.20190711.EPILITHON.4.REP2.CHL/PHEO.2",80.229114713217
"9616","D11","BLUE",2019-07-11,"BLUE.20190711.EPILITHON.5.CHL/PHEO.1",189.202514546966
"9627","D11","BLUE",2019-07-11,"BLUE.20190711.EPILITHON.6.CHL/PHEO.1",161.913965087282
"9637","D11","BLUE",2019-07-11,"BLUE.20190711.EPILITHON.7.CHL/PHEO.1",118.797277639235
"9646","D11","BLUE",2019-07-11,"BLUE.20190711.EPILITHON.8.CHL/PHEO.1",115.340814630091
"9659","D11","BLUE",2019-10-15,"BLUE.20191015.EPILITHON.1.CHL/PHEO.1",100.823981712386
"9668","D11","BLUE",2019-10-15,"BLUE.20191015.EPILITHON.2.CHL/PHEO.1",57.0474854530341
"9678","D11","BLUE",2019-10-15,"BLUE.20191015.EPILITHON.3.CHL/PHEO.1",72.3862219451372
"9688","D11","BLUE",2019-10-15,"BLUE.20191015.EPILITHON.4.CHL/PHEO.1",52.3077722360765
"9699","D11","BLUE",2019-10-15,"BLUE.20191015.EPILITHON.5.CHL/PHEO.1",71.5243142144638
"9708","D11","BLUE",2019-10-15,"BLUE.20191015.EPILITHON.6.CHL/PHEO.1",26.5414588528678
"9718","D11","BLUE",2019-10-15,"BLUE.20191015.EPILITHON.6.REP2.CHL/PHEO.2",26.972672485453
"9724","D11","BLUE",2019-10-15,"BLUE.20191015.EPILITHON.7.CHL/PHEO.1",94.7916666666667
"9734","D11","BLUE",2019-10-15,"BLUE.20191015.EPILITHON.8.CHL/PHEO.1",73.2481296758105
"9745","D11","BLUE",2021-04-07,"BLUE.20210407.EPILITHON.1.CHL/PHEO.1",19.4279925187032
"9756","D11","BLUE",2021-04-07,"BLUE.20210407.EPILITHON.1.REP2.CHL/PHEO.2",19.9667497921862
"9788","D11","BLUE",2021-04-07,"BLUE.20210407.EPILITHON.2.CHL/PHEO.1",136.762261014131
"9799","D11","BLUE",2021-04-07,"BLUE.20210407.EPILITHON.3.CHL/PHEO.1",81.5721113881962
"9810","D11","BLUE",2021-04-07,"BLUE.20210407.EPILITHON.4.CHL/PHEO.1",115.93931837074
"9821","D11","BLUE",2021-04-07,"BLUE.20210407.EPILITHON.5.CHL/PHEO.1",68.199293433084
"9832","D11","BLUE",2021-04-07,"BLUE.20210407.EPILITHON.6.CHL/PHEO.1",90.544472152951
"9843","D11","BLUE",2021-04-07,"BLUE.20210407.EPILITHON.7.CHL/PHEO.1",215.36783042394
"9855","D11","BLUE",2021-04-07,"BLUE.20210407.EPILITHON.8.CHL/PHEO.1",52.3638819617623
"9867","D11","BLUE",2021-08-04,"BLUE.20210804.EPILITHON.1.CHL/PHEO.1",20.0467581047382
"9879","D11","BLUE",2021-08-04,"BLUE.20210804.EPILITHON.2.CHL/PHEO.1",57.4968827930175
"9889","D11","BLUE",2021-08-04,"BLUE.20210804.EPILITHON.2.REP2.CHL/PHEO.2",52.8678304239401
"9922","D11","BLUE",2021-08-04,"BLUE.20210804.EPILITHON.3.CHL/PHEO.1",22.4132377389859
"9933","D11","BLUE",2021-08-04,"BLUE.20210804.EPILITHON.4.CHL/PHEO.1",55.7928096425603
"9944","D11","BLUE",2021-08-04,"BLUE.20210804.EPILITHON.5.CHL/PHEO.1",22.4132377389859
"9954","D11","BLUE",2021-08-04,"BLUE.20210804.EPILITHON.6.CHL/PHEO.1",15.1044264339152
"9966","D11","BLUE",2021-08-04,"BLUE.20210804.EPILITHON.7.CHL/PHEO.1",32.1581463009144
"9977","D11","BLUE",2021-08-04,"BLUE.20210804.EPILITHON.8.CHL/PHEO.1",25.8728179551122
"10102","D11","BLUE",2022-04-18,"BLUE.20220418.EPILITHON.1.CHL/PHEO.1",101.895261845387
"10113","D11","BLUE",2022-04-18,"BLUE.20220418.EPILITHON.2.CHL/PHEO.1",53.479634247714
"10123","D11","BLUE",2022-04-18,"BLUE.20220418.EPILITHON.3.CHL/PHEO.1",38.1064006650042
"10134","D11","BLUE",2022-04-18,"BLUE.20220418.EPILITHON.4.CHL/PHEO.1",21.7115544472153
"10146","D11","BLUE",2022-04-18,"BLUE.20220418.EPILITHON.4.REP2.CHL/PHEO.2",21.5552784704904
"10177","D11","BLUE",2022-04-18,"BLUE.20220418.EPILITHON.5.CHL/PHEO.1",85.2369077306733
"10189","D11","BLUE",2022-04-18,"BLUE.20220418.EPILITHON.6.CHL/PHEO.1",34.6658354114713
"10200","D11","BLUE",2022-04-18,"BLUE.20220418.EPILITHON.7.CHL/PHEO.1",82.402327514547
"10210","D11","BLUE",2022-04-18,"BLUE.20220418.EPILITHON.8.CHL/PHEO.1",92.9260182876143
"10223","D11","BLUE",2022-07-27,"BLUE.20220727.EPILITHON.1.CHL/PHEO.1",18.6512884455528
"10234","D11","BLUE",2022-07-27,"BLUE.20220727.EPILITHON.2.CHL/PHEO.1",38.1514962593516
"10245","D11","BLUE",2022-07-27,"BLUE.20220727.EPILITHON.3.CHL/PHEO.1",41.6531587697423
"10257","D11","BLUE",2022-07-27,"BLUE.20220727.EPILITHON.3.REP2.CHL/PHEO.2",41.2105153782211
"10288","D11","BLUE",2022-07-27,"BLUE.20220727.EPILITHON.4.CHL/PHEO.1",32.3638819617623
"10299","D11","BLUE",2022-07-27,"BLUE.20220727.EPILITHON.5.CHL/PHEO.1",49.1365336658354
"10311","D11","BLUE",2022-07-27,"BLUE.20220727.EPILITHON.6.CHL/PHEO.1",53.5962177888612
"10322","D11","BLUE",2022-07-27,"BLUE.20220727.EPILITHON.7.CHL/PHEO.1",40.9164588528678
"10332","D11","BLUE",2022-07-27,"BLUE.20220727.EPILITHON.8.CHL/PHEO.1",26.7612219451372
"10346","D11","BLUE",2022-10-18,"BLUE.20221018.EPILITHON.1.CHL/PHEO.1",37.6392352452203
"10357","D11","BLUE",2022-10-18,"BLUE.20221018.EPILITHON.2.CHL/PHEO.1",41.3913133832086
"10368","D11","BLUE",2022-10-18,"BLUE.20221018.EPILITHON.3.CHL/PHEO.1",82.3586866167913
"10378","D11","BLUE",2022-10-18,"BLUE.20221018.EPILITHON.3.REP2.CHL/PHEO.2",81.8744804655029
"10411","D11","BLUE",2022-10-18,"BLUE.20221018.EPILITHON.4.CHL/PHEO.1",52.1020365752286
"10422","D11","BLUE",2022-10-18,"BLUE.20221018.EPILITHON.5.CHL/PHEO.1",28.0299251870324
"10433","D11","BLUE",2022-10-18,"BLUE.20221018.EPILITHON.6.CHL/PHEO.1",34.3110972568579
"10443","D11","BLUE",2022-10-18,"BLUE.20221018.EPILITHON.7.CHL/PHEO.1",57.7296342477141
"10455","D11","BLUE",2022-10-18,"BLUE.20221018.EPILITHON.8.CHL/PHEO.1",28.21072319202
"10468","D11","BLUE",2023-07-26,"BLUE.20230726.EPILITHON.1.CHL/PHEO.1",15.7554031587697
"10479","D11","BLUE",2023-07-26,"BLUE.20230726.EPILITHON.2.CHL/PHEO.1",35.5829177057357
"10490","D11","BLUE",2023-07-26,"BLUE.20230726.EPILITHON.3.CHL/PHEO.1",22.1545095594347
"10500","D11","BLUE",2023-07-26,"BLUE.20230726.EPILITHON.3.REP2.CHL/PHEO.2",22.396612635079
"10533","D11","BLUE",2023-07-26,"BLUE.20230726.EPILITHON.4.CHL/PHEO.1",31.0255610972569
"10544","D11","BLUE",2023-07-26,"BLUE.20230726.EPILITHON.5.CHL/PHEO.1",46.829280964256
"10554","D11","BLUE",2023-07-26,"BLUE.20230726.EPILITHON.6.CHL/PHEO.1",25.6930590191189
"10566","D11","BLUE",2023-07-26,"BLUE.20230726.EPILITHON.7.CHL/PHEO.1",20.1667705735661
"10576","D11","BLUE",2023-07-26,"BLUE.20230726.EPILITHON.8.CHL/PHEO.1",19.2617414796342
"10589","D11","BLUE",2023-10-16,"BLUE.20231016.EPILITHON.1.CHL/PHEO.1",39.1006857855362
"10600","D11","BLUE",2023-10-16,"BLUE.20231016.EPILITHON.2.CHL/PHEO.1",28.0948669991687
"10611","D11","BLUE",2023-10-16,"BLUE.20231016.EPILITHON.3.CHL/PHEO.1",45.9554239401496
"10622","D11","BLUE",2023-10-16,"BLUE.20231016.EPILITHON.3.REP2.CHL/PHEO.2",46.1970074812968
"10654","D11","BLUE",2023-10-16,"BLUE.20231016.EPILITHON.4.CHL/PHEO.1",33.1634455527847
"10666","D11","BLUE",2023-10-16,"BLUE.20231016.EPILITHON.5.CHL/PHEO.1",37.3633624272652
"10677","D11","BLUE",2023-10-16,"BLUE.20231016.EPILITHON.6.CHL/PHEO.1",24.9407730673317
"10688","D11","BLUE",2023-10-16,"BLUE.20231016.EPILITHON.7.CHL/PHEO.1",52.3275145469659
"10698","D11","BLUE",2023-10-16,"BLUE.20231016.EPILITHON.8.CHL/PHEO.1",29.2534289276808
"11083","D08","BLWA",2017-11-16,"BLWA.20171116.EPIXYLON.10",80.8094347464672
"11108","D08","BLWA",2017-11-16,"BLWA.20171116.EPIXYLON.3",353.711554447215
"11132","D08","BLWA",2017-11-16,"BLWA.20171116.EPIXYLON.4",59.300706566916
"11154","D08","BLWA",2017-11-16,"BLWA.20171116.EPIXYLON.6",65.3449709060682
"11179","D08","BLWA",2017-11-16,"BLWA.20171116.EPIXYLON.8",160.193266832918
"11202","D08","BLWA",2017-11-16,"BLWA.20171116.EPIXYLON.8.REP2",139.806733167082
"11281","D08","BLWA",2018-02-21,"BLWA.20180221.EPIXYLON.10.CHL/PHEO.1",54.6898379052369
"11291","D08","BLWA",2018-02-21,"BLWA.20180221.EPIXYLON.2.CHL/PHEO.1",67.2791978387365
"11304","D08","BLWA",2018-02-21,"BLWA.20180221.EPIXYLON.4.CHL/PHEO.1",22.2391936824605
"11315","D08","BLWA",2018-02-21,"BLWA.20180221.EPIXYLON.6.CHL/PHEO.1",25.0290939318371
"11337","D08","BLWA",2018-02-21,"BLWA.20180221.EPIXYLON.8.CHL/PHEO.1",55.9304862842893
"11377","D08","BLWA",2018-06-28,"BLWA.20180628.EPIXYLON.10.CHL/PHEO.1",32.6137780548628
"11388","D08","BLWA",2018-06-28,"BLWA.20180628.EPIXYLON.2.CHL/PHEO.1",12.1342477140482
"11400","D08","BLWA",2018-06-28,"BLWA.20180628.EPIXYLON.4.CHL/PHEO.1",26.4375519534497
"11411","D08","BLWA",2018-06-28,"BLWA.20180628.EPIXYLON.4.REP2.CHL/PHEO.2",26.6069201995012
"11415","D08","BLWA",2018-06-28,"BLWA.20180628.EPIXYLON.6.CHL/PHEO.1",11.800706566916
"11428","D08","BLWA",2018-06-28,"BLWA.20180628.EPIXYLON.8.CHL/PHEO.1",31.6115960099751
"11472","D08","BLWA",2018-11-20,"BLWA.20181120.EPIXYLON.1.CHL/PHEO.1",33.7910432252702
"11482","D08","BLWA",2018-11-20,"BLWA.20181120.EPIXYLON.1.REP2.CHL/PHEO.2",32.4870116375727
"11490","D08","BLWA",2018-11-20,"BLWA.20181120.EPIXYLON.3.CHL/PHEO.1",39.5786575228595
"11502","D08","BLWA",2018-11-20,"BLWA.20181120.EPIXYLON.5.CHL/PHEO.1",42.5015586034913
"11514","D08","BLWA",2018-11-20,"BLWA.20181120.EPIXYLON.7.CHL/PHEO.1",37.4859725685785
"11523","D08","BLWA",2018-11-20,"BLWA.20181120.EPIXYLON.9.CHL/PHEO.1",49.8233582709892
"11568","D08","BLWA",2019-02-18,"BLWA.20190218.EPIXYLON.1.CHL/PHEO.1",42.1171030756442
"11578","D08","BLWA",2019-02-18,"BLWA.20190218.EPIXYLON.1.REP2.CHL/PHEO.2",40.6234413965087
"11586","D08","BLWA",2019-02-18,"BLWA.20190218.EPIXYLON.3.CHL/PHEO.1",12.0973607647548
"11595","D08","BLWA",2019-02-18,"BLWA.20190218.EPIXYLON.5.CHL/PHEO.1",31.6625103906899
"11605","D08","BLWA",2019-02-18,"BLWA.20190218.EPIXYLON.7.CHL/PHEO.1",24.6430798004988
"11616","D08","BLWA",2019-02-18,"BLWA.20190218.EPIXYLON.9.CHL/PHEO.1",54.6628221113882
"11656","D08","BLWA",2019-06-25,"BLWA.20190625.EPIXYLON.10.CHL/PHEO.1",67.8938071487947
"11665","D08","BLWA",2019-06-25,"BLWA.20190625.EPIXYLON.2.CHL/PHEO.1",48.1369492934331
"11676","D08","BLWA",2019-06-25,"BLWA.20190625.EPIXYLON.4.CHL/PHEO.1",29.0347049044057
"11686","D08","BLWA",2019-06-25,"BLWA.20190625.EPIXYLON.4.REP2.CHL/PHEO.2",27.6158561928512
"11690","D08","BLWA",2019-06-25,"BLWA.20190625.EPIXYLON.6.CHL/PHEO.1",39.1864089775561
"11700","D08","BLWA",2019-06-25,"BLWA.20190625.EPIXYLON.8.CHL/PHEO.1",22.5950748129676
"11741","D08","BLWA",2019-10-28,"BLWA.20191028.EPIXYLON.1.CHL/PHEO.1",8.65908146300914
"11751","D08","BLWA",2019-10-28,"BLWA.20191028.EPIXYLON.3.CHL/PHEO.1",8.76194929343309
"11760","D08","BLWA",2019-10-28,"BLWA.20191028.EPIXYLON.5.CHL/PHEO.1",12.8849750623441
"11786","D08","BLWA",2019-10-28,"BLWA.20191028.EPIXYLON.9.CHL/PHEO.1",15.0498753117207
"11836","D08","BLWA",2020-07-30,"BLWA.20200730.EPIXYLON.1.CHL/PHEO.1",6.03699085619285
"11846","D08","BLWA",2020-07-30,"BLWA.20200730.EPIXYLON.3.CHL/PHEO.1",18.5037406483791
"11858","D08","BLWA",2020-07-30,"BLWA.20200730.EPIXYLON.5.CHL/PHEO.1",7.42986284289277
"11869","D08","BLWA",2020-07-30,"BLWA.20200730.EPIXYLON.7.CHL/PHEO.1",7.39453449709061
"11879","D08","BLWA",2020-07-30,"BLWA.20200730.EPIXYLON.9.CHL/PHEO.1",11.4666458852868
"11890","D08","BLWA",2020-07-30,"BLWA.20200730.EPIXYLON.9.REP2.CHL/PHEO.2",12.1451579384871
"11955","D08","BLWA",2020-10-27,"BLWA.20201027.EPIXYLON.1.CHL/PHEO.1",14.8555694098088
"11965","D08","BLWA",2020-10-27,"BLWA.20201027.EPIXYLON.3.CHL/PHEO.1",12.276600166251
"11975","D08","BLWA",2020-10-27,"BLWA.20201027.EPIXYLON.5.CHL/PHEO.1",7.6272859517872
"11985","D08","BLWA",2020-10-27,"BLWA.20201027.EPIXYLON.7.CHL/PHEO.1",20.1220906068163
"11995","D08","BLWA",2020-10-27,"BLWA.20201027.EPIXYLON.9.CHL/PHEO.1",11.078034081463
"12006","D08","BLWA",2020-10-27,"BLWA.20201027.EPIXYLON.9.REP2.CHL/PHEO.2",10.859829592685
"12062","D08","BLWA",2021-03-08,"BLWA.20210308.EPIXYLON.10.CHL/PHEO.1",38.6590814630091
"12072","D08","BLWA",2021-03-08,"BLWA.20210308.EPIXYLON.10.REP2.CHL/PHEO.2",38.0486284289277
"12105","D08","BLWA",2021-03-08,"BLWA.20210308.EPIXYLON.2.CHL/PHEO.1",52.9821280133001
"12116","D08","BLWA",2021-03-08,"BLWA.20210308.EPIXYLON.4.CHL/PHEO.1",59.9438902743142
"12126","D08","BLWA",2021-03-08,"BLWA.20210308.EPIXYLON.6.CHL/PHEO.1",40.2384663341646
"12137","D08","BLWA",2021-03-08,"BLWA.20210308.EPIXYLON.8.CHL/PHEO.1",36.3975477971737
"12182","D08","BLWA",2021-07-15,"BLWA.20210715.EPIXYLON.1.CHL/PHEO.1",8.77857439733998
"12191","D08","BLWA",2021-07-15,"BLWA.20210715.EPIXYLON.2.CHL/PHEO.1",9.95428096425603
"12202","D08","BLWA",2021-07-15,"BLWA.20210715.EPIXYLON.2.REP2.CHL/PHEO.2",10.1501454696592
"12228","D08","BLWA",2021-07-15,"BLWA.20210715.EPIXYLON.3.CHL/PHEO.1",6.54457605985037
"12237","D08","BLWA",2021-07-15,"BLWA.20210715.EPIXYLON.4.CHL/PHEO.1",10.424459684123
"12248","D08","BLWA",2021-07-15,"BLWA.20210715.EPIXYLON.5.CHL/PHEO.1",14.696072319202
"12288","D08","BLWA",2021-11-16,"BLWA.20211116.EPIXYLON.1.CHL/PHEO.1",41.3180590191189
"12298","D08","BLWA",2021-11-16,"BLWA.20211116.EPIXYLON.2.CHL/PHEO.1",49.3869492934331
"12308","D08","BLWA",2021-11-16,"BLWA.20211116.EPIXYLON.2.REP2.CHL/PHEO.2",47.7498960931006
"12334","D08","BLWA",2021-11-16,"BLWA.20211116.EPIXYLON.3.CHL/PHEO.1",32.2750415627598
"12343","D08","BLWA",2021-11-16,"BLWA.20211116.EPIXYLON.4.CHL/PHEO.1",33.5224438902743
"12353","D08","BLWA",2021-11-16,"BLWA.20211116.EPIXYLON.5.CHL/PHEO.1",41.7082294264339
"12393","D08","BLWA",2022-03-16,"BLWA.20220316.EPIXYLON.1.CHL/PHEO.1",56.4058603491272
"12404","D08","BLWA",2022-03-16,"BLWA.20220316.EPIXYLON.2.CHL/PHEO.1",56.7539484621779
"12414","D08","BLWA",2022-03-16,"BLWA.20220316.EPIXYLON.2.REP2.CHL/PHEO.2",56.1305070656692
"12440","D08","BLWA",2022-03-16,"BLWA.20220316.EPIXYLON.3.CHL/PHEO.1",59.5230673316708
"12450","D08","BLWA",2022-03-16,"BLWA.20220316.EPIXYLON.4.CHL/PHEO.1",51.920719035744
"12459","D08","BLWA",2022-03-16,"BLWA.20220316.EPIXYLON.5.CHL/PHEO.1",52.8938071487947
"12499","D08","BLWA",2022-07-06,"BLWA.20220706.EPIXYLON.1.CHL/PHEO.1",19.7210099750623
"12509","D08","BLWA",2022-07-06,"BLWA.20220706.EPIXYLON.2.CHL/PHEO.1",20.8265793848712
"12520","D08","BLWA",2022-07-06,"BLWA.20220706.EPIXYLON.2.REP2.CHL/PHEO.2",20.5314837905237
"12545","D08","BLWA",2022-07-06,"BLWA.20220706.EPIXYLON.3.CHL/PHEO.1",20.8265793848712
"12555","D08","BLWA",2022-07-06,"BLWA.20220706.EPIXYLON.4.CHL/PHEO.1",16.0349127182045
"12566","D08","BLWA",2022-07-06,"BLWA.20220706.EPIXYLON.5.CHL/PHEO.1",18.0990232751455
"12606","D08","BLWA",2022-11-09,"BLWA.20221109.EPIXYLON.1.CHL/PHEO.1",20.5434330839568
"12615","D08","BLWA",2022-11-09,"BLWA.20221109.EPIXYLON.2.CHL/PHEO.1",23.5790731504572
"12626","D08","BLWA",2022-11-09,"BLWA.20221109.EPIXYLON.2.REP2.CHL/PHEO.2",23.727140482128
"12651","D08","BLWA",2022-11-09,"BLWA.20221109.EPIXYLON.3.CHL/PHEO.1",25.0592269326683
"12661","D08","BLWA",2022-11-09,"BLWA.20221109.EPIXYLON.4.CHL/PHEO.1",27.3176433915212
"12672","D08","BLWA",2022-11-09,"BLWA.20221109.EPIXYLON.5.CHL/PHEO.1",32.1664588528678
"12712","D08","BLWA",2023-03-22,"BLWA.20230322.EPIXYLON.1.CHL/PHEO.1",50.7865752285952
"12722","D08","BLWA",2023-03-22,"BLWA.20230322.EPIXYLON.2.CHL/PHEO.1",55.2421030756442
"12732","D08","BLWA",2023-03-22,"BLWA.20230322.EPIXYLON.2.REP2.CHL/PHEO.2",54.8368661679135
"12757","D08","BLWA",2023-03-22,"BLWA.20230322.EPIXYLON.3.CHL/PHEO.1",56.6812136325852
"12767","D08","BLWA",2023-03-22,"BLWA.20230322.EPIXYLON.4.CHL/PHEO.1",52.8470490440565
"12778","D08","BLWA",2023-03-22,"BLWA.20230322.EPIXYLON.5.CHL/PHEO.1",49.7184123025769
"12818","D08","BLWA",2023-06-26,"BLWA.20230626.EPIXYLON.1.CHL/PHEO.1",28.1795511221945
"12827","D08","BLWA",2023-06-26,"BLWA.20230626.EPIXYLON.2.CHL/PHEO.1",26.6287406483791
"12837","D08","BLWA",2023-06-26,"BLWA.20230626.EPIXYLON.2.REP2.CHL/PHEO.2",26.5902950955943
"12863","D08","BLWA",2023-06-26,"BLWA.20230626.EPIXYLON.3.CHL/PHEO.1",23.9931421446384
"12874","D08","BLWA",2023-06-26,"BLWA.20230626.EPIXYLON.4.CHL/PHEO.1",24.8072527015794
"12884","D08","BLWA",2023-06-26,"BLWA.20230626.EPIXYLON.5.CHL/PHEO.1",28.9546965918537
"12923","D08","BLWA",2023-11-06,"BLWA.20231106.EPIXYLON.1.CHL/PHEO.1",24.6461970074813
"12934","D08","BLWA",2023-11-06,"BLWA.20231106.EPIXYLON.2.CHL/PHEO.1",26.5684746467165
"12943","D08","BLWA",2023-11-06,"BLWA.20231106.EPIXYLON.3.CHL/PHEO.1",29.8368661679135
"12954","D08","BLWA",2023-11-06,"BLWA.20231106.EPIXYLON.4.CHL/PHEO.1",29.913757273483
"12963","D08","BLWA",2023-11-06,"BLWA.20231106.EPIXYLON.4.REP2.CHL/PHEO.2",29.5293017456359
"12990","D08","BLWA",2023-11-06,"BLWA.20231106.EPIXYLON.5.CHL/PHEO.1",39.7184123025769
"13532","D19","CARI",2018-05-30,"CARI.20180530.EPILITHON.1.CHL/PHEO.1",0.250935162094763
"13542","D19","CARI",2018-05-30,"CARI.20180530.EPILITHON.2.CHL/PHEO.1",0.285224438902743
"13553","D19","CARI",2018-05-30,"CARI.20180530.EPILITHON.3.CHL/PHEO.1",0.37666251039069
"13563","D19","CARI",2018-05-30,"CARI.20180530.EPILITHON.4.CHL/PHEO.1",0.326787198669992
"13574","D19","CARI",2018-05-30,"CARI.20180530.EPILITHON.4.REP2.CHL/PHEO.2",0.347049044056525
"13582","D19","CARI",2018-05-30,"CARI.20180530.EPILITHON.5.CHL/PHEO.1",0.465502909393184
"13591","D19","CARI",2018-05-30,"CARI.20180530.EPILITHON.6.CHL/PHEO.1",0.126246882793017
"13603","D19","CARI",2018-05-30,"CARI.20180530.EPILITHON.7.CHL/PHEO.1",0.365232751454697
"13613","D19","CARI",2018-05-30,"CARI.20180530.EPILITHON.8.CHL/PHEO.1",0.186512884455528
"13628","D19","CARI",2018-07-17,"CARI.20180717.EPILITHON.1.CHL/PHEO.1",0.647339983374896
"13639","D19","CARI",2018-07-17,"CARI.20180717.EPILITHON.2.CHL/PHEO.1",0.597984206151288
"13651","D19","CARI",2018-07-17,"CARI.20180717.EPILITHON.3.CHL/PHEO.1",0.776704073150457
"13662","D19","CARI",2018-07-17,"CARI.20180717.EPILITHON.4.CHL/PHEO.1",1.0120532003325
"13671","D19","CARI",2018-07-17,"CARI.20180717.EPILITHON.5.CHL/PHEO.1",0.490440565253533
"13682","D19","CARI",2018-07-17,"CARI.20180717.EPILITHON.6.CHL/PHEO.1",1.18817539484622
"13694","D19","CARI",2018-07-17,"CARI.20180717.EPILITHON.6.REP2.CHL/PHEO.2",1.39806733167082
"13699","D19","CARI",2018-07-17,"CARI.20180717.EPILITHON.7.CHL/PHEO.1",0.756961762261014
"13711","D19","CARI",2018-07-17,"CARI.20180717.EPILITHON.8.CHL/PHEO.1",1.10920615128845
"13726","D19","CARI",2018-08-21,"CARI.20180821.EPILITHON.1.CHL/PHEO.1",7.59455527847049
"13735","D19","CARI",2018-08-21,"CARI.20180821.EPILITHON.2.CHL/PHEO.1",1.42664172901081
"13746","D19","CARI",2018-08-21,"CARI.20180821.EPILITHON.3.CHL/PHEO.1",2.5774106400665
"13757","D19","CARI",2018-08-21,"CARI.20180821.EPILITHON.4.CHL/PHEO.1",1.41209476309227
"13768","D19","CARI",2018-08-21,"CARI.20180821.EPILITHON.5.CHL/PHEO.1",1.74303823773899
"13781","D19","CARI",2018-08-21,"CARI.20180821.EPILITHON.5.REP2.CHL/PHEO.2",1.76953449709061
"13785","D19","CARI",2018-08-21,"CARI.20180821.EPILITHON.6.CHL/PHEO.1",1.16635494596841
"13796","D19","CARI",2018-08-21,"CARI.20180821.EPILITHON.7.CHL/PHEO.1",5.34445137157107
"13807","D19","CARI",2018-08-21,"CARI.20180821.EPILITHON.8.CHL/PHEO.1",6.30403158769742
"13822","D19","CARI",2019-05-14,"CARI.20190514.EPILITHON.1.CHL/PHEO.1",0.655133000831255
"13826","D19","CARI",2019-05-14,"CARI.20190514.EPILITHON.1.REP2.CHL/PHEO.2",1.02608063175395
"13831","D19","CARI",2019-05-14,"CARI.20190514.EPILITHON.2.CHL/PHEO.1",1.55029093931837
"13837","D19","CARI",2019-05-14,"CARI.20190514.EPILITHON.3.CHL/PHEO.1",2.09580216126351
"13842","D19","CARI",2019-05-14,"CARI.20190514.EPILITHON.4.CHL/PHEO.1",0.29925187032419
"13846","D19","CARI",2019-05-14,"CARI.20190514.EPILITHON.5.CHL/PHEO.1",0.51330008312552
"13851","D19","CARI",2019-05-14,"CARI.20190514.EPILITHON.6.CHL/PHEO.1",0.406275976724855
"13857","D19","CARI",2019-05-14,"CARI.20190514.EPILITHON.7.CHL/PHEO.1",0.503428927680798
"13861","D19","CARI",2019-05-14,"CARI.20190514.EPILITHON.8.CHL/PHEO.1",3.12188279301746
"13869","D19","CARI",2019-07-03,"CARI.20190703.EPILITHON.1.CHL/PHEO.1",1.02608063175395
"13878","D19","CARI",2019-07-03,"CARI.20190703.EPILITHON.2.CHL/PHEO.1",0.674355777223608
"13889","D19","CARI",2019-07-03,"CARI.20190703.EPILITHON.3.CHL/PHEO.1",0.65045719035744
"13899","D19","CARI",2019-07-03,"CARI.20190703.EPILITHON.4.CHL/PHEO.1",1.06972152950956
"13909","D19","CARI",2019-07-03,"CARI.20190703.EPILITHON.5.CHL/PHEO.1",0.725789692435578
"13919","D19","CARI",2019-07-03,"CARI.20190703.EPILITHON.6.CHL/PHEO.1",0.641625103906899
"13928","D19","CARI",2019-07-03,"CARI.20190703.EPILITHON.7.CHL/PHEO.1",0.715918536990856
"13942","D19","CARI",2019-07-03,"CARI.20190703.EPILITHON.8.CHL/PHEO.1",0.820864505403159
"13954","D19","CARI",2019-08-29,"CARI.20190829.EPILITHON.1.CHL/PHEO.1",15.4634247714048
"13964","D19","CARI",2019-08-29,"CARI.20190829.EPILITHON.2.CHL/PHEO.1",6.06868246051538
"13975","D19","CARI",2019-08-29,"CARI.20190829.EPILITHON.3.CHL/PHEO.1",0.910743973399834
"13984","D19","CARI",2019-08-29,"CARI.20190829.EPILITHON.4.CHL/PHEO.1",26.6900457190357
"13994","D19","CARI",2019-08-29,"CARI.20190829.EPILITHON.5.CHL/PHEO.1",14.5100789692436
"14004","D19","CARI",2019-08-29,"CARI.20190829.EPILITHON.6.CHL/PHEO.1",7.27608063175395
"14015","D19","CARI",2019-08-29,"CARI.20190829.EPILITHON.7.CHL/PHEO.1",2.43609725685786
"14025","D19","CARI",2019-08-29,"CARI.20190829.EPILITHON.7.REP2.CHL/PHEO.2",2.39349542809643
"14030","D19","CARI",2019-08-29,"CARI.20190829.EPILITHON.8.CHL/PHEO.1",4.59684123025769
"14042","D19","CARI",2020-07-14,"CARI.20200714.EPILITHON.1.CHL/PHEO.1",15.2727556109726
"14052","D19","CARI",2020-07-14,"CARI.20200714.EPILITHON.1.REP2.CHL/PHEO.2",15.5985037406484
"14084","D19","CARI",2020-07-14,"CARI.20200714.EPILITHON.2.CHL/PHEO.1",1.62874064837905
"14096","D19","CARI",2020-07-14,"CARI.20200714.EPILITHON.3.CHL/PHEO.1",1.62874064837905
"14106","D19","CARI",2020-07-14,"CARI.20200714.EPILITHON.4.CHL/PHEO.1",1.33884039900249
"14117","D19","CARI",2020-07-14,"CARI.20200714.EPILITHON.5.CHL/PHEO.1",2.35245220282627
"14128","D19","CARI",2020-07-14,"CARI.20200714.EPILITHON.6.CHL/PHEO.1",2.31608478802992
"14140","D19","CARI",2020-07-14,"CARI.20200714.EPILITHON.7.CHL/PHEO.1",42.7415835411471
"14151","D19","CARI",2020-07-14,"CARI.20200714.EPILITHON.8.CHL/PHEO.1",13.2818994181214
"14163","D19","CARI",2020-09-10,"CARI.20200910.EPILITHON.1.CHL/PHEO.1",1.18038237738986
"14175","D19","CARI",2020-09-10,"CARI.20200910.EPILITHON.2.CHL/PHEO.1",4.994285120532
"14186","D19","CARI",2020-09-10,"CARI.20200910.EPILITHON.3.CHL/PHEO.1",4.90336658354115
"14197","D19","CARI",2020-09-10,"CARI.20200910.EPILITHON.4.CHL/PHEO.1",5.90243142144638
"14207","D19","CARI",2020-09-10,"CARI.20200910.EPILITHON.4.REP2.CHL/PHEO.2",2.63352036575229
"14239","D19","CARI",2020-09-10,"CARI.20200910.EPILITHON.5.CHL/PHEO.1",1.59808811305071
"14250","D19","CARI",2020-09-10,"CARI.20200910.EPILITHON.6.CHL/PHEO.1",8.80766832917706
"14261","D19","CARI",2020-09-10,"CARI.20200910.EPILITHON.7.CHL/PHEO.1",9.35266001662511
"14273","D19","CARI",2020-09-10,"CARI.20200910.EPILITHON.8.CHL/PHEO.1",17.8880922693267
"14285","D19","CARI",2021-05-13,"CARI.20210513.EPILITHON.1.CHL/PHEO.1",1.28636741479634
"14297","D19","CARI",2021-05-13,"CARI.20210513.EPILITHON.2.CHL/PHEO.1",4.13289692435578
"14308","D19","CARI",2021-05-13,"CARI.20210513.EPILITHON.3.CHL/PHEO.1",0.779821280133001
"14319","D19","CARI",2021-05-13,"CARI.20210513.EPILITHON.4.CHL/PHEO.1",3.62583125519535
"14330","D19","CARI",2021-05-13,"CARI.20210513.EPILITHON.5.CHL/PHEO.1",1.63757273482959
"14341","D19","CARI",2021-05-13,"CARI.20210513.EPILITHON.6.CHL/PHEO.1",0.389650872817955
"14351","D19","CARI",2021-05-13,"CARI.20210513.EPILITHON.7.CHL/PHEO.1",3.02161263507897
"14363","D19","CARI",2021-05-13,"CARI.20210513.EPILITHON.7.REP2.CHL/PHEO.2",3.21643807148795
"14395","D19","CARI",2021-05-13,"CARI.20210513.EPILITHON.8.CHL/PHEO.1",1.28636741479634
"14407","D19","CARI",2021-07-12,"CARI.20210712.EPILITHON.1.CHL/PHEO.1",0.27379467996675
"14418","D19","CARI",2021-07-12,"CARI.20210712.EPILITHON.2.CHL/PHEO.1",0.430174563591022
"14430","D19","CARI",2021-07-12,"CARI.20210712.EPILITHON.3.CHL/PHEO.1",0.351724854530341
"14440","D19","CARI",2021-07-12,"CARI.20210712.EPILITHON.4.CHL/PHEO.1",2.98992103075644
"14451","D19","CARI",2021-07-12,"CARI.20210712.EPILITHON.5.CHL/PHEO.1",0.312759767248545
"14462","D19","CARI",2021-07-12,"CARI.20210712.EPILITHON.5.REP2.CHL/PHEO.2",0.27379467996675
"14495","D19","CARI",2021-07-12,"CARI.20210712.EPILITHON.6.CHL/PHEO.1",0.820864505403159
"14505","D19","CARI",2021-07-12,"CARI.20210712.EPILITHON.7.CHL/PHEO.1",4.72932252701579
"14516","D19","CARI",2021-07-12,"CARI.20210712.EPILITHON.8.CHL/PHEO.1",3.04862842892768
"14530","D19","CARI",2022-05-16,"CARI.20220516.EPILITHON.1.CHL/PHEO.1",12.4329800498753
"14541","D19","CARI",2022-05-16,"CARI.20220516.EPILITHON.2.CHL/PHEO.1",1.21051537822111
"14552","D19","CARI",2022-05-16,"CARI.20220516.EPILITHON.3.CHL/PHEO.1",1.17362842892768
"14563","D19","CARI",2022-05-16,"CARI.20220516.EPILITHON.4.CHL/PHEO.1",2.60390689941812
"14574","D19","CARI",2022-05-16,"CARI.20220516.EPILITHON.5.CHL/PHEO.1",1.50353283458022
"14584","D19","CARI",2022-05-16,"CARI.20220516.EPILITHON.6.CHL/PHEO.1",1.46716541978387
"14596","D19","CARI",2022-05-16,"CARI.20220516.EPILITHON.7.CHL/PHEO.1",10.9294472152951
"14606","D19","CARI",2022-05-16,"CARI.20220516.EPILITHON.7.REP2.CHL/PHEO.2",11.9560473815461
"14639","D19","CARI",2022-05-16,"CARI.20220516.EPILITHON.8.CHL/PHEO.1",13.9001454696592
"14652","D19","CARI",2022-06-23,"CARI.20220623.EPILITHON.1.CHL/PHEO.1",11.9861803823774
"14663","D19","CARI",2022-06-23,"CARI.20220623.EPILITHON.2.CHL/PHEO.1",10.6629260182876
"14674","D19","CARI",2022-06-23,"CARI.20220623.EPILITHON.3.CHL/PHEO.1",15.1485868661679
"14685","D19","CARI",2022-06-23,"CARI.20220623.EPILITHON.4.CHL/PHEO.1",13.199812967581
"14695","D19","CARI",2022-06-23,"CARI.20220623.EPILITHON.4.REP2.CHL/PHEO.2",13.3468412302577
"14727","D19","CARI",2022-06-23,"CARI.20220623.EPILITHON.5.CHL/PHEO.1",10.5522651704073
"14738","D19","CARI",2022-06-23,"CARI.20220623.EPILITHON.6.CHL/PHEO.1",13.4569825436409
"14750","D19","CARI",2022-06-23,"CARI.20220623.EPILITHON.7.CHL/PHEO.1",15.2218412302577
"14760","D19","CARI",2022-06-23,"CARI.20220623.EPILITHON.8.CHL/PHEO.1",18.7146716541978
"14773","D19","CARI",2022-08-17,"CARI.20220817.EPILITHON.1.CHL/PHEO.1",23.5998545303408
"14784","D19","CARI",2022-08-17,"CARI.20220817.EPILITHON.2.CHL/PHEO.1",12.8163965087282
"14796","D19","CARI",2022-08-17,"CARI.20220817.EPILITHON.3.CHL/PHEO.1",18.2990440565254
"14806","D19","CARI",2022-08-17,"CARI.20220817.EPILITHON.4.CHL/PHEO.1",14.1962801330008
"14818","D19","CARI",2022-08-17,"CARI.20220817.EPILITHON.5.CHL/PHEO.1",15.7938487115544
"14829","D19","CARI",2022-08-17,"CARI.20220817.EPILITHON.6.CHL/PHEO.1",15.8302161263508
"14840","D19","CARI",2022-08-17,"CARI.20220817.EPILITHON.7.CHL/PHEO.1",20.005714879468
"14851","D19","CARI",2022-08-17,"CARI.20220817.EPILITHON.8.CHL/PHEO.1",23.4549044056525
"14861","D19","CARI",2022-08-17,"CARI.20220817.EPILITHON.8.REP2.CHL/PHEO.2",23.0190149625935
"14896","D19","CARI",2023-05-25,"CARI.20230525.EPILITHON.1.CHL/PHEO.1",17.6615752285952
"14907","D19","CARI",2023-05-25,"CARI.20230525.EPILITHON.1.REP2.CHL/PHEO.2",17.9327722360765
"14939","D19","CARI",2023-05-25,"CARI.20230525.EPILITHON.2.CHL/PHEO.1",15.0665004156276
"14950","D19","CARI",2023-05-25,"CARI.20230525.EPILITHON.3.CHL/PHEO.1",18.1260390689942
"14961","D19","CARI",2023-05-25,"CARI.20230525.EPILITHON.4.CHL/PHEO.1",17.6226101413134
"14971","D19","CARI",2023-05-25,"CARI.20230525.EPILITHON.5.CHL/PHEO.1",18.319825436409
"14982","D19","CARI",2023-05-25,"CARI.20230525.EPILITHON.6.CHL/PHEO.1",16.57678719867
"14994","D19","CARI",2023-05-25,"CARI.20230525.EPILITHON.7.CHL/PHEO.1",19.0560058187864
"15004","D19","CARI",2023-05-25,"CARI.20230525.EPILITHON.8.CHL/PHEO.1",0.181317539484622
"15018","D19","CARI",2023-07-13,"CARI.20230713.EPILITHON.1.CHL/PHEO.1",18.5276392352452
"15029","D19","CARI",2023-07-13,"CARI.20230713.EPILITHON.1.REP2.CHL/PHEO.2",16.8225270157938
"15060","D19","CARI",2023-07-13,"CARI.20230713.EPILITHON.2.CHL/PHEO.1",13.6440149625935
"15071","D19","CARI",2023-07-13,"CARI.20230713.EPILITHON.3.CHL/PHEO.1",17.2875103906899
"15083","D19","CARI",2023-07-13,"CARI.20230713.EPILITHON.4.CHL/PHEO.1",12.1711346633416
"15093","D19","CARI",2023-07-13,"CARI.20230713.EPILITHON.5.CHL/PHEO.1",21.5897755610973
"15105","D19","CARI",2023-07-13,"CARI.20230713.EPILITHON.6.CHL/PHEO.1",19.2643391521197
"15115","D19","CARI",2023-07-13,"CARI.20230713.EPILITHON.7.CHL/PHEO.1",18.2564422277639
"15126","D19","CARI",2023-07-13,"CARI.20230713.EPILITHON.8.CHL/PHEO.1",21.8614921030756
"15140","D19","CARI",2023-08-21,"CARI.20230821.EPILITHON.1.CHL/PHEO.1",24.1936824605154
"15151","D19","CARI",2023-08-21,"CARI.20230821.EPILITHON.2.CHL/PHEO.1",25.1615752285952
"15162","D19","CARI",2023-08-21,"CARI.20230821.EPILITHON.3.CHL/PHEO.1",14.9033665835411
"15173","D19","CARI",2023-08-21,"CARI.20230821.EPILITHON.3.REP2.CHL/PHEO.2",15.3678304239402
"15205","D19","CARI",2023-08-21,"CARI.20230821.EPILITHON.4.CHL/PHEO.1",20.9034704904406
"15215","D19","CARI",2023-08-21,"CARI.20230821.EPILITHON.5.CHL/PHEO.1",20.1678096425603
"15227","D19","CARI",2023-08-21,"CARI.20230821.EPILITHON.6.CHL/PHEO.1",18.7359725685786
"15237","D19","CARI",2023-08-21,"CARI.20230821.EPILITHON.7.CHL/PHEO.1",24.2710931005819
"15248","D19","CARI",2023-08-21,"CARI.20230821.EPILITHON.8.CHL/PHEO.1",28.296965918537
"15748","D13","COMO",2018-06-07,"COMO.20180607.EPILITHON.1.CHL/PHEO.1",9.83115128844555
"15760","D13","COMO",2018-06-07,"COMO.20180607.EPILITHON.2.CHL/PHEO.1",55.1839152119701
"15771","D13","COMO",2018-06-07,"COMO.20180607.EPILITHON.3.CHL/PHEO.1",52.7311928512053
"15780","D13","COMO",2018-06-07,"COMO.20180607.EPILITHON.3.REP2.CHL/PHEO.2",55.4717373233583
"15789","D13","COMO",2018-06-07,"COMO.20180607.EPILITHON.4.CHL/PHEO.1",53.893391521197
"15800","D13","COMO",2018-06-07,"COMO.20180607.EPILITHON.5.CHL/PHEO.1",18.2335827098919
"15811","D13","COMO",2018-06-07,"COMO.20180607.EPIPSAMMON.1.CHL/PHEO.1",1.12622094981475
"15824","D13","COMO",2018-06-07,"COMO.20180607.EPIPSAMMON.2.CHL/PHEO.1",3.49802121926575
"15835","D13","COMO",2018-06-07,"COMO.20180607.EPIPSAMMON.3.CHL/PHEO.1",2.11350623105423
"15849","D13","COMO",2018-08-08,"COMO.20180808.EPILITHON.1.CHL/PHEO.1",7.88913133832086
"15859","D13","COMO",2018-08-08,"COMO.20180808.EPILITHON.2.CHL/PHEO.1",4.80413549459684
"15869","D13","COMO",2018-08-08,"COMO.20180808.EPILITHON.3.CHL/PHEO.1",7.27815876974231
"15880","D13","COMO",2018-08-08,"COMO.20180808.EPILITHON.4.CHL/PHEO.1",2.28543225270158
"15893","D13","COMO",2018-08-08,"COMO.20180808.EPILITHON.4.REP2.CHL/PHEO.2",2.20958021612635
"15897","D13","COMO",2018-08-08,"COMO.20180808.EPILITHON.5.CHL/PHEO.1",9.63216957605985
"15909","D13","COMO",2018-08-08,"COMO.20180808.EPIPSAMMON.1.CHL/PHEO.1",7.9181306837319
"15921","D13","COMO",2018-08-08,"COMO.20180808.EPIPSAMMON.2.CHL/PHEO.1",6.52214213539912
"15931","D13","COMO",2018-08-08,"COMO.20180808.EPIPSAMMON.3.CHL/PHEO.1",8.55118895250926
"15945","D13","COMO",2018-08-30,"COMO.20180830.EPILITHON.1.CHL/PHEO.1",1.66926433915212
"15957","D13","COMO",2018-08-30,"COMO.20180830.EPILITHON.1.REP2.CHL/PHEO.2",1.72537406483791
"15962","D13","COMO",2018-08-30,"COMO.20180830.EPILITHON.2.CHL/PHEO.1",1.3715710723192
"15973","D13","COMO",2018-08-30,"COMO.20180830.EPILITHON.3.CHL/PHEO.1",1.11907730673317
"15985","D13","COMO",2018-08-30,"COMO.20180830.EPILITHON.4.CHL/PHEO.1",2.8538029925187
"15995","D13","COMO",2018-08-30,"COMO.20180830.EPILITHON.5.CHL/PHEO.1",0.559019118869493
"16006","D13","COMO",2018-08-30,"COMO.20180830.EPIPSAMMON.1.CHL/PHEO.1",0.768031323678006
"16017","D13","COMO",2018-08-30,"COMO.20180830.EPIPSAMMON.2.CHL/PHEO.1",4.18137420006736
"16027","D13","COMO",2018-08-30,"COMO.20180830.EPIPSAMMON.3.CHL/PHEO.1",4.49217918491074
"16042","D13","COMO",2019-08-06,"COMO.20190806.EPILITHON.1.CHL/PHEO.1",7.40336658354115
"16051","D13","COMO",2019-08-06,"COMO.20190806.EPILITHON.2.CHL/PHEO.1",7.82730673316708
"16062","D13","COMO",2019-08-06,"COMO.20190806.EPILITHON.3.CHL/PHEO.1",1.95968412302577
"16071","D13","COMO",2019-08-06,"COMO.20190806.EPILITHON.3.REP2.CHL/PHEO.2",1.95968412302577
"16077","D13","COMO",2019-08-06,"COMO.20190806.EPILITHON.4.CHL/PHEO.1",2.69014962593516
"16086","D13","COMO",2019-08-06,"COMO.20190806.EPILITHON.5.CHL/PHEO.1",3.94014962593516
"16096","D13","COMO",2019-08-06,"COMO.20190806.EPIPSAMMON.1.CHL/PHEO.1",10.8147524418996
"16106","D13","COMO",2019-08-06,"COMO.20190806.EPIPSAMMON.2.CHL/PHEO.1",18.2410306500505
"16116","D13","COMO",2019-08-06,"COMO.20190806.EPIPSAMMON.3.CHL/PHEO.1",8.64672953856517
"16128","D13","COMO",2019-08-28,"COMO.20190828.EPILITHON.1.CHL/PHEO.1",7.28179551122195
"16138","D13","COMO",2019-08-28,"COMO.20190828.EPILITHON.2.CHL/PHEO.1",4.51475477971737
"16148","D13","COMO",2019-08-28,"COMO.20190828.EPILITHON.3.CHL/PHEO.1",3.98742726517041
"16159","D13","COMO",2019-08-28,"COMO.20190828.EPILITHON.4.CHL/PHEO.1",13.927680798005
"16168","D13","COMO",2019-08-28,"COMO.20190828.EPILITHON.5.CHL/PHEO.1",11.9155236907731
"16179","D13","COMO",2019-08-28,"COMO.20190828.EPILITHON.5.REP2.CHL/PHEO.2",11.5622402327515
"16184","D13","COMO",2019-08-28,"COMO.20190828.EPIPSAMMON.1.CHL/PHEO.1",2.700505220613
"16194","D13","COMO",2019-08-28,"COMO.20190828.EPIPSAMMON.2.CHL/PHEO.1",3.81879083866622
"16204","D13","COMO",2019-08-28,"COMO.20190828.EPIPSAMMON.3.CHL/PHEO.1",1.88610980127989
"16216","D13","COMO",2020-08-04,"COMO.20200804.EPILITHON.1.CHL/PHEO.1",3.05434330839568
"16227","D13","COMO",2020-08-04,"COMO.20200804.EPILITHON.2.CHL/PHEO.1",3.78636741479634
"16238","D13","COMO",2020-08-04,"COMO.20200804.EPILITHON.2.REP2.CHL/PHEO.2",4.00093516209476
"16269","D13","COMO",2020-08-04,"COMO.20200804.EPILITHON.3.CHL/PHEO.1",5.26911886949293
"16281","D13","COMO",2020-08-04,"COMO.20200804.EPILITHON.4.CHL/PHEO.1",16.7357647547797
"16292","D13","COMO",2020-08-04,"COMO.20200804.EPILITHON.5.CHL/PHEO.1",8.8055901911887
"16303","D13","COMO",2020-08-04,"COMO.20200804.EPIPSAMMON.1.CHL/PHEO.1",9.58908723475918
"16314","D13","COMO",2020-08-04,"COMO.20200804.EPIPSAMMON.2.CHL/PHEO.1",25.4378578646009
"16324","D13","COMO",2020-08-04,"COMO.20200804.EPIPSAMMON.3.CHL/PHEO.1",39.9124284270798
"16338","D13","COMO",2020-09-01,"COMO.20200901.EPILITHON.1.CHL/PHEO.1",4.46799667497922
"16348","D13","COMO",2020-09-01,"COMO.20200901.EPILITHON.2.CHL/PHEO.1",43.5302369077307
"16357","D13","COMO",2020-09-01,"COMO.20200901.EPILITHON.3.CHL/PHEO.1",26.4079384871155
"16368","D13","COMO",2020-09-01,"COMO.20200901.EPILITHON.4.CHL/PHEO.1",11.7731712385702
"16378","D13","COMO",2020-09-01,"COMO.20200901.EPILITHON.4.REP2.CHL/PHEO.2",11.0125727348296
"16403","D13","COMO",2020-09-01,"COMO.20200901.EPILITHON.5.CHL/PHEO.1",10.831255195345
"16413","D13","COMO",2020-09-01,"COMO.20200901.EPIPSAMMON.1.CHL/PHEO.1",3.76726170427753
"16424","D13","COMO",2020-09-01,"COMO.20200901.EPIPSAMMON.2.CHL/PHEO.1",5.16167059616032
"16433","D13","COMO",2020-09-01,"COMO.20200901.EPIPSAMMON.3.CHL/PHEO.1",15.9500252610307
"16446","D13","COMO",2021-08-10,"COMO.20210810.EPILITHON.1.CHL/PHEO.1",15.6894222776392
"16456","D13","COMO",2021-08-10,"COMO.20210810.EPILITHON.1.REP2.CHL/PHEO.2",16.0058187863674
"16489","D13","COMO",2021-08-10,"COMO.20210810.EPILITHON.2.CHL/PHEO.1",11.5445760598504
"16500","D13","COMO",2021-08-10,"COMO.20210810.EPILITHON.3.CHL/PHEO.1",7.4059642560266
"16511","D13","COMO",2021-08-10,"COMO.20210810.EPILITHON.4.CHL/PHEO.1",11.2261014131338
"16521","D13","COMO",2021-08-10,"COMO.20210810.EPILITHON.5.CHL/PHEO.1",3.15721113881962
"16533","D13","COMO",2021-08-10,"COMO.20210810.EPIPSAMMON.1.CHL/PHEO.1",6.57867969013136
"16544","D13","COMO",2021-08-10,"COMO.20210810.EPIPSAMMON.2.CHL/PHEO.1",6.63354664870327
"16554","D13","COMO",2021-08-10,"COMO.20210810.EPIPSAMMON.3.CHL/PHEO.1",2.18234253957562
"16568","D13","COMO",2021-09-01,"COMO.20210901.EPILITHON.1.CHL/PHEO.1",2.57273482959269
"16578","D13","COMO",2021-09-01,"COMO.20210901.EPILITHON.2.CHL/PHEO.1",3.66427680798005
"16588","D13","COMO",2021-09-01,"COMO.20210901.EPILITHON.3.CHL/PHEO.1",3.52763923524522
"16598","D13","COMO",2021-09-01,"COMO.20210901.EPILITHON.4.CHL/PHEO.1",3.87832502078138
"16607","D13","COMO",2021-09-01,"COMO.20210901.EPILITHON.5.CHL/PHEO.1",1.81889027431421
"16618","D13","COMO",2021-09-01,"COMO.20210901.EPILITHON.5.REP2.CHL/PHEO.2",1.88383208645054
"16643","D13","COMO",2021-09-01,"COMO.20210901.EPIPSAMMON.1.CHL/PHEO.1",1.80420343550017
"16653","D13","COMO",2021-09-01,"COMO.20210901.EPIPSAMMON.2.CHL/PHEO.1",2.097979117548
"16664","D13","COMO",2021-09-01,"COMO.20210901.EPIPSAMMON.3.CHL/PHEO.1",4.42222970697205
"16773","D13","COMO",2022-08-02,"COMO.20220802.EPILITHON.1.CHL/PHEO.1",24.94285120532
"16784","D13","COMO",2022-08-02,"COMO.20220802.EPILITHON.1.REP2.CHL/PHEO.2",24.6358063175395
"16810","D13","COMO",2022-08-02,"COMO.20220802.EPILITHON.2.CHL/PHEO.1",13.2392975893599
"16819","D13","COMO",2022-08-02,"COMO.20220802.EPILITHON.3.CHL/PHEO.1",13.1385078969244
"16829","D13","COMO",2022-08-02,"COMO.20220802.EPILITHON.4.CHL/PHEO.1",8.92040731504572
"16839","D13","COMO",2022-08-02,"COMO.20220802.EPILITHON.5.CHL/PHEO.1",5.56629260182876
"16849","D13","COMO",2022-08-02,"COMO.20220802.EPIPSAMMON.1.CHL/PHEO.1",5.16173795890872
"16860","D13","COMO",2022-08-02,"COMO.20220802.EPIPSAMMON.2.CHL/PHEO.1",9.2003199730549
"16869","D13","COMO",2022-08-02,"COMO.20220802.EPIPSAMMON.3.CHL/PHEO.1",9.78307174132705
"16882","D13","COMO",2022-09-27,"COMO.20220927.EPILITHON.1.CHL/PHEO.1",12.8589983374896
"16892","D13","COMO",2022-09-27,"COMO.20220927.EPILITHON.2.CHL/PHEO.1",20.9678927680798
"16901","D13","COMO",2022-09-27,"COMO.20220927.EPILITHON.3.CHL/PHEO.1",10.4686201163757
"16911","D13","COMO",2022-09-27,"COMO.20220927.EPILITHON.3.REP2.CHL/PHEO.2",10.8016417290108
"16937","D13","COMO",2022-09-27,"COMO.20220927.EPILITHON.4.CHL/PHEO.1",10.8146300914381
"16947","D13","COMO",2022-09-27,"COMO.20220927.EPILITHON.5.CHL/PHEO.1",10.5294056525353
"16958","D13","COMO",2022-09-27,"COMO.20220927.EPIPSAMMON.1.CHL/PHEO.1",4.68928932300438
"16968","D13","COMO",2022-09-27,"COMO.20220927.EPIPSAMMON.2.CHL/PHEO.1",3.88009430784776
"16978","D13","COMO",2022-09-27,"COMO.20220927.EPIPSAMMON.3.CHL/PHEO.1",3.38507915122937
"16990","D13","COMO",2023-07-10,"COMO.20230710.EPILITHON.1.CHL/PHEO.1",25.0181837073982
"16999","D13","COMO",2023-07-10,"COMO.20230710.EPILITHON.2.CHL/PHEO.1",29.4524106400665
"17009","D13","COMO",2023-07-10,"COMO.20230710.EPILITHON.3.CHL/PHEO.1",12.0599542809643
"17019","D13","COMO",2023-07-10,"COMO.20230710.EPILITHON.4.CHL/PHEO.1",11.4557356608479
"17030","D13","COMO",2023-07-10,"COMO.20230710.EPILITHON.4.REP2.CHL/PHEO.2",11.1897339983375
"17055","D13","COMO",2023-07-10,"COMO.20230710.EPILITHON.5.CHL/PHEO.1",7.9753740648379
"17066","D13","COMO",2023-07-10,"COMO.20230710.EPIPSAMMON.1.CHL/PHEO.1",20.4010239137757
"17076","D13","COMO",2023-07-10,"COMO.20230710.EPIPSAMMON.2.CHL/PHEO.1",18.025517009094
"17086","D13","COMO",2023-07-10,"COMO.20230710.EPIPSAMMON.3.CHL/PHEO.1",17.3275311552711
"17098","D13","COMO",2023-08-08,"COMO.20230808.EPILITHON.1.CHL/PHEO.1",42.9036783042394
"17107","D13","COMO",2023-08-08,"COMO.20230808.EPILITHON.2.CHL/PHEO.1",12.8906899418121
"17118","D13","COMO",2023-08-08,"COMO.20230808.EPILITHON.2.REP2.CHL/PHEO.2",13.0839567747298
"17143","D13","COMO",2023-08-08,"COMO.20230808.EPILITHON.3.CHL/PHEO.1",12.746778886118
"17153","D13","COMO",2023-08-08,"COMO.20230808.EPILITHON.4.CHL/PHEO.1",12.0552784704904
"17164","D13","COMO",2023-08-08,"COMO.20230808.EPILITHON.5.CHL/PHEO.1",9.44513715710723
"17173","D13","COMO",2023-08-08,"COMO.20230808.EPIPSAMMON.1.CHL/PHEO.1",11.9325362074773
"17183","D13","COMO",2023-08-08,"COMO.20230808.EPIPSAMMON.2.CHL/PHEO.1",10.9418659481307
"17193","D13","COMO",2023-08-08,"COMO.20230808.EPIPSAMMON.3.CHL/PHEO.1",8.87130346918154
"17205","D13","COMO",2023-09-26,"COMO.20230926.EPILITHON.1.CHL/PHEO.1",15.1168952618454
"17229","D13","COMO",2023-09-26,"COMO.20230926.EPILITHON.2.CHL/PHEO.1",23.3728179551122
"17239","D13","COMO",2023-09-26,"COMO.20230926.EPILITHON.3.CHL/PHEO.1",12.1711346633416
"17248","D13","COMO",2023-09-26,"COMO.20230926.EPILITHON.4.CHL/PHEO.1",11.4344347464672
"17259","D13","COMO",2023-09-26,"COMO.20230926.EPILITHON.5.CHL/PHEO.1",12.6750831255195
"17268","D13","COMO",2023-09-26,"COMO.20230926.EPILITHON.5.REP2.CHL/PHEO.2",13.2564422277639
"17295","D13","COMO",2023-09-26,"COMO.20230926.EPIPSAMMON.1.CHL/PHEO.1",6.8014819804648
"17305","D13","COMO",2023-09-26,"COMO.20230926.EPIPSAMMON.2.CHL/PHEO.1",4.55456382620411
"17315","D13","COMO",2023-09-26,"COMO.20230926.EPIPSAMMON.3.CHL/PHEO.1",4.46283597170765
"18674","D05","CRAM",2018-05-10,"CRAM.20180510.EPIXYLON.1.CHL/PHEO.1",8.11720698254364
"18686","D05","CRAM",2018-05-10,"CRAM.20180510.EPIXYLON.1.REP2.CHL/PHEO.2",7.88237738985869
"18695","D05","CRAM",2018-05-10,"CRAM.20180510.EPIXYLON.3.CHL/PHEO.1",12.5997506234414
"18704","D05","CRAM",2018-05-10,"CRAM.20180510.EPIXYLON.5.CHL/PHEO.1",30.848399833749
"18715","D05","CRAM",2018-05-10,"CRAM.20180510.EPIXYLON.7.CHL/PHEO.1",5.04156275976725
"18726","D05","CRAM",2018-05-10,"CRAM.20180510.EPIXYLON.9.CHL/PHEO.1",12.683395677473
"18771","D05","CRAM",2018-07-16,"CRAM.20180716.EPIXYLON.1.CHL/PHEO.1",19.6243765586035
"18783","D05","CRAM",2018-07-16,"CRAM.20180716.EPIXYLON.3.CHL/PHEO.1",34.885182876143
"18792","D05","CRAM",2018-07-16,"CRAM.20180716.EPIXYLON.5.CHL/PHEO.1",11.5206774729842
"18804","D05","CRAM",2018-07-16,"CRAM.20180716.EPIXYLON.5.REP2.CHL/PHEO.2",11.9103283458022
"18809","D05","CRAM",2018-07-16,"CRAM.20180716.EPIXYLON.7.CHL/PHEO.1",13.0413549459684
"18821","D05","CRAM",2018-07-16,"CRAM.20180716.EPIXYLON.9.CHL/PHEO.1",48.4621778886118
"18865","D05","CRAM",2018-09-27,"CRAM.20180927.EPIXYLON.10.CHL/PHEO.1",10.8884039900249
"18877","D05","CRAM",2018-09-27,"CRAM.20180927.EPIXYLON.10.REP2.CHL/PHEO.2",11.5591230257689
"18881","D05","CRAM",2018-09-27,"CRAM.20180927.EPIXYLON.2.CHL/PHEO.1",1.92019950124688
"18894","D05","CRAM",2018-09-27,"CRAM.20180927.EPIXYLON.4.CHL/PHEO.1",7.035536159601
"18904","D05","CRAM",2018-09-27,"CRAM.20180927.EPIXYLON.6.CHL/PHEO.1",3.46009975062344
"18916","D05","CRAM",2018-09-27,"CRAM.20180927.EPIXYLON.8.CHL/PHEO.1",4.98077722360765
"18959","D05","CRAM",2019-05-08,"CRAM.20190508.EPIXYLON.10.CHL/PHEO.1",1.57325436408978
"18969","D05","CRAM",2019-05-08,"CRAM.20190508.EPIXYLON.2.CHL/PHEO.1",2.70791770573566
"18978","D05","CRAM",2019-05-08,"CRAM.20190508.EPIXYLON.4.CHL/PHEO.1",9.23950540315877
"18989","D05","CRAM",2019-05-08,"CRAM.20190508.EPIXYLON.6.CHL/PHEO.1",17.3814422277639
"18999","D05","CRAM",2019-05-08,"CRAM.20190508.EPIXYLON.8.CHL/PHEO.1",2.79010806317539
"19044","D05","CRAM",2019-07-11,"CRAM.20190711.EPIXYLON.10.CHL/PHEO.1",18.4195760598504
"19053","D05","CRAM",2019-07-11,"CRAM.20190711.EPIXYLON.2.CHL/PHEO.1",19.8295926849543
"19063","D05","CRAM",2019-07-11,"CRAM.20190711.EPIXYLON.4.CHL/PHEO.1",11.2427265170407
"19073","D05","CRAM",2019-07-11,"CRAM.20190711.EPIXYLON.6.CHL/PHEO.1",13.2543640897756
"19083","D05","CRAM",2019-07-11,"CRAM.20190711.EPIXYLON.8.CHL/PHEO.1",13.0985037406484
"19093","D05","CRAM",2019-07-11,"CRAM.20190711.EPIXYLON.8.REP2.CHL/PHEO.2",11.897859517872
"19129","D05","CRAM",2019-09-25,"CRAM.20190925.EPIXYLON.10.CHL/PHEO.1",4.01600166251039
"19139","D05","CRAM",2019-09-25,"CRAM.20190925.EPIXYLON.2.CHL/PHEO.1",4.524106400665
"19148","D05","CRAM",2019-09-25,"CRAM.20190925.EPIXYLON.4.CHL/PHEO.1",3.29177057356608
"19158","D05","CRAM",2019-09-25,"CRAM.20190925.EPIXYLON.6.CHL/PHEO.1",8.27306733167082
"19168","D05","CRAM",2019-09-25,"CRAM.20190925.EPIXYLON.8.CHL/PHEO.1",9.30694098088113
"19214","D05","CRAM",2020-06-08,"CRAM.20200608.EPIXYLON.3.CHL/PHEO.1",9.06327930174563
"19224","D05","CRAM",2020-06-08,"CRAM.20200608.EPIXYLON.4.CHL/PHEO.1",26.6521197007481
"19234","D05","CRAM",2020-06-08,"CRAM.20200608.EPIXYLON.5.CHL/PHEO.1",17.9925187032419
"19244","D05","CRAM",2020-06-08,"CRAM.20200608.EPIXYLON.6.CHL/PHEO.1",14.9859725685786
"19254","D05","CRAM",2020-06-08,"CRAM.20200608.EPIXYLON.8.CHL/PHEO.1",14.8514131338321
"19323","D05","CRAM",2020-07-15,"CRAM.20200715.EPIXYLON.3.CHL/PHEO.1",8.96820448877805
"19334","D05","CRAM",2020-07-15,"CRAM.20200715.EPIXYLON.4.CHL/PHEO.1",15.1594970906068
"19345","D05","CRAM",2020-07-15,"CRAM.20200715.EPIXYLON.5.CHL/PHEO.1",22.0334580216126
"19356","D05","CRAM",2020-07-15,"CRAM.20200715.EPIXYLON.6.CHL/PHEO.1",8.23981712385702
"19367","D05","CRAM",2020-07-15,"CRAM.20200715.EPIXYLON.8.CHL/PHEO.1",1.00166251039069
"19442","D05","CRAM",2020-09-28,"CRAM.20200928.EPIXYLON.3.CHL/PHEO.1",7.50051953449709
"19454","D05","CRAM",2020-09-28,"CRAM.20200928.EPIXYLON.3.REP2.CHL/PHEO.2",7.22932252701579
"19486","D05","CRAM",2020-09-28,"CRAM.20200928.EPIXYLON.4.CHL/PHEO.1",7.50051953449709
"19497","D05","CRAM",2020-09-28,"CRAM.20200928.EPIXYLON.6.CHL/PHEO.1",13.7811720698254
"19507","D05","CRAM",2020-09-28,"CRAM.20200928.EPIXYLON.7.CHL/PHEO.1",4.65399002493766
"19518","D05","CRAM",2020-09-28,"CRAM.20200928.EPIXYLON.8.CHL/PHEO.1",7.68131753948462
"19563","D05","CRAM",2021-04-27,"CRAM.20210427.EPIXYLON.3.CHL/PHEO.1",1.97423108894431
"19573","D05","CRAM",2021-04-27,"CRAM.20210427.EPIXYLON.5.CHL/PHEO.1",3.14058603491272
"19583","D05","CRAM",2021-04-27,"CRAM.20210427.EPIXYLON.5.REP2.CHL/PHEO.2",3.14058603491272
"19609","D05","CRAM",2021-04-27,"CRAM.20210427.EPIXYLON.6.CHL/PHEO.1",5.33925602660017
"19619","D05","CRAM",2021-04-27,"CRAM.20210427.EPIXYLON.7.CHL/PHEO.1",3.32034497090607
"19628","D05","CRAM",2021-04-27,"CRAM.20210427.EPIXYLON.8.CHL/PHEO.1",4.66645885286783
"19668","D05","CRAM",2021-07-13,"CRAM.20210713.EPIXYLON.3.CHL/PHEO.1",8.54322527015794
"19678","D05","CRAM",2021-07-13,"CRAM.20210713.EPIXYLON.3.REP2.CHL/PHEO.2",8.34736076475478
"19704","D05","CRAM",2021-07-13,"CRAM.20210713.EPIXYLON.4.CHL/PHEO.1",7.3285536159601
"19714","D05","CRAM",2021-07-13,"CRAM.20210713.EPIXYLON.5.CHL/PHEO.1",6.66251039068994
"19724","D05","CRAM",2021-07-13,"CRAM.20210713.EPIXYLON.6.CHL/PHEO.1",5.80008312551953
"19734","D05","CRAM",2021-07-13,"CRAM.20210713.EPIXYLON.8.CHL/PHEO.1",9.79738154613466
"19774","D05","CRAM",2021-09-27,"CRAM.20210927.EPIXYLON.4.CHL/PHEO.1",15.24106400665
"19785","D05","CRAM",2021-09-27,"CRAM.20210927.EPIXYLON.5.CHL/PHEO.1",9.0819825436409
"19794","D05","CRAM",2021-09-27,"CRAM.20210927.EPIXYLON.6.CHL/PHEO.1",7.87406483790524
"19805","D05","CRAM",2021-09-27,"CRAM.20210927.EPIXYLON.7.CHL/PHEO.1",4.9116791354946
"19815","D05","CRAM",2021-09-27,"CRAM.20210927.EPIXYLON.7.REP2.CHL/PHEO.2",4.98960931005819
"19841","D05","CRAM",2021-09-27,"CRAM.20210927.EPIXYLON.8.CHL/PHEO.1",1.87084372402328
"19880","D05","CRAM",2022-05-24,"CRAM.20220524.EPIXYLON.4.CHL/PHEO.1",6.11907730673317
"19891","D05","CRAM",2022-05-24,"CRAM.20220524.EPIXYLON.4.REP2.CHL/PHEO.2",6.30351205320033
"19917","D05","CRAM",2022-05-24,"CRAM.20220524.EPIXYLON.5.CHL/PHEO.1",14.1547173732336
"19926","D05","CRAM",2022-05-24,"CRAM.20220524.EPIXYLON.6.CHL/PHEO.1",11.3165004156276
"19937","D05","CRAM",2022-05-24,"CRAM.20220524.EPIXYLON.7.CHL/PHEO.1",21.5269118869493
"19946","D05","CRAM",2022-05-24,"CRAM.20220524.EPIXYLON.8.CHL/PHEO.1",20.3106816292602
"19987","D05","CRAM",2022-07-12,"CRAM.20220712.EPIXYLON.4.CHL/PHEO.1",8.29384871155445
"19997","D05","CRAM",2022-07-12,"CRAM.20220712.EPIXYLON.5.CHL/PHEO.1",8.29384871155445
"20007","D05","CRAM",2022-07-12,"CRAM.20220712.EPIXYLON.6.CHL/PHEO.1",7.96186616791355
"20017","D05","CRAM",2022-07-12,"CRAM.20220712.EPIXYLON.7.CHL/PHEO.1",12.9384871155445
"20026","D05","CRAM",2022-07-12,"CRAM.20220712.EPIXYLON.8.CHL/PHEO.1",21.8588944305902
"20036","D05","CRAM",2022-07-12,"CRAM.20220712.EPIXYLON.8.REP2.CHL/PHEO.2",22.1534704904406
"20093","D05","CRAM",2022-09-26,"CRAM.20220926.EPIXYLON.4.CHL/PHEO.1",15.2857439733998
"20102","D05","CRAM",2022-09-26,"CRAM.20220926.EPIXYLON.5.CHL/PHEO.1",17.5368869492934
"20113","D05","CRAM",2022-09-26,"CRAM.20220926.EPIXYLON.6.CHL/PHEO.1",20.9133416458853
"20122","D05","CRAM",2022-09-26,"CRAM.20220926.EPIXYLON.7.CHL/PHEO.1",17.5727348295927
"20133","D05","CRAM",2022-09-26,"CRAM.20220926.EPIXYLON.8.CHL/PHEO.1",19.7516625103907
"20143","D05","CRAM",2022-09-26,"CRAM.20220926.EPIXYLON.8.REP2.CHL/PHEO.2",20.1506650041563
"20199","D05","CRAM",2023-05-22,"CRAM.20230522.EPIXYLON.4.CHL/PHEO.1",24.0908146300914
"20209","D05","CRAM",2023-05-22,"CRAM.20230522.EPIXYLON.5.CHL/PHEO.1",18.629467996675
"20218","D05","CRAM",2023-05-22,"CRAM.20230522.EPIXYLON.5.REP2.CHL/PHEO.2",19.0170407315046
"20245","D05","CRAM",2023-05-22,"CRAM.20230522.EPIXYLON.6.CHL/PHEO.1",9.21810058187864
"20254","D05","CRAM",2023-05-22,"CRAM.20230522.EPIXYLON.7.CHL/PHEO.1",7.86263507896924
"20264","D05","CRAM",2023-05-22,"CRAM.20230522.EPIXYLON.8.CHL/PHEO.1",7.51402743142145
"20304","D05","CRAM",2023-07-17,"CRAM.20230717.EPIXYLON.4.CHL/PHEO.1",7.36440149625935
"20314","D05","CRAM",2023-07-17,"CRAM.20230717.EPIXYLON.5.CHL/PHEO.1",8.29488778054863
"20324","D05","CRAM",2023-07-17,"CRAM.20230717.EPIXYLON.6.CHL/PHEO.1",7.59715295095594
"20334","D05","CRAM",2023-07-17,"CRAM.20230717.EPIXYLON.6.REP2.CHL/PHEO.2",7.40336658354115
"20360","D05","CRAM",2023-07-17,"CRAM.20230717.EPIXYLON.7.CHL/PHEO.1",16.9389027431421
"20370","D05","CRAM",2023-07-17,"CRAM.20230717.EPIXYLON.8.CHL/PHEO.1",24.1869285120532
"20410","D05","CRAM",2023-09-26,"CRAM.20230926.EPIXYLON.4.CHL/PHEO.1",21.5897755610973
"20421","D05","CRAM",2023-09-26,"CRAM.20230926.EPIXYLON.4.REP2.CHL/PHEO.2",21.4739193682461
"20447","D05","CRAM",2023-09-26,"CRAM.20230926.EPIXYLON.5.CHL/PHEO.1",19.8456982543641
"20457","D05","CRAM",2023-09-26,"CRAM.20230926.EPIXYLON.6.CHL/PHEO.1",18.2954073150457
"20467","D05","CRAM",2023-09-26,"CRAM.20230926.EPIXYLON.7.CHL/PHEO.1",22.0937240232751
"20476","D05","CRAM",2023-09-26,"CRAM.20230926.EPIXYLON.8.CHL/PHEO.1",19.9231088944306
"21248","D04","CUPE",2017-11-30,"CUPE.20171130.EPILITHON.1",4.64671654197839
"21272","D04","CUPE",2017-11-30,"CUPE.20171130.EPILITHON.2",5.02327514546966
"21295","D04","CUPE",2017-11-30,"CUPE.20171130.EPILITHON.3",8.38154613466334
"21319","D04","CUPE",2017-11-30,"CUPE.20171130.EPILITHON.4",23.1354945968412
"21344","D04","CUPE",2017-11-30,"CUPE.20171130.EPILITHON.5",13.474646716542
"21367","D04","CUPE",2017-11-30,"CUPE.20171130.EPILITHON.6",7.40565253532835
"21390","D04","CUPE",2017-11-30,"CUPE.20171130.EPILITHON.6.REP2",8.06982543640898
"21398","D04","CUPE",2017-11-30,"CUPE.20171130.EPILITHON.7",5.88944305901912
"21421","D04","CUPE",2017-11-30,"CUPE.20171130.EPILITHON.8",6.97423108894431
"21468","D04","CUPE",2018-01-24,"CUPE.20180124.EPILITHON.1",95.5335619285121
"21748","D04","CUPE",2018-06-25,"CUPE.20180625.EPILITHON.1.CHL/PHEO.1",188.393599334996
"21759","D04","CUPE",2018-06-25,"CUPE.20180625.EPILITHON.2.CHL/PHEO.1",138.571280133001
"21769","D04","CUPE",2018-06-25,"CUPE.20180625.EPILITHON.3.CHL/PHEO.1",219.506442227764
"21780","D04","CUPE",2018-06-25,"CUPE.20180625.EPILITHON.4.CHL/PHEO.1",140.005195344971
"21791","D04","CUPE",2018-06-25,"CUPE.20180625.EPILITHON.5.CHL/PHEO.1",259.332917705736
"21802","D04","CUPE",2018-06-25,"CUPE.20180625.EPILITHON.6.CHL/PHEO.1",80.1465087281796
"21812","D04","CUPE",2018-06-25,"CUPE.20180625.EPILITHON.7.CHL/PHEO.1",116.63029925187
"21824","D04","CUPE",2018-06-25,"CUPE.20180625.EPILITHON.7.REP2.CHL/PHEO.2",116.611596009975
"21831","D04","CUPE",2018-06-25,"CUPE.20180625.EPILITHON.8.CHL/PHEO.1",121.895261845387
"21852","D04","CUPE",2018-11-08,"CUPE.20181108.EPILITHON.1.CHL/PHEO.1",23.7396093100582
"21862","D04","CUPE",2018-11-08,"CUPE.20181108.EPILITHON.2.CHL/PHEO.1",28.5395885286783
"21874","D04","CUPE",2018-11-08,"CUPE.20181108.EPILITHON.3.CHL/PHEO.1",47.2038653366584
"21885","D04","CUPE",2018-11-08,"CUPE.20181108.EPILITHON.4.CHL/PHEO.1",48.4081463009144
"21897","D04","CUPE",2018-11-08,"CUPE.20181108.EPILITHON.5.CHL/PHEO.1",4.50955943474647
"21908","D04","CUPE",2018-11-08,"CUPE.20181108.EPILITHON.5.REP2.CHL/PHEO.2",5.32366999168745
"21913","D04","CUPE",2018-11-08,"CUPE.20181108.EPILITHON.6.CHL/PHEO.1",23.5224438902743
"21925","D04","CUPE",2018-11-08,"CUPE.20181108.EPILITHON.7.CHL/PHEO.1",9.18381130507066
"21934","D04","CUPE",2018-11-08,"CUPE.20181108.EPILITHON.8.CHL/PHEO.1",8.92508312551954
"21949","D04","CUPE",2019-01-23,"CUPE.20190123.EPILITHON.1.CHL/PHEO.1",124.551641729011
"21959","D04","CUPE",2019-01-23,"CUPE.20190123.EPILITHON.2.CHL/PHEO.1",148.362759767249
"21968","D04","CUPE",2019-01-23,"CUPE.20190123.EPILITHON.3.CHL/PHEO.1",168.757273482959
"21979","D04","CUPE",2019-01-23,"CUPE.20190123.EPILITHON.4.CHL/PHEO.1",34.9459684123026
"21989","D04","CUPE",2019-01-23,"CUPE.20190123.EPILITHON.5.CHL/PHEO.1",23.1483790523691
"21999","D04","CUPE",2019-01-23,"CUPE.20190123.EPILITHON.6.CHL/PHEO.1",138.888715710723
"22009","D04","CUPE",2019-01-23,"CUPE.20190123.EPILITHON.7.CHL/PHEO.1",89.7547797173732
"22019","D04","CUPE",2019-01-23,"CUPE.20190123.EPILITHON.7.REP2.CHL/PHEO.2",85.8722984206151
"22024","D04","CUPE",2019-01-23,"CUPE.20190123.EPILITHON.8.CHL/PHEO.1",36.4396300914381
"22035","D04","CUPE",2019-06-25,"CUPE.20190625.EPILITHON.1.CHL/PHEO.1",37.9857647547797
"22045","D04","CUPE",2019-06-25,"CUPE.20190625.EPILITHON.2.CHL/PHEO.1",54.5770989193682
"22056","D04","CUPE",2019-06-25,"CUPE.20190625.EPILITHON.2.REP2.CHL/PHEO.2",56.4323566084788
"22060","D04","CUPE",2019-06-25,"CUPE.20190625.EPILITHON.3.CHL/PHEO.1",116.794472152951
"22070","D04","CUPE",2019-06-25,"CUPE.20190625.EPILITHON.4.CHL/PHEO.1",148.449189526185
"22081","D04","CUPE",2019-06-25,"CUPE.20190625.EPILITHON.5.CHL/PHEO.1",75.3295511221945
"22090","D04","CUPE",2019-06-25,"CUPE.20190625.EPILITHON.6.CHL/PHEO.1",35.2566500415628
"22100","D04","CUPE",2019-06-25,"CUPE.20190625.EPILITHON.7.CHL/PHEO.1",31.7638196176226
"22111","D04","CUPE",2019-06-25,"CUPE.20190625.EPILITHON.8.CHL/PHEO.1",67.7847049044057
"22122","D04","CUPE",2019-11-13,"CUPE.20191113.EPILITHON.1.CHL/PHEO.1",28.6050498753117
"22132","D04","CUPE",2019-11-13,"CUPE.20191113.EPILITHON.2.CHL/PHEO.1",42.1602244389027
"22143","D04","CUPE",2019-11-13,"CUPE.20191113.EPILITHON.3.CHL/PHEO.1",2.7213216957606
"22153","D04","CUPE",2019-11-13,"CUPE.20191113.EPILITHON.4.CHL/PHEO.1",23.4507481296758
"22162","D04","CUPE",2019-11-13,"CUPE.20191113.EPILITHON.5.CHL/PHEO.1",1.31442227763924
"22172","D04","CUPE",2019-11-13,"CUPE.20191113.EPILITHON.6.CHL/PHEO.1",4.44253948462178
"22183","D04","CUPE",2019-11-13,"CUPE.20191113.EPILITHON.6.REP2.CHL/PHEO.2",4.77244389027431
"22188","D04","CUPE",2019-11-13,"CUPE.20191113.EPILITHON.7.CHL/PHEO.1",0.742414796342477
"22197","D04","CUPE",2019-11-13,"CUPE.20191113.EPILITHON.8.CHL/PHEO.1",18.348399833749
"22300","D04","CUPE",2020-07-09,"CUPE.20200709.EPILITHON.1.CHL/PHEO.1",59.4725685785536
"22311","D04","CUPE",2020-07-09,"CUPE.20200709.EPILITHON.2.CHL/PHEO.1",125.131753948462
"22321","D04","CUPE",2020-07-09,"CUPE.20200709.EPILITHON.3.CHL/PHEO.1",73.1965918536991
"22333","D04","CUPE",2020-07-09,"CUPE.20200709.EPILITHON.4.CHL/PHEO.1",74.0016625103907
"22343","D04","CUPE",2020-07-09,"CUPE.20200709.EPILITHON.5.CHL/PHEO.1",21.2317123857024
"22354","D04","CUPE",2020-07-09,"CUPE.20200709.EPILITHON.6.CHL/PHEO.1",82.8844555278471
"22366","D04","CUPE",2020-07-09,"CUPE.20200709.EPILITHON.7.CHL/PHEO.1",127.017456359102
"22376","D04","CUPE",2020-07-09,"CUPE.20200709.EPILITHON.7.REP2.CHL/PHEO.2",124.056525353283
"22409","D04","CUPE",2020-07-09,"CUPE.20200709.EPILITHON.8.CHL/PHEO.1",100.64463840399
"22422","D04","CUPE",2020-11-24,"CUPE.20201124.EPILITHON.1.CHL/PHEO.1",0.414068994181214
"22431","D04","CUPE",2020-11-24,"CUPE.20201124.EPILITHON.2.CHL/PHEO.1",0.491479634247714
"22441","D04","CUPE",2020-11-24,"CUPE.20201124.EPILITHON.3.CHL/PHEO.1",0.750207813798836
"22452","D04","CUPE",2020-11-24,"CUPE.20201124.EPILITHON.4.CHL/PHEO.1",0.440045719035744
"22461","D04","CUPE",2020-11-24,"CUPE.20201124.EPILITHON.5.CHL/PHEO.1",0.620843724023275
"22471","D04","CUPE",2020-11-24,"CUPE.20201124.EPILITHON.5.REP2.CHL/PHEO.2",0.620843724023275
"22497","D04","CUPE",2020-11-24,"CUPE.20201124.EPILITHON.6.CHL/PHEO.1",0.362115544472153
"22507","D04","CUPE",2020-11-24,"CUPE.20201124.EPILITHON.7.CHL/PHEO.1",0.517456359102244
"22517","D04","CUPE",2020-11-24,"CUPE.20201124.EPILITHON.8.CHL/PHEO.1",0.310681629260183
"22529","D04","CUPE",2021-02-04,"CUPE.20210204.EPILITHON.1.CHL/PHEO.1",62.4584372402327
"22540","D04","CUPE",2021-02-04,"CUPE.20210204.EPILITHON.2.CHL/PHEO.1",28.2133208645054
"22551","D04","CUPE",2021-02-04,"CUPE.20210204.EPILITHON.3.CHL/PHEO.1",79.6862011637573
"22563","D04","CUPE",2021-02-04,"CUPE.20210204.EPILITHON.4.CHL/PHEO.1",52.1924355777224
"22573","D04","CUPE",2021-02-04,"CUPE.20210204.EPILITHON.5.CHL/PHEO.1",80.4031587697423
"22584","D04","CUPE",2021-02-04,"CUPE.20210204.EPILITHON.6.CHL/PHEO.1",19.3833125519534
"22595","D04","CUPE",2021-02-04,"CUPE.20210204.EPILITHON.6.REP2.CHL/PHEO.2",19.7064630091438
"22627","D04","CUPE",2021-02-04,"CUPE.20210204.EPILITHON.7.CHL/PHEO.1",55.1330008312552
"22638","D04","CUPE",2021-02-04,"CUPE.20210204.EPILITHON.8.CHL/PHEO.1",62.0999584372402
"22652","D04","CUPE",2021-06-30,"CUPE.20210630.EPILITHON.1.CHL/PHEO.1",34.4872194513716
"22661","D04","CUPE",2021-06-30,"CUPE.20210630.EPILITHON.2.CHL/PHEO.1",42.207502078138
"22671","D04","CUPE",2021-06-30,"CUPE.20210630.EPILITHON.2.REP2.CHL/PHEO.2",43.1088944305902
"22698","D04","CUPE",2021-06-30,"CUPE.20210630.EPILITHON.3.CHL/PHEO.1",12.6584580216126
"22707","D04","CUPE",2021-06-30,"CUPE.20210630.EPILITHON.4.CHL/PHEO.1",31.3907938487116
"22717","D04","CUPE",2021-06-30,"CUPE.20210630.EPILITHON.5.CHL/PHEO.1",20.6140897755611
"22727","D04","CUPE",2021-06-30,"CUPE.20210630.EPILITHON.6.CHL/PHEO.1",13.6383000831255
"22737","D04","CUPE",2021-06-30,"CUPE.20210630.EPILITHON.7.CHL/PHEO.1",13.6383000831255
"22747","D04","CUPE",2021-06-30,"CUPE.20210630.EPILITHON.8.CHL/PHEO.1",27.9031587697423
"22759","D04","CUPE",2021-11-24,"CUPE.20211124.EPILITHON.1.CHL/PHEO.1",14.088216957606
"22770","D04","CUPE",2021-11-24,"CUPE.20211124.EPILITHON.2.CHL/PHEO.1",18.0143391521197
"22779","D04","CUPE",2021-11-24,"CUPE.20211124.EPILITHON.3.CHL/PHEO.1",13.7822111388196
"22789","D04","CUPE",2021-11-24,"CUPE.20211124.EPILITHON.4.CHL/PHEO.1",38.5619285120532
"22800","D04","CUPE",2021-11-24,"CUPE.20211124.EPILITHON.5.CHL/PHEO.1",18.4876350789692
"22810","D04","CUPE",2021-11-24,"CUPE.20211124.EPILITHON.5.REP2.CHL/PHEO.2",19.3225270157938
"22835","D04","CUPE",2021-11-24,"CUPE.20211124.EPILITHON.6.CHL/PHEO.1",14.1162718204489
"22845","D04","CUPE",2021-11-24,"CUPE.20211124.EPILITHON.7.CHL/PHEO.1",9.10432252701579
"22856","D04","CUPE",2021-11-24,"CUPE.20211124.EPILITHON.8.CHL/PHEO.1",11.3237738985869
"22868","D04","CUPE",2022-01-25,"CUPE.20220125.EPILITHON.1.CHL/PHEO.1",7.25010390689942
"22878","D04","CUPE",2022-01-25,"CUPE.20220125.EPILITHON.2.CHL/PHEO.1",5.96373649210308
"22887","D04","CUPE",2022-01-25,"CUPE.20220125.EPILITHON.3.CHL/PHEO.1",8.77026184538653
"22897","D04","CUPE",2022-01-25,"CUPE.20220125.EPILITHON.4.CHL/PHEO.1",16.0593308395677
"22907","D04","CUPE",2022-01-25,"CUPE.20220125.EPILITHON.5.CHL/PHEO.1",83.0268079800499
"22917","D04","CUPE",2022-01-25,"CUPE.20220125.EPILITHON.5.REP2.CHL/PHEO.2",79.9096009975062
"22943","D04","CUPE",2022-01-25,"CUPE.20220125.EPILITHON.6.CHL/PHEO.1",18.6320656691604
"22954","D04","CUPE",2022-01-25,"CUPE.20220125.EPILITHON.7.CHL/PHEO.1",8.1857855361596
"22963","D04","CUPE",2022-01-25,"CUPE.20220125.EPILITHON.8.CHL/PHEO.1",97.4490856192851
"22976","D04","CUPE",2022-07-07,"CUPE.20220707.EPILITHON.1.CHL/PHEO.1",37.9670615128845
"22986","D04","CUPE",2022-07-07,"CUPE.20220707.EPILITHON.2.CHL/PHEO.1",42.3290731504572
"22996","D04","CUPE",2022-07-07,"CUPE.20220707.EPILITHON.3.CHL/PHEO.1",27.0932044887781
"23006","D04","CUPE",2022-07-07,"CUPE.20220707.EPILITHON.3.REP2.CHL/PHEO.2",30.2259975062344
"23032","D04","CUPE",2022-07-07,"CUPE.20220707.EPILITHON.4.CHL/PHEO.1",40.2711970074813
"23042","D04","CUPE",2022-07-07,"CUPE.20220707.EPILITHON.5.CHL/PHEO.1",36.1549251870324
"23052","D04","CUPE",2022-07-07,"CUPE.20220707.EPILITHON.6.CHL/PHEO.1",33.7281795511222
"23062","D04","CUPE",2022-07-07,"CUPE.20220707.EPILITHON.7.CHL/PHEO.1",16.8947423108894
"23071","D04","CUPE",2022-07-07,"CUPE.20220707.EPILITHON.8.CHL/PHEO.1",39.3188902743142
"23083","D04","CUPE",2022-12-13,"CUPE.20221213.EPILITHON.1.CHL/PHEO.1",54.6913965087282
"23094","D04","CUPE",2022-12-13,"CUPE.20221213.EPILITHON.1.REP2.CHL/PHEO.2",54.5770989193682
"23120","D04","CUPE",2022-12-13,"CUPE.20221213.EPILITHON.2.CHL/PHEO.1",45.555901911887
"23129","D04","CUPE",2022-12-13,"CUPE.20221213.EPILITHON.3.CHL/PHEO.1",26.0317955112219
"23139","D04","CUPE",2022-12-13,"CUPE.20221213.EPILITHON.4.CHL/PHEO.1",35.5720074812968
"23150","D04","CUPE",2022-12-13,"CUPE.20221213.EPILITHON.5.CHL/PHEO.1",27.3628428927681
"23160","D04","CUPE",2022-12-13,"CUPE.20221213.EPILITHON.6.CHL/PHEO.1",12.4984413965087
"23169","D04","CUPE",2022-12-13,"CUPE.20221213.EPILITHON.7.CHL/PHEO.1",23.7022028262677
"23180","D04","CUPE",2022-12-13,"CUPE.20221213.EPILITHON.8.CHL/PHEO.1",25.4400457190357
"23191","D04","CUPE",2023-01-25,"CUPE.20230125.EPILITHON.1.CHL/PHEO.1",43.2403366583541
"23201","D04","CUPE",2023-01-25,"CUPE.20230125.EPILITHON.2.CHL/PHEO.1",33.7583125519535
"23211","D04","CUPE",2023-01-25,"CUPE.20230125.EPILITHON.3.CHL/PHEO.1",41.4323566084788
"23222","D04","CUPE",2023-01-25,"CUPE.20230125.EPILITHON.4.CHL/PHEO.1",57.2215295095594
"23232","D04","CUPE",2023-01-25,"CUPE.20230125.EPILITHON.5.CHL/PHEO.1",37.4480465502909
"23242","D04","CUPE",2023-01-25,"CUPE.20230125.EPILITHON.6.CHL/PHEO.1",45.26963840399
"23252","D04","CUPE",2023-01-25,"CUPE.20230125.EPILITHON.7.CHL/PHEO.1",33.463216957606
"23262","D04","CUPE",2023-01-25,"CUPE.20230125.EPILITHON.7.REP2.CHL/PHEO.2",33.2418952618454
"23288","D04","CUPE",2023-01-25,"CUPE.20230125.EPILITHON.8.CHL/PHEO.1",32.5410432252702
"23299","D04","CUPE",2023-06-20,"CUPE.20230620.EPILITHON.1.CHL/PHEO.1",24.8638819617623
"23310","D04","CUPE",2023-06-20,"CUPE.20230620.EPILITHON.2.CHL/PHEO.1",37.9722568578554
"23319","D04","CUPE",2023-06-20,"CUPE.20230620.EPILITHON.3.CHL/PHEO.1",53.7094763092269
"23329","D04","CUPE",2023-06-20,"CUPE.20230620.EPILITHON.4.CHL/PHEO.1",37.9338113050707
"23339","D04","CUPE",2023-06-20,"CUPE.20230620.EPILITHON.5.CHL/PHEO.1",40.9497090606816
"23350","D04","CUPE",2023-06-20,"CUPE.20230620.EPILITHON.6.CHL/PHEO.1",42.1482751454697
"23359","D04","CUPE",2023-06-20,"CUPE.20230620.EPILITHON.7.CHL/PHEO.1",30.6255195344971
"23370","D04","CUPE",2023-06-20,"CUPE.20230620.EPILITHON.7.REP2.CHL/PHEO.2",30.1226101413134
"23395","D04","CUPE",2023-06-20,"CUPE.20230620.EPILITHON.8.CHL/PHEO.1",19.3339567747298
"23407","D04","CUPE",2023-11-14,"CUPE.20231114.EPILITHON.1.CHL/PHEO.1",39.0185993349958
"23418","D04","CUPE",2023-11-14,"CUPE.20231114.EPILITHON.2.CHL/PHEO.1",41.9856608478803
"23427","D04","CUPE",2023-11-14,"CUPE.20231114.EPILITHON.3.CHL/PHEO.1",31.6417290108063
"23438","D04","CUPE",2023-11-14,"CUPE.20231114.EPILITHON.4.CHL/PHEO.1",39.3791562759767
"23448","D04","CUPE",2023-11-14,"CUPE.20231114.EPILITHON.5.CHL/PHEO.1",39.8784289276808
"23458","D04","CUPE",2023-11-14,"CUPE.20231114.EPILITHON.6.CHL/PHEO.1",37.7706774729842
"23467","D04","CUPE",2023-11-14,"CUPE.20231114.EPILITHON.6.REP2.CHL/PHEO.2",38.0481088944306
"23493","D04","CUPE",2023-11-14,"CUPE.20231114.EPILITHON.7.CHL/PHEO.1",23.6829800498753
"23503","D04","CUPE",2023-11-14,"CUPE.20231114.EPILITHON.8.CHL/PHEO.1",43.400353283458
"23777","D03","FLNT",2018-07-24,"FLNT.20180724.EPIPSAMMON.1.CHL/PHEO.1",0.0903940720781408
"23789","D03","FLNT",2018-07-24,"FLNT.20180724.EPIPSAMMON.7.CHL/PHEO.1",0.0991495453014483
"23839","D03","FLNT",2018-10-25,"FLNT.20181025.EPIPSAMMON.1.CHL/PHEO.1",3.33824520040418
"23850","D03","FLNT",2018-10-25,"FLNT.20181025.EPIPSAMMON.7.CHL/PHEO.1",3.61232738295722
"23900","D03","FLNT",2019-03-13,"FLNT.20190313.EPIPSAMMON.10.CHL/PHEO.1",1.75757999326373
"23909","D03","FLNT",2019-03-13,"FLNT.20190313.EPIPSAMMON.2.CHL/PHEO.1",1.82970697204446
"23919","D03","FLNT",2019-03-13,"FLNT.20190313.EPIPSAMMON.4.CHL/PHEO.1",1.52078140788144
"23929","D03","FLNT",2019-03-13,"FLNT.20190313.EPIPSAMMON.8.CHL/PHEO.1",0.84984169754126
"23974","D03","FLNT",2019-07-23,"FLNT.20190723.EPIPSAMMON.1.CHL/PHEO.1",0.938657797238127
"23985","D03","FLNT",2019-07-23,"FLNT.20190723.EPIPSAMMON.3.CHL/PHEO.1",3.70137251599865
"23994","D03","FLNT",2019-07-23,"FLNT.20190723.EPIPSAMMON.5.CHL/PHEO.1",1.66280734253958
"24005","D03","FLNT",2019-07-23,"FLNT.20190723.EPIPSAMMON.7.CHL/PHEO.1",0.606054227012462
"24014","D03","FLNT",2019-07-23,"FLNT.20190723.EPIPSAMMON.9.CHL/PHEO.1",0.175985180195352
"24059","D03","FLNT",2019-10-15,"FLNT.20191015.EPIPSAMMON.1.CHL/PHEO.1",1.96930784776019
"24069","D03","FLNT",2019-10-15,"FLNT.20191015.EPIPSAMMON.3.CHL/PHEO.1",4.35752778713371
"24080","D03","FLNT",2019-10-15,"FLNT.20191015.EPIPSAMMON.5.CHL/PHEO.1",2.97490737622095
"24090","D03","FLNT",2019-10-15,"FLNT.20191015.EPIPSAMMON.7.CHL/PHEO.1",8.71526608285618
"24100","D03","FLNT",2019-10-15,"FLNT.20191015.EPIPSAMMON.9.CHL/PHEO.1",7.122979117548
"24149","D03","FLNT",2020-06-08,"FLNT.20200608.EPIPSAMMON.1.CHL/PHEO.1",1.57081508925564
"24159","D03","FLNT",2020-06-08,"FLNT.20200608.EPIPSAMMON.3.CHL/PHEO.1",1.74532670932974
"24170","D03","FLNT",2020-06-08,"FLNT.20200608.EPIPSAMMON.5.CHL/PHEO.1",1.75985180195352
"24179","D03","FLNT",2020-06-08,"FLNT.20200608.EPIPSAMMON.7.CHL/PHEO.1",1.7017514314584
"24190","D03","FLNT",2020-06-08,"FLNT.20200608.EPIPSAMMON.9.CHL/PHEO.1",0.843507915122937
"24258","D03","FLNT",2020-09-15,"FLNT.20200915.EPIPSAMMON.10.CHL/PHEO.1",0.483327719770967
"24269","D03","FLNT",2020-09-15,"FLNT.20200915.EPIPSAMMON.2.CHL/PHEO.1",0.62984169754126
"24280","D03","FLNT",2020-09-15,"FLNT.20200915.EPIPSAMMON.4.CHL/PHEO.1",0.285660154934321
"24291","D03","FLNT",2020-09-15,"FLNT.20200915.EPIPSAMMON.6.CHL/PHEO.1",1.49397945436174
"24303","D03","FLNT",2020-09-15,"FLNT.20200915.EPIPSAMMON.8.CHL/PHEO.1",0.183142472212866
"24378","D03","FLNT",2020-10-13,"FLNT.20201013.EPIPSAMMON.1.CHL/PHEO.1",0.0551532502526103
"24389","D03","FLNT",2020-10-13,"FLNT.20201013.EPIPSAMMON.3.CHL/PHEO.1",1.1773745368811
"24399","D03","FLNT",2020-10-13,"FLNT.20201013.EPIPSAMMON.5.CHL/PHEO.1",0.423122263388346
"24408","D03","FLNT",2020-10-13,"FLNT.20201013.EPIPSAMMON.7.CHL/PHEO.1",0.0429437521050859
"24419","D03","FLNT",2020-10-13,"FLNT.20201013.EPIPSAMMON.9.CHL/PHEO.1",0.0673627484001347
"24494","D03","FLNT",2021-03-03,"FLNT.20210303.EPIPSAMMON.1.CHL/PHEO.1",0.908976086224318
"24505","D03","FLNT",2021-03-03,"FLNT.20210303.EPIPSAMMON.3.CHL/PHEO.1",0.872558100370495
"24515","D03","FLNT",2021-03-03,"FLNT.20210303.EPIPSAMMON.5.CHL/PHEO.1",0.545427753452341
"24526","D03","FLNT",2021-03-03,"FLNT.20210303.EPIPSAMMON.7.CHL/PHEO.1",1.05443752105086
"24538","D03","FLNT",2021-03-03,"FLNT.20210303.EPIPSAMMON.9.CHL/PHEO.1",0.654471202425059
"24613","D03","FLNT",2021-06-23,"FLNT.20210623.EPIPSAMMON.10.CHL/PHEO.1",0.291133378241832
"24623","D03","FLNT",2021-06-23,"FLNT.20210623.EPIPSAMMON.2.CHL/PHEO.1",0.397019198383294
"24633","D03","FLNT",2021-06-23,"FLNT.20210623.EPIPSAMMON.4.CHL/PHEO.1",0.377231391040755
"24644","D03","FLNT",2021-06-23,"FLNT.20210623.EPIPSAMMON.6.CHL/PHEO.1",4.3270040417649
"24653","D03","FLNT",2021-06-23,"FLNT.20210623.EPIPSAMMON.8.CHL/PHEO.1",0.251347254968003
"24828","D03","FLNT",2022-07-19,"FLNT.20220719.EPIPSAMMON.2.CHL/PHEO.1",11.6040687100034
"24838","D03","FLNT",2022-07-19,"FLNT.20220719.EPIPSAMMON.4.CHL/PHEO.1",47.2336813742001
"24849","D03","FLNT",2022-07-19,"FLNT.20220719.EPIPSAMMON.6.CHL/PHEO.1",4.71960255978444
"24858","D03","FLNT",2022-07-19,"FLNT.20220719.EPIPSAMMON.8.CHL/PHEO.1",5.83975749410576
"24869","D03","FLNT",2022-07-19,"FLNT.20220719.EPIPSAMMON.8.REP2.CHL/PHEO.2",5.7390906028966
"24895","D03","FLNT",2022-07-19,"FLNT.20220719.EPIPSAMMON.9.CHL/PHEO.1",17.6250421017178
"24938","D03","FLNT",2022-10-11,"FLNT.20221011.EPIPSAMMON.1.CHL/PHEO.1",29.1280734253958
"24949","D03","FLNT",2022-10-11,"FLNT.20221011.EPIPSAMMON.3.CHL/PHEO.1",19.4926743011115
"24959","D03","FLNT",2022-10-11,"FLNT.20221011.EPIPSAMMON.3.REP2.CHL/PHEO.2",19.7501263051533
"24991","D03","FLNT",2022-10-11,"FLNT.20221011.EPIPSAMMON.5.CHL/PHEO.1",23.8695688784102
"25003","D03","FLNT",2022-10-11,"FLNT.20221011.EPIPSAMMON.7.CHL/PHEO.1",21.5160828561805
"25014","D03","FLNT",2022-10-11,"FLNT.20221011.EPIPSAMMON.9.CHL/PHEO.1",6.59077130346918
"25057","D03","FLNT",2023-03-14,"FLNT.20230314.EPIPSAMMON.10.CHL/PHEO.1",3.54412260020209
"25068","D03","FLNT",2023-03-14,"FLNT.20230314.EPIPSAMMON.2.CHL/PHEO.1",4.88716739642977
"25077","D03","FLNT",2023-03-14,"FLNT.20230314.EPIPSAMMON.4.CHL/PHEO.1",4.43941562815763
"25088","D03","FLNT",2023-03-14,"FLNT.20230314.EPIPSAMMON.4.REP2.CHL/PHEO.2",4.6259262377905
"25113","D03","FLNT",2023-03-14,"FLNT.20230314.EPIPSAMMON.6.CHL/PHEO.1",6.75248400134725
"25124","D03","FLNT",2023-03-14,"FLNT.20230314.EPIPSAMMON.8.CHL/PHEO.1",8.13278881778377
"26282","D04","GUIL",2017-11-21,"GUIL.20171121.EPILITHON.1",2.86575228595179
"26306","D04","GUIL",2017-11-21,"GUIL.20171121.EPILITHON.2",7.34933499584372
"26328","D04","GUIL",2017-11-21,"GUIL.20171121.EPILITHON.3",10.9652950955943
"26354","D04","GUIL",2017-11-21,"GUIL.20171121.EPILITHON.4",15.0997506234414
"26377","D04","GUIL",2017-11-21,"GUIL.20171121.EPILITHON.5",10.5403158769742
"26401","D04","GUIL",2017-11-21,"GUIL.20171121.EPILITHON.5.REP2",10.2576891105569
"26407","D04","GUIL",2017-11-21,"GUIL.20171121.EPILITHON.6",16.6157522859518
"26430","D04","GUIL",2017-11-21,"GUIL.20171121.EPILITHON.7",31.3019534497091
"26455","D04","GUIL",2017-11-21,"GUIL.20171121.EPILITHON.8",4.61762261014131
"26503","D04","GUIL",2018-02-01,"GUIL.20180201.EPILITHON.1",26.0962177888612
"26559","D04","GUIL",2018-02-01,"GUIL.20180201.EPILITHON.2.REP2",48.6502493765586
"26775","D04","GUIL",2018-07-05,"GUIL.20180705.EPILITHON.1.CHL/PHEO.1",72.9499168744805
"26784","D04","GUIL",2018-07-05,"GUIL.20180705.EPILITHON.2.CHL/PHEO.1",160.543433083957
"26796","D04","GUIL",2018-07-05,"GUIL.20180705.EPILITHON.3.CHL/PHEO.1",93.5681629260183
"26807","D04","GUIL",2018-07-05,"GUIL.20180705.EPILITHON.4.CHL/PHEO.1",61.0712801330008
"26819","D04","GUIL",2018-07-05,"GUIL.20180705.EPILITHON.5.CHL/PHEO.1",145.530964256027
"26830","D04","GUIL",2018-07-05,"GUIL.20180705.EPILITHON.6.CHL/PHEO.1",128.076683291771
"26841","D04","GUIL",2018-07-05,"GUIL.20180705.EPILITHON.6.REP2.CHL/PHEO.2",136.055694098088
"26847","D04","GUIL",2018-07-05,"GUIL.20180705.EPILITHON.7.CHL/PHEO.1",214.855569409809
"26857","D04","GUIL",2018-07-05,"GUIL.20180705.EPILITHON.8.CHL/PHEO.1",118.552576891106
"26879","D04","GUIL",2018-11-14,"GUIL.20181114.EPILITHON.1.CHL/PHEO.1",27.2682876142976
"26890","D04","GUIL",2018-11-14,"GUIL.20181114.EPILITHON.2.CHL/PHEO.1",17.0033250207814
"26900","D04","GUIL",2018-11-14,"GUIL.20181114.EPILITHON.3.CHL/PHEO.1",18.0278470490441
"26912","D04","GUIL",2018-11-14,"GUIL.20181114.EPILITHON.3.REP2.CHL/PHEO.2",28.050706566916
"26918","D04","GUIL",2018-11-14,"GUIL.20181114.EPILITHON.4.CHL/PHEO.1",38.251246882793
"26929","D04","GUIL",2018-11-14,"GUIL.20181114.EPILITHON.5.CHL/PHEO.1",19.1936824605154
"26941","D04","GUIL",2018-11-14,"GUIL.20181114.EPILITHON.6.CHL/PHEO.1",59.8399833748961
"26950","D04","GUIL",2018-11-14,"GUIL.20181114.EPILITHON.7.CHL/PHEO.1",65.0083125519535
"26963","D04","GUIL",2018-11-14,"GUIL.20181114.EPILITHON.8.CHL/PHEO.1",56.5191188694929
"26975","D04","GUIL",2019-01-29,"GUIL.20190129.EPILITHON.1.CHL/PHEO.1",115.172901080632
"26986","D04","GUIL",2019-01-29,"GUIL.20190129.EPILITHON.2.CHL/PHEO.1",131.660847880299
"26996","D04","GUIL",2019-01-29,"GUIL.20190129.EPILITHON.3.CHL/PHEO.1",151.732335827099
"27005","D04","GUIL",2019-01-29,"GUIL.20190129.EPILITHON.4.CHL/PHEO.1",227.000831255195
"27015","D04","GUIL",2019-01-29,"GUIL.20190129.EPILITHON.5.CHL/PHEO.1",272.401496259352
"27026","D04","GUIL",2019-01-29,"GUIL.20190129.EPILITHON.5.REP2.CHL/PHEO.2",267.621778886118
"27031","D04","GUIL",2019-01-29,"GUIL.20190129.EPILITHON.6.CHL/PHEO.1",231.779717373234
"27041","D04","GUIL",2019-01-29,"GUIL.20190129.EPILITHON.7.CHL/PHEO.1",127.837073981712
"27051","D04","GUIL",2019-01-29,"GUIL.20190129.EPILITHON.8.CHL/PHEO.1",64.2768079800499
"27062","D04","GUIL",2019-07-01,"GUIL.20190701.EPILITHON.1.CHL/PHEO.1",25.7616375727348
"27073","D04","GUIL",2019-07-01,"GUIL.20190701.EPILITHON.2.CHL/PHEO.1",53.050706566916
"27083","D04","GUIL",2019-07-01,"GUIL.20190701.EPILITHON.3.CHL/PHEO.1",25.5434330839568
"27092","D04","GUIL",2019-07-01,"GUIL.20190701.EPILITHON.4.CHL/PHEO.1",24.8877805486284
"27102","D04","GUIL",2019-07-01,"GUIL.20190701.EPILITHON.4.REP2.CHL/PHEO.2",23.1411055694098
"27108","D04","GUIL",2019-07-01,"GUIL.20190701.EPILITHON.5.CHL/PHEO.1",32.310889443059
"27117","D04","GUIL",2019-07-01,"GUIL.20190701.EPILITHON.6.CHL/PHEO.1",92.5654613466334
"27128","D04","GUIL",2019-07-01,"GUIL.20190701.EPILITHON.7.CHL/PHEO.1",53.050706566916
"27138","D04","GUIL",2019-07-01,"GUIL.20190701.EPILITHON.8.CHL/PHEO.1",32.310889443059
"27149","D04","GUIL",2019-11-07,"GUIL.20191107.EPILITHON.1.CHL/PHEO.1",92.4729842061513
"27160","D04","GUIL",2019-11-07,"GUIL.20191107.EPILITHON.2.CHL/PHEO.1",84.8160847880299
"27169","D04","GUIL",2019-11-07,"GUIL.20191107.EPILITHON.3.CHL/PHEO.1",84.0804239401496
"27180","D04","GUIL",2019-11-07,"GUIL.20191107.EPILITHON.4.CHL/PHEO.1",50.0654613466334
"27189","D04","GUIL",2019-11-07,"GUIL.20191107.EPILITHON.5.CHL/PHEO.1",102.044887780549
"27200","D04","GUIL",2019-11-07,"GUIL.20191107.EPILITHON.6.CHL/PHEO.1",122.51246882793
"27209","D04","GUIL",2019-11-07,"GUIL.20191107.EPILITHON.6.REP2.CHL/PHEO.2",122.807564422278
"27215","D04","GUIL",2019-11-07,"GUIL.20191107.EPILITHON.7.CHL/PHEO.1",63.0236907730673
"27224","D04","GUIL",2019-11-07,"GUIL.20191107.EPILITHON.8.CHL/PHEO.1",112.794056525353
"27236","D04","GUIL",2020-08-20,"GUIL.20200820.EPILITHON.1.CHL/PHEO.1",58.6616791354946
"27247","D04","GUIL",2020-08-20,"GUIL.20200820.EPILITHON.2.CHL/PHEO.1",55.1496259351621
"27258","D04","GUIL",2020-08-20,"GUIL.20200820.EPILITHON.3.CHL/PHEO.1",37.6215710723192
"27269","D04","GUIL",2020-08-20,"GUIL.20200820.EPILITHON.4.CHL/PHEO.1",103.245012468828
"27280","D04","GUIL",2020-08-20,"GUIL.20200820.EPILITHON.5.CHL/PHEO.1",65.1963840399003
"27290","D04","GUIL",2020-08-20,"GUIL.20200820.EPILITHON.6.CHL/PHEO.1",52.2277639235245
"27302","D04","GUIL",2020-08-20,"GUIL.20200820.EPILITHON.7.CHL/PHEO.1",69.0440565253533
"27313","D04","GUIL",2020-08-20,"GUIL.20200820.EPILITHON.7.REP2.CHL/PHEO.2",69.8275145469659
"27344","D04","GUIL",2020-08-20,"GUIL.20200820.EPILITHON.8.CHL/PHEO.1",71.3237738985869
"27357","D04","GUIL",2020-11-11,"GUIL.20201111.EPILITHON.1.CHL/PHEO.1",41.1149210307564
"27369","D04","GUIL",2020-11-11,"GUIL.20201111.EPILITHON.2.CHL/PHEO.1",46.1263507896924
"27380","D04","GUIL",2020-11-11,"GUIL.20201111.EPILITHON.3.CHL/PHEO.1",46.3674147963425
"27390","D04","GUIL",2020-11-11,"GUIL.20201111.EPILITHON.3.REP2.CHL/PHEO.2",47.333748960931
"27422","D04","GUIL",2020-11-11,"GUIL.20201111.EPILITHON.4.CHL/PHEO.1",41.3570241064007
"27433","D04","GUIL",2020-11-11,"GUIL.20201111.EPILITHON.5.CHL/PHEO.1",55.3034081463009
"27445","D04","GUIL",2020-11-11,"GUIL.20201111.EPILITHON.6.CHL/PHEO.1",17.6298836242727
"27456","D04","GUIL",2020-11-11,"GUIL.20201111.EPILITHON.7.CHL/PHEO.1",36.6479634247714
"27467","D04","GUIL",2020-11-11,"GUIL.20201111.EPILITHON.8.CHL/PHEO.1",42.8657522859518
"27479","D04","GUIL",2021-01-26,"GUIL.20210126.EPILITHON.1.CHL/PHEO.1",36.9721529509559
"27491","D04","GUIL",2021-01-26,"GUIL.20210126.EPILITHON.2.CHL/PHEO.1",55.1350789692436
"27502","D04","GUIL",2021-01-26,"GUIL.20210126.EPILITHON.3.CHL/PHEO.1",34.3152535328346
"27512","D04","GUIL",2021-01-26,"GUIL.20210126.EPILITHON.4.CHL/PHEO.1",20.7470906068163
"27523","D04","GUIL",2021-01-26,"GUIL.20210126.EPILITHON.5.CHL/PHEO.1",60.2317123857024
"27534","D04","GUIL",2021-01-26,"GUIL.20210126.EPILITHON.6.CHL/PHEO.1",88.5889443059019
"27545","D04","GUIL",2021-01-26,"GUIL.20210126.EPILITHON.7.CHL/PHEO.1",23.8341645885287
"27557","D04","GUIL",2021-01-26,"GUIL.20210126.EPILITHON.7.REP2.CHL/PHEO.2",22.9727763923525
"27588","D04","GUIL",2021-01-26,"GUIL.20210126.EPILITHON.8.CHL/PHEO.1",5.88632585203657
"27601","D04","GUIL",2021-07-07,"GUIL.20210707.EPILITHON.1.CHL/PHEO.1",33.9245635910224
"27613","D04","GUIL",2021-07-07,"GUIL.20210707.EPILITHON.2.CHL/PHEO.1",16.8838320864505
"27623","D04","GUIL",2021-07-07,"GUIL.20210707.EPILITHON.3.CHL/PHEO.1",31.1107647547797
"27635","D04","GUIL",2021-07-07,"GUIL.20210707.EPILITHON.3.REP2.CHL/PHEO.2",30.642144638404
"27667","D04","GUIL",2021-07-07,"GUIL.20210707.EPILITHON.4.CHL/PHEO.1",16.4152119700748
"27677","D04","GUIL",2021-07-07,"GUIL.20210707.EPILITHON.5.CHL/PHEO.1",19.6197007481297
"27689","D04","GUIL",2021-07-07,"GUIL.20210707.EPILITHON.6.CHL/PHEO.1",41.5066500415628
"27699","D04","GUIL",2021-07-07,"GUIL.20210707.EPILITHON.7.CHL/PHEO.1",55.8115128844555
"27711","D04","GUIL",2021-07-07,"GUIL.20210707.EPILITHON.8.CHL/PHEO.1",13.6014131338321
"27724","D04","GUIL",2021-11-17,"GUIL.20211117.EPILITHON.1.CHL/PHEO.1",47.9519950124688
"27735","D04","GUIL",2021-11-17,"GUIL.20211117.EPILITHON.2.CHL/PHEO.1",48.3520365752286
"27746","D04","GUIL",2021-11-17,"GUIL.20211117.EPILITHON.3.CHL/PHEO.1",49.7381546134663
"27756","D04","GUIL",2021-11-17,"GUIL.20211117.EPILITHON.4.CHL/PHEO.1",81.6032834580216
"27767","D04","GUIL",2021-11-17,"GUIL.20211117.EPILITHON.5.CHL/PHEO.1",79.6737323358271
"27778","D04","GUIL",2021-11-17,"GUIL.20211117.EPILITHON.6.CHL/PHEO.1",20
"27789","D04","GUIL",2021-11-17,"GUIL.20211117.EPILITHON.7.CHL/PHEO.1",48.2948877805486
"27801","D04","GUIL",2021-11-17,"GUIL.20211117.EPILITHON.7.REP2.CHL/PHEO.2",47.6807980049875
"27833","D04","GUIL",2021-11-17,"GUIL.20211117.EPILITHON.8.CHL/PHEO.1",61.2624688279302
"27846","D04","GUIL",2022-02-08,"GUIL.20220208.EPILITHON.1.CHL/PHEO.1",89.4191604322527
"27857","D04","GUIL",2022-02-08,"GUIL.20220208.EPILITHON.2.CHL/PHEO.1",79.3620116375727
"27867","D04","GUIL",2022-02-08,"GUIL.20220208.EPILITHON.3.CHL/PHEO.1",81.1586866167914
"27878","D04","GUIL",2022-02-08,"GUIL.20220208.EPILITHON.4.CHL/PHEO.1",64.3162926018288
"27890","D04","GUIL",2022-02-08,"GUIL.20220208.EPILITHON.5.CHL/PHEO.1",50.1278054862843
"27901","D04","GUIL",2022-02-08,"GUIL.20220208.EPILITHON.6.CHL/PHEO.1",72.0344970906068
"27911","D04","GUIL",2022-02-08,"GUIL.20220208.EPILITHON.7.CHL/PHEO.1",62.2890689941812
"27922","D04","GUIL",2022-02-08,"GUIL.20220208.EPILITHON.8.CHL/PHEO.1",66.1097256857855
"27934","D04","GUIL",2022-02-08,"GUIL.20220208.EPILITHON.8.REP2.CHL/PHEO.2",65.4852452202826
"27968","D04","GUIL",2022-07-13,"GUIL.20220713.EPILITHON.1.CHL/PHEO.1",29.2643391521197
"27978","D04","GUIL",2022-07-13,"GUIL.20220713.EPILITHON.2.CHL/PHEO.1",22.2932252701579
"27989","D04","GUIL",2022-07-13,"GUIL.20220713.EPILITHON.3.CHL/PHEO.1",55.2608063175395
"28001","D04","GUIL",2022-07-13,"GUIL.20220713.EPILITHON.4.CHL/PHEO.1",57.9467996674979
"28012","D04","GUIL",2022-07-13,"GUIL.20220713.EPILITHON.5.CHL/PHEO.1",41.1731088944306
"28022","D04","GUIL",2022-07-13,"GUIL.20220713.EPILITHON.5.REP2.CHL/PHEO.2",39.7932252701579
"28055","D04","GUIL",2022-07-13,"GUIL.20220713.EPILITHON.6.CHL/PHEO.1",51.9201995012469
"28065","D04","GUIL",2022-07-13,"GUIL.20220713.EPILITHON.7.CHL/PHEO.1",26.1419368246052
"28077","D04","GUIL",2022-07-13,"GUIL.20220713.EPILITHON.8.CHL/PHEO.1",33.6211554447215
"28090","D04","GUIL",2022-11-15,"GUIL.20221115.EPILITHON.1.CHL/PHEO.1",51.6739401496259
"28101","D04","GUIL",2022-11-15,"GUIL.20221115.EPILITHON.2.CHL/PHEO.1",116.604322527016
"28112","D04","GUIL",2022-11-15,"GUIL.20221115.EPILITHON.3.CHL/PHEO.1",106.088944305902
"28123","D04","GUIL",2022-11-15,"GUIL.20221115.EPILITHON.4.CHL/PHEO.1",83.0631753948462
"28134","D04","GUIL",2022-11-15,"GUIL.20221115.EPILITHON.5.CHL/PHEO.1",113.715710723192
"28144","D04","GUIL",2022-11-15,"GUIL.20221115.EPILITHON.6.CHL/PHEO.1",50.1932668329177
"28156","D04","GUIL",2022-11-15,"GUIL.20221115.EPILITHON.7.CHL/PHEO.1",36.4235245220283
"28166","D04","GUIL",2022-11-15,"GUIL.20221115.EPILITHON.8.CHL/PHEO.1",13.6221945137157
"28178","D04","GUIL",2022-11-15,"GUIL.20221115.EPILITHON.8.REP2.CHL/PHEO.2",13.3260598503741
"28212","D04","GUIL",2023-02-01,"GUIL.20230201.EPILITHON.1.CHL/PHEO.1",79.9438902743142
"28223","D04","GUIL",2023-02-01,"GUIL.20230201.EPILITHON.2.CHL/PHEO.1",37.2724438902743
"28234","D04","GUIL",2023-02-01,"GUIL.20230201.EPILITHON.3.CHL/PHEO.1",48.2179966749792
"28245","D04","GUIL",2023-02-01,"GUIL.20230201.EPILITHON.4.CHL/PHEO.1",49.6228179551122
"28256","D04","GUIL",2023-02-01,"GUIL.20230201.EPILITHON.5.CHL/PHEO.1",23.2211138819618
"28266","D04","GUIL",2023-02-01,"GUIL.20230201.EPILITHON.6.CHL/PHEO.1",26.8453865336658
"28277","D04","GUIL",2023-02-01,"GUIL.20230201.EPILITHON.6.REP2.CHL/PHEO.2",26.3279301745636
"28310","D04","GUIL",2023-02-01,"GUIL.20230201.EPILITHON.7.CHL/PHEO.1",26.1793433083957
"28320","D04","GUIL",2023-02-01,"GUIL.20230201.EPILITHON.8.CHL/PHEO.1",55.8354114713217
"28334","D04","GUIL",2023-06-27,"GUIL.20230627.EPILITHON.1.CHL/PHEO.1",40.1568994181214
"28345","D04","GUIL",2023-06-27,"GUIL.20230627.EPILITHON.2.CHL/PHEO.1",29.1479634247714
"28356","D04","GUIL",2023-06-27,"GUIL.20230627.EPILITHON.3.CHL/PHEO.1",85.9725685785536
"28366","D04","GUIL",2023-06-27,"GUIL.20230627.EPILITHON.4.CHL/PHEO.1",36.5128844555278
"28378","D04","GUIL",2023-06-27,"GUIL.20230627.EPILITHON.5.CHL/PHEO.1",59.0721113881962
"28388","D04","GUIL",2023-06-27,"GUIL.20230627.EPILITHON.6.CHL/PHEO.1",54.8088113050707
"28400","D04","GUIL",2023-06-27,"GUIL.20230627.EPILITHON.7.CHL/PHEO.1",75.89463840399
"28411","D04","GUIL",2023-06-27,"GUIL.20230627.EPILITHON.7.REP2.CHL/PHEO.2",74.3443474646717
"28443","D04","GUIL",2023-06-27,"GUIL.20230627.EPILITHON.8.CHL/PHEO.1",43.0247298420615
"28455","D04","GUIL",2023-11-07,"GUIL.20231107.EPILITHON.1.CHL/PHEO.1",67.5176641729011
"28467","D04","GUIL",2023-11-07,"GUIL.20231107.EPILITHON.2.CHL/PHEO.1",113.736492103076
"28478","D04","GUIL",2023-11-07,"GUIL.20231107.EPILITHON.3.CHL/PHEO.1",116.34455527847
"28489","D04","GUIL",2023-11-07,"GUIL.20231107.EPILITHON.4.CHL/PHEO.1",96.8162926018287
"28499","D04","GUIL",2023-11-07,"GUIL.20231107.EPILITHON.5.CHL/PHEO.1",111.970074812968
"28511","D04","GUIL",2023-11-07,"GUIL.20231107.EPILITHON.6.CHL/PHEO.1",54.3672069825436
"28521","D04","GUIL",2023-11-07,"GUIL.20231107.EPILITHON.7.CHL/PHEO.1",36.6043225270158
"28533","D04","GUIL",2023-11-07,"GUIL.20231107.EPILITHON.7.REP2.CHL/PHEO.2",37.1425602660017
"28564","D04","GUIL",2023-11-07,"GUIL.20231107.EPILITHON.8.CHL/PHEO.1",19.5467082294264
"28849","D01","HOPB",2017-10-12,"HOPB.20171012.EPILITHON.1",8.78376974231089
"28873","D01","HOPB",2017-10-12,"HOPB.20171012.EPILITHON.2",8.18214879467997
"28897","D01","HOPB",2017-10-12,"HOPB.20171012.EPILITHON.3",23.3432044887781
"28921","D01","HOPB",2017-10-12,"HOPB.20171012.EPILITHON.4",6.02763923524522
"28945","D01","HOPB",2017-10-12,"HOPB.20171012.EPILITHON.5",0.148586866167914
"28969","D01","HOPB",2017-10-12,"HOPB.20171012.EPILITHON.6",36.0234829592685
"29006","D01","HOPB",2017-10-12,"HOPB.20171012.EPILITHON.7",11.3700124688279
"29032","D01","HOPB",2017-10-12,"HOPB.20171012.EPILITHON.8",79.31785120532
"29078","D01","HOPB",2018-04-17,"HOPB.20180417.EPILITHON.1.CHL/PHEO.1",8.47776392352452
"29091","D01","HOPB",2018-04-17,"HOPB.20180417.EPILITHON.1.REP2.CHL/PHEO.2",12.1804862842893
"29095","D01","HOPB",2018-04-17,"HOPB.20180417.EPILITHON.2.CHL/PHEO.1",4.24407730673317
"29106","D01","HOPB",2018-04-17,"HOPB.20180417.EPILITHON.3.CHL/PHEO.1",40.5304447215295
"29119","D01","HOPB",2018-04-17,"HOPB.20180417.EPILITHON.4.CHL/PHEO.1",20.6759143807149
"29130","D01","HOPB",2018-04-17,"HOPB.20180417.EPILITHON.5.CHL/PHEO.1",9.11107647547797
"29141","D01","HOPB",2018-04-17,"HOPB.20180417.EPIPSAMMON.1.CHL/PHEO.1",0.302669248905355
"29150","D01","HOPB",2018-04-17,"HOPB.20180417.EPIPSAMMON.2.CHL/PHEO.1",0.12522734927585
"29161","D01","HOPB",2018-04-17,"HOPB.20180417.EPIPSAMMON.3.CHL/PHEO.1",0.206837318962614
"29176","D01","HOPB",2018-07-23,"HOPB.20180723.EPILITHON.1.CHL/PHEO.1",5.95646300914381
"29187","D01","HOPB",2018-07-23,"HOPB.20180723.EPILITHON.1.REP2.CHL/PHEO.2",5.59954280964256
"29197","D01","HOPB",2018-07-23,"HOPB.20180723.EPILITHON.2.CHL/PHEO.1",15.8686616791355
"29208","D01","HOPB",2018-07-23,"HOPB.20180723.EPILITHON.3.CHL/PHEO.1",5.3044472152951
"29217","D01","HOPB",2018-07-23,"HOPB.20180723.EPILITHON.4.CHL/PHEO.1",15.2067747298421
"29229","D01","HOPB",2018-07-23,"HOPB.20180723.EPILITHON.5.CHL/PHEO.1",12.4646716541978
"29240","D01","HOPB",2018-07-23,"HOPB.20180723.EPIPSAMMON.1.CHL/PHEO.1",1.43466487032671
"29250","D01","HOPB",2018-07-23,"HOPB.20180723.EPIPSAMMON.2.CHL/PHEO.1",3.40689120916133
"29262","D01","HOPB",2018-07-23,"HOPB.20180723.EPIPSAMMON.3.CHL/PHEO.1",2.64404176490401
"29276","D01","HOPB",2018-10-10,"HOPB.20181010.EPILITHON.1.CHL/PHEO.1",10.6644846217789
"29287","D01","HOPB",2018-10-10,"HOPB.20181010.EPILITHON.1.REP2.CHL/PHEO.2",13.1052576891106
"29292","D01","HOPB",2018-10-10,"HOPB.20181010.EPILITHON.2.CHL/PHEO.1",7.94160432252702
"29303","D01","HOPB",2018-10-10,"HOPB.20181010.EPILITHON.3.CHL/PHEO.1",10.6468204488778
"29314","D01","HOPB",2018-10-10,"HOPB.20181010.EPILITHON.4.CHL/PHEO.1",14.3318786367415
"29327","D01","HOPB",2018-10-10,"HOPB.20181010.EPILITHON.5.CHL/PHEO.1",31.6204280964256
"29338","D01","HOPB",2018-10-10,"HOPB.20181010.EPIPSAMMON.1.CHL/PHEO.1",1.30736106433142
"29348","D01","HOPB",2018-10-10,"HOPB.20181010.EPIPSAMMON.2.CHL/PHEO.1",0.982330751094645
"29360","D01","HOPB",2018-10-10,"HOPB.20181010.EPIPSAMMON.3.CHL/PHEO.1",0.943620747726507
"29373","D01","HOPB",2019-04-17,"HOPB.20190417.EPILITHON.1.CHL/PHEO.1",2.29997921862012
"29382","D01","HOPB",2019-04-17,"HOPB.20190417.EPILITHON.1.REP2.CHL/PHEO.2",2.16905652535328
"29388","D01","HOPB",2019-04-17,"HOPB.20190417.EPILITHON.2.CHL/PHEO.1",1.85317955112219
"29398","D01","HOPB",2019-04-17,"HOPB.20190417.EPILITHON.3.CHL/PHEO.1",0.909704904405653
"29408","D01","HOPB",2019-04-17,"HOPB.20190417.EPILITHON.4.CHL/PHEO.1",0.951267664172901
"29418","D01","HOPB",2019-04-17,"HOPB.20190417.EPILITHON.5.CHL/PHEO.1",3.13642975893599
"29427","D01","HOPB",2019-04-17,"HOPB.20190417.EPIPSAMMON.1.CHL/PHEO.1",1.55432805658471
"29437","D01","HOPB",2019-04-17,"HOPB.20190417.EPIPSAMMON.2.CHL/PHEO.1",1.37595149882115
"29448","D01","HOPB",2019-04-17,"HOPB.20190417.EPIPSAMMON.3.CHL/PHEO.1",4.07400808352981
"29460","D01","HOPB",2019-07-15,"HOPB.20190715.EPILITHON.1.CHL/PHEO.1",6.08998337489609
"29470","D01","HOPB",2019-07-15,"HOPB.20190715.EPILITHON.2.CHL/PHEO.1",6.67238154613466
"29480","D01","HOPB",2019-07-15,"HOPB.20190715.EPILITHON.3.CHL/PHEO.1",4.07782626766417
"29490","D01","HOPB",2019-07-15,"HOPB.20190715.EPILITHON.3.REP2.CHL/PHEO.2",4.92518703241895
"29495","D01","HOPB",2019-07-15,"HOPB.20190715.EPILITHON.4.CHL/PHEO.1",7.04332917705736
"29505","D01","HOPB",2019-07-15,"HOPB.20190715.EPILITHON.5.CHL/PHEO.1",6.3549459684123
"29515","D01","HOPB",2019-07-15,"HOPB.20190715.EPIPSAMMON.1.CHL/PHEO.1",2.32086561131694
"29525","D01","HOPB",2019-07-15,"HOPB.20190715.EPIPSAMMON.2.CHL/PHEO.1",3.19274166385989
"29534","D01","HOPB",2019-07-15,"HOPB.20190715.EPIPSAMMON.3.CHL/PHEO.1",4.0769198383294
"29546","D01","HOPB",2019-10-07,"HOPB.20191007.EPILITHON.1.CHL/PHEO.1",10.470178719867
"29557","D01","HOPB",2019-10-07,"HOPB.20191007.EPILITHON.2.CHL/PHEO.1",7.18672069825436
"29567","D01","HOPB",2019-10-07,"HOPB.20191007.EPILITHON.3.CHL/PHEO.1",21.9742310889443
"29576","D01","HOPB",2019-10-07,"HOPB.20191007.EPILITHON.4.CHL/PHEO.1",11.5300290939318
"29587","D01","HOPB",2019-10-07,"HOPB.20191007.EPILITHON.5.CHL/PHEO.1",11.4006650041563
"29596","D01","HOPB",2019-10-07,"HOPB.20191007.EPILITHON.5.REP2.CHL/PHEO.2",7.54883624272652
"29602","D01","HOPB",2019-10-07,"HOPB.20191007.EPIPSAMMON.1.CHL/PHEO.1",6.89243011114854
"29612","D01","HOPB",2019-10-07,"HOPB.20191007.EPIPSAMMON.2.CHL/PHEO.1",7.33243516335467
"29622","D01","HOPB",2019-10-07,"HOPB.20191007.EPIPSAMMON.3.CHL/PHEO.1",25.9510609632873
"29634","D01","HOPB",2020-07-19,"HOPB.20200719.EPILITHON.1.CHL/PHEO.1",21.5783458021613
"29645","D01","HOPB",2020-07-19,"HOPB.20200719.EPILITHON.2.CHL/PHEO.1",32.9592684954281
"29656","D01","HOPB",2020-07-19,"HOPB.20200719.EPILITHON.3.CHL/PHEO.1",4.37032418952618
"29667","D01","HOPB",2020-07-19,"HOPB.20200719.EPILITHON.4.CHL/PHEO.1",17.0261845386534
"29677","D01","HOPB",2020-07-19,"HOPB.20200719.EPILITHON.5.CHL/PHEO.1",27.9519950124688
"29688","D01","HOPB",2020-07-19,"HOPB.20200719.EPILITHON.5.REP2.CHL/PHEO.2",27.2236076475478
"29720","D01","HOPB",2020-07-19,"HOPB.20200719.EPIPSAMMON.1.CHL/PHEO.1",4.21444257325699
"29732","D01","HOPB",2020-07-19,"HOPB.20200719.EPIPSAMMON.2.CHL/PHEO.1",5.56320309868643
"29743","D01","HOPB",2020-07-19,"HOPB.20200719.EPIPSAMMON.3.CHL/PHEO.1",13.8122263388346
"29756","D01","HOPB",2020-10-12,"HOPB.20201012.EPILITHON.1.CHL/PHEO.1",13.5141313383209
"29767","D01","HOPB",2020-10-12,"HOPB.20201012.EPILITHON.2.CHL/PHEO.1",4.11679135494597
"29777","D01","HOPB",2020-10-12,"HOPB.20201012.EPILITHON.3.CHL/PHEO.1",6.53314630091438
"29789","D01","HOPB",2020-10-12,"HOPB.20201012.EPILITHON.4.CHL/PHEO.1",18.5260806317539
"29800","D01","HOPB",2020-10-12,"HOPB.20201012.EPILITHON.5.CHL/PHEO.1",27.2968620116376
"29810","D01","HOPB",2020-10-12,"HOPB.20201012.EPILITHON.5.REP2.CHL/PHEO.2",26.6703034081463
"29843","D01","HOPB",2020-10-12,"HOPB.20201012.EPIPSAMMON.1.CHL/PHEO.1",12.5308555069047
"29853","D01","HOPB",2020-10-12,"HOPB.20201012.EPIPSAMMON.2.CHL/PHEO.1",20.3321353991243
"29865","D01","HOPB",2020-10-12,"HOPB.20201012.EPIPSAMMON.3.CHL/PHEO.1",2.25462108454025
"29878","D01","HOPB",2021-05-26,"HOPB.20210526.EPILITHON.1.CHL/PHEO.1",8.33021612635079
"29889","D01","HOPB",2021-05-26,"HOPB.20210526.EPILITHON.2.CHL/PHEO.1",8.63518287614298
"29900","D01","HOPB",2021-05-26,"HOPB.20210526.EPILITHON.3.CHL/PHEO.1",10.9715295095594
"29910","D01","HOPB",2021-05-26,"HOPB.20210526.EPILITHON.4.CHL/PHEO.1",16.823566084788
"29921","D01","HOPB",2021-05-26,"HOPB.20210526.EPILITHON.5.CHL/PHEO.1",34.7437655860349
"29933","D01","HOPB",2021-05-26,"HOPB.20210526.EPILITHON.5.REP2.CHL/PHEO.2",34.3784289276808
"29964","D01","HOPB",2021-05-26,"HOPB.20210526.EPIPSAMMON.1.CHL/PHEO.1",15.510272819131
"29975","D01","HOPB",2021-05-26,"HOPB.20210526.EPIPSAMMON.2.CHL/PHEO.1",1.89022566520714
"29987","D01","HOPB",2021-05-26,"HOPB.20210526.EPIPSAMMON.3.CHL/PHEO.1",6.05106938363085
"30111","D01","HOPB",2021-10-20,"HOPB.20211020.EPILITHON.1.CHL/PHEO.1",25.1418329177057
"30122","D01","HOPB",2021-10-20,"HOPB.20211020.EPILITHON.2.CHL/PHEO.1",35.4712177888612
"30134","D01","HOPB",2021-10-20,"HOPB.20211020.EPILITHON.3.CHL/PHEO.1",22.2184123025769
"30145","D01","HOPB",2021-10-20,"HOPB.20211020.EPILITHON.4.CHL/PHEO.1",19.782315045719
"30156","D01","HOPB",2021-10-20,"HOPB.20211020.EPILITHON.5.CHL/PHEO.1",33.6783042394015
"30166","D01","HOPB",2021-10-20,"HOPB.20211020.EPILITHON.5.REP2.CHL/PHEO.2",33.0548628428928
"30199","D01","HOPB",2021-10-20,"HOPB.20211020.EPIPSAMMON.1.CHL/PHEO.1",7.6372381273156
"30209","D01","HOPB",2021-10-20,"HOPB.20211020.EPIPSAMMON.2.CHL/PHEO.1",8.92300437857865
"30221","D01","HOPB",2021-10-20,"HOPB.20211020.EPIPSAMMON.3.CHL/PHEO.1",8.49093971034018
"30233","D01","HOPB",2022-04-18,"HOPB.20220418.EPILITHON.1.CHL/PHEO.1",10.9143807148795
"30245","D01","HOPB",2022-04-18,"HOPB.20220418.EPILITHON.2.CHL/PHEO.1",9.55008312551954
"30255","D01","HOPB",2022-04-18,"HOPB.20220418.EPILITHON.3.CHL/PHEO.1",6.82148794679967
"30266","D01","HOPB",2022-04-18,"HOPB.20220418.EPILITHON.3.REP2.CHL/PHEO.2",6.62666251039069
"30298","D01","HOPB",2022-04-18,"HOPB.20220418.EPILITHON.4.CHL/PHEO.1",11.1092061512884
"30309","D01","HOPB",2022-04-18,"HOPB.20220418.EPILITHON.5.CHL/PHEO.1",9.25758520365752
"30320","D01","HOPB",2022-04-18,"HOPB.20220418.EPIPSAMMON.1.CHL/PHEO.1",4.61372515998653
"30332","D01","HOPB",2022-04-18,"HOPB.20220418.EPIPSAMMON.2.CHL/PHEO.1",5.88174469518356
"30343","D01","HOPB",2022-04-18,"HOPB.20220418.EPIPSAMMON.3.CHL/PHEO.1",1.71843718423712
"30355","D01","HOPB",2022-07-18,"HOPB.20220718.EPILITHON.1.CHL/PHEO.1",41.2998753117207
"30367","D01","HOPB",2022-07-18,"HOPB.20220718.EPILITHON.2.CHL/PHEO.1",41.663029925187
"30378","D01","HOPB",2022-07-18,"HOPB.20220718.EPILITHON.3.CHL/PHEO.1",25.687863674148
"30388","D01","HOPB",2022-07-18,"HOPB.20220718.EPILITHON.4.CHL/PHEO.1",22.0568370739817
"30399","D01","HOPB",2022-07-18,"HOPB.20220718.EPILITHON.5.CHL/PHEO.1",30.0446799667498
"30411","D01","HOPB",2022-07-18,"HOPB.20220718.EPILITHON.5.REP2.CHL/PHEO.2",33.8570241064007
"30443","D01","HOPB",2022-07-18,"HOPB.20220718.EPIPSAMMON.1.CHL/PHEO.1",14.9276355675312
"30453","D01","HOPB",2022-07-18,"HOPB.20220718.EPIPSAMMON.2.CHL/PHEO.1",17.2554631188952
"30464","D01","HOPB",2022-07-18,"HOPB.20220718.EPIPSAMMON.3.CHL/PHEO.1",17.0534523408555
"30478","D01","HOPB",2022-10-10,"HOPB.20221010.EPILITHON.1.CHL/PHEO.1",64.0845802161264
"30488","D01","HOPB",2022-10-10,"HOPB.20221010.EPILITHON.2.CHL/PHEO.1",68.7136325852036
"30500","D01","HOPB",2022-10-10,"HOPB.20221010.EPILITHON.3.CHL/PHEO.1",63.1753948462178
"30511","D01","HOPB",2022-10-10,"HOPB.20221010.EPILITHON.3.REP2.CHL/PHEO.2",63.8092269326683
"30543","D01","HOPB",2022-10-10,"HOPB.20221010.EPILITHON.4.CHL/PHEO.1",53.8237738985869
"30553","D01","HOPB",2022-10-10,"HOPB.20221010.EPILITHON.5.CHL/PHEO.1",46.5648379052369
"30564","D01","HOPB",2022-10-10,"HOPB.20221010.EPIPSAMMON.1.CHL/PHEO.1",29.293600538902
"30576","D01","HOPB",2022-10-10,"HOPB.20221010.EPIPSAMMON.2.CHL/PHEO.1",14.965725833614
"30587","D01","HOPB",2022-10-10,"HOPB.20221010.EPIPSAMMON.3.CHL/PHEO.1",9.12707308858201
"30599","D01","HOPB",2023-04-17,"HOPB.20230417.EPILITHON.1.CHL/PHEO.1",4.90908146300914
"30610","D01","HOPB",2023-04-17,"HOPB.20230417.EPILITHON.1.REP2.CHL/PHEO.2",4.87219451371571
"30642","D01","HOPB",2023-04-17,"HOPB.20230417.EPILITHON.2.CHL/PHEO.1",3.65440565253533
"30654","D01","HOPB",2023-04-17,"HOPB.20230417.EPILITHON.3.CHL/PHEO.1",3.28501662510391
"30665","D01","HOPB",2023-04-17,"HOPB.20230417.EPILITHON.4.CHL/PHEO.1",5.2046965918537
"30675","D01","HOPB",2023-04-17,"HOPB.20230417.EPILITHON.5.CHL/PHEO.1",4.17082294264339
"30686","D01","HOPB",2023-04-17,"HOPB.20230417.EPIPSAMMON.1.CHL/PHEO.1",3.48687100033681
"30697","D01","HOPB",2023-04-17,"HOPB.20230417.EPIPSAMMON.2.CHL/PHEO.1",3.46397440215561
"30708","D01","HOPB",2023-04-17,"HOPB.20230417.EPIPSAMMON.3.CHL/PHEO.1",1.29187942068036
"31567","D06","KING",2018-03-29,"KING.20180329.EPILITHON.1.CHL/PHEO.1",66.014650872818
"31580","D06","KING",2018-03-29,"KING.20180329.EPILITHON.2.CHL/PHEO.1",13.342684954281
"31591","D06","KING",2018-03-29,"KING.20180329.EPILITHON.2.REP2.CHL/PHEO.2",11.2162302576891
"31597","D06","KING",2018-03-29,"KING.20180329.EPILITHON.3.CHL/PHEO.1",7.6163757273483
"31642","D06","KING",2019-04-01,"KING.20190401.EPILITHON.1.CHL/PHEO.1",3.87572734829593
"31651","D06","KING",2019-04-01,"KING.20190401.EPILITHON.2.CHL/PHEO.1",1.82928096425603
"31662","D06","KING",2019-04-01,"KING.20190401.EPILITHON.3.CHL/PHEO.1",6.64588528678304
"31672","D06","KING",2019-04-01,"KING.20190401.EPILITHON.4.CHL/PHEO.1",5.34652950955943
"31681","D06","KING",2019-04-01,"KING.20190401.EPILITHON.5.CHL/PHEO.1",2.94212385702411
"31692","D06","KING",2019-04-01,"KING.20190401.EPILITHON.6.CHL/PHEO.1",6.79551122194514
"31702","D06","KING",2019-04-01,"KING.20190401.EPILITHON.6.REP2.CHL/PHEO.2",6.27285951787199
"31707","D06","KING",2019-04-01,"KING.20190401.EPILITHON.7.CHL/PHEO.1",3.42009559434746
"31717","D06","KING",2019-04-01,"KING.20190401.EPILITHON.8.CHL/PHEO.1",12.6200124688279
"31728","D06","KING",2019-07-23,"KING.20190723.EPILITHON.1.CHL/PHEO.1",19.3287614297589
"31738","D06","KING",2019-07-23,"KING.20190723.EPILITHON.2.CHL/PHEO.1",89.1770573566085
"31749","D06","KING",2019-07-23,"KING.20190723.EPILITHON.3.CHL/PHEO.1",14.5100789692436
"31758","D06","KING",2019-07-23,"KING.20190723.EPILITHON.4.CHL/PHEO.1",26.3720906068163
"31769","D06","KING",2019-07-23,"KING.20190723.EPILITHON.5.CHL/PHEO.1",82.6106608478803
"31778","D06","KING",2019-07-23,"KING.20190723.EPILITHON.6.CHL/PHEO.1",39.9283042394015
"31788","D06","KING",2019-07-23,"KING.20190723.EPILITHON.6.REP2.CHL/PHEO.2",37.5987115544472
"31794","D06","KING",2019-07-23,"KING.20190723.EPILITHON.7.CHL/PHEO.1",17.5810473815461
"31803","D06","KING",2019-07-23,"KING.20190723.EPILITHON.8.CHL/PHEO.1",11.5445760598504
"31814","D06","KING",2019-10-08,"KING.20191008.EPILITHON.1.CHL/PHEO.1",76.0016625103907
"31825","D06","KING",2019-10-08,"KING.20191008.EPILITHON.2.CHL/PHEO.1",43.222672485453
"31834","D06","KING",2019-10-08,"KING.20191008.EPILITHON.3.CHL/PHEO.1",34.4331878636741
"31845","D06","KING",2019-10-08,"KING.20191008.EPILITHON.4.CHL/PHEO.1",47.9790108063175
"31855","D06","KING",2019-10-08,"KING.20191008.EPILITHON.5.CHL/PHEO.1",10.5470698254364
"31864","D06","KING",2019-10-08,"KING.20191008.EPILITHON.6.CHL/PHEO.1",23.9895054031588
"31874","D06","KING",2019-10-08,"KING.20191008.EPILITHON.6.REP2.CHL/PHEO.2",19.8534912718204
"31880","D06","KING",2019-10-08,"KING.20191008.EPILITHON.7.CHL/PHEO.1",7.07294264339152
"31889","D06","KING",2019-10-08,"KING.20191008.EPILITHON.8.CHL/PHEO.1",18.406068162926
"31901","D06","KING",2020-06-09,"KING.20200609.EPILITHON.1.CHL/PHEO.1",34.8155652535328
"31911","D06","KING",2020-06-09,"KING.20200609.EPILITHON.2.CHL/PHEO.1",51.9373441396509
"31921","D06","KING",2020-06-09,"KING.20200609.EPILITHON.3.CHL/PHEO.1",35.9263300083126
"31932","D06","KING",2020-06-09,"KING.20200609.EPILITHON.3.REP2.CHL/PHEO.2",35.424459684123
"31960","D06","KING",2020-06-09,"KING.20200609.EPILITHON.4.CHL/PHEO.1",38.5052992518703
"31970","D06","KING",2020-06-09,"KING.20200609.EPILITHON.5.CHL/PHEO.1",35.1023482959268
"31981","D06","KING",2020-06-09,"KING.20200609.EPILITHON.6.CHL/PHEO.1",25.2519742310889
"31991","D06","KING",2020-06-09,"KING.20200609.EPILITHON.7.CHL/PHEO.1",21.7061512884456
"32000","D06","KING",2020-06-09,"KING.20200609.EPILITHON.8.CHL/PHEO.1",30.4457605985037
"32012","D06","KING",2020-07-28,"KING.20200728.EPILITHON.1.CHL/PHEO.1",4.01184538653367
"32024","D06","KING",2020-07-28,"KING.20200728.EPILITHON.2.CHL/PHEO.1",7.41427680798005
"32035","D06","KING",2020-07-28,"KING.20200728.EPILITHON.3.CHL/PHEO.1",18.4824397339983
"32046","D06","KING",2020-07-28,"KING.20200728.EPILITHON.3.REP2.CHL/PHEO.2",19.01963840399
"32078","D06","KING",2020-07-28,"KING.20200728.EPILITHON.4.CHL/PHEO.1",17.408042394015
"32088","D06","KING",2020-07-28,"KING.20200728.EPILITHON.5.CHL/PHEO.1",11.461970074813
"32099","D06","KING",2020-07-28,"KING.20200728.EPILITHON.6.CHL/PHEO.1",9.38435162094763
"32111","D06","KING",2020-07-28,"KING.20200728.EPILITHON.7.CHL/PHEO.1",8.91884871155445
"32122","D06","KING",2020-07-28,"KING.20200728.EPILITHON.8.CHL/PHEO.1",14.07678719867
"32135","D06","KING",2020-10-07,"KING.20201007.EPILITHON.2.CHL/PHEO.1",11.3320864505403
"32146","D06","KING",2020-10-07,"KING.20201007.EPILITHON.3.CHL/PHEO.1",10.3880922693267
"32156","D06","KING",2020-10-07,"KING.20201007.EPILITHON.3.REP2.CHL/PHEO.2",10.5694098088113
"32189","D06","KING",2020-10-07,"KING.20201007.EPILITHON.5.CHL/PHEO.1",16.8531795511222
"32200","D06","KING",2020-10-07,"KING.20201007.EPILITHON.6.CHL/PHEO.1",5.88424771404821
"32211","D06","KING",2020-10-07,"KING.20201007.EPILITHON.7.CHL/PHEO.1",6.32013715710723
"32223","D06","KING",2021-03-24,"KING.20210324.EPILITHON.1.CHL/PHEO.1",9.0211970074813
"32234","D06","KING",2021-03-24,"KING.20210324.EPILITHON.2.CHL/PHEO.1",7.51766417290108
"32246","D06","KING",2021-03-24,"KING.20210324.EPILITHON.4.CHL/PHEO.1",7.48181629260183
"32256","D06","KING",2021-03-24,"KING.20210324.EPILITHON.4.REP2.CHL/PHEO.2",7.08800914380715
"32290","D06","KING",2021-08-09,"KING.20210809.EPILITHON.1.CHL/PHEO.1",14.656068162926
"32302","D06","KING",2021-08-09,"KING.20210809.EPILITHON.2.CHL/PHEO.1",18.6710307564422
"32312","D06","KING",2021-08-09,"KING.20210809.EPILITHON.3.CHL/PHEO.1",26.5061305070657
"32324","D06","KING",2021-08-09,"KING.20210809.EPILITHON.4.CHL/PHEO.1",14.6950332502078
"32334","D06","KING",2021-08-09,"KING.20210809.EPILITHON.5.CHL/PHEO.1",10.3293848711554
"32346","D06","KING",2021-08-09,"KING.20210809.EPILITHON.6.CHL/PHEO.1",11.6547173732336
"32356","D06","KING",2021-08-09,"KING.20210809.EPILITHON.7.CHL/PHEO.1",21.5165211970075
"32368","D06","KING",2021-08-09,"KING.20210809.EPILITHON.7.REP2.CHL/PHEO.2",22.0625519534497
"32399","D06","KING",2021-08-09,"KING.20210809.EPILITHON.8.CHL/PHEO.1",19.3729218620116
"32413","D06","KING",2021-10-12,"KING.20211012.EPILITHON.1.CHL/PHEO.1",17.9629052369077
"32423","D06","KING",2021-10-12,"KING.20211012.EPILITHON.2.CHL/PHEO.1",31.4952202826268
"32434","D06","KING",2021-10-12,"KING.20211012.EPILITHON.3.CHL/PHEO.1",9.8618038237739
"32445","D06","KING",2021-10-12,"KING.20211012.EPILITHON.4.CHL/PHEO.1",19.7236076475478
"32456","D06","KING",2021-10-12,"KING.20211012.EPILITHON.5.CHL/PHEO.1",35.7439733998337
"32468","D06","KING",2021-10-12,"KING.20211012.EPILITHON.6.CHL/PHEO.1",37.4594763092269
"32478","D06","KING",2021-10-12,"KING.20211012.EPILITHON.7.CHL/PHEO.1",44.7875103906899
"32490","D06","KING",2021-10-12,"KING.20211012.EPILITHON.7.REP2.CHL/PHEO.2",45.2940565253533
"32522","D06","KING",2021-10-12,"KING.20211012.EPILITHON.8.CHL/PHEO.1",18.904821280133
"32535","D06","KING",2022-04-21,"KING.20220421.EPILITHON.1.CHL/PHEO.1",38.1218827930175
"32546","D06","KING",2022-04-21,"KING.20220421.EPILITHON.2.CHL/PHEO.1",20.5034289276808
"32557","D06","KING",2022-04-21,"KING.20220421.EPILITHON.3.CHL/PHEO.1",7.73119285120532
"32567","D06","KING",2022-04-21,"KING.20220421.EPILITHON.4.CHL/PHEO.1",20.9839983374896
"32578","D06","KING",2022-04-21,"KING.20220421.EPILITHON.5.CHL/PHEO.1",18.515170407315
"32589","D06","KING",2022-04-21,"KING.20220421.EPILITHON.5.REP2.CHL/PHEO.2",18.7749376558603
"32622","D06","KING",2022-04-21,"KING.20220421.EPILITHON.6.CHL/PHEO.1",22.1015170407315
"32632","D06","KING",2022-04-21,"KING.20220421.EPILITHON.7.CHL/PHEO.1",36.6084788029925
"32643","D06","KING",2022-04-21,"KING.20220421.EPILITHON.8.CHL/PHEO.1",11.7586242726517
"32656","D06","KING",2022-07-26,"KING.20220726.EPILITHON.1.CHL/PHEO.1",32.505714879468
"32667","D06","KING",2022-07-26,"KING.20220726.EPILITHON.2.CHL/PHEO.1",23.6964879467997
"32679","D06","KING",2022-07-26,"KING.20220726.EPILITHON.3.CHL/PHEO.1",46.5560058187864
"32690","D06","KING",2022-07-26,"KING.20220726.EPILITHON.4.CHL/PHEO.1",19.6867206982544
"32701","D06","KING",2022-07-26,"KING.20220726.EPILITHON.5.CHL/PHEO.1",46.301433915212
"32712","D06","KING",2022-07-26,"KING.20220726.EPILITHON.6.CHL/PHEO.1",36.8251246882793
"32722","D06","KING",2022-07-26,"KING.20220726.EPILITHON.7.CHL/PHEO.1",21.324293433084
"32733","D06","KING",2022-07-26,"KING.20220726.EPILITHON.8.CHL/PHEO.1",30.8795719035744
"32744","D06","KING",2022-07-26,"KING.20220726.EPILITHON.8.REP2.CHL/PHEO.2",31.364817123857
"32778","D06","KING",2022-10-04,"KING.20221004.EPILITHON.1.CHL/PHEO.1",32.4953241895262
"32790","D06","KING",2022-10-04,"KING.20221004.EPILITHON.2.CHL/PHEO.1",31.4427472984206
"32800","D06","KING",2022-10-04,"KING.20221004.EPILITHON.3.CHL/PHEO.1",34.0201579384871
"32812","D06","KING",2022-10-04,"KING.20221004.EPILITHON.4.CHL/PHEO.1",49.2331670822943
"32823","D06","KING",2022-10-04,"KING.20221004.EPILITHON.5.CHL/PHEO.1",38.3047589359933
"32833","D06","KING",2022-10-04,"KING.20221004.EPILITHON.5.REP2.CHL/PHEO.2",37.288029925187
"32866","D06","KING",2022-10-04,"KING.20221004.EPILITHON.6.CHL/PHEO.1",22.3290731504572
"32877","D06","KING",2022-10-04,"KING.20221004.EPILITHON.7.CHL/PHEO.1",27.775353283458
"32888","D06","KING",2022-10-04,"KING.20221004.EPILITHON.8.CHL/PHEO.1",34.2383624272652
"32901","D06","KING",2023-03-29,"KING.20230329.EPILITHON.1.CHL/PHEO.1",19.0715918536991
"32912","D06","KING",2023-03-29,"KING.20230329.EPILITHON.2.CHL/PHEO.1",8.5619285120532
"32922","D06","KING",2023-03-29,"KING.20230329.EPILITHON.3.CHL/PHEO.1",12.5675394846218
"32934","D06","KING",2023-03-29,"KING.20230329.EPILITHON.4.CHL/PHEO.1",9.84829592684954
"32945","D06","KING",2023-03-29,"KING.20230329.EPILITHON.4.REP2.CHL/PHEO.2",9.88466334164588
"32976","D06","KING",2023-03-29,"KING.20230329.EPILITHON.5.CHL/PHEO.1",4.81400665004156
"32989","D06","KING",2023-07-24,"KING.20230724.EPILITHON.1.CHL/PHEO.1",44.8711554447215
"33000","D06","KING",2023-07-24,"KING.20230724.EPILITHON.2.CHL/PHEO.1",38.6658354114713
"33011","D06","KING",2023-07-24,"KING.20230724.EPILITHON.2.REP2.CHL/PHEO.2",38.549459684123
"33044","D06","KING",2023-07-24,"KING.20230724.EPILITHON.3.CHL/PHEO.1",49.0206774729842
"33054","D06","KING",2023-07-24,"KING.20230724.EPILITHON.4.CHL/PHEO.1",58.2502078137988
"33065","D06","KING",2023-07-24,"KING.20230724.EPILITHON.5.CHL/PHEO.1",47.7020989193682
"33881","D07","LECO",2017-10-30,"LECO.20171030.EPILITHON.1",2.32543640897756
"34031","D07","LECO",2017-10-30,"LECO.20171030.EPIPSAMMON.1",0.671522398113843
"34140","D07","LECO",2018-04-18,"LECO.20180418.EPILITHON.1.CHL/PHEO.1",3.60141313383209
"34150","D07","LECO",2018-04-18,"LECO.20180418.EPILITHON.2.CHL/PHEO.1",7.32335827098919
"34162","D07","LECO",2018-04-18,"LECO.20180418.EPILITHON.3.CHL/PHEO.1",6.68069409808811
"34172","D07","LECO",2018-04-18,"LECO.20180418.EPILITHON.3.REP2.CHL/PHEO.2",8.27930174563591
"34178","D07","LECO",2018-04-18,"LECO.20180418.EPILITHON.4.CHL/PHEO.1",6.12635078969244
"34191","D07","LECO",2018-04-18,"LECO.20180418.EPILITHON.5.CHL/PHEO.1",3.77857439733998
"34202","D07","LECO",2018-04-18,"LECO.20180418.EPIPSAMMON.1.CHL/PHEO.1",3.19215223981138
"34213","D07","LECO",2018-04-18,"LECO.20180418.EPIPSAMMON.2.CHL/PHEO.1",1.82384641293365
"34223","D07","LECO",2018-04-18,"LECO.20180418.EPIPSAMMON.3.CHL/PHEO.1",0.93971034018188
"34237","D07","LECO",2018-07-24,"LECO.20180724.EPILITHON.1.CHL/PHEO.1",2.78158769742311
"34249","D07","LECO",2018-07-24,"LECO.20180724.EPILITHON.2.CHL/PHEO.1",16.9576059850374
"34259","D07","LECO",2018-07-24,"LECO.20180724.EPILITHON.3.CHL/PHEO.1",15.1028678304239
"34269","D07","LECO",2018-07-24,"LECO.20180724.EPILITHON.4.CHL/PHEO.1",33.8320864505403
"34280","D07","LECO",2018-07-24,"LECO.20180724.EPILITHON.5.CHL/PHEO.1",22.8548420615129
"34293","D07","LECO",2018-07-24,"LECO.20180724.EPILITHON.5.REP2.CHL/PHEO.2",23.830008312552
"34297","D07","LECO",2018-07-24,"LECO.20180724.EPIPSAMMON.1.CHL/PHEO.1",1.22177500842034
"34309","D07","LECO",2018-07-24,"LECO.20180724.EPIPSAMMON.2.CHL/PHEO.1",0.0957814078814416
"34321","D07","LECO",2018-07-24,"LECO.20180724.EPIPSAMMON.3.CHL/PHEO.1",0.447709666554395
"34335","D07","LECO",2018-11-12,"LECO.20181112.EPILITHON.1.CHL/PHEO.1",12.3548628428928
"34346","D07","LECO",2018-11-12,"LECO.20181112.EPILITHON.2.CHL/PHEO.1",0.879052369077307
"34356","D07","LECO",2018-11-12,"LECO.20181112.EPILITHON.3.CHL/PHEO.1",3.04684123025769
"34368","D07","LECO",2018-11-12,"LECO.20181112.EPILITHON.4.CHL/PHEO.1",14.6841230257689
"34377","D07","LECO",2018-11-12,"LECO.20181112.EPILITHON.4.REP2.CHL/PHEO.2",8.84871155444722
"34386","D07","LECO",2018-11-12,"LECO.20181112.EPILITHON.5.CHL/PHEO.1",3.67310889443059
"34398","D07","LECO",2018-11-12,"LECO.20181112.EPIPSAMMON.1.CHL/PHEO.1",0.847036039070394
"34408","D07","LECO",2018-11-12,"LECO.20181112.EPIPSAMMON.2.CHL/PHEO.1",2.35394072078141
"34421","D07","LECO",2018-11-12,"LECO.20181112.EPIPSAMMON.3.CHL/PHEO.1",1.44640451330414
"34433","D07","LECO",2019-03-27,"LECO.20190327.EPILITHON.1.CHL/PHEO.1",62.6158561928512
"34443","D07","LECO",2019-03-27,"LECO.20190327.EPILITHON.1.REP2.CHL/PHEO.2",78.4008728179551
"34449","D07","LECO",2019-03-27,"LECO.20190327.EPILITHON.2.CHL/PHEO.1",23.2817955112219
"34459","D07","LECO",2019-03-27,"LECO.20190327.EPILITHON.3.CHL/PHEO.1",38.5733582709892
"34469","D07","LECO",2019-03-27,"LECO.20190327.EPILITHON.4.CHL/PHEO.1",50.0716957605985
"34479","D07","LECO",2019-03-27,"LECO.20190327.EPILITHON.5.CHL/PHEO.1",50.281068162926
"34488","D07","LECO",2019-03-27,"LECO.20190327.EPIPSAMMON.1.CHL/PHEO.1",8.7253704951162
"34499","D07","LECO",2019-03-27,"LECO.20190327.EPIPSAMMON.2.CHL/PHEO.1",2.37201077803974
"34509","D07","LECO",2019-03-27,"LECO.20190327.EPIPSAMMON.3.CHL/PHEO.1",8.04753283933985
"34520","D07","LECO",2019-07-17,"LECO.20190717.EPILITHON.1.CHL/PHEO.1",20.0176641729011
"34530","D07","LECO",2019-07-17,"LECO.20190717.EPILITHON.2.CHL/PHEO.1",24.6778886118038
"34540","D07","LECO",2019-07-17,"LECO.20190717.EPILITHON.3.CHL/PHEO.1",52.8506857855362
"34550","D07","LECO",2019-07-17,"LECO.20190717.EPILITHON.3.REP2.CHL/PHEO.2",53.486076475478
"34556","D07","LECO",2019-07-17,"LECO.20190717.EPILITHON.4.CHL/PHEO.1",31.8796758104738
"34566","D07","LECO",2019-07-17,"LECO.20190717.EPILITHON.5.CHL/PHEO.1",50.2026184538653
"34575","D07","LECO",2019-07-17,"LECO.20190717.EPIPSAMMON.1.CHL/PHEO.1",0.901187268440553
"34585","D07","LECO",2019-07-17,"LECO.20190717.EPIPSAMMON.2.CHL/PHEO.1",3.69063657797238
"34595","D07","LECO",2019-07-17,"LECO.20190717.EPIPSAMMON.3.CHL/PHEO.1",1.41609127652408
"34607","D07","LECO",2019-10-15,"LECO.20191015.EPILITHON.1.CHL/PHEO.1",20.6805901911887
"34618","D07","LECO",2019-10-15,"LECO.20191015.EPILITHON.2.CHL/PHEO.1",23.4725685785536
"34627","D07","LECO",2019-10-15,"LECO.20191015.EPILITHON.3.CHL/PHEO.1",18.9230049875312
"34637","D07","LECO",2019-10-15,"LECO.20191015.EPILITHON.3.REP2.CHL/PHEO.2",17.5784497090607
"34642","D07","LECO",2019-10-15,"LECO.20191015.EPILITHON.4.CHL/PHEO.1",87.8927680798005
"34653","D07","LECO",2019-10-15,"LECO.20191015.EPILITHON.5.CHL/PHEO.1",52.8392560266002
"34662","D07","LECO",2019-10-15,"LECO.20191015.EPIPSAMMON.1.CHL/PHEO.1",4.44109969686763
"34672","D07","LECO",2019-10-15,"LECO.20191015.EPIPSAMMON.2.CHL/PHEO.1",0.553006062647356
"34683","D07","LECO",2019-10-15,"LECO.20191015.EPIPSAMMON.3.CHL/PHEO.1",7.49978949141125
"34695","D07","LECO",2020-06-10,"LECO.20200610.EPILITHON.1.CHL/PHEO.1",7.53792601828761
"34705","D07","LECO",2020-06-10,"LECO.20200610.EPILITHON.1.REP2.CHL/PHEO.2",6.17414796342477
"34734","D07","LECO",2020-06-10,"LECO.20200610.EPILITHON.2.CHL/PHEO.1",6.13778054862843
"34744","D07","LECO",2020-06-10,"LECO.20200610.EPILITHON.3.CHL/PHEO.1",25.126246882793
"34753","D07","LECO",2020-06-10,"LECO.20200610.EPILITHON.4.CHL/PHEO.1",16.3320864505403
"34764","D07","LECO",2020-06-10,"LECO.20200610.EPILITHON.5.CHL/PHEO.1",14.6451579384871
"34774","D07","LECO",2020-06-10,"LECO.20200610.EPIPSAMMON.1.CHL/PHEO.1",1.76625126305153
"34783","D07","LECO",2020-06-10,"LECO.20200610.EPIPSAMMON.2.CHL/PHEO.1",2.51884809700236
"34793","D07","LECO",2020-06-10,"LECO.20200610.EPIPSAMMON.3.CHL/PHEO.1",1.30521387672617
"34805","D07","LECO",2020-07-16,"LECO.20200716.EPILITHON.1.CHL/PHEO.1",19.994285120532
"34817","D07","LECO",2020-07-16,"LECO.20200716.EPILITHON.2.CHL/PHEO.1",19.994285120532
"34828","D07","LECO",2020-07-16,"LECO.20200716.EPILITHON.3.CHL/PHEO.1",46.616791354946
"34839","D07","LECO",2020-07-16,"LECO.20200716.EPILITHON.4.CHL/PHEO.1",24.5464463840399
"34849","D07","LECO",2020-07-16,"LECO.20200716.EPILITHON.5.CHL/PHEO.1",7.90315876974231
"34860","D07","LECO",2020-07-16,"LECO.20200716.EPILITHON.5.REP2.CHL/PHEO.2",7.68443474646717
"34892","D07","LECO",2020-07-16,"LECO.20200716.EPIPSAMMON.1.CHL/PHEO.1",2.09072246547659
"34903","D07","LECO",2020-07-16,"LECO.20200716.EPIPSAMMON.2.CHL/PHEO.1",1.52536207477265
"34915","D07","LECO",2020-07-16,"LECO.20200716.EPIPSAMMON.3.CHL/PHEO.1",1.56392051195689
"34928","D07","LECO",2020-10-27,"LECO.20201027.EPILITHON.1.CHL/PHEO.1",68.6460931005819
"34937","D07","LECO",2020-10-27,"LECO.20201027.EPILITHON.2.CHL/PHEO.1",28.8752078137988
"34947","D07","LECO",2020-10-27,"LECO.20201027.EPILITHON.3.CHL/PHEO.1",51.3585827098919
"34957","D07","LECO",2020-10-27,"LECO.20201027.EPILITHON.3.REP2.CHL/PHEO.2",51.9742310889443
"34984","D07","LECO",2020-10-27,"LECO.20201027.EPILITHON.4.CHL/PHEO.1",53.7926018287614
"34993","D07","LECO",2020-10-27,"LECO.20201027.EPILITHON.5.CHL/PHEO.1",31.708748960931
"35004","D07","LECO",2020-10-27,"LECO.20201027.EPIPSAMMON.1.CHL/PHEO.1",1.05483327719771
"35013","D07","LECO",2020-10-27,"LECO.20201027.EPIPSAMMON.2.CHL/PHEO.1",0.865442910070731
"35024","D07","LECO",2020-10-27,"LECO.20201027.EPIPSAMMON.3.CHL/PHEO.1",1.76018861569552
"35036","D07","LECO",2021-04-13,"LECO.20210413.EPILITHON.1.CHL/PHEO.1",21.8261637572735
"35047","D07","LECO",2021-04-13,"LECO.20210413.EPILITHON.2.CHL/PHEO.1",20.9330839567747
"35058","D07","LECO",2021-04-13,"LECO.20210413.EPILITHON.2.REP2.CHL/PHEO.2",21.1471321695761
"35089","D07","LECO",2021-04-13,"LECO.20210413.EPILITHON.3.CHL/PHEO.1",29.9703865336658
"35101","D07","LECO",2021-04-13,"LECO.20210413.EPILITHON.4.CHL/PHEO.1",30.3990024937656
"35111","D07","LECO",2021-04-13,"LECO.20210413.EPILITHON.5.CHL/PHEO.1",30.3990024937656
"35122","D07","LECO",2021-04-13,"LECO.20210413.EPIPSAMMON.1.CHL/PHEO.1",6.15671943415292
"35133","D07","LECO",2021-04-13,"LECO.20210413.EPIPSAMMON.2.CHL/PHEO.1",7.12000673627484
"35144","D07","LECO",2021-04-13,"LECO.20210413.EPIPSAMMON.3.CHL/PHEO.1",3.06382620410913
"35157","D07","LECO",2021-08-03,"LECO.20210803.EPILITHON.1.CHL/PHEO.1",26.2333748960931
"35168","D07","LECO",2021-08-03,"LECO.20210803.EPILITHON.2.CHL/PHEO.1",5.69098088113051
"35177","D07","LECO",2021-08-03,"LECO.20210803.EPILITHON.3.CHL/PHEO.1",44.0856192851205
"35187","D07","LECO",2021-08-03,"LECO.20210803.EPILITHON.3.REP2.CHL/PHEO.2",43.6570033250208
"35214","D07","LECO",2021-08-03,"LECO.20210803.EPILITHON.4.CHL/PHEO.1",2.72859517871987
"35223","D07","LECO",2021-08-03,"LECO.20210803.EPILITHON.5.CHL/PHEO.1",12.7852244389027
"35233","D07","LECO",2021-08-03,"LECO.20210803.EPIPSAMMON.1.CHL/PHEO.1",1.32598181205793
"35244","D07","LECO",2021-08-03,"LECO.20210803.EPIPSAMMON.2.CHL/PHEO.1",0.998571909733917
"35254","D07","LECO",2021-08-03,"LECO.20210803.EPIPSAMMON.3.CHL/PHEO.1",0.793341192320647
"35266","D07","LECO",2021-10-19,"LECO.20211019.EPILITHON.1.CHL/PHEO.1",52.3482959268495
"35276","D07","LECO",2021-10-19,"LECO.20211019.EPILITHON.2.CHL/PHEO.1",86.9233167082294
"35286","D07","LECO",2021-10-19,"LECO.20211019.EPILITHON.3.CHL/PHEO.1",21.4385910224439
"35295","D07","LECO",2021-10-19,"LECO.20211019.EPILITHON.4.CHL/PHEO.1",55.8967165419784
"35306","D07","LECO",2021-10-19,"LECO.20211019.EPILITHON.5.CHL/PHEO.1",44.6316500415628
"35315","D07","LECO",2021-10-19,"LECO.20211019.EPILITHON.5.REP2.CHL/PHEO.2",44.0466541978387
"35342","D07","LECO",2021-10-19,"LECO.20211019.EPIPSAMMON.1.CHL/PHEO.1",2.35399461098013
"35351","D07","LECO",2021-10-19,"LECO.20211019.EPIPSAMMON.2.CHL/PHEO.1",5.31733580330077
"35362","D07","LECO",2021-10-19,"LECO.20211019.EPIPSAMMON.3.CHL/PHEO.1",2.20151060963287
"35373","D07","LECO",2022-03-30,"LECO.20220330.EPILITHON.1.CHL/PHEO.1",9.93973399833749
"35383","D07","LECO",2022-03-30,"LECO.20220330.EPILITHON.1.REP2.CHL/PHEO.2",9.78387364921031
"35409","D07","LECO",2022-03-30,"LECO.20220330.EPILITHON.2.CHL/PHEO.1",14.5391729010806
"35419","D07","LECO",2022-03-30,"LECO.20220330.EPILITHON.3.CHL/PHEO.1",18.6320656691604
"35430","D07","LECO",2022-03-30,"LECO.20220330.EPILITHON.4.CHL/PHEO.1",12.2397132169576
"35440","D07","LECO",2022-03-30,"LECO.20220330.EPILITHON.5.CHL/PHEO.1",13.4481504571904
"35449","D07","LECO",2022-03-30,"LECO.20220330.EPIPSAMMON.1.CHL/PHEO.1",7.54722802290333
"35460","D07","LECO",2022-03-30,"LECO.20220330.EPIPSAMMON.2.CHL/PHEO.1",3.53970697204446
"35470","D07","LECO",2022-03-30,"LECO.20220330.EPIPSAMMON.3.CHL/PHEO.1",4.82997810710677
"35482","D07","LECO",2022-09-22,"LECO.20220922.EPILITHON.1.CHL/PHEO.1",47.4179135494597
"35491","D07","LECO",2022-09-22,"LECO.20220922.EPILITHON.2.CHL/PHEO.1",32.6771612635079
"35501","D07","LECO",2022-09-22,"LECO.20220922.EPILITHON.3.CHL/PHEO.1",47.2365960099751
"35511","D07","LECO",2022-09-22,"LECO.20220922.EPILITHON.4.CHL/PHEO.1",40.8826891105569
"35522","D07","LECO",2022-09-22,"LECO.20220922.EPILITHON.5.CHL/PHEO.1",30.0264962593516
"35531","D07","LECO",2022-09-22,"LECO.20220922.EPILITHON.5.REP2.CHL/PHEO.2",28.1385078969244
"35557","D07","LECO",2022-09-22,"LECO.20220922.EPIPSAMMON.1.CHL/PHEO.1",5.38438868305827
"35568","D07","LECO",2022-09-22,"LECO.20220922.EPIPSAMMON.2.CHL/PHEO.1",3.63379925900977
"35578","D07","LECO",2022-09-22,"LECO.20220922.EPIPSAMMON.3.CHL/PHEO.1",5.54626978780734
"35589","D07","LECO",2022-10-19,"LECO.20221019.EPILITHON.1.CHL/PHEO.1",33.9479426433915
"35599","D07","LECO",2022-10-19,"LECO.20221019.EPILITHON.2.CHL/PHEO.1",37.7602867830424
"35610","D07","LECO",2022-10-19,"LECO.20221019.EPILITHON.3.CHL/PHEO.1",48.2533250207814
"35619","D07","LECO",2022-10-19,"LECO.20221019.EPILITHON.4.CHL/PHEO.1",50.3953657522859
"35629","D07","LECO",2022-10-19,"LECO.20221019.EPILITHON.4.REP2.CHL/PHEO.2",49.4513715710723
"35655","D07","LECO",2022-10-19,"LECO.20221019.EPILITHON.5.CHL/PHEO.1",54.8264754779717
"35666","D07","LECO",2022-10-19,"LECO.20221019.EPIPSAMMON.1.CHL/PHEO.1",5.78161839003031
"35675","D07","LECO",2022-10-19,"LECO.20221019.EPIPSAMMON.2.CHL/PHEO.1",4.3987874705288
"35686","D07","LECO",2022-10-19,"LECO.20221019.EPIPSAMMON.3.CHL/PHEO.1",18.9018238464129
"35697","D07","LECO",2023-03-29,"LECO.20230329.EPILITHON.1.CHL/PHEO.1",18.704280964256
"35708","D07","LECO",2023-03-29,"LECO.20230329.EPILITHON.2.CHL/PHEO.1",23.6284289276808
"35718","D07","LECO",2023-03-29,"LECO.20230329.EPILITHON.3.CHL/PHEO.1",8.45178719866999
"35728","D07","LECO",2023-03-29,"LECO.20230329.EPILITHON.3.REP2.CHL/PHEO.2",8.34164588528678
"35753","D07","LECO",2023-03-29,"LECO.20230329.EPILITHON.4.CHL/PHEO.1",11.4650872817955
"35764","D07","LECO",2023-03-29,"LECO.20230329.EPILITHON.5.CHL/PHEO.1",8.19461762261014
"35773","D07","LECO",2023-03-29,"LECO.20230329.EPIPSAMMON.1.CHL/PHEO.1",7.24913775682048
"35784","D07","LECO",2023-03-29,"LECO.20230329.EPIPSAMMON.2.CHL/PHEO.1",6.82883125631526
"35793","D07","LECO",2023-03-29,"LECO.20230329.EPIPSAMMON.3.CHL/PHEO.1",5.38986190636578
"35805","D07","LECO",2023-09-06,"LECO.20230906.EPILITHON.1.CHL/PHEO.1",57.9904405652535
"35815","D07","LECO",2023-09-06,"LECO.20230906.EPILITHON.2.CHL/PHEO.1",42.4875311720698
"35826","D07","LECO",2023-09-06,"LECO.20230906.EPILITHON.3.CHL/PHEO.1",56.8318786367415
"35836","D07","LECO",2023-09-06,"LECO.20230906.EPILITHON.4.CHL/PHEO.1",46.5466541978387
"35845","D07","LECO",2023-09-06,"LECO.20230906.EPILITHON.5.CHL/PHEO.1",33.6341438071488
"35855","D07","LECO",2023-09-06,"LECO.20230906.EPILITHON.5.REP2.CHL/PHEO.2",33.7115544472153
"35882","D07","LECO",2023-09-06,"LECO.20230906.EPIPSAMMON.1.CHL/PHEO.1",7.298484338161
"35891","D07","LECO",2023-09-06,"LECO.20230906.EPIPSAMMON.2.CHL/PHEO.1",4.04233075109464
"35902","D07","LECO",2023-09-06,"LECO.20230906.EPIPSAMMON.3.CHL/PHEO.1",7.74452677669249
"35914","D07","LECO",2023-10-18,"LECO.20231018.EPILITHON.1.CHL/PHEO.1",38.3478802992519
"35923","D07","LECO",2023-10-18,"LECO.20231018.EPILITHON.1.REP2.CHL/PHEO.2",38.5411471321696
"35949","D07","LECO",2023-10-18,"LECO.20231018.EPILITHON.2.CHL/PHEO.1",55.917497921862
"35959","D07","LECO",2023-10-18,"LECO.20231018.EPILITHON.3.CHL/PHEO.1",54.4108478802993
"35969","D07","LECO",2023-10-18,"LECO.20231018.EPILITHON.4.CHL/PHEO.1",55.533042394015
"35980","D07","LECO",2023-10-18,"LECO.20231018.EPILITHON.5.CHL/PHEO.1",59.2425187032419
"35990","D07","LECO",2023-10-18,"LECO.20231018.EPIPSAMMON.1.CHL/PHEO.1",6.65963118895251
"36000","D07","LECO",2023-10-18,"LECO.20231018.EPIPSAMMON.2.CHL/PHEO.1",4.23091613337824
"36009","D07","LECO",2023-10-18,"LECO.20231018.EPIPSAMMON.3.CHL/PHEO.1",8.75518693162681
"36692","D02","LEWI",2017-11-07,"LEWI.20171107.EPILITHON.1",31.1544056525353
"36778","D02","LEWI",2017-11-07,"LEWI.20171107.EPIPELON.1",9.59856012125295
"36962","D02","LEWI",2018-03-28,"LEWI.20180328.EPILITHON.1.CHL/PHEO.1",134.066396508728
"37011","D02","LEWI",2018-03-28,"LEWI.20180328.EPIPELON.1.CHL/PHEO.1",27.9793280565847
"37107","D02","LEWI",2018-07-10,"LEWI.20180710.EPILITHON.1.CHL/PHEO.1",98.5120532003325
"37119","D02","LEWI",2018-07-10,"LEWI.20180710.EPILITHON.2.CHL/PHEO.1",41.2276600166251
"37129","D02","LEWI",2018-07-10,"LEWI.20180710.EPILITHON.3.CHL/PHEO.1",47.1295719035744
"37140","D02","LEWI",2018-07-10,"LEWI.20180710.EPIPELON.1.CHL/PHEO.1",8.22036039070394
"37150","D02","LEWI",2018-07-10,"LEWI.20180710.EPIPELON.2.CHL/PHEO.1",3.86178006062647
"37163","D02","LEWI",2018-07-10,"LEWI.20180710.EPIPELON.3.CHL/PHEO.1",3.26561973728528
"37172","D02","LEWI",2018-07-10,"LEWI.20180710.EPIPELON.4.CHL/PHEO.1",4.33858201414618
"37183","D02","LEWI",2018-07-10,"LEWI.20180710.EPIPELON.4.REP2.CHL/PHEO.2",3.11426406197373
"37189","D02","LEWI",2018-07-10,"LEWI.20180710.EPIPELON.5.CHL/PHEO.1",2.57052037723139
"37204","D02","LEWI",2018-10-23,"LEWI.20181023.EPILITHON.1.CHL/PHEO.1",150.311720698254
"37215","D02","LEWI",2018-10-23,"LEWI.20181023.EPILITHON.2.CHL/PHEO.1",79.8571280133001
"37225","D02","LEWI",2018-10-23,"LEWI.20181023.EPILITHON.3.CHL/PHEO.1",243.077722360765
"37237","D02","LEWI",2018-10-23,"LEWI.20181023.EPIPELON.1.CHL/PHEO.1",7.19413102054564
"37247","D02","LEWI",2018-10-23,"LEWI.20181023.EPIPELON.1.REP2.CHL/PHEO.2",12.6890367126979
"37253","D02","LEWI",2018-10-23,"LEWI.20181023.EPIPELON.2.CHL/PHEO.1",4.53835466487033
"37264","D02","LEWI",2018-10-23,"LEWI.20181023.EPIPELON.3.CHL/PHEO.1",4.47162344223644
"37277","D02","LEWI",2018-10-23,"LEWI.20181023.EPIPELON.4.CHL/PHEO.1",5.66815426069384
"37286","D02","LEWI",2018-10-23,"LEWI.20181023.EPIPELON.5.CHL/PHEO.1",5.02905018524756
"37300","D02","LEWI",2019-03-20,"LEWI.20190320.EPILITHON.1.CHL/PHEO.1",43.9068994181214
"37311","D02","LEWI",2019-03-20,"LEWI.20190320.EPILITHON.2.CHL/PHEO.1",57.4968827930175
"37321","D02","LEWI",2019-03-20,"LEWI.20190320.EPILITHON.3.CHL/PHEO.1",90.2530133000831
"37330","D02","LEWI",2019-03-20,"LEWI.20190320.EPILITHON.3.REP2.CHL/PHEO.2",111.683811305071
"37335","D02","LEWI",2019-03-20,"LEWI.20190320.EPIPELON.1.CHL/PHEO.1",9.24827382957225
"37345","D02","LEWI",2019-03-20,"LEWI.20190320.EPIPELON.2.CHL/PHEO.1",7.83639272482317
"37355","D02","LEWI",2019-03-20,"LEWI.20190320.EPIPELON.3.CHL/PHEO.1",16.5196615021893
"37366","D02","LEWI",2019-03-20,"LEWI.20190320.EPIPELON.4.CHL/PHEO.1",18.0022734927585
"37376","D02","LEWI",2019-03-20,"LEWI.20190320.EPIPELON.5.CHL/PHEO.1",19.3436342202762
"37388","D02","LEWI",2019-07-25,"LEWI.20190725.EPILITHON.1.CHL/PHEO.1",112.971737323358
"37397","D02","LEWI",2019-07-25,"LEWI.20190725.EPILITHON.2.CHL/PHEO.1",183.579592684954
"37408","D02","LEWI",2019-07-25,"LEWI.20190725.EPILITHON.2.REP2.CHL/PHEO.2",58.4278886118038
"37413","D02","LEWI",2019-07-25,"LEWI.20190725.EPILITHON.3.CHL/PHEO.1",73.4315253532835
"37422","D02","LEWI",2019-07-25,"LEWI.20190725.EPIPELON.1.CHL/PHEO.1",2.78944930953183
"37433","D02","LEWI",2019-07-25,"LEWI.20190725.EPIPELON.2.CHL/PHEO.1",1.74511620074099
"37442","D02","LEWI",2019-07-25,"LEWI.20190725.EPIPELON.3.CHL/PHEO.1",5.07809868642641
"37453","D02","LEWI",2019-07-25,"LEWI.20190725.EPIPELON.4.CHL/PHEO.1",2.83239306163691
"37462","D02","LEWI",2019-07-25,"LEWI.20190725.EPIPELON.5.CHL/PHEO.1",1.3017851128326
"37475","D02","LEWI",2019-10-22,"LEWI.20191022.EPILITHON.1.CHL/PHEO.1",25.9419160432253
"37485","D02","LEWI",2019-10-22,"LEWI.20191022.EPILITHON.1.REP2.CHL/PHEO.2",28.3473607647548
"37490","D02","LEWI",2019-10-22,"LEWI.20191022.EPILITHON.2.CHL/PHEO.1",45.527327514547
"37499","D02","LEWI",2019-10-22,"LEWI.20191022.EPILITHON.3.CHL/PHEO.1",35.3912094763092
"37509","D02","LEWI",2019-10-22,"LEWI.20191022.EPIPELON.1.CHL/PHEO.1",104.417522734928
"37520","D02","LEWI",2019-10-22,"LEWI.20191022.EPIPELON.2.CHL/PHEO.1",35.501852475581
"37530","D02","LEWI",2019-10-22,"LEWI.20191022.EPIPELON.3.CHL/PHEO.1",26.5219770966656
"37539","D02","LEWI",2019-10-22,"LEWI.20191022.EPIPELON.4.CHL/PHEO.1",27.0093044796228
"37550","D02","LEWI",2019-10-22,"LEWI.20191022.EPIPELON.5.CHL/PHEO.1",13.7830498484338
"37562","D02","LEWI",2020-07-21,"LEWI.20200721.EPILITHON.1.CHL/PHEO.1",61.060889443059
"37572","D02","LEWI",2020-07-21,"LEWI.20200721.EPILITHON.2.CHL/PHEO.1",78.8497506234414
"37583","D02","LEWI",2020-07-21,"LEWI.20200721.EPILITHON.3.CHL/PHEO.1",49.4695552784705
"37595","D02","LEWI",2020-07-21,"LEWI.20200721.EPILITHON.3.REP2.CHL/PHEO.2",48.8019534497091
"37627","D02","LEWI",2020-07-21,"LEWI.20200721.EPIPELON.1.CHL/PHEO.1",32.7109296059279
"37637","D02","LEWI",2020-07-21,"LEWI.20200721.EPIPELON.2.CHL/PHEO.1",18.0031155271135
"37648","D02","LEWI",2020-07-21,"LEWI.20200721.EPIPELON.3.CHL/PHEO.1",19.0607106769956
"37660","D02","LEWI",2020-07-21,"LEWI.20200721.EPIPELON.4.CHL/PHEO.1",18.0277450319973
"37671","D02","LEWI",2020-07-21,"LEWI.20200721.EPIPELON.5.CHL/PHEO.1",10.4525934658134
"37683","D02","LEWI",2020-10-20,"LEWI.20201020.EPILITHON.1.CHL/PHEO.1",60.3231504571904
"37694","D02","LEWI",2020-10-20,"LEWI.20201020.EPILITHON.2.CHL/PHEO.1",31.324293433084
"37705","D02","LEWI",2020-10-20,"LEWI.20201020.EPILITHON.3.CHL/PHEO.1",58.7125935162095
"37716","D02","LEWI",2020-10-20,"LEWI.20201020.EPIPELON.1.CHL/PHEO.1",16.2217918491074
"37728","D02","LEWI",2020-10-20,"LEWI.20201020.EPIPELON.2.CHL/PHEO.1",31.2100033681374
"37738","D02","LEWI",2020-10-20,"LEWI.20201020.EPIPELON.3.CHL/PHEO.1",14.4810963287302
"37750","D02","LEWI",2020-10-20,"LEWI.20201020.EPIPELON.4.CHL/PHEO.1",4.64171438194678
"37760","D02","LEWI",2020-10-20,"LEWI.20201020.EPIPELON.5.CHL/PHEO.1",3.52959750757831
"37771","D02","LEWI",2020-10-20,"LEWI.20201020.EPIPELON.5.REP2.CHL/PHEO.2",3.6264314584035
"37806","D02","LEWI",2021-03-29,"LEWI.20210329.EPILITHON.1.CHL/PHEO.1",34.1884871155445
"37816","D02","LEWI",2021-03-29,"LEWI.20210329.EPILITHON.2.CHL/PHEO.1",53.6990856192851
"37828","D02","LEWI",2021-03-29,"LEWI.20210329.EPILITHON.3.CHL/PHEO.1",47.0163133832086
"37839","D02","LEWI",2021-03-29,"LEWI.20210329.EPIPELON.1.CHL/PHEO.1",10.8548753789155
"37850","D02","LEWI",2021-03-29,"LEWI.20210329.EPIPELON.2.CHL/PHEO.1",17.0922448635904
"37860","D02","LEWI",2021-03-29,"LEWI.20210329.EPIPELON.2.REP2.CHL/PHEO.2",16.9229959582351
"37893","D02","LEWI",2021-03-29,"LEWI.20210329.EPIPELON.3.CHL/PHEO.1",26.3998821151903
"37904","D02","LEWI",2021-03-29,"LEWI.20210329.EPIPELON.4.CHL/PHEO.1",52.7029302795554
"37915","D02","LEWI",2021-03-29,"LEWI.20210329.EPIPELON.5.CHL/PHEO.1",18.6876894577299
"37927","D02","LEWI",2021-07-28,"LEWI.20210728.EPILITHON.1.CHL/PHEO.1",49.8290731504572
"37938","D02","LEWI",2021-07-28,"LEWI.20210728.EPILITHON.2.CHL/PHEO.1",38.5245220282627
"37949","D02","LEWI",2021-07-28,"LEWI.20210728.EPILITHON.3.CHL/PHEO.1",3.0533042394015
"37961","D02","LEWI",2021-07-28,"LEWI.20210728.EPILITHON.3.REP2.CHL/PHEO.2",18.904821280133
"37992","D02","LEWI",2021-07-28,"LEWI.20210728.EPIPELON.1.CHL/PHEO.1",1.23715897608622
"38004","D02","LEWI",2021-07-28,"LEWI.20210728.EPIPELON.2.CHL/PHEO.1",1.23715897608622
"38014","D02","LEWI",2021-07-28,"LEWI.20210728.EPIPELON.3.CHL/PHEO.1",7.63367295385652
"38026","D02","LEWI",2021-07-28,"LEWI.20210728.EPIPELON.4.CHL/PHEO.1",1.36872684405524
"38036","D02","LEWI",2021-07-28,"LEWI.20210728.EPIPELON.5.CHL/PHEO.1",2.71135062310542
"38050","D02","LEWI",2021-11-02,"LEWI.20211102.EPILITHON.1.CHL/PHEO.1",42.2927057356608
"38060","D02","LEWI",2021-11-02,"LEWI.20211102.EPILITHON.1.REP2.CHL/PHEO.2",42.8777015793849
"38092","D02","LEWI",2021-11-02,"LEWI.20211102.EPILITHON.2.CHL/PHEO.1",55.0914380714879
"38104","D02","LEWI",2021-11-02,"LEWI.20211102.EPILITHON.3.CHL/PHEO.1",28.8450748129676
"38115","D02","LEWI",2021-11-02,"LEWI.20211102.EPIPELON.1.CHL/PHEO.1",4.36973728528124
"38125","D02","LEWI",2021-11-02,"LEWI.20211102.EPIPELON.2.CHL/PHEO.1",5.89634557089929
"38137","D02","LEWI",2021-11-02,"LEWI.20211102.EPIPELON.3.CHL/PHEO.1",8.9236695857191
"38147","D02","LEWI",2021-11-02,"LEWI.20211102.EPIPELON.4.CHL/PHEO.1",4.94884641293365
"38159","D02","LEWI",2021-11-02,"LEWI.20211102.EPIPELON.5.CHL/PHEO.1",6.37020040417649
"38172","D02","LEWI",2022-03-29,"LEWI.20220329.EPILITHON.1.CHL/PHEO.1",7.08125519534497
"38182","D02","LEWI",2022-03-29,"LEWI.20220329.EPILITHON.2.CHL/PHEO.1",18.904821280133
"38193","D02","LEWI",2022-03-29,"LEWI.20220329.EPILITHON.3.CHL/PHEO.1",48.5946591853699
"38204","D02","LEWI",2022-03-29,"LEWI.20220329.EPIPELON.1.CHL/PHEO.1",22.7159818120579
"38215","D02","LEWI",2022-03-29,"LEWI.20220329.EPIPELON.2.CHL/PHEO.1",20.5584792859549
"38227","D02","LEWI",2022-03-29,"LEWI.20220329.EPIPELON.3.CHL/PHEO.1",18.8474654765914
"38237","D02","LEWI",2022-03-29,"LEWI.20220329.EPIPELON.4.CHL/PHEO.1",19.0053469181543
"38248","D02","LEWI",2022-03-29,"LEWI.20220329.EPIPELON.4.REP2.CHL/PHEO.2",18.8737790501853
"38281","D02","LEWI",2022-03-29,"LEWI.20220329.EPIPELON.5.CHL/PHEO.1",16.8996295048838
"38294","D02","LEWI",2022-07-27,"LEWI.20220727.EPILITHON.1.CHL/PHEO.1",15.7891729010806
"38305","D02","LEWI",2022-07-27,"LEWI.20220727.EPILITHON.2.CHL/PHEO.1",24.082502078138
"38315","D02","LEWI",2022-07-27,"LEWI.20220727.EPILITHON.3.CHL/PHEO.1",18.2465710723192
"38326","D02","LEWI",2022-07-27,"LEWI.20220727.EPIPELON.1.CHL/PHEO.1",3.28582856180532
"38337","D02","LEWI",2022-07-27,"LEWI.20220727.EPIPELON.2.CHL/PHEO.1",4.08239306163692
"38348","D02","LEWI",2022-07-27,"LEWI.20220727.EPIPELON.3.CHL/PHEO.1",4.00766251263052
"38359","D02","LEWI",2022-07-27,"LEWI.20220727.EPIPELON.3.REP2.CHL/PHEO.2",3.95798248568542
"38392","D02","LEWI",2022-07-27,"LEWI.20220727.EPIPELON.4.CHL/PHEO.1",5.25239979791175
"38403","D02","LEWI",2022-07-27,"LEWI.20220727.EPIPELON.5.CHL/PHEO.1",2.93743684742337
"38415","D02","LEWI",2022-10-25,"LEWI.20221025.EPILITHON.1.CHL/PHEO.1",16.5678679690131
"38427","D02","LEWI",2022-10-25,"LEWI.20221025.EPILITHON.2.CHL/PHEO.1",15.6167901650387
"38437","D02","LEWI",2022-10-25,"LEWI.20221025.EPILITHON.3.CHL/PHEO.1",32.7976932668329
"38449","D02","LEWI",2022-10-25,"LEWI.20221025.EPIPELON.1.CHL/PHEO.1",10.761620074099
"38460","D02","LEWI",2022-10-25,"LEWI.20221025.EPIPELON.2.CHL/PHEO.1",18.6449562142135
"38471","D02","LEWI",2022-10-25,"LEWI.20221025.EPIPELON.2.REP2.CHL/PHEO.2",18.2946699225328
"38503","D02","LEWI",2022-10-25,"LEWI.20221025.EPIPELON.3.CHL/PHEO.1",38.3167733243516
"38514","D02","LEWI",2022-10-25,"LEWI.20221025.EPIPELON.4.CHL/PHEO.1",37.0642472212866
"38524","D02","LEWI",2022-10-25,"LEWI.20221025.EPIPELON.5.CHL/PHEO.1",26.3788312563153
"38537","D02","LEWI",2023-03-29,"LEWI.20230329.EPILITHON.1.CHL/PHEO.1",30.8063175394846
"38548","D02","LEWI",2023-03-29,"LEWI.20230329.EPILITHON.2.CHL/PHEO.1",33.8684538653367
"38560","D02","LEWI",2023-03-29,"LEWI.20230329.EPILITHON.3.CHL/PHEO.1",71.5347049044057
"38571","D02","LEWI",2023-03-29,"LEWI.20230329.EPILITHON.3.REP2.CHL/PHEO.2",72.6361180382377
"38603","D02","LEWI",2023-03-29,"LEWI.20230329.EPIPELON.1.CHL/PHEO.1",32.6077803974402
"38614","D02","LEWI",2023-03-29,"LEWI.20230329.EPIPELON.2.CHL/PHEO.1",29.5806668912092
"38625","D02","LEWI",2023-03-29,"LEWI.20230329.EPIPELON.3.CHL/PHEO.1",41.4208487706298
"38635","D02","LEWI",2023-03-29,"LEWI.20230329.EPIPELON.4.CHL/PHEO.1",36.7659144493095
"38647","D02","LEWI",2023-03-29,"LEWI.20230329.EPIPELON.5.CHL/PHEO.1",37.1484506567868
"38771","D02","LEWI",2023-10-25,"LEWI.20231025.EPILITHON.1.CHL/PHEO.1",47.2106192851205
"38783","D02","LEWI",2023-10-25,"LEWI.20231025.EPILITHON.2.CHL/PHEO.1",42.7483374896093
"38794","D02","LEWI",2023-10-25,"LEWI.20231025.EPILITHON.3.CHL/PHEO.1",32.5301330008313
"38805","D02","LEWI",2023-10-25,"LEWI.20231025.EPIPELON.1.CHL/PHEO.1",11.9229959582351
"38815","D02","LEWI",2023-10-25,"LEWI.20231025.EPIPELON.2.CHL/PHEO.1",20.517851128326
"38826","D02","LEWI",2023-10-25,"LEWI.20231025.EPIPELON.3.CHL/PHEO.1",38.2325698888515
"38837","D02","LEWI",2023-10-25,"LEWI.20231025.EPIPELON.4.CHL/PHEO.1",29.0859717076457
"38848","D02","LEWI",2023-10-25,"LEWI.20231025.EPIPELON.4.REP2.CHL/PHEO.2",28.9301953519704
"38880","D02","LEWI",2023-10-25,"LEWI.20231025.EPIPELON.5.CHL/PHEO.1",39.3061636914786
"39268","D05","LIRO",2018-05-17,"LIRO.20180517.EPIXYLON.10.CHL/PHEO.1",6.76849542809643
"39279","D05","LIRO",2018-05-17,"LIRO.20180517.EPIXYLON.2.CHL/PHEO.1",13.606608478803
"39290","D05","LIRO",2018-05-17,"LIRO.20180517.EPIXYLON.4.CHL/PHEO.1",10.2327514546966
"39302","D05","LIRO",2018-05-17,"LIRO.20180517.EPIXYLON.4.REP2.CHL/PHEO.2",10.6057772236076
"39311","D05","LIRO",2018-05-17,"LIRO.20180517.EPIXYLON.6.CHL/PHEO.1",4.79945968412303
"39321","D05","LIRO",2018-05-17,"LIRO.20180517.EPIXYLON.8.CHL/PHEO.1",11.6412094763092
"39365","D05","LIRO",2018-07-23,"LIRO.20180723.EPIXYLON.10.CHL/PHEO.1",27.2490648379052
"39375","D05","LIRO",2018-07-23,"LIRO.20180723.EPIXYLON.2.CHL/PHEO.1",12.264650872818
"39388","D05","LIRO",2018-07-23,"LIRO.20180723.EPIXYLON.4.CHL/PHEO.1",8.49386949293433
"39399","D05","LIRO",2018-07-23,"LIRO.20180723.EPIXYLON.6.CHL/PHEO.1",6.80122610141313
"39410","D05","LIRO",2018-07-23,"LIRO.20180723.EPIXYLON.6.REP2.CHL/PHEO.2",6.37780548628429
"39415","D05","LIRO",2018-07-23,"LIRO.20180723.EPIXYLON.8.CHL/PHEO.1",4.80569409808811
"39553","D05","LIRO",2019-05-15,"LIRO.20190515.EPIXYLON.1.CHL/PHEO.1",11.1346633416459
"39563","D05","LIRO",2019-05-15,"LIRO.20190515.EPIXYLON.3.CHL/PHEO.1",5.02130091438072
"39572","D05","LIRO",2019-05-15,"LIRO.20190515.EPIXYLON.5.CHL/PHEO.1",3.52608063175395
"39583","D05","LIRO",2019-05-15,"LIRO.20190515.EPIXYLON.7.CHL/PHEO.1",6.54977140482128
"39592","D05","LIRO",2019-05-15,"LIRO.20190515.EPIXYLON.7.REP2.CHL/PHEO.2",7.69586450540316
"39597","D05","LIRO",2019-05-15,"LIRO.20190515.EPIXYLON.9.CHL/PHEO.1",4.03886118038238
"39638","D05","LIRO",2019-07-24,"LIRO.20190724.EPIXYLON.1.CHL/PHEO.1",13.3270989193682
"39648","D05","LIRO",2019-07-24,"LIRO.20190724.EPIXYLON.3.CHL/PHEO.1",6.53106816292602
"39658","D05","LIRO",2019-07-24,"LIRO.20190724.EPIXYLON.5.CHL/PHEO.1",7.23711554447215
"39668","D05","LIRO",2019-07-24,"LIRO.20190724.EPIXYLON.7.CHL/PHEO.1",3.45074812967581
"39678","D05","LIRO",2019-07-24,"LIRO.20190724.EPIXYLON.9.CHL/PHEO.1",9.17913549459684
"39687","D05","LIRO",2019-07-24,"LIRO.20190724.EPIXYLON.9.REP2.CHL/PHEO.2",8.47308811305071
"39722","D05","LIRO",2019-09-10,"LIRO.20190910.EPIXYLON.1.CHL/PHEO.1",5.73721945137157
"39732","D05","LIRO",2019-09-10,"LIRO.20190910.EPIXYLON.3.CHL/PHEO.1",9.17965502909393
"39742","D05","LIRO",2019-09-10,"LIRO.20190910.EPIXYLON.5.CHL/PHEO.1",8.6502493765586
"39752","D05","LIRO",2019-09-10,"LIRO.20190910.EPIXYLON.5.REP2.CHL/PHEO.2",8.29696591853699
"39758","D05","LIRO",2019-09-10,"LIRO.20190910.EPIXYLON.7.CHL/PHEO.1",5.47225685785536
"39767","D05","LIRO",2019-09-10,"LIRO.20190910.EPIXYLON.9.CHL/PHEO.1",5.73306317539485
"39808","D05","LIRO",2020-06-16,"LIRO.20200616.EPIXYLON.3.CHL/PHEO.1",0.123649210307564
"39818","D05","LIRO",2020-06-16,"LIRO.20200616.EPIXYLON.4.CHL/PHEO.1",3.29332917705736
"39828","D05","LIRO",2020-06-16,"LIRO.20200616.EPIXYLON.5.CHL/PHEO.1",8.07564422277639
"39837","D05","LIRO",2020-06-16,"LIRO.20200616.EPIXYLON.6.CHL/PHEO.1",5.90970490440565
"39847","D05","LIRO",2020-06-16,"LIRO.20200616.EPIXYLON.7.CHL/PHEO.1",3.02265170407315
"39916","D05","LIRO",2020-07-22,"LIRO.20200722.EPIXYLON.3.CHL/PHEO.1",9.13393599334996
"39928","D05","LIRO",2020-07-22,"LIRO.20200722.EPIXYLON.4.CHL/PHEO.1",7.96965918536991
"39938","D05","LIRO",2020-07-22,"LIRO.20200722.EPIXYLON.5.CHL/PHEO.1",20.5060266001663
"39949","D05","LIRO",2020-07-22,"LIRO.20200722.EPIXYLON.6.CHL/PHEO.1",4.79062759767248
"39961","D05","LIRO",2020-07-22,"LIRO.20200722.EPIXYLON.7.CHL/PHEO.1",12.7602867830424
"40037","D05","LIRO",2020-09-10,"LIRO.20200910.EPIXYLON.3.CHL/PHEO.1",7.03709476309227
"40047","D05","LIRO",2020-09-10,"LIRO.20200910.EPIXYLON.4.CHL/PHEO.1",8.94430590191189
"40058","D05","LIRO",2020-09-10,"LIRO.20200910.EPIXYLON.5.CHL/PHEO.1",10.1698877805486
"40069","D05","LIRO",2020-09-10,"LIRO.20200910.EPIXYLON.6.CHL/PHEO.1",12.8938071487947
"40080","D05","LIRO",2020-09-10,"LIRO.20200910.EPIXYLON.7.CHL/PHEO.1",10.2156068162926
"40156","D05","LIRO",2021-04-14,"LIRO.20210414.EPIXYLON.3.CHL/PHEO.1",2.27711970074813
"40167","D05","LIRO",2021-04-14,"LIRO.20210414.EPIXYLON.4.CHL/PHEO.1",4.86699916874481
"40176","D05","LIRO",2021-04-14,"LIRO.20210414.EPIXYLON.5.CHL/PHEO.1",6.78719866999169
"40187","D05","LIRO",2021-04-14,"LIRO.20210414.EPIXYLON.5.REP2.CHL/PHEO.2",6.96591853699086
"40212","D05","LIRO",2021-04-14,"LIRO.20210414.EPIXYLON.6.CHL/PHEO.1",3.25955943474647
"40223","D05","LIRO",2021-04-14,"LIRO.20210414.EPIXYLON.8.CHL/PHEO.1",7.68027847049044
"40262","D05","LIRO",2021-07-21,"LIRO.20210721.EPIXYLON.3.CHL/PHEO.1",3.83000831255195
"40273","D05","LIRO",2021-07-21,"LIRO.20210721.EPIXYLON.4.CHL/PHEO.1",5.04208229426434
"40283","D05","LIRO",2021-07-21,"LIRO.20210721.EPIXYLON.5.CHL/PHEO.1",3.94742310889443
"40293","D05","LIRO",2021-07-21,"LIRO.20210721.EPIXYLON.6.CHL/PHEO.1",3.98638819617623
"40303","D05","LIRO",2021-07-21,"LIRO.20210721.EPIXYLON.8.CHL/PHEO.1",4.06483790523691
"40313","D05","LIRO",2021-07-21,"LIRO.20210721.EPIXYLON.8.REP2.CHL/PHEO.2",4.02587281795511
"40368","D05","LIRO",2021-09-09,"LIRO.20210909.EPIXYLON.4.CHL/PHEO.1",17.8527639235245
"40379","D05","LIRO",2021-09-09,"LIRO.20210909.EPIXYLON.4.REP2.CHL/PHEO.2",17.4625935162095
"40404","D05","LIRO",2021-09-09,"LIRO.20210909.EPIXYLON.5.CHL/PHEO.1",4.9116791354946
"40415","D05","LIRO",2021-09-09,"LIRO.20210909.EPIXYLON.6.CHL/PHEO.1",9.27732751454697
"40425","D05","LIRO",2021-09-09,"LIRO.20210909.EPIXYLON.7.CHL/PHEO.1",2.92342061512884
"40434","D05","LIRO",2021-09-09,"LIRO.20210909.EPIXYLON.8.CHL/PHEO.1",5.06753948462178
"40475","D05","LIRO",2022-05-16,"LIRO.20220516.EPIXYLON.4.CHL/PHEO.1",3.99781795511222
"40484","D05","LIRO",2022-05-16,"LIRO.20220516.EPIXYLON.5.CHL/PHEO.1",8.03200332502078
"40495","D05","LIRO",2022-05-16,"LIRO.20220516.EPIXYLON.6.CHL/PHEO.1",5.1714463840399
"40504","D05","LIRO",2022-05-16,"LIRO.20220516.EPIXYLON.7.CHL/PHEO.1",2.45739817123857
"40514","D05","LIRO",2022-05-16,"LIRO.20220516.EPIXYLON.7.REP2.CHL/PHEO.2",2.56753948462178
"40540","D05","LIRO",2022-05-16,"LIRO.20220516.EPIXYLON.8.CHL/PHEO.1",8.09788029925187
"40581","D05","LIRO",2022-07-20,"LIRO.20220720.EPIXYLON.4.CHL/PHEO.1",5.160536159601
"40591","D05","LIRO",2022-07-20,"LIRO.20220720.EPIXYLON.5.CHL/PHEO.1",4.71841230257689
"40600","D05","LIRO",2022-07-20,"LIRO.20220720.EPIXYLON.5.REP2.CHL/PHEO.2",4.53397755610973
"40626","D05","LIRO",2022-07-20,"LIRO.20220720.EPIXYLON.6.CHL/PHEO.1",2.39609310058188
"40637","D05","LIRO",2022-07-20,"LIRO.20220720.EPIXYLON.7.CHL/PHEO.1",2.02722360764755
"40647","D05","LIRO",2022-07-20,"LIRO.20220720.EPIXYLON.8.CHL/PHEO.1",2.43298004987531
"40687","D05","LIRO",2022-09-08,"LIRO.20220908.EPIXYLON.4.CHL/PHEO.1",12.0178719866999
"40697","D05","LIRO",2022-09-08,"LIRO.20220908.EPIXYLON.5.CHL/PHEO.1",6.17206982543641
"40706","D05","LIRO",2022-09-08,"LIRO.20220908.EPIXYLON.5.REP2.CHL/PHEO.2",6.35390689941812
"40733","D05","LIRO",2022-09-08,"LIRO.20220908.EPIXYLON.6.CHL/PHEO.1",5.37354530340815
"40743","D05","LIRO",2022-09-08,"LIRO.20220908.EPIXYLON.7.CHL/PHEO.1",12.4173940149626
"40752","D05","LIRO",2022-09-08,"LIRO.20220908.EPIXYLON.8.CHL/PHEO.1",8.09642560266002
"40793","D05","LIRO",2023-05-15,"LIRO.20230515.EPIXYLON.4.CHL/PHEO.1",5.88736492103076
"40803","D05","LIRO",2023-05-15,"LIRO.20230515.EPIXYLON.5.CHL/PHEO.1",5.92581047381546
"40812","D05","LIRO",2023-05-15,"LIRO.20230515.EPIXYLON.6.CHL/PHEO.1",8.24968827930175
"40823","D05","LIRO",2023-05-15,"LIRO.20230515.EPIXYLON.7.CHL/PHEO.1",6.81681213632585
"40832","D05","LIRO",2023-05-15,"LIRO.20230515.EPIXYLON.8.CHL/PHEO.1",5.15118453865337
"40842","D05","LIRO",2023-05-15,"LIRO.20230515.EPIXYLON.8.REP2.CHL/PHEO.2",4.87998753117207
"40898","D05","LIRO",2023-07-24,"LIRO.20230724.EPIXYLON.4.CHL/PHEO.1",10.7886533665835
"40908","D05","LIRO",2023-07-24,"LIRO.20230724.EPIXYLON.5.CHL/PHEO.1",6.03231504571904
"40918","D05","LIRO",2023-07-24,"LIRO.20230724.EPIXYLON.6.CHL/PHEO.1",3.40295095594347
"40929","D05","LIRO",2023-07-24,"LIRO.20230724.EPIXYLON.7.CHL/PHEO.1",3.09330839567747
"40938","D05","LIRO",2023-07-24,"LIRO.20230724.EPIXYLON.7.REP2.CHL/PHEO.2",2.97745220282627
"40965","D05","LIRO",2023-07-24,"LIRO.20230724.EPIXYLON.8.CHL/PHEO.1",3.63466334164588
"41005","D05","LIRO",2023-09-05,"LIRO.20230905.EPIXYLON.4.CHL/PHEO.1",15
"41015","D05","LIRO",2023-09-05,"LIRO.20230905.EPIXYLON.5.CHL/PHEO.1",8.96924355777224
"41024","D05","LIRO",2023-09-05,"LIRO.20230905.EPIXYLON.5.REP2.CHL/PHEO.2",9.08509975062344
"41050","D05","LIRO",2023-09-05,"LIRO.20230905.EPIXYLON.6.CHL/PHEO.1",7.38414380714879
"41061","D05","LIRO",2023-09-05,"LIRO.20230905.EPIXYLON.7.CHL/PHEO.1",12.7576891105569
"41071","D05","LIRO",2023-09-05,"LIRO.20230905.EPIXYLON.8.CHL/PHEO.1",3.22163341645885
"41110","D16","MART",2018-04-25,"MART.20180425.EPILITHON.1.CHL/PHEO.1",5.99958437240233
"41123","D16","MART",2018-04-25,"MART.20180425.EPILITHON.2.CHL/PHEO.1",3.24864921030756
"41132","D16","MART",2018-04-25,"MART.20180425.EPILITHON.3.CHL/PHEO.1",3.00446799667498
"41145","D16","MART",2018-04-25,"MART.20180425.EPILITHON.4.CHL/PHEO.1",3.32605985037406
"41156","D16","MART",2018-04-25,"MART.20180425.EPILITHON.5.CHL/PHEO.1",6.08998337489609
"41157","D16","MART",2018-04-25,"MART.20180425.EPILITHON.6.CHL/PHEO.1",1.68485037406484
"41168","D16","MART",2018-04-25,"MART.20180425.EPILITHON.7.CHL/PHEO.1",4.33967165419784
"41181","D16","MART",2018-04-25,"MART.20180425.EPILITHON.7.REP2.CHL/PHEO.2",4.16510806317539
"41187","D16","MART",2018-04-25,"MART.20180425.EPILITHON.8.CHL/PHEO.1",3.35203657522859
"41199","D16","MART",2018-07-17,"MART.20180717.EPILITHON.1.CHL/PHEO.1",20.2057356608479
"41210","D16","MART",2018-07-17,"MART.20180717.EPILITHON.1.REP2.CHL/PHEO.2",17.23036159601
"41218","D16","MART",2018-07-17,"MART.20180717.EPILITHON.2.CHL/PHEO.1",24.208748960931
"41229","D16","MART",2018-07-17,"MART.20180717.EPILITHON.3.CHL/PHEO.1",33.623753117207
"41238","D16","MART",2018-07-17,"MART.20180717.EPILITHON.4.CHL/PHEO.1",23.6866167913549
"41249","D16","MART",2018-07-17,"MART.20180717.EPILITHON.5.CHL/PHEO.1",34.0227556109726
"41262","D16","MART",2018-07-17,"MART.20180717.EPILITHON.6.CHL/PHEO.1",15.2649625935162
"41273","D16","MART",2018-07-17,"MART.20180717.EPILITHON.7.CHL/PHEO.1",13.1260390689942
"41283","D16","MART",2018-07-17,"MART.20180717.EPILITHON.8.CHL/PHEO.1",8.6725893599335
"41298","D16","MART",2018-10-10,"MART.20181010.EPILITHON.1.CHL/PHEO.1",17.7862635078969
"41309","D16","MART",2018-10-10,"MART.20181010.EPILITHON.1.REP2.CHL/PHEO.2",19.5739817123857
"41314","D16","MART",2018-10-10,"MART.20181010.EPILITHON.2.CHL/PHEO.1",39.8633624272652
"41324","D16","MART",2018-10-10,"MART.20181010.EPILITHON.3.CHL/PHEO.1",14.7740024937656
"41335","D16","MART",2018-10-10,"MART.20181010.EPILITHON.4.CHL/PHEO.1",28.4715295095594
"41348","D16","MART",2018-10-10,"MART.20181010.EPILITHON.5.CHL/PHEO.1",31.4650872817955
"41358","D16","MART",2018-10-10,"MART.20181010.EPILITHON.6.CHL/PHEO.1",24.3942227763924
"41370","D16","MART",2018-10-10,"MART.20181010.EPILITHON.7.CHL/PHEO.1",11.227140482128
"41379","D16","MART",2018-10-10,"MART.20181010.EPILITHON.8.CHL/PHEO.1",53.2652743142145
"41394","D16","MART",2019-04-30,"MART.20190430.EPILITHON.1.CHL/PHEO.1",1.79810889443059
"41403","D16","MART",2019-04-30,"MART.20190430.EPILITHON.2.CHL/PHEO.1",1.54717373233583
"41414","D16","MART",2019-04-30,"MART.20190430.EPILITHON.3.CHL/PHEO.1",10.5584995843724
"41424","D16","MART",2019-04-30,"MART.20190430.EPILITHON.4.CHL/PHEO.1",19.8628428927681
"41433","D16","MART",2019-04-30,"MART.20190430.EPILITHON.5.CHL/PHEO.1",3.18838320864505
"41444","D16","MART",2019-04-30,"MART.20190430.EPILITHON.5.REP2.CHL/PHEO.2",3.67986284289277
"41449","D16","MART",2019-04-30,"MART.20190430.EPILITHON.6.CHL/PHEO.1",2.67612219451372
"41459","D16","MART",2019-04-30,"MART.20190430.EPILITHON.7.CHL/PHEO.1",10.0358478802993
"41468","D16","MART",2019-04-30,"MART.20190430.EPILITHON.8.CHL/PHEO.1",3.32450124688279
"41481","D16","MART",2019-07-18,"MART.20190718.EPILITHON.1.CHL/PHEO.1",4.02795095594347
"41490","D16","MART",2019-07-18,"MART.20190718.EPILITHON.2.CHL/PHEO.1",9.7511429758936
"41500","D16","MART",2019-07-18,"MART.20190718.EPILITHON.2.REP2.CHL/PHEO.2",9.64515793848712
"41506","D16","MART",2019-07-18,"MART.20190718.EPILITHON.3.CHL/PHEO.1",41.6905652535328
"41514","D16","MART",2019-07-18,"MART.20190718.EPILITHON.4.CHL/PHEO.1",23.4242518703242
"41523","D16","MART",2019-07-18,"MART.20190718.EPILITHON.5.CHL/PHEO.1",9.7511429758936
"41534","D16","MART",2019-07-18,"MART.20190718.EPILITHON.6.CHL/PHEO.1",10.5990232751455
"41543","D16","MART",2019-07-18,"MART.20190718.EPILITHON.7.CHL/PHEO.1",91.1533665835411
"41554","D16","MART",2019-07-18,"MART.20190718.EPILITHON.8.CHL/PHEO.1",5.8187863674148
"41566","D16","MART",2019-10-01,"MART.20191001.EPILITHON.1.CHL/PHEO.1",32.402327514547
"41575","D16","MART",2019-10-01,"MART.20191001.EPILITHON.2.CHL/PHEO.1",9.77244389027431
"41585","D16","MART",2019-10-01,"MART.20191001.EPILITHON.3.CHL/PHEO.1",34.2981088944306
"41595","D16","MART",2019-10-01,"MART.20191001.EPILITHON.4.CHL/PHEO.1",13.6159600997506
"41606","D16","MART",2019-10-01,"MART.20191001.EPILITHON.5.CHL/PHEO.1",39.1240648379052
"41616","D16","MART",2019-10-01,"MART.20191001.EPILITHON.6.CHL/PHEO.1",4.84310058187864
"41625","D16","MART",2019-10-01,"MART.20191001.EPILITHON.7.CHL/PHEO.1",12.9093931837074
"41635","D16","MART",2019-10-01,"MART.20191001.EPILITHON.7.REP2.CHL/PHEO.2",13.1333125519535
"41641","D16","MART",2019-10-01,"MART.20191001.EPILITHON.8.CHL/PHEO.1",13.0990232751455
"41653","D16","MART",2020-07-16,"MART.20200716.EPILITHON.1.CHL/PHEO.1",1.87551953449709
"41663","D16","MART",2020-07-16,"MART.20200716.EPILITHON.2.CHL/PHEO.1",2.30673316708229
"41675","D16","MART",2020-07-16,"MART.20200716.EPILITHON.3.CHL/PHEO.1",2.06359102244389
"41686","D16","MART",2020-07-16,"MART.20200716.EPILITHON.4.CHL/PHEO.1",2.06359102244389
"41697","D16","MART",2020-07-16,"MART.20200716.EPILITHON.5.CHL/PHEO.1",2.24594763092269
"41708","D16","MART",2020-07-16,"MART.20200716.EPILITHON.6.CHL/PHEO.1",3.09590606816293
"41718","D16","MART",2020-07-16,"MART.20200716.EPILITHON.7.CHL/PHEO.1",12.0791770573566
"41730","D16","MART",2020-07-16,"MART.20200716.EPILITHON.7.REP2.CHL/PHEO.2",12.6859933499584
"41761","D16","MART",2020-07-16,"MART.20200716.EPILITHON.8.CHL/PHEO.1",5.70552784704904
"41774","D16","MART",2020-09-21,"MART.20200921.EPILITHON.1.CHL/PHEO.1",17.0791770573566
"41786","D16","MART",2020-09-21,"MART.20200921.EPILITHON.2.CHL/PHEO.1",8.13279301745636
"41796","D16","MART",2020-09-21,"MART.20200921.EPILITHON.2.REP2.CHL/PHEO.2",9.94025353283458
"41828","D16","MART",2020-09-21,"MART.20200921.EPILITHON.3.CHL/PHEO.1",8.90118453865337
"41839","D16","MART",2020-09-21,"MART.20200921.EPILITHON.4.CHL/PHEO.1",8.62998753117207
"41851","D16","MART",2020-09-21,"MART.20200921.EPILITHON.5.CHL/PHEO.1",5.42186201163757
"41861","D16","MART",2020-09-21,"MART.20200921.EPILITHON.6.CHL/PHEO.1",19.0222360764755
"41872","D16","MART",2020-09-21,"MART.20200921.EPILITHON.7.CHL/PHEO.1",13.0127805486284
"41884","D16","MART",2020-09-21,"MART.20200921.EPILITHON.8.CHL/PHEO.1",22.9078345802161
"41897","D16","MART",2021-04-21,"MART.20210421.EPILITHON.1.CHL/PHEO.1",1.36221945137157
"41907","D16","MART",2021-04-21,"MART.20210421.EPILITHON.2.CHL/PHEO.1",0.772028262676642
"41919","D16","MART",2021-04-21,"MART.20210421.EPILITHON.3.CHL/PHEO.1",0.862427265170407
"41929","D16","MART",2021-04-21,"MART.20210421.EPILITHON.4.CHL/PHEO.1",0.772028262676642
"41941","D16","MART",2021-04-21,"MART.20210421.EPILITHON.5.CHL/PHEO.1",7.4002493765586
"41952","D16","MART",2021-04-21,"MART.20210421.EPILITHON.6.CHL/PHEO.1",0.862427265170407
"41962","D16","MART",2021-04-21,"MART.20210421.EPILITHON.6.REP2.CHL/PHEO.2",0.953345802161264
"41995","D16","MART",2021-04-21,"MART.20210421.EPILITHON.7.CHL/PHEO.1",7.21893183707398
"42005","D16","MART",2021-04-21,"MART.20210421.EPILITHON.8.CHL/PHEO.1",0.772028262676642
"42019","D16","MART",2021-07-07,"MART.20210707.EPILITHON.1.CHL/PHEO.1",5.32522859517872
"42029","D16","MART",2021-07-07,"MART.20210707.EPILITHON.2.CHL/PHEO.1",1.70978802992519
"42041","D16","MART",2021-07-07,"MART.20210707.EPILITHON.3.CHL/PHEO.1",4.39682044887781
"42051","D16","MART",2021-07-07,"MART.20210707.EPILITHON.4.CHL/PHEO.1",0.781899418121363
"42062","D16","MART",2021-07-07,"MART.20210707.EPILITHON.4.REP2.CHL/PHEO.2",0.635390689941812
"42095","D16","MART",2021-07-07,"MART.20210707.EPILITHON.5.CHL/PHEO.1",6.79083541147132
"42106","D16","MART",2021-07-07,"MART.20210707.EPILITHON.6.CHL/PHEO.1",4.00613050706567
"42117","D16","MART",2021-07-07,"MART.20210707.EPILITHON.7.CHL/PHEO.1",5.61824605153782
"42128","D16","MART",2021-07-07,"MART.20210707.EPILITHON.8.CHL/PHEO.1",12.5555901911887
"42141","D16","MART",2021-10-06,"MART.20211006.EPILITHON.1.CHL/PHEO.1",2.58260598503741
"42152","D16","MART",2021-10-06,"MART.20211006.EPILITHON.2.CHL/PHEO.1",34.1557564422278
"42162","D16","MART",2021-10-06,"MART.20211006.EPILITHON.3.CHL/PHEO.1",34.3017456359102
"42173","D16","MART",2021-10-06,"MART.20211006.EPILITHON.3.REP2.CHL/PHEO.2",34.7890689941812
"42205","D16","MART",2021-10-06,"MART.20211006.EPILITHON.4.CHL/PHEO.1",39.466957605985
"42216","D16","MART",2021-10-06,"MART.20211006.EPILITHON.5.CHL/PHEO.1",17.1020365752286
"42228","D16","MART",2021-10-06,"MART.20211006.EPILITHON.6.CHL/PHEO.1",25.4826475477972
"42238","D16","MART",2021-10-06,"MART.20211006.EPILITHON.7.CHL/PHEO.1",26.9934538653367
"42250","D16","MART",2021-10-06,"MART.20211006.EPILITHON.8.CHL/PHEO.1",25.0441604322527
"42263","D16","MART",2022-04-20,"MART.20220420.EPILITHON.1.CHL/PHEO.1",3.60556940980881
"42273","D16","MART",2022-04-20,"MART.20220420.EPILITHON.2.CHL/PHEO.1",2.43609725685786
"42285","D16","MART",2022-04-20,"MART.20220420.EPILITHON.3.CHL/PHEO.1",2.67975893599335
"42295","D16","MART",2022-04-20,"MART.20220420.EPILITHON.4.CHL/PHEO.1",2.92342061512884
"42307","D16","MART",2022-04-20,"MART.20220420.EPILITHON.4.REP2.CHL/PHEO.2",3.21591853699086
"42338","D16","MART",2022-04-20,"MART.20220420.EPILITHON.5.CHL/PHEO.1",2.77743142144638
"42350","D16","MART",2022-04-20,"MART.20220420.EPILITHON.6.CHL/PHEO.1",2.24127182044888
"42360","D16","MART",2022-04-20,"MART.20220420.EPILITHON.7.CHL/PHEO.1",1.94877389858687
"42372","D16","MART",2022-04-20,"MART.20220420.EPILITHON.8.CHL/PHEO.1",5.65201579384871
"42385","D16","MART",2022-07-13,"MART.20220713.EPILITHON.1.CHL/PHEO.1",2.66261429758936
"42395","D16","MART",2022-07-13,"MART.20220713.EPILITHON.2.CHL/PHEO.1",6.29312136325852
"42407","D16","MART",2022-07-13,"MART.20220713.EPILITHON.2.REP2.CHL/PHEO.2",6.44482543640898
"42438","D16","MART",2022-07-13,"MART.20220713.EPILITHON.3.CHL/PHEO.1",4.5687863674148
"42450","D16","MART",2022-07-13,"MART.20220713.EPILITHON.4.CHL/PHEO.1",9.56099334995844
"42460","D16","MART",2022-07-13,"MART.20220713.EPILITHON.5.CHL/PHEO.1",11.6791354945968
"42472","D16","MART",2022-07-13,"MART.20220713.EPILITHON.6.CHL/PHEO.1",7.32231920199501
"42482","D16","MART",2022-07-13,"MART.20220713.EPILITHON.7.CHL/PHEO.1",11.3159808811305
"42493","D16","MART",2022-07-13,"MART.20220713.EPILITHON.8.CHL/PHEO.1",5.53719866999169
"42506","D16","MART",2022-10-04,"MART.20221004.EPILITHON.1.CHL/PHEO.1",21.5305486284289
"42517","D16","MART",2022-10-04,"MART.20221004.EPILITHON.2.CHL/PHEO.1",25.3065253532835
"42529","D16","MART",2022-10-04,"MART.20221004.EPILITHON.3.CHL/PHEO.1",29.1552369077307
"42539","D16","MART",2022-10-04,"MART.20221004.EPILITHON.4.CHL/PHEO.1",25.7787822111388
"42550","D16","MART",2022-10-04,"MART.20221004.EPILITHON.4.REP2.CHL/PHEO.2",25.7060473815461
"42583","D16","MART",2022-10-04,"MART.20221004.EPILITHON.5.CHL/PHEO.1",21.4578137988362
"42593","D16","MART",2022-10-04,"MART.20221004.EPILITHON.6.CHL/PHEO.1",18.8798836242727
"42605","D16","MART",2022-10-04,"MART.20221004.EPILITHON.7.CHL/PHEO.1",25.1610556940981
"42616","D16","MART",2022-10-04,"MART.20221004.EPILITHON.8.CHL/PHEO.1",26.1777847049044
"42629","D16","MART",2023-04-19,"MART.20230419.EPILITHON.1.CHL/PHEO.1",2.25581878636741
"42640","D16","MART",2023-04-19,"MART.20230419.EPILITHON.2.CHL/PHEO.1",13.6954488778055
"42651","D16","MART",2023-04-19,"MART.20230419.EPILITHON.3.CHL/PHEO.1",11.9695552784705
"42661","D16","MART",2023-04-19,"MART.20230419.EPILITHON.4.CHL/PHEO.1",12.7748337489609
"42673","D16","MART",2023-04-19,"MART.20230419.EPILITHON.5.CHL/PHEO.1",35.9310058187864
"42684","D16","MART",2023-04-19,"MART.20230419.EPILITHON.6.CHL/PHEO.1",34.8488154613466
"42695","D16","MART",2023-04-19,"MART.20230419.EPILITHON.7.CHL/PHEO.1",4.62645469659185
"42706","D16","MART",2023-04-19,"MART.20230419.EPILITHON.8.CHL/PHEO.1",1.93370739817124
"42716","D16","MART",2023-04-19,"MART.20230419.EPILITHON.8.REP2.CHL/PHEO.2",2.08697007481297
"42750","D16","MART",2023-07-25,"MART.20230725.EPILITHON.1.CHL/PHEO.1",3.80247298420615
"42761","D16","MART",2023-07-25,"MART.20230725.EPILITHON.2.CHL/PHEO.1",6.92799251870324
"42773","D16","MART",2023-07-25,"MART.20230725.EPILITHON.3.CHL/PHEO.1",7.05683707398171
"42783","D16","MART",2023-07-25,"MART.20230725.EPILITHON.4.CHL/PHEO.1",6.25155860349127
"42794","D16","MART",2023-07-25,"MART.20230725.EPILITHON.4.REP2.CHL/PHEO.2",6.31598088113051
"42827","D16","MART",2023-07-25,"MART.20230725.EPILITHON.5.CHL/PHEO.1",11.2780548628429
"42837","D16","MART",2023-07-25,"MART.20230725.EPILITHON.6.CHL/PHEO.1",7.44389027431421
"42849","D16","MART",2023-07-25,"MART.20230725.EPILITHON.7.CHL/PHEO.1",12.7285951787199
"42860","D16","MART",2023-07-25,"MART.20230725.EPILITHON.8.CHL/PHEO.1",7.4116791354946
"42872","D16","MART",2023-10-04,"MART.20231004.EPILITHON.1.CHL/PHEO.1",24.7953034081463
"42884","D16","MART",2023-10-04,"MART.20231004.EPILITHON.2.CHL/PHEO.1",30.2275561097257
"42895","D16","MART",2023-10-04,"MART.20231004.EPILITHON.3.CHL/PHEO.1",40.3943266832918
"42905","D16","MART",2023-10-04,"MART.20231004.EPILITHON.4.CHL/PHEO.1",27.0459268495428
"42917","D16","MART",2023-10-04,"MART.20231004.EPILITHON.4.REP2.CHL/PHEO.2",27.2012676641729
"42949","D16","MART",2023-10-04,"MART.20231004.EPILITHON.5.CHL/PHEO.1",25.687863674148
"42960","D16","MART",2023-10-04,"MART.20231004.EPILITHON.6.CHL/PHEO.1",19.2851205320033
"42970","D16","MART",2023-10-04,"MART.20231004.EPILITHON.7.CHL/PHEO.1",30.1111803823774
"42982","D16","MART",2023-10-04,"MART.20231004.EPILITHON.8.CHL/PHEO.1",33.3707398171239
"44097","D08","MAYF",2017-10-30,"MAYF.20171030.EPIPSAMMON.1",0.51995621421354
"44122","D08","MAYF",2017-10-30,"MAYF.20171030.EPIPSAMMON.2",1.28747052879757
"44146","D08","MAYF",2017-10-30,"MAYF.20171030.EPIPSAMMON.3",1.76406197372853
"44170","D08","MAYF",2017-10-30,"MAYF.20171030.EPIXYLON.1",1.1949293433084
"44192","D08","MAYF",2017-10-30,"MAYF.20171030.EPIXYLON.2",2.5997506234414
"44218","D08","MAYF",2017-10-30,"MAYF.20171030.EPIXYLON.3",3.40814630091438
"44240","D08","MAYF",2017-10-30,"MAYF.20171030.EPIXYLON.4",2.35349127182045
"44278","D08","MAYF",2017-10-30,"MAYF.20171030.EPIXYLON.5",0.995428096425603
"44309","D08","MAYF",2018-03-26,"MAYF.20180326.EPIPSAMMON.1.CHL/PHEO.1",0.679521724486359
"44318","D08","MAYF",2018-03-26,"MAYF.20180326.EPIPSAMMON.2.CHL/PHEO.1",0.380936342202762
"44330","D08","MAYF",2018-03-26,"MAYF.20180326.EPIPSAMMON.3.CHL/PHEO.1",0.28519703603907
"44342","D08","MAYF",2018-03-26,"MAYF.20180326.EPIXYLON.1.CHL/PHEO.1",3.12603906899418
"44353","D08","MAYF",2018-03-26,"MAYF.20180326.EPIXYLON.2.CHL/PHEO.1",5.91230257689111
"44377","D08","MAYF",2018-03-26,"MAYF.20180326.EPIXYLON.3.CHL/PHEO.1",1.71394430590191
"44387","D08","MAYF",2018-03-26,"MAYF.20180326.EPIXYLON.4.CHL/PHEO.1",10.4966749792186
"44398","D08","MAYF",2018-03-26,"MAYF.20180326.EPIXYLON.5.CHL/PHEO.1",13.0304447215295
"44410","D08","MAYF",2018-07-26,"MAYF.20180726.EPIPSAMMON.1.CHL/PHEO.1",2.05940552374537
"44420","D08","MAYF",2018-07-26,"MAYF.20180726.EPIPSAMMON.2.CHL/PHEO.1",0.616495453014483
"44433","D08","MAYF",2018-07-26,"MAYF.20180726.EPIPSAMMON.3.CHL/PHEO.1",2.34586561131694
"44442","D08","MAYF",2018-07-26,"MAYF.20180726.EPIXYLON.1.CHL/PHEO.1",0.523690773067332
"44454","D08","MAYF",2018-07-26,"MAYF.20180726.EPIXYLON.3.CHL/PHEO.1",2.2843931837074
"44466","D08","MAYF",2018-07-26,"MAYF.20180726.EPIXYLON.5.CHL/PHEO.1",1.68225270157938
"44476","D08","MAYF",2018-07-26,"MAYF.20180726.EPIXYLON.5.REP2.CHL/PHEO.2",1.17414796342477
"44482","D08","MAYF",2018-07-26,"MAYF.20180726.EPIXYLON.7.CHL/PHEO.1",3.43100581878637
"44493","D08","MAYF",2018-07-26,"MAYF.20180726.EPIXYLON.9.CHL/PHEO.1",2.96965918536991
"44507","D08","MAYF",2018-11-08,"MAYF.20181108.EPIPSAMMON.1.CHL/PHEO.1",1.36308521387673
"44518","D08","MAYF",2018-11-08,"MAYF.20181108.EPIPSAMMON.2.CHL/PHEO.1",0.469434152913439
"44529","D08","MAYF",2018-11-08,"MAYF.20181108.EPIPSAMMON.3.CHL/PHEO.1",0.521640282923543
"44540","D08","MAYF",2018-11-08,"MAYF.20181108.EPIXYLON.1.CHL/PHEO.1",1.62874064837905
"44550","D08","MAYF",2018-11-08,"MAYF.20181108.EPIXYLON.3.CHL/PHEO.1",1.60328345802161
"44562","D08","MAYF",2018-11-08,"MAYF.20181108.EPIXYLON.5.CHL/PHEO.1",1.31909808811305
"44572","D08","MAYF",2018-11-08,"MAYF.20181108.EPIXYLON.5.REP2.CHL/PHEO.2",1.65056109725686
"44581","D08","MAYF",2018-11-08,"MAYF.20181108.EPIXYLON.7.CHL/PHEO.1",6.99761014131338
"44593","D08","MAYF",2018-11-08,"MAYF.20181108.EPIXYLON.9.CHL/PHEO.1",4.81244804655029
"44607","D08","MAYF",2019-04-02,"MAYF.20190402.EPIPSAMMON.1.CHL/PHEO.1",0.724360053890199
"44617","D08","MAYF",2019-04-02,"MAYF.20190402.EPIPSAMMON.2.CHL/PHEO.1",0.893819467834288
"44627","D08","MAYF",2019-04-02,"MAYF.20190402.EPIPSAMMON.3.CHL/PHEO.1",1.54176490400808
"44637","D08","MAYF",2019-04-02,"MAYF.20190402.EPIXYLON.2.CHL/PHEO.1",1.2333748960931
"44646","D08","MAYF",2019-04-02,"MAYF.20190402.EPIXYLON.4.CHL/PHEO.1",1.18142144638404
"44657","D08","MAYF",2019-04-02,"MAYF.20190402.EPIXYLON.6.CHL/PHEO.1",1.3274106400665
"44666","D08","MAYF",2019-04-02,"MAYF.20190402.EPIXYLON.6.REP2.CHL/PHEO.2",1.28584788029925
"44672","D08","MAYF",2019-04-02,"MAYF.20190402.EPIXYLON.8.CHL/PHEO.1",3.76350789692436
"44681","D08","MAYF",2019-04-02,"MAYF.20190402.EPIXYLON.9.CHL/PHEO.1",1.69368246051538
"44694","D08","MAYF",2019-08-05,"MAYF.20190805.EPIPSAMMON.6.CHL/PHEO.1",1.09443415291344
"44704","D08","MAYF",2019-08-05,"MAYF.20190805.EPIPSAMMON.7.CHL/PHEO.1",1.16305995284608
"44713","D08","MAYF",2019-08-05,"MAYF.20190805.EPIPSAMMON.8.CHL/PHEO.1",1.15863927248232
"44723","D08","MAYF",2019-08-05,"MAYF.20190805.EPIXYLON.1.CHL/PHEO.1",1.78979634247714
"44733","D08","MAYF",2019-08-05,"MAYF.20190805.EPIXYLON.1.REP2.CHL/PHEO.2",3.16708229426434
"44738","D08","MAYF",2019-08-05,"MAYF.20190805.EPIXYLON.2.CHL/PHEO.1",0.741375727348296
"44749","D08","MAYF",2019-08-05,"MAYF.20190805.EPIXYLON.3.CHL/PHEO.1",1.39806733167082
"44759","D08","MAYF",2019-08-05,"MAYF.20190805.EPIXYLON.4.CHL/PHEO.1",0.572007481296758
"44768","D08","MAYF",2019-08-05,"MAYF.20190805.EPIXYLON.5.CHL/PHEO.1",0.529405652535328
"44781","D08","MAYF",2019-11-14,"MAYF.20191114.EPIPSAMMON.1.CHL/PHEO.1",1.81277366116538
"44791","D08","MAYF",2019-11-14,"MAYF.20191114.EPIPSAMMON.2.CHL/PHEO.1",0.509641293364769
"44801","D08","MAYF",2019-11-14,"MAYF.20191114.EPIPSAMMON.3.CHL/PHEO.1",0.726675648366453
"44811","D08","MAYF",2019-11-14,"MAYF.20191114.EPIXYLON.1.CHL/PHEO.1",0.175083125519535
"44821","D08","MAYF",2019-11-14,"MAYF.20191114.EPIXYLON.1.REP2.CHL/PHEO.2",0.195864505403159
"44826","D08","MAYF",2019-11-14,"MAYF.20191114.EPIXYLON.2.CHL/PHEO.1",0.546550290939318
"44836","D08","MAYF",2019-11-14,"MAYF.20191114.EPIXYLON.3.CHL/PHEO.1",0.278470490440565
"44846","D08","MAYF",2019-11-14,"MAYF.20191114.EPIXYLON.4.CHL/PHEO.1",0.824501246882793
"44855","D08","MAYF",2019-11-14,"MAYF.20191114.EPIXYLON.5.CHL/PHEO.1",0.288861180382377
"44867","D08","MAYF",2020-07-16,"MAYF.20200716.EPIPSAMMON.1.CHL/PHEO.1",1.58949141124958
"44878","D08","MAYF",2020-07-16,"MAYF.20200716.EPIPSAMMON.2.CHL/PHEO.1",0.736695857190974
"44889","D08","MAYF",2020-07-16,"MAYF.20200716.EPIPSAMMON.3.CHL/PHEO.1",0.481657123610643
"44900","D08","MAYF",2020-07-16,"MAYF.20200716.EPIXYLON.1.CHL/PHEO.1",1.42040731504572
"44912","D08","MAYF",2020-07-16,"MAYF.20200716.EPIXYLON.1.REP2.CHL/PHEO.2",1.34767248545303
"44944","D08","MAYF",2020-07-16,"MAYF.20200716.EPIXYLON.2.CHL/PHEO.1",1.01984621778886
"44954","D08","MAYF",2020-07-16,"MAYF.20200716.EPIXYLON.3.CHL/PHEO.1",0.873857024106401
"44965","D08","MAYF",2020-07-16,"MAYF.20200716.EPIXYLON.4.CHL/PHEO.1",0.764754779717373
"44976","D08","MAYF",2020-07-16,"MAYF.20200716.EPIXYLON.5.CHL/PHEO.1",1.42040731504572
"44989","D08","MAYF",2020-11-17,"MAYF.20201117.EPIPSAMMON.1.CHL/PHEO.1",0.323762209498148
"44998","D08","MAYF",2020-11-17,"MAYF.20201117.EPIPSAMMON.2.CHL/PHEO.1",0.161881104749074
"45009","D08","MAYF",2020-11-17,"MAYF.20201117.EPIPSAMMON.3.CHL/PHEO.1",0.485643314247221
"45018","D08","MAYF",2020-11-17,"MAYF.20201117.EPIXYLON.1.CHL/PHEO.1",1.23493349958437
"45029","D08","MAYF",2020-11-17,"MAYF.20201117.EPIXYLON.2.CHL/PHEO.1",1.56172069825436
"45038","D08","MAYF",2020-11-17,"MAYF.20201117.EPIXYLON.3.CHL/PHEO.1",1.01724854530341
"45048","D08","MAYF",2020-11-17,"MAYF.20201117.EPIXYLON.3.REP2.CHL/PHEO.2",0.980881130507066
"45075","D08","MAYF",2020-11-17,"MAYF.20201117.EPIXYLON.4.CHL/PHEO.1",0.544991687448046
"45084","D08","MAYF",2020-11-17,"MAYF.20201117.EPIXYLON.5.CHL/PHEO.1",1.74355777223608
"45097","D08","MAYF",2021-03-15,"MAYF.20210315.EPIPSAMMON.1.CHL/PHEO.1",1.18106433142472
"45108","D08","MAYF",2021-03-15,"MAYF.20210315.EPIPSAMMON.2.CHL/PHEO.1",0.826456719434153
"45119","D08","MAYF",2021-03-15,"MAYF.20210315.EPIPSAMMON.3.CHL/PHEO.1",0.450596160323341
"45130","D08","MAYF",2021-03-15,"MAYF.20210315.EPIXYLON.1.CHL/PHEO.1",3.92248545303408
"45141","D08","MAYF",2021-03-15,"MAYF.20210315.EPIXYLON.2.CHL/PHEO.1",4.97610141313383
"45151","D08","MAYF",2021-03-15,"MAYF.20210315.EPIXYLON.3.CHL/PHEO.1",1.63445552784705
"45162","D08","MAYF",2021-03-15,"MAYF.20210315.EPIXYLON.3.REP2.CHL/PHEO.2",1.48898586866168
"45194","D08","MAYF",2021-03-15,"MAYF.20210315.EPIXYLON.4.CHL/PHEO.1",3.2689110556941
"45205","D08","MAYF",2021-03-15,"MAYF.20210315.EPIXYLON.5.CHL/PHEO.1",3.05122610141313
"45218","D08","MAYF",2021-07-21,"MAYF.20210721.EPIPSAMMON.1.CHL/PHEO.1",1.82110980127989
"45229","D08","MAYF",2021-07-21,"MAYF.20210721.EPIPSAMMON.2.CHL/PHEO.1",1.63123105422701
"45238","D08","MAYF",2021-07-21,"MAYF.20210721.EPIPSAMMON.3.CHL/PHEO.1",0.554269114179859
"45249","D08","MAYF",2021-07-21,"MAYF.20210721.EPIXYLON.1.CHL/PHEO.1",1.64172901080632
"45258","D08","MAYF",2021-07-21,"MAYF.20210721.EPIXYLON.2.CHL/PHEO.1",1.60224438902743
"45268","D08","MAYF",2021-07-21,"MAYF.20210721.EPIXYLON.3.CHL/PHEO.1",1.01620947630923
"45278","D08","MAYF",2021-07-21,"MAYF.20210721.EPIXYLON.3.REP2.CHL/PHEO.2",1.09413965087282
"45314","D08","MAYF",2021-07-21,"MAYF.20210721.EPIXYLON.5.CHL/PHEO.1",1.40689941812136
"45325","D08","MAYF",2021-10-18,"MAYF.20211018.EPIPSAMMON.1.CHL/PHEO.1",0.875719097339171
"45336","D08","MAYF",2021-10-18,"MAYF.20211018.EPIPSAMMON.2.CHL/PHEO.1",0.827519366790165
"45346","D08","MAYF",2021-10-18,"MAYF.20211018.EPIPSAMMON.3.CHL/PHEO.1",1.87602559784439
"45355","D08","MAYF",2021-10-18,"MAYF.20211018.EPIXYLON.1.CHL/PHEO.1",2.33894430590191
"45365","D08","MAYF",2021-10-18,"MAYF.20211018.EPIXYLON.2.CHL/PHEO.1",2.26101413133832
"45375","D08","MAYF",2021-10-18,"MAYF.20211018.EPIXYLON.3.CHL/PHEO.1",2.26101413133832
"45386","D08","MAYF",2021-10-18,"MAYF.20211018.EPIXYLON.3.REP2.CHL/PHEO.2",2.10515378221114
"45412","D08","MAYF",2021-10-18,"MAYF.20211018.EPIXYLON.4.CHL/PHEO.1",0.662926018287614
"45421","D08","MAYF",2021-10-18,"MAYF.20211018.EPIXYLON.5.CHL/PHEO.1",1.48119285120532
"45434","D08","MAYF",2022-03-15,"MAYF.20220315.EPIPSAMMON.1.CHL/PHEO.1",1.56365779723813
"45444","D08","MAYF",2022-03-15,"MAYF.20220315.EPIPSAMMON.2.CHL/PHEO.1",2.25755473223308
"45453","D08","MAYF",2022-03-15,"MAYF.20220315.EPIPSAMMON.3.CHL/PHEO.1",1.61102222970697
"45463","D08","MAYF",2022-03-15,"MAYF.20220315.EPIXYLON.1.CHL/PHEO.1",2.18308395677473
"45474","D08","MAYF",2022-03-15,"MAYF.20220315.EPIXYLON.1.REP2.CHL/PHEO.2",2.14411886949293
"45499","D08","MAYF",2022-03-15,"MAYF.20220315.EPIXYLON.2.CHL/PHEO.1",1.44222776392352
"45509","D08","MAYF",2022-03-15,"MAYF.20220315.EPIXYLON.3.CHL/PHEO.1",7.95199501246883
"45520","D08","MAYF",2022-03-15,"MAYF.20220315.EPIXYLON.4.CHL/PHEO.1",4.56047381546135
"45529","D08","MAYF",2022-03-15,"MAYF.20220315.EPIXYLON.5.CHL/PHEO.1",0.383935993349958
"45542","D08","MAYF",2022-07-20,"MAYF.20220720.EPIPSAMMON.1.CHL/PHEO.1",2.85453688110475
"45551","D08","MAYF",2022-07-20,"MAYF.20220720.EPIPSAMMON.2.CHL/PHEO.1",2.32572246547659
"45561","D08","MAYF",2022-07-20,"MAYF.20220720.EPIPSAMMON.3.CHL/PHEO.1",4.1583327719771
"45572","D08","MAYF",2022-07-20,"MAYF.20220720.EPIXYLON.1.CHL/PHEO.1",6.2609102244389
"45582","D08","MAYF",2022-07-20,"MAYF.20220720.EPIXYLON.1.REP2.CHL/PHEO.2",6.55184954280964
"45608","D08","MAYF",2022-07-20,"MAYF.20220720.EPIXYLON.2.CHL/PHEO.1",9.60982959268495
"45617","D08","MAYF",2022-07-20,"MAYF.20220720.EPIXYLON.3.CHL/PHEO.1",7.60754364089776
"45627","D08","MAYF",2022-07-20,"MAYF.20220720.EPIXYLON.4.CHL/PHEO.1",7.3893391521197
"45638","D08","MAYF",2022-07-20,"MAYF.20220720.EPIXYLON.5.CHL/PHEO.1",8.18994181213633
"45649","D08","MAYF",2022-10-24,"MAYF.20221024.EPIPSAMMON.1.CHL/PHEO.1",1.57425732569889
"45660","D08","MAYF",2022-10-24,"MAYF.20221024.EPIPSAMMON.2.CHL/PHEO.1",1.71048501178848
"45670","D08","MAYF",2022-10-24,"MAYF.20221024.EPIPSAMMON.3.CHL/PHEO.1",1.56162007409902
"45679","D08","MAYF",2022-10-24,"MAYF.20221024.EPIXYLON.1.CHL/PHEO.1",1.14869077306733
"45689","D08","MAYF",2022-10-24,"MAYF.20221024.EPIXYLON.1.REP2.CHL/PHEO.2",1.14869077306733
"45715","D08","MAYF",2022-10-24,"MAYF.20221024.EPIXYLON.2.CHL/PHEO.1",2.77950955943475
"45726","D08","MAYF",2022-10-24,"MAYF.20221024.EPIXYLON.3.CHL/PHEO.1",1.96435993349958
"45736","D08","MAYF",2022-10-24,"MAYF.20221024.EPIXYLON.4.CHL/PHEO.1",3.89131338320865
"45746","D08","MAYF",2022-10-24,"MAYF.20221024.EPIXYLON.5.CHL/PHEO.1",2.2236076475478
"45757","D08","MAYF",2023-03-20,"MAYF.20230320.EPIPSAMMON.1.CHL/PHEO.1",2.88294038396767
"45768","D08","MAYF",2023-03-20,"MAYF.20230320.EPIPSAMMON.2.CHL/PHEO.1",2.38792522734928
"45778","D08","MAYF",2023-03-20,"MAYF.20230320.EPIPSAMMON.3.CHL/PHEO.1",1.18617716402829
"45787","D08","MAYF",2023-03-20,"MAYF.20230320.EPIXYLON.1.CHL/PHEO.1",2.43090191188695
"45797","D08","MAYF",2023-03-20,"MAYF.20230320.EPIXYLON.1.REP2.CHL/PHEO.2",2.50415627597673
"45824","D08","MAYF",2023-03-20,"MAYF.20230320.EPIXYLON.2.CHL/PHEO.1",14.6207398171239
"45833","D08","MAYF",2023-03-20,"MAYF.20230320.EPIXYLON.3.CHL/PHEO.1",6.44482543640898
"45843","D08","MAYF",2023-03-20,"MAYF.20230320.EPIXYLON.4.CHL/PHEO.1",9.57554031587697
"45854","D08","MAYF",2023-03-20,"MAYF.20230320.EPIXYLON.5.CHL/PHEO.1",5.59798420615129
"45865","D08","MAYF",2023-07-17,"MAYF.20230717.EPIPSAMMON.1.CHL/PHEO.1",3.51879757494106
"45876","D08","MAYF",2023-07-17,"MAYF.20230717.EPIPSAMMON.2.CHL/PHEO.1",2.74184405523745
"45886","D08","MAYF",2023-07-17,"MAYF.20230717.EPIPSAMMON.3.CHL/PHEO.1",4.3422566520714
"45895","D08","MAYF",2023-07-17,"MAYF.20230717.EPIXYLON.1.CHL/PHEO.1",6.62822111388196
"45905","D08","MAYF",2023-07-17,"MAYF.20230717.EPIXYLON.1.REP2.CHL/PHEO.2",6.55081047381546
"45931","D08","MAYF",2023-07-17,"MAYF.20230717.EPIXYLON.2.CHL/PHEO.1",10.3880922693267
"45941","D08","MAYF",2023-07-17,"MAYF.20230717.EPIXYLON.3.CHL/PHEO.1",9.5739817123857
"45952","D08","MAYF",2023-07-17,"MAYF.20230717.EPIXYLON.4.CHL/PHEO.1",8.44970906068163
"45962","D08","MAYF",2023-07-17,"MAYF.20230717.EPIXYLON.5.CHL/PHEO.1",10.4655029093932
"45974","D08","MAYF",2023-10-23,"MAYF.20231023.EPIPSAMMON.1.CHL/PHEO.1",2.48800101044123
"45984","D08","MAYF",2023-10-23,"MAYF.20231023.EPIPSAMMON.2.CHL/PHEO.1",2.58188784102391
"45993","D08","MAYF",2023-10-23,"MAYF.20231023.EPIPSAMMON.3.CHL/PHEO.1",2.44195857190973
"46004","D08","MAYF",2023-10-23,"MAYF.20231023.EPIXYLON.1.CHL/PHEO.1",2.97381546134663
"46013","D08","MAYF",2023-10-23,"MAYF.20231023.EPIXYLON.2.CHL/PHEO.1",3.59154197838736
"46024","D08","MAYF",2023-10-23,"MAYF.20231023.EPIXYLON.2.REP2.CHL/PHEO.2",3.66895261845387
"46049","D08","MAYF",2023-10-23,"MAYF.20231023.EPIXYLON.3.CHL/PHEO.1",4.05496674979219
"46059","D08","MAYF",2023-10-23,"MAYF.20231023.EPIXYLON.4.CHL/PHEO.1",6.6038029925187
"46070","D08","MAYF",2023-10-23,"MAYF.20231023.EPIXYLON.5.CHL/PHEO.1",4.3251246882793
"46324","D06","MCDI",2018-03-30,"MCDI.20180330.EPILITHON.1.CHL/PHEO.1",27.0287822111388
"46334","D06","MCDI",2018-03-30,"MCDI.20180330.EPILITHON.2.CHL/PHEO.1",14.6623025768911
"46346","D06","MCDI",2018-03-30,"MCDI.20180330.EPILITHON.3.CHL/PHEO.1",27.316604322527
"46356","D06","MCDI",2018-03-30,"MCDI.20180330.EPILITHON.4.CHL/PHEO.1",32.0958021612635
"46367","D06","MCDI",2018-03-30,"MCDI.20180330.EPILITHON.5.CHL/PHEO.1",55.3527639235245
"46378","D06","MCDI",2018-03-30,"MCDI.20180330.EPILITHON.5.REP2.CHL/PHEO.2",47.2547797173732
"46391","D06","MCDI",2018-07-16,"MCDI.20180716.EPILITHON.1.CHL/PHEO.1",16.1876558603491
"46400","D06","MCDI",2018-07-16,"MCDI.20180716.EPILITHON.2.CHL/PHEO.1",22.3633624272652
"46411","D06","MCDI",2018-07-16,"MCDI.20180716.EPILITHON.2.REP2.CHL/PHEO.2",20.4727763923525
"46417","D06","MCDI",2018-07-16,"MCDI.20180716.EPILITHON.3.CHL/PHEO.1",21.6609517871987
"46433","D06","MCDI",2018-10-04,"MCDI.20181004.EPILITHON.1.CHL/PHEO.1",15.1387157107232
"46442","D06","MCDI",2018-10-04,"MCDI.20181004.EPILITHON.3.CHL/PHEO.1",4.38902743142145
"46454","D06","MCDI",2018-10-04,"MCDI.20181004.EPILITHON.3.REP2.CHL/PHEO.2",5.25301330008313
"46460","D06","MCDI",2018-10-04,"MCDI.20181004.EPILITHON.4.CHL/PHEO.1",9.12146716541978
"46471","D06","MCDI",2018-10-04,"MCDI.20181004.EPILITHON.5.CHL/PHEO.1",11.4261221945137
"46482","D06","MCDI",2018-10-04,"MCDI.20181004.EPILITHON.6.CHL/PHEO.1",30.2530133000831
"46493","D06","MCDI",2018-10-04,"MCDI.20181004.EPILITHON.7.CHL/PHEO.1",6.66822527015794
"46507","D06","MCDI",2019-04-02,"MCDI.20190402.EPILITHON.1.CHL/PHEO.1",22.0589152119701
"46517","D06","MCDI",2019-04-02,"MCDI.20190402.EPILITHON.2.CHL/PHEO.1",5.21664588528678
"46526","D06","MCDI",2019-04-02,"MCDI.20190402.EPILITHON.3.CHL/PHEO.1",13.5910224438903
"46537","D06","MCDI",2019-04-02,"MCDI.20190402.EPILITHON.4.CHL/PHEO.1",11.4998960931006
"46546","D06","MCDI",2019-04-02,"MCDI.20190402.EPILITHON.4.REP2.CHL/PHEO.2",9.40876974231089
"46552","D06","MCDI",2019-04-02,"MCDI.20190402.EPILITHON.5.CHL/PHEO.1",24.3588944305902
"46562","D06","MCDI",2019-04-02,"MCDI.20190402.EPILITHON.6.CHL/PHEO.1",10.9772443890274
"46573","D06","MCDI",2019-07-24,"MCDI.20190724.EPILITHON.1.CHL/PHEO.1",148.275665004156
"46584","D06","MCDI",2019-07-24,"MCDI.20190724.EPILITHON.2.CHL/PHEO.1",151.453137988362
"46593","D06","MCDI",2019-07-24,"MCDI.20190724.EPILITHON.3.CHL/PHEO.1",29.3375935162095
"46603","D06","MCDI",2019-07-24,"MCDI.20190724.EPILITHON.3.REP2.CHL/PHEO.2",28.3842477140482
"46609","D06","MCDI",2019-07-24,"MCDI.20190724.EPILITHON.4.CHL/PHEO.1",32.0911263507897
"46618","D06","MCDI",2019-07-24,"MCDI.20190724.EPILITHON.5.CHL/PHEO.1",111.206878636741
"46629","D06","MCDI",2019-07-24,"MCDI.20190724.EPILITHON.6.CHL/PHEO.1",43.3177472984206
"46640","D06","MCDI",2019-10-09,"MCDI.20191009.EPILITHON.1.CHL/PHEO.1",25.4374480465503
"46650","D06","MCDI",2019-10-09,"MCDI.20191009.EPILITHON.2.CHL/PHEO.1",39.8103699085619
"46661","D06","MCDI",2019-10-09,"MCDI.20191009.EPILITHON.3.CHL/PHEO.1",25.4374480465503
"46670","D06","MCDI",2019-10-09,"MCDI.20191009.EPILITHON.4.CHL/PHEO.1",36.7082294264339
"46680","D06","MCDI",2019-10-09,"MCDI.20191009.EPILITHON.5.CHL/PHEO.1",92.0293017456359
"46691","D06","MCDI",2019-10-09,"MCDI.20191009.EPILITHON.5.REP2.CHL/PHEO.2",97.1991895261845
"46696","D06","MCDI",2019-10-09,"MCDI.20191009.EPILITHON.6.CHL/PHEO.1",73.4164588528678
"46707","D06","MCDI",2020-06-11,"MCDI.20200611.EPILITHON.1.CHL/PHEO.1",90.2628844555279
"46718","D06","MCDI",2020-06-11,"MCDI.20200611.EPILITHON.2.CHL/PHEO.1",14.1843308395677
"46727","D06","MCDI",2020-06-11,"MCDI.20200611.EPILITHON.2.REP2.CHL/PHEO.2",14.6498337489609
"46756","D06","MCDI",2020-06-11,"MCDI.20200611.EPILITHON.3.CHL/PHEO.1",47.9254987531172
"46766","D06","MCDI",2020-06-11,"MCDI.20200611.EPILITHON.4.CHL/PHEO.1",50.9341230257689
"46777","D06","MCDI",2020-06-11,"MCDI.20200611.EPILITHON.5.CHL/PHEO.1",25.2519742310889
"46787","D06","MCDI",2020-06-11,"MCDI.20200611.EPILITHON.6.CHL/PHEO.1",4.04769326683292
"46799","D06","MCDI",2020-08-13,"MCDI.20200813.EPILITHON.1.CHL/PHEO.1",53.4964671654198
"46810","D06","MCDI",2020-08-13,"MCDI.20200813.EPILITHON.2.CHL/PHEO.1",49.6295719035744
"46821","D06","MCDI",2020-08-13,"MCDI.20200813.EPILITHON.3.CHL/PHEO.1",45.9424355777224
"46832","D06","MCDI",2020-08-13,"MCDI.20200813.EPILITHON.4.CHL/PHEO.1",42.0028054862843
"46843","D06","MCDI",2020-08-13,"MCDI.20200813.EPILITHON.4.REP2.CHL/PHEO.2",43.050706566916
"46875","D06","MCDI",2020-08-13,"MCDI.20200813.EPILITHON.5.CHL/PHEO.1",13.7359725685786
"46885","D06","MCDI",2020-08-13,"MCDI.20200813.EPILITHON.6.CHL/PHEO.1",40.303927680798
"46899","D06","MCDI",2020-10-08,"MCDI.20201008.EPILITHON.2.CHL/PHEO.1",40.2441812136326
"46909","D06","MCDI",2020-10-08,"MCDI.20201008.EPILITHON.3.CHL/PHEO.1",19.8675187032419
"46920","D06","MCDI",2020-10-08,"MCDI.20201008.EPILITHON.6.CHL/PHEO.1",14.0928927680798
"46931","D06","MCDI",2020-10-08,"MCDI.20201008.EPILITHON.6.REP2.CHL/PHEO.2",13.2938487115544
"46965","D06","MCDI",2021-03-25,"MCDI.20210325.EPILITHON.1.CHL/PHEO.1",20.6203241895262
"46977","D06","MCDI",2021-03-25,"MCDI.20210325.EPILITHON.2.CHL/PHEO.1",9.88050706566916
"46988","D06","MCDI",2021-03-25,"MCDI.20210325.EPILITHON.3.CHL/PHEO.1",61.2167497921862
"46999","D06","MCDI",2021-03-25,"MCDI.20210325.EPILITHON.4.CHL/PHEO.1",19.7610141313383
"47009","D06","MCDI",2021-03-25,"MCDI.20210325.EPILITHON.4.REP2.CHL/PHEO.2",23.3769742310889
"47041","D06","MCDI",2021-03-25,"MCDI.20210325.EPILITHON.5.CHL/PHEO.1",35.5844763092269
"47052","D06","MCDI",2021-03-25,"MCDI.20210325.EPILITHON.6.CHL/PHEO.1",35.3693890274314
"47065","D06","MCDI",2021-07-27,"MCDI.20210727.EPILITHON.1.CHL/PHEO.1",53.3250207813799
"47076","D06","MCDI",2021-07-27,"MCDI.20210727.EPILITHON.2.CHL/PHEO.1",15.5527847049044
"47087","D06","MCDI",2021-07-27,"MCDI.20210727.EPILITHON.3.CHL/PHEO.1",27.0906068162926
"47099","D06","MCDI",2021-07-27,"MCDI.20210727.EPILITHON.4.CHL/PHEO.1",44.4757896924356
"47110","D06","MCDI",2021-07-27,"MCDI.20210727.EPILITHON.4.REP2.CHL/PHEO.2",45.2550914380715
"47142","D06","MCDI",2021-07-27,"MCDI.20210727.EPILITHON.5.CHL/PHEO.1",23.4658146300914
"47152","D06","MCDI",2021-07-27,"MCDI.20210727.EPILITHON.6.CHL/PHEO.1",22.0661886949293
"47166","D06","MCDI",2021-10-11,"MCDI.20211011.EPILITHON.1.CHL/PHEO.1",34.3801953449709
"47177","D06","MCDI",2021-10-11,"MCDI.20211011.EPILITHON.2.CHL/PHEO.1",23.5047797173732
"47188","D06","MCDI",2021-10-11,"MCDI.20211011.EPILITHON.2.REP2.CHL/PHEO.2",23.6606400665004
"47219","D06","MCDI",2021-10-11,"MCDI.20211011.EPILITHON.3.CHL/PHEO.1",12.2007481296758
"47232","D06","MCDI",2022-04-04,"MCDI.20220404.EPILITHON.1.CHL/PHEO.1",114.598919368246
"47244","D06","MCDI",2022-04-04,"MCDI.20220404.EPILITHON.2.CHL/PHEO.1",47.1264546965919
"47254","D06","MCDI",2022-04-04,"MCDI.20220404.EPILITHON.3.CHL/PHEO.1",46.9700748129676
"47265","D06","MCDI",2022-04-04,"MCDI.20220404.EPILITHON.4.CHL/PHEO.1",99.7869908561929
"47277","D06","MCDI",2022-04-04,"MCDI.20220404.EPILITHON.4.REP2.CHL/PHEO.2",100.955943474647
"47309","D06","MCDI",2022-04-04,"MCDI.20220404.EPILITHON.5.CHL/PHEO.1",37.0693059019119
"47320","D06","MCDI",2022-04-04,"MCDI.20220404.EPILITHON.6.CHL/PHEO.1",92.7732751454697
"47332","D06","MCDI",2022-07-25,"MCDI.20220725.EPILITHON.1.CHL/PHEO.1",32.9057564422278
"47344","D06","MCDI",2022-07-25,"MCDI.20220725.EPILITHON.2.CHL/PHEO.1",35.9637364921031
"47354","D06","MCDI",2022-07-25,"MCDI.20220725.EPILITHON.3.CHL/PHEO.1",48.7764962593516
"47365","D06","MCDI",2022-07-25,"MCDI.20220725.EPILITHON.4.CHL/PHEO.1",81.8994181213633
"47377","D06","MCDI",2022-07-25,"MCDI.20220725.EPILITHON.5.CHL/PHEO.1",58.9671654197839
"47388","D06","MCDI",2022-07-25,"MCDI.20220725.EPILITHON.6.CHL/PHEO.1",41.0598503740648
"47398","D06","MCDI",2022-07-25,"MCDI.20220725.EPILITHON.6.REP2.CHL/PHEO.2",38.6570033250208
"47433","D06","MCDI",2022-10-06,"MCDI.20221006.EPILITHON.1.CHL/PHEO.1",33.6938902743142
"47444","D06","MCDI",2022-10-06,"MCDI.20221006.EPILITHON.2.CHL/PHEO.1",33.6938902743142
"47455","D06","MCDI",2022-10-06,"MCDI.20221006.EPILITHON.3.CHL/PHEO.1",16.2661055694098
"47466","D06","MCDI",2022-10-06,"MCDI.20221006.EPILITHON.3.REP2.CHL/PHEO.2",16.3746882793017
"47499","D06","MCDI",2023-03-30,"MCDI.20230330.EPILITHON.1.CHL/PHEO.1",14.1474438902743
"47510","D06","MCDI",2023-03-30,"MCDI.20230330.EPILITHON.2.CHL/PHEO.1",18.0060266001663
"47522","D06","MCDI",2023-03-30,"MCDI.20230330.EPILITHON.3.CHL/PHEO.1",27.1924355777224
"47532","D06","MCDI",2023-03-30,"MCDI.20230330.EPILITHON.3.REP2.CHL/PHEO.2",27.7072942643392
"47564","D06","MCDI",2023-03-30,"MCDI.20230330.EPILITHON.4.CHL/PHEO.1",28.2216334164589
"47575","D06","MCDI",2023-03-30,"MCDI.20230330.EPILITHON.5.CHL/PHEO.1",27.7436616791355
"47586","D06","MCDI",2023-03-30,"MCDI.20230330.EPILITHON.6.CHL/PHEO.1",25.0613050706567
"47600","D06","MCDI",2023-07-26,"MCDI.20230726.EPILITHON.1.CHL/PHEO.1",41.6521197007481
"47610","D06","MCDI",2023-07-26,"MCDI.20230726.EPILITHON.2.CHL/PHEO.1",47.8574397339983
"47621","D06","MCDI",2023-07-26,"MCDI.20230726.EPILITHON.3.CHL/PHEO.1",53.0912302576891
"47633","D06","MCDI",2023-07-26,"MCDI.20230726.EPILITHON.3.REP2.CHL/PHEO.2",52.821072319202
"47664","D06","MCDI",2023-07-26,"MCDI.20230726.EPILITHON.4.CHL/PHEO.1",50.5720074812968
"47675","D06","MCDI",2023-07-26,"MCDI.20230726.EPILITHON.5.CHL/PHEO.1",56.7383624272652
"47686","D06","MCDI",2023-07-26,"MCDI.20230726.EPILITHON.6.CHL/PHEO.1",48.3613881961762
"47848","D16","MCRA",2018-05-02,"MCRA.20180502.EPILITHON.1.CHL/PHEO.1",5.63019534497091
"47859","D16","MCRA",2018-05-02,"MCRA.20180502.EPILITHON.2.CHL/PHEO.1",82.350893599335
"47870","D16","MCRA",2018-05-02,"MCRA.20180502.EPILITHON.2.REP2.CHL/PHEO.2",88.6798628428928
"47877","D16","MCRA",2018-05-02,"MCRA.20180502.EPILITHON.3.CHL/PHEO.1",9.45189110556941
"47887","D16","MCRA",2018-05-02,"MCRA.20180502.EPILITHON.4.CHL/PHEO.1",34.4352660016625
"47900","D16","MCRA",2018-05-02,"MCRA.20180502.EPILITHON.5.CHL/PHEO.1",42.0173524522028
"47911","D16","MCRA",2018-05-02,"MCRA.20180502.EPILITHON.6.CHL/PHEO.1",11.3357231920199
"47920","D16","MCRA",2018-05-02,"MCRA.20180502.EPILITHON.7.CHL/PHEO.1",18.0122610141313
"47933","D16","MCRA",2018-05-02,"MCRA.20180502.EPILITHON.8.CHL/PHEO.1",16.6069201995012
"47947","D16","MCRA",2018-07-24,"MCRA.20180724.EPILITHON.1.CHL/PHEO.1",1.79291354945968
"47956","D16","MCRA",2018-07-24,"MCRA.20180724.EPILITHON.2.CHL/PHEO.1",2.35816708229426
"47969","D16","MCRA",2018-07-24,"MCRA.20180724.EPILITHON.3.CHL/PHEO.1",1.32689110556941
"47978","D16","MCRA",2018-07-24,"MCRA.20180724.EPILITHON.4.CHL/PHEO.1",2.2786783042394
"47991","D16","MCRA",2018-07-24,"MCRA.20180724.EPILITHON.5.CHL/PHEO.1",2.23140066500416
"48001","D16","MCRA",2018-07-24,"MCRA.20180724.EPILITHON.5.REP2.CHL/PHEO.2",2.09424355777224
"48007","D16","MCRA",2018-07-24,"MCRA.20180724.EPILITHON.6.CHL/PHEO.1",2.14359933499584
"48019","D16","MCRA",2018-07-24,"MCRA.20180724.EPILITHON.7.CHL/PHEO.1",3.02992518703242
"48029","D16","MCRA",2018-07-24,"MCRA.20180724.EPILITHON.8.CHL/PHEO.1",5.12364921030756
"48042","D16","MCRA",2018-09-26,"MCRA.20180926.EPILITHON.1.CHL/PHEO.1",2.87302576891106
"48053","D16","MCRA",2018-09-26,"MCRA.20180926.EPILITHON.2.CHL/PHEO.1",3.38268911055694
"48066","D16","MCRA",2018-09-26,"MCRA.20180926.EPILITHON.2.REP2.CHL/PHEO.2",2.964463840399
"48072","D16","MCRA",2018-09-26,"MCRA.20180926.EPILITHON.3.CHL/PHEO.1",2.67871986699917
"48083","D16","MCRA",2018-09-26,"MCRA.20180926.EPILITHON.4.CHL/PHEO.1",6.08530756442228
"48094","D16","MCRA",2018-09-26,"MCRA.20180926.EPILITHON.5.CHL/PHEO.1",3.899106400665
"48104","D16","MCRA",2018-09-26,"MCRA.20180926.EPILITHON.6.CHL/PHEO.1",3.13694929343308
"48115","D16","MCRA",2018-09-26,"MCRA.20180926.EPILITHON.7.CHL/PHEO.1",6.02763923524522
"48125","D16","MCRA",2018-09-26,"MCRA.20180926.EPILITHON.8.CHL/PHEO.1",2.72236076475478
"48139","D16","MCRA",2019-05-30,"MCRA.20190530.EPILITHON.1.CHL/PHEO.1",1.20635910224439
"48150","D16","MCRA",2019-05-30,"MCRA.20190530.EPILITHON.2.CHL/PHEO.1",4.63892352452203
"48160","D16","MCRA",2019-05-30,"MCRA.20190530.EPILITHON.3.CHL/PHEO.1",10.2602867830424
"48169","D16","MCRA",2019-05-30,"MCRA.20190530.EPILITHON.3.REP2.CHL/PHEO.2",11.1336242726517
"48175","D16","MCRA",2019-05-30,"MCRA.20190530.EPILITHON.4.CHL/PHEO.1",6.54925187032419
"48184","D16","MCRA",2019-05-30,"MCRA.20190530.EPILITHON.5.CHL/PHEO.1",2.07917705735661
"48194","D16","MCRA",2019-05-30,"MCRA.20190530.EPILITHON.6.CHL/PHEO.1",3.92404405652535
"48204","D16","MCRA",2019-05-30,"MCRA.20190530.EPILITHON.7.CHL/PHEO.1",3.48763507896924
"48215","D16","MCRA",2019-05-30,"MCRA.20190530.EPILITHON.8.CHL/PHEO.1",4.20251454696592
"48227","D16","MCRA",2019-08-01,"MCRA.20190801.EPILITHON.1.CHL/PHEO.1",2.40960099750623
"48236","D16","MCRA",2019-08-01,"MCRA.20190801.EPILITHON.2.CHL/PHEO.1",4.44825436408978
"48246","D16","MCRA",2019-08-01,"MCRA.20190801.EPILITHON.2.REP2.CHL/PHEO.2",3.9822319201995
"48252","D16","MCRA",2019-08-01,"MCRA.20190801.EPILITHON.3.CHL/PHEO.1",13.0798004987531
"48262","D16","MCRA",2019-08-01,"MCRA.20190801.EPILITHON.4.CHL/PHEO.1",3.6169991687448
"48271","D16","MCRA",2019-08-01,"MCRA.20190801.EPILITHON.5.CHL/PHEO.1",7.67871986699917
"48281","D16","MCRA",2019-08-01,"MCRA.20190801.EPILITHON.6.CHL/PHEO.1",12.4444098088113
"48292","D16","MCRA",2019-08-01,"MCRA.20190801.EPILITHON.7.CHL/PHEO.1",3.47412718204489
"48301","D16","MCRA",2019-08-01,"MCRA.20190801.EPILITHON.8.CHL/PHEO.1",9.9558395677473
"48314","D16","MCRA",2019-09-26,"MCRA.20190926.EPILITHON.1.CHL/PHEO.1",4.56722776392352
"48323","D16","MCRA",2019-09-26,"MCRA.20190926.EPILITHON.2.CHL/PHEO.1",5.27379467996675
"48334","D16","MCRA",2019-09-26,"MCRA.20190926.EPILITHON.3.CHL/PHEO.1",18.0969451371571
"48344","D16","MCRA",2019-09-26,"MCRA.20190926.EPILITHON.4.CHL/PHEO.1",11.5648379052369
"48354","D16","MCRA",2019-09-26,"MCRA.20190926.EPILITHON.5.CHL/PHEO.1",5.82554031587697
"48363","D16","MCRA",2019-09-26,"MCRA.20190926.EPILITHON.6.CHL/PHEO.1",8.39359933499584
"48374","D16","MCRA",2019-09-26,"MCRA.20190926.EPILITHON.6.REP2.CHL/PHEO.2",7.46311305070657
"48378","D16","MCRA",2019-09-26,"MCRA.20190926.EPILITHON.7.CHL/PHEO.1",8.82429343308396
"48389","D16","MCRA",2019-09-26,"MCRA.20190926.EPILITHON.8.CHL/PHEO.1",6.30818786367415
"48400","D16","MCRA",2020-08-04,"MCRA.20200804.EPILITHON.1.CHL/PHEO.1",9.7786783042394
"48412","D16","MCRA",2020-08-04,"MCRA.20200804.EPILITHON.2.CHL/PHEO.1",3.77337905236908
"48422","D16","MCRA",2020-08-04,"MCRA.20200804.EPILITHON.3.CHL/PHEO.1",3.25955943474647
"48433","D16","MCRA",2020-08-04,"MCRA.20200804.EPILITHON.4.CHL/PHEO.1",5.04571903574397
"48445","D16","MCRA",2020-08-04,"MCRA.20200804.EPILITHON.5.CHL/PHEO.1",5.82709891936825
"48456","D16","MCRA",2020-08-04,"MCRA.20200804.EPILITHON.6.CHL/PHEO.1",4.03678304239402
"48467","D16","MCRA",2020-08-04,"MCRA.20200804.EPILITHON.6.REP2.CHL/PHEO.2",4.00093516209476
"48498","D16","MCRA",2020-08-04,"MCRA.20200804.EPILITHON.7.CHL/PHEO.1",6.78719866999169
"48509","D16","MCRA",2020-08-04,"MCRA.20200804.EPILITHON.8.CHL/PHEO.1",3.68401911886949
"48522","D16","MCRA",2021-04-15,"MCRA.20210415.EPILITHON.1.CHL/PHEO.1",1.23025768911056
"48534","D16","MCRA",2021-04-15,"MCRA.20210415.EPILITHON.2.CHL/PHEO.1",1.60743973399834
"48545","D16","MCRA",2021-04-15,"MCRA.20210415.EPILITHON.3.CHL/PHEO.1",2.38154613466334
"48556","D16","MCRA",2021-04-15,"MCRA.20210415.EPILITHON.4.CHL/PHEO.1",3.95937240232751
"48566","D16","MCRA",2021-04-15,"MCRA.20210415.EPILITHON.4.REP2.CHL/PHEO.2",3.83987946799668
"48598","D16","MCRA",2021-04-15,"MCRA.20210415.EPILITHON.5.CHL/PHEO.1",2.53013300083126
"48610","D16","MCRA",2021-04-15,"MCRA.20210415.EPILITHON.6.CHL/PHEO.1",1.51807980049875
"48620","D16","MCRA",2021-04-15,"MCRA.20210415.EPILITHON.7.CHL/PHEO.1",2.29218620116376
"48632","D16","MCRA",2021-04-15,"MCRA.20210415.EPILITHON.8.CHL/PHEO.1",1.72641313383209
"48645","D16","MCRA",2021-07-21,"MCRA.20210721.EPILITHON.1.CHL/PHEO.1",4.69027431421446
"48655","D16","MCRA",2021-07-21,"MCRA.20210721.EPILITHON.1.REP2.CHL/PHEO.2",5.62793017456359
"48681","D16","MCRA",2021-07-21,"MCRA.20210721.EPILITHON.2.CHL/PHEO.1",5.53416458852868
"48690","D16","MCRA",2021-07-21,"MCRA.20210721.EPILITHON.3.CHL/PHEO.1",4.12718204488778
"48700","D16","MCRA",2021-07-21,"MCRA.20210721.EPILITHON.4.CHL/PHEO.1",4.9715710723192
"48710","D16","MCRA",2021-07-21,"MCRA.20210721.EPILITHON.5.CHL/PHEO.1",2.90773067331671
"48721","D16","MCRA",2021-07-21,"MCRA.20210721.EPILITHON.6.CHL/PHEO.1",4.54962593516209
"48731","D16","MCRA",2021-07-21,"MCRA.20210721.EPILITHON.7.CHL/PHEO.1",8.58304239401496
"48741","D16","MCRA",2021-07-21,"MCRA.20210721.EPILITHON.8.CHL/PHEO.1",4.92468827930175
"48753","D16","MCRA",2021-10-13,"MCRA.20211013.EPILITHON.1.CHL/PHEO.1",10.5730465502909
"48763","D16","MCRA",2021-10-13,"MCRA.20211013.EPILITHON.2.CHL/PHEO.1",5.21352867830424
"48773","D16","MCRA",2021-10-13,"MCRA.20211013.EPILITHON.2.REP2.CHL/PHEO.2",5.45719035743973
"48799","D16","MCRA",2021-10-13,"MCRA.20211013.EPILITHON.3.CHL/PHEO.1",3.84923108894431
"48809","D16","MCRA",2021-10-13,"MCRA.20211013.EPILITHON.4.CHL/PHEO.1",3.3130714879468
"48818","D16","MCRA",2021-10-13,"MCRA.20211013.EPILITHON.5.CHL/PHEO.1",6.43183707398171
"48829","D16","MCRA",2021-10-13,"MCRA.20211013.EPILITHON.6.CHL/PHEO.1",9.98857024106401
"48839","D16","MCRA",2021-10-13,"MCRA.20211013.EPILITHON.7.CHL/PHEO.1",3.99522028262677
"48849","D16","MCRA",2021-10-13,"MCRA.20211013.EPILITHON.8.CHL/PHEO.1",4.23888196176226
"48860","D16","MCRA",2022-05-25,"MCRA.20220525.EPILITHON.1.CHL/PHEO.1",23.4855569409809
"48870","D16","MCRA",2022-05-25,"MCRA.20220525.EPILITHON.2.CHL/PHEO.1",24.4965710723192
"48881","D16","MCRA",2022-05-25,"MCRA.20220525.EPILITHON.3.CHL/PHEO.1",27.1623025768911
"48891","D16","MCRA",2022-05-25,"MCRA.20220525.EPILITHON.4.CHL/PHEO.1",25.2779509559435
"48901","D16","MCRA",2022-05-25,"MCRA.20220525.EPILITHON.4.REP2.CHL/PHEO.2",25.1402743142145
"48927","D16","MCRA",2022-05-25,"MCRA.20220525.EPILITHON.5.CHL/PHEO.1",27.9436824605154
"48937","D16","MCRA",2022-05-25,"MCRA.20220525.EPILITHON.6.CHL/PHEO.1",30.5631753948462
"48946","D16","MCRA",2022-05-25,"MCRA.20220525.EPILITHON.7.CHL/PHEO.1",26.6567955112219
"48957","D16","MCRA",2022-05-25,"MCRA.20220525.EPILITHON.8.CHL/PHEO.1",28.3572319201995
"48968","D16","MCRA",2022-07-27,"MCRA.20220727.EPILITHON.1.CHL/PHEO.1",16.1081670822943
"48978","D16","MCRA",2022-07-27,"MCRA.20220727.EPILITHON.2.CHL/PHEO.1",18.5411471321696
"48988","D16","MCRA",2022-07-27,"MCRA.20220727.EPILITHON.3.CHL/PHEO.1",17.4355777223608
"48998","D16","MCRA",2022-07-27,"MCRA.20220727.EPILITHON.4.CHL/PHEO.1",19.4259143807149
"49008","D16","MCRA",2022-07-27,"MCRA.20220727.EPILITHON.5.CHL/PHEO.1",18.3567123857024
"49019","D16","MCRA",2022-07-27,"MCRA.20220727.EPILITHON.6.CHL/PHEO.1",21.4531379883624
"49029","D16","MCRA",2022-07-27,"MCRA.20220727.EPILITHON.7.CHL/PHEO.1",22.3747921862012
"49039","D16","MCRA",2022-07-27,"MCRA.20220727.EPILITHON.8.CHL/PHEO.1",21.9695552784705
"49048","D16","MCRA",2022-07-27,"MCRA.20220727.EPILITHON.8.REP2.CHL/PHEO.2",22.2641313383209
"49077","D16","MCRA",2022-09-21,"MCRA.20220921.EPILITHON.1.CHL/PHEO.1",22.5109102244389
"49086","D16","MCRA",2022-09-21,"MCRA.20220921.EPILITHON.2.CHL/PHEO.1",19.5334580216126
"49096","D16","MCRA",2022-09-21,"MCRA.20220921.EPILITHON.3.CHL/PHEO.1",22.2568578553616
"49106","D16","MCRA",2022-09-21,"MCRA.20220921.EPILITHON.4.CHL/PHEO.1",25.5242103075644
"49116","D16","MCRA",2022-09-21,"MCRA.20220921.EPILITHON.5.CHL/PHEO.1",20.5138196176226
"49126","D16","MCRA",2022-09-21,"MCRA.20220921.EPILITHON.6.CHL/PHEO.1",22.2932252701579
"49137","D16","MCRA",2022-09-21,"MCRA.20220921.EPILITHON.7.CHL/PHEO.1",25.5605777223608
"49147","D16","MCRA",2022-09-21,"MCRA.20220921.EPILITHON.7.REP2.CHL/PHEO.2",25.2701579384871
"49173","D16","MCRA",2022-09-21,"MCRA.20220921.EPILITHON.8.CHL/PHEO.1",21.2764962593516
"49185","D16","MCRA",2023-06-07,"MCRA.20230607.EPILITHON.1.CHL/PHEO.1",22.1908769742311
"49194","D16","MCRA",2023-06-07,"MCRA.20230607.EPILITHON.1.REP2.CHL/PHEO.2",21.93214879468
"49221","D16","MCRA",2023-06-07,"MCRA.20230607.EPILITHON.2.CHL/PHEO.1",23.7733790523691
"49230","D16","MCRA",2023-06-07,"MCRA.20230607.EPILITHON.3.CHL/PHEO.1",22.0293017456359
"49240","D16","MCRA",2023-06-07,"MCRA.20230607.EPILITHON.4.CHL/PHEO.1",22.1586658354115
"49251","D16","MCRA",2023-06-07,"MCRA.20230607.EPILITHON.5.CHL/PHEO.1",21.0925810473815
"49260","D16","MCRA",2023-06-07,"MCRA.20230607.EPILITHON.6.CHL/PHEO.1",29.0388611803824
"49270","D16","MCRA",2023-06-07,"MCRA.20230607.EPILITHON.7.CHL/PHEO.1",23.2891729010806
"49280","D16","MCRA",2023-06-07,"MCRA.20230607.EPILITHON.8.CHL/PHEO.1",23.7733790523691
"49292","D16","MCRA",2023-07-19,"MCRA.20230719.EPILITHON.1.CHL/PHEO.1",20.3330216126351
"49303","D16","MCRA",2023-07-19,"MCRA.20230719.EPILITHON.2.CHL/PHEO.1",19.8820656691604
"49313","D16","MCRA",2023-07-19,"MCRA.20230719.EPILITHON.3.CHL/PHEO.1",20.0431213632585
"49323","D16","MCRA",2023-07-19,"MCRA.20230719.EPILITHON.4.CHL/PHEO.1",18.9152119700748
"49333","D16","MCRA",2023-07-19,"MCRA.20230719.EPILITHON.5.CHL/PHEO.1",17.1752909393184
"49342","D16","MCRA",2023-07-19,"MCRA.20230719.EPILITHON.6.CHL/PHEO.1",20.4940773067332
"49353","D16","MCRA",2023-07-19,"MCRA.20230719.EPILITHON.7.CHL/PHEO.1",17.4329800498753
"49362","D16","MCRA",2023-07-19,"MCRA.20230719.EPILITHON.7.REP2.CHL/PHEO.2",17.5296134663342
"49389","D16","MCRA",2023-07-19,"MCRA.20230719.EPILITHON.8.CHL/PHEO.1",21.7508312551953
"49744","D18","OKSR",2018-06-16,"OKSR.20180616.EPILITHON.1.CHL/PHEO.1",0.502909393183707
"49755","D18","OKSR",2018-06-16,"OKSR.20180616.EPILITHON.2.CHL/PHEO.1",0.0670324189526185
"49764","D18","OKSR",2018-06-16,"OKSR.20180616.EPILITHON.3.CHL/PHEO.1",0.144950124688279
"49776","D18","OKSR",2018-06-16,"OKSR.20180616.EPILITHON.4.CHL/PHEO.1",0.147547797173732
"49788","D18","OKSR",2018-06-16,"OKSR.20180616.EPILITHON.5.CHL/PHEO.1",0.125207813798836
"49798","D18","OKSR",2018-06-16,"OKSR.20180616.EPILITHON.6.CHL/PHEO.1",0.138196176226101
"49808","D18","OKSR",2018-06-16,"OKSR.20180616.EPILITHON.7.CHL/PHEO.1",0.463944305901912
"49821","D18","OKSR",2018-06-16,"OKSR.20180616.EPILITHON.7.REP2.CHL/PHEO.2",1.44950124688279
"49827","D18","OKSR",2018-06-16,"OKSR.20180616.EPILITHON.8.CHL/PHEO.1",8.54322527015794
"49839","D18","OKSR",2018-07-10,"OKSR.20180710.EPILITHON.1.CHL/PHEO.1",1.54821280133001
"49851","D18","OKSR",2018-07-10,"OKSR.20180710.EPILITHON.2.CHL/PHEO.1",2.30205735660848
"49861","D18","OKSR",2018-07-10,"OKSR.20180710.EPILITHON.3.CHL/PHEO.1",1.4765170407315
"49872","D18","OKSR",2018-07-10,"OKSR.20180710.EPILITHON.4.CHL/PHEO.1",0.405756442227764
"49885","D18","OKSR",2018-07-10,"OKSR.20180710.EPILITHON.4.REP2.CHL/PHEO.2",1.38455943474647
"49889","D18","OKSR",2018-07-10,"OKSR.20180710.EPILITHON.5.CHL/PHEO.1",0.832294264339152
"49901","D18","OKSR",2018-07-10,"OKSR.20180710.EPILITHON.6.CHL/PHEO.1",8.22423108894431
"49911","D18","OKSR",2018-07-10,"OKSR.20180710.EPILITHON.7.CHL/PHEO.1",13.767144638404
"49922","D18","OKSR",2018-07-10,"OKSR.20180710.EPILITHON.8.CHL/PHEO.1",4.86855777223608
"49936","D18","OKSR",2018-08-16,"OKSR.20180816.EPILITHON.1.CHL/PHEO.1",0.361076475477972
"49947","D18","OKSR",2018-08-16,"OKSR.20180816.EPILITHON.2.CHL/PHEO.1",21.5305486284289
"49960","D18","OKSR",2018-08-16,"OKSR.20180816.EPILITHON.3.CHL/PHEO.1",0.565773067331671
"49971","D18","OKSR",2018-08-16,"OKSR.20180816.EPILITHON.4.CHL/PHEO.1",4.1479634247714
"49980","D18","OKSR",2018-08-16,"OKSR.20180816.EPILITHON.5.CHL/PHEO.1",3.01589775561097
"49992","D18","OKSR",2018-08-16,"OKSR.20180816.EPILITHON.6.CHL/PHEO.1",0.3428927680798
"50002","D18","OKSR",2018-08-16,"OKSR.20180816.EPILITHON.6.REP2.CHL/PHEO.2",0.277950955943475
"50008","D18","OKSR",2018-08-16,"OKSR.20180816.EPILITHON.7.CHL/PHEO.1",1.21415211970075
"50019","D18","OKSR",2018-08-16,"OKSR.20180816.EPILITHON.8.CHL/PHEO.1",9.45137157107232
"50031","D18","OKSR",2019-05-30,"OKSR.20190530.EPILITHON.1.CHL/PHEO.1",4.05236907730673
"50042","D18","OKSR",2019-05-30,"OKSR.20190530.EPILITHON.2.CHL/PHEO.1",2.20334580216126
"50052","D18","OKSR",2019-05-30,"OKSR.20190530.EPILITHON.3.CHL/PHEO.1",1.14609310058188
"50061","D18","OKSR",2019-05-30,"OKSR.20190530.EPILITHON.4.CHL/PHEO.1",0.600581878636742
"50072","D18","OKSR",2019-05-30,"OKSR.20190530.EPILITHON.5.CHL/PHEO.1",6.89058603491272
"50082","D18","OKSR",2019-05-30,"OKSR.20190530.EPILITHON.6.CHL/PHEO.1",15.6909808811305
"50092","D18","OKSR",2019-05-30,"OKSR.20190530.EPILITHON.7.CHL/PHEO.1",21.6490024937656
"50101","D18","OKSR",2019-05-30,"OKSR.20190530.EPILITHON.7.REP2.CHL/PHEO.2",17.6465087281796
"50106","D18","OKSR",2019-05-30,"OKSR.20190530.EPILITHON.8.CHL/PHEO.1",1.19544887780549
"50119","D18","OKSR",2019-07-11,"OKSR.20190711.EPILITHON.1.CHL/PHEO.1",35.2935369908562
"50128","D18","OKSR",2019-07-11,"OKSR.20190711.EPILITHON.2.CHL/PHEO.1",6.96435993349959
"50139","D18","OKSR",2019-07-11,"OKSR.20190711.EPILITHON.3.CHL/PHEO.1",11.9524106400665
"50148","D18","OKSR",2019-07-11,"OKSR.20190711.EPILITHON.4.CHL/PHEO.1",2.74002493765586
"50158","D18","OKSR",2019-07-11,"OKSR.20190711.EPILITHON.5.CHL/PHEO.1",11.5341853699086
"50169","D18","OKSR",2019-07-11,"OKSR.20190711.EPILITHON.5.REP2.CHL/PHEO.2",11.4432668329177
"50173","D18","OKSR",2019-07-11,"OKSR.20190711.EPILITHON.6.CHL/PHEO.1",0.787094763092269
"50184","D18","OKSR",2019-07-11,"OKSR.20190711.EPILITHON.7.CHL/PHEO.1",4.62801330008312
"50193","D18","OKSR",2019-07-11,"OKSR.20190711.EPILITHON.8.CHL/PHEO.1",17.8288653366584
"50206","D18","OKSR",2019-08-12,"OKSR.20190812.EPILITHON.1.CHL/PHEO.1",7.40232751454697
"50215","D18","OKSR",2019-08-12,"OKSR.20190812.EPILITHON.2.CHL/PHEO.1",7.82574812967581
"50226","D18","OKSR",2019-08-12,"OKSR.20190812.EPILITHON.3.CHL/PHEO.1",1.95916458852868
"50235","D18","OKSR",2019-08-12,"OKSR.20190812.EPILITHON.4.CHL/PHEO.1",1.95916458852868
"50245","D18","OKSR",2019-08-12,"OKSR.20190812.EPILITHON.5.CHL/PHEO.1",2.68963009143807
"50255","D18","OKSR",2019-08-12,"OKSR.20190812.EPILITHON.6.CHL/PHEO.1",3.93963009143807
"50266","D18","OKSR",2019-08-12,"OKSR.20190812.EPILITHON.7.CHL/PHEO.1",9.53086034912718
"50275","D18","OKSR",2019-08-12,"OKSR.20190812.EPILITHON.8.CHL/PHEO.1",42.6241687448046
"50285","D18","OKSR",2019-08-12,"OKSR.20190812.EPILITHON.8.REP2.CHL/PHEO.2",19.3266832917706
"50292","D18","OKSR",2020-07-24,"OKSR.20200724.EPILITHON.1.CHL/PHEO.1",16.7752493765586
"50304","D18","OKSR",2020-07-24,"OKSR.20200724.EPILITHON.1.REP2.CHL/PHEO.2",17.6106608478803
"50335","D18","OKSR",2020-07-24,"OKSR.20200724.EPILITHON.2.CHL/PHEO.1",5.1937863674148
"50347","D18","OKSR",2020-07-24,"OKSR.20200724.EPILITHON.3.CHL/PHEO.1",4.29810889443059
"50358","D18","OKSR",2020-07-24,"OKSR.20200724.EPILITHON.4.CHL/PHEO.1",13.1333125519535
"50369","D18","OKSR",2020-07-24,"OKSR.20200724.EPILITHON.5.CHL/PHEO.1",2.26828761429759
"50380","D18","OKSR",2020-07-24,"OKSR.20200724.EPILITHON.6.CHL/PHEO.1",1.49262261014131
"50390","D18","OKSR",2020-07-24,"OKSR.20200724.EPILITHON.7.CHL/PHEO.1",3.46269742310889
"50402","D18","OKSR",2020-07-24,"OKSR.20200724.EPILITHON.8.CHL/PHEO.1",10.2083333333333
"50415","D18","OKSR",2020-08-15,"OKSR.20200815.EPILITHON.1.CHL/PHEO.1",9.14536575228595
"50425","D18","OKSR",2020-08-15,"OKSR.20200815.EPILITHON.2.CHL/PHEO.1",2.13268911055694
"50437","D18","OKSR",2020-08-15,"OKSR.20200815.EPILITHON.3.CHL/PHEO.1",21.5674355777224
"50447","D18","OKSR",2020-08-15,"OKSR.20200815.EPILITHON.4.CHL/PHEO.1",0.759039900249377
"50458","D18","OKSR",2020-08-15,"OKSR.20200815.EPILITHON.5.CHL/PHEO.1",2.71093100581879
"50470","D18","OKSR",2020-08-15,"OKSR.20200815.EPILITHON.5.REP2.CHL/PHEO.2",2.53013300083126
"50502","D18","OKSR",2020-08-15,"OKSR.20200815.EPILITHON.6.CHL/PHEO.1",5.24106400665004
"50513","D18","OKSR",2020-08-15,"OKSR.20200815.EPILITHON.7.CHL/PHEO.1",3.83156691604323
"50524","D18","OKSR",2020-08-15,"OKSR.20200815.EPILITHON.8.CHL/PHEO.1",2.5665004156276
"50536","D18","OKSR",2021-07-01,"OKSR.20210701.EPILITHON.1.CHL/PHEO.1",12.3446591853699
"50547","D18","OKSR",2021-07-01,"OKSR.20210701.EPILITHON.2.CHL/PHEO.1",4.84985453034081
"50556","D18","OKSR",2021-07-01,"OKSR.20210701.EPILITHON.2.REP2.CHL/PHEO.2",4.4581255195345
"50583","D18","OKSR",2021-07-01,"OKSR.20210701.EPILITHON.3.CHL/PHEO.1",1.29312136325852
"50593","D18","OKSR",2021-07-01,"OKSR.20210701.EPILITHON.4.CHL/PHEO.1",28.2164380714879
"50603","D18","OKSR",2021-07-01,"OKSR.20210701.EPILITHON.5.CHL/PHEO.1",34.8789484621779
"50613","D18","OKSR",2021-07-01,"OKSR.20210701.EPILITHON.6.CHL/PHEO.1",1.05829177057357
"50622","D18","OKSR",2021-07-01,"OKSR.20210701.EPILITHON.7.CHL/PHEO.1",1.88123441396509
"50633","D18","OKSR",2021-07-01,"OKSR.20210701.EPILITHON.8.CHL/PHEO.1",11.5217165419784
"50644","D18","OKSR",2021-08-19,"OKSR.20210819.EPILITHON.1.CHL/PHEO.1",14.5781379883624
"50655","D18","OKSR",2021-08-19,"OKSR.20210819.EPILITHON.1.REP2.CHL/PHEO.2",14.4222776392352
"50680","D18","OKSR",2021-08-19,"OKSR.20210819.EPILITHON.2.CHL/PHEO.1",13.8767664172901
"50691","D18","OKSR",2021-08-19,"OKSR.20210819.EPILITHON.3.CHL/PHEO.1",16.8781172069825
"50701","D18","OKSR",2021-08-19,"OKSR.20210819.EPILITHON.4.CHL/PHEO.1",20.9710099750623
"50710","D18","OKSR",2021-08-19,"OKSR.20210819.EPILITHON.5.CHL/PHEO.1",22.6080631753948
"50720","D18","OKSR",2021-08-19,"OKSR.20210819.EPILITHON.6.CHL/PHEO.1",7.4059642560266
"50731","D18","OKSR",2021-08-19,"OKSR.20210819.EPILITHON.7.CHL/PHEO.1",13.2138403990025
"50740","D18","OKSR",2021-08-19,"OKSR.20210819.EPILITHON.8.CHL/PHEO.1",15.5917497921862
"50753","D18","OKSR",2022-06-17,"OKSR.20220617.EPILITHON.1.CHL/PHEO.1",5.95646300914381
"50763","D18","OKSR",2022-06-17,"OKSR.20220617.EPILITHON.2.CHL/PHEO.1",5.34964671654198
"50773","D18","OKSR",2022-06-17,"OKSR.20220617.EPILITHON.3.CHL/PHEO.1",34.3412302576891
"50782","D18","OKSR",2022-06-17,"OKSR.20220617.EPILITHON.4.CHL/PHEO.1",12.2807564422278
"50793","D18","OKSR",2022-06-17,"OKSR.20220617.EPILITHON.4.REP2.CHL/PHEO.2",12.6849542809643
"50819","D18","OKSR",2022-06-17,"OKSR.20220617.EPILITHON.5.CHL/PHEO.1",2.15087281795511
"50829","D18","OKSR",2022-06-17,"OKSR.20220617.EPILITHON.6.CHL/PHEO.1",6.61834995843724
"50838","D18","OKSR",2022-06-17,"OKSR.20220617.EPILITHON.7.CHL/PHEO.1",12.4656275976725
"50848","D18","OKSR",2022-06-17,"OKSR.20220617.EPILITHON.8.CHL/PHEO.1",17.0604738154613
"50861","D18","OKSR",2022-09-02,"OKSR.20220902.EPILITHON.1.CHL/PHEO.1",27.2308811305071
"50871","D18","OKSR",2022-09-02,"OKSR.20220902.EPILITHON.2.CHL/PHEO.1",71.4359933499584
"50881","D18","OKSR",2022-09-02,"OKSR.20220902.EPILITHON.3.CHL/PHEO.1",55.642144638404
"50891","D18","OKSR",2022-09-02,"OKSR.20220902.EPILITHON.4.CHL/PHEO.1",16.4110556940981
"50901","D18","OKSR",2022-09-02,"OKSR.20220902.EPILITHON.4.REP2.CHL/PHEO.2",16.3746882793017
"50926","D18","OKSR",2022-09-02,"OKSR.20220902.EPILITHON.5.CHL/PHEO.1",19.134455527847
"50936","D18","OKSR",2022-09-02,"OKSR.20220902.EPILITHON.6.CHL/PHEO.1",12.7805486284289
"50946","D18","OKSR",2022-09-02,"OKSR.20220902.EPILITHON.7.CHL/PHEO.1",18.2263092269327
"50956","D18","OKSR",2022-09-02,"OKSR.20220902.EPILITHON.8.CHL/PHEO.1",13.8331255195345
"50968","D18","OKSR",2023-06-14,"OKSR.20230614.EPILITHON.1.CHL/PHEO.1",4.00197423108894
"50979","D18","OKSR",2023-06-14,"OKSR.20230614.EPILITHON.2.CHL/PHEO.1",6.41884871155445
"50989","D18","OKSR",2023-06-14,"OKSR.20230614.EPILITHON.3.CHL/PHEO.1",14.4233167082294
"50999","D18","OKSR",2023-06-14,"OKSR.20230614.EPILITHON.4.CHL/PHEO.1",26.9903366583541
"51008","D18","OKSR",2023-06-14,"OKSR.20230614.EPILITHON.4.REP2.CHL/PHEO.2",26.5263923524522
"51034","D18","OKSR",2023-06-14,"OKSR.20230614.EPILITHON.5.CHL/PHEO.1",17.8647132169576
"51044","D18","OKSR",2023-06-14,"OKSR.20230614.EPILITHON.6.CHL/PHEO.1",2.12697423108894
"51054","D18","OKSR",2023-06-14,"OKSR.20230614.EPILITHON.7.CHL/PHEO.1",6.80538237738986
"51074","D18","OKSR",2023-07-07,"OKSR.20230707.EPILITHON.1.CHL/PHEO.1",30.1615752285952
"51084","D18","OKSR",2023-07-07,"OKSR.20230707.EPILITHON.2.CHL/PHEO.1",18.406068162926
"51094","D18","OKSR",2023-07-07,"OKSR.20230707.EPILITHON.3.CHL/PHEO.1",19.6435993349958
"51104","D18","OKSR",2023-07-07,"OKSR.20230707.EPILITHON.3.REP2.CHL/PHEO.2",19.2181005818786
"51131","D18","OKSR",2023-07-07,"OKSR.20230707.EPILITHON.4.CHL/PHEO.1",12.1804862842893
"51140","D18","OKSR",2023-07-07,"OKSR.20230707.EPILITHON.5.CHL/PHEO.1",7.23088113050707
"51151","D18","OKSR",2023-07-07,"OKSR.20230707.EPILITHON.6.CHL/PHEO.1",15.0420822942643
"51161","D18","OKSR",2023-07-07,"OKSR.20230707.EPILITHON.7.CHL/PHEO.1",16.2796134663342
"51171","D18","OKSR",2023-07-07,"OKSR.20230707.EPILITHON.8.CHL/PHEO.1",15.7767040731505
"51183","D18","OKSR",2023-08-12,"OKSR.20230812.EPILITHON.1.CHL/PHEO.1",34.0648379052369
"51192","D18","OKSR",2023-08-12,"OKSR.20230812.EPILITHON.2.CHL/PHEO.1",40.3361388196176
"51202","D18","OKSR",2023-08-12,"OKSR.20230812.EPILITHON.3.CHL/PHEO.1",21.1357024106401
"51212","D18","OKSR",2023-08-12,"OKSR.20230812.EPILITHON.3.REP2.CHL/PHEO.2",21.3294887780549
"51238","D18","OKSR",2023-08-12,"OKSR.20230812.EPILITHON.4.CHL/PHEO.1",18.6195968412303
"51249","D18","OKSR",2023-08-12,"OKSR.20230812.EPILITHON.5.CHL/PHEO.1",22.1035951787199
"51259","D18","OKSR",2023-08-12,"OKSR.20230812.EPILITHON.6.CHL/PHEO.1",11.8174563591022
"51269","D18","OKSR",2023-08-12,"OKSR.20230812.EPILITHON.7.CHL/PHEO.1",18.1161679135495
"51279","D18","OKSR",2023-08-12,"OKSR.20230812.EPILITHON.8.CHL/PHEO.1",16.800187032419
"52505","D02","POSE",2017-10-24,"POSE.20171024.EPILITHON.1",11.5871778886118
"52668","D02","POSE",2017-10-24,"POSE.20171024.EPIPELON.1",0.28987032670933
"52778","D02","POSE",2018-03-20,"POSE.20180320.EPILITHON.1.CHL/PHEO.1",13.5572527015794
"52878","D02","POSE",2018-03-20,"POSE.20180320.EPIPELON.1.CHL/PHEO.1",18.4908858201415
"52938","D02","POSE",2018-07-17,"POSE.20180717.EPILITHON.1.CHL/PHEO.1",38.2564422277639
"52949","D02","POSE",2018-07-17,"POSE.20180717.EPILITHON.2.CHL/PHEO.1",31.6677057356608
"52961","D02","POSE",2018-07-17,"POSE.20180717.EPILITHON.3.CHL/PHEO.1",30.6011014131338
"52972","D02","POSE",2018-07-17,"POSE.20180717.EPILITHON.4.CHL/PHEO.1",27.0791770573566
"52982","D02","POSE",2018-07-17,"POSE.20180717.EPILITHON.5.CHL/PHEO.1",16.370532003325
"52992","D02","POSE",2018-07-17,"POSE.20180717.EPILITHON.5.REP2.CHL/PHEO.2",16.9451371571072
"52998","D02","POSE",2018-07-17,"POSE.20180717.EPIPELON.1.CHL/PHEO.1",3.31277366116538
"53011","D02","POSE",2018-07-17,"POSE.20180717.EPIPELON.2.CHL/PHEO.1",1.78427079824857
"53020","D02","POSE",2018-07-17,"POSE.20180717.EPIPELON.3.CHL/PHEO.1",4.19627820815089
"53035","D02","POSE",2018-11-07,"POSE.20181107.EPILITHON.1.CHL/PHEO.1",102.073981712386
"53046","D02","POSE",2018-11-07,"POSE.20181107.EPILITHON.2.CHL/PHEO.1",71.4094970906068
"53056","D02","POSE",2018-11-07,"POSE.20181107.EPILITHON.2.REP2.CHL/PHEO.2",67.2147755610973
"53062","D02","POSE",2018-11-07,"POSE.20181107.EPILITHON.3.CHL/PHEO.1",66.479114713217
"53074","D02","POSE",2018-11-07,"POSE.20181107.EPILITHON.4.CHL/PHEO.1",68.0548628428928
"53084","D02","POSE",2018-11-07,"POSE.20181107.EPILITHON.5.CHL/PHEO.1",58.3146300914381
"53097","D02","POSE",2018-11-07,"POSE.20181107.EPIPELON.1.CHL/PHEO.1",6.18032165712361
"53106","D02","POSE",2018-11-07,"POSE.20181107.EPIPELON.2.CHL/PHEO.1",6.16748063320984
"53119","D02","POSE",2018-11-07,"POSE.20181107.EPIPELON.3.CHL/PHEO.1",6.15969181542607
"53132","D02","POSE",2019-04-04,"POSE.20190404.EPILITHON.1.CHL/PHEO.1",9.19887780548628
"53142","D02","POSE",2019-04-04,"POSE.20190404.EPILITHON.2.CHL/PHEO.1",11.324812967581
"53152","D02","POSE",2019-04-04,"POSE.20190404.EPILITHON.3.CHL/PHEO.1",33.1031795511222
"53162","D02","POSE",2019-04-04,"POSE.20190404.EPILITHON.4.CHL/PHEO.1",45.6473399833749
"53172","D02","POSE",2019-04-04,"POSE.20190404.EPILITHON.4.REP2.CHL/PHEO.2",51.0484206151288
"53176","D02","POSE",2019-04-04,"POSE.20190404.EPILITHON.5.CHL/PHEO.1",61.6760182876143
"53186","D02","POSE",2019-04-04,"POSE.20190404.EPIPELON.1.CHL/PHEO.1",3.95335129673291
"53196","D02","POSE",2019-04-04,"POSE.20190404.EPIPELON.2.CHL/PHEO.1",1.90594476254631
"53206","D02","POSE",2019-04-04,"POSE.20190404.EPIPELON.3.CHL/PHEO.1",7.90649208487706
"53218","D02","POSE",2019-07-16,"POSE.20190716.EPILITHON.1.CHL/PHEO.1",32.3820656691604
"53228","D02","POSE",2019-07-16,"POSE.20190716.EPILITHON.2.CHL/PHEO.1",46.3902743142145
"53238","D02","POSE",2019-07-16,"POSE.20190716.EPILITHON.3.CHL/PHEO.1",20.7392975893599
"53248","D02","POSE",2019-07-16,"POSE.20190716.EPILITHON.4.CHL/PHEO.1",41.1144014962594
"53258","D02","POSE",2019-07-16,"POSE.20190716.EPILITHON.5.CHL/PHEO.1",24.9231088944306
"53268","D02","POSE",2019-07-16,"POSE.20190716.EPIPELON.1.CHL/PHEO.1",1.68070057258336
"53278","D02","POSE",2019-07-16,"POSE.20190716.EPIPELON.2.CHL/PHEO.1",1.4741916470192
"53288","D02","POSE",2019-07-16,"POSE.20190716.EPIPELON.3.CHL/PHEO.1",1.07611990569215
"53298","D02","POSE",2019-07-16,"POSE.20190716.EPIPELON.3.REP2.CHL/PHEO.2",1.09085550690468
"53304","D02","POSE",2019-11-06,"POSE.20191106.EPILITHON.1.CHL/PHEO.1",5.64266417290108
"53305","D02","POSE",2019-11-06,"POSE.20191106.EPILITHON.1.CHL/PHEO.1",25.0836450540316
"53314","D02","POSE",2019-11-06,"POSE.20191106.EPILITHON.2.CHL/PHEO.1",3.01537822111388
"53315","D02","POSE",2019-11-06,"POSE.20191106.EPILITHON.2.CHL/PHEO.1",17.0085203657523
"53324","D02","POSE",2019-11-06,"POSE.20191106.EPILITHON.3.CHL/PHEO.1",2.49012884455528
"53325","D02","POSE",2019-11-06,"POSE.20191106.EPILITHON.3.CHL/PHEO.1",12.3181629260183
"53334","D02","POSE",2019-11-06,"POSE.20191106.EPILITHON.3.REP2.CHL/PHEO.2",12.2324397339983
"53335","D02","POSE",2019-11-06,"POSE.20191106.EPILITHON.3.REP2.CHL/PHEO.2",3.00083125519534
"53339","D02","POSE",2019-11-06,"POSE.20191106.EPILITHON.4.CHL/PHEO.1",1.8526600166251
"53340","D02","POSE",2019-11-06,"POSE.20191106.EPILITHON.4.CHL/PHEO.1",5.54914796342477
"53349","D02","POSE",2019-11-06,"POSE.20191106.EPILITHON.5.CHL/PHEO.1",2.70054031587697
"53350","D02","POSE",2019-11-06,"POSE.20191106.EPILITHON.5.CHL/PHEO.1",14.7750415627598
"53359","D02","POSE",2019-11-06,"POSE.20191106.EPIPELON.1.CHL/PHEO.1",4.10723307510947
"53360","D02","POSE",2019-11-06,"POSE.20191106.EPIPELON.1.CHL/PHEO.1",12.5414701919838
"53369","D02","POSE",2019-11-06,"POSE.20191106.EPIPELON.2.CHL/PHEO.1",13.9651397777029
"53370","D02","POSE",2019-11-06,"POSE.20191106.EPIPELON.2.CHL/PHEO.1",6.05633209834961
"53379","D02","POSE",2019-11-06,"POSE.20191106.EPIPELON.3.CHL/PHEO.1",14.2497473896935
"53380","D02","POSE",2019-11-06,"POSE.20191106.EPIPELON.3.CHL/PHEO.1",5.22103401818794
"53391","D02","POSE",2020-07-08,"POSE.20200708.EPILITHON.1.CHL/PHEO.1",4.40721113881962
"53403","D02","POSE",2020-07-08,"POSE.20200708.EPILITHON.2.CHL/PHEO.1",18.595178719867
"53413","D02","POSE",2020-07-08,"POSE.20200708.EPILITHON.3.CHL/PHEO.1",19.501246882793
"53424","D02","POSE",2020-07-08,"POSE.20200708.EPILITHON.4.CHL/PHEO.1",6.21882793017456
"53435","D02","POSE",2020-07-08,"POSE.20200708.EPILITHON.5.CHL/PHEO.1",17.3275145469659
"53447","D02","POSE",2020-07-08,"POSE.20200708.EPIPELON.1.CHL/PHEO.1",9.49162175816774
"53457","D02","POSE",2020-07-08,"POSE.20200708.EPIPELON.2.CHL/PHEO.1",6.38493600538902
"53468","D02","POSE",2020-07-08,"POSE.20200708.EPIPELON.3.CHL/PHEO.1",6.04243853149209
"53480","D02","POSE",2020-07-08,"POSE.20200708.EPIPELON.3.REP2.CHL/PHEO.2",5.40628157628831
"53513","D02","POSE",2020-11-04,"POSE.20201104.EPILITHON.1.CHL/PHEO.1",44.13393599335
"53525","D02","POSE",2020-11-04,"POSE.20201104.EPILITHON.2.CHL/PHEO.1",30.6701995012469
"53536","D02","POSE",2020-11-04,"POSE.20201104.EPILITHON.2.REP2.CHL/PHEO.2",31.6365336658354
"53567","D02","POSE",2020-11-04,"POSE.20201104.EPILITHON.3.CHL/PHEO.1",7.78834164588529
"53579","D02","POSE",2020-11-04,"POSE.20201104.EPILITHON.4.CHL/PHEO.1",14.6108686616791
"53590","D02","POSE",2020-11-04,"POSE.20201104.EPILITHON.5.CHL/PHEO.1",59.1074397339983
"53601","D02","POSE",2020-11-04,"POSE.20201104.EPIPELON.1.CHL/PHEO.1",0.635946446615022
"53611","D02","POSE",2020-11-04,"POSE.20201104.EPIPELON.2.CHL/PHEO.1",2.32401481980465
"53622","D02","POSE",2020-11-04,"POSE.20201104.EPIPELON.3.CHL/PHEO.1",0.807300437857865
"53635","D02","POSE",2021-03-22,"POSE.20210322.EPILITHON.1.CHL/PHEO.1",14.7968620116376
"53646","D02","POSE",2021-03-22,"POSE.20210322.EPILITHON.2.CHL/PHEO.1",38.4242518703242
"53657","D02","POSE",2021-03-22,"POSE.20210322.EPILITHON.3.CHL/PHEO.1",20.1070241064007
"53668","D02","POSE",2021-03-22,"POSE.20210322.EPILITHON.4.CHL/PHEO.1",14.558395677473
"53680","D02","POSE",2021-03-22,"POSE.20210322.EPILITHON.4.REP2.CHL/PHEO.2",14.4389027431421
"53712","D02","POSE",2021-03-22,"POSE.20210322.EPILITHON.5.CHL/PHEO.1",7.63715710723192
"53723","D02","POSE",2021-03-22,"POSE.20210322.EPIPELON.1.CHL/PHEO.1",25.9409733917144
"53733","D02","POSE",2021-03-22,"POSE.20210322.EPIPELON.2.CHL/PHEO.1",14.118600538902
"53744","D02","POSE",2021-03-22,"POSE.20210322.EPIPELON.3.CHL/PHEO.1",22.8464971370832
"53758","D02","POSE",2021-07-21,"POSE.20210721.EPILITHON.1.CHL/PHEO.1",19.9329800498753
"53768","D02","POSE",2021-07-21,"POSE.20210721.EPILITHON.2.CHL/PHEO.1",5.79748545303408
"53779","D02","POSE",2021-07-21,"POSE.20210721.EPILITHON.2.REP2.CHL/PHEO.2",5.99283042394015
"53811","D02","POSE",2021-07-21,"POSE.20210721.EPILITHON.3.CHL/PHEO.1",13.1582502078138
"53823","D02","POSE",2021-07-21,"POSE.20210721.EPILITHON.4.CHL/PHEO.1",16.6760182876143
"53833","D02","POSE",2021-07-21,"POSE.20210721.EPILITHON.5.CHL/PHEO.1",14.7864713216958
"53845","D02","POSE",2021-07-21,"POSE.20210721.EPIPELON.1.CHL/PHEO.1",4.46046648703267
"53855","D02","POSE",2021-07-21,"POSE.20210721.EPIPELON.2.CHL/PHEO.1",4.6981306837319
"53866","D02","POSE",2021-07-21,"POSE.20210721.EPIPELON.3.CHL/PHEO.1",0.554269114179859
"53880","D02","POSE",2021-10-19,"POSE.20211019.EPILITHON.1.CHL/PHEO.1",27.0256650041563
"53891","D02","POSE",2021-10-19,"POSE.20211019.EPILITHON.2.CHL/PHEO.1",22.7379467996675
"53901","D02","POSE",2021-10-19,"POSE.20211019.EPILITHON.3.CHL/PHEO.1",15.3969243557772
"53912","D02","POSE",2021-10-19,"POSE.20211019.EPILITHON.4.CHL/PHEO.1",13.2528054862843
"53924","D02","POSE",2021-10-19,"POSE.20211019.EPILITHON.4.REP2.CHL/PHEO.2",13.0579800498753
"53956","D02","POSE",2021-10-19,"POSE.20211019.EPILITHON.5.CHL/PHEO.1",15.5268079800499
"53967","D02","POSE",2021-10-19,"POSE.20211019.EPIPELON.1.CHL/PHEO.1",2.44487369484675
"53977","D02","POSE",2021-10-19,"POSE.20211019.EPIPELON.2.CHL/PHEO.1",1.12328056584709
"53988","D02","POSE",2021-10-19,"POSE.20211019.EPIPELON.3.CHL/PHEO.1",2.50063152576625
"54002","D02","POSE",2022-03-22,"POSE.20220322.EPILITHON.1.CHL/PHEO.1",20.854114713217
"54013","D02","POSE",2022-03-22,"POSE.20220322.EPILITHON.2.CHL/PHEO.1",16.5663965087282
"54024","D02","POSE",2022-03-22,"POSE.20220322.EPILITHON.3.CHL/PHEO.1",61.0660847880299
"54034","D02","POSE",2022-03-22,"POSE.20220322.EPILITHON.4.CHL/PHEO.1",5.58707398171239
"54045","D02","POSE",2022-03-22,"POSE.20220322.EPILITHON.5.CHL/PHEO.1",4.54748545303408
"54057","D02","POSE",2022-03-22,"POSE.20220322.EPILITHON.5.REP2.CHL/PHEO.2",4.80725270157938
"54089","D02","POSE",2022-03-22,"POSE.20220322.EPIPELON.1.CHL/PHEO.1",12.5825193667902
"54099","D02","POSE",2022-03-22,"POSE.20220322.EPIPELON.2.CHL/PHEO.1",24.9010609632873
"54111","D02","POSE",2022-03-22,"POSE.20220322.EPIPELON.3.CHL/PHEO.1",11.1874789491411
"54124","D02","POSE",2022-07-20,"POSE.20220720.EPILITHON.1.CHL/PHEO.1",21.0515378221114
"54135","D02","POSE",2022-07-20,"POSE.20220720.EPILITHON.2.CHL/PHEO.1",30.2727556109726
"54145","D02","POSE",2022-07-20,"POSE.20220720.EPILITHON.3.CHL/PHEO.1",28.6954488778055
"54156","D02","POSE",2022-07-20,"POSE.20220720.EPILITHON.3.REP2.CHL/PHEO.2",28.9380714879468
"54189","D02","POSE",2022-07-20,"POSE.20220720.EPILITHON.4.CHL/PHEO.1",37.7956151288446
"54199","D02","POSE",2022-07-20,"POSE.20220720.EPILITHON.5.CHL/PHEO.1",30.1517040731505
"54210","D02","POSE",2022-07-20,"POSE.20220720.EPIPELON.1.CHL/PHEO.1",6.75985180195352
"54221","D02","POSE",2022-07-20,"POSE.20220720.EPIPELON.2.CHL/PHEO.1",7.59578140788144
"54232","D02","POSE",2022-07-20,"POSE.20220720.EPIPELON.3.CHL/PHEO.1",6.07169922532839
"54245","D02","POSE",2022-10-18,"POSE.20221018.EPILITHON.1.CHL/PHEO.1",22.2688071487947
"54257","D02","POSE",2022-10-18,"POSE.20221018.EPILITHON.1.REP2.CHL/PHEO.2",21.9056525353283
"54289","D02","POSE",2022-10-18,"POSE.20221018.EPILITHON.2.CHL/PHEO.1",15.1885910224439
"54299","D02","POSE",2022-10-18,"POSE.20221018.EPILITHON.3.CHL/PHEO.1",11.1949293433084
"54311","D02","POSE",2022-10-18,"POSE.20221018.EPILITHON.4.CHL/PHEO.1",13.9785951787199
"54321","D02","POSE",2022-10-18,"POSE.20221018.EPILITHON.5.CHL/PHEO.1",18.698566084788
"54332","D02","POSE",2022-10-18,"POSE.20221018.EPIPELON.1.CHL/PHEO.1",9.07207814078815
"54344","D02","POSE",2022-10-18,"POSE.20221018.EPIPELON.2.CHL/PHEO.1",10.1999831593129
"54354","D02","POSE",2022-10-18,"POSE.20221018.EPIPELON.3.CHL/PHEO.1",5.44333108790839
"54367","D02","POSE",2023-03-22,"POSE.20230322.EPILITHON.1.CHL/PHEO.1",24.122506234414
"54379","D02","POSE",2023-03-22,"POSE.20230322.EPILITHON.2.CHL/PHEO.1",20.9923108894431
"54389","D02","POSE",2023-03-22,"POSE.20230322.EPILITHON.3.CHL/PHEO.1",54.0160016625104
"54400","D02","POSE",2023-03-22,"POSE.20230322.EPILITHON.3.REP2.CHL/PHEO.2",59.2321280133001
"54433","D02","POSE",2023-03-22,"POSE.20230322.EPILITHON.4.CHL/PHEO.1",7.18152535328346
"54443","D02","POSE",2023-03-22,"POSE.20230322.EPILITHON.5.CHL/PHEO.1",12.7279301745636
"54455","D02","POSE",2023-03-22,"POSE.20230322.EPIPELON.1.CHL/PHEO.1",16.2653671269788
"54466","D02","POSE",2023-03-22,"POSE.20230322.EPIPELON.2.CHL/PHEO.1",31.5615527113506
"54476","D02","POSE",2023-03-22,"POSE.20230322.EPIPELON.3.CHL/PHEO.1",12.1617126978781
"54489","D02","POSE",2023-07-19,"POSE.20230719.EPILITHON.1.CHL/PHEO.1",29.8389443059019
"54500","D02","POSE",2023-07-19,"POSE.20230719.EPILITHON.2.CHL/PHEO.1",39.3770781379884
"54511","D02","POSE",2023-07-19,"POSE.20230719.EPILITHON.3.CHL/PHEO.1",34.8015378221114
"54522","D02","POSE",2023-07-19,"POSE.20230719.EPILITHON.3.REP2.CHL/PHEO.2",34.415004156276
"54555","D02","POSE",2023-07-19,"POSE.20230719.EPILITHON.4.CHL/PHEO.1",46.6599127182045
"54566","D02","POSE",2023-07-19,"POSE.20230719.EPILITHON.5.CHL/PHEO.1",25.2634039900249
"54577","D02","POSE",2023-07-19,"POSE.20230719.EPIPELON.1.CHL/PHEO.1",11.2287386325362
"54588","D02","POSE",2023-07-19,"POSE.20230719.EPIPELON.2.CHL/PHEO.1",9.76633546648703
"54598","D02","POSE",2023-07-19,"POSE.20230719.EPIPELON.3.CHL/PHEO.1",7.41621758167733
"54612","D02","POSE",2023-10-17,"POSE.20231017.EPILITHON.1.CHL/PHEO.1",24.9729842061513
"54622","D02","POSE",2023-10-17,"POSE.20231017.EPILITHON.2.CHL/PHEO.1",16.6058811305071
"54633","D02","POSE",2023-10-17,"POSE.20231017.EPILITHON.2.REP2.CHL/PHEO.2",10.877493765586
"54665","D02","POSE",2023-10-17,"POSE.20231017.EPILITHON.3.CHL/PHEO.1",10.6198046550291
"54676","D02","POSE",2023-10-17,"POSE.20231017.EPILITHON.4.CHL/PHEO.1",20.7768079800499
"54688","D02","POSE",2023-10-17,"POSE.20231017.EPILITHON.5.CHL/PHEO.1",24.715710723192
"54699","D02","POSE",2023-10-17,"POSE.20231017.EPIPELON.1.CHL/PHEO.1",10.0665207140451
"54710","D02","POSE",2023-10-17,"POSE.20231017.EPIPELON.2.CHL/PHEO.1",10.4839592455372
"54720","D02","POSE",2023-10-17,"POSE.20231017.EPIPELON.3.CHL/PHEO.1",13.6447457056248
"55191","D11","PRIN",2017-10-26,"PRIN.20171026.EPILITHON.1",22.9202992518703
"55290","D11","PRIN",2017-10-26,"PRIN.20171026.EPIPSAMMON.1",9.28604243853149
"55462","D11","PRIN",2018-03-14,"PRIN.20180314.EPILITHON.1.CHL/PHEO.1",20.9886741479634
"55473","D11","PRIN",2018-03-14,"PRIN.20180314.EPILITHON.2.CHL/PHEO.1",27.041251039069
"55486","D11","PRIN",2018-03-14,"PRIN.20180314.EPILITHON.3.CHL/PHEO.1",37.7213216957606
"55496","D11","PRIN",2018-03-14,"PRIN.20180314.EPIPSAMMON.1.CHL/PHEO.1",11.5541933310879
"55507","D11","PRIN",2018-03-14,"PRIN.20180314.EPIPSAMMON.2.CHL/PHEO.1",8.80842034355002
"55519","D11","PRIN",2018-03-14,"PRIN.20180314.EPIPSAMMON.3.CHL/PHEO.1",6.21278881778377
"55530","D11","PRIN",2018-03-14,"PRIN.20180314.EPIPSAMMON.4.CHL/PHEO.1",6.45665207140451
"55539","D11","PRIN",2018-03-14,"PRIN.20180314.EPIPSAMMON.5.CHL/PHEO.1",6.83039575614685
"55552","D11","PRIN",2018-03-14,"PRIN.20180314.EPIPSAMMON.5.REP2.CHL/PHEO.2",8.01459750757831
"55561","D11","PRIN",2018-07-24,"PRIN.20180724.EPIPSAMMON.1.CHL/PHEO.1",4.21550690468171
"55572","D11","PRIN",2018-07-24,"PRIN.20180724.EPIPSAMMON.2.CHL/PHEO.1",2.52233411923206
"55583","D11","PRIN",2018-07-24,"PRIN.20180724.EPIPSAMMON.3.CHL/PHEO.1",20.1052340855507
"55594","D11","PRIN",2018-07-24,"PRIN.20180724.EPIPSAMMON.3.REP2.CHL/PHEO.2",13.2289659818121
"55601","D11","PRIN",2018-11-01,"PRIN.20181101.EPILITHON.1.CHL/PHEO.1",24.9890897755611
"55614","D11","PRIN",2018-11-01,"PRIN.20181101.EPILITHON.2.CHL/PHEO.1",29.4066916043225
"55625","D11","PRIN",2018-11-01,"PRIN.20181101.EPILITHON.3.CHL/PHEO.1",97.8283458021613
"55634","D11","PRIN",2018-11-01,"PRIN.20181101.EPIPSAMMON.1.CHL/PHEO.1",1.49049680026945
"55645","D11","PRIN",2018-11-01,"PRIN.20181101.EPIPSAMMON.2.CHL/PHEO.1",5.69102054563826
"55657","D11","PRIN",2018-11-01,"PRIN.20181101.EPIPSAMMON.3.CHL/PHEO.1",1.25500168406871
"55667","D11","PRIN",2018-11-01,"PRIN.20181101.EPIPSAMMON.4.CHL/PHEO.1",0.381593128999663
"55678","D11","PRIN",2018-11-01,"PRIN.20181101.EPIPSAMMON.5.CHL/PHEO.1",0.34481812057932
"55690","D11","PRIN",2018-11-01,"PRIN.20181101.EPIPSAMMON.5.REP2.CHL/PHEO.2",0.453580330077467
"55699","D11","PRIN",2019-02-20,"PRIN.20190220.EPILITHON.1.CHL/PHEO.1",28.6902535328346
"55709","D11","PRIN",2019-02-20,"PRIN.20190220.EPILITHON.2.CHL/PHEO.1",27.293744804655
"55718","D11","PRIN",2019-02-20,"PRIN.20190220.EPILITHON.3.CHL/PHEO.1",135.833333333333
"55729","D11","PRIN",2019-02-20,"PRIN.20190220.EPIPSAMMON.1.CHL/PHEO.1",55.9380262714719
"55738","D11","PRIN",2019-02-20,"PRIN.20190220.EPIPSAMMON.2.CHL/PHEO.1",35.4273324351634
"55748","D11","PRIN",2019-02-20,"PRIN.20190220.EPIPSAMMON.2.REP2.CHL/PHEO.2",41.4070394072078
"55753","D11","PRIN",2019-02-20,"PRIN.20190220.EPIPSAMMON.3.CHL/PHEO.1",32.5983075109464
"55764","D11","PRIN",2019-02-20,"PRIN.20190220.EPIPSAMMON.4.CHL/PHEO.1",33.9485095991917
"55774","D11","PRIN",2019-02-20,"PRIN.20190220.EPIPSAMMON.5.CHL/PHEO.1",15.4311215897609
"55786","D11","PRIN",2019-07-02,"PRIN.20190702.EPILITHON.1.CHL/PHEO.1",59.4908561928512
"55795","D11","PRIN",2019-07-02,"PRIN.20190702.EPILITHON.2.CHL/PHEO.1",128.260598503741
"55805","D11","PRIN",2019-07-02,"PRIN.20190702.EPILITHON.3.CHL/PHEO.1",85.5070656691604
"55816","D11","PRIN",2019-07-02,"PRIN.20190702.EPIPSAMMON.1.CHL/PHEO.1",1.99334792859549
"55825","D11","PRIN",2019-07-02,"PRIN.20190702.EPIPSAMMON.2.CHL/PHEO.1",2.74233748736949
"55835","D11","PRIN",2019-07-02,"PRIN.20190702.EPIPSAMMON.3.CHL/PHEO.1",4.45983496126642
"55845","D11","PRIN",2019-07-02,"PRIN.20190702.EPIPSAMMON.4.CHL/PHEO.1",2.02719770966655
"55855","D11","PRIN",2019-07-02,"PRIN.20190702.EPIPSAMMON.5.CHL/PHEO.1",3.23233075109464
"55866","D11","PRIN",2019-07-02,"PRIN.20190702.EPIPSAMMON.5.REP2.CHL/PHEO.2",2.82364769282587
"55872","D11","PRIN",2019-10-22,"PRIN.20191022.EPIPSAMMON.1.CHL/PHEO.1",11.8700740990232
"55883","D11","PRIN",2019-10-22,"PRIN.20191022.EPIPSAMMON.2.CHL/PHEO.1",7.81032334119232
"55892","D11","PRIN",2019-10-22,"PRIN.20191022.EPIPSAMMON.2.REP2.CHL/PHEO.2",8.61508925564163
"55898","D11","PRIN",2019-10-22,"PRIN.20191022.EPIPSAMMON.3.CHL/PHEO.1",7.3508925564163
"55907","D11","PRIN",2019-10-22,"PRIN.20191022.EPIPSAMMON.4.CHL/PHEO.1",15.2421690804985
"55918","D11","PRIN",2019-10-22,"PRIN.20191022.EPIPSAMMON.5.CHL/PHEO.1",12.780633209835
"56021","D11","PRIN",2020-10-29,"PRIN.20201029.EPILITHON.1.CHL/PHEO.1",43.113570241064
"56031","D11","PRIN",2020-10-29,"PRIN.20201029.EPILITHON.2.CHL/PHEO.1",21.8656483790524
"56043","D11","PRIN",2020-10-29,"PRIN.20201029.EPILITHON.3.CHL/PHEO.1",28.3740648379052
"56054","D11","PRIN",2020-10-29,"PRIN.20201029.EPIPSAMMON.1.CHL/PHEO.1",37.6023071741327
"56064","D11","PRIN",2020-10-29,"PRIN.20201029.EPIPSAMMON.1.REP2.CHL/PHEO.2",35.5923711687437
"56097","D11","PRIN",2020-10-29,"PRIN.20201029.EPIPSAMMON.2.CHL/PHEO.1",15.7264314584035
"56108","D11","PRIN",2020-10-29,"PRIN.20201029.EPIPSAMMON.3.CHL/PHEO.1",25.1380346918154
"56118","D11","PRIN",2020-10-29,"PRIN.20201029.EPIPSAMMON.4.CHL/PHEO.1",37.7126136746379
"56129","D11","PRIN",2020-10-29,"PRIN.20201029.EPIPSAMMON.5.CHL/PHEO.1",6.79928932300438
"56143","D11","PRIN",2021-03-11,"PRIN.20210311.EPILITHON.1.CHL/PHEO.1",91.6945137157107
"56154","D11","PRIN",2021-03-11,"PRIN.20210311.EPILITHON.2.CHL/PHEO.1",91.2562344139651
"56165","D11","PRIN",2021-03-11,"PRIN.20210311.EPILITHON.3.CHL/PHEO.1",96.3011221945137
"56175","D11","PRIN",2021-03-11,"PRIN.20210311.EPIPSAMMON.1.CHL/PHEO.1",244.124031660492
"56186","D11","PRIN",2021-03-11,"PRIN.20210311.EPIPSAMMON.1.REP2.CHL/PHEO.2",112.84262377905
"56218","D11","PRIN",2021-03-11,"PRIN.20210311.EPIPSAMMON.2.CHL/PHEO.1",128.001886156955
"56230","D11","PRIN",2021-03-11,"PRIN.20210311.EPIPSAMMON.3.CHL/PHEO.1",48.324755810037
"56241","D11","PRIN",2021-03-11,"PRIN.20210311.EPIPSAMMON.4.CHL/PHEO.1",66.8060289659818
"56251","D11","PRIN",2021-03-11,"PRIN.20210311.EPIPSAMMON.5.CHL/PHEO.1",110.871977096666
"56265","D11","PRIN",2021-07-14,"PRIN.20210714.EPILITHON.1.CHL/PHEO.1",21.3092269326683
"56276","D11","PRIN",2021-07-14,"PRIN.20210714.EPILITHON.2.CHL/PHEO.1",27.4979218620116
"56287","D11","PRIN",2021-07-14,"PRIN.20210714.EPILITHON.3.CHL/PHEO.1",4.25872817955112
"56298","D11","PRIN",2021-07-14,"PRIN.20210714.EPIPSAMMON.1.CHL/PHEO.1",0.426524082182553
"56308","D11","PRIN",2021-07-14,"PRIN.20210714.EPIPSAMMON.2.CHL/PHEO.1",3.70926237790502
"56320","D11","PRIN",2021-07-14,"PRIN.20210714.EPIPSAMMON.3.CHL/PHEO.1",15.7317143819468
"56330","D11","PRIN",2021-07-14,"PRIN.20210714.EPIPSAMMON.3.REP2.CHL/PHEO.2",15.0217581677332
"56362","D11","PRIN",2021-07-14,"PRIN.20210714.EPIPSAMMON.4.CHL/PHEO.1",2.77557426743011
"56374","D11","PRIN",2021-07-14,"PRIN.20210714.EPIPSAMMON.5.CHL/PHEO.1",5.52667564836645
"56387","D11","PRIN",2021-10-20,"PRIN.20211020.EPILITHON.1.CHL/PHEO.1",44.0076891105569
"56398","D11","PRIN",2021-10-20,"PRIN.20211020.EPILITHON.2.CHL/PHEO.1",20.1132585203658
"56409","D11","PRIN",2021-10-20,"PRIN.20211020.EPILITHON.3.CHL/PHEO.1",42.5264962593516
"56420","D11","PRIN",2021-10-20,"PRIN.20211020.EPIPSAMMON.1.CHL/PHEO.1",15.9294695183564
"56431","D11","PRIN",2021-10-20,"PRIN.20211020.EPIPSAMMON.2.CHL/PHEO.1",15.0601060963287
"56442","D11","PRIN",2021-10-20,"PRIN.20211020.EPIPSAMMON.3.CHL/PHEO.1",5.84795890872348
"56452","D11","PRIN",2021-10-20,"PRIN.20211020.EPIPSAMMON.4.CHL/PHEO.1",15.4742000673627
"56463","D11","PRIN",2021-10-20,"PRIN.20211020.EPIPSAMMON.4.REP2.CHL/PHEO.2",15.4274671606602
"56495","D11","PRIN",2021-10-20,"PRIN.20211020.EPIPSAMMON.5.CHL/PHEO.1",11.68663186258
"56509","D11","PRIN",2022-02-14,"PRIN.20220214.EPILITHON.1.CHL/PHEO.1",90.5105985037406
"56519","D11","PRIN",2022-02-14,"PRIN.20220214.EPILITHON.2.CHL/PHEO.1",44.8299251870324
"56531","D11","PRIN",2022-02-14,"PRIN.20220214.EPILITHON.3.CHL/PHEO.1",37.669991687448
"56541","D11","PRIN",2022-02-14,"PRIN.20220214.EPIPSAMMON.1.CHL/PHEO.1",19.8294981475244
"56553","D11","PRIN",2022-02-14,"PRIN.20220214.EPIPSAMMON.2.CHL/PHEO.1",16.9382249915797
"56563","D11","PRIN",2022-02-14,"PRIN.20220214.EPIPSAMMON.3.CHL/PHEO.1",18.0524418996295
"56574","D11","PRIN",2022-02-14,"PRIN.20220214.EPIPSAMMON.4.CHL/PHEO.1",18.4388346244527
"56586","D11","PRIN",2022-02-14,"PRIN.20220214.EPIPSAMMON.4.REP2.CHL/PHEO.2",18.4388346244527
"56618","D11","PRIN",2022-02-14,"PRIN.20220214.EPIPSAMMON.5.CHL/PHEO.1",38.5605119568878
"56630","D11","PRIN",2022-07-11,"PRIN.20220711.EPILITHON.1.CHL/PHEO.1",24.6228179551122
"56641","D11","PRIN",2022-07-11,"PRIN.20220711.EPIPSAMMON.1.CHL/PHEO.1",15.6079488043112
"56653","D11","PRIN",2022-07-11,"PRIN.20220711.EPIPSAMMON.2.CHL/PHEO.1",15.4584877062984
"56664","D11","PRIN",2022-07-11,"PRIN.20220711.EPIPSAMMON.3.CHL/PHEO.1",17.0764567194342
"56675","D11","PRIN",2022-07-11,"PRIN.20220711.EPIPSAMMON.4.CHL/PHEO.1",16.8474233748737
"56686","D11","PRIN",2022-07-11,"PRIN.20220711.EPIPSAMMON.4.REP2.CHL/PHEO.2",17.2061300101044
"56718","D11","PRIN",2022-07-11,"PRIN.20220711.EPIPSAMMON.5.CHL/PHEO.1",5.39196699225328
"56731","D11","PRIN",2022-11-15,"PRIN.20221115.EPILITHON.1.CHL/PHEO.1",25.4850374064838
"56741","D11","PRIN",2022-11-15,"PRIN.20221115.EPILITHON.2.CHL/PHEO.1",32.3697007481297
"56753","D11","PRIN",2022-11-15,"PRIN.20221115.EPILITHON.3.CHL/PHEO.1",18.5451995012469
"56764","D11","PRIN",2022-11-15,"PRIN.20221115.EPIPSAMMON.1.CHL/PHEO.1",8.65157965644998
"56774","D11","PRIN",2022-11-15,"PRIN.20221115.EPIPSAMMON.2.CHL/PHEO.1",14.4078982822499
"56785","D11","PRIN",2022-11-15,"PRIN.20221115.EPIPSAMMON.2.REP2.CHL/PHEO.2",14.6696598181206
"56818","D11","PRIN",2022-11-15,"PRIN.20221115.EPIPSAMMON.3.CHL/PHEO.1",15.7379589087235
"56829","D11","PRIN",2022-11-15,"PRIN.20221115.EPIPSAMMON.4.CHL/PHEO.1",17.6491478612327
"56840","D11","PRIN",2022-11-15,"PRIN.20221115.EPIPSAMMON.5.CHL/PHEO.1",4.16576625126305
"56853","D11","PRIN",2023-03-28,"PRIN.20230328.EPILITHON.1.CHL/PHEO.1",3.85858270989194
"56863","D11","PRIN",2023-03-28,"PRIN.20230328.EPILITHON.2.CHL/PHEO.1",17.9326683291771
"56874","D11","PRIN",2023-03-28,"PRIN.20230328.EPILITHON.3.CHL/PHEO.1",46.5762676641729
"56886","D11","PRIN",2023-03-28,"PRIN.20230328.EPIPSAMMON.1.CHL/PHEO.1",20.8079319636241
"56896","D11","PRIN",2023-03-28,"PRIN.20230328.EPIPSAMMON.2.CHL/PHEO.1",8.42750084203436
"56908","D11","PRIN",2023-03-28,"PRIN.20230328.EPIPSAMMON.2.REP2.CHL/PHEO.2",10.1844055237454
"56940","D11","PRIN",2023-03-28,"PRIN.20230328.EPIPSAMMON.3.CHL/PHEO.1",18.0532165712361
"56951","D11","PRIN",2023-03-28,"PRIN.20230328.EPIPSAMMON.4.CHL/PHEO.1",8.21909733917144
"56961","D11","PRIN",2023-03-28,"PRIN.20230328.EPIPSAMMON.5.CHL/PHEO.1",18.5744358369822
"56974","D11","PRIN",2023-07-12,"PRIN.20230712.EPIPSAMMON.1.CHL/PHEO.1",16.6240080835298
"56986","D11","PRIN",2023-07-12,"PRIN.20230712.EPIPSAMMON.2.CHL/PHEO.1",17.590063994611
"56996","D11","PRIN",2023-07-12,"PRIN.20230712.EPIPSAMMON.3.CHL/PHEO.1",8.057642303806
"57007","D11","PRIN",2023-07-12,"PRIN.20230712.EPIPSAMMON.4.CHL/PHEO.1",15.572409902324
"57019","D11","PRIN",2023-07-12,"PRIN.20230712.EPIPSAMMON.5.CHL/PHEO.1",12.8044122600202
"57030","D11","PRIN",2023-07-12,"PRIN.20230712.EPIPSAMMON.5.REP2.CHL/PHEO.2",2.60005894240485
"57063","D11","PRIN",2023-11-21,"PRIN.20231121.EPILITHON.1.CHL/PHEO.1",27.5987115544472
"57075","D11","PRIN",2023-11-21,"PRIN.20231121.EPILITHON.2.CHL/PHEO.1",30.5579800498753
"57086","D11","PRIN",2023-11-21,"PRIN.20231121.EPILITHON.3.CHL/PHEO.1",31.8672069825436
"57096","D11","PRIN",2023-11-21,"PRIN.20231121.EPIPSAMMON.1.CHL/PHEO.1",15.1721960255978
"57108","D11","PRIN",2023-11-21,"PRIN.20231121.EPIPSAMMON.2.CHL/PHEO.1",23.0730043785786
"57119","D11","PRIN",2023-11-21,"PRIN.20231121.EPIPSAMMON.3.CHL/PHEO.1",28.7379252273493
"57130","D11","PRIN",2023-11-21,"PRIN.20231121.EPIPSAMMON.3.REP2.CHL/PHEO.2",28.9419669922533
"57162","D11","PRIN",2023-11-21,"PRIN.20231121.EPIPSAMMON.4.CHL/PHEO.1",17.0785618053217
"57172","D11","PRIN",2023-11-21,"PRIN.20231121.EPIPSAMMON.5.CHL/PHEO.1",6.05338497810711
"58163","D09","PRLA",2018-05-09,"PRLA.20180509.EPILITHON.1.CHL/PHEO.1",129.054447215295
"58174","D09","PRLA",2018-05-09,"PRLA.20180509.EPILITHON.3.CHL/PHEO.1",214.629052369077
"58185","D09","PRLA",2018-05-09,"PRLA.20180509.EPILITHON.5.CHL/PHEO.1",209.849334995844
"58196","D09","PRLA",2018-05-09,"PRLA.20180509.EPILITHON.7.CHL/PHEO.1",123.278262676642
"58208","D09","PRLA",2018-05-09,"PRLA.20180509.EPILITHON.7.REP2.CHL/PHEO.2",122.876142975894
"58214","D09","PRLA",2018-05-09,"PRLA.20180509.EPILITHON.9.CHL/PHEO.1",121.700955943475
"58259","D09","PRLA",2018-07-11,"PRLA.20180711.EPILITHON.1.CHL/PHEO.1",26.84642560266
"58269","D09","PRLA",2018-07-11,"PRLA.20180711.EPILITHON.3.CHL/PHEO.1",98.2231920199501
"58281","D09","PRLA",2018-07-11,"PRLA.20180711.EPILITHON.5.CHL/PHEO.1",224.545926849543
"58291","D09","PRLA",2018-07-11,"PRLA.20180711.EPILITHON.7.CHL/PHEO.1",249.033665835411
"58303","D09","PRLA",2018-07-11,"PRLA.20180711.EPILITHON.9.CHL/PHEO.1",21.6365336658354
"58313","D09","PRLA",2018-07-11,"PRLA.20180711.EPILITHON.9.REP2.CHL/PHEO.2",16.1325852036575
"58353","D09","PRLA",2018-09-11,"PRLA.20180911.EPILITHON.10.CHL/PHEO.1",36.5814630091438
"58363","D09","PRLA",2018-09-11,"PRLA.20180911.EPILITHON.2.CHL/PHEO.1",76.2011637572735
"58374","D09","PRLA",2018-09-11,"PRLA.20180911.EPILITHON.5.CHL/PHEO.1",71.3123441396509
"58386","D09","PRLA",2018-09-11,"PRLA.20180911.EPILITHON.6.CHL/PHEO.1",27.3431005818786
"58409","D09","PRLA",2018-09-11,"PRLA.20180911.EPILITHON.8.CHL/PHEO.1",51.3518287614298
"58452","D09","PRLA",2019-04-24,"PRLA.20190424.EPILITHON.10.CHL/PHEO.1",44.4274729842061
"58462","D09","PRLA",2019-04-24,"PRLA.20190424.EPILITHON.2.CHL/PHEO.1",50.4748545303408
"58472","D09","PRLA",2019-04-24,"PRLA.20190424.EPILITHON.3.CHL/PHEO.1",59.7339983374896
"58483","D09","PRLA",2019-04-24,"PRLA.20190424.EPILITHON.6.CHL/PHEO.1",73.1743557772236
"58493","D09","PRLA",2019-04-24,"PRLA.20190424.EPILITHON.8.CHL/PHEO.1",97.9135494596841
"58503","D09","PRLA",2019-04-24,"PRLA.20190424.EPILITHON.8.REP2.CHL/PHEO.2",91.989817123857
"58537","D09","PRLA",2019-07-11,"PRLA.20190711.EPILITHON.1.CHL/PHEO.1",559.446176226101
"58547","D09","PRLA",2019-07-11,"PRLA.20190711.EPILITHON.3.CHL/PHEO.1",327.463632585204
"58557","D09","PRLA",2019-07-11,"PRLA.20190711.EPILITHON.3.REP2.CHL/PHEO.2",324.73399833749
"58563","D09","PRLA",2019-07-11,"PRLA.20190711.EPILITHON.5.CHL/PHEO.1",360.209891936825
"58573","D09","PRLA",2019-07-11,"PRLA.20190711.EPILITHON.7.CHL/PHEO.1",368.395677472984
"58583","D09","PRLA",2019-07-11,"PRLA.20190711.EPILITHON.9.CHL/PHEO.1",290.350166251039
"58622","D09","PRLA",2019-09-10,"PRLA.20190910.EPILITHON.1.CHL/PHEO.1",314.226932668329
"58632","D09","PRLA",2019-09-10,"PRLA.20190910.EPILITHON.3.CHL/PHEO.1",566.668744804655
"58642","D09","PRLA",2019-09-10,"PRLA.20190910.EPILITHON.3.REP2.CHL/PHEO.2",587.852244389027
"58647","D09","PRLA",2019-09-10,"PRLA.20190910.EPILITHON.5.CHL/PHEO.1",338.942227763924
"58658","D09","PRLA",2019-09-10,"PRLA.20190910.EPILITHON.7.CHL/PHEO.1",536.657315045719
"58667","D09","PRLA",2019-09-10,"PRLA.20190910.EPILITHON.9.CHL/PHEO.1",275.389650872818
"58707","D09","PRLA",2020-06-15,"PRLA.20200615.EPILITHON.11.CHL/PHEO.1",72.6870324189526
"58719","D09","PRLA",2020-06-15,"PRLA.20200615.EPILITHON.3.CHL/PHEO.1",75.1995012468828
"58730","D09","PRLA",2020-06-15,"PRLA.20200615.EPILITHON.3.REP2.CHL/PHEO.2",70.7128013300083
"58761","D09","PRLA",2020-06-15,"PRLA.20200615.EPILITHON.5.CHL/PHEO.1",82.5581878636741
"58773","D09","PRLA",2020-06-15,"PRLA.20200615.EPILITHON.7.CHL/PHEO.1",20.9091853699086
"58783","D09","PRLA",2020-06-15,"PRLA.20200615.EPILITHON.9.CHL/PHEO.1",57.3119285120532
"58939","D09","PRLA",2020-09-29,"PRLA.20200929.EPILITHON.1.CHL/PHEO.1",121.311305070657
"58950","D09","PRLA",2020-09-29,"PRLA.20200929.EPILITHON.1.REP2.CHL/PHEO.2",108.60349127182
"58981","D09","PRLA",2020-09-29,"PRLA.20200929.EPILITHON.11.CHL/PHEO.1",103.515170407315
"58992","D09","PRLA",2020-09-29,"PRLA.20200929.EPILITHON.5.CHL/PHEO.1",107.51246882793
"59003","D09","PRLA",2020-09-29,"PRLA.20200929.EPILITHON.7.CHL/PHEO.1",116.708229426434
"59015","D09","PRLA",2020-09-29,"PRLA.20200929.EPILITHON.9.CHL/PHEO.1",126.943059019119
"59058","D09","PRLA",2021-04-20,"PRLA.20210420.EPILITHON.10.CHL/PHEO.1",4.93973399833749
"59069","D09","PRLA",2021-04-20,"PRLA.20210420.EPILITHON.12.CHL/PHEO.1",8.06317539484622
"59080","D09","PRLA",2021-04-20,"PRLA.20210420.EPILITHON.2.CHL/PHEO.1",15.7086450540316
"59092","D09","PRLA",2021-04-20,"PRLA.20210420.EPILITHON.6.CHL/PHEO.1",15.2545719035744
"59102","D09","PRLA",2021-04-20,"PRLA.20210420.EPILITHON.8.CHL/PHEO.1",23.4268495428096
"59113","D09","PRLA",2021-04-20,"PRLA.20210420.EPILITHON.8.REP2.CHL/PHEO.2",22.700540315877
"59178","D09","PRLA",2021-07-13,"PRLA.20210713.EPILITHON.1.CHL/PHEO.1",18.2128013300083
"59190","D09","PRLA",2021-07-13,"PRLA.20210713.EPILITHON.11.CHL/PHEO.1",6.64380714879468
"59201","D09","PRLA",2021-07-13,"PRLA.20210713.EPILITHON.3.CHL/PHEO.1",14.4607231920199
"59211","D09","PRLA",2021-07-13,"PRLA.20210713.EPILITHON.3.REP2.CHL/PHEO.2",14.6176226101413
"59243","D09","PRLA",2021-07-13,"PRLA.20210713.EPILITHON.7.CHL/PHEO.1",26.6552369077307
"59255","D09","PRLA",2021-07-13,"PRLA.20210713.EPILITHON.9.CHL/PHEO.1",20.011429758936
"59298","D09","PRLA",2021-09-14,"PRLA.20210914.EPILITHON.10.CHL/PHEO.1",35.705527847049
"59309","D09","PRLA",2021-09-14,"PRLA.20210914.EPILITHON.12.CHL/PHEO.1",19.879467996675
"59320","D09","PRLA",2021-09-14,"PRLA.20210914.EPILITHON.12.REP2.CHL/PHEO.2",19.6197007481297
"59353","D09","PRLA",2021-09-14,"PRLA.20210914.EPILITHON.2.CHL/PHEO.1",17.0864505403159
"59363","D09","PRLA",2021-09-14,"PRLA.20210914.EPILITHON.6.CHL/PHEO.1",47.5550706566916
"59375","D09","PRLA",2021-09-14,"PRLA.20210914.EPILITHON.8.CHL/PHEO.1",25.2067747298421
"59419","D09","PRLA",2022-04-27,"PRLA.20220427.EPILITHON.10.CHL/PHEO.1",23.1857855361596
"59429","D09","PRLA",2022-04-27,"PRLA.20220427.EPILITHON.12.CHL/PHEO.1",63.2543640897756
"59441","D09","PRLA",2022-04-27,"PRLA.20220427.EPILITHON.2.CHL/PHEO.1",19.2736907730673
"59453","D09","PRLA",2022-04-27,"PRLA.20220427.EPILITHON.6.CHL/PHEO.1",28.3302161263508
"59454","D09","PRLA",2022-04-27,"PRLA.20220427.EPILITHON.6.CHL/PHEO.1",28.3302161263508
"59473","D09","PRLA",2022-04-27,"PRLA.20220427.EPILITHON.6.REP2.CHL/PHEO.2",28.8040315876974
"59505","D09","PRLA",2022-04-27,"PRLA.20220427.EPILITHON.8.CHL/PHEO.1",56.0286783042394
"59661","D09","PRLA",2022-09-13,"PRLA.20220913.EPILITHON.10.CHL/PHEO.1",84.5968412302577
"59671","D09","PRLA",2022-09-13,"PRLA.20220913.EPILITHON.12.CHL/PHEO.1",80.6036990856193
"59682","D09","PRLA",2022-09-13,"PRLA.20220913.EPILITHON.12.REP2.CHL/PHEO.2",82.7213216957606
"59715","D09","PRLA",2022-09-13,"PRLA.20220913.EPILITHON.2.CHL/PHEO.1",28.4164588528678
"59726","D09","PRLA",2022-09-13,"PRLA.20220913.EPILITHON.6.CHL/PHEO.1",27.7452202826268
"59736","D09","PRLA",2022-09-13,"PRLA.20220913.EPILITHON.8.CHL/PHEO.1",44.3557772236076
"59780","D09","PRLA",2023-05-09,"PRLA.20230509.EPILITHON.10.CHL/PHEO.1",21.2635078969244
"59791","D09","PRLA",2023-05-09,"PRLA.20230509.EPILITHON.10.REP2.CHL/PHEO.2",21.1471321695761
"59824","D09","PRLA",2023-05-09,"PRLA.20230509.EPILITHON.2.CHL/PHEO.1",14.6020365752286
"59835","D09","PRLA",2023-05-09,"PRLA.20230509.EPILITHON.4.CHL/PHEO.1",56.7019950124688
"59845","D09","PRLA",2023-05-09,"PRLA.20230509.EPILITHON.6.CHL/PHEO.1",12.0448877805486
"59857","D09","PRLA",2023-05-09,"PRLA.20230509.EPILITHON.8.CHL/PHEO.1",18.8237738985869
"59901","D09","PRLA",2023-07-05,"PRLA.20230705.EPILITHON.10.CHL/PHEO.1",55.6442227763923
"59911","D09","PRLA",2023-07-05,"PRLA.20230705.EPILITHON.12.CHL/PHEO.1",29.5428096425603
"59923","D09","PRLA",2023-07-05,"PRLA.20230705.EPILITHON.2.CHL/PHEO.1",51.0806317539485
"59933","D09","PRLA",2023-07-05,"PRLA.20230705.EPILITHON.2.REP2.CHL/PHEO.2",50.694098088113
"59966","D09","PRLA",2023-07-05,"PRLA.20230705.EPILITHON.6.CHL/PHEO.1",25.0187032418953
"59976","D09","PRLA",2023-07-05,"PRLA.20230705.EPILITHON.8.CHL/PHEO.1",26.1918121363259
"60021","D09","PRLA",2023-09-12,"PRLA.20230912.EPILITHON.10.CHL/PHEO.1",80.3356192851205
"60031","D09","PRLA",2023-09-12,"PRLA.20230912.EPILITHON.10.REP2.CHL/PHEO.2",80.8000831255195
"60063","D09","PRLA",2023-09-12,"PRLA.20230912.EPILITHON.12.CHL/PHEO.1",38.2730673316708
"60074","D09","PRLA",2023-09-12,"PRLA.20230912.EPILITHON.2.CHL/PHEO.1",80.3356192851205
"60085","D09","PRLA",2023-09-12,"PRLA.20230912.EPILITHON.6.CHL/PHEO.1",59.6134663341646
"60096","D09","PRLA",2023-09-12,"PRLA.20230912.EPILITHON.8.CHL/PHEO.1",56.0567331670823
"61165","D09","PRPO",2018-05-14,"PRPO.20180514.EPILITHON.10.CHL/PHEO.1",56.9794264339152
"61177","D09","PRPO",2018-05-14,"PRPO.20180514.EPILITHON.3.CHL/PHEO.1",74.6197007481297
"61188","D09","PRPO",2018-05-14,"PRPO.20180514.EPILITHON.3.REP2.CHL/PHEO.2",75.0519534497091
"61194","D09","PRPO",2018-05-14,"PRPO.20180514.EPILITHON.5.CHL/PHEO.1",111.299875311721
"61205","D09","PRPO",2018-05-14,"PRPO.20180514.EPILITHON.7.CHL/PHEO.1",102.850166251039
"61217","D09","PRPO",2018-05-14,"PRPO.20180514.EPILITHON.9.CHL/PHEO.1",110.524729842062
"61260","D09","PRPO",2018-07-16,"PRPO.20180716.EPILITHON.10.CHL/PHEO.1",82.5467581047381
"61270","D09","PRPO",2018-07-16,"PRPO.20180716.EPILITHON.2.CHL/PHEO.1",106.481712385702
"61282","D09","PRPO",2018-07-16,"PRPO.20180716.EPILITHON.4.CHL/PHEO.1",54.6072319201995
"61293","D09","PRPO",2018-07-16,"PRPO.20180716.EPILITHON.6.CHL/PHEO.1",105.527847049044
"61305","D09","PRPO",2018-07-16,"PRPO.20180716.EPILITHON.8.CHL/PHEO.1",55.5486284289277
"61316","D09","PRPO",2018-07-16,"PRPO.20180716.EPILITHON.8.REP2.CHL/PHEO.2",60.6244804655029
"61353","D09","PRPO",2018-09-17,"PRPO.20180917.EPILITHON.1.CHL/PHEO.1",485.027015793849
"61364","D09","PRPO",2018-09-17,"PRPO.20180917.EPILITHON.3.CHL/PHEO.1",100.190149625935
"61376","D09","PRPO",2018-09-17,"PRPO.20180917.EPILITHON.5.CHL/PHEO.1",143.518287614298
"61387","D09","PRPO",2018-09-17,"PRPO.20180917.EPILITHON.7.CHL/PHEO.1",28.75
"61398","D09","PRPO",2018-09-17,"PRPO.20180917.EPILITHON.9.CHL/PHEO.1",56.4536575228595
"61448","D09","PRPO",2019-04-30,"PRPO.20190430.EPILITHON.1.CHL/PHEO.1",146.347672485453
"61457","D09","PRPO",2019-04-30,"PRPO.20190430.EPILITHON.3.CHL/PHEO.1",93.3842477140482
"61467","D09","PRPO",2019-04-30,"PRPO.20190430.EPILITHON.5.CHL/PHEO.1",90.4218620116376
"61478","D09","PRPO",2019-04-30,"PRPO.20190430.EPILITHON.5.REP2.CHL/PHEO.2",100.091438071488
"61483","D09","PRPO",2019-04-30,"PRPO.20190430.EPILITHON.7.CHL/PHEO.1",58.1213632585204
"61492","D09","PRPO",2019-04-30,"PRPO.20190430.EPILITHON.9.CHL/PHEO.1",86.2406483790524
"61533","D09","PRPO",2019-07-15,"PRPO.20190715.EPILITHON.1.CHL/PHEO.1",403.871571072319
"61543","D09","PRPO",2019-07-15,"PRPO.20190715.EPILITHON.3.CHL/PHEO.1",335.649418121363
"61552","D09","PRPO",2019-07-15,"PRPO.20190715.EPILITHON.5.CHL/PHEO.1",319.27680798005
"61563","D09","PRPO",2019-07-15,"PRPO.20190715.EPILITHON.7.CHL/PHEO.1",294.716334164588
"61573","D09","PRPO",2019-07-15,"PRPO.20190715.EPILITHON.7.REP2.CHL/PHEO.2",334.740232751455
"61578","D09","PRPO",2019-07-15,"PRPO.20190715.EPILITHON.9.CHL/PHEO.1",387.497921862012
"61617","D09","PRPO",2019-09-16,"PRPO.20190916.EPILITHON.10.CHL/PHEO.1",168.05901911887
"61628","D09","PRPO",2019-09-16,"PRPO.20190916.EPILITHON.2.CHL/PHEO.1",109.097049044057
"61637","D09","PRPO",2019-09-16,"PRPO.20190916.EPILITHON.4.CHL/PHEO.1",83.3229426433915
"61648","D09","PRPO",2019-09-16,"PRPO.20190916.EPILITHON.6.CHL/PHEO.1",55.607855361596
"61658","D09","PRPO",2019-09-16,"PRPO.20190916.EPILITHON.8.CHL/PHEO.1",164.881546134663
"61668","D09","PRPO",2019-09-16,"PRPO.20190916.EPILITHON.8.REP2.CHL/PHEO.2",169.471113881962
"61702","D09","PRPO",2020-06-22,"PRPO.20200622.EPILITHON.10.CHL/PHEO.1",73.6263507896925
"61713","D09","PRPO",2020-06-22,"PRPO.20200622.EPILITHON.2.CHL/PHEO.1",57.8054862842893
"61724","D09","PRPO",2020-06-22,"PRPO.20200622.EPILITHON.4.CHL/PHEO.1",27.7389858686617
"61735","D09","PRPO",2020-06-22,"PRPO.20200622.EPILITHON.6.CHL/PHEO.1",41.8059019118869
"61746","D09","PRPO",2020-06-22,"PRPO.20200622.EPILITHON.8.CHL/PHEO.1",33.7811720698254
"61758","D09","PRPO",2020-06-22,"PRPO.20200622.EPILITHON.8.REP2.CHL/PHEO.2",33.1317539484622
"61933","D09","PRPO",2020-09-22,"PRPO.20200922.EPILITHON.10.CHL/PHEO.1",31.5679551122195
"61944","D09","PRPO",2020-09-22,"PRPO.20200922.EPILITHON.2.CHL/PHEO.1",13.4195760598504
"61956","D09","PRPO",2020-09-22,"PRPO.20200922.EPILITHON.4.CHL/PHEO.1",4.98857024106401
"61967","D09","PRPO",2020-09-22,"PRPO.20200922.EPILITHON.6.CHL/PHEO.1",14.2778470490441
"61977","D09","PRPO",2020-09-22,"PRPO.20200922.EPILITHON.8.CHL/PHEO.1",41.5689941812136
"61989","D09","PRPO",2020-09-22,"PRPO.20200922.EPILITHON.8.REP2.CHL/PHEO.2",43.0143391521197
"62053","D09","PRPO",2021-04-27,"PRPO.20210427.EPILITHON.10.CHL/PHEO.1",21.937863674148
"62065","D09","PRPO",2021-04-27,"PRPO.20210427.EPILITHON.2.CHL/PHEO.1",23.9723607647548
"62075","D09","PRPO",2021-04-27,"PRPO.20210427.EPILITHON.4.CHL/PHEO.1",21.9139650872818
"62087","D09","PRPO",2021-04-27,"PRPO.20210427.EPILITHON.6.CHL/PHEO.1",22.8823773898587
"62098","D09","PRPO",2021-04-27,"PRPO.20210427.EPILITHON.8.CHL/PHEO.1",15.3002909393184
"62108","D09","PRPO",2021-04-27,"PRPO.20210427.EPILITHON.8.REP2.CHL/PHEO.2",16.072319201995
"62174","D09","PRPO",2021-07-20,"PRPO.20210720.EPILITHON.1.CHL/PHEO.1",15.3075644222776
"62184","D09","PRPO",2021-07-20,"PRPO.20210720.EPILITHON.3.CHL/PHEO.1",39.9636325852037
"62196","D09","PRPO",2021-07-20,"PRPO.20210720.EPILITHON.5.CHL/PHEO.1",34.8004987531172
"62207","D09","PRPO",2021-07-20,"PRPO.20210720.EPILITHON.7.CHL/PHEO.1",21.8869492934331
"62218","D09","PRPO",2021-07-20,"PRPO.20210720.EPILITHON.7.REP2.CHL/PHEO.2",21.1055694098088
"62249","D09","PRPO",2021-07-20,"PRPO.20210720.EPILITHON.9.CHL/PHEO.1",17.001246882793
"62293","D09","PRPO",2021-09-21,"PRPO.20210921.EPILITHON.1.CHL/PHEO.1",25.1413133832086
"62304","D09","PRPO",2021-09-21,"PRPO.20210921.EPILITHON.1.REP2.CHL/PHEO.2",19.2456359102244
"62336","D09","PRPO",2021-09-21,"PRPO.20210921.EPILITHON.3.CHL/PHEO.1",30.5985037406484
"62348","D09","PRPO",2021-09-21,"PRPO.20210921.EPILITHON.5.CHL/PHEO.1",21.1138819617623
"62359","D09","PRPO",2021-09-21,"PRPO.20210921.EPILITHON.7.CHL/PHEO.1",63.9266417290108
"62369","D09","PRPO",2021-09-21,"PRPO.20210921.EPILITHON.9.CHL/PHEO.1",30.4041978387365
"62414","D09","PRPO",2022-05-04,"PRPO.20220504.EPILITHON.1.CHL/PHEO.1",29.5459268495428
"62424","D09","PRPO",2022-05-04,"PRPO.20220504.EPILITHON.3.CHL/PHEO.1",30.521612635079
"62435","D09","PRPO",2022-05-04,"PRPO.20220504.EPILITHON.5.CHL/PHEO.1",25.0654613466334
"62446","D09","PRPO",2022-05-04,"PRPO.20220504.EPILITHON.7.CHL/PHEO.1",28.0881130507066
"62457","D09","PRPO",2022-05-04,"PRPO.20220504.EPILITHON.9.CHL/PHEO.1",48.8040315876974
"62468","D09","PRPO",2022-05-04,"PRPO.20220504.EPILITHON.9.REP2.CHL/PHEO.2",59.5313798836243
"62533","D09","PRPO",2022-07-13,"PRPO.20220713.EPILITHON.10.CHL/PHEO.1",35.9445137157107
"62544","D09","PRPO",2022-07-13,"PRPO.20220713.EPILITHON.2.CHL/PHEO.1",10.7470906068163
"62555","D09","PRPO",2022-07-13,"PRPO.20220713.EPILITHON.4.CHL/PHEO.1",10.3293848711554
"62567","D09","PRPO",2022-07-13,"PRPO.20220713.EPILITHON.6.CHL/PHEO.1",12.2963424771405
"62578","D09","PRPO",2022-07-13,"PRPO.20220713.EPILITHON.8.CHL/PHEO.1",12.0116375727348
"62588","D09","PRPO",2022-07-13,"PRPO.20220713.EPILITHON.8.REP2.CHL/PHEO.2",12.1633416458853
"62654","D09","PRPO",2022-09-20,"PRPO.20220920.EPILITHON.1.CHL/PHEO.1",53.5899833748961
"62665","D09","PRPO",2022-09-20,"PRPO.20220920.EPILITHON.3.CHL/PHEO.1",57.5841645885287
"62675","D09","PRPO",2022-09-20,"PRPO.20220920.EPILITHON.5.CHL/PHEO.1",28.7437655860349
"62686","D09","PRPO",2022-09-20,"PRPO.20220920.EPILITHON.7.CHL/PHEO.1",29.4607231920199
"62697","D09","PRPO",2022-09-20,"PRPO.20220920.EPILITHON.9.CHL/PHEO.1",49.6893183707398
"62708","D09","PRPO",2022-09-20,"PRPO.20220920.EPILITHON.9.REP2.CHL/PHEO.2",50.6234413965087
"62778","D09","PRPO",2023-05-17,"PRPO.20230517.EPILITHON.10.CHL/PHEO.1",32.379467996675
"62790","D09","PRPO",2023-05-17,"PRPO.20230517.EPILITHON.2.CHL/PHEO.1",43.5338736492103
"62800","D09","PRPO",2023-05-17,"PRPO.20230517.EPILITHON.4.CHL/PHEO.1",45.3158769742311
"62811","D09","PRPO",2023-05-17,"PRPO.20230517.EPILITHON.6.CHL/PHEO.1",35.9039900249377
"62822","D09","PRPO",2023-05-17,"PRPO.20230517.EPILITHON.6.REP2.CHL/PHEO.2",36.639650872818
"62855","D09","PRPO",2023-05-17,"PRPO.20230517.EPILITHON.8.CHL/PHEO.1",38.7312967581047
"62899","D09","PRPO",2023-07-10,"PRPO.20230710.EPILITHON.1.CHL/PHEO.1",19.9532418952618
"62910","D09","PRPO",2023-07-10,"PRPO.20230710.EPILITHON.3.CHL/PHEO.1",16.4723607647548
"62920","D09","PRPO",2023-07-10,"PRPO.20230710.EPILITHON.5.CHL/PHEO.1",20.9912718204489
"62932","D09","PRPO",2023-07-10,"PRPO.20230710.EPILITHON.7.CHL/PHEO.1",19.2788861180382
"62942","D09","PRPO",2023-07-10,"PRPO.20230710.EPILITHON.9.CHL/PHEO.1",12.0843724023275
"62954","D09","PRPO",2023-07-10,"PRPO.20230710.EPILITHON.9.REP2.CHL/PHEO.2",12.4220698254364
"63018","D09","PRPO",2023-09-18,"PRPO.20230918.EPILITHON.10.CHL/PHEO.1",29.6716541978387
"63029","D09","PRPO",2023-09-18,"PRPO.20230918.EPILITHON.2.CHL/PHEO.1",27.9904405652535
"63041","D09","PRPO",2023-09-18,"PRPO.20230918.EPILITHON.4.CHL/PHEO.1",22.2776392352452
"63051","D09","PRPO",2023-09-18,"PRPO.20230918.EPILITHON.6.CHL/PHEO.1",41.6074397339983
"63063","D09","PRPO",2023-09-18,"PRPO.20230918.EPILITHON.8.CHL/PHEO.1",36.0640066500416
"63073","D09","PRPO",2023-09-18,"PRPO.20230918.EPILITHON.8.REP2.CHL/PHEO.2",35.8987946799667
"63568","D15","REDB",2017-10-10,"REDB.20171010.EPILITHON.1",29.3775976724855
"63593","D15","REDB",2017-10-10,"REDB.20171010.EPILITHON.1.REP2",25.3169160432253
"63600","D15","REDB",2017-10-10,"REDB.20171010.EPILITHON.2",6.18869492934331
"63622","D15","REDB",2017-10-10,"REDB.20171010.EPILITHON.3",15.5912302576891
"63648","D15","REDB",2017-10-10,"REDB.20171010.EPIPELON.1",5.60458066689121
"63671","D15","REDB",2017-10-10,"REDB.20171010.EPIPELON.2",2.38445772987538
"63694","D15","REDB",2017-10-10,"REDB.20171010.EPIPELON.3",8.91588076793533
"63718","D15","REDB",2017-10-10,"REDB.20171010.EPIPELON.4",304.790434489727
"63742","D15","REDB",2017-10-10,"REDB.20171010.EPIPELON.5",1.76490400808353
"63790","D15","REDB",2018-04-05,"REDB.20180405.EPILITHON.1.CHL/PHEO.1",20.8969451371571
"63801","D15","REDB",2018-04-05,"REDB.20180405.EPILITHON.2.CHL/PHEO.1",30.550706566916
"63814","D15","REDB",2018-04-05,"REDB.20180405.EPILITHON.3.CHL/PHEO.1",17.2241271820449
"63823","D15","REDB",2018-04-05,"REDB.20180405.EPIPELON.1.CHL/PHEO.1",10.0846244526777
"63835","D15","REDB",2018-04-05,"REDB.20180405.EPIPELON.2.CHL/PHEO.1",15.0610474907376
"63845","D15","REDB",2018-04-05,"REDB.20180405.EPIPELON.3.CHL/PHEO.1",57.0949814752442
"63856","D15","REDB",2018-04-05,"REDB.20180405.EPIPELON.4.CHL/PHEO.1",11.8781576288313
"63868","D15","REDB",2018-04-05,"REDB.20180405.EPIPELON.6.CHL/PHEO.1",13.1601549343213
"63878","D15","REDB",2018-04-05,"REDB.20180405.EPIPELON.6.REP2.CHL/PHEO.2",19.2733243516335
"63885","D15","REDB",2018-07-18,"REDB.20180718.EPILITHON.1.CHL/PHEO.1",82.2832917705736
"63896","D15","REDB",2018-07-18,"REDB.20180718.EPILITHON.2.CHL/PHEO.1",45.397506234414
"63907","D15","REDB",2018-07-18,"REDB.20180718.EPILITHON.3.CHL/PHEO.1",43.7344139650873
"63918","D15","REDB",2018-07-18,"REDB.20180718.EPIPSAMMON.1.CHL/PHEO.1",18.2780397440216
"63930","D15","REDB",2018-07-18,"REDB.20180718.EPIPSAMMON.2.CHL/PHEO.1",68.7739979791176
"63940","D15","REDB",2018-07-18,"REDB.20180718.EPIPSAMMON.3.CHL/PHEO.1",94.1865948130684
"63951","D15","REDB",2018-07-18,"REDB.20180718.EPIPSAMMON.4.CHL/PHEO.1",38.5790670259347
"63962","D15","REDB",2018-07-18,"REDB.20180718.EPIPSAMMON.4.REP2.CHL/PHEO.2",23.2283597170765
"63967","D15","REDB",2018-07-18,"REDB.20180718.EPIPSAMMON.5.CHL/PHEO.1",36.1325362074773
"63978","D15","REDB",2018-10-05,"REDB.20181005.EPILITHON.1.CHL/PHEO.1",12.1815253532835
"63991","D15","REDB",2018-10-05,"REDB.20181005.EPILITHON.2.CHL/PHEO.1",19.8134871155445
"64002","D15","REDB",2018-10-05,"REDB.20181005.EPILITHON.3.CHL/PHEO.1",16.9103283458022
"64011","D15","REDB",2018-10-05,"REDB.20181005.EPILITHON.3.REP2.CHL/PHEO.2",28.7536367414796
"64019","D15","REDB",2018-10-05,"REDB.20181005.EPIPSAMMON.1.CHL/PHEO.1",15.2782923543281
"64028","D15","REDB",2018-10-05,"REDB.20181005.EPIPSAMMON.2.CHL/PHEO.1",2.86018019535197
"64041","D15","REDB",2018-10-05,"REDB.20181005.EPIPSAMMON.3.CHL/PHEO.1",1.31567867969013
"64052","D15","REDB",2018-10-05,"REDB.20181005.EPIPSAMMON.4.CHL/PHEO.1",1.93331087908387
"64061","D15","REDB",2018-10-05,"REDB.20181005.EPIPSAMMON.5.CHL/PHEO.1",2.18293196362412
"64076","D15","REDB",2019-04-02,"REDB.20190402.EPIPELON.1.CHL/PHEO.1",7.62420006736275
"64085","D15","REDB",2019-04-02,"REDB.20190402.EPIPELON.2.CHL/PHEO.1",10.9024418996295
"64095","D15","REDB",2019-04-02,"REDB.20190402.EPIPELON.3.CHL/PHEO.1",11.4360895924554
"64106","D15","REDB",2019-04-02,"REDB.20190402.EPIPELON.3.REP2.CHL/PHEO.2",11.2243179521725
"64116","D15","REDB",2019-07-15,"REDB.20190715.EPILITHON.1.CHL/PHEO.1",23.0584995843724
"64125","D15","REDB",2019-07-15,"REDB.20190715.EPILITHON.2.CHL/PHEO.1",6.33104738154614
"64136","D15","REDB",2019-07-15,"REDB.20190715.EPILITHON.3.CHL/PHEO.1",6.84019118869493
"64146","D15","REDB",2019-07-15,"REDB.20190715.EPIPSAMMON.1.CHL/PHEO.1",8.40308184573931
"64155","D15","REDB",2019-07-15,"REDB.20190715.EPIPSAMMON.2.CHL/PHEO.1",11.2782081508926
"64165","D15","REDB",2019-07-15,"REDB.20190715.EPIPSAMMON.3.CHL/PHEO.1",7.18697372852812
"64175","D15","REDB",2019-07-15,"REDB.20190715.EPIPSAMMON.4.CHL/PHEO.1",4.49913102054564
"64186","D15","REDB",2019-07-15,"REDB.20190715.EPIPSAMMON.5.CHL/PHEO.1",4.05384978107107
"64196","D15","REDB",2019-07-15,"REDB.20190715.EPIPSAMMON.5.REP2.CHL/PHEO.2",3.72167059616032
"64202","D15","REDB",2019-10-07,"REDB.20191007.EPILITHON.1.CHL/PHEO.1",33.6076475477972
"64212","D15","REDB",2019-10-07,"REDB.20191007.EPILITHON.1.REP2.CHL/PHEO.2",23.9905444721529
"64217","D15","REDB",2019-10-07,"REDB.20191007.EPILITHON.2.CHL/PHEO.1",30.5055070656692
"64227","D15","REDB",2019-10-07,"REDB.20191007.EPILITHON.3.CHL/PHEO.1",9.92726517040732
"64238","D15","REDB",2019-10-07,"REDB.20191007.EPIPSAMMON.1.CHL/PHEO.1",16.5503957561469
"64248","D15","REDB",2019-10-07,"REDB.20191007.EPIPSAMMON.2.CHL/PHEO.1",7.33243516335467
"64257","D15","REDB",2019-10-07,"REDB.20191007.EPIPSAMMON.3.CHL/PHEO.1",3.00676995621421
"64268","D15","REDB",2019-10-07,"REDB.20191007.EPIPSAMMON.4.CHL/PHEO.1",7.52191310205456
"64277","D15","REDB",2019-10-07,"REDB.20191007.EPIPSAMMON.5.CHL/PHEO.1",7.83010441226002
"64290","D15","REDB",2021-04-19,"REDB.20210419.EPILITHON.2.CHL/PHEO.1",28.3987946799668
"64301","D15","REDB",2021-04-19,"REDB.20210419.EPILITHON.2.REP2.CHL/PHEO.2",30.0062344139651
"64333","D15","REDB",2021-04-19,"REDB.20210419.EPILITHON.4.CHL/PHEO.1",8.93079800498753
"64344","D15","REDB",2021-04-19,"REDB.20210419.EPILITHON.7.CHL/PHEO.1",1.42871986699917
"64355","D15","REDB",2021-04-19,"REDB.20210419.EPIPSAMMON.1.CHL/PHEO.1",9.33563489390367
"64366","D15","REDB",2021-04-19,"REDB.20210419.EPIPSAMMON.3.CHL/PHEO.1",8.53949141124958
"64376","D15","REDB",2021-04-19,"REDB.20210419.EPIPSAMMON.5.CHL/PHEO.1",12.6646177164028
"64388","D15","REDB",2021-04-19,"REDB.20210419.EPIPSAMMON.6.CHL/PHEO.1",36.4019872010778
"64399","D15","REDB",2021-04-19,"REDB.20210419.EPIPSAMMON.8.CHL/PHEO.1",12.2305490063995
"64412","D15","REDB",2021-07-13,"REDB.20210713.EPILITHON.1.CHL/PHEO.1",14.461242726517
"64423","D15","REDB",2021-07-13,"REDB.20210713.EPILITHON.2.CHL/PHEO.1",25.6390274314214
"64434","D15","REDB",2021-07-13,"REDB.20210713.EPILITHON.2.REP2.CHL/PHEO.2",25.7954073150457
"64466","D15","REDB",2021-07-13,"REDB.20210713.EPILITHON.3.CHL/PHEO.1",28.6486907730673
"64477","D15","REDB",2021-07-13,"REDB.20210713.EPIPSAMMON.1.CHL/PHEO.1",2.13784102391378
"64487","D15","REDB",2021-07-13,"REDB.20210713.EPIPSAMMON.2.CHL/PHEO.1",1.99549511620074
"64499","D15","REDB",2021-07-13,"REDB.20210713.EPIPSAMMON.3.CHL/PHEO.1",6.09696025597844
"64509","D15","REDB",2021-07-13,"REDB.20210713.EPIPSAMMON.4.CHL/PHEO.1",3.12773661165376
"64521","D15","REDB",2021-07-13,"REDB.20210713.EPIPSAMMON.5.CHL/PHEO.1",4.03818625799933
"64537","D15","REDB",2021-10-07,"REDB.20211007.EPILITHON.2.CHL/PHEO.1",11.771612635079
"64548","D15","REDB",2021-10-07,"REDB.20211007.EPILITHON.3.CHL/PHEO.1",26.4671654197839
"64560","D15","REDB",2021-10-07,"REDB.20211007.EPILITHON.3.REP2.CHL/PHEO.2",26.9737115544472
"64592","D15","REDB",2021-10-07,"REDB.20211007.EPIPSAMMON.1.CHL/PHEO.1",6.751852475581
"64602","D15","REDB",2021-10-07,"REDB.20211007.EPIPSAMMON.2.CHL/PHEO.1",6.43608959245537
"64614","D15","REDB",2021-10-07,"REDB.20211007.EPIPSAMMON.3.CHL/PHEO.1",9.59477096665544
"64625","D15","REDB",2021-10-07,"REDB.20211007.EPIPSAMMON.4.CHL/PHEO.1",14.0171353991243
"64636","D15","REDB",2021-10-07,"REDB.20211007.EPIPSAMMON.5.CHL/PHEO.1",14.5305658470866
"64649","D15","REDB",2022-04-18,"REDB.20220418.EPILITHON.1.CHL/PHEO.1",15.24106400665
"64660","D15","REDB",2022-04-18,"REDB.20220418.EPILITHON.1.REP2.CHL/PHEO.2",15.3579592684954
"64691","D15","REDB",2022-04-18,"REDB.20220418.EPILITHON.2.CHL/PHEO.1",22.8808187863674
"64703","D15","REDB",2022-04-18,"REDB.20220418.EPILITHON.3.CHL/PHEO.1",31.9633208645054
"64714","D15","REDB",2022-04-18,"REDB.20220418.EPIPSAMMON.1.CHL/PHEO.1",6.63354664870327
"64725","D15","REDB",2022-04-18,"REDB.20220418.EPIPSAMMON.2.CHL/PHEO.1",25.3747052879758
"64735","D15","REDB",2022-04-18,"REDB.20220418.EPIPSAMMON.3.CHL/PHEO.1",28.0498484338161
"64747","D15","REDB",2022-04-18,"REDB.20220418.EPIPSAMMON.4.CHL/PHEO.1",9.21311889525093
"64758","D15","REDB",2022-04-18,"REDB.20220418.EPIPSAMMON.5.CHL/PHEO.1",28.7975749410576
"64771","D15","REDB",2022-07-25,"REDB.20220725.EPILITHON.1.CHL/PHEO.1",67.918744804655
"64781","D15","REDB",2022-07-25,"REDB.20220725.EPILITHON.1.REP2.CHL/PHEO.2",70.2202826267664
"64814","D15","REDB",2022-07-25,"REDB.20220725.EPILITHON.2.CHL/PHEO.1",84.8711554447215
"64824","D15","REDB",2022-07-25,"REDB.20220725.EPILITHON.3.CHL/PHEO.1",101.646924355777
"64836","D15","REDB",2022-07-25,"REDB.20220725.EPIPSAMMON.1.CHL/PHEO.1",7.72924385314921
"64846","D15","REDB",2022-07-25,"REDB.20220725.EPIPSAMMON.2.CHL/PHEO.1",7.05708992926912
"64857","D15","REDB",2022-07-25,"REDB.20220725.EPIPSAMMON.3.CHL/PHEO.1",13.5542270124621
"64868","D15","REDB",2022-07-25,"REDB.20220725.EPIPSAMMON.4.CHL/PHEO.1",19.7899124284271
"64880","D15","REDB",2022-07-25,"REDB.20220725.EPIPSAMMON.5.CHL/PHEO.1",7.9288379925901
"64892","D15","REDB",2022-10-12,"REDB.20221012.EPILITHON.1.CHL/PHEO.1",35.4364089775561
"64903","D15","REDB",2022-10-12,"REDB.20221012.EPILITHON.2.CHL/PHEO.1",36.5617206982544
"64914","D15","REDB",2022-10-12,"REDB.20221012.EPILITHON.3.CHL/PHEO.1",26.5409393183707
"64925","D15","REDB",2022-10-12,"REDB.20221012.EPILITHON.3.REP2.CHL/PHEO.2",26.6136741479634
"64957","D15","REDB",2022-10-12,"REDB.20221012.EPIPSAMMON.1.CHL/PHEO.1",13.2035197036039
"64968","D15","REDB",2022-10-12,"REDB.20221012.EPIPSAMMON.2.CHL/PHEO.1",14.3804732233075
"64979","D15","REDB",2022-10-12,"REDB.20221012.EPIPSAMMON.3.CHL/PHEO.1",16.6607022566521
"64991","D15","REDB",2022-10-12,"REDB.20221012.EPIPSAMMON.4.CHL/PHEO.1",16.4767177500842
"65001","D15","REDB",2022-10-12,"REDB.20221012.EPIPSAMMON.5.CHL/PHEO.1",15.1159902324015
"65015","D15","REDB",2023-07-12,"REDB.20230712.EPILITHON.1.CHL/PHEO.1",40.9497090606816
"65025","D15","REDB",2023-07-12,"REDB.20230712.EPILITHON.2.CHL/PHEO.1",34.10536159601
"65037","D15","REDB",2023-07-12,"REDB.20230712.EPILITHON.3.CHL/PHEO.1",43.8497506234414
"65047","D15","REDB",2023-07-12,"REDB.20230712.EPIPSAMMON.1.CHL/PHEO.1",14.4075547322331
"65059","D15","REDB",2023-07-12,"REDB.20230712.EPIPSAMMON.2.CHL/PHEO.1",13.6565341865948
"65070","D15","REDB",2023-07-12,"REDB.20230712.EPIPSAMMON.3.CHL/PHEO.1",23.0975951498821
"65081","D15","REDB",2023-07-12,"REDB.20230712.EPIPSAMMON.4.CHL/PHEO.1",34.5739390367127
"65092","D15","REDB",2023-07-12,"REDB.20230712.EPIPSAMMON.5.CHL/PHEO.1",14.3945133041428
"65102","D15","REDB",2023-07-12,"REDB.20230712.EPIPSAMMON.5.REP2.CHL/PHEO.2",14.2704715392388
"65136","D15","REDB",2023-09-27,"REDB.20230927.EPILITHON.1.CHL/PHEO.1",36.9004571903574
"65147","D15","REDB",2023-09-27,"REDB.20230927.EPILITHON.2.CHL/PHEO.1",24.5360556940981
"65159","D15","REDB",2023-09-27,"REDB.20230927.EPILITHON.3.CHL/PHEO.1",23.2954073150457
"65170","D15","REDB",2023-09-27,"REDB.20230927.EPIPSAMMON.1.CHL/PHEO.1",21.9091444930953
"65181","D15","REDB",2023-09-27,"REDB.20230927.EPIPSAMMON.2.CHL/PHEO.1",19.7185314920849
"65191","D15","REDB",2023-09-27,"REDB.20230927.EPIPSAMMON.3.CHL/PHEO.1",13.0820343550017
"65203","D15","REDB",2023-09-27,"REDB.20230927.EPIPSAMMON.3.REP2.CHL/PHEO.2",13.2729942741664
"65234","D15","REDB",2023-09-27,"REDB.20230927.EPIPSAMMON.4.CHL/PHEO.1",10.7425058942405
"65245","D15","REDB",2023-09-27,"REDB.20230927.EPIPSAMMON.5.CHL/PHEO.1",12.9758235095992
"66704","D03","SUGG",2017-11-13,"SUGG.20171113.EPIPHYTON.10",5.6735
"66726","D03","SUGG",2017-11-13,"SUGG.20171113.EPIPHYTON.2",1.45725
"66751","D03","SUGG",2017-11-13,"SUGG.20171113.EPIPHYTON.4",0.787875
"66775","D03","SUGG",2017-11-13,"SUGG.20171113.EPIPHYTON.6",1.101905
"66800","D03","SUGG",2017-11-13,"SUGG.20171113.EPIPHYTON.8",3.57375
"66894","D03","SUGG",2018-02-19,"SUGG.20180219.EPIPHYTON.10.CHL/PHEO.1",51.342875
"66907","D03","SUGG",2018-02-19,"SUGG.20180219.EPIPHYTON.2.CHL/PHEO.1",23.276875
"66916","D03","SUGG",2018-02-19,"SUGG.20180219.EPIPHYTON.4.CHL/PHEO.1",4.527875
"66927","D03","SUGG",2018-02-19,"SUGG.20180219.EPIPHYTON.6.CHL/PHEO.1",7.5275
"66939","D03","SUGG",2018-02-19,"SUGG.20180219.EPIPHYTON.8.CHL/PHEO.1",15.975375
"66989","D03","SUGG",2018-07-11,"SUGG.20180711.EPIPHYTON.10.CHL/PHEO.1",35.78575
"67000","D03","SUGG",2018-07-11,"SUGG.20180711.EPIPHYTON.2.CHL/PHEO.1",32.019125
"67011","D03","SUGG",2018-07-11,"SUGG.20180711.EPIPHYTON.4.CHL/PHEO.1",18.8715
"67021","D03","SUGG",2018-07-11,"SUGG.20180711.EPIPHYTON.6.CHL/PHEO.1",28.7405
"67033","D03","SUGG",2018-07-11,"SUGG.20180711.EPIPHYTON.8.CHL/PHEO.1",77.76025
"67083","D03","SUGG",2018-11-06,"SUGG.20181106.EPIPHYTON.1.CHL/PHEO.1",5.846778
"67095","D03","SUGG",2018-11-06,"SUGG.20181106.EPIPHYTON.3.CHL/PHEO.1",61.248474
"67104","D03","SUGG",2018-11-06,"SUGG.20181106.EPIPHYTON.5.CHL/PHEO.1",12.6303225
"67115","D03","SUGG",2018-11-06,"SUGG.20181106.EPIPHYTON.7.CHL/PHEO.1",27.654631
"67127","D03","SUGG",2018-11-06,"SUGG.20181106.EPIPHYTON.9.CHL/PHEO.1",22.217542
"67176","D03","SUGG",2019-02-18,"SUGG.20190218.EPIPHYTON.1.CHL/PHEO.1",116.065125
"67187","D03","SUGG",2019-02-18,"SUGG.20190218.EPIPHYTON.3.CHL/PHEO.1",97.739
"67197","D03","SUGG",2019-02-18,"SUGG.20190218.EPIPHYTON.5.CHL/PHEO.1",66.81375
"67206","D03","SUGG",2019-02-18,"SUGG.20190218.EPIPHYTON.7.CHL/PHEO.1",177.152
"67216","D03","SUGG",2019-02-18,"SUGG.20190218.EPIPHYTON.9.CHL/PHEO.1",108.17475
"67262","D03","SUGG",2019-07-15,"SUGG.20190715.EPIPHYTON.1.CHL/PHEO.1",2728.69
"67272","D03","SUGG",2019-07-15,"SUGG.20190715.EPIPHYTON.3.CHL/PHEO.1",1925.385
"67282","D03","SUGG",2019-07-15,"SUGG.20190715.EPIPHYTON.5.CHL/PHEO.1",3225.975
"67292","D03","SUGG",2019-07-15,"SUGG.20190715.EPIPHYTON.7.CHL/PHEO.1",1009.87
"67302","D03","SUGG",2019-07-15,"SUGG.20190715.EPIPHYTON.9.CHL/PHEO.1",3697.76
"67346","D03","SUGG",2019-11-05,"SUGG.20191105.EPIPHYTON.10.CHL/PHEO.1",5.420125
"67347","D03","SUGG",2019-11-05,"SUGG.20191105.EPIPHYTON.10.CHL/PHEO.1",2.542125
"67356","D03","SUGG",2019-11-05,"SUGG.20191105.EPIPHYTON.2.CHL/PHEO.1",22.96675
"67357","D03","SUGG",2019-11-05,"SUGG.20191105.EPIPHYTON.2.CHL/PHEO.1",24.80175
"67366","D03","SUGG",2019-11-05,"SUGG.20191105.EPIPHYTON.4.CHL/PHEO.1",6.696125
"67367","D03","SUGG",2019-11-05,"SUGG.20191105.EPIPHYTON.4.CHL/PHEO.1",3.802875
"67376","D03","SUGG",2019-11-05,"SUGG.20191105.EPIPHYTON.6.CHL/PHEO.1",38.33175
"67377","D03","SUGG",2019-11-05,"SUGG.20191105.EPIPHYTON.6.CHL/PHEO.1",39.68275
"67386","D03","SUGG",2019-11-05,"SUGG.20191105.EPIPHYTON.8.CHL/PHEO.1",5.394375
"67387","D03","SUGG",2019-11-05,"SUGG.20191105.EPIPHYTON.8.CHL/PHEO.1",17.772625
"67523","D03","SUGG",2020-07-15,"SUGG.20200715.EPIPHYTON.10.CHL/PHEO.1",26.38375
"67533","D03","SUGG",2020-07-15,"SUGG.20200715.EPIPHYTON.2.CHL/PHEO.1",32.50875
"67545","D03","SUGG",2020-07-15,"SUGG.20200715.EPIPHYTON.4.CHL/PHEO.1",108.7
"67556","D03","SUGG",2020-07-15,"SUGG.20200715.EPIPHYTON.6.CHL/PHEO.1",16.0075
"67567","D03","SUGG",2020-07-15,"SUGG.20200715.EPIPHYTON.8.CHL/PHEO.1",15.76125
"67643","D03","SUGG",2020-11-04,"SUGG.20201104.EPIPHYTON.1.CHL/PHEO.1",11.606375
"67653","D03","SUGG",2020-11-04,"SUGG.20201104.EPIPHYTON.3.CHL/PHEO.1",1.9755
"67663","D03","SUGG",2020-11-04,"SUGG.20201104.EPIPHYTON.5.CHL/PHEO.1",6.072
"67673","D03","SUGG",2020-11-04,"SUGG.20201104.EPIPHYTON.7.CHL/PHEO.1",3.19575
"67682","D03","SUGG",2020-11-04,"SUGG.20201104.EPIPHYTON.9.CHL/PHEO.1",2.542125
"67758","D03","SUGG",2021-02-25,"SUGG.20210225.EPIPHYTON.10.CHL/PHEO.1",8.765875
"67769","D03","SUGG",2021-02-25,"SUGG.20210225.EPIPHYTON.2.CHL/PHEO.1",9.93175
"67779","D03","SUGG",2021-02-25,"SUGG.20210225.EPIPHYTON.4.CHL/PHEO.1",8.72275
"67790","D03","SUGG",2021-02-25,"SUGG.20210225.EPIPHYTON.6.CHL/PHEO.1",13.0625
"67802","D03","SUGG",2021-02-25,"SUGG.20210225.EPIPHYTON.8.CHL/PHEO.1",24.3975
"67877","D03","SUGG",2021-06-30,"SUGG.20210630.EPIPHYTON.1.CHL/PHEO.1",3.347375
"67887","D03","SUGG",2021-06-30,"SUGG.20210630.EPIPHYTON.3.CHL/PHEO.1",6.82425
"67897","D03","SUGG",2021-06-30,"SUGG.20210630.EPIPHYTON.5.CHL/PHEO.1",7.3075
"67907","D03","SUGG",2021-06-30,"SUGG.20210630.EPIPHYTON.7.CHL/PHEO.1",12.8475
"67918","D03","SUGG",2021-06-30,"SUGG.20210630.EPIPHYTON.9.CHL/PHEO.1",11.9985
"68098","D03","SUGG",2022-07-13,"SUGG.20220713.EPIPHYTON.10.CHL/PHEO.1",9.527388
"68108","D03","SUGG",2022-07-13,"SUGG.20220713.EPIPHYTON.2.CHL/PHEO.1",7.722788
"68118","D03","SUGG",2022-07-13,"SUGG.20220713.EPIPHYTON.4.CHL/PHEO.1",7.413194
"68128","D03","SUGG",2022-07-13,"SUGG.20220713.EPIPHYTON.6.CHL/PHEO.1",5.071781
"68137","D03","SUGG",2022-07-13,"SUGG.20220713.EPIPHYTON.8.CHL/PHEO.1",11.4947105
"68147","D03","SUGG",2022-07-13,"SUGG.20220713.EPIPHYTON.8.REP2.CHL/PHEO.2",7.5883105
"68212","D03","SUGG",2022-10-31,"SUGG.20221031.EPIPHYTON.10.CHL/PHEO.1",4.388875
"68222","D03","SUGG",2022-10-31,"SUGG.20221031.EPIPHYTON.2.CHL/PHEO.1",2.46609
"68234","D03","SUGG",2022-10-31,"SUGG.20221031.EPIPHYTON.4.CHL/PHEO.1",3.626931
"68245","D03","SUGG",2022-10-31,"SUGG.20221031.EPIPHYTON.6.CHL/PHEO.1",7.769625
"68255","D03","SUGG",2022-10-31,"SUGG.20221031.EPIPHYTON.6.REP2.CHL/PHEO.2",7.962375
"68287","D03","SUGG",2022-10-31,"SUGG.20221031.EPIPHYTON.8.CHL/PHEO.1",3.131312
"68332","D03","SUGG",2023-02-14,"SUGG.20230214.EPIPHYTON.10.CHL/PHEO.1",9.775656
"68341","D03","SUGG",2023-02-14,"SUGG.20230214.EPIPHYTON.2.CHL/PHEO.1",14.589732
"68352","D03","SUGG",2023-02-14,"SUGG.20230214.EPIPHYTON.4.CHL/PHEO.1",5.99725
"68361","D03","SUGG",2023-02-14,"SUGG.20230214.EPIPHYTON.6.CHL/PHEO.1",4.221312
"68371","D03","SUGG",2023-02-14,"SUGG.20230214.EPIPHYTON.8.CHL/PHEO.1",24.122097
"68382","D03","SUGG",2023-02-14,"SUGG.20230214.EPIPHYTON.8.REP2.CHL/PHEO.2",24.402981
"68440","D03","SUGG",2023-07-11,"SUGG.20230711.EPIPHYTON.10.CHL/PHEO.1",9.678144
"68450","D03","SUGG",2023-07-11,"SUGG.20230711.EPIPHYTON.2.CHL/PHEO.1",7.885777
"68461","D03","SUGG",2023-07-11,"SUGG.20230711.EPIPHYTON.4.CHL/PHEO.1",3.791217
"68470","D03","SUGG",2023-07-11,"SUGG.20230711.EPIPHYTON.6.CHL/PHEO.1",8.030332
"68480","D03","SUGG",2023-07-11,"SUGG.20230711.EPIPHYTON.8.CHL/PHEO.1",8.0607
"68491","D03","SUGG",2023-07-11,"SUGG.20230711.EPIPHYTON.8.REP2.CHL/PHEO.2",6.38595
"68658","D14","SYCA",2019-02-12,"SYCA.20190212.EPILITHON.1.CHL/PHEO.1",0.131442227763924
"68667","D14","SYCA",2019-02-12,"SYCA.20190212.EPILITHON.2.CHL/PHEO.1",0.31639650872818
"68678","D14","SYCA",2019-02-12,"SYCA.20190212.EPILITHON.3.CHL/PHEO.1",1.22454280964256
"68688","D14","SYCA",2019-02-12,"SYCA.20190212.EPILITHON.3.REP2.CHL/PHEO.2",1.3440357439734
"68693","D14","SYCA",2019-02-12,"SYCA.20190212.EPILITHON.4.CHL/PHEO.1",0.135078969243558
"68703","D14","SYCA",2019-02-12,"SYCA.20190212.EPILITHON.5.CHL/PHEO.1",0.186512884455528
"68713","D14","SYCA",2019-02-12,"SYCA.20190212.EPIPSAMMON.1.CHL/PHEO.1",0.882342539575615
"68723","D14","SYCA",2019-02-12,"SYCA.20190212.EPIPSAMMON.2.CHL/PHEO.1",2.42879757494106
"68733","D14","SYCA",2019-02-12,"SYCA.20190212.EPIPSAMMON.3.CHL/PHEO.1",0.905254294375211
"68745","D14","SYCA",2019-03-26,"SYCA.20190326.EPILITHON.1.CHL/PHEO.1",0.873857024106401
"68755","D14","SYCA",2019-03-26,"SYCA.20190326.EPILITHON.2.CHL/PHEO.1",0.93308395677473
"68765","D14","SYCA",2019-03-26,"SYCA.20190326.EPILITHON.3.CHL/PHEO.1",8.78065253532835
"68775","D14","SYCA",2019-03-26,"SYCA.20190326.EPILITHON.4.CHL/PHEO.1",0.400561097256858
"68784","D14","SYCA",2019-03-26,"SYCA.20190326.EPILITHON.5.CHL/PHEO.1",1.21259351620948
"68795","D14","SYCA",2019-03-26,"SYCA.20190326.EPIPSAMMON.1.CHL/PHEO.1",8.11095655102728
"68805","D14","SYCA",2019-03-26,"SYCA.20190326.EPIPSAMMON.2.CHL/PHEO.1",16.3070478275514
"68815","D14","SYCA",2019-03-26,"SYCA.20190326.EPIPSAMMON.3.CHL/PHEO.1",4.74402155607949
"68824","D14","SYCA",2019-03-26,"SYCA.20190326.EPIPSAMMON.3.REP2.CHL/PHEO.2",6.60744358369822
"68832","D14","SYCA",2019-06-17,"SYCA.20190617.EPILITHON.1.CHL/PHEO.1",7.49584372402327
"68842","D14","SYCA",2019-06-17,"SYCA.20190617.EPILITHON.1.REP2.CHL/PHEO.2",5.02130091438072
"68846","D14","SYCA",2019-06-17,"SYCA.20190617.EPILITHON.2.CHL/PHEO.1",28.199812967581
"68857","D14","SYCA",2019-06-17,"SYCA.20190617.EPILITHON.3.CHL/PHEO.1",3.43879883624273
"68867","D14","SYCA",2019-06-17,"SYCA.20190617.EPILITHON.4.CHL/PHEO.1",21.8318786367415
"68876","D14","SYCA",2019-06-17,"SYCA.20190617.EPILITHON.5.CHL/PHEO.1",11.4074189526185
"68887","D14","SYCA",2019-06-17,"SYCA.20190617.EPIPSAMMON.1.CHL/PHEO.1",19.756231054227
"68897","D14","SYCA",2019-06-17,"SYCA.20190617.EPIPSAMMON.2.CHL/PHEO.1",57.4993684742338
"68906","D14","SYCA",2019-06-17,"SYCA.20190617.EPIPSAMMON.3.CHL/PHEO.1",46.4417733243516
"69027","D14","SYCA",2020-09-16,"SYCA.20200916.EPIPSAMMON.1.CHL/PHEO.1",6.82798922196026
"69038","D14","SYCA",2020-09-16,"SYCA.20200916.EPIPSAMMON.2.CHL/PHEO.1",7.81134220276187
"69050","D14","SYCA",2020-09-16,"SYCA.20200916.EPIPSAMMON.3.CHL/PHEO.1",21.549599191647
"69061","D14","SYCA",2020-09-16,"SYCA.20200916.EPIPSAMMON.4.CHL/PHEO.1",12.4559784439205
"69071","D14","SYCA",2020-09-16,"SYCA.20200916.EPIPSAMMON.5.CHL/PHEO.1",33.1298416975413
"69083","D14","SYCA",2020-09-16,"SYCA.20200916.EPIPSAMMON.5.REP2.CHL/PHEO.2",32.9252273492759
"69117","D14","SYCA",2022-01-11,"SYCA.20220111.EPILITHON.6.CHL/PHEO.1",9.00405236907731
"69126","D14","SYCA",2022-01-11,"SYCA.20220111.EPILITHON.6.REP2.CHL/PHEO.2",8.79000415627598
"69153","D14","SYCA",2022-01-11,"SYCA.20220111.EPILITHON.7.CHL/PHEO.1",14.3757273482959
"69163","D14","SYCA",2022-01-11,"SYCA.20220111.EPILITHON.8.CHL/PHEO.1",14.6251039068994
"69172","D14","SYCA",2022-01-11,"SYCA.20220111.EPIPSAMMON.1.CHL/PHEO.1",1.11538565173459
"69182","D14","SYCA",2022-01-11,"SYCA.20220111.EPIPSAMMON.2.CHL/PHEO.1",1.31333108790839
"69193","D14","SYCA",2022-01-11,"SYCA.20220111.EPIPSAMMON.3.CHL/PHEO.1",1.05875884136073
"69203","D14","SYCA",2022-01-11,"SYCA.20220111.EPIPSAMMON.4.CHL/PHEO.1",3.17384304479623
"69212","D14","SYCA",2022-01-11,"SYCA.20220111.EPIPSAMMON.5.CHL/PHEO.1",3.64390367126979
"69224","D14","SYCA",2022-04-12,"SYCA.20220412.EPILITHON.6.CHL/PHEO.1",16.9719451371571
"69234","D14","SYCA",2022-04-12,"SYCA.20220412.EPILITHON.7.CHL/PHEO.1",9.12146716541978
"69244","D14","SYCA",2022-04-12,"SYCA.20220412.EPILITHON.8.CHL/PHEO.1",2.33852867830424
"69254","D14","SYCA",2022-04-12,"SYCA.20220412.EPIPSAMMON.1.CHL/PHEO.1",48.5498484338161
"69264","D14","SYCA",2022-04-12,"SYCA.20220412.EPIPSAMMON.2.CHL/PHEO.1",23.9751178848097
"69275","D14","SYCA",2022-04-12,"SYCA.20220412.EPIPSAMMON.3.CHL/PHEO.1",44.2598518019535
"69285","D14","SYCA",2022-04-12,"SYCA.20220412.EPIPSAMMON.4.CHL/PHEO.1",37.6641966992253
"69295","D14","SYCA",2022-04-12,"SYCA.20220412.EPIPSAMMON.5.CHL/PHEO.1",58.3974402155608
"69304","D14","SYCA",2022-04-12,"SYCA.20220412.EPIPSAMMON.5.REP2.CHL/PHEO.2",58.749494779387
"69332","D14","SYCA",2022-06-07,"SYCA.20220607.EPILITHON.6.CHL/PHEO.1",22.072319201995
"69342","D14","SYCA",2022-06-07,"SYCA.20220607.EPILITHON.7.CHL/PHEO.1",28.5382377389859
"69353","D14","SYCA",2022-06-07,"SYCA.20220607.EPILITHON.8.CHL/PHEO.1",13.0268079800499
"69362","D14","SYCA",2022-06-07,"SYCA.20220607.EPIPSAMMON.1.CHL/PHEO.1",24.4468676321994
"69372","D14","SYCA",2022-06-07,"SYCA.20220607.EPIPSAMMON.2.CHL/PHEO.1",24.5430279555406
"69382","D14","SYCA",2022-06-07,"SYCA.20220607.EPIPSAMMON.3.CHL/PHEO.1",21.260946446615
"69392","D14","SYCA",2022-06-07,"SYCA.20220607.EPIPSAMMON.4.CHL/PHEO.1",15.2344223644325
"69402","D14","SYCA",2022-06-07,"SYCA.20220607.EPIPSAMMON.4.REP2.CHL/PHEO.2",15.6375884136073
"69428","D14","SYCA",2022-06-07,"SYCA.20220607.EPIPSAMMON.5.CHL/PHEO.1",36.1948467497474
"69440","D14","SYCA",2023-02-07,"SYCA.20230207.EPILITHON.6.CHL/PHEO.1",0.480569409808811
"69451","D14","SYCA",2023-02-07,"SYCA.20230207.EPILITHON.7.CHL/PHEO.1",13.2377389858687
"69460","D14","SYCA",2023-02-07,"SYCA.20230207.EPILITHON.8.CHL/PHEO.1",5.91593931837074
"69470","D14","SYCA",2023-02-07,"SYCA.20230207.EPIPSAMMON.1.CHL/PHEO.1",2.96057595149882
"69480","D14","SYCA",2023-02-07,"SYCA.20230207.EPIPSAMMON.2.CHL/PHEO.1",2.9833496126642
"69491","D14","SYCA",2023-02-07,"SYCA.20230207.EPIPSAMMON.3.CHL/PHEO.1",2.43950151566184
"69500","D14","SYCA",2023-02-07,"SYCA.20230207.EPIPSAMMON.4.CHL/PHEO.1",2.18443920511957
"69510","D14","SYCA",2023-02-07,"SYCA.20230207.EPIPSAMMON.5.CHL/PHEO.1",2.13614685079151
"69521","D14","SYCA",2023-02-07,"SYCA.20230207.EPIPSAMMON.5.REP2.CHL/PHEO.2",2.16819131020546
"69549","D14","SYCA",2023-04-25,"SYCA.20230425.EPILITHON.6.CHL/PHEO.1",2.76652119700748
"69558","D14","SYCA",2023-04-25,"SYCA.20230425.EPILITHON.6.REP2.CHL/PHEO.2",2.73898586866168
"69584","D14","SYCA",2023-04-25,"SYCA.20230425.EPILITHON.7.CHL/PHEO.1",5.08364505403159
"69594","D14","SYCA",2023-04-25,"SYCA.20230425.EPILITHON.8.CHL/PHEO.1",1.52795095594347
"69604","D14","SYCA",2023-04-25,"SYCA.20230425.EPIPSAMMON.1.CHL/PHEO.1",7.38534860222297
"69615","D14","SYCA",2023-04-25,"SYCA.20230425.EPIPSAMMON.2.CHL/PHEO.1",24.9380262714719
"69624","D14","SYCA",2023-04-25,"SYCA.20230425.EPIPSAMMON.3.CHL/PHEO.1",21.4676658807679
"69635","D14","SYCA",2023-04-25,"SYCA.20230425.EPIPSAMMON.4.CHL/PHEO.1",12.1240518693163
"69645","D14","SYCA",2023-04-25,"SYCA.20230425.EPIPSAMMON.5.CHL/PHEO.1",24.7734927585045
"69657","D14","SYCA",2023-06-06,"SYCA.20230606.EPILITHON.6.CHL/PHEO.1",17.0745012468828
"69667","D14","SYCA",2023-06-06,"SYCA.20230606.EPILITHON.7.CHL/PHEO.1",20.1558603491272
"69677","D14","SYCA",2023-06-06,"SYCA.20230606.EPILITHON.8.CHL/PHEO.1",13.8570241064007
"69687","D14","SYCA",2023-06-06,"SYCA.20230606.EPIPSAMMON.1.CHL/PHEO.1",30.7530818457393
"69696","D14","SYCA",2023-06-06,"SYCA.20230606.EPIPSAMMON.2.CHL/PHEO.1",35.4956382620411
"69706","D14","SYCA",2023-06-06,"SYCA.20230606.EPIPSAMMON.3.CHL/PHEO.1",15.5899023240148
"69716","D14","SYCA",2023-06-06,"SYCA.20230606.EPIPSAMMON.3.REP2.CHL/PHEO.2",15.685505220613
"69742","D14","SYCA",2023-06-06,"SYCA.20230606.EPIPSAMMON.4.CHL/PHEO.1",19.1381340518693
"69753","D14","SYCA",2023-06-06,"SYCA.20230606.EPIPSAMMON.5.CHL/PHEO.1",36.2011620074099
"69765","D17","TECR",2019-07-31,"TECR.20190731.EPILITHON.1.CHL/PHEO.1",2.15035328345802
"69774","D17","TECR",2019-07-31,"TECR.20190731.EPILITHON.2.CHL/PHEO.1",7.14983374896093
"69784","D17","TECR",2019-07-31,"TECR.20190731.EPILITHON.3.CHL/PHEO.1",6.40845802161263
"69794","D17","TECR",2019-07-31,"TECR.20190731.EPILITHON.4.CHL/PHEO.1",7.83821695760598
"69804","D17","TECR",2019-07-31,"TECR.20190731.EPILITHON.5.CHL/PHEO.1",5.6140897755611
"69815","D17","TECR",2019-07-31,"TECR.20190731.EPILITHON.5.REP2.CHL/PHEO.2",3.92975893599335
"69819","D17","TECR",2019-07-31,"TECR.20190731.EPILITHON.6.CHL/PHEO.1",3.60492763157895
"69829","D17","TECR",2019-07-31,"TECR.20190731.EPILITHON.7.CHL/PHEO.1",1.80032894736842
"69840","D17","TECR",2019-07-31,"TECR.20190731.EPILITHON.8.CHL/PHEO.1",0.263634868421053
"69851","D17","TECR",2019-09-24,"TECR.20190924.EPILITHON.1.CHL/PHEO.1",12.3056940980881
"69861","D17","TECR",2019-09-24,"TECR.20190924.EPILITHON.1.REP2.CHL/PHEO.2",12.0989193682461
"69867","D17","TECR",2019-09-24,"TECR.20190924.EPILITHON.2.CHL/PHEO.1",10.7344139650873
"69876","D17","TECR",2019-09-24,"TECR.20190924.EPILITHON.3.CHL/PHEO.1",9.61710307564422
"69886","D17","TECR",2019-09-24,"TECR.20190924.EPILITHON.4.CHL/PHEO.1",10.8890274314214
"69896","D17","TECR",2019-09-24,"TECR.20190924.EPILITHON.5.CHL/PHEO.1",9.92726517040732
"69907","D17","TECR",2019-09-24,"TECR.20190924.EPILITHON.6.CHL/PHEO.1",1.76398026315789
"69917","D17","TECR",2019-09-24,"TECR.20190924.EPILITHON.7.CHL/PHEO.1",21.7512023026316
"69927","D17","TECR",2019-09-24,"TECR.20190924.EPILITHON.8.CHL/PHEO.1",10.5284210526316
"69938","D17","TECR",2021-05-05,"TECR.20210505.EPILITHON.1.CHL/PHEO.1",0.901392352452203
"69950","D17","TECR",2021-05-05,"TECR.20210505.EPILITHON.2.CHL/PHEO.1",1.16947215295096
"69960","D17","TECR",2021-05-05,"TECR.20210505.EPILITHON.3.CHL/PHEO.1",0.290715460526316
"69971","D17","TECR",2021-05-05,"TECR.20210505.EPILITHON.4.CHL/PHEO.1",2.07138403990025
"69982","D17","TECR",2021-05-05,"TECR.20210505.EPILITHON.5.CHL/PHEO.1",0.682148794679967
"69993","D17","TECR",2021-05-05,"TECR.20210505.EPILITHON.6.CHL/PHEO.1",0.636513157894737
"70035","D17","TECR",2021-05-05,"TECR.20210505.EPILITHON.7.CHL/PHEO.1",0.877493765586035
"70052","D17","TECR",2021-05-05,"TECR.20210505.EPILITHON.8.CHL/PHEO.1",11.2249095394737
"70070","D17","TECR",2021-07-20,"TECR.20210720.EPILITHON.1.CHL/PHEO.1",7.35418952618454
"70081","D17","TECR",2021-07-20,"TECR.20210720.EPILITHON.2.CHL/PHEO.1",4.42955112219451
"70091","D17","TECR",2021-07-20,"TECR.20210720.EPILITHON.3.CHL/PHEO.1",8.27254779717373
"70103","D17","TECR",2021-07-20,"TECR.20210720.EPILITHON.4.CHL/PHEO.1",19.5745012468828
"70114","D17","TECR",2021-07-20,"TECR.20210720.EPILITHON.5.CHL/PHEO.1",19.5745012468828
"70125","D17","TECR",2021-07-20,"TECR.20210720.EPILITHON.5.REP2.CHL/PHEO.2",19.5095594347465
"70157","D17","TECR",2021-07-20,"TECR.20210720.EPILITHON.6.CHL/PHEO.1",3.84087171052632
"70168","D17","TECR",2021-07-20,"TECR.20210720.EPILITHON.7.CHL/PHEO.1",4.39977631578947
"70179","D17","TECR",2021-07-20,"TECR.20210720.EPILITHON.8.CHL/PHEO.1",6.48293585526316
"70190","D17","TECR",2021-09-20,"TECR.20210920.EPILITHON.1.CHL/PHEO.1",18.5801122194514
"70202","D17","TECR",2021-09-20,"TECR.20210920.EPILITHON.2.CHL/PHEO.1",7.24386949293433
"70212","D17","TECR",2021-09-20,"TECR.20210920.EPILITHON.3.CHL/PHEO.1",5.39224854530341
"70223","D17","TECR",2021-09-20,"TECR.20210920.EPILITHON.3.REP2.CHL/PHEO.2",5.19742310889443
"70256","D17","TECR",2021-09-20,"TECR.20210920.EPILITHON.4.CHL/PHEO.1",9.9724646716542
"70266","D17","TECR",2021-09-20,"TECR.20210920.EPILITHON.5.CHL/PHEO.1",5.8795719035744
"70277","D17","TECR",2021-09-20,"TECR.20210920.EPILITHON.6.CHL/PHEO.1",3.77597672485453
"70288","D17","TECR",2021-09-20,"TECR.20210920.EPILITHON.7.CHL/PHEO.1",6.55340814630091
"70299","D17","TECR",2021-09-20,"TECR.20210920.EPILITHON.8.CHL/PHEO.1",19.9121986699917
"70312","D17","TECR",2022-05-04,"TECR.20220504.EPILITHON.1.CHL/PHEO.1",14.4576059850374
"70324","D17","TECR",2022-05-04,"TECR.20220504.EPILITHON.2.CHL/PHEO.1",7.16749792186201
"70334","D17","TECR",2022-05-04,"TECR.20220504.EPILITHON.3.CHL/PHEO.1",34.9568786367415
"70346","D17","TECR",2022-05-04,"TECR.20220504.EPILITHON.3.REP2.CHL/PHEO.2",33.9739193682461
"70378","D17","TECR",2022-05-04,"TECR.20220504.EPILITHON.4.CHL/PHEO.1",11.6521197007481
"70388","D17","TECR",2022-05-04,"TECR.20220504.EPILITHON.5.CHL/PHEO.1",14.478387364921
"70400","D17","TECR",2022-05-04,"TECR.20220504.EPILITHON.6.CHL/PHEO.1",5.66447368421053
"70410","D17","TECR",2022-05-04,"TECR.20220504.EPILITHON.7.CHL/PHEO.1",6.48067434210526
"70422","D17","TECR",2022-05-04,"TECR.20220504.EPILITHON.8.CHL/PHEO.1",6.60053453947368
"70434","D17","TECR",2022-08-01,"TECR.20220801.EPILITHON.1.CHL/PHEO.1",3.55465502909393
"70446","D17","TECR",2022-08-01,"TECR.20220801.EPILITHON.2.CHL/PHEO.1",6.3715710723192
"70456","D17","TECR",2022-08-01,"TECR.20220801.EPILITHON.3.CHL/PHEO.1",7.55662926018288
"70467","D17","TECR",2022-08-01,"TECR.20220801.EPILITHON.3.REP2.CHL/PHEO.2",7.50415627597673
"70499","D17","TECR",2022-08-01,"TECR.20220801.EPILITHON.4.CHL/PHEO.1",9.53137988362427
"70511","D17","TECR",2022-08-01,"TECR.20220801.EPILITHON.5.CHL/PHEO.1",7.18775976724854
"70521","D17","TECR",2022-08-01,"TECR.20220801.EPILITHON.6.CHL/PHEO.1",8.98129111842105
"70533","D17","TECR",2022-08-01,"TECR.20220801.EPILITHON.7.CHL/PHEO.1",4.69901315789474
"70544","D17","TECR",2022-08-01,"TECR.20220801.EPILITHON.8.CHL/PHEO.1",11.2631578947368
"70556","D17","TECR",2022-09-20,"TECR.20220920.EPILITHON.1.CHL/PHEO.1",15.0415627597672
"70567","D17","TECR",2022-09-20,"TECR.20220920.EPILITHON.1.REP2.CHL/PHEO.2",51.4661263507897
"70600","D17","TECR",2022-09-20,"TECR.20220920.EPILITHON.2.CHL/PHEO.1",15.4566708229426
"70611","D17","TECR",2022-09-20,"TECR.20220920.EPILITHON.3.CHL/PHEO.1",14.8862219451372
"70621","D17","TECR",2022-09-20,"TECR.20220920.EPILITHON.4.CHL/PHEO.1",32.3140066500416
"70633","D17","TECR",2022-09-20,"TECR.20220920.EPILITHON.5.CHL/PHEO.1",8.9214463840399
"70644","D17","TECR",2022-09-20,"TECR.20220920.EPILITHON.6.CHL/PHEO.1",22.0178719866999
"70654","D17","TECR",2022-09-20,"TECR.20220920.EPILITHON.7.CHL/PHEO.1",18.9318370739817
"70665","D17","TECR",2022-09-20,"TECR.20220920.EPILITHON.8.CHL/PHEO.1",27.6200124688279
"70679","D17","TECR",2023-08-21,"TECR.20230821.EPILITHON.1.CHL/PHEO.1",20.177680798005
"70689","D17","TECR",2023-08-21,"TECR.20230821.EPILITHON.2.CHL/PHEO.1",38.027327514547
"70701","D17","TECR",2023-08-21,"TECR.20230821.EPILITHON.2.REP2.CHL/PHEO.2",38.4154197838736
"70732","D17","TECR",2023-08-21,"TECR.20230821.EPILITHON.3.CHL/PHEO.1",27.5503948462178
"70744","D17","TECR",2023-08-21,"TECR.20230821.EPILITHON.4.CHL/PHEO.1",32.6917082294264
"70755","D17","TECR",2023-08-21,"TECR.20230821.EPILITHON.5.CHL/PHEO.1",21.9238362427265
"70765","D17","TECR",2023-08-21,"TECR.20230821.EPILITHON.6.CHL/PHEO.1",61.502493765586
"70777","D17","TECR",2023-08-21,"TECR.20230821.EPILITHON.7.CHL/PHEO.1",49.1832917705736
"70788","D17","TECR",2023-08-21,"TECR.20230821.EPILITHON.8.CHL/PHEO.1",57.6215710723192
"70801","D17","TECR",2023-09-18,"TECR.20230918.EPILITHON.1.CHL/PHEO.1",20.7605985037406
"70811","D17","TECR",2023-09-18,"TECR.20230918.EPILITHON.2.CHL/PHEO.1",20.9149002493766
"70822","D17","TECR",2023-09-18,"TECR.20230918.EPILITHON.3.CHL/PHEO.1",12.9026392352452
"70834","D17","TECR",2023-09-18,"TECR.20230918.EPILITHON.4.CHL/PHEO.1",10.361076475478
"70845","D17","TECR",2023-09-18,"TECR.20230918.EPILITHON.5.CHL/PHEO.1",10.5590191188695
"70855","D17","TECR",2023-09-18,"TECR.20230918.EPILITHON.6.CHL/PHEO.1",40.8250207813799
"70866","D17","TECR",2023-09-18,"TECR.20230918.EPILITHON.6.REP2.CHL/PHEO.2",41.0572527015794
"70898","D17","TECR",2023-09-18,"TECR.20230918.EPILITHON.7.CHL/PHEO.1",18.6777847049044
"70910","D17","TECR",2023-09-18,"TECR.20230918.EPILITHON.8.CHL/PHEO.1",30.2758728179551
"71295","D08","TOMB",2017-11-29,"TOMB.20171129.EPIXYLON.10",147.14100166251
"71317","D08","TOMB",2017-11-29,"TOMB.20171129.EPIXYLON.2",195.709164588529
"71342","D08","TOMB",2017-11-29,"TOMB.20171129.EPIXYLON.4",132.304135494597
"71366","D08","TOMB",2017-11-29,"TOMB.20171129.EPIXYLON.6",143.179031587697
"71389","D08","TOMB",2017-11-29,"TOMB.20171129.EPIXYLON.6.REP2",162.824189526185
"71396","D08","TOMB",2017-11-29,"TOMB.20171129.EPIXYLON.8",110.055590191189
"71493","D08","TOMB",2018-03-07,"TOMB.20180307.EPIXYLON.10.CHL/PHEO.1",44.7849127182045
"71504","D08","TOMB",2018-03-07,"TOMB.20180307.EPIXYLON.2.CHL/PHEO.1",14.6482751454697
"71515","D08","TOMB",2018-03-07,"TOMB.20180307.EPIXYLON.4.CHL/PHEO.1",142.686512884456
"71537","D08","TOMB",2018-03-07,"TOMB.20180307.EPIXYLON.6.CHL/PHEO.1",44.7791978387365
"71550","D08","TOMB",2018-03-07,"TOMB.20180307.EPIXYLON.8.CHL/PHEO.1",48.9063798836243
"71592","D08","TOMB",2018-07-10,"TOMB.20180710.EPIXYLON.10.CHL/PHEO.1",38.5369908561929
"71603","D08","TOMB",2018-07-10,"TOMB.20180710.EPIXYLON.2.CHL/PHEO.1",49.5822942643392
"71615","D08","TOMB",2018-07-10,"TOMB.20180710.EPIXYLON.2.REP2.CHL/PHEO.2",67.236076475478
"71621","D08","TOMB",2018-07-10,"TOMB.20180710.EPIXYLON.4.CHL/PHEO.1",59.4482543640898
"71631","D08","TOMB",2018-07-10,"TOMB.20180710.EPIXYLON.6.CHL/PHEO.1",101.788237738986
"71644","D08","TOMB",2018-07-10,"TOMB.20180710.EPIXYLON.8.CHL/PHEO.1",28.0278470490441
"71686","D08","TOMB",2018-11-15,"TOMB.20181115.EPIXYLON.10.CHL/PHEO.1",49.1069201995012
"71698","D08","TOMB",2018-11-15,"TOMB.20181115.EPIXYLON.2.CHL/PHEO.1",21.8568162926018
"71708","D08","TOMB",2018-11-15,"TOMB.20181115.EPIXYLON.4.CHL/PHEO.1",21.6287406483791
"71721","D08","TOMB",2018-11-15,"TOMB.20181115.EPIXYLON.4.REP2.CHL/PHEO.2",32.0189110556941
"71726","D08","TOMB",2018-11-15,"TOMB.20181115.EPIXYLON.6.CHL/PHEO.1",54.4825436408978
"71738","D08","TOMB",2018-11-15,"TOMB.20181115.EPIXYLON.8.CHL/PHEO.1",32.4168744804655
"71781","D08","TOMB",2019-04-09,"TOMB.20190409.EPIXYLON.1.CHL/PHEO.1",14.7826267664173
"71790","D08","TOMB",2019-04-09,"TOMB.20190409.EPIXYLON.1.REP2.CHL/PHEO.2",14.0509143807149
"71795","D08","TOMB",2019-04-09,"TOMB.20190409.EPIXYLON.3.CHL/PHEO.1",8.78169160432253
"71806","D08","TOMB",2019-04-09,"TOMB.20190409.EPIXYLON.5.CHL/PHEO.1",9.08894430590191
"71816","D08","TOMB",2019-04-09,"TOMB.20190409.EPIXYLON.7.CHL/PHEO.1",11.708748960931
"71826","D08","TOMB",2019-04-09,"TOMB.20190409.EPIXYLON.9.CHL/PHEO.1",8.67726517040732
"71866","D08","TOMB",2019-07-09,"TOMB.20190709.EPIXYLON.1.CHL/PHEO.1",11.6796550290939
"71876","D08","TOMB",2019-07-09,"TOMB.20190709.EPIXYLON.3.CHL/PHEO.1",63.6377805486284
"71886","D08","TOMB",2019-07-09,"TOMB.20190709.EPIXYLON.5.CHL/PHEO.1",67.3488154613466
"71895","D08","TOMB",2019-07-09,"TOMB.20190709.EPIXYLON.5.REP2.CHL/PHEO.2",56.9789068994181
"71901","D08","TOMB",2019-07-09,"TOMB.20190709.EPIXYLON.7.CHL/PHEO.1",38.75
"71910","D08","TOMB",2019-07-09,"TOMB.20190709.EPIXYLON.9.CHL/PHEO.1",28.1618869492934
"71951","D08","TOMB",2019-11-25,"TOMB.20191125.EPIXYLON.1.CHL/PHEO.1",126.780964256027
"71961","D08","TOMB",2019-11-25,"TOMB.20191125.EPIXYLON.3.CHL/PHEO.1",54.0108063175395
"71970","D08","TOMB",2019-11-25,"TOMB.20191125.EPIXYLON.3.REP2.CHL/PHEO.2",64.2149833748961
"71975","D08","TOMB",2019-11-25,"TOMB.20191125.EPIXYLON.5.CHL/PHEO.1",50.6094139650873
"71985","D08","TOMB",2019-11-25,"TOMB.20191125.EPIXYLON.7.CHL/PHEO.1",124.719451371571
"71995","D08","TOMB",2019-11-25,"TOMB.20191125.EPIXYLON.9.CHL/PHEO.1",49.6815253532835
"72036","D08","TOMB",2020-07-22,"TOMB.20200722.EPIXYLON.1.CHL/PHEO.1",46.5643183707398
"72047","D08","TOMB",2020-07-22,"TOMB.20200722.EPIXYLON.3.CHL/PHEO.1",130.382377389859
"72058","D08","TOMB",2020-07-22,"TOMB.20200722.EPIXYLON.5.CHL/PHEO.1",31.5206774729842
"72068","D08","TOMB",2020-07-22,"TOMB.20200722.EPIXYLON.7.CHL/PHEO.1",38.4336034912718
"72079","D08","TOMB",2020-07-22,"TOMB.20200722.EPIXYLON.9.CHL/PHEO.1",42.0152743142145
"72090","D08","TOMB",2020-07-22,"TOMB.20200722.EPIXYLON.9.REP2.CHL/PHEO.2",43.3764546965919
"72155","D08","TOMB",2020-11-11,"TOMB.20201111.EPIXYLON.1.CHL/PHEO.1",23.7635078969244
"72166","D08","TOMB",2020-11-11,"TOMB.20201111.EPIXYLON.3.CHL/PHEO.1",38.9780756442228
"72176","D08","TOMB",2020-11-11,"TOMB.20201111.EPIXYLON.5.CHL/PHEO.1",49.5194305901912
"72186","D08","TOMB",2020-11-11,"TOMB.20201111.EPIXYLON.7.CHL/PHEO.1",49.5194305901912
"72195","D08","TOMB",2020-11-11,"TOMB.20201111.EPIXYLON.9.CHL/PHEO.1",26.1907730673317
"72206","D08","TOMB",2020-11-11,"TOMB.20201111.EPIXYLON.9.REP2.CHL/PHEO.2",26.806421446384
"72261","D08","TOMB",2021-03-01,"TOMB.20210301.EPIXYLON.10.CHL/PHEO.1",36.0027015793849
"72272","D08","TOMB",2021-03-01,"TOMB.20210301.EPIXYLON.10.REP2.CHL/PHEO.2",36.4692435577722
"72305","D08","TOMB",2021-03-01,"TOMB.20210301.EPIXYLON.2.CHL/PHEO.1",54.4160432252702
"72316","D08","TOMB",2021-03-01,"TOMB.20210301.EPIXYLON.4.CHL/PHEO.1",32.2693266832918
"72327","D08","TOMB",2021-03-01,"TOMB.20210301.EPIXYLON.6.CHL/PHEO.1",19.5267040731505
"72338","D08","TOMB",2021-03-01,"TOMB.20210301.EPIXYLON.8.CHL/PHEO.1",49.7864713216958
"72381","D08","TOMB",2021-07-13,"TOMB.20210713.EPIXYLON.1.CHL/PHEO.1",32.253221113882
"72391","D08","TOMB",2021-07-13,"TOMB.20210713.EPIXYLON.2.CHL/PHEO.1",22.3384247714048
"72410","D08","TOMB",2021-07-13,"TOMB.20210713.EPIXYLON.3.REP2.CHL/PHEO.2",23.3177472984206
"72437","D08","TOMB",2021-07-13,"TOMB.20210713.EPIXYLON.4.CHL/PHEO.1",34.369285120532
"72447","D08","TOMB",2021-07-13,"TOMB.20210713.EPIXYLON.5.CHL/PHEO.1",7.28906899418121
"72486","D08","TOMB",2021-11-02,"TOMB.20211102.EPIXYLON.1.CHL/PHEO.1",43.8907938487116
"72496","D08","TOMB",2021-11-02,"TOMB.20211102.EPIXYLON.2.CHL/PHEO.1",54.0627597672485
"72506","D08","TOMB",2021-11-02,"TOMB.20211102.EPIXYLON.3.CHL/PHEO.1",53.7146716541978
"72516","D08","TOMB",2021-11-02,"TOMB.20211102.EPIXYLON.3.REP2.CHL/PHEO.2",53.4808811305071
"72543","D08","TOMB",2021-11-02,"TOMB.20211102.EPIXYLON.4.CHL/PHEO.1",117.71612635079
"72552","D08","TOMB",2021-11-02,"TOMB.20211102.EPIXYLON.5.CHL/PHEO.1",52.8158769742311
"72593","D08","TOMB",2022-05-11,"TOMB.20220511.EPIXYLON.1.CHL/PHEO.1",65.6483790523691
"72603","D08","TOMB",2022-05-11,"TOMB.20220511.EPIXYLON.2.CHL/PHEO.1",100.488362427265
"72613","D08","TOMB",2022-05-11,"TOMB.20220511.EPIXYLON.3.CHL/PHEO.1",81.0525768911056
"72623","D08","TOMB",2022-05-11,"TOMB.20220511.EPIXYLON.3.REP2.CHL/PHEO.2",79.5874896093101
"72649","D08","TOMB",2022-05-11,"TOMB.20220511.EPIXYLON.4.CHL/PHEO.1",53.6575228595179
"72659","D08","TOMB",2022-05-11,"TOMB.20220511.EPIXYLON.5.CHL/PHEO.1",52.8106816292602
"72698","D08","TOMB",2022-07-27,"TOMB.20220727.EPIXYLON.1.CHL/PHEO.1",26.1715502909393
"72708","D08","TOMB",2022-07-27,"TOMB.20220727.EPIXYLON.2.CHL/PHEO.1",35.3501662510391
"72718","D08","TOMB",2022-07-27,"TOMB.20220727.EPIXYLON.3.CHL/PHEO.1",30.4842061512884
"72728","D08","TOMB",2022-07-27,"TOMB.20220727.EPIXYLON.3.REP2.CHL/PHEO.2",30.2628844555278
"72755","D08","TOMB",2022-07-27,"TOMB.20220727.EPIXYLON.4.CHL/PHEO.1",22.8906899418121
"72765","D08","TOMB",2022-07-27,"TOMB.20220727.EPIXYLON.5.CHL/PHEO.1",17.2142560266002
"72804","D08","TOMB",2022-10-31,"TOMB.20221031.EPIXYLON.1.CHL/PHEO.1",54.2809642560266
"72815","D08","TOMB",2022-10-31,"TOMB.20221031.EPIXYLON.2.CHL/PHEO.1",38.3442435577722
"72825","D08","TOMB",2022-10-31,"TOMB.20221031.EPIXYLON.3.CHL/PHEO.1",32.2433499584372
"72835","D08","TOMB",2022-10-31,"TOMB.20221031.EPIXYLON.3.REP2.CHL/PHEO.2",31.4666458852868
"72860","D08","TOMB",2022-10-31,"TOMB.20221031.EPIXYLON.4.CHL/PHEO.1",49.8067331670823
"72871","D08","TOMB",2022-10-31,"TOMB.20221031.EPIXYLON.5.CHL/PHEO.1",34.7204904405652
"72911","D08","TOMB",2023-03-13,"TOMB.20230313.EPIXYLON.1.CHL/PHEO.1",37.8595178719867
"72920","D08","TOMB",2023-03-13,"TOMB.20230313.EPIXYLON.2.CHL/PHEO.1",39.5537198669992
"72930","D08","TOMB",2023-03-13,"TOMB.20230313.EPIXYLON.3.CHL/PHEO.1",28.21072319202
"72941","D08","TOMB",2023-03-13,"TOMB.20230313.EPIXYLON.3.REP2.CHL/PHEO.2",28.5052992518703
"72967","D08","TOMB",2023-03-13,"TOMB.20230313.EPIXYLON.4.CHL/PHEO.1",31.783042394015
"72977","D08","TOMB",2023-03-13,"TOMB.20230313.EPIXYLON.5.CHL/PHEO.1",48.7240232751455
"73017","D08","TOMB",2023-07-10,"TOMB.20230710.EPIXYLON.1.CHL/PHEO.1",31.7856400665004
"73027","D08","TOMB",2023-07-10,"TOMB.20230710.EPIXYLON.2.CHL/PHEO.1",43.2699501246883
"73036","D08","TOMB",2023-07-10,"TOMB.20230710.EPIXYLON.3.CHL/PHEO.1",30.1226101413134
"73047","D08","TOMB",2023-07-10,"TOMB.20230710.EPIXYLON.3.REP2.CHL/PHEO.2",30.4706982543641
"73073","D08","TOMB",2023-07-10,"TOMB.20230710.EPIXYLON.4.CHL/PHEO.1",22.8917290108063
"73082","D08","TOMB",2023-07-10,"TOMB.20230710.EPIXYLON.5.CHL/PHEO.1",18.0195344970906
"73122","D08","TOMB",2023-11-21,"TOMB.20231121.EPIXYLON.1.CHL/PHEO.1",58.4008728179551
"73132","D08","TOMB",2023-11-21,"TOMB.20231121.EPIXYLON.2.CHL/PHEO.1",42.5670199501247
"73142","D08","TOMB",2023-11-21,"TOMB.20231121.EPIXYLON.2.REP2.CHL/PHEO.2",42.2178927680798
"73168","D08","TOMB",2023-11-21,"TOMB.20231121.EPIXYLON.3.CHL/PHEO.1",36.5528886118038
"73178","D08","TOMB",2023-11-21,"TOMB.20231121.EPIXYLON.4.CHL/PHEO.1",57.1591853699086
"73189","D08","TOMB",2023-11-21,"TOMB.20231121.EPIXYLON.5.CHL/PHEO.1",41.0925810473816
"73552","D18","TOOK",2018-06-28,"TOOK.20180628.EPILITHON.10.CHL/PHEO.1",2.23659600997506
"73563","D18","TOOK",2018-06-28,"TOOK.20180628.EPILITHON.10.REP2.CHL/PHEO.2",5.33302161263508
"73567","D18","TOOK",2018-06-28,"TOOK.20180628.EPILITHON.2.CHL/PHEO.1",3.38944305901912
"73578","D18","TOOK",2018-06-28,"TOOK.20180628.EPILITHON.4.CHL/PHEO.1",5.30236907730673
"73589","D18","TOOK",2018-06-28,"TOOK.20180628.EPILITHON.6.CHL/PHEO.1",0.972049044056525
"73602","D18","TOOK",2018-06-28,"TOOK.20180628.EPILITHON.8.CHL/PHEO.1",0.769950124688279
"73645","D18","TOOK",2018-08-01,"TOOK.20180801.EPILITHON.1.CHL/PHEO.1",7.77015793848711
"73655","D18","TOOK",2018-08-01,"TOOK.20180801.EPILITHON.1.REP2.CHL/PHEO.2",7.3560889443059
"73663","D18","TOOK",2018-08-01,"TOOK.20180801.EPILITHON.3.CHL/PHEO.1",3.1582502078138
"73674","D18","TOOK",2018-08-01,"TOOK.20180801.EPILITHON.5.CHL/PHEO.1",1.28376974231089
"73685","D18","TOOK",2018-08-01,"TOOK.20180801.EPILITHON.7.CHL/PHEO.1",4.65399002493766
"73696","D18","TOOK",2018-08-01,"TOOK.20180801.EPILITHON.9.CHL/PHEO.1",4.92518703241895
"73739","D18","TOOK",2018-09-19,"TOOK.20180919.EPILITHON.10.CHL/PHEO.1",12.2329592684954
"73751","D18","TOOK",2018-09-19,"TOOK.20180919.EPILITHON.2.CHL/PHEO.1",9.04509559434746
"73760","D18","TOOK",2018-09-19,"TOOK.20180919.EPILITHON.2.REP2.CHL/PHEO.2",9.66490024937656
"73766","D18","TOOK",2018-09-19,"TOOK.20180919.EPILITHON.4.CHL/PHEO.1",6.73264754779717
"73779","D18","TOOK",2018-09-19,"TOOK.20180919.EPILITHON.6.CHL/PHEO.1",4.18588944305902
"73788","D18","TOOK",2018-09-19,"TOOK.20180919.EPILITHON.8.CHL/PHEO.1",14.4394222776392
"73833","D18","TOOK",2019-06-21,"TOOK.20190621.EPILITHON.10.CHL/PHEO.1",11.0250415627598
"73842","D18","TOOK",2019-06-21,"TOOK.20190621.EPILITHON.10.REP2.CHL/PHEO.2",7.81587697423109
"73847","D18","TOOK",2019-06-21,"TOOK.20190621.EPILITHON.2.CHL/PHEO.1",11.1341438071488
"73858","D18","TOOK",2019-06-21,"TOOK.20190621.EPILITHON.4.CHL/PHEO.1",6.15648379052369
"73868","D18","TOOK",2019-06-21,"TOOK.20190621.EPILITHON.6.CHL/PHEO.1",6.83343724023275
"73877","D18","TOOK",2019-06-21,"TOOK.20190621.EPILITHON.8.CHL/PHEO.1",17.1015170407315
"73917","D18","TOOK",2019-07-31,"TOOK.20190731.EPILITHON.1.CHL/PHEO.1",3.81338320864505
"73928","D18","TOOK",2019-07-31,"TOOK.20190731.EPILITHON.1.REP2.CHL/PHEO.2",2.93952618453865
"73932","D18","TOOK",2019-07-31,"TOOK.20190731.EPILITHON.3.CHL/PHEO.1",4.7402327514547
"73942","D18","TOOK",2019-07-31,"TOOK.20190731.EPILITHON.5.CHL/PHEO.1",10.8307356608479
"73953","D18","TOOK",2019-07-31,"TOOK.20190731.EPILITHON.7.CHL/PHEO.1",13.107855361596
"73962","D18","TOOK",2019-07-31,"TOOK.20190731.EPILITHON.9.CHL/PHEO.1",6.22298420615129
"74003","D18","TOOK",2019-09-10,"TOOK.20190910.EPILITHON.10.CHL/PHEO.1",6.14297589359933
"74012","D18","TOOK",2019-09-10,"TOOK.20190910.EPILITHON.2.CHL/PHEO.1",8.36710307564422
"74031","D18","TOOK",2019-09-10,"TOOK.20190910.EPILITHON.6.CHL/PHEO.1",7.28699085619285
"74042","D18","TOOK",2019-09-10,"TOOK.20190910.EPILITHON.8.CHL/PHEO.1",20.4410847880299
"74051","D18","TOOK",2019-09-10,"TOOK.20190910.EPILITHON.8.REP2.CHL/PHEO.2",20.4410847880299
"74087","D18","TOOK",2020-07-19,"TOOK.20200719.EPILITHON.1.CHL/PHEO.1",2.18516209476309
"74098","D18","TOOK",2020-07-19,"TOOK.20200719.EPILITHON.3.CHL/PHEO.1",7.02878221113882
"74108","D18","TOOK",2020-07-19,"TOOK.20200719.EPILITHON.5.CHL/PHEO.1",13.0018703241895
"74119","D18","TOOK",2020-07-19,"TOOK.20200719.EPILITHON.5.REP2.CHL/PHEO.2",12.7831463009144
"74151","D18","TOOK",2020-07-19,"TOOK.20200719.EPILITHON.7.CHL/PHEO.1",8.70428096425603
"74163","D18","TOOK",2020-07-19,"TOOK.20200719.EPILITHON.9.CHL/PHEO.1",4.66178304239402
"74206","D18","TOOK",2020-08-19,"TOOK.20200819.EPILITHON.1.CHL/PHEO.1",1.99501246882793
"74218","D18","TOOK",2020-08-19,"TOOK.20200819.EPILITHON.3.CHL/PHEO.1",2.52961346633416
"74229","D18","TOOK",2020-08-19,"TOOK.20200819.EPILITHON.5.CHL/PHEO.1",4.66697838736492
"74239","D18","TOOK",2020-08-19,"TOOK.20200819.EPILITHON.7.CHL/PHEO.1",1.63861180382377
"74251","D18","TOOK",2020-08-19,"TOOK.20200819.EPILITHON.7.REP2.CHL/PHEO.2",2.7431421446384
"74283","D18","TOOK",2020-08-19,"TOOK.20200819.EPILITHON.9.CHL/PHEO.1",0.997506234413965
"74326","D18","TOOK",2020-09-05,"TOOK.20200905.EPILITHON.10.CHL/PHEO.1",2.03397755610973
"74337","D18","TOOK",2020-09-05,"TOOK.20200905.EPILITHON.2.CHL/PHEO.1",5.1937863674148
"74348","D18","TOOK",2020-09-05,"TOOK.20200905.EPILITHON.4.CHL/PHEO.1",2.57896924355777
"74359","D18","TOOK",2020-09-05,"TOOK.20200905.EPILITHON.6.CHL/PHEO.1",2.14307980049875
"74371","D18","TOOK",2020-09-05,"TOOK.20200905.EPILITHON.8.CHL/PHEO.1",4.10432252701579
"74382","D18","TOOK",2020-09-05,"TOOK.20200905.EPILITHON.8.REP2.CHL/PHEO.2",4.32200748129676
"74447","D18","TOOK",2021-07-08,"TOOK.20210708.EPILITHON.10.CHL/PHEO.1",2.81431837073982
"74458","D18","TOOK",2021-07-08,"TOOK.20210708.EPILITHON.2.CHL/PHEO.1",3.00966334164589
"74468","D18","TOOK",2021-07-08,"TOOK.20210708.EPILITHON.4.CHL/PHEO.1",1.7586242726517
"74480","D18","TOOK",2021-07-08,"TOOK.20210708.EPILITHON.6.CHL/PHEO.1",6.25363674147963
"74491","D18","TOOK",2021-07-08,"TOOK.20210708.EPILITHON.6.REP2.CHL/PHEO.2",6.15544472152951
"74522","D18","TOOK",2021-07-08,"TOOK.20210708.EPILITHON.8.CHL/PHEO.1",1.44638403990025
"74566","D18","TOOK",2021-07-29,"TOOK.20210729.EPILITHON.10.CHL/PHEO.1",3.15721113881962
"74578","D18","TOOK",2021-07-29,"TOOK.20210729.EPILITHON.2.CHL/PHEO.1",10.6805901911887
"74589","D18","TOOK",2021-07-29,"TOOK.20210729.EPILITHON.4.CHL/PHEO.1",6.97734829592685
"74599","D18","TOOK",2021-07-29,"TOOK.20210729.EPILITHON.4.REP2.CHL/PHEO.2",7.17217373233583
"74631","D18","TOOK",2021-07-29,"TOOK.20210729.EPILITHON.6.CHL/PHEO.1",9.0430174563591
"74643","D18","TOOK",2021-07-29,"TOOK.20210729.EPILITHON.8.CHL/PHEO.1",5.41822527015794
"74686","D18","TOOK",2021-09-07,"TOOK.20210907.EPILITHON.10.CHL/PHEO.1",3.11824605153782
"74703","D18","TOOK",2021-09-07,"TOOK.20210907.EPILITHON.2.CHL/PHEO.1",6.23649210307565
"74713","D18","TOOK",2021-09-07,"TOOK.20210907.EPILITHON.4.CHL/PHEO.1",9.74490856192851
"74725","D18","TOOK",2021-09-07,"TOOK.20210907.EPILITHON.4.REP2.CHL/PHEO.2",9.93973399833749
"74757","D18","TOOK",2021-09-07,"TOOK.20210907.EPILITHON.6.CHL/PHEO.1",10.2514546965919
"74768","D18","TOOK",2021-09-07,"TOOK.20210907.EPILITHON.8.CHL/PHEO.1",4.56047381546135
"74811","D18","TOOK",2022-06-25,"TOOK.20220625.EPILITHON.10.CHL/PHEO.1",16.6926433915212
"74822","D18","TOOK",2022-06-25,"TOOK.20220625.EPILITHON.2.CHL/PHEO.1",13.6777847049044
"74833","D18","TOOK",2022-06-25,"TOOK.20220625.EPILITHON.4.CHL/PHEO.1",15.0379260182876
"74845","D18","TOOK",2022-06-25,"TOOK.20220625.EPILITHON.4.REP2.CHL/PHEO.2",17.4277847049044
"74877","D18","TOOK",2022-06-25,"TOOK.20220625.EPILITHON.6.CHL/PHEO.1",17.832502078138
"74887","D18","TOOK",2022-06-25,"TOOK.20220625.EPILITHON.8.CHL/PHEO.1",15.699812967581
"74932","D18","TOOK",2022-08-04,"TOOK.20220804.EPILITHON.1.CHL/PHEO.1",20.1870324189526
"74943","D18","TOOK",2022-08-04,"TOOK.20220804.EPILITHON.3.CHL/PHEO.1",21.8209684123026
"74954","D18","TOOK",2022-08-04,"TOOK.20220804.EPILITHON.3.REP2.CHL/PHEO.2",21.4214463840399
"74986","D18","TOOK",2022-08-04,"TOOK.20220804.EPILITHON.5.CHL/PHEO.1",18.3354114713217
"74997","D18","TOOK",2022-08-04,"TOOK.20220804.EPILITHON.7.CHL/PHEO.1",19.4248753117207
"75008","D18","TOOK",2022-08-04,"TOOK.20220804.EPILITHON.9.CHL/PHEO.1",20.3688694929343
"75052","D18","TOOK",2022-09-12,"TOOK.20220912.EPILITHON.10.CHL/PHEO.1",8.06057772236077
"75063","D18","TOOK",2022-09-12,"TOOK.20220912.EPILITHON.2.CHL/PHEO.1",16.5201579384871
"75074","D18","TOOK",2022-09-12,"TOOK.20220912.EPILITHON.4.CHL/PHEO.1",13.8694929343308
"75084","D18","TOOK",2022-09-12,"TOOK.20220912.EPILITHON.4.REP2.CHL/PHEO.2",14.2690149625935
"75116","D18","TOOK",2022-09-12,"TOOK.20220912.EPILITHON.6.CHL/PHEO.1",13.1431837073982
"75128","D18","TOOK",2022-09-12,"TOOK.20220912.EPILITHON.8.CHL/PHEO.1",17.7452202826268
"75172","D18","TOOK",2023-07-01,"TOOK.20230701.EPILITHON.10.CHL/PHEO.1",20.8535951787199
"75183","D18","TOOK",2023-07-01,"TOOK.20230701.EPILITHON.10.REP2.CHL/PHEO.2",20.9310058187864
"75214","D18","TOOK",2023-07-01,"TOOK.20230701.EPILITHON.2.CHL/PHEO.1",17.4423316708229
"75225","D18","TOOK",2023-07-01,"TOOK.20230701.EPILITHON.4.CHL/PHEO.1",18.1016209476309
"75236","D18","TOOK",2023-07-01,"TOOK.20230701.EPILITHON.6.CHL/PHEO.1",18.4502285951787
"75248","D18","TOOK",2023-07-01,"TOOK.20230701.EPILITHON.8.CHL/PHEO.1",22.6366375727348
"75292","D18","TOOK",2023-07-28,"TOOK.20230728.EPILITHON.1.CHL/PHEO.1",24.4716334164589
"75302","D18","TOOK",2023-07-28,"TOOK.20230728.EPILITHON.3.CHL/PHEO.1",25.9839983374896
"75314","D18","TOOK",2023-07-28,"TOOK.20230728.EPILITHON.5.CHL/PHEO.1",23.463216957606
"75325","D18","TOOK",2023-07-28,"TOOK.20230728.EPILITHON.5.REP2.CHL/PHEO.2",31.8012261014131
"75356","D18","TOOK",2023-07-28,"TOOK.20230728.EPILITHON.7.CHL/PHEO.1",20.9814006650042
"75368","D18","TOOK",2023-07-28,"TOOK.20230728.EPILITHON.9.CHL/PHEO.1",23.3468412302577
"75412","D18","TOOK",2023-09-08,"TOOK.20230908.EPILITHON.10.CHL/PHEO.1",9.74231088944306
"75422","D18","TOOK",2023-09-08,"TOOK.20230908.EPILITHON.2.CHL/PHEO.1",18.0153782211139
"75433","D18","TOOK",2023-09-08,"TOOK.20230908.EPILITHON.4.CHL/PHEO.1",16.5076891105569
"75445","D18","TOOK",2023-09-08,"TOOK.20230908.EPILITHON.4.REP2.CHL/PHEO.2",16.4307980049875
"75477","D18","TOOK",2023-09-08,"TOOK.20230908.EPILITHON.6.CHL/PHEO.1",17.9384871155445
"75487","D18","TOOK",2023-09-08,"TOOK.20230908.EPILITHON.8.CHL/PHEO.1",17.7836658354115
"76455","D07","WALK",2017-10-17,"WALK.20171017.EPILITHON.1",2.44285120532003
"76601","D07","WALK",2017-10-17,"WALK.20171017.EPIXYLON.1",0.449397339983375
"76714","D07","WALK",2018-03-14,"WALK.20180314.EPILITHON.1.CHL/PHEO.1",11.8687655860349
"76725","D07","WALK",2018-03-14,"WALK.20180314.EPILITHON.2.CHL/PHEO.1",22.9997921862012
"76735","D07","WALK",2018-03-14,"WALK.20180314.EPILITHON.3.CHL/PHEO.1",5.8961970074813
"76745","D07","WALK",2018-03-14,"WALK.20180314.EPILITHON.3.REP2.CHL/PHEO.2",5.39640482128013
"76751","D07","WALK",2018-03-14,"WALK.20180314.EPILITHON.4.CHL/PHEO.1",13.0049875311721
"76762","D07","WALK",2018-03-14,"WALK.20180314.EPILITHON.5.CHL/PHEO.1",16.5622402327515
"76775","D07","WALK",2018-03-14,"WALK.20180314.EPIXYLON.1.CHL/PHEO.1",0.627078137988362
"76785","D07","WALK",2018-03-14,"WALK.20180314.EPIXYLON.2.CHL/PHEO.1",2.47817955112219
"76795","D07","WALK",2018-03-14,"WALK.20180314.EPIXYLON.3.CHL/PHEO.1",3.01589775561097
"76811","D07","WALK",2018-07-18,"WALK.20180718.EPILITHON.1.CHL/PHEO.1",25.4462801330008
"76821","D07","WALK",2018-07-18,"WALK.20180718.EPILITHON.2.CHL/PHEO.1",16.8448669991687
"76831","D07","WALK",2018-07-18,"WALK.20180718.EPILITHON.3.CHL/PHEO.1",13.6912926018288
"76843","D07","WALK",2018-07-18,"WALK.20180718.EPILITHON.4.CHL/PHEO.1",11.2094763092269
"76855","D07","WALK",2018-07-18,"WALK.20180718.EPILITHON.4.REP2.CHL/PHEO.2",12.156068162926
"76861","D07","WALK",2018-07-18,"WALK.20180718.EPILITHON.5.CHL/PHEO.1",35.0259767248545
"76871","D07","WALK",2018-07-18,"WALK.20180718.EPIXYLON.1.CHL/PHEO.1",6.45677472984206
"76882","D07","WALK",2018-07-18,"WALK.20180718.EPIXYLON.2.CHL/PHEO.1",2.2843931837074
"76892","D07","WALK",2018-07-18,"WALK.20180718.EPIXYLON.3.CHL/PHEO.1",1.70303408146301
"76907","D07","WALK",2018-10-31,"WALK.20181031.EPILITHON.1.CHL/PHEO.1",10.6068162926018
"76919","D07","WALK",2018-10-31,"WALK.20181031.EPILITHON.2.CHL/PHEO.1",7.79145885286783
"76928","D07","WALK",2018-10-31,"WALK.20181031.EPILITHON.2.REP2.CHL/PHEO.2",7.57481296758105
"76934","D07","WALK",2018-10-31,"WALK.20181031.EPILITHON.3.CHL/PHEO.1",8.70428096425603
"76945","D07","WALK",2018-10-31,"WALK.20181031.EPILITHON.4.CHL/PHEO.1",13.6886949293433
"76958","D07","WALK",2018-10-31,"WALK.20181031.EPILITHON.5.CHL/PHEO.1",2.00384455527847
"76967","D07","WALK",2018-10-31,"WALK.20181031.EPIXYLON.1.CHL/PHEO.1",5.58395677472984
"76978","D07","WALK",2018-10-31,"WALK.20181031.EPIXYLON.2.CHL/PHEO.1",11.2972776392352
"76990","D07","WALK",2018-10-31,"WALK.20181031.EPIXYLON.3.CHL/PHEO.1",1.15284704904406
"77004","D07","WALK",2019-03-13,"WALK.20190313.EPILITHON.1.CHL/PHEO.1",11.0811512884456
"77014","D07","WALK",2019-03-13,"WALK.20190313.EPILITHON.2.CHL/PHEO.1",9.19939733998337
"77024","D07","WALK",2019-03-13,"WALK.20190313.EPILITHON.3.CHL/PHEO.1",7.4225893599335
"77034","D07","WALK",2019-03-13,"WALK.20190313.EPILITHON.4.CHL/PHEO.1",21.4307980049875
"77043","D07","WALK",2019-03-13,"WALK.20190313.EPILITHON.4.REP2.CHL/PHEO.2",19.3401911886949
"77048","D07","WALK",2019-03-13,"WALK.20190313.EPILITHON.5.CHL/PHEO.1",7.08800914380715
"77059","D07","WALK",2019-03-13,"WALK.20190313.EPIXYLON.1.CHL/PHEO.1",3.22007481296758
"77069","D07","WALK",2019-03-13,"WALK.20190313.EPIXYLON.2.CHL/PHEO.1",1.714463840399
"77078","D07","WALK",2019-03-13,"WALK.20190313.EPIXYLON.3.CHL/PHEO.1",1.45313798836243
"77090","D07","WALK",2019-07-03,"WALK.20190703.EPILITHON.1.CHL/PHEO.1",21.8313591022444
"77101","D07","WALK",2019-07-03,"WALK.20190703.EPILITHON.2.CHL/PHEO.1",25.4338113050707
"77111","D07","WALK",2019-07-03,"WALK.20190703.EPILITHON.3.CHL/PHEO.1",6.45105985037407
"77120","D07","WALK",2019-07-03,"WALK.20190703.EPILITHON.4.CHL/PHEO.1",2.82730673316708
"77131","D07","WALK",2019-07-03,"WALK.20190703.EPILITHON.5.CHL/PHEO.1",5.23950540315877
"77141","D07","WALK",2019-07-03,"WALK.20190703.EPILITHON.5.REP2.CHL/PHEO.2",5.51226101413134
"77145","D07","WALK",2019-07-03,"WALK.20190703.EPIXYLON.1.CHL/PHEO.1",2.60910224438903
"77155","D07","WALK",2019-07-03,"WALK.20190703.EPIXYLON.2.CHL/PHEO.1",0.466022443890274
"77166","D07","WALK",2019-07-03,"WALK.20190703.EPIXYLON.3.CHL/PHEO.1",2.74002493765586
"77178","D07","WALK",2019-10-29,"WALK.20191029.EPILITHON.1.CHL/PHEO.1",14.0191188694929
"77187","D07","WALK",2019-10-29,"WALK.20191029.EPILITHON.2.CHL/PHEO.1",17.0085203657523
"77197","D07","WALK",2019-10-29,"WALK.20191029.EPILITHON.3.CHL/PHEO.1",9.58645054031588
"77207","D07","WALK",2019-10-29,"WALK.20191029.EPILITHON.4.CHL/PHEO.1",12.2667290108063
"77228","D07","WALK",2019-10-29,"WALK.20191029.EPILITHON.5.CHL/PHEO.1",12.8849750623441
"77238","D07","WALK",2019-10-29,"WALK.20191029.EPIXYLON.1.CHL/PHEO.1",3.29852452202826
"77263","D07","WALK",2019-10-29,"WALK.20191029.EPIXYLON.3.CHL/PHEO.1",6.59704904405653
"77365","D07","WALK",2020-07-08,"WALK.20200708.EPILITHON.1.CHL/PHEO.1",3.22423108894431
"77377","D07","WALK",2020-07-08,"WALK.20200708.EPILITHON.2.CHL/PHEO.1",16.6999168744805
"77388","D07","WALK",2020-07-08,"WALK.20200708.EPILITHON.3.CHL/PHEO.1",19.271612635079
"77399","D07","WALK",2020-07-08,"WALK.20200708.EPILITHON.4.CHL/PHEO.1",19.5615128844555
"77409","D07","WALK",2020-07-08,"WALK.20200708.EPILITHON.4.REP2.CHL/PHEO.2",20.3948462177889
"77451","D07","WALK",2020-07-08,"WALK.20200708.EPIXYLON.1.CHL/PHEO.1",6.08582709891937
"77462","D07","WALK",2020-07-08,"WALK.20200708.EPIXYLON.2.CHL/PHEO.1",5.65097672485453
"77473","D07","WALK",2020-07-08,"WALK.20200708.EPIXYLON.3.CHL/PHEO.1",5.25249376558603
"77487","D07","WALK",2020-10-21,"WALK.20201021.EPILITHON.1.CHL/PHEO.1",33.45178719867
"77499","D07","WALK",2020-10-21,"WALK.20201021.EPILITHON.1.REP2.CHL/PHEO.2",32.689110556941
"77530","D07","WALK",2020-10-21,"WALK.20201021.EPILITHON.2.CHL/PHEO.1",22.8460099750623
"77542","D07","WALK",2020-10-21,"WALK.20201021.EPILITHON.3.CHL/PHEO.1",15.0368869492934
"77552","D07","WALK",2020-10-21,"WALK.20201021.EPILITHON.4.CHL/PHEO.1",20.5579800498753
"77564","D07","WALK",2020-10-21,"WALK.20201021.EPILITHON.5.CHL/PHEO.1",11.6952410640066
"77574","D07","WALK",2020-10-21,"WALK.20201021.EPIXYLON.1.CHL/PHEO.1",2.46986699916874
"77585","D07","WALK",2020-10-21,"WALK.20201021.EPIXYLON.2.CHL/PHEO.1",3.34164588528678
"77596","D07","WALK",2020-10-21,"WALK.20201021.EPIXYLON.3.CHL/PHEO.1",1.99761014131338
"77609","D07","WALK",2021-03-10,"WALK.20210310.EPILITHON.1.CHL/PHEO.1",12.4584372402328
"77620","D07","WALK",2021-03-10,"WALK.20210310.EPILITHON.2.CHL/PHEO.1",17.7976932668329
"77631","D07","WALK",2021-03-10,"WALK.20210310.EPILITHON.3.CHL/PHEO.1",7.91822527015794
"77642","D07","WALK",2021-03-10,"WALK.20210310.EPILITHON.4.CHL/PHEO.1",8.24501246882793
"77653","D07","WALK",2021-03-10,"WALK.20210310.EPILITHON.4.REP2.CHL/PHEO.2",8.3904821280133
"77686","D07","WALK",2021-03-10,"WALK.20210310.EPILITHON.5.CHL/PHEO.1",7.15554862842893
"77697","D07","WALK",2021-03-10,"WALK.20210310.EPIXYLON.1.CHL/PHEO.1",3.37801330008313
"77708","D07","WALK",2021-03-10,"WALK.20210310.EPIXYLON.2.CHL/PHEO.1",1.88850789692436
"77719","D07","WALK",2021-03-10,"WALK.20210310.EPIXYLON.3.CHL/PHEO.1",1.96124272651704
"77732","D07","WALK",2021-07-28,"WALK.20210728.EPILITHON.1.CHL/PHEO.1",8.14682044887781
"77742","D07","WALK",2021-07-28,"WALK.20210728.EPILITHON.1.REP2.CHL/PHEO.2",7.87406483790524
"77774","D07","WALK",2021-07-28,"WALK.20210728.EPILITHON.2.CHL/PHEO.1",8.84819201995013
"77786","D07","WALK",2021-07-28,"WALK.20210728.EPILITHON.3.CHL/PHEO.1",2.88445552784705
"77796","D07","WALK",2021-07-28,"WALK.20210728.EPILITHON.4.CHL/PHEO.1",8.26371571072319
"77808","D07","WALK",2021-07-28,"WALK.20210728.EPILITHON.5.CHL/PHEO.1",6.04166666666667
"77819","D07","WALK",2021-07-28,"WALK.20210728.EPIXYLON.1.CHL/PHEO.1",3.46945137157107
"77830","D07","WALK",2021-07-28,"WALK.20210728.EPIXYLON.2.CHL/PHEO.1",4.01496259351621
"77841","D07","WALK",2021-07-28,"WALK.20210728.EPIXYLON.3.CHL/PHEO.1",1.13050706566916
"77854","D07","WALK",2021-10-27,"WALK.20211027.EPILITHON.1.CHL/PHEO.1",24.7911471321696
"77865","D07","WALK",2021-10-27,"WALK.20211027.EPILITHON.2.CHL/PHEO.1",49.0362635078969
"77876","D07","WALK",2021-10-27,"WALK.20211027.EPILITHON.3.CHL/PHEO.1",34.145885286783
"77887","D07","WALK",2021-10-27,"WALK.20211027.EPILITHON.4.CHL/PHEO.1",14.461242726517
"77898","D07","WALK",2021-10-27,"WALK.20211027.EPILITHON.4.REP2.CHL/PHEO.2",14.5391729010806
"77929","D07","WALK",2021-10-27,"WALK.20211027.EPILITHON.5.CHL/PHEO.1",19.8015378221114
"77940","D07","WALK",2021-10-27,"WALK.20211027.EPIXYLON.1.CHL/PHEO.1",8.96508728179551
"77952","D07","WALK",2021-10-27,"WALK.20211027.EPIXYLON.2.CHL/PHEO.1",14.4222776392352
"77962","D07","WALK",2021-10-27,"WALK.20211027.EPIXYLON.3.CHL/PHEO.1",2.92342061512884
"77976","D07","WALK",2022-03-16,"WALK.20220316.EPILITHON.1.CHL/PHEO.1",15.7865752285952
"77986","D07","WALK",2022-03-16,"WALK.20220316.EPILITHON.2.CHL/PHEO.1",13.6040108063175
"77997","D07","WALK",2022-03-16,"WALK.20220316.EPILITHON.2.REP2.CHL/PHEO.2",13.7209060681629
"78030","D07","WALK",2022-03-16,"WALK.20220316.EPILITHON.3.CHL/PHEO.1",7.4449293433084
"78041","D07","WALK",2022-03-16,"WALK.20220316.EPILITHON.4.CHL/PHEO.1",16.60536159601
"78052","D07","WALK",2022-03-16,"WALK.20220316.EPILITHON.5.CHL/PHEO.1",14.0715918536991
"78063","D07","WALK",2022-03-16,"WALK.20220316.EPIXYLON.1.CHL/PHEO.1",1.87084372402328
"78073","D07","WALK",2022-03-16,"WALK.20220316.EPIXYLON.2.CHL/PHEO.1",4.48254364089776
"78085","D07","WALK",2022-03-16,"WALK.20220316.EPIXYLON.3.CHL/PHEO.1",3.07928096425603
"78098","D07","WALK",2022-07-07,"WALK.20220707.EPILITHON.1.CHL/PHEO.1",6.67186201163757
"78108","D07","WALK",2022-07-07,"WALK.20220707.EPILITHON.2.CHL/PHEO.1",10.7268287614298
"78119","D07","WALK",2022-07-07,"WALK.20220707.EPILITHON.2.REP2.CHL/PHEO.2",11.1689526184539
"78151","D07","WALK",2022-07-07,"WALK.20220707.EPILITHON.3.CHL/PHEO.1",11.2058395677473
"78162","D07","WALK",2022-07-07,"WALK.20220707.EPILITHON.4.CHL/PHEO.1",5.6026600166251
"78173","D07","WALK",2022-07-07,"WALK.20220707.EPILITHON.5.CHL/PHEO.1",11.7217373233583
"78185","D07","WALK",2022-07-07,"WALK.20220707.EPIXYLON.1.CHL/PHEO.1",2.28543225270158
"78195","D07","WALK",2022-07-07,"WALK.20220707.EPIXYLON.2.CHL/PHEO.1",3.02265170407315
"78207","D07","WALK",2022-07-07,"WALK.20220707.EPIXYLON.3.CHL/PHEO.1",2.24854530340815
"78220","D07","WALK",2022-10-26,"WALK.20221026.EPILITHON.1.CHL/PHEO.1",7.89380714879468
"78230","D07","WALK",2022-10-26,"WALK.20221026.EPILITHON.2.CHL/PHEO.1",4.44721529509559
"78241","D07","WALK",2022-10-26,"WALK.20221026.EPILITHON.3.CHL/PHEO.1",5.8182668329177
"78252","D07","WALK",2022-10-26,"WALK.20221026.EPILITHON.3.REP2.CHL/PHEO.2",5.9294472152951
"78285","D07","WALK",2022-10-26,"WALK.20221026.EPILITHON.4.CHL/PHEO.1",6.48534912718204
"78296","D07","WALK",2022-10-26,"WALK.20221026.EPILITHON.5.CHL/PHEO.1",13.6377805486284
"78306","D07","WALK",2022-10-26,"WALK.20221026.EPIXYLON.1.CHL/PHEO.1",6.04062759767248
"78318","D07","WALK",2022-10-26,"WALK.20221026.EPIXYLON.2.CHL/PHEO.1",3.03875727348296
"78329","D07","WALK",2022-10-26,"WALK.20221026.EPIXYLON.3.CHL/PHEO.1",3.22423108894431
"78341","D07","WALK",2023-03-15,"WALK.20230315.EPILITHON.1.CHL/PHEO.1",3.46165835411471
"78353","D07","WALK",2023-03-15,"WALK.20230315.EPILITHON.2.CHL/PHEO.1",5.70864505403159
"78363","D07","WALK",2023-03-15,"WALK.20230315.EPILITHON.2.REP2.CHL/PHEO.2",5.52421030756442
"78396","D07","WALK",2023-03-15,"WALK.20230315.EPILITHON.3.CHL/PHEO.1",3.35151704073151
"78407","D07","WALK",2023-03-15,"WALK.20230315.EPILITHON.4.CHL/PHEO.1",4.97194513715711
"78417","D07","WALK",2023-03-15,"WALK.20230315.EPILITHON.5.CHL/PHEO.1",6.48171238570241
"78428","D07","WALK",2023-03-15,"WALK.20230315.EPIXYLON.1.CHL/PHEO.1",2.06255195344971
"78440","D07","WALK",2023-03-15,"WALK.20230315.EPIXYLON.2.CHL/PHEO.1",1.76797589359934
"78450","D07","WALK",2023-03-15,"WALK.20230315.EPIXYLON.3.CHL/PHEO.1",3.27774314214464
"78464","D07","WALK",2023-07-06,"WALK.20230706.EPILITHON.1.CHL/PHEO.1",40.2150872817955
"78475","D07","WALK",2023-07-06,"WALK.20230706.EPILITHON.2.CHL/PHEO.1",12.6059850374065
"78485","D07","WALK",2023-07-06,"WALK.20230706.EPILITHON.3.CHL/PHEO.1",16.7820033250208
"78496","D07","WALK",2023-07-06,"WALK.20230706.EPILITHON.4.CHL/PHEO.1",15.6608478802993
"78507","D07","WALK",2023-07-06,"WALK.20230706.EPILITHON.4.REP2.CHL/PHEO.2",15.9315253532835
"78539","D07","WALK",2023-07-06,"WALK.20230706.EPILITHON.5.CHL/PHEO.1",9.12562344139651
"78550","D07","WALK",2023-07-06,"WALK.20230706.EPIXYLON.1.CHL/PHEO.1",13.9978179551122
"78562","D07","WALK",2023-07-06,"WALK.20230706.EPIXYLON.2.CHL/PHEO.1",2.97745220282627
"78573","D07","WALK",2023-07-06,"WALK.20230706.EPIXYLON.3.CHL/PHEO.1",7.65637988362427
"78586","D07","WALK",2023-10-24,"WALK.20231024.EPILITHON.1.CHL/PHEO.1",8.95937240232751
"78596","D07","WALK",2023-10-24,"WALK.20231024.EPILITHON.2.CHL/PHEO.1",5.17508312551953
"78607","D07","WALK",2023-10-24,"WALK.20231024.EPILITHON.2.REP2.CHL/PHEO.2",5.02026184538653
"78640","D07","WALK",2023-10-24,"WALK.20231024.EPILITHON.3.CHL/PHEO.1",6.3331255195345
"78651","D07","WALK",2023-10-24,"WALK.20231024.EPILITHON.4.CHL/PHEO.1",7.56909808811305
"78661","D07","WALK",2023-10-24,"WALK.20231024.EPILITHON.5.CHL/PHEO.1",16.8375935162095
"78673","D07","WALK",2023-10-24,"WALK.20231024.EPIXYLON.1.CHL/PHEO.1",7.87822111388196
"78683","D07","WALK",2023-10-24,"WALK.20231024.EPIXYLON.2.CHL/PHEO.1",4.17082294264339
"78695","D07","WALK",2023-10-24,"WALK.20231024.EPIXYLON.3.CHL/PHEO.1",4.01652119700748
"78945","D13","WLOU",2018-05-22,"WLOU.20180522.EPILITHON.1.CHL/PHEO.1",98.8050706566916
"78957","D13","WLOU",2018-05-22,"WLOU.20180522.EPILITHON.2.CHL/PHEO.1",15.9263300083126
"78968","D13","WLOU",2018-05-22,"WLOU.20180522.EPILITHON.3.CHL/PHEO.1",6.85785536159601
"78978","D13","WLOU",2018-05-22,"WLOU.20180522.EPILITHON.3.REP2.CHL/PHEO.2",6.99864921030756
"78988","D13","WLOU",2018-05-22,"WLOU.20180522.EPILITHON.4.CHL/PHEO.1",20.8686616791355
"78999","D13","WLOU",2018-05-22,"WLOU.20180522.EPILITHON.5.CHL/PHEO.1",7.47350374064838
"79009","D13","WLOU",2018-05-22,"WLOU.20180522.EPIPSAMMON.1.CHL/PHEO.1",5.9481306837319
"79020","D13","WLOU",2018-05-22,"WLOU.20180522.EPIPSAMMON.2.CHL/PHEO.1",3.02816604917481
"79032","D13","WLOU",2018-05-22,"WLOU.20180522.EPIPSAMMON.3.CHL/PHEO.1",2.86902155607949
"79046","D13","WLOU",2018-07-26,"WLOU.20180726.EPILITHON.1.CHL/PHEO.1",2.42206982543641
"79057","D13","WLOU",2018-07-26,"WLOU.20180726.EPILITHON.2.CHL/PHEO.1",1.1892144638404
"79068","D13","WLOU",2018-07-26,"WLOU.20180726.EPILITHON.3.CHL/PHEO.1",2.65689941812136
"79080","D13","WLOU",2018-07-26,"WLOU.20180726.EPILITHON.3.REP2.CHL/PHEO.2",2.16490024937656
"79086","D13","WLOU",2018-07-26,"WLOU.20180726.EPILITHON.4.CHL/PHEO.1",0.997506234413965
"79097","D13","WLOU",2018-07-26,"WLOU.20180726.EPILITHON.5.CHL/PHEO.1",2.66988778054863
"79108","D13","WLOU",2018-07-26,"WLOU.20180726.EPIPSAMMON.1.CHL/PHEO.1",2.5522229706972
"79118","D13","WLOU",2018-07-26,"WLOU.20180726.EPIPSAMMON.2.CHL/PHEO.1",7.96722802290334
"79129","D13","WLOU",2018-07-26,"WLOU.20180726.EPIPSAMMON.3.CHL/PHEO.1",7.15794712024251
"79143","D13","WLOU",2018-09-12,"WLOU.20180912.EPILITHON.1.CHL/PHEO.1",5.20937240232751
"79153","D13","WLOU",2018-09-12,"WLOU.20180912.EPILITHON.2.CHL/PHEO.1",4.2425187032419
"79166","D13","WLOU",2018-09-12,"WLOU.20180912.EPILITHON.2.REP2.CHL/PHEO.2",3.36606400665004
"79170","D13","WLOU",2018-09-12,"WLOU.20180912.EPILITHON.3.CHL/PHEO.1",1.52171654197839
"79182","D13","WLOU",2018-09-12,"WLOU.20180912.EPILITHON.4.CHL/PHEO.1",3.81753948462178
"79194","D13","WLOU",2018-09-12,"WLOU.20180912.EPILITHON.5.CHL/PHEO.1",1.83291770573566
"79205","D13","WLOU",2018-09-12,"WLOU.20180912.EPIPSAMMON.1.CHL/PHEO.1",46.5074520040418
"79215","D13","WLOU",2018-09-12,"WLOU.20180912.EPIPSAMMON.2.CHL/PHEO.1",8.39295048837993
"79225","D13","WLOU",2018-09-12,"WLOU.20180912.EPIPSAMMON.3.CHL/PHEO.1",5.3507073088582
"79239","D13","WLOU",2019-07-24,"WLOU.20190724.EPILITHON.1.CHL/PHEO.1",4.27628844555278
"79250","D13","WLOU",2019-07-24,"WLOU.20190724.EPILITHON.2.CHL/PHEO.1",3.99833748960931
"79259","D13","WLOU",2019-07-24,"WLOU.20190724.EPILITHON.2.REP2.CHL/PHEO.2",5.4145885286783
"79264","D13","WLOU",2019-07-24,"WLOU.20190724.EPILITHON.3.CHL/PHEO.1",2.22412718204489
"79274","D13","WLOU",2019-07-24,"WLOU.20190724.EPILITHON.4.CHL/PHEO.1",3.73857024106401
"79284","D13","WLOU",2019-07-24,"WLOU.20190724.EPILITHON.5.CHL/PHEO.1",1.78979634247714
"79295","D13","WLOU",2019-07-24,"WLOU.20190724.EPIPSAMMON.1.CHL/PHEO.1",1.62221286628494
"79305","D13","WLOU",2019-07-24,"WLOU.20190724.EPIPSAMMON.2.CHL/PHEO.1",3.5718693162681
"79315","D13","WLOU",2019-07-24,"WLOU.20190724.EPIPSAMMON.3.CHL/PHEO.1",2.99499157965645
"79326","D13","WLOU",2019-09-10,"WLOU.20190910.EPILITHON.1.CHL/PHEO.1",20.4545926849543
"79337","D13","WLOU",2019-09-10,"WLOU.20190910.EPILITHON.2.CHL/PHEO.1",7.48025768911056
"79347","D13","WLOU",2019-09-10,"WLOU.20190910.EPILITHON.3.CHL/PHEO.1",11.725893599335
"79357","D13","WLOU",2019-09-10,"WLOU.20190910.EPILITHON.3.REP2.CHL/PHEO.2",12.4070033250208
"79362","D13","WLOU",2019-09-10,"WLOU.20190910.EPILITHON.4.CHL/PHEO.1",19.7527015793849
"79372","D13","WLOU",2019-09-10,"WLOU.20190910.EPILITHON.5.CHL/PHEO.1",27.9613466334165
"79381","D13","WLOU",2019-09-10,"WLOU.20190910.EPIPSAMMON.1.CHL/PHEO.1",3.59513640956551
"79392","D13","WLOU",2019-09-10,"WLOU.20190910.EPIPSAMMON.2.CHL/PHEO.1",12.5132367800606
"79402","D13","WLOU",2019-09-10,"WLOU.20190910.EPIPSAMMON.3.CHL/PHEO.1",10.3471168743685
"79413","D13","WLOU",2020-07-28,"WLOU.20200728.EPILITHON.1.CHL/PHEO.1",3.42840814630091
"79425","D13","WLOU",2020-07-28,"WLOU.20200728.EPILITHON.2.CHL/PHEO.1",2.53273067331671
"79436","D13","WLOU",2020-07-28,"WLOU.20200728.EPILITHON.3.CHL/PHEO.1",6.67757689110557
"79447","D13","WLOU",2020-07-28,"WLOU.20200728.EPILITHON.4.CHL/PHEO.1",2.96810058187864
"79458","D13","WLOU",2020-07-28,"WLOU.20200728.EPILITHON.5.CHL/PHEO.1",18.3032003325021
"79468","D13","WLOU",2020-07-28,"WLOU.20200728.EPILITHON.5.REP2.CHL/PHEO.2",17.9452410640067
"79500","D13","WLOU",2020-07-28,"WLOU.20200728.EPIPSAMMON.1.CHL/PHEO.1",1.46054563826204
"79511","D13","WLOU",2020-07-28,"WLOU.20200728.EPIPSAMMON.2.CHL/PHEO.1",6.65627147187605
"79522","D13","WLOU",2020-07-28,"WLOU.20200728.EPIPSAMMON.3.CHL/PHEO.1",9.13977770293028
"79536","D13","WLOU",2021-05-11,"WLOU.20210511.EPILITHON.1.CHL/PHEO.1",3.82065669160432
"79547","D13","WLOU",2021-05-11,"WLOU.20210511.EPILITHON.2.CHL/PHEO.1",2.96290523690773
"79557","D13","WLOU",2021-05-11,"WLOU.20210511.EPILITHON.3.CHL/PHEO.1",2.86575228595179
"79568","D13","WLOU",2021-05-11,"WLOU.20210511.EPILITHON.4.CHL/PHEO.1",9.84413965087282
"79579","D13","WLOU",2021-05-11,"WLOU.20210511.EPILITHON.5.CHL/PHEO.1",7.29062759767249
"79590","D13","WLOU",2021-05-11,"WLOU.20210511.EPILITHON.5.REP2.CHL/PHEO.2",6.93994181213633
"79622","D13","WLOU",2021-05-11,"WLOU.20210511.EPIPSAMMON.1.CHL/PHEO.1",3.34332940383968
"79633","D13","WLOU",2021-05-11,"WLOU.20210511.EPIPSAMMON.2.CHL/PHEO.1",1.93520545638262
"79645","D13","WLOU",2021-05-11,"WLOU.20210511.EPIPSAMMON.3.CHL/PHEO.1",4.44537891545975
"79658","D13","WLOU",2021-07-21,"WLOU.20210721.EPILITHON.1.CHL/PHEO.1",7.42570656691604
"79668","D13","WLOU",2021-07-21,"WLOU.20210721.EPILITHON.1.REP2.CHL/PHEO.2",7.55610972568579
"79701","D13","WLOU",2021-07-21,"WLOU.20210721.EPILITHON.2.CHL/PHEO.1",9.83582709891937
"79712","D13","WLOU",2021-07-21,"WLOU.20210721.EPILITHON.3.CHL/PHEO.1",10.8785328345802
"79722","D13","WLOU",2021-07-21,"WLOU.20210721.EPILITHON.4.CHL/PHEO.1",4.29914796342477
"79733","D13","WLOU",2021-07-21,"WLOU.20210721.EPILITHON.5.CHL/PHEO.1",1.98669991687448
"79745","D13","WLOU",2021-07-21,"WLOU.20210721.EPIPSAMMON.1.CHL/PHEO.1",3.51044122600202
"79756","D13","WLOU",2021-07-21,"WLOU.20210721.EPIPSAMMON.2.CHL/PHEO.1",2.56934994947794
"79767","D13","WLOU",2021-07-21,"WLOU.20210721.EPIPSAMMON.3.CHL/PHEO.1",3.11320983496127
"79780","D13","WLOU",2021-09-21,"WLOU.20210921.EPILITHON.1.CHL/PHEO.1",5.14546965918537
"79791","D13","WLOU",2021-09-21,"WLOU.20210921.EPILITHON.2.CHL/PHEO.1",11.5575644222776
"79801","D13","WLOU",2021-09-21,"WLOU.20210921.EPILITHON.3.CHL/PHEO.1",4.71009975062344
"79813","D13","WLOU",2021-09-21,"WLOU.20210921.EPILITHON.3.REP2.CHL/PHEO.2",4.48254364089776
"79844","D13","WLOU",2021-09-21,"WLOU.20210921.EPILITHON.4.CHL/PHEO.1",1.6760182876143
"79855","D13","WLOU",2021-09-21,"WLOU.20210921.EPILITHON.5.CHL/PHEO.1",15.9034704904406
"79866","D13","WLOU",2021-09-21,"WLOU.20210921.EPIPSAMMON.1.CHL/PHEO.1",2.96298416975413
"79878","D13","WLOU",2021-09-21,"WLOU.20210921.EPIPSAMMON.2.CHL/PHEO.1",6.65237453688111
"79889","D13","WLOU",2021-09-21,"WLOU.20210921.EPIPSAMMON.3.CHL/PHEO.1",3.72482990906029
"79902","D13","WLOU",2022-06-29,"WLOU.20220629.EPILITHON.1.CHL/PHEO.1",22.666251039069
"79913","D13","WLOU",2022-06-29,"WLOU.20220629.EPILITHON.2.CHL/PHEO.1",19.1749792186201
"79923","D13","WLOU",2022-06-29,"WLOU.20220629.EPILITHON.3.CHL/PHEO.1",16.020885286783
"79934","D13","WLOU",2022-06-29,"WLOU.20220629.EPILITHON.4.CHL/PHEO.1",18.0023898586866
"79946","D13","WLOU",2022-06-29,"WLOU.20220629.EPILITHON.4.REP2.CHL/PHEO.2",18.4263300083126
"79978","D13","WLOU",2022-06-29,"WLOU.20220629.EPILITHON.5.CHL/PHEO.1",21.6484829592685
"79988","D13","WLOU",2022-06-29,"WLOU.20220629.EPIPSAMMON.1.CHL/PHEO.1",14.3436342202762
"80000","D13","WLOU",2022-06-29,"WLOU.20220629.EPIPSAMMON.2.CHL/PHEO.1",4.02157965644998
"80011","D13","WLOU",2022-06-29,"WLOU.20220629.EPIPSAMMON.3.CHL/PHEO.1",2.31448635904345
"80023","D13","WLOU",2022-08-24,"WLOU.20220824.EPILITHON.1.CHL/PHEO.1",10.9284081463009
"80034","D13","WLOU",2022-08-24,"WLOU.20220824.EPILITHON.2.CHL/PHEO.1",11.2011637572735
"80046","D13","WLOU",2022-08-24,"WLOU.20220824.EPILITHON.3.CHL/PHEO.1",13.9058603491272
"80056","D13","WLOU",2022-08-24,"WLOU.20220824.EPILITHON.4.CHL/PHEO.1",13.9785951787199
"80068","D13","WLOU",2022-08-24,"WLOU.20220824.EPILITHON.5.CHL/PHEO.1",21.0281587697423
"80079","D13","WLOU",2022-08-24,"WLOU.20220824.EPILITHON.5.REP2.CHL/PHEO.2",20.8167082294264
"80110","D13","WLOU",2022-08-24,"WLOU.20220824.EPIPSAMMON.1.CHL/PHEO.1",7.38166385988548
"80122","D13","WLOU",2022-08-24,"WLOU.20220824.EPIPSAMMON.2.CHL/PHEO.1",6.01995621421354
"80132","D13","WLOU",2022-08-24,"WLOU.20220824.EPIPSAMMON.3.CHL/PHEO.1",7.2991916470192
"80146","D13","WLOU",2022-09-13,"WLOU.20220913.EPILITHON.1.CHL/PHEO.1",14.214463840399
"80157","D13","WLOU",2022-09-13,"WLOU.20220913.EPILITHON.2.CHL/PHEO.1",12.0724231088944
"80168","D13","WLOU",2022-09-13,"WLOU.20220913.EPILITHON.3.CHL/PHEO.1",11.9996882793017
"80179","D13","WLOU",2022-09-13,"WLOU.20220913.EPILITHON.4.CHL/PHEO.1",19.7573773898587
"80190","D13","WLOU",2022-09-13,"WLOU.20220913.EPILITHON.4.REP2.CHL/PHEO.2",19.1827722360765
"80221","D13","WLOU",2022-09-13,"WLOU.20220913.EPILITHON.5.CHL/PHEO.1",8.89546965918537
"80233","D13","WLOU",2022-09-13,"WLOU.20220913.EPIPSAMMON.1.CHL/PHEO.1",12.6386695857191
"80244","D13","WLOU",2022-09-13,"WLOU.20220913.EPIPSAMMON.2.CHL/PHEO.1",7.28280229033345
"80254","D13","WLOU",2022-09-13,"WLOU.20220913.EPIPSAMMON.3.CHL/PHEO.1",10.3730549006399
"80268","D13","WLOU",2023-07-05,"WLOU.20230705.EPILITHON.1.CHL/PHEO.1",22.2729634247714
"80279","D13","WLOU",2023-07-05,"WLOU.20230705.EPILITHON.2.CHL/PHEO.1",20.1075436408978
"80289","D13","WLOU",2023-07-05,"WLOU.20230705.EPILITHON.3.CHL/PHEO.1",16.7627805486284
"80300","D13","WLOU",2023-07-05,"WLOU.20230705.EPILITHON.4.CHL/PHEO.1",14.5391729010806
"80311","D13","WLOU",2023-07-05,"WLOU.20230705.EPILITHON.5.CHL/PHEO.1",19.9916874480466
"80323","D13","WLOU",2023-07-05,"WLOU.20230705.EPIPSAMMON.1.CHL/PHEO.1",6.56746884472887
"80334","D13","WLOU",2023-07-05,"WLOU.20230705.EPIPSAMMON.2.CHL/PHEO.1",1.91464466150219
"80344","D13","WLOU",2023-07-05,"WLOU.20230705.EPIPSAMMON.3.CHL/PHEO.1",1.58461940047154
"80356","D13","WLOU",2023-07-05,"WLOU.20230705.EPIPSAMMON.3.REP2.CHL/PHEO.2",1.63982485685416
"80389","D13","WLOU",2023-08-15,"WLOU.20230815.EPILITHON.1.CHL/PHEO.1",48.3234621778886
"80400","D13","WLOU",2023-08-15,"WLOU.20230815.EPILITHON.1.REP2.CHL/PHEO.2",48.194098088113
"80433","D13","WLOU",2023-08-15,"WLOU.20230815.EPILITHON.2.CHL/PHEO.1",6.03854945968412
"80444","D13","WLOU",2023-08-15,"WLOU.20230815.EPILITHON.3.CHL/PHEO.1",8.86481712385702
"80455","D13","WLOU",2023-08-15,"WLOU.20230815.EPILITHON.4.CHL/PHEO.1",8.20656691604323
"80466","D13","WLOU",2023-08-15,"WLOU.20230815.EPILITHON.5.CHL/PHEO.1",10.6260390689942
"80477","D13","WLOU",2023-08-15,"WLOU.20230815.EPIPSAMMON.1.CHL/PHEO.1",25.7790501852476
"80487","D13","WLOU",2023-08-15,"WLOU.20230815.EPIPSAMMON.2.CHL/PHEO.1",24.502822499158
"80498","D13","WLOU",2023-08-15,"WLOU.20230815.EPIPSAMMON.3.CHL/PHEO.1",30.0390703940721
"80511","D13","WLOU",2023-09-12,"WLOU.20230912.EPILITHON.1.CHL/PHEO.1",19.3298004987531
"80523","D13","WLOU",2023-09-12,"WLOU.20230912.EPILITHON.2.CHL/PHEO.1",14.2461554447215
"80533","D13","WLOU",2023-09-12,"WLOU.20230912.EPILITHON.2.REP2.CHL/PHEO.2",14.323566084788
"80566","D13","WLOU",2023-09-12,"WLOU.20230912.EPILITHON.3.CHL/PHEO.1",15.0774106400665
"80577","D13","WLOU",2023-09-12,"WLOU.20230912.EPILITHON.4.CHL/PHEO.1",13.3182668329177
"80588","D13","WLOU",2023-09-12,"WLOU.20230912.EPILITHON.5.CHL/PHEO.1",9.72308811305071
"80598","D13","WLOU",2023-09-12,"WLOU.20230912.EPIPSAMMON.1.CHL/PHEO.1",10.9935062310542
"80610","D13","WLOU",2023-09-12,"WLOU.20230912.EPIPSAMMON.2.CHL/PHEO.1",6.23442236443247
"80621","D13","WLOU",2023-09-12,"WLOU.20230912.EPIPSAMMON.3.CHL/PHEO.1",9.55540586055911
"2","D10","ARIK",2024-03-26,"ARIK.20240326.EPIPHYTON.COMP1.CHL/PHEO.1",35.48555
"3","D10","ARIK",2024-03-26,"ARIK.20240326.EPIPSAMMON.COMP2.CHL/PHEO.1",61.2357965644998
"5","D10","ARIK",2024-03-26,"ARIK.20240326.EPIPSAMMON.COMP2.CHL/PHEO.2",58.4055389019872
"10","D10","ARIK",2024-07-16,"ARIK.20240716.EPIPHYTON.COMP1.CHL/PHEO.1",9.443625
"12","D10","ARIK",2024-07-16,"ARIK.20240716.EPIPSAMMON.COMP2.CHL/PHEO.1",64.1055490063995
"16","D10","ARIK",2025-03-25,"ARIK.20250325.EPIPSAMMON.COMP1.CHL/PHEO.1",13.1778241832267
"17","D10","ARIK",2025-03-25,"ARIK.20250325.EPIPSAMMON.COMP1.CHL/PHEO.2",16.9546177164028
"21","D10","ARIK",2025-07-08,"ARIK.20250708.EPIPHYTON.COMP1.CHL/PHEO.1",15.62625
"23","D10","ARIK",2025-07-08,"ARIK.20250708.EPIPSAMMON.COMP2.CHL/PHEO.1",265.733411923206
"27","D03","BARC",2024-02-14,"BARC.20240214.EPIPHYTON.COMP1.CHL/PHEO.1",71.531264
"29","D03","BARC",2024-02-14,"BARC.20240214.EPIPHYTON.COMP1.CHL/PHEO.2",73.759098
"34","D03","BARC",2024-07-08,"BARC.20240708.EPIPHYTON.COMP1.CHL/PHEO.1",568.0147932
"39","D03","BARC",2024-11-13,"BARC.20241113.EPIPHYTON.COMP1.CHL/PHEO.1",159.667713
"44","D03","BARC",2025-02-18,"BARC.20250218.EPIPHYTON.COMP1.CHL/PHEO.1",222.84033
"46","D03","BARC",2025-02-18,"BARC.20250218.EPIPHYTON.COMP1.CHL/PHEO.2",211.141472
"50","D03","BARC",2025-07-29,"BARC.20250729.EPIPHYTON.COMP1.CHL/PHEO.1",547.276212
"54","D03","BARC",2025-10-29,"BARC.20251029.EPIPHYTON.COMP1.CHL/PHEO.1",196.072611
"57","D03","BARC",2026-02-09,"BARC.20260209.EPIPHYTON.COMP1.CHL/PHEO.1",53.2464216
"63","D17","BIGC",2024-04-01,"BIGC.20240401.EPILITHON.COMP2.CHL/PHEO.1",168.728802992519
"65","D17","BIGC",2024-04-01,"BIGC.20240401.EPIPSAMMON.COMP1.CHL/PHEO.1",53.3891882788818
"68","D17","BIGC",2024-04-01,"BIGC.20240401.EPIPSAMMON.COMP1.CHL/PHEO.2",51.4198804311216
"71","D17","BIGC",2024-07-31,"BIGC.20240731.EPILITHON.COMP2.CHL/PHEO.1",183.874688279302
"73","D17","BIGC",2024-07-31,"BIGC.20240731.EPIPSAMMON.COMP1.CHL/PHEO.1",47.3874452677669
"78","D17","BIGC",2024-09-30,"BIGC.20240930.EPILITHON.COMP2.CHL/PHEO.1",235.766832917706
"79","D17","BIGC",2024-09-30,"BIGC.20240930.EPIPSAMMON.COMP1.CHL/PHEO.1",74.749494779387
"88","D17","BIGC",2025-07-07,"BIGC.20250707.EPILITHON.COMP2.CHL/PHEO.1",125.185473815461
"89","D17","BIGC",2025-07-07,"BIGC.20250707.EPIPSAMMON.COMP1.CHL/PHEO.1",71.3476759851802
"93","D17","BIGC",2025-10-01,"BIGC.20251001.EPILITHON.COMP2.CHL/PHEO.1",91.1673940149626
"95","D17","BIGC",2025-10-01,"BIGC.20251001.EPIPSAMMON.COMP1.CHL/PHEO.1",205.419467834288
"100","D12","BLDE",2024-07-22,"BLDE.20240722.EPILITHON.COMP1.CHL/PHEO.1",118.827930174564
"101","D12","BLDE",2024-07-22,"BLDE.20240722.EPILITHON.COMP2.CHL/PHEO.1",48.354114713217
"104","D12","BLDE",2024-07-22,"BLDE.20240722.EPILITHON.COMP2.CHL/PHEO.2",47.5654613466334
"108","D12","BLDE",2024-09-16,"BLDE.20240916.EPILITHON.COMP1.CHL/PHEO.1",211.232335827099
"110","D12","BLDE",2024-09-16,"BLDE.20240916.EPILITHON.COMP2.CHL/PHEO.1",157.732231920199
"114","D12","BLDE",2025-07-07,"BLDE.20250707.EPILITHON.COMP1.CHL/PHEO.1",302.317123857024
"116","D12","BLDE",2025-07-07,"BLDE.20250707.EPILITHON.COMP2.CHL/PHEO.1",99.8815461346633
"117","D12","BLDE",2025-07-07,"BLDE.20250707.EPILITHON.COMP2.CHL/PHEO.2",126.271820448878
"122","D12","BLDE",2025-07-28,"BLDE.20250728.EPILITHON.COMP1.CHL/PHEO.1",35.3673108894431
"123","D12","BLDE",2025-07-28,"BLDE.20250728.EPILITHON.COMP2.CHL/PHEO.1",18.2278678304239
"127","D12","BLDE",2025-09-15,"BLDE.20250915.EPILITHON.COMP1.CHL/PHEO.1",257.449709060682
"130","D12","BLDE",2025-09-15,"BLDE.20250915.EPILITHON.COMP2.CHL/PHEO.1",138.261845386534
"135","D11","BLUE",2024-03-18,"BLUE.20240318.EPILITHON.COMP1.CHL/PHEO.1",177.945760598504
"136","D11","BLUE",2024-03-18,"BLUE.20240318.EPILITHON.COMP1.CHL/PHEO.2",186.84278886118
"138","D11","BLUE",2024-03-18,"BLUE.20240318.EPILITHON.COMP2.CHL/PHEO.1",57.2662094763092
"142","D11","BLUE",2024-07-17,"BLUE.20240717.EPILITHON.COMP1.CHL/PHEO.1",184.541251039069
"145","D11","BLUE",2024-07-17,"BLUE.20240717.EPILITHON.COMP2.CHL/PHEO.1",114.978179551122
"148","D11","BLUE",2024-10-14,"BLUE.20241014.EPILITHON.COMP1.CHL/PHEO.1",86.3232543640898
"150","D11","BLUE",2024-10-14,"BLUE.20241014.EPILITHON.COMP2.CHL/PHEO.1",65.1137780548628
"155","D11","BLUE",2025-03-18,"BLUE.20250318.EPILITHON.COMP1.CHL/PHEO.1",179.784912718204
"157","D11","BLUE",2025-03-18,"BLUE.20250318.EPILITHON.COMP2.CHL/PHEO.1",57.4875311720698
"160","D11","BLUE",2025-07-28,"BLUE.20250728.EPILITHON.COMP1.CHL/PHEO.1",344.059642560266
"162","D11","BLUE",2025-07-28,"BLUE.20250728.EPILITHON.COMP1.CHL/PHEO.2",443.747921862012
"164","D11","BLUE",2025-07-28,"BLUE.20250728.EPILITHON.COMP2.CHL/PHEO.1",234.039900249377
"169","D11","BLUE",2025-10-14,"BLUE.20251014.EPILITHON.COMP1.CHL/PHEO.1",262.885286783042
"170","D11","BLUE",2025-10-14,"BLUE.20251014.EPILITHON.COMP2.CHL/PHEO.1",902.400249376559
"178","D08","BLWA",2024-02-27,"BLWA.20240227.EPIXYLON.COMP1.CHL/PHEO.1",224.477867830424
"181","D08","BLWA",2024-02-27,"BLWA.20240227.EPIXYLON.COMP1.CHL/PHEO.2",218.074605153782
"185","D08","BLWA",2024-07-23,"BLWA.20240723.EPIXYLON.COMP1.CHL/PHEO.1",120.176122194514
"189","D08","BLWA",2024-11-11,"BLWA.20241111.EPIXYLON.COMP1.CHL/PHEO.1",205.520054031588
"192","D08","BLWA",2025-03-25,"BLWA.20250325.EPIXYLON.COMP1.CHL/PHEO.1",260.162094763092
"194","D08","BLWA",2025-03-25,"BLWA.20250325.EPIXYLON.COMP1.CHL/PHEO.2",274.236284289277
"198","D08","BLWA",2025-07-01,"BLWA.20250701.EPIXYLON.COMP1.CHL/PHEO.1",118.583748960931
"202","D08","BLWA",2025-10-28,"BLWA.20251028.EPIXYLON.COMP1.CHL/PHEO.1",142.466749792186
"206","D08","BLWA",2026-02-23,"BLWA.20260223.EPIXYLON.COMP1.CHL/PHEO.1",1349.59476309227
"208","D08","BLWA",2026-02-23,"BLWA.20260223.EPIXYLON.COMP1.CHL/PHEO.2",757.247506234414
"212","D19","CARI",2024-05-09,"CARI.20240509.EPILITHON.COMP1.CHL/PHEO.1",49.9090814630091
"215","D19","CARI",2024-05-09,"CARI.20240509.EPILITHON.COMP1.CHL/PHEO.2",50.6494181213633
"217","D19","CARI",2024-05-09,"CARI.20240509.EPILITHON.COMP2.CHL/PHEO.1",33.9385910224439
"220","D19","CARI",2024-07-11,"CARI.20240711.EPILITHON.COMP1.CHL/PHEO.1",100.329904405653
"222","D19","CARI",2024-07-11,"CARI.20240711.EPILITHON.COMP2.CHL/PHEO.1",66.5928927680798
"227","D19","CARI",2024-08-19,"CARI.20240819.EPILITHON.COMP1.CHL/PHEO.1",114.508000831255
"229","D19","CARI",2024-08-19,"CARI.20240819.EPILITHON.COMP2.CHL/PHEO.1",72.0074812967581
"232","D19","CARI",2025-05-14,"CARI.20250514.EPILITHON.COMP1.CHL/PHEO.1",9.04509559434746
"235","D19","CARI",2025-05-14,"CARI.20250514.EPILITHON.COMP2.CHL/PHEO.1",25.5642144638404
"237","D19","CARI",2025-05-14,"CARI.20250514.EPILITHON.COMP2.CHL/PHEO.2",21.8983790523691
"241","D19","CARI",2025-07-23,"CARI.20250723.EPILITHON.COMP1.CHL/PHEO.1",16.014650872818
"242","D19","CARI",2025-07-23,"CARI.20250723.EPILITHON.COMP2.CHL/PHEO.1",6.25935162094763
"246","D19","CARI",2025-09-15,"CARI.20250915.EPILITHON.COMP1.CHL/PHEO.1",65.6847464671654
"249","D19","CARI",2025-09-15,"CARI.20250915.EPILITHON.COMP2.CHL/PHEO.1",19.4887780548628
"253","D13","COMO",2024-07-09,"COMO.20240709.EPILITHON.COMP1.CHL/PHEO.1",33.0761637572735
"255","D13","COMO",2024-07-09,"COMO.20240709.EPILITHON.COMP1.CHL/PHEO.2",30.8707398171239
"257","D13","COMO",2024-07-09,"COMO.20240709.EPIPSAMMON.COMP2.CHL/PHEO.1",25.5026675648366
"260","D13","COMO",2024-08-06,"COMO.20240806.EPILITHON.COMP1.CHL/PHEO.1",33.0320033250208
"263","D13","COMO",2024-08-06,"COMO.20240806.EPIPSAMMON.COMP2.CHL/PHEO.1",33.9059868642641
"266","D13","COMO",2024-09-24,"COMO.20240924.EPILITHON.COMP1.CHL/PHEO.1",31.7305694098088
"268","D13","COMO",2024-09-24,"COMO.20240924.EPIPSAMMON.COMP2.CHL/PHEO.1",33.8080936342203
"273","D13","COMO",2025-07-22,"COMO.20250722.EPILITHON.COMP1.CHL/PHEO.1",24.1843308395677
"275","D13","COMO",2025-07-22,"COMO.20250722.EPILITHON.COMP1.CHL/PHEO.2",20.0903990024938
"276","D13","COMO",2025-07-22,"COMO.20250722.EPIPSAMMON.COMP2.CHL/PHEO.1",9.94953182889862
"280","D13","COMO",2025-08-26,"COMO.20250826.EPILITHON.COMP1.CHL/PHEO.1",19.6955527847049
"283","D13","COMO",2025-08-26,"COMO.20250826.EPIPSAMMON.COMP2.CHL/PHEO.1",18.2464802963961
"286","D13","COMO",2025-09-23,"COMO.20250923.EPILITHON.COMP1.CHL/PHEO.1",40.5626558603491
"288","D13","COMO",2025-09-23,"COMO.20250923.EPIPSAMMON.COMP2.CHL/PHEO.1",18.512630515325
"292","D05","CRAM",2024-04-22,"CRAM.20240422.EPIXYLON.COMP1.CHL/PHEO.1",17.0147547797174
"298","D05","CRAM",2024-07-11,"CRAM.20240711.EPIXYLON.COMP1.CHL/PHEO.1",75.8650249376558
"300","D05","CRAM",2024-07-11,"CRAM.20240711.EPIXYLON.COMP1.CHL/PHEO.2",55.3875727348296
"304","D05","CRAM",2024-09-16,"CRAM.20240916.EPIXYLON.COMP1.CHL/PHEO.1",172.095802161263
"306","D05","CRAM",2024-09-16,"CRAM.20240916.EPIXYLON.COMP1.CHL/PHEO.2",181.582502078138
"310","D05","CRAM",2025-05-27,"CRAM.20250527.EPIXYLON.COMP1.CHL/PHEO.1",65.7886533665835
"313","D05","CRAM",2025-05-27,"CRAM.20250527.EPIXYLON.COMP1.CHL/PHEO.2",35.1231296758105
"317","D05","CRAM",2025-07-10,"CRAM.20250710.EPIXYLON.COMP1.CHL/PHEO.1",66.3237738985869
"318","D05","CRAM",2025-07-10,"CRAM.20250710.EPIXYLON.COMP1.CHL/PHEO.2",66.6406899418121
"322","D05","CRAM",2025-09-15,"CRAM.20250915.EPIXYLON.COMP1.CHL/PHEO.1",72.6932668329177
"325","D05","CRAM",2025-09-15,"CRAM.20250915.EPIXYLON.COMP1.CHL/PHEO.2",74.9376558603491
"329","D04","CUPE",2024-01-30,"CUPE.20240130.EPILITHON.COMP1.CHL/PHEO.1",244.459164588529
"331","D04","CUPE",2024-01-30,"CUPE.20240130.EPILITHON.COMP1.CHL/PHEO.2",250.670199501247
"333","D04","CUPE",2024-01-30,"CUPE.20240130.EPILITHON.COMP2.CHL/PHEO.1",87.3067331670823
"336","D04","CUPE",2024-07-30,"CUPE.20240730.EPILITHON.COMP1.CHL/PHEO.1",310.543952618454
"338","D04","CUPE",2024-07-30,"CUPE.20240730.EPILITHON.COMP2.CHL/PHEO.1",113.559850374065
"342","D04","CUPE",2025-01-07,"CUPE.20250107.EPILITHON.COMP1.CHL/PHEO.1",123.529717373234
"345","D04","CUPE",2025-01-07,"CUPE.20250107.EPILITHON.COMP2.CHL/PHEO.1",69.4576059850374
"349","D04","CUPE",2025-01-21,"CUPE.20250121.EPILITHON.COMP1.CHL/PHEO.1",254.031587697423
"350","D04","CUPE",2025-01-21,"CUPE.20250121.EPILITHON.COMP1.CHL/PHEO.2",249.493453865337
"352","D04","CUPE",2025-01-21,"CUPE.20250121.EPILITHON.COMP2.CHL/PHEO.1",154.739713216958
"357","D04","CUPE",2025-06-25,"CUPE.20250625.EPILITHON.COMP1.CHL/PHEO.1",406.691604322527
"358","D04","CUPE",2025-06-25,"CUPE.20250625.EPILITHON.COMP2.CHL/PHEO.1",199.97506234414
"363","D04","CUPE",2026-01-08,"CUPE.20260108.EPILITHON.COMP1.CHL/PHEO.1",241.895261845387
"364","D04","CUPE",2026-01-08,"CUPE.20260108.EPILITHON.COMP2.CHL/PHEO.1",79.0211970074813
"368","D04","CUPE",2026-01-27,"CUPE.20260127.EPILITHON.COMP1.CHL/PHEO.1",305.512261014131
"370","D04","CUPE",2026-01-27,"CUPE.20260127.EPILITHON.COMP1.CHL/PHEO.2",277.275561097257
"373","D04","CUPE",2026-01-27,"CUPE.20260127.EPILITHON.COMP2.CHL/PHEO.1",299.1427680798
"376","D03","FLNT",2024-04-02,"FLNT.20240402.EPIPSAMMON.COMP1.CHL/PHEO.1",29.5226675648366
"378","D03","FLNT",2024-04-02,"FLNT.20240402.EPIPSAMMON.COMP1.CHL/PHEO.2",28.7078477601886
"382","D03","FLNT",2024-07-17,"FLNT.20240717.EPIPSAMMON.COMP1.CHL/PHEO.1",93.2768608959246
"384","D03","FLNT",2024-07-17,"FLNT.20240717.EPIPSAMMON.COMP1.CHL/PHEO.2",102.121884472887
"389","D03","FLNT",2024-11-05,"FLNT.20241105.EPIPSAMMON.COMP1.CHL/PHEO.1",142.475993600539
"392","D03","FLNT",2025-03-18,"FLNT.20250318.EPIPSAMMON.COMP1.CHL/PHEO.1",44.8585382283597
"394","D03","FLNT",2025-03-18,"FLNT.20250318.EPIPSAMMON.COMP1.CHL/PHEO.2",42.6604917480633
"398","D03","FLNT",2025-07-22,"FLNT.20250722.EPIPSAMMON.COMP1.CHL/PHEO.1",67.8107106769956
"402","D03","FLNT",2025-10-07,"FLNT.20251007.EPIPSAMMON.COMP1.CHL/PHEO.1",19.3971034018188
"407","D03","FLNT",2026-02-24,"FLNT.20260224.EPIPSAMMON.COMP1.CHL/PHEO.1",11.6832266756484
"412","D04","GUIL",2024-01-23,"GUIL.20240123.EPILITHON.COMP1.CHL/PHEO.1",284.039900249377
"414","D04","GUIL",2024-01-23,"GUIL.20240123.EPILITHON.COMP2.CHL/PHEO.1",262.153990024938
"417","D04","GUIL",2024-01-23,"GUIL.20240123.EPILITHON.COMP2.CHL/PHEO.2",269.373441396509
"421","D04","GUIL",2024-07-09,"GUIL.20240709.EPILITHON.COMP1.CHL/PHEO.1",367.508312551953
"423","D04","GUIL",2024-07-09,"GUIL.20240709.EPILITHON.COMP2.CHL/PHEO.1",188.753117206983
"427","D04","GUIL",2025-01-08,"GUIL.20250108.EPILITHON.COMP1.CHL/PHEO.1",314.102244389027
"428","D04","GUIL",2025-01-08,"GUIL.20250108.EPILITHON.COMP2.CHL/PHEO.1",198.460099750623
"433","D04","GUIL",2025-02-25,"GUIL.20250225.EPILITHON.COMP1.CHL/PHEO.1",445.98919368246
"434","D04","GUIL",2025-02-25,"GUIL.20250225.EPILITHON.COMP2.CHL/PHEO.1",194.978179551122
"436","D04","GUIL",2025-02-25,"GUIL.20250225.EPILITHON.COMP2.CHL/PHEO.2",200.595386533666
"441","D04","GUIL",2025-07-01,"GUIL.20250701.EPILITHON.COMP1.CHL/PHEO.1",242.788861180382
"443","D04","GUIL",2025-07-01,"GUIL.20250701.EPILITHON.COMP2.CHL/PHEO.1",95.6920199501247
"446","D04","GUIL",2025-11-18,"GUIL.20251118.EPILITHON.COMP1.CHL/PHEO.1",227.680798004988
"449","D04","GUIL",2025-11-18,"GUIL.20251118.EPILITHON.COMP2.CHL/PHEO.1",265.336658354115
"453","D04","GUIL",2026-02-24,"GUIL.20260224.EPILITHON.COMP1.CHL/PHEO.1",702.556109725686
"454","D04","GUIL",2026-02-24,"GUIL.20260224.EPILITHON.COMP2.CHL/PHEO.1",277.84289276808
"457","D04","GUIL",2026-02-24,"GUIL.20260224.EPILITHON.COMP2.CHL/PHEO.2",153.89650872818
"461","D01","HOPB",2024-04-29,"HOPB.20240429.EPILITHON.COMP1.CHL/PHEO.1",51.9594763092269
"462","D01","HOPB",2024-04-29,"HOPB.20240429.EPIPSAMMON.COMP2.CHL/PHEO.1",11.2219181542607
"465","D01","HOPB",2024-04-29,"HOPB.20240429.EPIPSAMMON.COMP2.CHL/PHEO.2",12.9675816773324
"468","D01","HOPB",2024-07-22,"HOPB.20240722.EPILITHON.COMP1.CHL/PHEO.1",87.8350997506234
"471","D01","HOPB",2024-07-22,"HOPB.20240722.EPIPSAMMON.COMP2.CHL/PHEO.1",39.3122263388346
"475","D01","HOPB",2024-09-30,"HOPB.20240930.EPILITHON.COMP1.CHL/PHEO.1",69.3656483790524
"477","D01","HOPB",2024-09-30,"HOPB.20240930.EPIPSAMMON.COMP2.CHL/PHEO.1",91.269366790165
"485","D01","HOPB",2025-07-08,"HOPB.20250708.EPILITHON.COMP1.CHL/PHEO.1",39.8093308395677
"487","D01","HOPB",2025-07-08,"HOPB.20250708.EPIPSAMMON.COMP2.CHL/PHEO.1",25.4077130346918
"489","D01","HOPB",2025-07-08,"HOPB.20250708.EPIPSAMMON.COMP2.CHL/PHEO.2",14.675244189963
"493","D01","HOPB",2025-10-06,"HOPB.20251006.EPILITHON.COMP1.CHL/PHEO.1",176.364089775561
"494","D01","HOPB",2025-10-06,"HOPB.20251006.EPIPSAMMON.COMP2.CHL/PHEO.1",34.0163455708993
"499","D06","KING",2024-06-04,"KING.20240604.EPILITHON.COMP1.CHL/PHEO.1",227.309330839568
"500","D06","KING",2024-06-04,"KING.20240604.EPILITHON.COMP2.CHL/PHEO.1",61.9513715710723
"503","D06","KING",2024-06-04,"KING.20240604.EPILITHON.COMP2.CHL/PHEO.2",51.0598503740648
"507","D06","KING",2024-07-22,"KING.20240722.EPILITHON.COMP1.CHL/PHEO.1",250.272755610973
"509","D06","KING",2024-07-22,"KING.20240722.EPILITHON.COMP2.CHL/PHEO.1",112.457917705736
"513","D06","KING",2024-10-07,"KING.20241007.EPILITHON.COMP1.CHL/PHEO.1",290.741895261845
"515","D06","KING",2024-10-07,"KING.20241007.EPILITHON.COMP2.CHL/PHEO.1",182.637157107232
"519","D06","KING",2025-07-22,"KING.20250722.EPILITHON.COMP1.CHL/PHEO.1",798.836242726517
"521","D06","KING",2025-07-22,"KING.20250722.EPILITHON.COMP2.CHL/PHEO.1",228.857543640898
"524","D06","KING",2025-10-07,"KING.20251007.EPILITHON.COMP1.CHL/PHEO.1",328.699085619285
"526","D07","LECO",2024-04-02,"LECO.20240402.EPILITHON.COMP1.CHL/PHEO.1",105.218724023275
"529","D07","LECO",2024-04-02,"LECO.20240402.EPILITHON.COMP1.CHL/PHEO.2",106.772132169576
"530","D07","LECO",2024-04-02,"LECO.20240402.EPIPSAMMON.COMP2.CHL/PHEO.1",35.9344476254631
"535","D07","LECO",2024-07-11,"LECO.20240711.EPILITHON.COMP1.CHL/PHEO.1",168.685058187864
"536","D07","LECO",2024-07-11,"LECO.20240711.EPIPSAMMON.COMP2.CHL/PHEO.1",16.3122094981475
"540","D07","LECO",2024-10-16,"LECO.20241016.EPILITHON.COMP1.CHL/PHEO.1",309.658146300914
"542","D07","LECO",2024-10-16,"LECO.20241016.EPIPSAMMON.COMP2.CHL/PHEO.1",164.054664870327
"546","D07","LECO",2025-05-08,"LECO.20250508.EPILITHON.COMP1.CHL/PHEO.1",139.692435577722
"549","D07","LECO",2025-05-08,"LECO.20250508.EPILITHON.COMP1.CHL/PHEO.2",115.560058187864
"550","D07","LECO",2025-05-08,"LECO.20250508.EPIPSAMMON.COMP2.CHL/PHEO.1",5.99528460761199
"554","D07","LECO",2025-07-17,"LECO.20250717.EPILITHON.COMP1.CHL/PHEO.1",149.283042394015
"556","D07","LECO",2025-07-17,"LECO.20250717.EPIPSAMMON.COMP2.CHL/PHEO.1",3.20340181879421
"560","D07","LECO",2025-10-14,"LECO.20251014.EPILITHON.COMP1.CHL/PHEO.1",700.80008312552
"563","D07","LECO",2025-10-14,"LECO.20251014.EPIPSAMMON.COMP2.CHL/PHEO.1",3.50492590097676
"567","D02","LEWI",2024-03-25,"LEWI.20240325.EPILITHON.COMP2.CHL/PHEO.1",177.821072319202
"569","D02","LEWI",2024-03-25,"LEWI.20240325.EPIPELON.COMP1.CHL/PHEO.1",38.2788817783766
"573","D02","LEWI",2024-07-23,"LEWI.20240723.EPILITHON.COMP2.CHL/PHEO.1",111.354426433915
"574","D02","LEWI",2024-07-23,"LEWI.20240723.EPILITHON.COMP2.CHL/PHEO.2",118.704800498753
"576","D02","LEWI",2024-07-23,"LEWI.20240723.EPIPELON.COMP1.CHL/PHEO.1",37.2273913775682
"580","D02","LEWI",2024-10-22,"LEWI.20241022.EPILITHON.COMP2.CHL/PHEO.1",245.891521197007
"582","D02","LEWI",2024-10-22,"LEWI.20241022.EPIPELON.COMP1.CHL/PHEO.1",55.6026860895925
"587","D02","LEWI",2025-03-24,"LEWI.20250324.EPILITHON.COMP2.CHL/PHEO.1",153.977556109726
"589","D02","LEWI",2025-03-24,"LEWI.20250324.EPILITHON.COMP2.CHL/PHEO.2",160.779301745636
"590","D02","LEWI",2025-03-24,"LEWI.20250324.EPIPELON.COMP1.CHL/PHEO.1",15.4018608959246
"595","D02","LEWI",2025-07-28,"LEWI.20250728.EPILITHON.COMP2.CHL/PHEO.1",92.7244389027431
"596","D02","LEWI",2025-07-28,"LEWI.20250728.EPIPELON.COMP1.CHL/PHEO.1",3.37234759178175
"601","D02","LEWI",2025-10-13,"LEWI.20251013.EPILITHON.COMP2.CHL/PHEO.1",66.9716334164589
"602","D02","LEWI",2025-10-13,"LEWI.20251013.EPIPELON.COMP1.CHL/PHEO.1",1.34199225328393
"606","D05","LIRO",2024-04-15,"LIRO.20240415.EPIXYLON.COMP1.CHL/PHEO.1",16.3237738985869
"612","D05","LIRO",2024-07-22,"LIRO.20240722.EPIXYLON.COMP1.CHL/PHEO.1",58.0138196176226
"614","D05","LIRO",2024-07-22,"LIRO.20240722.EPIXYLON.COMP1.CHL/PHEO.2",60.9024314214464
"619","D05","LIRO",2024-09-09,"LIRO.20240909.EPIXYLON.COMP1.CHL/PHEO.1",64.3053823773899
"621","D05","LIRO",2024-09-09,"LIRO.20240909.EPIXYLON.COMP1.CHL/PHEO.2",68.5214048212801
"625","D05","LIRO",2025-05-19,"LIRO.20250519.EPIXYLON.COMP1.CHL/PHEO.1",42.8304239401496
"626","D05","LIRO",2025-05-19,"LIRO.20250519.EPIXYLON.COMP1.CHL/PHEO.2",43.027847049044
"631","D05","LIRO",2025-07-21,"LIRO.20250721.EPIXYLON.COMP1.CHL/PHEO.1",35.5855153782211
"637","D05","LIRO",2025-09-08,"LIRO.20250908.EPIXYLON.COMP1.CHL/PHEO.1",51.3274106400665
"638","D05","LIRO",2025-09-08,"LIRO.20250908.EPIXYLON.COMP1.CHL/PHEO.2",48.1738362427265
"643","D16","MART",2024-04-17,"MART.20240417.EPILITHON.COMP1.CHL/PHEO.1",23.5297173732336
"645","D16","MART",2024-04-17,"MART.20240417.EPILITHON.COMP1.CHL/PHEO.2",22.5607855361596
"646","D16","MART",2024-04-17,"MART.20240417.EPILITHON.COMP2.CHL/PHEO.1",8.48192019950125
"650","D16","MART",2024-07-29,"MART.20240729.EPILITHON.COMP1.CHL/PHEO.1",48.6959684123026
"652","D16","MART",2024-07-29,"MART.20240729.EPILITHON.COMP2.CHL/PHEO.1",32.5249376558603
"656","D16","MART",2024-09-25,"MART.20240925.EPILITHON.COMP1.CHL/PHEO.1",45.934642560266
"659","D16","MART",2024-09-25,"MART.20240925.EPILITHON.COMP2.CHL/PHEO.1",34.3142144638404
"662","D16","MART",2025-04-15,"MART.20250415.EPILITHON.COMP1.CHL/PHEO.1",7.39817123857024
"664","D16","MART",2025-04-15,"MART.20250415.EPILITHON.COMP1.CHL/PHEO.2",7.76963840399003
"666","D16","MART",2025-04-15,"MART.20250415.EPILITHON.COMP2.CHL/PHEO.1",2.49220698254364
"670","D16","MART",2025-07-22,"MART.20250722.EPILITHON.COMP1.CHL/PHEO.1",73.0881130507066
"672","D16","MART",2025-07-22,"MART.20250722.EPILITHON.COMP2.CHL/PHEO.1",26.318578553616
"677","D16","MART",2025-09-30,"MART.20250930.EPILITHON.COMP1.CHL/PHEO.1",290.056109725686
"679","D16","MART",2025-09-30,"MART.20250930.EPILITHON.COMP2.CHL/PHEO.1",115.35536159601
"682","D08","MAYF",2024-04-17,"MAYF.20240417.EPIPSAMMON.COMP2.CHL/PHEO.1",7.66584708656113
"685","D08","MAYF",2024-04-17,"MAYF.20240417.EPIXYLON.COMP1.CHL/PHEO.1",28.4678927680798
"689","D08","MAYF",2024-07-30,"MAYF.20240730.EPIPSAMMON.COMP2.CHL/PHEO.1",13.6352138767262
"690","D08","MAYF",2024-07-30,"MAYF.20240730.EPIXYLON.COMP1.CHL/PHEO.1",48.1426641729011
"695","D08","MAYF",2024-10-28,"MAYF.20241028.EPIPSAMMON.COMP2.CHL/PHEO.1",20.522061300101
"696","D08","MAYF",2024-10-28,"MAYF.20241028.EPIXYLON.COMP1.CHL/PHEO.1",59.8192019950125
"701","D08","MAYF",2025-04-30,"MAYF.20250430.EPIPSAMMON.COMP2.CHL/PHEO.1",4.48521387672617
"702","D08","MAYF",2025-04-30,"MAYF.20250430.EPIXYLON.COMP1.CHL/PHEO.1",83.0475893599335
"705","D08","MAYF",2025-04-30,"MAYF.20250430.EPIXYLON.COMP1.CHL/PHEO.2",67.282315045719
"709","D08","MAYF",2025-07-16,"MAYF.20250716.EPIPSAMMON.COMP2.CHL/PHEO.1",9.60550690468171
"710","D08","MAYF",2025-07-16,"MAYF.20250716.EPIXYLON.COMP1.CHL/PHEO.1",6.98514131338321
"714","D08","MAYF",2025-10-21,"MAYF.20251021.EPIPSAMMON.COMP2.CHL/PHEO.1",5.12536881104749
"716","D08","MAYF",2025-10-21,"MAYF.20251021.EPIXYLON.COMP1.CHL/PHEO.1",7.72028262676642
"725","D06","MCDI",2024-03-25,"MCDI.20240325.EPILITHON.COMP1.CHL/PHEO.1",82.6445760598504
"727","D06","MCDI",2024-03-25,"MCDI.20240325.EPILITHON.COMP2.CHL/PHEO.1",80.8838528678304
"729","D06","MCDI",2024-03-25,"MCDI.20240325.EPILITHON.COMP2.CHL/PHEO.2",83.3986907730673
"732","D06","MCDI",2024-07-23,"MCDI.20240723.EPILITHON.COMP1.CHL/PHEO.1",255.785536159601
"734","D06","MCDI",2024-07-23,"MCDI.20240723.EPILITHON.COMP2.CHL/PHEO.1",145.533042394015
"739","D06","MCDI",2024-10-08,"MCDI.20241008.EPILITHON.COMP1.CHL/PHEO.1",126.407418952618
"741","D06","MCDI",2024-10-08,"MCDI.20241008.EPILITHON.COMP2.CHL/PHEO.1",140.132481296758
"744","D06","MCDI",2025-03-24,"MCDI.20250324.EPILITHON.COMP1.CHL/PHEO.1",227.967581047382
"746","D06","MCDI",2025-03-24,"MCDI.20250324.EPILITHON.COMP2.CHL/PHEO.1",197.905236907731
"748","D06","MCDI",2025-03-24,"MCDI.20250324.EPILITHON.COMP2.CHL/PHEO.2",122.899002493766
"753","D06","MCDI",2025-07-24,"MCDI.20250724.EPILITHON.COMP1.CHL/PHEO.1",643.765586034913
"755","D06","MCDI",2025-07-24,"MCDI.20250724.EPILITHON.COMP2.CHL/PHEO.1",443.033042394015
"759","D06","MCDI",2025-10-08,"MCDI.20251008.EPILITHON.COMP1.CHL/PHEO.1",189.881546134663
"763","D16","MCRA",2024-05-01,"MCRA.20240501.EPILITHON.COMP1.CHL/PHEO.1",58.971072319202
"765","D16","MCRA",2024-05-01,"MCRA.20240501.EPILITHON.COMP2.CHL/PHEO.1",26.6178304239401
"766","D16","MCRA",2024-05-01,"MCRA.20240501.EPILITHON.COMP2.CHL/PHEO.2",27.2833541147132
"770","D16","MCRA",2024-10-09,"MCRA.20241009.EPILITHON.COMP1.CHL/PHEO.1",63.8196176226101
"773","D16","MCRA",2024-10-09,"MCRA.20241009.EPILITHON.COMP2.CHL/PHEO.1",12.5420822942643
"777","D16","MCRA",2025-04-29,"MCRA.20250429.EPILITHON.COMP1.CHL/PHEO.1",12.998753117207
"778","D16","MCRA",2025-04-29,"MCRA.20250429.EPILITHON.COMP1.CHL/PHEO.2",114.037822111388
"780","D16","MCRA",2025-04-29,"MCRA.20250429.EPILITHON.COMP2.CHL/PHEO.1",50.0529925187032
"785","D16","MCRA",2025-07-29,"MCRA.20250729.EPILITHON.COMP1.CHL/PHEO.1",9.91791354945968
"787","D16","MCRA",2025-07-29,"MCRA.20250729.EPILITHON.COMP2.CHL/PHEO.1",7.47350374064838
"791","D16","MCRA",2025-09-23,"MCRA.20250923.EPILITHON.COMP1.CHL/PHEO.1",12.9286159600998
"792","D16","MCRA",2025-09-23,"MCRA.20250923.EPILITHON.COMP2.CHL/PHEO.1",5.92581047381546
"797","D18","OKSR",2024-07-24,"OKSR.20240724.EPILITHON.COMP1.CHL/PHEO.1",106.577306733167
"798","D18","OKSR",2024-07-24,"OKSR.20240724.EPILITHON.COMP1.CHL/PHEO.2",114.661263507897
"800","D18","OKSR",2024-07-24,"OKSR.20240724.EPILITHON.COMP2.CHL/PHEO.1",36.1627182044888
"804","D18","OKSR",2024-08-10,"OKSR.20240810.EPILITHON.COMP1.CHL/PHEO.1",95.4229010806317
"806","D18","OKSR",2024-08-10,"OKSR.20240810.EPILITHON.COMP2.CHL/PHEO.1",44.4825436408978
"810","D18","OKSR",2025-07-16,"OKSR.20250716.EPILITHON.COMP1.CHL/PHEO.1",78.2315045719036
"812","D18","OKSR",2025-07-16,"OKSR.20250716.EPILITHON.COMP1.CHL/PHEO.2",73.5946591853699
"815","D18","OKSR",2025-07-16,"OKSR.20250716.EPILITHON.COMP2.CHL/PHEO.1",13.4008728179551
"819","D18","OKSR",2025-08-16,"OKSR.20250816.EPILITHON.COMP1.CHL/PHEO.1",43.0434330839568
"820","D18","OKSR",2025-08-16,"OKSR.20250816.EPILITHON.COMP2.CHL/PHEO.1",27.5296134663342
"825","D02","POSE",2024-03-19,"POSE.20240319.EPILITHON.COMP1.CHL/PHEO.1",360.09642560266
"826","D02","POSE",2024-03-19,"POSE.20240319.EPIPELON.COMP2.CHL/PHEO.1",49.500673627484
"830","D02","POSE",2024-07-17,"POSE.20240717.EPILITHON.COMP1.CHL/PHEO.1",55.1252078137988
"833","D02","POSE",2024-07-17,"POSE.20240717.EPIPELON.COMP2.CHL/PHEO.1",11.0788565173459
"834","D02","POSE",2024-07-17,"POSE.20240717.EPIPELON.COMP2.CHL/PHEO.2",10.0065257662513
"838","D02","POSE",2024-10-15,"POSE.20241015.EPILITHON.COMP1.CHL/PHEO.1",104.317331670823
"841","D02","POSE",2024-10-15,"POSE.20241015.EPIPELON.COMP2.CHL/PHEO.1",53.1372094981475
"844","D02","POSE",2025-03-17,"POSE.20250317.EPILITHON.COMP1.CHL/PHEO.1",123.321903574397
"846","D02","POSE",2025-03-17,"POSE.20250317.EPILITHON.COMP1.CHL/PHEO.2",95.0852036575229
"848","D02","POSE",2025-03-17,"POSE.20250317.EPIPELON.COMP2.CHL/PHEO.1",4.78633378241832
"852","D02","POSE",2025-07-14,"POSE.20250714.EPILITHON.COMP1.CHL/PHEO.1",169.124064837905
"854","D02","POSE",2025-07-14,"POSE.20250714.EPIPELON.COMP2.CHL/PHEO.1",3.01364095655103
"859","D02","POSE",2025-10-20,"POSE.20251020.EPILITHON.COMP1.CHL/PHEO.1",112.476620947631
"861","D02","POSE",2025-10-20,"POSE.20251020.EPIPELON.COMP2.CHL/PHEO.1",1.04012293701583
"864","D11","PRIN",2024-02-14,"PRIN.20240214.EPILITHON.COMP2.CHL/PHEO.1",76.6006857855362
"866","D11","PRIN",2024-02-14,"PRIN.20240214.EPIPSAMMON.COMP1.CHL/PHEO.1",283.702425058942
"869","D11","PRIN",2024-02-14,"PRIN.20240214.EPIPSAMMON.COMP1.CHL/PHEO.2",61.4664028292354
"873","D11","PRIN",2024-07-11,"PRIN.20240711.EPILITHON.COMP2.CHL/PHEO.1",110.941396508728
"874","D11","PRIN",2024-07-11,"PRIN.20240711.EPIPSAMMON.COMP1.CHL/PHEO.1",55.3875884136073
"876","D11","PRIN",2024-07-11,"PRIN.20240711.EPIPSAMMON.COMP1.CHL/PHEO.2",53.1351633546649
"881","D11","PRIN",2024-11-05,"PRIN.20241105.EPILITHON.COMP2.CHL/PHEO.1",160.804239401496
"882","D11","PRIN",2024-11-05,"PRIN.20241105.EPIPSAMMON.COMP1.CHL/PHEO.1",64.7345486695857
"886","D11","PRIN",2025-02-17,"PRIN.20250217.EPILITHON.COMP2.CHL/PHEO.1",69.4981296758105
"889","D11","PRIN",2025-02-17,"PRIN.20250217.EPIPSAMMON.COMP1.CHL/PHEO.1",74.4489727180869
"890","D11","PRIN",2025-02-17,"PRIN.20250217.EPIPSAMMON.COMP1.CHL/PHEO.2",87.6799427416639
"895","D11","PRIN",2025-07-21,"PRIN.20250721.EPILITHON.COMP2.CHL/PHEO.1",215.712385702411
"896","D11","PRIN",2025-07-21,"PRIN.20250721.EPIPSAMMON.COMP1.CHL/PHEO.1",101.687436847423
"901","D11","PRIN",2025-11-05,"PRIN.20251105.EPILITHON.COMP2.CHL/PHEO.1",172.680798004988
"902","D11","PRIN",2025-11-05,"PRIN.20251105.EPIPSAMMON.COMP1.CHL/PHEO.1",63.8703940720781
"907","D09","PRLA",2024-04-30,"PRLA.20240430.EPILITHON.COMP1.CHL/PHEO.1",106.473399833749
"909","D09","PRLA",2024-04-30,"PRLA.20240430.EPILITHON.COMP1.CHL/PHEO.2",20.1839152119701
"913","D09","PRLA",2024-07-22,"PRLA.20240722.EPILITHON.COMP1.CHL/PHEO.1",247.459600997506
"915","D09","PRLA",2024-07-22,"PRLA.20240722.EPILITHON.COMP1.CHL/PHEO.2",253.015960099751
"919","D09","PRLA",2024-09-11,"PRLA.20240911.EPILITHON.COMP1.CHL/PHEO.1",758.587905236908
"920","D09","PRLA",2024-09-11,"PRLA.20240911.EPILITHON.COMP1.CHL/PHEO.2",795.485245220283
"924","D09","PRLA",2025-04-30,"PRLA.20250430.EPILITHON.COMP1.CHL/PHEO.1",383.042394014963
"926","D09","PRLA",2025-04-30,"PRLA.20250430.EPILITHON.COMP1.CHL/PHEO.2",365.918536990856
"931","D09","PRLA",2025-07-21,"PRLA.20250721.EPILITHON.COMP1.CHL/PHEO.1",859.621778886118
"937","D09","PRLA",2025-09-17,"PRLA.20250917.EPILITHON.COMP1.CHL/PHEO.1",79.1770573566085
"938","D09","PRLA",2025-09-17,"PRLA.20250917.EPILITHON.COMP1.CHL/PHEO.2",754.623857024106
"943","D09","PRPO",2024-05-06,"PRPO.20240506.EPILITHON.COMP1.CHL/PHEO.1",63.216957605985
"945","D09","PRPO",2024-05-06,"PRPO.20240506.EPILITHON.COMP1.CHL/PHEO.2",29.75893599335
"948","D09","PRPO",2024-07-22,"PRPO.20240722.EPILITHON.COMP1.CHL/PHEO.1",75.7065669160432
"951","D09","PRPO",2024-07-22,"PRPO.20240722.EPILITHON.COMP1.CHL/PHEO.2",76.439110556941
"955","D09","PRPO",2024-09-10,"PRPO.20240910.EPILITHON.COMP1.CHL/PHEO.1",306.977348295927
"961","D09","PRPO",2025-05-01,"PRPO.20250501.EPILITHON.COMP1.CHL/PHEO.1",174.210307564422
"966","D09","PRPO",2025-07-14,"PRPO.20250714.EPILITHON.COMP1.CHL/PHEO.1",136.897339983375
"969","D09","PRPO",2025-07-14,"PRPO.20250714.EPILITHON.COMP1.CHL/PHEO.2",134.954280964256
"972","D09","PRPO",2025-09-22,"PRPO.20250922.EPILITHON.COMP1.CHL/PHEO.1",472.402327514547
"975","D09","PRPO",2025-09-22,"PRPO.20250922.EPILITHON.COMP1.CHL/PHEO.2",716.874480465503
"978","D15","REDB",2024-08-05,"REDB.20240805.EPILITHON.COMP2.CHL/PHEO.1",211.963358270989
"980","D15","REDB",2024-08-05,"REDB.20240805.EPIPSAMMON.COMP1.CHL/PHEO.1",78.0717413270461
"982","D15","REDB",2024-08-05,"REDB.20240805.EPIPSAMMON.COMP1.CHL/PHEO.2",74.5036207477265
"986","D15","REDB",2024-10-02,"REDB.20241002.EPILITHON.COMP2.CHL/PHEO.1",66.4136533665835
"989","D15","REDB",2024-10-02,"REDB.20241002.EPIPSAMMON.COMP1.CHL/PHEO.1",41.7825530481644
"992","D15","REDB",2025-05-20,"REDB.20250520.EPILITHON.COMP2.CHL/PHEO.1",100.916375727348
"995","D15","REDB",2025-05-20,"REDB.20250520.EPIPSAMMON.COMP1.CHL/PHEO.1",157.180464802964
"997","D15","REDB",2025-05-20,"REDB.20250520.EPIPSAMMON.COMP1.CHL/PHEO.2",170.420747726507
"1001","D15","REDB",2025-07-07,"REDB.20250707.EPILITHON.COMP2.CHL/PHEO.1",177.596633416459
"1003","D15","REDB",2025-07-07,"REDB.20250707.EPIPSAMMON.COMP1.CHL/PHEO.1",67.4153755473223
"1007","D15","REDB",2025-10-01,"REDB.20251001.EPILITHON.COMP2.CHL/PHEO.1",280.551039068994
"1009","D15","REDB",2025-10-01,"REDB.20251001.EPIPSAMMON.COMP1.CHL/PHEO.1",232.551869316268
"1012","D03","SUGG",2024-02-12,"SUGG.20240212.EPIPHYTON.COMP1.CHL/PHEO.1",25.481456
"1014","D03","SUGG",2024-02-12,"SUGG.20240212.EPIPHYTON.COMP1.CHL/PHEO.2",66.412192
"1018","D03","SUGG",2024-07-08,"SUGG.20240708.EPIPHYTON.COMP1.CHL/PHEO.1",53.5855572
"1021","D03","SUGG",2024-07-08,"SUGG.20240708.EPIPHYTON.COMP1.CHL/PHEO.2",54.0807456
"1024","D03","SUGG",2024-11-12,"SUGG.20241112.EPIPHYTON.COMP1.CHL/PHEO.1",36.307413
"1029","D03","SUGG",2025-02-18,"SUGG.20250218.EPIPHYTON.COMP1.CHL/PHEO.1",53.177872
"1035","D03","SUGG",2025-07-29,"SUGG.20250729.EPIPHYTON.COMP1.CHL/PHEO.1",29.9648028
"1038","D03","SUGG",2025-10-28,"SUGG.20251028.EPIPHYTON.COMP1.CHL/PHEO.1",27.553911
"1043","D03","SUGG",2026-02-09,"SUGG.20260209.EPIPHYTON.COMP1.CHL/PHEO.1",36.677798
"1049","D14","SYCA",2024-02-26,"SYCA.20240226.EPILITHON.COMP2.CHL/PHEO.1",74.0663965087282
"1051","D14","SYCA",2024-02-26,"SYCA.20240226.EPIPSAMMON.COMP1.CHL/PHEO.1",59.489390367127
"1052","D14","SYCA",2024-02-26,"SYCA.20240226.EPIPSAMMON.COMP1.CHL/PHEO.2",59.8116537554732
"1057","D14","SYCA",2024-05-08,"SYCA.20240508.EPILITHON.COMP2.CHL/PHEO.1",49.5760598503741
"1059","D14","SYCA",2024-05-08,"SYCA.20240508.EPIPSAMMON.COMP1.CHL/PHEO.1",204.330161670596
"1063","D14","SYCA",2024-06-18,"SYCA.20240618.EPILITHON.COMP2.CHL/PHEO.1",126.942019950125
"1065","D14","SYCA",2024-06-18,"SYCA.20240618.EPIPSAMMON.COMP1.CHL/PHEO.1",106.303570225665
"1068","D14","SYCA",2026-01-26,"SYCA.20260126.EPILITHON.COMP2.CHL/PHEO.1",33.9993765586035
"1070","D14","SYCA",2026-01-26,"SYCA.20260126.EPIPSAMMON.COMP1.CHL/PHEO.1",213.512630515325
"1072","D14","SYCA",2026-01-26,"SYCA.20260126.EPIPSAMMON.COMP1.CHL/PHEO.2",151.61178848097
"1076","D17","TECR",2024-08-14,"TECR.20240814.EPILITHON.COMP1.CHL/PHEO.1",127.35349127182
"1078","D17","TECR",2024-08-14,"TECR.20240814.EPILITHON.COMP2.CHL/PHEO.1",243.880922693267
"1080","D17","TECR",2024-08-14,"TECR.20240814.EPILITHON.COMP2.CHL/PHEO.2",249.385910224439
"1084","D17","TECR",2024-09-18,"TECR.20240918.EPILITHON.COMP1.CHL/PHEO.1",18.2174771404821
"1086","D17","TECR",2024-09-18,"TECR.20240918.EPILITHON.COMP2.CHL/PHEO.1",20.6982543640898
"1090","D17","TECR",2025-06-03,"TECR.20250603.EPILITHON.COMP1.CHL/PHEO.1",98.6518079800499
"1092","D17","TECR",2025-06-03,"TECR.20250603.EPILITHON.COMP2.CHL/PHEO.1",34.4014962593516
"1093","D17","TECR",2025-06-03,"TECR.20250603.EPILITHON.COMP2.CHL/PHEO.2",26.9685162094763
"1098","D17","TECR",2025-07-23,"TECR.20250723.EPILITHON.COMP1.CHL/PHEO.1",94.5760598503741
"1100","D17","TECR",2025-07-23,"TECR.20250723.EPILITHON.COMP2.CHL/PHEO.1",44.7365960099751
"1104","D08","TOMB",2024-04-08,"TOMB.20240408.EPIXYLON.COMP1.CHL/PHEO.1",140.738778054863
"1107","D08","TOMB",2024-07-16,"TOMB.20240716.EPIXYLON.COMP1.CHL/PHEO.1",149.648794679967
"1111","D08","TOMB",2024-11-06,"TOMB.20241106.EPIXYLON.COMP1.CHL/PHEO.1",192.60182876143
"1115","D08","TOMB",2025-03-12,"TOMB.20250312.EPIXYLON.COMP1.CHL/PHEO.1",978.491271820449
"1117","D08","TOMB",2025-03-12,"TOMB.20250312.EPIXYLON.COMP1.CHL/PHEO.2",560.473815461346
"1122","D08","TOMB",2025-07-08,"TOMB.20250708.EPIXYLON.COMP1.CHL/PHEO.1",437.019430590191
"1126","D08","TOMB",2025-11-18,"TOMB.20251118.EPIXYLON.COMP1.CHL/PHEO.1",466.957605985037
"1131","D18","TOOK",2024-07-05,"TOOK.20240705.EPILITHON.COMP1.CHL/PHEO.1",54.0237946799667
"1138","D18","TOOK",2024-08-03,"TOOK.20240803.EPILITHON.COMP1.CHL/PHEO.1",120.01246882793
"1142","D18","TOOK",2024-09-04,"TOOK.20240904.EPILITHON.COMP1.CHL/PHEO.1",145.739817123857
"1146","D18","TOOK",2025-07-09,"TOOK.20250709.EPILITHON.COMP1.CHL/PHEO.1",49.3739609310058
"1152","D18","TOOK",2025-08-02,"TOOK.20250802.EPILITHON.COMP1.CHL/PHEO.1",66.3055901911887
"1156","D18","TOOK",2025-09-10,"TOOK.20250910.EPILITHON.COMP1.CHL/PHEO.1",149.038861180382
"1159","D07","WALK",2024-04-03,"WALK.20240403.EPILITHON.COMP1.CHL/PHEO.1",128.556213632585
"1161","D07","WALK",2024-04-03,"WALK.20240403.EPILITHON.COMP1.CHL/PHEO.2",126.028678304239
"1164","D07","WALK",2024-04-03,"WALK.20240403.EPIXYLON.COMP2.CHL/PHEO.1",53.1854114713217
"1167","D07","WALK",2024-07-03,"WALK.20240703.EPILITHON.COMP1.CHL/PHEO.1",49.9818162926018
"1170","D07","WALK",2024-07-03,"WALK.20240703.EPIXYLON.COMP2.CHL/PHEO.1",6.61471321695761
"1173","D07","WALK",2024-10-21,"WALK.20241021.EPILITHON.COMP1.CHL/PHEO.1",18.2564422277639
"1175","D07","WALK",2024-10-21,"WALK.20241021.EPIXYLON.COMP2.CHL/PHEO.1",33.0829177057357
"1179","D07","WALK",2025-03-11,"WALK.20250311.EPILITHON.COMP1.CHL/PHEO.1",29.0835411471322
"1181","D07","WALK",2025-03-11,"WALK.20250311.EPILITHON.COMP1.CHL/PHEO.2",29.4991687448047
"1183","D07","WALK",2025-03-11,"WALK.20250311.EPIXYLON.COMP2.CHL/PHEO.1",9.19731920199501
"1188","D07","WALK",2025-07-09,"WALK.20250709.EPILITHON.COMP1.CHL/PHEO.1",58.5775145469659
"1190","D07","WALK",2025-07-09,"WALK.20250709.EPIXYLON.COMP2.CHL/PHEO.1",1.68485037406484
"1193","D07","WALK",2025-10-20,"WALK.20251020.EPILITHON.COMP1.CHL/PHEO.1",63.9754779717373
"1196","D07","WALK",2025-10-20,"WALK.20251020.EPIXYLON.COMP2.CHL/PHEO.1",3.50374064837905
"1200","D13","WLOU",2024-07-02,"WLOU.20240702.EPILITHON.COMP1.CHL/PHEO.1",28.2254364089776
"1202","D13","WLOU",2024-07-02,"WLOU.20240702.EPIPSAMMON.COMP2.CHL/PHEO.1",6.78696530818457
"1203","D13","WLOU",2024-07-02,"WLOU.20240702.EPIPSAMMON.COMP2.CHL/PHEO.2",0.00923880094307848
"1208","D13","WLOU",2024-08-13,"WLOU.20240813.EPILITHON.COMP1.CHL/PHEO.1",11.7440773067332
"1210","D13","WLOU",2024-08-13,"WLOU.20240813.EPIPSAMMON.COMP2.CHL/PHEO.1",19.8777231391041
"1214","D13","WLOU",2024-09-10,"WLOU.20240910.EPILITHON.COMP1.CHL/PHEO.1",62.2636118038238
"1215","D13","WLOU",2024-09-10,"WLOU.20240910.EPIPSAMMON.COMP2.CHL/PHEO.1",29.7621421353991
"1220","D13","WLOU",2025-07-01,"WLOU.20250701.EPILITHON.COMP1.CHL/PHEO.1",10.0166251039069
"1222","D13","WLOU",2025-07-01,"WLOU.20250701.EPIPSAMMON.COMP2.CHL/PHEO.1",5.35655776355675
"1223","D13","WLOU",2025-07-01,"WLOU.20250701.EPIPSAMMON.COMP2.CHL/PHEO.2",4.76860559110812
"1227","D13","WLOU",2025-08-12,"WLOU.20250812.EPILITHON.COMP1.CHL/PHEO.1",25.5662926018288
"1230","D13","WLOU",2025-08-12,"WLOU.20250812.EPIPSAMMON.COMP2.CHL/PHEO.1",27.2610727517683
"1234","D13","WLOU",2025-09-09,"WLOU.20250909.EPILITHON.COMP1.CHL/PHEO.1",13.2559226932668
"1235","D13","WLOU",2025-09-09,"WLOU.20250909.EPIPSAMMON.COMP2.CHL/PHEO.1",21.7192354328057
