siteID,namedLocation,collectDate,taxonID,mean_body_length,min_body_length,max_body_length,mean_body_width,count_per_bottle,count_per_liter,sampler_type,aquatic_site_type,year,month,temp_mean,match_type
BARC,BARC.AOS.littoral1,2014-07-02,ACRHAR,0.375,0.375,0.375,NA,74,0.14079147640791476,tow net,lake,2014,7,31.50325934463865,same_month_all_years
BARC,BARC.AOS.littoral2,2014-07-02,ACRHAR,0.556,0.55,0.575,NA,53,2.2083333333333335,Schindler-Patalas,lake,2014,7,31.50325934463865,same_month_all_years
BARC,BARC.AOS.buoy.c0,2014-07-02,CALSP1,0.565,0.375,0.85,NA,7009,10.21422325852521,tow net,lake,2014,7,31.50325934463865,same_month_all_years
BARC,BARC.AOS.littoral1,2014-07-02,CALSP1,0.725,0.55,0.875,NA,15985,30.412861491628615,tow net,lake,2014,7,31.50325934463865,same_month_all_years
BARC,BARC.AOS.littoral2,2014-07-02,CALSP1,0.875,0.875,0.875,NA,9,0.375,Schindler-Patalas,lake,2014,7,31.50325934463865,same_month_all_years
BARC,BARC.AOS.littoral2,2014-07-02,CHYSPH,0.25,0.225,0.275,NA,35,1.4583333333333333,Schindler-Patalas,lake,2014,7,31.50325934463865,same_month_all_years
BARC,BARC.AOS.buoy.c0,2014-07-02,CYCSP,0.388,0.35,0.425,NA,219,0.3191489361702127,tow net,lake,2014,7,31.50325934463865,same_month_all_years
BARC,BARC.AOS.littoral1,2014-07-02,CYCSP,0.4,0.375,0.425,NA,149,0.2834855403348554,tow net,lake,2014,7,31.50325934463865,same_month_all_years
BARC,BARC.AOS.littoral2,2014-07-02,CYCSP,0.5,0.425,0.575,NA,193,8.041666666666666,Schindler-Patalas,lake,2014,7,31.50325934463865,same_month_all_years
BARC,BARC.AOS.buoy.c0,2014-07-02,DIPPRO,0.188,0.188,0.188,NA,31,0.04517633343048673,tow net,lake,2014,7,31.50325934463865,same_month_all_years
BARC,BARC.AOS.littoral1,2014-07-02,GASSTY,0.062,0.062,0.062,NA,74,0.14079147640791476,tow net,lake,2014,7,31.50325934463865,same_month_all_years
BARC,BARC.AOS.buoy.c0,2014-07-02,HESAUG,1.021,0.9,1.075,NA,876,1.276595744680851,tow net,lake,2014,7,31.50325934463865,same_month_all_years
BARC,BARC.AOS.littoral1,2014-07-02,HESAUG,1.005,0.9,1.075,NA,2156,4.101978691019787,tow net,lake,2014,7,31.50325934463865,same_month_all_years
BARC,BARC.AOS.littoral2,2014-07-02,LATOCC1,0.55,0.55,0.55,NA,9,0.375,Schindler-Patalas,lake,2014,7,31.50325934463865,same_month_all_years
BARC,BARC.AOS.buoy.c0,2014-07-02,LECINE,0.125,0.125,0.125,NA,125,0.18216263480034975,tow net,lake,2014,7,31.50325934463865,same_month_all_years
BARC,BARC.AOS.littoral2,2014-07-02,LECINE,0.125,0.125,0.125,NA,9,0.375,Schindler-Patalas,lake,2014,7,31.50325934463865,same_month_all_years
BARC,BARC.AOS.littoral2,2014-07-02,LECLEO,0.175,0.175,0.175,NA,9,0.375,Schindler-Patalas,lake,2014,7,31.50325934463865,same_month_all_years
BARC,BARC.AOS.buoy.c0,2014-07-02,LECMIR,0.112,0.112,0.112,NA,31,0.04517633343048673,tow net,lake,2014,7,31.50325934463865,same_month_all_years
BARC,BARC.AOS.littoral1,2014-07-02,LECMIR,0.112,0.112,0.112,NA,297,0.5650684931506849,tow net,lake,2014,7,31.50325934463865,same_month_all_years
BARC,BARC.AOS.littoral2,2014-07-02,LECMIR,0.112,0.112,0.112,NA,9,0.375,Schindler-Patalas,lake,2014,7,31.50325934463865,same_month_all_years
BARC,BARC.AOS.buoy.c0,2014-07-02,LEPSP32,0.062,0.062,0.062,NA,31,0.04517633343048673,tow net,lake,2014,7,31.50325934463865,same_month_all_years
BARC,BARC.AOS.littoral2,2014-07-02,LEPSP32,0.062,0.062,0.062,NA,35,1.4583333333333333,Schindler-Patalas,lake,2014,7,31.50325934463865,same_month_all_years
BARC,BARC.AOS.littoral2,2014-07-02,MACSP4,0.362,0.35,0.375,NA,35,1.4583333333333333,Schindler-Patalas,lake,2014,7,31.50325934463865,same_month_all_years
BARC,BARC.AOS.buoy.c0,2014-07-02,MONBUL,0.112,0.112,0.112,NA,63,0.09180996793937626,tow net,lake,2014,7,31.50325934463865,same_month_all_years
BARC,BARC.AOS.littoral1,2014-07-02,MONBUL,0.112,0.112,0.112,NA,74,0.14079147640791476,tow net,lake,2014,7,31.50325934463865,same_month_all_years
BARC,BARC.AOS.littoral2,2014-07-02,MONBUL,0.112,0.112,0.112,NA,818,34.083333333333336,Schindler-Patalas,lake,2014,7,31.50325934463865,same_month_all_years
BARC,BARC.AOS.littoral2,2014-07-02,OXYSP3,0.3,0.3,0.3,NA,18,0.75,Schindler-Patalas,lake,2014,7,31.50325934463865,same_month_all_years
BARC,BARC.AOS.littoral2,2014-07-02,PTYBRA,0.188,0.188,0.188,NA,879,36.625,Schindler-Patalas,lake,2014,7,31.50325934463865,same_month_all_years
BARC,BARC.AOS.buoy.c0,2014-07-02,ROTSP,0.196,0.188,0.212,NA,94,0.136986301369863,tow net,lake,2014,7,31.50325934463865,same_month_all_years
BARC,BARC.AOS.littoral1,2014-07-02,ROTSP,0.175,0.162,0.188,NA,297,0.5650684931506849,tow net,lake,2014,7,31.50325934463865,same_month_all_years
BARC,BARC.AOS.littoral2,2014-07-02,ROTSP,0.308,0.262,0.375,NA,255,10.625,Schindler-Patalas,lake,2014,7,31.50325934463865,same_month_all_years
BARC,BARC.AOS.buoy.c0,2014-07-02,SKIMIS,0.879,0.775,1,NA,1126,1.6409210142815505,tow net,lake,2014,7,31.50325934463865,same_month_all_years
BARC,BARC.AOS.littoral1,2014-07-02,SKIMIS,0.902,0.85,1,NA,743,1.4136225266362252,tow net,lake,2014,7,31.50325934463865,same_month_all_years
BARC,BARC.AOS.buoy.c0,2014-07-02,TRISIM,0.125,0.125,0.125,NA,188,0.273972602739726,tow net,lake,2014,7,31.50325934463865,same_month_all_years
BARC,BARC.AOS.littoral1,2014-07-02,TRISIM,0.125,0.125,0.125,NA,223,0.4242770167427702,tow net,lake,2014,7,31.50325934463865,same_month_all_years
BARC,BARC.AOS.littoral2,2014-07-02,TROPRA1,0.396,0.35,0.412,NA,88,3.6666666666666665,Schindler-Patalas,lake,2014,7,31.50325934463865,same_month_all_years
BARC,BARC.AOS.buoy.c0,2015-02-18,ALOSP1,NA,NA,NA,NA,6,0.01095890410958904,tow net,lake,2015,2,18.2014125462164,same_month_all_years
BARC,BARC.AOS.buoy.c0,2015-02-18,BDESP,0.188,0.188,0.188,NA,114,0.2082191780821918,tow net,lake,2015,2,18.2014125462164,same_month_all_years
BARC,BARC.AOS.littoral1,2015-02-18,BDESP,0.186,0.162,0.188,NA,112,0.3409436834094368,tow net,lake,2015,2,18.2014125462164,same_month_all_years
BARC,BARC.AOS.buoy.c0,2015-02-18,CALSP1,0.602,0.425,0.9,NA,411,0.7506849315068493,tow net,lake,2015,2,18.2014125462164,same_month_all_years
BARC,BARC.AOS.littoral1,2015-02-18,CALSP1,0.88,0.65,1.075,NA,134,0.4079147640791476,tow net,lake,2015,2,18.2014125462164,same_month_all_years
BARC,BARC.AOS.littoral2,2015-02-18,CALSP1,0.492,0.4,0.55,NA,9,0.375,Schindler-Patalas,lake,2015,2,18.2014125462164,same_month_all_years
BARC,BARC.AOS.littoral2,2015-02-18,CHYSPH,0.225,0.225,0.225,NA,1,0.04166666666666666,Schindler-Patalas,lake,2015,2,18.2014125462164,same_month_all_years
BARC,BARC.AOS.buoy.c0,2015-02-18,CYCSP,0.408,0.375,0.45,NA,17,0.03105022831050228,tow net,lake,2015,2,18.2014125462164,same_month_all_years
BARC,BARC.AOS.littoral1,2015-02-18,CYCSP,0.462,0.425,0.55,NA,26,0.0791476407914764,tow net,lake,2015,2,18.2014125462164,same_month_all_years
BARC,BARC.AOS.littoral2,2015-02-18,CYCSP,0.328,0.225,0.5,NA,60,2.5,Schindler-Patalas,lake,2015,2,18.2014125462164,same_month_all_years
BARC,BARC.AOS.buoy.c0,2015-02-18,GASSTY,0.105,0.1,0.112,NA,480,0.8767123287671232,tow net,lake,2015,2,18.2014125462164,same_month_all_years
BARC,BARC.AOS.littoral1,2015-02-18,GASSTY,0.103,0.1,0.112,NA,492,1.4977168949771689,tow net,lake,2015,2,18.2014125462164,same_month_all_years
BARC,BARC.AOS.littoral2,2015-02-18,GASSTY,0.103,0.1,0.112,NA,9,0.375,Schindler-Patalas,lake,2015,2,18.2014125462164,same_month_all_years
BARC,BARC.AOS.buoy.c0,2015-02-18,HESAUG,1.09,1.025,1.125,NA,251,0.45844748858447487,tow net,lake,2015,2,18.2014125462164,same_month_all_years
BARC,BARC.AOS.littoral1,2015-02-18,HESAUG,1.097,1.025,1.175,NA,86,0.2617960426179604,tow net,lake,2015,2,18.2014125462164,same_month_all_years
BARC,BARC.AOS.littoral1,2015-02-18,LECLIG,NA,NA,NA,NA,4,0.0121765601217656,tow net,lake,2015,2,18.2014125462164,same_month_all_years
BARC,BARC.AOS.littoral2,2015-02-18,LECLIG,0.112,0.112,0.112,NA,13,0.5416666666666666,Schindler-Patalas,lake,2015,2,18.2014125462164,same_month_all_years
BARC,BARC.AOS.buoy.c0,2015-02-18,LECSP1,0.139,0.138,0.15,NA,114,0.2082191780821918,tow net,lake,2015,2,18.2014125462164,same_month_all_years
BARC,BARC.AOS.littoral1,2015-02-18,LECSP1,0.14,0.138,0.15,NA,47,0.1430745814307458,tow net,lake,2015,2,18.2014125462164,same_month_all_years
BARC,BARC.AOS.littoral2,2015-02-18,LECSP1,0.14,0.138,0.15,NA,25,1.0416666666666667,Schindler-Patalas,lake,2015,2,18.2014125462164,same_month_all_years
BARC,BARC.AOS.buoy.c0,2015-02-18,LEPSP32,NA,NA,NA,NA,17,0.03105022831050228,tow net,lake,2015,2,18.2014125462164,same_month_all_years
BARC,BARC.AOS.buoy.c0,2015-02-18,MONBUL,0.112,0.112,0.112,NA,86,0.15707762557077626,tow net,lake,2015,2,18.2014125462164,same_month_all_years
BARC,BARC.AOS.littoral1,2015-02-18,MONBUL,0.112,0.112,0.112,NA,43,0.1308980213089802,tow net,lake,2015,2,18.2014125462164,same_month_all_years
BARC,BARC.AOS.littoral2,2015-02-18,MONBUL,0.112,0.112,0.112,NA,10,0.4166666666666667,Schindler-Patalas,lake,2015,2,18.2014125462164,same_month_all_years
BARC,BARC.AOS.buoy.c0,2015-02-18,POLSP20,0.1,0.1,0.1,NA,6,0.01095890410958904,tow net,lake,2015,2,18.2014125462164,same_month_all_years
BARC,BARC.AOS.littoral1,2015-02-18,PTYBRA,0.176,0.15,0.188,NA,43,0.1308980213089802,tow net,lake,2015,2,18.2014125462164,same_month_all_years
BARC,BARC.AOS.littoral2,2015-02-18,PTYBRA,0.176,0.15,0.188,NA,32,1.3333333333333333,Schindler-Patalas,lake,2015,2,18.2014125462164,same_month_all_years
BARC,BARC.AOS.littoral1,2015-02-18,ROTSP,0.248,0.225,0.275,NA,30,0.091324200913242,tow net,lake,2015,2,18.2014125462164,same_month_all_years
BARC,BARC.AOS.buoy.c0,2015-02-18,SKIMIS,1.042,1,1.075,NA,177,0.3232876712328767,tow net,lake,2015,2,18.2014125462164,same_month_all_years
BARC,BARC.AOS.littoral1,2015-02-18,SKIMIS,1.005,0.925,1.075,NA,138,0.4200913242009132,tow net,lake,2015,2,18.2014125462164,same_month_all_years
BARC,BARC.AOS.buoy.c0,2015-02-18,TRISIM,NA,NA,NA,NA,6,0.01095890410958904,tow net,lake,2015,2,18.2014125462164,same_month_all_years
BARC,BARC.AOS.littoral1,2015-02-18,TRISIM,0.184,0.175,0.188,NA,30,0.091324200913242,tow net,lake,2015,2,18.2014125462164,same_month_all_years
BARC,BARC.AOS.buoy.c0,2015-02-18,TROPRA1,0.518,0.45,0.55,NA,40,0.0730593607305936,tow net,lake,2015,2,18.2014125462164,same_month_all_years
BARC,BARC.AOS.littoral1,2015-02-18,TROPRA1,0.506,0.475,0.55,NA,17,0.0517503805175038,tow net,lake,2015,2,18.2014125462164,same_month_all_years
BARC,BARC.AOS.littoral2,2015-02-18,TROPRA1,0.5,0.475,0.525,NA,5,0.20833333333333337,Schindler-Patalas,lake,2015,2,18.2014125462164,same_month_all_years
BARC,BARC.AOS.buoy.c0,2017-06-28,ARCFLO,0.9,0.83,1,NA,1920,2.9887920298879203,tow net,lake,2017,6,30.298852081723346,same_month_all_years
BARC,BARC.AOS.buoy.c0,2017-06-28,ASCECA,0.1,0.1,0.1,NA,160,0.24906600249066,tow net,lake,2017,6,30.298852081723346,same_month_all_years
BARC,BARC.AOS.littoral1,2017-06-28,ASCECA,0.1,0.1,0.1,NA,11,0.4583333333333333,Schindler-Patalas,lake,2017,6,30.298852081723346,same_month_all_years
BARC,BARC.AOS.littoral2,2017-06-28,BEASP1,0.15,0.15,0.15,NA,10,0.4166666666666667,Schindler-Patalas,lake,2017,6,30.298852081723346,same_month_all_years
BARC,BARC.AOS.buoy.c0,2017-06-28,CALSP1,0.48,0.33,0.7,NA,8480,13.200498132004984,tow net,lake,2017,6,30.298852081723346,same_month_all_years
BARC,BARC.AOS.littoral1,2017-06-28,CALSP1,0.39,0.35,0.45,NA,17,0.7083333333333334,Schindler-Patalas,lake,2017,6,30.298852081723346,same_month_all_years
BARC,BARC.AOS.littoral2,2017-06-28,CALSP1,0.66,0.45,0.75,NA,82,3.4166666666666665,Schindler-Patalas,lake,2017,6,30.298852081723346,same_month_all_years
BARC,BARC.AOS.buoy.c0,2017-06-28,CONSP8,0.15,0.15,0.15,0.08,160,0.24906600249066,tow net,lake,2017,6,30.298852081723346,same_month_all_years
BARC,BARC.AOS.littoral1,2017-06-28,CONSP8,0.18,0.18,0.18,0.08,6,0.25,Schindler-Patalas,lake,2017,6,30.298852081723346,same_month_all_years
BARC,BARC.AOS.littoral2,2017-06-28,CONSP8,0.14,0.13,0.15,0.08,51,2.125,Schindler-Patalas,lake,2017,6,30.298852081723346,same_month_all_years
BARC,BARC.AOS.littoral1,2017-06-28,CYCSP,0.24,0.23,0.25,NA,17,0.7083333333333334,Schindler-Patalas,lake,2017,6,30.298852081723346,same_month_all_years
BARC,BARC.AOS.littoral2,2017-06-28,CYCSP,0.27,0.2,0.63,NA,267,11.125,Schindler-Patalas,lake,2017,6,30.298852081723346,same_month_all_years
BARC,BARC.AOS.buoy.c0,2017-06-28,DIASP10,0.44,0.33,0.63,NA,11520,17.932752179327522,tow net,lake,2017,6,30.298852081723346,same_month_all_years
BARC,BARC.AOS.littoral1,2017-06-28,DIASP10,0.5,0.43,0.58,NA,22,0.9166666666666666,Schindler-Patalas,lake,2017,6,30.298852081723346,same_month_all_years
BARC,BARC.AOS.littoral2,2017-06-28,DIASP10,0.45,0.4,0.5,NA,21,0.875,Schindler-Patalas,lake,2017,6,30.298852081723346,same_month_all_years
BARC,BARC.AOS.buoy.c0,2017-06-28,EUBTUB,0.28,0.2,0.38,NA,960,1.49439601494396,tow net,lake,2017,6,30.298852081723346,same_month_all_years
BARC,BARC.AOS.littoral1,2017-06-28,EUBTUB,0.3,0.28,0.33,NA,11,0.4583333333333333,Schindler-Patalas,lake,2017,6,30.298852081723346,same_month_all_years
BARC,BARC.AOS.littoral2,2017-06-28,EUCSP7,0.39,0.38,0.4,NA,21,0.875,Schindler-Patalas,lake,2017,6,30.298852081723346,same_month_all_years
BARC,BARC.AOS.buoy.c0,2017-06-28,GASSTY,0.08,0.08,0.08,NA,160,0.24906600249066,tow net,lake,2017,6,30.298852081723346,same_month_all_years
BARC,BARC.AOS.littoral1,2017-06-28,GASSTY,0.08,0.08,0.08,NA,6,0.25,Schindler-Patalas,lake,2017,6,30.298852081723346,same_month_all_years
BARC,BARC.AOS.littoral2,2017-06-28,GASSTY,0.08,0.08,0.1,NA,41,1.7083333333333333,Schindler-Patalas,lake,2017,6,30.298852081723346,same_month_all_years
BARC,BARC.AOS.buoy.c0,2017-06-28,KERGRA,0.16,0.15,0.18,NA,4800,7.471980074719801,tow net,lake,2017,6,30.298852081723346,same_month_all_years
BARC,BARC.AOS.littoral1,2017-06-28,KERGRA,0.16,0.15,0.18,NA,94,3.9166666666666665,Schindler-Patalas,lake,2017,6,30.298852081723346,same_month_all_years
BARC,BARC.AOS.littoral2,2017-06-28,KERGRA,0.16,0.15,0.18,NA,72,3,Schindler-Patalas,lake,2017,6,30.298852081723346,same_month_all_years
BARC,BARC.AOS.buoy.c0,2017-06-28,KERTAU,0.15,0.15,0.15,NA,29120,45.33001245330013,tow net,lake,2017,6,30.298852081723346,same_month_all_years
BARC,BARC.AOS.littoral1,2017-06-28,KERTAU,0.15,0.15,0.15,NA,545,22.708333333333332,Schindler-Patalas,lake,2017,6,30.298852081723346,same_month_all_years
BARC,BARC.AOS.littoral2,2017-06-28,KERTAU,0.15,0.15,0.15,NA,923,38.458333333333336,Schindler-Patalas,lake,2017,6,30.298852081723346,same_month_all_years
BARC,BARC.AOS.littoral1,2017-06-28,LECMIR,0.11,0.1,0.13,NA,6,0.25,Schindler-Patalas,lake,2017,6,30.298852081723346,same_month_all_years
BARC,BARC.AOS.littoral1,2017-06-28,LECSP1,0.13,0.13,0.13,NA,143,5.958333333333333,Schindler-Patalas,lake,2017,6,30.298852081723346,same_month_all_years
BARC,BARC.AOS.littoral2,2017-06-28,LECSP1,0.1,0.1,0.13,NA,328,13.666666666666666,Schindler-Patalas,lake,2017,6,30.298852081723346,same_month_all_years
BARC,BARC.AOS.littoral2,2017-06-28,LEPSP32,0.13,0.13,0.13,NA,10,0.4166666666666667,Schindler-Patalas,lake,2017,6,30.298852081723346,same_month_all_years
BARC,BARC.AOS.littoral1,2017-06-28,MONBUL,0.11,0.1,0.13,NA,17,0.7083333333333334,Schindler-Patalas,lake,2017,6,30.298852081723346,same_month_all_years
BARC,BARC.AOS.littoral2,2017-06-28,MONBUL,0.1,0.1,0.13,NA,133,5.541666666666667,Schindler-Patalas,lake,2017,6,30.298852081723346,same_month_all_years
BARC,BARC.AOS.littoral2,2017-06-28,MONQUA,0.1,0.1,0.1,NA,10,0.4166666666666667,Schindler-Patalas,lake,2017,6,30.298852081723346,same_month_all_years
BARC,BARC.AOS.littoral1,2017-06-28,MONSP9,0.1,0.1,0.1,NA,17,0.7083333333333334,Schindler-Patalas,lake,2017,6,30.298852081723346,same_month_all_years
BARC,BARC.AOS.littoral2,2017-06-28,MONSP9,0.11,0.1,0.13,NA,256,10.666666666666666,Schindler-Patalas,lake,2017,6,30.298852081723346,same_month_all_years
BARC,BARC.AOS.buoy.c0,2017-06-28,PLOLEN,0.13,0.1,0.15,NA,960,1.49439601494396,tow net,lake,2017,6,30.298852081723346,same_month_all_years
BARC,BARC.AOS.littoral1,2017-06-28,PLOLEN,0.13,0.13,0.13,NA,6,0.25,Schindler-Patalas,lake,2017,6,30.298852081723346,same_month_all_years
BARC,BARC.AOS.littoral2,2017-06-28,PLOLEN,0.13,0.13,0.13,NA,10,0.4166666666666667,Schindler-Patalas,lake,2017,6,30.298852081723346,same_month_all_years
BARC,BARC.AOS.littoral2,2017-06-28,SKIMIS,0.88,0.85,0.9,NA,31,1.2916666666666667,Schindler-Patalas,lake,2017,6,30.298852081723346,same_month_all_years
BARC,BARC.AOS.buoy.c0,2017-06-28,SYNSP8,0.11,0.1,0.15,NA,7200,11.207970112079702,tow net,lake,2017,6,30.298852081723346,same_month_all_years
BARC,BARC.AOS.littoral1,2017-06-28,SYNSP8,0.16,0.15,0.18,NA,17,0.7083333333333334,Schindler-Patalas,lake,2017,6,30.298852081723346,same_month_all_years
BARC,BARC.AOS.littoral2,2017-06-28,SYNSP8,0.11,0.1,0.13,NA,133,5.541666666666667,Schindler-Patalas,lake,2017,6,30.298852081723346,same_month_all_years
BARC,BARC.AOS.littoral2,2017-06-28,TRISIM,0.18,0.18,0.2,0.08,10,0.4166666666666667,Schindler-Patalas,lake,2017,6,30.298852081723346,same_month_all_years
BARC,BARC.AOS.buoy.c0,2017-06-28,TRISP31,0.19,0.18,0.23,0.08,4960,7.721046077210461,tow net,lake,2017,6,30.298852081723346,same_month_all_years
BARC,BARC.AOS.littoral1,2017-06-28,TRISP31,0.19,0.18,0.23,0.08,127,5.291666666666667,Schindler-Patalas,lake,2017,6,30.298852081723346,same_month_all_years
BARC,BARC.AOS.littoral2,2017-06-28,TRISP31,0.15,0.15,0.15,0.05,92,3.8333333333333335,Schindler-Patalas,lake,2017,6,30.298852081723346,same_month_all_years
BARC,BARC.AOS.littoral1,2017-06-28,TROPRA1,0.39,0.38,0.4,NA,17,0.7083333333333334,Schindler-Patalas,lake,2017,6,30.298852081723346,same_month_all_years
BARC,BARC.AOS.littoral2,2017-06-28,TROPRA1,0.38,0.33,0.43,NA,144,6,Schindler-Patalas,lake,2017,6,30.298852081723346,same_month_all_years
BARC,BARC.AOS.littoral1,2017-10-31,ALOSP2,0.23,0.23,0.23,NA,12,0.3333333333333333,Schindler-Patalas,lake,2017,10,27.174624084877603,exact_month_year
BARC,BARC.AOS.buoy.c0,2017-10-31,ARCFLO,0.94,0.93,0.95,NA,630,0.7491438356164383,tow net,lake,2017,10,27.174624084877603,exact_month_year
BARC,BARC.AOS.littoral1,2017-10-31,ASCECA,0.08,0.08,0.08,NA,12,0.3333333333333333,Schindler-Patalas,lake,2017,10,27.174624084877603,exact_month_year
BARC,BARC.AOS.littoral2,2017-10-31,ASCECA,0.1,0.1,0.1,NA,60,1.6666666666666667,Schindler-Patalas,lake,2017,10,27.174624084877603,exact_month_year
BARC,BARC.AOS.buoy.c0,2017-10-31,CALSP1,0.52,0.3,0.73,NA,5040,5.993150684931506,tow net,lake,2017,10,27.174624084877603,exact_month_year
BARC,BARC.AOS.littoral2,2017-10-31,CALSP1,0.6,0.33,0.78,NA,260,7.222222222222222,Schindler-Patalas,lake,2017,10,27.174624084877603,exact_month_year
BARC,BARC.AOS.littoral1,2017-10-31,CEPSP5,0.13,0.13,0.13,NA,12,0.3333333333333333,Schindler-Patalas,lake,2017,10,27.174624084877603,exact_month_year
BARC,BARC.AOS.littoral1,2017-10-31,CHYSP,0.25,0.25,0.25,NA,12,0.3333333333333333,Schindler-Patalas,lake,2017,10,27.174624084877603,exact_month_year
BARC,BARC.AOS.littoral2,2017-10-31,CHYSP,0.28,0.25,0.35,NA,120,3.3333333333333335,Schindler-Patalas,lake,2017,10,27.174624084877603,exact_month_year
BARC,BARC.AOS.littoral1,2017-10-31,CHYSPH,0.23,0.23,0.23,NA,12,0.3333333333333333,Schindler-Patalas,lake,2017,10,27.174624084877603,exact_month_year
BARC,BARC.AOS.buoy.c0,2017-10-31,CONSP8,0.1,0.1,0.1,0.08,3360,3.9954337899543377,tow net,lake,2017,10,27.174624084877603,exact_month_year
BARC,BARC.AOS.littoral1,2017-10-31,CONSP8,0.1,0.1,0.1,0.08,504,14,Schindler-Patalas,lake,2017,10,27.174624084877603,exact_month_year
BARC,BARC.AOS.littoral2,2017-10-31,CONSP8,0.1,0.1,0.1,0.08,440,12.22222222222222,Schindler-Patalas,lake,2017,10,27.174624084877603,exact_month_year
BARC,BARC.AOS.buoy.c0,2017-10-31,CONUNI,0.08,0.08,0.08,0.05,13860,16.481164383561644,tow net,lake,2017,10,27.174624084877603,exact_month_year
BARC,BARC.AOS.littoral1,2017-10-31,CONUNI,0.08,0.08,0.08,0.05,288,8,Schindler-Patalas,lake,2017,10,27.174624084877603,exact_month_year
BARC,BARC.AOS.littoral2,2017-10-31,CONUNI,0.08,0.08,0.08,0.05,140,3.888888888888889,Schindler-Patalas,lake,2017,10,27.174624084877603,exact_month_year
BARC,BARC.AOS.buoy.c0,2017-10-31,CYCSP,0.73,0.7,0.75,NA,420,0.4994292237442922,tow net,lake,2017,10,27.174624084877603,exact_month_year
BARC,BARC.AOS.littoral1,2017-10-31,CYCSP,0.38,0.23,0.6,NA,72,2,Schindler-Patalas,lake,2017,10,27.174624084877603,exact_month_year
BARC,BARC.AOS.littoral2,2017-10-31,CYCSP,0.25,0.25,0.25,NA,140,3.888888888888889,Schindler-Patalas,lake,2017,10,27.174624084877603,exact_month_year
BARC,BARC.AOS.buoy.c0,2017-10-31,DIASP10,0.49,0.3,0.8,NA,3570,4.245148401826484,tow net,lake,2017,10,27.174624084877603,exact_month_year
BARC,BARC.AOS.littoral1,2017-10-31,DIASP10,0.51,0.3,0.7,NA,48,1.3333333333333333,Schindler-Patalas,lake,2017,10,27.174624084877603,exact_month_year
BARC,BARC.AOS.littoral2,2017-10-31,DIASP10,0.38,0.38,0.38,NA,20,0.5555555555555556,Schindler-Patalas,lake,2017,10,27.174624084877603,exact_month_year
BARC,BARC.AOS.buoy.c0,2017-10-31,EUBTUB,0.4,0.4,0.4,NA,210,0.2497146118721461,tow net,lake,2017,10,27.174624084877603,exact_month_year
BARC,BARC.AOS.littoral1,2017-10-31,EUBTUB,0.25,0.25,0.25,NA,24,0.6666666666666666,Schindler-Patalas,lake,2017,10,27.174624084877603,exact_month_year
BARC,BARC.AOS.littoral2,2017-10-31,EUBTUB,0.32,0.23,0.38,NA,440,12.22222222222222,Schindler-Patalas,lake,2017,10,27.174624084877603,exact_month_year
BARC,BARC.AOS.littoral2,2017-10-31,EUCSP7,0.35,0.33,0.38,NA,40,1.1111111111111112,Schindler-Patalas,lake,2017,10,27.174624084877603,exact_month_year
BARC,BARC.AOS.buoy.c0,2017-10-31,GASSTY,0.08,0.08,0.08,NA,3990,4.744577625570776,tow net,lake,2017,10,27.174624084877603,exact_month_year
BARC,BARC.AOS.littoral1,2017-10-31,GASSTY,0.08,0.08,0.08,NA,456,12.666666666666666,Schindler-Patalas,lake,2017,10,27.174624084877603,exact_month_year
BARC,BARC.AOS.littoral2,2017-10-31,GASSTY,0.08,0.08,0.08,NA,760,21.11111111111111,Schindler-Patalas,lake,2017,10,27.174624084877603,exact_month_year
BARC,BARC.AOS.buoy.c0,2017-10-31,HEXMIR,0.13,0.13,0.13,NA,1050,1.2485730593607305,tow net,lake,2017,10,27.174624084877603,exact_month_year
BARC,BARC.AOS.littoral1,2017-10-31,ILYSP5,0.43,0.4,0.45,NA,24,0.6666666666666666,Schindler-Patalas,lake,2017,10,27.174624084877603,exact_month_year
BARC,BARC.AOS.littoral2,2017-10-31,ILYSP5,0.33,0.28,0.38,NA,40,1.1111111111111112,Schindler-Patalas,lake,2017,10,27.174624084877603,exact_month_year
BARC,BARC.AOS.buoy.c0,2017-10-31,KERGRA,0.17,0.15,0.18,NA,17640,20.976027397260275,tow net,lake,2017,10,27.174624084877603,exact_month_year
BARC,BARC.AOS.littoral1,2017-10-31,KERGRA,0.17,0.15,0.18,NA,516,14.333333333333334,Schindler-Patalas,lake,2017,10,27.174624084877603,exact_month_year
BARC,BARC.AOS.littoral2,2017-10-31,KERGRA,0.17,0.15,0.18,NA,660,18.333333333333332,Schindler-Patalas,lake,2017,10,27.174624084877603,exact_month_year
BARC,BARC.AOS.littoral2,2017-10-31,KERTAU,0.18,0.18,0.18,NA,20,0.5555555555555556,Schindler-Patalas,lake,2017,10,27.174624084877603,exact_month_year
BARC,BARC.AOS.buoy.c0,2017-10-31,LECMIR,0.18,0.18,0.2,NA,630,0.7491438356164383,tow net,lake,2017,10,27.174624084877603,exact_month_year
BARC,BARC.AOS.littoral1,2017-10-31,LECMIR,0.18,0.18,0.18,NA,72,2,Schindler-Patalas,lake,2017,10,27.174624084877603,exact_month_year
BARC,BARC.AOS.littoral2,2017-10-31,LECMIR,0.18,0.18,0.18,NA,60,1.6666666666666667,Schindler-Patalas,lake,2017,10,27.174624084877603,exact_month_year
BARC,BARC.AOS.buoy.c0,2017-10-31,MACSP4,0.28,0.28,0.28,NA,210,0.2497146118721461,tow net,lake,2017,10,27.174624084877603,exact_month_year
BARC,BARC.AOS.buoy.c0,2017-10-31,MESEDA,0.79,0.73,0.93,NA,1050,1.2485730593607305,tow net,lake,2017,10,27.174624084877603,exact_month_year
BARC,BARC.AOS.littoral2,2017-10-31,MONLUN,0.09,0.08,0.1,NA,140,3.888888888888889,Schindler-Patalas,lake,2017,10,27.174624084877603,exact_month_year
BARC,BARC.AOS.littoral1,2017-10-31,MONSP8,0.1,0.1,0.1,NA,12,0.3333333333333333,Schindler-Patalas,lake,2017,10,27.174624084877603,exact_month_year
BARC,BARC.AOS.buoy.c0,2017-10-31,MONSP9,0.13,0.13,0.13,NA,210,0.2497146118721461,tow net,lake,2017,10,27.174624084877603,exact_month_year
BARC,BARC.AOS.littoral2,2017-10-31,MONSP9,0.13,0.13,0.13,NA,60,1.6666666666666667,Schindler-Patalas,lake,2017,10,27.174624084877603,exact_month_year
BARC,BARC.AOS.littoral1,2017-10-31,NOTSP4,0.19,0.15,0.23,NA,24,0.6666666666666666,Schindler-Patalas,lake,2017,10,27.174624084877603,exact_month_year
BARC,BARC.AOS.buoy.c0,2017-10-31,POLSP20,0.08,0.08,0.1,NA,2520,2.996575342465753,tow net,lake,2017,10,27.174624084877603,exact_month_year
BARC,BARC.AOS.littoral1,2017-10-31,POLSP20,0.08,0.08,0.1,NA,216,6,Schindler-Patalas,lake,2017,10,27.174624084877603,exact_month_year
BARC,BARC.AOS.littoral2,2017-10-31,POLSP20,0.09,0.08,0.1,NA,220,6.111111111111111,Schindler-Patalas,lake,2017,10,27.174624084877603,exact_month_year
BARC,BARC.AOS.littoral1,2017-10-31,SIMSP3,1.18,1.18,1.18,NA,12,0.3333333333333333,Schindler-Patalas,lake,2017,10,27.174624084877603,exact_month_year
BARC,BARC.AOS.buoy.c0,2017-10-31,SKIMIS,0.84,0.75,0.93,NA,2520,2.996575342465753,tow net,lake,2017,10,27.174624084877603,exact_month_year
BARC,BARC.AOS.littoral2,2017-10-31,SKIMIS,0.89,0.83,0.95,NA,140,3.888888888888889,Schindler-Patalas,lake,2017,10,27.174624084877603,exact_month_year
BARC,BARC.AOS.buoy.c0,2017-10-31,TRISIM,0.25,0.25,0.25,0.1,630,0.7491438356164383,tow net,lake,2017,10,27.174624084877603,exact_month_year
BARC,BARC.AOS.littoral1,2017-10-31,TRISIM,0.13,0.13,0.13,0.08,72,2,Schindler-Patalas,lake,2017,10,27.174624084877603,exact_month_year
BARC,BARC.AOS.littoral2,2017-10-31,TRISIM,0.3,0.3,0.3,0.08,80,2.2222222222222223,Schindler-Patalas,lake,2017,10,27.174624084877603,exact_month_year
BARC,BARC.AOS.buoy.c0,2017-10-31,TRISP31,0.13,0.13,0.13,0.05,210,0.2497146118721461,tow net,lake,2017,10,27.174624084877603,exact_month_year
BARC,BARC.AOS.littoral1,2017-10-31,TRISP31,0.13,0.13,0.13,0.05,12,0.3333333333333333,Schindler-Patalas,lake,2017,10,27.174624084877603,exact_month_year
BARC,BARC.AOS.littoral2,2017-10-31,TRISP31,0.13,0.13,0.13,0.05,20,0.5555555555555556,Schindler-Patalas,lake,2017,10,27.174624084877603,exact_month_year
BARC,BARC.AOS.littoral2,2017-10-31,TROPRA1,0.54,0.5,0.58,NA,40,1.1111111111111112,Schindler-Patalas,lake,2017,10,27.174624084877603,exact_month_year
BARC,BARC.AOS.littoral2,2018-02-14,ACASP1,0.33,0.23,0.4,NA,122,3.388888888888889,Schindler-Patalas,lake,2018,2,18.2014125462164,same_month_all_years
BARC,BARC.AOS.littoral1,2018-02-14,ALOSP2,0.21,0.2,0.23,NA,60,1.6666666666666667,Schindler-Patalas,lake,2018,2,18.2014125462164,same_month_all_years
BARC,BARC.AOS.littoral2,2018-02-14,ALOSP2,0.24,0.2,0.25,NA,122,3.388888888888889,Schindler-Patalas,lake,2018,2,18.2014125462164,same_month_all_years
BARC,BARC.AOS.buoy.c0,2018-02-14,ARCFLO,1.05,0.95,1.2,NA,1100,1.5376013419066257,tow net,lake,2018,2,18.2014125462164,same_month_all_years
BARC,BARC.AOS.littoral2,2018-02-14,ASCECA,0.13,0.13,0.13,NA,20,0.5555555555555556,Schindler-Patalas,lake,2018,2,18.2014125462164,same_month_all_years
BARC,BARC.AOS.littoral2,2018-02-14,BDESP,NA,NA,NA,NA,61,1.6944444444444444,Schindler-Patalas,lake,2018,2,18.2014125462164,same_month_all_years
BARC,BARC.AOS.buoy.c0,2018-02-14,CALSP1,0.7,0.35,0.93,NA,12500,17.472742521666202,tow net,lake,2018,2,18.2014125462164,same_month_all_years
BARC,BARC.AOS.littoral1,2018-02-14,CALSP1,0.64,0.33,0.88,NA,420,11.666666666666666,Schindler-Patalas,lake,2018,2,18.2014125462164,same_month_all_years
BARC,BARC.AOS.littoral2,2018-02-14,CALSP1,0.5,0.33,0.75,NA,243,6.75,Schindler-Patalas,lake,2018,2,18.2014125462164,same_month_all_years
BARC,BARC.AOS.littoral2,2018-02-14,CHYSP,0.24,0.2,0.33,NA,81,2.25,Schindler-Patalas,lake,2018,2,18.2014125462164,same_month_all_years
BARC,BARC.AOS.littoral1,2018-02-14,CHYSPH,0.26,0.25,0.28,NA,60,1.6666666666666667,Schindler-Patalas,lake,2018,2,18.2014125462164,same_month_all_years
BARC,BARC.AOS.littoral2,2018-02-14,CHYSPH,0.27,0.23,0.35,NA,1073,29.805555555555557,Schindler-Patalas,lake,2018,2,18.2014125462164,same_month_all_years
BARC,BARC.AOS.littoral2,2018-02-14,CONSP8,0.1,0.1,0.1,0.08,41,1.1388888888888888,Schindler-Patalas,lake,2018,2,18.2014125462164,same_month_all_years
BARC,BARC.AOS.buoy.c0,2018-02-14,CYCSP,0.57,0.4,0.95,NA,2200,3.0752026838132513,tow net,lake,2018,2,18.2014125462164,same_month_all_years
BARC,BARC.AOS.littoral1,2018-02-14,CYCSP,0.28,0.25,0.55,NA,2850,79.16666666666667,Schindler-Patalas,lake,2018,2,18.2014125462164,same_month_all_years
BARC,BARC.AOS.littoral2,2018-02-14,CYCSP,0.33,0.23,0.6,NA,729,20.25,Schindler-Patalas,lake,2018,2,18.2014125462164,same_month_all_years
BARC,BARC.AOS.buoy.c0,2018-02-14,DIASP10,0.38,0.38,0.38,NA,100,0.13978194017332962,tow net,lake,2018,2,18.2014125462164,same_month_all_years
BARC,BARC.AOS.littoral1,2018-02-14,DIASP10,0.3,0.3,0.3,NA,30,0.8333333333333334,Schindler-Patalas,lake,2018,2,18.2014125462164,same_month_all_years
BARC,BARC.AOS.buoy.c0,2018-02-14,EUBTUB,0.38,0.28,0.53,NA,500,0.698909700866648,tow net,lake,2018,2,18.2014125462164,same_month_all_years
BARC,BARC.AOS.littoral1,2018-02-14,EUBTUB,0.32,0.3,0.35,NA,90,2.5,Schindler-Patalas,lake,2018,2,18.2014125462164,same_month_all_years
BARC,BARC.AOS.littoral2,2018-02-14,EUBTUB,0.39,0.33,0.5,NA,263,7.305555555555555,Schindler-Patalas,lake,2018,2,18.2014125462164,same_month_all_years
BARC,BARC.AOS.buoy.c0,2018-02-14,GASSTY,0.1,0.1,0.1,NA,100,0.13978194017332962,tow net,lake,2018,2,18.2014125462164,same_month_all_years
BARC,BARC.AOS.buoy.c0,2018-02-14,KERGRA,0.16,0.15,0.18,NA,5100,7.1288789488398105,tow net,lake,2018,2,18.2014125462164,same_month_all_years
BARC,BARC.AOS.littoral2,2018-02-14,KERGRA,0.16,0.15,0.18,NA,81,2.25,Schindler-Patalas,lake,2018,2,18.2014125462164,same_month_all_years
BARC,BARC.AOS.buoy.c0,2018-02-14,KERTAU,0.17,0.15,0.18,NA,5500,7.688006709533129,tow net,lake,2018,2,18.2014125462164,same_month_all_years
BARC,BARC.AOS.littoral1,2018-02-14,KERTAU,0.17,0.15,0.18,NA,2850,79.16666666666667,Schindler-Patalas,lake,2018,2,18.2014125462164,same_month_all_years
BARC,BARC.AOS.littoral2,2018-02-14,KERTAU,0.18,0.18,0.18,NA,1033,28.694444444444443,Schindler-Patalas,lake,2018,2,18.2014125462164,same_month_all_years
BARC,BARC.AOS.littoral2,2018-02-14,LECMIR,0.14,0.13,0.18,NA,61,1.6944444444444444,Schindler-Patalas,lake,2018,2,18.2014125462164,same_month_all_years
BARC,BARC.AOS.littoral1,2018-02-14,LECSP1,0.18,0.18,0.18,NA,30,0.8333333333333334,Schindler-Patalas,lake,2018,2,18.2014125462164,same_month_all_years
BARC,BARC.AOS.littoral2,2018-02-14,MACSP4,0.65,0.65,0.65,NA,20,0.5555555555555556,Schindler-Patalas,lake,2018,2,18.2014125462164,same_month_all_years
BARC,BARC.AOS.buoy.c0,2018-02-14,MESEDA,1.05,0.83,1.5,NA,3200,4.473022085546548,tow net,lake,2018,2,18.2014125462164,same_month_all_years
BARC,BARC.AOS.littoral2,2018-02-14,MONLUN,0.08,0.08,0.1,NA,81,2.25,Schindler-Patalas,lake,2018,2,18.2014125462164,same_month_all_years
BARC,BARC.AOS.littoral1,2018-02-14,MONSP8,0.08,0.08,0.08,NA,30,0.8333333333333334,Schindler-Patalas,lake,2018,2,18.2014125462164,same_month_all_years
BARC,BARC.AOS.littoral2,2018-02-14,MONSP8,0.1,0.1,0.1,NA,101,2.8055555555555554,Schindler-Patalas,lake,2018,2,18.2014125462164,same_month_all_years
BARC,BARC.AOS.littoral2,2018-02-14,MONSP9,0.13,0.13,0.13,NA,20,0.5555555555555556,Schindler-Patalas,lake,2018,2,18.2014125462164,same_month_all_years
BARC,BARC.AOS.buoy.c0,2018-02-14,POLSP20,0.08,0.08,0.08,NA,100,0.13978194017332962,tow net,lake,2018,2,18.2014125462164,same_month_all_years
BARC,BARC.AOS.buoy.c0,2018-02-14,SKIMIS,0.96,0.85,1.18,NA,2700,3.774112384679899,tow net,lake,2018,2,18.2014125462164,same_month_all_years
BARC,BARC.AOS.littoral1,2018-02-14,SKIMIS,1.01,0.95,1.08,NA,150,4.166666666666667,Schindler-Patalas,lake,2018,2,18.2014125462164,same_month_all_years
BARC,BARC.AOS.littoral2,2018-02-14,SKIMIS,0.95,0.95,0.95,NA,20,0.5555555555555556,Schindler-Patalas,lake,2018,2,18.2014125462164,same_month_all_years
BARC,BARC.AOS.littoral1,2018-02-14,TESSP2,0.15,0.15,0.15,NA,30,0.8333333333333334,Schindler-Patalas,lake,2018,2,18.2014125462164,same_month_all_years
BARC,BARC.AOS.littoral2,2018-02-14,TESSP2,0.13,0.13,0.13,NA,41,1.1388888888888888,Schindler-Patalas,lake,2018,2,18.2014125462164,same_month_all_years
BARC,BARC.AOS.littoral2,2018-02-14,TRISIM,0.18,0.18,0.2,0.05,61,1.6944444444444444,Schindler-Patalas,lake,2018,2,18.2014125462164,same_month_all_years
BARC,BARC.AOS.littoral1,2018-02-14,TROPRA1,0.39,0.33,0.5,NA,2190,60.833333333333336,Schindler-Patalas,lake,2018,2,18.2014125462164,same_month_all_years
BARC,BARC.AOS.littoral2,2018-02-14,TROPRA1,0.5,0.45,0.55,NA,263,7.305555555555555,Schindler-Patalas,lake,2018,2,18.2014125462164,same_month_all_years
BARC,BARC.AOS.buoy.c0,2018-07-09,ARCFLO,0.95,0.85,1.08,NA,842,2.2527825342465753,tow net,lake,2018,7,31.50325934463865,same_month_all_years
BARC,BARC.AOS.buoy.c0,2018-07-09,CALSP1,0.61,0.43,0.8,NA,9104,24.357876712328768,tow net,lake,2018,7,31.50325934463865,same_month_all_years
BARC,BARC.AOS.littoral1,2018-07-09,CALSP1,0.56,0.33,0.75,NA,600,16.666666666666668,Schindler-Patalas,lake,2018,7,31.50325934463865,same_month_all_years
BARC,BARC.AOS.littoral2,2018-07-09,CALSP1,0.7,0.7,0.7,NA,270,7.5,Schindler-Patalas,lake,2018,7,31.50325934463865,same_month_all_years
BARC,BARC.AOS.littoral1,2018-07-09,CHASP13,0.91,0.83,1,NA,20,0.5555555555555556,Schindler-Patalas,lake,2018,7,31.50325934463865,same_month_all_years
BARC,BARC.AOS.littoral1,2018-07-09,CHYSPH,0.25,0.25,0.25,NA,10,0.2777777777777778,Schindler-Patalas,lake,2018,7,31.50325934463865,same_month_all_years
BARC,BARC.AOS.buoy.c0,2018-07-09,CYCSP,0.5,0.33,0.7,NA,995,2.6621361301369864,tow net,lake,2018,7,31.50325934463865,same_month_all_years
BARC,BARC.AOS.littoral1,2018-07-09,CYCSP,0.39,0.2,0.7,NA,400,11.11111111111111,Schindler-Patalas,lake,2018,7,31.50325934463865,same_month_all_years
BARC,BARC.AOS.littoral2,2018-07-09,CYCSP,0.5,0.5,0.5,NA,270,7.5,Schindler-Patalas,lake,2018,7,31.50325934463865,same_month_all_years
BARC,BARC.AOS.littoral1,2018-07-09,DIASP,0.87,0.83,0.93,NA,100,2.7777777777777777,Schindler-Patalas,lake,2018,7,31.50325934463865,same_month_all_years
BARC,BARC.AOS.littoral2,2018-07-09,DIASP,0.93,0.93,0.93,NA,270,7.5,Schindler-Patalas,lake,2018,7,31.50325934463865,same_month_all_years
BARC,BARC.AOS.buoy.c0,2018-07-09,DIASP10,0.52,0.3,0.75,NA,5126,13.714683219178085,tow net,lake,2018,7,31.50325934463865,same_month_all_years
BARC,BARC.AOS.littoral1,2018-07-09,DIASP10,0.54,0.3,0.65,NA,420,11.666666666666666,Schindler-Patalas,lake,2018,7,31.50325934463865,same_month_all_years
BARC,BARC.AOS.littoral2,2018-07-09,DIASP10,0.58,0.58,0.58,NA,270,7.5,Schindler-Patalas,lake,2018,7,31.50325934463865,same_month_all_years
BARC,BARC.AOS.buoy.c0,2018-07-09,EUBTUB,0.29,0.23,0.4,NA,995,2.6621361301369864,tow net,lake,2018,7,31.50325934463865,same_month_all_years
BARC,BARC.AOS.littoral1,2018-07-09,EUBTUB,0.31,0.25,0.45,NA,170,4.722222222222222,Schindler-Patalas,lake,2018,7,31.50325934463865,same_month_all_years
BARC,BARC.AOS.littoral2,2018-07-09,EUBTUB,0.25,0.25,0.25,NA,270,7.5,Schindler-Patalas,lake,2018,7,31.50325934463865,same_month_all_years
BARC,BARC.AOS.littoral2,2018-07-09,EUCSP7,0.13,0.13,0.15,NA,1080,30,Schindler-Patalas,lake,2018,7,31.50325934463865,same_month_all_years
BARC,BARC.AOS.buoy.c0,2018-07-09,GASSTY,0.09,0.08,0.1,NA,306,0.818707191780822,tow net,lake,2018,7,31.50325934463865,same_month_all_years
BARC,BARC.AOS.littoral2,2018-07-09,GASSTY,0.1,0.1,0.1,NA,270,7.5,Schindler-Patalas,lake,2018,7,31.50325934463865,same_month_all_years
BARC,BARC.AOS.buoy.c0,2018-07-09,HEXMIR,0.13,0.13,0.15,NA,230,0.6153681506849316,tow net,lake,2018,7,31.50325934463865,same_month_all_years
BARC,BARC.AOS.littoral1,2018-07-09,HEXMIR,0.13,0.13,0.13,NA,10,0.2777777777777778,Schindler-Patalas,lake,2018,7,31.50325934463865,same_month_all_years
BARC,BARC.AOS.buoy.c0,2018-07-09,KERTAU,0.18,0.18,0.18,NA,153,0.409353595890411,tow net,lake,2018,7,31.50325934463865,same_month_all_years
BARC,BARC.AOS.littoral1,2018-07-09,KERTAU,0.18,0.18,0.18,NA,10,0.2777777777777778,Schindler-Patalas,lake,2018,7,31.50325934463865,same_month_all_years
BARC,BARC.AOS.littoral1,2018-07-09,LECLEO,0.13,0.13,0.13,NA,20,0.5555555555555556,Schindler-Patalas,lake,2018,7,31.50325934463865,same_month_all_years
BARC,BARC.AOS.littoral1,2018-07-09,MACSP4,0.22,0.18,0.28,NA,30,0.8333333333333334,Schindler-Patalas,lake,2018,7,31.50325934463865,same_month_all_years
BARC,BARC.AOS.littoral2,2018-07-09,MACSP4,0.2,0.2,0.2,NA,540,15,Schindler-Patalas,lake,2018,7,31.50325934463865,same_month_all_years
BARC,BARC.AOS.buoy.c0,2018-07-09,MESEDA,0.96,0.7,1.2,NA,842,2.2527825342465753,tow net,lake,2018,7,31.50325934463865,same_month_all_years
BARC,BARC.AOS.littoral1,2018-07-09,MESEDA,0.8,0.68,0.95,NA,60,1.6666666666666667,Schindler-Patalas,lake,2018,7,31.50325934463865,same_month_all_years
BARC,BARC.AOS.littoral2,2018-07-09,MONLUN,0.1,0.1,0.1,NA,270,7.5,Schindler-Patalas,lake,2018,7,31.50325934463865,same_month_all_years
BARC,BARC.AOS.littoral1,2018-07-09,MONQUA,0.15,0.15,0.15,NA,20,0.5555555555555556,Schindler-Patalas,lake,2018,7,31.50325934463865,same_month_all_years
BARC,BARC.AOS.littoral1,2018-07-09,MONSP8,0.18,0.18,0.18,NA,10,0.2777777777777778,Schindler-Patalas,lake,2018,7,31.50325934463865,same_month_all_years
BARC,BARC.AOS.littoral1,2018-07-09,MONSP9,0.13,0.13,0.13,NA,20,0.5555555555555556,Schindler-Patalas,lake,2018,7,31.50325934463865,same_month_all_years
BARC,BARC.AOS.littoral2,2018-07-09,MONSP9,0.15,0.15,0.15,NA,1080,30,Schindler-Patalas,lake,2018,7,31.50325934463865,same_month_all_years
BARC,BARC.AOS.buoy.c0,2018-07-09,POLSP20,0.1,0.1,0.1,NA,77,0.20601455479452055,tow net,lake,2018,7,31.50325934463865,same_month_all_years
BARC,BARC.AOS.littoral1,2018-07-09,POLSP20,0.1,0.1,0.1,NA,20,0.5555555555555556,Schindler-Patalas,lake,2018,7,31.50325934463865,same_month_all_years
BARC,BARC.AOS.littoral2,2018-07-09,POLSP20,0.1,0.1,0.1,NA,270,7.5,Schindler-Patalas,lake,2018,7,31.50325934463865,same_month_all_years
BARC,BARC.AOS.buoy.c0,2018-07-09,SKIMIS,0.84,0.8,0.9,NA,842,2.2527825342465753,tow net,lake,2018,7,31.50325934463865,same_month_all_years
BARC,BARC.AOS.littoral1,2018-07-09,TROPRA1,0.42,0.4,0.43,NA,50,1.3888888888888888,Schindler-Patalas,lake,2018,7,31.50325934463865,same_month_all_years
BARC,BARC.AOS.buoy.c0,2018-10-30,ARCFLO,1.03,0.93,1.2,NA,4199,5.238665568780099,tow net,lake,2018,10,26.345190925930947,same_month_all_years
BARC,BARC.AOS.littoral1,2018-10-30,ARCFLO,1.01,0.95,1.18,NA,1600,3.689866703565334,tow net,lake,2018,10,26.345190925930947,same_month_all_years
BARC,BARC.AOS.littoral2,2018-10-30,ARCFLO,1.09,0.93,1.25,NA,1333,2.862111907931464,tow net,lake,2018,10,26.345190925930947,same_month_all_years
BARC,BARC.AOS.littoral1,2018-10-30,BDESP,0.13,0.13,0.13,NA,200,0.46123333794566673,tow net,lake,2018,10,26.345190925930947,same_month_all_years
BARC,BARC.AOS.littoral2,2018-10-30,BDESP,0.16,0.13,0.2,NA,820,1.760638983123631,tow net,lake,2018,10,26.345190925930947,same_month_all_years
BARC,BARC.AOS.buoy.c0,2018-10-30,CALSP1,0.63,0.33,0.9,NA,4446,5.546822366943633,tow net,lake,2018,10,26.345190925930947,same_month_all_years
BARC,BARC.AOS.littoral1,2018-10-30,CALSP1,0.64,0.43,0.85,NA,7800,17.988100179881002,tow net,lake,2018,10,26.345190925930947,same_month_all_years
BARC,BARC.AOS.littoral2,2018-10-30,CALSP1,0.72,0.43,0.83,NA,8713,18.707862756044143,tow net,lake,2018,10,26.345190925930947,same_month_all_years
BARC,BARC.AOS.littoral2,2018-10-30,CONSP8,0.1,0.1,0.1,0.05,308,0.6613131790269249,tow net,lake,2018,10,26.345190925930947,same_month_all_years
BARC,BARC.AOS.buoy.c0,2018-10-30,CYCSP,0.48,0.28,0.65,NA,1482,1.8489407889812113,tow net,lake,2018,10,26.345190925930947,same_month_all_years
BARC,BARC.AOS.littoral1,2018-10-30,CYCSP,0.67,0.38,0.83,NA,5200,11.992066786587335,tow net,lake,2018,10,26.345190925930947,same_month_all_years
BARC,BARC.AOS.littoral2,2018-10-30,CYCSP,0.63,0.35,0.83,NA,3178,6.823549619959634,tow net,lake,2018,10,26.345190925930947,same_month_all_years
BARC,BARC.AOS.buoy.c0,2018-10-30,DIASP10,0.55,0.4,0.8,NA,14079,17.564937495321505,tow net,lake,2018,10,26.345190925930947,same_month_all_years
BARC,BARC.AOS.littoral1,2018-10-30,DIASP10,0.6,0.35,0.85,NA,10600,24.445366911120335,tow net,lake,2018,10,26.345190925930947,same_month_all_years
BARC,BARC.AOS.littoral2,2018-10-30,DIASP10,0.53,0.35,0.83,NA,2665,5.722076695151801,tow net,lake,2018,10,26.345190925930947,same_month_all_years
BARC,BARC.AOS.buoy.c0,2018-10-30,EUBTUB,0.35,0.25,0.53,NA,10127,12.634428724704945,tow net,lake,2018,10,26.345190925930947,same_month_all_years
BARC,BARC.AOS.littoral1,2018-10-30,EUBTUB,0.37,0.25,0.5,NA,4200,9.685900096859,tow net,lake,2018,10,26.345190925930947,same_month_all_years
BARC,BARC.AOS.littoral2,2018-10-30,EUBTUB,0.34,0.25,0.5,NA,1845,3.9614377120281703,tow net,lake,2018,10,26.345190925930947,same_month_all_years
BARC,BARC.AOS.littoral1,2018-10-30,GASSTY,0.08,0.08,0.08,NA,400,0.9224666758913336,tow net,lake,2018,10,26.345190925930947,same_month_all_years
BARC,BARC.AOS.littoral2,2018-10-30,GASSTY,0.08,0.08,0.08,NA,205,0.4401597457809078,tow net,lake,2018,10,26.345190925930947,same_month_all_years
BARC,BARC.AOS.littoral1,2018-10-30,HEXMIR,0.13,0.13,0.13,NA,200,0.46123333794566673,tow net,lake,2018,10,26.345190925930947,same_month_all_years
BARC,BARC.AOS.buoy.c0,2018-10-30,KERGRA,0.18,0.18,0.18,NA,988,1.2326271926541408,tow net,lake,2018,10,26.345190925930947,same_month_all_years
BARC,BARC.AOS.littoral1,2018-10-30,KERGRA,0.18,0.18,0.18,NA,400,0.9224666758913336,tow net,lake,2018,10,26.345190925930947,same_month_all_years
BARC,BARC.AOS.littoral2,2018-10-30,KERGRA,0.18,0.18,0.18,NA,410,0.8803194915618155,tow net,lake,2018,10,26.345190925930947,same_month_all_years
BARC,BARC.AOS.buoy.c0,2018-10-30,KERTAU,0.18,0.18,0.18,NA,494,0.6163135963270704,tow net,lake,2018,10,26.345190925930947,same_month_all_years
BARC,BARC.AOS.littoral1,2018-10-30,KERTAU,0.18,0.18,0.18,NA,400,0.9224666758913336,tow net,lake,2018,10,26.345190925930947,same_month_all_years
BARC,BARC.AOS.littoral2,2018-10-30,KERTAU,0.18,0.18,0.18,NA,1128,2.421952162150556,tow net,lake,2018,10,26.345190925930947,same_month_all_years
BARC,BARC.AOS.littoral2,2018-10-30,LECSP1,0.08,0.08,0.08,NA,103,0.22115343324601708,tow net,lake,2018,10,26.345190925930947,same_month_all_years
BARC,BARC.AOS.buoy.c0,2018-10-30,MESEDA,1.02,0.73,1.25,NA,8645,10.785487935723731,tow net,lake,2018,10,26.345190925930947,same_month_all_years
BARC,BARC.AOS.littoral1,2018-10-30,MESEDA,1.03,0.75,1.28,NA,2400,5.534800055348001,tow net,lake,2018,10,26.345190925930947,same_month_all_years
BARC,BARC.AOS.littoral2,2018-10-30,MESEDA,1.03,0.83,1.3,NA,1845,3.9614377120281703,tow net,lake,2018,10,26.345190925930947,same_month_all_years
BARC,BARC.AOS.littoral2,2018-10-30,MONLUN,0.13,0.13,0.13,NA,103,0.22115343324601708,tow net,lake,2018,10,26.345190925930947,same_month_all_years
BARC,BARC.AOS.buoy.c0,2018-10-30,POLSP20,0.1,0.1,0.1,NA,247,0.3081567981635352,tow net,lake,2018,10,26.345190925930947,same_month_all_years
BARC,BARC.AOS.littoral1,2018-10-30,POLSP20,0.1,0.1,0.1,NA,400,0.9224666758913336,tow net,lake,2018,10,26.345190925930947,same_month_all_years
BARC,BARC.AOS.littoral2,2018-10-30,POLSP20,0.1,0.1,0.1,NA,308,0.6613131790269249,tow net,lake,2018,10,26.345190925930947,same_month_all_years
BARC,BARC.AOS.buoy.c0,2018-10-30,SKIMIS,0.98,0.88,1.05,NA,741,0.9244703944906056,tow net,lake,2018,10,26.345190925930947,same_month_all_years
BARC,BARC.AOS.littoral1,2018-10-30,SKIMIS,0.92,0.85,1,NA,6400,14.759466814261335,tow net,lake,2018,10,26.345190925930947,same_month_all_years
BARC,BARC.AOS.littoral2,2018-10-30,SKIMIS,0.92,0.75,1,NA,6355,13.644952119208142,tow net,lake,2018,10,26.345190925930947,same_month_all_years
BARC,BARC.AOS.littoral1,2018-10-30,TESSP2,0.13,0.13,0.13,NA,200,0.46123333794566673,tow net,lake,2018,10,26.345190925930947,same_month_all_years
BARC,BARC.AOS.buoy.c0,2018-10-30,TROPRA1,0.43,0.43,0.43,NA,247,0.3081567981635352,tow net,lake,2018,10,26.345190925930947,same_month_all_years
BARC,BARC.AOS.littoral1,2018-10-30,TROPRA1,0.43,0.43,0.43,NA,200,0.46123333794566673,tow net,lake,2018,10,26.345190925930947,same_month_all_years
BARC,BARC.AOS.littoral2,2018-10-30,TROPRA1,0.43,0.38,0.5,NA,1743,3.74243139949328,tow net,lake,2018,10,26.345190925930947,same_month_all_years
BARC,BARC.AOS.buoy.c0,2019-02-15,ALOSP2,0.2,0.2,0.2,NA,140,0.1431200163565733,tow net,lake,2019,2,19.008817677342144,exact_month_year
BARC,BARC.AOS.littoral1,2019-02-15,ALOSP2,0.2,0.2,0.2,NA,44,0.07175472928897586,tow net,lake,2019,2,19.008817677342144,exact_month_year
BARC,BARC.AOS.littoral2,2019-02-15,ALOSP2,0.2,0.2,0.2,NA,100,0.16307893020221786,tow net,lake,2019,2,19.008817677342144,exact_month_year
BARC,BARC.AOS.buoy.c0,2019-02-15,ARCFLO,1.05,0.95,1.2,NA,3080,3.148640359844612,tow net,lake,2019,2,19.008817677342144,exact_month_year
BARC,BARC.AOS.littoral1,2019-02-15,ARCFLO,1.043,0.925,1.25,NA,616,1.004566210045662,tow net,lake,2019,2,19.008817677342144,exact_month_year
BARC,BARC.AOS.littoral1,2019-02-15,BDESP,0.125,0.125,0.125,NA,44,0.07175472928897586,tow net,lake,2019,2,19.008817677342144,exact_month_year
BARC,BARC.AOS.littoral2,2019-02-15,BDESP,0.15,0.125,0.175,NA,300,0.4892367906066536,tow net,lake,2019,2,19.008817677342144,exact_month_year
BARC,BARC.AOS.buoy.c0,2019-02-15,CALSP1,0.486,0.325,0.775,NA,15540,15.886321815579636,tow net,lake,2019,2,19.008817677342144,exact_month_year
BARC,BARC.AOS.littoral1,2019-02-15,CALSP1,0.554,0.325,0.9,NA,2992,4.879321591650358,tow net,lake,2019,2,19.008817677342144,exact_month_year
BARC,BARC.AOS.littoral2,2019-02-15,CALSP1,0.472,0.35,0.75,NA,1800,2.9354207436399213,tow net,lake,2019,2,19.008817677342144,exact_month_year
BARC,BARC.AOS.buoy.c0,2019-02-15,CHYSPH,0.2,0.2,0.2,NA,140,0.1431200163565733,tow net,lake,2019,2,19.008817677342144,exact_month_year
BARC,BARC.AOS.buoy.c0,2019-02-15,CYCSP,0.533,0.325,0.8,NA,1820,1.8605602126354528,tow net,lake,2019,2,19.008817677342144,exact_month_year
BARC,BARC.AOS.littoral1,2019-02-15,CYCSP,0.528,0.25,0.85,NA,748,1.2198303979125895,tow net,lake,2019,2,19.008817677342144,exact_month_year
BARC,BARC.AOS.littoral2,2019-02-15,CYCSP,0.421,0.4,0.45,NA,700,1.141552511415525,tow net,lake,2019,2,19.008817677342144,exact_month_year
BARC,BARC.AOS.buoy.c0,2019-02-15,DAPAMB,0.69,0.5,1.1,NA,4620,4.722960539766919,tow net,lake,2019,2,19.008817677342144,exact_month_year
BARC,BARC.AOS.littoral1,2019-02-15,DAPAMB,0.542,0.5,0.65,NA,264,0.4305283757338552,tow net,lake,2019,2,19.008817677342144,exact_month_year
BARC,BARC.AOS.littoral2,2019-02-15,DAPAMB,0.592,0.55,0.675,NA,300,0.4892367906066536,tow net,lake,2019,2,19.008817677342144,exact_month_year
BARC,BARC.AOS.buoy.c0,2019-02-15,DIASP10,0.725,0.725,0.725,NA,140,0.1431200163565733,tow net,lake,2019,2,19.008817677342144,exact_month_year
BARC,BARC.AOS.littoral1,2019-02-15,DIASP10,1.05,1.05,1.05,NA,44,0.07175472928897586,tow net,lake,2019,2,19.008817677342144,exact_month_year
BARC,BARC.AOS.buoy.c0,2019-02-15,EUBTUB,0.388,0.275,0.5,NA,1120,1.1449601308525863,tow net,lake,2019,2,19.008817677342144,exact_month_year
BARC,BARC.AOS.littoral1,2019-02-15,EUBTUB,0.375,0.25,0.5,NA,572,0.9328114807566862,tow net,lake,2019,2,19.008817677342144,exact_month_year
BARC,BARC.AOS.littoral2,2019-02-15,EUBTUB,0.25,0.25,0.25,NA,100,0.16307893020221786,tow net,lake,2019,2,19.008817677342144,exact_month_year
BARC,BARC.AOS.buoy.c0,2019-02-15,GASSTY,0.075,0.075,0.075,NA,1680,1.7174401962788794,tow net,lake,2019,2,19.008817677342144,exact_month_year
BARC,BARC.AOS.littoral1,2019-02-15,GASSTY,0.078,0.075,0.1,NA,396,0.6457925636007827,tow net,lake,2019,2,19.008817677342144,exact_month_year
BARC,BARC.AOS.littoral2,2019-02-15,GASSTY,0.08,0.075,0.1,NA,1100,1.7938682322243964,tow net,lake,2019,2,19.008817677342144,exact_month_year
BARC,BARC.AOS.buoy.c0,2019-02-15,KERGRA,0.175,0.175,0.175,NA,8680,8.873441014107543,tow net,lake,2019,2,19.008817677342144,exact_month_year
BARC,BARC.AOS.littoral1,2019-02-15,KERGRA,0.175,0.175,0.175,NA,1760,2.8701891715590344,tow net,lake,2019,2,19.008817677342144,exact_month_year
BARC,BARC.AOS.littoral2,2019-02-15,KERGRA,0.175,0.175,0.175,NA,1300,2.1200260926288323,tow net,lake,2019,2,19.008817677342144,exact_month_year
BARC,BARC.AOS.buoy.c0,2019-02-15,KERTAU,0.178,0.175,0.2,NA,2240,2.2899202617051726,tow net,lake,2019,2,19.008817677342144,exact_month_year
BARC,BARC.AOS.littoral1,2019-02-15,KERTAU,0.175,0.175,0.175,NA,10208,16.6470971950424,tow net,lake,2019,2,19.008817677342144,exact_month_year
BARC,BARC.AOS.littoral2,2019-02-15,KERTAU,0.175,0.175,0.175,NA,12500,20.384866275277233,tow net,lake,2019,2,19.008817677342144,exact_month_year
BARC,BARC.AOS.buoy.c0,2019-02-15,MESEDA,0.917,0.75,1.125,NA,1260,1.2880801472091596,tow net,lake,2019,2,19.008817677342144,exact_month_year
BARC,BARC.AOS.littoral1,2019-02-15,MESEDA,1,1,1,NA,44,0.07175472928897586,tow net,lake,2019,2,19.008817677342144,exact_month_year
BARC,BARC.AOS.littoral2,2019-02-15,MESEDA,0.95,0.95,0.95,NA,100,0.16307893020221786,tow net,lake,2019,2,19.008817677342144,exact_month_year
BARC,BARC.AOS.littoral2,2019-02-15,MONBUL,0.175,0.175,0.175,NA,100,0.16307893020221786,tow net,lake,2019,2,19.008817677342144,exact_month_year
BARC,BARC.AOS.littoral1,2019-02-15,MONLUN,0.125,0.125,0.125,NA,88,0.14350945857795172,tow net,lake,2019,2,19.008817677342144,exact_month_year
BARC,BARC.AOS.buoy.c0,2019-02-15,POLSP20,0.08,0.075,0.1,NA,700,0.7156000817828665,tow net,lake,2019,2,19.008817677342144,exact_month_year
BARC,BARC.AOS.littoral1,2019-02-15,POLSP20,0.078,0.075,0.1,NA,748,1.2198303979125895,tow net,lake,2019,2,19.008817677342144,exact_month_year
BARC,BARC.AOS.littoral2,2019-02-15,POLSP20,0.079,0.075,0.1,NA,700,1.141552511415525,tow net,lake,2019,2,19.008817677342144,exact_month_year
BARC,BARC.AOS.buoy.c0,2019-02-15,SKIMIS,0.96,0.9,1.075,NA,2520,2.5761602944183193,tow net,lake,2019,2,19.008817677342144,exact_month_year
BARC,BARC.AOS.littoral1,2019-02-15,SKIMIS,0.969,0.9,1.075,NA,1276,2.0808871493803,tow net,lake,2019,2,19.008817677342144,exact_month_year
BARC,BARC.AOS.littoral2,2019-02-15,SKIMIS,0.91,0.825,0.95,NA,500,0.8153946510110893,tow net,lake,2019,2,19.008817677342144,exact_month_year
BARC,BARC.AOS.littoral2,2019-02-15,SYNSP8,0.175,0.15,0.2,NA,200,0.32615786040443573,tow net,lake,2019,2,19.008817677342144,exact_month_year
BARC,BARC.AOS.littoral2,2019-02-15,TRISIM,0.175,0.175,0.175,0.05,100,0.16307893020221786,tow net,lake,2019,2,19.008817677342144,exact_month_year
BARC,BARC.AOS.buoy.c0,2019-02-15,TRISP31,0.2,0.2,0.2,0.075,140,0.1431200163565733,tow net,lake,2019,2,19.008817677342144,exact_month_year
BARC,BARC.AOS.littoral1,2019-02-15,TRISP31,0.2,0.2,0.2,0.05,44,0.07175472928897586,tow net,lake,2019,2,19.008817677342144,exact_month_year
BARC,BARC.AOS.buoy.c0,2019-02-15,TROPRA1,0.51,0.4,0.85,NA,700,0.7156000817828665,tow net,lake,2019,2,19.008817677342144,exact_month_year
BARC,BARC.AOS.buoy.c0,2019-07-09,ARCFLO,0.942,0.825,1.075,NA,2880,3.0347734457323496,tow net,lake,2019,7,31.772596698775118,exact_month_year
BARC,BARC.AOS.littoral1,2019-07-09,ARCFLO,0.956,0.875,1.075,NA,2400,4.383561643835616,tow net,lake,2019,7,31.772596698775118,exact_month_year
BARC,BARC.AOS.littoral2,2019-07-09,ARCFLO,0.915,0.875,1.05,NA,4000,7.8277886497064575,tow net,lake,2019,7,31.772596698775118,exact_month_year
BARC,BARC.AOS.littoral1,2019-07-09,BDESP,0.213,0.15,0.25,NA,320,0.5844748858447488,tow net,lake,2019,7,31.772596698775118,exact_month_year
BARC,BARC.AOS.buoy.c0,2019-07-09,CALSP1,0.609,0.325,0.9,NA,17440,18.377239199157007,tow net,lake,2019,7,31.772596698775118,exact_month_year
BARC,BARC.AOS.littoral1,2019-07-09,CALSP1,0.67,0.45,0.875,NA,3440,6.28310502283105,tow net,lake,2019,7,31.772596698775118,exact_month_year
BARC,BARC.AOS.littoral2,2019-07-09,CALSP1,0.639,0.325,0.925,NA,22800,44.61839530332681,tow net,lake,2019,7,31.772596698775118,exact_month_year
BARC,BARC.AOS.buoy.c0,2019-07-09,CYCSP,0.469,0.3,0.65,NA,20640,21.749209694415175,tow net,lake,2019,7,31.772596698775118,exact_month_year
BARC,BARC.AOS.littoral1,2019-07-09,CYCSP,0.465,0.25,0.625,NA,3920,7.159817351598173,tow net,lake,2019,7,31.772596698775118,exact_month_year
BARC,BARC.AOS.littoral2,2019-07-09,CYCSP,0.503,0.325,0.7,NA,26800,52.44618395303327,tow net,lake,2019,7,31.772596698775118,exact_month_year
BARC,BARC.AOS.buoy.c0,2019-07-09,DIASP10,0.475,0.325,0.7,NA,22240,23.43519494204426,tow net,lake,2019,7,31.772596698775118,exact_month_year
BARC,BARC.AOS.littoral1,2019-07-09,DIASP10,0.479,0.25,0.625,NA,1840,3.3607305936073057,tow net,lake,2019,7,31.772596698775118,exact_month_year
BARC,BARC.AOS.littoral2,2019-07-09,DIASP10,0.478,0.3,0.675,NA,6000,11.741682974559687,tow net,lake,2019,7,31.772596698775118,exact_month_year
BARC,BARC.AOS.buoy.c0,2019-07-09,EUBTUB,0.362,0.25,0.475,NA,2400,2.528977871443625,tow net,lake,2019,7,31.772596698775118,exact_month_year
BARC,BARC.AOS.littoral1,2019-07-09,EUBTUB,0.336,0.275,0.475,NA,880,1.6073059360730593,tow net,lake,2019,7,31.772596698775118,exact_month_year
BARC,BARC.AOS.littoral2,2019-07-09,EUBTUB,0.354,0.275,0.45,NA,2800,5.47945205479452,tow net,lake,2019,7,31.772596698775118,exact_month_year
BARC,BARC.AOS.buoy.c0,2019-07-09,GASSTY,0.075,0.075,0.075,NA,480,0.505795574288725,tow net,lake,2019,7,31.772596698775118,exact_month_year
BARC,BARC.AOS.littoral1,2019-07-09,GASSTY,0.075,0.075,0.075,NA,160,0.2922374429223744,tow net,lake,2019,7,31.772596698775118,exact_month_year
BARC,BARC.AOS.littoral2,2019-07-09,GASSTY,0.075,0.075,0.075,NA,1200,2.3483365949119372,tow net,lake,2019,7,31.772596698775118,exact_month_year
BARC,BARC.AOS.buoy.c0,2019-07-09,HEXMIR,0.127,0.1,0.15,NA,2080,2.191780821917808,tow net,lake,2019,7,31.772596698775118,exact_month_year
BARC,BARC.AOS.littoral1,2019-07-09,HEXMIR,0.156,0.125,0.175,NA,640,1.1689497716894977,tow net,lake,2019,7,31.772596698775118,exact_month_year
BARC,BARC.AOS.littoral2,2019-07-09,HEXMIR,0.175,0.175,0.175,NA,400,0.7827788649706457,tow net,lake,2019,7,31.772596698775118,exact_month_year
BARC,BARC.AOS.buoy.c0,2019-07-09,KERGRA,0.15,0.15,0.15,NA,2400,2.528977871443625,tow net,lake,2019,7,31.772596698775118,exact_month_year
BARC,BARC.AOS.littoral1,2019-07-09,KERGRA,0.15,0.15,0.15,NA,800,1.461187214611872,tow net,lake,2019,7,31.772596698775118,exact_month_year
BARC,BARC.AOS.littoral2,2019-07-09,KERGRA,0.15,0.15,0.15,NA,2800,5.47945205479452,tow net,lake,2019,7,31.772596698775118,exact_month_year
BARC,BARC.AOS.buoy.c0,2019-07-09,KERTAU,0.175,0.175,0.175,NA,2400,2.528977871443625,tow net,lake,2019,7,31.772596698775118,exact_month_year
BARC,BARC.AOS.littoral1,2019-07-09,KERTAU,0.175,0.175,0.175,NA,3200,5.844748858447488,tow net,lake,2019,7,31.772596698775118,exact_month_year
BARC,BARC.AOS.littoral2,2019-07-09,KERTAU,0.175,0.175,0.175,NA,3600,7.045009784735812,tow net,lake,2019,7,31.772596698775118,exact_month_year
BARC,BARC.AOS.littoral1,2019-07-09,LECSP1,0.2,0.2,0.2,NA,80,0.1461187214611872,tow net,lake,2019,7,31.772596698775118,exact_month_year
BARC,BARC.AOS.buoy.c0,2019-07-09,MESEDA,0.898,0.675,1.175,NA,3680,3.877766069546891,tow net,lake,2019,7,31.772596698775118,exact_month_year
BARC,BARC.AOS.littoral1,2019-07-09,MESEDA,0.95,0.725,1.175,NA,720,1.3150684931506849,tow net,lake,2019,7,31.772596698775118,exact_month_year
BARC,BARC.AOS.littoral2,2019-07-09,MESEDA,0.806,0.7,0.95,NA,1600,3.131115459882583,tow net,lake,2019,7,31.772596698775118,exact_month_year
BARC,BARC.AOS.littoral1,2019-07-09,MONSP8,0.1,0.1,0.1,NA,80,0.1461187214611872,tow net,lake,2019,7,31.772596698775118,exact_month_year
BARC,BARC.AOS.buoy.c0,2019-07-09,SKIMIS,0.875,0.825,0.925,NA,480,0.505795574288725,tow net,lake,2019,7,31.772596698775118,exact_month_year
BARC,BARC.AOS.littoral1,2019-07-09,SKIMIS,0.893,0.85,0.925,NA,800,1.461187214611872,tow net,lake,2019,7,31.772596698775118,exact_month_year
BARC,BARC.AOS.littoral2,2019-07-09,SKIMIS,0.87,0.825,0.925,NA,4000,7.8277886497064575,tow net,lake,2019,7,31.772596698775118,exact_month_year
BARC,BARC.AOS.buoy.c0,2019-07-09,TROPRA1,0.4,0.4,0.4,NA,160,0.16859852476290832,tow net,lake,2019,7,31.772596698775118,exact_month_year
BARC,BARC.AOS.littoral1,2019-07-09,TROPRA1,0.417,0.4,0.425,NA,240,0.4383561643835616,tow net,lake,2019,7,31.772596698775118,exact_month_year
BARC,BARC.AOS.littoral2,2019-10-29,ACASP1,0.2,0.2,0.2,NA,7,0.2916666666666667,Schindler-Patalas,lake,2019,10,27.42080335661556,exact_month_year
BARC,BARC.AOS.buoy.c0,2019-10-29,ARCFLO,0.915,0.825,1,NA,8640,9.863013698630136,tow net,lake,2019,10,27.42080335661556,exact_month_year
BARC,BARC.AOS.littoral2,2019-10-29,ARCFLO,0.9675,0.8875,1.1124999999999998,NA,560,15.555555555555555,Schindler-Patalas,lake,2019,10,27.42080335661556,exact_month_year
BARC,BARC.AOS.littoral2,2019-10-29,BDESP,0.1,0.1,0.1,NA,7,0.2916666666666667,Schindler-Patalas,lake,2019,10,27.42080335661556,exact_month_year
BARC,BARC.AOS.buoy.c0,2019-10-29,CALSP1,0.621,0.375,0.8,NA,8400,9.58904109589041,tow net,lake,2019,10,27.42080335661556,exact_month_year
BARC,BARC.AOS.littoral2,2019-10-29,CALSP1,0.7195,0.375,0.85,NA,500,13.88888888888889,Schindler-Patalas,lake,2019,10,27.42080335661556,exact_month_year
BARC,BARC.AOS.buoy.c0,2019-10-29,CONSP8,0.075,0.075,0.075,0.05,1120,1.278538812785388,tow net,lake,2019,10,27.42080335661556,exact_month_year
BARC,BARC.AOS.buoy.c0,2019-10-29,CONUNI,0.075,0.075,0.075,0.05,80,0.091324200913242,tow net,lake,2019,10,27.42080335661556,exact_month_year
BARC,BARC.AOS.buoy.c0,2019-10-29,CYCSP,0.493,0.3,0.75,NA,1520,1.735159817351598,tow net,lake,2019,10,27.42080335661556,exact_month_year
BARC,BARC.AOS.littoral2,2019-10-29,CYCSP,0.4975,0.2375,0.725,NA,160,4.444444444444445,Schindler-Patalas,lake,2019,10,27.42080335661556,exact_month_year
BARC,BARC.AOS.buoy.c0,2019-10-29,EUBTUB,0.266,0.175,0.45,NA,3360,3.835616438356164,tow net,lake,2019,10,27.42080335661556,exact_month_year
BARC,BARC.AOS.littoral2,2019-10-29,EUBTUB,0.2995,0.2125,0.425,NA,260,7.222222222222222,Schindler-Patalas,lake,2019,10,27.42080335661556,exact_month_year
BARC,BARC.AOS.buoy.c0,2019-10-29,KERGRA,0.172,0.15,0.175,NA,1200,1.36986301369863,tow net,lake,2019,10,27.42080335661556,exact_month_year
BARC,BARC.AOS.littoral2,2019-10-29,KERGRA,0.163,0.15,0.175,NA,80,2.2222222222222223,Schindler-Patalas,lake,2019,10,27.42080335661556,exact_month_year
BARC,BARC.AOS.littoral2,2019-10-29,KERTAU,0.175,0.175,0.175,NA,7,0.2916666666666667,Schindler-Patalas,lake,2019,10,27.42080335661556,exact_month_year
BARC,BARC.AOS.littoral2,2019-10-29,LECSP1,0.125,0.125,0.125,NA,7,0.2916666666666667,Schindler-Patalas,lake,2019,10,27.42080335661556,exact_month_year
BARC,BARC.AOS.littoral2,2019-10-29,MACSP4,0.3,0.3,0.3,NA,7,0.2916666666666667,Schindler-Patalas,lake,2019,10,27.42080335661556,exact_month_year
BARC,BARC.AOS.buoy.c0,2019-10-29,MESEDA,0.9,0.7,1.2,NA,1280,1.461187214611872,tow net,lake,2019,10,27.42080335661556,exact_month_year
BARC,BARC.AOS.littoral2,2019-10-29,MESEDA,0.763,0.6,0.9875,NA,50,1.3888888888888888,Schindler-Patalas,lake,2019,10,27.42080335661556,exact_month_year
BARC,BARC.AOS.littoral2,2019-10-29,MONSP9,0.15,0.15,0.15,NA,7,0.2916666666666667,Schindler-Patalas,lake,2019,10,27.42080335661556,exact_month_year
BARC,BARC.AOS.buoy.c0,2019-10-29,SKIMIS,0.929,0.825,1.075,NA,2160,2.4657534246575343,tow net,lake,2019,10,27.42080335661556,exact_month_year
BARC,BARC.AOS.littoral2,2019-10-29,SKIMIS,0.925,0.8625,0.9875,NA,500,13.88888888888889,Schindler-Patalas,lake,2019,10,27.42080335661556,exact_month_year
BARC,BARC.AOS.buoy.c0,2019-10-29,TROPRA1,0.417,0.375,0.45,NA,240,0.273972602739726,tow net,lake,2019,10,27.42080335661556,exact_month_year
BARC,BARC.AOS.littoral2,2019-10-29,TROPRA1,0.4215,0.3875,0.45,NA,50,1.3888888888888888,Schindler-Patalas,lake,2019,10,27.42080335661556,exact_month_year
BARC,BARC.AOS.littoral1,2020-02-11,ALOSP2,0.25,0.25,0.25,NA,4,0.1111111111111111,Schindler-Patalas,lake,2020,2,17.714569129008517,exact_month_year
BARC,BARC.AOS.littoral2,2020-02-11,ALOSP2,0.675,0.675,0.675,NA,3,0.125,Schindler-Patalas,lake,2020,2,17.714569129008517,exact_month_year
BARC,BARC.AOS.buoy.c1,2020-02-11,ARCFLO,0.956,0.85,1.125,NA,8480,23.232876712328768,tow net,lake,2020,2,17.714569129008517,exact_month_year
BARC,BARC.AOS.littoral1,2020-02-11,ARCFLO,0.955,0.9,1,NA,18,0.5,Schindler-Patalas,lake,2020,2,17.714569129008517,exact_month_year
BARC,BARC.AOS.littoral2,2020-02-11,ARCFLO,0.95,0.95,0.95,NA,6,0.25,Schindler-Patalas,lake,2020,2,17.714569129008517,exact_month_year
BARC,BARC.AOS.littoral1,2020-02-11,BDESP,0.175,0.15,0.2,NA,11,0.3055555555555556,Schindler-Patalas,lake,2020,2,17.714569129008517,exact_month_year
BARC,BARC.AOS.littoral2,2020-02-11,BDESP,0.193,0.125,0.35,NA,32,1.3333333333333333,Schindler-Patalas,lake,2020,2,17.714569129008517,exact_month_year
BARC,BARC.AOS.buoy.c1,2020-02-11,CALSP1,0.684,0.35,0.825,NA,13280,36.38356164383562,tow net,lake,2020,2,17.714569129008517,exact_month_year
BARC,BARC.AOS.littoral1,2020-02-11,CALSP1,0.713,0.575,0.85,NA,21,0.5833333333333334,Schindler-Patalas,lake,2020,2,17.714569129008517,exact_month_year
BARC,BARC.AOS.littoral2,2020-02-11,CALSP1,0.473,0.35,0.825,NA,48,2,Schindler-Patalas,lake,2020,2,17.714569129008517,exact_month_year
BARC,BARC.AOS.littoral2,2020-02-11,CEPSP5,0.1,0.1,0.1,NA,3,0.125,Schindler-Patalas,lake,2020,2,17.714569129008517,exact_month_year
BARC,BARC.AOS.littoral2,2020-02-11,CONUNI,0.092,0.075,0.1,0.05,10,0.4166666666666667,Schindler-Patalas,lake,2020,2,17.714569129008517,exact_month_year
BARC,BARC.AOS.buoy.c1,2020-02-11,CYCSP,0.66,0.425,0.825,NA,2080,5.698630136986301,tow net,lake,2020,2,17.714569129008517,exact_month_year
BARC,BARC.AOS.littoral1,2020-02-11,CYCSP,0.453,0.25,0.625,NA,238,6.611111111111111,Schindler-Patalas,lake,2020,2,17.714569129008517,exact_month_year
BARC,BARC.AOS.littoral2,2020-02-11,CYCSP,0.431,0.25,0.7,NA,29,1.2083333333333333,Schindler-Patalas,lake,2020,2,17.714569129008517,exact_month_year
BARC,BARC.AOS.buoy.c1,2020-02-11,DAPAMB,0.621,0.5,0.875,NA,2240,6.136986301369863,tow net,lake,2020,2,17.714569129008517,exact_month_year
BARC,BARC.AOS.buoy.c1,2020-02-11,EUBTUB,0.395,0.275,0.5,NA,6560,17.972602739726028,tow net,lake,2020,2,17.714569129008517,exact_month_year
BARC,BARC.AOS.littoral1,2020-02-11,EUBTUB,0.317,0.275,0.4,NA,21,0.5833333333333334,Schindler-Patalas,lake,2020,2,17.714569129008517,exact_month_year
BARC,BARC.AOS.littoral2,2020-02-11,EUBTUB,0.306,0.25,0.375,NA,51,2.125,Schindler-Patalas,lake,2020,2,17.714569129008517,exact_month_year
BARC,BARC.AOS.buoy.c1,2020-02-11,GASSTY,0.125,0.125,0.125,NA,160,0.4383561643835616,tow net,lake,2020,2,17.714569129008517,exact_month_year
BARC,BARC.AOS.littoral1,2020-02-11,GASSTY,0.136,0.1,0.15,NA,32,0.8888888888888888,Schindler-Patalas,lake,2020,2,17.714569129008517,exact_month_year
BARC,BARC.AOS.littoral2,2020-02-11,GASSTY,0.144,0.125,0.15,NA,13,0.5416666666666666,Schindler-Patalas,lake,2020,2,17.714569129008517,exact_month_year
BARC,BARC.AOS.littoral2,2020-02-11,KELBOS,0.125,0.125,0.125,NA,3,0.125,Schindler-Patalas,lake,2020,2,17.714569129008517,exact_month_year
BARC,BARC.AOS.buoy.c1,2020-02-11,KERGRA,0.175,0.175,0.175,NA,6560,17.972602739726028,tow net,lake,2020,2,17.714569129008517,exact_month_year
BARC,BARC.AOS.littoral1,2020-02-11,KERGRA,0.175,0.175,0.175,NA,7,0.19444444444444445,Schindler-Patalas,lake,2020,2,17.714569129008517,exact_month_year
BARC,BARC.AOS.littoral2,2020-02-11,KERGRA,0.175,0.175,0.175,NA,131,5.458333333333333,Schindler-Patalas,lake,2020,2,17.714569129008517,exact_month_year
BARC,BARC.AOS.buoy.c1,2020-02-11,KERTAU,0.175,0.175,0.175,NA,320,0.8767123287671232,tow net,lake,2020,2,17.714569129008517,exact_month_year
BARC,BARC.AOS.littoral1,2020-02-11,KERTAU,0.178,0.175,0.2,NA,28,0.7777777777777778,Schindler-Patalas,lake,2020,2,17.714569129008517,exact_month_year
BARC,BARC.AOS.littoral2,2020-02-11,KERTAU,0.175,0.175,0.175,NA,29,1.2083333333333333,Schindler-Patalas,lake,2020,2,17.714569129008517,exact_month_year
BARC,BARC.AOS.littoral1,2020-02-11,LECMIR,0.2,0.2,0.2,NA,4,0.1111111111111111,Schindler-Patalas,lake,2020,2,17.714569129008517,exact_month_year
BARC,BARC.AOS.buoy.c1,2020-02-11,LECSP1,0.125,0.125,0.125,NA,160,0.4383561643835616,tow net,lake,2020,2,17.714569129008517,exact_month_year
BARC,BARC.AOS.littoral2,2020-02-11,LEPSP32,0.118,0.1,0.125,NA,22,0.9166666666666666,Schindler-Patalas,lake,2020,2,17.714569129008517,exact_month_year
BARC,BARC.AOS.littoral2,2020-02-11,MACSP4,0.25,0.25,0.25,NA,3,0.125,Schindler-Patalas,lake,2020,2,17.714569129008517,exact_month_year
BARC,BARC.AOS.buoy.c1,2020-02-11,MESEDA,1.078,0.85,1.375,NA,3040,8.32876712328767,tow net,lake,2020,2,17.714569129008517,exact_month_year
BARC,BARC.AOS.littoral1,2020-02-11,MESEDA,0.933,0.675,1.325,NA,11,0.3055555555555556,Schindler-Patalas,lake,2020,2,17.714569129008517,exact_month_year
BARC,BARC.AOS.littoral2,2020-02-11,MESEDA,0.963,0.85,1.075,NA,6,0.25,Schindler-Patalas,lake,2020,2,17.714569129008517,exact_month_year
BARC,BARC.AOS.littoral2,2020-02-11,MONBUL,0.175,0.175,0.175,NA,3,0.125,Schindler-Patalas,lake,2020,2,17.714569129008517,exact_month_year
BARC,BARC.AOS.littoral2,2020-02-11,MONLUN,0.15,0.15,0.15,NA,3,0.125,Schindler-Patalas,lake,2020,2,17.714569129008517,exact_month_year
BARC,BARC.AOS.littoral2,2020-02-11,NOTSP4,0.2,0.2,0.2,NA,3,0.125,Schindler-Patalas,lake,2020,2,17.714569129008517,exact_month_year
BARC,BARC.AOS.littoral2,2020-02-11,SIMSP3,0.85,0.85,0.85,NA,3,0.125,Schindler-Patalas,lake,2020,2,17.714569129008517,exact_month_year
BARC,BARC.AOS.buoy.c1,2020-02-11,SKIMIS,0.941,0.85,1.075,NA,7680,21.04109589041096,tow net,lake,2020,2,17.714569129008517,exact_month_year
BARC,BARC.AOS.littoral1,2020-02-11,SKIMIS,0.954,0.825,1.05,NA,221,6.138888888888889,Schindler-Patalas,lake,2020,2,17.714569129008517,exact_month_year
BARC,BARC.AOS.littoral2,2020-02-11,SKIMIS,0.928,0.8,1.075,NA,32,1.3333333333333333,Schindler-Patalas,lake,2020,2,17.714569129008517,exact_month_year
BARC,BARC.AOS.buoy.c1,2020-02-11,TRISIM,0.15,0.15,0.15,0.05,160,0.4383561643835616,tow net,lake,2020,2,17.714569129008517,exact_month_year
BARC,BARC.AOS.littoral2,2020-02-11,TRISIM,0.15,0.15,0.15,0.05,6,0.25,Schindler-Patalas,lake,2020,2,17.714569129008517,exact_month_year
BARC,BARC.AOS.littoral2,2020-02-11,TRITET,0.15,0.15,0.15,NA,3,0.125,Schindler-Patalas,lake,2020,2,17.714569129008517,exact_month_year
BARC,BARC.AOS.buoy.c1,2020-02-11,TROPRA1,0.475,0.425,0.525,NA,640,1.7534246575342465,tow net,lake,2020,2,17.714569129008517,exact_month_year
BARC,BARC.AOS.littoral1,2020-02-11,TROPRA1,0.489,0.425,0.525,NA,32,0.8888888888888888,Schindler-Patalas,lake,2020,2,17.714569129008517,exact_month_year
BARC,BARC.AOS.littoral2,2020-07-06,ACASP1,0.238,0.2,0.25,NA,44,1.8333333333333333,Schindler-Patalas,lake,2020,7,31.456411290322592,exact_month_year
BARC,BARC.AOS.littoral1,2020-07-06,ALOSP2,0.3,0.3,0.3,NA,7,0.19444444444444445,Schindler-Patalas,lake,2020,7,31.456411290322592,exact_month_year
BARC,BARC.AOS.littoral2,2020-07-06,ALOSP2,0.288,0.25,0.325,NA,22,0.9166666666666666,Schindler-Patalas,lake,2020,7,31.456411290322592,exact_month_year
BARC,BARC.AOS.buoy.c0,2020-07-06,ARCFLO,0.91,0.825,1.025,NA,9600,14.61187214611872,tow net,lake,2020,7,31.456411290322592,exact_month_year
BARC,BARC.AOS.littoral1,2020-07-06,ARCFLO,0.942,0.925,0.95,NA,20,0.5555555555555556,Schindler-Patalas,lake,2020,7,31.456411290322592,exact_month_year
BARC,BARC.AOS.littoral1,2020-07-06,BDESP,0.163,0.125,0.2,NA,67,1.8611111111111112,Schindler-Patalas,lake,2020,7,31.456411290322592,exact_month_year
BARC,BARC.AOS.littoral2,2020-07-06,BDESP,0.174,0.1,0.25,NA,187,7.791666666666667,Schindler-Patalas,lake,2020,7,31.456411290322592,exact_month_year
BARC,BARC.AOS.littoral1,2020-07-06,BEASP1,0.325,0.325,0.325,NA,7,0.19444444444444445,Schindler-Patalas,lake,2020,7,31.456411290322592,exact_month_year
BARC,BARC.AOS.littoral2,2020-07-06,BEASP1,0.2,0.2,0.2,NA,11,0.4583333333333333,Schindler-Patalas,lake,2020,7,31.456411290322592,exact_month_year
BARC,BARC.AOS.buoy.c0,2020-07-06,CALSP1,0.601,0.35,0.85,NA,36400,55.403348554033485,tow net,lake,2020,7,31.456411290322592,exact_month_year
BARC,BARC.AOS.littoral1,2020-07-06,CALSP1,0.513,0.325,0.775,NA,27,0.75,Schindler-Patalas,lake,2020,7,31.456411290322592,exact_month_year
BARC,BARC.AOS.littoral2,2020-07-06,CALSP1,0.658,0.5,0.8,NA,66,2.75,Schindler-Patalas,lake,2020,7,31.456411290322592,exact_month_year
BARC,BARC.AOS.littoral1,2020-07-06,CHYSP,0.225,0.225,0.225,NA,13,0.3611111111111111,Schindler-Patalas,lake,2020,7,31.456411290322592,exact_month_year
BARC,BARC.AOS.littoral2,2020-07-06,CHYSP,0.221,0.2,0.275,NA,66,2.75,Schindler-Patalas,lake,2020,7,31.456411290322592,exact_month_year
BARC,BARC.AOS.littoral1,2020-07-06,CHYSPH,0.227,0.2,0.3,NA,87,2.4166666666666665,Schindler-Patalas,lake,2020,7,31.456411290322592,exact_month_year
BARC,BARC.AOS.littoral2,2020-07-06,CHYSPH,0.259,0.2,0.325,NA,121,5.041666666666667,Schindler-Patalas,lake,2020,7,31.456411290322592,exact_month_year
BARC,BARC.AOS.buoy.c0,2020-07-06,CONSP8,0.094,0.075,0.1,0.05,4800,7.30593607305936,tow net,lake,2020,7,31.456411290322592,exact_month_year
BARC,BARC.AOS.littoral1,2020-07-06,CONUNI,0.075,0.075,0.075,0.05,20,0.5555555555555556,Schindler-Patalas,lake,2020,7,31.456411290322592,exact_month_year
BARC,BARC.AOS.buoy.c0,2020-07-06,CYCSP,0.419,0.325,0.675,NA,3200,4.87062404870624,tow net,lake,2020,7,31.456411290322592,exact_month_year
BARC,BARC.AOS.littoral1,2020-07-06,CYCSP,0.376,0.225,0.7,NA,520,14.444444444444445,Schindler-Patalas,lake,2020,7,31.456411290322592,exact_month_year
BARC,BARC.AOS.littoral2,2020-07-06,CYCSP,0.35,0.225,0.55,NA,99,4.125,Schindler-Patalas,lake,2020,7,31.456411290322592,exact_month_year
BARC,BARC.AOS.buoy.c0,2020-07-06,DAPAMB,0.75,0.75,0.75,NA,400,0.60882800608828,tow net,lake,2020,7,31.456411290322592,exact_month_year
BARC,BARC.AOS.buoy.c0,2020-07-06,DIASP10,0.533,0.325,0.8,NA,7200,10.95890410958904,tow net,lake,2020,7,31.456411290322592,exact_month_year
BARC,BARC.AOS.littoral1,2020-07-06,DIASP10,0.513,0.45,0.575,NA,13,0.3611111111111111,Schindler-Patalas,lake,2020,7,31.456411290322592,exact_month_year
BARC,BARC.AOS.buoy.c0,2020-07-06,EUBTUB,0.333,0.25,0.425,NA,2400,3.65296803652968,tow net,lake,2020,7,31.456411290322592,exact_month_year
BARC,BARC.AOS.littoral1,2020-07-06,EUBTUB,0.295,0.275,0.325,NA,33,0.9166666666666666,Schindler-Patalas,lake,2020,7,31.456411290322592,exact_month_year
BARC,BARC.AOS.littoral1,2020-07-06,EUCSP7,0.35,0.35,0.35,NA,7,0.19444444444444445,Schindler-Patalas,lake,2020,7,31.456411290322592,exact_month_year
BARC,BARC.AOS.buoy.c0,2020-07-06,GASSTY,0.075,0.075,0.075,NA,2400,3.65296803652968,tow net,lake,2020,7,31.456411290322592,exact_month_year
BARC,BARC.AOS.littoral1,2020-07-06,HARSP,0.282,0.275,0.3,NA,47,1.3055555555555556,Schindler-Patalas,lake,2020,7,31.456411290322592,exact_month_year
BARC,BARC.AOS.littoral2,2020-07-06,HARSP,0.325,0.225,0.45,NA,88,3.6666666666666665,Schindler-Patalas,lake,2020,7,31.456411290322592,exact_month_year
BARC,BARC.AOS.buoy.c0,2020-07-06,HEXMIR,0.125,0.125,0.125,NA,10400,15.82952815829528,tow net,lake,2020,7,31.456411290322592,exact_month_year
BARC,BARC.AOS.littoral2,2020-07-06,HEXMIR,0.125,0.125,0.125,NA,11,0.4583333333333333,Schindler-Patalas,lake,2020,7,31.456411290322592,exact_month_year
BARC,BARC.AOS.littoral1,2020-07-06,ILYSP5,0.325,0.325,0.325,NA,7,0.19444444444444445,Schindler-Patalas,lake,2020,7,31.456411290322592,exact_month_year
BARC,BARC.AOS.buoy.c0,2020-07-06,KERGRA,0.15,0.15,0.15,NA,18400,28.006088280060883,tow net,lake,2020,7,31.456411290322592,exact_month_year
BARC,BARC.AOS.littoral1,2020-07-06,KERGRA,0.15,0.15,0.15,NA,113,3.138888888888889,Schindler-Patalas,lake,2020,7,31.456411290322592,exact_month_year
BARC,BARC.AOS.littoral2,2020-07-06,KERGRA,0.15,0.15,0.15,NA,99,4.125,Schindler-Patalas,lake,2020,7,31.456411290322592,exact_month_year
BARC,BARC.AOS.littoral1,2020-07-06,LECSP1,0.125,0.125,0.125,NA,13,0.3611111111111111,Schindler-Patalas,lake,2020,7,31.456411290322592,exact_month_year
BARC,BARC.AOS.littoral2,2020-07-06,LECSP1,0.135,0.1,0.2,NA,132,5.5,Schindler-Patalas,lake,2020,7,31.456411290322592,exact_month_year
BARC,BARC.AOS.littoral2,2020-07-06,MACSP4,0.45,0.45,0.45,NA,11,0.4583333333333333,Schindler-Patalas,lake,2020,7,31.456411290322592,exact_month_year
BARC,BARC.AOS.buoy.c0,2020-07-06,MESEDA,1.013,0.75,1.2,NA,1600,2.43531202435312,tow net,lake,2020,7,31.456411290322592,exact_month_year
BARC,BARC.AOS.littoral1,2020-07-06,MESEDA,0.867,0.825,0.9,NA,20,0.5555555555555556,Schindler-Patalas,lake,2020,7,31.456411290322592,exact_month_year
BARC,BARC.AOS.buoy.c0,2020-07-06,MONBUL,0.125,0.125,0.125,NA,400,0.60882800608828,tow net,lake,2020,7,31.456411290322592,exact_month_year
BARC,BARC.AOS.littoral1,2020-07-06,MONBUL,0.156,0.15,0.175,NA,27,0.75,Schindler-Patalas,lake,2020,7,31.456411290322592,exact_month_year
BARC,BARC.AOS.littoral2,2020-07-06,MONBUL,0.15,0.15,0.15,NA,22,0.9166666666666666,Schindler-Patalas,lake,2020,7,31.456411290322592,exact_month_year
BARC,BARC.AOS.littoral2,2020-07-06,MONSP9,0.125,0.1,0.15,NA,33,1.375,Schindler-Patalas,lake,2020,7,31.456411290322592,exact_month_year
BARC,BARC.AOS.littoral2,2020-07-06,NOTSP4,0.213,0.175,0.35,NA,132,5.5,Schindler-Patalas,lake,2020,7,31.456411290322592,exact_month_year
BARC,BARC.AOS.littoral2,2020-07-06,PLOLEN,0.15,0.15,0.15,NA,11,0.4583333333333333,Schindler-Patalas,lake,2020,7,31.456411290322592,exact_month_year
BARC,BARC.AOS.buoy.c0,2020-07-06,SKIMIS,0.875,0.825,0.925,NA,3200,4.87062404870624,tow net,lake,2020,7,31.456411290322592,exact_month_year
BARC,BARC.AOS.littoral1,2020-07-06,SKIMIS,0.9,0.9,0.9,NA,13,0.3611111111111111,Schindler-Patalas,lake,2020,7,31.456411290322592,exact_month_year
BARC,BARC.AOS.littoral2,2020-07-06,SKIMIS,0.875,0.85,0.925,NA,242,10.083333333333334,Schindler-Patalas,lake,2020,7,31.456411290322592,exact_month_year
BARC,BARC.AOS.buoy.c0,2020-07-06,TRILON,0.213,0.2,0.225,0.075,10800,16.438356164383563,tow net,lake,2020,7,31.456411290322592,exact_month_year
BARC,BARC.AOS.littoral2,2020-07-06,TRISIM,0.125,0.125,0.125,0.05,22,0.9166666666666666,Schindler-Patalas,lake,2020,7,31.456411290322592,exact_month_year
BARC,BARC.AOS.littoral1,2020-07-06,TRISP31,0.2,0.2,0.2,0.075,7,0.19444444444444445,Schindler-Patalas,lake,2020,7,31.456411290322592,exact_month_year
BARC,BARC.AOS.buoy.c0,2020-07-06,TROPRA1,0.413,0.4,0.425,NA,800,1.21765601217656,tow net,lake,2020,7,31.456411290322592,exact_month_year
BARC,BARC.AOS.littoral1,2020-07-06,TROPRA1,0.438,0.425,0.45,NA,573,15.916666666666666,Schindler-Patalas,lake,2020,7,31.456411290322592,exact_month_year
BARC,BARC.AOS.littoral2,2020-07-06,TROPRA1,0.407,0.35,0.425,NA,121,5.041666666666667,Schindler-Patalas,lake,2020,7,31.456411290322592,exact_month_year
BARC,BARC.AOS.buoy.c0,2020-10-27,ARCFLO,0.924,0.825,1.1,NA,13440,22.128556375131716,tow net,lake,2020,10,27.017940379946808,exact_month_year
BARC,BARC.AOS.littoral1,2020-10-27,ARCFLO,0.907,0.775,1,NA,140,3.888888888888889,Schindler-Patalas,lake,2020,10,27.017940379946808,exact_month_year
BARC,BARC.AOS.littoral2,2020-10-27,ARCFLO,0.909,0.825,1,NA,80,3.3333333333333335,Schindler-Patalas,lake,2020,10,27.017940379946808,exact_month_year
BARC,BARC.AOS.littoral1,2020-10-27,BDESP,0.2,0.2,0.2,NA,20,0.5555555555555556,Schindler-Patalas,lake,2020,10,27.017940379946808,exact_month_year
BARC,BARC.AOS.littoral2,2020-10-27,BDESP,0.175,0.175,0.175,NA,10,0.4166666666666667,Schindler-Patalas,lake,2020,10,27.017940379946808,exact_month_year
BARC,BARC.AOS.buoy.c0,2020-10-27,CALSP1,0.589,0.325,0.75,NA,20320,33.45626975763962,tow net,lake,2020,10,27.017940379946808,exact_month_year
BARC,BARC.AOS.littoral1,2020-10-27,CALSP1,0.478,0.35,0.7,NA,680,18.88888888888889,Schindler-Patalas,lake,2020,10,27.017940379946808,exact_month_year
BARC,BARC.AOS.littoral2,2020-10-27,CALSP1,0.474,0.325,0.675,NA,180,7.5,Schindler-Patalas,lake,2020,10,27.017940379946808,exact_month_year
BARC,BARC.AOS.buoy.c0,2020-10-27,CHASP13,3.525,2.75,4.675,NA,480,0.7903055848261328,tow net,lake,2020,10,27.017940379946808,exact_month_year
BARC,BARC.AOS.buoy.c0,2020-10-27,CONSP8,0.1,0.1,0.1,0.075,320,0.5268703898840885,tow net,lake,2020,10,27.017940379946808,exact_month_year
BARC,BARC.AOS.littoral2,2020-10-27,CONUNI,0.088,0.075,0.1,0.05,20,0.8333333333333334,Schindler-Patalas,lake,2020,10,27.017940379946808,exact_month_year
BARC,BARC.AOS.buoy.c0,2020-10-27,CYCSP,0.495,0.325,0.7,NA,4640,7.639620653319283,tow net,lake,2020,10,27.017940379946808,exact_month_year
BARC,BARC.AOS.littoral1,2020-10-27,CYCSP,0.513,0.4,0.675,NA,1360,37.77777777777778,Schindler-Patalas,lake,2020,10,27.017940379946808,exact_month_year
BARC,BARC.AOS.littoral2,2020-10-27,CYCSP,0.503,0.275,0.625,NA,400,16.666666666666668,Schindler-Patalas,lake,2020,10,27.017940379946808,exact_month_year
BARC,BARC.AOS.buoy.c0,2020-10-27,DIASP10,0.586,0.325,0.875,NA,7840,12.908324552160169,tow net,lake,2020,10,27.017940379946808,exact_month_year
BARC,BARC.AOS.littoral1,2020-10-27,DIASP10,0.652,0.425,0.75,NA,280,7.777777777777778,Schindler-Patalas,lake,2020,10,27.017940379946808,exact_month_year
BARC,BARC.AOS.littoral2,2020-10-27,DIASP10,0.569,0.375,0.9,NA,260,10.833333333333334,Schindler-Patalas,lake,2020,10,27.017940379946808,exact_month_year
BARC,BARC.AOS.buoy.c0,2020-10-27,EUBTUB,0.369,0.275,0.5,NA,16000,26.343519494204426,tow net,lake,2020,10,27.017940379946808,exact_month_year
BARC,BARC.AOS.littoral1,2020-10-27,EUBTUB,0.308,0.275,0.4,NA,740,20.555555555555557,Schindler-Patalas,lake,2020,10,27.017940379946808,exact_month_year
BARC,BARC.AOS.littoral2,2020-10-27,EUBTUB,0.305,0.275,0.425,NA,1140,47.5,Schindler-Patalas,lake,2020,10,27.017940379946808,exact_month_year
BARC,BARC.AOS.buoy.c0,2020-10-27,KERGRA,0.175,0.175,0.175,NA,320,0.5268703898840885,tow net,lake,2020,10,27.017940379946808,exact_month_year
BARC,BARC.AOS.littoral1,2020-10-27,KERGRA,0.175,0.175,0.175,NA,100,2.7777777777777777,Schindler-Patalas,lake,2020,10,27.017940379946808,exact_month_year
BARC,BARC.AOS.littoral2,2020-10-27,KERGRA,0.175,0.175,0.175,NA,70,2.9166666666666665,Schindler-Patalas,lake,2020,10,27.017940379946808,exact_month_year
BARC,BARC.AOS.buoy.c0,2020-10-27,MESEDA,1.126,0.75,1.225,NA,8160,13.435194942044255,tow net,lake,2020,10,27.017940379946808,exact_month_year
BARC,BARC.AOS.littoral1,2020-10-27,MESEDA,0.888,0.75,1,NA,340,9.444444444444445,Schindler-Patalas,lake,2020,10,27.017940379946808,exact_month_year
BARC,BARC.AOS.littoral2,2020-10-27,MESEDA,0.85,0.75,0.95,NA,30,1.25,Schindler-Patalas,lake,2020,10,27.017940379946808,exact_month_year
BARC,BARC.AOS.littoral2,2020-10-27,MONSP9,0.125,0.125,0.125,NA,10,0.4166666666666667,Schindler-Patalas,lake,2020,10,27.017940379946808,exact_month_year
BARC,BARC.AOS.buoy.c0,2020-10-27,SKIMIS,0.908,0.825,1,NA,480,0.7903055848261328,tow net,lake,2020,10,27.017940379946808,exact_month_year
BARC,BARC.AOS.littoral1,2020-10-27,SKIMIS,0.953,0.9,1,NA,160,4.444444444444445,Schindler-Patalas,lake,2020,10,27.017940379946808,exact_month_year
BARC,BARC.AOS.littoral2,2020-10-27,SKIMIS,0.906,0.825,0.95,NA,40,1.6666666666666667,Schindler-Patalas,lake,2020,10,27.017940379946808,exact_month_year
BARC,BARC.AOS.littoral2,2020-10-27,TRITET,0.15,0.15,0.15,NA,10,0.4166666666666667,Schindler-Patalas,lake,2020,10,27.017940379946808,exact_month_year
BARC,BARC.AOS.littoral1,2020-10-27,TROPRA1,0.45,0.45,0.45,NA,20,0.5555555555555556,Schindler-Patalas,lake,2020,10,27.017940379946808,exact_month_year
BARC,BARC.AOS.littoral2,2020-10-27,TROPRA1,0.444,0.375,0.5,NA,130,5.416666666666667,Schindler-Patalas,lake,2020,10,27.017940379946808,exact_month_year
BARC,BARC.AOS.littoral2,2021-02-10,ALOSP2,0.25,0.25,0.25,NA,9,0.375,Schindler-Patalas,lake,2021,2,17.82333042184265,exact_month_year
BARC,BARC.AOS.buoy.c0,2021-02-10,ARCFLO,0.995,0.9,1.15,NA,4320,6.575342465753424,tow net,lake,2021,2,17.82333042184265,exact_month_year
BARC,BARC.AOS.littoral1,2021-02-10,ARCFLO,0.996,0.9,1.1,NA,35,1.4583333333333333,Schindler-Patalas,lake,2021,2,17.82333042184265,exact_month_year
BARC,BARC.AOS.littoral2,2021-02-10,ARCFLO,0.958,0.825,1.05,NA,26,1.0833333333333333,Schindler-Patalas,lake,2021,2,17.82333042184265,exact_month_year
BARC,BARC.AOS.littoral1,2021-02-10,BDESP,0.263,0.25,0.275,NA,10,0.4166666666666667,Schindler-Patalas,lake,2021,2,17.82333042184265,exact_month_year
BARC,BARC.AOS.buoy.c0,2021-02-10,CALSP1,0.63,0.325,0.875,NA,41760,63.56164383561644,tow net,lake,2021,2,17.82333042184265,exact_month_year
BARC,BARC.AOS.littoral1,2021-02-10,CALSP1,0.494,0.35,0.9,NA,545,22.708333333333332,Schindler-Patalas,lake,2021,2,17.82333042184265,exact_month_year
BARC,BARC.AOS.littoral2,2021-02-10,CALSP1,0.413,0.325,0.5,NA,51,2.125,Schindler-Patalas,lake,2021,2,17.82333042184265,exact_month_year
BARC,BARC.AOS.littoral2,2021-02-10,CEPSP5,0.125,0.125,0.125,NA,9,0.375,Schindler-Patalas,lake,2021,2,17.82333042184265,exact_month_year
BARC,BARC.AOS.littoral1,2021-02-10,CHYSP,0.25,0.25,0.25,NA,5,0.20833333333333337,Schindler-Patalas,lake,2021,2,17.82333042184265,exact_month_year
BARC,BARC.AOS.littoral1,2021-02-10,CONSP8,0.088,0.075,0.1,0.08,10,0.4166666666666667,Schindler-Patalas,lake,2021,2,17.82333042184265,exact_month_year
BARC,BARC.AOS.buoy.c0,2021-02-10,CONUNI,0.081,0.075,0.125,0.051,37760,57.473363774733635,tow net,lake,2021,2,17.82333042184265,exact_month_year
BARC,BARC.AOS.littoral1,2021-02-10,CONUNI,0.075,0.075,0.075,NA,260,10.833333333333334,Schindler-Patalas,lake,2021,2,17.82333042184265,exact_month_year
BARC,BARC.AOS.buoy.c0,2021-02-10,CYCSP,0.4,0.4,0.4,NA,160,0.243531202435312,tow net,lake,2021,2,17.82333042184265,exact_month_year
BARC,BARC.AOS.littoral1,2021-02-10,CYCSP,0.275,0.275,0.275,NA,5,0.20833333333333337,Schindler-Patalas,lake,2021,2,17.82333042184265,exact_month_year
BARC,BARC.AOS.littoral1,2021-02-10,CYCSP1,0.825,0.825,0.825,NA,5,0.20833333333333337,Schindler-Patalas,lake,2021,2,17.82333042184265,exact_month_year
BARC,BARC.AOS.buoy.c0,2021-02-10,DIASP10,0.789,0.6,1.05,NA,1440,2.191780821917808,tow net,lake,2021,2,17.82333042184265,exact_month_year
BARC,BARC.AOS.buoy.c0,2021-02-10,EUBTUB,0.451,0.3,0.575,NA,3200,4.87062404870624,tow net,lake,2021,2,17.82333042184265,exact_month_year
BARC,BARC.AOS.littoral1,2021-02-10,EUBTUB,0.332,0.325,0.375,NA,35,1.4583333333333333,Schindler-Patalas,lake,2021,2,17.82333042184265,exact_month_year
BARC,BARC.AOS.littoral2,2021-02-10,EUBTUB,0.317,0.3,0.325,NA,26,1.0833333333333333,Schindler-Patalas,lake,2021,2,17.82333042184265,exact_month_year
BARC,BARC.AOS.buoy.c0,2021-02-10,GASSTY,0.1,0.1,0.1,NA,160,0.243531202435312,tow net,lake,2021,2,17.82333042184265,exact_month_year
BARC,BARC.AOS.littoral1,2021-02-10,GASSTY,0.111,0.1,0.15,NA,95,3.9583333333333335,Schindler-Patalas,lake,2021,2,17.82333042184265,exact_month_year
BARC,BARC.AOS.littoral2,2021-02-10,GASSTY,0.113,0.1,0.125,NA,17,0.7083333333333334,Schindler-Patalas,lake,2021,2,17.82333042184265,exact_month_year
BARC,BARC.AOS.buoy.c0,2021-02-10,KELBOS,0.1,0.1,0.1,NA,160,0.243531202435312,tow net,lake,2021,2,17.82333042184265,exact_month_year
BARC,BARC.AOS.littoral1,2021-02-10,KELBOS,0.1,0.1,0.1,NA,5,0.20833333333333337,Schindler-Patalas,lake,2021,2,17.82333042184265,exact_month_year
BARC,BARC.AOS.buoy.c0,2021-02-10,KERGRA,0.175,0.175,0.175,NA,2560,3.896499238964992,tow net,lake,2021,2,17.82333042184265,exact_month_year
BARC,BARC.AOS.littoral1,2021-02-10,KERGRA,0.175,0.175,0.175,NA,5,0.20833333333333337,Schindler-Patalas,lake,2021,2,17.82333042184265,exact_month_year
BARC,BARC.AOS.littoral2,2021-02-10,KERGRA,0.175,0.175,0.175,NA,9,0.375,Schindler-Patalas,lake,2021,2,17.82333042184265,exact_month_year
BARC,BARC.AOS.buoy.c0,2021-02-10,KERTAU,0.175,0.175,0.175,NA,160,0.243531202435312,tow net,lake,2021,2,17.82333042184265,exact_month_year
BARC,BARC.AOS.littoral1,2021-02-10,MONBUL,0.175,0.175,0.175,NA,5,0.20833333333333337,Schindler-Patalas,lake,2021,2,17.82333042184265,exact_month_year
BARC,BARC.AOS.littoral2,2021-02-10,MONBUL,0.175,0.175,0.175,NA,9,0.375,Schindler-Patalas,lake,2021,2,17.82333042184265,exact_month_year
BARC,BARC.AOS.littoral1,2021-02-10,MONLUN,0.15,0.15,0.15,NA,10,0.4166666666666667,Schindler-Patalas,lake,2021,2,17.82333042184265,exact_month_year
BARC,BARC.AOS.littoral1,2021-02-10,OSTSP,0.15,0.15,0.15,NA,5,0.20833333333333337,Schindler-Patalas,lake,2021,2,17.82333042184265,exact_month_year
BARC,BARC.AOS.littoral1,2021-02-10,POLSP20,0.1,0.1,0.1,NA,5,0.20833333333333337,Schindler-Patalas,lake,2021,2,17.82333042184265,exact_month_year
BARC,BARC.AOS.buoy.c0,2021-02-10,SKIMIS,0.985,0.9,1.1,NA,4000,6.0882800608828,tow net,lake,2021,2,17.82333042184265,exact_month_year
BARC,BARC.AOS.littoral1,2021-02-10,SKIMIS,0.988,0.95,1.075,NA,30,1.25,Schindler-Patalas,lake,2021,2,17.82333042184265,exact_month_year
BARC,BARC.AOS.littoral2,2021-02-10,SKIMIS,0.988,0.95,1,NA,34,1.4166666666666667,Schindler-Patalas,lake,2021,2,17.82333042184265,exact_month_year
BARC,BARC.AOS.littoral2,2021-02-10,TESSP2,0.125,0.125,0.125,NA,9,0.375,Schindler-Patalas,lake,2021,2,17.82333042184265,exact_month_year
BARC,BARC.AOS.buoy.c0,2021-02-10,TRISIM,0.15,0.15,0.15,0.05,160,0.243531202435312,tow net,lake,2021,2,17.82333042184265,exact_month_year
BARC,BARC.AOS.littoral1,2021-02-10,TRISIM,0.15,0.15,0.15,0.05,10,0.4166666666666667,Schindler-Patalas,lake,2021,2,17.82333042184265,exact_month_year
BARC,BARC.AOS.littoral2,2021-02-10,TRISIM,0.15,0.15,0.15,NA,136,5.666666666666667,Schindler-Patalas,lake,2021,2,17.82333042184265,exact_month_year
BARC,BARC.AOS.littoral1,2021-02-10,TRISP31,0.25,0.25,0.25,0.08,5,0.20833333333333337,Schindler-Patalas,lake,2021,2,17.82333042184265,exact_month_year
BARC,BARC.AOS.buoy.c0,2021-02-10,TROPRA1,NA,NA,NA,NA,320,0.487062404870624,tow net,lake,2021,2,17.82333042184265,exact_month_year
BARC,BARC.AOS.littoral1,2021-02-10,TROPRA1,0.496,0.425,0.525,NA,35,1.4583333333333333,Schindler-Patalas,lake,2021,2,17.82333042184265,exact_month_year
BARC,BARC.AOS.littoral2,2021-02-10,TROPRA1,0.513,0.45,0.6,NA,34,1.4166666666666667,Schindler-Patalas,lake,2021,2,17.82333042184265,exact_month_year
BARC,BARC.AOS.littoral1,2021-07-13,ACASP1,0.294,0.225,0.45,NA,20,0.8333333333333334,Schindler-Patalas,lake,2021,7,30.275979641013386,exact_month_year
BARC,BARC.AOS.littoral2,2021-07-13,ACASP1,0.25,0.25,0.25,NA,7,0.2916666666666667,Schindler-Patalas,lake,2021,7,30.275979641013386,exact_month_year
BARC,BARC.AOS.buoy.c0,2021-07-13,ARCFLO,0.879,0.825,0.95,NA,6400,8.767123287671232,tow net,lake,2021,7,30.275979641013386,exact_month_year
BARC,BARC.AOS.littoral1,2021-07-13,ARCFLO,0.926,0.875,1,NA,465,19.375,Schindler-Patalas,lake,2021,7,30.275979641013386,exact_month_year
BARC,BARC.AOS.littoral2,2021-07-13,ARCFLO,0.93,0.85,1,NA,127,5.291666666666667,Schindler-Patalas,lake,2021,7,30.275979641013386,exact_month_year
BARC,BARC.AOS.littoral1,2021-07-13,BDESP,0.175,0.175,0.175,NA,5,0.20833333333333337,Schindler-Patalas,lake,2021,7,30.275979641013386,exact_month_year
BARC,BARC.AOS.buoy.c0,2021-07-13,CALSP1,0.713,0.575,0.85,NA,12960,17.753424657534246,tow net,lake,2021,7,30.275979641013386,exact_month_year
BARC,BARC.AOS.littoral1,2021-07-13,CALSP1,0.414,0.3,0.85,NA,130,5.416666666666667,Schindler-Patalas,lake,2021,7,30.275979641013386,exact_month_year
BARC,BARC.AOS.littoral2,2021-07-13,CALSP1,0.356,0.35,0.375,NA,27,1.125,Schindler-Patalas,lake,2021,7,30.275979641013386,exact_month_year
BARC,BARC.AOS.littoral2,2021-07-13,CHYSPH,0.3,0.3,0.3,NA,7,0.2916666666666667,Schindler-Patalas,lake,2021,7,30.275979641013386,exact_month_year
BARC,BARC.AOS.littoral2,2021-07-13,CONSP8,0.175,0.175,0.175,0.075,7,0.2916666666666667,Schindler-Patalas,lake,2021,7,30.275979641013386,exact_month_year
BARC,BARC.AOS.buoy.c0,2021-07-13,CONUNI,0.075,0.075,0.075,0.05,320,0.4383561643835616,tow net,lake,2021,7,30.275979641013386,exact_month_year
BARC,BARC.AOS.buoy.c0,2021-07-13,CYCSP,0.536,0.4,0.7,NA,720,0.9863013698630136,tow net,lake,2021,7,30.275979641013386,exact_month_year
BARC,BARC.AOS.littoral1,2021-07-13,CYCSP,0.484,0.3,0.575,NA,40,1.6666666666666667,Schindler-Patalas,lake,2021,7,30.275979641013386,exact_month_year
BARC,BARC.AOS.littoral2,2021-07-13,CYCSP,0.38,0.225,0.925,NA,93,3.875,Schindler-Patalas,lake,2021,7,30.275979641013386,exact_month_year
BARC,BARC.AOS.buoy.c0,2021-07-13,DIASP10,0.519,0.325,0.825,NA,1040,1.4246575342465753,tow net,lake,2021,7,30.275979641013386,exact_month_year
BARC,BARC.AOS.littoral1,2021-07-13,DIASP10,0.513,0.45,0.575,NA,10,0.4166666666666667,Schindler-Patalas,lake,2021,7,30.275979641013386,exact_month_year
BARC,BARC.AOS.littoral2,2021-07-13,DIASP10,0.369,0.3,0.475,NA,27,1.125,Schindler-Patalas,lake,2021,7,30.275979641013386,exact_month_year
BARC,BARC.AOS.buoy.c0,2021-07-13,EUBTUB,0.4,0.3,0.5,NA,2560,3.506849315068493,tow net,lake,2021,7,30.275979641013386,exact_month_year
BARC,BARC.AOS.littoral1,2021-07-13,EUBTUB,0.41,0.3,0.7,NA,50,2.0833333333333335,Schindler-Patalas,lake,2021,7,30.275979641013386,exact_month_year
BARC,BARC.AOS.littoral2,2021-07-13,EUBTUB,0.321,0.275,0.375,NA,120,5,Schindler-Patalas,lake,2021,7,30.275979641013386,exact_month_year
BARC,BARC.AOS.littoral2,2021-07-13,EUCAGI,1,1,1,NA,7,0.2916666666666667,Schindler-Patalas,lake,2021,7,30.275979641013386,exact_month_year
BARC,BARC.AOS.littoral2,2021-07-13,HARSP,0.275,0.275,0.275,NA,7,0.2916666666666667,Schindler-Patalas,lake,2021,7,30.275979641013386,exact_month_year
BARC,BARC.AOS.buoy.c0,2021-07-13,HEXMIR,0.129,0.125,0.15,NA,3200,4.383561643835616,tow net,lake,2021,7,30.275979641013386,exact_month_year
BARC,BARC.AOS.littoral1,2021-07-13,HEXMIR,0.125,0.125,0.125,NA,5,0.20833333333333337,Schindler-Patalas,lake,2021,7,30.275979641013386,exact_month_year
BARC,BARC.AOS.littoral1,2021-07-13,KELBOS,0.1,0.1,0.1,NA,5,0.20833333333333337,Schindler-Patalas,lake,2021,7,30.275979641013386,exact_month_year
BARC,BARC.AOS.buoy.c0,2021-07-13,KERGRA,0.17,0.15,0.175,NA,400,0.547945205479452,tow net,lake,2021,7,30.275979641013386,exact_month_year
BARC,BARC.AOS.littoral1,2021-07-13,KERGRA,0.15,0.15,0.15,NA,90,3.75,Schindler-Patalas,lake,2021,7,30.275979641013386,exact_month_year
BARC,BARC.AOS.littoral2,2021-07-13,KERGRA,0.171,0.15,0.175,NA,200,8.333333333333334,Schindler-Patalas,lake,2021,7,30.275979641013386,exact_month_year
BARC,BARC.AOS.littoral1,2021-07-13,KERTAU,0.15,0.15,0.15,NA,5,0.20833333333333337,Schindler-Patalas,lake,2021,7,30.275979641013386,exact_month_year
BARC,BARC.AOS.littoral2,2021-07-13,LECSP1,0.175,0.175,0.175,NA,7,0.2916666666666667,Schindler-Patalas,lake,2021,7,30.275979641013386,exact_month_year
BARC,BARC.AOS.littoral2,2021-07-13,LEPSP32,0.125,0.125,0.125,NA,7,0.2916666666666667,Schindler-Patalas,lake,2021,7,30.275979641013386,exact_month_year
BARC,BARC.AOS.littoral2,2021-07-13,MACSP4,0.175,0.175,0.175,NA,7,0.2916666666666667,Schindler-Patalas,lake,2021,7,30.275979641013386,exact_month_year
BARC,BARC.AOS.buoy.c0,2021-07-13,MESEDA,1.083,0.8,1.25,NA,2880,3.9452054794520546,tow net,lake,2021,7,30.275979641013386,exact_month_year
BARC,BARC.AOS.littoral1,2021-07-13,MESEDA,0.85,0.85,0.85,NA,5,0.20833333333333337,Schindler-Patalas,lake,2021,7,30.275979641013386,exact_month_year
BARC,BARC.AOS.littoral2,2021-07-13,MESEDA,0.75,0.75,0.75,NA,7,0.2916666666666667,Schindler-Patalas,lake,2021,7,30.275979641013386,exact_month_year
BARC,BARC.AOS.littoral1,2021-07-13,MONBUL,0.175,0.175,0.175,NA,5,0.20833333333333337,Schindler-Patalas,lake,2021,7,30.275979641013386,exact_month_year
BARC,BARC.AOS.littoral1,2021-07-13,MONSP9,0.125,0.125,0.125,NA,5,0.20833333333333337,Schindler-Patalas,lake,2021,7,30.275979641013386,exact_month_year
BARC,BARC.AOS.littoral2,2021-07-13,NOTSP4,0.217,0.15,0.325,NA,20,0.8333333333333334,Schindler-Patalas,lake,2021,7,30.275979641013386,exact_month_year
BARC,BARC.AOS.buoy.c0,2021-07-13,OSTSP,0.45,0.45,0.45,NA,80,0.1095890410958904,tow net,lake,2021,7,30.275979641013386,exact_month_year
BARC,BARC.AOS.littoral1,2021-07-13,OSTSP,0.25,0.25,0.25,NA,5,0.20833333333333337,Schindler-Patalas,lake,2021,7,30.275979641013386,exact_month_year
BARC,BARC.AOS.littoral2,2021-07-13,OSTSP,0.2,0.2,0.2,NA,13,0.5416666666666666,Schindler-Patalas,lake,2021,7,30.275979641013386,exact_month_year
BARC,BARC.AOS.littoral2,2021-07-13,PARSP58,0.6,0.6,0.6,NA,7,0.2916666666666667,Schindler-Patalas,lake,2021,7,30.275979641013386,exact_month_year
BARC,BARC.AOS.littoral1,2021-07-13,PLOLEN,0.175,0.175,0.175,NA,5,0.20833333333333337,Schindler-Patalas,lake,2021,7,30.275979641013386,exact_month_year
BARC,BARC.AOS.buoy.c0,2021-07-13,SKIMIS,0.865,0.8,0.925,NA,1360,1.8630136986301369,tow net,lake,2021,7,30.275979641013386,exact_month_year
BARC,BARC.AOS.littoral1,2021-07-13,SKIMIS,0.883,0.825,0.95,NA,50,2.0833333333333335,Schindler-Patalas,lake,2021,7,30.275979641013386,exact_month_year
BARC,BARC.AOS.littoral2,2021-07-13,SKIMIS,0.9,0.9,0.9,NA,13,0.5416666666666666,Schindler-Patalas,lake,2021,7,30.275979641013386,exact_month_year
BARC,BARC.AOS.buoy.c0,2021-07-13,TROPRA1,0.463,0.425,0.5,NA,160,0.2191780821917808,tow net,lake,2021,7,30.275979641013386,exact_month_year
BARC,BARC.AOS.littoral1,2021-07-13,TROPRA1,0.438,0.425,0.45,NA,10,0.4166666666666667,Schindler-Patalas,lake,2021,7,30.275979641013386,exact_month_year
BARC,BARC.AOS.littoral2,2021-07-13,TROPRA1,0.461,0.4,0.525,NA,187,7.791666666666667,Schindler-Patalas,lake,2021,7,30.275979641013386,exact_month_year
BARC,BARC.AOS.buoy.c0,2021-11-02,ARCFLO,1.1,1.1,1.1,NA,40,0.121765601217656,tow net,lake,2021,11,20.16997000591016,exact_month_year
BARC,BARC.AOS.littoral1,2021-11-02,ARCFLO,1.1,1.1,1.1,NA,12,0.5,Schindler-Patalas,lake,2021,11,20.16997000591016,exact_month_year
BARC,BARC.AOS.buoy.c0,2021-11-02,BOSSP,0.3,0.2,0.4,NA,640,1.948249619482496,tow net,lake,2021,11,20.16997000591016,exact_month_year
BARC,BARC.AOS.littoral1,2021-11-02,BOSSP,0.3,0.3,0.3,NA,116,4.833333333333333,Schindler-Patalas,lake,2021,11,20.16997000591016,exact_month_year
BARC,BARC.AOS.buoy.c0,2021-11-02,BOSTUB,0.25,0.2,0.3,NA,400,1.21765601217656,tow net,lake,2021,11,20.16997000591016,exact_month_year
BARC,BARC.AOS.littoral2,2021-11-02,CLASP,0.14,0.08,0.2,NA,13,0.5416666666666666,Schindler-Patalas,lake,2021,11,20.16997000591016,exact_month_year
BARC,BARC.AOS.buoy.c0,2021-11-02,CONSP8,0.1,0.1,0.1,0.08,80,0.243531202435312,tow net,lake,2021,11,20.16997000591016,exact_month_year
BARC,BARC.AOS.buoy.c0,2021-11-02,CYCSP1,0.733,0.5,1,NA,520,1.582952815829528,tow net,lake,2021,11,20.16997000591016,exact_month_year
BARC,BARC.AOS.littoral1,2021-11-02,CYCSP1,0.8,0.8,0.8,NA,76,3.1666666666666665,Schindler-Patalas,lake,2021,11,20.16997000591016,exact_month_year
BARC,BARC.AOS.littoral2,2021-11-02,CYCSP1,0.45,0.3,0.6,NA,44,1.8333333333333333,Schindler-Patalas,lake,2021,11,20.16997000591016,exact_month_year
BARC,BARC.AOS.buoy.c0,2021-11-02,DIASP,0.9,0.6,1.2,NA,4520,13.75951293759513,tow net,lake,2021,11,20.16997000591016,exact_month_year
BARC,BARC.AOS.littoral1,2021-11-02,DIASP,1,1,1,NA,188,7.833333333333333,Schindler-Patalas,lake,2021,11,20.16997000591016,exact_month_year
BARC,BARC.AOS.littoral2,2021-11-02,DIASP,1,1,1,NA,31,1.2916666666666667,Schindler-Patalas,lake,2021,11,20.16997000591016,exact_month_year
BARC,BARC.AOS.buoy.c0,2021-11-02,GASSTY,0.15,0.1,0.2,0.13,120,0.365296803652968,tow net,lake,2021,11,20.16997000591016,exact_month_year
BARC,BARC.AOS.buoy.c0,2021-11-02,HEXSP6,0.15,0.15,0.15,0.08,320,0.974124809741248,tow net,lake,2021,11,20.16997000591016,exact_month_year
BARC,BARC.AOS.buoy.c0,2021-11-02,KERAME,0.175,0.15,0.2,0.065,280,0.852359208523592,tow net,lake,2021,11,20.16997000591016,exact_month_year
BARC,BARC.AOS.littoral1,2021-11-02,KERAME,0.1,0.1,0.1,0.05,256,10.666666666666666,Schindler-Patalas,lake,2021,11,20.16997000591016,exact_month_year
BARC,BARC.AOS.littoral2,2021-11-02,KERAME,0.1,0.1,0.1,0.04,219,9.125,Schindler-Patalas,lake,2021,11,20.16997000591016,exact_month_year
BARC,BARC.AOS.buoy.c0,2021-11-02,KERTAU,0.2,0.2,0.2,0.08,80,0.243531202435312,tow net,lake,2021,11,20.16997000591016,exact_month_year
BARC,BARC.AOS.buoy.c0,2021-11-02,LECLUN2,0.08,0.08,0.08,0.05,80,0.243531202435312,tow net,lake,2021,11,20.16997000591016,exact_month_year
BARC,BARC.AOS.littoral1,2021-11-02,LECMIR,0.1,0.1,0.1,0.05,4,0.16666666666666666,Schindler-Patalas,lake,2021,11,20.16997000591016,exact_month_year
BARC,BARC.AOS.littoral2,2021-11-02,LECSP1,0.1,0.1,0.1,0.08,13,0.5416666666666666,Schindler-Patalas,lake,2021,11,20.16997000591016,exact_month_year
BARC,BARC.AOS.buoy.c0,2021-11-02,PLAPAT2,0.12,0.12,0.12,0.12,40,0.121765601217656,tow net,lake,2021,11,20.16997000591016,exact_month_year
BARC,BARC.AOS.buoy.c0,2021-11-02,POLSP20,0.1,0.1,0.1,0.05,160,0.487062404870624,tow net,lake,2021,11,20.16997000591016,exact_month_year
BARC,BARC.AOS.littoral2,2021-11-02,POLSP20,0.15,0.15,0.15,0.08,6,0.25,Schindler-Patalas,lake,2021,11,20.16997000591016,exact_month_year
BARC,BARC.AOS.buoy.c0,2021-11-02,POMSP5,0.08,0.08,0.08,0.07,40,0.121765601217656,tow net,lake,2021,11,20.16997000591016,exact_month_year
BARC,BARC.AOS.buoy.c0,2021-11-02,ROTSP,0.09,0.08,0.1,0.07,2560,7.792998477929984,tow net,lake,2021,11,20.16997000591016,exact_month_year
BARC,BARC.AOS.buoy.c0,2021-11-02,SKIMIS,1.2,1.2,1.2,NA,120,0.365296803652968,tow net,lake,2021,11,20.16997000591016,exact_month_year
BARC,BARC.AOS.littoral1,2021-11-02,SKIMIS,1,1,1,NA,4,0.16666666666666666,Schindler-Patalas,lake,2021,11,20.16997000591016,exact_month_year
BARC,BARC.AOS.buoy.c0,2021-11-02,SYNSP8,0.1,0.1,0.1,0.08,120,0.365296803652968,tow net,lake,2021,11,20.16997000591016,exact_month_year
BARC,BARC.AOS.littoral2,2021-11-02,SYNSP8,0.15,0.15,0.15,0.05,6,0.25,Schindler-Patalas,lake,2021,11,20.16997000591016,exact_month_year
BARC,BARC.AOS.littoral1,2021-11-02,TRISP31,0.15,0.15,0.15,0.05,4,0.16666666666666666,Schindler-Patalas,lake,2021,11,20.16997000591016,exact_month_year
BARC,BARC.AOS.buoy.c0,2022-02-16,ARCFLO,1,1,1,NA,150,0.2389295954125518,tow net,lake,2022,2,17.133040025334164,exact_month_year
BARC,BARC.AOS.littoral2,2022-02-16,ARCFLO,1,1,1,NA,40,1.1111111111111112,Schindler-Patalas,lake,2022,2,17.133040025334164,exact_month_year
BARC,BARC.AOS.buoy.c0,2022-02-16,ASCSP1,0.15,0.15,0.15,0.08,30,0.04778591908251035,tow net,lake,2022,2,17.133040025334164,exact_month_year
BARC,BARC.AOS.littoral1,2022-02-16,ASCSP1,0.1,0.1,0.1,0.09,5,0.1388888888888889,Schindler-Patalas,lake,2022,2,17.133040025334164,exact_month_year
BARC,BARC.AOS.buoy.c0,2022-02-16,CYCSP1,0.6,0.4,0.8,NA,180,0.28671551449506216,tow net,lake,2022,2,17.133040025334164,exact_month_year
BARC,BARC.AOS.littoral1,2022-02-16,CYCSP1,0.7,0.4,1,NA,5,0.1388888888888889,Schindler-Patalas,lake,2022,2,17.133040025334164,exact_month_year
BARC,BARC.AOS.littoral2,2022-02-16,CYCSP1,0.667,0.4,1,NA,40,1.1111111111111112,Schindler-Patalas,lake,2022,2,17.133040025334164,exact_month_year
BARC,BARC.AOS.buoy.c0,2022-02-16,DAPSP1,0.8,0.6,1,NA,1470,2.3415100350430076,tow net,lake,2022,2,17.133040025334164,exact_month_year
BARC,BARC.AOS.littoral2,2022-02-16,DAPSP1,0.8,0.8,0.8,NA,5,0.1388888888888889,Schindler-Patalas,lake,2022,2,17.133040025334164,exact_month_year
BARC,BARC.AOS.buoy.c0,2022-02-16,DIASP,0.7,0.4,1,NA,6300,10.035043007327175,tow net,lake,2022,2,17.133040025334164,exact_month_year
BARC,BARC.AOS.littoral1,2022-02-16,DIASP,0.667,0.4,1,NA,98,2.7222222222222223,Schindler-Patalas,lake,2022,2,17.133040025334164,exact_month_year
BARC,BARC.AOS.littoral2,2022-02-16,DIASP,0.85,0.4,1.2,NA,720,20,Schindler-Patalas,lake,2022,2,17.133040025334164,exact_month_year
BARC,BARC.AOS.buoy.c0,2022-02-16,DIASP10,0.7,0.6,0.8,NA,90,0.14335775724753108,tow net,lake,2022,2,17.133040025334164,exact_month_year
BARC,BARC.AOS.littoral2,2022-02-16,DIASP10,1,1,1,NA,5,0.1388888888888889,Schindler-Patalas,lake,2022,2,17.133040025334164,exact_month_year
BARC,BARC.AOS.littoral2,2022-02-16,GASSTY,0.15,0.1,0.2,0.09,15,0.4166666666666667,Schindler-Patalas,lake,2022,2,17.133040025334164,exact_month_year
BARC,BARC.AOS.buoy.c0,2022-02-16,KERAME,0.1,0.1,0.1,0.05,1470,2.3415100350430076,tow net,lake,2022,2,17.133040025334164,exact_month_year
BARC,BARC.AOS.littoral1,2022-02-16,KERAME,0.1,0.1,0.1,0.05,23,0.6388888888888888,Schindler-Patalas,lake,2022,2,17.133040025334164,exact_month_year
BARC,BARC.AOS.littoral2,2022-02-16,KERAME,0.1,0.1,0.1,0.05,140,3.888888888888889,Schindler-Patalas,lake,2022,2,17.133040025334164,exact_month_year
BARC,BARC.AOS.littoral1,2022-02-16,KERCOC,0.1,0.1,0.1,0.07,3,0.08333333333333333,Schindler-Patalas,lake,2022,2,17.133040025334164,exact_month_year
BARC,BARC.AOS.buoy.c0,2022-02-16,KERTAU,0.1,0.1,0.1,0.06,30,0.04778591908251035,tow net,lake,2022,2,17.133040025334164,exact_month_year
BARC,BARC.AOS.littoral2,2022-02-16,LECCLO,0.5,0.5,0.5,0.5,5,0.1388888888888889,Schindler-Patalas,lake,2022,2,17.133040025334164,exact_month_year
BARC,BARC.AOS.littoral2,2022-02-16,LECLUN2,0.1,0.1,0.1,0.09,5,0.1388888888888889,Schindler-Patalas,lake,2022,2,17.133040025334164,exact_month_year
BARC,BARC.AOS.buoy.c0,2022-02-16,MESEDA,1.2,1.2,1.2,NA,120,0.19114367633004145,tow net,lake,2022,2,17.133040025334164,exact_month_year
BARC,BARC.AOS.littoral1,2022-02-16,ROTSP,0.1,0.05,0.15,0.1,5,0.1388888888888889,Schindler-Patalas,lake,2022,2,17.133040025334164,exact_month_year
BARC,BARC.AOS.littoral2,2022-02-16,ROTSP,0.1,0.1,0.1,0.05,5,0.1388888888888889,Schindler-Patalas,lake,2022,2,17.133040025334164,exact_month_year
BARC,BARC.AOS.littoral1,2022-02-16,SKIMIS,1,1,1,NA,8,0.2222222222222222,Schindler-Patalas,lake,2022,2,17.133040025334164,exact_month_year
BARC,BARC.AOS.littoral2,2022-02-16,SKIMIS,1,1,1,NA,90,2.5,Schindler-Patalas,lake,2022,2,17.133040025334164,exact_month_year
BARC,BARC.AOS.buoy.c0,2022-02-16,TRIMUL,0.15,0.15,0.15,0.1,30,0.04778591908251035,tow net,lake,2022,2,17.133040025334164,exact_month_year
BARC,BARC.AOS.buoy.c0,2022-02-16,TRIPOR,0.2,0.2,0.2,0.1,60,0.09557183816502073,tow net,lake,2022,2,17.133040025334164,exact_month_year
BARC,BARC.AOS.littoral2,2022-02-16,TRIPOR,0.2,0.2,0.2,0.06,15,0.4166666666666667,Schindler-Patalas,lake,2022,2,17.133040025334164,exact_month_year
BARC,BARC.AOS.littoral2,2022-02-16,TRITET,0.1,0.1,0.1,0.06,10,0.2777777777777778,Schindler-Patalas,lake,2022,2,17.133040025334164,exact_month_year
BARC,BARC.AOS.buoy.c0,2022-07-11,ARCFLO,0.85,0.8,0.9,NA,225,0.3021756647864625,tow net,lake,2022,7,31.67432046323587,exact_month_year
BARC,BARC.AOS.littoral1,2022-07-11,ARCFLO,1,1,1,NA,75,3.125,Schindler-Patalas,lake,2022,7,31.67432046323587,exact_month_year
BARC,BARC.AOS.littoral2,2022-07-11,ARCFLO,0.9,0.8,1,NA,50,1.3888888888888888,Schindler-Patalas,lake,2022,7,31.67432046323587,exact_month_year
BARC,BARC.AOS.buoy.c0,2022-07-11,BOSTUB,0.25,0.2,0.3,NA,75,0.10072522159548752,tow net,lake,2022,7,31.67432046323587,exact_month_year
BARC,BARC.AOS.littoral1,2022-07-11,BOSTUB,0.35,0.3,0.4,NA,20,0.8333333333333334,Schindler-Patalas,lake,2022,7,31.67432046323587,exact_month_year
BARC,BARC.AOS.littoral2,2022-07-11,BOSTUB,0.25,0.2,0.3,NA,60,1.6666666666666667,Schindler-Patalas,lake,2022,7,31.67432046323587,exact_month_year
BARC,BARC.AOS.buoy.c0,2022-07-11,CALSP1,0.75,0.5,1,NA,4290,5.7614826752618855,tow net,lake,2022,7,31.67432046323587,exact_month_year
BARC,BARC.AOS.littoral1,2022-07-11,CALSP1,1.1,1,1.2,NA,193,8.041666666666666,Schindler-Patalas,lake,2022,7,31.67432046323587,exact_month_year
BARC,BARC.AOS.littoral2,2022-07-11,CALSP1,0.8,0.6,1,NA,2260,62.77777777777778,Schindler-Patalas,lake,2022,7,31.67432046323587,exact_month_year
BARC,BARC.AOS.littoral1,2022-07-11,CHYSPH,0.3,0.3,0.3,NA,3,0.125,Schindler-Patalas,lake,2022,7,31.67432046323587,exact_month_year
BARC,BARC.AOS.buoy.c0,2022-07-11,CYCSP,0.5,0.2,0.8,NA,150,0.20145044319097505,tow net,lake,2022,7,31.67432046323587,exact_month_year
BARC,BARC.AOS.littoral1,2022-07-11,CYCSP,0.4,0.3,0.5,NA,130,5.416666666666667,Schindler-Patalas,lake,2022,7,31.67432046323587,exact_month_year
BARC,BARC.AOS.littoral2,2022-07-11,CYCSP,0.566,0.4,0.8,NA,270,7.5,Schindler-Patalas,lake,2022,7,31.67432046323587,exact_month_year
BARC,BARC.AOS.buoy.c0,2022-07-11,DIASP10,0.433,0.3,0.6,NA,105,0.14101531023368252,tow net,lake,2022,7,31.67432046323587,exact_month_year
BARC,BARC.AOS.littoral2,2022-07-11,DIASP10,0.55,0.4,0.7,NA,50,1.3888888888888888,Schindler-Patalas,lake,2022,7,31.67432046323587,exact_month_year
BARC,BARC.AOS.littoral1,2022-07-11,KERSP,0.12,0.12,0.12,0.07,3,0.125,Schindler-Patalas,lake,2022,7,31.67432046323587,exact_month_year
BARC,BARC.AOS.buoy.c0,2022-07-11,MESEDA,1.1,1,1.2,NA,270,0.36261079774375504,tow net,lake,2022,7,31.67432046323587,exact_month_year
BARC,BARC.AOS.littoral2,2022-07-11,MESEDA,1,1,1,NA,100,2.7777777777777777,Schindler-Patalas,lake,2022,7,31.67432046323587,exact_month_year
BARC,BARC.AOS.buoy.c0,2022-07-11,SKIMIS,0.8,0.8,0.8,NA,75,0.10072522159548752,tow net,lake,2022,7,31.67432046323587,exact_month_year
BARC,BARC.AOS.littoral1,2022-07-11,TROPRA1,0.4,0.4,0.4,NA,8,0.3333333333333333,Schindler-Patalas,lake,2022,7,31.67432046323587,exact_month_year
BARC,BARC.AOS.buoy.c0,2022-11-01,ARCFLO,1,1,1,NA,50,0.07783312577833126,tow net,lake,2022,11,22.10460031974779,exact_month_year
BARC,BARC.AOS.littoral1,2022-11-01,ARCFLO,1,1,1,NA,28,0.7777777777777778,Schindler-Patalas,lake,2022,11,22.10460031974779,exact_month_year
BARC,BARC.AOS.littoral2,2022-11-01,ARCFLO,1,1,1,NA,15,0.4166666666666667,Schindler-Patalas,lake,2022,11,22.10460031974779,exact_month_year
BARC,BARC.AOS.buoy.c0,2022-11-01,ASCSP1,0.1,0.1,0.1,0.08,25,0.03891656288916563,tow net,lake,2022,11,22.10460031974779,exact_month_year
BARC,BARC.AOS.littoral1,2022-11-01,BOSTUB,0.3,0.3,0.3,NA,10,0.2777777777777778,Schindler-Patalas,lake,2022,11,22.10460031974779,exact_month_year
BARC,BARC.AOS.buoy.c0,2022-11-01,CALSP1,0.8,0.4,1.2,NA,970,1.5099626400996264,tow net,lake,2022,11,22.10460031974779,exact_month_year
BARC,BARC.AOS.littoral1,2022-11-01,CALSP1,0.733,0.4,1,NA,98,2.7222222222222223,Schindler-Patalas,lake,2022,11,22.10460031974779,exact_month_year
BARC,BARC.AOS.littoral2,2022-11-01,CALSP1,0.733,0.4,1,NA,57,1.5833333333333333,Schindler-Patalas,lake,2022,11,22.10460031974779,exact_month_year
BARC,BARC.AOS.buoy.c0,2022-11-01,CYCSP1,0.35,0.3,0.4,NA,20,0.0311332503113325,tow net,lake,2022,11,22.10460031974779,exact_month_year
BARC,BARC.AOS.littoral1,2022-11-01,CYCSP1,0.35,0.3,0.4,NA,5,0.1388888888888889,Schindler-Patalas,lake,2022,11,22.10460031974779,exact_month_year
BARC,BARC.AOS.littoral2,2022-11-01,CYCSP1,0.5,0.3,0.8,NA,30,0.8333333333333334,Schindler-Patalas,lake,2022,11,22.10460031974779,exact_month_year
BARC,BARC.AOS.buoy.c0,2022-11-01,DAPSP1,0.6,0.6,0.6,NA,5,0.00778331257783312,tow net,lake,2022,11,22.10460031974779,exact_month_year
BARC,BARC.AOS.littoral1,2022-11-01,GASHYP,0.08,0.08,0.08,0.06,5,0.1388888888888889,Schindler-Patalas,lake,2022,11,22.10460031974779,exact_month_year
BARC,BARC.AOS.littoral2,2022-11-01,GASSP6,0.12,0.12,0.12,0.1,3,0.08333333333333333,Schindler-Patalas,lake,2022,11,22.10460031974779,exact_month_year
BARC,BARC.AOS.buoy.c0,2022-11-01,KERAME,0.1,0.1,0.1,0.05,640,0.99626400996264,tow net,lake,2022,11,22.10460031974779,exact_month_year
BARC,BARC.AOS.littoral1,2022-11-01,KERAME,1,1,1,0.05,413,11.47222222222222,Schindler-Patalas,lake,2022,11,22.10460031974779,exact_month_year
BARC,BARC.AOS.littoral2,2022-11-01,KERAME,0.1,0.1,0.1,0.05,87,2.4166666666666665,Schindler-Patalas,lake,2022,11,22.10460031974779,exact_month_year
BARC,BARC.AOS.littoral1,2022-11-01,LECBUL,0.12,0.12,0.12,0.08,3,0.08333333333333333,Schindler-Patalas,lake,2022,11,22.10460031974779,exact_month_year
BARC,BARC.AOS.littoral2,2022-11-01,LECBUL,0.1,0.1,0.1,0.08,6,0.16666666666666666,Schindler-Patalas,lake,2022,11,22.10460031974779,exact_month_year
BARC,BARC.AOS.buoy.c0,2022-11-01,LECMIR,0.115,0.1,0.13,0.07,10,0.01556662515566625,tow net,lake,2022,11,22.10460031974779,exact_month_year
BARC,BARC.AOS.littoral1,2022-11-01,LECMIR,0.2,0.2,0.2,0.15,3,0.08333333333333333,Schindler-Patalas,lake,2022,11,22.10460031974779,exact_month_year
BARC,BARC.AOS.littoral2,2022-11-01,LECMIR,0.1,0.1,0.1,0.07,3,0.08333333333333333,Schindler-Patalas,lake,2022,11,22.10460031974779,exact_month_year
BARC,BARC.AOS.littoral2,2022-11-01,LEPSP32,0.1,0.1,0.1,0.08,3,0.08333333333333333,Schindler-Patalas,lake,2022,11,22.10460031974779,exact_month_year
BARC,BARC.AOS.littoral1,2022-11-01,PLAPAT2,0.13,0.13,0.13,0.1,3,0.08333333333333333,Schindler-Patalas,lake,2022,11,22.10460031974779,exact_month_year
BARC,BARC.AOS.buoy.c0,2022-11-01,POLSP20,0.1,0.1,0.1,0.08,100,0.15566625155666253,tow net,lake,2022,11,22.10460031974779,exact_month_year
BARC,BARC.AOS.littoral1,2022-11-01,POLSP20,0.1,0.1,0.1,0.08,8,0.2222222222222222,Schindler-Patalas,lake,2022,11,22.10460031974779,exact_month_year
BARC,BARC.AOS.littoral2,2022-11-01,POLSP20,0.1,0.1,0.1,0.08,24,0.6666666666666666,Schindler-Patalas,lake,2022,11,22.10460031974779,exact_month_year
BARC,BARC.AOS.buoy.c0,2022-11-01,POMSP5,0.07,0.06,0.08,0.06,35,0.05448318804483188,tow net,lake,2022,11,22.10460031974779,exact_month_year
BARC,BARC.AOS.littoral1,2022-11-01,POMSP5,0.1,0.1,0.1,0.08,10,0.2777777777777778,Schindler-Patalas,lake,2022,11,22.10460031974779,exact_month_year
BARC,BARC.AOS.littoral2,2022-11-01,POMSP5,0.1,0.1,0.1,0.08,3,0.08333333333333333,Schindler-Patalas,lake,2022,11,22.10460031974779,exact_month_year
BARC,BARC.AOS.buoy.c0,2022-11-01,SKIMIS,1,1,1,NA,5,0.00778331257783312,tow net,lake,2022,11,22.10460031974779,exact_month_year
BARC,BARC.AOS.littoral1,2022-11-01,SKIMIS,1,1,1,NA,5,0.1388888888888889,Schindler-Patalas,lake,2022,11,22.10460031974779,exact_month_year
BARC,BARC.AOS.littoral1,2022-11-01,TRIMUL,0.2,0.2,0.2,0.06,3,0.08333333333333333,Schindler-Patalas,lake,2022,11,22.10460031974779,exact_month_year
BARC,BARC.AOS.buoy.c0,2022-11-01,TRISP31,0.15,0.15,0.15,0.05,10,0.01556662515566625,tow net,lake,2022,11,22.10460031974779,exact_month_year
BARC,BARC.AOS.littoral2,2022-11-01,TRISP31,0.175,0.15,0.2,0.055,6,0.16666666666666666,Schindler-Patalas,lake,2022,11,22.10460031974779,exact_month_year
BARC,BARC.AOS.littoral2,2022-11-01,TROPRA1,0.5,0.5,0.5,NA,21,0.5833333333333334,Schindler-Patalas,lake,2022,11,22.10460031974779,exact_month_year
BARC,BARC.AOS.buoy.c0,2023-02-07,ARCFLO,0.9,0.8,1,NA,180,0.28019925280199254,tow net,lake,2023,2,19.942928400856395,exact_month_year
BARC,BARC.AOS.littoral1,2023-02-07,ARCFLO,1,1,1,NA,2,0.08333333333333333,Schindler-Patalas,lake,2023,2,19.942928400856395,exact_month_year
BARC,BARC.AOS.buoy.c0,2023-02-07,BOSTUB,0.3,0.2,0.4,NA,330,0.5136986301369864,tow net,lake,2023,2,19.942928400856395,exact_month_year
BARC,BARC.AOS.littoral1,2023-02-07,BOSTUB,0.35,0.3,0.4,NA,32,1.3333333333333333,Schindler-Patalas,lake,2023,2,19.942928400856395,exact_month_year
BARC,BARC.AOS.littoral2,2023-02-07,BOSTUB,0.3,0.3,0.3,NA,3,0.125,Schindler-Patalas,lake,2023,2,19.942928400856395,exact_month_year
BARC,BARC.AOS.buoy.c0,2023-02-07,CALSP1,0.825,0.3,1.2,NA,11640,18.119551681195517,tow net,lake,2023,2,19.942928400856395,exact_month_year
BARC,BARC.AOS.littoral1,2023-02-07,CALSP1,0.4,0.2,0.6,NA,216,9,Schindler-Patalas,lake,2023,2,19.942928400856395,exact_month_year
BARC,BARC.AOS.littoral2,2023-02-07,CALSP1,0.567,0.3,0.8,NA,67,2.7916666666666665,Schindler-Patalas,lake,2023,2,19.942928400856395,exact_month_year
BARC,BARC.AOS.buoy.c0,2023-02-07,CYCSP1,0.6,0.4,0.8,NA,450,0.7004981320049813,tow net,lake,2023,2,19.942928400856395,exact_month_year
BARC,BARC.AOS.littoral1,2023-02-07,CYCSP1,0.5,0.3,0.7,NA,22,0.9166666666666666,Schindler-Patalas,lake,2023,2,19.942928400856395,exact_month_year
BARC,BARC.AOS.littoral2,2023-02-07,CYCSP1,0.6,0.4,0.8,NA,22,0.9166666666666666,Schindler-Patalas,lake,2023,2,19.942928400856395,exact_month_year
BARC,BARC.AOS.buoy.c0,2023-02-07,DAPAMB,0.575,0.4,0.8,NA,1020,1.5877957658779578,tow net,lake,2023,2,19.942928400856395,exact_month_year
BARC,BARC.AOS.littoral2,2023-02-07,DAPAMB,0.65,0.6,0.7,NA,2,0.08333333333333333,Schindler-Patalas,lake,2023,2,19.942928400856395,exact_month_year
BARC,BARC.AOS.littoral1,2023-02-07,DAPSP1,0.4,0.4,0.4,NA,2,0.08333333333333333,Schindler-Patalas,lake,2023,2,19.942928400856395,exact_month_year
BARC,BARC.AOS.buoy.c0,2023-02-07,DIABIR,0.6,0.6,0.6,NA,30,0.04669987546699875,tow net,lake,2023,2,19.942928400856395,exact_month_year
BARC,BARC.AOS.littoral1,2023-02-07,GASSP6,0.1,0.1,0.1,0.08,8,0.3333333333333333,Schindler-Patalas,lake,2023,2,19.942928400856395,exact_month_year
BARC,BARC.AOS.buoy.c0,2023-02-07,GASSTY,0.1,0.1,0.1,0.08,30,0.04669987546699875,tow net,lake,2023,2,19.942928400856395,exact_month_year
BARC,BARC.AOS.littoral2,2023-02-07,GASSTY,0.09,0.08,0.1,0.07,5,0.20833333333333337,Schindler-Patalas,lake,2023,2,19.942928400856395,exact_month_year
BARC,BARC.AOS.buoy.c0,2023-02-07,KERAME,0.1,0.1,0.1,0.05,210,0.3268991282689913,tow net,lake,2023,2,19.942928400856395,exact_month_year
BARC,BARC.AOS.littoral1,2023-02-07,KERAME,0.1,0.1,0.1,0.05,2,0.08333333333333333,Schindler-Patalas,lake,2023,2,19.942928400856395,exact_month_year
BARC,BARC.AOS.littoral2,2023-02-07,KERAME,0.1,0.1,0.1,0.05,5,0.20833333333333337,Schindler-Patalas,lake,2023,2,19.942928400856395,exact_month_year
BARC,BARC.AOS.buoy.c0,2023-02-07,LECSP1,0.1,0.1,0.1,0.08,30,0.04669987546699875,tow net,lake,2023,2,19.942928400856395,exact_month_year
BARC,BARC.AOS.buoy.c0,2023-02-07,MESEDA,1.1,1,1.2,NA,360,0.5603985056039851,tow net,lake,2023,2,19.942928400856395,exact_month_year
BARC,BARC.AOS.littoral1,2023-02-07,MESEDA,0.8,0.8,0.8,NA,2,0.08333333333333333,Schindler-Patalas,lake,2023,2,19.942928400856395,exact_month_year
BARC,BARC.AOS.buoy.c0,2023-02-07,SKIMIS,0.9,0.8,1,NA,150,0.2334993773349938,tow net,lake,2023,2,19.942928400856395,exact_month_year
BARC,BARC.AOS.littoral1,2023-02-07,SKIMIS,1,1,1,NA,4,0.16666666666666666,Schindler-Patalas,lake,2023,2,19.942928400856395,exact_month_year
BARC,BARC.AOS.littoral2,2023-02-07,SYNSP8,0.1,0.1,0.1,0.08,1,0.04166666666666666,Schindler-Patalas,lake,2023,2,19.942928400856395,exact_month_year
BARC,BARC.AOS.littoral1,2023-02-07,TRISP31,0.15,0.15,0.15,0.06,2,0.08333333333333333,Schindler-Patalas,lake,2023,2,19.942928400856395,exact_month_year
BARC,BARC.AOS.buoy.c0,2023-02-07,TROPRA1,0.5,0.5,0.5,NA,120,0.18679950186799504,tow net,lake,2023,2,19.942928400856395,exact_month_year
BARC,BARC.AOS.littoral1,2023-02-07,TROPRA1,0.55,0.5,0.6,NA,10,0.4166666666666667,Schindler-Patalas,lake,2023,2,19.942928400856395,exact_month_year
BARC,BARC.AOS.littoral2,2023-02-07,TROPRA1,0.55,0.5,0.6,NA,5,0.20833333333333337,Schindler-Patalas,lake,2023,2,19.942928400856395,exact_month_year
BARC,BARC.AOS.buoy.c0,2023-06-28,ARCFLO,1,1,1,NA,180,0.28671551449506216,tow net,lake,2023,6,29.023759765590963,exact_month_year
BARC,BARC.AOS.littoral1,2023-06-28,ARCFLO,1,1,1,NA,219,6.083333333333333,Schindler-Patalas,lake,2023,6,29.023759765590963,exact_month_year
BARC,BARC.AOS.littoral2,2023-06-28,ARCFLO,1,1,1,NA,45,1.875,Schindler-Patalas,lake,2023,6,29.023759765590963,exact_month_year
BARC,BARC.AOS.buoy.c0,2023-06-28,BOSTUB,0.35,0.3,0.4,NA,160,0.2548582351067219,tow net,lake,2023,6,29.023759765590963,exact_month_year
BARC,BARC.AOS.littoral1,2023-06-28,BOSTUB,0.35,0.3,0.4,NA,18,0.5,Schindler-Patalas,lake,2023,6,29.023759765590963,exact_month_year
BARC,BARC.AOS.buoy.c0,2023-06-28,CALSP1,0.8,0.4,1.2,NA,4660,7.422746097483276,tow net,lake,2023,6,29.023759765590963,exact_month_year
BARC,BARC.AOS.littoral1,2023-06-28,CALSP1,0.9,0.6,1.2,NA,288,8,Schindler-Patalas,lake,2023,6,29.023759765590963,exact_month_year
BARC,BARC.AOS.littoral2,2023-06-28,CALSP1,0.7,0.4,1,NA,426,17.75,Schindler-Patalas,lake,2023,6,29.023759765590963,exact_month_year
BARC,BARC.AOS.buoy.c0,2023-06-28,CYCSP1,0.5,0.3,0.8,NA,220,0.35043007327174264,tow net,lake,2023,6,29.023759765590963,exact_month_year
BARC,BARC.AOS.littoral1,2023-06-28,CYCSP1,0.433,0.3,0.6,NA,18,0.5,Schindler-Patalas,lake,2023,6,29.023759765590963,exact_month_year
BARC,BARC.AOS.littoral2,2023-06-28,CYCSP1,0.45,0.4,0.5,NA,9,0.375,Schindler-Patalas,lake,2023,6,29.023759765590963,exact_month_year
BARC,BARC.AOS.buoy.c0,2023-06-28,DIABIR,0.433,0.3,0.6,NA,2340,3.727301688435808,tow net,lake,2023,6,29.023759765590963,exact_month_year
BARC,BARC.AOS.littoral2,2023-06-28,DIABIR,0.5,0.4,0.6,NA,9,0.375,Schindler-Patalas,lake,2023,6,29.023759765590963,exact_month_year
BARC,BARC.AOS.buoy.c0,2023-06-28,KERAME,0.1,0.1,0.1,0.05,380,0.6052883083784645,tow net,lake,2023,6,29.023759765590963,exact_month_year
BARC,BARC.AOS.littoral1,2023-06-28,KERAME,0.1,0.1,0.1,0.06,3,0.08333333333333333,Schindler-Patalas,lake,2023,6,29.023759765590963,exact_month_year
BARC,BARC.AOS.littoral2,2023-06-28,KERAME,0.1,0.1,0.1,0.05,9,0.375,Schindler-Patalas,lake,2023,6,29.023759765590963,exact_month_year
BARC,BARC.AOS.littoral2,2023-06-28,KERTAU,0.1,0.1,0.1,0.06,3,0.125,Schindler-Patalas,lake,2023,6,29.023759765590963,exact_month_year
BARC,BARC.AOS.buoy.c0,2023-06-28,MESEDA,1,0.8,1.2,NA,520,0.8282892640968462,tow net,lake,2023,6,29.023759765590963,exact_month_year
BARC,BARC.AOS.buoy.c0,2023-06-28,SKIMIS,0.9,0.8,1,NA,40,0.06371455877668047,tow net,lake,2023,6,29.023759765590963,exact_month_year
BARC,BARC.AOS.littoral2,2023-06-28,SKIMIS,1,1,1,NA,3,0.125,Schindler-Patalas,lake,2023,6,29.023759765590963,exact_month_year
BARC,BARC.AOS.littoral1,2023-06-28,TRISP31,0.12,0.12,0.12,0.04,3,0.08333333333333333,Schindler-Patalas,lake,2023,6,29.023759765590963,exact_month_year
BARC,BARC.AOS.buoy.c0,2023-06-28,TROPRA1,0.4,0.4,0.4,NA,20,0.03185727938834024,tow net,lake,2023,6,29.023759765590963,exact_month_year
BARC,BARC.AOS.littoral1,2023-06-28,TROPRA1,0.45,0.4,0.5,NA,18,0.5,Schindler-Patalas,lake,2023,6,29.023759765590963,exact_month_year
BARC,BARC.AOS.littoral2,2023-06-28,TROPRA1,0.45,0.4,0.5,NA,42,1.75,Schindler-Patalas,lake,2023,6,29.023759765590963,exact_month_year
BARC,BARC.AOS.buoy.c0,2023-11-01,ASCSP1,0.08,0.08,0.08,0.06,50,0.08153946510110893,tow net,lake,2023,11,21.4979896616766,exact_month_year
BARC,BARC.AOS.littoral1,2023-11-01,ASCSP1,0.09,0.09,0.09,0.07,10,0.2777777777777778,Schindler-Patalas,lake,2023,11,21.4979896616766,exact_month_year
BARC,BARC.AOS.buoy.c0,2023-11-01,BOSSP1,0.34,0.26,0.43,NA,300,0.4892367906066536,tow net,lake,2023,11,21.4979896616766,exact_month_year
BARC,BARC.AOS.littoral1,2023-11-01,BOSSP1,0.32,0.32,0.32,NA,10,0.2777777777777778,Schindler-Patalas,lake,2023,11,21.4979896616766,exact_month_year
BARC,BARC.AOS.buoy.c0,2023-11-01,CALSP1,0.53,0.32,0.92,NA,2050,3.3431180691454663,tow net,lake,2023,11,21.4979896616766,exact_month_year
BARC,BARC.AOS.littoral1,2023-11-01,CALSP1,0.57,0.37,0.92,NA,350,9.72222222222222,Schindler-Patalas,lake,2023,11,21.4979896616766,exact_month_year
BARC,BARC.AOS.littoral2,2023-11-01,CALSP1,1.02,1.02,1.02,NA,8,0.2222222222222222,Schindler-Patalas,lake,2023,11,21.4979896616766,exact_month_year
BARC,BARC.AOS.littoral1,2023-11-01,COLSP12,0.14,0.1,0.21,0.08,70,1.9444444444444444,Schindler-Patalas,lake,2023,11,21.4979896616766,exact_month_year
BARC,BARC.AOS.littoral2,2023-11-01,COLSP12,0.12,0.11,0.14,0.07,17,0.4722222222222222,Schindler-Patalas,lake,2023,11,21.4979896616766,exact_month_year
BARC,BARC.AOS.littoral1,2023-11-01,CONSP8,0.13,0.11,0.14,0.07,30,0.8333333333333334,Schindler-Patalas,lake,2023,11,21.4979896616766,exact_month_year
BARC,BARC.AOS.buoy.c0,2023-11-01,CONSP9,0.44,0.32,0.63,0.42,550,0.8969341161121982,tow net,lake,2023,11,21.4979896616766,exact_month_year
BARC,BARC.AOS.littoral2,2023-11-01,CONSP9,0.32,0.32,0.32,0.21,8,0.2222222222222222,Schindler-Patalas,lake,2023,11,21.4979896616766,exact_month_year
BARC,BARC.AOS.buoy.c0,2023-11-01,CYCSP,0.67,0.22,1.18,NA,700,1.141552511415525,tow net,lake,2023,11,21.4979896616766,exact_month_year
BARC,BARC.AOS.littoral1,2023-11-01,CYCSP,0.44,0.21,0.87,NA,270,7.5,Schindler-Patalas,lake,2023,11,21.4979896616766,exact_month_year
BARC,BARC.AOS.littoral2,2023-11-01,CYCSP,0.31,0.2,0.46,NA,625,17.36111111111111,Schindler-Patalas,lake,2023,11,21.4979896616766,exact_month_year
BARC,BARC.AOS.buoy.c0,2023-11-01,DAPSP1,0.48,0.35,0.58,NA,700,1.141552511415525,tow net,lake,2023,11,21.4979896616766,exact_month_year
BARC,BARC.AOS.buoy.c0,2023-11-01,KERSP,0.1,0.09,0.11,0.04,3700,6.033920417482061,tow net,lake,2023,11,21.4979896616766,exact_month_year
BARC,BARC.AOS.littoral1,2023-11-01,KERSP,0.1,0.08,0.12,0.05,610,16.944444444444443,Schindler-Patalas,lake,2023,11,21.4979896616766,exact_month_year
BARC,BARC.AOS.littoral2,2023-11-01,KERSP,0.1,0.07,0.12,0.05,75,2.0833333333333335,Schindler-Patalas,lake,2023,11,21.4979896616766,exact_month_year
BARC,BARC.AOS.buoy.c0,2023-11-01,LECSP1,0.14,0.14,0.14,0.07,100,0.16307893020221786,tow net,lake,2023,11,21.4979896616766,exact_month_year
BARC,BARC.AOS.littoral1,2023-11-01,LECSP1,0.14,0.14,0.14,0.1,10,0.2777777777777778,Schindler-Patalas,lake,2023,11,21.4979896616766,exact_month_year
BARC,BARC.AOS.littoral2,2023-11-01,MONSP8,0.14,0.14,0.14,0.06,8,0.2222222222222222,Schindler-Patalas,lake,2023,11,21.4979896616766,exact_month_year
BARC,BARC.AOS.littoral2,2023-11-01,PLOSP1,0.14,0.14,0.14,0.09,8,0.2222222222222222,Schindler-Patalas,lake,2023,11,21.4979896616766,exact_month_year
BARC,BARC.AOS.buoy.c0,2023-11-01,POLSP20,0.09,0.09,0.09,0.06,100,0.16307893020221786,tow net,lake,2023,11,21.4979896616766,exact_month_year
BARC,BARC.AOS.littoral1,2023-11-01,POLSP20,0.1,0.09,0.11,0.07,40,1.1111111111111112,Schindler-Patalas,lake,2023,11,21.4979896616766,exact_month_year
BARC,BARC.AOS.littoral2,2023-11-01,POLSP20,0.12,0.12,0.12,0.07,8,0.2222222222222222,Schindler-Patalas,lake,2023,11,21.4979896616766,exact_month_year
BARC,BARC.AOS.buoy.c0,2023-11-01,TRISP31,0.23,0.2,0.29,0.09,150,0.2446183953033268,tow net,lake,2023,11,21.4979896616766,exact_month_year
BARC,BARC.AOS.littoral1,2023-11-01,TRISP31,0.16,0.13,0.2,0.1,30,0.8333333333333334,Schindler-Patalas,lake,2023,11,21.4979896616766,exact_month_year
BARC,BARC.AOS.littoral1,2024-02-07,ACRSP6,0.23,0.23,0.23,NA,13,0.3611111111111111,Schindler-Patalas,lake,2024,2,16.94543905307984,exact_month_year
BARC,BARC.AOS.littoral2,2024-02-07,ACRSP6,0.22,0.21,0.22,NA,33,0.9166666666666666,Schindler-Patalas,lake,2024,2,16.94543905307984,exact_month_year
BARC,BARC.AOS.littoral1,2024-02-07,ASCSP1,0.1,0.09,0.1,0.08,25,0.6944444444444444,Schindler-Patalas,lake,2024,2,16.94543905307984,exact_month_year
BARC,BARC.AOS.buoy.c0,2024-02-07,BOSSP1,0.34,0.23,0.43,NA,200,0.31133250311332505,tow net,lake,2024,2,16.94543905307984,exact_month_year
BARC,BARC.AOS.littoral1,2024-02-07,BOSSP1,0.33,0.17,0.43,NA,175,4.861111111111111,Schindler-Patalas,lake,2024,2,16.94543905307984,exact_month_year
BARC,BARC.AOS.littoral2,2024-02-07,BOSSP1,0.28,0.28,0.28,NA,17,0.4722222222222222,Schindler-Patalas,lake,2024,2,16.94543905307984,exact_month_year
BARC,BARC.AOS.buoy.c0,2024-02-07,CALSP1,0.55,0.26,1.01,NA,4800,7.471980074719801,tow net,lake,2024,2,16.94543905307984,exact_month_year
BARC,BARC.AOS.littoral1,2024-02-07,CALSP1,0.61,0.33,0.97,NA,1188,33,Schindler-Patalas,lake,2024,2,16.94543905307984,exact_month_year
BARC,BARC.AOS.littoral2,2024-02-07,CALSP1,0.48,0.22,0.72,NA,217,6.027777777777778,Schindler-Patalas,lake,2024,2,16.94543905307984,exact_month_year
BARC,BARC.AOS.littoral1,2024-02-07,COLSP12,0.11,0.08,0.14,0.06,50,1.3888888888888888,Schindler-Patalas,lake,2024,2,16.94543905307984,exact_month_year
BARC,BARC.AOS.buoy.c0,2024-02-07,CONSP8,0.13,0.1,0.15,0.09,100,0.15566625155666253,tow net,lake,2024,2,16.94543905307984,exact_month_year
BARC,BARC.AOS.buoy.c0,2024-02-07,CONSP9,0.52,0.46,0.57,0.56,100,0.15566625155666253,tow net,lake,2024,2,16.94543905307984,exact_month_year
BARC,BARC.AOS.littoral1,2024-02-07,CONSP9,0.3,0.3,0.3,0.24,13,0.3611111111111111,Schindler-Patalas,lake,2024,2,16.94543905307984,exact_month_year
BARC,BARC.AOS.buoy.c0,2024-02-07,CYCSP,0.63,0.28,1.42,NA,650,1.0118306351183064,tow net,lake,2024,2,16.94543905307984,exact_month_year
BARC,BARC.AOS.littoral1,2024-02-07,CYCSP,0.65,0.22,1.34,NA,213,5.916666666666667,Schindler-Patalas,lake,2024,2,16.94543905307984,exact_month_year
BARC,BARC.AOS.littoral2,2024-02-07,CYCSP,0.43,0.23,1.13,NA,217,6.027777777777778,Schindler-Patalas,lake,2024,2,16.94543905307984,exact_month_year
BARC,BARC.AOS.littoral1,2024-02-07,DAPSP1,0.47,0.4,0.54,NA,25,0.6944444444444444,Schindler-Patalas,lake,2024,2,16.94543905307984,exact_month_year
BARC,BARC.AOS.littoral1,2024-02-07,DIASP10,0.49,0.26,0.97,NA,50,1.3888888888888888,Schindler-Patalas,lake,2024,2,16.94543905307984,exact_month_year
BARC,BARC.AOS.buoy.c0,2024-02-07,GASSP6,0.1,0.09,0.11,0.07,100,0.15566625155666253,tow net,lake,2024,2,16.94543905307984,exact_month_year
BARC,BARC.AOS.littoral1,2024-02-07,HEXSP6,0.11,0.11,0.11,0.08,13,0.3611111111111111,Schindler-Patalas,lake,2024,2,16.94543905307984,exact_month_year
BARC,BARC.AOS.buoy.c0,2024-02-07,KERSP,0.12,0.1,0.13,0.05,9400,14.632627646326275,tow net,lake,2024,2,16.94543905307984,exact_month_year
BARC,BARC.AOS.littoral1,2024-02-07,KERSP,0.11,0.09,0.13,0.06,488,13.555555555555555,Schindler-Patalas,lake,2024,2,16.94543905307984,exact_month_year
BARC,BARC.AOS.littoral2,2024-02-07,KERSP,0.11,0.08,0.13,0.06,383,10.63888888888889,Schindler-Patalas,lake,2024,2,16.94543905307984,exact_month_year
BARC,BARC.AOS.buoy.c0,2024-02-07,NOTSP11,0.15,0.15,0.15,0.06,50,0.07783312577833126,tow net,lake,2024,2,16.94543905307984,exact_month_year
BARC,BARC.AOS.buoy.c0,2024-02-07,POLSP20,0.1,0.08,0.12,0.07,500,0.7783312577833126,tow net,lake,2024,2,16.94543905307984,exact_month_year
BARC,BARC.AOS.littoral1,2024-02-07,POLSP20,0.1,0.09,0.12,0.06,88,2.4444444444444446,Schindler-Patalas,lake,2024,2,16.94543905307984,exact_month_year
BARC,BARC.AOS.littoral2,2024-02-07,POLSP20,0.1,0.07,0.13,0.06,100,2.7777777777777777,Schindler-Patalas,lake,2024,2,16.94543905307984,exact_month_year
BARC,BARC.AOS.littoral2,2024-02-07,POMSP5,0.12,0.1,0.14,0.07,50,1.3888888888888888,Schindler-Patalas,lake,2024,2,16.94543905307984,exact_month_year
BARC,BARC.AOS.buoy.c0,2024-02-07,TRISP31,0.18,0.14,0.2,0.09,450,0.7004981320049813,tow net,lake,2024,2,16.94543905307984,exact_month_year
BARC,BARC.AOS.littoral1,2024-02-07,TRISP31,0.14,0.14,0.14,0.05,13,0.3611111111111111,Schindler-Patalas,lake,2024,2,16.94543905307984,exact_month_year
BARC,BARC.AOS.littoral2,2024-02-07,TRISP31,0.13,0.13,0.13,0.05,17,0.4722222222222222,Schindler-Patalas,lake,2024,2,16.94543905307984,exact_month_year
BARC,BARC.AOS.littoral1,2024-07-11,ANUSP1,0.16,0.16,0.16,0.08,3,0.08333333333333333,Schindler-Patalas,lake,2024,7,31.697217861299283,exact_month_year
BARC,BARC.AOS.buoy.c0,2024-07-11,BOSSP1,0.38,0.24,0.54,NA,300,0.4193458205199888,tow net,lake,2024,7,31.697217861299283,exact_month_year
BARC,BARC.AOS.littoral1,2024-07-11,BOSSP1,0.34,0.24,0.43,NA,30,0.8333333333333334,Schindler-Patalas,lake,2024,7,31.697217861299283,exact_month_year
BARC,BARC.AOS.littoral2,2024-07-11,BOSSP1,0.43,0.36,0.5,NA,4,0.16666666666666666,Schindler-Patalas,lake,2024,7,31.697217861299283,exact_month_year
BARC,BARC.AOS.buoy.c0,2024-07-11,CALSP1,0.65,0.2,0.94,NA,16700,23.34358400894605,tow net,lake,2024,7,31.697217861299283,exact_month_year
BARC,BARC.AOS.littoral1,2024-07-11,CALSP1,0.82,0.56,1.09,NA,195,5.416666666666667,Schindler-Patalas,lake,2024,7,31.697217861299283,exact_month_year
BARC,BARC.AOS.littoral1,2024-07-11,CHISP2,1.13,1.13,1.13,NA,3,0.08333333333333333,Schindler-Patalas,lake,2024,7,31.697217861299283,exact_month_year
BARC,BARC.AOS.buoy.c0,2024-07-11,CYCSP,0.56,0.24,0.95,NA,1950,2.725747833379927,tow net,lake,2024,7,31.697217861299283,exact_month_year
BARC,BARC.AOS.littoral1,2024-07-11,CYCSP,0.59,0.19,0.99,NA,100,2.7777777777777777,Schindler-Patalas,lake,2024,7,31.697217861299283,exact_month_year
BARC,BARC.AOS.littoral2,2024-07-11,CYCSP,0.43,0.29,0.65,NA,63,2.625,Schindler-Patalas,lake,2024,7,31.697217861299283,exact_month_year
BARC,BARC.AOS.buoy.c0,2024-07-11,DIASP10,0.39,0.21,0.57,NA,3900,5.451495666759855,tow net,lake,2024,7,31.697217861299283,exact_month_year
BARC,BARC.AOS.littoral1,2024-07-11,DIASP10,0.46,0.33,0.63,NA,35,0.9722222222222222,Schindler-Patalas,lake,2024,7,31.697217861299283,exact_month_year
BARC,BARC.AOS.littoral2,2024-07-11,DIASP10,0.51,0.26,0.68,NA,137,5.708333333333333,Schindler-Patalas,lake,2024,7,31.697217861299283,exact_month_year
BARC,BARC.AOS.buoy.c0,2024-07-11,HEXSP6,0.14,0.12,0.18,0.1,150,0.2096729102599944,tow net,lake,2024,7,31.697217861299283,exact_month_year
BARC,BARC.AOS.littoral1,2024-07-11,HEXSP6,0.15,0.12,0.19,0.1,13,0.3611111111111111,Schindler-Patalas,lake,2024,7,31.697217861299283,exact_month_year
BARC,BARC.AOS.buoy.c0,2024-07-11,KERSP,0.12,0.11,0.12,0.04,100,0.13978194017332962,tow net,lake,2024,7,31.697217861299283,exact_month_year
BARC,BARC.AOS.littoral1,2024-07-11,KERSP,0.1,0.08,0.12,0.04,25,0.6944444444444444,Schindler-Patalas,lake,2024,7,31.697217861299283,exact_month_year
BARC,BARC.AOS.littoral1,2024-07-11,PLOSP1,0.11,0.11,0.11,0.06,5,0.1388888888888889,Schindler-Patalas,lake,2024,7,31.697217861299283,exact_month_year
BARC,BARC.AOS.littoral1,2024-07-11,TRISP31,0.13,0.13,0.13,0.08,3,0.08333333333333333,Schindler-Patalas,lake,2024,7,31.697217861299283,exact_month_year
BARC,BARC.AOS.littoral1,2024-10-30,ASCSP1,0.17,0.14,0.19,0.11,45,1.875,Schindler-Patalas,lake,2024,10,25.98495731710167,exact_month_year
BARC,BARC.AOS.littoral2,2024-10-30,ASCSP1,0.18,0.14,0.25,0.08,6,0.25,Schindler-Patalas,lake,2024,10,25.98495731710167,exact_month_year
BARC,BARC.AOS.buoy.c0,2024-10-30,BOSSP1,0.43,0.2,0.59,NA,12100,18.83561643835617,tow net,lake,2024,10,25.98495731710167,exact_month_year
BARC,BARC.AOS.littoral1,2024-10-30,BOSSP1,0.34,0.25,0.43,NA,10,0.4166666666666667,Schindler-Patalas,lake,2024,10,25.98495731710167,exact_month_year
BARC,BARC.AOS.littoral2,2024-10-30,BOSSP1,0.47,0.39,0.55,NA,5,0.20833333333333337,Schindler-Patalas,lake,2024,10,25.98495731710167,exact_month_year
BARC,BARC.AOS.buoy.c0,2024-10-30,CALSP1,0.71,0.37,0.97,NA,7150,11.13013698630137,tow net,lake,2024,10,25.98495731710167,exact_month_year
BARC,BARC.AOS.littoral1,2024-10-30,CALSP1,0.41,0.21,0.5,NA,95,3.9583333333333335,Schindler-Patalas,lake,2024,10,25.98495731710167,exact_month_year
BARC,BARC.AOS.littoral2,2024-10-30,CALSP1,0.33,0.16,0.45,NA,33,1.375,Schindler-Patalas,lake,2024,10,25.98495731710167,exact_month_year
BARC,BARC.AOS.buoy.c0,2024-10-30,COLSP12,0.16,0.14,0.18,0.05,150,0.2334993773349938,tow net,lake,2024,10,25.98495731710167,exact_month_year
BARC,BARC.AOS.littoral1,2024-10-30,COLSP12,0.13,0.07,0.23,0.08,85,3.5416666666666665,Schindler-Patalas,lake,2024,10,25.98495731710167,exact_month_year
BARC,BARC.AOS.littoral2,2024-10-30,COLSP12,0.11,0.09,0.14,0.05,6,0.25,Schindler-Patalas,lake,2024,10,25.98495731710167,exact_month_year
BARC,BARC.AOS.littoral2,2024-10-30,CONSP8,0.2,0.2,0.2,0.06,1,0.04166666666666666,Schindler-Patalas,lake,2024,10,25.98495731710167,exact_month_year
BARC,BARC.AOS.buoy.c0,2024-10-30,CYCSP,0.83,0.81,0.86,NA,150,0.2334993773349938,tow net,lake,2024,10,25.98495731710167,exact_month_year
BARC,BARC.AOS.littoral1,2024-10-30,CYCSP,0.91,0.91,0.91,NA,10,0.4166666666666667,Schindler-Patalas,lake,2024,10,25.98495731710167,exact_month_year
BARC,BARC.AOS.littoral2,2024-10-30,CYCSP,0.45,0.45,0.45,NA,4,0.16666666666666666,Schindler-Patalas,lake,2024,10,25.98495731710167,exact_month_year
BARC,BARC.AOS.buoy.c0,2024-10-30,DAPSP1,0.74,0.74,0.74,NA,50,0.07783312577833126,tow net,lake,2024,10,25.98495731710167,exact_month_year
BARC,BARC.AOS.buoy.c0,2024-10-30,DIASP10,0.49,0.49,0.49,NA,50,0.07783312577833126,tow net,lake,2024,10,25.98495731710167,exact_month_year
BARC,BARC.AOS.buoy.c0,2024-10-30,KERSP,0.11,0.1,0.14,0.06,2100,3.268991282689913,tow net,lake,2024,10,25.98495731710167,exact_month_year
BARC,BARC.AOS.littoral1,2024-10-30,KERSP,0.18,0.14,0.22,0.06,490,20.416666666666668,Schindler-Patalas,lake,2024,10,25.98495731710167,exact_month_year
BARC,BARC.AOS.littoral2,2024-10-30,KERSP,0.2,0.19,0.21,0.04,4,0.16666666666666666,Schindler-Patalas,lake,2024,10,25.98495731710167,exact_month_year
BARC,BARC.AOS.littoral2,2024-10-30,LECSP1,0.16,0.16,0.16,0.07,1,0.04166666666666666,Schindler-Patalas,lake,2024,10,25.98495731710167,exact_month_year
BARC,BARC.AOS.buoy.c0,2024-10-30,MONSP8,0.19,0.19,0.19,0.1,100,0.15566625155666253,tow net,lake,2024,10,25.98495731710167,exact_month_year
BARC,BARC.AOS.littoral1,2024-10-30,MONSP8,0.2,0.19,0.22,0.09,10,0.4166666666666667,Schindler-Patalas,lake,2024,10,25.98495731710167,exact_month_year
BARC,BARC.AOS.littoral1,2024-10-30,PLOSP1,0.19,0.15,0.22,0.14,10,0.4166666666666667,Schindler-Patalas,lake,2024,10,25.98495731710167,exact_month_year
BARC,BARC.AOS.littoral1,2024-10-30,POLSP20,0.094,0.084,0.102,0.062,15,0.625,Schindler-Patalas,lake,2024,10,25.98495731710167,exact_month_year
BARC,BARC.AOS.littoral1,2024-10-30,SYNSP8,0.15,0.14,0.15,0.08,10,0.4166666666666667,Schindler-Patalas,lake,2024,10,25.98495731710167,exact_month_year
CRAM,CRAM.AOS.littoral1,2015-05-13,ACRHAR,0.5,0.48,0.5,NA,1,0.04166666666666666,Schindler-Patalas,lake,2015,5,14.735983453610874,same_month_all_years
CRAM,CRAM.AOS.littoral1,2015-05-13,BOSLON,0.227,0.2,0.24,NA,16,0.6666666666666666,Schindler-Patalas,lake,2015,5,14.735983453610874,same_month_all_years
CRAM,CRAM.AOS.littoral2,2015-05-13,BOSLON,0.28,0.24,0.32,NA,6,0.25,Schindler-Patalas,lake,2015,5,14.735983453610874,same_month_all_years
CRAM,CRAM.AOS.littoral1,2015-05-13,CHYSPH,0.264,0.16,0.32,NA,34,1.4166666666666667,Schindler-Patalas,lake,2015,5,14.735983453610874,same_month_all_years
CRAM,CRAM.AOS.littoral2,2015-05-13,CHYSPH,0.2,0.16,0.24,NA,2,0.08333333333333333,Schindler-Patalas,lake,2015,5,14.735983453610874,same_month_all_years
CRAM,CRAM.AOS.littoral2,2015-05-13,CONSP8,0.1,0.1,0.14,0.06,600,25,Schindler-Patalas,lake,2015,5,14.735983453610874,same_month_all_years
CRAM,CRAM.AOS.littoral1,2015-05-13,DISROS,0.293,0.28,0.32,NA,3,0.125,Schindler-Patalas,lake,2015,5,14.735983453610874,same_month_all_years
CRAM,CRAM.AOS.littoral2,2015-05-13,DISROS,0.3,0.3,0.32,NA,2,0.08333333333333333,Schindler-Patalas,lake,2015,5,14.735983453610874,same_month_all_years
CRAM,CRAM.AOS.littoral2,2015-05-13,HARSP,NA,NA,NA,NA,1,0.04166666666666666,Schindler-Patalas,lake,2015,5,14.735983453610874,same_month_all_years
CRAM,CRAM.AOS.littoral1,2015-05-13,HOLGIB,0.5,0.5,0.52,NA,1,0.04166666666666666,Schindler-Patalas,lake,2015,5,14.735983453610874,same_month_all_years
CRAM,CRAM.AOS.littoral2,2015-05-13,HOLGIB,0.497,0.48,0.6,NA,23,0.9583333333333334,Schindler-Patalas,lake,2015,5,14.735983453610874,same_month_all_years
CRAM,CRAM.AOS.littoral1,2015-05-13,KERCOC,0.1,0.1,0.1,0.1,15,0.625,Schindler-Patalas,lake,2015,5,14.735983453610874,same_month_all_years
CRAM,CRAM.AOS.littoral1,2015-05-13,KERTAU,0.122,0.12,0.128,0.07,3000,125,Schindler-Patalas,lake,2015,5,14.735983453610874,same_month_all_years
CRAM,CRAM.AOS.littoral2,2015-05-13,KERTAU,0.1,0.1,0.12,0.072,5080,211.66666666666663,Schindler-Patalas,lake,2015,5,14.735983453610874,same_month_all_years
CRAM,CRAM.AOS.littoral1,2015-05-13,LECSP1,0.116,0.104,0.128,0.09,30,1.25,Schindler-Patalas,lake,2015,5,14.735983453610874,same_month_all_years
CRAM,CRAM.AOS.littoral2,2015-05-13,LEPMIN,0.811,0.6,0.92,NA,27,1.125,Schindler-Patalas,lake,2015,5,14.735983453610874,same_month_all_years
CRAM,CRAM.AOS.littoral2,2015-05-13,MACSP4,0.3,0.28,0.3,NA,1,0.04166666666666666,Schindler-Patalas,lake,2015,5,14.735983453610874,same_month_all_years
CRAM,CRAM.AOS.littoral1,2015-05-13,MAXSP,0.4,0.4,0.44,NA,1,0.04166666666666666,Schindler-Patalas,lake,2015,5,14.735983453610874,same_month_all_years
CRAM,CRAM.AOS.littoral2,2015-05-13,MAXSP,0.387,0.28,0.6,NA,3,0.125,Schindler-Patalas,lake,2015,5,14.735983453610874,same_month_all_years
CRAM,CRAM.AOS.littoral1,2015-07-13,ACRHAR,0.447,0.32,0.52,NA,6,0.25,Schindler-Patalas,lake,2015,7,24.14464775066422,same_month_all_years
CRAM,CRAM.AOS.littoral2,2015-07-13,ACRHAR,0.46,0.44,0.48,NA,2,0.08333333333333333,Schindler-Patalas,lake,2015,7,24.14464775066422,same_month_all_years
CRAM,CRAM.AOS.littoral1,2015-07-13,ALOGUT,0.248,0.16,0.44,NA,25,1.0416666666666667,Schindler-Patalas,lake,2015,7,24.14464775066422,same_month_all_years
CRAM,CRAM.AOS.littoral2,2015-07-13,ALOGUT,0.259,0.2,0.28,NA,19,0.7916666666666666,Schindler-Patalas,lake,2015,7,24.14464775066422,same_month_all_years
CRAM,CRAM.AOS.buoy.c0,2015-07-13,ASPSP4,0.4,0.4,0.4,0.2,125,0.06341958396752917,tow net,lake,2015,7,24.14464775066422,same_month_all_years
CRAM,CRAM.AOS.littoral1,2015-07-13,ASPSP4,0.4,0.4,0.4,0.2,183,7.625,Schindler-Patalas,lake,2015,7,24.14464775066422,same_month_all_years
CRAM,CRAM.AOS.buoy.c0,2015-07-13,BDESP,0.2,0.2,0.24,0.06,375,0.1902587519025875,tow net,lake,2015,7,24.14464775066422,same_month_all_years
CRAM,CRAM.AOS.buoy.c0,2015-07-13,BOSLON,0.34,0.2,0.44,NA,72,0.0365296803652968,tow net,lake,2015,7,24.14464775066422,same_month_all_years
CRAM,CRAM.AOS.littoral1,2015-07-13,BOSLON,0.303,0.2,0.36,NA,13,0.5416666666666666,Schindler-Patalas,lake,2015,7,24.14464775066422,same_month_all_years
CRAM,CRAM.AOS.littoral2,2015-07-13,BOSLON,0.339,0.2,0.44,NA,30,1.25,Schindler-Patalas,lake,2015,7,24.14464775066422,same_month_all_years
CRAM,CRAM.AOS.littoral1,2015-07-13,CERSP19,0.5,0.48,0.5,NA,1,0.04166666666666666,Schindler-Patalas,lake,2015,7,24.14464775066422,same_month_all_years
CRAM,CRAM.AOS.buoy.c0,2015-07-13,CHYSPH,0.176,0.12,0.24,NA,40,0.02029426686960933,tow net,lake,2015,7,24.14464775066422,same_month_all_years
CRAM,CRAM.AOS.littoral1,2015-07-13,CHYSPH,0.213,0.16,0.28,NA,3,0.125,Schindler-Patalas,lake,2015,7,24.14464775066422,same_month_all_years
CRAM,CRAM.AOS.littoral2,2015-07-13,CHYSPH,0.22,0.2,0.24,NA,2,0.08333333333333333,Schindler-Patalas,lake,2015,7,24.14464775066422,same_month_all_years
CRAM,CRAM.AOS.littoral1,2015-07-13,CONSP8,NA,NA,NA,NA,17,0.7083333333333334,Schindler-Patalas,lake,2015,7,24.14464775066422,same_month_all_years
CRAM,CRAM.AOS.buoy.c0,2015-07-13,DAPCAT1,0.976,0.48,1.8,NA,216,0.1095890410958904,tow net,lake,2015,7,24.14464775066422,same_month_all_years
CRAM,CRAM.AOS.littoral1,2015-07-13,DIASP10,0.5,0.5,0.52,NA,1,0.04166666666666666,Schindler-Patalas,lake,2015,7,24.14464775066422,same_month_all_years
CRAM,CRAM.AOS.buoy.c0,2015-07-13,DIATHO,0.773,0.72,0.8,NA,24,0.0121765601217656,tow net,lake,2015,7,24.14464775066422,same_month_all_years
CRAM,CRAM.AOS.littoral1,2015-07-13,DIATHO,0.86,0.8,0.92,NA,2,0.08333333333333333,Schindler-Patalas,lake,2015,7,24.14464775066422,same_month_all_years
CRAM,CRAM.AOS.littoral2,2015-07-13,DIATHO,0.92,0.72,1.12,NA,3,0.125,Schindler-Patalas,lake,2015,7,24.14464775066422,same_month_all_years
CRAM,CRAM.AOS.buoy.c0,2015-07-13,EUBHAG,0.287,0.24,0.4,NA,56,0.02841197361745306,tow net,lake,2015,7,24.14464775066422,same_month_all_years
CRAM,CRAM.AOS.littoral1,2015-07-13,EUBHAG,0.2,0.16,0.24,NA,4,0.16666666666666666,Schindler-Patalas,lake,2015,7,24.14464775066422,same_month_all_years
CRAM,CRAM.AOS.littoral2,2015-07-13,EUBHAG,0.255,0.16,0.36,NA,16,0.6666666666666666,Schindler-Patalas,lake,2015,7,24.14464775066422,same_month_all_years
CRAM,CRAM.AOS.buoy.c0,2015-07-13,FILSP1,0.1,0.1,0.1,0.1,125,0.06341958396752917,tow net,lake,2015,7,24.14464775066422,same_month_all_years
CRAM,CRAM.AOS.buoy.c0,2015-07-13,HOLGIB,0.819,0.4,1.2,NA,232,0.11770674784373414,tow net,lake,2015,7,24.14464775066422,same_month_all_years
CRAM,CRAM.AOS.littoral2,2015-07-13,HOLGIB,0.819,0.4,1.2,NA,1,0.04166666666666666,Schindler-Patalas,lake,2015,7,24.14464775066422,same_month_all_years
CRAM,CRAM.AOS.buoy.c0,2015-07-13,KELBOS,0.1,0.1,0.1,0.1,9250,4.693049213597159,tow net,lake,2015,7,24.14464775066422,same_month_all_years
CRAM,CRAM.AOS.buoy.c0,2015-07-13,KERCOC,0.1,0.1,0.1,0.1,22500,11.415525114155251,tow net,lake,2015,7,24.14464775066422,same_month_all_years
CRAM,CRAM.AOS.littoral1,2015-07-13,KERCOC,0.1,0.1,0.1,0.1,2667,111.125,Schindler-Patalas,lake,2015,7,24.14464775066422,same_month_all_years
CRAM,CRAM.AOS.littoral2,2015-07-13,KERCOC,0.1,0.1,0.1,0.1,5775,240.625,Schindler-Patalas,lake,2015,7,24.14464775066422,same_month_all_years
CRAM,CRAM.AOS.buoy.c0,2015-07-13,KERTAU,0.1,0.1,0.1,0.1,375,0.1902587519025875,tow net,lake,2015,7,24.14464775066422,same_month_all_years
CRAM,CRAM.AOS.littoral1,2015-07-13,KERTAU,0.1,0.1,0.1,0.1,167,6.958333333333333,Schindler-Patalas,lake,2015,7,24.14464775066422,same_month_all_years
CRAM,CRAM.AOS.littoral2,2015-07-13,KERTAU,0.103,0.096,0.104,0.063,300,12.5,Schindler-Patalas,lake,2015,7,24.14464775066422,same_month_all_years
CRAM,CRAM.AOS.buoy.c0,2015-07-13,KERTES,0.1,0.1,0.1,0.1,500,0.2536783358701167,tow net,lake,2015,7,24.14464775066422,same_month_all_years
CRAM,CRAM.AOS.buoy.c0,2015-07-13,LECLUN,0.1,0.1,0.1,0.1,125,0.06341958396752917,tow net,lake,2015,7,24.14464775066422,same_month_all_years
CRAM,CRAM.AOS.littoral1,2015-07-13,LECLUN,0.1,0.1,0.1,0.1,17,0.7083333333333334,Schindler-Patalas,lake,2015,7,24.14464775066422,same_month_all_years
CRAM,CRAM.AOS.buoy.c0,2015-07-13,LEPMIN,0.824,0.6,1,NA,1472,0.7468290208016235,tow net,lake,2015,7,24.14464775066422,same_month_all_years
CRAM,CRAM.AOS.littoral1,2015-07-13,MACALB,1.2,1.16,1.2,NA,1,0.04166666666666666,Schindler-Patalas,lake,2015,7,24.14464775066422,same_month_all_years
CRAM,CRAM.AOS.buoy.c0,2015-07-13,MACSP22,0.37,0.32,0.4,NA,32,0.01623541349568746,tow net,lake,2015,7,24.14464775066422,same_month_all_years
CRAM,CRAM.AOS.littoral1,2015-07-13,MACSP22,0.284,0.2,0.32,NA,9,0.375,Schindler-Patalas,lake,2015,7,24.14464775066422,same_month_all_years
CRAM,CRAM.AOS.littoral2,2015-07-13,MACSP22,0.3,0.28,0.3,NA,2,0.08333333333333333,Schindler-Patalas,lake,2015,7,24.14464775066422,same_month_all_years
CRAM,CRAM.AOS.buoy.c0,2015-07-13,MESEDA,0.883,0.6,1.28,NA,304,0.15423642820903094,tow net,lake,2015,7,24.14464775066422,same_month_all_years
CRAM,CRAM.AOS.buoy.c0,2015-07-13,NEOSP68,0.5,0.32,0.68,NA,776,0.3937087772704211,tow net,lake,2015,7,24.14464775066422,same_month_all_years
CRAM,CRAM.AOS.littoral1,2015-07-13,NEOSP68,0.42,0.32,0.56,NA,16,0.6666666666666666,Schindler-Patalas,lake,2015,7,24.14464775066422,same_month_all_years
CRAM,CRAM.AOS.littoral2,2015-07-13,NEOSP68,0.429,0.24,0.52,NA,11,0.4583333333333333,Schindler-Patalas,lake,2015,7,24.14464775066422,same_month_all_years
CRAM,CRAM.AOS.littoral2,2015-07-13,NOTSP12,0.2,0.084,0.2,0.045,150,6.25,Schindler-Patalas,lake,2015,7,24.14464775066422,same_month_all_years
CRAM,CRAM.AOS.buoy.c0,2015-07-13,PLOTRI,0.1,0.1,0.1,0.1,2250,1.1415525114155252,tow net,lake,2015,7,24.14464775066422,same_month_all_years
CRAM,CRAM.AOS.littoral1,2015-07-13,PLOTRI,0.1,0.1,0.1,0.1,283,11.791666666666666,Schindler-Patalas,lake,2015,7,24.14464775066422,same_month_all_years
CRAM,CRAM.AOS.buoy.c0,2015-07-13,POLSP20,0.1,0.1,0.1,0.1,5375,2.7270421106037546,tow net,lake,2015,7,24.14464775066422,same_month_all_years
CRAM,CRAM.AOS.littoral2,2015-07-13,POLSP20,0.2,0.2,0.2,0.08,38,1.5833333333333333,Schindler-Patalas,lake,2015,7,24.14464775066422,same_month_all_years
CRAM,CRAM.AOS.buoy.c0,2015-07-13,SIDCRY,0.5,0.48,0.5,NA,8,0.00405885337392186,tow net,lake,2015,7,24.14464775066422,same_month_all_years
CRAM,CRAM.AOS.littoral1,2015-07-13,SIDCRY,1,0.96,1.04,NA,1,0.04166666666666666,Schindler-Patalas,lake,2015,7,24.14464775066422,same_month_all_years
CRAM,CRAM.AOS.littoral2,2015-07-13,SIDCRY,0.827,0.64,0.96,NA,3,0.125,Schindler-Patalas,lake,2015,7,24.14464775066422,same_month_all_years
CRAM,CRAM.AOS.buoy.c0,2015-07-13,TRICYL,0.4,0.4,0.4,0.1,5000,2.536783358701167,tow net,lake,2015,7,24.14464775066422,same_month_all_years
CRAM,CRAM.AOS.littoral1,2015-07-13,TRICYL,0.4,0.4,0.4,0.1,200,8.333333333333334,Schindler-Patalas,lake,2015,7,24.14464775066422,same_month_all_years
CRAM,CRAM.AOS.littoral1,2015-09-14,ACRHAR,0.4,0.4,0.44,NA,1,0.04166666666666666,Schindler-Patalas,lake,2015,9,19.493336830523656,same_month_all_years
CRAM,CRAM.AOS.littoral2,2015-09-14,ACRHAR,0.432,0.32,0.48,NA,5,0.20833333333333337,Schindler-Patalas,lake,2015,9,19.493336830523656,same_month_all_years
CRAM,CRAM.AOS.littoral1,2015-09-14,ALOGUT,0.3,0.28,0.3,NA,1,0.04166666666666666,Schindler-Patalas,lake,2015,9,19.493336830523656,same_month_all_years
CRAM,CRAM.AOS.littoral2,2015-09-14,ALOGUT,0.22,0.2,0.24,NA,2,0.08333333333333333,Schindler-Patalas,lake,2015,9,19.493336830523656,same_month_all_years
CRAM,CRAM.AOS.littoral1,2015-09-14,ASPSP4,0.4,0.4,0.4,0.2,1,0.04166666666666666,Schindler-Patalas,lake,2015,9,19.493336830523656,same_month_all_years
CRAM,CRAM.AOS.buoy.c0,2015-09-14,BDESP,0.2,0.2,0.24,0.06,1488,0.8493150684931506,tow net,lake,2015,9,19.493336830523656,same_month_all_years
CRAM,CRAM.AOS.buoy.c0,2015-09-14,BOSLON,0.2,0.2,0.24,NA,16,0.0091324200913242,tow net,lake,2015,9,19.493336830523656,same_month_all_years
CRAM,CRAM.AOS.littoral1,2015-09-14,BOSLON,0.22,0.2,0.24,NA,15,0.625,Schindler-Patalas,lake,2015,9,19.493336830523656,same_month_all_years
CRAM,CRAM.AOS.littoral2,2015-09-14,BOSLON,0.223,0.2,0.32,NA,40,1.6666666666666667,Schindler-Patalas,lake,2015,9,19.493336830523656,same_month_all_years
CRAM,CRAM.AOS.littoral2,2015-09-14,CHYSPH,0.2,0.2,0.24,NA,1,0.04166666666666666,Schindler-Patalas,lake,2015,9,19.493336830523656,same_month_all_years
CRAM,CRAM.AOS.littoral1,2015-09-14,CONSP8,NA,NA,NA,NA,90,3.75,Schindler-Patalas,lake,2015,9,19.493336830523656,same_month_all_years
CRAM,CRAM.AOS.littoral2,2015-09-14,CONSP8,NA,NA,NA,NA,70,2.9166666666666665,Schindler-Patalas,lake,2015,9,19.493336830523656,same_month_all_years
CRAM,CRAM.AOS.buoy.c0,2015-09-14,DAPCAT1,1.152,0.84,2,NA,80,0.045662100456621,tow net,lake,2015,9,19.493336830523656,same_month_all_years
CRAM,CRAM.AOS.littoral1,2015-09-14,DAPCAT1,0.8,0.8,0.8,NA,1,0.04166666666666666,Schindler-Patalas,lake,2015,9,19.493336830523656,same_month_all_years
CRAM,CRAM.AOS.littoral2,2015-09-14,DAPCAT1,0.6,0.6,0.6,NA,1,0.04166666666666666,Schindler-Patalas,lake,2015,9,19.493336830523656,same_month_all_years
CRAM,CRAM.AOS.buoy.c0,2015-09-14,DIASP10,0.667,0.64,0.72,NA,48,0.0273972602739726,tow net,lake,2015,9,19.493336830523656,same_month_all_years
CRAM,CRAM.AOS.littoral1,2015-09-14,DIASP10,0.7,0.48,0.96,NA,2,0.08333333333333333,Schindler-Patalas,lake,2015,9,19.493336830523656,same_month_all_years
CRAM,CRAM.AOS.buoy.c0,2015-09-14,EUBHAG,0.312,0.28,0.36,NA,80,0.045662100456621,tow net,lake,2015,9,19.493336830523656,same_month_all_years
CRAM,CRAM.AOS.littoral1,2015-09-14,EUBHAG,0.219,0.2,0.28,NA,34,1.4166666666666667,Schindler-Patalas,lake,2015,9,19.493336830523656,same_month_all_years
CRAM,CRAM.AOS.littoral2,2015-09-14,EUBHAG,0.209,0.2,0.24,NA,76,3.1666666666666665,Schindler-Patalas,lake,2015,9,19.493336830523656,same_month_all_years
CRAM,CRAM.AOS.buoy.c0,2015-09-14,EUBTUB,0.307,0.28,0.36,NA,48,0.0273972602739726,tow net,lake,2015,9,19.493336830523656,same_month_all_years
CRAM,CRAM.AOS.littoral1,2015-09-14,EUBTUB,0.3,0.3,0.32,NA,1,0.04166666666666666,Schindler-Patalas,lake,2015,9,19.493336830523656,same_month_all_years
CRAM,CRAM.AOS.buoy.c0,2015-09-14,HOLGIB,0.69,0.48,1,NA,64,0.0365296803652968,tow net,lake,2015,9,19.493336830523656,same_month_all_years
CRAM,CRAM.AOS.littoral1,2015-09-14,KELBOS,0.1,0.1,0.1,0.1,45,1.875,Schindler-Patalas,lake,2015,9,19.493336830523656,same_month_all_years
CRAM,CRAM.AOS.littoral2,2015-09-14,KELBOS,0.1,0.1,0.1,0.1,53,2.2083333333333335,Schindler-Patalas,lake,2015,9,19.493336830523656,same_month_all_years
CRAM,CRAM.AOS.buoy.c0,2015-09-14,KERCOC,0.1,0.1,0.1,0.1,4250,2.425799086757991,tow net,lake,2015,9,19.493336830523656,same_month_all_years
CRAM,CRAM.AOS.littoral1,2015-09-14,KERCOC,0.1,0.1,0.1,0.1,405,16.875,Schindler-Patalas,lake,2015,9,19.493336830523656,same_month_all_years
CRAM,CRAM.AOS.littoral2,2015-09-14,KERCOC,0.1,0.1,0.1,0.1,193,8.041666666666666,Schindler-Patalas,lake,2015,9,19.493336830523656,same_month_all_years
CRAM,CRAM.AOS.buoy.c0,2015-09-14,KERTAU,0.1,0.1,0.1,0.1,5950,3.396118721461187,tow net,lake,2015,9,19.493336830523656,same_month_all_years
CRAM,CRAM.AOS.littoral1,2015-09-14,KERTAU,0.1,0.1,0.1,0.1,840,35,Schindler-Patalas,lake,2015,9,19.493336830523656,same_month_all_years
CRAM,CRAM.AOS.littoral2,2015-09-14,KERTAU,0.1,0.1,0.1,0.1,70,2.9166666666666665,Schindler-Patalas,lake,2015,9,19.493336830523656,same_month_all_years
CRAM,CRAM.AOS.littoral1,2015-09-14,KERTES,0.1,0.1,0.1,0.1,15,0.625,Schindler-Patalas,lake,2015,9,19.493336830523656,same_month_all_years
CRAM,CRAM.AOS.littoral1,2015-09-14,LECLUN,0.1,0.1,0.1,0.1,15,0.625,Schindler-Patalas,lake,2015,9,19.493336830523656,same_month_all_years
CRAM,CRAM.AOS.littoral2,2015-09-14,LECLUN,0.1,0.1,0.1,0.1,18,0.75,Schindler-Patalas,lake,2015,9,19.493336830523656,same_month_all_years
CRAM,CRAM.AOS.buoy.c0,2015-09-14,LEPMIN,0.73,0.48,1.6,NA,1171,0.66837899543379,tow net,lake,2015,9,19.493336830523656,same_month_all_years
CRAM,CRAM.AOS.littoral1,2015-09-14,LEPMIN,0.8,0.8,0.8,NA,1,0.04166666666666666,Schindler-Patalas,lake,2015,9,19.493336830523656,same_month_all_years
CRAM,CRAM.AOS.littoral2,2015-09-14,LEPMIN,0.6,0.6,0.6,NA,2,0.08333333333333333,Schindler-Patalas,lake,2015,9,19.493336830523656,same_month_all_years
CRAM,CRAM.AOS.buoy.c0,2015-09-14,MESEDA,0.88,0.8,1.24,NA,545,0.3110730593607306,tow net,lake,2015,9,19.493336830523656,same_month_all_years
CRAM,CRAM.AOS.buoy.c0,2015-09-14,NEOSP68,0.476,0.44,0.6,NA,176,0.1004566210045662,tow net,lake,2015,9,19.493336830523656,same_month_all_years
CRAM,CRAM.AOS.littoral1,2015-09-14,NEOSP68,0.32,0.24,0.4,NA,2,0.08333333333333333,Schindler-Patalas,lake,2015,9,19.493336830523656,same_month_all_years
CRAM,CRAM.AOS.littoral2,2015-09-14,NEOSP68,0.3,0.24,0.4,NA,10,0.4166666666666667,Schindler-Patalas,lake,2015,9,19.493336830523656,same_month_all_years
CRAM,CRAM.AOS.buoy.c0,2015-09-14,PLOTRI,0.1,0.1,0.1,0.1,425,0.2425799086757991,tow net,lake,2015,9,19.493336830523656,same_month_all_years
CRAM,CRAM.AOS.littoral2,2015-09-14,PLOTRI,0.1,0.1,0.1,0.1,35,1.4583333333333333,Schindler-Patalas,lake,2015,9,19.493336830523656,same_month_all_years
CRAM,CRAM.AOS.buoy.c0,2015-09-14,POLSP20,0.1,0.1,0.1,0.1,1700,0.9703196347031964,tow net,lake,2015,9,19.493336830523656,same_month_all_years
CRAM,CRAM.AOS.littoral1,2015-09-14,POLSP20,0.1,0.1,0.1,0.1,15,0.625,Schindler-Patalas,lake,2015,9,19.493336830523656,same_month_all_years
CRAM,CRAM.AOS.littoral2,2015-09-14,POLSP20,0.1,0.1,0.1,0.1,123,5.125,Schindler-Patalas,lake,2015,9,19.493336830523656,same_month_all_years
CRAM,CRAM.AOS.buoy.c0,2015-09-14,TRICYL,0.4,0.4,0.4,0.1,2763,1.577054794520548,tow net,lake,2015,9,19.493336830523656,same_month_all_years
CRAM,CRAM.AOS.littoral1,2015-09-14,TRICYL,0.4,0.4,0.4,0.1,60,2.5,Schindler-Patalas,lake,2015,9,19.493336830523656,same_month_all_years
CRAM,CRAM.AOS.littoral2,2015-09-14,TRICYL,0.4,0.4,0.4,0.1,18,0.75,Schindler-Patalas,lake,2015,9,19.493336830523656,same_month_all_years
CRAM,CRAM.AOS.littoral2,2015-09-14,TRIMUL,0.14,0.14,0.14,0.108,35,1.4583333333333333,Schindler-Patalas,lake,2015,9,19.493336830523656,same_month_all_years
CRAM,CRAM.AOS.buoy.c0,2015-09-14,TROPRA1,0.488,0.44,0.8,NA,850,0.4851598173515982,tow net,lake,2015,9,19.493336830523656,same_month_all_years
CRAM,CRAM.AOS.littoral1,2016-04-29,ACRHAR,0.42,0.36,0.48,NA,2,0.08333333333333333,Schindler-Patalas,lake,2016,4,5.808674729776505,same_month_all_years
CRAM,CRAM.AOS.littoral1,2016-04-29,ALOGUT,0.2,0.16,0.2,NA,1,0.04166666666666666,Schindler-Patalas,lake,2016,4,5.808674729776505,same_month_all_years
CRAM,CRAM.AOS.buoy.c0,2016-04-29,ASPSP4,0.5,0.5,0.5,0.3,500,0.45662100456621,tow net,lake,2016,4,5.808674729776505,same_month_all_years
CRAM,CRAM.AOS.buoy.c0,2016-04-29,BDESP,NA,NA,NA,NA,500,0.45662100456621,tow net,lake,2016,4,5.808674729776505,same_month_all_years
CRAM,CRAM.AOS.buoy.c0,2016-04-29,BOSLON,0.5,0.48,0.52,NA,64,0.05844748858447488,tow net,lake,2016,4,5.808674729776505,same_month_all_years
CRAM,CRAM.AOS.littoral2,2016-04-29,BOSLON,0.2,0.2,0.24,NA,1,0.04166666666666666,Schindler-Patalas,lake,2016,4,5.808674729776505,same_month_all_years
CRAM,CRAM.AOS.littoral1,2016-04-29,CHYSPH,0.232,0.16,0.32,NA,25,1.0416666666666667,Schindler-Patalas,lake,2016,4,5.808674729776505,same_month_all_years
CRAM,CRAM.AOS.littoral2,2016-04-29,CHYSPH,0.17,0.12,0.24,NA,4,0.16666666666666666,Schindler-Patalas,lake,2016,4,5.808674729776505,same_month_all_years
CRAM,CRAM.AOS.buoy.c0,2016-04-29,CONSP8,0.15,0.14,0.16,0.1,16000,14.61187214611872,tow net,lake,2016,4,5.808674729776505,same_month_all_years
CRAM,CRAM.AOS.littoral1,2016-04-29,CONSP8,0.15,0.14,0.16,0.1,19050,793.75,Schindler-Patalas,lake,2016,4,5.808674729776505,same_month_all_years
CRAM,CRAM.AOS.littoral2,2016-04-29,CONSP8,0.15,0.14,0.16,0.1,45,1.875,Schindler-Patalas,lake,2016,4,5.808674729776505,same_month_all_years
CRAM,CRAM.AOS.buoy.c0,2016-04-29,DAPCAT1,0.8,0.8,0.8,NA,32,0.02922374429223744,tow net,lake,2016,4,5.808674729776505,same_month_all_years
CRAM,CRAM.AOS.buoy.c0,2016-04-29,DIATHO,0.8,0.8,0.8,NA,32,0.02922374429223744,tow net,lake,2016,4,5.808674729776505,same_month_all_years
CRAM,CRAM.AOS.littoral1,2016-04-29,DISACU,0.303,0.24,0.4,NA,7,0.2916666666666667,Schindler-Patalas,lake,2016,4,5.808674729776505,same_month_all_years
CRAM,CRAM.AOS.littoral2,2016-04-29,DISACU,0.3,0.28,0.3,NA,1,0.04166666666666666,Schindler-Patalas,lake,2016,4,5.808674729776505,same_month_all_years
CRAM,CRAM.AOS.littoral1,2016-04-29,EUBHAG,0.227,0.2,0.24,NA,3,0.125,Schindler-Patalas,lake,2016,4,5.808674729776505,same_month_all_years
CRAM,CRAM.AOS.littoral2,2016-04-29,EUBHAG,0.2,0.2,0.2,NA,2,0.08333333333333333,Schindler-Patalas,lake,2016,4,5.808674729776505,same_month_all_years
CRAM,CRAM.AOS.buoy.c0,2016-04-29,FILLON,NA,NA,NA,NA,1500,1.36986301369863,tow net,lake,2016,4,5.808674729776505,same_month_all_years
CRAM,CRAM.AOS.buoy.c0,2016-04-29,GASSP6,NA,NA,NA,NA,5500,5.0228310502283104,tow net,lake,2016,4,5.808674729776505,same_month_all_years
CRAM,CRAM.AOS.buoy.c0,2016-04-29,HOLGIB,0.411,0.32,0.6,NA,672,0.6136986301369863,tow net,lake,2016,4,5.808674729776505,same_month_all_years
CRAM,CRAM.AOS.buoy.c0,2016-04-29,KERCOC,NA,NA,NA,NA,37500,34.24657534246575,tow net,lake,2016,4,5.808674729776505,same_month_all_years
CRAM,CRAM.AOS.littoral1,2016-04-29,KERCOC,0.1,0.1,0.144,0.039,88,3.6666666666666665,Schindler-Patalas,lake,2016,4,5.808674729776505,same_month_all_years
CRAM,CRAM.AOS.littoral2,2016-04-29,KERCOC,0.1,0.1,0.1,0.1,70,2.9166666666666665,Schindler-Patalas,lake,2016,4,5.808674729776505,same_month_all_years
CRAM,CRAM.AOS.littoral1,2016-04-29,KERSER1,0.1,0.1,0.144,0.12,50,2.0833333333333335,Schindler-Patalas,lake,2016,4,5.808674729776505,same_month_all_years
CRAM,CRAM.AOS.littoral1,2016-04-29,KERTAU,0.1,0.1,0.144,0.1,50,2.0833333333333335,Schindler-Patalas,lake,2016,4,5.808674729776505,same_month_all_years
CRAM,CRAM.AOS.littoral2,2016-04-29,KERTAU,0.1,0.1,0.1,0.1,5,0.20833333333333337,Schindler-Patalas,lake,2016,4,5.808674729776505,same_month_all_years
CRAM,CRAM.AOS.buoy.c0,2016-04-29,KERTES,NA,NA,NA,0.075,27000,24.65753424657534,tow net,lake,2016,4,5.808674729776505,same_month_all_years
CRAM,CRAM.AOS.littoral1,2016-04-29,KERTES,0.1,0.1,0.144,0.075,25,1.0416666666666667,Schindler-Patalas,lake,2016,4,5.808674729776505,same_month_all_years
CRAM,CRAM.AOS.littoral2,2016-04-29,LECLUN,0.1,0.1,0.12,0.1,5,0.20833333333333337,Schindler-Patalas,lake,2016,4,5.808674729776505,same_month_all_years
CRAM,CRAM.AOS.buoy.c0,2016-04-29,LEPMIN,0.848,0.6,1.12,NA,7456,6.809132420091324,tow net,lake,2016,4,5.808674729776505,same_month_all_years
CRAM,CRAM.AOS.littoral1,2016-04-29,LEPMIN,1,1,1,NA,1,0.04166666666666666,Schindler-Patalas,lake,2016,4,5.808674729776505,same_month_all_years
CRAM,CRAM.AOS.littoral2,2016-04-29,LEPMIN,0.6,0.56,0.6,NA,1,0.04166666666666666,Schindler-Patalas,lake,2016,4,5.808674729776505,same_month_all_years
CRAM,CRAM.AOS.buoy.c0,2016-04-29,MESEDA,0.938,0.72,1.4,NA,288,0.26301369863013696,tow net,lake,2016,4,5.808674729776505,same_month_all_years
CRAM,CRAM.AOS.buoy.c0,2016-04-29,NEOSP68,0.456,0.4,0.48,NA,7328,6.692237442922375,tow net,lake,2016,4,5.808674729776505,same_month_all_years
CRAM,CRAM.AOS.littoral1,2016-04-29,NEOSP68,0.402,0.32,0.52,NA,28,1.1666666666666667,Schindler-Patalas,lake,2016,4,5.808674729776505,same_month_all_years
CRAM,CRAM.AOS.littoral2,2016-04-29,NEOSP68,0.424,0.4,0.44,NA,17,0.7083333333333334,Schindler-Patalas,lake,2016,4,5.808674729776505,same_month_all_years
CRAM,CRAM.AOS.buoy.c0,2016-04-29,PLOTRI,0.1,0.1,0.1,0.1,500,0.45662100456621,tow net,lake,2016,4,5.808674729776505,same_month_all_years
CRAM,CRAM.AOS.buoy.c0,2016-04-29,POLSP20,0.1,0.1,0.1,0.1,24000,21.91780821917808,tow net,lake,2016,4,5.808674729776505,same_month_all_years
CRAM,CRAM.AOS.littoral1,2016-04-29,TRITET,0.2,0.2,0.2,0.1,13,0.5416666666666666,Schindler-Patalas,lake,2016,4,5.808674729776505,same_month_all_years
CRAM,CRAM.AOS.buoy.c0,2016-04-29,TROPRA1,0.488,0.33,0.52,NA,384,0.3506849315068493,tow net,lake,2016,4,5.808674729776505,same_month_all_years
CRAM,CRAM.AOS.littoral1,2017-05-03,ALOSP1,0.375,0.375,0.375,NA,6,0.25,Schindler-Patalas,lake,2017,5,14.735983453610874,same_month_all_years
CRAM,CRAM.AOS.buoy.c0,2017-05-03,ASPBRI,0.575,0.575,0.575,NA,106,0.09680365296803652,tow net,lake,2017,5,14.735983453610874,same_month_all_years
CRAM,CRAM.AOS.buoy.c0,2017-05-03,BOSLON,0.342,0.275,0.375,NA,319,0.291324200913242,tow net,lake,2017,5,14.735983453610874,same_month_all_years
CRAM,CRAM.AOS.littoral1,2017-05-03,BOSLON,0.292,0.275,0.325,NA,24,1,Schindler-Patalas,lake,2017,5,14.735983453610874,same_month_all_years
CRAM,CRAM.AOS.buoy.c0,2017-05-03,CALSP1,0.481,0.425,0.55,NA,3830,3.497716894977169,tow net,lake,2017,5,14.735983453610874,same_month_all_years
CRAM,CRAM.AOS.littoral1,2017-05-03,CALSP1,0.463,0.425,0.55,NA,48,2,Schindler-Patalas,lake,2017,5,14.735983453610874,same_month_all_years
CRAM,CRAM.AOS.littoral2,2017-05-03,CALSP1,0.483,0.4,0.575,NA,88,3.6666666666666665,Schindler-Patalas,lake,2017,5,14.735983453610874,same_month_all_years
CRAM,CRAM.AOS.buoy.c0,2017-05-03,CHYSPH,0.25,0.25,0.25,NA,106,0.09680365296803652,tow net,lake,2017,5,14.735983453610874,same_month_all_years
CRAM,CRAM.AOS.buoy.c0,2017-05-03,CONUNI,0.178,0.1,0.275,0.08,9574,8.74337899543379,tow net,lake,2017,5,14.735983453610874,same_month_all_years
CRAM,CRAM.AOS.littoral1,2017-05-03,CONUNI,0.17,0.125,0.225,0.09,1198,49.916666666666664,Schindler-Patalas,lake,2017,5,14.735983453610874,same_month_all_years
CRAM,CRAM.AOS.littoral2,2017-05-03,CONUNI,0.158,0.125,0.225,0.08,763,31.791666666666668,Schindler-Patalas,lake,2017,5,14.735983453610874,same_month_all_years
CRAM,CRAM.AOS.buoy.c0,2017-05-03,CYCSP,0.9,0.875,0.925,NA,319,0.291324200913242,tow net,lake,2017,5,14.735983453610874,same_month_all_years
CRAM,CRAM.AOS.buoy.c0,2017-05-03,GASSP6,0.119,0.1,0.125,NA,426,0.38904109589041097,tow net,lake,2017,5,14.735983453610874,same_month_all_years
CRAM,CRAM.AOS.buoy.c0,2017-05-03,HOLGIB,0.475,0.325,0.575,NA,319,0.291324200913242,tow net,lake,2017,5,14.735983453610874,same_month_all_years
CRAM,CRAM.AOS.buoy.c0,2017-05-03,KELBOS,0.1,0.1,0.1,NA,319,0.291324200913242,tow net,lake,2017,5,14.735983453610874,same_month_all_years
CRAM,CRAM.AOS.littoral2,2017-05-03,KELBOS,0.1,0.1,0.1,NA,6,0.25,Schindler-Patalas,lake,2017,5,14.735983453610874,same_month_all_years
CRAM,CRAM.AOS.buoy.c0,2017-05-03,KELLON,0.125,0.125,0.125,NA,1702,1.554337899543379,tow net,lake,2017,5,14.735983453610874,same_month_all_years
CRAM,CRAM.AOS.littoral2,2017-05-03,KELLON,0.125,0.125,0.125,NA,18,0.75,Schindler-Patalas,lake,2017,5,14.735983453610874,same_month_all_years
CRAM,CRAM.AOS.buoy.c0,2017-05-03,KERCRA,0.2,0.2,0.2,NA,1383,1.263013698630137,tow net,lake,2017,5,14.735983453610874,same_month_all_years
CRAM,CRAM.AOS.littoral1,2017-05-03,KERCRA,0.175,0.175,0.175,NA,18,0.75,Schindler-Patalas,lake,2017,5,14.735983453610874,same_month_all_years
CRAM,CRAM.AOS.littoral2,2017-05-03,KERCRA,0.194,0.175,0.2,NA,53,2.2083333333333335,Schindler-Patalas,lake,2017,5,14.735983453610874,same_month_all_years
CRAM,CRAM.AOS.buoy.c0,2017-05-03,KERHIE,0.1,0.1,0.1,NA,10851,9.90958904109589,tow net,lake,2017,5,14.735983453610874,same_month_all_years
CRAM,CRAM.AOS.buoy.c0,2017-05-03,KERTAU,0.23,0.2,0.25,NA,5213,4.760730593607306,tow net,lake,2017,5,14.735983453610874,same_month_all_years
CRAM,CRAM.AOS.littoral1,2017-05-03,KERTAU,0.235,0.2,0.25,NA,632,26.333333333333332,Schindler-Patalas,lake,2017,5,14.735983453610874,same_month_all_years
CRAM,CRAM.AOS.littoral2,2017-05-03,KERTAU,0.228,0.2,0.25,NA,452,18.833333333333332,Schindler-Patalas,lake,2017,5,14.735983453610874,same_month_all_years
CRAM,CRAM.AOS.buoy.c0,2017-05-03,LEPMIN,1.022,0.975,1.05,NA,1277,1.1662100456621003,tow net,lake,2017,5,14.735983453610874,same_month_all_years
CRAM,CRAM.AOS.buoy.c0,2017-05-03,PLOTRU,0.2,0.2,0.2,NA,106,0.09680365296803652,tow net,lake,2017,5,14.735983453610874,same_month_all_years
CRAM,CRAM.AOS.buoy.c0,2017-05-03,POLSP20,0.125,0.125,0.125,NA,106,0.09680365296803652,tow net,lake,2017,5,14.735983453610874,same_month_all_years
CRAM,CRAM.AOS.littoral2,2017-05-03,POLSP20,0.05,0.05,0.05,NA,6,0.25,Schindler-Patalas,lake,2017,5,14.735983453610874,same_month_all_years
CRAM,CRAM.AOS.buoy.c0,2017-05-03,SYNSP8,0.2,0.15,0.25,NA,11277,10.2986301369863,tow net,lake,2017,5,14.735983453610874,same_month_all_years
CRAM,CRAM.AOS.littoral1,2017-05-03,SYNSP8,0.158,0.15,0.175,NA,36,1.5,Schindler-Patalas,lake,2017,5,14.735983453610874,same_month_all_years
CRAM,CRAM.AOS.littoral2,2017-05-03,SYNSP8,0.163,0.125,0.2,NA,299,12.458333333333334,Schindler-Patalas,lake,2017,5,14.735983453610874,same_month_all_years
CRAM,CRAM.AOS.littoral2,2017-05-03,TRIELO,0.15,0.15,0.15,0.08,6,0.25,Schindler-Patalas,lake,2017,5,14.735983453610874,same_month_all_years
CRAM,CRAM.AOS.littoral1,2017-05-03,TRITET,0.075,0.075,0.075,NA,6,0.25,Schindler-Patalas,lake,2017,5,14.735983453610874,same_month_all_years
CRAM,CRAM.AOS.buoy.c0,2017-05-03,TROPRA1,0.554,0.525,0.575,NA,638,0.582648401826484,tow net,lake,2017,5,14.735983453610874,same_month_all_years
CRAM,CRAM.AOS.littoral1,2017-07-17,ASPSP4,0.43,0.4,0.45,NA,80,3.3333333333333335,Schindler-Patalas,lake,2017,7,24.14464775066422,same_month_all_years
CRAM,CRAM.AOS.littoral2,2017-07-17,ASPSP4,0.38,0.3,0.45,NA,30,1.25,Schindler-Patalas,lake,2017,7,24.14464775066422,same_month_all_years
CRAM,CRAM.AOS.buoy.c0,2017-07-17,BOSLON,0.25,0.25,0.25,NA,1200,1.1741682974559686,tow net,lake,2017,7,24.14464775066422,same_month_all_years
CRAM,CRAM.AOS.littoral1,2017-07-17,BOSLON,0.24,0.2,0.3,NA,106,4.416666666666667,Schindler-Patalas,lake,2017,7,24.14464775066422,same_month_all_years
CRAM,CRAM.AOS.littoral2,2017-07-17,BOSLON,0.25,0.18,0.3,NA,300,12.5,Schindler-Patalas,lake,2017,7,24.14464775066422,same_month_all_years
CRAM,CRAM.AOS.buoy.c0,2017-07-17,CALSP1,0.71,0.58,0.85,NA,8800,8.610567514677104,tow net,lake,2017,7,24.14464775066422,same_month_all_years
CRAM,CRAM.AOS.buoy.c0,2017-07-17,CHASP13,0.13,0.13,0.15,0.08,400,0.3913894324853229,tow net,lake,2017,7,24.14464775066422,same_month_all_years
CRAM,CRAM.AOS.littoral1,2017-07-17,COLSP12,0.05,0.05,0.05,0.05,345,14.375,Schindler-Patalas,lake,2017,7,24.14464775066422,same_month_all_years
CRAM,CRAM.AOS.littoral2,2017-07-17,COLSP12,0.05,0.05,0.05,0.05,540,22.5,Schindler-Patalas,lake,2017,7,24.14464775066422,same_month_all_years
CRAM,CRAM.AOS.buoy.c0,2017-07-17,CONSP8,0.11,0.1,0.13,0.05,1200,1.1741682974559686,tow net,lake,2017,7,24.14464775066422,same_month_all_years
CRAM,CRAM.AOS.buoy.c0,2017-07-17,CONUNI,0.14,0.1,0.2,NA,12800,12.524461839530332,tow net,lake,2017,7,24.14464775066422,same_month_all_years
CRAM,CRAM.AOS.littoral1,2017-07-17,CONUNI,0.1,0.1,0.1,0.05,53,2.2083333333333335,Schindler-Patalas,lake,2017,7,24.14464775066422,same_month_all_years
CRAM,CRAM.AOS.littoral2,2017-07-17,CONUNI,0.1,0.1,0.1,0.05,15,0.625,Schindler-Patalas,lake,2017,7,24.14464775066422,same_month_all_years
CRAM,CRAM.AOS.buoy.c0,2017-07-17,DAPSP1,0.2,0.2,0.2,NA,400,0.3913894324853229,tow net,lake,2017,7,24.14464775066422,same_month_all_years
CRAM,CRAM.AOS.littoral1,2017-07-17,EUBTUB,0.25,0.25,0.25,NA,27,1.125,Schindler-Patalas,lake,2017,7,24.14464775066422,same_month_all_years
CRAM,CRAM.AOS.littoral2,2017-07-17,EUBTUB,0.25,0.2,0.3,NA,75,3.125,Schindler-Patalas,lake,2017,7,24.14464775066422,same_month_all_years
CRAM,CRAM.AOS.buoy.c0,2017-07-17,FILLON,0.08,0.08,0.08,NA,400,0.3913894324853229,tow net,lake,2017,7,24.14464775066422,same_month_all_years
CRAM,CRAM.AOS.buoy.c0,2017-07-17,GASSTY,0.08,0.08,0.1,NA,13600,13.30724070450098,tow net,lake,2017,7,24.14464775066422,same_month_all_years
CRAM,CRAM.AOS.littoral1,2017-07-17,GASSTY,0.29,0.15,1.75,NA,371,15.458333333333334,Schindler-Patalas,lake,2017,7,24.14464775066422,same_month_all_years
CRAM,CRAM.AOS.littoral2,2017-07-17,HOLGIB,0.56,0.5,0.63,NA,45,1.875,Schindler-Patalas,lake,2017,7,24.14464775066422,same_month_all_years
CRAM,CRAM.AOS.buoy.c0,2017-07-17,KELBOS,0.13,0.13,0.13,NA,400,0.3913894324853229,tow net,lake,2017,7,24.14464775066422,same_month_all_years
CRAM,CRAM.AOS.buoy.c0,2017-07-17,KELLON,0.16,0.15,0.18,NA,71600,70.0587084148728,tow net,lake,2017,7,24.14464775066422,same_month_all_years
CRAM,CRAM.AOS.buoy.c0,2017-07-17,KERCRA,0.13,0.13,0.13,NA,2000,1.9569471624266144,tow net,lake,2017,7,24.14464775066422,same_month_all_years
CRAM,CRAM.AOS.littoral1,2017-07-17,KERCRA,0.16,0.13,0.2,NA,318,13.25,Schindler-Patalas,lake,2017,7,24.14464775066422,same_month_all_years
CRAM,CRAM.AOS.littoral2,2017-07-17,KERCRA,0.13,0.13,0.13,NA,300,12.5,Schindler-Patalas,lake,2017,7,24.14464775066422,same_month_all_years
CRAM,CRAM.AOS.buoy.c0,2017-07-17,KERSP,0.16,0.15,0.18,NA,6000,5.870841487279844,tow net,lake,2017,7,24.14464775066422,same_month_all_years
CRAM,CRAM.AOS.littoral1,2017-07-17,KERSP,0.13,0.13,0.13,NA,239,9.958333333333334,Schindler-Patalas,lake,2017,7,24.14464775066422,same_month_all_years
CRAM,CRAM.AOS.littoral2,2017-07-17,KERSP,0.15,0.15,0.18,NA,90,3.75,Schindler-Patalas,lake,2017,7,24.14464775066422,same_month_all_years
CRAM,CRAM.AOS.buoy.c0,2017-07-17,KERTAU,0.17,0.15,0.18,NA,4800,4.6966731898238745,tow net,lake,2017,7,24.14464775066422,same_month_all_years
CRAM,CRAM.AOS.littoral1,2017-07-17,KERTAU,0.13,0.13,0.15,NA,3260,135.83333333333334,Schindler-Patalas,lake,2017,7,24.14464775066422,same_month_all_years
CRAM,CRAM.AOS.littoral2,2017-07-17,KERTAU,0.16,0.13,0.2,NA,2475,103.125,Schindler-Patalas,lake,2017,7,24.14464775066422,same_month_all_years
CRAM,CRAM.AOS.littoral2,2017-07-17,LEPKIN1,2.25,2.25,2.25,NA,15,0.625,Schindler-Patalas,lake,2017,7,24.14464775066422,same_month_all_years
CRAM,CRAM.AOS.buoy.c0,2017-07-17,PLOSP1,0.12,0.1,0.13,NA,1200,1.1741682974559686,tow net,lake,2017,7,24.14464775066422,same_month_all_years
CRAM,CRAM.AOS.littoral2,2017-07-17,PLOSP1,0.12,0.1,0.15,NA,435,18.125,Schindler-Patalas,lake,2017,7,24.14464775066422,same_month_all_years
CRAM,CRAM.AOS.buoy.c0,2017-07-17,POLSP20,0.11,0.1,0.13,NA,5600,5.47945205479452,tow net,lake,2017,7,24.14464775066422,same_month_all_years
CRAM,CRAM.AOS.littoral1,2017-07-17,POLSP20,0.11,0.1,0.13,NA,212,8.833333333333334,Schindler-Patalas,lake,2017,7,24.14464775066422,same_month_all_years
CRAM,CRAM.AOS.littoral2,2017-07-17,POLSP20,0.1,0.1,0.13,NA,210,8.75,Schindler-Patalas,lake,2017,7,24.14464775066422,same_month_all_years
CRAM,CRAM.AOS.buoy.c0,2017-07-17,SYNSP8,0.12,0.1,0.13,NA,2000,1.9569471624266144,tow net,lake,2017,7,24.14464775066422,same_month_all_years
CRAM,CRAM.AOS.littoral1,2017-07-17,SYNSP8,0.15,0.13,0.15,NA,292,12.166666666666666,Schindler-Patalas,lake,2017,7,24.14464775066422,same_month_all_years
CRAM,CRAM.AOS.littoral2,2017-07-17,SYNSP8,0.15,0.13,0.15,NA,210,8.75,Schindler-Patalas,lake,2017,7,24.14464775066422,same_month_all_years
CRAM,CRAM.AOS.buoy.c0,2017-07-17,TRISP31,0.32,0.3,0.33,0.08,1600,1.5655577299412915,tow net,lake,2017,7,24.14464775066422,same_month_all_years
CRAM,CRAM.AOS.littoral1,2017-07-17,TRISP31,0.32,0.3,0.35,0.08,318,13.25,Schindler-Patalas,lake,2017,7,24.14464775066422,same_month_all_years
CRAM,CRAM.AOS.littoral2,2017-07-17,TRISP31,0.32,0.25,0.35,0.08,255,10.625,Schindler-Patalas,lake,2017,7,24.14464775066422,same_month_all_years
CRAM,CRAM.AOS.littoral2,2017-09-14,ACRHAR,0.41,0.35,0.55,NA,30,1.25,Schindler-Patalas,lake,2017,9,19.562162670724614,exact_month_year
CRAM,CRAM.AOS.littoral2,2017-09-14,ALOSP2,0.28,0.28,0.28,NA,8,0.3333333333333333,Schindler-Patalas,lake,2017,9,19.562162670724614,exact_month_year
CRAM,CRAM.AOS.buoy.c0,2017-09-14,ASPSP4,0.28,0.28,0.28,NA,128,0.1062681610626816,tow net,lake,2017,9,19.562162670724614,exact_month_year
CRAM,CRAM.AOS.littoral2,2017-09-14,BDESP,NA,NA,NA,NA,15,0.625,Schindler-Patalas,lake,2017,9,19.562162670724614,exact_month_year
CRAM,CRAM.AOS.littoral1,2017-09-14,BOSLON,0.25,0.2,0.3,NA,124,5.166666666666667,Schindler-Patalas,lake,2017,9,19.562162670724614,exact_month_year
CRAM,CRAM.AOS.buoy.c0,2017-09-14,CALSP1,0.53,0.45,0.7,NA,512,0.4250726442507264,tow net,lake,2017,9,19.562162670724614,exact_month_year
CRAM,CRAM.AOS.littoral1,2017-09-14,CALSP1,0.53,0.35,0.68,NA,434,18.083333333333332,Schindler-Patalas,lake,2017,9,19.562162670724614,exact_month_year
CRAM,CRAM.AOS.littoral2,2017-09-14,CALSP1,0.48,0.4,0.53,NA,30,1.25,Schindler-Patalas,lake,2017,9,19.562162670724614,exact_month_year
CRAM,CRAM.AOS.buoy.c0,2017-09-14,CHASP13,6.83,6.83,6.83,NA,128,0.1062681610626816,tow net,lake,2017,9,19.562162670724614,exact_month_year
CRAM,CRAM.AOS.littoral2,2017-09-14,CHYSP,0.3,0.3,0.3,NA,8,0.3333333333333333,Schindler-Patalas,lake,2017,9,19.562162670724614,exact_month_year
CRAM,CRAM.AOS.buoy.c0,2017-09-14,CONSP8,0.12,0.1,0.13,0.08,384,0.31880448318804483,tow net,lake,2017,9,19.562162670724614,exact_month_year
CRAM,CRAM.AOS.buoy.c0,2017-09-14,CYCSP,0.42,0.33,0.5,NA,640,0.5313408053134081,tow net,lake,2017,9,19.562162670724614,exact_month_year
CRAM,CRAM.AOS.littoral1,2017-09-14,CYCSP,0.58,0.58,0.58,NA,62,2.5833333333333335,Schindler-Patalas,lake,2017,9,19.562162670724614,exact_month_year
CRAM,CRAM.AOS.littoral2,2017-09-14,CYCSP,0.48,0.35,0.68,NA,23,0.9583333333333334,Schindler-Patalas,lake,2017,9,19.562162670724614,exact_month_year
CRAM,CRAM.AOS.buoy.c0,2017-09-14,GASSTY,0.08,0.08,0.08,NA,896,0.7438771274387713,tow net,lake,2017,9,19.562162670724614,exact_month_year
CRAM,CRAM.AOS.littoral1,2017-09-14,GASSTY,0.08,0.08,0.08,NA,496,20.666666666666668,Schindler-Patalas,lake,2017,9,19.562162670724614,exact_month_year
CRAM,CRAM.AOS.littoral2,2017-09-14,GASSTY,0.08,0.08,0.08,NA,113,4.708333333333333,Schindler-Patalas,lake,2017,9,19.562162670724614,exact_month_year
CRAM,CRAM.AOS.buoy.c0,2017-09-14,KELBOS,0.13,0.13,0.13,NA,128,0.1062681610626816,tow net,lake,2017,9,19.562162670724614,exact_month_year
CRAM,CRAM.AOS.buoy.c0,2017-09-14,KELLON,0.15,0.15,0.15,NA,4864,4.038190120381901,tow net,lake,2017,9,19.562162670724614,exact_month_year
CRAM,CRAM.AOS.buoy.c0,2017-09-14,KERCRA,0.11,0.1,0.13,NA,5504,4.569530925695309,tow net,lake,2017,9,19.562162670724614,exact_month_year
CRAM,CRAM.AOS.littoral1,2017-09-14,KERCRA,0.1,0.1,0.1,NA,372,15.5,Schindler-Patalas,lake,2017,9,19.562162670724614,exact_month_year
CRAM,CRAM.AOS.littoral2,2017-09-14,KERCRA,0.15,0.15,0.15,NA,53,2.2083333333333335,Schindler-Patalas,lake,2017,9,19.562162670724614,exact_month_year
CRAM,CRAM.AOS.buoy.c0,2017-09-14,KERSP,0.15,0.15,0.15,NA,384,0.31880448318804483,tow net,lake,2017,9,19.562162670724614,exact_month_year
CRAM,CRAM.AOS.littoral1,2017-09-14,KERSP,0.15,0.15,0.15,NA,62,2.5833333333333335,Schindler-Patalas,lake,2017,9,19.562162670724614,exact_month_year
CRAM,CRAM.AOS.buoy.c0,2017-09-14,KERTAU,0.17,0.15,0.2,NA,24448,20.297218762972182,tow net,lake,2017,9,19.562162670724614,exact_month_year
CRAM,CRAM.AOS.littoral1,2017-09-14,KERTAU,0.18,0.15,0.2,NA,10416,434,Schindler-Patalas,lake,2017,9,19.562162670724614,exact_month_year
CRAM,CRAM.AOS.littoral2,2017-09-14,KERTAU,0.16,0.15,0.18,NA,1883,78.45833333333333,Schindler-Patalas,lake,2017,9,19.562162670724614,exact_month_year
CRAM,CRAM.AOS.littoral2,2017-09-14,LECSP1,0.1,0.1,0.1,NA,8,0.3333333333333333,Schindler-Patalas,lake,2017,9,19.562162670724614,exact_month_year
CRAM,CRAM.AOS.littoral2,2017-09-14,LEPMIN,0.83,0.83,0.83,NA,8,0.3333333333333333,Schindler-Patalas,lake,2017,9,19.562162670724614,exact_month_year
CRAM,CRAM.AOS.littoral2,2017-09-14,MACSP4,0.17,0.15,0.18,NA,23,0.9583333333333334,Schindler-Patalas,lake,2017,9,19.562162670724614,exact_month_year
CRAM,CRAM.AOS.buoy.c0,2017-09-14,MESEDA,0.95,0.95,0.95,NA,128,0.1062681610626816,tow net,lake,2017,9,19.562162670724614,exact_month_year
CRAM,CRAM.AOS.littoral2,2017-09-14,MONLUN,0.1,0.1,0.1,NA,8,0.3333333333333333,Schindler-Patalas,lake,2017,9,19.562162670724614,exact_month_year
CRAM,CRAM.AOS.buoy.c0,2017-09-14,PLOLEN,0.13,0.13,0.13,NA,128,0.1062681610626816,tow net,lake,2017,9,19.562162670724614,exact_month_year
CRAM,CRAM.AOS.littoral1,2017-09-14,PLOLEN,0.13,0.13,0.13,NA,124,5.166666666666667,Schindler-Patalas,lake,2017,9,19.562162670724614,exact_month_year
CRAM,CRAM.AOS.littoral2,2017-09-14,PLOLEN,0.12,0.1,0.13,NA,158,6.583333333333333,Schindler-Patalas,lake,2017,9,19.562162670724614,exact_month_year
CRAM,CRAM.AOS.buoy.c0,2017-09-14,POLSP20,0.1,0.08,0.13,NA,1792,1.4877542548775426,tow net,lake,2017,9,19.562162670724614,exact_month_year
CRAM,CRAM.AOS.littoral1,2017-09-14,POLSP20,0.1,0.08,0.15,NA,1116,46.5,Schindler-Patalas,lake,2017,9,19.562162670724614,exact_month_year
CRAM,CRAM.AOS.littoral2,2017-09-14,POLSP20,0.12,0.08,0.18,NA,83,3.4583333333333335,Schindler-Patalas,lake,2017,9,19.562162670724614,exact_month_year
CRAM,CRAM.AOS.littoral1,2017-09-14,SYNSP8,0.15,0.15,0.15,NA,62,2.5833333333333335,Schindler-Patalas,lake,2017,9,19.562162670724614,exact_month_year
CRAM,CRAM.AOS.littoral2,2017-09-14,SYNSP8,0.1,0.1,0.13,NA,60,2.5,Schindler-Patalas,lake,2017,9,19.562162670724614,exact_month_year
CRAM,CRAM.AOS.buoy.c0,2017-09-14,TRIMUL,0.29,0.28,0.3,0.08,256,0.2125363221253632,tow net,lake,2017,9,19.562162670724614,exact_month_year
CRAM,CRAM.AOS.littoral1,2017-09-14,TRIMUL,0.33,0.33,0.33,0.08,124,5.166666666666667,Schindler-Patalas,lake,2017,9,19.562162670724614,exact_month_year
CRAM,CRAM.AOS.littoral2,2017-09-14,TRIMUL,0.31,0.23,0.35,0.08,8,0.3333333333333333,Schindler-Patalas,lake,2017,9,19.562162670724614,exact_month_year
CRAM,CRAM.AOS.buoy.c0,2017-09-14,TRISP31,0.18,0.18,0.18,0.1,384,0.31880448318804483,tow net,lake,2017,9,19.562162670724614,exact_month_year
CRAM,CRAM.AOS.littoral1,2017-09-14,TRISP31,0.18,0.18,0.18,0.1,186,7.75,Schindler-Patalas,lake,2017,9,19.562162670724614,exact_month_year
CRAM,CRAM.AOS.littoral2,2017-09-14,TRISP31,0.18,0.18,0.18,0.1,23,0.9583333333333334,Schindler-Patalas,lake,2017,9,19.562162670724614,exact_month_year
CRAM,CRAM.AOS.buoy.c0,2017-09-14,TROPRA1,0.5,0.5,0.5,NA,128,0.1062681610626816,tow net,lake,2017,9,19.562162670724614,exact_month_year
CRAM,CRAM.AOS.buoy.c0,2018-05-10,ASPHER,0.39,0.38,0.4,NA,250,0.14269406392694065,tow net,lake,2018,5,22.53991481208853,exact_month_year
CRAM,CRAM.AOS.littoral2,2018-05-10,ASPHER,0.3,0.3,0.3,NA,12,0.5,Schindler-Patalas,lake,2018,5,22.53991481208853,exact_month_year
CRAM,CRAM.AOS.buoy.c0,2018-05-10,BDESP,NA,NA,NA,NA,125,0.07134703196347032,tow net,lake,2018,5,22.53991481208853,exact_month_year
CRAM,CRAM.AOS.littoral1,2018-05-10,BDESP,NA,NA,NA,NA,188,7.833333333333333,Schindler-Patalas,lake,2018,5,22.53991481208853,exact_month_year
CRAM,CRAM.AOS.littoral2,2018-05-10,BDESP,NA,NA,NA,NA,46,1.9166666666666667,Schindler-Patalas,lake,2018,5,22.53991481208853,exact_month_year
CRAM,CRAM.AOS.buoy.c0,2018-05-10,CALSP1,0.63,0.58,0.7,NA,375,0.21404109589041095,tow net,lake,2018,5,22.53991481208853,exact_month_year
CRAM,CRAM.AOS.littoral2,2018-05-10,CALSP1,0.73,0.65,0.8,NA,23,0.9583333333333334,Schindler-Patalas,lake,2018,5,22.53991481208853,exact_month_year
CRAM,CRAM.AOS.buoy.c0,2018-05-10,CONSP8,0.13,0.13,0.13,0.1,125,0.07134703196347032,tow net,lake,2018,5,22.53991481208853,exact_month_year
CRAM,CRAM.AOS.littoral1,2018-05-10,CONSP8,0.13,0.13,0.13,0.09,125,5.208333333333333,Schindler-Patalas,lake,2018,5,22.53991481208853,exact_month_year
CRAM,CRAM.AOS.littoral2,2018-05-10,CONSP8,0.14,0.1,0.18,0.21,104,4.333333333333333,Schindler-Patalas,lake,2018,5,22.53991481208853,exact_month_year
CRAM,CRAM.AOS.buoy.c0,2018-05-10,CONUNI,0.08,0.08,0.08,0.05,250,0.14269406392694065,tow net,lake,2018,5,22.53991481208853,exact_month_year
CRAM,CRAM.AOS.littoral1,2018-05-10,CONUNI,0.09,0.08,0.13,0.05,250,10.416666666666666,Schindler-Patalas,lake,2018,5,22.53991481208853,exact_month_year
CRAM,CRAM.AOS.littoral2,2018-05-10,CONUNI,0.08,0.08,0.08,0.05,12,0.5,Schindler-Patalas,lake,2018,5,22.53991481208853,exact_month_year
CRAM,CRAM.AOS.buoy.c0,2018-05-10,CYCSP,0.73,0.4,0.8,NA,1250,0.7134703196347032,tow net,lake,2018,5,22.53991481208853,exact_month_year
CRAM,CRAM.AOS.littoral1,2018-05-10,CYCSP,0.69,0.4,0.8,NA,313,13.041666666666666,Schindler-Patalas,lake,2018,5,22.53991481208853,exact_month_year
CRAM,CRAM.AOS.buoy.c0,2018-05-10,FILLON,0.15,0.15,0.15,0.1,125,0.07134703196347032,tow net,lake,2018,5,22.53991481208853,exact_month_year
CRAM,CRAM.AOS.littoral1,2018-05-10,FILLON,0.18,0.18,0.18,0.1,63,2.625,Schindler-Patalas,lake,2018,5,22.53991481208853,exact_month_year
CRAM,CRAM.AOS.buoy.c0,2018-05-10,GASHYP,0.12,0.1,0.13,NA,1000,0.5707762557077626,tow net,lake,2018,5,22.53991481208853,exact_month_year
CRAM,CRAM.AOS.littoral2,2018-05-10,GASHYP,0.13,0.13,0.13,NA,12,0.5,Schindler-Patalas,lake,2018,5,22.53991481208853,exact_month_year
CRAM,CRAM.AOS.littoral1,2018-05-10,GASSTY,0.1,0.1,0.1,NA,63,2.625,Schindler-Patalas,lake,2018,5,22.53991481208853,exact_month_year
CRAM,CRAM.AOS.littoral2,2018-05-10,GASSTY,0.1,0.1,0.1,NA,23,0.9583333333333334,Schindler-Patalas,lake,2018,5,22.53991481208853,exact_month_year
CRAM,CRAM.AOS.buoy.c0,2018-05-10,HOLGIB,0.35,0.35,0.35,NA,250,0.14269406392694065,tow net,lake,2018,5,22.53991481208853,exact_month_year
CRAM,CRAM.AOS.littoral1,2018-05-10,HOLGIB,0.33,0.33,0.33,NA,63,2.625,Schindler-Patalas,lake,2018,5,22.53991481208853,exact_month_year
CRAM,CRAM.AOS.littoral2,2018-05-10,HOLGIB,0.35,0.35,0.35,NA,12,0.5,Schindler-Patalas,lake,2018,5,22.53991481208853,exact_month_year
CRAM,CRAM.AOS.littoral1,2018-05-10,KELBOS,0.13,0.13,0.13,NA,188,7.833333333333333,Schindler-Patalas,lake,2018,5,22.53991481208853,exact_month_year
CRAM,CRAM.AOS.buoy.c0,2018-05-10,KELLON,0.15,0.15,0.15,NA,5750,3.2819634703196345,tow net,lake,2018,5,22.53991481208853,exact_month_year
CRAM,CRAM.AOS.littoral1,2018-05-10,KELLON,0.15,0.15,0.15,NA,3438,143.25,Schindler-Patalas,lake,2018,5,22.53991481208853,exact_month_year
CRAM,CRAM.AOS.littoral2,2018-05-10,KELLON,0.15,0.15,0.15,NA,368,15.333333333333334,Schindler-Patalas,lake,2018,5,22.53991481208853,exact_month_year
CRAM,CRAM.AOS.buoy.c0,2018-05-10,KERCRA,0.18,0.18,0.18,NA,250,0.14269406392694065,tow net,lake,2018,5,22.53991481208853,exact_month_year
CRAM,CRAM.AOS.littoral1,2018-05-10,KERCRA,0.15,0.15,0.15,NA,125,5.208333333333333,Schindler-Patalas,lake,2018,5,22.53991481208853,exact_month_year
CRAM,CRAM.AOS.buoy.c0,2018-05-10,KERSP,0.12,0.1,0.15,NA,7250,4.1381278538812785,tow net,lake,2018,5,22.53991481208853,exact_month_year
CRAM,CRAM.AOS.littoral1,2018-05-10,KERSP,0.13,0.13,0.13,NA,7625,317.7083333333333,Schindler-Patalas,lake,2018,5,22.53991481208853,exact_month_year
CRAM,CRAM.AOS.littoral2,2018-05-10,KERSP,0.13,0.1,0.15,NA,1587,66.125,Schindler-Patalas,lake,2018,5,22.53991481208853,exact_month_year
CRAM,CRAM.AOS.buoy.c0,2018-05-10,KERTAU,0.18,0.18,0.18,NA,125,0.07134703196347032,tow net,lake,2018,5,22.53991481208853,exact_month_year
CRAM,CRAM.AOS.littoral1,2018-05-10,KERTAU,0.17,0.15,0.18,NA,938,39.083333333333336,Schindler-Patalas,lake,2018,5,22.53991481208853,exact_month_year
CRAM,CRAM.AOS.littoral2,2018-05-10,KERTAU,0.18,0.18,0.18,NA,207,8.625,Schindler-Patalas,lake,2018,5,22.53991481208853,exact_month_year
CRAM,CRAM.AOS.buoy.c0,2018-05-10,KERTES,0.13,0.13,0.13,NA,2875,1.6409817351598173,tow net,lake,2018,5,22.53991481208853,exact_month_year
CRAM,CRAM.AOS.littoral1,2018-05-10,KERTES,0.13,0.13,0.13,NA,1313,54.708333333333336,Schindler-Patalas,lake,2018,5,22.53991481208853,exact_month_year
CRAM,CRAM.AOS.littoral2,2018-05-10,KERTES,0.13,0.13,0.13,NA,12,0.5,Schindler-Patalas,lake,2018,5,22.53991481208853,exact_month_year
CRAM,CRAM.AOS.littoral1,2018-05-10,LECSP1,0.11,0.1,0.13,NA,125,5.208333333333333,Schindler-Patalas,lake,2018,5,22.53991481208853,exact_month_year
CRAM,CRAM.AOS.buoy.c0,2018-05-10,LEPMIN,1,0.93,1.08,NA,5250,2.9965753424657535,tow net,lake,2018,5,22.53991481208853,exact_month_year
CRAM,CRAM.AOS.littoral1,2018-05-10,LEPMIN,0.99,0.93,1.05,NA,1938,80.75,Schindler-Patalas,lake,2018,5,22.53991481208853,exact_month_year
CRAM,CRAM.AOS.littoral2,2018-05-10,LEPMIN,0.95,0.93,1,NA,115,4.791666666666667,Schindler-Patalas,lake,2018,5,22.53991481208853,exact_month_year
CRAM,CRAM.AOS.buoy.c0,2018-05-10,MESEDA,0.9,0.85,0.95,NA,375,0.21404109589041095,tow net,lake,2018,5,22.53991481208853,exact_month_year
CRAM,CRAM.AOS.littoral1,2018-05-10,MESEDA,0.88,0.85,0.95,NA,188,7.833333333333333,Schindler-Patalas,lake,2018,5,22.53991481208853,exact_month_year
CRAM,CRAM.AOS.littoral2,2018-05-10,MONLUN,0.15,0.15,0.15,NA,23,0.9583333333333334,Schindler-Patalas,lake,2018,5,22.53991481208853,exact_month_year
CRAM,CRAM.AOS.buoy.c0,2018-05-10,POLSP20,0.1,0.1,0.1,NA,2500,1.4269406392694064,tow net,lake,2018,5,22.53991481208853,exact_month_year
CRAM,CRAM.AOS.littoral1,2018-05-10,POLSP20,0.1,0.1,0.1,NA,2125,88.54166666666667,Schindler-Patalas,lake,2018,5,22.53991481208853,exact_month_year
CRAM,CRAM.AOS.littoral2,2018-05-10,POLSP20,0.1,0.1,0.1,NA,184,7.666666666666667,Schindler-Patalas,lake,2018,5,22.53991481208853,exact_month_year
CRAM,CRAM.AOS.buoy.c0,2018-05-10,SYNSP8,0.13,0.1,0.15,NA,1125,0.6421232876712328,tow net,lake,2018,5,22.53991481208853,exact_month_year
CRAM,CRAM.AOS.littoral1,2018-05-10,SYNSP8,0.13,0.1,0.18,NA,625,26.041666666666668,Schindler-Patalas,lake,2018,5,22.53991481208853,exact_month_year
CRAM,CRAM.AOS.littoral2,2018-05-10,SYNSP8,0.14,0.13,0.15,NA,23,0.9583333333333334,Schindler-Patalas,lake,2018,5,22.53991481208853,exact_month_year
CRAM,CRAM.AOS.buoy.c0,2018-05-10,TRISP31,0.3,0.3,0.3,0.08,125,0.07134703196347032,tow net,lake,2018,5,22.53991481208853,exact_month_year
CRAM,CRAM.AOS.littoral1,2018-05-10,TRISP31,0.3,0.3,0.3,0.08,63,2.625,Schindler-Patalas,lake,2018,5,22.53991481208853,exact_month_year
CRAM,CRAM.AOS.littoral2,2018-05-10,TRISP31,0.3,0.3,0.3,0.08,23,0.9583333333333334,Schindler-Patalas,lake,2018,5,22.53991481208853,exact_month_year
CRAM,CRAM.AOS.buoy.c0,2018-05-10,TROPRA1,0.54,0.5,0.55,NA,1250,0.7134703196347032,tow net,lake,2018,5,22.53991481208853,exact_month_year
CRAM,CRAM.AOS.littoral1,2018-05-10,TROPRA1,0.54,0.5,0.55,NA,375,15.625,Schindler-Patalas,lake,2018,5,22.53991481208853,exact_month_year
CRAM,CRAM.AOS.littoral2,2018-07-16,ASCOVA,0.08,0.08,0.08,NA,61,1.6944444444444444,Schindler-Patalas,lake,2018,7,24.547423858433223,exact_month_year
CRAM,CRAM.AOS.buoy.c0,2018-07-16,ASPSP4,0.48,0.48,0.48,NA,850,0.8030231459612659,tow net,lake,2018,7,24.547423858433223,exact_month_year
CRAM,CRAM.AOS.littoral1,2018-07-16,ASPSP4,0.49,0.48,0.5,NA,144,4,Schindler-Patalas,lake,2018,7,24.547423858433223,exact_month_year
CRAM,CRAM.AOS.littoral2,2018-07-16,ASPSP4,0.36,0.25,0.45,NA,246,6.833333333333333,Schindler-Patalas,lake,2018,7,24.547423858433223,exact_month_year
CRAM,CRAM.AOS.littoral1,2018-07-16,BOSLON,0.2,0.2,0.2,NA,72,2,Schindler-Patalas,lake,2018,7,24.547423858433223,exact_month_year
CRAM,CRAM.AOS.littoral2,2018-07-16,BOSLON,0.21,0.2,0.23,NA,123,3.4166666666666665,Schindler-Patalas,lake,2018,7,24.547423858433223,exact_month_year
CRAM,CRAM.AOS.buoy.c0,2018-07-16,CALSP1,0.71,0.65,0.78,NA,5950,5.621162021728861,tow net,lake,2018,7,24.547423858433223,exact_month_year
CRAM,CRAM.AOS.buoy.c0,2018-07-16,COLSP12,0.05,0.05,0.05,0.05,850,0.8030231459612659,tow net,lake,2018,7,24.547423858433223,exact_month_year
CRAM,CRAM.AOS.littoral1,2018-07-16,COLSP12,0.05,0.05,0.05,0.05,144,4,Schindler-Patalas,lake,2018,7,24.547423858433223,exact_month_year
CRAM,CRAM.AOS.littoral2,2018-07-16,COLSP12,0.05,0.05,0.05,0.05,123,3.4166666666666665,Schindler-Patalas,lake,2018,7,24.547423858433223,exact_month_year
CRAM,CRAM.AOS.buoy.c0,2018-07-16,CONSP8,0.13,0.13,0.13,0.08,12750,12.045347189418989,tow net,lake,2018,7,24.547423858433223,exact_month_year
CRAM,CRAM.AOS.buoy.c0,2018-07-16,CONUNI,0.08,0.08,0.08,0.05,38250,36.13604156825697,tow net,lake,2018,7,24.547423858433223,exact_month_year
CRAM,CRAM.AOS.littoral1,2018-07-16,CONUNI,0.08,0.08,0.1,0.05,4824,134,Schindler-Patalas,lake,2018,7,24.547423858433223,exact_month_year
CRAM,CRAM.AOS.littoral2,2018-07-16,CONUNI,0.08,0.08,0.1,0.05,3071,85.30555555555556,Schindler-Patalas,lake,2018,7,24.547423858433223,exact_month_year
CRAM,CRAM.AOS.littoral1,2018-07-16,CYCSP,0.3,0.3,0.3,NA,144,4,Schindler-Patalas,lake,2018,7,24.547423858433223,exact_month_year
CRAM,CRAM.AOS.buoy.c0,2018-07-16,DAPSP1,0.95,0.95,0.95,NA,850,0.8030231459612659,tow net,lake,2018,7,24.547423858433223,exact_month_year
CRAM,CRAM.AOS.littoral2,2018-07-16,EUBTUB,0.26,0.25,0.28,NA,123,3.4166666666666665,Schindler-Patalas,lake,2018,7,24.547423858433223,exact_month_year
CRAM,CRAM.AOS.buoy.c0,2018-07-16,FILLON,0.17,0.15,0.18,0.08,5950,5.621162021728861,tow net,lake,2018,7,24.547423858433223,exact_month_year
CRAM,CRAM.AOS.buoy.c0,2018-07-16,GASSTY,0.09,0.08,0.1,NA,1700,1.6060462919225318,tow net,lake,2018,7,24.547423858433223,exact_month_year
CRAM,CRAM.AOS.buoy.c0,2018-07-16,KELBOS,0.13,0.13,0.13,NA,1700,1.6060462919225318,tow net,lake,2018,7,24.547423858433223,exact_month_year
CRAM,CRAM.AOS.buoy.c0,2018-07-16,KELLON,0.15,0.15,0.15,NA,1700,1.6060462919225318,tow net,lake,2018,7,24.547423858433223,exact_month_year
CRAM,CRAM.AOS.buoy.c0,2018-07-16,KERCOC,0.13,0.13,0.13,NA,9350,8.833254605573925,tow net,lake,2018,7,24.547423858433223,exact_month_year
CRAM,CRAM.AOS.littoral1,2018-07-16,KERCOC,0.13,0.13,0.13,NA,504,14,Schindler-Patalas,lake,2018,7,24.547423858433223,exact_month_year
CRAM,CRAM.AOS.littoral2,2018-07-16,KERCOC,0.13,0.13,0.13,NA,61,1.6944444444444444,Schindler-Patalas,lake,2018,7,24.547423858433223,exact_month_year
CRAM,CRAM.AOS.buoy.c0,2018-07-16,KERCRA,0.15,0.15,0.15,NA,11900,11.242324043457725,tow net,lake,2018,7,24.547423858433223,exact_month_year
CRAM,CRAM.AOS.littoral1,2018-07-16,KERCRA,0.15,0.15,0.15,NA,864,24,Schindler-Patalas,lake,2018,7,24.547423858433223,exact_month_year
CRAM,CRAM.AOS.littoral2,2018-07-16,KERCRA,0.15,0.15,0.15,NA,123,3.4166666666666665,Schindler-Patalas,lake,2018,7,24.547423858433223,exact_month_year
CRAM,CRAM.AOS.buoy.c0,2018-07-16,KERTAU,0.15,0.15,0.18,NA,24650,23.28767123287671,tow net,lake,2018,7,24.547423858433223,exact_month_year
CRAM,CRAM.AOS.littoral1,2018-07-16,KERTAU,0.15,0.15,0.18,NA,6552,182,Schindler-Patalas,lake,2018,7,24.547423858433223,exact_month_year
CRAM,CRAM.AOS.littoral2,2018-07-16,KERTAU,0.16,0.15,0.18,NA,8907,247.41666666666663,Schindler-Patalas,lake,2018,7,24.547423858433223,exact_month_year
CRAM,CRAM.AOS.buoy.c0,2018-07-16,KERTES,0.11,0.1,0.13,NA,1700,1.6060462919225318,tow net,lake,2018,7,24.547423858433223,exact_month_year
CRAM,CRAM.AOS.buoy.c0,2018-07-16,MESEDA,1.33,1.33,1.33,NA,850,0.8030231459612659,tow net,lake,2018,7,24.547423858433223,exact_month_year
CRAM,CRAM.AOS.buoy.c0,2018-07-16,PLOLEN,0.1,0.1,0.1,NA,850,0.8030231459612659,tow net,lake,2018,7,24.547423858433223,exact_month_year
CRAM,CRAM.AOS.littoral2,2018-07-16,PLOLEN,0.1,0.08,0.13,NA,369,10.25,Schindler-Patalas,lake,2018,7,24.547423858433223,exact_month_year
CRAM,CRAM.AOS.buoy.c0,2018-07-16,POLSP20,0.1,0.08,0.13,NA,124950,118.04440245630607,tow net,lake,2018,7,24.547423858433223,exact_month_year
CRAM,CRAM.AOS.littoral1,2018-07-16,POLSP20,0.09,0.08,0.1,NA,576,16,Schindler-Patalas,lake,2018,7,24.547423858433223,exact_month_year
CRAM,CRAM.AOS.littoral2,2018-07-16,POLSP20,0.1,0.1,0.1,NA,553,15.36111111111111,Schindler-Patalas,lake,2018,7,24.547423858433223,exact_month_year
CRAM,CRAM.AOS.buoy.c0,2018-07-16,TRIMUL,0.23,0.23,0.23,0.1,850,0.8030231459612659,tow net,lake,2018,7,24.547423858433223,exact_month_year
CRAM,CRAM.AOS.littoral1,2018-07-16,TRIMUL,0.23,0.23,0.23,0.1,72,2,Schindler-Patalas,lake,2018,7,24.547423858433223,exact_month_year
CRAM,CRAM.AOS.littoral2,2018-07-16,TRIMUL,0.23,0.23,0.23,0.1,246,6.833333333333333,Schindler-Patalas,lake,2018,7,24.547423858433223,exact_month_year
CRAM,CRAM.AOS.littoral1,2018-10-02,ASCECA,0.1,0.1,0.1,NA,120,5,Schindler-Patalas,lake,2018,10,12.8547931184669,exact_month_year
CRAM,CRAM.AOS.buoy.c0,2018-10-02,ASPSP4,0.51,0.25,0.6,NA,372,0.33972602739726027,tow net,lake,2018,10,12.8547931184669,exact_month_year
CRAM,CRAM.AOS.littoral1,2018-10-02,ASPSP4,0.55,0.53,0.58,NA,150,6.25,Schindler-Patalas,lake,2018,10,12.8547931184669,exact_month_year
CRAM,CRAM.AOS.littoral2,2018-10-02,ASPSP4,0.54,0.53,0.55,NA,58,2.4166666666666665,Schindler-Patalas,lake,2018,10,12.8547931184669,exact_month_year
CRAM,CRAM.AOS.littoral1,2018-10-02,BDESP,0.15,0.15,0.15,NA,30,1.25,Schindler-Patalas,lake,2018,10,12.8547931184669,exact_month_year
CRAM,CRAM.AOS.buoy.c0,2018-10-02,BOSLON,0.26,0.2,0.3,NA,124,0.1132420091324201,tow net,lake,2018,10,12.8547931184669,exact_month_year
CRAM,CRAM.AOS.littoral1,2018-10-02,BOSLON,0.28,0.28,0.28,NA,30,1.25,Schindler-Patalas,lake,2018,10,12.8547931184669,exact_month_year
CRAM,CRAM.AOS.littoral2,2018-10-02,BOSLON,0.26,0.25,0.28,NA,117,4.875,Schindler-Patalas,lake,2018,10,12.8547931184669,exact_month_year
CRAM,CRAM.AOS.buoy.c0,2018-10-02,CALSP1,0.77,0.63,0.88,NA,155,0.1415525114155251,tow net,lake,2018,10,12.8547931184669,exact_month_year
CRAM,CRAM.AOS.littoral1,2018-10-02,CALSP1,0.75,0.63,0.78,NA,180,7.5,Schindler-Patalas,lake,2018,10,12.8547931184669,exact_month_year
CRAM,CRAM.AOS.littoral2,2018-10-02,CALSP1,0.55,0.45,0.65,NA,58,2.4166666666666665,Schindler-Patalas,lake,2018,10,12.8547931184669,exact_month_year
CRAM,CRAM.AOS.buoy.c0,2018-10-02,CHASP13,8.7,8.7,8.7,NA,31,0.02831050228310502,tow net,lake,2018,10,12.8547931184669,exact_month_year
CRAM,CRAM.AOS.buoy.c0,2018-10-02,COLSP12,0.05,0.05,0.05,0.05,93,0.08493150684931507,tow net,lake,2018,10,12.8547931184669,exact_month_year
CRAM,CRAM.AOS.littoral1,2018-10-02,COLSP12,0.05,0.05,0.05,0.05,150,6.25,Schindler-Patalas,lake,2018,10,12.8547931184669,exact_month_year
CRAM,CRAM.AOS.littoral2,2018-10-02,COLSP12,0.05,0.05,0.05,0.05,88,3.6666666666666665,Schindler-Patalas,lake,2018,10,12.8547931184669,exact_month_year
CRAM,CRAM.AOS.buoy.c0,2018-10-02,CONUNI,0.08,0.08,0.1,0.05,744,0.6794520547945205,tow net,lake,2018,10,12.8547931184669,exact_month_year
CRAM,CRAM.AOS.littoral1,2018-10-02,CONUNI,0.08,0.08,0.08,0.05,480,20,Schindler-Patalas,lake,2018,10,12.8547931184669,exact_month_year
CRAM,CRAM.AOS.littoral2,2018-10-02,CONUNI,0.1,0.1,0.1,0.05,29,1.2083333333333333,Schindler-Patalas,lake,2018,10,12.8547931184669,exact_month_year
CRAM,CRAM.AOS.littoral1,2018-10-02,CYCSP,0.29,0.28,0.3,NA,60,2.5,Schindler-Patalas,lake,2018,10,12.8547931184669,exact_month_year
CRAM,CRAM.AOS.littoral1,2018-10-02,DIASP10,0.38,0.38,0.38,NA,30,1.25,Schindler-Patalas,lake,2018,10,12.8547931184669,exact_month_year
CRAM,CRAM.AOS.buoy.c0,2018-10-02,GASSTY,0.08,0.08,0.08,NA,62,0.05662100456621005,tow net,lake,2018,10,12.8547931184669,exact_month_year
CRAM,CRAM.AOS.littoral1,2018-10-02,GASSTY,0.08,0.08,0.08,NA,240,10,Schindler-Patalas,lake,2018,10,12.8547931184669,exact_month_year
CRAM,CRAM.AOS.littoral2,2018-10-02,GASSTY,0.08,0.08,0.08,NA,58,2.4166666666666665,Schindler-Patalas,lake,2018,10,12.8547931184669,exact_month_year
CRAM,CRAM.AOS.buoy.c0,2018-10-02,KERCOC,0.13,0.13,0.13,NA,558,0.5095890410958904,tow net,lake,2018,10,12.8547931184669,exact_month_year
CRAM,CRAM.AOS.littoral1,2018-10-02,KERCOC,0.13,0.13,0.13,NA,60,2.5,Schindler-Patalas,lake,2018,10,12.8547931184669,exact_month_year
CRAM,CRAM.AOS.littoral2,2018-10-02,KERCOC,0.13,0.13,0.13,NA,350,14.583333333333334,Schindler-Patalas,lake,2018,10,12.8547931184669,exact_month_year
CRAM,CRAM.AOS.buoy.c0,2018-10-02,KERCRA,0.15,0.15,0.15,NA,558,0.5095890410958904,tow net,lake,2018,10,12.8547931184669,exact_month_year
CRAM,CRAM.AOS.littoral1,2018-10-02,KERCRA,0.15,0.15,0.15,NA,90,3.75,Schindler-Patalas,lake,2018,10,12.8547931184669,exact_month_year
CRAM,CRAM.AOS.littoral2,2018-10-02,KERCRA,0.15,0.15,0.15,NA,117,4.875,Schindler-Patalas,lake,2018,10,12.8547931184669,exact_month_year
CRAM,CRAM.AOS.buoy.c0,2018-10-02,KERTAU,0.17,0.15,0.18,NA,961,0.8776255707762557,tow net,lake,2018,10,12.8547931184669,exact_month_year
CRAM,CRAM.AOS.littoral1,2018-10-02,KERTAU,0.18,0.18,0.18,NA,270,11.25,Schindler-Patalas,lake,2018,10,12.8547931184669,exact_month_year
CRAM,CRAM.AOS.littoral2,2018-10-02,KERTAU,0.18,0.18,0.18,NA,933,38.875,Schindler-Patalas,lake,2018,10,12.8547931184669,exact_month_year
CRAM,CRAM.AOS.littoral2,2018-10-02,LEPMIN,1.03,1.03,1.03,NA,29,1.2083333333333333,Schindler-Patalas,lake,2018,10,12.8547931184669,exact_month_year
CRAM,CRAM.AOS.buoy.c0,2018-10-02,PLOLEN,0.13,0.13,0.13,NA,93,0.08493150684931507,tow net,lake,2018,10,12.8547931184669,exact_month_year
CRAM,CRAM.AOS.littoral1,2018-10-02,PLOLEN,0.13,0.13,0.13,NA,30,1.25,Schindler-Patalas,lake,2018,10,12.8547931184669,exact_month_year
CRAM,CRAM.AOS.littoral2,2018-10-02,PLOLEN,0.13,0.13,0.15,NA,88,3.6666666666666665,Schindler-Patalas,lake,2018,10,12.8547931184669,exact_month_year
CRAM,CRAM.AOS.buoy.c0,2018-10-02,POLSP20,0.1,0.08,0.13,NA,2077,1.8968036529680363,tow net,lake,2018,10,12.8547931184669,exact_month_year
CRAM,CRAM.AOS.littoral1,2018-10-02,POLSP20,0.09,0.08,0.13,NA,2700,112.5,Schindler-Patalas,lake,2018,10,12.8547931184669,exact_month_year
CRAM,CRAM.AOS.littoral2,2018-10-02,POLSP20,0.09,0.08,0.13,NA,2246,93.58333333333331,Schindler-Patalas,lake,2018,10,12.8547931184669,exact_month_year
CRAM,CRAM.AOS.buoy.c0,2018-10-02,SYNSP8,0.14,0.1,0.18,NA,899,0.8210045662100457,tow net,lake,2018,10,12.8547931184669,exact_month_year
CRAM,CRAM.AOS.littoral1,2018-10-02,SYNSP8,0.14,0.1,0.15,NA,2100,87.5,Schindler-Patalas,lake,2018,10,12.8547931184669,exact_month_year
CRAM,CRAM.AOS.littoral2,2018-10-02,SYNSP8,0.14,0.13,0.15,NA,1371,57.125,Schindler-Patalas,lake,2018,10,12.8547931184669,exact_month_year
CRAM,CRAM.AOS.buoy.c0,2018-10-02,TRISP31,0.3,0.3,0.3,0.1,31,0.02831050228310502,tow net,lake,2018,10,12.8547931184669,exact_month_year
CRAM,CRAM.AOS.buoy.c0,2018-10-02,TROPRA1,0.45,0.4,0.5,NA,155,0.1415525114155251,tow net,lake,2018,10,12.8547931184669,exact_month_year
CRAM,CRAM.AOS.littoral1,2018-10-02,TROPRA1,0.43,0.43,0.43,NA,30,1.25,Schindler-Patalas,lake,2018,10,12.8547931184669,exact_month_year
CRAM,CRAM.AOS.buoy.c0,2019-05-08,ASPPRI,0.5,0.5,0.5,NA,332,0.16844241501775747,tow net,lake,2019,5,11.37503258290688,exact_month_year
CRAM,CRAM.AOS.littoral1,2019-05-08,ASPPRI,0.5,0.375,0.575,NA,60,2.5,Schindler-Patalas,lake,2019,5,11.37503258290688,exact_month_year
CRAM,CRAM.AOS.buoy.c0,2019-05-08,BDESP,0.138,0.125,0.15,NA,664,0.33688483003551495,tow net,lake,2019,5,11.37503258290688,exact_month_year
CRAM,CRAM.AOS.littoral1,2019-05-08,BOSLON,0.25,0.25,0.25,NA,60,2.5,Schindler-Patalas,lake,2019,5,11.37503258290688,exact_month_year
CRAM,CRAM.AOS.littoral2,2019-05-08,BOSLON,0.3,0.3,0.3,NA,40,1.6666666666666667,Schindler-Patalas,lake,2019,5,11.37503258290688,exact_month_year
CRAM,CRAM.AOS.buoy.c0,2019-05-08,CALSP1,0.493,0.425,0.625,NA,3652,1.852866565195332,tow net,lake,2019,5,11.37503258290688,exact_month_year
CRAM,CRAM.AOS.littoral1,2019-05-08,CALSP1,0.462,0.4,0.575,NA,380,15.833333333333334,Schindler-Patalas,lake,2019,5,11.37503258290688,exact_month_year
CRAM,CRAM.AOS.littoral2,2019-05-08,CALSP1,0.455,0.45,0.475,NA,400,16.666666666666668,Schindler-Patalas,lake,2019,5,11.37503258290688,exact_month_year
CRAM,CRAM.AOS.littoral2,2019-05-08,CHYSPH,0.275,0.275,0.275,NA,40,1.6666666666666667,Schindler-Patalas,lake,2019,5,11.37503258290688,exact_month_year
CRAM,CRAM.AOS.buoy.c0,2019-05-08,COLSP12,0.01,0.01,0.01,0.05,664,0.33688483003551495,tow net,lake,2019,5,11.37503258290688,exact_month_year
CRAM,CRAM.AOS.littoral1,2019-05-08,COLSP12,0.01,0.01,0.01,0.05,40,1.6666666666666667,Schindler-Patalas,lake,2019,5,11.37503258290688,exact_month_year
CRAM,CRAM.AOS.littoral2,2019-05-08,COLSP12,0.01,0.01,0.01,0.05,400,16.666666666666668,Schindler-Patalas,lake,2019,5,11.37503258290688,exact_month_year
CRAM,CRAM.AOS.buoy.c0,2019-05-08,CONSP8,0.157,0.125,0.2,0.094,5644,2.8635210553018773,tow net,lake,2019,5,11.37503258290688,exact_month_year
CRAM,CRAM.AOS.littoral1,2019-05-08,CONSP8,0.178,0.15,0.25,0.103,600,25,Schindler-Patalas,lake,2019,5,11.37503258290688,exact_month_year
CRAM,CRAM.AOS.littoral2,2019-05-08,CONSP8,0.156,0.125,0.2,0.093,1360,56.666666666666664,Schindler-Patalas,lake,2019,5,11.37503258290688,exact_month_year
CRAM,CRAM.AOS.buoy.c0,2019-05-08,CONUNI,0.075,0.075,0.075,0.05,6308,3.200405885337392,tow net,lake,2019,5,11.37503258290688,exact_month_year
CRAM,CRAM.AOS.littoral1,2019-05-08,CONUNI,0.075,0.075,0.075,0.05,820,34.166666666666664,Schindler-Patalas,lake,2019,5,11.37503258290688,exact_month_year
CRAM,CRAM.AOS.littoral2,2019-05-08,CONUNI,0.075,0.075,0.075,0.05,760,31.666666666666668,Schindler-Patalas,lake,2019,5,11.37503258290688,exact_month_year
CRAM,CRAM.AOS.buoy.c0,2019-05-08,FILLON,0.157,0.125,0.175,0.093,2324,1.1790969051243023,tow net,lake,2019,5,11.37503258290688,exact_month_year
CRAM,CRAM.AOS.buoy.c0,2019-05-08,GASSTY,0.078,0.075,0.1,NA,3320,1.6844241501775747,tow net,lake,2019,5,11.37503258290688,exact_month_year
CRAM,CRAM.AOS.littoral1,2019-05-08,GASSTY,0.079,0.075,0.1,NA,280,11.666666666666666,Schindler-Patalas,lake,2019,5,11.37503258290688,exact_month_year
CRAM,CRAM.AOS.littoral2,2019-05-08,GASSTY,0.075,0.075,0.075,NA,1640,68.33333333333333,Schindler-Patalas,lake,2019,5,11.37503258290688,exact_month_year
CRAM,CRAM.AOS.buoy.c0,2019-05-08,HOLGIB,0.425,0.35,0.5,NA,664,0.33688483003551495,tow net,lake,2019,5,11.37503258290688,exact_month_year
CRAM,CRAM.AOS.littoral1,2019-05-08,HOLGIB,0.3,0.3,0.3,NA,20,0.8333333333333334,Schindler-Patalas,lake,2019,5,11.37503258290688,exact_month_year
CRAM,CRAM.AOS.buoy.c0,2019-05-08,KELBOS,0.125,0.125,0.125,NA,332,0.16844241501775747,tow net,lake,2019,5,11.37503258290688,exact_month_year
CRAM,CRAM.AOS.buoy.c0,2019-05-08,KELLON,0.15,0.15,0.15,NA,664,0.33688483003551495,tow net,lake,2019,5,11.37503258290688,exact_month_year
CRAM,CRAM.AOS.littoral1,2019-05-08,KELLON,0.15,0.15,0.15,NA,260,10.833333333333334,Schindler-Patalas,lake,2019,5,11.37503258290688,exact_month_year
CRAM,CRAM.AOS.littoral2,2019-05-08,KELLON,0.15,0.15,0.15,NA,160,6.666666666666667,Schindler-Patalas,lake,2019,5,11.37503258290688,exact_month_year
CRAM,CRAM.AOS.buoy.c0,2019-05-08,KERCRA,0.175,0.175,0.175,NA,664,0.33688483003551495,tow net,lake,2019,5,11.37503258290688,exact_month_year
CRAM,CRAM.AOS.littoral1,2019-05-08,KERCRA,0.175,0.175,0.175,NA,20,0.8333333333333334,Schindler-Patalas,lake,2019,5,11.37503258290688,exact_month_year
CRAM,CRAM.AOS.buoy.c0,2019-05-08,KERSP,0.133,0.125,0.15,NA,996,0.5053272450532724,tow net,lake,2019,5,11.37503258290688,exact_month_year
CRAM,CRAM.AOS.littoral1,2019-05-08,KERSP,0.125,0.125,0.125,NA,40,1.6666666666666667,Schindler-Patalas,lake,2019,5,11.37503258290688,exact_month_year
CRAM,CRAM.AOS.buoy.c0,2019-05-08,KERTAU,0.175,0.175,0.175,NA,12948,6.569254185692542,tow net,lake,2019,5,11.37503258290688,exact_month_year
CRAM,CRAM.AOS.littoral1,2019-05-08,KERTAU,0.175,0.175,0.175,NA,1300,54.166666666666664,Schindler-Patalas,lake,2019,5,11.37503258290688,exact_month_year
CRAM,CRAM.AOS.littoral2,2019-05-08,KERTAU,0.175,0.175,0.175,NA,1920,80,Schindler-Patalas,lake,2019,5,11.37503258290688,exact_month_year
CRAM,CRAM.AOS.buoy.c0,2019-05-08,KERTES,0.1,0.1,0.1,NA,6308,3.200405885337392,tow net,lake,2019,5,11.37503258290688,exact_month_year
CRAM,CRAM.AOS.littoral1,2019-05-08,KERTES,0.1,0.1,0.1,NA,40,1.6666666666666667,Schindler-Patalas,lake,2019,5,11.37503258290688,exact_month_year
CRAM,CRAM.AOS.littoral2,2019-05-08,KERTES,0.1,0.1,0.1,NA,40,1.6666666666666667,Schindler-Patalas,lake,2019,5,11.37503258290688,exact_month_year
CRAM,CRAM.AOS.buoy.c0,2019-05-08,LECSP1,0.1,0.1,0.1,NA,332,0.16844241501775747,tow net,lake,2019,5,11.37503258290688,exact_month_year
CRAM,CRAM.AOS.buoy.c0,2019-05-08,LEPMIN,1.008,0.95,1.15,NA,1992,1.0106544901065448,tow net,lake,2019,5,11.37503258290688,exact_month_year
CRAM,CRAM.AOS.littoral2,2019-05-08,LEPMIN,1,1,1,NA,40,1.6666666666666667,Schindler-Patalas,lake,2019,5,11.37503258290688,exact_month_year
CRAM,CRAM.AOS.buoy.c0,2019-05-08,MESEDA,1.175,1.175,1.175,NA,332,0.16844241501775747,tow net,lake,2019,5,11.37503258290688,exact_month_year
CRAM,CRAM.AOS.buoy.c0,2019-05-08,POLSP20,0.098,0.075,0.1,NA,6640,3.3688483003551495,tow net,lake,2019,5,11.37503258290688,exact_month_year
CRAM,CRAM.AOS.littoral1,2019-05-08,POLSP20,0.1,0.1,0.1,NA,240,10,Schindler-Patalas,lake,2019,5,11.37503258290688,exact_month_year
CRAM,CRAM.AOS.littoral2,2019-05-08,POLSP20,0.1,0.1,0.1,NA,920,38.333333333333336,Schindler-Patalas,lake,2019,5,11.37503258290688,exact_month_year
CRAM,CRAM.AOS.buoy.c0,2019-05-08,SYNSP8,0.144,0.125,0.2,NA,10956,5.558599695585997,tow net,lake,2019,5,11.37503258290688,exact_month_year
CRAM,CRAM.AOS.littoral1,2019-05-08,SYNSP8,0.188,0.15,0.225,NA,40,1.6666666666666667,Schindler-Patalas,lake,2019,5,11.37503258290688,exact_month_year
CRAM,CRAM.AOS.littoral2,2019-05-08,SYNSP8,0.175,0.15,0.2,NA,240,10,Schindler-Patalas,lake,2019,5,11.37503258290688,exact_month_year
CRAM,CRAM.AOS.littoral2,2019-05-08,TRITET,0.15,0.15,0.15,NA,40,1.6666666666666667,Schindler-Patalas,lake,2019,5,11.37503258290688,exact_month_year
CRAM,CRAM.AOS.buoy.c0,2019-05-08,TROPRA1,0.45,0.45,0.45,NA,332,0.16844241501775747,tow net,lake,2019,5,11.37503258290688,exact_month_year
CRAM,CRAM.AOS.littoral2,2019-07-11,ASCECA,0.075,0.075,0.075,NA,80,3.3333333333333335,Schindler-Patalas,lake,2019,7,24.92025460815172,exact_month_year
CRAM,CRAM.AOS.buoy.c1,2019-07-11,BDESP,0.125,0.125,0.125,NA,840,0.8851422550052687,tow net,lake,2019,7,24.92025460815172,exact_month_year
CRAM,CRAM.AOS.littoral2,2019-07-11,BOSLON,0.2,0.2,0.2,NA,80,3.3333333333333335,Schindler-Patalas,lake,2019,7,24.92025460815172,exact_month_year
CRAM,CRAM.AOS.buoy.c1,2019-07-11,CALSP1,0.658,0.45,0.85,NA,26880,28.324552160168597,tow net,lake,2019,7,24.92025460815172,exact_month_year
CRAM,CRAM.AOS.buoy.c1,2019-07-11,COLSP12,NA,NA,NA,0.05,840,0.8851422550052687,tow net,lake,2019,7,24.92025460815172,exact_month_year
CRAM,CRAM.AOS.buoy.c1,2019-07-11,CONSP8,0.114,0.1,0.15,0.075,32760,34.52054794520548,tow net,lake,2019,7,24.92025460815172,exact_month_year
CRAM,CRAM.AOS.buoy.c1,2019-07-11,CONUNI,0.075,0.075,0.075,0.05,36960,38.94625922023182,tow net,lake,2019,7,24.92025460815172,exact_month_year
CRAM,CRAM.AOS.littoral1,2019-07-11,CONUNI,0.075,0.075,0.075,0.05,400,16.666666666666668,Schindler-Patalas,lake,2019,7,24.92025460815172,exact_month_year
CRAM,CRAM.AOS.littoral2,2019-07-11,CONUNI,0.075,0.075,0.075,0.05,760,31.666666666666668,Schindler-Patalas,lake,2019,7,24.92025460815172,exact_month_year
CRAM,CRAM.AOS.buoy.c1,2019-07-11,CYCSP,0.575,0.575,0.575,NA,840,0.8851422550052687,tow net,lake,2019,7,24.92025460815172,exact_month_year
CRAM,CRAM.AOS.buoy.c1,2019-07-11,CYCSP1,0.8,0.8,0.8,NA,840,0.8851422550052687,tow net,lake,2019,7,24.92025460815172,exact_month_year
CRAM,CRAM.AOS.buoy.c1,2019-07-11,DAPSP1,0.925,0.925,0.925,NA,840,0.8851422550052687,tow net,lake,2019,7,24.92025460815172,exact_month_year
CRAM,CRAM.AOS.buoy.c1,2019-07-11,DIASP10,0.55,0.55,0.55,NA,840,0.8851422550052687,tow net,lake,2019,7,24.92025460815172,exact_month_year
CRAM,CRAM.AOS.buoy.c1,2019-07-11,FILLON,0.15,0.15,0.15,0.1,840,0.8851422550052687,tow net,lake,2019,7,24.92025460815172,exact_month_year
CRAM,CRAM.AOS.buoy.c1,2019-07-11,GASSTY,0.075,0.075,0.075,NA,840,0.8851422550052687,tow net,lake,2019,7,24.92025460815172,exact_month_year
CRAM,CRAM.AOS.littoral1,2019-07-11,GASSTY,0.075,0.075,0.075,NA,120,5,Schindler-Patalas,lake,2019,7,24.92025460815172,exact_month_year
CRAM,CRAM.AOS.littoral2,2019-07-11,GASSTY,0.075,0.075,0.075,NA,80,3.3333333333333335,Schindler-Patalas,lake,2019,7,24.92025460815172,exact_month_year
CRAM,CRAM.AOS.buoy.c1,2019-07-11,HOLGIB,0.55,0.55,0.55,NA,840,0.8851422550052687,tow net,lake,2019,7,24.92025460815172,exact_month_year
CRAM,CRAM.AOS.buoy.c1,2019-07-11,KELBOS,0.114,0.1,0.125,NA,5880,6.195995785036881,tow net,lake,2019,7,24.92025460815172,exact_month_year
CRAM,CRAM.AOS.buoy.c1,2019-07-11,KELLON,0.15,0.15,0.15,NA,22680,23.898840885142256,tow net,lake,2019,7,24.92025460815172,exact_month_year
CRAM,CRAM.AOS.buoy.c1,2019-07-11,KERCOC,0.15,0.15,0.15,NA,13440,14.1622760800843,tow net,lake,2019,7,24.92025460815172,exact_month_year
CRAM,CRAM.AOS.littoral1,2019-07-11,KERCOC,0.142,0.125,0.15,NA,120,5,Schindler-Patalas,lake,2019,7,24.92025460815172,exact_month_year
CRAM,CRAM.AOS.littoral2,2019-07-11,KERCOC,0.144,0.125,0.15,NA,800,33.333333333333336,Schindler-Patalas,lake,2019,7,24.92025460815172,exact_month_year
CRAM,CRAM.AOS.buoy.c1,2019-07-11,KERCRA,0.16,0.15,0.175,NA,4200,4.425711275026344,tow net,lake,2019,7,24.92025460815172,exact_month_year
CRAM,CRAM.AOS.littoral1,2019-07-11,KERCRA,0.171,0.15,0.175,NA,280,11.666666666666666,Schindler-Patalas,lake,2019,7,24.92025460815172,exact_month_year
CRAM,CRAM.AOS.littoral2,2019-07-11,KERCRA,0.169,0.15,0.175,NA,1080,45,Schindler-Patalas,lake,2019,7,24.92025460815172,exact_month_year
CRAM,CRAM.AOS.buoy.c1,2019-07-11,KERTAU,0.16,0.15,0.175,NA,12600,13.27713382507903,tow net,lake,2019,7,24.92025460815172,exact_month_year
CRAM,CRAM.AOS.littoral1,2019-07-11,KERTAU,0.171,0.15,0.175,NA,3080,128.33333333333334,Schindler-Patalas,lake,2019,7,24.92025460815172,exact_month_year
CRAM,CRAM.AOS.littoral2,2019-07-11,KERTAU,0.171,0.15,0.175,NA,9960,415,Schindler-Patalas,lake,2019,7,24.92025460815172,exact_month_year
CRAM,CRAM.AOS.buoy.c1,2019-07-11,LEPMIN,1.05,1.05,1.05,NA,840,0.8851422550052687,tow net,lake,2019,7,24.92025460815172,exact_month_year
CRAM,CRAM.AOS.buoy.c1,2019-07-11,PLOLEN,0.1,0.1,0.1,NA,1680,1.770284510010537,tow net,lake,2019,7,24.92025460815172,exact_month_year
CRAM,CRAM.AOS.littoral1,2019-07-11,PLOSP1,0.1,0.1,0.1,NA,80,3.3333333333333335,Schindler-Patalas,lake,2019,7,24.92025460815172,exact_month_year
CRAM,CRAM.AOS.littoral2,2019-07-11,PLOSP1,0.125,0.1,0.15,NA,120,5,Schindler-Patalas,lake,2019,7,24.92025460815172,exact_month_year
CRAM,CRAM.AOS.buoy.c1,2019-07-11,POLSP20,0.1,0.1,0.1,NA,37800,39.831401475237094,tow net,lake,2019,7,24.92025460815172,exact_month_year
CRAM,CRAM.AOS.littoral1,2019-07-11,POLSP20,0.103,0.1,0.125,NA,2920,121.66666666666669,Schindler-Patalas,lake,2019,7,24.92025460815172,exact_month_year
CRAM,CRAM.AOS.littoral2,2019-07-11,POLSP20,0.1,0.1,0.1,NA,5040,210,Schindler-Patalas,lake,2019,7,24.92025460815172,exact_month_year
CRAM,CRAM.AOS.buoy.c1,2019-07-11,SYNSP8,0.138,0.125,0.15,NA,3360,3.5405690200210747,tow net,lake,2019,7,24.92025460815172,exact_month_year
CRAM,CRAM.AOS.littoral1,2019-07-11,SYNSP8,0.144,0.125,0.15,NA,320,13.333333333333334,Schindler-Patalas,lake,2019,7,24.92025460815172,exact_month_year
CRAM,CRAM.AOS.littoral2,2019-07-11,SYNSP8,0.153,0.15,0.175,NA,1000,41.666666666666664,Schindler-Patalas,lake,2019,7,24.92025460815172,exact_month_year
CRAM,CRAM.AOS.buoy.c1,2019-07-11,TRISP31,0.313,0.3,0.35,0.075,6720,7.081138040042149,tow net,lake,2019,7,24.92025460815172,exact_month_year
CRAM,CRAM.AOS.littoral1,2019-07-11,TRISP31,0.314,0.3,0.35,0.075,840,35,Schindler-Patalas,lake,2019,7,24.92025460815172,exact_month_year
CRAM,CRAM.AOS.littoral2,2019-07-11,TRISP31,0.309,0.275,0.35,0.075,2040,85,Schindler-Patalas,lake,2019,7,24.92025460815172,exact_month_year
CRAM,CRAM.AOS.buoy.c1,2019-09-25,ASPPRI,0.433,0.4,0.45,NA,360,0.3522504892367906,tow net,lake,2019,9,18.017085971268745,exact_month_year
CRAM,CRAM.AOS.littoral1,2019-09-25,ASPPRI,0.425,0.25,0.55,NA,120,5,Schindler-Patalas,lake,2019,9,18.017085971268745,exact_month_year
CRAM,CRAM.AOS.littoral2,2019-09-25,ASPPRI,0.369,0.3,0.45,NA,180,7.5,Schindler-Patalas,lake,2019,9,18.017085971268745,exact_month_year
CRAM,CRAM.AOS.buoy.c1,2019-09-25,BOSLON,0.249,0.2,0.325,NA,2400,2.3483365949119372,tow net,lake,2019,9,18.017085971268745,exact_month_year
CRAM,CRAM.AOS.littoral1,2019-09-25,BOSLON,0.26,0.2,0.3,NA,1280,53.333333333333336,Schindler-Patalas,lake,2019,9,18.017085971268745,exact_month_year
CRAM,CRAM.AOS.littoral2,2019-09-25,BOSLON,0.26,0.2,0.35,NA,240,10,Schindler-Patalas,lake,2019,9,18.017085971268745,exact_month_year
CRAM,CRAM.AOS.buoy.c1,2019-09-25,CALSP1,0.783,0.75,0.8,NA,360,0.3522504892367906,tow net,lake,2019,9,18.017085971268745,exact_month_year
CRAM,CRAM.AOS.littoral1,2019-09-25,CALSP1,0.613,0.45,0.75,NA,160,6.666666666666667,Schindler-Patalas,lake,2019,9,18.017085971268745,exact_month_year
CRAM,CRAM.AOS.littoral2,2019-09-25,CALSP1,0.65,0.45,0.8,NA,100,4.166666666666667,Schindler-Patalas,lake,2019,9,18.017085971268745,exact_month_year
CRAM,CRAM.AOS.buoy.c1,2019-09-25,CHASP13,6.05,6.05,6.05,NA,120,0.11741682974559686,tow net,lake,2019,9,18.017085971268745,exact_month_year
CRAM,CRAM.AOS.buoy.c1,2019-09-25,COLSP12,NA,NA,NA,0.05,360,0.3522504892367906,tow net,lake,2019,9,18.017085971268745,exact_month_year
CRAM,CRAM.AOS.littoral1,2019-09-25,COLSP12,NA,NA,NA,0.05,240,10,Schindler-Patalas,lake,2019,9,18.017085971268745,exact_month_year
CRAM,CRAM.AOS.littoral2,2019-09-25,COLSP12,NA,NA,NA,0.05,400,16.666666666666668,Schindler-Patalas,lake,2019,9,18.017085971268745,exact_month_year
CRAM,CRAM.AOS.buoy.c1,2019-09-25,CONSP8,0.117,0.1,0.125,0.075,360,0.3522504892367906,tow net,lake,2019,9,18.017085971268745,exact_month_year
CRAM,CRAM.AOS.buoy.c1,2019-09-25,CYCSP,0.428,0.25,0.75,NA,1080,1.0567514677103718,tow net,lake,2019,9,18.017085971268745,exact_month_year
CRAM,CRAM.AOS.littoral1,2019-09-25,CYCSP,0.431,0.4,0.45,NA,160,6.666666666666667,Schindler-Patalas,lake,2019,9,18.017085971268745,exact_month_year
CRAM,CRAM.AOS.littoral2,2019-09-25,CYCSP,0.308,0.275,0.375,NA,60,2.5,Schindler-Patalas,lake,2019,9,18.017085971268745,exact_month_year
CRAM,CRAM.AOS.littoral1,2019-09-25,DIASP10,0.475,0.45,0.5,NA,80,3.3333333333333335,Schindler-Patalas,lake,2019,9,18.017085971268745,exact_month_year
CRAM,CRAM.AOS.littoral1,2019-09-25,EUBTUB,0.275,0.275,0.275,NA,40,1.6666666666666667,Schindler-Patalas,lake,2019,9,18.017085971268745,exact_month_year
CRAM,CRAM.AOS.littoral2,2019-09-25,EUBTUB,0.35,0.325,0.375,NA,40,1.6666666666666667,Schindler-Patalas,lake,2019,9,18.017085971268745,exact_month_year
CRAM,CRAM.AOS.buoy.c1,2019-09-25,GASSTY,0.1,0.1,0.1,NA,120,0.11741682974559686,tow net,lake,2019,9,18.017085971268745,exact_month_year
CRAM,CRAM.AOS.littoral1,2019-09-25,GASSTY,0.1,0.1,0.1,NA,40,1.6666666666666667,Schindler-Patalas,lake,2019,9,18.017085971268745,exact_month_year
CRAM,CRAM.AOS.buoy.c1,2019-09-25,KELBOS,0.125,0.125,0.125,NA,1200,1.1741682974559686,tow net,lake,2019,9,18.017085971268745,exact_month_year
CRAM,CRAM.AOS.buoy.c1,2019-09-25,KERCRA,0.156,0.15,0.175,NA,3960,3.8747553816046967,tow net,lake,2019,9,18.017085971268745,exact_month_year
CRAM,CRAM.AOS.littoral1,2019-09-25,KERCRA,0.151,0.15,0.175,NA,880,36.666666666666664,Schindler-Patalas,lake,2019,9,18.017085971268745,exact_month_year
CRAM,CRAM.AOS.littoral2,2019-09-25,KERCRA,0.158,0.15,0.175,NA,1300,54.166666666666664,Schindler-Patalas,lake,2019,9,18.017085971268745,exact_month_year
CRAM,CRAM.AOS.buoy.c1,2019-09-25,KERSP,0.125,0.125,0.125,NA,8160,7.984344422700587,tow net,lake,2019,9,18.017085971268745,exact_month_year
CRAM,CRAM.AOS.littoral1,2019-09-25,KERSP,0.125,0.125,0.125,NA,400,16.666666666666668,Schindler-Patalas,lake,2019,9,18.017085971268745,exact_month_year
CRAM,CRAM.AOS.littoral2,2019-09-25,KERSP,0.125,0.125,0.125,NA,520,21.666666666666668,Schindler-Patalas,lake,2019,9,18.017085971268745,exact_month_year
CRAM,CRAM.AOS.buoy.c1,2019-09-25,KERTAU,0.161,0.15,0.175,NA,6480,6.340508806262231,tow net,lake,2019,9,18.017085971268745,exact_month_year
CRAM,CRAM.AOS.littoral1,2019-09-25,KERTAU,0.156,0.15,0.175,NA,5240,218.33333333333337,Schindler-Patalas,lake,2019,9,18.017085971268745,exact_month_year
CRAM,CRAM.AOS.littoral2,2019-09-25,KERTAU,0.155,0.15,0.175,NA,2860,119.16666666666669,Schindler-Patalas,lake,2019,9,18.017085971268745,exact_month_year
CRAM,CRAM.AOS.littoral2,2019-09-25,LEPMIN,0.908,0.825,0.975,NA,60,2.5,Schindler-Patalas,lake,2019,9,18.017085971268745,exact_month_year
CRAM,CRAM.AOS.buoy.c1,2019-09-25,PLOLEN,0.1,0.1,0.1,NA,120,0.11741682974559686,tow net,lake,2019,9,18.017085971268745,exact_month_year
CRAM,CRAM.AOS.littoral1,2019-09-25,PLOLEN,0.125,0.125,0.125,NA,80,3.3333333333333335,Schindler-Patalas,lake,2019,9,18.017085971268745,exact_month_year
CRAM,CRAM.AOS.littoral2,2019-09-25,PLOLEN,0.125,0.125,0.125,NA,60,2.5,Schindler-Patalas,lake,2019,9,18.017085971268745,exact_month_year
CRAM,CRAM.AOS.buoy.c1,2019-09-25,POLSP20,0.113,0.1,0.15,NA,18600,18.199608610567516,tow net,lake,2019,9,18.017085971268745,exact_month_year
CRAM,CRAM.AOS.littoral1,2019-09-25,POLSP20,0.115,0.1,0.15,NA,720,30,Schindler-Patalas,lake,2019,9,18.017085971268745,exact_month_year
CRAM,CRAM.AOS.littoral2,2019-09-25,POLSP20,0.106,0.1,0.15,NA,440,18.333333333333332,Schindler-Patalas,lake,2019,9,18.017085971268745,exact_month_year
CRAM,CRAM.AOS.buoy.c1,2019-09-25,SYNSP8,0.117,0.1,0.15,NA,1080,1.0567514677103718,tow net,lake,2019,9,18.017085971268745,exact_month_year
CRAM,CRAM.AOS.littoral1,2019-09-25,SYNSP8,0.133,0.125,0.15,NA,120,5,Schindler-Patalas,lake,2019,9,18.017085971268745,exact_month_year
CRAM,CRAM.AOS.littoral2,2019-09-25,SYNSP8,0.132,0.1,0.15,NA,140,5.833333333333333,Schindler-Patalas,lake,2019,9,18.017085971268745,exact_month_year
CRAM,CRAM.AOS.buoy.c1,2019-09-25,TRIMUL,0.175,0.175,0.175,0.1,360,0.3522504892367906,tow net,lake,2019,9,18.017085971268745,exact_month_year
CRAM,CRAM.AOS.littoral1,2019-09-25,TRIMUL,0.175,0.175,0.175,0.1,80,3.3333333333333335,Schindler-Patalas,lake,2019,9,18.017085971268745,exact_month_year
CRAM,CRAM.AOS.littoral2,2019-09-25,TRIMUL,0.175,0.175,0.175,0.1,40,1.6666666666666667,Schindler-Patalas,lake,2019,9,18.017085971268745,exact_month_year
CRAM,CRAM.AOS.buoy.c1,2019-09-25,TRISP31,0.338,0.325,0.35,0.075,240,0.23483365949119372,tow net,lake,2019,9,18.017085971268745,exact_month_year
CRAM,CRAM.AOS.littoral1,2019-09-25,TRISP31,0.313,0.3,0.325,0.075,160,6.666666666666667,Schindler-Patalas,lake,2019,9,18.017085971268745,exact_month_year
CRAM,CRAM.AOS.littoral2,2019-09-25,TRISP31,0.275,0.25,0.3,0.075,40,1.6666666666666667,Schindler-Patalas,lake,2019,9,18.017085971268745,exact_month_year
CRAM,CRAM.AOS.buoy.c1,2019-09-25,TROPRA1,0.469,0.4,0.55,NA,1560,1.5264187866927592,tow net,lake,2019,9,18.017085971268745,exact_month_year
CRAM,CRAM.AOS.littoral1,2020-06-08,ASCECA,0.1,0.1,0.1,NA,54,2.25,Schindler-Patalas,lake,2020,6,21.32388988762425,same_month_all_years
CRAM,CRAM.AOS.littoral2,2020-06-08,ASCECA,0.1,0.1,0.1,NA,105,4.375,Schindler-Patalas,lake,2020,6,21.32388988762425,same_month_all_years
CRAM,CRAM.AOS.littoral2,2020-06-08,ASCOVA,0.1,0.1,0.1,NA,105,4.375,Schindler-Patalas,lake,2020,6,21.32388988762425,same_month_all_years
CRAM,CRAM.AOS.buoy.c1,2020-06-08,ASPSP4,0.4,0.35,0.45,NA,508,0.4799244213509683,tow net,lake,2020,6,21.32388988762425,same_month_all_years
CRAM,CRAM.AOS.littoral1,2020-06-08,ASPSP4,0.392,0.325,0.45,NA,54,2.25,Schindler-Patalas,lake,2020,6,21.32388988762425,same_month_all_years
CRAM,CRAM.AOS.littoral2,2020-06-08,ASPSP4,0.375,0.25,0.5,NA,105,4.375,Schindler-Patalas,lake,2020,6,21.32388988762425,same_month_all_years
CRAM,CRAM.AOS.buoy.c1,2020-06-08,CALSP1,0.614,0.55,0.75,NA,7620,7.198866320264525,tow net,lake,2020,6,21.32388988762425,same_month_all_years
CRAM,CRAM.AOS.buoy.c1,2020-06-08,COLSP12,0.05,0.05,0.05,0.05,1016,0.9598488427019368,tow net,lake,2020,6,21.32388988762425,same_month_all_years
CRAM,CRAM.AOS.littoral1,2020-06-08,COLSP12,0.05,0.05,0.05,0.05,378,15.75,Schindler-Patalas,lake,2020,6,21.32388988762425,same_month_all_years
CRAM,CRAM.AOS.littoral2,2020-06-08,COLSP12,0.05,0.05,0.05,0.05,150,6.25,Schindler-Patalas,lake,2020,6,21.32388988762425,same_month_all_years
CRAM,CRAM.AOS.buoy.c1,2020-06-08,CONSP8,0.125,0.125,0.125,0.075,3048,2.87954652810581,tow net,lake,2020,6,21.32388988762425,same_month_all_years
CRAM,CRAM.AOS.buoy.c1,2020-06-08,CONUNI,0.075,0.075,0.075,0.05,23368,22.076523382144543,tow net,lake,2020,6,21.32388988762425,same_month_all_years
CRAM,CRAM.AOS.littoral1,2020-06-08,CONUNI,0.078,0.075,0.1,0.05,468,19.5,Schindler-Patalas,lake,2020,6,21.32388988762425,same_month_all_years
CRAM,CRAM.AOS.littoral2,2020-06-08,CONUNI,0.075,0.075,0.075,0.05,135,5.625,Schindler-Patalas,lake,2020,6,21.32388988762425,same_month_all_years
CRAM,CRAM.AOS.buoy.c1,2020-06-08,CYCSP,0.511,0.35,0.65,NA,2286,2.159659896079358,tow net,lake,2020,6,21.32388988762425,same_month_all_years
CRAM,CRAM.AOS.littoral1,2020-06-08,EUBTUB,0.4,0.4,0.4,NA,18,0.75,Schindler-Patalas,lake,2020,6,21.32388988762425,same_month_all_years
CRAM,CRAM.AOS.littoral2,2020-06-08,EUBTUB,0.275,0.275,0.275,NA,15,0.625,Schindler-Patalas,lake,2020,6,21.32388988762425,same_month_all_years
CRAM,CRAM.AOS.buoy.c1,2020-06-08,FILLON,0.168,0.15,0.175,0.075,1778,1.6797354747283892,tow net,lake,2020,6,21.32388988762425,same_month_all_years
CRAM,CRAM.AOS.littoral1,2020-06-08,GASHYP,0.1,0.1,0.1,NA,180,7.5,Schindler-Patalas,lake,2020,6,21.32388988762425,same_month_all_years
CRAM,CRAM.AOS.littoral2,2020-06-08,GASHYP,0.088,0.075,0.1,NA,30,1.25,Schindler-Patalas,lake,2020,6,21.32388988762425,same_month_all_years
CRAM,CRAM.AOS.buoy.c1,2020-06-08,GASSTY,0.075,0.075,0.075,NA,9398,8.878601794992914,tow net,lake,2020,6,21.32388988762425,same_month_all_years
CRAM,CRAM.AOS.littoral1,2020-06-08,GASSTY,0.075,0.075,0.075,NA,18,0.75,Schindler-Patalas,lake,2020,6,21.32388988762425,same_month_all_years
CRAM,CRAM.AOS.littoral2,2020-06-08,GASSTY,0.089,0.075,0.1,NA,300,12.5,Schindler-Patalas,lake,2020,6,21.32388988762425,same_month_all_years
CRAM,CRAM.AOS.buoy.c1,2020-06-08,HOLGIB,1,1,1,NA,254,0.23996221067548415,tow net,lake,2020,6,21.32388988762425,same_month_all_years
CRAM,CRAM.AOS.littoral1,2020-06-08,HOLGIB,1,1,1,NA,18,0.75,Schindler-Patalas,lake,2020,6,21.32388988762425,same_month_all_years
CRAM,CRAM.AOS.buoy.c1,2020-06-08,KELLON,0.15,0.15,0.15,NA,1016,0.9598488427019368,tow net,lake,2020,6,21.32388988762425,same_month_all_years
CRAM,CRAM.AOS.buoy.c1,2020-06-08,KERCOC,0.128,0.125,0.15,NA,6096,5.75909305621162,tow net,lake,2020,6,21.32388988762425,same_month_all_years
CRAM,CRAM.AOS.buoy.c1,2020-06-08,KERCRA,0.175,0.175,0.175,NA,1524,1.439773264052905,tow net,lake,2020,6,21.32388988762425,same_month_all_years
CRAM,CRAM.AOS.littoral1,2020-06-08,KERCRA,0.175,0.175,0.175,NA,414,17.25,Schindler-Patalas,lake,2020,6,21.32388988762425,same_month_all_years
CRAM,CRAM.AOS.littoral2,2020-06-08,KERCRA,0.175,0.175,0.175,NA,165,6.875,Schindler-Patalas,lake,2020,6,21.32388988762425,same_month_all_years
CRAM,CRAM.AOS.buoy.c1,2020-06-08,KERTAU,0.175,0.175,0.175,NA,2032,1.9196976854038736,tow net,lake,2020,6,21.32388988762425,same_month_all_years
CRAM,CRAM.AOS.littoral1,2020-06-08,KERTAU,0.175,0.175,0.175,NA,1962,81.75,Schindler-Patalas,lake,2020,6,21.32388988762425,same_month_all_years
CRAM,CRAM.AOS.littoral2,2020-06-08,KERTAU,0.179,0.175,0.2,NA,1410,58.75,Schindler-Patalas,lake,2020,6,21.32388988762425,same_month_all_years
CRAM,CRAM.AOS.buoy.c1,2020-06-08,KERTES,0.1,0.1,0.1,NA,4064,3.839395370807747,tow net,lake,2020,6,21.32388988762425,same_month_all_years
CRAM,CRAM.AOS.buoy.c1,2020-06-08,LEPMIN,0.975,0.925,1.05,NA,762,0.7198866320264525,tow net,lake,2020,6,21.32388988762425,same_month_all_years
CRAM,CRAM.AOS.littoral1,2020-06-08,PLOLEN,0.122,0.1,0.15,NA,162,6.75,Schindler-Patalas,lake,2020,6,21.32388988762425,same_month_all_years
CRAM,CRAM.AOS.littoral2,2020-06-08,PLOLEN,0.125,0.1,0.15,NA,180,7.5,Schindler-Patalas,lake,2020,6,21.32388988762425,same_month_all_years
CRAM,CRAM.AOS.littoral1,2020-06-08,PLOSP1,0.1,0.1,0.1,NA,18,0.75,Schindler-Patalas,lake,2020,6,21.32388988762425,same_month_all_years
CRAM,CRAM.AOS.littoral2,2020-06-08,PLOSP1,0.093,0.075,0.1,NA,105,4.375,Schindler-Patalas,lake,2020,6,21.32388988762425,same_month_all_years
CRAM,CRAM.AOS.buoy.c1,2020-06-08,POLSP20,0.099,0.075,0.1,NA,13462,12.71799716580066,tow net,lake,2020,6,21.32388988762425,same_month_all_years
CRAM,CRAM.AOS.littoral1,2020-06-08,POLSP20,0.1,0.1,0.1,NA,288,12,Schindler-Patalas,lake,2020,6,21.32388988762425,same_month_all_years
CRAM,CRAM.AOS.littoral2,2020-06-08,POLSP20,0.096,0.075,0.1,NA,255,10.625,Schindler-Patalas,lake,2020,6,21.32388988762425,same_month_all_years
CRAM,CRAM.AOS.buoy.c1,2020-06-08,SYNSP8,0.158,0.15,0.175,NA,762,0.7198866320264525,tow net,lake,2020,6,21.32388988762425,same_month_all_years
CRAM,CRAM.AOS.littoral1,2020-06-08,SYNSP8,0.175,0.175,0.175,NA,18,0.75,Schindler-Patalas,lake,2020,6,21.32388988762425,same_month_all_years
CRAM,CRAM.AOS.littoral2,2020-06-08,TRIMUL,0.175,0.175,0.175,0.1,15,0.625,Schindler-Patalas,lake,2020,6,21.32388988762425,same_month_all_years
CRAM,CRAM.AOS.buoy.c1,2020-06-08,TRISP31,0.3,0.3,0.3,0.075,254,0.23996221067548415,tow net,lake,2020,6,21.32388988762425,same_month_all_years
CRAM,CRAM.AOS.littoral1,2020-06-08,TRISP31,0.338,0.325,0.35,0.063,36,1.5,Schindler-Patalas,lake,2020,6,21.32388988762425,same_month_all_years
CRAM,CRAM.AOS.littoral2,2020-06-08,TRISP31,0.3,0.3,0.3,0.075,30,1.25,Schindler-Patalas,lake,2020,6,21.32388988762425,same_month_all_years
CRAM,CRAM.AOS.littoral1,2020-06-08,TROPRA1,0.4,0.4,0.4,NA,18,0.75,Schindler-Patalas,lake,2020,6,21.32388988762425,same_month_all_years
CRAM,CRAM.AOS.littoral2,2020-06-08,TROPRA1,0.425,0.425,0.425,NA,15,0.625,Schindler-Patalas,lake,2020,6,21.32388988762425,same_month_all_years
CRAM,CRAM.AOS.littoral1,2020-07-15,ASCECA,0.1,0.1,0.1,NA,76,3.1666666666666665,Schindler-Patalas,lake,2020,7,24.14464775066422,same_month_all_years
CRAM,CRAM.AOS.littoral2,2020-07-15,ASCECA,0.093,0.075,0.1,NA,42,1.75,Schindler-Patalas,lake,2020,7,24.14464775066422,same_month_all_years
CRAM,CRAM.AOS.buoy.c1,2020-07-15,ASPSP4,0.725,0.725,0.725,NA,210,0.213089802130898,tow net,lake,2020,7,24.14464775066422,same_month_all_years
CRAM,CRAM.AOS.littoral1,2020-07-15,BDESP,0.125,0.125,0.125,NA,38,1.5833333333333333,Schindler-Patalas,lake,2020,7,24.14464775066422,same_month_all_years
CRAM,CRAM.AOS.littoral2,2020-07-15,BDESP,0.138,0.125,0.15,NA,12,0.5,Schindler-Patalas,lake,2020,7,24.14464775066422,same_month_all_years
CRAM,CRAM.AOS.buoy.c1,2020-07-15,BOSLON,0.246,0.2,0.325,NA,1470,1.491628614916286,tow net,lake,2020,7,24.14464775066422,same_month_all_years
CRAM,CRAM.AOS.littoral1,2020-07-15,BOSLON,0.224,0.2,0.275,NA,722,30.083333333333332,Schindler-Patalas,lake,2020,7,24.14464775066422,same_month_all_years
CRAM,CRAM.AOS.littoral2,2020-07-15,BOSLON,0.236,0.2,0.3,NA,114,4.75,Schindler-Patalas,lake,2020,7,24.14464775066422,same_month_all_years
CRAM,CRAM.AOS.buoy.c1,2020-07-15,CALSP1,0.678,0.5,0.75,NA,8400,8.52359208523592,tow net,lake,2020,7,24.14464775066422,same_month_all_years
CRAM,CRAM.AOS.littoral1,2020-07-15,CALSP1,0.75,0.75,0.75,NA,38,1.5833333333333333,Schindler-Patalas,lake,2020,7,24.14464775066422,same_month_all_years
CRAM,CRAM.AOS.littoral1,2020-07-15,COLSP12,0.05,0.05,0.05,0.05,38,1.5833333333333333,Schindler-Patalas,lake,2020,7,24.14464775066422,same_month_all_years
CRAM,CRAM.AOS.littoral2,2020-07-15,COLSP12,0.05,0.05,0.05,0.05,72,3,Schindler-Patalas,lake,2020,7,24.14464775066422,same_month_all_years
CRAM,CRAM.AOS.buoy.c1,2020-07-15,CONSP8,0.099,0.075,0.1,0.071,11130,11.293759512937594,tow net,lake,2020,7,24.14464775066422,same_month_all_years
CRAM,CRAM.AOS.littoral1,2020-07-15,CONSP8,0.1,0.1,0.1,0.069,152,6.333333333333333,Schindler-Patalas,lake,2020,7,24.14464775066422,same_month_all_years
CRAM,CRAM.AOS.buoy.c1,2020-07-15,CONUNI,0.075,0.075,0.075,0.05,15330,15.555555555555555,tow net,lake,2020,7,24.14464775066422,same_month_all_years
CRAM,CRAM.AOS.littoral1,2020-07-15,CONUNI,0.075,0.075,0.075,0.05,12312,513,Schindler-Patalas,lake,2020,7,24.14464775066422,same_month_all_years
CRAM,CRAM.AOS.littoral2,2020-07-15,CONUNI,0.075,0.075,0.075,0.05,6,0.25,Schindler-Patalas,lake,2020,7,24.14464775066422,same_month_all_years
CRAM,CRAM.AOS.buoy.c1,2020-07-15,CYCSP,0.497,0.3,0.7,NA,1890,1.917808219178082,tow net,lake,2020,7,24.14464775066422,same_month_all_years
CRAM,CRAM.AOS.littoral2,2020-07-15,CYCSP,0.25,0.25,0.25,NA,6,0.25,Schindler-Patalas,lake,2020,7,24.14464775066422,same_month_all_years
CRAM,CRAM.AOS.littoral2,2020-07-15,EUBTUB,0.3,0.3,0.3,NA,6,0.25,Schindler-Patalas,lake,2020,7,24.14464775066422,same_month_all_years
CRAM,CRAM.AOS.buoy.c1,2020-07-15,GASHYP,0.1,0.1,0.1,NA,420,0.426179604261796,tow net,lake,2020,7,24.14464775066422,same_month_all_years
CRAM,CRAM.AOS.buoy.c1,2020-07-15,GASSTY,0.076,0.075,0.1,NA,8400,8.52359208523592,tow net,lake,2020,7,24.14464775066422,same_month_all_years
CRAM,CRAM.AOS.littoral1,2020-07-15,GASSTY,0.075,0.075,0.075,NA,190,7.916666666666667,Schindler-Patalas,lake,2020,7,24.14464775066422,same_month_all_years
CRAM,CRAM.AOS.littoral2,2020-07-15,GASSTY,0.075,0.075,0.075,NA,12,0.5,Schindler-Patalas,lake,2020,7,24.14464775066422,same_month_all_years
CRAM,CRAM.AOS.buoy.c1,2020-07-15,KELBOS,0.125,0.125,0.125,NA,210,0.213089802130898,tow net,lake,2020,7,24.14464775066422,same_month_all_years
CRAM,CRAM.AOS.buoy.c1,2020-07-15,KELLON,0.128,0.125,0.15,NA,1680,1.704718417047184,tow net,lake,2020,7,24.14464775066422,same_month_all_years
CRAM,CRAM.AOS.buoy.c1,2020-07-15,KERCOC,0.125,0.125,0.125,NA,24150,24.505327245053273,tow net,lake,2020,7,24.14464775066422,same_month_all_years
CRAM,CRAM.AOS.littoral1,2020-07-15,KERCOC,0.125,0.125,0.125,NA,342,14.25,Schindler-Patalas,lake,2020,7,24.14464775066422,same_month_all_years
CRAM,CRAM.AOS.littoral2,2020-07-15,KERCOC,0.125,0.125,0.125,NA,36,1.5,Schindler-Patalas,lake,2020,7,24.14464775066422,same_month_all_years
CRAM,CRAM.AOS.buoy.c1,2020-07-15,KERCRA,0.151,0.15,0.175,NA,10710,10.8675799086758,tow net,lake,2020,7,24.14464775066422,same_month_all_years
CRAM,CRAM.AOS.littoral1,2020-07-15,KERCRA,0.15,0.15,0.15,NA,7182,299.25,Schindler-Patalas,lake,2020,7,24.14464775066422,same_month_all_years
CRAM,CRAM.AOS.littoral2,2020-07-15,KERCRA,0.153,0.15,0.175,NA,396,16.5,Schindler-Patalas,lake,2020,7,24.14464775066422,same_month_all_years
CRAM,CRAM.AOS.buoy.c1,2020-07-15,KERTAU,0.15,0.15,0.15,NA,4200,4.26179604261796,tow net,lake,2020,7,24.14464775066422,same_month_all_years
CRAM,CRAM.AOS.littoral1,2020-07-15,KERTAU,0.153,0.15,0.175,NA,1026,42.75,Schindler-Patalas,lake,2020,7,24.14464775066422,same_month_all_years
CRAM,CRAM.AOS.littoral2,2020-07-15,KERTAU,0.15,0.15,0.15,NA,750,31.25,Schindler-Patalas,lake,2020,7,24.14464775066422,same_month_all_years
CRAM,CRAM.AOS.littoral2,2020-07-15,LECSP1,0.125,0.125,0.125,NA,6,0.25,Schindler-Patalas,lake,2020,7,24.14464775066422,same_month_all_years
CRAM,CRAM.AOS.buoy.c1,2020-07-15,LEPMIN,0.825,0.825,0.825,NA,420,0.426179604261796,tow net,lake,2020,7,24.14464775066422,same_month_all_years
CRAM,CRAM.AOS.buoy.c1,2020-07-15,MESEDA,1.1,0.8,1.4,NA,420,0.426179604261796,tow net,lake,2020,7,24.14464775066422,same_month_all_years
CRAM,CRAM.AOS.buoy.c1,2020-07-15,PLOSP1,0.117,0.1,0.125,NA,630,0.639269406392694,tow net,lake,2020,7,24.14464775066422,same_month_all_years
CRAM,CRAM.AOS.littoral1,2020-07-15,PLOSP1,0.094,0.075,0.1,NA,152,6.333333333333333,Schindler-Patalas,lake,2020,7,24.14464775066422,same_month_all_years
CRAM,CRAM.AOS.littoral2,2020-07-15,PLOSP1,0.1,0.1,0.1,NA,12,0.5,Schindler-Patalas,lake,2020,7,24.14464775066422,same_month_all_years
CRAM,CRAM.AOS.buoy.c1,2020-07-15,POLSP20,0.091,0.075,0.1,NA,4410,4.474885844748859,tow net,lake,2020,7,24.14464775066422,same_month_all_years
CRAM,CRAM.AOS.littoral1,2020-07-15,POLSP20,0.1,0.075,0.125,NA,266,11.083333333333334,Schindler-Patalas,lake,2020,7,24.14464775066422,same_month_all_years
CRAM,CRAM.AOS.littoral2,2020-07-15,POLSP20,0.085,0.075,0.1,NA,108,4.5,Schindler-Patalas,lake,2020,7,24.14464775066422,same_month_all_years
CRAM,CRAM.AOS.buoy.c1,2020-07-15,SYNSP8,0.125,0.1,0.15,NA,630,0.639269406392694,tow net,lake,2020,7,24.14464775066422,same_month_all_years
CRAM,CRAM.AOS.littoral1,2020-07-15,SYNSP8,0.15,0.125,0.175,NA,228,9.5,Schindler-Patalas,lake,2020,7,24.14464775066422,same_month_all_years
CRAM,CRAM.AOS.littoral2,2020-07-15,SYNSP8,0.167,0.15,0.175,NA,18,0.75,Schindler-Patalas,lake,2020,7,24.14464775066422,same_month_all_years
CRAM,CRAM.AOS.buoy.c1,2020-07-15,TRIMUL,0.175,0.175,0.175,0.1,1470,1.491628614916286,tow net,lake,2020,7,24.14464775066422,same_month_all_years
CRAM,CRAM.AOS.littoral1,2020-07-15,TRIMUL,0.175,0.175,0.175,0.1,532,22.166666666666668,Schindler-Patalas,lake,2020,7,24.14464775066422,same_month_all_years
CRAM,CRAM.AOS.littoral2,2020-07-15,TRIMUL,0.175,0.175,0.175,0.1,48,2,Schindler-Patalas,lake,2020,7,24.14464775066422,same_month_all_years
CRAM,CRAM.AOS.buoy.c1,2020-07-15,TRISP31,0.294,0.25,0.325,0.069,840,0.852359208523592,tow net,lake,2020,7,24.14464775066422,same_month_all_years
CRAM,CRAM.AOS.littoral1,2020-07-15,TRISP31,0.275,0.275,0.275,0.075,76,3.1666666666666665,Schindler-Patalas,lake,2020,7,24.14464775066422,same_month_all_years
CRAM,CRAM.AOS.buoy.c1,2020-07-15,TROPRA1,0.45,0.45,0.45,NA,210,0.213089802130898,tow net,lake,2020,7,24.14464775066422,same_month_all_years
CRAM,CRAM.AOS.littoral1,2020-09-28,ASCOVA,0.1,0.1,0.1,NA,56,2.3333333333333335,Schindler-Patalas,lake,2020,9,19.493336830523656,same_month_all_years
CRAM,CRAM.AOS.buoy.c1,2020-09-28,ASPSP4,0.563,0.55,0.575,NA,316,0.31142209520055186,tow net,lake,2020,9,19.493336830523656,same_month_all_years
CRAM,CRAM.AOS.littoral1,2020-09-28,ASPSP4,0.375,0.375,0.375,NA,56,2.3333333333333335,Schindler-Patalas,lake,2020,9,19.493336830523656,same_month_all_years
CRAM,CRAM.AOS.littoral2,2020-09-28,ASPSP4,0.55,0.55,0.55,NA,80,3.3333333333333335,Schindler-Patalas,lake,2020,9,19.493336830523656,same_month_all_years
CRAM,CRAM.AOS.buoy.c1,2020-09-28,BOSLON,0.292,0.225,0.35,NA,474,0.4671331428008278,tow net,lake,2020,9,19.493336830523656,same_month_all_years
CRAM,CRAM.AOS.littoral2,2020-09-28,BOSLON,0.26,0.25,0.3,NA,400,16.666666666666668,Schindler-Patalas,lake,2020,9,19.493336830523656,same_month_all_years
CRAM,CRAM.AOS.buoy.c1,2020-09-28,CALSP1,0.65,0.65,0.65,NA,158,0.15571104760027593,tow net,lake,2020,9,19.493336830523656,same_month_all_years
CRAM,CRAM.AOS.littoral2,2020-09-28,CALSP1,0.525,0.5,0.55,NA,160,6.666666666666667,Schindler-Patalas,lake,2020,9,19.493336830523656,same_month_all_years
CRAM,CRAM.AOS.buoy.c1,2020-09-28,CHASP13,9.65,9.65,9.65,NA,158,0.15571104760027593,tow net,lake,2020,9,19.493336830523656,same_month_all_years
CRAM,CRAM.AOS.buoy.c1,2020-09-28,COLSP12,NA,NA,NA,0.05,316,0.31142209520055186,tow net,lake,2020,9,19.493336830523656,same_month_all_years
CRAM,CRAM.AOS.littoral1,2020-09-28,COLSP12,NA,NA,NA,0.05,280,11.666666666666666,Schindler-Patalas,lake,2020,9,19.493336830523656,same_month_all_years
CRAM,CRAM.AOS.littoral2,2020-09-28,COLSP12,NA,NA,NA,0.05,160,6.666666666666667,Schindler-Patalas,lake,2020,9,19.493336830523656,same_month_all_years
CRAM,CRAM.AOS.buoy.c1,2020-09-28,CONUNI,0.075,0.075,0.075,0.05,3476,3.4256430472060706,tow net,lake,2020,9,19.493336830523656,same_month_all_years
CRAM,CRAM.AOS.littoral1,2020-09-28,CONUNI,0.075,0.075,0.075,0.05,112,4.666666666666667,Schindler-Patalas,lake,2020,9,19.493336830523656,same_month_all_years
CRAM,CRAM.AOS.littoral2,2020-09-28,CONUNI,0.075,0.075,0.075,0.05,3120,130,Schindler-Patalas,lake,2020,9,19.493336830523656,same_month_all_years
CRAM,CRAM.AOS.buoy.c1,2020-09-28,CYCSP,0.444,0.35,0.55,NA,632,0.6228441904011037,tow net,lake,2020,9,19.493336830523656,same_month_all_years
CRAM,CRAM.AOS.littoral1,2020-09-28,CYCSP,0.325,0.325,0.325,NA,56,2.3333333333333335,Schindler-Patalas,lake,2020,9,19.493336830523656,same_month_all_years
CRAM,CRAM.AOS.littoral2,2020-09-28,CYCSP,0.575,0.475,0.675,NA,160,6.666666666666667,Schindler-Patalas,lake,2020,9,19.493336830523656,same_month_all_years
CRAM,CRAM.AOS.buoy.c1,2020-09-28,DAPSP1,0.5,0.5,0.5,NA,158,0.15571104760027593,tow net,lake,2020,9,19.493336830523656,same_month_all_years
CRAM,CRAM.AOS.buoy.c1,2020-09-28,DIASP10,0.425,0.425,0.425,NA,158,0.15571104760027593,tow net,lake,2020,9,19.493336830523656,same_month_all_years
CRAM,CRAM.AOS.littoral1,2020-09-28,EUBTUB,0.45,0.45,0.45,NA,56,2.3333333333333335,Schindler-Patalas,lake,2020,9,19.493336830523656,same_month_all_years
CRAM,CRAM.AOS.buoy.c1,2020-09-28,GASSTY,0.075,0.075,0.075,NA,316,0.31142209520055186,tow net,lake,2020,9,19.493336830523656,same_month_all_years
CRAM,CRAM.AOS.littoral2,2020-09-28,GASSTY,0.075,0.075,0.075,NA,80,3.3333333333333335,Schindler-Patalas,lake,2020,9,19.493336830523656,same_month_all_years
CRAM,CRAM.AOS.buoy.c1,2020-09-28,KELBOS,0.125,0.125,0.125,NA,316,0.31142209520055186,tow net,lake,2020,9,19.493336830523656,same_month_all_years
CRAM,CRAM.AOS.buoy.c1,2020-09-28,KELLON,0.15,0.15,0.15,NA,158,0.15571104760027593,tow net,lake,2020,9,19.493336830523656,same_month_all_years
CRAM,CRAM.AOS.littoral2,2020-09-28,KELLON,0.15,0.15,0.15,NA,80,3.3333333333333335,Schindler-Patalas,lake,2020,9,19.493336830523656,same_month_all_years
CRAM,CRAM.AOS.buoy.c1,2020-09-28,KERCOC,0.125,0.125,0.125,NA,13430,13.235439046023457,tow net,lake,2020,9,19.493336830523656,same_month_all_years
CRAM,CRAM.AOS.littoral1,2020-09-28,KERCOC,0.125,0.125,0.125,NA,4200,175,Schindler-Patalas,lake,2020,9,19.493336830523656,same_month_all_years
CRAM,CRAM.AOS.littoral2,2020-09-28,KERCOC,0.125,0.125,0.125,NA,6080,253.33333333333337,Schindler-Patalas,lake,2020,9,19.493336830523656,same_month_all_years
CRAM,CRAM.AOS.buoy.c1,2020-09-28,KERCRA,0.173,0.15,0.175,NA,4108,4.0484872376071745,tow net,lake,2020,9,19.493336830523656,same_month_all_years
CRAM,CRAM.AOS.littoral1,2020-09-28,KERCRA,0.167,0.15,0.175,NA,672,28,Schindler-Patalas,lake,2020,9,19.493336830523656,same_month_all_years
CRAM,CRAM.AOS.littoral2,2020-09-28,KERCRA,0.171,0.15,0.175,NA,3120,130,Schindler-Patalas,lake,2020,9,19.493336830523656,same_month_all_years
CRAM,CRAM.AOS.buoy.c1,2020-09-28,KERTAU,0.174,0.15,0.175,NA,8058,7.941263427614072,tow net,lake,2020,9,19.493336830523656,same_month_all_years
CRAM,CRAM.AOS.littoral1,2020-09-28,KERTAU,0.173,0.15,0.175,NA,5432,226.33333333333337,Schindler-Patalas,lake,2020,9,19.493336830523656,same_month_all_years
CRAM,CRAM.AOS.littoral2,2020-09-28,KERTAU,0.174,0.15,0.175,NA,5600,233.33333333333337,Schindler-Patalas,lake,2020,9,19.493336830523656,same_month_all_years
CRAM,CRAM.AOS.buoy.c1,2020-09-28,MESEDA,0.8,0.7,0.875,NA,474,0.4671331428008278,tow net,lake,2020,9,19.493336830523656,same_month_all_years
CRAM,CRAM.AOS.littoral1,2020-09-28,MONLUN,0.125,0.125,0.125,NA,56,2.3333333333333335,Schindler-Patalas,lake,2020,9,19.493336830523656,same_month_all_years
CRAM,CRAM.AOS.buoy.c1,2020-09-28,PLOLEN,0.15,0.15,0.15,NA,474,0.4671331428008278,tow net,lake,2020,9,19.493336830523656,same_month_all_years
CRAM,CRAM.AOS.littoral1,2020-09-28,PLOLEN,0.125,0.1,0.15,NA,56,2.3333333333333335,Schindler-Patalas,lake,2020,9,19.493336830523656,same_month_all_years
CRAM,CRAM.AOS.littoral2,2020-09-28,PLOSP1,0.1,0.1,0.1,NA,80,3.3333333333333335,Schindler-Patalas,lake,2020,9,19.493336830523656,same_month_all_years
CRAM,CRAM.AOS.buoy.c1,2020-09-28,POLSP20,0.096,0.075,0.125,NA,7742,7.629841332413521,tow net,lake,2020,9,19.493336830523656,same_month_all_years
CRAM,CRAM.AOS.littoral1,2020-09-28,POLSP20,0.101,0.075,0.125,NA,3752,156.33333333333334,Schindler-Patalas,lake,2020,9,19.493336830523656,same_month_all_years
CRAM,CRAM.AOS.littoral2,2020-09-28,POLSP20,0.095,0.075,0.125,NA,4000,166.66666666666666,Schindler-Patalas,lake,2020,9,19.493336830523656,same_month_all_years
CRAM,CRAM.AOS.buoy.c1,2020-09-28,SYNSP8,0.1,0.1,0.1,NA,158,0.15571104760027593,tow net,lake,2020,9,19.493336830523656,same_month_all_years
CRAM,CRAM.AOS.littoral1,2020-09-28,SYNSP8,0.15,0.15,0.15,NA,56,2.3333333333333335,Schindler-Patalas,lake,2020,9,19.493336830523656,same_month_all_years
CRAM,CRAM.AOS.littoral2,2020-09-28,SYNSP8,0.125,0.125,0.125,NA,80,3.3333333333333335,Schindler-Patalas,lake,2020,9,19.493336830523656,same_month_all_years
CRAM,CRAM.AOS.buoy.c1,2020-09-28,TROPRA1,0.488,0.45,0.55,NA,948,0.9342662856016556,tow net,lake,2020,9,19.493336830523656,same_month_all_years
CRAM,CRAM.AOS.littoral2,2020-09-28,TROPRA1,0.475,0.475,0.475,NA,160,6.666666666666667,Schindler-Patalas,lake,2020,9,19.493336830523656,same_month_all_years
CRAM,CRAM.AOS.littoral1,2021-04-27,ASCECA,0.1,0.1,0.1,NA,48,2,Schindler-Patalas,lake,2021,4,5.808674729776505,same_month_all_years
CRAM,CRAM.AOS.littoral2,2021-04-27,ASCECA,0.1,0.1,0.1,NA,46,1.9166666666666667,Schindler-Patalas,lake,2021,4,5.808674729776505,same_month_all_years
CRAM,CRAM.AOS.littoral2,2021-04-27,ASCOVA,0.1,0.1,0.1,NA,46,1.9166666666666667,Schindler-Patalas,lake,2021,4,5.808674729776505,same_month_all_years
CRAM,CRAM.AOS.buoy.c0,2021-04-27,ASPBRI,0.688,0.55,0.825,NA,320,0.29030209561825276,tow net,lake,2021,4,5.808674729776505,same_month_all_years
CRAM,CRAM.AOS.littoral2,2021-04-27,ASPBRI,0.567,0.45,0.675,NA,69,2.875,Schindler-Patalas,lake,2021,4,5.808674729776505,same_month_all_years
CRAM,CRAM.AOS.littoral1,2021-04-27,ASPPRI,0.488,0.425,0.55,NA,48,2,Schindler-Patalas,lake,2021,4,5.808674729776505,same_month_all_years
CRAM,CRAM.AOS.buoy.c0,2021-04-27,BDESP,0.125,0.125,0.125,NA,160,0.14515104780912638,tow net,lake,2021,4,5.808674729776505,same_month_all_years
CRAM,CRAM.AOS.buoy.c0,2021-04-27,BOSLON,0.438,0.425,0.45,NA,320,0.29030209561825276,tow net,lake,2021,4,5.808674729776505,same_month_all_years
CRAM,CRAM.AOS.littoral1,2021-04-27,BOSLON,0.3,0.275,0.325,NA,48,2,Schindler-Patalas,lake,2021,4,5.808674729776505,same_month_all_years
CRAM,CRAM.AOS.buoy.c0,2021-04-27,CALSP1,0.65,0.45,0.875,NA,640,0.5806041912365055,tow net,lake,2021,4,5.808674729776505,same_month_all_years
CRAM,CRAM.AOS.littoral1,2021-04-27,CALSP1,0.522,0.425,0.65,NA,216,9,Schindler-Patalas,lake,2021,4,5.808674729776505,same_month_all_years
CRAM,CRAM.AOS.littoral2,2021-04-27,CALSP1,0.483,0.425,0.575,NA,69,2.875,Schindler-Patalas,lake,2021,4,5.808674729776505,same_month_all_years
CRAM,CRAM.AOS.littoral1,2021-04-27,CHYSP,0.35,0.35,0.35,NA,24,1,Schindler-Patalas,lake,2021,4,5.808674729776505,same_month_all_years
CRAM,CRAM.AOS.littoral2,2021-04-27,CHYSPH,0.3,0.3,0.3,NA,23,0.9583333333333334,Schindler-Patalas,lake,2021,4,5.808674729776505,same_month_all_years
CRAM,CRAM.AOS.buoy.c0,2021-04-27,COLSP12,NA,NA,NA,0.094,1280,1.161208382473011,tow net,lake,2021,4,5.808674729776505,same_month_all_years
CRAM,CRAM.AOS.littoral1,2021-04-27,COLSP12,NA,NA,NA,0.075,48,2,Schindler-Patalas,lake,2021,4,5.808674729776505,same_month_all_years
CRAM,CRAM.AOS.littoral2,2021-04-27,COLSP12,NA,NA,NA,0.088,46,1.9166666666666667,Schindler-Patalas,lake,2021,4,5.808674729776505,same_month_all_years
CRAM,CRAM.AOS.buoy.c0,2021-04-27,CONSP8,0.153,0.125,0.2,0.08,2880,2.6127188605642746,tow net,lake,2021,4,5.808674729776505,same_month_all_years
CRAM,CRAM.AOS.littoral1,2021-04-27,CONSP8,0.14,0.1,0.175,0.078,1512,63,Schindler-Patalas,lake,2021,4,5.808674729776505,same_month_all_years
CRAM,CRAM.AOS.littoral2,2021-04-27,CONSP8,0.153,0.125,0.175,0.089,207,8.625,Schindler-Patalas,lake,2021,4,5.808674729776505,same_month_all_years
CRAM,CRAM.AOS.buoy.c0,2021-04-27,CYCSP,0.514,0.375,0.7,NA,1440,1.3063594302821373,tow net,lake,2021,4,5.808674729776505,same_month_all_years
CRAM,CRAM.AOS.littoral1,2021-04-27,CYCSP,0.625,0.55,0.675,NA,72,3,Schindler-Patalas,lake,2021,4,5.808674729776505,same_month_all_years
CRAM,CRAM.AOS.littoral2,2021-04-27,CYCSP,0.717,0.6125,0.7749999999999999,NA,23,0.9583333333333334,Schindler-Patalas,lake,2021,4,5.808674729776505,same_month_all_years
CRAM,CRAM.AOS.buoy.c0,2021-04-27,DIASP,1.1,1.1,1.1,NA,160,0.14515104780912638,tow net,lake,2021,4,5.808674729776505,same_month_all_years
CRAM,CRAM.AOS.buoy.c0,2021-04-27,FILLON,0.164,0.15,0.175,0.07,1760,1.5966615259003902,tow net,lake,2021,4,5.808674729776505,same_month_all_years
CRAM,CRAM.AOS.buoy.c0,2021-04-27,GASSTY,0.089,0.075,0.1,NA,640,0.5806041912365055,tow net,lake,2021,4,5.808674729776505,same_month_all_years
CRAM,CRAM.AOS.littoral1,2021-04-27,GASSTY,0.083,0.075,0.1,NA,144,6,Schindler-Patalas,lake,2021,4,5.808674729776505,same_month_all_years
CRAM,CRAM.AOS.littoral2,2021-04-27,GASSTY,0.11,0.075,0.15,NA,713,29.708333333333332,Schindler-Patalas,lake,2021,4,5.808674729776505,same_month_all_years
CRAM,CRAM.AOS.buoy.c0,2021-04-27,HOLGIB,0.35,0.35,0.35,NA,160,0.14515104780912638,tow net,lake,2021,4,5.808674729776505,same_month_all_years
CRAM,CRAM.AOS.littoral1,2021-04-27,HOLGIB,0.35,0.35,0.35,NA,24,1,Schindler-Patalas,lake,2021,4,5.808674729776505,same_month_all_years
CRAM,CRAM.AOS.littoral2,2021-04-27,HOLGIB,0.313,0.3,0.325,NA,46,1.9166666666666667,Schindler-Patalas,lake,2021,4,5.808674729776505,same_month_all_years
CRAM,CRAM.AOS.buoy.c0,2021-04-27,KELBOS,0.125,0.125,0.125,NA,480,0.4354531434273791,tow net,lake,2021,4,5.808674729776505,same_month_all_years
CRAM,CRAM.AOS.littoral1,2021-04-27,KELBOS,0.125,0.125,0.125,NA,24,1,Schindler-Patalas,lake,2021,4,5.808674729776505,same_month_all_years
CRAM,CRAM.AOS.littoral2,2021-04-27,KELBOS,0.125,0.125,0.125,NA,23,0.9583333333333334,Schindler-Patalas,lake,2021,4,5.808674729776505,same_month_all_years
CRAM,CRAM.AOS.buoy.c0,2021-04-27,KELLON,0.15,0.15,0.15,NA,3680,3.3384740996099067,tow net,lake,2021,4,5.808674729776505,same_month_all_years
CRAM,CRAM.AOS.littoral1,2021-04-27,KELLON,0.15,0.15,0.15,NA,552,23,Schindler-Patalas,lake,2021,4,5.808674729776505,same_month_all_years
CRAM,CRAM.AOS.littoral2,2021-04-27,KELLON,0.15,0.15,0.15,NA,483,20.125,Schindler-Patalas,lake,2021,4,5.808674729776505,same_month_all_years
CRAM,CRAM.AOS.buoy.c0,2021-04-27,KERCOC,0.15,0.15,0.15,NA,13600,12.337839063775744,tow net,lake,2021,4,5.808674729776505,same_month_all_years
CRAM,CRAM.AOS.littoral1,2021-04-27,KERCOC,0.126,0.125,0.15,NA,1224,51,Schindler-Patalas,lake,2021,4,5.808674729776505,same_month_all_years
CRAM,CRAM.AOS.littoral2,2021-04-27,KERCOC,0.15,0.15,0.15,NA,1357,56.541666666666664,Schindler-Patalas,lake,2021,4,5.808674729776505,same_month_all_years
CRAM,CRAM.AOS.buoy.c0,2021-04-27,KERCRA,0.175,0.175,0.175,NA,1760,1.5966615259003902,tow net,lake,2021,4,5.808674729776505,same_month_all_years
CRAM,CRAM.AOS.littoral1,2021-04-27,KERCRA,0.174,0.15,0.175,NA,504,21,Schindler-Patalas,lake,2021,4,5.808674729776505,same_month_all_years
CRAM,CRAM.AOS.littoral2,2021-04-27,KERCRA,0.178,0.175,0.2,NA,207,8.625,Schindler-Patalas,lake,2021,4,5.808674729776505,same_month_all_years
CRAM,CRAM.AOS.buoy.c0,2021-04-27,KERTAU,0.195,0.175,0.2,NA,800,0.7257552390456319,tow net,lake,2021,4,5.808674729776505,same_month_all_years
CRAM,CRAM.AOS.littoral1,2021-04-27,KERTAU,0.198,0.175,0.2,NA,888,37,Schindler-Patalas,lake,2021,4,5.808674729776505,same_month_all_years
CRAM,CRAM.AOS.littoral2,2021-04-27,KERTAU,0.2,0.175,0.225,NA,1748,72.83333333333333,Schindler-Patalas,lake,2021,4,5.808674729776505,same_month_all_years
CRAM,CRAM.AOS.buoy.c0,2021-04-27,KERTES,0.101,0.1,0.125,NA,36800,33.38474099609907,tow net,lake,2021,4,5.808674729776505,same_month_all_years
CRAM,CRAM.AOS.littoral1,2021-04-27,KERTES,0.1,0.1,0.1,NA,48,2,Schindler-Patalas,lake,2021,4,5.808674729776505,same_month_all_years
CRAM,CRAM.AOS.littoral2,2021-04-27,KERTES,0.113,0.1,0.125,NA,46,1.9166666666666667,Schindler-Patalas,lake,2021,4,5.808674729776505,same_month_all_years
CRAM,CRAM.AOS.littoral1,2021-04-27,LECSP1,0.125,0.125,0.125,NA,24,1,Schindler-Patalas,lake,2021,4,5.808674729776505,same_month_all_years
CRAM,CRAM.AOS.buoy.c0,2021-04-27,MESEDA,0.875,0.875,0.875,NA,320,0.29030209561825276,tow net,lake,2021,4,5.808674729776505,same_month_all_years
CRAM,CRAM.AOS.littoral2,2021-04-27,MESEDA,0.95,0.95,0.95,NA,23,0.9583333333333334,Schindler-Patalas,lake,2021,4,5.808674729776505,same_month_all_years
CRAM,CRAM.AOS.littoral2,2021-04-27,MONSP8,0.175,0.175,0.175,NA,23,0.9583333333333334,Schindler-Patalas,lake,2021,4,5.808674729776505,same_month_all_years
CRAM,CRAM.AOS.buoy.c0,2021-04-27,POLSP20,0.1,0.1,0.1,NA,10080,9.144516011974964,tow net,lake,2021,4,5.808674729776505,same_month_all_years
CRAM,CRAM.AOS.littoral1,2021-04-27,POLSP20,0.103,0.075,0.125,NA,744,31,Schindler-Patalas,lake,2021,4,5.808674729776505,same_month_all_years
CRAM,CRAM.AOS.littoral2,2021-04-27,POLSP20,0.101,0.1,0.125,NA,1242,51.75,Schindler-Patalas,lake,2021,4,5.808674729776505,same_month_all_years
CRAM,CRAM.AOS.buoy.c0,2021-04-27,SYNSP8,0.201,0.15,0.25,NA,17600,15.966615259003902,tow net,lake,2021,4,5.808674729776505,same_month_all_years
CRAM,CRAM.AOS.littoral2,2021-04-27,SYNSP8,0.193,0.125,0.25,NA,161,6.708333333333333,Schindler-Patalas,lake,2021,4,5.808674729776505,same_month_all_years
CRAM,CRAM.AOS.littoral1,2021-04-27,TRISP31,0.35,0.35,0.35,0.1,24,1,Schindler-Patalas,lake,2021,4,5.808674729776505,same_month_all_years
CRAM,CRAM.AOS.littoral2,2021-04-27,TRISP31,0.25,0.25,0.25,0.075,23,0.9583333333333334,Schindler-Patalas,lake,2021,4,5.808674729776505,same_month_all_years
CRAM,CRAM.AOS.buoy.c0,2021-04-27,TROPRA1,0.55,0.55,0.55,NA,160,0.14515104780912638,tow net,lake,2021,4,5.808674729776505,same_month_all_years
CRAM,CRAM.AOS.littoral1,2021-04-27,TROPRA1,0.575,0.575,0.575,NA,24,1,Schindler-Patalas,lake,2021,4,5.808674729776505,same_month_all_years
CRAM,CRAM.AOS.littoral2,2021-04-27,TROPRA1,0.613,0.6,0.625,NA,46,1.9166666666666667,Schindler-Patalas,lake,2021,4,5.808674729776505,same_month_all_years
CRAM,CRAM.AOS.littoral1,2021-07-13,ASCECA,0.1,0.1,0.1,NA,40,1.6666666666666667,Schindler-Patalas,lake,2021,7,24.714106570873888,exact_month_year
CRAM,CRAM.AOS.littoral2,2021-07-13,ASCECA,0.1,0.1,0.1,NA,36,1.5,Schindler-Patalas,lake,2021,7,24.714106570873888,exact_month_year
CRAM,CRAM.AOS.buoy.c1,2021-07-13,ASCOVA,0.075,0.075,0.075,NA,125,0.09729140722291409,tow net,lake,2021,7,24.714106570873888,exact_month_year
CRAM,CRAM.AOS.littoral1,2021-07-13,ASCOVA,0.078,0.075,0.1,NA,160,6.666666666666667,Schindler-Patalas,lake,2021,7,24.714106570873888,exact_month_year
CRAM,CRAM.AOS.littoral2,2021-07-13,ASCOVA,0.1,0.1,0.1,NA,18,0.75,Schindler-Patalas,lake,2021,7,24.714106570873888,exact_month_year
CRAM,CRAM.AOS.buoy.c1,2021-07-13,BOSLON,0.188,0.175,0.2,NA,250,0.19458281444582817,tow net,lake,2021,7,24.714106570873888,exact_month_year
CRAM,CRAM.AOS.littoral1,2021-07-13,BOSLON,0.163,0.15,0.175,NA,40,1.6666666666666667,Schindler-Patalas,lake,2021,7,24.714106570873888,exact_month_year
CRAM,CRAM.AOS.littoral2,2021-07-13,BOSLON,0.205,0.175,0.25,NA,90,3.75,Schindler-Patalas,lake,2021,7,24.714106570873888,exact_month_year
CRAM,CRAM.AOS.buoy.c1,2021-07-13,CALSP1,0.75,0.525,0.85,NA,2750,2.1404109589041096,tow net,lake,2021,7,24.714106570873888,exact_month_year
CRAM,CRAM.AOS.buoy.c1,2021-07-13,COLSP12,NA,NA,NA,0.05,1250,0.9729140722291408,tow net,lake,2021,7,24.714106570873888,exact_month_year
CRAM,CRAM.AOS.littoral1,2021-07-13,COLSP12,NA,NA,NA,0.05,660,27.5,Schindler-Patalas,lake,2021,7,24.714106570873888,exact_month_year
CRAM,CRAM.AOS.littoral2,2021-07-13,COLSP12,NA,NA,NA,0.05,477,19.875,Schindler-Patalas,lake,2021,7,24.714106570873888,exact_month_year
CRAM,CRAM.AOS.buoy.c1,2021-07-13,CONSP8,0.094,0.075,0.125,0.061,2500,1.9458281444582817,tow net,lake,2021,7,24.714106570873888,exact_month_year
CRAM,CRAM.AOS.littoral1,2021-07-13,CONSP8,0.076,0.075,0.1,0.051,380,15.833333333333334,Schindler-Patalas,lake,2021,7,24.714106570873888,exact_month_year
CRAM,CRAM.AOS.littoral2,2021-07-13,CONSP8,0.075,0.075,0.075,0.05,72,3,Schindler-Patalas,lake,2021,7,24.714106570873888,exact_month_year
CRAM,CRAM.AOS.buoy.c1,2021-07-13,CONUNI,0.075,0.075,0.075,0.05,4500,3.5024906600249066,tow net,lake,2021,7,24.714106570873888,exact_month_year
CRAM,CRAM.AOS.buoy.c1,2021-07-13,CYCSP,0.488,0.45,0.525,NA,250,0.19458281444582817,tow net,lake,2021,7,24.714106570873888,exact_month_year
CRAM,CRAM.AOS.buoy.c1,2021-07-13,FILLON,0.175,0.15,0.2,0.088,750,0.5837484433374844,tow net,lake,2021,7,24.714106570873888,exact_month_year
CRAM,CRAM.AOS.buoy.c1,2021-07-13,GASHYP,0.097,0.075,0.1,NA,1125,0.8756226650062267,tow net,lake,2021,7,24.714106570873888,exact_month_year
CRAM,CRAM.AOS.buoy.c1,2021-07-13,GASSTY,0.078,0.075,0.1,NA,2375,1.8485367372353672,tow net,lake,2021,7,24.714106570873888,exact_month_year
CRAM,CRAM.AOS.littoral1,2021-07-13,GASSTY,0.075,0.075,0.075,NA,120,5,Schindler-Patalas,lake,2021,7,24.714106570873888,exact_month_year
CRAM,CRAM.AOS.littoral2,2021-07-13,GASSTY,0.075,0.075,0.075,NA,63,2.625,Schindler-Patalas,lake,2021,7,24.714106570873888,exact_month_year
CRAM,CRAM.AOS.buoy.c1,2021-07-13,KELBOS,0.121,0.1,0.125,NA,3500,2.724159402241594,tow net,lake,2021,7,24.714106570873888,exact_month_year
CRAM,CRAM.AOS.buoy.c1,2021-07-13,KERCOC,0.125,0.125,0.125,NA,3500,2.724159402241594,tow net,lake,2021,7,24.714106570873888,exact_month_year
CRAM,CRAM.AOS.littoral1,2021-07-13,KERCOC,0.125,0.125,0.125,NA,120,5,Schindler-Patalas,lake,2021,7,24.714106570873888,exact_month_year
CRAM,CRAM.AOS.buoy.c1,2021-07-13,KERCRA,0.163,0.15,0.175,NA,500,0.3891656288916563,tow net,lake,2021,7,24.714106570873888,exact_month_year
CRAM,CRAM.AOS.littoral1,2021-07-13,KERCRA,0.15,0.15,0.15,NA,20,0.8333333333333334,Schindler-Patalas,lake,2021,7,24.714106570873888,exact_month_year
CRAM,CRAM.AOS.littoral2,2021-07-13,KERCRA,0.15,0.15,0.15,NA,45,1.875,Schindler-Patalas,lake,2021,7,24.714106570873888,exact_month_year
CRAM,CRAM.AOS.buoy.c1,2021-07-13,KERTAU,0.156,0.15,0.2,NA,5125,3.988947696139477,tow net,lake,2021,7,24.714106570873888,exact_month_year
CRAM,CRAM.AOS.littoral1,2021-07-13,KERTAU,0.15,0.15,0.15,NA,3140,130.83333333333334,Schindler-Patalas,lake,2021,7,24.714106570873888,exact_month_year
CRAM,CRAM.AOS.littoral2,2021-07-13,KERTAU,0.153,0.15,0.175,NA,1665,69.375,Schindler-Patalas,lake,2021,7,24.714106570873888,exact_month_year
CRAM,CRAM.AOS.buoy.c1,2021-07-13,LEPMIN,0.938,0.925,0.95,NA,250,0.19458281444582817,tow net,lake,2021,7,24.714106570873888,exact_month_year
CRAM,CRAM.AOS.buoy.c1,2021-07-13,MESEDA,1.119,0.85,1.325,NA,500,0.3891656288916563,tow net,lake,2021,7,24.714106570873888,exact_month_year
CRAM,CRAM.AOS.buoy.c1,2021-07-13,PLOSP1,0.125,0.125,0.125,NA,250,0.19458281444582817,tow net,lake,2021,7,24.714106570873888,exact_month_year
CRAM,CRAM.AOS.littoral1,2021-07-13,PLOSP1,0.096,0.075,0.1,NA,780,32.5,Schindler-Patalas,lake,2021,7,24.714106570873888,exact_month_year
CRAM,CRAM.AOS.littoral2,2021-07-13,PLOSP1,0.104,0.075,0.125,NA,279,11.625,Schindler-Patalas,lake,2021,7,24.714106570873888,exact_month_year
CRAM,CRAM.AOS.buoy.c1,2021-07-13,POLSP20,0.1,0.1,0.1,NA,2875,2.237702366127024,tow net,lake,2021,7,24.714106570873888,exact_month_year
CRAM,CRAM.AOS.littoral1,2021-07-13,POLSP20,0.1,0.1,0.1,NA,640,26.666666666666668,Schindler-Patalas,lake,2021,7,24.714106570873888,exact_month_year
CRAM,CRAM.AOS.littoral2,2021-07-13,POLSP20,0.1,0.1,0.1,NA,189,7.875,Schindler-Patalas,lake,2021,7,24.714106570873888,exact_month_year
CRAM,CRAM.AOS.buoy.c1,2021-07-13,SYNSP8,0.125,0.125,0.125,NA,375,0.2918742216687422,tow net,lake,2021,7,24.714106570873888,exact_month_year
CRAM,CRAM.AOS.littoral1,2021-07-13,SYNSP8,0.14,0.125,0.15,NA,100,4.166666666666667,Schindler-Patalas,lake,2021,7,24.714106570873888,exact_month_year
CRAM,CRAM.AOS.littoral1,2021-07-13,TRIMUL,0.175,0.175,0.175,0.1,20,0.8333333333333334,Schindler-Patalas,lake,2021,7,24.714106570873888,exact_month_year
CRAM,CRAM.AOS.buoy.c1,2021-07-13,TRISP31,0.338,0.325,0.35,0.088,250,0.19458281444582817,tow net,lake,2021,7,24.714106570873888,exact_month_year
CRAM,CRAM.AOS.littoral2,2021-07-13,TRISP31,0.317,0.3,0.325,0.075,27,1.125,Schindler-Patalas,lake,2021,7,24.714106570873888,exact_month_year
CRAM,CRAM.AOS.buoy.c1,2021-09-27,BOSSP1,0.2,0.2,0.2,NA,5350,4.885844748858448,tow net,lake,2021,9,19.548156028368794,exact_month_year
CRAM,CRAM.AOS.littoral1,2021-09-27,BOSSP1,0.15,0.1,0.2,NA,25,1.0416666666666667,Schindler-Patalas,lake,2021,9,19.548156028368794,exact_month_year
CRAM,CRAM.AOS.littoral2,2021-09-27,BOSSP1,0.2,0.2,0.2,NA,20,0.8333333333333334,Schindler-Patalas,lake,2021,9,19.548156028368794,exact_month_year
CRAM,CRAM.AOS.buoy.c1,2021-09-27,CHASP13,7,5,9,NA,400,0.365296803652968,tow net,lake,2021,9,19.548156028368794,exact_month_year
CRAM,CRAM.AOS.littoral1,2021-09-27,CHYSP,0.1,0.1,0.1,NA,5,0.20833333333333337,Schindler-Patalas,lake,2021,9,19.548156028368794,exact_month_year
CRAM,CRAM.AOS.littoral2,2021-09-27,CONSP9,0.07,0.07,0.07,0.05,5,0.20833333333333337,Schindler-Patalas,lake,2021,9,19.548156028368794,exact_month_year
CRAM,CRAM.AOS.buoy.c1,2021-09-27,CYCSP1,0.5,0.5,0.5,NA,1900,1.735159817351598,tow net,lake,2021,9,19.548156028368794,exact_month_year
CRAM,CRAM.AOS.littoral1,2021-09-27,CYCSP1,0.2,0.1,0.3,NA,50,2.0833333333333335,Schindler-Patalas,lake,2021,9,19.548156028368794,exact_month_year
CRAM,CRAM.AOS.littoral2,2021-09-27,CYCSP1,0.2,0.2,0.2,NA,10,0.4166666666666667,Schindler-Patalas,lake,2021,9,19.548156028368794,exact_month_year
CRAM,CRAM.AOS.buoy.c1,2021-09-27,DAPSP1,0.5,0.5,0.5,NA,50,0.045662100456621,tow net,lake,2021,9,19.548156028368794,exact_month_year
CRAM,CRAM.AOS.buoy.c1,2021-09-27,DIASP10,0.8,0.8,0.8,NA,100,0.091324200913242,tow net,lake,2021,9,19.548156028368794,exact_month_year
CRAM,CRAM.AOS.littoral1,2021-09-27,EUBSP2,0.15,0.15,0.15,NA,15,0.625,Schindler-Patalas,lake,2021,9,19.548156028368794,exact_month_year
CRAM,CRAM.AOS.littoral2,2021-09-27,EUBSP2,0.1,0.1,0.1,NA,5,0.20833333333333337,Schindler-Patalas,lake,2021,9,19.548156028368794,exact_month_year
CRAM,CRAM.AOS.littoral2,2021-09-27,GASHYP,0.1,0.1,0.1,0.08,5,0.20833333333333337,Schindler-Patalas,lake,2021,9,19.548156028368794,exact_month_year
CRAM,CRAM.AOS.buoy.c1,2021-09-27,KERCOC,0.08,0.08,0.08,0.06,250,0.228310502283105,tow net,lake,2021,9,19.548156028368794,exact_month_year
CRAM,CRAM.AOS.littoral1,2021-09-27,KERCOC,0.08,0.08,0.08,0.06,45,1.875,Schindler-Patalas,lake,2021,9,19.548156028368794,exact_month_year
CRAM,CRAM.AOS.littoral2,2021-09-27,KERCOC,0.08,0.08,0.08,0.06,55,2.2916666666666665,Schindler-Patalas,lake,2021,9,19.548156028368794,exact_month_year
CRAM,CRAM.AOS.buoy.c1,2021-09-27,KERTAU,0.08,0.08,0.08,0.06,5900,5.3881278538812785,tow net,lake,2021,9,19.548156028368794,exact_month_year
CRAM,CRAM.AOS.littoral1,2021-09-27,KERTAU,0.08,0.08,0.08,0.06,1135,47.291666666666664,Schindler-Patalas,lake,2021,9,19.548156028368794,exact_month_year
CRAM,CRAM.AOS.littoral2,2021-09-27,KERTAU,0.08,0.08,0.08,0.06,1005,41.875,Schindler-Patalas,lake,2021,9,19.548156028368794,exact_month_year
CRAM,CRAM.AOS.buoy.c1,2021-09-27,LEPMIN,1,1,1,NA,200,0.182648401826484,tow net,lake,2021,9,19.548156028368794,exact_month_year
CRAM,CRAM.AOS.buoy.c1,2021-09-27,LEPSP31,0.9,0.8,1,NA,1500,1.36986301369863,tow net,lake,2021,9,19.548156028368794,exact_month_year
CRAM,CRAM.AOS.littoral1,2021-09-27,LEPSP31,0.2,0.2,0.2,NA,15,0.625,Schindler-Patalas,lake,2021,9,19.548156028368794,exact_month_year
CRAM,CRAM.AOS.littoral2,2021-09-27,LEPSP31,0.467,0.2,0.7,NA,55,2.2916666666666665,Schindler-Patalas,lake,2021,9,19.548156028368794,exact_month_year
CRAM,CRAM.AOS.buoy.c1,2021-09-27,MESEDA,1.6,1.6,1.6,NA,50,0.045662100456621,tow net,lake,2021,9,19.548156028368794,exact_month_year
CRAM,CRAM.AOS.littoral1,2021-09-27,MONSP8,0.06,0.06,0.06,0.06,5,0.20833333333333337,Schindler-Patalas,lake,2021,9,19.548156028368794,exact_month_year
CRAM,CRAM.AOS.littoral2,2021-09-27,MONSP8,0.08,0.08,0.08,0.08,5,0.20833333333333337,Schindler-Patalas,lake,2021,9,19.548156028368794,exact_month_year
CRAM,CRAM.AOS.littoral1,2021-09-27,PLOSP1,0.09,0.09,0.09,0.07,10,0.4166666666666667,Schindler-Patalas,lake,2021,9,19.548156028368794,exact_month_year
CRAM,CRAM.AOS.littoral2,2021-09-27,PLOSP1,0.1,0.1,0.1,0.08,5,0.20833333333333337,Schindler-Patalas,lake,2021,9,19.548156028368794,exact_month_year
CRAM,CRAM.AOS.littoral1,2021-09-27,POLSP20,0.08,0.06,0.1,0.075,190,7.916666666666667,Schindler-Patalas,lake,2021,9,19.548156028368794,exact_month_year
CRAM,CRAM.AOS.littoral2,2021-09-27,POLSP20,0.2,0.2,0.2,0.2,220,9.166666666666666,Schindler-Patalas,lake,2021,9,19.548156028368794,exact_month_year
CRAM,CRAM.AOS.littoral1,2021-09-27,POMSP5,0.065,0.06,0.07,0.055,75,3.125,Schindler-Patalas,lake,2021,9,19.548156028368794,exact_month_year
CRAM,CRAM.AOS.littoral2,2021-09-27,POMSP5,0.05,0.05,0.05,0.04,50,2.0833333333333335,Schindler-Patalas,lake,2021,9,19.548156028368794,exact_month_year
CRAM,CRAM.AOS.littoral1,2021-09-27,SIDSP,0.25,0.2,0.3,NA,10,0.4166666666666667,Schindler-Patalas,lake,2021,9,19.548156028368794,exact_month_year
CRAM,CRAM.AOS.littoral1,2021-09-27,TRISP31,0.15,0.15,0.15,0.05,5,0.20833333333333337,Schindler-Patalas,lake,2021,9,19.548156028368794,exact_month_year
CRAM,CRAM.AOS.littoral2,2021-09-27,TRISP31,1,1,1,0.08,10,0.4166666666666667,Schindler-Patalas,lake,2021,9,19.548156028368794,exact_month_year
CRAM,CRAM.AOS.littoral1,2022-05-24,ASCSP1,0.08,0.08,0.08,0.06,30,1.25,Schindler-Patalas,lake,2022,5,14.22549963127944,exact_month_year
CRAM,CRAM.AOS.littoral2,2022-05-24,ASCSP1,0.1,0.1,0.1,0.08,10,0.4166666666666667,Schindler-Patalas,lake,2022,5,14.22549963127944,exact_month_year
CRAM,CRAM.AOS.buoy.c1,2022-05-24,ASPSP4,0.19,0.18,0.2,0.165,550,0.5090707145501666,tow net,lake,2022,5,14.22549963127944,exact_month_year
CRAM,CRAM.AOS.littoral1,2022-05-24,ASPSP4,0.7,0.7,0.7,0.4,30,1.25,Schindler-Patalas,lake,2022,5,14.22549963127944,exact_month_year
CRAM,CRAM.AOS.littoral2,2022-05-24,ASPSP4,0.7,0.7,0.7,0.4,7,0.2916666666666667,Schindler-Patalas,lake,2022,5,14.22549963127944,exact_month_year
CRAM,CRAM.AOS.buoy.c1,2022-05-24,BOSLON,0.3,0.3,0.3,NA,50,0.04627915586819696,tow net,lake,2022,5,14.22549963127944,exact_month_year
CRAM,CRAM.AOS.littoral1,2022-05-24,BOSLON,0.3,0.3,0.3,NA,1140,47.5,Schindler-Patalas,lake,2022,5,14.22549963127944,exact_month_year
CRAM,CRAM.AOS.littoral2,2022-05-24,BOSLON,0.25,0.2,0.3,NA,117,4.875,Schindler-Patalas,lake,2022,5,14.22549963127944,exact_month_year
CRAM,CRAM.AOS.littoral1,2022-05-24,BOSTUB,0.3,0.3,0.3,NA,40,1.6666666666666667,Schindler-Patalas,lake,2022,5,14.22549963127944,exact_month_year
CRAM,CRAM.AOS.littoral2,2022-05-24,BOSTUB,0.3,0.3,0.3,NA,43,1.7916666666666667,Schindler-Patalas,lake,2022,5,14.22549963127944,exact_month_year
CRAM,CRAM.AOS.buoy.c1,2022-05-24,CHASP13,10,10,10,NA,50,0.04627915586819696,tow net,lake,2022,5,14.22549963127944,exact_month_year
CRAM,CRAM.AOS.buoy.c1,2022-05-24,CYCSP1,0.65,0.5,0.8,NA,450,0.41651240281377266,tow net,lake,2022,5,14.22549963127944,exact_month_year
CRAM,CRAM.AOS.buoy.c1,2022-05-24,FILLON,0.15,0.15,0.15,0.07,350,0.3239540910773787,tow net,lake,2022,5,14.22549963127944,exact_month_year
CRAM,CRAM.AOS.buoy.c1,2022-05-24,GASSP6,0.1,0.1,0.1,0.08,1200,1.110699740836727,tow net,lake,2022,5,14.22549963127944,exact_month_year
CRAM,CRAM.AOS.littoral1,2022-05-24,GASSP6,0.1,0.1,0.1,0.08,180,7.5,Schindler-Patalas,lake,2022,5,14.22549963127944,exact_month_year
CRAM,CRAM.AOS.littoral2,2022-05-24,GASSP6,0.09,0.08,0.1,0.07,43,1.7916666666666667,Schindler-Patalas,lake,2022,5,14.22549963127944,exact_month_year
CRAM,CRAM.AOS.buoy.c1,2022-05-24,HOLGIB,0.86,0.08,1.5,NA,150,0.13883746760459087,tow net,lake,2022,5,14.22549963127944,exact_month_year
CRAM,CRAM.AOS.littoral1,2022-05-24,HOLGIB,1,1,1,NA,30,1.25,Schindler-Patalas,lake,2022,5,14.22549963127944,exact_month_year
CRAM,CRAM.AOS.littoral2,2022-05-24,HOLGIB,0.6,0.6,0.6,NA,10,0.4166666666666667,Schindler-Patalas,lake,2022,5,14.22549963127944,exact_month_year
CRAM,CRAM.AOS.buoy.c1,2022-05-24,KELLON,0.13,0.13,0.13,0.05,150,0.13883746760459087,tow net,lake,2022,5,14.22549963127944,exact_month_year
CRAM,CRAM.AOS.littoral1,2022-05-24,KELLON,0.175,0.15,0.2,0.06,140,5.833333333333333,Schindler-Patalas,lake,2022,5,14.22549963127944,exact_month_year
CRAM,CRAM.AOS.littoral2,2022-05-24,KELLON,0.15,0.15,0.15,0.05,47,1.9583333333333333,Schindler-Patalas,lake,2022,5,14.22549963127944,exact_month_year
CRAM,CRAM.AOS.buoy.c1,2022-05-24,KERCOC,0.1,0.1,0.1,0.05,3500,3.2395409107737874,tow net,lake,2022,5,14.22549963127944,exact_month_year
CRAM,CRAM.AOS.littoral1,2022-05-24,KERCOC,0.1,0.1,0.1,0.05,1350,56.25,Schindler-Patalas,lake,2022,5,14.22549963127944,exact_month_year
CRAM,CRAM.AOS.littoral2,2022-05-24,KERCOC,0.1,0.1,0.1,0.05,293,12.208333333333334,Schindler-Patalas,lake,2022,5,14.22549963127944,exact_month_year
CRAM,CRAM.AOS.littoral1,2022-05-24,KERTAU,0.12,0.12,0.12,0.05,270,11.25,Schindler-Patalas,lake,2022,5,14.22549963127944,exact_month_year
CRAM,CRAM.AOS.littoral2,2022-05-24,KERTAU,0.12,0.12,0.12,0.5,93,3.875,Schindler-Patalas,lake,2022,5,14.22549963127944,exact_month_year
CRAM,CRAM.AOS.buoy.c1,2022-05-24,KERTES,0.1,0.1,0.1,0.05,600,0.5553498704183635,tow net,lake,2022,5,14.22549963127944,exact_month_year
CRAM,CRAM.AOS.buoy.c1,2022-05-24,LEPMIN,1,1,1,NA,150,0.13883746760459087,tow net,lake,2022,5,14.22549963127944,exact_month_year
CRAM,CRAM.AOS.buoy.c1,2022-05-24,LEPSP31,0.8,0.6,1,NA,500,0.4627915586819696,tow net,lake,2022,5,14.22549963127944,exact_month_year
CRAM,CRAM.AOS.littoral1,2022-05-24,LEPSP31,0.7,0.5,1,NA,50,2.0833333333333335,Schindler-Patalas,lake,2022,5,14.22549963127944,exact_month_year
CRAM,CRAM.AOS.littoral2,2022-05-24,LEPSP31,0.5,0.4,0.6,NA,17,0.7083333333333334,Schindler-Patalas,lake,2022,5,14.22549963127944,exact_month_year
CRAM,CRAM.AOS.buoy.c1,2022-05-24,MESEDA,1.5,1.5,1.5,NA,100,0.09255831173639392,tow net,lake,2022,5,14.22549963127944,exact_month_year
CRAM,CRAM.AOS.littoral1,2022-05-24,PLOSP1,0.13,0.13,0.13,0.1,10,0.4166666666666667,Schindler-Patalas,lake,2022,5,14.22549963127944,exact_month_year
CRAM,CRAM.AOS.buoy.c1,2022-05-24,POLSP20,0.1,0.1,0.1,0.08,4250,3.9337282487967418,tow net,lake,2022,5,14.22549963127944,exact_month_year
CRAM,CRAM.AOS.littoral1,2022-05-24,POLSP20,0.1,0.1,0.1,0.08,560,23.333333333333332,Schindler-Patalas,lake,2022,5,14.22549963127944,exact_month_year
CRAM,CRAM.AOS.littoral2,2022-05-24,POLSP20,0.1,0.1,0.1,0.08,73,3.0416666666666665,Schindler-Patalas,lake,2022,5,14.22549963127944,exact_month_year
CRAM,CRAM.AOS.buoy.c1,2022-05-24,POMSP5,0.1,0.1,0.1,0.1,2200,2.0362828582006665,tow net,lake,2022,5,14.22549963127944,exact_month_year
CRAM,CRAM.AOS.littoral1,2022-05-24,POMSP5,0.1,0.1,0.1,0.1,20,0.8333333333333334,Schindler-Patalas,lake,2022,5,14.22549963127944,exact_month_year
CRAM,CRAM.AOS.littoral2,2022-05-24,POMSP5,0.09,0.08,0.1,0.09,63,2.625,Schindler-Patalas,lake,2022,5,14.22549963127944,exact_month_year
CRAM,CRAM.AOS.buoy.c1,2022-05-24,ROTSP,0.1,0.1,0.1,0.08,650,0.6016290262865605,tow net,lake,2022,5,14.22549963127944,exact_month_year
CRAM,CRAM.AOS.littoral1,2022-05-24,ROTSP,1,1,1,0.08,40,1.6666666666666667,Schindler-Patalas,lake,2022,5,14.22549963127944,exact_month_year
CRAM,CRAM.AOS.littoral1,2022-05-24,SYNSP8,0.15,0.15,0.15,0.1,10,0.4166666666666667,Schindler-Patalas,lake,2022,5,14.22549963127944,exact_month_year
CRAM,CRAM.AOS.littoral1,2022-05-24,TESSP2,0.1,0.1,0.1,0.08,20,0.8333333333333334,Schindler-Patalas,lake,2022,5,14.22549963127944,exact_month_year
CRAM,CRAM.AOS.buoy.c1,2022-05-24,TRISP31,0.2,0.2,0.2,0.1,50,0.04627915586819696,tow net,lake,2022,5,14.22549963127944,exact_month_year
CRAM,CRAM.AOS.littoral2,2022-05-24,TRISP31,0.2,0.2,0.2,0.08,3,0.125,Schindler-Patalas,lake,2022,5,14.22549963127944,exact_month_year
CRAM,CRAM.AOS.littoral1,2022-07-12,ASCSP1,0.1,0.1,0.1,0.06,10,0.4166666666666667,Schindler-Patalas,lake,2022,7,23.69915315120408,exact_month_year
CRAM,CRAM.AOS.littoral2,2022-07-12,ASCSP1,0.12,0.12,0.12,0.06,20,0.8333333333333334,Schindler-Patalas,lake,2022,7,23.69915315120408,exact_month_year
CRAM,CRAM.AOS.littoral1,2022-07-12,ASPSP4,0.433,0.4,0.5,0.253,26,1.0833333333333333,Schindler-Patalas,lake,2022,7,23.69915315120408,exact_month_year
CRAM,CRAM.AOS.littoral2,2022-07-12,ASPSP4,0.45,0.4,0.5,0.3,60,2.5,Schindler-Patalas,lake,2022,7,23.69915315120408,exact_month_year
CRAM,CRAM.AOS.buoy.c1,2022-07-12,BOSLON,0.2,0.2,0.2,NA,160,0.1231337540403263,tow net,lake,2022,7,23.69915315120408,exact_month_year
CRAM,CRAM.AOS.littoral1,2022-07-12,BOSLON,0.25,0.2,0.3,NA,14,0.5833333333333334,Schindler-Patalas,lake,2022,7,23.69915315120408,exact_month_year
CRAM,CRAM.AOS.littoral2,2022-07-12,BOSLON,0.2,0.2,0.2,NA,14,0.5833333333333334,Schindler-Patalas,lake,2022,7,23.69915315120408,exact_month_year
CRAM,CRAM.AOS.buoy.c1,2022-07-12,BOSTUB,0.4,0.4,0.4,NA,20,0.01539171925504078,tow net,lake,2022,7,23.69915315120408,exact_month_year
CRAM,CRAM.AOS.littoral1,2022-07-12,BOSTUB,0.25,0.2,0.3,NA,14,0.5833333333333334,Schindler-Patalas,lake,2022,7,23.69915315120408,exact_month_year
CRAM,CRAM.AOS.littoral2,2022-07-12,BOSTUB,0.3,0.3,0.3,NA,2,0.08333333333333333,Schindler-Patalas,lake,2022,7,23.69915315120408,exact_month_year
CRAM,CRAM.AOS.buoy.c1,2022-07-12,CALSP1,0.667,0.5,0.8,NA,2600,2.000923503155302,tow net,lake,2022,7,23.69915315120408,exact_month_year
CRAM,CRAM.AOS.buoy.c1,2022-07-12,CHASP13,7.333,5,9,NA,300,0.2308757888256118,tow net,lake,2022,7,23.69915315120408,exact_month_year
CRAM,CRAM.AOS.littoral2,2022-07-12,CHYSPH,0.35,0.3,0.4,NA,4,0.16666666666666666,Schindler-Patalas,lake,2022,7,23.69915315120408,exact_month_year
CRAM,CRAM.AOS.buoy.c1,2022-07-12,CYCSP,0.725,0.4,1,NA,320,0.2462675080806526,tow net,lake,2022,7,23.69915315120408,exact_month_year
CRAM,CRAM.AOS.littoral1,2022-07-12,CYCSP,0.4,0.4,0.4,NA,4,0.16666666666666666,Schindler-Patalas,lake,2022,7,23.69915315120408,exact_month_year
CRAM,CRAM.AOS.littoral2,2022-07-12,CYCSP,0.5,0.4,0.6,NA,16,0.6666666666666666,Schindler-Patalas,lake,2022,7,23.69915315120408,exact_month_year
CRAM,CRAM.AOS.buoy.c1,2022-07-12,DIASP10,0.4,0.2,0.6,NA,80,0.06156687702016315,tow net,lake,2022,7,23.69915315120408,exact_month_year
CRAM,CRAM.AOS.littoral2,2022-07-12,DIASP10,0.3,0.3,0.3,NA,2,0.08333333333333333,Schindler-Patalas,lake,2022,7,23.69915315120408,exact_month_year
CRAM,CRAM.AOS.buoy.c1,2022-07-12,GASSP6,0.55,0.1,1,0.09,1740,1.3390795751885485,tow net,lake,2022,7,23.69915315120408,exact_month_year
CRAM,CRAM.AOS.littoral1,2022-07-12,GASSP6,0.1,0.1,0.1,0.1,6,0.25,Schindler-Patalas,lake,2022,7,23.69915315120408,exact_month_year
CRAM,CRAM.AOS.littoral2,2022-07-12,GASSP6,0.1,0.1,0.1,0.1,6,0.25,Schindler-Patalas,lake,2022,7,23.69915315120408,exact_month_year
CRAM,CRAM.AOS.buoy.c1,2022-07-12,HOLGIB,1.75,1.5,2,NA,800,0.6156687702016315,tow net,lake,2022,7,23.69915315120408,exact_month_year
CRAM,CRAM.AOS.littoral2,2022-07-12,HOLGIB,0.7,0.7,0.7,NA,2,0.08333333333333333,Schindler-Patalas,lake,2022,7,23.69915315120408,exact_month_year
CRAM,CRAM.AOS.buoy.c1,2022-07-12,KELLON,0.12,0.12,0.12,0.05,500,0.3847929813760197,tow net,lake,2022,7,23.69915315120408,exact_month_year
CRAM,CRAM.AOS.buoy.c1,2022-07-12,KERCOC,0.1,0.1,0.1,0.05,2060,1.5853470832692012,tow net,lake,2022,7,23.69915315120408,exact_month_year
CRAM,CRAM.AOS.littoral1,2022-07-12,KERCOC,0.09,0.08,0.1,0.045,274,11.416666666666666,Schindler-Patalas,lake,2022,7,23.69915315120408,exact_month_year
CRAM,CRAM.AOS.littoral2,2022-07-12,KERCOC,0.1,0.1,0.1,0.06,240,10,Schindler-Patalas,lake,2022,7,23.69915315120408,exact_month_year
CRAM,CRAM.AOS.buoy.c1,2022-07-12,KERSP,0.1,0.1,0.1,0.08,80,0.06156687702016315,tow net,lake,2022,7,23.69915315120408,exact_month_year
CRAM,CRAM.AOS.buoy.c1,2022-07-12,KERTAU,0.1,0.1,0.1,0.05,240,0.18470063106048945,tow net,lake,2022,7,23.69915315120408,exact_month_year
CRAM,CRAM.AOS.littoral1,2022-07-12,KERTAU,0.1,0.1,0.1,0.06,162,6.75,Schindler-Patalas,lake,2022,7,23.69915315120408,exact_month_year
CRAM,CRAM.AOS.littoral2,2022-07-12,KERTAU,0.1,0.1,0.1,0.06,150,6.25,Schindler-Patalas,lake,2022,7,23.69915315120408,exact_month_year
CRAM,CRAM.AOS.littoral2,2022-07-12,LECLUN2,0.1,0.1,0.1,0.08,2,0.08333333333333333,Schindler-Patalas,lake,2022,7,23.69915315120408,exact_month_year
CRAM,CRAM.AOS.buoy.c1,2022-07-12,LEPMIN,0.8,0.8,0.8,NA,40,0.03078343851008157,tow net,lake,2022,7,23.69915315120408,exact_month_year
CRAM,CRAM.AOS.buoy.c1,2022-07-12,MESEDA,1,1,1,NA,140,0.1077420347852855,tow net,lake,2022,7,23.69915315120408,exact_month_year
CRAM,CRAM.AOS.littoral1,2022-07-12,PLOLEN,0.1,0.08,0.12,0.08,8,0.3333333333333333,Schindler-Patalas,lake,2022,7,23.69915315120408,exact_month_year
CRAM,CRAM.AOS.littoral2,2022-07-12,PLOLEN,0.1,0.1,0.1,0.08,12,0.5,Schindler-Patalas,lake,2022,7,23.69915315120408,exact_month_year
CRAM,CRAM.AOS.buoy.c1,2022-07-12,POLSP20,0.11,0.1,0.12,0.06,720,0.5541018931814683,tow net,lake,2022,7,23.69915315120408,exact_month_year
CRAM,CRAM.AOS.littoral1,2022-07-12,POLSP20,0.09,0.08,0.1,0.06,268,11.166666666666666,Schindler-Patalas,lake,2022,7,23.69915315120408,exact_month_year
CRAM,CRAM.AOS.littoral2,2022-07-12,POLSP20,0.1,0.1,0.1,0.08,122,5.083333333333333,Schindler-Patalas,lake,2022,7,23.69915315120408,exact_month_year
CRAM,CRAM.AOS.littoral1,2022-07-12,ROTSP,0.08,0.08,0.08,0.06,6,0.25,Schindler-Patalas,lake,2022,7,23.69915315120408,exact_month_year
CRAM,CRAM.AOS.littoral2,2022-07-12,ROTSP,0.08,0.08,0.08,0.06,8,0.3333333333333333,Schindler-Patalas,lake,2022,7,23.69915315120408,exact_month_year
CRAM,CRAM.AOS.littoral1,2022-07-12,SYNSP8,0.1,0.08,0.12,0.08,32,1.3333333333333333,Schindler-Patalas,lake,2022,7,23.69915315120408,exact_month_year
CRAM,CRAM.AOS.littoral2,2022-07-12,SYNSP8,0.1,0.1,0.1,0.09,20,0.8333333333333334,Schindler-Patalas,lake,2022,7,23.69915315120408,exact_month_year
CRAM,CRAM.AOS.buoy.c1,2022-07-12,TESSP2,0.1,0.1,0.1,0.1,220,0.16930891180544866,tow net,lake,2022,7,23.69915315120408,exact_month_year
CRAM,CRAM.AOS.buoy.c1,2022-09-26,ASCSP1,0.08,0.08,0.08,0.08,80,0.07070260715863898,tow net,lake,2022,9,19.941142638846063,exact_month_year
CRAM,CRAM.AOS.littoral1,2022-09-26,ASCSP1,0.09,0.08,0.1,0.06,863,35.958333333333336,Schindler-Patalas,lake,2022,9,19.941142638846063,exact_month_year
CRAM,CRAM.AOS.littoral2,2022-09-26,ASCSP1,0.08,0.08,0.08,0.06,510,21.25,Schindler-Patalas,lake,2022,9,19.941142638846063,exact_month_year
CRAM,CRAM.AOS.buoy.c1,2022-09-26,ASPSP4,0.6,0.6,0.6,0.3,40,0.03535130357931949,tow net,lake,2022,9,19.941142638846063,exact_month_year
CRAM,CRAM.AOS.littoral1,2022-09-26,ASPSP4,0.5,0.5,0.5,0.35,13,0.5416666666666666,Schindler-Patalas,lake,2022,9,19.941142638846063,exact_month_year
CRAM,CRAM.AOS.littoral2,2022-09-26,ASPSP4,0.55,0.55,0.55,0.32,30,1.25,Schindler-Patalas,lake,2022,9,19.941142638846063,exact_month_year
CRAM,CRAM.AOS.buoy.c1,2022-09-26,BOSLON,0.25,0.2,0.3,NA,1400,1.237295625276182,tow net,lake,2022,9,19.941142638846063,exact_month_year
CRAM,CRAM.AOS.littoral1,2022-09-26,BOSLON,0.3,0.3,0.3,NA,150,6.25,Schindler-Patalas,lake,2022,9,19.941142638846063,exact_month_year
CRAM,CRAM.AOS.littoral2,2022-09-26,BOSLON,0.25,0.2,0.3,NA,60,2.5,Schindler-Patalas,lake,2022,9,19.941142638846063,exact_month_year
CRAM,CRAM.AOS.buoy.c1,2022-09-26,CALSP1,0.9,0.8,1,NA,120,0.10605391073795846,tow net,lake,2022,9,19.941142638846063,exact_month_year
CRAM,CRAM.AOS.littoral1,2022-09-26,CALSP1,0.5,0.5,0.5,NA,38,1.5833333333333333,Schindler-Patalas,lake,2022,9,19.941142638846063,exact_month_year
CRAM,CRAM.AOS.littoral2,2022-09-26,CALSP1,0.5,0.5,0.5,NA,30,1.25,Schindler-Patalas,lake,2022,9,19.941142638846063,exact_month_year
CRAM,CRAM.AOS.buoy.c1,2022-09-26,CHASP13,7,5,9,NA,400,0.3535130357931949,tow net,lake,2022,9,19.941142638846063,exact_month_year
CRAM,CRAM.AOS.buoy.c1,2022-09-26,CONUNI,0.15,0.15,0.15,0.05,360,0.3181617322138754,tow net,lake,2022,9,19.941142638846063,exact_month_year
CRAM,CRAM.AOS.littoral1,2022-09-26,CONUNI,0.08,0.08,0.08,0.06,25,1.0416666666666667,Schindler-Patalas,lake,2022,9,19.941142638846063,exact_month_year
CRAM,CRAM.AOS.littoral2,2022-09-26,CONUNI,0.08,0.08,0.08,0.06,150,6.25,Schindler-Patalas,lake,2022,9,19.941142638846063,exact_month_year
CRAM,CRAM.AOS.buoy.c1,2022-09-26,CYCSP,0.567,0.4,0.8,NA,2200,1.944321696862572,tow net,lake,2022,9,19.941142638846063,exact_month_year
CRAM,CRAM.AOS.littoral1,2022-09-26,CYCSP,0.5,0.4,0.6,NA,213,8.875,Schindler-Patalas,lake,2022,9,19.941142638846063,exact_month_year
CRAM,CRAM.AOS.littoral2,2022-09-26,CYCSP,0.45,0.4,0.5,NA,300,12.5,Schindler-Patalas,lake,2022,9,19.941142638846063,exact_month_year
CRAM,CRAM.AOS.buoy.c1,2022-09-26,DAPSP1,1.35,1.2,1.5,NA,80,0.07070260715863898,tow net,lake,2022,9,19.941142638846063,exact_month_year
CRAM,CRAM.AOS.buoy.c1,2022-09-26,DIASP10,0.5,0.4,0.6,NA,80,0.07070260715863898,tow net,lake,2022,9,19.941142638846063,exact_month_year
CRAM,CRAM.AOS.littoral1,2022-09-26,GASSP6,0.1,0.1,0.1,0.08,88,3.6666666666666665,Schindler-Patalas,lake,2022,9,19.941142638846063,exact_month_year
CRAM,CRAM.AOS.littoral2,2022-09-26,GASSP6,0.105,0.08,0.13,0.095,120,5,Schindler-Patalas,lake,2022,9,19.941142638846063,exact_month_year
CRAM,CRAM.AOS.buoy.c1,2022-09-26,KELLON,0.13,0.13,0.13,0.05,40,0.03535130357931949,tow net,lake,2022,9,19.941142638846063,exact_month_year
CRAM,CRAM.AOS.littoral1,2022-09-26,KELLON,0.12,0.12,0.12,0.05,50,2.0833333333333335,Schindler-Patalas,lake,2022,9,19.941142638846063,exact_month_year
CRAM,CRAM.AOS.buoy.c1,2022-09-26,KERCOC,0.1,0.1,0.1,0.05,5240,4.631020768890853,tow net,lake,2022,9,19.941142638846063,exact_month_year
CRAM,CRAM.AOS.littoral1,2022-09-26,KERCOC,0.09,0.08,0.1,0.05,825,34.375,Schindler-Patalas,lake,2022,9,19.941142638846063,exact_month_year
CRAM,CRAM.AOS.littoral2,2022-09-26,KERCOC,0.1,0.1,0.1,0.05,3180,132.5,Schindler-Patalas,lake,2022,9,19.941142638846063,exact_month_year
CRAM,CRAM.AOS.buoy.c1,2022-09-26,KERTAU,0.1,0.1,0.1,0.05,2320,2.05037560760053,tow net,lake,2022,9,19.941142638846063,exact_month_year
CRAM,CRAM.AOS.littoral1,2022-09-26,KERTAU,0.1,0.1,0.1,0.05,1775,73.95833333333333,Schindler-Patalas,lake,2022,9,19.941142638846063,exact_month_year
CRAM,CRAM.AOS.littoral2,2022-09-26,KERTAU,0.1,0.1,0.1,0.05,3240,135,Schindler-Patalas,lake,2022,9,19.941142638846063,exact_month_year
CRAM,CRAM.AOS.littoral1,2022-09-26,LECMIR,0.1,0.1,0.1,0.06,13,0.5416666666666666,Schindler-Patalas,lake,2022,9,19.941142638846063,exact_month_year
CRAM,CRAM.AOS.buoy.c1,2022-09-26,LECSP1,0.07,0.07,0.07,0.05,40,0.03535130357931949,tow net,lake,2022,9,19.941142638846063,exact_month_year
CRAM,CRAM.AOS.buoy.c1,2022-09-26,MESEDA,1.5,1.5,1.5,NA,40,0.03535130357931949,tow net,lake,2022,9,19.941142638846063,exact_month_year
CRAM,CRAM.AOS.littoral1,2022-09-26,PLOLEN,0.105,0.06,0.15,0.075,113,4.708333333333333,Schindler-Patalas,lake,2022,9,19.941142638846063,exact_month_year
CRAM,CRAM.AOS.littoral2,2022-09-26,PLOLEN,0.14,0.14,0.14,0.12,30,1.25,Schindler-Patalas,lake,2022,9,19.941142638846063,exact_month_year
CRAM,CRAM.AOS.buoy.c1,2022-09-26,POLSP20,0.093,0.08,0.1,0.08,680,0.6009721608484313,tow net,lake,2022,9,19.941142638846063,exact_month_year
CRAM,CRAM.AOS.littoral1,2022-09-26,POLSP20,0.09,0.08,0.1,0.065,963,40.125,Schindler-Patalas,lake,2022,9,19.941142638846063,exact_month_year
CRAM,CRAM.AOS.littoral2,2022-09-26,POLSP20,0.09,0.08,0.1,0.08,1290,53.75,Schindler-Patalas,lake,2022,9,19.941142638846063,exact_month_year
CRAM,CRAM.AOS.littoral1,2023-05-22,BOSLON,0.25,0.2,0.3,NA,12,0.5,Schindler-Patalas,lake,2023,5,17.084404214244064,exact_month_year
CRAM,CRAM.AOS.littoral2,2023-05-22,BOSLON,0.25,0.2,0.3,NA,36,1.5,Schindler-Patalas,lake,2023,5,17.084404214244064,exact_month_year
CRAM,CRAM.AOS.buoy.c1,2023-05-22,CHASP13,5,5,5,NA,25,0.0201450443190975,tow net,lake,2023,5,17.084404214244064,exact_month_year
CRAM,CRAM.AOS.littoral2,2023-05-22,CHYSPH,0.2,0.2,0.2,NA,2,0.08333333333333333,Schindler-Patalas,lake,2023,5,17.084404214244064,exact_month_year
CRAM,CRAM.AOS.buoy.c1,2023-05-22,CONUNI,0.2,0.2,0.2,0.08,75,0.0604351329572925,tow net,lake,2023,5,17.084404214244064,exact_month_year
CRAM,CRAM.AOS.littoral2,2023-05-22,CONUNI,0.135,0.12,0.15,0.065,20,0.8333333333333334,Schindler-Patalas,lake,2023,5,17.084404214244064,exact_month_year
CRAM,CRAM.AOS.buoy.c1,2023-05-22,CYCSP1,0.6,0.4,0.8,NA,325,0.2618855761482675,tow net,lake,2023,5,17.084404214244064,exact_month_year
CRAM,CRAM.AOS.littoral1,2023-05-22,CYCSP1,0.4,0.4,0.4,NA,2,0.08333333333333333,Schindler-Patalas,lake,2023,5,17.084404214244064,exact_month_year
CRAM,CRAM.AOS.buoy.c1,2023-05-22,FILLON,0.17,0.17,0.17,0.08,1875,1.5108783239323127,tow net,lake,2023,5,17.084404214244064,exact_month_year
CRAM,CRAM.AOS.littoral1,2023-05-22,GASSP6,0.1,0.1,0.1,0.08,4,0.16666666666666666,Schindler-Patalas,lake,2023,5,17.084404214244064,exact_month_year
CRAM,CRAM.AOS.littoral2,2023-05-22,GASSP6,0.09,0.08,0.1,0.06,14,0.5833333333333334,Schindler-Patalas,lake,2023,5,17.084404214244064,exact_month_year
CRAM,CRAM.AOS.buoy.c1,2023-05-22,HOLGIB,0.6,0.6,0.6,NA,25,0.0201450443190975,tow net,lake,2023,5,17.084404214244064,exact_month_year
CRAM,CRAM.AOS.littoral2,2023-05-22,HOLGIB,0.4,0.4,0.4,NA,6,0.25,Schindler-Patalas,lake,2023,5,17.084404214244064,exact_month_year
CRAM,CRAM.AOS.buoy.c1,2023-05-22,KELLON,0.15,0.15,0.15,0.05,150,0.120870265914585,tow net,lake,2023,5,17.084404214244064,exact_month_year
CRAM,CRAM.AOS.littoral1,2023-05-22,KELLON,0.15,0.15,0.15,0.05,16,0.6666666666666666,Schindler-Patalas,lake,2023,5,17.084404214244064,exact_month_year
CRAM,CRAM.AOS.littoral2,2023-05-22,KELLON,0.15,0.15,0.15,0.06,2,0.08333333333333333,Schindler-Patalas,lake,2023,5,17.084404214244064,exact_month_year
CRAM,CRAM.AOS.buoy.c1,2023-05-22,KERCOC,0.1,0.1,0.1,0.05,2475,1.994359387590653,tow net,lake,2023,5,17.084404214244064,exact_month_year
CRAM,CRAM.AOS.littoral1,2023-05-22,KERCOC,0.1,0.1,0.1,0.05,274,11.416666666666666,Schindler-Patalas,lake,2023,5,17.084404214244064,exact_month_year
CRAM,CRAM.AOS.littoral2,2023-05-22,KERCOC,0.11,0.1,0.12,0.055,184,7.666666666666667,Schindler-Patalas,lake,2023,5,17.084404214244064,exact_month_year
CRAM,CRAM.AOS.buoy.c1,2023-05-22,KERTAU,0.12,0.12,0.12,0.06,75,0.0604351329572925,tow net,lake,2023,5,17.084404214244064,exact_month_year
CRAM,CRAM.AOS.littoral1,2023-05-22,KERTAU,0.12,0.12,0.12,0.06,204,8.5,Schindler-Patalas,lake,2023,5,17.084404214244064,exact_month_year
CRAM,CRAM.AOS.littoral2,2023-05-22,KERTAU,0.12,0.12,0.12,0.07,176,7.333333333333333,Schindler-Patalas,lake,2023,5,17.084404214244064,exact_month_year
CRAM,CRAM.AOS.buoy.c1,2023-05-22,KERTES,0.13,0.12,0.14,0.07,1375,1.1079774375503626,tow net,lake,2023,5,17.084404214244064,exact_month_year
CRAM,CRAM.AOS.buoy.c1,2023-05-22,LEPMIN,0.825,0.6,1,NA,850,0.684931506849315,tow net,lake,2023,5,17.084404214244064,exact_month_year
CRAM,CRAM.AOS.littoral1,2023-05-22,LEPMIN,0.775,0.6,1,NA,30,1.25,Schindler-Patalas,lake,2023,5,17.084404214244064,exact_month_year
CRAM,CRAM.AOS.littoral2,2023-05-22,LEPMIN,0.7,0.6,0.8,NA,66,2.75,Schindler-Patalas,lake,2023,5,17.084404214244064,exact_month_year
CRAM,CRAM.AOS.buoy.c1,2023-05-22,MESEDA,1.1,1,1.2,NA,225,0.18130539887187752,tow net,lake,2023,5,17.084404214244064,exact_month_year
CRAM,CRAM.AOS.buoy.c1,2023-05-22,POLSP20,0.1,0.1,0.1,0.09,450,0.36261079774375504,tow net,lake,2023,5,17.084404214244064,exact_month_year
CRAM,CRAM.AOS.littoral1,2023-05-22,POLSP20,0.11,0.08,0.15,0.105,44,1.8333333333333333,Schindler-Patalas,lake,2023,5,17.084404214244064,exact_month_year
CRAM,CRAM.AOS.littoral2,2023-05-22,POLSP20,0.095,0.09,0.1,0.075,36,1.5,Schindler-Patalas,lake,2023,5,17.084404214244064,exact_month_year
CRAM,CRAM.AOS.littoral2,2023-05-22,SYNSP8,0.12,0.12,0.12,0.1,2,0.08333333333333333,Schindler-Patalas,lake,2023,5,17.084404214244064,exact_month_year
CRAM,CRAM.AOS.buoy.c1,2023-05-22,TESSP2,0.1,0.08,0.12,0.08,925,0.7453666398066076,tow net,lake,2023,5,17.084404214244064,exact_month_year
CRAM,CRAM.AOS.littoral1,2023-05-22,TESSP2,0.09,0.05,0.12,0.077,16,0.6666666666666666,Schindler-Patalas,lake,2023,5,17.084404214244064,exact_month_year
CRAM,CRAM.AOS.littoral2,2023-05-22,TESSP2,0.11,0.1,0.12,0.09,16,0.6666666666666666,Schindler-Patalas,lake,2023,5,17.084404214244064,exact_month_year
CRAM,CRAM.AOS.littoral1,2023-05-22,TROPRA1,0.55,0.5,0.6,NA,44,1.8333333333333333,Schindler-Patalas,lake,2023,5,17.084404214244064,exact_month_year
CRAM,CRAM.AOS.littoral2,2023-05-22,TROPRA1,0.5,0.5,0.5,NA,12,0.5,Schindler-Patalas,lake,2023,5,17.084404214244064,exact_month_year
CRAM,CRAM.AOS.buoy.c1,2023-07-17,ASCSP1,0.1,0.1,0.1,0.05,125,0.10072522159548752,tow net,lake,2023,7,23.28789153810192,exact_month_year
CRAM,CRAM.AOS.buoy.c1,2023-07-17,ASPSP4,0.45,0.4,0.5,0.3,75,0.0604351329572925,tow net,lake,2023,7,23.28789153810192,exact_month_year
CRAM,CRAM.AOS.littoral1,2023-07-17,ASPSP4,0.45,0.45,0.45,0.25,35,1.4583333333333333,Schindler-Patalas,lake,2023,7,23.28789153810192,exact_month_year
CRAM,CRAM.AOS.littoral2,2023-07-17,ASPSP4,0.433,0.35,0.55,0.283,54,2.25,Schindler-Patalas,lake,2023,7,23.28789153810192,exact_month_year
CRAM,CRAM.AOS.buoy.c1,2023-07-17,BOSLON,0.2,0.2,0.2,NA,50,0.040290088638195,tow net,lake,2023,7,23.28789153810192,exact_month_year
CRAM,CRAM.AOS.littoral1,2023-07-17,BOSLON,0.25,0.2,0.3,NA,860,35.833333333333336,Schindler-Patalas,lake,2023,7,23.28789153810192,exact_month_year
CRAM,CRAM.AOS.littoral2,2023-07-17,BOSLON,0.25,0.2,0.3,NA,102,4.25,Schindler-Patalas,lake,2023,7,23.28789153810192,exact_month_year
CRAM,CRAM.AOS.buoy.c1,2023-07-17,CHASP13,4.5,3.5,5.5,NA,150,0.120870265914585,tow net,lake,2023,7,23.28789153810192,exact_month_year
CRAM,CRAM.AOS.littoral1,2023-07-17,CONUNI,0.103,0.06,0.15,0.07,40,1.6666666666666667,Schindler-Patalas,lake,2023,7,23.28789153810192,exact_month_year
CRAM,CRAM.AOS.littoral2,2023-07-17,CONUNI,0.105,0.06,0.15,0.075,36,1.5,Schindler-Patalas,lake,2023,7,23.28789153810192,exact_month_year
CRAM,CRAM.AOS.buoy.c1,2023-07-17,CYCSP1,0.7,0.6,0.8,NA,150,0.120870265914585,tow net,lake,2023,7,23.28789153810192,exact_month_year
CRAM,CRAM.AOS.buoy.c1,2023-07-17,DIASP10,0.55,0.5,0.6,NA,75,0.0604351329572925,tow net,lake,2023,7,23.28789153810192,exact_month_year
CRAM,CRAM.AOS.buoy.c1,2023-07-17,FILLON,0.15,0.15,0.15,0.08,50,0.040290088638195,tow net,lake,2023,7,23.28789153810192,exact_month_year
CRAM,CRAM.AOS.buoy.c1,2023-07-17,GASSP6,0.1,0.1,0.1,0.08,425,0.3424657534246575,tow net,lake,2023,7,23.28789153810192,exact_month_year
CRAM,CRAM.AOS.littoral2,2023-07-17,GASSTY,0.12,0.12,0.12,0.1,18,0.75,Schindler-Patalas,lake,2023,7,23.28789153810192,exact_month_year
CRAM,CRAM.AOS.buoy.c1,2023-07-17,HOLGIB,0.95,0.6,1.3,NA,100,0.08058017727639001,tow net,lake,2023,7,23.28789153810192,exact_month_year
CRAM,CRAM.AOS.buoy.c1,2023-07-17,KELLON,0.125,0.1,0.15,0.055,400,0.32232070910556004,tow net,lake,2023,7,23.28789153810192,exact_month_year
CRAM,CRAM.AOS.buoy.c1,2023-07-17,KERCOC,0.11,0.1,0.12,0.055,1375,1.1079774375503626,tow net,lake,2023,7,23.28789153810192,exact_month_year
CRAM,CRAM.AOS.littoral1,2023-07-17,KERCOC,0.11,0.1,0.12,0.06,300,12.5,Schindler-Patalas,lake,2023,7,23.28789153810192,exact_month_year
CRAM,CRAM.AOS.littoral2,2023-07-17,KERCOC,0.1,0.1,0.1,0.06,621,25.875,Schindler-Patalas,lake,2023,7,23.28789153810192,exact_month_year
CRAM,CRAM.AOS.buoy.c1,2023-07-17,KERTAU,0.12,0.12,0.12,0.06,75,0.0604351329572925,tow net,lake,2023,7,23.28789153810192,exact_month_year
CRAM,CRAM.AOS.littoral2,2023-07-17,LECMIR,0.1,0.1,0.1,0.08,3,0.125,Schindler-Patalas,lake,2023,7,23.28789153810192,exact_month_year
CRAM,CRAM.AOS.buoy.c1,2023-07-17,LEPMIN,0.833,0.7,1,NA,1275,1.0273972602739727,tow net,lake,2023,7,23.28789153810192,exact_month_year
CRAM,CRAM.AOS.littoral1,2023-07-17,LEPMIN,1,1,1,NA,5,0.20833333333333337,Schindler-Patalas,lake,2023,7,23.28789153810192,exact_month_year
CRAM,CRAM.AOS.buoy.c1,2023-07-17,MESEDA,1.1,1,1.2,NA,100,0.08058017727639001,tow net,lake,2023,7,23.28789153810192,exact_month_year
CRAM,CRAM.AOS.littoral1,2023-07-17,PLOLEN,0.1,0.1,0.1,0.08,85,3.5416666666666665,Schindler-Patalas,lake,2023,7,23.28789153810192,exact_month_year
CRAM,CRAM.AOS.littoral2,2023-07-17,PLOLEN,0.11,0.1,0.12,0.065,51,2.125,Schindler-Patalas,lake,2023,7,23.28789153810192,exact_month_year
CRAM,CRAM.AOS.buoy.c1,2023-07-17,POLSP20,0.1,0.1,0.1,0.08,1275,1.0273972602739727,tow net,lake,2023,7,23.28789153810192,exact_month_year
CRAM,CRAM.AOS.littoral1,2023-07-17,POLSP20,0.085,0.07,0.1,0.06,500,20.833333333333332,Schindler-Patalas,lake,2023,7,23.28789153810192,exact_month_year
CRAM,CRAM.AOS.littoral2,2023-07-17,POLSP20,0.09,0.08,0.1,0.07,336,14,Schindler-Patalas,lake,2023,7,23.28789153810192,exact_month_year
CRAM,CRAM.AOS.buoy.c1,2023-07-17,TESSP2,0.1,0.1,0.1,0.09,1250,1.0072522159548751,tow net,lake,2023,7,23.28789153810192,exact_month_year
CRAM,CRAM.AOS.littoral1,2023-07-17,TESSP2,0.1,0.1,0.1,0.1,5,0.20833333333333337,Schindler-Patalas,lake,2023,7,23.28789153810192,exact_month_year
CRAM,CRAM.AOS.buoy.c1,2023-07-17,TRIMUL,0.18,0.18,0.18,0.08,225,0.18130539887187752,tow net,lake,2023,7,23.28789153810192,exact_month_year
CRAM,CRAM.AOS.littoral1,2023-07-17,TRIMUL,0.15,0.15,0.15,0.08,45,1.875,Schindler-Patalas,lake,2023,7,23.28789153810192,exact_month_year
CRAM,CRAM.AOS.littoral2,2023-07-17,TRIMUL,0.145,0.12,0.17,0.085,18,0.75,Schindler-Patalas,lake,2023,7,23.28789153810192,exact_month_year
CRAM,CRAM.AOS.littoral1,2023-09-26,ACRSP6,0.38,0.38,0.38,NA,13,0.5416666666666666,Schindler-Patalas,lake,2023,9,19.260734642234798,exact_month_year
CRAM,CRAM.AOS.buoy.c1,2023-09-26,ASCSP1,0.12,0.12,0.12,0.09,111,0.0889209324681567,tow net,lake,2023,9,19.260734642234798,exact_month_year
CRAM,CRAM.AOS.littoral1,2023-09-26,ASCSP1,0.09,0.08,0.1,0.06,100,4.166666666666667,Schindler-Patalas,lake,2023,9,19.260734642234798,exact_month_year
CRAM,CRAM.AOS.littoral2,2023-09-26,ASCSP1,0.11,0.09,0.12,0.08,17,0.7083333333333334,Schindler-Patalas,lake,2023,9,19.260734642234798,exact_month_year
CRAM,CRAM.AOS.buoy.c1,2023-09-26,ASPSP4,0.56,0.56,0.56,0.33,111,0.0889209324681567,tow net,lake,2023,9,19.260734642234798,exact_month_year
CRAM,CRAM.AOS.buoy.c1,2023-09-26,BOSSP1,0.28,0.22,0.36,NA,2992,2.396859729231755,tow net,lake,2023,9,19.260734642234798,exact_month_year
CRAM,CRAM.AOS.littoral1,2023-09-26,BOSSP1,0.26,0.21,0.33,NA,125,5.208333333333333,Schindler-Patalas,lake,2023,9,19.260734642234798,exact_month_year
CRAM,CRAM.AOS.littoral2,2023-09-26,BOSSP1,0.27,0.27,0.27,NA,8,0.3333333333333333,Schindler-Patalas,lake,2023,9,19.260734642234798,exact_month_year
CRAM,CRAM.AOS.littoral1,2023-09-26,BRASP22,0.11,0.09,0.13,0.06,75,3.125,Schindler-Patalas,lake,2023,9,19.260734642234798,exact_month_year
CRAM,CRAM.AOS.buoy.c1,2023-09-26,CALSP1,0.81,0.56,1.01,NA,886,0.7097652807818634,tow net,lake,2023,9,19.260734642234798,exact_month_year
CRAM,CRAM.AOS.littoral2,2023-09-26,CALSP1,0.72,0.72,0.72,NA,8,0.3333333333333333,Schindler-Patalas,lake,2023,9,19.260734642234798,exact_month_year
CRAM,CRAM.AOS.littoral1,2023-09-26,CHISP2,1.76,1.76,1.76,NA,13,0.5416666666666666,Schindler-Patalas,lake,2023,9,19.260734642234798,exact_month_year
CRAM,CRAM.AOS.littoral1,2023-09-26,COLSP12,0.13,0.13,0.13,0.05,13,0.5416666666666666,Schindler-Patalas,lake,2023,9,19.260734642234798,exact_month_year
CRAM,CRAM.AOS.littoral2,2023-09-26,CONSP8,0.27,0.26,0.28,0.13,17,0.7083333333333334,Schindler-Patalas,lake,2023,9,19.260734642234798,exact_month_year
CRAM,CRAM.AOS.littoral2,2023-09-26,CONSP9,0.27,0.26,0.28,0.13,17,0.7083333333333334,Schindler-Patalas,lake,2023,9,19.260734642234798,exact_month_year
CRAM,CRAM.AOS.buoy.c1,2023-09-26,CYCSP,0.53,0.26,0.84,NA,997,0.7986862132500201,tow net,lake,2023,9,19.260734642234798,exact_month_year
CRAM,CRAM.AOS.littoral1,2023-09-26,CYCSP,0.31,0.17,0.39,NA,88,3.6666666666666665,Schindler-Patalas,lake,2023,9,19.260734642234798,exact_month_year
CRAM,CRAM.AOS.littoral2,2023-09-26,CYCSP,0.32,0.25,0.43,NA,50,2.0833333333333335,Schindler-Patalas,lake,2023,9,19.260734642234798,exact_month_year
CRAM,CRAM.AOS.buoy.c1,2023-09-26,DAPSP1,0.84,0.65,1.23,NA,776,0.6216454377954018,tow net,lake,2023,9,19.260734642234798,exact_month_year
CRAM,CRAM.AOS.buoy.c1,2023-09-26,DIASP10,0.33,0.33,0.33,NA,111,0.0889209324681567,tow net,lake,2023,9,19.260734642234798,exact_month_year
CRAM,CRAM.AOS.littoral2,2023-09-26,DIASP10,0.19,0.19,0.19,NA,8,0.3333333333333333,Schindler-Patalas,lake,2023,9,19.260734642234798,exact_month_year
CRAM,CRAM.AOS.littoral2,2023-09-26,FILSP1,0.08,0.08,0.08,0.04,8,0.3333333333333333,Schindler-Patalas,lake,2023,9,19.260734642234798,exact_month_year
CRAM,CRAM.AOS.buoy.c1,2023-09-26,GASSP6,0.1,0.1,0.1,0.07,111,0.0889209324681567,tow net,lake,2023,9,19.260734642234798,exact_month_year
CRAM,CRAM.AOS.littoral1,2023-09-26,GASSP6,0.1,0.08,0.14,0.08,38,1.5833333333333333,Schindler-Patalas,lake,2023,9,19.260734642234798,exact_month_year
CRAM,CRAM.AOS.littoral2,2023-09-26,GASSP6,0.1,0.09,0.1,0.08,17,0.7083333333333334,Schindler-Patalas,lake,2023,9,19.260734642234798,exact_month_year
CRAM,CRAM.AOS.buoy.c1,2023-09-26,HOLSP5,0.36,0.36,0.36,NA,111,0.0889209324681567,tow net,lake,2023,9,19.260734642234798,exact_month_year
CRAM,CRAM.AOS.littoral1,2023-09-26,ILYSP5,0.34,0.24,0.39,NA,25,1.0416666666666667,Schindler-Patalas,lake,2023,9,19.260734642234798,exact_month_year
CRAM,CRAM.AOS.buoy.c1,2023-09-26,KELSP1,0.13,0.11,0.16,0.05,3546,2.8406633020908436,tow net,lake,2023,9,19.260734642234798,exact_month_year
CRAM,CRAM.AOS.littoral2,2023-09-26,KELSP1,0.12,0.12,0.13,0.06,17,0.7083333333333334,Schindler-Patalas,lake,2023,9,19.260734642234798,exact_month_year
CRAM,CRAM.AOS.buoy.c1,2023-09-26,KERSP,0.12,0.1,0.15,0.06,16288,13.048145477849877,tow net,lake,2023,9,19.260734642234798,exact_month_year
CRAM,CRAM.AOS.littoral1,2023-09-26,KERSP,0.11,0.08,0.14,0.06,1025,42.708333333333336,Schindler-Patalas,lake,2023,9,19.260734642234798,exact_month_year
CRAM,CRAM.AOS.littoral2,2023-09-26,KERSP,0.11,0.09,0.13,0.06,1900,79.16666666666667,Schindler-Patalas,lake,2023,9,19.260734642234798,exact_month_year
CRAM,CRAM.AOS.littoral2,2023-09-26,NOTSP11,0.14,0.13,0.15,0.09,17,0.7083333333333334,Schindler-Patalas,lake,2023,9,19.260734642234798,exact_month_year
CRAM,CRAM.AOS.littoral1,2023-09-26,PLOSP1,0.12,0.11,0.14,0.08,50,2.0833333333333335,Schindler-Patalas,lake,2023,9,19.260734642234798,exact_month_year
CRAM,CRAM.AOS.littoral2,2023-09-26,PLOSP1,0.14,0.14,0.14,0.09,8,0.3333333333333333,Schindler-Patalas,lake,2023,9,19.260734642234798,exact_month_year
CRAM,CRAM.AOS.buoy.c1,2023-09-26,POLSP20,0.12,0.09,0.15,0.07,4875,3.905311223263639,tow net,lake,2023,9,19.260734642234798,exact_month_year
CRAM,CRAM.AOS.littoral1,2023-09-26,POLSP20,0.12,0.08,0.17,0.08,1713,71.375,Schindler-Patalas,lake,2023,9,19.260734642234798,exact_month_year
CRAM,CRAM.AOS.littoral2,2023-09-26,POLSP20,0.1,0.08,0.12,0.06,367,15.291666666666666,Schindler-Patalas,lake,2023,9,19.260734642234798,exact_month_year
CRAM,CRAM.AOS.buoy.c1,2023-09-26,POMSP5,0.1,0.1,0.1,0.07,111,0.0889209324681567,tow net,lake,2023,9,19.260734642234798,exact_month_year
CRAM,CRAM.AOS.littoral1,2023-09-26,POMSP5,0.1,0.08,0.12,0.07,138,5.75,Schindler-Patalas,lake,2023,9,19.260734642234798,exact_month_year
CRAM,CRAM.AOS.littoral2,2023-09-26,POMSP5,0.09,0.07,0.1,0.06,133,5.541666666666667,Schindler-Patalas,lake,2023,9,19.260734642234798,exact_month_year
CRAM,CRAM.AOS.buoy.c1,2023-09-26,SIDSP1,0.11,0.11,0.11,NA,111,0.0889209324681567,tow net,lake,2023,9,19.260734642234798,exact_month_year
CRAM,CRAM.AOS.buoy.c1,2023-09-26,TRISP31,0.22,0.22,0.22,0.1,111,0.0889209324681567,tow net,lake,2023,9,19.260734642234798,exact_month_year
CRAM,CRAM.AOS.littoral2,2023-09-26,TRISP31,0.29,0.21,0.36,0.08,25,1.0416666666666667,Schindler-Patalas,lake,2023,9,19.260734642234798,exact_month_year
CRAM,CRAM.AOS.buoy.c1,2024-04-22,ANUSP1,0.14,0.14,0.14,0.11,25,0.0201450443190975,tow net,lake,2024,4,5.802172361484314,exact_month_year
CRAM,CRAM.AOS.buoy.c1,2024-04-22,ASCSP1,0.23,0.22,0.24,0.18,50,0.040290088638195,tow net,lake,2024,4,5.802172361484314,exact_month_year
CRAM,CRAM.AOS.buoy.c1,2024-04-22,ASPSP4,0.29,0.17,0.47,0.2,75,0.0604351329572925,tow net,lake,2024,4,5.802172361484314,exact_month_year
CRAM,CRAM.AOS.buoy.c1,2024-04-22,BOSSP1,0.31,0.24,0.47,NA,100,0.08058017727639001,tow net,lake,2024,4,5.802172361484314,exact_month_year
CRAM,CRAM.AOS.littoral1,2024-04-22,BOSSP1,0.21,0.11,0.31,NA,50,2.0833333333333335,Schindler-Patalas,lake,2024,4,5.802172361484314,exact_month_year
CRAM,CRAM.AOS.littoral2,2024-04-22,BOSSP1,0.22,0.16,0.27,NA,38,1.5833333333333333,Schindler-Patalas,lake,2024,4,5.802172361484314,exact_month_year
CRAM,CRAM.AOS.littoral1,2024-04-22,BRASP22,0.09,0.06,0.11,0.07,150,6.25,Schindler-Patalas,lake,2024,4,5.802172361484314,exact_month_year
CRAM,CRAM.AOS.buoy.c1,2024-04-22,CALSP1,0.75,0.47,1.2,NA,275,0.22159548751007252,tow net,lake,2024,4,5.802172361484314,exact_month_year
CRAM,CRAM.AOS.littoral1,2024-04-22,CALSP1,0.68,0.37,1.21,NA,125,5.208333333333333,Schindler-Patalas,lake,2024,4,5.802172361484314,exact_month_year
CRAM,CRAM.AOS.littoral2,2024-04-22,CALSP1,0.44,0.22,0.6,NA,313,13.041666666666666,Schindler-Patalas,lake,2024,4,5.802172361484314,exact_month_year
CRAM,CRAM.AOS.littoral1,2024-04-22,COLSP12,0.19,0.16,0.24,0.08,325,13.541666666666666,Schindler-Patalas,lake,2024,4,5.802172361484314,exact_month_year
CRAM,CRAM.AOS.buoy.c1,2024-04-22,CYCSP,0.55,0.41,0.82,NA,275,0.22159548751007252,tow net,lake,2024,4,5.802172361484314,exact_month_year
CRAM,CRAM.AOS.littoral2,2024-04-22,CYCSP,0.48,0.4,0.57,NA,38,1.5833333333333333,Schindler-Patalas,lake,2024,4,5.802172361484314,exact_month_year
CRAM,CRAM.AOS.buoy.c1,2024-04-22,FILSP1,0.19,0.12,0.22,0.08,375,0.3021756647864625,tow net,lake,2024,4,5.802172361484314,exact_month_year
CRAM,CRAM.AOS.littoral2,2024-04-22,GASSP6,0.13,0.13,0.13,0.09,25,1.0416666666666667,Schindler-Patalas,lake,2024,4,5.802172361484314,exact_month_year
CRAM,CRAM.AOS.littoral2,2024-04-22,HEXSP6,0.12,0.11,0.13,0.08,25,1.0416666666666667,Schindler-Patalas,lake,2024,4,5.802172361484314,exact_month_year
CRAM,CRAM.AOS.buoy.c1,2024-04-22,HOLSP5,0.37,0.28,0.51,NA,75,0.0604351329572925,tow net,lake,2024,4,5.802172361484314,exact_month_year
CRAM,CRAM.AOS.littoral2,2024-04-22,HOLSP5,0.36,0.29,0.5,NA,125,5.208333333333333,Schindler-Patalas,lake,2024,4,5.802172361484314,exact_month_year
CRAM,CRAM.AOS.buoy.c1,2024-04-22,KELSP1,0.15,0.1,0.21,0.06,350,0.28203062046736505,tow net,lake,2024,4,5.802172361484314,exact_month_year
CRAM,CRAM.AOS.littoral1,2024-04-22,KELSP1,0.16,0.15,0.17,0.07,50,2.0833333333333335,Schindler-Patalas,lake,2024,4,5.802172361484314,exact_month_year
CRAM,CRAM.AOS.littoral2,2024-04-22,KELSP1,0.13,0.06,0.17,0.05,138,5.75,Schindler-Patalas,lake,2024,4,5.802172361484314,exact_month_year
CRAM,CRAM.AOS.buoy.c1,2024-04-22,KERSP,0.11,0.08,0.14,0.07,5475,4.411764705882353,tow net,lake,2024,4,5.802172361484314,exact_month_year
CRAM,CRAM.AOS.littoral1,2024-04-22,KERSP,0.12,0.08,0.15,0.06,9925,413.5416666666667,Schindler-Patalas,lake,2024,4,5.802172361484314,exact_month_year
CRAM,CRAM.AOS.littoral2,2024-04-22,KERSP,0.11,0.07,0.15,0.06,3213,133.875,Schindler-Patalas,lake,2024,4,5.802172361484314,exact_month_year
CRAM,CRAM.AOS.buoy.c1,2024-04-22,MONSP8,0.09,0.09,0.09,0.08,25,0.0201450443190975,tow net,lake,2024,4,5.802172361484314,exact_month_year
CRAM,CRAM.AOS.littoral2,2024-04-22,MONSP8,0.11,0.1,0.12,0.1,25,1.0416666666666667,Schindler-Patalas,lake,2024,4,5.802172361484314,exact_month_year
CRAM,CRAM.AOS.buoy.c1,2024-04-22,NOTSP11,0.12,0.12,0.14,0.06,125,0.10072522159548752,tow net,lake,2024,4,5.802172361484314,exact_month_year
CRAM,CRAM.AOS.buoy.c1,2024-04-22,POLSP20,0.12,0.09,0.15,0.08,750,0.604351329572925,tow net,lake,2024,4,5.802172361484314,exact_month_year
CRAM,CRAM.AOS.littoral1,2024-04-22,POLSP20,0.14,0.14,0.14,0.08,25,1.0416666666666667,Schindler-Patalas,lake,2024,4,5.802172361484314,exact_month_year
CRAM,CRAM.AOS.littoral2,2024-04-22,POLSP20,0.34,0.34,0.34,0.24,13,0.5416666666666666,Schindler-Patalas,lake,2024,4,5.802172361484314,exact_month_year
CRAM,CRAM.AOS.buoy.c1,2024-04-22,POMSP5,0.14,0.09,0.21,0.1,1275,1.0273972602739727,tow net,lake,2024,4,5.802172361484314,exact_month_year
CRAM,CRAM.AOS.buoy.c1,2024-04-22,TRISP31,0.2,0.18,0.21,0.08,50,0.040290088638195,tow net,lake,2024,4,5.802172361484314,exact_month_year
CRAM,CRAM.AOS.littoral2,2024-07-11,ANUSP1,0.11,0.11,0.11,0.06,25,1.0416666666666667,Schindler-Patalas,lake,2024,7,23.699056777220488,exact_month_year
CRAM,CRAM.AOS.buoy.c1,2024-07-11,ASPSP4,0.68,0.68,0.68,0.32,100,0.07568303943086355,tow net,lake,2024,7,23.699056777220488,exact_month_year
CRAM,CRAM.AOS.littoral1,2024-07-11,ASPSP4,0.46,0.46,0.46,0.31,50,2.0833333333333335,Schindler-Patalas,lake,2024,7,23.699056777220488,exact_month_year
CRAM,CRAM.AOS.buoy.c1,2024-07-11,BOSSP1,0.23,0.18,0.28,NA,200,0.1513660788617271,tow net,lake,2024,7,23.699056777220488,exact_month_year
CRAM,CRAM.AOS.littoral1,2024-07-11,BOSSP1,0.25,0.2,0.29,NA,50,2.0833333333333335,Schindler-Patalas,lake,2024,7,23.699056777220488,exact_month_year
CRAM,CRAM.AOS.littoral2,2024-07-11,BOSSP1,0.21,0.19,0.24,NA,100,4.166666666666667,Schindler-Patalas,lake,2024,7,23.699056777220488,exact_month_year
CRAM,CRAM.AOS.buoy.c1,2024-07-11,CALSP1,0.79,0.52,0.98,NA,15500,11.73087111178385,tow net,lake,2024,7,23.699056777220488,exact_month_year
CRAM,CRAM.AOS.littoral1,2024-07-11,CALSP1,0.36,0.24,0.42,NA,75,3.125,Schindler-Patalas,lake,2024,7,23.699056777220488,exact_month_year
CRAM,CRAM.AOS.buoy.c1,2024-07-11,CHASP13,6.45,5.95,6.95,NA,200,0.1513660788617271,tow net,lake,2024,7,23.699056777220488,exact_month_year
CRAM,CRAM.AOS.buoy.c1,2024-07-11,CHASP4,6.45,5.95,6.95,NA,200,0.1513660788617271,tow net,lake,2024,7,23.699056777220488,exact_month_year
CRAM,CRAM.AOS.buoy.c1,2024-07-11,COLSP12,0.18,0.15,0.21,0.1,700,0.5297812760160449,tow net,lake,2024,7,23.699056777220488,exact_month_year
CRAM,CRAM.AOS.buoy.c1,2024-07-11,CYCSP,0.5,0.31,0.81,NA,3600,2.7245894195110876,tow net,lake,2024,7,23.699056777220488,exact_month_year
CRAM,CRAM.AOS.littoral2,2024-07-11,CYCSP,0.32,0.23,0.52,NA,325,13.541666666666666,Schindler-Patalas,lake,2024,7,23.699056777220488,exact_month_year
CRAM,CRAM.AOS.buoy.c1,2024-07-11,DAPSP1,0.61,0.45,0.98,NA,600,0.4540982365851813,tow net,lake,2024,7,23.699056777220488,exact_month_year
CRAM,CRAM.AOS.buoy.c1,2024-07-11,DIASP10,0.51,0.44,0.58,NA,200,0.1513660788617271,tow net,lake,2024,7,23.699056777220488,exact_month_year
CRAM,CRAM.AOS.buoy.c1,2024-07-11,FILSP1,0.2,0.17,0.24,0.09,5000,3.7841519715431775,tow net,lake,2024,7,23.699056777220488,exact_month_year
CRAM,CRAM.AOS.buoy.c1,2024-07-11,GASSP6,0.13,0.09,0.21,0.08,900,0.6811473548777719,tow net,lake,2024,7,23.699056777220488,exact_month_year
CRAM,CRAM.AOS.littoral1,2024-07-11,GASSP6,0.12,0.11,0.14,0.09,125,5.208333333333333,Schindler-Patalas,lake,2024,7,23.699056777220488,exact_month_year
CRAM,CRAM.AOS.littoral2,2024-07-11,GASSP6,0.11,0.09,0.13,0.09,100,4.166666666666667,Schindler-Patalas,lake,2024,7,23.699056777220488,exact_month_year
CRAM,CRAM.AOS.buoy.c1,2024-07-11,HEXSP6,0.12,0.11,0.13,0.08,300,0.22704911829259064,tow net,lake,2024,7,23.699056777220488,exact_month_year
CRAM,CRAM.AOS.littoral2,2024-07-11,HOLSP5,0.45,0.45,0.45,NA,25,1.0416666666666667,Schindler-Patalas,lake,2024,7,23.699056777220488,exact_month_year
CRAM,CRAM.AOS.buoy.c1,2024-07-11,KELSP1,0.15,0.12,0.19,0.05,2200,1.665026867478998,tow net,lake,2024,7,23.699056777220488,exact_month_year
CRAM,CRAM.AOS.littoral1,2024-07-11,KELSP1,0.13,0.13,0.13,0.07,25,1.0416666666666667,Schindler-Patalas,lake,2024,7,23.699056777220488,exact_month_year
CRAM,CRAM.AOS.buoy.c1,2024-07-11,KERSP,0.11,0.09,0.12,0.07,11100,8.400817376825854,tow net,lake,2024,7,23.699056777220488,exact_month_year
CRAM,CRAM.AOS.littoral1,2024-07-11,KERSP,0.11,0.09,0.13,0.07,5850,243.75,Schindler-Patalas,lake,2024,7,23.699056777220488,exact_month_year
CRAM,CRAM.AOS.littoral2,2024-07-11,KERSP,0.1,0.09,0.11,0.07,4550,189.58333333333337,Schindler-Patalas,lake,2024,7,23.699056777220488,exact_month_year
CRAM,CRAM.AOS.littoral1,2024-07-11,MONSP8,0.25,0.25,0.25,0.18,25,1.0416666666666667,Schindler-Patalas,lake,2024,7,23.699056777220488,exact_month_year
CRAM,CRAM.AOS.buoy.c1,2024-07-11,NOTSP11,0.1,0.07,0.13,0.08,400,0.3027321577234542,tow net,lake,2024,7,23.699056777220488,exact_month_year
CRAM,CRAM.AOS.littoral1,2024-07-11,NOTSP11,0.13,0.13,0.13,0.08,25,1.0416666666666667,Schindler-Patalas,lake,2024,7,23.699056777220488,exact_month_year
CRAM,CRAM.AOS.buoy.c1,2024-07-11,POLSP20,0.15,0.1,0.21,0.09,3500,2.648906380080224,tow net,lake,2024,7,23.699056777220488,exact_month_year
CRAM,CRAM.AOS.littoral1,2024-07-11,POLSP20,0.1,0.09,0.12,0.06,5750,239.58333333333337,Schindler-Patalas,lake,2024,7,23.699056777220488,exact_month_year
CRAM,CRAM.AOS.littoral2,2024-07-11,POLSP20,0.1,0.08,0.12,0.06,4650,193.75,Schindler-Patalas,lake,2024,7,23.699056777220488,exact_month_year
CRAM,CRAM.AOS.buoy.c1,2024-07-11,POMSP5,0.12,0.09,0.15,0.1,1300,0.983879512601226,tow net,lake,2024,7,23.699056777220488,exact_month_year
CRAM,CRAM.AOS.littoral2,2024-07-11,POMSP5,0.13,0.11,0.14,0.1,50,2.0833333333333335,Schindler-Patalas,lake,2024,7,23.699056777220488,exact_month_year
CRAM,CRAM.AOS.littoral1,2024-07-11,SYNSP8,0.14,0.12,0.18,0.09,175,7.291666666666667,Schindler-Patalas,lake,2024,7,23.699056777220488,exact_month_year
CRAM,CRAM.AOS.buoy.c1,2024-07-11,TRISP31,0.19,0.17,0.21,0.09,400,0.3027321577234542,tow net,lake,2024,7,23.699056777220488,exact_month_year
CRAM,CRAM.AOS.littoral2,2024-07-11,TRISP31,0.2,0.14,0.27,0.06,75,3.125,Schindler-Patalas,lake,2024,7,23.699056777220488,exact_month_year
CRAM,CRAM.AOS.buoy.c1,2024-07-11,TRISP32,0.3,0.25,0.34,0.17,200,0.1513660788617271,tow net,lake,2024,7,23.699056777220488,exact_month_year
CRAM,CRAM.AOS.littoral1,2024-07-11,TRISP32,0.19,0.14,0.22,0.09,350,14.583333333333334,Schindler-Patalas,lake,2024,7,23.699056777220488,exact_month_year
CRAM,CRAM.AOS.littoral2,2024-07-11,TYLSP1,0.17,0.17,0.17,0.1,25,1.0416666666666667,Schindler-Patalas,lake,2024,7,23.699056777220488,exact_month_year
CRAM,CRAM.AOS.littoral1,2024-09-16,ANUSP1,0.12,0.1,0.13,0.06,36,1.5,Schindler-Patalas,lake,2024,9,20.896822123719456,exact_month_year
CRAM,CRAM.AOS.littoral2,2024-09-16,ASCSP1,0.1,0.09,0.11,0.07,231,9.625,Schindler-Patalas,lake,2024,9,20.896822123719456,exact_month_year
CRAM,CRAM.AOS.buoy.c1,2024-09-16,BOSSP1,0.3,0.17,0.41,NA,8979,7.454545454545454,tow net,lake,2024,9,20.896822123719456,exact_month_year
CRAM,CRAM.AOS.littoral1,2024-09-16,BOSSP1,0.28,0.2,0.37,NA,39,1.625,Schindler-Patalas,lake,2024,9,20.896822123719456,exact_month_year
CRAM,CRAM.AOS.littoral2,2024-09-16,BOSSP1,0.25,0.19,0.36,NA,294,12.25,Schindler-Patalas,lake,2024,9,20.896822123719456,exact_month_year
CRAM,CRAM.AOS.littoral2,2024-09-16,BRASP22,0.11,0.11,0.11,0.06,11,0.4583333333333333,Schindler-Patalas,lake,2024,9,20.896822123719456,exact_month_year
CRAM,CRAM.AOS.littoral1,2024-09-16,CALSP1,0.48,0.34,0.53,NA,93,3.875,Schindler-Patalas,lake,2024,9,20.896822123719456,exact_month_year
CRAM,CRAM.AOS.littoral2,2024-09-16,CALSP1,0.6,0.37,0.86,NA,32,1.3333333333333333,Schindler-Patalas,lake,2024,9,20.896822123719456,exact_month_year
CRAM,CRAM.AOS.buoy.c1,2024-09-16,CHASP4,10.97,10.97,10.97,NA,123,0.10211706102117062,tow net,lake,2024,9,20.896822123719456,exact_month_year
CRAM,CRAM.AOS.littoral2,2024-09-16,CHISP2,0.95,0.95,0.95,NA,11,0.4583333333333333,Schindler-Patalas,lake,2024,9,20.896822123719456,exact_month_year
CRAM,CRAM.AOS.littoral1,2024-09-16,COLSP12,0.15,0.12,0.18,0.05,24,1,Schindler-Patalas,lake,2024,9,20.896822123719456,exact_month_year
CRAM,CRAM.AOS.littoral2,2024-09-16,COLSP12,0.35,0.35,0.35,0.08,53,2.2083333333333335,Schindler-Patalas,lake,2024,9,20.896822123719456,exact_month_year
CRAM,CRAM.AOS.littoral1,2024-09-16,CONSP8,0.17,0.17,0.17,0.07,3,0.125,Schindler-Patalas,lake,2024,9,20.896822123719456,exact_month_year
CRAM,CRAM.AOS.buoy.c1,2024-09-16,CYCSP,0.45,0.3,0.67,NA,2583,2.144458281444583,tow net,lake,2024,9,20.896822123719456,exact_month_year
CRAM,CRAM.AOS.littoral1,2024-09-16,CYCSP,0.93,0.91,0.95,NA,30,1.25,Schindler-Patalas,lake,2024,9,20.896822123719456,exact_month_year
CRAM,CRAM.AOS.littoral2,2024-09-16,CYCSP,0.49,0.39,0.54,NA,74,3.0833333333333335,Schindler-Patalas,lake,2024,9,20.896822123719456,exact_month_year
CRAM,CRAM.AOS.littoral1,2024-09-16,DAPSP1,0.84,0.68,0.92,NA,78,3.25,Schindler-Patalas,lake,2024,9,20.896822123719456,exact_month_year
CRAM,CRAM.AOS.littoral1,2024-09-16,DIASP10,0.58,0.47,0.79,NA,75,3.125,Schindler-Patalas,lake,2024,9,20.896822123719456,exact_month_year
CRAM,CRAM.AOS.littoral2,2024-09-16,EURSP6,0.88,0.88,0.88,NA,11,0.4583333333333333,Schindler-Patalas,lake,2024,9,20.896822123719456,exact_month_year
CRAM,CRAM.AOS.littoral2,2024-09-16,HEXSP6,0.13,0.13,0.13,0.07,21,0.875,Schindler-Patalas,lake,2024,9,20.896822123719456,exact_month_year
CRAM,CRAM.AOS.buoy.c1,2024-09-16,KELSP1,0.11,0.11,0.11,0.05,246,0.20423412204234123,tow net,lake,2024,9,20.896822123719456,exact_month_year
CRAM,CRAM.AOS.littoral2,2024-09-16,KELSP1,0.22,0.22,0.22,0.06,11,0.4583333333333333,Schindler-Patalas,lake,2024,9,20.896822123719456,exact_month_year
CRAM,CRAM.AOS.buoy.c1,2024-09-16,KERSP,0.11,0.08,0.14,0.07,20049,16.64508094645081,tow net,lake,2024,9,20.896822123719456,exact_month_year
CRAM,CRAM.AOS.littoral1,2024-09-16,KERSP,0.16,0.11,0.22,0.06,456,19,Schindler-Patalas,lake,2024,9,20.896822123719456,exact_month_year
CRAM,CRAM.AOS.littoral2,2024-09-16,KERSP,0.11,0.08,0.13,0.06,1859,77.45833333333333,Schindler-Patalas,lake,2024,9,20.896822123719456,exact_month_year
CRAM,CRAM.AOS.littoral2,2024-09-16,LECSP1,0.07,0.07,0.07,0.09,11,0.4583333333333333,Schindler-Patalas,lake,2024,9,20.896822123719456,exact_month_year
CRAM,CRAM.AOS.littoral2,2024-09-16,PLOSP1,0.14,0.14,0.14,0.13,11,0.4583333333333333,Schindler-Patalas,lake,2024,9,20.896822123719456,exact_month_year
CRAM,CRAM.AOS.buoy.c1,2024-09-16,POLSP20,0.14,0.07,0.22,0.09,3198,2.655043586550436,tow net,lake,2024,9,20.896822123719456,exact_month_year
CRAM,CRAM.AOS.littoral1,2024-09-16,POLSP20,0.12,0.08,0.22,0.07,192,8,Schindler-Patalas,lake,2024,9,20.896822123719456,exact_month_year
CRAM,CRAM.AOS.littoral2,2024-09-16,POLSP20,0.12,0.07,0.2,0.08,378,15.75,Schindler-Patalas,lake,2024,9,20.896822123719456,exact_month_year
CRAM,CRAM.AOS.buoy.c1,2024-09-16,POMSP5,0.09,0.08,0.1,0.06,861,0.7148194271481942,tow net,lake,2024,9,20.896822123719456,exact_month_year
CRAM,CRAM.AOS.littoral2,2024-09-16,POMSP5,0.08,0.08,0.08,0.1,21,0.875,Schindler-Patalas,lake,2024,9,20.896822123719456,exact_month_year
CRAM,CRAM.AOS.littoral1,2024-09-16,STESP21,0.37,0.31,0.42,NA,6,0.25,Schindler-Patalas,lake,2024,9,20.896822123719456,exact_month_year
CRAM,CRAM.AOS.buoy.c1,2024-09-16,TRISP31,0.18,0.18,0.18,0.11,123,0.10211706102117062,tow net,lake,2024,9,20.896822123719456,exact_month_year
CRAM,CRAM.AOS.littoral2,2024-09-16,TRISP31,0.35,0.33,0.37,0.11,32,1.3333333333333333,Schindler-Patalas,lake,2024,9,20.896822123719456,exact_month_year
LIRO,LIRO.AOS.buoy.c0,2017-04-24,ASCSAL,0.133,0.125,0.15,NA,7609,6.394655013026305,tow net,lake,2017,4,8.078658155241492,same_month_all_years
LIRO,LIRO.AOS.littoral1,2017-04-24,ASCSAL,0.15,0.15,0.15,NA,431,17.958333333333332,Schindler-Patalas,lake,2017,4,8.078658155241492,same_month_all_years
LIRO,LIRO.AOS.littoral2,2017-04-24,ASCSAL,0.145,0.125,0.15,NA,1021,42.541666666666664,Schindler-Patalas,lake,2017,4,8.078658155241492,same_month_all_years
LIRO,LIRO.AOS.buoy.c0,2017-04-24,CALSP1,0.425,0.425,0.425,NA,1087,0.9135221447180436,tow net,lake,2017,4,8.078658155241492,same_month_all_years
LIRO,LIRO.AOS.littoral1,2017-04-24,CALSP1,0.425,0.4,0.45,NA,135,5.625,Schindler-Patalas,lake,2017,4,8.078658155241492,same_month_all_years
LIRO,LIRO.AOS.littoral2,2017-04-24,CALSP1,0.475,0.475,0.475,NA,19,0.7916666666666666,Schindler-Patalas,lake,2017,4,8.078658155241492,same_month_all_years
LIRO,LIRO.AOS.buoy.c0,2017-04-24,CONSP8,0.175,0.175,0.175,0.1,217,0.18236826624086055,tow net,lake,2017,4,8.078658155241492,same_month_all_years
LIRO,LIRO.AOS.littoral1,2017-04-24,CONSP8,NA,NA,NA,NA,27,1.125,Schindler-Patalas,lake,2017,4,8.078658155241492,same_month_all_years
LIRO,LIRO.AOS.buoy.c0,2017-04-24,CONUNI,0.13,0.1,0.15,0.07,91957,77.2812841415245,tow net,lake,2017,4,8.078658155241492,same_month_all_years
LIRO,LIRO.AOS.littoral1,2017-04-24,CONUNI,0.134,0.1,0.15,NA,9784,407.6666666666667,Schindler-Patalas,lake,2017,4,8.078658155241492,same_month_all_years
LIRO,LIRO.AOS.littoral2,2017-04-24,CONUNI,0.134,0.1,0.15,0.07,4802,200.08333333333337,Schindler-Patalas,lake,2017,4,8.078658155241492,same_month_all_years
LIRO,LIRO.AOS.buoy.c0,2017-04-24,CYCSP,0.644,0.375,0.95,NA,2609,2.1926212286746782,tow net,lake,2017,4,8.078658155241492,same_month_all_years
LIRO,LIRO.AOS.littoral1,2017-04-24,CYCSP,0.85,0.85,0.85,NA,27,1.125,Schindler-Patalas,lake,2017,4,8.078658155241492,same_month_all_years
LIRO,LIRO.AOS.littoral2,2017-04-24,CYCSP,0.413,0.4,0.425,NA,76,3.1666666666666665,Schindler-Patalas,lake,2017,4,8.078658155241492,same_month_all_years
LIRO,LIRO.AOS.littoral1,2017-04-24,DAPSP1,0.825,0.825,0.825,NA,27,1.125,Schindler-Patalas,lake,2017,4,8.078658155241492,same_month_all_years
LIRO,LIRO.AOS.littoral2,2017-04-24,DIASP,1.025,1.025,1.025,NA,19,0.7916666666666666,Schindler-Patalas,lake,2017,4,8.078658155241492,same_month_all_years
LIRO,LIRO.AOS.buoy.c0,2017-04-24,GASSP6,0.118,0.1,0.125,NA,8261,6.942600218505756,tow net,lake,2017,4,8.078658155241492,same_month_all_years
LIRO,LIRO.AOS.littoral1,2017-04-24,GASSP6,0.125,0.125,0.125,NA,189,7.875,Schindler-Patalas,lake,2017,4,8.078658155241492,same_month_all_years
LIRO,LIRO.AOS.littoral2,2017-04-24,GASSP6,0.121,0.1,0.125,NA,246,10.25,Schindler-Patalas,lake,2017,4,8.078658155241492,same_month_all_years
LIRO,LIRO.AOS.buoy.c0,2017-04-24,HOLGIB,0.55,0.55,0.55,NA,217,0.18236826624086055,tow net,lake,2017,4,8.078658155241492,same_month_all_years
LIRO,LIRO.AOS.littoral2,2017-04-24,HOLGIB,0.55,0.55,0.55,NA,38,1.5833333333333333,Schindler-Patalas,lake,2017,4,8.078658155241492,same_month_all_years
LIRO,LIRO.AOS.buoy.c0,2017-04-24,KELBOS,0.1,0.1,0.1,NA,217,0.18236826624086055,tow net,lake,2017,4,8.078658155241492,same_month_all_years
LIRO,LIRO.AOS.buoy.c0,2017-04-24,KELLON,0.125,0.125,0.125,NA,652,0.547945205479452,tow net,lake,2017,4,8.078658155241492,same_month_all_years
LIRO,LIRO.AOS.littoral2,2017-04-24,KELLON,0.125,0.125,0.125,NA,57,2.375,Schindler-Patalas,lake,2017,4,8.078658155241492,same_month_all_years
LIRO,LIRO.AOS.buoy.c0,2017-04-24,KERCRA,0.2,0.2,0.2,NA,435,0.3655769392385914,tow net,lake,2017,4,8.078658155241492,same_month_all_years
LIRO,LIRO.AOS.littoral1,2017-04-24,KERCRA,0.2,0.2,0.2,NA,189,7.875,Schindler-Patalas,lake,2017,4,8.078658155241492,same_month_all_years
LIRO,LIRO.AOS.littoral2,2017-04-24,KERCRA,0.2,0.2,0.2,NA,132,5.5,Schindler-Patalas,lake,2017,4,8.078658155241492,same_month_all_years
LIRO,LIRO.AOS.buoy.c0,2017-04-24,KERHIE,0.125,0.125,0.125,NA,17391,14.615513908731826,tow net,lake,2017,4,8.078658155241492,same_month_all_years
LIRO,LIRO.AOS.littoral1,2017-04-24,KERHIE,0.125,0.125,0.125,NA,27,1.125,Schindler-Patalas,lake,2017,4,8.078658155241492,same_month_all_years
LIRO,LIRO.AOS.littoral2,2017-04-24,KERHIE,0.1,0.1,0.1,NA,19,0.7916666666666666,Schindler-Patalas,lake,2017,4,8.078658155241492,same_month_all_years
LIRO,LIRO.AOS.buoy.c0,2017-04-24,KERTAU,0.2,0.2,0.2,NA,870,0.7311538784771829,tow net,lake,2017,4,8.078658155241492,same_month_all_years
LIRO,LIRO.AOS.littoral1,2017-04-24,KERTAU,0.2,0.2,0.2,NA,189,7.875,Schindler-Patalas,lake,2017,4,8.078658155241492,same_month_all_years
LIRO,LIRO.AOS.littoral2,2017-04-24,KERTAU,0.225,0.225,0.225,NA,19,0.7916666666666666,Schindler-Patalas,lake,2017,4,8.078658155241492,same_month_all_years
LIRO,LIRO.AOS.buoy.c0,2017-04-24,LEPMIN,0.988,0.975,1,NA,435,0.3655769392385914,tow net,lake,2017,4,8.078658155241492,same_month_all_years
LIRO,LIRO.AOS.buoy.c0,2017-04-24,POLSP20,0.115,0.1,0.125,NA,15870,13.33725523153206,tow net,lake,2017,4,8.078658155241492,same_month_all_years
LIRO,LIRO.AOS.littoral2,2017-04-24,POLSP20,0.111,0.1,0.125,NA,132,5.5,Schindler-Patalas,lake,2017,4,8.078658155241492,same_month_all_years
LIRO,LIRO.AOS.buoy.c0,2017-04-24,SYNSP8,0.218,0.15,0.3,NA,6087,5.11555592906967,tow net,lake,2017,4,8.078658155241492,same_month_all_years
LIRO,LIRO.AOS.littoral2,2017-04-24,SYNSP8,0.213,0.175,0.25,NA,113,4.708333333333333,Schindler-Patalas,lake,2017,4,8.078658155241492,same_month_all_years
LIRO,LIRO.AOS.buoy.c0,2017-04-24,TRIELO,0.3,0.3,0.3,0.08,652,0.547945205479452,tow net,lake,2017,4,8.078658155241492,same_month_all_years
LIRO,LIRO.AOS.buoy.c0,2017-04-24,TROPRA1,0.525,0.525,0.525,NA,435,0.3655769392385914,tow net,lake,2017,4,8.078658155241492,same_month_all_years
LIRO,LIRO.AOS.littoral1,2017-07-19,ASPPRI,0.52,0.45,0.55,NA,90,3.75,Schindler-Patalas,lake,2017,7,24.822308286963324,same_month_all_years
LIRO,LIRO.AOS.littoral2,2017-07-19,ASPPRI,0.5,0.45,0.55,NA,120,5,Schindler-Patalas,lake,2017,7,24.822308286963324,same_month_all_years
LIRO,LIRO.AOS.buoy.c0,2017-07-19,ASPSP4,0.2,0.2,0.2,NA,3000,3.161222339304531,tow net,lake,2017,7,24.822308286963324,same_month_all_years
LIRO,LIRO.AOS.littoral1,2017-07-19,CALSP1,0.4,0.38,0.43,NA,60,2.5,Schindler-Patalas,lake,2017,7,24.822308286963324,same_month_all_years
LIRO,LIRO.AOS.buoy.c0,2017-07-19,CONSP8,0.15,0.13,0.18,0.08,6000,6.322444678609062,tow net,lake,2017,7,24.822308286963324,same_month_all_years
LIRO,LIRO.AOS.buoy.c0,2017-07-19,CONUNI,0.19,0.13,0.25,0.06,12000,12.644889357218124,tow net,lake,2017,7,24.822308286963324,same_month_all_years
LIRO,LIRO.AOS.littoral1,2017-07-19,CONUNI,0.08,0.08,0.08,0.05,30,1.25,Schindler-Patalas,lake,2017,7,24.822308286963324,same_month_all_years
LIRO,LIRO.AOS.littoral2,2017-07-19,CONUNI,0.28,0.25,0.33,0.06,280,11.666666666666666,Schindler-Patalas,lake,2017,7,24.822308286963324,same_month_all_years
LIRO,LIRO.AOS.buoy.c0,2017-07-19,CYCSP,0.6,0.6,0.6,NA,3000,3.161222339304531,tow net,lake,2017,7,24.822308286963324,same_month_all_years
LIRO,LIRO.AOS.littoral2,2017-07-19,CYCSP,0.65,0.45,0.8,NA,120,5,Schindler-Patalas,lake,2017,7,24.822308286963324,same_month_all_years
LIRO,LIRO.AOS.buoy.c0,2017-07-19,DAPSP1,0.75,0.75,0.75,NA,3000,3.161222339304531,tow net,lake,2017,7,24.822308286963324,same_month_all_years
LIRO,LIRO.AOS.buoy.c0,2017-07-19,DIASP,0.95,0.95,0.95,NA,3000,3.161222339304531,tow net,lake,2017,7,24.822308286963324,same_month_all_years
LIRO,LIRO.AOS.littoral2,2017-07-19,DIASP10,0.58,0.58,0.58,NA,40,1.6666666666666667,Schindler-Patalas,lake,2017,7,24.822308286963324,same_month_all_years
LIRO,LIRO.AOS.littoral1,2017-07-19,GASSTY,0.08,0.08,0.08,NA,30,1.25,Schindler-Patalas,lake,2017,7,24.822308286963324,same_month_all_years
LIRO,LIRO.AOS.littoral2,2017-07-19,GASSTY,0.08,0.08,0.08,NA,80,3.3333333333333335,Schindler-Patalas,lake,2017,7,24.822308286963324,same_month_all_years
LIRO,LIRO.AOS.littoral2,2017-07-19,HOLGIB,0.65,0.43,0.93,NA,280,11.666666666666666,Schindler-Patalas,lake,2017,7,24.822308286963324,same_month_all_years
LIRO,LIRO.AOS.buoy.c0,2017-07-19,KELLON,0.16,0.15,0.18,NA,204000,214.9631190727081,tow net,lake,2017,7,24.822308286963324,same_month_all_years
LIRO,LIRO.AOS.buoy.c0,2017-07-19,KERSP,0.13,0.13,0.13,NA,165000,173.8672286617492,tow net,lake,2017,7,24.822308286963324,same_month_all_years
LIRO,LIRO.AOS.buoy.c0,2017-07-19,KERTAU,0.18,0.18,0.2,NA,54000,56.90200210748156,tow net,lake,2017,7,24.822308286963324,same_month_all_years
LIRO,LIRO.AOS.littoral1,2017-07-19,KERTAU,0.19,0.18,0.2,NA,6570,273.75,Schindler-Patalas,lake,2017,7,24.822308286963324,same_month_all_years
LIRO,LIRO.AOS.littoral2,2017-07-19,KERTAU,0.18,0.18,0.2,NA,7480,311.6666666666667,Schindler-Patalas,lake,2017,7,24.822308286963324,same_month_all_years
LIRO,LIRO.AOS.littoral1,2017-07-19,LEPMIN,0.87,0.75,0.9,NA,180,7.5,Schindler-Patalas,lake,2017,7,24.822308286963324,same_month_all_years
LIRO,LIRO.AOS.littoral2,2017-07-19,LEPMIN,0.93,0.93,0.93,NA,40,1.6666666666666667,Schindler-Patalas,lake,2017,7,24.822308286963324,same_month_all_years
LIRO,LIRO.AOS.littoral1,2017-07-19,PLOLEN,0.14,0.13,0.15,NA,210,8.75,Schindler-Patalas,lake,2017,7,24.822308286963324,same_month_all_years
LIRO,LIRO.AOS.littoral2,2017-07-19,PLOLEN,0.11,0.1,0.13,NA,200,8.333333333333334,Schindler-Patalas,lake,2017,7,24.822308286963324,same_month_all_years
LIRO,LIRO.AOS.buoy.c0,2017-07-19,POLSP20,0.1,0.1,0.13,NA,186000,195.99578503688093,tow net,lake,2017,7,24.822308286963324,same_month_all_years
LIRO,LIRO.AOS.littoral1,2017-07-19,POLSP20,0.1,0.1,0.1,NA,390,16.25,Schindler-Patalas,lake,2017,7,24.822308286963324,same_month_all_years
LIRO,LIRO.AOS.littoral2,2017-07-19,POLSP20,0.1,0.1,0.13,NA,680,28.333333333333332,Schindler-Patalas,lake,2017,7,24.822308286963324,same_month_all_years
LIRO,LIRO.AOS.littoral1,2017-07-19,TRISP31,0.2,0.2,0.2,0.09,120,5,Schindler-Patalas,lake,2017,7,24.822308286963324,same_month_all_years
LIRO,LIRO.AOS.littoral2,2017-07-19,TRISP31,0.2,0.2,0.2,0.08,40,1.6666666666666667,Schindler-Patalas,lake,2017,7,24.822308286963324,same_month_all_years
LIRO,LIRO.AOS.littoral1,2017-07-19,TROPRA1,0.5,0.4,0.55,NA,120,5,Schindler-Patalas,lake,2017,7,24.822308286963324,same_month_all_years
LIRO,LIRO.AOS.littoral2,2017-07-19,TROPRA1,0.54,0.43,0.7,NA,160,6.666666666666667,Schindler-Patalas,lake,2017,7,24.822308286963324,same_month_all_years
LIRO,LIRO.AOS.buoy.c0,2017-09-06,ACASP1,0.43,0.43,0.43,NA,400,0.4214963119072708,tow net,lake,2017,9,19.475590937786713,same_month_all_years
LIRO,LIRO.AOS.littoral1,2017-09-06,ACASP1,0.47,0.3,0.63,NA,12,0.5,Schindler-Patalas,lake,2017,9,19.475590937786713,same_month_all_years
LIRO,LIRO.AOS.buoy.c0,2017-09-06,ASCECA,0.13,0.13,0.13,NA,800,0.8429926238145417,tow net,lake,2017,9,19.475590937786713,same_month_all_years
LIRO,LIRO.AOS.buoy.c0,2017-09-06,ASCOVA,0.08,0.08,0.08,NA,400,0.4214963119072708,tow net,lake,2017,9,19.475590937786713,same_month_all_years
LIRO,LIRO.AOS.buoy.c0,2017-09-06,CALSP1,0.53,0.35,0.75,NA,3200,3.3719704952581666,tow net,lake,2017,9,19.475590937786713,same_month_all_years
LIRO,LIRO.AOS.littoral1,2017-09-06,CALSP1,0.5,0.38,0.75,NA,40,1.6666666666666667,Schindler-Patalas,lake,2017,9,19.475590937786713,same_month_all_years
LIRO,LIRO.AOS.littoral2,2017-09-06,CALSP1,0.59,0.4,0.75,NA,8,0.3333333333333333,Schindler-Patalas,lake,2017,9,19.475590937786713,same_month_all_years
LIRO,LIRO.AOS.buoy.c0,2017-09-06,CYCSP,0.44,0.33,0.68,NA,5600,5.900948366701791,tow net,lake,2017,9,19.475590937786713,same_month_all_years
LIRO,LIRO.AOS.littoral1,2017-09-06,CYCSP,0.46,0.3,0.68,NA,4,0.16666666666666666,Schindler-Patalas,lake,2017,9,19.475590937786713,same_month_all_years
LIRO,LIRO.AOS.buoy.c0,2017-09-06,DAPPUL1,0.75,0.7,0.8,NA,1600,1.6859852476290833,tow net,lake,2017,9,19.475590937786713,same_month_all_years
LIRO,LIRO.AOS.littoral2,2017-09-06,DAPPUL1,0.83,0.83,0.83,NA,1,0.04166666666666666,Schindler-Patalas,lake,2017,9,19.475590937786713,same_month_all_years
LIRO,LIRO.AOS.buoy.c0,2017-09-06,DAPSP1,1.34,1.18,1.5,NA,1200,1.2644889357218123,tow net,lake,2017,9,19.475590937786713,same_month_all_years
LIRO,LIRO.AOS.littoral2,2017-09-06,DAPSP1,1.08,1.08,1.08,NA,1,0.04166666666666666,Schindler-Patalas,lake,2017,9,19.475590937786713,same_month_all_years
LIRO,LIRO.AOS.buoy.c0,2017-09-06,DIASP10,0.93,0.93,0.93,NA,400,0.4214963119072708,tow net,lake,2017,9,19.475590937786713,same_month_all_years
LIRO,LIRO.AOS.littoral1,2017-09-06,DIASP10,0.59,0.35,0.83,NA,98,4.083333333333333,Schindler-Patalas,lake,2017,9,19.475590937786713,same_month_all_years
LIRO,LIRO.AOS.littoral2,2017-09-06,DIASP10,0.7,0.38,0.85,NA,66,2.75,Schindler-Patalas,lake,2017,9,19.475590937786713,same_month_all_years
LIRO,LIRO.AOS.littoral2,2017-09-06,EUCSP7,0.16,0.15,0.18,NA,2,0.08333333333333333,Schindler-Patalas,lake,2017,9,19.475590937786713,same_month_all_years
LIRO,LIRO.AOS.buoy.c0,2017-09-06,GASHYP,0.1,0.08,0.1,NA,3200,3.3719704952581666,tow net,lake,2017,9,19.475590937786713,same_month_all_years
LIRO,LIRO.AOS.littoral1,2017-09-06,GASSTY,0.1,0.1,0.1,NA,1,0.04166666666666666,Schindler-Patalas,lake,2017,9,19.475590937786713,same_month_all_years
LIRO,LIRO.AOS.littoral1,2017-09-06,HOLGIB,0.75,0.75,0.75,NA,2,0.08333333333333333,Schindler-Patalas,lake,2017,9,19.475590937786713,same_month_all_years
LIRO,LIRO.AOS.littoral2,2017-09-06,HOLGIB,0.95,0.95,0.95,NA,1,0.04166666666666666,Schindler-Patalas,lake,2017,9,19.475590937786713,same_month_all_years
LIRO,LIRO.AOS.buoy.c0,2017-09-06,KELBOS,0.13,0.13,0.13,NA,4400,4.636459430979979,tow net,lake,2017,9,19.475590937786713,same_month_all_years
LIRO,LIRO.AOS.buoy.c0,2017-09-06,KELLON,0.15,0.15,0.15,NA,39600,41.72813487881981,tow net,lake,2017,9,19.475590937786713,same_month_all_years
LIRO,LIRO.AOS.littoral1,2017-09-06,KELLON,0.15,0.15,0.15,NA,62,2.5833333333333335,Schindler-Patalas,lake,2017,9,19.475590937786713,same_month_all_years
LIRO,LIRO.AOS.littoral2,2017-09-06,KELLON,0.15,0.15,0.15,NA,5,0.20833333333333337,Schindler-Patalas,lake,2017,9,19.475590937786713,same_month_all_years
LIRO,LIRO.AOS.buoy.c0,2017-09-06,KERTAU,0.19,0.18,0.23,NA,14400,15.173867228661749,tow net,lake,2017,9,19.475590937786713,same_month_all_years
LIRO,LIRO.AOS.littoral1,2017-09-06,KERTAU,0.19,0.18,0.23,NA,42,1.75,Schindler-Patalas,lake,2017,9,19.475590937786713,same_month_all_years
LIRO,LIRO.AOS.littoral2,2017-09-06,KERTAU,0.2,0.18,0.23,NA,101,4.208333333333333,Schindler-Patalas,lake,2017,9,19.475590937786713,same_month_all_years
LIRO,LIRO.AOS.littoral2,2017-09-06,LECSP1,0.1,0.1,0.1,NA,1,0.04166666666666666,Schindler-Patalas,lake,2017,9,19.475590937786713,same_month_all_years
LIRO,LIRO.AOS.buoy.c0,2017-09-06,LEPMIN,0.83,0.83,0.83,NA,400,0.4214963119072708,tow net,lake,2017,9,19.475590937786713,same_month_all_years
LIRO,LIRO.AOS.littoral1,2017-09-06,LEPMIN,0.88,0.8,1.03,NA,7,0.2916666666666667,Schindler-Patalas,lake,2017,9,19.475590937786713,same_month_all_years
LIRO,LIRO.AOS.littoral2,2017-09-06,LEPMIN,0.94,0.8,1.08,NA,18,0.75,Schindler-Patalas,lake,2017,9,19.475590937786713,same_month_all_years
LIRO,LIRO.AOS.buoy.c0,2017-09-06,MESEDA,1.04,0.75,1.28,NA,1200,1.2644889357218123,tow net,lake,2017,9,19.475590937786713,same_month_all_years
LIRO,LIRO.AOS.littoral1,2017-09-06,MESEDA,1.05,0.9,1.2,NA,2,0.08333333333333333,Schindler-Patalas,lake,2017,9,19.475590937786713,same_month_all_years
LIRO,LIRO.AOS.littoral1,2017-09-06,MONBUL,0.13,0.13,0.13,NA,1,0.04166666666666666,Schindler-Patalas,lake,2017,9,19.475590937786713,same_month_all_years
LIRO,LIRO.AOS.littoral1,2017-09-06,POLPED,0.66,0.5,0.8,NA,12,0.5,Schindler-Patalas,lake,2017,9,19.475590937786713,same_month_all_years
LIRO,LIRO.AOS.littoral2,2017-09-06,POLPED,0.66,0.35,0.9,NA,4,0.16666666666666666,Schindler-Patalas,lake,2017,9,19.475590937786713,same_month_all_years
LIRO,LIRO.AOS.buoy.c0,2017-09-06,POLSP20,0.08,0.08,0.1,NA,22000,23.182297154899896,tow net,lake,2017,9,19.475590937786713,same_month_all_years
LIRO,LIRO.AOS.littoral1,2017-09-06,POLSP20,0.1,0.1,0.13,NA,14,0.5833333333333334,Schindler-Patalas,lake,2017,9,19.475590937786713,same_month_all_years
LIRO,LIRO.AOS.littoral2,2017-09-06,SIDCRY,1.21,1,1.38,NA,3,0.125,Schindler-Patalas,lake,2017,9,19.475590937786713,same_month_all_years
LIRO,LIRO.AOS.buoy.c0,2017-09-06,TROPRA1,0.49,0.45,0.53,NA,800,0.8429926238145417,tow net,lake,2017,9,19.475590937786713,same_month_all_years
LIRO,LIRO.AOS.littoral1,2017-09-06,TROPRA1,0.49,0.45,0.55,NA,3,0.125,Schindler-Patalas,lake,2017,9,19.475590937786713,same_month_all_years
LIRO,LIRO.AOS.littoral2,2017-09-06,TROPRA1,0.5,0.45,0.55,NA,6,0.25,Schindler-Patalas,lake,2017,9,19.475590937786713,same_month_all_years
LIRO,LIRO.AOS.littoral1,2018-05-17,BEASP1,0.25,0.25,0.25,NA,10,0.4166666666666667,Schindler-Patalas,lake,2018,5,15.07101210551717,same_month_all_years
LIRO,LIRO.AOS.littoral1,2018-05-17,CALSP1,0.49,0.38,0.75,NA,620,25.833333333333332,Schindler-Patalas,lake,2018,5,15.07101210551717,same_month_all_years
LIRO,LIRO.AOS.littoral2,2018-05-17,CALSP1,0.48,0.38,0.68,NA,1160,48.333333333333336,Schindler-Patalas,lake,2018,5,15.07101210551717,same_month_all_years
LIRO,LIRO.AOS.buoy.c0,2018-05-17,CONSP8,0.11,0.08,0.15,0.09,18400,35.0076103500761,tow net,lake,2018,5,15.07101210551717,same_month_all_years
LIRO,LIRO.AOS.littoral1,2018-05-17,CONSP8,0.15,0.13,0.18,0.11,60,2.5,Schindler-Patalas,lake,2018,5,15.07101210551717,same_month_all_years
LIRO,LIRO.AOS.littoral2,2018-05-17,CONSP8,0.12,0.08,0.15,0.1,300,12.5,Schindler-Patalas,lake,2018,5,15.07101210551717,same_month_all_years
LIRO,LIRO.AOS.littoral1,2018-05-17,CONUNI,0.1,0.08,0.13,0.05,540,22.5,Schindler-Patalas,lake,2018,5,15.07101210551717,same_month_all_years
LIRO,LIRO.AOS.littoral2,2018-05-17,CONUNI,0.1,0.08,0.13,0.05,310,12.916666666666666,Schindler-Patalas,lake,2018,5,15.07101210551717,same_month_all_years
LIRO,LIRO.AOS.buoy.c0,2018-05-17,CYCSP,0.56,0.4,0.8,NA,10400,19.7869101978691,tow net,lake,2018,5,15.07101210551717,same_month_all_years
LIRO,LIRO.AOS.littoral1,2018-05-17,CYCSP,0.6,0.6,0.6,NA,10,0.4166666666666667,Schindler-Patalas,lake,2018,5,15.07101210551717,same_month_all_years
LIRO,LIRO.AOS.littoral2,2018-05-17,CYCSP,0.67,0.45,0.83,NA,70,2.9166666666666665,Schindler-Patalas,lake,2018,5,15.07101210551717,same_month_all_years
LIRO,LIRO.AOS.buoy.c0,2018-05-17,DIASP,1.08,1.05,1.1,NA,1600,3.0441400304414,tow net,lake,2018,5,15.07101210551717,same_month_all_years
LIRO,LIRO.AOS.littoral1,2018-05-17,DIASP10,0.43,0.43,0.43,NA,10,0.4166666666666667,Schindler-Patalas,lake,2018,5,15.07101210551717,same_month_all_years
LIRO,LIRO.AOS.buoy.c0,2018-05-17,DIATHO,1,0.93,1.08,NA,1600,3.0441400304414,tow net,lake,2018,5,15.07101210551717,same_month_all_years
LIRO,LIRO.AOS.buoy.c0,2018-05-17,GASSTY,0.1,0.1,0.1,NA,800,1.5220700152207,tow net,lake,2018,5,15.07101210551717,same_month_all_years
LIRO,LIRO.AOS.buoy.c0,2018-05-17,KELBOS,0.13,0.13,0.13,NA,2400,4.566210045662101,tow net,lake,2018,5,15.07101210551717,same_month_all_years
LIRO,LIRO.AOS.buoy.c0,2018-05-17,KELLON,0.15,0.13,0.15,NA,36000,68.4931506849315,tow net,lake,2018,5,15.07101210551717,same_month_all_years
LIRO,LIRO.AOS.littoral1,2018-05-17,KELLON,0.15,0.15,0.15,NA,90,3.75,Schindler-Patalas,lake,2018,5,15.07101210551717,same_month_all_years
LIRO,LIRO.AOS.littoral2,2018-05-17,KELLON,0.15,0.15,0.15,NA,80,3.3333333333333335,Schindler-Patalas,lake,2018,5,15.07101210551717,same_month_all_years
LIRO,LIRO.AOS.littoral2,2018-05-17,KERSP,0.13,0.13,0.13,NA,40,1.6666666666666667,Schindler-Patalas,lake,2018,5,15.07101210551717,same_month_all_years
LIRO,LIRO.AOS.buoy.c0,2018-05-17,KERTAU,0.18,0.18,0.18,NA,3200,6.0882800608828,tow net,lake,2018,5,15.07101210551717,same_month_all_years
LIRO,LIRO.AOS.littoral1,2018-05-17,KERTAU,0.21,0.18,0.23,NA,490,20.416666666666668,Schindler-Patalas,lake,2018,5,15.07101210551717,same_month_all_years
LIRO,LIRO.AOS.littoral2,2018-05-17,KERTAU,0.2,0.18,0.23,NA,320,13.333333333333334,Schindler-Patalas,lake,2018,5,15.07101210551717,same_month_all_years
LIRO,LIRO.AOS.buoy.c0,2018-05-17,KERTES,0.12,0.1,0.13,NA,4000,7.610350076103501,tow net,lake,2018,5,15.07101210551717,same_month_all_years
LIRO,LIRO.AOS.littoral1,2018-05-17,LEPMIN,0.98,0.93,1.08,NA,80,3.3333333333333335,Schindler-Patalas,lake,2018,5,15.07101210551717,same_month_all_years
LIRO,LIRO.AOS.littoral2,2018-05-17,LEPMIN,0.9,0.9,0.9,NA,10,0.4166666666666667,Schindler-Patalas,lake,2018,5,15.07101210551717,same_month_all_years
LIRO,LIRO.AOS.buoy.c0,2018-05-17,MESEDA,0.95,0.95,0.95,NA,800,1.5220700152207,tow net,lake,2018,5,15.07101210551717,same_month_all_years
LIRO,LIRO.AOS.buoy.c0,2018-05-17,POLSP20,0.1,0.08,0.1,NA,24000,45.662100456621005,tow net,lake,2018,5,15.07101210551717,same_month_all_years
LIRO,LIRO.AOS.littoral1,2018-05-17,POLSP20,0.1,0.1,0.1,NA,120,5,Schindler-Patalas,lake,2018,5,15.07101210551717,same_month_all_years
LIRO,LIRO.AOS.littoral2,2018-05-17,POLSP20,0.1,0.1,0.1,NA,170,7.083333333333333,Schindler-Patalas,lake,2018,5,15.07101210551717,same_month_all_years
LIRO,LIRO.AOS.buoy.c0,2018-05-17,SYNSP8,0.19,0.13,0.23,NA,43200,82.1917808219178,tow net,lake,2018,5,15.07101210551717,same_month_all_years
LIRO,LIRO.AOS.littoral1,2018-05-17,SYNSP8,0.11,0.1,0.13,NA,20,0.8333333333333334,Schindler-Patalas,lake,2018,5,15.07101210551717,same_month_all_years
LIRO,LIRO.AOS.littoral2,2018-05-17,SYNSP8,0.13,0.1,0.18,NA,80,3.3333333333333335,Schindler-Patalas,lake,2018,5,15.07101210551717,same_month_all_years
LIRO,LIRO.AOS.littoral1,2018-05-17,TRIMUL,0.18,0.18,0.18,0.1,10,0.4166666666666667,Schindler-Patalas,lake,2018,5,15.07101210551717,same_month_all_years
LIRO,LIRO.AOS.littoral2,2018-05-17,TRISP31,0.32,0.3,0.33,0.08,30,1.25,Schindler-Patalas,lake,2018,5,15.07101210551717,same_month_all_years
LIRO,LIRO.AOS.littoral1,2018-07-30,ASCECA,0.08,0.08,0.08,NA,18,0.5,Schindler-Patalas,lake,2018,7,24.596138917232587,exact_month_year
LIRO,LIRO.AOS.buoy.c0,2018-07-30,CALSP1,0.57,0.43,0.68,NA,1363,2.409191338930623,tow net,lake,2018,7,24.596138917232587,exact_month_year
LIRO,LIRO.AOS.littoral1,2018-07-30,CALSP1,0.48,0.38,0.75,NA,1081,30.02777777777778,Schindler-Patalas,lake,2018,7,24.596138917232587,exact_month_year
LIRO,LIRO.AOS.littoral2,2018-07-30,CALSP1,0.46,0.38,0.55,NA,103,2.861111111111111,Schindler-Patalas,lake,2018,7,24.596138917232587,exact_month_year
LIRO,LIRO.AOS.buoy.c0,2018-07-30,CHASP13,9.8,9.8,9.8,NA,273,0.482545293857711,tow net,lake,2018,7,24.596138917232587,exact_month_year
LIRO,LIRO.AOS.littoral2,2018-07-30,CHASP13,0.98,0.98,0.98,NA,26,0.7222222222222222,Schindler-Patalas,lake,2018,7,24.596138917232587,exact_month_year
LIRO,LIRO.AOS.buoy.c0,2018-07-30,CONSP8,0.13,0.13,0.13,0.08,13080,23.119752540874945,tow net,lake,2018,7,24.596138917232587,exact_month_year
LIRO,LIRO.AOS.buoy.c0,2018-07-30,CONUNI,0.08,0.08,0.08,0.05,545,0.963323022536456,tow net,lake,2018,7,24.596138917232587,exact_month_year
LIRO,LIRO.AOS.littoral1,2018-07-30,CONUNI,0.1,0.08,0.1,0.05,921,25.583333333333332,Schindler-Patalas,lake,2018,7,24.596138917232587,exact_month_year
LIRO,LIRO.AOS.littoral2,2018-07-30,CYCSP,0.7,0.7,0.7,NA,26,0.7222222222222222,Schindler-Patalas,lake,2018,7,24.596138917232587,exact_month_year
LIRO,LIRO.AOS.buoy.c0,2018-07-30,DAPSP1,1.24,0.83,1.93,NA,2453,4.335837384003535,tow net,lake,2018,7,24.596138917232587,exact_month_year
LIRO,LIRO.AOS.littoral1,2018-07-30,DAPSP1,1.03,0.68,1.25,NA,266,7.388888888888889,Schindler-Patalas,lake,2018,7,24.596138917232587,exact_month_year
LIRO,LIRO.AOS.littoral2,2018-07-30,DAPSP1,1.06,1.05,1.08,NA,52,1.4444444444444444,Schindler-Patalas,lake,2018,7,24.596138917232587,exact_month_year
LIRO,LIRO.AOS.littoral1,2018-07-30,DIASP10,0.94,0.5,1.1,NA,159,4.416666666666667,Schindler-Patalas,lake,2018,7,24.596138917232587,exact_month_year
LIRO,LIRO.AOS.littoral2,2018-07-30,DIASP10,0.8,0.58,1.03,NA,52,1.4444444444444444,Schindler-Patalas,lake,2018,7,24.596138917232587,exact_month_year
LIRO,LIRO.AOS.buoy.c0,2018-07-30,GASSTY,0.08,0.08,0.08,NA,1635,2.889969067609368,tow net,lake,2018,7,24.596138917232587,exact_month_year
LIRO,LIRO.AOS.buoy.c0,2018-07-30,HOLGIB,1.15,1.15,1.15,NA,273,0.482545293857711,tow net,lake,2018,7,24.596138917232587,exact_month_year
LIRO,LIRO.AOS.buoy.c0,2018-07-30,KELLON,0.15,0.15,0.15,NA,1635,2.889969067609368,tow net,lake,2018,7,24.596138917232587,exact_month_year
LIRO,LIRO.AOS.buoy.c0,2018-07-30,KERCOC,0.13,0.13,0.13,NA,1635,2.889969067609368,tow net,lake,2018,7,24.596138917232587,exact_month_year
LIRO,LIRO.AOS.littoral1,2018-07-30,KERCOC,0.13,0.13,0.13,NA,18,0.5,Schindler-Patalas,lake,2018,7,24.596138917232587,exact_month_year
LIRO,LIRO.AOS.buoy.c0,2018-07-30,KERCRA,0.15,0.15,0.15,NA,1090,1.926646045072912,tow net,lake,2018,7,24.596138917232587,exact_month_year
LIRO,LIRO.AOS.buoy.c0,2018-07-30,KERTAU,0.17,0.15,0.23,NA,4088,7.225806451612903,tow net,lake,2018,7,24.596138917232587,exact_month_year
LIRO,LIRO.AOS.littoral1,2018-07-30,KERTAU,0.2,0.15,0.23,NA,124,3.4444444444444446,Schindler-Patalas,lake,2018,7,24.596138917232587,exact_month_year
LIRO,LIRO.AOS.littoral1,2018-07-30,LEPMIN,0.88,0.8,1,NA,142,3.9444444444444446,Schindler-Patalas,lake,2018,7,24.596138917232587,exact_month_year
LIRO,LIRO.AOS.littoral2,2018-07-30,LEPMIN,0.86,0.73,0.93,NA,103,2.861111111111111,Schindler-Patalas,lake,2018,7,24.596138917232587,exact_month_year
LIRO,LIRO.AOS.buoy.c0,2018-07-30,MESEDA,1.25,1.23,1.28,NA,818,1.445868316394167,tow net,lake,2018,7,24.596138917232587,exact_month_year
LIRO,LIRO.AOS.littoral2,2018-07-30,MONLUN,0.13,0.13,0.13,NA,26,0.7222222222222222,Schindler-Patalas,lake,2018,7,24.596138917232587,exact_month_year
LIRO,LIRO.AOS.littoral1,2018-07-30,MONSP8,0.13,0.13,0.13,NA,18,0.5,Schindler-Patalas,lake,2018,7,24.596138917232587,exact_month_year
LIRO,LIRO.AOS.buoy.c0,2018-07-30,POLSP20,0.1,0.1,0.1,NA,65945,116.56208572691118,tow net,lake,2018,7,24.596138917232587,exact_month_year
LIRO,LIRO.AOS.littoral1,2018-07-30,POLSP20,0.1,0.1,0.1,NA,124,3.4444444444444446,Schindler-Patalas,lake,2018,7,24.596138917232587,exact_month_year
LIRO,LIRO.AOS.littoral2,2018-07-30,POLSP20,0.1,0.1,0.1,NA,26,0.7222222222222222,Schindler-Patalas,lake,2018,7,24.596138917232587,exact_month_year
LIRO,LIRO.AOS.littoral2,2018-07-30,SIDCRY,0.95,0.95,0.95,NA,26,0.7222222222222222,Schindler-Patalas,lake,2018,7,24.596138917232587,exact_month_year
LIRO,LIRO.AOS.buoy.c0,2018-07-30,SYNSP8,0.15,0.13,0.18,NA,1635,2.889969067609368,tow net,lake,2018,7,24.596138917232587,exact_month_year
LIRO,LIRO.AOS.buoy.c0,2018-07-30,TRISP31,0.33,0.3,0.38,0.08,6268,11.079098541758729,tow net,lake,2018,7,24.596138917232587,exact_month_year
LIRO,LIRO.AOS.littoral1,2018-07-30,TRISP31,0.36,0.35,0.38,0.08,71,1.9722222222222223,Schindler-Patalas,lake,2018,7,24.596138917232587,exact_month_year
LIRO,LIRO.AOS.littoral1,2018-07-30,TROPRA1,0.41,0.35,0.5,NA,53,1.4722222222222223,Schindler-Patalas,lake,2018,7,24.596138917232587,exact_month_year
LIRO,LIRO.AOS.littoral2,2018-07-30,TROPRA1,0.4,0.4,0.4,NA,26,0.7222222222222222,Schindler-Patalas,lake,2018,7,24.596138917232587,exact_month_year
LIRO,LIRO.AOS.littoral1,2018-09-10,ASCECA,0.1,0.1,0.1,NA,23,0.9583333333333334,Schindler-Patalas,lake,2018,9,20.022039373265496,exact_month_year
LIRO,LIRO.AOS.littoral2,2018-09-10,BDESP,0.1,0.1,0.1,NA,15,0.625,Schindler-Patalas,lake,2018,9,20.022039373265496,exact_month_year
LIRO,LIRO.AOS.buoy.c0,2018-09-10,CALSP1,0.95,0.95,0.95,NA,155,0.3538812785388128,tow net,lake,2018,9,20.022039373265496,exact_month_year
LIRO,LIRO.AOS.littoral1,2018-09-10,CALSP1,0.62,0.33,0.8,NA,640,26.666666666666668,Schindler-Patalas,lake,2018,9,20.022039373265496,exact_month_year
LIRO,LIRO.AOS.littoral2,2018-09-10,CALSP1,0.71,0.4,0.8,NA,216,9,Schindler-Patalas,lake,2018,9,20.022039373265496,exact_month_year
LIRO,LIRO.AOS.buoy.c0,2018-09-10,CHASP13,5.23,5.2,5.25,NA,465,1.0616438356164384,tow net,lake,2018,9,20.022039373265496,exact_month_year
LIRO,LIRO.AOS.buoy.c0,2018-09-10,CONSP8,0.12,0.1,0.15,0.08,2635,6.0159817351598175,tow net,lake,2018,9,20.022039373265496,exact_month_year
LIRO,LIRO.AOS.littoral2,2018-09-10,CONSP8,0.13,0.13,0.15,0.08,139,5.791666666666667,Schindler-Patalas,lake,2018,9,20.022039373265496,exact_month_year
LIRO,LIRO.AOS.buoy.c0,2018-09-10,CONUNI,0.08,0.08,0.08,0.05,26970,61.57534246575342,tow net,lake,2018,9,20.022039373265496,exact_month_year
LIRO,LIRO.AOS.littoral1,2018-09-10,CONUNI,0.09,0.08,0.1,0.06,11,0.4583333333333333,Schindler-Patalas,lake,2018,9,20.022039373265496,exact_month_year
LIRO,LIRO.AOS.littoral2,2018-09-10,CONUNI,0.08,0.08,0.08,0.05,62,2.5833333333333335,Schindler-Patalas,lake,2018,9,20.022039373265496,exact_month_year
LIRO,LIRO.AOS.buoy.c0,2018-09-10,CYCSP,0.55,0.53,0.58,NA,310,0.7077625570776256,tow net,lake,2018,9,20.022039373265496,exact_month_year
LIRO,LIRO.AOS.littoral1,2018-09-10,CYCSP,0.61,0.5,0.73,NA,11,0.4583333333333333,Schindler-Patalas,lake,2018,9,20.022039373265496,exact_month_year
LIRO,LIRO.AOS.littoral2,2018-09-10,CYCSP,0.7,0.7,0.7,NA,15,0.625,Schindler-Patalas,lake,2018,9,20.022039373265496,exact_month_year
LIRO,LIRO.AOS.buoy.c0,2018-09-10,DAPPUL1,1.37,0.8,2,NA,930,2.1232876712328768,tow net,lake,2018,9,20.022039373265496,exact_month_year
LIRO,LIRO.AOS.littoral1,2018-09-10,DIASP10,0.69,0.58,0.85,NA,51,2.125,Schindler-Patalas,lake,2018,9,20.022039373265496,exact_month_year
LIRO,LIRO.AOS.littoral2,2018-09-10,DIASP10,0.73,0.7,0.75,NA,31,1.2916666666666667,Schindler-Patalas,lake,2018,9,20.022039373265496,exact_month_year
LIRO,LIRO.AOS.buoy.c0,2018-09-10,HOLGIB,0.93,0.93,0.93,NA,310,0.7077625570776256,tow net,lake,2018,9,20.022039373265496,exact_month_year
LIRO,LIRO.AOS.littoral2,2018-09-10,HOLGIB,0.73,0.5,0.93,NA,1263,52.625,Schindler-Patalas,lake,2018,9,20.022039373265496,exact_month_year
LIRO,LIRO.AOS.buoy.c0,2018-09-10,KELBOS,0.13,0.13,0.13,NA,310,0.7077625570776256,tow net,lake,2018,9,20.022039373265496,exact_month_year
LIRO,LIRO.AOS.buoy.c0,2018-09-10,KELLON,0.18,0.18,0.18,NA,155,0.3538812785388128,tow net,lake,2018,9,20.022039373265496,exact_month_year
LIRO,LIRO.AOS.buoy.c0,2018-09-10,KERCRA,0.15,0.15,0.15,NA,1860,4.2465753424657535,tow net,lake,2018,9,20.022039373265496,exact_month_year
LIRO,LIRO.AOS.buoy.c0,2018-09-10,KERTAU,0.2,0.18,0.23,NA,4030,9.200913242009133,tow net,lake,2018,9,20.022039373265496,exact_month_year
LIRO,LIRO.AOS.littoral1,2018-09-10,KERTAU,0.21,0.18,0.23,NA,366,15.25,Schindler-Patalas,lake,2018,9,20.022039373265496,exact_month_year
LIRO,LIRO.AOS.littoral2,2018-09-10,KERTAU,0.19,0.18,0.2,NA,31,1.2916666666666667,Schindler-Patalas,lake,2018,9,20.022039373265496,exact_month_year
LIRO,LIRO.AOS.littoral1,2018-09-10,LEPMIN,0.95,0.88,1.08,NA,51,2.125,Schindler-Patalas,lake,2018,9,20.022039373265496,exact_month_year
LIRO,LIRO.AOS.littoral2,2018-09-10,LEPMIN,0.89,0.83,0.93,NA,108,4.5,Schindler-Patalas,lake,2018,9,20.022039373265496,exact_month_year
LIRO,LIRO.AOS.buoy.c0,2018-09-10,POLSP20,0.09,0.08,0.1,NA,4650,10.616438356164384,tow net,lake,2018,9,20.022039373265496,exact_month_year
LIRO,LIRO.AOS.littoral1,2018-09-10,POLSP20,0.1,0.08,0.1,NA,69,2.875,Schindler-Patalas,lake,2018,9,20.022039373265496,exact_month_year
LIRO,LIRO.AOS.littoral2,2018-09-10,POLSP20,0.09,0.08,0.1,NA,46,1.9166666666666667,Schindler-Patalas,lake,2018,9,20.022039373265496,exact_month_year
LIRO,LIRO.AOS.littoral1,2018-09-10,SIDCRY,0.93,0.63,1.05,NA,23,0.9583333333333334,Schindler-Patalas,lake,2018,9,20.022039373265496,exact_month_year
LIRO,LIRO.AOS.buoy.c0,2018-09-10,SYNSP8,0.15,0.13,0.15,NA,1550,3.538812785388128,tow net,lake,2018,9,20.022039373265496,exact_month_year
LIRO,LIRO.AOS.littoral1,2018-09-10,SYNSP8,0.15,0.15,0.15,NA,6,0.25,Schindler-Patalas,lake,2018,9,20.022039373265496,exact_month_year
LIRO,LIRO.AOS.buoy.c0,2018-09-10,TRISP31,0.3,0.28,0.33,0.06,310,0.7077625570776256,tow net,lake,2018,9,20.022039373265496,exact_month_year
LIRO,LIRO.AOS.littoral1,2018-09-10,TRISP31,0.3,0.3,0.3,0.08,6,0.25,Schindler-Patalas,lake,2018,9,20.022039373265496,exact_month_year
LIRO,LIRO.AOS.littoral1,2019-05-15,BDESP,0.225,0.225,0.225,NA,40,1.6666666666666667,Schindler-Patalas,lake,2019,5,12.17571803349195,exact_month_year
LIRO,LIRO.AOS.buoy.c0,2019-05-15,CALSP1,0.625,0.5,0.75,NA,1620,1.8493150684931507,tow net,lake,2019,5,12.17571803349195,exact_month_year
LIRO,LIRO.AOS.littoral1,2019-05-15,CALSP1,0.568,0.4,0.7,NA,760,31.666666666666668,Schindler-Patalas,lake,2019,5,12.17571803349195,exact_month_year
LIRO,LIRO.AOS.littoral2,2019-05-15,CALSP1,0.66,0.575,0.8,NA,960,40,Schindler-Patalas,lake,2019,5,12.17571803349195,exact_month_year
LIRO,LIRO.AOS.buoy.c0,2019-05-15,CONSP8,0.154,0.125,0.175,0.104,4860,5.5479452054794525,tow net,lake,2019,5,12.17571803349195,exact_month_year
LIRO,LIRO.AOS.littoral1,2019-05-15,CONSP8,0.161,0.15,0.175,0.104,280,11.666666666666666,Schindler-Patalas,lake,2019,5,12.17571803349195,exact_month_year
LIRO,LIRO.AOS.littoral2,2019-05-15,CONSP8,0.159,0.1,0.25,0.101,1080,45,Schindler-Patalas,lake,2019,5,12.17571803349195,exact_month_year
LIRO,LIRO.AOS.buoy.c0,2019-05-15,CONUNI,0.081,0.075,0.1,0.05,13770,15.719178082191782,tow net,lake,2019,5,12.17571803349195,exact_month_year
LIRO,LIRO.AOS.littoral1,2019-05-15,CONUNI,0.075,0.075,0.075,0.05,1120,46.666666666666664,Schindler-Patalas,lake,2019,5,12.17571803349195,exact_month_year
LIRO,LIRO.AOS.littoral2,2019-05-15,CONUNI,0.079,0.075,0.1,0.05,240,10,Schindler-Patalas,lake,2019,5,12.17571803349195,exact_month_year
LIRO,LIRO.AOS.buoy.c0,2019-05-15,CYCSP,0.625,0.4,0.825,NA,26730,30.513698630136982,tow net,lake,2019,5,12.17571803349195,exact_month_year
LIRO,LIRO.AOS.littoral1,2019-05-15,CYCSP,0.7,0.675,0.725,NA,80,3.3333333333333335,Schindler-Patalas,lake,2019,5,12.17571803349195,exact_month_year
LIRO,LIRO.AOS.littoral2,2019-05-15,CYCSP,0.721,0.5,0.875,NA,1560,65,Schindler-Patalas,lake,2019,5,12.17571803349195,exact_month_year
LIRO,LIRO.AOS.buoy.c0,2019-05-15,DIATHO,0.875,0.875,0.875,NA,1620,1.8493150684931507,tow net,lake,2019,5,12.17571803349195,exact_month_year
LIRO,LIRO.AOS.littoral1,2019-05-15,DIATHO,0.875,0.875,0.875,NA,80,3.3333333333333335,Schindler-Patalas,lake,2019,5,12.17571803349195,exact_month_year
LIRO,LIRO.AOS.buoy.c0,2019-05-15,GASSTY,0.085,0.075,0.1,NA,10530,12.02054794520548,tow net,lake,2019,5,12.17571803349195,exact_month_year
LIRO,LIRO.AOS.littoral2,2019-05-15,GASSTY,0.075,0.075,0.075,NA,40,1.6666666666666667,Schindler-Patalas,lake,2019,5,12.17571803349195,exact_month_year
LIRO,LIRO.AOS.littoral2,2019-05-15,HOLGIB,0.838,0.825,0.85,NA,80,3.3333333333333335,Schindler-Patalas,lake,2019,5,12.17571803349195,exact_month_year
LIRO,LIRO.AOS.buoy.c0,2019-05-15,KELLON,0.15,0.15,0.15,NA,24300,27.73972602739726,tow net,lake,2019,5,12.17571803349195,exact_month_year
LIRO,LIRO.AOS.littoral1,2019-05-15,KELLON,0.149,0.125,0.15,NA,720,30,Schindler-Patalas,lake,2019,5,12.17571803349195,exact_month_year
LIRO,LIRO.AOS.littoral2,2019-05-15,KELLON,0.146,0.125,0.15,NA,2560,106.66666666666669,Schindler-Patalas,lake,2019,5,12.17571803349195,exact_month_year
LIRO,LIRO.AOS.buoy.c0,2019-05-15,KERCRA,0.175,0.175,0.175,NA,68040,77.67123287671232,tow net,lake,2019,5,12.17571803349195,exact_month_year
LIRO,LIRO.AOS.littoral1,2019-05-15,KERCRA,0.175,0.175,0.175,NA,1400,58.333333333333336,Schindler-Patalas,lake,2019,5,12.17571803349195,exact_month_year
LIRO,LIRO.AOS.littoral2,2019-05-15,KERCRA,0.175,0.175,0.175,NA,4200,175,Schindler-Patalas,lake,2019,5,12.17571803349195,exact_month_year
LIRO,LIRO.AOS.buoy.c0,2019-05-15,KERSP,0.131,0.125,0.15,NA,10530,12.02054794520548,tow net,lake,2019,5,12.17571803349195,exact_month_year
LIRO,LIRO.AOS.littoral1,2019-05-15,KERSP,0.15,0.15,0.15,NA,40,1.6666666666666667,Schindler-Patalas,lake,2019,5,12.17571803349195,exact_month_year
LIRO,LIRO.AOS.littoral2,2019-05-15,KERSP,0.144,0.125,0.15,NA,160,6.666666666666667,Schindler-Patalas,lake,2019,5,12.17571803349195,exact_month_year
LIRO,LIRO.AOS.buoy.c0,2019-05-15,KERTAU,0.175,0.175,0.175,NA,7290,8.321917808219178,tow net,lake,2019,5,12.17571803349195,exact_month_year
LIRO,LIRO.AOS.littoral1,2019-05-15,KERTAU,0.178,0.175,0.225,NA,4080,170,Schindler-Patalas,lake,2019,5,12.17571803349195,exact_month_year
LIRO,LIRO.AOS.littoral2,2019-05-15,KERTAU,0.175,0.175,0.175,NA,1760,73.33333333333333,Schindler-Patalas,lake,2019,5,12.17571803349195,exact_month_year
LIRO,LIRO.AOS.buoy.c0,2019-05-15,KERTES,0.101,0.1,0.125,NA,36450,41.60958904109589,tow net,lake,2019,5,12.17571803349195,exact_month_year
LIRO,LIRO.AOS.littoral2,2019-05-15,MESEDA,1.175,1.175,1.175,NA,40,1.6666666666666667,Schindler-Patalas,lake,2019,5,12.17571803349195,exact_month_year
LIRO,LIRO.AOS.buoy.c0,2019-05-15,OSTSP,0.2,0.2,0.2,NA,810,0.9246575342465754,tow net,lake,2019,5,12.17571803349195,exact_month_year
LIRO,LIRO.AOS.buoy.c0,2019-05-15,POLSP20,0.098,0.075,0.1,NA,24300,27.73972602739726,tow net,lake,2019,5,12.17571803349195,exact_month_year
LIRO,LIRO.AOS.littoral1,2019-05-15,POLSP20,0.1,0.1,0.1,NA,400,16.666666666666668,Schindler-Patalas,lake,2019,5,12.17571803349195,exact_month_year
LIRO,LIRO.AOS.littoral2,2019-05-15,POLSP20,0.098,0.075,0.1,NA,1000,41.666666666666664,Schindler-Patalas,lake,2019,5,12.17571803349195,exact_month_year
LIRO,LIRO.AOS.littoral2,2019-05-15,TRISP31,0.35,0.35,0.35,0.075,40,1.6666666666666667,Schindler-Patalas,lake,2019,5,12.17571803349195,exact_month_year
LIRO,LIRO.AOS.littoral1,2019-07-24,ASPSP4,0.325,0.325,0.325,NA,7,0.2916666666666667,Schindler-Patalas,lake,2019,7,25.57395638499562,exact_month_year
LIRO,LIRO.AOS.littoral2,2019-07-24,ASPSP4,0.525,0.525,0.525,NA,4,0.16666666666666666,Schindler-Patalas,lake,2019,7,25.57395638499562,exact_month_year
LIRO,LIRO.AOS.littoral1,2019-07-24,CALSP1,0.691,0.55,0.8,NA,73,3.0416666666666665,Schindler-Patalas,lake,2019,7,25.57395638499562,exact_month_year
LIRO,LIRO.AOS.littoral2,2019-07-24,CALSP1,0.6,0.45,0.675,NA,11,0.4583333333333333,Schindler-Patalas,lake,2019,7,25.57395638499562,exact_month_year
LIRO,LIRO.AOS.buoy.c1,2019-07-24,CHASP13,3.7,3.7,3.7,NA,164,0.2808219178082192,tow net,lake,2019,7,25.57395638499562,exact_month_year
LIRO,LIRO.AOS.buoy.c1,2019-07-24,CONSP8,0.105,0.1,0.125,0.078,4592,7.863013698630137,tow net,lake,2019,7,25.57395638499562,exact_month_year
LIRO,LIRO.AOS.buoy.c1,2019-07-24,CONUNI,0.083,0.075,0.1,0.05,1476,2.5273972602739727,tow net,lake,2019,7,25.57395638499562,exact_month_year
LIRO,LIRO.AOS.buoy.c1,2019-07-24,CYCSP,0.463,0.25,0.65,NA,1312,2.2465753424657535,tow net,lake,2019,7,25.57395638499562,exact_month_year
LIRO,LIRO.AOS.littoral1,2019-07-24,CYCSP,0.589,0.4,0.825,NA,173,7.208333333333333,Schindler-Patalas,lake,2019,7,25.57395638499562,exact_month_year
LIRO,LIRO.AOS.littoral2,2019-07-24,CYCSP,0.459,0.275,0.7,NA,81,3.375,Schindler-Patalas,lake,2019,7,25.57395638499562,exact_month_year
LIRO,LIRO.AOS.littoral1,2019-07-24,DAPPUL1,1.25,1.25,1.25,NA,7,0.2916666666666667,Schindler-Patalas,lake,2019,7,25.57395638499562,exact_month_year
LIRO,LIRO.AOS.littoral2,2019-07-24,DAPPUL1,1.075,0.95,1.2,NA,7,0.2916666666666667,Schindler-Patalas,lake,2019,7,25.57395638499562,exact_month_year
LIRO,LIRO.AOS.buoy.c1,2019-07-24,DAPSP1,0.85,0.675,1.175,NA,492,0.8424657534246576,tow net,lake,2019,7,25.57395638499562,exact_month_year
LIRO,LIRO.AOS.littoral1,2019-07-24,DAPSP1,0.82,0.65,1.15,NA,33,1.375,Schindler-Patalas,lake,2019,7,25.57395638499562,exact_month_year
LIRO,LIRO.AOS.buoy.c1,2019-07-24,DIASP10,0.583,0.35,0.85,NA,984,1.6849315068493151,tow net,lake,2019,7,25.57395638499562,exact_month_year
LIRO,LIRO.AOS.littoral1,2019-07-24,DIASP10,0.606,0.25,0.95,NA,187,7.791666666666667,Schindler-Patalas,lake,2019,7,25.57395638499562,exact_month_year
LIRO,LIRO.AOS.littoral2,2019-07-24,DIASP10,0.66,0.325,0.95,NA,182,7.583333333333333,Schindler-Patalas,lake,2019,7,25.57395638499562,exact_month_year
LIRO,LIRO.AOS.buoy.c1,2019-07-24,GASHYP,0.075,0.075,0.075,NA,164,0.2808219178082192,tow net,lake,2019,7,25.57395638499562,exact_month_year
LIRO,LIRO.AOS.buoy.c1,2019-07-24,GASSTY,0.075,0.075,0.075,NA,328,0.5616438356164384,tow net,lake,2019,7,25.57395638499562,exact_month_year
LIRO,LIRO.AOS.littoral1,2019-07-24,GASSTY,0.075,0.075,0.075,NA,153,6.375,Schindler-Patalas,lake,2019,7,25.57395638499562,exact_month_year
LIRO,LIRO.AOS.littoral2,2019-07-24,GASSTY,0.076,0.075,0.1,NA,95,3.9583333333333335,Schindler-Patalas,lake,2019,7,25.57395638499562,exact_month_year
LIRO,LIRO.AOS.buoy.c1,2019-07-24,HOLGIB,0.888,0.675,1.1,NA,328,0.5616438356164384,tow net,lake,2019,7,25.57395638499562,exact_month_year
LIRO,LIRO.AOS.littoral1,2019-07-24,HOLGIB,0.775,0.5,1,NA,47,1.9583333333333333,Schindler-Patalas,lake,2019,7,25.57395638499562,exact_month_year
LIRO,LIRO.AOS.littoral2,2019-07-24,HOLGIB,1.075,1.075,1.075,NA,4,0.16666666666666666,Schindler-Patalas,lake,2019,7,25.57395638499562,exact_month_year
LIRO,LIRO.AOS.buoy.c1,2019-07-24,KELBOS,0.1,0.1,0.1,NA,164,0.2808219178082192,tow net,lake,2019,7,25.57395638499562,exact_month_year
LIRO,LIRO.AOS.buoy.c1,2019-07-24,KELLON,0.15,0.15,0.15,NA,13448,23.027397260273972,tow net,lake,2019,7,25.57395638499562,exact_month_year
LIRO,LIRO.AOS.littoral1,2019-07-24,KELLON,0.15,0.15,0.15,NA,20,0.8333333333333334,Schindler-Patalas,lake,2019,7,25.57395638499562,exact_month_year
LIRO,LIRO.AOS.buoy.c1,2019-07-24,KERCOC,0.15,0.15,0.15,NA,13776,23.589041095890412,tow net,lake,2019,7,25.57395638499562,exact_month_year
LIRO,LIRO.AOS.buoy.c1,2019-07-24,KERCRA,0.175,0.175,0.175,NA,1476,2.5273972602739727,tow net,lake,2019,7,25.57395638499562,exact_month_year
LIRO,LIRO.AOS.buoy.c1,2019-07-24,KERTAU,0.175,0.175,0.175,NA,328,0.5616438356164384,tow net,lake,2019,7,25.57395638499562,exact_month_year
LIRO,LIRO.AOS.littoral1,2019-07-24,KERTAU,0.173,0.15,0.175,NA,513,21.375,Schindler-Patalas,lake,2019,7,25.57395638499562,exact_month_year
LIRO,LIRO.AOS.littoral2,2019-07-24,KERTAU,0.173,0.15,0.175,NA,172,7.166666666666667,Schindler-Patalas,lake,2019,7,25.57395638499562,exact_month_year
LIRO,LIRO.AOS.buoy.c1,2019-07-24,KERTIC,0.1,0.1,0.1,NA,7052,12.075342465753424,tow net,lake,2019,7,25.57395638499562,exact_month_year
LIRO,LIRO.AOS.littoral1,2019-07-24,LEPMIN,0.864,0.75,0.95,NA,133,5.541666666666667,Schindler-Patalas,lake,2019,7,25.57395638499562,exact_month_year
LIRO,LIRO.AOS.littoral2,2019-07-24,LEPMIN,0.867,0.775,0.925,NA,11,0.4583333333333333,Schindler-Patalas,lake,2019,7,25.57395638499562,exact_month_year
LIRO,LIRO.AOS.buoy.c1,2019-07-24,MESEDA,1.2,1.075,1.325,NA,328,0.5616438356164384,tow net,lake,2019,7,25.57395638499562,exact_month_year
LIRO,LIRO.AOS.littoral1,2019-07-24,MESEDA,0.95,0.75,1.3,NA,40,1.6666666666666667,Schindler-Patalas,lake,2019,7,25.57395638499562,exact_month_year
LIRO,LIRO.AOS.littoral2,2019-07-24,MESEDA,0.933,0.75,1.55,NA,35,1.4583333333333333,Schindler-Patalas,lake,2019,7,25.57395638499562,exact_month_year
LIRO,LIRO.AOS.littoral1,2019-07-24,MONSP8,0.15,0.15,0.15,NA,7,0.2916666666666667,Schindler-Patalas,lake,2019,7,25.57395638499562,exact_month_year
LIRO,LIRO.AOS.littoral2,2019-07-24,OSTSP,0.375,0.375,0.375,NA,4,0.16666666666666666,Schindler-Patalas,lake,2019,7,25.57395638499562,exact_month_year
LIRO,LIRO.AOS.buoy.c1,2019-07-24,POLSP20,0.1,0.1,0.1,NA,14924,25.554794520547944,tow net,lake,2019,7,25.57395638499562,exact_month_year
LIRO,LIRO.AOS.littoral1,2019-07-24,POLSP20,0.1,0.1,0.1,NA,67,2.7916666666666665,Schindler-Patalas,lake,2019,7,25.57395638499562,exact_month_year
LIRO,LIRO.AOS.littoral2,2019-07-24,POLSP20,0.1,0.1,0.1,NA,39,1.625,Schindler-Patalas,lake,2019,7,25.57395638499562,exact_month_year
LIRO,LIRO.AOS.buoy.c1,2019-07-24,TRISP31,0.323,0.275,0.35,0.075,1640,2.808219178082192,tow net,lake,2019,7,25.57395638499562,exact_month_year
LIRO,LIRO.AOS.littoral2,2019-07-24,TRISP31,0.329,0.325,0.35,0.075,21,0.875,Schindler-Patalas,lake,2019,7,25.57395638499562,exact_month_year
LIRO,LIRO.AOS.littoral1,2019-07-24,TROPRA1,0.469,0.4,0.525,NA,27,1.125,Schindler-Patalas,lake,2019,7,25.57395638499562,exact_month_year
LIRO,LIRO.AOS.littoral2,2019-07-24,TROPRA1,0.46,0.425,0.55,NA,35,1.4583333333333333,Schindler-Patalas,lake,2019,7,25.57395638499562,exact_month_year
LIRO,LIRO.AOS.littoral1,2019-09-10,ASCOVA,0.1,0.1,0.1,NA,20,0.8333333333333334,Schindler-Patalas,lake,2019,9,18.493552164082683,exact_month_year
LIRO,LIRO.AOS.buoy.c1,2019-09-10,CALSP1,0.4,0.4,0.4,NA,80,0.064464141821112,tow net,lake,2019,9,18.493552164082683,exact_month_year
LIRO,LIRO.AOS.littoral1,2019-09-10,CALSP1,0.656,0.375,0.825,NA,170,7.083333333333333,Schindler-Patalas,lake,2019,9,18.493552164082683,exact_month_year
LIRO,LIRO.AOS.littoral2,2019-09-10,CALSP1,0.64,0.4,0.75,NA,300,12.5,Schindler-Patalas,lake,2019,9,18.493552164082683,exact_month_year
LIRO,LIRO.AOS.buoy.c1,2019-09-10,CHASP13,5.956,3.325,7,NA,320,0.257856567284448,tow net,lake,2019,9,18.493552164082683,exact_month_year
LIRO,LIRO.AOS.buoy.c1,2019-09-10,CONUNI,0.105,0.1,0.15,0.053,7120,5.737308622078968,tow net,lake,2019,9,18.493552164082683,exact_month_year
LIRO,LIRO.AOS.littoral1,2019-09-10,CONUNI,0.11,0.1,0.175,0.05,610,25.416666666666668,Schindler-Patalas,lake,2019,9,18.493552164082683,exact_month_year
LIRO,LIRO.AOS.littoral2,2019-09-10,CONUNI,0.104,0.1,0.15,0.053,1580,65.83333333333333,Schindler-Patalas,lake,2019,9,18.493552164082683,exact_month_year
LIRO,LIRO.AOS.buoy.c1,2019-09-10,CYCSP,0.524,0.25,0.725,NA,880,0.709105560032232,tow net,lake,2019,9,18.493552164082683,exact_month_year
LIRO,LIRO.AOS.littoral1,2019-09-10,CYCSP,0.545,0.25,0.875,NA,280,11.666666666666666,Schindler-Patalas,lake,2019,9,18.493552164082683,exact_month_year
LIRO,LIRO.AOS.littoral2,2019-09-10,CYCSP,0.484,0.275,0.825,NA,340,14.166666666666666,Schindler-Patalas,lake,2019,9,18.493552164082683,exact_month_year
LIRO,LIRO.AOS.buoy.c1,2019-09-10,DAPCAT1,1.8,1.8,1.8,NA,80,0.064464141821112,tow net,lake,2019,9,18.493552164082683,exact_month_year
LIRO,LIRO.AOS.buoy.c1,2019-09-10,DAPROS,1.706,1.2,2.15,NA,320,0.257856567284448,tow net,lake,2019,9,18.493552164082683,exact_month_year
LIRO,LIRO.AOS.buoy.c1,2019-09-10,DAPSP1,0.85,0.7,1.1,NA,240,0.193392425463336,tow net,lake,2019,9,18.493552164082683,exact_month_year
LIRO,LIRO.AOS.littoral2,2019-09-10,DAPSP1,0.925,0.925,0.925,NA,20,0.8333333333333334,Schindler-Patalas,lake,2019,9,18.493552164082683,exact_month_year
LIRO,LIRO.AOS.littoral1,2019-09-10,DIASP10,0.55,0.5,0.6,NA,20,0.8333333333333334,Schindler-Patalas,lake,2019,9,18.493552164082683,exact_month_year
LIRO,LIRO.AOS.littoral2,2019-09-10,DIASP10,0.767,0.5,1,NA,120,5,Schindler-Patalas,lake,2019,9,18.493552164082683,exact_month_year
LIRO,LIRO.AOS.littoral2,2019-09-10,EPISP12,1.175,1.175,1.175,NA,20,0.8333333333333334,Schindler-Patalas,lake,2019,9,18.493552164082683,exact_month_year
LIRO,LIRO.AOS.buoy.c1,2019-09-10,GASSTY,0.075,0.075,0.075,NA,160,0.128928283642224,tow net,lake,2019,9,18.493552164082683,exact_month_year
LIRO,LIRO.AOS.littoral1,2019-09-10,GASSTY,0.088,0.075,0.1,NA,20,0.8333333333333334,Schindler-Patalas,lake,2019,9,18.493552164082683,exact_month_year
LIRO,LIRO.AOS.buoy.c1,2019-09-10,HOLGIB,0.822,0.575,1.7,NA,640,0.515713134568896,tow net,lake,2019,9,18.493552164082683,exact_month_year
LIRO,LIRO.AOS.littoral2,2019-09-10,HOLGIB,0.842,0.65,1.05,NA,300,12.5,Schindler-Patalas,lake,2019,9,18.493552164082683,exact_month_year
LIRO,LIRO.AOS.buoy.c1,2019-09-10,KELBOS,0.125,0.125,0.125,NA,80,0.064464141821112,tow net,lake,2019,9,18.493552164082683,exact_month_year
LIRO,LIRO.AOS.buoy.c1,2019-09-10,KELLON,0.145,0.125,0.15,0.075,1120,0.902497985495568,tow net,lake,2019,9,18.493552164082683,exact_month_year
LIRO,LIRO.AOS.littoral1,2019-09-10,KELLON,0.125,0.125,0.125,0.075,60,2.5,Schindler-Patalas,lake,2019,9,18.493552164082683,exact_month_year
LIRO,LIRO.AOS.buoy.c1,2019-09-10,KERCRA,0.156,0.15,0.175,NA,320,0.257856567284448,tow net,lake,2019,9,18.493552164082683,exact_month_year
LIRO,LIRO.AOS.littoral1,2019-09-10,KERCRA,0.15,0.15,0.15,NA,10,0.4166666666666667,Schindler-Patalas,lake,2019,9,18.493552164082683,exact_month_year
LIRO,LIRO.AOS.buoy.c1,2019-09-10,KERSP,0.129,0.125,0.15,NA,560,0.4512489927477841,tow net,lake,2019,9,18.493552164082683,exact_month_year
LIRO,LIRO.AOS.buoy.c1,2019-09-10,KERTAU,0.202,0.175,0.225,NA,880,0.709105560032232,tow net,lake,2019,9,18.493552164082683,exact_month_year
LIRO,LIRO.AOS.littoral1,2019-09-10,KERTAU,0.2,0.2,0.2,NA,70,2.9166666666666665,Schindler-Patalas,lake,2019,9,18.493552164082683,exact_month_year
LIRO,LIRO.AOS.littoral2,2019-09-10,KERTAU,0.203,0.2,0.225,NA,160,6.666666666666667,Schindler-Patalas,lake,2019,9,18.493552164082683,exact_month_year
LIRO,LIRO.AOS.buoy.c1,2019-09-10,KERTIC,0.1,0.1,0.1,NA,3360,2.7074939564867044,tow net,lake,2019,9,18.493552164082683,exact_month_year
LIRO,LIRO.AOS.littoral1,2019-09-10,LEPMIN,0.955,0.825,1.05,NA,110,4.583333333333333,Schindler-Patalas,lake,2019,9,18.493552164082683,exact_month_year
LIRO,LIRO.AOS.littoral2,2019-09-10,LEPMIN,0.853,0.8,0.95,NA,920,38.333333333333336,Schindler-Patalas,lake,2019,9,18.493552164082683,exact_month_year
LIRO,LIRO.AOS.buoy.c1,2019-09-10,MESEDA,1.15,0.9,1.425,NA,240,0.193392425463336,tow net,lake,2019,9,18.493552164082683,exact_month_year
LIRO,LIRO.AOS.littoral2,2019-09-10,MESEDA,1.029,0.9,1.175,NA,120,5,Schindler-Patalas,lake,2019,9,18.493552164082683,exact_month_year
LIRO,LIRO.AOS.littoral2,2019-09-10,MONLUN,0.125,0.125,0.125,NA,20,0.8333333333333334,Schindler-Patalas,lake,2019,9,18.493552164082683,exact_month_year
LIRO,LIRO.AOS.buoy.c1,2019-09-10,POLSP20,0.099,0.075,0.1,NA,7360,5.930701047542304,tow net,lake,2019,9,18.493552164082683,exact_month_year
LIRO,LIRO.AOS.littoral1,2019-09-10,POLSP20,0.098,0.075,0.1,NA,480,20,Schindler-Patalas,lake,2019,9,18.493552164082683,exact_month_year
LIRO,LIRO.AOS.littoral2,2019-09-10,POLSP20,0.098,0.075,0.1,NA,240,10,Schindler-Patalas,lake,2019,9,18.493552164082683,exact_month_year
LIRO,LIRO.AOS.buoy.c1,2019-09-10,TROPRA1,0.425,0.375,0.45,NA,240,0.193392425463336,tow net,lake,2019,9,18.493552164082683,exact_month_year
LIRO,LIRO.AOS.littoral1,2019-09-10,TROPRA1,0.479,0.4,0.55,NA,70,2.9166666666666665,Schindler-Patalas,lake,2019,9,18.493552164082683,exact_month_year
LIRO,LIRO.AOS.littoral2,2019-09-10,TROPRA1,0.4,0.35,0.425,NA,60,2.5,Schindler-Patalas,lake,2019,9,18.493552164082683,exact_month_year
LIRO,LIRO.AOS.buoy.c1,2020-06-16,ASPSP4,0.25,0.25,0.25,NA,2000,3.0441400304414,tow net,lake,2020,6,22.90596712320258,exact_month_year
LIRO,LIRO.AOS.littoral1,2020-06-16,ASPSP4,0.425,0.375,0.475,NA,160,6.666666666666667,Schindler-Patalas,lake,2020,6,22.90596712320258,exact_month_year
LIRO,LIRO.AOS.buoy.c1,2020-06-16,CALSP1,0.688,0.6,0.775,NA,8000,12.1765601217656,tow net,lake,2020,6,22.90596712320258,exact_month_year
LIRO,LIRO.AOS.buoy.c1,2020-06-16,CONSP8,0.169,0.15,0.175,0.069,8000,12.1765601217656,tow net,lake,2020,6,22.90596712320258,exact_month_year
LIRO,LIRO.AOS.littoral1,2020-06-16,CONSP8,0.199,0.15,0.275,0.071,54400,2266.6666666666665,Schindler-Patalas,lake,2020,6,22.90596712320258,exact_month_year
LIRO,LIRO.AOS.littoral2,2020-06-16,CONSP8,0.193,0.15,0.25,0.071,33760,1406.6666666666667,Schindler-Patalas,lake,2020,6,22.90596712320258,exact_month_year
LIRO,LIRO.AOS.buoy.c1,2020-06-16,CONUNI,0.075,0.075,0.075,0.05,6000,9.1324200913242,tow net,lake,2020,6,22.90596712320258,exact_month_year
LIRO,LIRO.AOS.buoy.c1,2020-06-16,GASHYP,0.1,0.1,0.1,NA,8000,12.1765601217656,tow net,lake,2020,6,22.90596712320258,exact_month_year
LIRO,LIRO.AOS.buoy.c1,2020-06-16,GASSTY,0.088,0.075,0.1,NA,4000,6.0882800608828,tow net,lake,2020,6,22.90596712320258,exact_month_year
LIRO,LIRO.AOS.littoral1,2020-06-16,GASSTY,0.075,0.075,0.075,NA,80,3.3333333333333335,Schindler-Patalas,lake,2020,6,22.90596712320258,exact_month_year
LIRO,LIRO.AOS.buoy.c1,2020-06-16,HOLGIB,0.925,0.925,0.925,NA,4000,6.0882800608828,tow net,lake,2020,6,22.90596712320258,exact_month_year
LIRO,LIRO.AOS.buoy.c1,2020-06-16,KELBOS,0.125,0.125,0.125,NA,2000,3.0441400304414,tow net,lake,2020,6,22.90596712320258,exact_month_year
LIRO,LIRO.AOS.buoy.c1,2020-06-16,KELLON,0.156,0.125,0.2,NA,8000,12.1765601217656,tow net,lake,2020,6,22.90596712320258,exact_month_year
LIRO,LIRO.AOS.littoral1,2020-06-16,KELLON,0.175,0.175,0.175,NA,80,3.3333333333333335,Schindler-Patalas,lake,2020,6,22.90596712320258,exact_month_year
LIRO,LIRO.AOS.buoy.c1,2020-06-16,KERCOC,0.128,0.125,0.15,NA,180000,273.972602739726,tow net,lake,2020,6,22.90596712320258,exact_month_year
LIRO,LIRO.AOS.littoral1,2020-06-16,KERCRA,0.175,0.175,0.175,NA,80,3.3333333333333335,Schindler-Patalas,lake,2020,6,22.90596712320258,exact_month_year
LIRO,LIRO.AOS.littoral2,2020-06-16,KERCRA,0.175,0.175,0.175,NA,80,3.3333333333333335,Schindler-Patalas,lake,2020,6,22.90596712320258,exact_month_year
LIRO,LIRO.AOS.littoral1,2020-06-16,KERSER,0.125,0.125,0.125,NA,160,6.666666666666667,Schindler-Patalas,lake,2020,6,22.90596712320258,exact_month_year
LIRO,LIRO.AOS.buoy.c1,2020-06-16,KERTAU,0.183,0.175,0.2,NA,6000,9.1324200913242,tow net,lake,2020,6,22.90596712320258,exact_month_year
LIRO,LIRO.AOS.littoral1,2020-06-16,KERTAU,0.194,0.175,0.225,NA,4000,166.66666666666666,Schindler-Patalas,lake,2020,6,22.90596712320258,exact_month_year
LIRO,LIRO.AOS.littoral2,2020-06-16,KERTAU,0.186,0.175,0.225,NA,3440,143.33333333333334,Schindler-Patalas,lake,2020,6,22.90596712320258,exact_month_year
LIRO,LIRO.AOS.buoy.c1,2020-06-16,KERTES,0.1,0.1,0.1,NA,4000,6.0882800608828,tow net,lake,2020,6,22.90596712320258,exact_month_year
LIRO,LIRO.AOS.littoral2,2020-06-16,LECSP1,0.2,0.2,0.2,NA,80,3.3333333333333335,Schindler-Patalas,lake,2020,6,22.90596712320258,exact_month_year
LIRO,LIRO.AOS.littoral2,2020-06-16,PLOSP1,NA,NA,NA,NA,2000,83.33333333333333,Schindler-Patalas,lake,2020,6,22.90596712320258,exact_month_year
LIRO,LIRO.AOS.buoy.c1,2020-06-16,POLSP20,0.1,0.1,0.1,NA,196000,298.3257229832572,tow net,lake,2020,6,22.90596712320258,exact_month_year
LIRO,LIRO.AOS.littoral1,2020-06-16,POLSP20,0.079,0.075,0.1,NA,560,23.333333333333332,Schindler-Patalas,lake,2020,6,22.90596712320258,exact_month_year
LIRO,LIRO.AOS.littoral1,2020-06-16,TRIMUL,0.181,0.175,0.2,0.1,320,13.333333333333334,Schindler-Patalas,lake,2020,6,22.90596712320258,exact_month_year
LIRO,LIRO.AOS.littoral2,2020-06-16,TRIMUL,0.175,0.175,0.175,0.1,80,3.3333333333333335,Schindler-Patalas,lake,2020,6,22.90596712320258,exact_month_year
LIRO,LIRO.AOS.littoral2,2020-06-16,TROPRA1,0.375,0.375,0.375,NA,80,3.3333333333333335,Schindler-Patalas,lake,2020,6,22.90596712320258,exact_month_year
LIRO,LIRO.AOS.littoral2,2020-07-22,ACASP1,0.375,0.375,0.375,NA,7,0.2916666666666667,Schindler-Patalas,lake,2020,7,26.005362774215254,exact_month_year
LIRO,LIRO.AOS.buoy.c1,2020-07-22,ASCECA,0.1,0.1,0.1,NA,400,0.6226650062266501,tow net,lake,2020,7,26.005362774215254,exact_month_year
LIRO,LIRO.AOS.littoral1,2020-07-22,CALSP1,0.798,0.375,0.85,NA,120,5,Schindler-Patalas,lake,2020,7,26.005362774215254,exact_month_year
LIRO,LIRO.AOS.littoral2,2020-07-22,CALSP1,0.788,0.75,0.825,NA,7,0.2916666666666667,Schindler-Patalas,lake,2020,7,26.005362774215254,exact_month_year
LIRO,LIRO.AOS.buoy.c1,2020-07-22,CONSP8,0.083,0.075,0.1,0.058,1200,1.8679950186799503,tow net,lake,2020,7,26.005362774215254,exact_month_year
LIRO,LIRO.AOS.littoral1,2020-07-22,CONSP8,0.296,0.175,0.4,0.074,135,5.625,Schindler-Patalas,lake,2020,7,26.005362774215254,exact_month_year
LIRO,LIRO.AOS.littoral2,2020-07-22,CONSP8,0.266,0.175,0.35,0.075,205,8.541666666666666,Schindler-Patalas,lake,2020,7,26.005362774215254,exact_month_year
LIRO,LIRO.AOS.buoy.c1,2020-07-22,CONUNI,0.075,0.075,0.075,0.05,4000,6.226650062266501,tow net,lake,2020,7,26.005362774215254,exact_month_year
LIRO,LIRO.AOS.buoy.c1,2020-07-22,CYCSP,0.481,0.425,0.575,NA,1600,2.4906600249066004,tow net,lake,2020,7,26.005362774215254,exact_month_year
LIRO,LIRO.AOS.littoral1,2020-07-22,CYCSP,0.582,0.25,0.8,NA,143,5.958333333333333,Schindler-Patalas,lake,2020,7,26.005362774215254,exact_month_year
LIRO,LIRO.AOS.littoral2,2020-07-22,CYCSP,0.479,0.25,0.7,NA,68,2.8333333333333335,Schindler-Patalas,lake,2020,7,26.005362774215254,exact_month_year
LIRO,LIRO.AOS.littoral1,2020-07-22,DAPPUL1,1.315,1,1.675,NA,165,6.875,Schindler-Patalas,lake,2020,7,26.005362774215254,exact_month_year
LIRO,LIRO.AOS.littoral2,2020-07-22,DAPPUL1,1.2,0.925,1.425,NA,11,0.4583333333333333,Schindler-Patalas,lake,2020,7,26.005362774215254,exact_month_year
LIRO,LIRO.AOS.buoy.c1,2020-07-22,DAPSP1,0.775,0.75,0.8,NA,800,1.2453300124533002,tow net,lake,2020,7,26.005362774215254,exact_month_year
LIRO,LIRO.AOS.littoral1,2020-07-22,DAPSP1,0.775,0.65,0.95,NA,53,2.2083333333333335,Schindler-Patalas,lake,2020,7,26.005362774215254,exact_month_year
LIRO,LIRO.AOS.buoy.c1,2020-07-22,DIASP10,0.675,0.675,0.675,NA,400,0.6226650062266501,tow net,lake,2020,7,26.005362774215254,exact_month_year
LIRO,LIRO.AOS.littoral1,2020-07-22,DIASP10,0.563,0.375,0.775,NA,45,1.875,Schindler-Patalas,lake,2020,7,26.005362774215254,exact_month_year
LIRO,LIRO.AOS.littoral2,2020-07-22,DIASP10,0.733,0.475,0.925,NA,11,0.4583333333333333,Schindler-Patalas,lake,2020,7,26.005362774215254,exact_month_year
LIRO,LIRO.AOS.buoy.c1,2020-07-22,GASHYP,0.088,0.075,0.1,NA,1600,2.4906600249066004,tow net,lake,2020,7,26.005362774215254,exact_month_year
LIRO,LIRO.AOS.buoy.c1,2020-07-22,GASSTY,0.075,0.075,0.075,NA,400,0.6226650062266501,tow net,lake,2020,7,26.005362774215254,exact_month_year
LIRO,LIRO.AOS.littoral1,2020-07-22,GASSTY,0.075,0.075,0.075,NA,15,0.625,Schindler-Patalas,lake,2020,7,26.005362774215254,exact_month_year
LIRO,LIRO.AOS.littoral2,2020-07-22,GASSTY,0.075,0.075,0.075,NA,4,0.16666666666666666,Schindler-Patalas,lake,2020,7,26.005362774215254,exact_month_year
LIRO,LIRO.AOS.littoral1,2020-07-22,HOLGIB,1.125,1,1.25,NA,38,1.5833333333333333,Schindler-Patalas,lake,2020,7,26.005362774215254,exact_month_year
LIRO,LIRO.AOS.buoy.c1,2020-07-22,KELBOS,0.125,0.125,0.125,NA,6000,9.339975093399753,tow net,lake,2020,7,26.005362774215254,exact_month_year
LIRO,LIRO.AOS.buoy.c1,2020-07-22,KERCOC,0.125,0.125,0.125,NA,37600,58.53051058530511,tow net,lake,2020,7,26.005362774215254,exact_month_year
LIRO,LIRO.AOS.buoy.c1,2020-07-22,KERCRA,0.175,0.175,0.175,NA,3600,5.603985056039851,tow net,lake,2020,7,26.005362774215254,exact_month_year
LIRO,LIRO.AOS.littoral2,2020-07-22,KERCRA,0.173,0.15,0.175,NA,58,2.4166666666666665,Schindler-Patalas,lake,2020,7,26.005362774215254,exact_month_year
LIRO,LIRO.AOS.littoral1,2020-07-22,KERTAU,0.163,0.15,0.175,NA,15,0.625,Schindler-Patalas,lake,2020,7,26.005362774215254,exact_month_year
LIRO,LIRO.AOS.littoral2,2020-07-22,KERTAU,0.16,0.15,0.175,NA,18,0.75,Schindler-Patalas,lake,2020,7,26.005362774215254,exact_month_year
LIRO,LIRO.AOS.buoy.c1,2020-07-22,KERTIC,0.1,0.1,0.1,NA,5200,8.094645080946451,tow net,lake,2020,7,26.005362774215254,exact_month_year
LIRO,LIRO.AOS.buoy.c1,2020-07-22,LEPMIN,0.9,0.9,0.9,NA,400,0.6226650062266501,tow net,lake,2020,7,26.005362774215254,exact_month_year
LIRO,LIRO.AOS.littoral1,2020-07-22,LEPMIN,0.863,0.825,0.9,NA,188,7.833333333333333,Schindler-Patalas,lake,2020,7,26.005362774215254,exact_month_year
LIRO,LIRO.AOS.littoral2,2020-07-22,LEPMIN,0.873,0.8,1,NA,90,3.75,Schindler-Patalas,lake,2020,7,26.005362774215254,exact_month_year
LIRO,LIRO.AOS.buoy.c1,2020-07-22,MESEDA,1.375,1.325,1.425,NA,800,1.2453300124533002,tow net,lake,2020,7,26.005362774215254,exact_month_year
LIRO,LIRO.AOS.littoral1,2020-07-22,MESEDA,0.983,0.75,1.325,NA,98,4.083333333333333,Schindler-Patalas,lake,2020,7,26.005362774215254,exact_month_year
LIRO,LIRO.AOS.littoral2,2020-07-22,MESEDA,0.915,0.75,1.3,NA,36,1.5,Schindler-Patalas,lake,2020,7,26.005362774215254,exact_month_year
LIRO,LIRO.AOS.buoy.c1,2020-07-22,POLSP20,0.098,0.075,0.1,NA,51200,79.70112079701121,tow net,lake,2020,7,26.005362774215254,exact_month_year
LIRO,LIRO.AOS.littoral1,2020-07-22,POLSP20,0.097,0.075,0.1,NA,60,2.5,Schindler-Patalas,lake,2020,7,26.005362774215254,exact_month_year
LIRO,LIRO.AOS.littoral2,2020-07-22,POLSP20,0.1,0.1,0.1,NA,36,1.5,Schindler-Patalas,lake,2020,7,26.005362774215254,exact_month_year
LIRO,LIRO.AOS.littoral1,2020-07-22,TRISP31,0.25,0.25,0.25,0.05,15,0.625,Schindler-Patalas,lake,2020,7,26.005362774215254,exact_month_year
LIRO,LIRO.AOS.littoral2,2020-07-22,TRISP31,0.225,0.225,0.225,0.05,4,0.16666666666666666,Schindler-Patalas,lake,2020,7,26.005362774215254,exact_month_year
LIRO,LIRO.AOS.buoy.c1,2020-07-22,TROPRA1,0.4,0.4,0.4,NA,400,0.6226650062266501,tow net,lake,2020,7,26.005362774215254,exact_month_year
LIRO,LIRO.AOS.littoral1,2020-07-22,TROPRA1,0.479,0.45,0.5,NA,105,4.375,Schindler-Patalas,lake,2020,7,26.005362774215254,exact_month_year
LIRO,LIRO.AOS.littoral2,2020-07-22,TROPRA1,0.488,0.425,0.5,NA,126,5.25,Schindler-Patalas,lake,2020,7,26.005362774215254,exact_month_year
LIRO,LIRO.AOS.buoy.c1,2020-09-10,ASCOVA,0.09,0.075,0.1,NA,800,1.2892828364222402,tow net,lake,2020,9,17.619027777777777,exact_month_year
LIRO,LIRO.AOS.littoral1,2020-09-10,BRAANG,0.1,0.1,0.1,NA,4,0.16666666666666666,Schindler-Patalas,lake,2020,9,17.619027777777777,exact_month_year
LIRO,LIRO.AOS.buoy.c1,2020-09-10,CALSP1,0.7,0.7,0.7,NA,160,0.257856567284448,tow net,lake,2020,9,17.619027777777777,exact_month_year
LIRO,LIRO.AOS.littoral1,2020-09-10,CALSP1,0.79,0.675,0.875,NA,106,4.416666666666667,Schindler-Patalas,lake,2020,9,17.619027777777777,exact_month_year
LIRO,LIRO.AOS.littoral2,2020-09-10,CALSP1,0.73,0.45,0.85,NA,84,3.5,Schindler-Patalas,lake,2020,9,17.619027777777777,exact_month_year
LIRO,LIRO.AOS.buoy.c1,2020-09-10,CHASP13,7.575,7.575,7.575,NA,160,0.257856567284448,tow net,lake,2020,9,17.619027777777777,exact_month_year
LIRO,LIRO.AOS.buoy.c1,2020-09-10,CONUNI,0.075,0.075,0.075,0.05,20320,32.7477840451249,tow net,lake,2020,9,17.619027777777777,exact_month_year
LIRO,LIRO.AOS.littoral1,2020-09-10,CONUNI,0.079,0.075,0.1,0.05,85,3.5416666666666665,Schindler-Patalas,lake,2020,9,17.619027777777777,exact_month_year
LIRO,LIRO.AOS.littoral2,2020-09-10,CONUNI,0.075,0.075,0.075,0.05,27,1.125,Schindler-Patalas,lake,2020,9,17.619027777777777,exact_month_year
LIRO,LIRO.AOS.buoy.c1,2020-09-10,CYCSP,0.539,0.25,0.825,NA,2560,4.125705076551168,tow net,lake,2020,9,17.619027777777777,exact_month_year
LIRO,LIRO.AOS.littoral1,2020-09-10,CYCSP,0.315,0.275,0.35,NA,238,9.916666666666666,Schindler-Patalas,lake,2020,9,17.619027777777777,exact_month_year
LIRO,LIRO.AOS.littoral2,2020-09-10,CYCSP,0.315,0.3,0.375,NA,57,2.375,Schindler-Patalas,lake,2020,9,17.619027777777777,exact_month_year
LIRO,LIRO.AOS.littoral1,2020-09-10,DAPPUL1,1,1,1,NA,4,0.16666666666666666,Schindler-Patalas,lake,2020,9,17.619027777777777,exact_month_year
LIRO,LIRO.AOS.littoral2,2020-09-10,DAPPUL1,1,1,1,NA,4,0.16666666666666666,Schindler-Patalas,lake,2020,9,17.619027777777777,exact_month_year
LIRO,LIRO.AOS.buoy.c1,2020-09-10,DAPROS,1.279,0.925,2.1,NA,960,1.547139403706688,tow net,lake,2020,9,17.619027777777777,exact_month_year
LIRO,LIRO.AOS.buoy.c1,2020-09-10,DAPSP1,0.725,0.675,0.75,NA,480,0.7735697018533441,tow net,lake,2020,9,17.619027777777777,exact_month_year
LIRO,LIRO.AOS.littoral1,2020-09-10,DAPSP1,0.75,0.55,0.825,NA,17,0.7083333333333334,Schindler-Patalas,lake,2020,9,17.619027777777777,exact_month_year
LIRO,LIRO.AOS.littoral1,2020-09-10,DIASP10,0.66,0.45,0.85,NA,21,0.875,Schindler-Patalas,lake,2020,9,17.619027777777777,exact_month_year
LIRO,LIRO.AOS.littoral2,2020-09-10,DIASP10,1.075,1.075,1.075,NA,4,0.16666666666666666,Schindler-Patalas,lake,2020,9,17.619027777777777,exact_month_year
LIRO,LIRO.AOS.buoy.c1,2020-09-10,HOLGIB,1,0.75,1.75,NA,640,1.031426269137792,tow net,lake,2020,9,17.619027777777777,exact_month_year
LIRO,LIRO.AOS.littoral1,2020-09-10,HOLGIB,0.75,0.75,0.75,NA,4,0.16666666666666666,Schindler-Patalas,lake,2020,9,17.619027777777777,exact_month_year
LIRO,LIRO.AOS.littoral2,2020-09-10,HOLGIB,0.666,0.55,1,NA,42,1.75,Schindler-Patalas,lake,2020,9,17.619027777777777,exact_month_year
LIRO,LIRO.AOS.buoy.c1,2020-09-10,KELBOS,0.125,0.125,0.125,NA,2080,3.3521353746978244,tow net,lake,2020,9,17.619027777777777,exact_month_year
LIRO,LIRO.AOS.littoral1,2020-09-10,KELLON,0.15,0.15,0.15,NA,21,0.875,Schindler-Patalas,lake,2020,9,17.619027777777777,exact_month_year
LIRO,LIRO.AOS.buoy.c1,2020-09-10,KERCOC,0.125,0.125,0.125,NA,320,0.515713134568896,tow net,lake,2020,9,17.619027777777777,exact_month_year
LIRO,LIRO.AOS.littoral2,2020-09-10,KERCOC,0.125,0.125,0.125,NA,4,0.16666666666666666,Schindler-Patalas,lake,2020,9,17.619027777777777,exact_month_year
LIRO,LIRO.AOS.buoy.c1,2020-09-10,KERCRA,0.175,0.175,0.175,NA,960,1.547139403706688,tow net,lake,2020,9,17.619027777777777,exact_month_year
LIRO,LIRO.AOS.buoy.c1,2020-09-10,KERSER,0.103,0.1,0.125,NA,2560,4.125705076551168,tow net,lake,2020,9,17.619027777777777,exact_month_year
LIRO,LIRO.AOS.buoy.c1,2020-09-10,KERTAU,0.175,0.175,0.175,NA,640,1.031426269137792,tow net,lake,2020,9,17.619027777777777,exact_month_year
LIRO,LIRO.AOS.littoral2,2020-09-10,KERTAU,0.175,0.175,0.175,NA,8,0.3333333333333333,Schindler-Patalas,lake,2020,9,17.619027777777777,exact_month_year
LIRO,LIRO.AOS.buoy.c1,2020-09-10,LEPMIN,0.975,0.975,0.975,NA,160,0.257856567284448,tow net,lake,2020,9,17.619027777777777,exact_month_year
LIRO,LIRO.AOS.littoral1,2020-09-10,LEPMIN,0.934,0.875,1,NA,72,3,Schindler-Patalas,lake,2020,9,17.619027777777777,exact_month_year
LIRO,LIRO.AOS.littoral2,2020-09-10,LEPMIN,0.938,0.9,1,NA,171,7.125,Schindler-Patalas,lake,2020,9,17.619027777777777,exact_month_year
LIRO,LIRO.AOS.buoy.c1,2020-09-10,MESEDA,1.325,1.325,1.325,NA,160,0.257856567284448,tow net,lake,2020,9,17.619027777777777,exact_month_year
LIRO,LIRO.AOS.littoral1,2020-09-10,MESEDA,0.945,0.675,1.2,NA,21,0.875,Schindler-Patalas,lake,2020,9,17.619027777777777,exact_month_year
LIRO,LIRO.AOS.littoral2,2020-09-10,MESEDA,1.038,0.775,1.3,NA,8,0.3333333333333333,Schindler-Patalas,lake,2020,9,17.619027777777777,exact_month_year
LIRO,LIRO.AOS.buoy.c1,2020-09-10,MONSP8,0.075,0.075,0.075,NA,160,0.257856567284448,tow net,lake,2020,9,17.619027777777777,exact_month_year
LIRO,LIRO.AOS.littoral1,2020-09-10,POLPED,1,1,1,NA,4,0.16666666666666666,Schindler-Patalas,lake,2020,9,17.619027777777777,exact_month_year
LIRO,LIRO.AOS.buoy.c1,2020-09-10,POLSP20,0.093,0.075,0.1,NA,7520,12.119258662369058,tow net,lake,2020,9,17.619027777777777,exact_month_year
LIRO,LIRO.AOS.littoral1,2020-09-10,POLSP20,0.083,0.075,0.1,NA,13,0.5416666666666666,Schindler-Patalas,lake,2020,9,17.619027777777777,exact_month_year
LIRO,LIRO.AOS.littoral2,2020-09-10,POLSP20,0.095,0.075,0.1,NA,19,0.7916666666666666,Schindler-Patalas,lake,2020,9,17.619027777777777,exact_month_year
LIRO,LIRO.AOS.littoral2,2020-09-10,SIDCRY,1,1,1,NA,4,0.16666666666666666,Schindler-Patalas,lake,2020,9,17.619027777777777,exact_month_year
LIRO,LIRO.AOS.buoy.c1,2020-09-10,TROPRA1,0.514,0.4,0.65,NA,1760,2.836422240128928,tow net,lake,2020,9,17.619027777777777,exact_month_year
LIRO,LIRO.AOS.littoral1,2020-09-10,TROPRA1,0.449,0.4,0.525,NA,412,17.166666666666668,Schindler-Patalas,lake,2020,9,17.619027777777777,exact_month_year
LIRO,LIRO.AOS.littoral2,2020-09-10,TROPRA1,0.447,0.4,0.5,NA,65,2.7083333333333335,Schindler-Patalas,lake,2020,9,17.619027777777777,exact_month_year
LIRO,LIRO.AOS.buoy.c1,2021-04-14,ASCECA,0.1,0.1,0.1,NA,700,0.4794520547945205,tow net,lake,2021,4,9.326239379543006,exact_month_year
LIRO,LIRO.AOS.littoral1,2021-04-14,ASCECA,0.116,0.1,0.15,NA,168,7,Schindler-Patalas,lake,2021,4,9.326239379543006,exact_month_year
LIRO,LIRO.AOS.littoral2,2021-04-14,ASCECA,0.121,0.1,0.125,NA,480,20,Schindler-Patalas,lake,2021,4,9.326239379543006,exact_month_year
LIRO,LIRO.AOS.littoral2,2021-04-14,ASPPRI,0.4,0.4,0.4,NA,80,3.3333333333333335,Schindler-Patalas,lake,2021,4,9.326239379543006,exact_month_year
LIRO,LIRO.AOS.buoy.c1,2021-04-14,CALSP1,0.517,0.45,0.575,NA,4200,2.8767123287671232,tow net,lake,2021,4,9.326239379543006,exact_month_year
LIRO,LIRO.AOS.littoral1,2021-04-14,CALSP1,0.488,0.45,0.6,NA,315,13.125,Schindler-Patalas,lake,2021,4,9.326239379543006,exact_month_year
LIRO,LIRO.AOS.littoral2,2021-04-14,CALSP1,0.52,0.45,0.7,NA,2080,86.66666666666667,Schindler-Patalas,lake,2021,4,9.326239379543006,exact_month_year
LIRO,LIRO.AOS.buoy.c1,2021-04-14,COLSP12,NA,NA,NA,0.075,700,0.4794520547945205,tow net,lake,2021,4,9.326239379543006,exact_month_year
LIRO,LIRO.AOS.littoral1,2021-04-14,CONSP8,0.15,0.1,0.2,0.09,105,4.375,Schindler-Patalas,lake,2021,4,9.326239379543006,exact_month_year
LIRO,LIRO.AOS.littoral2,2021-04-14,CONSP8,0.104,0.1,0.125,0.071,560,23.333333333333332,Schindler-Patalas,lake,2021,4,9.326239379543006,exact_month_year
LIRO,LIRO.AOS.buoy.c1,2021-04-14,CONUNI,0.075,0.075,0.075,0.05,6300,4.315068493150685,tow net,lake,2021,4,9.326239379543006,exact_month_year
LIRO,LIRO.AOS.littoral1,2021-04-14,CONUNI,0.088,0.075,0.1,0.05,42,1.75,Schindler-Patalas,lake,2021,4,9.326239379543006,exact_month_year
LIRO,LIRO.AOS.littoral1,2021-04-14,COPSP,0.238,0.15,0.325,NA,735,30.625,Schindler-Patalas,lake,2021,4,9.326239379543006,exact_month_year
LIRO,LIRO.AOS.buoy.c1,2021-04-14,CYCSP,0.581,0.55,0.6,NA,2800,1.917808219178082,tow net,lake,2021,4,9.326239379543006,exact_month_year
LIRO,LIRO.AOS.littoral1,2021-04-14,CYCSP,0.438,0.425,0.45,NA,42,1.75,Schindler-Patalas,lake,2021,4,9.326239379543006,exact_month_year
LIRO,LIRO.AOS.littoral2,2021-04-14,CYCSP,0.55,0.35,0.825,NA,400,16.666666666666668,Schindler-Patalas,lake,2021,4,9.326239379543006,exact_month_year
LIRO,LIRO.AOS.buoy.c1,2021-04-14,DAPSP1,0.8,0.8,0.8,NA,700,0.4794520547945205,tow net,lake,2021,4,9.326239379543006,exact_month_year
LIRO,LIRO.AOS.littoral1,2021-04-14,DIASP,0.875,0.875,0.875,NA,21,0.875,Schindler-Patalas,lake,2021,4,9.326239379543006,exact_month_year
LIRO,LIRO.AOS.buoy.c1,2021-04-14,DIATHO,0.875,0.875,0.875,NA,700,0.4794520547945205,tow net,lake,2021,4,9.326239379543006,exact_month_year
LIRO,LIRO.AOS.buoy.c1,2021-04-14,GASSTY,0.113,0.1,0.125,NA,4200,2.8767123287671232,tow net,lake,2021,4,9.326239379543006,exact_month_year
LIRO,LIRO.AOS.littoral1,2021-04-14,GASSTY,0.121,0.1,0.125,NA,126,5.25,Schindler-Patalas,lake,2021,4,9.326239379543006,exact_month_year
LIRO,LIRO.AOS.littoral2,2021-04-14,GASSTY,0.108,0.1,0.125,NA,960,40,Schindler-Patalas,lake,2021,4,9.326239379543006,exact_month_year
LIRO,LIRO.AOS.buoy.c1,2021-04-14,HOLGIB,0.5,0.5,0.5,NA,700,0.4794520547945205,tow net,lake,2021,4,9.326239379543006,exact_month_year
LIRO,LIRO.AOS.littoral2,2021-04-14,HOLGIB,0.475,0.375,0.6,NA,240,10,Schindler-Patalas,lake,2021,4,9.326239379543006,exact_month_year
LIRO,LIRO.AOS.buoy.c1,2021-04-14,KELBOS,0.125,0.125,0.125,NA,2800,1.917808219178082,tow net,lake,2021,4,9.326239379543006,exact_month_year
LIRO,LIRO.AOS.littoral1,2021-04-14,KELBOS,0.125,0.125,0.125,NA,84,3.5,Schindler-Patalas,lake,2021,4,9.326239379543006,exact_month_year
LIRO,LIRO.AOS.buoy.c1,2021-04-14,KELLON,0.15,0.15,0.15,NA,17500,11.986301369863014,tow net,lake,2021,4,9.326239379543006,exact_month_year
LIRO,LIRO.AOS.littoral1,2021-04-14,KELLON,0.15,0.15,0.15,NA,1197,49.875,Schindler-Patalas,lake,2021,4,9.326239379543006,exact_month_year
LIRO,LIRO.AOS.littoral2,2021-04-14,KELLON,0.15,0.15,0.15,NA,9760,406.6666666666667,Schindler-Patalas,lake,2021,4,9.326239379543006,exact_month_year
LIRO,LIRO.AOS.buoy.c1,2021-04-14,KERCOC,0.15,0.15,0.15,NA,1400,0.958904109589041,tow net,lake,2021,4,9.326239379543006,exact_month_year
LIRO,LIRO.AOS.littoral1,2021-04-14,KERCOC,0.147,0.125,0.15,NA,168,7,Schindler-Patalas,lake,2021,4,9.326239379543006,exact_month_year
LIRO,LIRO.AOS.littoral2,2021-04-14,KERCOC,0.15,0.15,0.15,NA,240,10,Schindler-Patalas,lake,2021,4,9.326239379543006,exact_month_year
LIRO,LIRO.AOS.buoy.c1,2021-04-14,KERCRA,0.175,0.175,0.175,NA,1400,0.958904109589041,tow net,lake,2021,4,9.326239379543006,exact_month_year
LIRO,LIRO.AOS.littoral1,2021-04-14,KERCRA,0.175,0.175,0.175,NA,105,4.375,Schindler-Patalas,lake,2021,4,9.326239379543006,exact_month_year
LIRO,LIRO.AOS.littoral2,2021-04-14,KERCRA,0.192,0.175,0.2,NA,240,10,Schindler-Patalas,lake,2021,4,9.326239379543006,exact_month_year
LIRO,LIRO.AOS.littoral2,2021-04-14,KERSER,0.15,0.15,0.15,NA,80,3.3333333333333335,Schindler-Patalas,lake,2021,4,9.326239379543006,exact_month_year
LIRO,LIRO.AOS.buoy.c1,2021-04-14,KERTAU,0.2,0.2,0.2,NA,19600,13.424657534246576,tow net,lake,2021,4,9.326239379543006,exact_month_year
LIRO,LIRO.AOS.littoral1,2021-04-14,KERTAU,0.2,0.2,0.2,NA,1113,46.375,Schindler-Patalas,lake,2021,4,9.326239379543006,exact_month_year
LIRO,LIRO.AOS.littoral2,2021-04-14,KERTAU,0.204,0.2,0.225,NA,5280,220,Schindler-Patalas,lake,2021,4,9.326239379543006,exact_month_year
LIRO,LIRO.AOS.buoy.c1,2021-04-14,KERTES,0.113,0.1,0.15,NA,74900,51.3013698630137,tow net,lake,2021,4,9.326239379543006,exact_month_year
LIRO,LIRO.AOS.littoral1,2021-04-14,KERTES,0.125,0.1,0.15,NA,252,10.5,Schindler-Patalas,lake,2021,4,9.326239379543006,exact_month_year
LIRO,LIRO.AOS.littoral2,2021-04-14,KERTES,0.121,0.1,0.125,NA,480,20,Schindler-Patalas,lake,2021,4,9.326239379543006,exact_month_year
LIRO,LIRO.AOS.littoral2,2021-04-14,LEPMIN,1.063,1.05,1.075,NA,160,6.666666666666667,Schindler-Patalas,lake,2021,4,9.326239379543006,exact_month_year
LIRO,LIRO.AOS.buoy.c1,2021-04-14,POLSP20,0.1,0.1,0.1,NA,86800,59.45205479452055,tow net,lake,2021,4,9.326239379543006,exact_month_year
LIRO,LIRO.AOS.littoral1,2021-04-14,POLSP20,0.108,0.075,0.15,NA,1281,53.375,Schindler-Patalas,lake,2021,4,9.326239379543006,exact_month_year
LIRO,LIRO.AOS.littoral2,2021-04-14,POLSP20,0.1,0.1,0.1,NA,240,10,Schindler-Patalas,lake,2021,4,9.326239379543006,exact_month_year
LIRO,LIRO.AOS.buoy.c1,2021-04-14,SYNSP8,0.211,0.125,0.3,NA,66500,45.54794520547945,tow net,lake,2021,4,9.326239379543006,exact_month_year
LIRO,LIRO.AOS.littoral1,2021-04-14,SYNSP8,0.189,0.1,0.275,NA,1806,75.25,Schindler-Patalas,lake,2021,4,9.326239379543006,exact_month_year
LIRO,LIRO.AOS.littoral2,2021-04-14,SYNSP8,0.199,0.15,0.275,NA,4880,203.33333333333337,Schindler-Patalas,lake,2021,4,9.326239379543006,exact_month_year
LIRO,LIRO.AOS.littoral2,2021-04-14,TRIMUL,0.2,0.2,0.2,0.1,80,3.3333333333333335,Schindler-Patalas,lake,2021,4,9.326239379543006,exact_month_year
LIRO,LIRO.AOS.littoral2,2021-04-14,TROPRA1,0.55,0.55,0.55,NA,80,3.3333333333333335,Schindler-Patalas,lake,2021,4,9.326239379543006,exact_month_year
LIRO,LIRO.AOS.buoy.c1,2021-07-21,ACASP1,0.3,0.3,0.3,NA,175,0.13318112633181126,tow net,lake,2021,7,25.015978323038212,exact_month_year
LIRO,LIRO.AOS.buoy.c1,2021-07-21,ASCOVA,0.1,0.1,0.1,NA,350,0.2663622526636225,tow net,lake,2021,7,25.015978323038212,exact_month_year
LIRO,LIRO.AOS.buoy.c1,2021-07-21,BDESP,0.2,0.2,0.2,NA,175,0.13318112633181126,tow net,lake,2021,7,25.015978323038212,exact_month_year
LIRO,LIRO.AOS.littoral1,2021-07-21,BDESP,0.175,0.175,0.175,NA,7,0.2916666666666667,Schindler-Patalas,lake,2021,7,25.015978323038212,exact_month_year
LIRO,LIRO.AOS.buoy.c1,2021-07-21,CALSP1,0.486,0.375,0.7,NA,1575,1.1986301369863013,tow net,lake,2021,7,25.015978323038212,exact_month_year
LIRO,LIRO.AOS.littoral1,2021-07-21,CALSP1,0.505,0.375,0.825,NA,307,12.791666666666666,Schindler-Patalas,lake,2021,7,25.015978323038212,exact_month_year
LIRO,LIRO.AOS.littoral2,2021-07-21,CALSP1,0.515,0.325,0.8,NA,130,5.416666666666667,Schindler-Patalas,lake,2021,7,25.015978323038212,exact_month_year
LIRO,LIRO.AOS.littoral1,2021-07-21,COLSP12,NA,NA,NA,0.05,20,0.8333333333333334,Schindler-Patalas,lake,2021,7,25.015978323038212,exact_month_year
LIRO,LIRO.AOS.buoy.c1,2021-07-21,CONSP8,0.075,0.075,0.075,0.05,525,0.3995433789954338,tow net,lake,2021,7,25.015978323038212,exact_month_year
LIRO,LIRO.AOS.littoral2,2021-07-21,CONSP8,0.225,0.225,0.225,0.075,5,0.20833333333333337,Schindler-Patalas,lake,2021,7,25.015978323038212,exact_month_year
LIRO,LIRO.AOS.buoy.c1,2021-07-21,CONUNI,0.075,0.075,0.075,0.05,525,0.3995433789954338,tow net,lake,2021,7,25.015978323038212,exact_month_year
LIRO,LIRO.AOS.buoy.c1,2021-07-21,CYCSP,0.396,0.25,0.8,NA,4025,3.063165905631659,tow net,lake,2021,7,25.015978323038212,exact_month_year
LIRO,LIRO.AOS.littoral1,2021-07-21,CYCSP,0.453,0.25,0.75,NA,180,7.5,Schindler-Patalas,lake,2021,7,25.015978323038212,exact_month_year
LIRO,LIRO.AOS.littoral2,2021-07-21,CYCSP,0.369,0.275,0.575,NA,170,7.083333333333333,Schindler-Patalas,lake,2021,7,25.015978323038212,exact_month_year
LIRO,LIRO.AOS.buoy.c1,2021-07-21,DAPPUL1,1.853,1.15,2.425,NA,1750,1.3318112633181127,tow net,lake,2021,7,25.015978323038212,exact_month_year
LIRO,LIRO.AOS.littoral2,2021-07-21,DAPPUL1,0.848,0.675,1.2,NA,75,3.125,Schindler-Patalas,lake,2021,7,25.015978323038212,exact_month_year
LIRO,LIRO.AOS.buoy.c1,2021-07-21,DAPSP1,0.765,0.675,0.925,NA,1750,1.3318112633181127,tow net,lake,2021,7,25.015978323038212,exact_month_year
LIRO,LIRO.AOS.buoy.c1,2021-07-21,DIASP10,0.589,0.45,0.95,NA,1225,0.9322678843226788,tow net,lake,2021,7,25.015978323038212,exact_month_year
LIRO,LIRO.AOS.littoral1,2021-07-21,DIASP10,0.65,0.45,0.75,NA,20,0.8333333333333334,Schindler-Patalas,lake,2021,7,25.015978323038212,exact_month_year
LIRO,LIRO.AOS.littoral2,2021-07-21,DIASP10,0.756,0.5,1,NA,20,0.8333333333333334,Schindler-Patalas,lake,2021,7,25.015978323038212,exact_month_year
LIRO,LIRO.AOS.buoy.c1,2021-07-21,EPILAC,2.35,2.35,2.35,NA,175,0.13318112633181126,tow net,lake,2021,7,25.015978323038212,exact_month_year
LIRO,LIRO.AOS.buoy.c1,2021-07-21,GASSTY,0.1,0.1,0.1,NA,175,0.13318112633181126,tow net,lake,2021,7,25.015978323038212,exact_month_year
LIRO,LIRO.AOS.buoy.c1,2021-07-21,HOLGIB,1.55,1.5,1.575,NA,525,0.3995433789954338,tow net,lake,2021,7,25.015978323038212,exact_month_year
LIRO,LIRO.AOS.littoral1,2021-07-21,KELBOS,0.1,0.1,0.1,NA,7,0.2916666666666667,Schindler-Patalas,lake,2021,7,25.015978323038212,exact_month_year
LIRO,LIRO.AOS.littoral2,2021-07-21,KELBOS,0.1,0.1,0.1,NA,5,0.20833333333333337,Schindler-Patalas,lake,2021,7,25.015978323038212,exact_month_year
LIRO,LIRO.AOS.buoy.c1,2021-07-21,KELLON,0.15,0.15,0.15,NA,29925,22.773972602739725,tow net,lake,2021,7,25.015978323038212,exact_month_year
LIRO,LIRO.AOS.littoral1,2021-07-21,KELLON,0.125,0.125,0.125,NA,260,10.833333333333334,Schindler-Patalas,lake,2021,7,25.015978323038212,exact_month_year
LIRO,LIRO.AOS.littoral2,2021-07-21,KELLON,0.125,0.125,0.125,NA,210,8.75,Schindler-Patalas,lake,2021,7,25.015978323038212,exact_month_year
LIRO,LIRO.AOS.buoy.c1,2021-07-21,KERCOC,0.151,0.125,0.175,NA,4900,3.7290715372907153,tow net,lake,2021,7,25.015978323038212,exact_month_year
LIRO,LIRO.AOS.littoral1,2021-07-21,KERCOC,0.125,0.125,0.125,NA,20,0.8333333333333334,Schindler-Patalas,lake,2021,7,25.015978323038212,exact_month_year
LIRO,LIRO.AOS.buoy.c1,2021-07-21,KERCRA,0.168,0.15,0.175,NA,1225,0.9322678843226788,tow net,lake,2021,7,25.015978323038212,exact_month_year
LIRO,LIRO.AOS.buoy.c1,2021-07-21,KERTAU,0.238,0.2,0.25,NA,1050,0.7990867579908676,tow net,lake,2021,7,25.015978323038212,exact_month_year
LIRO,LIRO.AOS.littoral1,2021-07-21,KERTAU,0.225,0.15,0.25,NA,193,8.041666666666666,Schindler-Patalas,lake,2021,7,25.015978323038212,exact_month_year
LIRO,LIRO.AOS.littoral2,2021-07-21,KERTAU,0.231,0.15,0.25,NA,120,5,Schindler-Patalas,lake,2021,7,25.015978323038212,exact_month_year
LIRO,LIRO.AOS.buoy.c1,2021-07-21,LEPMIN,0.877,0.825,0.95,NA,2450,1.8645357686453576,tow net,lake,2021,7,25.015978323038212,exact_month_year
LIRO,LIRO.AOS.littoral1,2021-07-21,LEPMIN,0.88,0.75,0.925,NA,100,4.166666666666667,Schindler-Patalas,lake,2021,7,25.015978323038212,exact_month_year
LIRO,LIRO.AOS.littoral2,2021-07-21,LEPMIN,0.87,0.75,1,NA,415,17.291666666666668,Schindler-Patalas,lake,2021,7,25.015978323038212,exact_month_year
LIRO,LIRO.AOS.buoy.c1,2021-07-21,MESEDA,1.129,0.825,1.55,NA,1050,0.7990867579908676,tow net,lake,2021,7,25.015978323038212,exact_month_year
LIRO,LIRO.AOS.littoral1,2021-07-21,MESEDA,0.985,0.775,1.2,NA,67,2.7916666666666665,Schindler-Patalas,lake,2021,7,25.015978323038212,exact_month_year
LIRO,LIRO.AOS.littoral2,2021-07-21,MESEDA,1.088,0.875,1.3,NA,40,1.6666666666666667,Schindler-Patalas,lake,2021,7,25.015978323038212,exact_month_year
LIRO,LIRO.AOS.buoy.c1,2021-07-21,ORTMOD,0.938,0.825,1.05,NA,350,0.2663622526636225,tow net,lake,2021,7,25.015978323038212,exact_month_year
LIRO,LIRO.AOS.buoy.c1,2021-07-21,POLSP20,0.098,0.075,0.1,NA,9100,6.925418569254186,tow net,lake,2021,7,25.015978323038212,exact_month_year
LIRO,LIRO.AOS.littoral1,2021-07-21,POLSP20,0.1,0.1,0.1,NA,427,17.791666666666668,Schindler-Patalas,lake,2021,7,25.015978323038212,exact_month_year
LIRO,LIRO.AOS.littoral2,2021-07-21,POLSP20,0.1,0.1,0.1,NA,185,7.708333333333333,Schindler-Patalas,lake,2021,7,25.015978323038212,exact_month_year
LIRO,LIRO.AOS.littoral2,2021-07-21,TRISP31,0.35,0.35,0.35,0.075,5,0.20833333333333337,Schindler-Patalas,lake,2021,7,25.015978323038212,exact_month_year
LIRO,LIRO.AOS.buoy.c1,2021-07-21,TROPRA1,0.489,0.425,0.55,NA,1925,1.464992389649924,tow net,lake,2021,7,25.015978323038212,exact_month_year
LIRO,LIRO.AOS.littoral1,2021-07-21,TROPRA1,0.479,0.425,0.575,NA,227,9.458333333333334,Schindler-Patalas,lake,2021,7,25.015978323038212,exact_month_year
LIRO,LIRO.AOS.littoral2,2021-07-21,TROPRA1,0.515,0.425,0.575,NA,190,7.916666666666667,Schindler-Patalas,lake,2021,7,25.015978323038212,exact_month_year
LIRO,LIRO.AOS.buoy.c1,2021-09-09,CHASP13,3,3,3,NA,50,0.04280821917808219,tow net,lake,2021,9,19.665160025997935,exact_month_year
LIRO,LIRO.AOS.littoral1,2021-09-09,CONSP9,0.15,0.15,0.15,0.08,25,1.0416666666666667,Schindler-Patalas,lake,2021,9,19.665160025997935,exact_month_year
LIRO,LIRO.AOS.littoral2,2021-09-09,CONSP9,0.06,0.06,0.06,0.04,282,11.75,Schindler-Patalas,lake,2021,9,19.665160025997935,exact_month_year
LIRO,LIRO.AOS.buoy.c1,2021-09-09,CYCSP1,0.55,0.4,0.7,NA,7200,6.164383561643835,tow net,lake,2021,9,19.665160025997935,exact_month_year
LIRO,LIRO.AOS.littoral1,2021-09-09,CYCSP1,0.3,0.3,0.3,NA,555,23.125,Schindler-Patalas,lake,2021,9,19.665160025997935,exact_month_year
LIRO,LIRO.AOS.littoral2,2021-09-09,CYCSP1,0.45,0.3,0.6,NA,77,3.2083333333333335,Schindler-Patalas,lake,2021,9,19.665160025997935,exact_month_year
LIRO,LIRO.AOS.buoy.c1,2021-09-09,DAPSP1,1.333,0.8,1.8,NA,750,0.6421232876712328,tow net,lake,2021,9,19.665160025997935,exact_month_year
LIRO,LIRO.AOS.littoral1,2021-09-09,DAPSP1,1.35,1.2,1.5,NA,10,0.4166666666666667,Schindler-Patalas,lake,2021,9,19.665160025997935,exact_month_year
LIRO,LIRO.AOS.littoral2,2021-09-09,DAPSP1,0.9,0.8,1,NA,9,0.375,Schindler-Patalas,lake,2021,9,19.665160025997935,exact_month_year
LIRO,LIRO.AOS.buoy.c1,2021-09-09,HOLGIB,1.1,0.8,1.4,NA,250,0.21404109589041095,tow net,lake,2021,9,19.665160025997935,exact_month_year
LIRO,LIRO.AOS.littoral1,2021-09-09,HOLGIB,0.7,0.6,0.8,NA,120,5,Schindler-Patalas,lake,2021,9,19.665160025997935,exact_month_year
LIRO,LIRO.AOS.littoral2,2021-09-09,HOLGIB,0.8,0.6,1,NA,5,0.20833333333333337,Schindler-Patalas,lake,2021,9,19.665160025997935,exact_month_year
LIRO,LIRO.AOS.buoy.c1,2021-09-09,KELLON,0.3,0.3,0.3,0.1,9300,7.962328767123288,tow net,lake,2021,9,19.665160025997935,exact_month_year
LIRO,LIRO.AOS.littoral1,2021-09-09,KELLON,0.1,0.1,0.1,0.06,20,0.8333333333333334,Schindler-Patalas,lake,2021,9,19.665160025997935,exact_month_year
LIRO,LIRO.AOS.littoral2,2021-09-09,KELLON,0.3,0.3,0.3,0.1,26,1.0833333333333333,Schindler-Patalas,lake,2021,9,19.665160025997935,exact_month_year
LIRO,LIRO.AOS.buoy.c1,2021-09-09,KERCOC,0.08,0.08,0.08,0.06,100,0.08561643835616438,tow net,lake,2021,9,19.665160025997935,exact_month_year
LIRO,LIRO.AOS.littoral1,2021-09-09,KERTAU,0.3,0.3,0.3,0.1,30,1.25,Schindler-Patalas,lake,2021,9,19.665160025997935,exact_month_year
LIRO,LIRO.AOS.littoral2,2021-09-09,KERTAU,0.3,0.3,0.3,0.1,12,0.5,Schindler-Patalas,lake,2021,9,19.665160025997935,exact_month_year
LIRO,LIRO.AOS.littoral1,2021-09-09,LEPMIN,1,1,1,NA,75,3.125,Schindler-Patalas,lake,2021,9,19.665160025997935,exact_month_year
LIRO,LIRO.AOS.littoral2,2021-09-09,LEPMIN,1.1,1.1,1.1,NA,21,0.875,Schindler-Patalas,lake,2021,9,19.665160025997935,exact_month_year
LIRO,LIRO.AOS.buoy.c1,2021-09-09,LEPSP31,1.2,1.2,1.2,NA,250,0.21404109589041095,tow net,lake,2021,9,19.665160025997935,exact_month_year
LIRO,LIRO.AOS.littoral1,2021-09-09,LEPSP31,0.8,0.6,1,NA,650,27.083333333333332,Schindler-Patalas,lake,2021,9,19.665160025997935,exact_month_year
LIRO,LIRO.AOS.littoral2,2021-09-09,LEPSP31,0.8,0.8,0.8,NA,91,3.7916666666666665,Schindler-Patalas,lake,2021,9,19.665160025997935,exact_month_year
LIRO,LIRO.AOS.buoy.c1,2021-09-09,MESEDA,1.6,1.6,1.6,NA,200,0.17123287671232876,tow net,lake,2021,9,19.665160025997935,exact_month_year
LIRO,LIRO.AOS.littoral1,2021-09-09,MESEDA,1.3,1.3,1.3,NA,15,0.625,Schindler-Patalas,lake,2021,9,19.665160025997935,exact_month_year
LIRO,LIRO.AOS.littoral2,2021-09-09,MESEDA,1.4,1.4,1.4,NA,2,0.08333333333333333,Schindler-Patalas,lake,2021,9,19.665160025997935,exact_month_year
LIRO,LIRO.AOS.littoral2,2021-09-09,SIDCRY,1.4,1.4,1.4,NA,2,0.08333333333333333,Schindler-Patalas,lake,2021,9,19.665160025997935,exact_month_year
LIRO,LIRO.AOS.buoy.c1,2022-05-16,ASPSP4,0.2,0.15,0.25,0.135,700,0.5155398438650759,tow net,lake,2022,5,15.377664867379158,exact_month_year
LIRO,LIRO.AOS.littoral1,2022-05-16,ASPSP4,0.375,0.15,0.6,0.285,25,1.0416666666666667,Schindler-Patalas,lake,2022,5,15.377664867379158,exact_month_year
LIRO,LIRO.AOS.buoy.c1,2022-05-16,CHASP13,10,10,10,NA,50,0.03682427456179113,tow net,lake,2022,5,15.377664867379158,exact_month_year
LIRO,LIRO.AOS.buoy.c1,2022-05-16,CONSP9,0.2,0.2,0.2,0.05,300,0.2209456473707468,tow net,lake,2022,5,15.377664867379158,exact_month_year
LIRO,LIRO.AOS.littoral1,2022-05-16,CONSP9,2,2,2,0.08,295,12.291666666666666,Schindler-Patalas,lake,2022,5,15.377664867379158,exact_month_year
LIRO,LIRO.AOS.buoy.c1,2022-05-16,CYCSP1,0.7,0.6,0.8,NA,1900,1.3993224333480632,tow net,lake,2022,5,15.377664867379158,exact_month_year
LIRO,LIRO.AOS.littoral1,2022-05-16,CYCSP1,0.8,0.6,1,NA,45,1.875,Schindler-Patalas,lake,2022,5,15.377664867379158,exact_month_year
LIRO,LIRO.AOS.littoral2,2022-05-16,CYCSP1,0.7,0.6,0.8,NA,9,0.375,Schindler-Patalas,lake,2022,5,15.377664867379158,exact_month_year
LIRO,LIRO.AOS.buoy.c1,2022-05-16,DAPSP1,1.2,1.2,1.2,NA,200,0.14729709824716453,tow net,lake,2022,5,15.377664867379158,exact_month_year
LIRO,LIRO.AOS.littoral1,2022-05-16,DAPSP1,1.5,1.5,1.5,NA,5,0.20833333333333337,Schindler-Patalas,lake,2022,5,15.377664867379158,exact_month_year
LIRO,LIRO.AOS.buoy.c1,2022-05-16,GASSP6,0.09,0.08,0.1,0.07,900,0.6628369421122404,tow net,lake,2022,5,15.377664867379158,exact_month_year
LIRO,LIRO.AOS.littoral1,2022-05-16,GASSP6,0.1,0.1,0.1,0.09,30,1.25,Schindler-Patalas,lake,2022,5,15.377664867379158,exact_month_year
LIRO,LIRO.AOS.buoy.c1,2022-05-16,HOLGIB,1.35,1.2,1.5,NA,600,0.4418912947414936,tow net,lake,2022,5,15.377664867379158,exact_month_year
LIRO,LIRO.AOS.buoy.c1,2022-05-16,KELLON,0.15,0.15,0.15,0.05,1100,0.810134040359405,tow net,lake,2022,5,15.377664867379158,exact_month_year
LIRO,LIRO.AOS.littoral1,2022-05-16,KELLON,0.15,0.15,0.15,0.05,140,5.833333333333333,Schindler-Patalas,lake,2022,5,15.377664867379158,exact_month_year
LIRO,LIRO.AOS.littoral2,2022-05-16,KELLON,0.15,0.15,0.15,0.05,82,3.4166666666666665,Schindler-Patalas,lake,2022,5,15.377664867379158,exact_month_year
LIRO,LIRO.AOS.buoy.c1,2022-05-16,KERCOC,0.1,0.1,0.1,0.05,2550,1.878038002651348,tow net,lake,2022,5,15.377664867379158,exact_month_year
LIRO,LIRO.AOS.littoral1,2022-05-16,KERCOC,0.1,0.1,0.1,0.05,130,5.416666666666667,Schindler-Patalas,lake,2022,5,15.377664867379158,exact_month_year
LIRO,LIRO.AOS.littoral2,2022-05-16,KERCOC,0.1,0.1,0.1,0.05,17,0.7083333333333334,Schindler-Patalas,lake,2022,5,15.377664867379158,exact_month_year
LIRO,LIRO.AOS.buoy.c1,2022-05-16,KERTAU,0.12,0.12,0.12,0.06,300,0.2209456473707468,tow net,lake,2022,5,15.377664867379158,exact_month_year
LIRO,LIRO.AOS.littoral1,2022-05-16,KERTAU,0.13,0.13,0.13,0.5,215,8.958333333333334,Schindler-Patalas,lake,2022,5,15.377664867379158,exact_month_year
LIRO,LIRO.AOS.littoral2,2022-05-16,KERTAU,0.12,0.12,0.12,0.05,32,1.3333333333333333,Schindler-Patalas,lake,2022,5,15.377664867379158,exact_month_year
LIRO,LIRO.AOS.buoy.c1,2022-05-16,KERTES,0.1,0.1,0.1,0.08,6250,4.603034320223892,tow net,lake,2022,5,15.377664867379158,exact_month_year
LIRO,LIRO.AOS.littoral2,2022-05-16,LECSP1,0.12,0.12,0.12,0.1,7,0.2916666666666667,Schindler-Patalas,lake,2022,5,15.377664867379158,exact_month_year
LIRO,LIRO.AOS.buoy.c1,2022-05-16,LEPMIN,0.8,0.8,0.8,NA,100,0.07364854912358226,tow net,lake,2022,5,15.377664867379158,exact_month_year
LIRO,LIRO.AOS.littoral1,2022-05-16,LEPMIN,1,1,1,NA,10,0.4166666666666667,Schindler-Patalas,lake,2022,5,15.377664867379158,exact_month_year
LIRO,LIRO.AOS.buoy.c1,2022-05-16,LEPSP31,0.6,0.4,0.8,NA,1050,0.7733097657976138,tow net,lake,2022,5,15.377664867379158,exact_month_year
LIRO,LIRO.AOS.littoral1,2022-05-16,LEPSP31,0.66,0.4,1,NA,525,21.875,Schindler-Patalas,lake,2022,5,15.377664867379158,exact_month_year
LIRO,LIRO.AOS.littoral2,2022-05-16,LEPSP31,0.5,0.4,0.6,NA,2,0.08333333333333333,Schindler-Patalas,lake,2022,5,15.377664867379158,exact_month_year
LIRO,LIRO.AOS.buoy.c1,2022-05-16,MESEDA,1,1,1,NA,100,0.07364854912358226,tow net,lake,2022,5,15.377664867379158,exact_month_year
LIRO,LIRO.AOS.buoy.c1,2022-05-16,POLSP20,0.09,0.09,0.09,0.09,900,0.6628369421122404,tow net,lake,2022,5,15.377664867379158,exact_month_year
LIRO,LIRO.AOS.littoral1,2022-05-16,POLSP20,0.1,0.1,0.1,0.1,65,2.7083333333333335,Schindler-Patalas,lake,2022,5,15.377664867379158,exact_month_year
LIRO,LIRO.AOS.buoy.c1,2022-05-16,POMSP5,0.1,0.08,0.12,0.1,1050,0.7733097657976138,tow net,lake,2022,5,15.377664867379158,exact_month_year
LIRO,LIRO.AOS.littoral1,2022-05-16,POMSP5,0.1,0.1,0.1,0.08,10,0.4166666666666667,Schindler-Patalas,lake,2022,5,15.377664867379158,exact_month_year
LIRO,LIRO.AOS.littoral2,2022-05-16,ROTSP,0.12,0.12,0.12,0.08,2,0.08333333333333333,Schindler-Patalas,lake,2022,5,15.377664867379158,exact_month_year
LIRO,LIRO.AOS.buoy.c1,2022-05-16,TRISP31,0.15,0.15,0.15,0.05,150,0.1104728236853734,tow net,lake,2022,5,15.377664867379158,exact_month_year
LIRO,LIRO.AOS.littoral1,2022-05-16,TRISP31,0.35,0.35,0.35,0.08,5,0.20833333333333337,Schindler-Patalas,lake,2022,5,15.377664867379158,exact_month_year
LIRO,LIRO.AOS.buoy.c1,2022-07-20,CALSP1,1.1,0.8,1.5,NA,1400,1.06544901065449,tow net,lake,2022,7,24.279277149739563,exact_month_year
LIRO,LIRO.AOS.littoral1,2022-07-20,CALSP1,0.6,0.4,0.8,NA,213,8.875,Schindler-Patalas,lake,2022,7,24.279277149739563,exact_month_year
LIRO,LIRO.AOS.littoral2,2022-07-20,CALSP1,0.8,0.6,1,NA,275,11.458333333333334,Schindler-Patalas,lake,2022,7,24.279277149739563,exact_month_year
LIRO,LIRO.AOS.buoy.c1,2022-07-20,CHASP13,8,8,8,NA,40,0.030441400304414,tow net,lake,2022,7,24.279277149739563,exact_month_year
LIRO,LIRO.AOS.buoy.c1,2022-07-20,CYCSP,0.6,0.4,0.8,NA,240,0.182648401826484,tow net,lake,2022,7,24.279277149739563,exact_month_year
LIRO,LIRO.AOS.littoral2,2022-07-20,CYCSP,0.6,0.4,0.8,NA,75,3.125,Schindler-Patalas,lake,2022,7,24.279277149739563,exact_month_year
LIRO,LIRO.AOS.littoral1,2022-07-20,CYCSP1,0.6,0.4,0.8,NA,120,5,Schindler-Patalas,lake,2022,7,24.279277149739563,exact_month_year
LIRO,LIRO.AOS.buoy.c1,2022-07-20,DAPSP1,1.233,1,1.5,NA,3120,2.374429223744292,tow net,lake,2022,7,24.279277149739563,exact_month_year
LIRO,LIRO.AOS.littoral2,2022-07-20,DIASP10,0.7,0.4,1,NA,10,0.4166666666666667,Schindler-Patalas,lake,2022,7,24.279277149739563,exact_month_year
LIRO,LIRO.AOS.buoy.c1,2022-07-20,GASSP6,0.08,0.08,0.08,0.06,80,0.060882800608828,tow net,lake,2022,7,24.279277149739563,exact_month_year
LIRO,LIRO.AOS.littoral1,2022-07-20,GASSP6,0.1,0.1,0.1,0.1,23,0.9583333333333334,Schindler-Patalas,lake,2022,7,24.279277149739563,exact_month_year
LIRO,LIRO.AOS.littoral2,2022-07-20,GASSP6,0.1,0.1,0.1,0.1,15,0.625,Schindler-Patalas,lake,2022,7,24.279277149739563,exact_month_year
LIRO,LIRO.AOS.buoy.c1,2022-07-20,HOLGIB,1.9,1.8,2,NA,720,0.547945205479452,tow net,lake,2022,7,24.279277149739563,exact_month_year
LIRO,LIRO.AOS.buoy.c1,2022-07-20,KELLON,0.1,0.1,0.1,0.04,40,0.030441400304414,tow net,lake,2022,7,24.279277149739563,exact_month_year
LIRO,LIRO.AOS.buoy.c1,2022-07-20,KERCOC,0.1,0.1,0.1,0.06,720,0.547945205479452,tow net,lake,2022,7,24.279277149739563,exact_month_year
LIRO,LIRO.AOS.littoral1,2022-07-20,KERCOC,0.1,0.1,0.1,0.06,3,0.125,Schindler-Patalas,lake,2022,7,24.279277149739563,exact_month_year
LIRO,LIRO.AOS.buoy.c1,2022-07-20,KERTAU,0.1,0.1,0.1,0.06,80,0.060882800608828,tow net,lake,2022,7,24.279277149739563,exact_month_year
LIRO,LIRO.AOS.littoral1,2022-07-20,KERTAU,0.1,0.1,0.1,0.07,67,2.7916666666666665,Schindler-Patalas,lake,2022,7,24.279277149739563,exact_month_year
LIRO,LIRO.AOS.littoral2,2022-07-20,KERTAU,0.1,0.1,0.1,0.06,90,3.75,Schindler-Patalas,lake,2022,7,24.279277149739563,exact_month_year
LIRO,LIRO.AOS.buoy.c1,2022-07-20,LEPMIN,0.8,0.8,0.8,NA,80,0.060882800608828,tow net,lake,2022,7,24.279277149739563,exact_month_year
LIRO,LIRO.AOS.littoral1,2022-07-20,LEPMIN,0.8,0.8,0.8,NA,57,2.375,Schindler-Patalas,lake,2022,7,24.279277149739563,exact_month_year
LIRO,LIRO.AOS.littoral2,2022-07-20,LEPMIN,0.8,0.8,0.8,NA,15,0.625,Schindler-Patalas,lake,2022,7,24.279277149739563,exact_month_year
LIRO,LIRO.AOS.buoy.c1,2022-07-20,MESEDA,1,1,1,NA,200,0.15220700152207,tow net,lake,2022,7,24.279277149739563,exact_month_year
LIRO,LIRO.AOS.littoral1,2022-07-20,MESEDA,1.1,1,1.2,NA,47,1.9583333333333333,Schindler-Patalas,lake,2022,7,24.279277149739563,exact_month_year
LIRO,LIRO.AOS.littoral2,2022-07-20,MESEDA,1,1,1,NA,10,0.4166666666666667,Schindler-Patalas,lake,2022,7,24.279277149739563,exact_month_year
LIRO,LIRO.AOS.buoy.c1,2022-07-20,POLSP20,0.1,0.1,0.1,0.08,80,0.060882800608828,tow net,lake,2022,7,24.279277149739563,exact_month_year
LIRO,LIRO.AOS.littoral1,2022-07-20,POLSP20,0.09,0.08,0.1,0.055,30,1.25,Schindler-Patalas,lake,2022,7,24.279277149739563,exact_month_year
LIRO,LIRO.AOS.littoral2,2022-07-20,POLSP20,0.1,0.1,0.1,0.06,60,2.5,Schindler-Patalas,lake,2022,7,24.279277149739563,exact_month_year
LIRO,LIRO.AOS.buoy.c1,2022-07-20,TESSP2,0.14,0.14,0.14,0.14,33400,25.41856925418569,tow net,lake,2022,7,24.279277149739563,exact_month_year
LIRO,LIRO.AOS.littoral2,2022-07-20,TESSP2,0.03,0.03,0.03,0.03,1505,62.708333333333336,Schindler-Patalas,lake,2022,7,24.279277149739563,exact_month_year
LIRO,LIRO.AOS.littoral2,2022-07-20,TRISP31,0.45,0.45,0.45,0.14,5,0.20833333333333337,Schindler-Patalas,lake,2022,7,24.279277149739563,exact_month_year
LIRO,LIRO.AOS.littoral1,2022-09-08,ASCSP1,0.1,0.1,0.1,0.08,5,0.20833333333333337,Schindler-Patalas,lake,2022,9,19.983185135933805,exact_month_year
LIRO,LIRO.AOS.littoral2,2022-09-08,BOSLON,0.2,0.2,0.2,NA,8,0.3333333333333333,Schindler-Patalas,lake,2022,9,19.983185135933805,exact_month_year
LIRO,LIRO.AOS.buoy.c1,2022-09-08,CALSP1,0.8,0.6,1,NA,1850,1.5839041095890412,tow net,lake,2022,9,19.983185135933805,exact_month_year
LIRO,LIRO.AOS.littoral1,2022-09-08,CALSP1,0.7,0.4,1,NA,370,15.416666666666666,Schindler-Patalas,lake,2022,9,19.983185135933805,exact_month_year
LIRO,LIRO.AOS.littoral2,2022-09-08,CALSP1,0.767,0.5,1,NA,480,20,Schindler-Patalas,lake,2022,9,19.983185135933805,exact_month_year
LIRO,LIRO.AOS.littoral2,2022-09-08,CONUNI,0.2,0.2,0.2,0.1,30,1.25,Schindler-Patalas,lake,2022,9,19.983185135933805,exact_month_year
LIRO,LIRO.AOS.buoy.c1,2022-09-08,CYCSP,0.6,0.4,0.8,NA,3100,2.654109589041096,tow net,lake,2022,9,19.983185135933805,exact_month_year
LIRO,LIRO.AOS.littoral1,2022-09-08,CYCSP,0.733,0.4,1,NA,330,13.75,Schindler-Patalas,lake,2022,9,19.983185135933805,exact_month_year
LIRO,LIRO.AOS.littoral2,2022-09-08,CYCSP,0.5,0.4,0.6,NA,263,10.958333333333334,Schindler-Patalas,lake,2022,9,19.983185135933805,exact_month_year
LIRO,LIRO.AOS.buoy.c1,2022-09-08,DAPSP1,0.733,0.4,1.2,NA,1050,0.898972602739726,tow net,lake,2022,9,19.983185135933805,exact_month_year
LIRO,LIRO.AOS.littoral1,2022-09-08,DIASP10,0.4,0.4,0.4,NA,5,0.20833333333333337,Schindler-Patalas,lake,2022,9,19.983185135933805,exact_month_year
LIRO,LIRO.AOS.littoral2,2022-09-08,DIASP10,0.45,0.4,0.5,NA,23,0.9583333333333334,Schindler-Patalas,lake,2022,9,19.983185135933805,exact_month_year
LIRO,LIRO.AOS.littoral1,2022-09-08,GASSP6,0.08,0.08,0.08,0.06,5,0.20833333333333337,Schindler-Patalas,lake,2022,9,19.983185135933805,exact_month_year
LIRO,LIRO.AOS.buoy.c1,2022-09-08,HOLGIB,2.3,2.3,2.3,NA,200,0.17123287671232876,tow net,lake,2022,9,19.983185135933805,exact_month_year
LIRO,LIRO.AOS.littoral2,2022-09-08,HOLGIB,0.567,0.4,0.7,NA,195,8.125,Schindler-Patalas,lake,2022,9,19.983185135933805,exact_month_year
LIRO,LIRO.AOS.buoy.c1,2022-09-08,KELLON,0.12,0.12,0.12,0.05,100,0.08561643835616438,tow net,lake,2022,9,19.983185135933805,exact_month_year
LIRO,LIRO.AOS.littoral1,2022-09-08,KELLON,0.13,0.13,0.13,0.05,10,0.4166666666666667,Schindler-Patalas,lake,2022,9,19.983185135933805,exact_month_year
LIRO,LIRO.AOS.littoral2,2022-09-08,KELLON,0.12,0.12,0.12,0.05,15,0.625,Schindler-Patalas,lake,2022,9,19.983185135933805,exact_month_year
LIRO,LIRO.AOS.buoy.c1,2022-09-08,KERCOC,1,1,1,0.06,3000,2.5684931506849313,tow net,lake,2022,9,19.983185135933805,exact_month_year
LIRO,LIRO.AOS.buoy.c1,2022-09-08,KERTAU,0.12,0.12,0.12,0.06,400,0.3424657534246575,tow net,lake,2022,9,19.983185135933805,exact_month_year
LIRO,LIRO.AOS.littoral1,2022-09-08,KERTAU,0.1,0.1,0.1,0.05,15,0.625,Schindler-Patalas,lake,2022,9,19.983185135933805,exact_month_year
LIRO,LIRO.AOS.buoy.c1,2022-09-08,LEPMIN,0.8,0.8,0.8,NA,200,0.17123287671232876,tow net,lake,2022,9,19.983185135933805,exact_month_year
LIRO,LIRO.AOS.littoral1,2022-09-08,LEPMIN,1,1,1,NA,60,2.5,Schindler-Patalas,lake,2022,9,19.983185135933805,exact_month_year
LIRO,LIRO.AOS.littoral2,2022-09-08,LEPMIN,0.8,0.8,0.8,NA,180,7.5,Schindler-Patalas,lake,2022,9,19.983185135933805,exact_month_year
LIRO,LIRO.AOS.buoy.c1,2022-09-08,MESEDA,1.1,1,1.2,NA,500,0.4280821917808219,tow net,lake,2022,9,19.983185135933805,exact_month_year
LIRO,LIRO.AOS.littoral1,2022-09-08,MESEDA,1.1,1,1.2,NA,20,0.8333333333333334,Schindler-Patalas,lake,2022,9,19.983185135933805,exact_month_year
LIRO,LIRO.AOS.buoy.c1,2022-09-08,POLSP20,0.085,0.07,0.1,0.065,3950,3.381849315068493,tow net,lake,2022,9,19.983185135933805,exact_month_year
LIRO,LIRO.AOS.littoral1,2022-09-08,POLSP20,0.1,0.1,0.1,0.08,125,5.208333333333333,Schindler-Patalas,lake,2022,9,19.983185135933805,exact_month_year
LIRO,LIRO.AOS.littoral2,2022-09-08,POLSP20,0.085,0.07,0.1,0.065,75,3.125,Schindler-Patalas,lake,2022,9,19.983185135933805,exact_month_year
LIRO,LIRO.AOS.buoy.c1,2022-09-08,TESSP2,0.04,0.04,0.04,0.04,500,0.4280821917808219,tow net,lake,2022,9,19.983185135933805,exact_month_year
LIRO,LIRO.AOS.littoral1,2022-09-08,TESSP2,0.04,0.04,0.04,0.04,195,8.125,Schindler-Patalas,lake,2022,9,19.983185135933805,exact_month_year
LIRO,LIRO.AOS.littoral2,2022-09-08,TESSP2,0.04,0.04,0.04,0.04,1275,53.125,Schindler-Patalas,lake,2022,9,19.983185135933805,exact_month_year
LIRO,LIRO.AOS.buoy.c1,2023-05-15,CALSP1,0.5,0.4,0.6,NA,720,0.6164383561643836,tow net,lake,2023,5,17.19277493162399,exact_month_year
LIRO,LIRO.AOS.littoral1,2023-05-15,CALSP1,0.5,0.4,0.6,NA,205,8.541666666666666,Schindler-Patalas,lake,2023,5,17.19277493162399,exact_month_year
LIRO,LIRO.AOS.littoral2,2023-05-15,CALSP1,0.5,0.4,0.6,NA,530,22.083333333333332,Schindler-Patalas,lake,2023,5,17.19277493162399,exact_month_year
LIRO,LIRO.AOS.buoy.c1,2023-05-15,CONUNI,0.115,0.08,0.15,0.05,240,0.2054794520547945,tow net,lake,2023,5,17.19277493162399,exact_month_year
LIRO,LIRO.AOS.littoral1,2023-05-15,CONUNI,0.15,0.15,0.15,0.07,180,7.5,Schindler-Patalas,lake,2023,5,17.19277493162399,exact_month_year
LIRO,LIRO.AOS.littoral2,2023-05-15,CONUNI,0.15,0.15,0.15,0.07,140,5.833333333333333,Schindler-Patalas,lake,2023,5,17.19277493162399,exact_month_year
LIRO,LIRO.AOS.buoy.c1,2023-05-15,CYCSP1,0.5,0.4,0.6,NA,3800,3.2534246575342465,tow net,lake,2023,5,17.19277493162399,exact_month_year
LIRO,LIRO.AOS.littoral1,2023-05-15,CYCSP1,0.6,0.4,0.8,NA,55,2.2916666666666665,Schindler-Patalas,lake,2023,5,17.19277493162399,exact_month_year
LIRO,LIRO.AOS.littoral2,2023-05-15,CYCSP1,0.55,0.4,0.7,NA,80,3.3333333333333335,Schindler-Patalas,lake,2023,5,17.19277493162399,exact_month_year
LIRO,LIRO.AOS.buoy.c1,2023-05-15,DIATHO,0.9,0.8,1,NA,240,0.2054794520547945,tow net,lake,2023,5,17.19277493162399,exact_month_year
LIRO,LIRO.AOS.littoral2,2023-05-15,DIATHO,0.8,0.8,0.8,NA,50,2.0833333333333335,Schindler-Patalas,lake,2023,5,17.19277493162399,exact_month_year
LIRO,LIRO.AOS.littoral2,2023-05-15,GASSP6,0.06,0.06,0.06,0.05,10,0.4166666666666667,Schindler-Patalas,lake,2023,5,17.19277493162399,exact_month_year
LIRO,LIRO.AOS.buoy.c1,2023-05-15,HOLGIB,0.5,0.4,0.6,NA,80,0.0684931506849315,tow net,lake,2023,5,17.19277493162399,exact_month_year
LIRO,LIRO.AOS.littoral1,2023-05-15,HOLGIB,0.5,0.4,0.6,NA,10,0.4166666666666667,Schindler-Patalas,lake,2023,5,17.19277493162399,exact_month_year
LIRO,LIRO.AOS.buoy.c1,2023-05-15,KELLON,0.15,0.15,0.15,0.05,15600,13.356164383561644,tow net,lake,2023,5,17.19277493162399,exact_month_year
LIRO,LIRO.AOS.littoral1,2023-05-15,KELLON,0.16,0.16,0.16,0.05,345,14.375,Schindler-Patalas,lake,2023,5,17.19277493162399,exact_month_year
LIRO,LIRO.AOS.littoral2,2023-05-15,KELLON,0.15,0.15,0.15,0.05,50,2.0833333333333335,Schindler-Patalas,lake,2023,5,17.19277493162399,exact_month_year
LIRO,LIRO.AOS.buoy.c1,2023-05-15,KERCOC,0.12,0.12,0.12,0.06,40,0.03424657534246575,tow net,lake,2023,5,17.19277493162399,exact_month_year
LIRO,LIRO.AOS.littoral1,2023-05-15,KERCOC,0.11,0.1,0.12,0.06,70,2.9166666666666665,Schindler-Patalas,lake,2023,5,17.19277493162399,exact_month_year
LIRO,LIRO.AOS.littoral2,2023-05-15,KERCOC,0.1,0.1,0.1,0.06,20,0.8333333333333334,Schindler-Patalas,lake,2023,5,17.19277493162399,exact_month_year
LIRO,LIRO.AOS.buoy.c1,2023-05-15,KERTAU,0.12,0.12,0.12,0.06,160,0.136986301369863,tow net,lake,2023,5,17.19277493162399,exact_month_year
LIRO,LIRO.AOS.littoral1,2023-05-15,KERTAU,0.11,0.1,0.12,0.06,95,3.9583333333333335,Schindler-Patalas,lake,2023,5,17.19277493162399,exact_month_year
LIRO,LIRO.AOS.littoral2,2023-05-15,KERTAU,0.12,0.12,0.12,0.06,140,5.833333333333333,Schindler-Patalas,lake,2023,5,17.19277493162399,exact_month_year
LIRO,LIRO.AOS.buoy.c1,2023-05-15,KERTES,0.1,0.1,0.1,0.07,1240,1.0616438356164384,tow net,lake,2023,5,17.19277493162399,exact_month_year
LIRO,LIRO.AOS.buoy.c1,2023-05-15,LEPMIN,1,1,1,NA,280,0.23972602739726023,tow net,lake,2023,5,17.19277493162399,exact_month_year
LIRO,LIRO.AOS.littoral1,2023-05-15,LEPMIN,0.833,0.7,1,NA,20,0.8333333333333334,Schindler-Patalas,lake,2023,5,17.19277493162399,exact_month_year
LIRO,LIRO.AOS.littoral2,2023-05-15,LEPMIN,0.9,0.8,1,NA,90,3.75,Schindler-Patalas,lake,2023,5,17.19277493162399,exact_month_year
LIRO,LIRO.AOS.buoy.c1,2023-05-15,MESEDA,1.1,1,1.2,NA,280,0.23972602739726023,tow net,lake,2023,5,17.19277493162399,exact_month_year
LIRO,LIRO.AOS.buoy.c1,2023-05-15,POLSP20,0.09,0.08,0.1,0.07,80,0.0684931506849315,tow net,lake,2023,5,17.19277493162399,exact_month_year
LIRO,LIRO.AOS.buoy.c1,2023-05-15,TESSP2,0.11,0.1,0.12,0.09,320,0.273972602739726,tow net,lake,2023,5,17.19277493162399,exact_month_year
LIRO,LIRO.AOS.littoral2,2023-05-15,TESSP2,0.12,0.12,0.12,0.12,10,0.4166666666666667,Schindler-Patalas,lake,2023,5,17.19277493162399,exact_month_year
LIRO,LIRO.AOS.littoral1,2023-05-15,TRISP31,0.12,0.12,0.12,0.05,5,0.20833333333333337,Schindler-Patalas,lake,2023,5,17.19277493162399,exact_month_year
LIRO,LIRO.AOS.littoral2,2023-07-24,BOSLON,0.2,0.2,0.2,NA,5,0.20833333333333337,Schindler-Patalas,lake,2023,7,23.784128631892013,exact_month_year
LIRO,LIRO.AOS.buoy.c1,2023-07-24,CHASP13,7,6,8,NA,280,0.20621593754603035,tow net,lake,2023,7,23.784128631892013,exact_month_year
LIRO,LIRO.AOS.buoy.c1,2023-07-24,CYCSP1,0.52,0.3,0.8,NA,1040,0.7659449108852556,tow net,lake,2023,7,23.784128631892013,exact_month_year
LIRO,LIRO.AOS.littoral1,2023-07-24,CYCSP1,0.4,0.3,0.5,NA,20,0.8333333333333334,Schindler-Patalas,lake,2023,7,23.784128631892013,exact_month_year
LIRO,LIRO.AOS.littoral2,2023-07-24,CYCSP1,0.52,0.3,0.8,NA,95,3.9583333333333335,Schindler-Patalas,lake,2023,7,23.784128631892013,exact_month_year
LIRO,LIRO.AOS.buoy.c1,2023-07-24,DAPSP1,1.317,0.7,1.8,NA,2520,1.8559434379142732,tow net,lake,2023,7,23.784128631892013,exact_month_year
LIRO,LIRO.AOS.buoy.c1,2023-07-24,DIASP10,1,1,1,NA,40,0.0294594196494329,tow net,lake,2023,7,23.784128631892013,exact_month_year
LIRO,LIRO.AOS.littoral1,2023-07-24,DIASP10,0.4,0.4,0.4,NA,5,0.20833333333333337,Schindler-Patalas,lake,2023,7,23.784128631892013,exact_month_year
LIRO,LIRO.AOS.littoral2,2023-07-24,DIASP10,0.55,0.5,0.6,NA,10,0.4166666666666667,Schindler-Patalas,lake,2023,7,23.784128631892013,exact_month_year
LIRO,LIRO.AOS.buoy.c1,2023-07-24,GASSP6,0.1,0.1,0.1,0.08,40,0.0294594196494329,tow net,lake,2023,7,23.784128631892013,exact_month_year
LIRO,LIRO.AOS.buoy.c1,2023-07-24,HOLGIB,1.14,0.4,1.7,NA,360,0.26513477684489617,tow net,lake,2023,7,23.784128631892013,exact_month_year
LIRO,LIRO.AOS.buoy.c1,2023-07-24,KELLON,0.125,0.1,0.15,0.055,4600,3.3878332596847844,tow net,lake,2023,7,23.784128631892013,exact_month_year
LIRO,LIRO.AOS.littoral1,2023-07-24,KELLON,0.15,0.15,0.15,0.06,20,0.8333333333333334,Schindler-Patalas,lake,2023,7,23.784128631892013,exact_month_year
LIRO,LIRO.AOS.littoral2,2023-07-24,KELLON,0.15,0.15,0.15,0.05,5,0.20833333333333337,Schindler-Patalas,lake,2023,7,23.784128631892013,exact_month_year
LIRO,LIRO.AOS.buoy.c1,2023-07-24,KERCOC,0.1,0.1,0.1,0.05,1120,0.8248637501841214,tow net,lake,2023,7,23.784128631892013,exact_month_year
LIRO,LIRO.AOS.littoral1,2023-07-24,KERCOC,0.1,0.1,0.1,0.05,25,1.0416666666666667,Schindler-Patalas,lake,2023,7,23.784128631892013,exact_month_year
LIRO,LIRO.AOS.littoral2,2023-07-24,KERCOC,0.1,0.1,0.1,0.05,15,0.625,Schindler-Patalas,lake,2023,7,23.784128631892013,exact_month_year
LIRO,LIRO.AOS.buoy.c1,2023-07-24,KERTAU,0.12,0.12,0.12,0.06,320,0.2356753571954633,tow net,lake,2023,7,23.784128631892013,exact_month_year
LIRO,LIRO.AOS.littoral1,2023-07-24,KERTAU,0.12,0.12,0.12,0.06,90,3.75,Schindler-Patalas,lake,2023,7,23.784128631892013,exact_month_year
LIRO,LIRO.AOS.littoral2,2023-07-24,KERTAU,0.12,0.12,0.12,0.06,70,2.9166666666666665,Schindler-Patalas,lake,2023,7,23.784128631892013,exact_month_year
LIRO,LIRO.AOS.buoy.c1,2023-07-24,LEPMIN,0.75,0.7,0.8,NA,560,0.4124318750920607,tow net,lake,2023,7,23.784128631892013,exact_month_year
LIRO,LIRO.AOS.littoral1,2023-07-24,LEPMIN,0.75,0.7,0.8,NA,485,20.208333333333332,Schindler-Patalas,lake,2023,7,23.784128631892013,exact_month_year
LIRO,LIRO.AOS.littoral2,2023-07-24,LEPMIN,0.75,0.7,0.8,NA,365,15.208333333333334,Schindler-Patalas,lake,2023,7,23.784128631892013,exact_month_year
LIRO,LIRO.AOS.buoy.c1,2023-07-24,MESEDA,1.167,1,1.3,NA,480,0.3535130357931949,tow net,lake,2023,7,23.784128631892013,exact_month_year
LIRO,LIRO.AOS.littoral2,2023-07-24,MESEDA,1.2,1.2,1.2,NA,5,0.20833333333333337,Schindler-Patalas,lake,2023,7,23.784128631892013,exact_month_year
LIRO,LIRO.AOS.buoy.c1,2023-07-24,POLSP20,0.09,0.08,0.1,0.07,800,0.5891883929886581,tow net,lake,2023,7,23.784128631892013,exact_month_year
LIRO,LIRO.AOS.littoral1,2023-07-24,POLSP20,0.1,0.1,0.1,0.08,15,0.625,Schindler-Patalas,lake,2023,7,23.784128631892013,exact_month_year
LIRO,LIRO.AOS.littoral2,2023-07-24,POLSP20,0.09,0.08,0.1,0.07,25,1.0416666666666667,Schindler-Patalas,lake,2023,7,23.784128631892013,exact_month_year
LIRO,LIRO.AOS.buoy.c1,2023-07-24,TESSP2,0.09,0.08,0.1,0.09,960,0.7070260715863897,tow net,lake,2023,7,23.784128631892013,exact_month_year
LIRO,LIRO.AOS.littoral1,2023-07-24,TESSP2,0.075,0.05,0.1,0.07,990,41.25,Schindler-Patalas,lake,2023,7,23.784128631892013,exact_month_year
LIRO,LIRO.AOS.littoral2,2023-07-24,TESSP2,0.05,0.05,0.05,0.04,1800,75,Schindler-Patalas,lake,2023,7,23.784128631892013,exact_month_year
LIRO,LIRO.AOS.buoy.c1,2023-09-05,ASCSP1,0.11,0.1,0.12,0.08,329,0.3004566210045662,tow net,lake,2023,9,19.500762263593373,exact_month_year
LIRO,LIRO.AOS.littoral1,2023-09-05,ASPSP4,0.5,0.38,0.6,0.31,140,5.833333333333333,Schindler-Patalas,lake,2023,9,19.500762263593373,exact_month_year
LIRO,LIRO.AOS.littoral1,2023-09-05,BOSSP1,0.35,0.33,0.37,NA,20,0.8333333333333334,Schindler-Patalas,lake,2023,9,19.500762263593373,exact_month_year
LIRO,LIRO.AOS.littoral2,2023-09-05,BOSSP1,0.34,0.2,0.56,NA,23,0.9583333333333334,Schindler-Patalas,lake,2023,9,19.500762263593373,exact_month_year
LIRO,LIRO.AOS.buoy.c1,2023-09-05,BRASP22,0.12,0.12,0.12,0.06,110,0.1004566210045662,tow net,lake,2023,9,19.500762263593373,exact_month_year
LIRO,LIRO.AOS.littoral1,2023-09-05,BRASP22,0.14,0.14,0.15,0.05,20,0.8333333333333334,Schindler-Patalas,lake,2023,9,19.500762263593373,exact_month_year
LIRO,LIRO.AOS.littoral2,2023-09-05,BRASP22,0.12,0.12,0.12,0.08,4,0.16666666666666666,Schindler-Patalas,lake,2023,9,19.500762263593373,exact_month_year
LIRO,LIRO.AOS.buoy.c1,2023-09-05,CALSP1,0.67,0.17,0.99,NA,769,0.7022831050228311,tow net,lake,2023,9,19.500762263593373,exact_month_year
LIRO,LIRO.AOS.littoral1,2023-09-05,CALSP1,0.82,0.51,1.14,NA,250,10.416666666666666,Schindler-Patalas,lake,2023,9,19.500762263593373,exact_month_year
LIRO,LIRO.AOS.littoral2,2023-09-05,CALSP1,0.82,0.36,0.96,NA,240,10,Schindler-Patalas,lake,2023,9,19.500762263593373,exact_month_year
LIRO,LIRO.AOS.buoy.c1,2023-09-05,CHASP4,4.87,2.23,8.71,NA,1098,1.0027397260273974,tow net,lake,2023,9,19.500762263593373,exact_month_year
LIRO,LIRO.AOS.buoy.c1,2023-09-05,COLSP12,0.11,0.09,0.15,0.06,5270,4.812785388127854,tow net,lake,2023,9,19.500762263593373,exact_month_year
LIRO,LIRO.AOS.littoral2,2023-09-05,COLSP12,0.32,0.17,0.38,0.09,34,1.4166666666666667,Schindler-Patalas,lake,2023,9,19.500762263593373,exact_month_year
LIRO,LIRO.AOS.littoral2,2023-09-05,CONSP8,0.2,0.2,0.2,0.06,4,0.16666666666666666,Schindler-Patalas,lake,2023,9,19.500762263593373,exact_month_year
LIRO,LIRO.AOS.littoral2,2023-09-05,CONSP9,0.2,0.2,0.2,0.06,4,0.16666666666666666,Schindler-Patalas,lake,2023,9,19.500762263593373,exact_month_year
LIRO,LIRO.AOS.buoy.c1,2023-09-05,CYCSP,0.35,0.15,0.58,NA,3294,3.0082191780821916,tow net,lake,2023,9,19.500762263593373,exact_month_year
LIRO,LIRO.AOS.littoral1,2023-09-05,CYCSP,0.52,0.4,0.84,NA,1030,42.916666666666664,Schindler-Patalas,lake,2023,9,19.500762263593373,exact_month_year
LIRO,LIRO.AOS.littoral2,2023-09-05,CYCSP,0.46,0.17,0.69,NA,113,4.708333333333333,Schindler-Patalas,lake,2023,9,19.500762263593373,exact_month_year
LIRO,LIRO.AOS.buoy.c1,2023-09-05,DAPSP1,1.38,0.62,2.36,NA,1537,1.4036529680365295,tow net,lake,2023,9,19.500762263593373,exact_month_year
LIRO,LIRO.AOS.littoral1,2023-09-05,DAPSP1,0.81,0.81,0.81,NA,10,0.4166666666666667,Schindler-Patalas,lake,2023,9,19.500762263593373,exact_month_year
LIRO,LIRO.AOS.littoral1,2023-09-05,DAPSP2,0.65,0.36,0.97,NA,200,8.333333333333334,Schindler-Patalas,lake,2023,9,19.500762263593373,exact_month_year
LIRO,LIRO.AOS.buoy.c1,2023-09-05,DIASP10,0.56,0.27,0.91,NA,769,0.7022831050228311,tow net,lake,2023,9,19.500762263593373,exact_month_year
LIRO,LIRO.AOS.littoral2,2023-09-05,DIASP10,0.71,0.34,1.28,NA,71,2.9583333333333335,Schindler-Patalas,lake,2023,9,19.500762263593373,exact_month_year
LIRO,LIRO.AOS.buoy.c1,2023-09-05,EURSP6,0.29,0.29,0.29,NA,110,0.1004566210045662,tow net,lake,2023,9,19.500762263593373,exact_month_year
LIRO,LIRO.AOS.littoral2,2023-09-05,FILSP1,0.2,0.1,0.27,0.08,38,1.5833333333333333,Schindler-Patalas,lake,2023,9,19.500762263593373,exact_month_year
LIRO,LIRO.AOS.buoy.c1,2023-09-05,GASSP6,0.1,0.08,0.11,0.08,549,0.5013698630136987,tow net,lake,2023,9,19.500762263593373,exact_month_year
LIRO,LIRO.AOS.buoy.c1,2023-09-05,HOLSP5,1.21,0.61,1.77,NA,439,0.4009132420091324,tow net,lake,2023,9,19.500762263593373,exact_month_year
LIRO,LIRO.AOS.littoral2,2023-09-05,HOLSP5,0.49,0.17,1.08,NA,41,1.7083333333333333,Schindler-Patalas,lake,2023,9,19.500762263593373,exact_month_year
LIRO,LIRO.AOS.buoy.c1,2023-09-05,HYDSP12,0.28,0.28,0.28,NA,110,0.1004566210045662,tow net,lake,2023,9,19.500762263593373,exact_month_year
LIRO,LIRO.AOS.littoral2,2023-09-05,HYDSP12,0.51,0.39,0.62,NA,8,0.3333333333333333,Schindler-Patalas,lake,2023,9,19.500762263593373,exact_month_year
LIRO,LIRO.AOS.buoy.c1,2023-09-05,KELSP1,0.14,0.09,0.19,0.06,1647,1.5041095890410958,tow net,lake,2023,9,19.500762263593373,exact_month_year
LIRO,LIRO.AOS.littoral2,2023-09-05,KELSP1,0.11,0.09,0.14,0.07,356,14.833333333333334,Schindler-Patalas,lake,2023,9,19.500762263593373,exact_month_year
LIRO,LIRO.AOS.buoy.c1,2023-09-05,KERSP,0.11,0.09,0.13,0.06,1098,1.0027397260273974,tow net,lake,2023,9,19.500762263593373,exact_month_year
LIRO,LIRO.AOS.littoral1,2023-09-05,KERSP,0.1,0.08,0.11,0.07,30,1.25,Schindler-Patalas,lake,2023,9,19.500762263593373,exact_month_year
LIRO,LIRO.AOS.buoy.c1,2023-09-05,PLOSP1,0.1,0.1,0.1,0.05,110,0.1004566210045662,tow net,lake,2023,9,19.500762263593373,exact_month_year
LIRO,LIRO.AOS.littoral2,2023-09-05,PLOSP1,0.13,0.12,0.13,0.08,4,0.16666666666666666,Schindler-Patalas,lake,2023,9,19.500762263593373,exact_month_year
LIRO,LIRO.AOS.buoy.c1,2023-09-05,POLSP20,0.12,0.11,0.13,0.07,329,0.3004566210045662,tow net,lake,2023,9,19.500762263593373,exact_month_year
LIRO,LIRO.AOS.littoral2,2023-09-05,POLSP20,0.12,0.07,0.16,0.07,68,2.8333333333333335,Schindler-Patalas,lake,2023,9,19.500762263593373,exact_month_year
LIRO,LIRO.AOS.buoy.c1,2023-09-05,POMSP5,0.15,0.11,0.19,0.14,15482,14.138812785388128,tow net,lake,2023,9,19.500762263593373,exact_month_year
LIRO,LIRO.AOS.littoral2,2023-09-05,POMSP5,0.16,0.09,0.22,0.12,34,1.4166666666666667,Schindler-Patalas,lake,2023,9,19.500762263593373,exact_month_year
LIRO,LIRO.AOS.buoy.c1,2023-09-05,SIDSP1,0.36,0.36,0.36,NA,110,0.1004566210045662,tow net,lake,2023,9,19.500762263593373,exact_month_year
LIRO,LIRO.AOS.littoral2,2023-09-05,SIDSP1,0.95,0.79,1.11,NA,15,0.625,Schindler-Patalas,lake,2023,9,19.500762263593373,exact_month_year
LIRO,LIRO.AOS.buoy.c1,2023-09-05,TRISP31,0.34,0.26,0.52,0.09,2635,2.406392694063927,tow net,lake,2023,9,19.500762263593373,exact_month_year
LIRO,LIRO.AOS.littoral1,2023-09-05,TRISP31,0.33,0.3,0.36,0.07,60,2.5,Schindler-Patalas,lake,2023,9,19.500762263593373,exact_month_year
LIRO,LIRO.AOS.littoral2,2023-09-05,TRISP31,0.17,0.17,0.17,0.11,4,0.16666666666666666,Schindler-Patalas,lake,2023,9,19.500762263593373,exact_month_year
LIRO,LIRO.AOS.littoral1,2023-09-05,TRISP32,0.13,0.13,0.13,0.09,10,0.4166666666666667,Schindler-Patalas,lake,2023,9,19.500762263593373,exact_month_year
LIRO,LIRO.AOS.littoral2,2023-09-05,TRISP32,0.22,0.22,0.22,0.2,4,0.16666666666666666,Schindler-Patalas,lake,2023,9,19.500762263593373,exact_month_year
LIRO,LIRO.AOS.buoy.c1,2024-04-15,ANUSP1,0.12,0.12,0.12,0.08,544,0.4968036529680365,tow net,lake,2024,4,7.167450103379799,exact_month_year
LIRO,LIRO.AOS.buoy.c1,2024-04-15,ASCSP1,0.15,0.13,0.16,0.08,4352,3.974429223744292,tow net,lake,2024,4,7.167450103379799,exact_month_year
LIRO,LIRO.AOS.littoral1,2024-04-15,ASCSP1,0.14,0.1,0.21,0.08,317,13.208333333333334,Schindler-Patalas,lake,2024,4,7.167450103379799,exact_month_year
LIRO,LIRO.AOS.littoral2,2024-04-15,ASCSP1,0.12,0.1,0.14,0.08,2017,84.04166666666667,Schindler-Patalas,lake,2024,4,7.167450103379799,exact_month_year
LIRO,LIRO.AOS.buoy.c1,2024-04-15,ASPSP4,0.19,0.19,0.19,0.15,544,0.4968036529680365,tow net,lake,2024,4,7.167450103379799,exact_month_year
LIRO,LIRO.AOS.littoral2,2024-04-15,ASPSP4,0.21,0.21,0.21,0.19,92,3.8333333333333335,Schindler-Patalas,lake,2024,4,7.167450103379799,exact_month_year
LIRO,LIRO.AOS.buoy.c1,2024-04-15,CALSP1,0.58,0.58,0.58,NA,544,0.4968036529680365,tow net,lake,2024,4,7.167450103379799,exact_month_year
LIRO,LIRO.AOS.littoral1,2024-04-15,CALSP1,0.68,0.47,0.92,NA,117,4.875,Schindler-Patalas,lake,2024,4,7.167450103379799,exact_month_year
LIRO,LIRO.AOS.littoral2,2024-04-15,CALSP1,0.72,0.45,0.89,NA,825,34.375,Schindler-Patalas,lake,2024,4,7.167450103379799,exact_month_year
LIRO,LIRO.AOS.littoral1,2024-04-15,CHYSP2,0.37,0.37,0.37,NA,17,0.7083333333333334,Schindler-Patalas,lake,2024,4,7.167450103379799,exact_month_year
LIRO,LIRO.AOS.buoy.c1,2024-04-15,COLSP12,0.18,0.18,0.18,0.11,544,0.4968036529680365,tow net,lake,2024,4,7.167450103379799,exact_month_year
LIRO,LIRO.AOS.littoral1,2024-04-15,COLSP12,0.15,0.1,0.21,0.08,500,20.833333333333332,Schindler-Patalas,lake,2024,4,7.167450103379799,exact_month_year
LIRO,LIRO.AOS.littoral2,2024-04-15,COLSP12,0.17,0.09,0.24,0.1,1283,53.458333333333336,Schindler-Patalas,lake,2024,4,7.167450103379799,exact_month_year
LIRO,LIRO.AOS.buoy.c1,2024-04-15,CYCSP,0.68,0.47,0.86,NA,28832,26.330593607305936,tow net,lake,2024,4,7.167450103379799,exact_month_year
LIRO,LIRO.AOS.littoral1,2024-04-15,CYCSP,0.57,0.31,0.81,NA,167,6.958333333333333,Schindler-Patalas,lake,2024,4,7.167450103379799,exact_month_year
LIRO,LIRO.AOS.littoral2,2024-04-15,CYCSP,0.55,0.33,0.82,NA,1192,49.666666666666664,Schindler-Patalas,lake,2024,4,7.167450103379799,exact_month_year
LIRO,LIRO.AOS.littoral2,2024-04-15,DAPSP1,0.72,0.57,0.92,NA,550,22.916666666666668,Schindler-Patalas,lake,2024,4,7.167450103379799,exact_month_year
LIRO,LIRO.AOS.buoy.c1,2024-04-15,GASSP6,0.12,0.11,0.13,0.1,3808,3.477625570776256,tow net,lake,2024,4,7.167450103379799,exact_month_year
LIRO,LIRO.AOS.littoral1,2024-04-15,GASSP6,0.11,0.09,0.12,0.08,67,2.7916666666666665,Schindler-Patalas,lake,2024,4,7.167450103379799,exact_month_year
LIRO,LIRO.AOS.littoral2,2024-04-15,GASSP6,0.12,0.1,0.14,0.09,917,38.208333333333336,Schindler-Patalas,lake,2024,4,7.167450103379799,exact_month_year
LIRO,LIRO.AOS.littoral2,2024-04-15,HEXSP6,0.12,0.12,0.12,0.08,92,3.8333333333333335,Schindler-Patalas,lake,2024,4,7.167450103379799,exact_month_year
LIRO,LIRO.AOS.littoral1,2024-04-15,HOLSP5,0.3,0.28,0.33,NA,33,1.375,Schindler-Patalas,lake,2024,4,7.167450103379799,exact_month_year
LIRO,LIRO.AOS.littoral2,2024-04-15,HOLSP5,0.33,0.27,0.38,NA,183,7.625,Schindler-Patalas,lake,2024,4,7.167450103379799,exact_month_year
LIRO,LIRO.AOS.buoy.c1,2024-04-15,KELSP1,0.13,0.12,0.15,0.06,142528,130.16255707762556,tow net,lake,2024,4,7.167450103379799,exact_month_year
LIRO,LIRO.AOS.littoral1,2024-04-15,KELSP1,0.13,0.1,0.17,0.06,2883,120.125,Schindler-Patalas,lake,2024,4,7.167450103379799,exact_month_year
LIRO,LIRO.AOS.littoral2,2024-04-15,KELSP1,0.14,0.11,0.17,0.06,11550,481.25,Schindler-Patalas,lake,2024,4,7.167450103379799,exact_month_year
LIRO,LIRO.AOS.buoy.c1,2024-04-15,KERSP,0.12,0.1,0.15,0.07,32096,29.311415525114157,tow net,lake,2024,4,7.167450103379799,exact_month_year
LIRO,LIRO.AOS.littoral1,2024-04-15,KERSP,0.14,0.11,0.16,0.07,900,37.5,Schindler-Patalas,lake,2024,4,7.167450103379799,exact_month_year
LIRO,LIRO.AOS.littoral2,2024-04-15,KERSP,0.13,0.11,0.14,0.07,6417,267.375,Schindler-Patalas,lake,2024,4,7.167450103379799,exact_month_year
LIRO,LIRO.AOS.littoral1,2024-04-15,LECSP1,0.1,0.1,0.1,0.07,17,0.7083333333333334,Schindler-Patalas,lake,2024,4,7.167450103379799,exact_month_year
LIRO,LIRO.AOS.littoral2,2024-04-15,LECSP1,0.12,0.12,0.12,0.09,92,3.8333333333333335,Schindler-Patalas,lake,2024,4,7.167450103379799,exact_month_year
LIRO,LIRO.AOS.littoral2,2024-04-15,LEPSP32,0.12,0.12,0.12,0.08,92,3.8333333333333335,Schindler-Patalas,lake,2024,4,7.167450103379799,exact_month_year
LIRO,LIRO.AOS.buoy.c1,2024-04-15,MONSP8,0.1,0.09,0.1,0.08,1088,0.993607305936073,tow net,lake,2024,4,7.167450103379799,exact_month_year
LIRO,LIRO.AOS.littoral1,2024-04-15,MONSP8,0.11,0.11,0.11,0.09,17,0.7083333333333334,Schindler-Patalas,lake,2024,4,7.167450103379799,exact_month_year
LIRO,LIRO.AOS.buoy.c1,2024-04-15,NOTSP11,0.12,0.12,0.12,0.07,544,0.4968036529680365,tow net,lake,2024,4,7.167450103379799,exact_month_year
LIRO,LIRO.AOS.littoral1,2024-04-15,NOTSP11,0.12,0.12,0.12,0.09,17,0.7083333333333334,Schindler-Patalas,lake,2024,4,7.167450103379799,exact_month_year
LIRO,LIRO.AOS.littoral2,2024-04-15,PLOSP1,0.2,0.2,0.2,0.11,92,3.8333333333333335,Schindler-Patalas,lake,2024,4,7.167450103379799,exact_month_year
LIRO,LIRO.AOS.buoy.c1,2024-04-15,POLSP20,0.13,0.11,0.15,0.08,31552,28.81461187214612,tow net,lake,2024,4,7.167450103379799,exact_month_year
LIRO,LIRO.AOS.littoral1,2024-04-15,POLSP20,0.11,0.07,0.15,0.07,917,38.208333333333336,Schindler-Patalas,lake,2024,4,7.167450103379799,exact_month_year
LIRO,LIRO.AOS.littoral2,2024-04-15,POLSP20,0.13,0.11,0.15,0.08,2567,106.95833333333331,Schindler-Patalas,lake,2024,4,7.167450103379799,exact_month_year
LIRO,LIRO.AOS.buoy.c1,2024-04-15,POMSP5,0.11,0.09,0.13,0.08,7072,6.458447488584475,tow net,lake,2024,4,7.167450103379799,exact_month_year
LIRO,LIRO.AOS.littoral1,2024-04-15,POMSP5,0.11,0.09,0.13,0.08,100,4.166666666666667,Schindler-Patalas,lake,2024,4,7.167450103379799,exact_month_year
LIRO,LIRO.AOS.littoral2,2024-04-15,POMSP5,0.11,0.1,0.13,0.08,1742,72.58333333333333,Schindler-Patalas,lake,2024,4,7.167450103379799,exact_month_year
LIRO,LIRO.AOS.buoy.c1,2024-04-15,TRISP31,0.12,0.12,0.12,0.05,544,0.4968036529680365,tow net,lake,2024,4,7.167450103379799,exact_month_year
LIRO,LIRO.AOS.littoral2,2024-04-15,TYLSP1,0.26,0.26,0.26,0.15,92,3.8333333333333335,Schindler-Patalas,lake,2024,4,7.167450103379799,exact_month_year
LIRO,LIRO.AOS.littoral2,2024-07-22,BRASP22,0.12,0.11,0.13,0.05,42,1.75,Schindler-Patalas,lake,2024,7,24.007312996727443,exact_month_year
LIRO,LIRO.AOS.buoy.c1,2024-07-22,CALSP1,0.67,0.56,0.78,NA,548,0.5004566210045662,tow net,lake,2024,7,24.007312996727443,exact_month_year
LIRO,LIRO.AOS.littoral1,2024-07-22,CALSP1,0.52,0.22,0.99,NA,838,34.916666666666664,Schindler-Patalas,lake,2024,7,24.007312996727443,exact_month_year
LIRO,LIRO.AOS.littoral2,2024-07-22,CALSP1,0.72,0.38,1.01,NA,208,8.666666666666666,Schindler-Patalas,lake,2024,7,24.007312996727443,exact_month_year
LIRO,LIRO.AOS.buoy.c1,2024-07-22,CHASP4,2.6,2.6,2.6,NA,274,0.2502283105022831,tow net,lake,2024,7,24.007312996727443,exact_month_year
LIRO,LIRO.AOS.littoral1,2024-07-22,CHISP2,0.76,0.76,0.76,NA,13,0.5416666666666666,Schindler-Patalas,lake,2024,7,24.007312996727443,exact_month_year
LIRO,LIRO.AOS.buoy.c1,2024-07-22,CYCSP,0.46,0.18,1.25,NA,3288,3.002739726027398,tow net,lake,2024,7,24.007312996727443,exact_month_year
LIRO,LIRO.AOS.littoral1,2024-07-22,CYCSP,0.59,0.3,1.32,NA,388,16.166666666666668,Schindler-Patalas,lake,2024,7,24.007312996727443,exact_month_year
LIRO,LIRO.AOS.littoral2,2024-07-22,CYCSP,0.43,0.2,0.56,NA,417,17.375,Schindler-Patalas,lake,2024,7,24.007312996727443,exact_month_year
LIRO,LIRO.AOS.buoy.c1,2024-07-22,DAPSP1,1.53,0.75,2.52,NA,1918,1.7515981735159818,tow net,lake,2024,7,24.007312996727443,exact_month_year
LIRO,LIRO.AOS.littoral1,2024-07-22,DAPSP1,1.03,0.75,1.59,NA,338,14.083333333333334,Schindler-Patalas,lake,2024,7,24.007312996727443,exact_month_year
LIRO,LIRO.AOS.littoral2,2024-07-22,DAPSP1,1.03,0.67,1.98,NA,700,29.166666666666668,Schindler-Patalas,lake,2024,7,24.007312996727443,exact_month_year
LIRO,LIRO.AOS.littoral1,2024-07-22,DIASP10,0.56,0.36,0.77,NA,25,1.0416666666666667,Schindler-Patalas,lake,2024,7,24.007312996727443,exact_month_year
LIRO,LIRO.AOS.littoral2,2024-07-22,DIASP10,0.54,0.54,0.54,NA,8,0.3333333333333333,Schindler-Patalas,lake,2024,7,24.007312996727443,exact_month_year
LIRO,LIRO.AOS.buoy.c1,2024-07-22,GASSP6,0.09,0.09,0.09,0.07,548,0.5004566210045662,tow net,lake,2024,7,24.007312996727443,exact_month_year
LIRO,LIRO.AOS.littoral2,2024-07-22,HEXSP6,0.12,0.09,0.15,0.08,17,0.7083333333333334,Schindler-Patalas,lake,2024,7,24.007312996727443,exact_month_year
LIRO,LIRO.AOS.buoy.c1,2024-07-22,HOLSP5,1.6,1.59,1.6,NA,548,0.5004566210045662,tow net,lake,2024,7,24.007312996727443,exact_month_year
LIRO,LIRO.AOS.buoy.c1,2024-07-22,KERSP,0.1,0.09,0.12,0.06,12604,11.510502283105025,tow net,lake,2024,7,24.007312996727443,exact_month_year
LIRO,LIRO.AOS.littoral1,2024-07-22,KERSP,0.11,0.1,0.14,0.07,125,5.208333333333333,Schindler-Patalas,lake,2024,7,24.007312996727443,exact_month_year
LIRO,LIRO.AOS.littoral2,2024-07-22,KERSP,0.11,0.09,0.13,0.06,75,3.125,Schindler-Patalas,lake,2024,7,24.007312996727443,exact_month_year
LIRO,LIRO.AOS.buoy.c1,2024-07-22,NOTSP11,0.11,0.09,0.13,0.06,548,0.5004566210045662,tow net,lake,2024,7,24.007312996727443,exact_month_year
LIRO,LIRO.AOS.buoy.c1,2024-07-22,POLSP20,0.1,0.07,0.13,0.06,19454,17.7662100456621,tow net,lake,2024,7,24.007312996727443,exact_month_year
LIRO,LIRO.AOS.littoral1,2024-07-22,POLSP20,0.11,0.08,0.12,0.06,113,4.708333333333333,Schindler-Patalas,lake,2024,7,24.007312996727443,exact_month_year
LIRO,LIRO.AOS.littoral2,2024-07-22,POLSP20,0.12,0.11,0.13,0.07,33,1.375,Schindler-Patalas,lake,2024,7,24.007312996727443,exact_month_year
LIRO,LIRO.AOS.buoy.c1,2024-07-22,POMSP5,0.13,0.11,0.15,0.13,36168,33.03013698630137,tow net,lake,2024,7,24.007312996727443,exact_month_year
LIRO,LIRO.AOS.littoral2,2024-07-22,POMSP5,0.12,0.12,0.12,0.1,8,0.3333333333333333,Schindler-Patalas,lake,2024,7,24.007312996727443,exact_month_year
LIRO,LIRO.AOS.littoral2,2024-07-22,SIDSP1,1.1,1.1,1.1,0.5,8,0.3333333333333333,Schindler-Patalas,lake,2024,7,24.007312996727443,exact_month_year
LIRO,LIRO.AOS.buoy.c1,2024-07-22,TRISP31,0.15,0.15,0.15,0.07,274,0.2502283105022831,tow net,lake,2024,7,24.007312996727443,exact_month_year
LIRO,LIRO.AOS.buoy.c1,2024-09-09,ASCSP1,0.14,0.14,0.14,0.09,115,0.09158967824147818,tow net,lake,2024,9,21.10453382419589,exact_month_year
LIRO,LIRO.AOS.littoral2,2024-09-09,ASPSP4,0.58,0.54,0.63,0.33,4,0.16666666666666666,Schindler-Patalas,lake,2024,9,21.10453382419589,exact_month_year
LIRO,LIRO.AOS.buoy.c1,2024-09-09,BOSSP1,0.37,0.37,0.37,NA,115,0.09158967824147818,tow net,lake,2024,9,21.10453382419589,exact_month_year
LIRO,LIRO.AOS.buoy.c1,2024-09-09,BRASP22,0.12,0.1,0.12,0.08,346,0.27556546670914306,tow net,lake,2024,9,21.10453382419589,exact_month_year
LIRO,LIRO.AOS.buoy.c1,2024-09-09,CALSP1,0.62,0.32,0.95,NA,1153,0.9182860783689074,tow net,lake,2024,9,21.10453382419589,exact_month_year
LIRO,LIRO.AOS.littoral2,2024-09-09,CALSP1,0.515,0.355,0.72,NA,478,19.916666666666668,Schindler-Patalas,lake,2024,9,21.10453382419589,exact_month_year
LIRO,LIRO.AOS.buoy.c1,2024-09-09,CHASP4,3.82,3.33,4.31,NA,231,0.18397578846766488,tow net,lake,2024,9,21.10453382419589,exact_month_year
LIRO,LIRO.AOS.buoy.c1,2024-09-09,COLSP12,0.15,0.09,0.2,0.06,1153,0.9182860783689074,tow net,lake,2024,9,21.10453382419589,exact_month_year
LIRO,LIRO.AOS.littoral2,2024-09-09,COLSP12,0.22000000000000003,0.095,0.395,0.07500000000000001,68,2.8333333333333335,Schindler-Patalas,lake,2024,9,21.10453382419589,exact_month_year
LIRO,LIRO.AOS.buoy.c1,2024-09-09,CONSP9,0.55,0.24,0.9,0.52,461,0.3671551449506213,tow net,lake,2024,9,21.10453382419589,exact_month_year
LIRO,LIRO.AOS.littoral2,2024-09-09,CONSP9,0.17,0.12,0.22,0.07,78,3.25,Schindler-Patalas,lake,2024,9,21.10453382419589,exact_month_year
LIRO,LIRO.AOS.buoy.c1,2024-09-09,CYCSP,0.46,0.22,0.67,NA,5302,4.222682382924498,tow net,lake,2024,9,21.10453382419589,exact_month_year
LIRO,LIRO.AOS.littoral2,2024-09-09,CYCSP,0.6699999999999999,0.52,0.8,NA,8,0.3333333333333333,Schindler-Patalas,lake,2024,9,21.10453382419589,exact_month_year
LIRO,LIRO.AOS.buoy.c1,2024-09-09,DAPSP1,1.24,0.73,2.1,NA,1959,1.5602102580439632,tow net,lake,2024,9,21.10453382419589,exact_month_year
LIRO,LIRO.AOS.littoral2,2024-09-09,DAPSP1,0.7849999999999999,0.49,1.02,NA,23,0.9583333333333334,Schindler-Patalas,lake,2024,9,21.10453382419589,exact_month_year
LIRO,LIRO.AOS.littoral2,2024-09-09,DIASP10,0.49,0.33,0.69,NA,11,0.4583333333333333,Schindler-Patalas,lake,2024,9,21.10453382419589,exact_month_year
LIRO,LIRO.AOS.buoy.c1,2024-09-09,HOLSP5,1,0.83,1.16,NA,231,0.18397578846766488,tow net,lake,2024,9,21.10453382419589,exact_month_year
LIRO,LIRO.AOS.buoy.c1,2024-09-09,KELSP1,0.13,0.1,0.15,0.04,692,0.5511309334182861,tow net,lake,2024,9,21.10453382419589,exact_month_year
LIRO,LIRO.AOS.buoy.c1,2024-09-09,KERSP,0.12,0.1,0.13,0.07,3573,2.845651481363492,tow net,lake,2024,9,21.10453382419589,exact_month_year
LIRO,LIRO.AOS.littoral2,2024-09-09,KERSP,0.22,0.15,0.27,0.05,10,0.4166666666666667,Schindler-Patalas,lake,2024,9,21.10453382419589,exact_month_year
LIRO,LIRO.AOS.littoral2,2024-09-09,MONSP8,0.21,0.21,0.21,0.06,3,0.125,Schindler-Patalas,lake,2024,9,21.10453382419589,exact_month_year
LIRO,LIRO.AOS.buoy.c1,2024-09-09,POLSP20,0.1,0.07,0.12,0.06,10027,7.985823510672189,tow net,lake,2024,9,21.10453382419589,exact_month_year
LIRO,LIRO.AOS.littoral2,2024-09-09,POLSP20,0.09,0.06,0.13,0.07,8,0.3333333333333333,Schindler-Patalas,lake,2024,9,21.10453382419589,exact_month_year
LIRO,LIRO.AOS.littoral2,2024-09-09,POLSP33,1.15,1.12,1.16,NA,10,0.4166666666666667,Schindler-Patalas,lake,2024,9,21.10453382419589,exact_month_year
LIRO,LIRO.AOS.buoy.c1,2024-09-09,POMSP5,0.09,0.09,0.1,0.06,346,0.27556546670914306,tow net,lake,2024,9,21.10453382419589,exact_month_year
LIRO,LIRO.AOS.littoral2,2024-09-09,STESP21,0.78,0.65,0.91,NA,5,0.20833333333333337,Schindler-Patalas,lake,2024,9,21.10453382419589,exact_month_year
LIRO,LIRO.AOS.littoral2,2024-09-09,SYNSP8,0.14,0.12,0.15,0.06,5,0.20833333333333337,Schindler-Patalas,lake,2024,9,21.10453382419589,exact_month_year
PRLA,PRLA.AOS.buoy.c0,2014-07-09,ACAVER,0.8035000000000001,0.66,1.02,NA,250,0.6341958396752917,tow net,lake,2014,7,23.724081699488337,same_month_all_years
PRLA,PRLA.AOS.littoral1,2014-07-09,ACAVER,0.759,0.6799999999999999,0.8600000000000001,NA,321,3.34375,Schindler-Patalas,lake,2014,7,23.724081699488337,same_month_all_years
PRLA,PRLA.AOS.littoral2,2014-07-09,ACAVER,0.78,0.7,0.86,NA,50,0.6944444444444444,Schindler-Patalas,lake,2014,7,23.724081699488337,same_month_all_years
PRLA,PRLA.AOS.littoral2,2014-07-09,ASPSP4,0.3,0.2,0.4,0.18,500,6.944444444444445,Schindler-Patalas,lake,2014,7,23.724081699488337,same_month_all_years
PRLA,PRLA.AOS.buoy.c0,2014-07-09,BOSLON,0.205,0.16,0.26,NA,8900,22.577371892440382,tow net,lake,2014,7,23.724081699488337,same_month_all_years
PRLA,PRLA.AOS.littoral1,2014-07-09,BOSLON,0.1925,0.16,0.26,NA,9551,99.48958333333331,Schindler-Patalas,lake,2014,7,23.724081699488337,same_month_all_years
PRLA,PRLA.AOS.littoral2,2014-07-09,BOSLON,0.1915,0.16,0.28,NA,5550,77.08333333333333,Schindler-Patalas,lake,2014,7,23.724081699488337,same_month_all_years
PRLA,PRLA.AOS.buoy.c0,2014-07-09,BRAANG,0.102,0.09,0.111,0.076,750,1.9025875190258752,tow net,lake,2014,7,23.724081699488337,same_month_all_years
PRLA,PRLA.AOS.buoy.c0,2014-07-09,BRAHAV,0.087,0.07350000000000001,0.0945,0.069,61500,156.01217656012176,tow net,lake,2014,7,23.724081699488337,same_month_all_years
PRLA,PRLA.AOS.littoral1,2014-07-09,BRAHAV,0.093,0.09,0.099,0.074,69000,718.75,Schindler-Patalas,lake,2014,7,23.724081699488337,same_month_all_years
PRLA,PRLA.AOS.littoral2,2014-07-09,BRAHAV,0.092,0.08099999999999999,0.105,0.07400000000000001,29250,406.25,Schindler-Patalas,lake,2014,7,23.724081699488337,same_month_all_years
PRLA,PRLA.AOS.littoral1,2014-07-09,CERDUB,0.36,0.36,0.36,NA,64,0.8888888888888888,Schindler-Patalas,lake,2014,7,23.724081699488337,same_month_all_years
PRLA,PRLA.AOS.buoy.c0,2014-07-09,DAPSP1,0.455,0.32,0.64,NA,100,0.2536783358701167,tow net,lake,2014,7,23.724081699488337,same_month_all_years
PRLA,PRLA.AOS.littoral1,2014-07-09,DAPSP1,0.32,0.32,0.32,NA,64,0.8888888888888888,Schindler-Patalas,lake,2014,7,23.724081699488337,same_month_all_years
PRLA,PRLA.AOS.littoral2,2014-07-09,DAPSP1,0.4,0.4,0.4,NA,25,0.3472222222222222,Schindler-Patalas,lake,2014,7,23.724081699488337,same_month_all_years
PRLA,PRLA.AOS.buoy.c0,2014-07-09,DIABIR,0.4855,0.33999999999999997,0.78,NA,550,1.3952308472856418,tow net,lake,2014,7,23.724081699488337,same_month_all_years
PRLA,PRLA.AOS.littoral1,2014-07-09,DIABIR,0.5309999999999999,0.36,0.74,NA,1923,20.03125,Schindler-Patalas,lake,2014,7,23.724081699488337,same_month_all_years
PRLA,PRLA.AOS.littoral2,2014-07-09,DIABIR,0.694,0.4,0.98,NA,275,3.8194444444444446,Schindler-Patalas,lake,2014,7,23.724081699488337,same_month_all_years
PRLA,PRLA.AOS.buoy.c0,2014-07-09,FILSP1,0.0935,0.09,0.0975,0.045,2500,6.341958396752918,tow net,lake,2014,7,23.724081699488337,same_month_all_years
PRLA,PRLA.AOS.littoral1,2014-07-09,FILSP1,0.09,0.09,0.09,0.045,500,5.208333333333333,Schindler-Patalas,lake,2014,7,23.724081699488337,same_month_all_years
PRLA,PRLA.AOS.buoy.c0,2014-07-09,KERCOC,0.0685,0.0615,0.07200000000000001,0.04249999999999999,19750,50.10147133434805,tow net,lake,2014,7,23.724081699488337,same_month_all_years
PRLA,PRLA.AOS.littoral1,2014-07-09,KERCOC,0.071,0.069,0.075,0.039,7000,72.91666666666667,Schindler-Patalas,lake,2014,7,23.724081699488337,same_month_all_years
PRLA,PRLA.AOS.littoral2,2014-07-09,KERCOC,0.07,0.063,0.07500000000000001,0.04199999999999999,22250,309.02777777777777,Schindler-Patalas,lake,2014,7,23.724081699488337,same_month_all_years
PRLA,PRLA.AOS.buoy.c0,2014-07-09,KERQUA,0.1,0.0915,0.108,0.0765,4750,12.049720953830544,tow net,lake,2014,7,23.724081699488337,same_month_all_years
PRLA,PRLA.AOS.littoral1,2014-07-09,KERQUA,0.108,0.105,0.111,0.074,500,5.208333333333333,Schindler-Patalas,lake,2014,7,23.724081699488337,same_month_all_years
PRLA,PRLA.AOS.littoral2,2014-07-09,KERQUA,0.108,0.1065,0.1095,0.076,2000,27.77777777777778,Schindler-Patalas,lake,2014,7,23.724081699488337,same_month_all_years
PRLA,PRLA.AOS.buoy.c0,2014-07-09,LEPSIC,0.8294999999999999,0.72,0.94,NA,1150,2.917300862506342,tow net,lake,2014,7,23.724081699488337,same_month_all_years
PRLA,PRLA.AOS.littoral1,2014-07-09,LEPSIC,0.889,0.74,1,NA,1699,17.697916666666668,Schindler-Patalas,lake,2014,7,23.724081699488337,same_month_all_years
PRLA,PRLA.AOS.littoral2,2014-07-09,LEPSIC,0.909,0.78,1,NA,375,5.208333333333333,Schindler-Patalas,lake,2014,7,23.724081699488337,same_month_all_years
PRLA,PRLA.AOS.buoy.c0,2014-07-09,MAXSP,0.33999999999999997,0.24,0.52,NA,550,1.3952308472856418,tow net,lake,2014,7,23.724081699488337,same_month_all_years
PRLA,PRLA.AOS.littoral1,2014-07-09,MAXSP,0.3435,0.30000000000000004,0.46,NA,737,7.677083333333333,Schindler-Patalas,lake,2014,7,23.724081699488337,same_month_all_years
PRLA,PRLA.AOS.littoral2,2014-07-09,MAXSP,0.388,0.30000000000000004,0.48,NA,675,9.375,Schindler-Patalas,lake,2014,7,23.724081699488337,same_month_all_years
PRLA,PRLA.AOS.buoy.c0,2014-07-09,MESEDA,0.794,0.72,0.8400000000000001,NA,75,0.1902587519025875,tow net,lake,2014,7,23.724081699488337,same_month_all_years
PRLA,PRLA.AOS.littoral2,2014-07-09,MESEDA,1.04,1.04,1.04,NA,25,0.3472222222222222,Schindler-Patalas,lake,2014,7,23.724081699488337,same_month_all_years
PRLA,PRLA.AOS.buoy.c0,2014-07-09,POLSP20,0.077,0.075,0.078,0.044,750,1.9025875190258752,tow net,lake,2014,7,23.724081699488337,same_month_all_years
PRLA,PRLA.AOS.littoral1,2014-07-09,POLSP20,0.09,0.09,0.09,0.045,1000,10.416666666666666,Schindler-Patalas,lake,2014,7,23.724081699488337,same_month_all_years
PRLA,PRLA.AOS.littoral2,2014-07-09,POLSP20,0.079,0.075,0.081,0.043,500,6.944444444444445,Schindler-Patalas,lake,2014,7,23.724081699488337,same_month_all_years
PRLA,PRLA.AOS.buoy.c0,2014-07-09,POMSP5,0.08499999999999999,0.075,0.09,0.0625,109250,277.1435819381025,tow net,lake,2014,7,23.724081699488337,same_month_all_years
PRLA,PRLA.AOS.littoral1,2014-07-09,POMSP5,0.09,0.09,0.09,0.056,12250,127.60416666666669,Schindler-Patalas,lake,2014,7,23.724081699488337,same_month_all_years
PRLA,PRLA.AOS.littoral2,2014-07-09,POMSP5,0.08449999999999999,0.075,0.09,0.061,90750,1260.4166666666667,Schindler-Patalas,lake,2014,7,23.724081699488337,same_month_all_years
PRLA,PRLA.AOS.buoy.c0,2014-07-09,TRISP31,0.102,0.102,0.102,0.045,1500,3.8051750380517504,tow net,lake,2014,7,23.724081699488337,same_month_all_years
PRLA,PRLA.AOS.littoral1,2014-07-09,TRISP31,0.069,0.069,0.069,0.036,1500,15.625,Schindler-Patalas,lake,2014,7,23.724081699488337,same_month_all_years
PRLA,PRLA.AOS.buoy.c0,2014-09-25,ACAVER,0.816,0.72,0.92,NA,2186,5.758693361433087,tow net,lake,2014,9,17.501612392635298,same_month_all_years
PRLA,PRLA.AOS.littoral1,2014-09-25,ACAVER,0.796,0.64,1.04,NA,1456,60.666666666666664,Schindler-Patalas,lake,2014,9,17.501612392635298,same_month_all_years
PRLA,PRLA.AOS.littoral2,2014-09-25,ACAVER,0.885,0.72,1.28,NA,8,0.3333333333333333,Schindler-Patalas,lake,2014,9,17.501612392635298,same_month_all_years
PRLA,PRLA.AOS.littoral2,2014-09-25,ASPSP4,0.3,0.2,0.4,0.18,16,0.6666666666666666,Schindler-Patalas,lake,2014,9,17.501612392635298,same_month_all_years
PRLA,PRLA.AOS.buoy.c0,2014-09-25,BOSLON,0.244,0.2,0.32,NA,5529,14.565331928345628,tow net,lake,2014,9,17.501612392635298,same_month_all_years
PRLA,PRLA.AOS.littoral1,2014-09-25,BOSLON,0.26,0.24,0.28,NA,320,13.333333333333334,Schindler-Patalas,lake,2014,9,17.501612392635298,same_month_all_years
PRLA,PRLA.AOS.littoral2,2014-09-25,BOSLON,0.248,0.2,0.32,NA,40,1.6666666666666667,Schindler-Patalas,lake,2014,9,17.501612392635298,same_month_all_years
PRLA,PRLA.AOS.buoy.c0,2014-09-25,BRAANG,0.1,0.1,0.12,0.104,14625,38.52739726027397,tow net,lake,2014,9,17.501612392635298,same_month_all_years
PRLA,PRLA.AOS.littoral1,2014-09-25,BRAANG,0.13,0.12,0.14,0.102,400,16.666666666666668,Schindler-Patalas,lake,2014,9,17.501612392635298,same_month_all_years
PRLA,PRLA.AOS.littoral2,2014-09-25,BRAANG,0.13,0.12,0.14,0.102,704,29.333333333333332,Schindler-Patalas,lake,2014,9,17.501612392635298,same_month_all_years
PRLA,PRLA.AOS.littoral1,2014-09-25,BRAHAV,0.09,0.075,0.105,0.068,32,1.3333333333333333,Schindler-Patalas,lake,2014,9,17.501612392635298,same_month_all_years
PRLA,PRLA.AOS.littoral2,2014-09-25,BRAHAV,0.09,0.075,0.105,0.068,48,2,Schindler-Patalas,lake,2014,9,17.501612392635298,same_month_all_years
PRLA,PRLA.AOS.littoral2,2014-09-25,CEPGIB,0.141,0.124,0.152,0.075,32,1.3333333333333333,Schindler-Patalas,lake,2014,9,17.501612392635298,same_month_all_years
PRLA,PRLA.AOS.buoy.c0,2014-09-25,CERDUB,0.3,0.3,0.32,NA,64,0.16859852476290832,tow net,lake,2014,9,17.501612392635298,same_month_all_years
PRLA,PRLA.AOS.littoral2,2014-09-25,CERDUB,0.3,0.3,0.32,NA,1,0.04166666666666666,Schindler-Patalas,lake,2014,9,17.501612392635298,same_month_all_years
PRLA,PRLA.AOS.littoral1,2014-09-25,DAPAMB,0.8,0.76,0.8,NA,16,0.6666666666666666,Schindler-Patalas,lake,2014,9,17.501612392635298,same_month_all_years
PRLA,PRLA.AOS.littoral1,2014-09-25,DAPSP1,0.3,0.28,0.3,NA,16,0.6666666666666666,Schindler-Patalas,lake,2014,9,17.501612392635298,same_month_all_years
PRLA,PRLA.AOS.buoy.c0,2014-09-25,DIABIR,0.54,0.48,0.6,NA,129,0.33983140147523705,tow net,lake,2014,9,17.501612392635298,same_month_all_years
PRLA,PRLA.AOS.littoral1,2014-09-25,DIABIR,0.7,0.7,0.72,NA,16,0.6666666666666666,Schindler-Patalas,lake,2014,9,17.501612392635298,same_month_all_years
PRLA,PRLA.AOS.littoral2,2014-09-25,DIABIR,1.04,1,1.12,NA,3,0.125,Schindler-Patalas,lake,2014,9,17.501612392635298,same_month_all_years
PRLA,PRLA.AOS.buoy.c0,2014-09-25,FILSP1,0.09,0.09,0.09,0.1,225,0.5927291886195996,tow net,lake,2014,9,17.501612392635298,same_month_all_years
PRLA,PRLA.AOS.littoral1,2014-09-25,FILSP1,0.136,0.136,0.136,0.08,48,2,Schindler-Patalas,lake,2014,9,17.501612392635298,same_month_all_years
PRLA,PRLA.AOS.buoy.c0,2014-09-25,KERCOC,0.09,0.09,0.09,0.06,30825,81.20389884088513,tow net,lake,2014,9,17.501612392635298,same_month_all_years
PRLA,PRLA.AOS.littoral1,2014-09-25,KERCOC,0.106,0.092,0.12,0.07,16,0.6666666666666666,Schindler-Patalas,lake,2014,9,17.501612392635298,same_month_all_years
PRLA,PRLA.AOS.littoral2,2014-09-25,KERCOC,0.106,0.092,0.12,0.07,208,8.666666666666666,Schindler-Patalas,lake,2014,9,17.501612392635298,same_month_all_years
PRLA,PRLA.AOS.littoral1,2014-09-25,KERQUA,0.108,0.108,0.108,0.078,16,0.6666666666666666,Schindler-Patalas,lake,2014,9,17.501612392635298,same_month_all_years
PRLA,PRLA.AOS.buoy.c0,2014-09-25,LEPSIC,0.92,0.84,1.12,NA,6364,16.765015806111695,tow net,lake,2014,9,17.501612392635298,same_month_all_years
PRLA,PRLA.AOS.littoral1,2014-09-25,LEPSIC,0.876,0.48,1.12,NA,240,10,Schindler-Patalas,lake,2014,9,17.501612392635298,same_month_all_years
PRLA,PRLA.AOS.littoral2,2014-09-25,LEPSIC,0.979,0.6,1.12,NA,69,2.875,Schindler-Patalas,lake,2014,9,17.501612392635298,same_month_all_years
PRLA,PRLA.AOS.buoy.c0,2014-09-25,MAXSP,0.4,0.32,0.48,NA,6364,16.765015806111695,tow net,lake,2014,9,17.501612392635298,same_month_all_years
PRLA,PRLA.AOS.littoral1,2014-09-25,MAXSP,0.51,0.4,0.6,NA,2000,83.33333333333333,Schindler-Patalas,lake,2014,9,17.501612392635298,same_month_all_years
PRLA,PRLA.AOS.littoral2,2014-09-25,MAXSP,0.42,0.32,0.6,NA,54,2.25,Schindler-Patalas,lake,2014,9,17.501612392635298,same_month_all_years
PRLA,PRLA.AOS.buoy.c0,2014-09-25,MESEDA,0.99,0.8,1.12,NA,257,0.6770284510010537,tow net,lake,2014,9,17.501612392635298,same_month_all_years
PRLA,PRLA.AOS.littoral2,2014-09-25,MESEDA,0.8,0.8,0.8,NA,1,0.04166666666666666,Schindler-Patalas,lake,2014,9,17.501612392635298,same_month_all_years
PRLA,PRLA.AOS.buoy.c0,2014-09-25,POLSP20,0.112,0.112,0.112,0.06,9900,26.08008429926238,tow net,lake,2014,9,17.501612392635298,same_month_all_years
PRLA,PRLA.AOS.littoral1,2014-09-25,POLSP20,0.1,0.1,0.1,0.048,208,8.666666666666666,Schindler-Patalas,lake,2014,9,17.501612392635298,same_month_all_years
PRLA,PRLA.AOS.littoral2,2014-09-25,POLSP20,0.1,0.1,0.1,0.08,2128,88.66666666666667,Schindler-Patalas,lake,2014,9,17.501612392635298,same_month_all_years
PRLA,PRLA.AOS.littoral1,2014-09-25,POMSP5,0.16,0.16,0.16,0.12,32,1.3333333333333333,Schindler-Patalas,lake,2014,9,17.501612392635298,same_month_all_years
PRLA,PRLA.AOS.littoral2,2014-09-25,POMSP5,0.16,0.16,0.16,0.12,32,1.3333333333333333,Schindler-Patalas,lake,2014,9,17.501612392635298,same_month_all_years
PRLA,PRLA.AOS.littoral1,2017-04-17,BDESP,0.25,0.125,0.375,NA,51,2.125,Schindler-Patalas,lake,2017,4,9.106449660981248,same_month_all_years
PRLA,PRLA.AOS.buoy.c0,2017-04-17,BRAANG,0.114,0.1,0.125,NA,2857,79.36111111111111,Schindler-Patalas,lake,2017,4,9.106449660981248,same_month_all_years
PRLA,PRLA.AOS.littoral1,2017-04-17,BRAANG,0.125,0.125,0.125,NA,430,17.916666666666668,Schindler-Patalas,lake,2017,4,9.106449660981248,same_month_all_years
PRLA,PRLA.AOS.littoral2,2017-04-17,BRAANG,0.125,0.125,0.125,NA,256,10.666666666666666,Schindler-Patalas,lake,2017,4,9.106449660981248,same_month_all_years
PRLA,PRLA.AOS.buoy.c0,2017-04-17,FILTER,0.15,0.15,0.15,0.08,6531,181.41666666666663,Schindler-Patalas,lake,2017,4,9.106449660981248,same_month_all_years
PRLA,PRLA.AOS.littoral1,2017-04-17,FILTER,0.154,0.15,0.175,0.08,1392,58,Schindler-Patalas,lake,2017,4,9.106449660981248,same_month_all_years
PRLA,PRLA.AOS.littoral2,2017-04-17,FILTER,0.155,0.15,0.175,0.08,2991,124.625,Schindler-Patalas,lake,2017,4,9.106449660981248,same_month_all_years
PRLA,PRLA.AOS.buoy.c0,2017-04-17,KERSP,0.125,0.125,0.125,NA,1633,45.361111111111114,Schindler-Patalas,lake,2017,4,9.106449660981248,same_month_all_years
PRLA,PRLA.AOS.littoral1,2017-04-17,KERSP,0.1,0.1,0.1,NA,354,14.75,Schindler-Patalas,lake,2017,4,9.106449660981248,same_month_all_years
PRLA,PRLA.AOS.littoral2,2017-04-17,KERSP,0.1,0.1,0.1,NA,427,17.791666666666668,Schindler-Patalas,lake,2017,4,9.106449660981248,same_month_all_years
PRLA,PRLA.AOS.buoy.c0,2017-04-17,POLSP20,0.103,0.1,0.125,NA,63878,1774.388888888889,Schindler-Patalas,lake,2017,4,9.106449660981248,same_month_all_years
PRLA,PRLA.AOS.littoral1,2017-04-17,POLSP20,0.113,0.1,0.15,NA,6658,277.4166666666667,Schindler-Patalas,lake,2017,4,9.106449660981248,same_month_all_years
PRLA,PRLA.AOS.littoral2,2017-04-17,POLSP20,0.116,0.1,0.125,NA,17265,719.375,Schindler-Patalas,lake,2017,4,9.106449660981248,same_month_all_years
PRLA,PRLA.AOS.buoy.c0,2017-04-17,SYNSP8,0.175,0.175,0.175,NA,6939,192.75,Schindler-Patalas,lake,2017,4,9.106449660981248,same_month_all_years
PRLA,PRLA.AOS.littoral1,2017-04-17,SYNSP8,0.126,0.1,0.15,NA,1418,59.083333333333336,Schindler-Patalas,lake,2017,4,9.106449660981248,same_month_all_years
PRLA,PRLA.AOS.littoral2,2017-04-17,SYNSP8,0.138,0.125,0.175,NA,6239,259.9583333333333,Schindler-Patalas,lake,2017,4,9.106449660981248,same_month_all_years
PRLA,PRLA.AOS.buoy.c0,2017-07-10,ACASP20,0.9,0.85,0.95,NA,412,11.444444444444445,Schindler-Patalas,lake,2017,7,23.724081699488337,same_month_all_years
PRLA,PRLA.AOS.littoral1,2017-07-10,ACASP20,0.99,0.85,1.33,NA,1134,47.25,Schindler-Patalas,lake,2017,7,23.724081699488337,same_month_all_years
PRLA,PRLA.AOS.littoral2,2017-07-10,ACASP20,0.93,0.93,0.93,NA,200,8.333333333333334,Schindler-Patalas,lake,2017,7,23.724081699488337,same_month_all_years
PRLA,PRLA.AOS.buoy.c0,2017-07-10,BOSLON,0.24,0.2,0.33,NA,3090,85.83333333333333,Schindler-Patalas,lake,2017,7,23.724081699488337,same_month_all_years
PRLA,PRLA.AOS.littoral1,2017-07-10,BOSLON,0.26,0.2,0.33,NA,1944,81,Schindler-Patalas,lake,2017,7,23.724081699488337,same_month_all_years
PRLA,PRLA.AOS.littoral2,2017-07-10,BOSLON,0.24,0.23,0.25,NA,400,16.666666666666668,Schindler-Patalas,lake,2017,7,23.724081699488337,same_month_all_years
PRLA,PRLA.AOS.buoy.c0,2017-07-10,BRAANG,0.12,0.1,0.13,NA,7622,211.72222222222223,Schindler-Patalas,lake,2017,7,23.724081699488337,same_month_all_years
PRLA,PRLA.AOS.littoral1,2017-07-10,BRAANG,0.12,0.1,0.13,NA,1782,74.25,Schindler-Patalas,lake,2017,7,23.724081699488337,same_month_all_years
PRLA,PRLA.AOS.littoral2,2017-07-10,BRAANG,0.12,0.1,0.13,NA,2600,108.33333333333331,Schindler-Patalas,lake,2017,7,23.724081699488337,same_month_all_years
PRLA,PRLA.AOS.buoy.c0,2017-07-10,BRAHAV,0.1,0.08,0.13,NA,1236,34.333333333333336,Schindler-Patalas,lake,2017,7,23.724081699488337,same_month_all_years
PRLA,PRLA.AOS.littoral2,2017-07-10,BRAHAV,0.1,0.1,0.13,NA,8800,366.6666666666667,Schindler-Patalas,lake,2017,7,23.724081699488337,same_month_all_years
PRLA,PRLA.AOS.buoy.c0,2017-07-10,CALSP1,0.85,0.75,0.93,NA,824,22.88888888888889,Schindler-Patalas,lake,2017,7,23.724081699488337,same_month_all_years
PRLA,PRLA.AOS.littoral2,2017-07-10,CALSP1,0.38,0.38,0.38,NA,200,8.333333333333334,Schindler-Patalas,lake,2017,7,23.724081699488337,same_month_all_years
PRLA,PRLA.AOS.littoral2,2017-07-10,CERSP19,0.3,0.3,0.3,NA,200,8.333333333333334,Schindler-Patalas,lake,2017,7,23.724081699488337,same_month_all_years
PRLA,PRLA.AOS.buoy.c0,2017-07-10,CYCSP,0.54,0.35,0.7,NA,2060,57.22222222222222,Schindler-Patalas,lake,2017,7,23.724081699488337,same_month_all_years
PRLA,PRLA.AOS.littoral1,2017-07-10,CYCSP,0.56,0.38,0.8,NA,1296,54,Schindler-Patalas,lake,2017,7,23.724081699488337,same_month_all_years
PRLA,PRLA.AOS.buoy.c0,2017-07-10,DAPSP1,0.57,0.4,0.85,NA,2266,62.94444444444444,Schindler-Patalas,lake,2017,7,23.724081699488337,same_month_all_years
PRLA,PRLA.AOS.littoral1,2017-07-10,DAPSP1,0.55,0.4,0.88,NA,3564,148.5,Schindler-Patalas,lake,2017,7,23.724081699488337,same_month_all_years
PRLA,PRLA.AOS.buoy.c0,2017-07-10,DIASP10,0.78,0.55,1,NA,2060,57.22222222222222,Schindler-Patalas,lake,2017,7,23.724081699488337,same_month_all_years
PRLA,PRLA.AOS.littoral1,2017-07-10,DIASP10,0.64,0.45,1,NA,2430,101.25,Schindler-Patalas,lake,2017,7,23.724081699488337,same_month_all_years
PRLA,PRLA.AOS.littoral2,2017-07-10,DIASP10,0.63,0.58,0.7,NA,600,25,Schindler-Patalas,lake,2017,7,23.724081699488337,same_month_all_years
PRLA,PRLA.AOS.buoy.c0,2017-07-10,FILLON,0.13,0.13,0.13,0.05,32548,904.1111111111112,Schindler-Patalas,lake,2017,7,23.724081699488337,same_month_all_years
PRLA,PRLA.AOS.littoral1,2017-07-10,FILLON,0.13,0.13,0.13,0.05,2106,87.75,Schindler-Patalas,lake,2017,7,23.724081699488337,same_month_all_years
PRLA,PRLA.AOS.littoral2,2017-07-10,FILLON,0.13,0.13,0.13,0.05,12600,525,Schindler-Patalas,lake,2017,7,23.724081699488337,same_month_all_years
PRLA,PRLA.AOS.buoy.c0,2017-07-10,KERQUA,0.1,0.1,0.1,NA,618,17.166666666666668,Schindler-Patalas,lake,2017,7,23.724081699488337,same_month_all_years
PRLA,PRLA.AOS.littoral1,2017-07-10,KERQUA,0.11,0.1,0.13,NA,1458,60.75,Schindler-Patalas,lake,2017,7,23.724081699488337,same_month_all_years
PRLA,PRLA.AOS.littoral2,2017-07-10,KERQUA,0.1,0.1,0.1,NA,600,25,Schindler-Patalas,lake,2017,7,23.724081699488337,same_month_all_years
PRLA,PRLA.AOS.buoy.c0,2017-07-10,KERSP,0.13,0.13,0.13,NA,2472,68.66666666666667,Schindler-Patalas,lake,2017,7,23.724081699488337,same_month_all_years
PRLA,PRLA.AOS.littoral1,2017-07-10,KERSP,0.13,0.13,0.13,NA,1296,54,Schindler-Patalas,lake,2017,7,23.724081699488337,same_month_all_years
PRLA,PRLA.AOS.littoral2,2017-07-10,KERSP,0.13,0.13,0.13,NA,7200,300,Schindler-Patalas,lake,2017,7,23.724081699488337,same_month_all_years
PRLA,PRLA.AOS.buoy.c0,2017-07-10,LEPSIC,1.07,0.65,1.25,NA,2472,68.66666666666667,Schindler-Patalas,lake,2017,7,23.724081699488337,same_month_all_years
PRLA,PRLA.AOS.littoral1,2017-07-10,LEPSIC,1.13,0.93,1.4,NA,2592,108,Schindler-Patalas,lake,2017,7,23.724081699488337,same_month_all_years
PRLA,PRLA.AOS.littoral2,2017-07-10,LEPSIC,1.04,0.8,1.28,NA,3800,158.33333333333334,Schindler-Patalas,lake,2017,7,23.724081699488337,same_month_all_years
PRLA,PRLA.AOS.buoy.c0,2017-07-10,MESEDA,1.3,1,1.45,NA,618,17.166666666666668,Schindler-Patalas,lake,2017,7,23.724081699488337,same_month_all_years
PRLA,PRLA.AOS.littoral2,2017-07-10,POLSP20,0.1,0.1,0.1,NA,200,8.333333333333334,Schindler-Patalas,lake,2017,7,23.724081699488337,same_month_all_years
PRLA,PRLA.AOS.buoy.c0,2017-07-10,POMSUL,0.1,0.08,0.1,NA,46762,1298.9444444444443,Schindler-Patalas,lake,2017,7,23.724081699488337,same_month_all_years
PRLA,PRLA.AOS.littoral1,2017-07-10,POMSUL,0.09,0.08,0.1,NA,35964,1498.5,Schindler-Patalas,lake,2017,7,23.724081699488337,same_month_all_years
PRLA,PRLA.AOS.littoral2,2017-07-10,POMSUL,0.1,0.08,0.1,NA,20000,833.3333333333334,Schindler-Patalas,lake,2017,7,23.724081699488337,same_month_all_years
PRLA,PRLA.AOS.buoy.c0,2017-09-12,ACASP20,0.99,0.88,1.1,NA,500,13.88888888888889,Schindler-Patalas,lake,2017,9,12.79627083333335,exact_month_year
PRLA,PRLA.AOS.littoral1,2017-09-12,ACASP20,0.86,0.85,0.88,NA,380,15.833333333333334,Schindler-Patalas,lake,2017,9,12.79627083333335,exact_month_year
PRLA,PRLA.AOS.buoy.c0,2017-09-12,ANUSP1,0.05,0.05,0.05,NA,1750,48.611111111111114,Schindler-Patalas,lake,2017,9,12.79627083333335,exact_month_year
PRLA,PRLA.AOS.littoral1,2017-09-12,ANUSP1,0.05,0.05,0.05,NA,950,39.583333333333336,Schindler-Patalas,lake,2017,9,12.79627083333335,exact_month_year
PRLA,PRLA.AOS.littoral2,2017-09-12,ANUSP1,0.05,0.05,0.05,NA,320,13.333333333333334,Schindler-Patalas,lake,2017,9,12.79627083333335,exact_month_year
PRLA,PRLA.AOS.buoy.c0,2017-09-12,BOSLON,0.24,0.2,0.25,NA,2000,55.55555555555556,Schindler-Patalas,lake,2017,9,12.79627083333335,exact_month_year
PRLA,PRLA.AOS.littoral1,2017-09-12,BOSLON,0.19,0.18,0.23,NA,1520,63.333333333333336,Schindler-Patalas,lake,2017,9,12.79627083333335,exact_month_year
PRLA,PRLA.AOS.littoral2,2017-09-12,BOSLON,0.22,0.18,0.25,NA,1280,53.333333333333336,Schindler-Patalas,lake,2017,9,12.79627083333335,exact_month_year
PRLA,PRLA.AOS.buoy.c0,2017-09-12,BRAANG,0.12,0.1,0.13,NA,10500,291.6666666666667,Schindler-Patalas,lake,2017,9,12.79627083333335,exact_month_year
PRLA,PRLA.AOS.littoral1,2017-09-12,BRAANG,0.12,0.1,0.13,NA,11780,490.8333333333333,Schindler-Patalas,lake,2017,9,12.79627083333335,exact_month_year
PRLA,PRLA.AOS.littoral2,2017-09-12,BRAANG,0.12,0.1,0.13,NA,8800,366.6666666666667,Schindler-Patalas,lake,2017,9,12.79627083333335,exact_month_year
PRLA,PRLA.AOS.buoy.c0,2017-09-12,BRAHAV,0.11,0.1,0.13,NA,3000,83.33333333333333,Schindler-Patalas,lake,2017,9,12.79627083333335,exact_month_year
PRLA,PRLA.AOS.littoral1,2017-09-12,BRAHAV,0.12,0.1,0.13,NA,1710,71.25,Schindler-Patalas,lake,2017,9,12.79627083333335,exact_month_year
PRLA,PRLA.AOS.littoral2,2017-09-12,BRAHAV,0.11,0.1,0.13,NA,2080,86.66666666666667,Schindler-Patalas,lake,2017,9,12.79627083333335,exact_month_year
PRLA,PRLA.AOS.buoy.c0,2017-09-12,CALSP1,0.74,0.43,0.9,NA,2250,62.5,Schindler-Patalas,lake,2017,9,12.79627083333335,exact_month_year
PRLA,PRLA.AOS.littoral1,2017-09-12,CALSP1,0.71,0.43,0.93,NA,1520,63.333333333333336,Schindler-Patalas,lake,2017,9,12.79627083333335,exact_month_year
PRLA,PRLA.AOS.littoral2,2017-09-12,CALSP1,0.68,0.38,0.9,NA,1760,73.33333333333333,Schindler-Patalas,lake,2017,9,12.79627083333335,exact_month_year
PRLA,PRLA.AOS.buoy.c0,2017-09-12,CYCSP,0.5,0.38,0.83,NA,1750,48.611111111111114,Schindler-Patalas,lake,2017,9,12.79627083333335,exact_month_year
PRLA,PRLA.AOS.littoral1,2017-09-12,CYCSP,0.47,0.38,0.58,NA,1520,63.333333333333336,Schindler-Patalas,lake,2017,9,12.79627083333335,exact_month_year
PRLA,PRLA.AOS.littoral2,2017-09-12,CYCSP,0.5,0.3,0.68,NA,1120,46.666666666666664,Schindler-Patalas,lake,2017,9,12.79627083333335,exact_month_year
PRLA,PRLA.AOS.littoral1,2017-09-12,DIASP10,0.88,0.88,0.88,NA,190,7.916666666666667,Schindler-Patalas,lake,2017,9,12.79627083333335,exact_month_year
PRLA,PRLA.AOS.littoral2,2017-09-12,DIASP10,0.66,0.45,0.88,NA,320,13.333333333333334,Schindler-Patalas,lake,2017,9,12.79627083333335,exact_month_year
PRLA,PRLA.AOS.buoy.c0,2017-09-12,FILLON,0.13,0.13,0.15,0.06,11000,305.55555555555554,Schindler-Patalas,lake,2017,9,12.79627083333335,exact_month_year
PRLA,PRLA.AOS.littoral1,2017-09-12,FILLON,0.13,0.13,0.15,0.06,7790,324.5833333333333,Schindler-Patalas,lake,2017,9,12.79627083333335,exact_month_year
PRLA,PRLA.AOS.littoral2,2017-09-12,FILLON,0.13,0.13,0.15,0.06,3680,153.33333333333334,Schindler-Patalas,lake,2017,9,12.79627083333335,exact_month_year
PRLA,PRLA.AOS.buoy.c0,2017-09-12,KERSP,0.09,0.08,0.1,NA,5000,138.88888888888889,Schindler-Patalas,lake,2017,9,12.79627083333335,exact_month_year
PRLA,PRLA.AOS.littoral1,2017-09-12,KERSP,0.09,0.08,0.1,NA,7030,292.9166666666667,Schindler-Patalas,lake,2017,9,12.79627083333335,exact_month_year
PRLA,PRLA.AOS.littoral2,2017-09-12,KERSP,0.09,0.08,0.1,NA,3680,153.33333333333334,Schindler-Patalas,lake,2017,9,12.79627083333335,exact_month_year
PRLA,PRLA.AOS.littoral2,2017-09-12,KERTES,0.13,0.13,0.13,NA,160,6.666666666666667,Schindler-Patalas,lake,2017,9,12.79627083333335,exact_month_year
PRLA,PRLA.AOS.buoy.c0,2017-09-12,LEPSIC,1.04,0.98,1.1,NA,1250,34.72222222222222,Schindler-Patalas,lake,2017,9,12.79627083333335,exact_month_year
PRLA,PRLA.AOS.littoral1,2017-09-12,LEPSIC,1.02,1,1.08,NA,760,31.666666666666668,Schindler-Patalas,lake,2017,9,12.79627083333335,exact_month_year
PRLA,PRLA.AOS.littoral2,2017-09-12,LEPSIC,1.02,0.95,1.05,NA,1120,46.666666666666664,Schindler-Patalas,lake,2017,9,12.79627083333335,exact_month_year
PRLA,PRLA.AOS.buoy.c0,2017-09-12,MESEDA,0.93,0.93,0.93,NA,500,13.88888888888889,Schindler-Patalas,lake,2017,9,12.79627083333335,exact_month_year
PRLA,PRLA.AOS.littoral1,2017-09-12,MESEDA,1.25,1.25,1.25,NA,190,7.916666666666667,Schindler-Patalas,lake,2017,9,12.79627083333335,exact_month_year
PRLA,PRLA.AOS.buoy.c0,2017-09-12,POLSP20,0.08,0.08,0.1,NA,10750,298.6111111111111,Schindler-Patalas,lake,2017,9,12.79627083333335,exact_month_year
PRLA,PRLA.AOS.littoral1,2017-09-12,POLSP20,0.08,0.08,0.1,NA,3610,150.41666666666666,Schindler-Patalas,lake,2017,9,12.79627083333335,exact_month_year
PRLA,PRLA.AOS.littoral2,2017-09-12,POLSP20,0.08,0.08,0.1,NA,3360,140,Schindler-Patalas,lake,2017,9,12.79627083333335,exact_month_year
PRLA,PRLA.AOS.buoy.c0,2017-09-12,POMSUL,0.08,0.08,0.1,NA,52750,1465.2777777777778,Schindler-Patalas,lake,2017,9,12.79627083333335,exact_month_year
PRLA,PRLA.AOS.littoral1,2017-09-12,POMSUL,0.08,0.08,0.1,NA,17860,744.1666666666666,Schindler-Patalas,lake,2017,9,12.79627083333335,exact_month_year
PRLA,PRLA.AOS.littoral2,2017-09-12,POMSUL,0.08,0.08,0.1,NA,19040,793.3333333333334,Schindler-Patalas,lake,2017,9,12.79627083333335,exact_month_year
PRLA,PRLA.AOS.buoy.c0,2018-05-09,AMPSP1,NA,NA,NA,NA,320,8.88888888888889,Schindler-Patalas,lake,2018,5,14.117990713192706,same_month_all_years
PRLA,PRLA.AOS.buoy.c0,2018-05-09,BRAANG,0.1,0.08,0.13,NA,3200,88.88888888888889,Schindler-Patalas,lake,2018,5,14.117990713192706,same_month_all_years
PRLA,PRLA.AOS.littoral1,2018-05-09,BRAANG,0.09,0.08,0.13,NA,2040,85,Schindler-Patalas,lake,2018,5,14.117990713192706,same_month_all_years
PRLA,PRLA.AOS.littoral2,2018-05-09,BRAANG,0.09,0.08,0.1,NA,480,20,Schindler-Patalas,lake,2018,5,14.117990713192706,same_month_all_years
PRLA,PRLA.AOS.buoy.c0,2018-05-09,BRASP22,0.25,0.25,0.25,NA,1600,44.44444444444444,Schindler-Patalas,lake,2018,5,14.117990713192706,same_month_all_years
PRLA,PRLA.AOS.littoral1,2018-05-09,BRASP22,0.24,0.23,0.25,NA,510,21.25,Schindler-Patalas,lake,2018,5,14.117990713192706,same_month_all_years
PRLA,PRLA.AOS.littoral2,2018-05-09,BRASP22,0.25,0.25,0.25,NA,960,40,Schindler-Patalas,lake,2018,5,14.117990713192706,same_month_all_years
PRLA,PRLA.AOS.buoy.c0,2018-05-09,DIASP,1.17,1.08,1.2,NA,640,17.77777777777778,Schindler-Patalas,lake,2018,5,14.117990713192706,same_month_all_years
PRLA,PRLA.AOS.littoral2,2018-05-09,DIASP,1.09,1.05,1.13,NA,320,13.333333333333334,Schindler-Patalas,lake,2018,5,14.117990713192706,same_month_all_years
PRLA,PRLA.AOS.buoy.c0,2018-05-09,FILLON,0.15,0.13,0.15,0.05,5600,155.55555555555554,Schindler-Patalas,lake,2018,5,14.117990713192706,same_month_all_years
PRLA,PRLA.AOS.littoral1,2018-05-09,FILLON,0.15,0.15,0.15,0.05,2040,85,Schindler-Patalas,lake,2018,5,14.117990713192706,same_month_all_years
PRLA,PRLA.AOS.littoral2,2018-05-09,FILLON,0.15,0.13,0.18,0.05,3200,133.33333333333334,Schindler-Patalas,lake,2018,5,14.117990713192706,same_month_all_years
PRLA,PRLA.AOS.buoy.c0,2018-05-09,KERQUA,0.1,0.1,0.13,NA,4000,111.11111111111111,Schindler-Patalas,lake,2018,5,14.117990713192706,same_month_all_years
PRLA,PRLA.AOS.littoral1,2018-05-09,KERQUA,0.11,0.1,0.13,NA,1190,49.583333333333336,Schindler-Patalas,lake,2018,5,14.117990713192706,same_month_all_years
PRLA,PRLA.AOS.littoral2,2018-05-09,KERQUA,0.1,0.1,0.1,NA,160,6.666666666666667,Schindler-Patalas,lake,2018,5,14.117990713192706,same_month_all_years
PRLA,PRLA.AOS.littoral1,2018-05-09,KERSP,0.13,0.13,0.13,NA,340,14.166666666666666,Schindler-Patalas,lake,2018,5,14.117990713192706,same_month_all_years
PRLA,PRLA.AOS.buoy.c0,2018-05-09,KERTES,0.1,0.1,0.1,NA,15360,426.6666666666667,Schindler-Patalas,lake,2018,5,14.117990713192706,same_month_all_years
PRLA,PRLA.AOS.littoral1,2018-05-09,KERTES,0.1,0.1,0.1,NA,7990,332.9166666666667,Schindler-Patalas,lake,2018,5,14.117990713192706,same_month_all_years
PRLA,PRLA.AOS.littoral2,2018-05-09,KERTES,0.1,0.1,0.13,NA,4640,193.33333333333337,Schindler-Patalas,lake,2018,5,14.117990713192706,same_month_all_years
PRLA,PRLA.AOS.buoy.c0,2018-05-09,POLSP20,0.1,0.1,0.1,NA,23360,648.8888888888889,Schindler-Patalas,lake,2018,5,14.117990713192706,same_month_all_years
PRLA,PRLA.AOS.littoral1,2018-05-09,POLSP20,0.1,0.1,0.1,NA,16490,687.0833333333334,Schindler-Patalas,lake,2018,5,14.117990713192706,same_month_all_years
PRLA,PRLA.AOS.littoral2,2018-05-09,POLSP20,0.1,0.1,0.1,NA,24640,1026.6666666666667,Schindler-Patalas,lake,2018,5,14.117990713192706,same_month_all_years
PRLA,PRLA.AOS.buoy.c0,2018-05-09,POMSUL,0.08,0.08,0.1,NA,26880,746.6666666666666,Schindler-Patalas,lake,2018,5,14.117990713192706,same_month_all_years
PRLA,PRLA.AOS.littoral1,2018-05-09,POMSUL,0.08,0.08,0.1,NA,7140,297.5,Schindler-Patalas,lake,2018,5,14.117990713192706,same_month_all_years
PRLA,PRLA.AOS.littoral2,2018-05-09,POMSUL,0.08,0.08,0.1,NA,2880,120,Schindler-Patalas,lake,2018,5,14.117990713192706,same_month_all_years
PRLA,PRLA.AOS.littoral2,2018-07-11,ACASP20,0.7,0.7,0.7,NA,63,2.625,Schindler-Patalas,lake,2018,7,23.46207935804033,exact_month_year
PRLA,PRLA.AOS.buoy.c0,2018-07-11,BOSLON,0.23,0.18,0.28,NA,2086,57.94444444444444,Schindler-Patalas,lake,2018,7,23.46207935804033,exact_month_year
PRLA,PRLA.AOS.littoral1,2018-07-11,BOSLON,0.21,0.18,0.25,NA,875,36.458333333333336,Schindler-Patalas,lake,2018,7,23.46207935804033,exact_month_year
PRLA,PRLA.AOS.littoral2,2018-07-11,BOSLON,0.22,0.18,0.3,NA,1188,49.5,Schindler-Patalas,lake,2018,7,23.46207935804033,exact_month_year
PRLA,PRLA.AOS.buoy.c0,2018-07-11,BRAANG,0.11,0.1,0.13,NA,21307,591.8611111111111,Schindler-Patalas,lake,2018,7,23.46207935804033,exact_month_year
PRLA,PRLA.AOS.littoral1,2018-07-11,BRAANG,0.11,0.1,0.13,NA,4938,205.75,Schindler-Patalas,lake,2018,7,23.46207935804033,exact_month_year
PRLA,PRLA.AOS.littoral2,2018-07-11,BRAANG,0.11,0.1,0.13,NA,14625,609.375,Schindler-Patalas,lake,2018,7,23.46207935804033,exact_month_year
PRLA,PRLA.AOS.buoy.c0,2018-07-11,BRAHAV,0.1,0.1,0.1,NA,894,24.833333333333332,Schindler-Patalas,lake,2018,7,23.46207935804033,exact_month_year
PRLA,PRLA.AOS.littoral1,2018-07-11,BRAHAV,0.11,0.1,0.13,NA,250,10.416666666666666,Schindler-Patalas,lake,2018,7,23.46207935804033,exact_month_year
PRLA,PRLA.AOS.littoral2,2018-07-11,BRAHAV,0.1,0.1,0.1,NA,2063,85.95833333333333,Schindler-Patalas,lake,2018,7,23.46207935804033,exact_month_year
PRLA,PRLA.AOS.buoy.c0,2018-07-11,CALSP1,0.64,0.35,0.9,NA,2384,66.22222222222223,Schindler-Patalas,lake,2018,7,23.46207935804033,exact_month_year
PRLA,PRLA.AOS.littoral1,2018-07-11,CALSP1,0.72,0.33,0.93,NA,813,33.875,Schindler-Patalas,lake,2018,7,23.46207935804033,exact_month_year
PRLA,PRLA.AOS.littoral2,2018-07-11,CALSP1,0.66,0.38,0.83,NA,813,33.875,Schindler-Patalas,lake,2018,7,23.46207935804033,exact_month_year
PRLA,PRLA.AOS.buoy.c0,2018-07-11,CYCSP,0.58,0.33,0.75,NA,2980,82.77777777777777,Schindler-Patalas,lake,2018,7,23.46207935804033,exact_month_year
PRLA,PRLA.AOS.littoral1,2018-07-11,CYCSP,0.63,0.45,0.75,NA,2813,117.20833333333331,Schindler-Patalas,lake,2018,7,23.46207935804033,exact_month_year
PRLA,PRLA.AOS.littoral2,2018-07-11,CYCSP,0.56,0.38,0.75,NA,500,20.833333333333332,Schindler-Patalas,lake,2018,7,23.46207935804033,exact_month_year
PRLA,PRLA.AOS.buoy.c0,2018-07-11,DIASP10,0.75,0.58,0.93,NA,894,24.833333333333332,Schindler-Patalas,lake,2018,7,23.46207935804033,exact_month_year
PRLA,PRLA.AOS.littoral1,2018-07-11,DIASP10,0.77,0.45,1.08,NA,938,39.083333333333336,Schindler-Patalas,lake,2018,7,23.46207935804033,exact_month_year
PRLA,PRLA.AOS.littoral2,2018-07-11,DIASP10,0.79,0.43,1.08,NA,813,33.875,Schindler-Patalas,lake,2018,7,23.46207935804033,exact_month_year
PRLA,PRLA.AOS.buoy.c0,2018-07-11,FILLON,0.12,0.1,0.13,0.05,2831,78.63888888888889,Schindler-Patalas,lake,2018,7,23.46207935804033,exact_month_year
PRLA,PRLA.AOS.littoral1,2018-07-11,FILLON,0.12,0.1,0.13,0.05,438,18.25,Schindler-Patalas,lake,2018,7,23.46207935804033,exact_month_year
PRLA,PRLA.AOS.littoral2,2018-07-11,FILLON,0.12,0.1,0.13,0.05,250,10.416666666666666,Schindler-Patalas,lake,2018,7,23.46207935804033,exact_month_year
PRLA,PRLA.AOS.buoy.c0,2018-07-11,KERSP,0.08,0.08,0.1,NA,447,12.416666666666666,Schindler-Patalas,lake,2018,7,23.46207935804033,exact_month_year
PRLA,PRLA.AOS.littoral1,2018-07-11,KERSP,0.08,0.08,0.08,NA,313,13.041666666666666,Schindler-Patalas,lake,2018,7,23.46207935804033,exact_month_year
PRLA,PRLA.AOS.littoral2,2018-07-11,KERSP,0.08,0.08,0.1,NA,375,15.625,Schindler-Patalas,lake,2018,7,23.46207935804033,exact_month_year
PRLA,PRLA.AOS.buoy.c0,2018-07-11,LEPSIC,0.99,0.9,1.05,NA,3278,91.05555555555556,Schindler-Patalas,lake,2018,7,23.46207935804033,exact_month_year
PRLA,PRLA.AOS.littoral1,2018-07-11,LEPSIC,1.02,0.93,1.13,NA,3688,153.66666666666666,Schindler-Patalas,lake,2018,7,23.46207935804033,exact_month_year
PRLA,PRLA.AOS.littoral2,2018-07-11,LEPSIC,1,0.9,1.08,NA,938,39.083333333333336,Schindler-Patalas,lake,2018,7,23.46207935804033,exact_month_year
PRLA,PRLA.AOS.buoy.c0,2018-07-11,MESEDA,0.84,0.78,0.9,NA,1043,28.97222222222222,Schindler-Patalas,lake,2018,7,23.46207935804033,exact_month_year
PRLA,PRLA.AOS.littoral1,2018-07-11,MESEDA,0.99,0.83,1.38,NA,4500,187.5,Schindler-Patalas,lake,2018,7,23.46207935804033,exact_month_year
PRLA,PRLA.AOS.littoral2,2018-07-11,MESEDA,0.88,0.75,1,NA,500,20.833333333333332,Schindler-Patalas,lake,2018,7,23.46207935804033,exact_month_year
PRLA,PRLA.AOS.littoral1,2018-07-11,POLSP20,0.1,0.1,0.1,NA,125,5.208333333333333,Schindler-Patalas,lake,2018,7,23.46207935804033,exact_month_year
PRLA,PRLA.AOS.buoy.c0,2018-09-11,ACASP20,0.83,0.83,0.83,NA,67,1.8611111111111112,Schindler-Patalas,lake,2018,9,15.412907558378874,exact_month_year
PRLA,PRLA.AOS.littoral2,2018-09-11,ACASP20,1,1,1,NA,50,2.0833333333333335,Schindler-Patalas,lake,2018,9,15.412907558378874,exact_month_year
PRLA,PRLA.AOS.buoy.c0,2018-09-11,ANUSP1,0.06,0.05,0.08,NA,135,3.75,Schindler-Patalas,lake,2018,9,15.412907558378874,exact_month_year
PRLA,PRLA.AOS.littoral2,2018-09-11,ANUSP1,0.06,0.05,0.08,NA,200,8.333333333333334,Schindler-Patalas,lake,2018,9,15.412907558378874,exact_month_year
PRLA,PRLA.AOS.littoral1,2018-09-11,BDESP,0.1,0.1,0.1,NA,35,1.4583333333333333,Schindler-Patalas,lake,2018,9,15.412907558378874,exact_month_year
PRLA,PRLA.AOS.buoy.c0,2018-09-11,BOSLON,0.25,0.18,0.33,NA,1616,44.888888888888886,Schindler-Patalas,lake,2018,9,15.412907558378874,exact_month_year
PRLA,PRLA.AOS.littoral1,2018-09-11,BOSLON,0.28,0.23,0.3,NA,315,13.125,Schindler-Patalas,lake,2018,9,15.412907558378874,exact_month_year
PRLA,PRLA.AOS.littoral2,2018-09-11,BOSLON,0.27,0.23,0.35,NA,400,16.666666666666668,Schindler-Patalas,lake,2018,9,15.412907558378874,exact_month_year
PRLA,PRLA.AOS.buoy.c0,2018-09-11,BRAANG,0.11,0.1,0.13,NA,6935,192.63888888888889,Schindler-Patalas,lake,2018,9,15.412907558378874,exact_month_year
PRLA,PRLA.AOS.littoral1,2018-09-11,BRAANG,0.12,0.1,0.13,NA,2065,86.04166666666667,Schindler-Patalas,lake,2018,9,15.412907558378874,exact_month_year
PRLA,PRLA.AOS.littoral2,2018-09-11,BRAANG,0.12,0.1,0.13,NA,4650,193.75,Schindler-Patalas,lake,2018,9,15.412907558378874,exact_month_year
PRLA,PRLA.AOS.buoy.c0,2018-09-11,BRAHAV,0.13,0.13,0.15,NA,337,9.36111111111111,Schindler-Patalas,lake,2018,9,15.412907558378874,exact_month_year
PRLA,PRLA.AOS.littoral2,2018-09-11,BRAHAV,0.13,0.13,0.15,NA,350,14.583333333333334,Schindler-Patalas,lake,2018,9,15.412907558378874,exact_month_year
PRLA,PRLA.AOS.buoy.c0,2018-09-11,CALSP1,0.82,0.43,0.95,NA,875,24.305555555555557,Schindler-Patalas,lake,2018,9,15.412907558378874,exact_month_year
PRLA,PRLA.AOS.littoral1,2018-09-11,CALSP1,0.71,0.38,0.93,NA,385,16.041666666666668,Schindler-Patalas,lake,2018,9,15.412907558378874,exact_month_year
PRLA,PRLA.AOS.littoral2,2018-09-11,CALSP1,0.71,0.5,0.88,NA,200,8.333333333333334,Schindler-Patalas,lake,2018,9,15.412907558378874,exact_month_year
PRLA,PRLA.AOS.buoy.c0,2018-09-11,CYCSP,0.6,0.4,0.75,NA,1414,39.27777777777778,Schindler-Patalas,lake,2018,9,15.412907558378874,exact_month_year
PRLA,PRLA.AOS.littoral1,2018-09-11,CYCSP,0.61,0.38,0.88,NA,910,37.916666666666664,Schindler-Patalas,lake,2018,9,15.412907558378874,exact_month_year
PRLA,PRLA.AOS.littoral2,2018-09-11,CYCSP,0.54,0.35,0.9,NA,900,37.5,Schindler-Patalas,lake,2018,9,15.412907558378874,exact_month_year
PRLA,PRLA.AOS.buoy.c0,2018-09-11,DAPSP1,0.51,0.43,0.6,NA,135,3.75,Schindler-Patalas,lake,2018,9,15.412907558378874,exact_month_year
PRLA,PRLA.AOS.littoral1,2018-09-11,DAPSP1,0.63,0.63,0.63,NA,35,1.4583333333333333,Schindler-Patalas,lake,2018,9,15.412907558378874,exact_month_year
PRLA,PRLA.AOS.littoral2,2018-09-11,DAPSP1,0.43,0.43,0.43,NA,50,2.0833333333333335,Schindler-Patalas,lake,2018,9,15.412907558378874,exact_month_year
PRLA,PRLA.AOS.buoy.c0,2018-09-11,DIASP10,0.74,0.58,0.88,NA,269,7.472222222222222,Schindler-Patalas,lake,2018,9,15.412907558378874,exact_month_year
PRLA,PRLA.AOS.littoral1,2018-09-11,DIASP10,0.78,0.43,1.13,NA,280,11.666666666666666,Schindler-Patalas,lake,2018,9,15.412907558378874,exact_month_year
PRLA,PRLA.AOS.littoral2,2018-09-11,DIASP10,0.58,0.58,0.58,NA,50,2.0833333333333335,Schindler-Patalas,lake,2018,9,15.412907558378874,exact_month_year
PRLA,PRLA.AOS.buoy.c0,2018-09-11,FILLON,0.13,0.13,0.13,0.05,202,5.611111111111111,Schindler-Patalas,lake,2018,9,15.412907558378874,exact_month_year
PRLA,PRLA.AOS.littoral1,2018-09-11,FILLON,0.13,0.13,0.13,0.05,35,1.4583333333333333,Schindler-Patalas,lake,2018,9,15.412907558378874,exact_month_year
PRLA,PRLA.AOS.littoral2,2018-09-11,FILLON,0.13,0.13,0.13,0.05,200,8.333333333333334,Schindler-Patalas,lake,2018,9,15.412907558378874,exact_month_year
PRLA,PRLA.AOS.buoy.c0,2018-09-11,KERCOC,0.08,0.08,0.1,NA,1683,46.75,Schindler-Patalas,lake,2018,9,15.412907558378874,exact_month_year
PRLA,PRLA.AOS.littoral1,2018-09-11,KERCOC,0.08,0.08,0.1,NA,315,13.125,Schindler-Patalas,lake,2018,9,15.412907558378874,exact_month_year
PRLA,PRLA.AOS.littoral2,2018-09-11,KERCOC,0.09,0.08,0.1,NA,450,18.75,Schindler-Patalas,lake,2018,9,15.412907558378874,exact_month_year
PRLA,PRLA.AOS.buoy.c0,2018-09-11,KERSP,0.13,0.13,0.13,NA,673,18.694444444444443,Schindler-Patalas,lake,2018,9,15.412907558378874,exact_month_year
PRLA,PRLA.AOS.littoral1,2018-09-11,KERSP,0.13,0.13,0.13,NA,385,16.041666666666668,Schindler-Patalas,lake,2018,9,15.412907558378874,exact_month_year
PRLA,PRLA.AOS.littoral2,2018-09-11,KERSP,0.13,0.13,0.13,NA,1000,41.666666666666664,Schindler-Patalas,lake,2018,9,15.412907558378874,exact_month_year
PRLA,PRLA.AOS.buoy.c0,2018-09-11,LEPSIC,1.01,0.88,1.1,NA,1077,29.916666666666668,Schindler-Patalas,lake,2018,9,15.412907558378874,exact_month_year
PRLA,PRLA.AOS.littoral1,2018-09-11,LEPSIC,1,0.9,1.1,NA,1715,71.45833333333333,Schindler-Patalas,lake,2018,9,15.412907558378874,exact_month_year
PRLA,PRLA.AOS.littoral2,2018-09-11,LEPSIC,0.99,0.93,1.13,NA,700,29.166666666666668,Schindler-Patalas,lake,2018,9,15.412907558378874,exact_month_year
PRLA,PRLA.AOS.buoy.c0,2018-09-11,MESEDA,1.08,0.9,1.35,NA,269,7.472222222222222,Schindler-Patalas,lake,2018,9,15.412907558378874,exact_month_year
PRLA,PRLA.AOS.littoral1,2018-09-11,MESEDA,0.91,0.85,1,NA,105,4.375,Schindler-Patalas,lake,2018,9,15.412907558378874,exact_month_year
PRLA,PRLA.AOS.littoral2,2018-09-11,MESEDA,0.86,0.85,0.88,NA,100,4.166666666666667,Schindler-Patalas,lake,2018,9,15.412907558378874,exact_month_year
PRLA,PRLA.AOS.buoy.c0,2018-09-11,POLSP20,0.1,0.1,0.1,NA,404,11.22222222222222,Schindler-Patalas,lake,2018,9,15.412907558378874,exact_month_year
PRLA,PRLA.AOS.littoral1,2018-09-11,POLSP20,0.1,0.1,0.1,NA,70,2.9166666666666665,Schindler-Patalas,lake,2018,9,15.412907558378874,exact_month_year
PRLA,PRLA.AOS.littoral2,2018-09-11,POLSP20,0.1,0.1,0.1,NA,450,18.75,Schindler-Patalas,lake,2018,9,15.412907558378874,exact_month_year
PRLA,PRLA.AOS.littoral2,2018-09-11,POMSUL,0.08,0.08,0.1,NA,150,6.25,Schindler-Patalas,lake,2018,9,15.412907558378874,exact_month_year
PRLA,PRLA.AOS.buoy.c0,2019-04-24,BDESP,0.505,0.485,0.525,0.088,8,0.2222222222222222,Schindler-Patalas,lake,2019,4,9.106449660981248,same_month_all_years
PRLA,PRLA.AOS.littoral1,2019-04-24,BDESP,0.25,0.25,0.25,0.15,3,0.125,Schindler-Patalas,lake,2019,4,9.106449660981248,same_month_all_years
PRLA,PRLA.AOS.littoral2,2019-04-24,BDESP,0.44,0.185,0.612,0.094,17,0.7083333333333334,Schindler-Patalas,lake,2019,4,9.106449660981248,same_month_all_years
PRLA,PRLA.AOS.littoral1,2019-04-24,CLASP,1.568,1.568,1.568,NA,1,0.04166666666666666,Schindler-Patalas,lake,2019,4,9.106449660981248,same_month_all_years
PRLA,PRLA.AOS.buoy.c0,2019-04-24,CYCSP,1.425,1.425,1.425,NA,1,0.02777777777777777,Schindler-Patalas,lake,2019,4,9.106449660981248,same_month_all_years
PRLA,PRLA.AOS.littoral1,2019-04-24,DAPPUL1,1.625,1.625,1.625,NA,2,0.08333333333333333,Schindler-Patalas,lake,2019,4,9.106449660981248,same_month_all_years
PRLA,PRLA.AOS.littoral2,2019-04-24,MESEDA,1.739,1.625,1.852,NA,2,0.08333333333333333,Schindler-Patalas,lake,2019,4,9.106449660981248,same_month_all_years
PRLA,PRLA.AOS.littoral1,2019-04-24,ROTSP1,0.426,0.426,0.426,0.076,3,0.125,Schindler-Patalas,lake,2019,4,9.106449660981248,same_month_all_years
PRLA,PRLA.AOS.littoral2,2019-04-24,ROTSP1,0.512,0.512,0.512,0.078,1,0.04166666666666666,Schindler-Patalas,lake,2019,4,9.106449660981248,same_month_all_years
PRLA,PRLA.AOS.littoral2,2019-07-11,ACASP20,1.271,1.162,1.425,NA,88,3.6666666666666665,Schindler-Patalas,lake,2019,7,24.62166279540955,exact_month_year
PRLA,PRLA.AOS.buoy.c0,2019-07-11,ACAVER,1.308,0.998,1.658,NA,125,3.4722222222222223,Schindler-Patalas,lake,2019,7,24.62166279540955,exact_month_year
PRLA,PRLA.AOS.littoral1,2019-07-11,ACAVER,1.142,0.985,1.255,NA,310,12.916666666666666,Schindler-Patalas,lake,2019,7,24.62166279540955,exact_month_year
PRLA,PRLA.AOS.littoral2,2019-07-11,ACAVER,1.293,1.15,1.422,NA,200,8.333333333333334,Schindler-Patalas,lake,2019,7,24.62166279540955,exact_month_year
PRLA,PRLA.AOS.buoy.c0,2019-07-11,CALSP1,1.237,0.612,1.515,NA,488,13.555555555555555,Schindler-Patalas,lake,2019,7,24.62166279540955,exact_month_year
PRLA,PRLA.AOS.littoral1,2019-07-11,CALSP1,1.173,1.111,1.256,NA,280,11.666666666666666,Schindler-Patalas,lake,2019,7,24.62166279540955,exact_month_year
PRLA,PRLA.AOS.littoral2,2019-07-11,CALSP1,1.385,1.221,1.582,NA,238,9.916666666666666,Schindler-Patalas,lake,2019,7,24.62166279540955,exact_month_year
PRLA,PRLA.AOS.buoy.c0,2019-07-11,CLASP,0.34,0.34,0.34,NA,13,0.3611111111111111,Schindler-Patalas,lake,2019,7,24.62166279540955,exact_month_year
PRLA,PRLA.AOS.littoral1,2019-07-11,CYCSP,0.874,0.525,1.222,NA,20,0.8333333333333334,Schindler-Patalas,lake,2019,7,24.62166279540955,exact_month_year
PRLA,PRLA.AOS.buoy.c0,2019-07-11,DAPAMB,0.97,0.856,1.055,NA,100,2.7777777777777777,Schindler-Patalas,lake,2019,7,24.62166279540955,exact_month_year
PRLA,PRLA.AOS.littoral1,2019-07-11,DAPAMB,0.988,0.925,1.055,NA,110,4.583333333333333,Schindler-Patalas,lake,2019,7,24.62166279540955,exact_month_year
PRLA,PRLA.AOS.littoral2,2019-07-11,DAPAMB,1.191,1.112,1.236,NA,250,10.416666666666666,Schindler-Patalas,lake,2019,7,24.62166279540955,exact_month_year
PRLA,PRLA.AOS.buoy.c0,2019-07-11,DAPPUL1,1.742,1.498,1.985,NA,388,10.77777777777778,Schindler-Patalas,lake,2019,7,24.62166279540955,exact_month_year
PRLA,PRLA.AOS.littoral1,2019-07-11,DAPPUL1,1.723,1.422,1.998,NA,860,35.833333333333336,Schindler-Patalas,lake,2019,7,24.62166279540955,exact_month_year
PRLA,PRLA.AOS.littoral2,2019-07-11,DAPPUL1,1.722,1.48,1.981,NA,963,40.125,Schindler-Patalas,lake,2019,7,24.62166279540955,exact_month_year
PRLA,PRLA.AOS.buoy.c0,2019-07-11,DAPSP1,0.596,0.351,0.851,NA,88,2.4444444444444446,Schindler-Patalas,lake,2019,7,24.62166279540955,exact_month_year
PRLA,PRLA.AOS.littoral1,2019-07-11,DAPSP1,0.447,0.395,0.512,NA,40,1.6666666666666667,Schindler-Patalas,lake,2019,7,24.62166279540955,exact_month_year
PRLA,PRLA.AOS.littoral2,2019-07-11,DAPSP1,0.662,0.422,0.982,NA,238,9.916666666666666,Schindler-Patalas,lake,2019,7,24.62166279540955,exact_month_year
PRLA,PRLA.AOS.buoy.c0,2019-07-11,KERQUA,0.128,0.128,0.128,0.074,13,0.3611111111111111,Schindler-Patalas,lake,2019,7,24.62166279540955,exact_month_year
PRLA,PRLA.AOS.littoral1,2019-07-11,KERQUA,0.16,0.155,0.165,0.081,30,1.25,Schindler-Patalas,lake,2019,7,24.62166279540955,exact_month_year
PRLA,PRLA.AOS.buoy.c0,2019-07-11,LEPSIC,1.191,1.055,1.335,NA,325,9.02777777777778,Schindler-Patalas,lake,2019,7,24.62166279540955,exact_month_year
PRLA,PRLA.AOS.littoral1,2019-07-11,LEPSIC,1.244,1.185,1.312,NA,260,10.833333333333334,Schindler-Patalas,lake,2019,7,24.62166279540955,exact_month_year
PRLA,PRLA.AOS.littoral2,2019-07-11,LEPSIC,1.324,1.212,1.411,NA,338,14.083333333333334,Schindler-Patalas,lake,2019,7,24.62166279540955,exact_month_year
PRLA,PRLA.AOS.buoy.c0,2019-07-11,MESEDA,1.922,1.858,1.985,NA,38,1.0555555555555556,Schindler-Patalas,lake,2019,7,24.62166279540955,exact_month_year
PRLA,PRLA.AOS.littoral1,2019-07-11,MESEDA,1.82,1.525,2.011,NA,40,1.6666666666666667,Schindler-Patalas,lake,2019,7,24.62166279540955,exact_month_year
PRLA,PRLA.AOS.littoral2,2019-07-11,MESEDA,1.112,1.112,1.112,NA,25,1.0416666666666667,Schindler-Patalas,lake,2019,7,24.62166279540955,exact_month_year
PRLA,PRLA.AOS.littoral1,2019-09-10,BOSLON,0.512,0.512,0.512,NA,8,0.3333333333333333,Schindler-Patalas,lake,2019,9,17.143605299079873,exact_month_year
PRLA,PRLA.AOS.littoral2,2019-09-10,BOSLON,0.502,0.502,0.502,NA,19,0.7916666666666666,Schindler-Patalas,lake,2019,9,17.143605299079873,exact_month_year
PRLA,PRLA.AOS.buoy.c0,2019-09-10,CALSP1,1.117,1.025,1.211,NA,1900,52.77777777777778,Schindler-Patalas,lake,2019,9,17.143605299079873,exact_month_year
PRLA,PRLA.AOS.littoral1,2019-09-10,CALSP1,0.864,0.796,0.962,NA,875,36.458333333333336,Schindler-Patalas,lake,2019,9,17.143605299079873,exact_month_year
PRLA,PRLA.AOS.littoral2,2019-09-10,CALSP1,0.987,0.912,1.102,NA,665,27.708333333333332,Schindler-Patalas,lake,2019,9,17.143605299079873,exact_month_year
PRLA,PRLA.AOS.buoy.c0,2019-09-10,CERSP19,0.507,0.507,0.507,NA,17,0.4722222222222222,Schindler-Patalas,lake,2019,9,17.143605299079873,exact_month_year
PRLA,PRLA.AOS.buoy.c0,2019-09-10,CLASP,0.379,0.333,0.425,NA,100,2.7777777777777777,Schindler-Patalas,lake,2019,9,17.143605299079873,exact_month_year
PRLA,PRLA.AOS.littoral1,2019-09-10,CLASP,0.435,0.335,0.542,NA,25,1.0416666666666667,Schindler-Patalas,lake,2019,9,17.143605299079873,exact_month_year
PRLA,PRLA.AOS.littoral2,2019-09-10,CLASP,0.301,0.301,0.301,NA,19,0.7916666666666666,Schindler-Patalas,lake,2019,9,17.143605299079873,exact_month_year
PRLA,PRLA.AOS.buoy.c0,2019-09-10,COPSP,0.497,0.391,0.598,NA,2117,58.80555555555556,Schindler-Patalas,lake,2019,9,17.143605299079873,exact_month_year
PRLA,PRLA.AOS.littoral1,2019-09-10,COPSP,0.521,0.464,0.601,NA,1050,43.75,Schindler-Patalas,lake,2019,9,17.143605299079873,exact_month_year
PRLA,PRLA.AOS.littoral2,2019-09-10,COPSP,0.45,0.396,0.562,NA,2280,95,Schindler-Patalas,lake,2019,9,17.143605299079873,exact_month_year
PRLA,PRLA.AOS.buoy.c0,2019-09-10,CYCSP,0.764,0.602,0.915,NA,167,4.638888888888889,Schindler-Patalas,lake,2019,9,17.143605299079873,exact_month_year
PRLA,PRLA.AOS.littoral1,2019-09-10,CYCSP,0.538,0.335,0.701,NA,67,2.7916666666666665,Schindler-Patalas,lake,2019,9,17.143605299079873,exact_month_year
PRLA,PRLA.AOS.littoral2,2019-09-10,CYCSP,0.405,0.295,0.586,NA,304,12.666666666666666,Schindler-Patalas,lake,2019,9,17.143605299079873,exact_month_year
PRLA,PRLA.AOS.buoy.c0,2019-09-10,DAPAMB,0.971,0.957,0.985,NA,33,0.9166666666666666,Schindler-Patalas,lake,2019,9,17.143605299079873,exact_month_year
PRLA,PRLA.AOS.littoral1,2019-09-10,DAPAMB,0.79,0.734,0.846,NA,58,2.4166666666666665,Schindler-Patalas,lake,2019,9,17.143605299079873,exact_month_year
PRLA,PRLA.AOS.littoral2,2019-09-10,DAPAMB,0.961,0.927,1.002,NA,95,3.9583333333333335,Schindler-Patalas,lake,2019,9,17.143605299079873,exact_month_year
PRLA,PRLA.AOS.buoy.c0,2019-09-10,DAPPUL1,1.364,0.925,1.817,NA,1017,28.25,Schindler-Patalas,lake,2019,9,17.143605299079873,exact_month_year
PRLA,PRLA.AOS.littoral1,2019-09-10,DAPPUL1,1.132,0.976,1.302,NA,300,12.5,Schindler-Patalas,lake,2019,9,17.143605299079873,exact_month_year
PRLA,PRLA.AOS.littoral2,2019-09-10,DAPPUL1,1.391,1.105,1.739,NA,1520,63.333333333333336,Schindler-Patalas,lake,2019,9,17.143605299079873,exact_month_year
PRLA,PRLA.AOS.buoy.c0,2019-09-10,DAPSP1,0.515,0.422,0.617,NA,267,7.416666666666667,Schindler-Patalas,lake,2019,9,17.143605299079873,exact_month_year
PRLA,PRLA.AOS.littoral1,2019-09-10,DAPSP1,0.758,0.758,0.758,NA,33,1.375,Schindler-Patalas,lake,2019,9,17.143605299079873,exact_month_year
PRLA,PRLA.AOS.littoral2,2019-09-10,DAPSP1,0.6,0.423,0.725,NA,399,16.625,Schindler-Patalas,lake,2019,9,17.143605299079873,exact_month_year
PRLA,PRLA.AOS.buoy.c0,2019-09-10,DIATHO,1.054,0.996,1.111,NA,83,2.3055555555555554,Schindler-Patalas,lake,2019,9,17.143605299079873,exact_month_year
PRLA,PRLA.AOS.littoral2,2019-09-10,DIATHO,1.055,0.984,1.125,NA,95,3.9583333333333335,Schindler-Patalas,lake,2019,9,17.143605299079873,exact_month_year
PRLA,PRLA.AOS.buoy.c0,2019-09-10,KERQUA,0.127,0.096,0.155,0.088,367,10.194444444444445,Schindler-Patalas,lake,2019,9,17.143605299079873,exact_month_year
PRLA,PRLA.AOS.littoral1,2019-09-10,KERQUA,0.105,0.089,0.125,0.087,100,4.166666666666667,Schindler-Patalas,lake,2019,9,17.143605299079873,exact_month_year
PRLA,PRLA.AOS.littoral2,2019-09-10,KERQUA,0.104,0.098,0.112,0.09,437,18.208333333333332,Schindler-Patalas,lake,2019,9,17.143605299079873,exact_month_year
PRLA,PRLA.AOS.buoy.c0,2019-09-10,LEPSIC,1.033,0.985,1.112,NA,517,14.36111111111111,Schindler-Patalas,lake,2019,9,17.143605299079873,exact_month_year
PRLA,PRLA.AOS.littoral1,2019-09-10,LEPSIC,0.968,0.889,1.115,NA,467,19.458333333333332,Schindler-Patalas,lake,2019,9,17.143605299079873,exact_month_year
PRLA,PRLA.AOS.littoral2,2019-09-10,LEPSIC,1.101,0.985,1.202,NA,988,41.166666666666664,Schindler-Patalas,lake,2019,9,17.143605299079873,exact_month_year
PRLA,PRLA.AOS.littoral2,2020-06-15,ALOSP2,0.485,0.485,0.485,NA,3,0.125,Schindler-Patalas,lake,2020,6,20.2365662634012,exact_month_year
PRLA,PRLA.AOS.littoral2,2020-06-15,ASPSP4,0.323,0.312,0.334,0.16,7,0.2916666666666667,Schindler-Patalas,lake,2020,6,20.2365662634012,exact_month_year
PRLA,PRLA.AOS.littoral2,2020-06-15,BRASP22,0.142,0.142,0.142,0.102,13,0.5416666666666666,Schindler-Patalas,lake,2020,6,20.2365662634012,exact_month_year
PRLA,PRLA.AOS.buoy.c0,2020-06-15,CALSP1,0.733,0.589,0.902,NA,3620,100.55555555555556,Schindler-Patalas,lake,2020,6,20.2365662634012,exact_month_year
PRLA,PRLA.AOS.littoral1,2020-06-15,CALSP1,0.821,0.698,0.989,NA,2550,106.25,Schindler-Patalas,lake,2020,6,20.2365662634012,exact_month_year
PRLA,PRLA.AOS.littoral2,2020-06-15,CALSP1,0.615,0.41,0.845,NA,340,14.166666666666666,Schindler-Patalas,lake,2020,6,20.2365662634012,exact_month_year
PRLA,PRLA.AOS.littoral2,2020-06-15,CHYSPH,0.535,0.502,0.568,NA,10,0.4166666666666667,Schindler-Patalas,lake,2020,6,20.2365662634012,exact_month_year
PRLA,PRLA.AOS.littoral1,2020-06-15,COPSP,0.757,0.695,0.81,NA,150,6.25,Schindler-Patalas,lake,2020,6,20.2365662634012,exact_month_year
PRLA,PRLA.AOS.buoy.c0,2020-06-15,CYCSP,0.746,0.586,0.911,NA,260,7.222222222222222,Schindler-Patalas,lake,2020,6,20.2365662634012,exact_month_year
PRLA,PRLA.AOS.littoral1,2020-06-15,CYCSP,0.614,0.503,0.725,NA,220,9.166666666666666,Schindler-Patalas,lake,2020,6,20.2365662634012,exact_month_year
PRLA,PRLA.AOS.littoral2,2020-06-15,CYCSP,0.654,0.538,0.726,NA,27,1.125,Schindler-Patalas,lake,2020,6,20.2365662634012,exact_month_year
PRLA,PRLA.AOS.buoy.c0,2020-06-15,DAPAMB,0.885,0.788,0.989,NA,220,6.111111111111111,Schindler-Patalas,lake,2020,6,20.2365662634012,exact_month_year
PRLA,PRLA.AOS.littoral1,2020-06-15,DAPAMB,0.915,0.895,0.934,NA,30,1.25,Schindler-Patalas,lake,2020,6,20.2365662634012,exact_month_year
PRLA,PRLA.AOS.littoral2,2020-06-15,DAPAMB,0.882,0.785,0.979,NA,13,0.5416666666666666,Schindler-Patalas,lake,2020,6,20.2365662634012,exact_month_year
PRLA,PRLA.AOS.buoy.c0,2020-06-15,DAPPUL1,1.583,0.989,2.486,NA,1200,33.333333333333336,Schindler-Patalas,lake,2020,6,20.2365662634012,exact_month_year
PRLA,PRLA.AOS.littoral1,2020-06-15,DAPPUL1,1.287,1.052,1.536,NA,550,22.916666666666668,Schindler-Patalas,lake,2020,6,20.2365662634012,exact_month_year
PRLA,PRLA.AOS.littoral2,2020-06-15,DAPPUL1,1.534,1.002,1.899,NA,370,15.416666666666666,Schindler-Patalas,lake,2020,6,20.2365662634012,exact_month_year
PRLA,PRLA.AOS.buoy.c0,2020-06-15,DAPSP1,0.957,0.894,1.022,NA,180,5,Schindler-Patalas,lake,2020,6,20.2365662634012,exact_month_year
PRLA,PRLA.AOS.littoral1,2020-06-15,DAPSP1,1.069,0.965,1.208,NA,110,4.583333333333333,Schindler-Patalas,lake,2020,6,20.2365662634012,exact_month_year
PRLA,PRLA.AOS.littoral2,2020-06-15,DAPSP1,0.823,0.752,0.894,NA,10,0.4166666666666667,Schindler-Patalas,lake,2020,6,20.2365662634012,exact_month_year
PRLA,PRLA.AOS.buoy.c0,2020-06-15,DIASP,1.283,1.254,1.312,NA,40,1.1111111111111112,Schindler-Patalas,lake,2020,6,20.2365662634012,exact_month_year
PRLA,PRLA.AOS.littoral1,2020-06-15,DIASP,1.464,1.389,1.532,NA,330,13.75,Schindler-Patalas,lake,2020,6,20.2365662634012,exact_month_year
PRLA,PRLA.AOS.littoral2,2020-06-15,DIASP,1.284,1.223,1.332,NA,23,0.9583333333333334,Schindler-Patalas,lake,2020,6,20.2365662634012,exact_month_year
PRLA,PRLA.AOS.buoy.c0,2020-06-15,KERQUA,0.139,0.124,0.155,0.098,560,15.555555555555555,Schindler-Patalas,lake,2020,6,20.2365662634012,exact_month_year
PRLA,PRLA.AOS.littoral1,2020-06-15,KERQUA,0.098,0.098,0.098,0.088,10,0.4166666666666667,Schindler-Patalas,lake,2020,6,20.2365662634012,exact_month_year
PRLA,PRLA.AOS.littoral2,2020-06-15,KERQUA,0.141,0.106,0.159,0.095,23,0.9583333333333334,Schindler-Patalas,lake,2020,6,20.2365662634012,exact_month_year
PRLA,PRLA.AOS.buoy.c0,2020-06-15,LEPSIC,1.28,1.254,1.305,NA,40,1.1111111111111112,Schindler-Patalas,lake,2020,6,20.2365662634012,exact_month_year
PRLA,PRLA.AOS.littoral1,2020-06-15,LEPSIC,1.299,1.132,1.445,NA,100,4.166666666666667,Schindler-Patalas,lake,2020,6,20.2365662634012,exact_month_year
PRLA,PRLA.AOS.littoral2,2020-06-15,LEPSIC,1.222,1.222,1.222,NA,10,0.4166666666666667,Schindler-Patalas,lake,2020,6,20.2365662634012,exact_month_year
PRLA,PRLA.AOS.buoy.c0,2020-06-15,MESEDA,1.989,1.989,1.989,NA,20,0.5555555555555556,Schindler-Patalas,lake,2020,6,20.2365662634012,exact_month_year
PRLA,PRLA.AOS.littoral1,2020-06-15,MESEDA,2.142,2.142,2.142,NA,20,0.8333333333333334,Schindler-Patalas,lake,2020,6,20.2365662634012,exact_month_year
PRLA,PRLA.AOS.littoral2,2020-06-15,NOTSQU,0.127,0.102,0.152,0.092,10,0.4166666666666667,Schindler-Patalas,lake,2020,6,20.2365662634012,exact_month_year
PRLA,PRLA.AOS.buoy.c0,2020-06-15,POLSP20,0.118,0.105,0.128,0.093,1780,49.44444444444444,Schindler-Patalas,lake,2020,6,20.2365662634012,exact_month_year
PRLA,PRLA.AOS.littoral2,2020-06-15,POLSP20,0.133,0.126,0.142,0.094,83,3.4583333333333335,Schindler-Patalas,lake,2020,6,20.2365662634012,exact_month_year
PRLA,PRLA.AOS.littoral2,2020-06-15,POMSUL,0.148,0.146,0.15,0.082,13,0.5416666666666666,Schindler-Patalas,lake,2020,6,20.2365662634012,exact_month_year
PRLA,PRLA.AOS.buoy.c0,2020-06-15,ROTSP,0.29,0.185,0.395,0.121,40,1.1111111111111112,Schindler-Patalas,lake,2020,6,20.2365662634012,exact_month_year
PRLA,PRLA.AOS.buoy.c0,2020-07-07,AGLLEP,2.541,2.541,2.541,NA,50,1.3888888888888888,Schindler-Patalas,lake,2020,7,23.724081699488337,same_month_all_years
PRLA,PRLA.AOS.littoral2,2020-07-07,ASPSP4,0.523,0.523,0.523,0.355,5,0.20833333333333337,Schindler-Patalas,lake,2020,7,23.724081699488337,same_month_all_years
PRLA,PRLA.AOS.littoral2,2020-07-07,BDESP,0.23,0.211,0.244,0.154,30,1.25,Schindler-Patalas,lake,2020,7,23.724081699488337,same_month_all_years
PRLA,PRLA.AOS.buoy.c0,2020-07-07,BRAANG,0.102,0.098,0.104,0.093,975,27.083333333333332,Schindler-Patalas,lake,2020,7,23.724081699488337,same_month_all_years
PRLA,PRLA.AOS.littoral1,2020-07-07,BRAANG,0.14,0.121,0.192,0.243,1200,50,Schindler-Patalas,lake,2020,7,23.724081699488337,same_month_all_years
PRLA,PRLA.AOS.littoral2,2020-07-07,BRAANG,0.098,0.089,0.111,0.086,110,4.583333333333333,Schindler-Patalas,lake,2020,7,23.724081699488337,same_month_all_years
PRLA,PRLA.AOS.buoy.c0,2020-07-07,BRAHAV,0.107,0.102,0.111,0.096,2200,61.111111111111114,Schindler-Patalas,lake,2020,7,23.724081699488337,same_month_all_years
PRLA,PRLA.AOS.littoral1,2020-07-07,BRAHAV,0.105,0.099,0.115,0.098,120,5,Schindler-Patalas,lake,2020,7,23.724081699488337,same_month_all_years
PRLA,PRLA.AOS.littoral2,2020-07-07,BRAHAV,0.097,0.079,0.121,0.074,240,10,Schindler-Patalas,lake,2020,7,23.724081699488337,same_month_all_years
PRLA,PRLA.AOS.buoy.c0,2020-07-07,CALSP1,0.475,0.343,0.633,NA,475,13.194444444444445,Schindler-Patalas,lake,2020,7,23.724081699488337,same_month_all_years
PRLA,PRLA.AOS.littoral1,2020-07-07,CALSP1,0.551,0.415,0.714,NA,110,4.583333333333333,Schindler-Patalas,lake,2020,7,23.724081699488337,same_month_all_years
PRLA,PRLA.AOS.littoral2,2020-07-07,CALSP1,0.682,0.611,0.753,NA,10,0.4166666666666667,Schindler-Patalas,lake,2020,7,23.724081699488337,same_month_all_years
PRLA,PRLA.AOS.littoral1,2020-07-07,CEPSP5,0.203,0.192,0.213,0.138,35,1.4583333333333333,Schindler-Patalas,lake,2020,7,23.724081699488337,same_month_all_years
PRLA,PRLA.AOS.littoral2,2020-07-07,CHYSPH,0.398,0.398,0.398,NA,5,0.20833333333333337,Schindler-Patalas,lake,2020,7,23.724081699488337,same_month_all_years
PRLA,PRLA.AOS.littoral1,2020-07-07,CLASP,0.707,0.707,0.707,NA,5,0.20833333333333337,Schindler-Patalas,lake,2020,7,23.724081699488337,same_month_all_years
PRLA,PRLA.AOS.buoy.c0,2020-07-07,CYCSP1,0.707,0.452,1.211,NA,500,13.88888888888889,Schindler-Patalas,lake,2020,7,23.724081699488337,same_month_all_years
PRLA,PRLA.AOS.littoral1,2020-07-07,CYCSP1,0.575,0.455,0.697,NA,55,2.2916666666666665,Schindler-Patalas,lake,2020,7,23.724081699488337,same_month_all_years
PRLA,PRLA.AOS.littoral2,2020-07-07,CYCSP1,0.887,0.602,1.185,NA,150,6.25,Schindler-Patalas,lake,2020,7,23.724081699488337,same_month_all_years
PRLA,PRLA.AOS.littoral1,2020-07-07,DIABIR,1.002,1.002,1.002,NA,5,0.20833333333333337,Schindler-Patalas,lake,2020,7,23.724081699488337,same_month_all_years
PRLA,PRLA.AOS.buoy.c0,2020-07-07,DIASP,1.137,1.067,1.203,NA,1300,36.111111111111114,Schindler-Patalas,lake,2020,7,23.724081699488337,same_month_all_years
PRLA,PRLA.AOS.littoral1,2020-07-07,DIASP,1.154,1.108,1.222,NA,165,6.875,Schindler-Patalas,lake,2020,7,23.724081699488337,same_month_all_years
PRLA,PRLA.AOS.littoral2,2020-07-07,DIASP,1.23,1.168,1.304,NA,40,1.6666666666666667,Schindler-Patalas,lake,2020,7,23.724081699488337,same_month_all_years
PRLA,PRLA.AOS.littoral2,2020-07-07,EUCSP7,0.249,0.222,0.273,0.175,40,1.6666666666666667,Schindler-Patalas,lake,2020,7,23.724081699488337,same_month_all_years
PRLA,PRLA.AOS.buoy.c0,2020-07-07,FILTER,0.115,0.101,0.125,0.06,3475,96.52777777777776,Schindler-Patalas,lake,2020,7,23.724081699488337,same_month_all_years
PRLA,PRLA.AOS.littoral1,2020-07-07,FILTER,0.578,0.122,1.301,0.058,110,4.583333333333333,Schindler-Patalas,lake,2020,7,23.724081699488337,same_month_all_years
PRLA,PRLA.AOS.littoral2,2020-07-07,FILTER,0.144,0.123,0.199,0.051,890,37.083333333333336,Schindler-Patalas,lake,2020,7,23.724081699488337,same_month_all_years
PRLA,PRLA.AOS.buoy.c0,2020-07-07,GASHYP,0.104,0.101,0.109,0.071,100,2.7777777777777777,Schindler-Patalas,lake,2020,7,23.724081699488337,same_month_all_years
PRLA,PRLA.AOS.littoral2,2020-07-07,KERHIE,0.118,0.111,0.122,0.075,20,0.8333333333333334,Schindler-Patalas,lake,2020,7,23.724081699488337,same_month_all_years
PRLA,PRLA.AOS.buoy.c0,2020-07-07,KERQUA,0.125,0.112,0.133,0.087,300,8.333333333333334,Schindler-Patalas,lake,2020,7,23.724081699488337,same_month_all_years
PRLA,PRLA.AOS.littoral1,2020-07-07,KERQUA,0.127,0.115,0.135,0.256,135,5.625,Schindler-Patalas,lake,2020,7,23.724081699488337,same_month_all_years
PRLA,PRLA.AOS.littoral2,2020-07-07,KERQUA,0.129,0.125,0.132,0.073,25,1.0416666666666667,Schindler-Patalas,lake,2020,7,23.724081699488337,same_month_all_years
PRLA,PRLA.AOS.buoy.c0,2020-07-07,KERSP,0.125,0.125,0.125,0.102,75,2.0833333333333335,Schindler-Patalas,lake,2020,7,23.724081699488337,same_month_all_years
PRLA,PRLA.AOS.littoral2,2020-07-07,LECSP1,0.096,0.096,0.096,0.069,10,0.4166666666666667,Schindler-Patalas,lake,2020,7,23.724081699488337,same_month_all_years
PRLA,PRLA.AOS.buoy.c0,2020-07-07,LEPSIC,1.138,1.015,1.208,NA,575,15.97222222222222,Schindler-Patalas,lake,2020,7,23.724081699488337,same_month_all_years
PRLA,PRLA.AOS.littoral1,2020-07-07,LEPSIC,1.11,1.099,1.122,NA,60,2.5,Schindler-Patalas,lake,2020,7,23.724081699488337,same_month_all_years
PRLA,PRLA.AOS.littoral2,2020-07-07,LEPSIC,1.202,1.189,1.215,NA,20,0.8333333333333334,Schindler-Patalas,lake,2020,7,23.724081699488337,same_month_all_years
PRLA,PRLA.AOS.littoral2,2020-07-07,LEPSP31,1.165,1.125,1.205,NA,10,0.4166666666666667,Schindler-Patalas,lake,2020,7,23.724081699488337,same_month_all_years
PRLA,PRLA.AOS.littoral2,2020-07-07,MESEDA,1.986,1.986,1.986,NA,5,0.20833333333333337,Schindler-Patalas,lake,2020,7,23.724081699488337,same_month_all_years
PRLA,PRLA.AOS.buoy.c0,2020-07-07,POMSUL,0.124,0.119,0.128,0.086,550,15.27777777777778,Schindler-Patalas,lake,2020,7,23.724081699488337,same_month_all_years
PRLA,PRLA.AOS.littoral1,2020-07-07,POMSUL,0.109,0.099,0.119,0.082,165,6.875,Schindler-Patalas,lake,2020,7,23.724081699488337,same_month_all_years
PRLA,PRLA.AOS.littoral2,2020-07-07,POMSUL,0.089,0.068,0.111,0.05,55,2.2916666666666665,Schindler-Patalas,lake,2020,7,23.724081699488337,same_month_all_years
PRLA,PRLA.AOS.buoy.c0,2020-07-07,ROTSP,0.132,0.132,0.132,0.065,50,1.3888888888888888,Schindler-Patalas,lake,2020,7,23.724081699488337,same_month_all_years
PRLA,PRLA.AOS.littoral1,2020-07-07,ROTSP,0.139,0.101,0.195,0.079,40,1.6666666666666667,Schindler-Patalas,lake,2020,7,23.724081699488337,same_month_all_years
PRLA,PRLA.AOS.littoral2,2020-07-07,ROTSP,0.152,0.095,0.299,0.083,35,1.4583333333333333,Schindler-Patalas,lake,2020,7,23.724081699488337,same_month_all_years
PRLA,PRLA.AOS.littoral2,2020-10-01,ACASP20,1.322,1.322,1.322,NA,17,0.7083333333333334,Schindler-Patalas,lake,2020,10,9.565258159918768,same_month_all_years
PRLA,PRLA.AOS.littoral1,2020-10-01,BDESP,0.255,0.255,0.255,0.118,8,0.3333333333333333,Schindler-Patalas,lake,2020,10,9.565258159918768,same_month_all_years
PRLA,PRLA.AOS.buoy.c0,2020-10-01,BOSLON,0.485,0.485,0.485,NA,8,0.2222222222222222,Schindler-Patalas,lake,2020,10,9.565258159918768,same_month_all_years
PRLA,PRLA.AOS.littoral2,2020-10-01,BOSLON,0.456,0.456,0.456,NA,8,0.3333333333333333,Schindler-Patalas,lake,2020,10,9.565258159918768,same_month_all_years
PRLA,PRLA.AOS.buoy.c0,2020-10-01,BRAANG,0.108,0.098,0.119,0.088,158,4.388888888888889,Schindler-Patalas,lake,2020,10,9.565258159918768,same_month_all_years
PRLA,PRLA.AOS.littoral1,2020-10-01,BRAANG,0.106,0.102,0.112,0.091,80,3.3333333333333335,Schindler-Patalas,lake,2020,10,9.565258159918768,same_month_all_years
PRLA,PRLA.AOS.littoral2,2020-10-01,BRAANG,1.005,0.987,1.023,0.096,33,1.375,Schindler-Patalas,lake,2020,10,9.565258159918768,same_month_all_years
PRLA,PRLA.AOS.buoy.c0,2020-10-01,CALSP1,0.458,0.333,0.589,NA,283,7.861111111111111,Schindler-Patalas,lake,2020,10,9.565258159918768,same_month_all_years
PRLA,PRLA.AOS.littoral1,2020-10-01,CALSP1,0.453,0.354,0.587,NA,152,6.333333333333333,Schindler-Patalas,lake,2020,10,9.565258159918768,same_month_all_years
PRLA,PRLA.AOS.littoral2,2020-10-01,CALSP1,0.545,0.462,0.633,NA,125,5.208333333333333,Schindler-Patalas,lake,2020,10,9.565258159918768,same_month_all_years
PRLA,PRLA.AOS.buoy.c0,2020-10-01,CYCSP1,0.548,0.356,0.956,NA,425,11.805555555555555,Schindler-Patalas,lake,2020,10,9.565258159918768,same_month_all_years
PRLA,PRLA.AOS.littoral1,2020-10-01,CYCSP1,0.535,0.444,0.633,NA,384,16,Schindler-Patalas,lake,2020,10,9.565258159918768,same_month_all_years
PRLA,PRLA.AOS.littoral2,2020-10-01,CYCSP1,0.576,0.398,0.689,NA,500,20.833333333333332,Schindler-Patalas,lake,2020,10,9.565258159918768,same_month_all_years
PRLA,PRLA.AOS.buoy.c0,2020-10-01,DIASP,1.207,1.154,1.288,NA,317,8.805555555555555,Schindler-Patalas,lake,2020,10,9.565258159918768,same_month_all_years
PRLA,PRLA.AOS.littoral1,2020-10-01,DIASP,1.171,1.005,1.304,NA,136,5.666666666666667,Schindler-Patalas,lake,2020,10,9.565258159918768,same_month_all_years
PRLA,PRLA.AOS.littoral2,2020-10-01,DIASP,1.285,1.216,1.331,NA,200,8.333333333333334,Schindler-Patalas,lake,2020,10,9.565258159918768,same_month_all_years
PRLA,PRLA.AOS.buoy.c0,2020-10-01,KERCOC,0.101,0.099,0.103,0.069,175,4.861111111111111,Schindler-Patalas,lake,2020,10,9.565258159918768,same_month_all_years
PRLA,PRLA.AOS.littoral1,2020-10-01,KERCOC,0.093,0.085,0.099,0.072,304,12.666666666666666,Schindler-Patalas,lake,2020,10,9.565258159918768,same_month_all_years
PRLA,PRLA.AOS.littoral2,2020-10-01,KERCOC,0.094,0.089,0.099,0.07,183,7.625,Schindler-Patalas,lake,2020,10,9.565258159918768,same_month_all_years
PRLA,PRLA.AOS.buoy.c0,2020-10-01,KERSP,0.086,0.082,0.089,0.066,42,1.1666666666666667,Schindler-Patalas,lake,2020,10,9.565258159918768,same_month_all_years
PRLA,PRLA.AOS.littoral1,2020-10-01,LECSP1,0.132,0.112,0.152,0.11,24,1,Schindler-Patalas,lake,2020,10,9.565258159918768,same_month_all_years
PRLA,PRLA.AOS.buoy.c0,2020-10-01,LEPSIC,1.151,1.099,1.201,NA,317,8.805555555555555,Schindler-Patalas,lake,2020,10,9.565258159918768,same_month_all_years
PRLA,PRLA.AOS.littoral1,2020-10-01,LEPSIC,1.151,1.094,1.214,NA,144,6,Schindler-Patalas,lake,2020,10,9.565258159918768,same_month_all_years
PRLA,PRLA.AOS.littoral2,2020-10-01,LEPSIC,1.222,1.189,1.255,NA,25,1.0416666666666667,Schindler-Patalas,lake,2020,10,9.565258159918768,same_month_all_years
PRLA,PRLA.AOS.buoy.c0,2020-10-01,LEPSP31,1.041,1.012,1.069,NA,42,1.1666666666666667,Schindler-Patalas,lake,2020,10,9.565258159918768,same_month_all_years
PRLA,PRLA.AOS.littoral2,2020-10-01,LEPSP31,0.81,0.298,1.321,NA,42,1.75,Schindler-Patalas,lake,2020,10,9.565258159918768,same_month_all_years
PRLA,PRLA.AOS.buoy.c0,2020-10-01,NOTSQU,0.114,0.106,0.121,0.083,25,0.6944444444444444,Schindler-Patalas,lake,2020,10,9.565258159918768,same_month_all_years
PRLA,PRLA.AOS.littoral1,2020-10-01,NOTSQU,0.107,0.102,0.111,0.103,16,0.6666666666666666,Schindler-Patalas,lake,2020,10,9.565258159918768,same_month_all_years
PRLA,PRLA.AOS.buoy.c0,2020-10-01,POLSP20,0.326,0.101,1.183,0.087,1300,36.111111111111114,Schindler-Patalas,lake,2020,10,9.565258159918768,same_month_all_years
PRLA,PRLA.AOS.littoral1,2020-10-01,POLSP20,0.121,0.116,0.128,0.083,856,35.666666666666664,Schindler-Patalas,lake,2020,10,9.565258159918768,same_month_all_years
PRLA,PRLA.AOS.littoral2,2020-10-01,POLSP20,0.896,0.098,1.116,0.087,1058,44.083333333333336,Schindler-Patalas,lake,2020,10,9.565258159918768,same_month_all_years
PRLA,PRLA.AOS.buoy.c0,2020-10-01,POMSUL,0.096,0.096,0.096,0.081,17,0.4722222222222222,Schindler-Patalas,lake,2020,10,9.565258159918768,same_month_all_years
PRLA,PRLA.AOS.buoy.c0,2020-10-01,ROTSP,0.116,0.102,0.135,0.099,42,1.1666666666666667,Schindler-Patalas,lake,2020,10,9.565258159918768,same_month_all_years
PRLA,PRLA.AOS.littoral1,2020-10-01,ROTSP,0.1,0.091,0.109,0.086,48,2,Schindler-Patalas,lake,2020,10,9.565258159918768,same_month_all_years
PRLA,PRLA.AOS.littoral2,2020-10-01,ROTSP,0.091,0.088,0.094,0.082,17,0.7083333333333334,Schindler-Patalas,lake,2020,10,9.565258159918768,same_month_all_years
PRLA,PRLA.AOS.buoy.c0,2021-04-20,ACAROB1,1.222,1.222,1.222,NA,50,1.3888888888888888,Schindler-Patalas,lake,2021,4,9.106449660981248,same_month_all_years
PRLA,PRLA.AOS.littoral1,2021-04-20,ASPBRI,0.342,0.342,0.342,0.185,50,2.0833333333333335,Schindler-Patalas,lake,2021,4,9.106449660981248,same_month_all_years
PRLA,PRLA.AOS.buoy.c0,2021-04-20,ASPSP4,0.368,0.322,0.424,0.22,150,4.166666666666667,Schindler-Patalas,lake,2021,4,9.106449660981248,same_month_all_years
PRLA,PRLA.AOS.littoral1,2021-04-20,ASPSP4,0.319,0.298,0.342,0.191,400,16.666666666666668,Schindler-Patalas,lake,2021,4,9.106449660981248,same_month_all_years
PRLA,PRLA.AOS.littoral2,2021-04-20,ASPSP4,0.364,0.322,0.411,0.241,450,18.75,Schindler-Patalas,lake,2021,4,9.106449660981248,same_month_all_years
PRLA,PRLA.AOS.buoy.c0,2021-04-20,BRAANG,0.114,0.101,0.123,0.095,17000,472.22222222222223,Schindler-Patalas,lake,2021,4,9.106449660981248,same_month_all_years
PRLA,PRLA.AOS.littoral1,2021-04-20,BRAANG,0.113,0.099,0.127,0.089,36000,1500,Schindler-Patalas,lake,2021,4,9.106449660981248,same_month_all_years
PRLA,PRLA.AOS.littoral2,2021-04-20,BRAANG,0.106,0.097,0.116,0.084,34050,1418.75,Schindler-Patalas,lake,2021,4,9.106449660981248,same_month_all_years
PRLA,PRLA.AOS.buoy.c0,2021-04-20,BRASP22,0.133,0.122,0.155,0.084,700,19.444444444444443,Schindler-Patalas,lake,2021,4,9.106449660981248,same_month_all_years
PRLA,PRLA.AOS.littoral1,2021-04-20,BRASP22,0.124,0.123,0.125,0.078,250,10.416666666666666,Schindler-Patalas,lake,2021,4,9.106449660981248,same_month_all_years
PRLA,PRLA.AOS.littoral2,2021-04-20,BRASP22,0.12,0.108,0.128,0.078,600,25,Schindler-Patalas,lake,2021,4,9.106449660981248,same_month_all_years
PRLA,PRLA.AOS.buoy.c0,2021-04-20,CYCSP1,0.805,0.788,0.816,NA,150,4.166666666666667,Schindler-Patalas,lake,2021,4,9.106449660981248,same_month_all_years
PRLA,PRLA.AOS.littoral2,2021-04-20,CYCSP1,0.996,0.783,1.212,NA,150,6.25,Schindler-Patalas,lake,2021,4,9.106449660981248,same_month_all_years
PRLA,PRLA.AOS.buoy.c0,2021-04-20,DIASP,1.392,1.141,1.521,NA,1200,33.333333333333336,Schindler-Patalas,lake,2021,4,9.106449660981248,same_month_all_years
PRLA,PRLA.AOS.littoral1,2021-04-20,DIASP,1.265,1.198,1.332,NA,450,18.75,Schindler-Patalas,lake,2021,4,9.106449660981248,same_month_all_years
PRLA,PRLA.AOS.littoral2,2021-04-20,DIASP,1.337,1.294,1.411,NA,750,31.25,Schindler-Patalas,lake,2021,4,9.106449660981248,same_month_all_years
PRLA,PRLA.AOS.buoy.c0,2021-04-20,KERCOC,0.094,0.089,0.099,0.057,1900,52.77777777777778,Schindler-Patalas,lake,2021,4,9.106449660981248,same_month_all_years
PRLA,PRLA.AOS.littoral1,2021-04-20,KERCOC,0.097,0.095,0.099,0.057,2550,106.25,Schindler-Patalas,lake,2021,4,9.106449660981248,same_month_all_years
PRLA,PRLA.AOS.littoral2,2021-04-20,KERCOC,0.096,0.091,0.099,0.055,2550,106.25,Schindler-Patalas,lake,2021,4,9.106449660981248,same_month_all_years
PRLA,PRLA.AOS.buoy.c0,2021-04-20,KERQUA,0.144,0.139,0.151,0.085,1600,44.44444444444444,Schindler-Patalas,lake,2021,4,9.106449660981248,same_month_all_years
PRLA,PRLA.AOS.littoral1,2021-04-20,KERQUA,0.133,0.125,0.141,0.08,4050,168.75,Schindler-Patalas,lake,2021,4,9.106449660981248,same_month_all_years
PRLA,PRLA.AOS.littoral2,2021-04-20,KERQUA,0.135,0.124,0.143,0.075,3900,162.5,Schindler-Patalas,lake,2021,4,9.106449660981248,same_month_all_years
PRLA,PRLA.AOS.buoy.c0,2021-04-20,KERSP,0.094,0.089,0.099,0.059,350,9.72222222222222,Schindler-Patalas,lake,2021,4,9.106449660981248,same_month_all_years
PRLA,PRLA.AOS.littoral1,2021-04-20,KERSP,0.101,0.095,0.111,0.074,500,20.833333333333332,Schindler-Patalas,lake,2021,4,9.106449660981248,same_month_all_years
PRLA,PRLA.AOS.littoral2,2021-04-20,KERSP,0.091,0.091,0.091,0.055,250,10.416666666666666,Schindler-Patalas,lake,2021,4,9.106449660981248,same_month_all_years
PRLA,PRLA.AOS.buoy.c0,2021-04-20,KERTES,0.116,0.109,0.129,0.076,950,26.38888888888889,Schindler-Patalas,lake,2021,4,9.106449660981248,same_month_all_years
PRLA,PRLA.AOS.littoral1,2021-04-20,KERTES,0.121,0.119,0.122,0.072,150,6.25,Schindler-Patalas,lake,2021,4,9.106449660981248,same_month_all_years
PRLA,PRLA.AOS.littoral2,2021-04-20,KERTES,0.123,0.119,0.128,0.066,1350,56.25,Schindler-Patalas,lake,2021,4,9.106449660981248,same_month_all_years
PRLA,PRLA.AOS.buoy.c0,2021-04-20,LEPSIC,1.372,1.317,1.421,NA,350,9.72222222222222,Schindler-Patalas,lake,2021,4,9.106449660981248,same_month_all_years
PRLA,PRLA.AOS.littoral1,2021-04-20,LEPSIC,1.35,1.312,1.406,NA,150,6.25,Schindler-Patalas,lake,2021,4,9.106449660981248,same_month_all_years
PRLA,PRLA.AOS.littoral2,2021-04-20,LEPSIC,1.231,1.231,1.231,NA,50,2.0833333333333335,Schindler-Patalas,lake,2021,4,9.106449660981248,same_month_all_years
PRLA,PRLA.AOS.littoral2,2021-04-20,LEPSP31,1.255,1.213,1.297,NA,150,6.25,Schindler-Patalas,lake,2021,4,9.106449660981248,same_month_all_years
PRLA,PRLA.AOS.buoy.c0,2021-04-20,POLSP20,0.161,0.124,0.198,0.097,100,2.7777777777777777,Schindler-Patalas,lake,2021,4,9.106449660981248,same_month_all_years
PRLA,PRLA.AOS.littoral1,2021-04-20,POLSP20,0.114,0.112,0.115,0.083,450,18.75,Schindler-Patalas,lake,2021,4,9.106449660981248,same_month_all_years
PRLA,PRLA.AOS.littoral2,2021-04-20,POLSP20,0.15,0.119,0.211,0.1,700,29.166666666666668,Schindler-Patalas,lake,2021,4,9.106449660981248,same_month_all_years
PRLA,PRLA.AOS.buoy.c0,2021-04-20,POMSP5,0.111,0.109,0.112,0.078,200,5.555555555555555,Schindler-Patalas,lake,2021,4,9.106449660981248,same_month_all_years
PRLA,PRLA.AOS.littoral2,2021-04-20,POMSP5,0.115,0.111,0.118,0.085,650,27.083333333333332,Schindler-Patalas,lake,2021,4,9.106449660981248,same_month_all_years
PRLA,PRLA.AOS.buoy.c0,2021-04-20,ROTSP,0.106,0.099,0.112,0.099,100000,2777.777777777778,Schindler-Patalas,lake,2021,4,9.106449660981248,same_month_all_years
PRLA,PRLA.AOS.littoral1,2021-04-20,ROTSP,0.103,0.098,0.111,0.078,2750,114.58333333333331,Schindler-Patalas,lake,2021,4,9.106449660981248,same_month_all_years
PRLA,PRLA.AOS.littoral2,2021-04-20,ROTSP,0.104,0.095,0.112,0.086,6000,250,Schindler-Patalas,lake,2021,4,9.106449660981248,same_month_all_years
PRLA,PRLA.AOS.buoy.c0,2021-04-20,SYNSP8,0.113,0.101,0.121,0.076,350,9.72222222222222,Schindler-Patalas,lake,2021,4,9.106449660981248,same_month_all_years
PRLA,PRLA.AOS.littoral1,2021-04-20,SYNSP8,0.146,0.143,0.148,0.091,150,6.25,Schindler-Patalas,lake,2021,4,9.106449660981248,same_month_all_years
PRLA,PRLA.AOS.buoy.c0,2021-07-13,BOSLON,0.613,0.613,0.613,NA,38,1.0555555555555556,Schindler-Patalas,lake,2021,7,24.210690905899558,exact_month_year
PRLA,PRLA.AOS.littoral1,2021-07-13,BOSLON,0.333,0.333,0.333,NA,13,0.5416666666666666,Schindler-Patalas,lake,2021,7,24.210690905899558,exact_month_year
PRLA,PRLA.AOS.buoy.c0,2021-07-13,BRAANG,0.126,0.113,0.144,0.103,3788,105.22222222222224,Schindler-Patalas,lake,2021,7,24.210690905899558,exact_month_year
PRLA,PRLA.AOS.littoral1,2021-07-13,BRAANG,0.123,0.111,0.138,0.1,1325,55.208333333333336,Schindler-Patalas,lake,2021,7,24.210690905899558,exact_month_year
PRLA,PRLA.AOS.littoral2,2021-07-13,BRAANG,0.107,0.105,0.11,0.095,1200,50,Schindler-Patalas,lake,2021,7,24.210690905899558,exact_month_year
PRLA,PRLA.AOS.buoy.c0,2021-07-13,BRAHAV,0.114,0.103,0.122,0.092,338,9.38888888888889,Schindler-Patalas,lake,2021,7,24.210690905899558,exact_month_year
PRLA,PRLA.AOS.littoral1,2021-07-13,BRAHAV,0.104,0.103,0.106,0.092,213,8.875,Schindler-Patalas,lake,2021,7,24.210690905899558,exact_month_year
PRLA,PRLA.AOS.buoy.c0,2021-07-13,CALSP1,0.696,0.689,0.703,NA,75,2.0833333333333335,Schindler-Patalas,lake,2021,7,24.210690905899558,exact_month_year
PRLA,PRLA.AOS.littoral1,2021-07-13,CALSP1,0.607,0.511,0.699,NA,63,2.625,Schindler-Patalas,lake,2021,7,24.210690905899558,exact_month_year
PRLA,PRLA.AOS.buoy.c0,2021-07-13,CYCSP1,0.651,0.501,0.913,NA,525,14.583333333333334,Schindler-Patalas,lake,2021,7,24.210690905899558,exact_month_year
PRLA,PRLA.AOS.littoral1,2021-07-13,CYCSP1,0.541,0.413,0.697,NA,75,3.125,Schindler-Patalas,lake,2021,7,24.210690905899558,exact_month_year
PRLA,PRLA.AOS.littoral2,2021-07-13,CYCSP1,0.834,0.653,1.116,NA,113,4.708333333333333,Schindler-Patalas,lake,2021,7,24.210690905899558,exact_month_year
PRLA,PRLA.AOS.buoy.c0,2021-07-13,DAPSP1,0.516,0.516,0.516,NA,38,1.0555555555555556,Schindler-Patalas,lake,2021,7,24.210690905899558,exact_month_year
PRLA,PRLA.AOS.buoy.c0,2021-07-13,DIABIR,0.83,0.703,0.964,NA,1088,30.22222222222222,Schindler-Patalas,lake,2021,7,24.210690905899558,exact_month_year
PRLA,PRLA.AOS.littoral1,2021-07-13,DIABIR,0.838,0.792,0.899,NA,63,2.625,Schindler-Patalas,lake,2021,7,24.210690905899558,exact_month_year
PRLA,PRLA.AOS.littoral2,2021-07-13,DIABIR,0.707,0.663,0.753,NA,450,18.75,Schindler-Patalas,lake,2021,7,24.210690905899558,exact_month_year
PRLA,PRLA.AOS.buoy.c0,2021-07-13,DIASP,1.129,1.099,1.204,NA,1050,29.166666666666668,Schindler-Patalas,lake,2021,7,24.210690905899558,exact_month_year
PRLA,PRLA.AOS.littoral1,2021-07-13,DIASP,1.082,1.005,1.112,NA,100,4.166666666666667,Schindler-Patalas,lake,2021,7,24.210690905899558,exact_month_year
PRLA,PRLA.AOS.littoral2,2021-07-13,DIASP,1.11,1.098,1.121,NA,338,14.083333333333334,Schindler-Patalas,lake,2021,7,24.210690905899558,exact_month_year
PRLA,PRLA.AOS.littoral1,2021-07-13,FILLON,0.134,0.134,0.134,0.069,38,1.5833333333333333,Schindler-Patalas,lake,2021,7,24.210690905899558,exact_month_year
PRLA,PRLA.AOS.littoral2,2021-07-13,FILLON,0.157,0.157,0.157,0.063,75,3.125,Schindler-Patalas,lake,2021,7,24.210690905899558,exact_month_year
PRLA,PRLA.AOS.buoy.c0,2021-07-13,FILTER,0.13,0.124,0.135,0.058,450,12.5,Schindler-Patalas,lake,2021,7,24.210690905899558,exact_month_year
PRLA,PRLA.AOS.littoral1,2021-07-13,FILTER,0.133,0.129,0.138,0.059,150,6.25,Schindler-Patalas,lake,2021,7,24.210690905899558,exact_month_year
PRLA,PRLA.AOS.littoral2,2021-07-13,GASHYP,0.103,0.103,0.103,0.095,38,1.5833333333333333,Schindler-Patalas,lake,2021,7,24.210690905899558,exact_month_year
PRLA,PRLA.AOS.buoy.c0,2021-07-13,KERSP,0.099,0.095,0.103,0.062,563,15.63888888888889,Schindler-Patalas,lake,2021,7,24.210690905899558,exact_month_year
PRLA,PRLA.AOS.littoral1,2021-07-13,KERSP,0.091,0.085,0.099,0.054,163,6.791666666666667,Schindler-Patalas,lake,2021,7,24.210690905899558,exact_month_year
PRLA,PRLA.AOS.littoral2,2021-07-13,KERSP,0.097,0.081,0.106,0.072,300,12.5,Schindler-Patalas,lake,2021,7,24.210690905899558,exact_month_year
PRLA,PRLA.AOS.littoral2,2021-07-13,KERTES,0.113,0.109,0.118,0.098,375,15.625,Schindler-Patalas,lake,2021,7,24.210690905899558,exact_month_year
PRLA,PRLA.AOS.buoy.c0,2021-07-13,LEPSIC,1.088,1.005,1.124,NA,563,15.63888888888889,Schindler-Patalas,lake,2021,7,24.210690905899558,exact_month_year
PRLA,PRLA.AOS.littoral1,2021-07-13,LEPSIC,1.054,1.026,1.082,NA,50,2.0833333333333335,Schindler-Patalas,lake,2021,7,24.210690905899558,exact_month_year
PRLA,PRLA.AOS.littoral2,2021-07-13,LEPSIC,1.131,1.131,1.131,NA,38,1.5833333333333333,Schindler-Patalas,lake,2021,7,24.210690905899558,exact_month_year
PRLA,PRLA.AOS.buoy.c0,2021-07-13,LEPSP31,1.087,1.003,1.207,NA,638,17.72222222222222,Schindler-Patalas,lake,2021,7,24.210690905899558,exact_month_year
PRLA,PRLA.AOS.littoral2,2021-07-13,LEPSP31,1.08,1.068,1.091,NA,113,4.708333333333333,Schindler-Patalas,lake,2021,7,24.210690905899558,exact_month_year
PRLA,PRLA.AOS.littoral1,2021-07-13,POLSP20,0.107,0.099,0.112,0.078,225,9.375,Schindler-Patalas,lake,2021,7,24.210690905899558,exact_month_year
PRLA,PRLA.AOS.littoral2,2021-07-13,POLSP20,0.116,0.108,0.123,0.094,638,26.583333333333332,Schindler-Patalas,lake,2021,7,24.210690905899558,exact_month_year
PRLA,PRLA.AOS.buoy.c0,2021-07-13,POMSUL,0.106,0.101,0.11,0.084,5250,145.83333333333334,Schindler-Patalas,lake,2021,7,24.210690905899558,exact_month_year
PRLA,PRLA.AOS.littoral1,2021-07-13,POMSUL,0.103,0.099,0.107,0.085,1188,49.5,Schindler-Patalas,lake,2021,7,24.210690905899558,exact_month_year
PRLA,PRLA.AOS.littoral2,2021-07-13,POMSUL,0.104,0.099,0.11,0.085,7500,312.5,Schindler-Patalas,lake,2021,7,24.210690905899558,exact_month_year
PRLA,PRLA.AOS.buoy.c0,2021-07-13,ROTSP,0.114,0.107,0.124,0.1,338,9.38888888888889,Schindler-Patalas,lake,2021,7,24.210690905899558,exact_month_year
PRLA,PRLA.AOS.littoral1,2021-07-13,ROTSP,0.111,0.102,0.125,0.098,200,8.333333333333334,Schindler-Patalas,lake,2021,7,24.210690905899558,exact_month_year
PRLA,PRLA.AOS.littoral2,2021-07-13,ROTSP,0.118,0.104,0.133,0.096,225,9.375,Schindler-Patalas,lake,2021,7,24.210690905899558,exact_month_year
PRLA,PRLA.AOS.buoy.c0,2021-09-14,BRAANG,0.1,0.1,0.1,0.1,63,1.75,Schindler-Patalas,lake,2021,9,17.102907801418432,exact_month_year
PRLA,PRLA.AOS.littoral1,2021-09-14,BRAANG,0.07,0.07,0.07,0.07,250,10.416666666666666,Schindler-Patalas,lake,2021,9,17.102907801418432,exact_month_year
PRLA,PRLA.AOS.littoral2,2021-09-14,BRAANG,0.07,0.07,0.07,0.07,288,12,Schindler-Patalas,lake,2021,9,17.102907801418432,exact_month_year
PRLA,PRLA.AOS.buoy.c0,2021-09-14,CYCSP1,0.5,0.5,0.5,NA,638,17.72222222222222,Schindler-Patalas,lake,2021,9,17.102907801418432,exact_month_year
PRLA,PRLA.AOS.littoral1,2021-09-14,CYCSP1,0.7,0.7,0.7,NA,770,32.083333333333336,Schindler-Patalas,lake,2021,9,17.102907801418432,exact_month_year
PRLA,PRLA.AOS.littoral2,2021-09-14,CYCSP1,0.7,0.7,0.7,NA,625,26.041666666666668,Schindler-Patalas,lake,2021,9,17.102907801418432,exact_month_year
PRLA,PRLA.AOS.buoy.c0,2021-09-14,DAPSP1,1.25,1,1.5,NA,50,1.3888888888888888,Schindler-Patalas,lake,2021,9,17.102907801418432,exact_month_year
PRLA,PRLA.AOS.littoral2,2021-09-14,DAPSP1,0.8,0.8,0.8,NA,38,1.5833333333333333,Schindler-Patalas,lake,2021,9,17.102907801418432,exact_month_year
PRLA,PRLA.AOS.buoy.c0,2021-09-14,DIABIR,0.8,0.8,0.8,NA,13,0.3611111111111111,Schindler-Patalas,lake,2021,9,17.102907801418432,exact_month_year
PRLA,PRLA.AOS.littoral1,2021-09-14,DIABIR,0.8,0.8,0.8,NA,50,2.0833333333333335,Schindler-Patalas,lake,2021,9,17.102907801418432,exact_month_year
PRLA,PRLA.AOS.littoral2,2021-09-14,DIABIR,0.8,0.8,0.8,NA,13,0.5416666666666666,Schindler-Patalas,lake,2021,9,17.102907801418432,exact_month_year
PRLA,PRLA.AOS.buoy.c0,2021-09-14,FILLON,0.1,0.1,0.1,0.1,275,7.638888888888889,Schindler-Patalas,lake,2021,9,17.102907801418432,exact_month_year
PRLA,PRLA.AOS.littoral2,2021-09-14,FILLON,0.1,0.1,0.1,0.1,25,1.0416666666666667,Schindler-Patalas,lake,2021,9,17.102907801418432,exact_month_year
PRLA,PRLA.AOS.buoy.c0,2021-09-14,LEPSIC,1.2,1.2,1.2,NA,100,2.7777777777777777,Schindler-Patalas,lake,2021,9,17.102907801418432,exact_month_year
PRLA,PRLA.AOS.littoral1,2021-09-14,LEPSIC,1.2,1.2,1.2,NA,50,2.0833333333333335,Schindler-Patalas,lake,2021,9,17.102907801418432,exact_month_year
PRLA,PRLA.AOS.littoral2,2021-09-14,LEPSIC,1.2,1.2,1.2,NA,163,6.791666666666667,Schindler-Patalas,lake,2021,9,17.102907801418432,exact_month_year
PRLA,PRLA.AOS.buoy.c0,2021-09-14,LEPSP31,0.75,0.5,1,NA,1813,50.361111111111114,Schindler-Patalas,lake,2021,9,17.102907801418432,exact_month_year
PRLA,PRLA.AOS.littoral1,2021-09-14,LEPSP31,1.2,1.2,1.2,NA,590,24.583333333333332,Schindler-Patalas,lake,2021,9,17.102907801418432,exact_month_year
PRLA,PRLA.AOS.littoral2,2021-09-14,LEPSP31,0.95,0.7,1.2,NA,1325,55.208333333333336,Schindler-Patalas,lake,2021,9,17.102907801418432,exact_month_year
PRLA,PRLA.AOS.buoy.c0,2022-04-27,ASCSP1,0.15,0.15,0.15,0.08,40,1.6666666666666667,Schindler-Patalas,lake,2022,4,9.106449660981248,same_month_all_years
PRLA,PRLA.AOS.littoral2,2022-04-27,ASPSP4,0.18,0.18,0.18,0.1,75,3.125,Schindler-Patalas,lake,2022,4,9.106449660981248,same_month_all_years
PRLA,PRLA.AOS.buoy.c0,2022-04-27,BRAANG,0.12,0.1,0.14,0.09,6920,288.3333333333333,Schindler-Patalas,lake,2022,4,9.106449660981248,same_month_all_years
PRLA,PRLA.AOS.littoral1,2022-04-27,BRAANG,0.13,0.13,0.13,0.1,11240,468.3333333333333,Schindler-Patalas,lake,2022,4,9.106449660981248,same_month_all_years
PRLA,PRLA.AOS.littoral2,2022-04-27,BRAANG,0.135,0.12,0.15,0.085,6625,276.0416666666667,Schindler-Patalas,lake,2022,4,9.106449660981248,same_month_all_years
PRLA,PRLA.AOS.littoral1,2022-04-27,CONSP9,0.14,0.08,0.2,0.06,840,35,Schindler-Patalas,lake,2022,4,9.106449660981248,same_month_all_years
PRLA,PRLA.AOS.buoy.c0,2022-04-27,CYCSP1,0.767,0.5,1.1,NA,120,5,Schindler-Patalas,lake,2022,4,9.106449660981248,same_month_all_years
PRLA,PRLA.AOS.littoral2,2022-04-27,CYCSP1,0.6,0.6,0.6,NA,25,1.0416666666666667,Schindler-Patalas,lake,2022,4,9.106449660981248,same_month_all_years
PRLA,PRLA.AOS.buoy.c0,2022-04-27,FILLON,0.2,0.2,0.2,0.07,760,31.666666666666668,Schindler-Patalas,lake,2022,4,9.106449660981248,same_month_all_years
PRLA,PRLA.AOS.littoral1,2022-04-27,FILLON,0.2,0.2,0.2,0.05,1320,55,Schindler-Patalas,lake,2022,4,9.106449660981248,same_month_all_years
PRLA,PRLA.AOS.littoral2,2022-04-27,FILLON,0.18,0.18,0.18,0.07,950,39.583333333333336,Schindler-Patalas,lake,2022,4,9.106449660981248,same_month_all_years
PRLA,PRLA.AOS.littoral2,2022-04-27,GASSP6,0.15,0.15,0.15,0.08,25,1.0416666666666667,Schindler-Patalas,lake,2022,4,9.106449660981248,same_month_all_years
PRLA,PRLA.AOS.buoy.c0,2022-04-27,KERCOC,0.1,0.1,0.1,0.05,640,26.666666666666668,Schindler-Patalas,lake,2022,4,9.106449660981248,same_month_all_years
PRLA,PRLA.AOS.littoral1,2022-04-27,KERCOC,0.1,0.1,0.1,0.05,1920,80,Schindler-Patalas,lake,2022,4,9.106449660981248,same_month_all_years
PRLA,PRLA.AOS.littoral2,2022-04-27,KERCOC,0.1,0.1,0.1,0.05,1000,41.666666666666664,Schindler-Patalas,lake,2022,4,9.106449660981248,same_month_all_years
PRLA,PRLA.AOS.buoy.c0,2022-04-27,KERTES,0.12,0.12,0.12,0.08,3480,145,Schindler-Patalas,lake,2022,4,9.106449660981248,same_month_all_years
PRLA,PRLA.AOS.littoral1,2022-04-27,KERTES,0.13,0.13,0.13,0.05,4400,183.33333333333337,Schindler-Patalas,lake,2022,4,9.106449660981248,same_month_all_years
PRLA,PRLA.AOS.littoral2,2022-04-27,KERTES,0.12,0.12,0.12,0.08,4300,179.16666666666666,Schindler-Patalas,lake,2022,4,9.106449660981248,same_month_all_years
PRLA,PRLA.AOS.buoy.c0,2022-04-27,LEPSIC,1.2,1.2,1.2,NA,40,1.6666666666666667,Schindler-Patalas,lake,2022,4,9.106449660981248,same_month_all_years
PRLA,PRLA.AOS.littoral1,2022-04-27,LEPSIC,1.2,1.2,1.2,NA,40,1.6666666666666667,Schindler-Patalas,lake,2022,4,9.106449660981248,same_month_all_years
PRLA,PRLA.AOS.littoral2,2022-04-27,LEPSIC,1.2,1.2,1.2,NA,25,1.0416666666666667,Schindler-Patalas,lake,2022,4,9.106449660981248,same_month_all_years
PRLA,PRLA.AOS.buoy.c0,2022-04-27,LEPSP31,1.3,1.3,1.3,NA,120,5,Schindler-Patalas,lake,2022,4,9.106449660981248,same_month_all_years
PRLA,PRLA.AOS.littoral1,2022-04-27,LEPSP31,1.2,1.2,1.2,NA,240,10,Schindler-Patalas,lake,2022,4,9.106449660981248,same_month_all_years
PRLA,PRLA.AOS.littoral2,2022-04-27,LEPSP31,0.8,0.8,0.8,NA,25,1.0416666666666667,Schindler-Patalas,lake,2022,4,9.106449660981248,same_month_all_years
PRLA,PRLA.AOS.buoy.c0,2022-04-27,NOTSP12,0.25,0.25,0.25,0.08,120,5,Schindler-Patalas,lake,2022,4,9.106449660981248,same_month_all_years
PRLA,PRLA.AOS.buoy.c0,2022-04-27,POLSP20,0.1,0.1,0.1,0.1,1360,56.666666666666664,Schindler-Patalas,lake,2022,4,9.106449660981248,same_month_all_years
PRLA,PRLA.AOS.littoral1,2022-04-27,POLSP20,0.1,0.1,0.1,0.1,3800,158.33333333333334,Schindler-Patalas,lake,2022,4,9.106449660981248,same_month_all_years
PRLA,PRLA.AOS.littoral2,2022-04-27,POLSP20,0.115,0.1,0.13,0.09,2375,98.95833333333331,Schindler-Patalas,lake,2022,4,9.106449660981248,same_month_all_years
PRLA,PRLA.AOS.buoy.c0,2022-04-27,ROTSP,0.09,0.08,0.1,0.06,920,38.333333333333336,Schindler-Patalas,lake,2022,4,9.106449660981248,same_month_all_years
PRLA,PRLA.AOS.littoral1,2022-04-27,ROTSP,0.15,0.15,0.15,0.08,960,40,Schindler-Patalas,lake,2022,4,9.106449660981248,same_month_all_years
PRLA,PRLA.AOS.littoral2,2022-04-27,ROTSP,0.1,0.1,0.1,0.06,1075,44.791666666666664,Schindler-Patalas,lake,2022,4,9.106449660981248,same_month_all_years
PRLA,PRLA.AOS.buoy.c0,2022-07-06,ACAROB1,1.2,1.2,1.2,NA,100,4.166666666666667,Schindler-Patalas,lake,2022,7,23.96811489844499,exact_month_year
PRLA,PRLA.AOS.littoral1,2022-07-06,ACAROB1,1.3,1.3,1.3,NA,50,2.0833333333333335,Schindler-Patalas,lake,2022,7,23.96811489844499,exact_month_year
PRLA,PRLA.AOS.littoral2,2022-07-06,ACAROB1,1.3,1.3,1.3,NA,30,1.25,Schindler-Patalas,lake,2022,7,23.96811489844499,exact_month_year
PRLA,PRLA.AOS.buoy.c0,2022-07-06,BOSLON,0.25,0.2,0.3,NA,950,39.583333333333336,Schindler-Patalas,lake,2022,7,23.96811489844499,exact_month_year
PRLA,PRLA.AOS.littoral1,2022-07-06,BOSLON,0.25,0.2,0.3,NA,650,27.083333333333332,Schindler-Patalas,lake,2022,7,23.96811489844499,exact_month_year
PRLA,PRLA.AOS.littoral2,2022-07-06,BOSLON,0.25,0.2,0.3,NA,1530,63.75,Schindler-Patalas,lake,2022,7,23.96811489844499,exact_month_year
PRLA,PRLA.AOS.buoy.c0,2022-07-06,BRAANG,0.09,0.08,0.1,0.07,4425,184.375,Schindler-Patalas,lake,2022,7,23.96811489844499,exact_month_year
PRLA,PRLA.AOS.littoral1,2022-07-06,BRAANG,0.11,0.1,0.12,0.09,3950,164.58333333333334,Schindler-Patalas,lake,2022,7,23.96811489844499,exact_month_year
PRLA,PRLA.AOS.littoral2,2022-07-06,BRAANG,0.09,0.08,0.1,0.07,1710,71.25,Schindler-Patalas,lake,2022,7,23.96811489844499,exact_month_year
PRLA,PRLA.AOS.buoy.c0,2022-07-06,BRAHAV,0.12,0.12,0.12,0.1,25,1.0416666666666667,Schindler-Patalas,lake,2022,7,23.96811489844499,exact_month_year
PRLA,PRLA.AOS.buoy.c0,2022-07-06,CALSP1,0.9,0.6,1.2,NA,2725,113.54166666666669,Schindler-Patalas,lake,2022,7,23.96811489844499,exact_month_year
PRLA,PRLA.AOS.littoral1,2022-07-06,CALSP1,1.1,1,1.2,NA,1000,41.666666666666664,Schindler-Patalas,lake,2022,7,23.96811489844499,exact_month_year
PRLA,PRLA.AOS.littoral2,2022-07-06,CALSP1,1.1,1,1.2,NA,3840,160,Schindler-Patalas,lake,2022,7,23.96811489844499,exact_month_year
PRLA,PRLA.AOS.buoy.c0,2022-07-06,CYCSP,0.7,0.4,1,NA,650,27.083333333333332,Schindler-Patalas,lake,2022,7,23.96811489844499,exact_month_year
PRLA,PRLA.AOS.littoral1,2022-07-06,CYCSP,0.8,0.6,1,NA,875,36.458333333333336,Schindler-Patalas,lake,2022,7,23.96811489844499,exact_month_year
PRLA,PRLA.AOS.littoral2,2022-07-06,CYCSP,0.6,0.4,0.8,NA,450,18.75,Schindler-Patalas,lake,2022,7,23.96811489844499,exact_month_year
PRLA,PRLA.AOS.buoy.c0,2022-07-06,DAPSP1,0.45,0.4,0.5,NA,100,4.166666666666667,Schindler-Patalas,lake,2022,7,23.96811489844499,exact_month_year
PRLA,PRLA.AOS.littoral1,2022-07-06,DAPSP1,0.4,0.4,0.4,NA,25,1.0416666666666667,Schindler-Patalas,lake,2022,7,23.96811489844499,exact_month_year
PRLA,PRLA.AOS.littoral2,2022-07-06,DAPSP1,0.5,0.4,0.6,NA,90,3.75,Schindler-Patalas,lake,2022,7,23.96811489844499,exact_month_year
PRLA,PRLA.AOS.buoy.c0,2022-07-06,DIABIR,0.9,0.6,1.2,NA,500,20.833333333333332,Schindler-Patalas,lake,2022,7,23.96811489844499,exact_month_year
PRLA,PRLA.AOS.littoral1,2022-07-06,DIABIR,0.75,0.5,1,NA,150,6.25,Schindler-Patalas,lake,2022,7,23.96811489844499,exact_month_year
PRLA,PRLA.AOS.littoral2,2022-07-06,DIABIR,1.05,0.8,1.3,NA,90,3.75,Schindler-Patalas,lake,2022,7,23.96811489844499,exact_month_year
PRLA,PRLA.AOS.littoral1,2022-07-06,GASSP6,0.08,0.08,0.08,0.06,25,1.0416666666666667,Schindler-Patalas,lake,2022,7,23.96811489844499,exact_month_year
PRLA,PRLA.AOS.buoy.c0,2022-07-06,KERCOC,0.07,0.07,0.07,0.05,150,6.25,Schindler-Patalas,lake,2022,7,23.96811489844499,exact_month_year
PRLA,PRLA.AOS.littoral1,2022-07-06,KERCOC,0.08,0.08,0.08,0.06,150,6.25,Schindler-Patalas,lake,2022,7,23.96811489844499,exact_month_year
PRLA,PRLA.AOS.littoral2,2022-07-06,KERCOC,0.08,0.08,0.08,0.06,330,13.75,Schindler-Patalas,lake,2022,7,23.96811489844499,exact_month_year
PRLA,PRLA.AOS.buoy.c0,2022-07-06,LEPSIC,1,1,1,NA,550,22.916666666666668,Schindler-Patalas,lake,2022,7,23.96811489844499,exact_month_year
PRLA,PRLA.AOS.littoral1,2022-07-06,LEPSIC,1,1,1,NA,750,31.25,Schindler-Patalas,lake,2022,7,23.96811489844499,exact_month_year
PRLA,PRLA.AOS.littoral2,2022-07-06,LEPSIC,1.1,1,1.2,NA,1140,47.5,Schindler-Patalas,lake,2022,7,23.96811489844499,exact_month_year
PRLA,PRLA.AOS.buoy.c0,2022-07-06,MESEDA,1.2,1.2,1.2,NA,25,1.0416666666666667,Schindler-Patalas,lake,2022,7,23.96811489844499,exact_month_year
PRLA,PRLA.AOS.littoral2,2022-07-06,POLSP20,0.1,0.1,0.1,0.08,30,1.25,Schindler-Patalas,lake,2022,7,23.96811489844499,exact_month_year
PRLA,PRLA.AOS.littoral2,2022-09-13,ACAROB1,1.2,1.2,1.2,NA,38,1.5833333333333333,Schindler-Patalas,lake,2022,9,17.2653712962963,exact_month_year
PRLA,PRLA.AOS.buoy.c0,2022-09-13,ANUSP1,0.07,0.07,0.07,0.04,8,0.3333333333333333,Schindler-Patalas,lake,2022,9,17.2653712962963,exact_month_year
PRLA,PRLA.AOS.littoral1,2022-09-13,BDESP,0.3,0.3,0.3,0.06,3,0.125,Schindler-Patalas,lake,2022,9,17.2653712962963,exact_month_year
PRLA,PRLA.AOS.buoy.c0,2022-09-13,BOSLON,0.25,0.2,0.3,NA,15,0.625,Schindler-Patalas,lake,2022,9,17.2653712962963,exact_month_year
PRLA,PRLA.AOS.littoral1,2022-09-13,BOSLON,0.25,0.2,0.3,NA,15,0.625,Schindler-Patalas,lake,2022,9,17.2653712962963,exact_month_year
PRLA,PRLA.AOS.littoral2,2022-09-13,BOSLON,0.25,0.2,0.3,NA,75,3.125,Schindler-Patalas,lake,2022,9,17.2653712962963,exact_month_year
PRLA,PRLA.AOS.buoy.c0,2022-09-13,BRAANG,0.09,0.08,0.1,0.07,363,15.125,Schindler-Patalas,lake,2022,9,17.2653712962963,exact_month_year
PRLA,PRLA.AOS.littoral1,2022-09-13,BRAANG,0.09,0.08,0.1,0.07,190,7.916666666666667,Schindler-Patalas,lake,2022,9,17.2653712962963,exact_month_year
PRLA,PRLA.AOS.littoral2,2022-09-13,BRAANG,0.09,0.08,0.1,0.07,1140,47.5,Schindler-Patalas,lake,2022,9,17.2653712962963,exact_month_year
PRLA,PRLA.AOS.buoy.c0,2022-09-13,BRAHAV,0.1,0.1,0.1,0.08,60,2.5,Schindler-Patalas,lake,2022,9,17.2653712962963,exact_month_year
PRLA,PRLA.AOS.littoral1,2022-09-13,BRAHAV,0.09,0.08,0.1,0.07,23,0.9583333333333334,Schindler-Patalas,lake,2022,9,17.2653712962963,exact_month_year
PRLA,PRLA.AOS.littoral2,2022-09-13,BRAHAV,0.1,0.1,0.1,0.08,150,6.25,Schindler-Patalas,lake,2022,9,17.2653712962963,exact_month_year
PRLA,PRLA.AOS.littoral1,2022-09-13,CALSP1,0.7,0.4,1,NA,270,11.25,Schindler-Patalas,lake,2022,9,17.2653712962963,exact_month_year
PRLA,PRLA.AOS.buoy.c0,2022-09-13,CYCSP1,0.5,0.4,0.6,NA,58,2.4166666666666665,Schindler-Patalas,lake,2022,9,17.2653712962963,exact_month_year
PRLA,PRLA.AOS.littoral1,2022-09-13,CYCSP1,0.7,0.4,1,NA,183,7.625,Schindler-Patalas,lake,2022,9,17.2653712962963,exact_month_year
PRLA,PRLA.AOS.littoral2,2022-09-13,CYCSP1,0.433,0.3,0.6,NA,98,4.083333333333333,Schindler-Patalas,lake,2022,9,17.2653712962963,exact_month_year
PRLA,PRLA.AOS.buoy.c0,2022-09-13,DAPSP1,0.6,0.4,0.8,NA,5,0.20833333333333337,Schindler-Patalas,lake,2022,9,17.2653712962963,exact_month_year
PRLA,PRLA.AOS.littoral1,2022-09-13,DAPSP1,0.925,0.7,1.2,NA,35,1.4583333333333333,Schindler-Patalas,lake,2022,9,17.2653712962963,exact_month_year
PRLA,PRLA.AOS.littoral2,2022-09-13,DAPSP1,0.6,0.6,0.6,NA,8,0.3333333333333333,Schindler-Patalas,lake,2022,9,17.2653712962963,exact_month_year
PRLA,PRLA.AOS.littoral1,2022-09-13,DIASP10,1,1,1,NA,3,0.125,Schindler-Patalas,lake,2022,9,17.2653712962963,exact_month_year
PRLA,PRLA.AOS.buoy.c0,2022-09-13,FILLON,0.14,0.14,0.14,0.06,35,1.4583333333333333,Schindler-Patalas,lake,2022,9,17.2653712962963,exact_month_year
PRLA,PRLA.AOS.littoral1,2022-09-13,FILLON,0.15,0.15,0.15,0.05,5,0.20833333333333337,Schindler-Patalas,lake,2022,9,17.2653712962963,exact_month_year
PRLA,PRLA.AOS.littoral2,2022-09-13,FILLON,0.15,0.15,0.15,0.06,15,0.625,Schindler-Patalas,lake,2022,9,17.2653712962963,exact_month_year
PRLA,PRLA.AOS.buoy.c0,2022-09-13,FILTER,0.14,0.14,0.14,0.05,13,0.5416666666666666,Schindler-Patalas,lake,2022,9,17.2653712962963,exact_month_year
PRLA,PRLA.AOS.littoral1,2022-09-13,FILTER,0.15,0.15,0.15,0.05,20,0.8333333333333334,Schindler-Patalas,lake,2022,9,17.2653712962963,exact_month_year
PRLA,PRLA.AOS.littoral2,2022-09-13,FILTER,0.15,0.15,0.15,0.05,60,2.5,Schindler-Patalas,lake,2022,9,17.2653712962963,exact_month_year
PRLA,PRLA.AOS.buoy.c0,2022-09-13,KERCOC,0.1,0.1,0.1,0.07,8,0.3333333333333333,Schindler-Patalas,lake,2022,9,17.2653712962963,exact_month_year
PRLA,PRLA.AOS.littoral2,2022-09-13,KERCOC,0.08,0.08,0.08,0.06,23,0.9583333333333334,Schindler-Patalas,lake,2022,9,17.2653712962963,exact_month_year
PRLA,PRLA.AOS.buoy.c0,2022-09-13,KERTEC,0.08,0.08,0.08,0.05,40,1.6666666666666667,Schindler-Patalas,lake,2022,9,17.2653712962963,exact_month_year
PRLA,PRLA.AOS.littoral1,2022-09-13,KERTEC,0.08,0.08,0.08,0.05,35,1.4583333333333333,Schindler-Patalas,lake,2022,9,17.2653712962963,exact_month_year
PRLA,PRLA.AOS.littoral2,2022-09-13,KERTEC,0.08,0.08,0.08,0.05,308,12.833333333333334,Schindler-Patalas,lake,2022,9,17.2653712962963,exact_month_year
PRLA,PRLA.AOS.buoy.c0,2022-09-13,LEPSIC,1,1,1,NA,5,0.20833333333333337,Schindler-Patalas,lake,2022,9,17.2653712962963,exact_month_year
PRLA,PRLA.AOS.littoral1,2022-09-13,LEPSIC,1,1,1,NA,35,1.4583333333333333,Schindler-Patalas,lake,2022,9,17.2653712962963,exact_month_year
PRLA,PRLA.AOS.littoral2,2022-09-13,LEPSIC,1.2,1.2,1.2,NA,30,1.25,Schindler-Patalas,lake,2022,9,17.2653712962963,exact_month_year
PRLA,PRLA.AOS.buoy.c0,2022-09-13,LEPSP31,0.8,0.4,1.2,NA,105,4.375,Schindler-Patalas,lake,2022,9,17.2653712962963,exact_month_year
PRLA,PRLA.AOS.littoral2,2022-09-13,LEPSP31,0.9,0.6,1.2,NA,195,8.125,Schindler-Patalas,lake,2022,9,17.2653712962963,exact_month_year
PRLA,PRLA.AOS.buoy.c0,2022-09-13,MESEDA,1.4,1.4,1.4,NA,3,0.125,Schindler-Patalas,lake,2022,9,17.2653712962963,exact_month_year
PRLA,PRLA.AOS.buoy.c0,2022-09-13,POLSP20,0.1,0.1,0.1,0.08,48,2,Schindler-Patalas,lake,2022,9,17.2653712962963,exact_month_year
PRLA,PRLA.AOS.littoral1,2022-09-13,POLSP20,0.1,0.1,0.1,0.08,23,0.9583333333333334,Schindler-Patalas,lake,2022,9,17.2653712962963,exact_month_year
PRLA,PRLA.AOS.littoral2,2022-09-13,POLSP20,0.1,0.1,0.1,0.08,255,10.625,Schindler-Patalas,lake,2022,9,17.2653712962963,exact_month_year
PRLA,PRLA.AOS.buoy.c0,2022-09-13,POMSP5,0.08,0.08,0.08,0.06,195,8.125,Schindler-Patalas,lake,2022,9,17.2653712962963,exact_month_year
PRLA,PRLA.AOS.littoral1,2022-09-13,POMSP5,0.08,0.08,0.08,0.06,20,0.8333333333333334,Schindler-Patalas,lake,2022,9,17.2653712962963,exact_month_year
PRLA,PRLA.AOS.littoral2,2022-09-13,POMSP5,0.08,0.08,0.08,0.06,420,17.5,Schindler-Patalas,lake,2022,9,17.2653712962963,exact_month_year
PRLA,PRLA.AOS.buoy.c0,2023-05-09,ACAROB1,1.2,1.1,1.3,NA,4,0.1111111111111111,Schindler-Patalas,lake,2023,5,17.904133700194638,exact_month_year
PRLA,PRLA.AOS.littoral1,2023-05-09,ACAROB1,1.3,1.3,1.3,NA,2,0.08333333333333333,Schindler-Patalas,lake,2023,5,17.904133700194638,exact_month_year
PRLA,PRLA.AOS.littoral2,2023-05-09,ACAROB1,1.3,1.3,1.3,NA,1,0.04166666666666666,Schindler-Patalas,lake,2023,5,17.904133700194638,exact_month_year
PRLA,PRLA.AOS.buoy.c0,2023-05-09,BRASP22,0.183,0.12,0.23,0.13,5,0.1388888888888889,Schindler-Patalas,lake,2023,5,17.904133700194638,exact_month_year
PRLA,PRLA.AOS.buoy.c0,2023-05-09,CLASP,0.4,0.4,0.4,NA,1,0.02777777777777777,Schindler-Patalas,lake,2023,5,17.904133700194638,exact_month_year
PRLA,PRLA.AOS.littoral1,2023-05-09,CYCSP1,0.7,0.7,0.7,NA,1,0.04166666666666666,Schindler-Patalas,lake,2023,5,17.904133700194638,exact_month_year
PRLA,PRLA.AOS.littoral1,2023-05-09,GASSP6,0.2,0.2,0.2,0.15,1,0.04166666666666666,Schindler-Patalas,lake,2023,5,17.904133700194638,exact_month_year
PRLA,PRLA.AOS.littoral2,2023-05-09,GASSP6,0.16,0.12,0.2,0.115,2,0.08333333333333333,Schindler-Patalas,lake,2023,5,17.904133700194638,exact_month_year
PRLA,PRLA.AOS.littoral1,2023-05-09,KERSP,0.05,0.05,0.05,0.04,1,0.04166666666666666,Schindler-Patalas,lake,2023,5,17.904133700194638,exact_month_year
PRLA,PRLA.AOS.buoy.c0,2023-05-09,LECSP1,0.1,0.1,0.1,0.1,1,0.02777777777777777,Schindler-Patalas,lake,2023,5,17.904133700194638,exact_month_year
PRLA,PRLA.AOS.buoy.c0,2023-05-09,LEPSP32,0.12,0.12,0.12,0.1,1,0.02777777777777777,Schindler-Patalas,lake,2023,5,17.904133700194638,exact_month_year
PRLA,PRLA.AOS.littoral2,2023-05-09,LEPSP32,0.1,0.1,0.1,0.06,1,0.04166666666666666,Schindler-Patalas,lake,2023,5,17.904133700194638,exact_month_year
PRLA,PRLA.AOS.buoy.c1,2023-07-05,BRAANG,0.093,0.08,0.1,0.087,1280,35.55555555555556,Schindler-Patalas,lake,2023,7,22.568379693270067,exact_month_year
PRLA,PRLA.AOS.littoral1,2023-07-05,BRAANG,0.09,0.08,0.1,0.09,270,11.25,Schindler-Patalas,lake,2023,7,22.568379693270067,exact_month_year
PRLA,PRLA.AOS.littoral2,2023-07-05,BRAANG,0.09,0.08,0.1,0.09,1740,72.5,Schindler-Patalas,lake,2023,7,22.568379693270067,exact_month_year
PRLA,PRLA.AOS.buoy.c1,2023-07-05,BRAHAV,0.1,0.1,0.1,0.08,3340,92.77777777777776,Schindler-Patalas,lake,2023,7,22.568379693270067,exact_month_year
PRLA,PRLA.AOS.littoral1,2023-07-05,BRAHAV,0.1,0.1,0.1,0.07,420,17.5,Schindler-Patalas,lake,2023,7,22.568379693270067,exact_month_year
PRLA,PRLA.AOS.littoral2,2023-07-05,BRAHAV,0.1,0.1,0.1,0.08,2640,110,Schindler-Patalas,lake,2023,7,22.568379693270067,exact_month_year
PRLA,PRLA.AOS.buoy.c1,2023-07-05,CHASP13,6,4,8,NA,360,10,Schindler-Patalas,lake,2023,7,22.568379693270067,exact_month_year
PRLA,PRLA.AOS.littoral1,2023-07-05,CHASP13,8.5,8,9,NA,30,1.25,Schindler-Patalas,lake,2023,7,22.568379693270067,exact_month_year
PRLA,PRLA.AOS.littoral2,2023-07-05,CHASP13,5.333,4,7,NA,90,3.75,Schindler-Patalas,lake,2023,7,22.568379693270067,exact_month_year
PRLA,PRLA.AOS.buoy.c1,2023-07-05,CYCSP1,0.6,0.4,0.8,NA,120,3.3333333333333335,Schindler-Patalas,lake,2023,7,22.568379693270067,exact_month_year
PRLA,PRLA.AOS.littoral1,2023-07-05,CYCSP1,0.4,0.4,0.4,NA,45,1.875,Schindler-Patalas,lake,2023,7,22.568379693270067,exact_month_year
PRLA,PRLA.AOS.littoral2,2023-07-05,CYCSP1,0.65,0.5,0.8,NA,120,5,Schindler-Patalas,lake,2023,7,22.568379693270067,exact_month_year
PRLA,PRLA.AOS.buoy.c1,2023-07-05,DAPPUL1,1.16,0.6,1.7,NA,680,18.88888888888889,Schindler-Patalas,lake,2023,7,22.568379693270067,exact_month_year
PRLA,PRLA.AOS.littoral1,2023-07-05,DAPPUL1,1.133,0.8,1.4,NA,3570,148.75,Schindler-Patalas,lake,2023,7,22.568379693270067,exact_month_year
PRLA,PRLA.AOS.littoral2,2023-07-05,DAPPUL1,1.033,0.7,1.4,NA,1530,63.75,Schindler-Patalas,lake,2023,7,22.568379693270067,exact_month_year
PRLA,PRLA.AOS.buoy.c1,2023-07-05,FILLON,0.15,0.15,0.15,0.07,120,3.3333333333333335,Schindler-Patalas,lake,2023,7,22.568379693270067,exact_month_year
PRLA,PRLA.AOS.littoral1,2023-07-05,FILLON,0.15,0.15,0.15,0.07,15,0.625,Schindler-Patalas,lake,2023,7,22.568379693270067,exact_month_year
PRLA,PRLA.AOS.littoral2,2023-07-05,FILLON,0.15,0.15,0.15,0.07,60,2.5,Schindler-Patalas,lake,2023,7,22.568379693270067,exact_month_year
PRLA,PRLA.AOS.buoy.c1,2023-07-05,KERCOC,0.1,0.1,0.1,0.05,2200,61.111111111111114,Schindler-Patalas,lake,2023,7,22.568379693270067,exact_month_year
PRLA,PRLA.AOS.littoral1,2023-07-05,KERCOC,0.1,0.1,0.1,0.05,750,31.25,Schindler-Patalas,lake,2023,7,22.568379693270067,exact_month_year
PRLA,PRLA.AOS.littoral2,2023-07-05,KERCOC,0.1,0.1,0.1,0.05,1440,60,Schindler-Patalas,lake,2023,7,22.568379693270067,exact_month_year
PRLA,PRLA.AOS.buoy.c1,2023-07-05,KERTES,0.12,0.12,0.12,0.07,220,6.111111111111111,Schindler-Patalas,lake,2023,7,22.568379693270067,exact_month_year
PRLA,PRLA.AOS.littoral1,2023-07-05,KERTES,0.1,0.1,0.1,0.07,75,3.125,Schindler-Patalas,lake,2023,7,22.568379693270067,exact_month_year
PRLA,PRLA.AOS.littoral2,2023-07-05,KERTES,0.1,0.1,0.1,0.07,450,18.75,Schindler-Patalas,lake,2023,7,22.568379693270067,exact_month_year
PRLA,PRLA.AOS.buoy.c1,2023-07-05,MESEDA,1.2,1,1.4,NA,100,2.7777777777777777,Schindler-Patalas,lake,2023,7,22.568379693270067,exact_month_year
PRLA,PRLA.AOS.littoral1,2023-07-05,MESEDA,1.4,1.3,1.5,NA,30,1.25,Schindler-Patalas,lake,2023,7,22.568379693270067,exact_month_year
PRLA,PRLA.AOS.littoral2,2023-07-05,MESEDA,1.25,1,1.5,NA,180,7.5,Schindler-Patalas,lake,2023,7,22.568379693270067,exact_month_year
PRLA,PRLA.AOS.buoy.c1,2023-07-05,POLSP20,0.09,0.08,0.1,0.07,1140,31.666666666666668,Schindler-Patalas,lake,2023,7,22.568379693270067,exact_month_year
PRLA,PRLA.AOS.littoral1,2023-07-05,POLSP20,0.1,0.1,0.1,0.08,195,8.125,Schindler-Patalas,lake,2023,7,22.568379693270067,exact_month_year
PRLA,PRLA.AOS.littoral2,2023-07-05,POLSP20,0.09,0.08,0.1,0.07,1380,57.5,Schindler-Patalas,lake,2023,7,22.568379693270067,exact_month_year
PRLA,PRLA.AOS.buoy.c0,2023-09-12,ASCSP1,0.36,0.36,0.36,0.2,50,1.3888888888888888,Schindler-Patalas,lake,2023,9,18.512302457627452,exact_month_year
PRLA,PRLA.AOS.buoy.c0,2023-09-12,ASPSP4,0.37,0.37,0.37,0.23,50,1.3888888888888888,Schindler-Patalas,lake,2023,9,18.512302457627452,exact_month_year
PRLA,PRLA.AOS.littoral1,2023-09-12,ASPSP4,0.67,0.59,0.81,0.36,204,8.5,Schindler-Patalas,lake,2023,9,18.512302457627452,exact_month_year
PRLA,PRLA.AOS.buoy.c0,2023-09-12,BRASP22,0.13,0.11,0.14,0.11,7600,211.11111111111111,Schindler-Patalas,lake,2023,9,18.512302457627452,exact_month_year
PRLA,PRLA.AOS.littoral1,2023-09-12,BRASP22,0.12,0.08,0.15,0.13,10302,429.25,Schindler-Patalas,lake,2023,9,18.512302457627452,exact_month_year
PRLA,PRLA.AOS.littoral2,2023-09-12,BRASP22,0.12,0.1,0.14,0.09,2256,94,Schindler-Patalas,lake,2023,9,18.512302457627452,exact_month_year
PRLA,PRLA.AOS.buoy.c0,2023-09-12,CALSP1,0.77,0.6,0.9,NA,250,6.944444444444445,Schindler-Patalas,lake,2023,9,18.512302457627452,exact_month_year
PRLA,PRLA.AOS.littoral1,2023-09-12,CALSP1,1.02,1.02,1.02,NA,51,2.125,Schindler-Patalas,lake,2023,9,18.512302457627452,exact_month_year
PRLA,PRLA.AOS.buoy.c0,2023-09-12,CYCSP,0.52,0.31,0.8,NA,5650,156.94444444444446,Schindler-Patalas,lake,2023,9,18.512302457627452,exact_month_year
PRLA,PRLA.AOS.littoral1,2023-09-12,CYCSP,0.56,0.33,1.38,NA,5610,233.75,Schindler-Patalas,lake,2023,9,18.512302457627452,exact_month_year
PRLA,PRLA.AOS.littoral2,2023-09-12,CYCSP,0.81,0.35,1.31,NA,2613,108.875,Schindler-Patalas,lake,2023,9,18.512302457627452,exact_month_year
PRLA,PRLA.AOS.littoral2,2023-09-12,HEXSP6,0.16,0.16,0.16,0.08,24,1,Schindler-Patalas,lake,2023,9,18.512302457627452,exact_month_year
PRLA,PRLA.AOS.buoy.c0,2023-09-12,KERSP,0.11,0.09,0.14,0.06,150,4.166666666666667,Schindler-Patalas,lake,2023,9,18.512302457627452,exact_month_year
PRLA,PRLA.AOS.littoral2,2023-09-12,MONSP8,0.09,0.06,0.12,0.08,71,2.9583333333333335,Schindler-Patalas,lake,2023,9,18.512302457627452,exact_month_year
PRLA,PRLA.AOS.buoy.c0,2023-09-12,POLSP20,0.09,0.07,0.11,0.07,2700,75,Schindler-Patalas,lake,2023,9,18.512302457627452,exact_month_year
PRLA,PRLA.AOS.littoral1,2023-09-12,POLSP20,0.1,0.06,0.11,0.06,1785,74.375,Schindler-Patalas,lake,2023,9,18.512302457627452,exact_month_year
PRLA,PRLA.AOS.littoral2,2023-09-12,POLSP20,0.09,0.07,0.11,0.06,855,35.625,Schindler-Patalas,lake,2023,9,18.512302457627452,exact_month_year
PRLA,PRLA.AOS.buoy.c0,2023-09-12,POMSP5,0.1,0.08,0.12,0.07,1650,45.833333333333336,Schindler-Patalas,lake,2023,9,18.512302457627452,exact_month_year
PRLA,PRLA.AOS.littoral1,2023-09-12,POMSP5,0.11,0.11,0.11,0.07,51,2.125,Schindler-Patalas,lake,2023,9,18.512302457627452,exact_month_year
PRLA,PRLA.AOS.littoral2,2023-09-12,POMSP5,0.1,0.1,0.1,0.07,24,1,Schindler-Patalas,lake,2023,9,18.512302457627452,exact_month_year
PRLA,PRLA.AOS.buoy.c0,2024-04-30,BRASP22,0.14,0.07,0.2,0.08,225,6.25,Schindler-Patalas,lake,2024,4,8.13410256410256,exact_month_year
PRLA,PRLA.AOS.littoral1,2024-04-30,BRASP22,0.15,0.12,0.17,0.12,433,18.041666666666668,Schindler-Patalas,lake,2024,4,8.13410256410256,exact_month_year
PRLA,PRLA.AOS.littoral2,2024-04-30,BRASP22,0.14,0.1,0.16,0.1,175,7.291666666666667,Schindler-Patalas,lake,2024,4,8.13410256410256,exact_month_year
PRLA,PRLA.AOS.buoy.c0,2024-04-30,CALSP1,0.99,0.72,1.2,NA,75,2.0833333333333335,Schindler-Patalas,lake,2024,4,8.13410256410256,exact_month_year
PRLA,PRLA.AOS.littoral1,2024-04-30,CALSP1,1.5,1.5,1.5,NA,33,1.375,Schindler-Patalas,lake,2024,4,8.13410256410256,exact_month_year
PRLA,PRLA.AOS.littoral2,2024-04-30,CALSP1,0.52,0.52,0.52,NA,25,1.0416666666666667,Schindler-Patalas,lake,2024,4,8.13410256410256,exact_month_year
PRLA,PRLA.AOS.littoral2,2024-04-30,CONSP9,0.07,0.05,0.08,0.04,500,20.833333333333332,Schindler-Patalas,lake,2024,4,8.13410256410256,exact_month_year
PRLA,PRLA.AOS.buoy.c0,2024-04-30,CYCSP,0.77,0.47,1.16,NA,9250,256.94444444444446,Schindler-Patalas,lake,2024,4,8.13410256410256,exact_month_year
PRLA,PRLA.AOS.littoral1,2024-04-30,CYCSP,0.71,0.4,1,NA,20800,866.6666666666666,Schindler-Patalas,lake,2024,4,8.13410256410256,exact_month_year
PRLA,PRLA.AOS.littoral2,2024-04-30,CYCSP,0.71,0.3,1.26,NA,3325,138.54166666666666,Schindler-Patalas,lake,2024,4,8.13410256410256,exact_month_year
PRLA,PRLA.AOS.buoy.c0,2024-04-30,KERSP,0.11,0.08,0.13,0.07,150,4.166666666666667,Schindler-Patalas,lake,2024,4,8.13410256410256,exact_month_year
PRLA,PRLA.AOS.littoral1,2024-04-30,KERSP,0.16,0.13,0.17,0.1,300,12.5,Schindler-Patalas,lake,2024,4,8.13410256410256,exact_month_year
PRLA,PRLA.AOS.littoral2,2024-04-30,KERSP,0.13,0.09,0.17,0.08,325,13.541666666666666,Schindler-Patalas,lake,2024,4,8.13410256410256,exact_month_year
PRLA,PRLA.AOS.buoy.c0,2024-04-30,POLSP20,0.11,0.06,0.17,0.08,350,9.72222222222222,Schindler-Patalas,lake,2024,4,8.13410256410256,exact_month_year
PRLA,PRLA.AOS.littoral2,2024-04-30,POLSP20,0.11,0.09,0.13,0.09,100,4.166666666666667,Schindler-Patalas,lake,2024,4,8.13410256410256,exact_month_year
PRLA,PRLA.AOS.buoy.c0,2024-07-25,ASCSP1,0.1,0.1,0.1,0.09,138,3.8333333333333335,Schindler-Patalas,lake,2024,7,23.86436392287434,exact_month_year
PRLA,PRLA.AOS.buoy.c0,2024-07-25,BOSSP1,0.18,0.18,0.18,NA,138,3.8333333333333335,Schindler-Patalas,lake,2024,7,23.86436392287434,exact_month_year
PRLA,PRLA.AOS.littoral1,2024-07-25,BOSSP1,0.23,0.23,0.23,NA,63,2.625,Schindler-Patalas,lake,2024,7,23.86436392287434,exact_month_year
PRLA,PRLA.AOS.littoral2,2024-07-25,BOSSP1,0.26,0.26,0.26,NA,70,2.9166666666666665,Schindler-Patalas,lake,2024,7,23.86436392287434,exact_month_year
PRLA,PRLA.AOS.buoy.c0,2024-07-25,BRASP22,0.1,0.07,0.12,0.08,33948,943,Schindler-Patalas,lake,2024,7,23.86436392287434,exact_month_year
PRLA,PRLA.AOS.littoral1,2024-07-25,BRASP22,0.11,0.09,0.12,0.08,13599,566.625,Schindler-Patalas,lake,2024,7,23.86436392287434,exact_month_year
PRLA,PRLA.AOS.littoral2,2024-07-25,BRASP22,0.11,0.08,0.15,0.08,14526,605.25,Schindler-Patalas,lake,2024,7,23.86436392287434,exact_month_year
PRLA,PRLA.AOS.buoy.c0,2024-07-25,CALSP1,0.79,0.4,1.09,NA,4416,122.66666666666669,Schindler-Patalas,lake,2024,7,23.86436392287434,exact_month_year
PRLA,PRLA.AOS.littoral1,2024-07-25,CALSP1,0.9,0.38,1.25,NA,1379,57.458333333333336,Schindler-Patalas,lake,2024,7,23.86436392287434,exact_month_year
PRLA,PRLA.AOS.buoy.c0,2024-07-25,CYCSP,0.56,0.27,0.83,NA,2346,65.16666666666667,Schindler-Patalas,lake,2024,7,23.86436392287434,exact_month_year
PRLA,PRLA.AOS.littoral1,2024-07-25,CYCSP,0.67,0.35,0.98,NA,815,33.958333333333336,Schindler-Patalas,lake,2024,7,23.86436392287434,exact_month_year
PRLA,PRLA.AOS.littoral2,2024-07-25,CYCSP,0.65,0.28,1.01,NA,834,34.75,Schindler-Patalas,lake,2024,7,23.86436392287434,exact_month_year
PRLA,PRLA.AOS.buoy.c0,2024-07-25,KERSP,0.08,0.07,0.09,0.06,552,15.333333333333334,Schindler-Patalas,lake,2024,7,23.86436392287434,exact_month_year
PRLA,PRLA.AOS.littoral1,2024-07-25,KERSP,0.09,0.07,0.1,0.04,439,18.291666666666668,Schindler-Patalas,lake,2024,7,23.86436392287434,exact_month_year
PRLA,PRLA.AOS.littoral2,2024-07-25,KERSP,0.09,0.06,0.12,0.06,417,17.375,Schindler-Patalas,lake,2024,7,23.86436392287434,exact_month_year
PRLA,PRLA.AOS.littoral2,2024-07-25,MONSP8,0.09,0.09,0.09,0.08,70,2.9166666666666665,Schindler-Patalas,lake,2024,7,23.86436392287434,exact_month_year
PRLA,PRLA.AOS.littoral1,2024-07-25,NOTSP11,0.13,0.13,0.13,0.08,63,2.625,Schindler-Patalas,lake,2024,7,23.86436392287434,exact_month_year
PRLA,PRLA.AOS.buoy.c0,2024-07-25,POLSP20,0.1,0.07,0.14,0.06,2484,69,Schindler-Patalas,lake,2024,7,23.86436392287434,exact_month_year
PRLA,PRLA.AOS.littoral1,2024-07-25,POLSP20,0.1,0.08,0.16,0.06,1191,49.625,Schindler-Patalas,lake,2024,7,23.86436392287434,exact_month_year
PRLA,PRLA.AOS.littoral2,2024-07-25,POLSP20,0.1,0.07,0.11,0.06,3545,147.70833333333334,Schindler-Patalas,lake,2024,7,23.86436392287434,exact_month_year
PRLA,PRLA.AOS.buoy.c0,2024-07-25,POMSP5,0.1,0.1,0.1,0.08,276,7.666666666666667,Schindler-Patalas,lake,2024,7,23.86436392287434,exact_month_year
PRLA,PRLA.AOS.littoral2,2024-07-25,POMSP5,0.1,0.07,0.12,0.07,626,26.083333333333332,Schindler-Patalas,lake,2024,7,23.86436392287434,exact_month_year
PRLA,PRLA.AOS.littoral1,2024-09-11,ANUSP1,0.07,0.05,0.08,0.04,2166,90.25,Schindler-Patalas,lake,2024,9,19.020867274929465,exact_month_year
PRLA,PRLA.AOS.littoral2,2024-09-11,ANUSP1,0.07,0.06,0.07,0.04,100,4.166666666666667,Schindler-Patalas,lake,2024,9,19.020867274929465,exact_month_year
PRLA,PRLA.AOS.littoral2,2024-09-11,ASCSP1,0.1,0.09,0.13,0.07,500,20.833333333333332,Schindler-Patalas,lake,2024,9,19.020867274929465,exact_month_year
PRLA,PRLA.AOS.buoy.c0,2024-09-11,ASPSP4,0.29,0.2,0.48,0.18,1100,30.555555555555557,Schindler-Patalas,lake,2024,9,19.020867274929465,exact_month_year
PRLA,PRLA.AOS.littoral2,2024-09-11,ASPSP4,0.3,0.21,0.58,0.17,600,25,Schindler-Patalas,lake,2024,9,19.020867274929465,exact_month_year
PRLA,PRLA.AOS.buoy.c0,2024-09-11,BOSSP1,0.25,0.25,0.25,NA,100,2.7777777777777777,Schindler-Patalas,lake,2024,9,19.020867274929465,exact_month_year
PRLA,PRLA.AOS.buoy.c0,2024-09-11,BRASP22,0.1,0.09,0.12,0.07,7300,202.77777777777777,Schindler-Patalas,lake,2024,9,19.020867274929465,exact_month_year
PRLA,PRLA.AOS.littoral1,2024-09-11,BRASP22,0.09,0.05,0.13,0.07,378,15.75,Schindler-Patalas,lake,2024,9,19.020867274929465,exact_month_year
PRLA,PRLA.AOS.littoral2,2024-09-11,BRASP22,0.11,0.08,0.14,0.08,2200,91.66666666666669,Schindler-Patalas,lake,2024,9,19.020867274929465,exact_month_year
PRLA,PRLA.AOS.buoy.c0,2024-09-11,CALSP1,0.63,0.41,0.94,NA,400,11.11111111111111,Schindler-Patalas,lake,2024,9,19.020867274929465,exact_month_year
PRLA,PRLA.AOS.littoral1,2024-09-11,CALSP1,0.5,0.38,0.7,NA,103,4.291666666666667,Schindler-Patalas,lake,2024,9,19.020867274929465,exact_month_year
PRLA,PRLA.AOS.littoral2,2024-09-11,CALSP1,0.66,0.48,0.87,NA,200,8.333333333333334,Schindler-Patalas,lake,2024,9,19.020867274929465,exact_month_year
PRLA,PRLA.AOS.buoy.c0,2024-09-11,COLSP12,0.12,0.12,0.12,0.06,100,2.7777777777777777,Schindler-Patalas,lake,2024,9,19.020867274929465,exact_month_year
PRLA,PRLA.AOS.littoral2,2024-09-11,COLSP12,0.12,0.11,0.12,0.05,100,4.166666666666667,Schindler-Patalas,lake,2024,9,19.020867274929465,exact_month_year
PRLA,PRLA.AOS.littoral2,2024-09-11,CONSP8,0.12,0.12,0.12,0.06,50,2.0833333333333335,Schindler-Patalas,lake,2024,9,19.020867274929465,exact_month_year
PRLA,PRLA.AOS.buoy.c0,2024-09-11,CONSP9,0.31,0.31,0.31,0.27,100,2.7777777777777777,Schindler-Patalas,lake,2024,9,19.020867274929465,exact_month_year
PRLA,PRLA.AOS.buoy.c0,2024-09-11,CYCSP,0.5,0.36,0.75,NA,500,13.88888888888889,Schindler-Patalas,lake,2024,9,19.020867274929465,exact_month_year
PRLA,PRLA.AOS.littoral1,2024-09-11,CYCSP,0.67,0.67,0.67,NA,34,1.4166666666666667,Schindler-Patalas,lake,2024,9,19.020867274929465,exact_month_year
PRLA,PRLA.AOS.littoral2,2024-09-11,CYCSP,0.45,0.37,0.57,NA,250,10.416666666666666,Schindler-Patalas,lake,2024,9,19.020867274929465,exact_month_year
PRLA,PRLA.AOS.buoy.c0,2024-09-11,DAPSP1,0.5,0.36,0.74,NA,300,8.333333333333334,Schindler-Patalas,lake,2024,9,19.020867274929465,exact_month_year
PRLA,PRLA.AOS.littoral1,2024-09-11,DAPSP1,0.62,0.58,0.65,NA,69,2.875,Schindler-Patalas,lake,2024,9,19.020867274929465,exact_month_year
PRLA,PRLA.AOS.littoral2,2024-09-11,EUCSP7,0.28,0.28,0.28,0.19,50,2.0833333333333335,Schindler-Patalas,lake,2024,9,19.020867274929465,exact_month_year
PRLA,PRLA.AOS.buoy.c0,2024-09-11,FILSP1,0.14,0.12,0.17,0.06,11300,313.8888888888889,Schindler-Patalas,lake,2024,9,19.020867274929465,exact_month_year
PRLA,PRLA.AOS.littoral1,2024-09-11,FILSP1,0.14,0.11,0.17,0.05,206,8.583333333333334,Schindler-Patalas,lake,2024,9,19.020867274929465,exact_month_year
PRLA,PRLA.AOS.littoral2,2024-09-11,FILSP1,0.14,0.13,0.16,0.06,250,10.416666666666666,Schindler-Patalas,lake,2024,9,19.020867274929465,exact_month_year
PRLA,PRLA.AOS.buoy.c0,2024-09-11,KERSP,0.09,0.07,0.11,0.06,4400,122.22222222222224,Schindler-Patalas,lake,2024,9,19.020867274929465,exact_month_year
PRLA,PRLA.AOS.littoral1,2024-09-11,KERSP,0.08,0.06,0.1,0.04,6877,286.5416666666667,Schindler-Patalas,lake,2024,9,19.020867274929465,exact_month_year
PRLA,PRLA.AOS.littoral2,2024-09-11,KERSP,0.08,0.07,0.09,0.05,2100,87.5,Schindler-Patalas,lake,2024,9,19.020867274929465,exact_month_year
PRLA,PRLA.AOS.buoy.c0,2024-09-11,PLOSP1,0.16,0.14,0.18,0.1,300,8.333333333333334,Schindler-Patalas,lake,2024,9,19.020867274929465,exact_month_year
PRLA,PRLA.AOS.buoy.c0,2024-09-11,POLSP20,0.11,0.08,0.13,0.08,11900,330.55555555555554,Schindler-Patalas,lake,2024,9,19.020867274929465,exact_month_year
PRLA,PRLA.AOS.littoral1,2024-09-11,POLSP20,0.11,0.09,0.12,0.06,172,7.166666666666667,Schindler-Patalas,lake,2024,9,19.020867274929465,exact_month_year
PRLA,PRLA.AOS.littoral2,2024-09-11,POLSP20,0.1,0.09,0.12,0.07,7550,314.5833333333333,Schindler-Patalas,lake,2024,9,19.020867274929465,exact_month_year
PRLA,PRLA.AOS.buoy.c0,2024-09-11,POMSP5,0.1,0.09,0.12,0.07,3000,83.33333333333333,Schindler-Patalas,lake,2024,9,19.020867274929465,exact_month_year
PRLA,PRLA.AOS.littoral1,2024-09-11,POMSP5,0.08,0.06,0.1,0.05,378,15.75,Schindler-Patalas,lake,2024,9,19.020867274929465,exact_month_year
PRLA,PRLA.AOS.littoral2,2024-09-11,POMSP5,0.1,0.08,0.17,0.07,2150,89.58333333333333,Schindler-Patalas,lake,2024,9,19.020867274929465,exact_month_year
PRLA,PRLA.AOS.buoy.c0,2024-09-11,SYNSP8,0.17,0.17,0.17,0.1,100,2.7777777777777777,Schindler-Patalas,lake,2024,9,19.020867274929465,exact_month_year
PRLA,PRLA.AOS.buoy.c0,2024-09-11,TRISP31,0.11,0.11,0.11,0.07,100,2.7777777777777777,Schindler-Patalas,lake,2024,9,19.020867274929465,exact_month_year
PRLA,PRLA.AOS.littoral2,2024-09-11,TRISP31,0.14,0.09,0.17,0.05,2550,106.25,Schindler-Patalas,lake,2024,9,19.020867274929465,exact_month_year
PRLA,PRLA.AOS.littoral2,2024-09-11,TYLSP1,0.19,0.18,0.2,0.12,100,4.166666666666667,Schindler-Patalas,lake,2024,9,19.020867274929465,exact_month_year
PRPO,PRPO.AOS.littoral2,2014-07-08,ACAVER,0.813,0.68,0.88,NA,192,2,Schindler-Patalas,lake,2014,7,23.88396560060255,same_month_all_years
PRPO,PRPO.AOS.buoy.c0,2014-07-08,ALOGUT,0.24,0.24,0.24,NA,64,0.273972602739726,tow net,lake,2014,7,23.88396560060255,same_month_all_years
PRPO,PRPO.AOS.littoral2,2014-07-08,ASPSP4,0.3,0.2,0.4,0.18,250,2.6041666666666665,Schindler-Patalas,lake,2014,7,23.88396560060255,same_month_all_years
PRPO,PRPO.AOS.buoy.c0,2014-07-08,BOSLON,0.213,0.16,0.26,NA,10833,46.37414383561644,tow net,lake,2014,7,23.88396560060255,same_month_all_years
PRPO,PRPO.AOS.littoral1,2014-07-08,BOSLON,0.217,0.16,0.28,NA,29038,302.4791666666667,Schindler-Patalas,lake,2014,7,23.88396560060255,same_month_all_years
PRPO,PRPO.AOS.littoral2,2014-07-08,BOSLON,0.208,0.16,0.28,NA,17436,181.625,Schindler-Patalas,lake,2014,7,23.88396560060255,same_month_all_years
PRPO,PRPO.AOS.buoy.c0,2014-07-08,BRAHAV,0.094,0.09,0.099,0.074,2750,11.772260273972604,tow net,lake,2014,7,23.88396560060255,same_month_all_years
PRPO,PRPO.AOS.littoral1,2014-07-08,BRAHAV,0.094,0.09,0.099,0.074,1500,15.625,Schindler-Patalas,lake,2014,7,23.88396560060255,same_month_all_years
PRPO,PRPO.AOS.littoral2,2014-07-08,BRAHAV,0.099,0.093,0.102,0.082,6000,62.5,Schindler-Patalas,lake,2014,7,23.88396560060255,same_month_all_years
PRPO,PRPO.AOS.buoy.c0,2014-07-08,DAPSP1,0.36,0.36,0.36,NA,192,0.8219178082191781,tow net,lake,2014,7,23.88396560060255,same_month_all_years
PRPO,PRPO.AOS.littoral1,2014-07-08,DAPSP1,0.36,0.32,0.4,NA,128,1.3333333333333333,Schindler-Patalas,lake,2014,7,23.88396560060255,same_month_all_years
PRPO,PRPO.AOS.littoral2,2014-07-08,DAPSP1,0.44,0.4,0.5,NA,256,2.6666666666666665,Schindler-Patalas,lake,2014,7,23.88396560060255,same_month_all_years
PRPO,PRPO.AOS.buoy.c0,2014-07-08,DIABIR,0.426,0.36,0.5,NA,1250,5.351027397260274,tow net,lake,2014,7,23.88396560060255,same_month_all_years
PRPO,PRPO.AOS.littoral1,2014-07-08,DIABIR,0.6875,0.64,0.76,NA,513,5.34375,Schindler-Patalas,lake,2014,7,23.88396560060255,same_month_all_years
PRPO,PRPO.AOS.littoral2,2014-07-08,DIABIR,0.507,0.36,0.8,NA,385,4.010416666666667,Schindler-Patalas,lake,2014,7,23.88396560060255,same_month_all_years
PRPO,PRPO.AOS.buoy.c0,2014-07-08,FILSP1,0.091,0.066,0.105,0.039,10500,44.9486301369863,tow net,lake,2014,7,23.88396560060255,same_month_all_years
PRPO,PRPO.AOS.littoral1,2014-07-08,FILSP1,0.0945,0.08549999999999999,0.1035,0.04199999999999999,5500,57.291666666666664,Schindler-Patalas,lake,2014,7,23.88396560060255,same_month_all_years
PRPO,PRPO.AOS.littoral2,2014-07-08,FILSP1,0.096,0.096,0.096,0.045,1500,15.625,Schindler-Patalas,lake,2014,7,23.88396560060255,same_month_all_years
PRPO,PRPO.AOS.buoy.c0,2014-07-08,KERCOC,0.069,0.063,0.075,0.045,15750,67.42294520547945,tow net,lake,2014,7,23.88396560060255,same_month_all_years
PRPO,PRPO.AOS.littoral1,2014-07-08,KERCOC,0.07100000000000001,0.0645,0.075,0.043,20000,208.33333333333337,Schindler-Patalas,lake,2014,7,23.88396560060255,same_month_all_years
PRPO,PRPO.AOS.littoral2,2014-07-08,KERCOC,0.072,0.069,0.075,0.042,22500,234.375,Schindler-Patalas,lake,2014,7,23.88396560060255,same_month_all_years
PRPO,PRPO.AOS.buoy.c0,2014-07-08,KERQUA,0.111,0.111,0.111,0.075,1750,7.491438356164384,tow net,lake,2014,7,23.88396560060255,same_month_all_years
PRPO,PRPO.AOS.littoral1,2014-07-08,KERQUA,0.111,0.111,0.111,0.075,2500,26.041666666666668,Schindler-Patalas,lake,2014,7,23.88396560060255,same_month_all_years
PRPO,PRPO.AOS.littoral2,2014-07-08,KERQUA,0.09,0.09,0.09,0.045,3000,31.25,Schindler-Patalas,lake,2014,7,23.88396560060255,same_month_all_years
PRPO,PRPO.AOS.buoy.c0,2014-07-08,LEPSIC,0.928,0.78,1.08,NA,5256,22.5,tow net,lake,2014,7,23.88396560060255,same_month_all_years
PRPO,PRPO.AOS.littoral1,2014-07-08,LEPSIC,0.912,0.72,1.1,NA,3333,34.71875,Schindler-Patalas,lake,2014,7,23.88396560060255,same_month_all_years
PRPO,PRPO.AOS.littoral2,2014-07-08,LEPSIC,0.8845000000000001,0.72,1.02,NA,4038,42.0625,Schindler-Patalas,lake,2014,7,23.88396560060255,same_month_all_years
PRPO,PRPO.AOS.buoy.c0,2014-07-08,MAXSP,0.421,0.30000000000000004,0.48,NA,2692,11.523972602739727,tow net,lake,2014,7,23.88396560060255,same_month_all_years
PRPO,PRPO.AOS.littoral1,2014-07-08,MAXSP,0.4565,0.38,0.54,NA,3205,33.385416666666664,Schindler-Patalas,lake,2014,7,23.88396560060255,same_month_all_years
PRPO,PRPO.AOS.littoral2,2014-07-08,MAXSP,0.428,0.38,0.48,NA,962,10.020833333333334,Schindler-Patalas,lake,2014,7,23.88396560060255,same_month_all_years
PRPO,PRPO.AOS.buoy.c0,2014-07-08,MESEDA,0.8160000000000001,0.5800000000000001,1.22,NA,1667,7.136130136986302,tow net,lake,2014,7,23.88396560060255,same_month_all_years
PRPO,PRPO.AOS.littoral1,2014-07-08,MESEDA,0.815,0.56,1.24,NA,9487,98.82291666666669,Schindler-Patalas,lake,2014,7,23.88396560060255,same_month_all_years
PRPO,PRPO.AOS.littoral2,2014-07-08,MESEDA,0.7565,0.56,1.04,NA,1731,18.03125,Schindler-Patalas,lake,2014,7,23.88396560060255,same_month_all_years
PRPO,PRPO.AOS.buoy.c0,2014-07-08,POLSP20,0.06,0.06,0.06,0.048,1750,7.491438356164384,tow net,lake,2014,7,23.88396560060255,same_month_all_years
PRPO,PRPO.AOS.littoral1,2014-07-08,POLSP20,0.075,0.075,0.075,0.045,250,3.4722222222222223,Schindler-Patalas,lake,2014,7,23.88396560060255,same_month_all_years
PRPO,PRPO.AOS.buoy.c0,2014-07-08,POMSP5,0.086,0.075,0.09,0.062,11750,50.29965753424658,tow net,lake,2014,7,23.88396560060255,same_month_all_years
PRPO,PRPO.AOS.littoral1,2014-07-08,POMSP5,0.0925,0.087,0.0945,0.076,9750,101.5625,Schindler-Patalas,lake,2014,7,23.88396560060255,same_month_all_years
PRPO,PRPO.AOS.littoral2,2014-07-08,POMSP5,0.099,0.099,0.099,0.09,7750,80.72916666666667,Schindler-Patalas,lake,2014,7,23.88396560060255,same_month_all_years
PRPO,PRPO.AOS.buoy.c0,2014-07-08,TRISP31,0.102,0.102,0.102,0.045,500,2.1404109589041096,tow net,lake,2014,7,23.88396560060255,same_month_all_years
PRPO,PRPO.AOS.buoy.c0,2014-09-23,ACAVER,0.72,0.72,0.72,NA,64,0.1948249619482496,tow net,lake,2014,9,17.325981011701284,same_month_all_years
PRPO,PRPO.AOS.littoral1,2014-09-23,ACAVER,0.79,0.72,0.96,NA,32,1.3333333333333333,Schindler-Patalas,lake,2014,9,17.325981011701284,same_month_all_years
PRPO,PRPO.AOS.buoy.c0,2014-09-23,BOSLON,0.24,0.2,0.28,NA,13077,39.80821917808219,tow net,lake,2014,9,17.325981011701284,same_month_all_years
PRPO,PRPO.AOS.littoral1,2014-09-23,BOSLON,0.244,0.2,0.28,NA,1360,56.666666666666664,Schindler-Patalas,lake,2014,9,17.325981011701284,same_month_all_years
PRPO,PRPO.AOS.littoral2,2014-09-23,BOSLON,0.24,0.2,0.28,NA,704,29.333333333333332,Schindler-Patalas,lake,2014,9,17.325981011701284,same_month_all_years
PRPO,PRPO.AOS.buoy.c0,2014-09-23,BRAANG,0.13,0.12,0.14,0.102,2750,8.37138508371385,tow net,lake,2014,9,17.325981011701284,same_month_all_years
PRPO,PRPO.AOS.littoral1,2014-09-23,BRAANG,0.13,0.12,0.14,0.102,468,19.5,Schindler-Patalas,lake,2014,9,17.325981011701284,same_month_all_years
PRPO,PRPO.AOS.littoral2,2014-09-23,BRAANG,0.13,0.12,0.14,0.102,240,10,Schindler-Patalas,lake,2014,9,17.325981011701284,same_month_all_years
PRPO,PRPO.AOS.littoral1,2014-09-23,BRAHAV,0.09,0.075,0.105,0.068,72,3,Schindler-Patalas,lake,2014,9,17.325981011701284,same_month_all_years
PRPO,PRPO.AOS.littoral2,2014-09-23,BRAHAV,0.09,0.075,0.105,0.068,32,1.3333333333333333,Schindler-Patalas,lake,2014,9,17.325981011701284,same_month_all_years
PRPO,PRPO.AOS.buoy.c0,2014-09-23,CEPGIB,0.132,0.132,0.132,0.08,250,0.76103500761035,tow net,lake,2014,9,17.325981011701284,same_month_all_years
PRPO,PRPO.AOS.littoral2,2014-09-23,CEPGIB,0.148,0.148,0.148,0.08,32,1.3333333333333333,Schindler-Patalas,lake,2014,9,17.325981011701284,same_month_all_years
PRPO,PRPO.AOS.buoy.c0,2014-09-23,CERDUB,0.507,0.48,0.52,NA,192,0.5844748858447488,tow net,lake,2014,9,17.325981011701284,same_month_all_years
PRPO,PRPO.AOS.littoral1,2014-09-23,CERDUB,0.413,0.28,0.56,NA,24,1,Schindler-Patalas,lake,2014,9,17.325981011701284,same_month_all_years
PRPO,PRPO.AOS.littoral2,2014-09-23,CERDUB,0.5,0.48,0.52,NA,16,0.6666666666666666,Schindler-Patalas,lake,2014,9,17.325981011701284,same_month_all_years
PRPO,PRPO.AOS.buoy.c0,2014-09-23,DAPAMB,0.56,0.4,0.72,NA,128,0.3896499238964992,tow net,lake,2014,9,17.325981011701284,same_month_all_years
PRPO,PRPO.AOS.littoral1,2014-09-23,DAPAMB,0.8,0.76,0.8,NA,8,0.3333333333333333,Schindler-Patalas,lake,2014,9,17.325981011701284,same_month_all_years
PRPO,PRPO.AOS.littoral2,2014-09-23,DAPAMB,0.36,0.36,0.36,NA,8,0.3333333333333333,Schindler-Patalas,lake,2014,9,17.325981011701284,same_month_all_years
PRPO,PRPO.AOS.buoy.c0,2014-09-23,DIABIR,0.602,0.48,0.8,NA,1154,3.512937595129376,tow net,lake,2014,9,17.325981011701284,same_month_all_years
PRPO,PRPO.AOS.littoral2,2014-09-23,DIABIR,0.6,0.4,0.88,NA,80,3.3333333333333335,Schindler-Patalas,lake,2014,9,17.325981011701284,same_month_all_years
PRPO,PRPO.AOS.buoy.c0,2014-09-23,FILSP1,0.09,0.09,0.09,0.1,1000,3.0441400304414,tow net,lake,2014,9,17.325981011701284,same_month_all_years
PRPO,PRPO.AOS.littoral1,2014-09-23,FILSP1,0.09,0.09,0.09,0.1,36,1.5,Schindler-Patalas,lake,2014,9,17.325981011701284,same_month_all_years
PRPO,PRPO.AOS.littoral2,2014-09-23,FILSP1,0.09,0.09,0.09,0.1,40,1.6666666666666667,Schindler-Patalas,lake,2014,9,17.325981011701284,same_month_all_years
PRPO,PRPO.AOS.buoy.c0,2014-09-23,KERCOC,0.1,0.1,0.1,0.06,1875,5.707762557077626,tow net,lake,2014,9,17.325981011701284,same_month_all_years
PRPO,PRPO.AOS.littoral1,2014-09-23,KERCOC,0.106,0.092,0.12,0.07,36,1.5,Schindler-Patalas,lake,2014,9,17.325981011701284,same_month_all_years
PRPO,PRPO.AOS.littoral2,2014-09-23,KERCOC,0.1,0.1,0.1,0.06,16,0.6666666666666666,Schindler-Patalas,lake,2014,9,17.325981011701284,same_month_all_years
PRPO,PRPO.AOS.littoral2,2014-09-23,LECLUN,0.14,0.14,0.14,0.12,8,0.3333333333333333,Schindler-Patalas,lake,2014,9,17.325981011701284,same_month_all_years
PRPO,PRPO.AOS.buoy.c0,2014-09-23,LEPSIC,0.896,0.84,1,NA,12885,39.22374429223744,tow net,lake,2014,9,17.325981011701284,same_month_all_years
PRPO,PRPO.AOS.littoral1,2014-09-23,LEPSIC,0.858,0.72,1.04,NA,416,17.333333333333332,Schindler-Patalas,lake,2014,9,17.325981011701284,same_month_all_years
PRPO,PRPO.AOS.littoral2,2014-09-23,LEPSIC,0.88,0.8,1,NA,896,37.333333333333336,Schindler-Patalas,lake,2014,9,17.325981011701284,same_month_all_years
PRPO,PRPO.AOS.buoy.c0,2014-09-23,MAXSP,0.5,0.4,0.6,NA,4551,13.853881278538813,tow net,lake,2014,9,17.325981011701284,same_month_all_years
PRPO,PRPO.AOS.littoral1,2014-09-23,MAXSP,0.452,0.28,0.6,NA,320,13.333333333333334,Schindler-Patalas,lake,2014,9,17.325981011701284,same_month_all_years
PRPO,PRPO.AOS.littoral2,2014-09-23,MAXSP,0.49,0.36,0.6,NA,512,21.333333333333332,Schindler-Patalas,lake,2014,9,17.325981011701284,same_month_all_years
PRPO,PRPO.AOS.buoy.c0,2014-09-23,MESEDA,0.732,0.6,1.08,NA,705,2.146118721461187,tow net,lake,2014,9,17.325981011701284,same_month_all_years
PRPO,PRPO.AOS.littoral1,2014-09-23,MESEDA,0.81,0.76,0.84,NA,32,1.3333333333333333,Schindler-Patalas,lake,2014,9,17.325981011701284,same_month_all_years
PRPO,PRPO.AOS.littoral2,2014-09-23,MESEDA,1,0.72,1.075,NA,16,0.6666666666666666,Schindler-Patalas,lake,2014,9,17.325981011701284,same_month_all_years
PRPO,PRPO.AOS.buoy.c0,2014-09-23,POLSP20,0.112,0.112,0.112,0.06,16500,50.22831050228311,tow net,lake,2014,9,17.325981011701284,same_month_all_years
PRPO,PRPO.AOS.littoral1,2014-09-23,POLSP20,0.112,0.112,0.112,0.06,2784,116,Schindler-Patalas,lake,2014,9,17.325981011701284,same_month_all_years
PRPO,PRPO.AOS.littoral2,2014-09-23,POLSP20,0.12,0.12,0.12,0.08,384,16,Schindler-Patalas,lake,2014,9,17.325981011701284,same_month_all_years
PRPO,PRPO.AOS.buoy.c0,2014-09-23,POMSP5,0.14,0.14,0.14,0.1,1000,3.0441400304414,tow net,lake,2014,9,17.325981011701284,same_month_all_years
PRPO,PRPO.AOS.buoy.c0,2017-04-27,BRAANG,0.15,0.15,0.15,NA,13,0.5416666666666666,Schindler-Patalas,lake,2017,4,9.668430481201858,same_month_all_years
PRPO,PRPO.AOS.littoral1,2017-04-27,BRAANG,0.083,0.015,0.15,NA,22,0.9166666666666666,Schindler-Patalas,lake,2017,4,9.668430481201858,same_month_all_years
PRPO,PRPO.AOS.littoral2,2017-04-27,BRAANG,0.15,0.15,0.15,NA,12,0.5,Schindler-Patalas,lake,2017,4,9.668430481201858,same_month_all_years
PRPO,PRPO.AOS.buoy.c0,2017-04-27,CYCSP,0.756,0.4,1.1,NA,212,8.833333333333334,Schindler-Patalas,lake,2017,4,9.668430481201858,same_month_all_years
PRPO,PRPO.AOS.littoral1,2017-04-27,CYCSP,0.704,0.4,1.125,NA,280,11.666666666666666,Schindler-Patalas,lake,2017,4,9.668430481201858,same_month_all_years
PRPO,PRPO.AOS.littoral2,2017-04-27,CYCSP,0.828,0.6,1.075,NA,397,16.541666666666668,Schindler-Patalas,lake,2017,4,9.668430481201858,same_month_all_years
PRPO,PRPO.AOS.buoy.c0,2017-04-27,DIATHO,1.092,0.9,1.325,NA,172,7.166666666666667,Schindler-Patalas,lake,2017,4,9.668430481201858,same_month_all_years
PRPO,PRPO.AOS.littoral1,2017-04-27,DIATHO,1.148,0.9,1.325,NA,246,10.25,Schindler-Patalas,lake,2017,4,9.668430481201858,same_month_all_years
PRPO,PRPO.AOS.littoral2,2017-04-27,DIATHO,1.138,0.95,1.325,NA,361,15.041666666666666,Schindler-Patalas,lake,2017,4,9.668430481201858,same_month_all_years
PRPO,PRPO.AOS.buoy.c0,2017-04-27,KERCOC,0.125,0.125,0.125,NA,1934,80.58333333333333,Schindler-Patalas,lake,2017,4,9.668430481201858,same_month_all_years
PRPO,PRPO.AOS.littoral1,2017-04-27,KERCOC,0.129,0.125,0.15,NA,1723,71.79166666666667,Schindler-Patalas,lake,2017,4,9.668430481201858,same_month_all_years
PRPO,PRPO.AOS.littoral2,2017-04-27,KERCOC,0.125,0.125,0.125,NA,1961,81.70833333333333,Schindler-Patalas,lake,2017,4,9.668430481201858,same_month_all_years
PRPO,PRPO.AOS.littoral2,2017-04-27,KERCRA,NA,NA,NA,NA,12,0.5,Schindler-Patalas,lake,2017,4,9.668430481201858,same_month_all_years
PRPO,PRPO.AOS.buoy.c0,2017-04-27,KERQUA,0.145,0.125,0.15,NA,1166,48.583333333333336,Schindler-Patalas,lake,2017,4,9.668430481201858,same_month_all_years
PRPO,PRPO.AOS.littoral1,2017-04-27,KERQUA,0.146,0.125,0.15,NA,984,41,Schindler-Patalas,lake,2017,4,9.668430481201858,same_month_all_years
PRPO,PRPO.AOS.littoral2,2017-04-27,KERQUA,0.145,0.125,0.15,NA,1155,48.125,Schindler-Patalas,lake,2017,4,9.668430481201858,same_month_all_years
PRPO,PRPO.AOS.buoy.c0,2017-04-27,KERSP,0.1,0.1,0.1,NA,93,3.875,Schindler-Patalas,lake,2017,4,9.668430481201858,same_month_all_years
PRPO,PRPO.AOS.littoral1,2017-04-27,KERSP,0.1,0.1,0.1,NA,145,6.041666666666667,Schindler-Patalas,lake,2017,4,9.668430481201858,same_month_all_years
PRPO,PRPO.AOS.littoral2,2017-04-27,KERSP,0.1,0.1,0.1,NA,120,5,Schindler-Patalas,lake,2017,4,9.668430481201858,same_month_all_years
PRPO,PRPO.AOS.buoy.c0,2017-04-27,LEPSIC,1.135,1,1.25,NA,278,11.583333333333334,Schindler-Patalas,lake,2017,4,9.668430481201858,same_month_all_years
PRPO,PRPO.AOS.littoral1,2017-04-27,LEPSIC,1.098,0.95,1.175,NA,425,17.708333333333332,Schindler-Patalas,lake,2017,4,9.668430481201858,same_month_all_years
PRPO,PRPO.AOS.littoral2,2017-04-27,LEPSIC,1.134,1,1.25,NA,590,24.583333333333332,Schindler-Patalas,lake,2017,4,9.668430481201858,same_month_all_years
PRPO,PRPO.AOS.buoy.c0,2017-04-27,NOTSQU,0.125,0.125,0.125,NA,93,3.875,Schindler-Patalas,lake,2017,4,9.668430481201858,same_month_all_years
PRPO,PRPO.AOS.littoral1,2017-04-27,NOTSQU,0.013,0.013,0.013,NA,11,0.4583333333333333,Schindler-Patalas,lake,2017,4,9.668430481201858,same_month_all_years
PRPO,PRPO.AOS.littoral2,2017-04-27,NOTSQU,0.125,0.125,0.125,NA,60,2.5,Schindler-Patalas,lake,2017,4,9.668430481201858,same_month_all_years
PRPO,PRPO.AOS.buoy.c0,2017-07-17,ACASP20,0.93,0.93,0.93,NA,453,12.583333333333334,Schindler-Patalas,lake,2017,7,23.88396560060255,same_month_all_years
PRPO,PRPO.AOS.littoral2,2017-07-17,ACASP20,0.73,0.73,0.73,NA,260,10.833333333333334,Schindler-Patalas,lake,2017,7,23.88396560060255,same_month_all_years
PRPO,PRPO.AOS.buoy.c0,2017-07-17,AMPSP1,1,1,1,NA,2718,75.5,Schindler-Patalas,lake,2017,7,23.88396560060255,same_month_all_years
PRPO,PRPO.AOS.littoral2,2017-07-17,ASPBRI,0.45,0.45,0.45,NA,260,10.833333333333334,Schindler-Patalas,lake,2017,7,23.88396560060255,same_month_all_years
PRPO,PRPO.AOS.buoy.c0,2017-07-17,BOSLON,0.27,0.2,0.35,NA,9966,276.8333333333333,Schindler-Patalas,lake,2017,7,23.88396560060255,same_month_all_years
PRPO,PRPO.AOS.littoral1,2017-07-17,BOSLON,0.27,0.2,0.4,NA,3000,125,Schindler-Patalas,lake,2017,7,23.88396560060255,same_month_all_years
PRPO,PRPO.AOS.littoral2,2017-07-17,BOSLON,0.27,0.2,0.33,NA,3900,162.5,Schindler-Patalas,lake,2017,7,23.88396560060255,same_month_all_years
PRPO,PRPO.AOS.buoy.c0,2017-07-17,BRAANG,0.12,0.1,0.13,NA,10419,289.4166666666667,Schindler-Patalas,lake,2017,7,23.88396560060255,same_month_all_years
PRPO,PRPO.AOS.littoral1,2017-07-17,BRAANG,0.11,0.1,0.13,NA,11500,479.1666666666667,Schindler-Patalas,lake,2017,7,23.88396560060255,same_month_all_years
PRPO,PRPO.AOS.littoral2,2017-07-17,BRAANG,0.11,0.1,0.13,NA,13000,541.6666666666666,Schindler-Patalas,lake,2017,7,23.88396560060255,same_month_all_years
PRPO,PRPO.AOS.buoy.c0,2017-07-17,BRAHAV,0.11,0.1,0.13,NA,46206,1283.5,Schindler-Patalas,lake,2017,7,23.88396560060255,same_month_all_years
PRPO,PRPO.AOS.littoral1,2017-07-17,BRAHAV,0.12,0.1,0.13,NA,42000,1750,Schindler-Patalas,lake,2017,7,23.88396560060255,same_month_all_years
PRPO,PRPO.AOS.littoral2,2017-07-17,BRAHAV,0.11,0.1,0.13,NA,41080,1711.6666666666667,Schindler-Patalas,lake,2017,7,23.88396560060255,same_month_all_years
PRPO,PRPO.AOS.buoy.c0,2017-07-17,CALSP1,0.79,0.7,0.85,NA,1812,50.333333333333336,Schindler-Patalas,lake,2017,7,23.88396560060255,same_month_all_years
PRPO,PRPO.AOS.littoral1,2017-07-17,CALSP1,0.82,0.75,0.88,NA,2000,83.33333333333333,Schindler-Patalas,lake,2017,7,23.88396560060255,same_month_all_years
PRPO,PRPO.AOS.littoral2,2017-07-17,CALSP1,0.75,0.68,0.83,NA,1820,75.83333333333333,Schindler-Patalas,lake,2017,7,23.88396560060255,same_month_all_years
PRPO,PRPO.AOS.buoy.c0,2017-07-17,CYCSP,0.61,0.45,0.75,NA,3624,100.66666666666669,Schindler-Patalas,lake,2017,7,23.88396560060255,same_month_all_years
PRPO,PRPO.AOS.littoral1,2017-07-17,CYCSP,0.57,0.38,0.7,NA,1500,62.5,Schindler-Patalas,lake,2017,7,23.88396560060255,same_month_all_years
PRPO,PRPO.AOS.littoral2,2017-07-17,CYCSP,0.6,0.3,0.93,NA,2860,119.16666666666669,Schindler-Patalas,lake,2017,7,23.88396560060255,same_month_all_years
PRPO,PRPO.AOS.buoy.c0,2017-07-17,DAPPUL1,0.98,0.5,1.7,NA,4983,138.41666666666666,Schindler-Patalas,lake,2017,7,23.88396560060255,same_month_all_years
PRPO,PRPO.AOS.littoral1,2017-07-17,DAPPUL1,0.89,0.65,1.43,NA,2000,83.33333333333333,Schindler-Patalas,lake,2017,7,23.88396560060255,same_month_all_years
PRPO,PRPO.AOS.littoral2,2017-07-17,DIASP10,1.14,0.6,1.75,NA,4680,195,Schindler-Patalas,lake,2017,7,23.88396560060255,same_month_all_years
PRPO,PRPO.AOS.buoy.c0,2017-07-17,DIATHO,1,1,1,NA,453,12.583333333333334,Schindler-Patalas,lake,2017,7,23.88396560060255,same_month_all_years
PRPO,PRPO.AOS.buoy.c0,2017-07-17,FILLON,0.14,0.13,0.15,0.07,3171,88.08333333333333,Schindler-Patalas,lake,2017,7,23.88396560060255,same_month_all_years
PRPO,PRPO.AOS.littoral1,2017-07-17,FILLON,0.13,0.13,0.15,0.05,5500,229.16666666666663,Schindler-Patalas,lake,2017,7,23.88396560060255,same_month_all_years
PRPO,PRPO.AOS.littoral2,2017-07-17,FILLON,0.14,0.13,0.15,0.06,3640,151.66666666666666,Schindler-Patalas,lake,2017,7,23.88396560060255,same_month_all_years
PRPO,PRPO.AOS.buoy.c0,2017-07-17,KERCOC,0.13,0.1,0.15,NA,10872,302,Schindler-Patalas,lake,2017,7,23.88396560060255,same_month_all_years
PRPO,PRPO.AOS.littoral1,2017-07-17,KERCOC,0.13,0.1,0.18,NA,4250,177.08333333333334,Schindler-Patalas,lake,2017,7,23.88396560060255,same_month_all_years
PRPO,PRPO.AOS.littoral2,2017-07-17,KERCOC,0.13,0.1,0.15,NA,10400,433.3333333333333,Schindler-Patalas,lake,2017,7,23.88396560060255,same_month_all_years
PRPO,PRPO.AOS.buoy.c0,2017-07-17,LEPSIC,0.99,0.9,1.1,NA,2718,75.5,Schindler-Patalas,lake,2017,7,23.88396560060255,same_month_all_years
PRPO,PRPO.AOS.littoral1,2017-07-17,LEPSIC,0.96,0.75,1.05,NA,1250,52.083333333333336,Schindler-Patalas,lake,2017,7,23.88396560060255,same_month_all_years
PRPO,PRPO.AOS.littoral2,2017-07-17,LEPSIC,0.93,0.83,1,NA,1300,54.166666666666664,Schindler-Patalas,lake,2017,7,23.88396560060255,same_month_all_years
PRPO,PRPO.AOS.buoy.c0,2017-07-17,MESEDA,1.33,1.33,1.33,NA,453,12.583333333333334,Schindler-Patalas,lake,2017,7,23.88396560060255,same_month_all_years
PRPO,PRPO.AOS.buoy.c0,2017-09-18,ACASP20,0.72,0.7,0.75,NA,63,1.75,Schindler-Patalas,lake,2017,9,17.325981011701284,same_month_all_years
PRPO,PRPO.AOS.littoral1,2017-09-18,ACASP20,0.77,0.68,0.95,NA,63,2.625,Schindler-Patalas,lake,2017,9,17.325981011701284,same_month_all_years
PRPO,PRPO.AOS.littoral2,2017-09-18,ACASP20,0.75,0.68,0.9,NA,200,8.333333333333334,Schindler-Patalas,lake,2017,9,17.325981011701284,same_month_all_years
PRPO,PRPO.AOS.littoral1,2017-09-18,AMPSP1,5.68,5.68,5.68,NA,4,0.16666666666666666,Schindler-Patalas,lake,2017,9,17.325981011701284,same_month_all_years
PRPO,PRPO.AOS.littoral2,2017-09-18,AMPSP1,NA,NA,NA,NA,25,1.0416666666666667,Schindler-Patalas,lake,2017,9,17.325981011701284,same_month_all_years
PRPO,PRPO.AOS.buoy.c0,2017-09-18,BOSLON,0.27,0.2,0.35,NA,1485,41.25,Schindler-Patalas,lake,2017,9,17.325981011701284,same_month_all_years
PRPO,PRPO.AOS.littoral1,2017-09-18,BOSLON,0.3,0.23,0.38,NA,371,15.458333333333334,Schindler-Patalas,lake,2017,9,17.325981011701284,same_month_all_years
PRPO,PRPO.AOS.littoral2,2017-09-18,BOSLON,0.31,0.2,0.4,NA,1000,41.666666666666664,Schindler-Patalas,lake,2017,9,17.325981011701284,same_month_all_years
PRPO,PRPO.AOS.buoy.c0,2017-09-18,BRAANG,0.12,0.1,0.13,NA,272,7.555555555555555,Schindler-Patalas,lake,2017,9,17.325981011701284,same_month_all_years
PRPO,PRPO.AOS.littoral1,2017-09-18,BRAANG,0.13,0.13,0.13,NA,50,2.0833333333333335,Schindler-Patalas,lake,2017,9,17.325981011701284,same_month_all_years
PRPO,PRPO.AOS.littoral2,2017-09-18,BRAANG,0.11,0.1,0.13,NA,325,13.541666666666666,Schindler-Patalas,lake,2017,9,17.325981011701284,same_month_all_years
PRPO,PRPO.AOS.littoral1,2017-09-18,BRAHAV,0.13,0.13,0.13,NA,4,0.16666666666666666,Schindler-Patalas,lake,2017,9,17.325981011701284,same_month_all_years
PRPO,PRPO.AOS.buoy.c0,2017-09-18,CALSP1,0.69,0.38,0.95,NA,209,5.805555555555555,Schindler-Patalas,lake,2017,9,17.325981011701284,same_month_all_years
PRPO,PRPO.AOS.littoral1,2017-09-18,CALSP1,0.54,0.35,0.83,NA,21,0.875,Schindler-Patalas,lake,2017,9,17.325981011701284,same_month_all_years
PRPO,PRPO.AOS.littoral2,2017-09-18,CALSP1,0.69,0.33,0.95,NA,175,7.291666666666667,Schindler-Patalas,lake,2017,9,17.325981011701284,same_month_all_years
PRPO,PRPO.AOS.buoy.c0,2017-09-18,CYCSP,0.59,0.33,0.85,NA,523,14.52777777777778,Schindler-Patalas,lake,2017,9,17.325981011701284,same_month_all_years
PRPO,PRPO.AOS.littoral1,2017-09-18,CYCSP,0.52,0.35,0.75,NA,88,3.6666666666666665,Schindler-Patalas,lake,2017,9,17.325981011701284,same_month_all_years
PRPO,PRPO.AOS.littoral2,2017-09-18,CYCSP,0.65,0.43,0.95,NA,875,36.458333333333336,Schindler-Patalas,lake,2017,9,17.325981011701284,same_month_all_years
PRPO,PRPO.AOS.buoy.c0,2017-09-18,DAPPUL1,0.53,0.48,0.58,NA,63,1.75,Schindler-Patalas,lake,2017,9,17.325981011701284,same_month_all_years
PRPO,PRPO.AOS.littoral1,2017-09-18,DAPPUL1,1.12,0.93,1.55,NA,33,1.375,Schindler-Patalas,lake,2017,9,17.325981011701284,same_month_all_years
PRPO,PRPO.AOS.buoy.c0,2017-09-18,DAPSP1,1.07,0.95,1.25,NA,42,1.1666666666666667,Schindler-Patalas,lake,2017,9,17.325981011701284,same_month_all_years
PRPO,PRPO.AOS.buoy.c0,2017-09-18,DIASP10,0.8,0.8,0.8,NA,21,0.5833333333333334,Schindler-Patalas,lake,2017,9,17.325981011701284,same_month_all_years
PRPO,PRPO.AOS.littoral1,2017-09-18,DIASP10,0.87,0.68,1.2,NA,21,0.875,Schindler-Patalas,lake,2017,9,17.325981011701284,same_month_all_years
PRPO,PRPO.AOS.buoy.c0,2017-09-18,DIATHO,0.88,0.88,0.88,NA,21,0.5833333333333334,Schindler-Patalas,lake,2017,9,17.325981011701284,same_month_all_years
PRPO,PRPO.AOS.littoral1,2017-09-18,DIATHO,0.94,0.93,0.95,NA,8,0.3333333333333333,Schindler-Patalas,lake,2017,9,17.325981011701284,same_month_all_years
PRPO,PRPO.AOS.littoral2,2017-09-18,DIATHO,0.85,0.75,1,NA,475,19.791666666666668,Schindler-Patalas,lake,2017,9,17.325981011701284,same_month_all_years
PRPO,PRPO.AOS.buoy.c0,2017-09-18,KERCOC,0.13,0.13,0.13,NA,606,16.833333333333332,Schindler-Patalas,lake,2017,9,17.325981011701284,same_month_all_years
PRPO,PRPO.AOS.littoral1,2017-09-18,KERCOC,0.13,0.13,0.13,NA,29,1.2083333333333333,Schindler-Patalas,lake,2017,9,17.325981011701284,same_month_all_years
PRPO,PRPO.AOS.littoral2,2017-09-18,KERCOC,0.12,0.1,0.13,NA,250,10.416666666666666,Schindler-Patalas,lake,2017,9,17.325981011701284,same_month_all_years
PRPO,PRPO.AOS.buoy.c0,2017-09-18,KERQUA,0.1,0.1,0.1,NA,42,1.1666666666666667,Schindler-Patalas,lake,2017,9,17.325981011701284,same_month_all_years
PRPO,PRPO.AOS.littoral1,2017-09-18,KERQUA,0.1,0.1,0.1,NA,17,0.7083333333333334,Schindler-Patalas,lake,2017,9,17.325981011701284,same_month_all_years
PRPO,PRPO.AOS.buoy.c0,2017-09-18,KERSP,0.13,0.1,0.15,NA,84,2.3333333333333335,Schindler-Patalas,lake,2017,9,17.325981011701284,same_month_all_years
PRPO,PRPO.AOS.littoral1,2017-09-18,KERSP,0.13,0.13,0.15,NA,4,0.16666666666666666,Schindler-Patalas,lake,2017,9,17.325981011701284,same_month_all_years
PRPO,PRPO.AOS.buoy.c0,2017-09-18,KERTAU,0.15,0.15,0.18,NA,146,4.055555555555555,Schindler-Patalas,lake,2017,9,17.325981011701284,same_month_all_years
PRPO,PRPO.AOS.littoral2,2017-09-18,KERTAU,0.16,0.15,0.18,NA,75,3.125,Schindler-Patalas,lake,2017,9,17.325981011701284,same_month_all_years
PRPO,PRPO.AOS.buoy.c0,2017-09-18,KERTES,0.13,0.13,0.13,NA,21,0.5833333333333334,Schindler-Patalas,lake,2017,9,17.325981011701284,same_month_all_years
PRPO,PRPO.AOS.buoy.c0,2017-09-18,LEPSIC,1.19,0.88,1.35,NA,355,9.86111111111111,Schindler-Patalas,lake,2017,9,17.325981011701284,same_month_all_years
PRPO,PRPO.AOS.littoral1,2017-09-18,LEPSIC,1.15,0.95,1.35,NA,96,4,Schindler-Patalas,lake,2017,9,17.325981011701284,same_month_all_years
PRPO,PRPO.AOS.littoral2,2017-09-18,LEPSIC,1.19,1,1.4,NA,450,18.75,Schindler-Patalas,lake,2017,9,17.325981011701284,same_month_all_years
PRPO,PRPO.AOS.buoy.c0,2017-09-18,MESEDA,0.89,0.75,1.1,NA,418,11.61111111111111,Schindler-Patalas,lake,2017,9,17.325981011701284,same_month_all_years
PRPO,PRPO.AOS.littoral1,2017-09-18,MESEDA,0.86,0.83,0.9,NA,8,0.3333333333333333,Schindler-Patalas,lake,2017,9,17.325981011701284,same_month_all_years
PRPO,PRPO.AOS.littoral2,2017-09-18,MESEDA,1.05,0.8,1.45,NA,750,31.25,Schindler-Patalas,lake,2017,9,17.325981011701284,same_month_all_years
PRPO,PRPO.AOS.buoy.c0,2017-09-18,NOTSQU,0.13,0.13,0.13,NA,21,0.5833333333333334,Schindler-Patalas,lake,2017,9,17.325981011701284,same_month_all_years
PRPO,PRPO.AOS.littoral1,2017-09-18,NOTSQU,0.13,0.13,0.13,NA,4,0.16666666666666666,Schindler-Patalas,lake,2017,9,17.325981011701284,same_month_all_years
PRPO,PRPO.AOS.buoy.c0,2018-05-14,ASPBRI,0.4,0.4,0.4,NA,10,0.2777777777777778,Schindler-Patalas,lake,2018,5,22.466968641114953,exact_month_year
PRPO,PRPO.AOS.littoral1,2018-05-14,ASPBRI,0.5,0.5,0.5,NA,4,0.16666666666666666,Schindler-Patalas,lake,2018,5,22.466968641114953,exact_month_year
PRPO,PRPO.AOS.buoy.c0,2018-05-14,BDESP,NA,NA,NA,NA,20,0.5555555555555556,Schindler-Patalas,lake,2018,5,22.466968641114953,exact_month_year
PRPO,PRPO.AOS.littoral1,2018-05-14,BDESP,NA,NA,NA,NA,40,1.6666666666666667,Schindler-Patalas,lake,2018,5,22.466968641114953,exact_month_year
PRPO,PRPO.AOS.littoral2,2018-05-14,BDESP,NA,NA,NA,NA,20,0.8333333333333334,Schindler-Patalas,lake,2018,5,22.466968641114953,exact_month_year
PRPO,PRPO.AOS.buoy.c0,2018-05-14,BRAANG,0.11,0.08,0.13,NA,40,1.1111111111111112,Schindler-Patalas,lake,2018,5,22.466968641114953,exact_month_year
PRPO,PRPO.AOS.littoral1,2018-05-14,BRAANG,0.12,0.1,0.13,NA,22,0.9166666666666666,Schindler-Patalas,lake,2018,5,22.466968641114953,exact_month_year
PRPO,PRPO.AOS.buoy.c0,2018-05-14,CALSP1,0.4,0.4,0.4,NA,10,0.2777777777777778,Schindler-Patalas,lake,2018,5,22.466968641114953,exact_month_year
PRPO,PRPO.AOS.littoral1,2018-05-14,CALSP1,0.45,0.45,0.45,NA,7,0.2916666666666667,Schindler-Patalas,lake,2018,5,22.466968641114953,exact_month_year
PRPO,PRPO.AOS.buoy.c0,2018-05-14,CYCSP,0.45,0.38,0.55,NA,140,3.888888888888889,Schindler-Patalas,lake,2018,5,22.466968641114953,exact_month_year
PRPO,PRPO.AOS.littoral1,2018-05-14,CYCSP,0.44,0.38,0.55,NA,120,5,Schindler-Patalas,lake,2018,5,22.466968641114953,exact_month_year
PRPO,PRPO.AOS.littoral2,2018-05-14,CYCSP,0.52,0.35,0.75,NA,32,1.3333333333333333,Schindler-Patalas,lake,2018,5,22.466968641114953,exact_month_year
PRPO,PRPO.AOS.buoy.c0,2018-05-14,DIATHO,1.05,1.03,1.08,NA,20,0.5555555555555556,Schindler-Patalas,lake,2018,5,22.466968641114953,exact_month_year
PRPO,PRPO.AOS.littoral1,2018-05-14,DIATHO,1,1,1,NA,4,0.16666666666666666,Schindler-Patalas,lake,2018,5,22.466968641114953,exact_month_year
PRPO,PRPO.AOS.buoy.c0,2018-05-14,KERQUA,0.13,0.13,0.13,NA,60,1.6666666666666667,Schindler-Patalas,lake,2018,5,22.466968641114953,exact_month_year
PRPO,PRPO.AOS.littoral1,2018-05-14,KERQUA,0.13,0.13,0.13,NA,22,0.9166666666666666,Schindler-Patalas,lake,2018,5,22.466968641114953,exact_month_year
PRPO,PRPO.AOS.littoral2,2018-05-14,KERQUA,0.13,0.13,0.13,NA,8,0.3333333333333333,Schindler-Patalas,lake,2018,5,22.466968641114953,exact_month_year
PRPO,PRPO.AOS.littoral2,2018-05-14,KERSP,0.15,0.15,0.15,NA,4,0.16666666666666666,Schindler-Patalas,lake,2018,5,22.466968641114953,exact_month_year
PRPO,PRPO.AOS.buoy.c0,2018-05-14,KERTES,0.13,0.13,0.13,NA,1490,41.388888888888886,Schindler-Patalas,lake,2018,5,22.466968641114953,exact_month_year
PRPO,PRPO.AOS.littoral1,2018-05-14,KERTES,0.13,0.13,0.13,NA,527,21.958333333333332,Schindler-Patalas,lake,2018,5,22.466968641114953,exact_month_year
PRPO,PRPO.AOS.littoral2,2018-05-14,KERTES,0.12,0.1,0.13,NA,712,29.666666666666668,Schindler-Patalas,lake,2018,5,22.466968641114953,exact_month_year
PRPO,PRPO.AOS.littoral2,2018-05-14,LEPSIC,1.08,1.08,1.08,NA,4,0.16666666666666666,Schindler-Patalas,lake,2018,5,22.466968641114953,exact_month_year
PRPO,PRPO.AOS.littoral1,2018-05-14,NOTSQU,0.13,0.13,0.13,NA,7,0.2916666666666667,Schindler-Patalas,lake,2018,5,22.466968641114953,exact_month_year
PRPO,PRPO.AOS.littoral2,2018-05-14,NOTSQU,0.13,0.13,0.13,NA,16,0.6666666666666666,Schindler-Patalas,lake,2018,5,22.466968641114953,exact_month_year
PRPO,PRPO.AOS.littoral2,2018-07-16,ACASP20,0.74,0.73,0.75,NA,125,5.208333333333333,Schindler-Patalas,lake,2018,7,23.597331757716482,exact_month_year
PRPO,PRPO.AOS.buoy.c0,2018-07-16,BRAANG,0.1,0.1,0.1,NA,4920,136.66666666666666,Schindler-Patalas,lake,2018,7,23.597331757716482,exact_month_year
PRPO,PRPO.AOS.littoral1,2018-07-16,BRAANG,0.11,0.1,0.13,NA,1164,48.5,Schindler-Patalas,lake,2018,7,23.597331757716482,exact_month_year
PRPO,PRPO.AOS.littoral2,2018-07-16,BRAANG,0.11,0.1,0.13,NA,1563,65.125,Schindler-Patalas,lake,2018,7,23.597331757716482,exact_month_year
PRPO,PRPO.AOS.buoy.c0,2018-07-16,BRAHAV,0.21,0.2,0.23,NA,16400,455.55555555555554,Schindler-Patalas,lake,2018,7,23.597331757716482,exact_month_year
PRPO,PRPO.AOS.littoral1,2018-07-16,BRAHAV,0.1,0.1,0.1,NA,7534,313.9166666666667,Schindler-Patalas,lake,2018,7,23.597331757716482,exact_month_year
PRPO,PRPO.AOS.littoral2,2018-07-16,BRAHAV,0.1,0.1,0.1,NA,5250,218.75,Schindler-Patalas,lake,2018,7,23.597331757716482,exact_month_year
PRPO,PRPO.AOS.buoy.c0,2018-07-16,BRASP22,0.11,0.1,0.13,NA,273,7.583333333333333,Schindler-Patalas,lake,2018,7,23.597331757716482,exact_month_year
PRPO,PRPO.AOS.buoy.c0,2018-07-16,CALSP1,0.8,0.68,0.88,NA,1503,41.75,Schindler-Patalas,lake,2018,7,23.597331757716482,exact_month_year
PRPO,PRPO.AOS.littoral1,2018-07-16,CALSP1,0.75,0.65,0.83,NA,674,28.083333333333332,Schindler-Patalas,lake,2018,7,23.597331757716482,exact_month_year
PRPO,PRPO.AOS.littoral2,2018-07-16,CALSP1,0.78,0.75,0.88,NA,1750,72.91666666666667,Schindler-Patalas,lake,2018,7,23.597331757716482,exact_month_year
PRPO,PRPO.AOS.buoy.c0,2018-07-16,CERRET,0.3,0.3,0.3,NA,137,3.8055555555555554,Schindler-Patalas,lake,2018,7,23.597331757716482,exact_month_year
PRPO,PRPO.AOS.buoy.c0,2018-07-16,CERSP19,0.5,0.5,0.5,NA,137,3.8055555555555554,Schindler-Patalas,lake,2018,7,23.597331757716482,exact_month_year
PRPO,PRPO.AOS.buoy.c0,2018-07-16,CYCSP,0.75,0.75,0.75,NA,137,3.8055555555555554,Schindler-Patalas,lake,2018,7,23.597331757716482,exact_month_year
PRPO,PRPO.AOS.littoral1,2018-07-16,CYCSP,0.44,0.38,0.58,NA,245,10.208333333333334,Schindler-Patalas,lake,2018,7,23.597331757716482,exact_month_year
PRPO,PRPO.AOS.littoral2,2018-07-16,CYCSP,0.45,0.3,0.6,NA,125,5.208333333333333,Schindler-Patalas,lake,2018,7,23.597331757716482,exact_month_year
PRPO,PRPO.AOS.buoy.c0,2018-07-16,DIASP10,0.52,0.15,0.83,NA,4510,125.27777777777776,Schindler-Patalas,lake,2018,7,23.597331757716482,exact_month_year
PRPO,PRPO.AOS.littoral1,2018-07-16,DIASP10,0.65,0.3,0.95,NA,1041,43.375,Schindler-Patalas,lake,2018,7,23.597331757716482,exact_month_year
PRPO,PRPO.AOS.littoral2,2018-07-16,DIASP10,0.57,0.35,0.85,NA,2875,119.79166666666669,Schindler-Patalas,lake,2018,7,23.597331757716482,exact_month_year
PRPO,PRPO.AOS.buoy.c0,2018-07-16,FILLON,0.13,0.13,0.13,0.05,547,15.194444444444445,Schindler-Patalas,lake,2018,7,23.597331757716482,exact_month_year
PRPO,PRPO.AOS.littoral1,2018-07-16,FILLON,0.1,0.1,0.1,0.05,61,2.5416666666666665,Schindler-Patalas,lake,2018,7,23.597331757716482,exact_month_year
PRPO,PRPO.AOS.littoral2,2018-07-16,FILLON,0.12,0.1,0.13,0.05,188,7.833333333333333,Schindler-Patalas,lake,2018,7,23.597331757716482,exact_month_year
PRPO,PRPO.AOS.littoral1,2018-07-16,KERQUA,0.13,0.13,0.13,NA,61,2.5416666666666665,Schindler-Patalas,lake,2018,7,23.597331757716482,exact_month_year
PRPO,PRPO.AOS.littoral2,2018-07-16,KERQUA,0.13,0.13,0.13,NA,188,7.833333333333333,Schindler-Patalas,lake,2018,7,23.597331757716482,exact_month_year
PRPO,PRPO.AOS.buoy.c0,2018-07-16,KERSP,0.08,0.08,0.1,NA,820,22.77777777777778,Schindler-Patalas,lake,2018,7,23.597331757716482,exact_month_year
PRPO,PRPO.AOS.littoral1,2018-07-16,KERSP,0.08,0.08,0.08,NA,123,5.125,Schindler-Patalas,lake,2018,7,23.597331757716482,exact_month_year
PRPO,PRPO.AOS.littoral2,2018-07-16,KERSP,0.08,0.08,0.08,NA,250,10.416666666666666,Schindler-Patalas,lake,2018,7,23.597331757716482,exact_month_year
PRPO,PRPO.AOS.buoy.c0,2018-07-16,LEPSIC,0.93,0.88,1,NA,683,18.97222222222222,Schindler-Patalas,lake,2018,7,23.597331757716482,exact_month_year
PRPO,PRPO.AOS.littoral1,2018-07-16,LEPSIC,0.93,0.88,1,NA,796,33.166666666666664,Schindler-Patalas,lake,2018,7,23.597331757716482,exact_month_year
PRPO,PRPO.AOS.littoral2,2018-07-16,LEPSIC,0.94,0.85,1.05,NA,5313,221.375,Schindler-Patalas,lake,2018,7,23.597331757716482,exact_month_year
PRPO,PRPO.AOS.buoy.c0,2018-09-17,ASPBRI,0.53,0.53,0.53,NA,420,11.666666666666666,Schindler-Patalas,lake,2018,9,15.479236512505299,exact_month_year
PRPO,PRPO.AOS.buoy.c0,2018-09-17,BOSLON,0.29,0.25,0.38,NA,1260,35,Schindler-Patalas,lake,2018,9,15.479236512505299,exact_month_year
PRPO,PRPO.AOS.littoral2,2018-09-17,BOSLON,0.23,0.18,0.3,NA,1600,66.66666666666667,Schindler-Patalas,lake,2018,9,15.479236512505299,exact_month_year
PRPO,PRPO.AOS.buoy.c0,2018-09-17,BRACAU,0.13,0.13,0.13,NA,1260,35,Schindler-Patalas,lake,2018,9,15.479236512505299,exact_month_year
PRPO,PRPO.AOS.littoral1,2018-09-17,BRACAU,0.13,0.13,0.13,NA,600,25,Schindler-Patalas,lake,2018,9,15.479236512505299,exact_month_year
PRPO,PRPO.AOS.littoral2,2018-09-17,BRACAU,0.13,0.13,0.13,NA,1200,50,Schindler-Patalas,lake,2018,9,15.479236512505299,exact_month_year
PRPO,PRPO.AOS.buoy.c0,2018-09-17,BRAHAV,0.11,0.1,0.13,NA,840,23.333333333333332,Schindler-Patalas,lake,2018,9,15.479236512505299,exact_month_year
PRPO,PRPO.AOS.littoral1,2018-09-17,BRAHAV,0.13,0.13,0.13,NA,200,8.333333333333334,Schindler-Patalas,lake,2018,9,15.479236512505299,exact_month_year
PRPO,PRPO.AOS.buoy.c0,2018-09-17,CALSP1,0.69,0.6,0.78,NA,840,23.333333333333332,Schindler-Patalas,lake,2018,9,15.479236512505299,exact_month_year
PRPO,PRPO.AOS.littoral1,2018-09-17,CALSP1,0.91,0.9,0.93,NA,400,16.666666666666668,Schindler-Patalas,lake,2018,9,15.479236512505299,exact_month_year
PRPO,PRPO.AOS.buoy.c0,2018-09-17,CERSP19,0.43,0.43,0.43,NA,420,11.666666666666666,Schindler-Patalas,lake,2018,9,15.479236512505299,exact_month_year
PRPO,PRPO.AOS.littoral1,2018-09-17,CERSP19,0.38,0.38,0.38,NA,200,8.333333333333334,Schindler-Patalas,lake,2018,9,15.479236512505299,exact_month_year
PRPO,PRPO.AOS.buoy.c0,2018-09-17,CYCSP,0.43,0.43,0.43,NA,420,11.666666666666666,Schindler-Patalas,lake,2018,9,15.479236512505299,exact_month_year
PRPO,PRPO.AOS.littoral2,2018-09-17,CYCSP,0.95,0.95,0.95,NA,400,16.666666666666668,Schindler-Patalas,lake,2018,9,15.479236512505299,exact_month_year
PRPO,PRPO.AOS.buoy.c0,2018-09-17,FILLON,0.14,0.13,0.15,0.07,8400,233.33333333333337,Schindler-Patalas,lake,2018,9,15.479236512505299,exact_month_year
PRPO,PRPO.AOS.littoral1,2018-09-17,FILLON,0.14,0.13,0.15,0.07,5000,208.33333333333337,Schindler-Patalas,lake,2018,9,15.479236512505299,exact_month_year
PRPO,PRPO.AOS.littoral2,2018-09-17,FILLON,0.14,0.13,0.15,0.07,8800,366.6666666666667,Schindler-Patalas,lake,2018,9,15.479236512505299,exact_month_year
PRPO,PRPO.AOS.buoy.c0,2018-09-17,KERCOC,0.13,0.13,0.13,NA,840,23.333333333333332,Schindler-Patalas,lake,2018,9,15.479236512505299,exact_month_year
PRPO,PRPO.AOS.littoral1,2018-09-17,KERCOC,0.13,0.13,0.13,NA,600,25,Schindler-Patalas,lake,2018,9,15.479236512505299,exact_month_year
PRPO,PRPO.AOS.littoral2,2018-09-17,KERCOC,0.13,0.13,0.13,NA,400,16.666666666666668,Schindler-Patalas,lake,2018,9,15.479236512505299,exact_month_year
PRPO,PRPO.AOS.buoy.c0,2018-09-17,KERQUA,0.13,0.13,0.13,NA,98700,2741.6666666666665,Schindler-Patalas,lake,2018,9,15.479236512505299,exact_month_year
PRPO,PRPO.AOS.littoral1,2018-09-17,KERQUA,0.13,0.13,0.13,NA,60400,2516.6666666666665,Schindler-Patalas,lake,2018,9,15.479236512505299,exact_month_year
PRPO,PRPO.AOS.littoral2,2018-09-17,KERQUA,0.13,0.13,0.13,NA,81600,3400,Schindler-Patalas,lake,2018,9,15.479236512505299,exact_month_year
PRPO,PRPO.AOS.buoy.c0,2018-09-17,LEPSIC,0.96,0.93,1,NA,840,23.333333333333332,Schindler-Patalas,lake,2018,9,15.479236512505299,exact_month_year
PRPO,PRPO.AOS.littoral1,2018-09-17,LEPSIC,1.08,1,1.15,NA,400,16.666666666666668,Schindler-Patalas,lake,2018,9,15.479236512505299,exact_month_year
PRPO,PRPO.AOS.littoral2,2018-09-17,LEPSIC,1.04,1,1.08,NA,800,33.333333333333336,Schindler-Patalas,lake,2018,9,15.479236512505299,exact_month_year
PRPO,PRPO.AOS.buoy.c0,2019-04-30,ACASP20,1.416,1.321,1.511,NA,10,0.2777777777777778,Schindler-Patalas,lake,2019,4,9.668430481201858,same_month_all_years
PRPO,PRPO.AOS.littoral2,2019-04-30,ACAVER,1.143,1.135,1.151,NA,10,0.4166666666666667,Schindler-Patalas,lake,2019,4,9.668430481201858,same_month_all_years
PRPO,PRPO.AOS.buoy.c0,2019-04-30,CLASP,0.099,0.099,0.099,NA,5,0.1388888888888889,Schindler-Patalas,lake,2019,4,9.668430481201858,same_month_all_years
PRPO,PRPO.AOS.littoral2,2019-04-30,CYCSP,1.143,0.949,1.325,NA,20,0.8333333333333334,Schindler-Patalas,lake,2019,4,9.668430481201858,same_month_all_years
PRPO,PRPO.AOS.buoy.c0,2019-04-30,CYCSP1,0.665,0.125,1.205,NA,15,0.4166666666666667,Schindler-Patalas,lake,2019,4,9.668430481201858,same_month_all_years
PRPO,PRPO.AOS.buoy.c0,2019-04-30,KERQUA,0.15,0.141,0.158,0.094,60,1.6666666666666667,Schindler-Patalas,lake,2019,4,9.668430481201858,same_month_all_years
PRPO,PRPO.AOS.littoral1,2019-04-30,KERQUA,0.125,0.11,0.14,0.721,4,0.16666666666666666,Schindler-Patalas,lake,2019,4,9.668430481201858,same_month_all_years
PRPO,PRPO.AOS.littoral2,2019-04-30,KERQUA,0.148,0.148,0.148,0.056,40,1.6666666666666667,Schindler-Patalas,lake,2019,4,9.668430481201858,same_month_all_years
PRPO,PRPO.AOS.buoy.c0,2019-04-30,KERTEC,0.126,0.121,0.132,0.091,100,2.7777777777777777,Schindler-Patalas,lake,2019,4,9.668430481201858,same_month_all_years
PRPO,PRPO.AOS.littoral2,2019-04-30,KERTEC,0.122,0.122,0.122,0.088,45,1.875,Schindler-Patalas,lake,2019,4,9.668430481201858,same_month_all_years
PRPO,PRPO.AOS.buoy.c0,2019-04-30,KERTES,0.151,0.148,0.155,0.076,110,3.0555555555555554,Schindler-Patalas,lake,2019,4,9.668430481201858,same_month_all_years
PRPO,PRPO.AOS.littoral1,2019-04-30,KERTES,0.148,0.145,0.15,0.073,27,1.125,Schindler-Patalas,lake,2019,4,9.668430481201858,same_month_all_years
PRPO,PRPO.AOS.littoral2,2019-04-30,KERTES,0.137,0.135,0.139,0.085,30,1.25,Schindler-Patalas,lake,2019,4,9.668430481201858,same_month_all_years
PRPO,PRPO.AOS.littoral1,2019-04-30,NOTSP12,0.2,0.2,0.2,0.1,1,0.04166666666666666,Schindler-Patalas,lake,2019,4,9.668430481201858,same_month_all_years
PRPO,PRPO.AOS.buoy.c0,2019-04-30,NOTSQU,0.124,0.115,0.135,0.095,1055,29.305555555555557,Schindler-Patalas,lake,2019,4,9.668430481201858,same_month_all_years
PRPO,PRPO.AOS.littoral1,2019-04-30,NOTSQU,0.117,0.11,0.122,0.623,350,14.583333333333334,Schindler-Patalas,lake,2019,4,9.668430481201858,same_month_all_years
PRPO,PRPO.AOS.littoral2,2019-04-30,NOTSQU,0.122,0.118,0.125,0.366,615,25.625,Schindler-Patalas,lake,2019,4,9.668430481201858,same_month_all_years
PRPO,PRPO.AOS.buoy.c0,2019-04-30,POMSUL,0.125,0.118,0.135,0.07,375,10.416666666666666,Schindler-Patalas,lake,2019,4,9.668430481201858,same_month_all_years
PRPO,PRPO.AOS.littoral1,2019-04-30,POMSUL,0.118,0.115,0.122,0.319,31,1.2916666666666667,Schindler-Patalas,lake,2019,4,9.668430481201858,same_month_all_years
PRPO,PRPO.AOS.littoral2,2019-04-30,POMSUL,0.124,0.119,0.128,0.083,285,11.875,Schindler-Patalas,lake,2019,4,9.668430481201858,same_month_all_years
PRPO,PRPO.AOS.buoy.c0,2019-04-30,ROTSP,0.164,0.152,0.175,0.073,15,0.4166666666666667,Schindler-Patalas,lake,2019,4,9.668430481201858,same_month_all_years
PRPO,PRPO.AOS.littoral2,2019-04-30,ROTSP,0.148,0.148,0.148,0.078,35,1.4583333333333333,Schindler-Patalas,lake,2019,4,9.668430481201858,same_month_all_years
PRPO,PRPO.AOS.buoy.c0,2019-04-30,SYNSP8,0.121,0.115,0.125,0.084,885,24.583333333333332,Schindler-Patalas,lake,2019,4,9.668430481201858,same_month_all_years
PRPO,PRPO.AOS.littoral1,2019-04-30,SYNSP8,0.119,0.108,0.133,0.063,17,0.7083333333333334,Schindler-Patalas,lake,2019,4,9.668430481201858,same_month_all_years
PRPO,PRPO.AOS.littoral2,2019-04-30,SYNSP8,0.139,0.135,0.145,0.074,450,18.75,Schindler-Patalas,lake,2019,4,9.668430481201858,same_month_all_years
PRPO,PRPO.AOS.littoral1,2019-07-15,ACASP20,1.328,0.895,1.634,NA,100,4.166666666666667,Schindler-Patalas,lake,2019,7,24.518890436240866,exact_month_year
PRPO,PRPO.AOS.buoy.c0,2019-07-15,ACAVER,1.11,0.955,1.324,NA,618,17.166666666666668,Schindler-Patalas,lake,2019,7,24.518890436240866,exact_month_year
PRPO,PRPO.AOS.littoral1,2019-07-15,ACAVER,1.006,0.752,1.353,NA,325,13.541666666666666,Schindler-Patalas,lake,2019,7,24.518890436240866,exact_month_year
PRPO,PRPO.AOS.littoral2,2019-07-15,ACAVER,1.105,1.025,1.185,NA,213,8.875,Schindler-Patalas,lake,2019,7,24.518890436240866,exact_month_year
PRPO,PRPO.AOS.buoy.c0,2019-07-15,CALSP1,0.867,0.253,1.502,NA,2738,76.05555555555556,Schindler-Patalas,lake,2019,7,24.518890436240866,exact_month_year
PRPO,PRPO.AOS.littoral1,2019-07-15,CALSP1,1.025,0.915,1.135,NA,50,2.0833333333333335,Schindler-Patalas,lake,2019,7,24.518890436240866,exact_month_year
PRPO,PRPO.AOS.littoral2,2019-07-15,CALSP1,0.954,0.568,1.312,NA,638,26.583333333333332,Schindler-Patalas,lake,2019,7,24.518890436240866,exact_month_year
PRPO,PRPO.AOS.buoy.c0,2019-07-15,CEPSP5,0.175,0.175,0.175,0.105,177,4.916666666666667,Schindler-Patalas,lake,2019,7,24.518890436240866,exact_month_year
PRPO,PRPO.AOS.littoral1,2019-07-15,CEPSP5,0.224,0.215,0.232,0.126,125,5.208333333333333,Schindler-Patalas,lake,2019,7,24.518890436240866,exact_month_year
PRPO,PRPO.AOS.buoy.c0,2019-07-15,CERDUB,0.612,0.455,0.755,NA,265,7.361111111111111,Schindler-Patalas,lake,2019,7,24.518890436240866,exact_month_year
PRPO,PRPO.AOS.littoral1,2019-07-15,CERDUB,0.683,0.522,0.838,NA,275,11.458333333333334,Schindler-Patalas,lake,2019,7,24.518890436240866,exact_month_year
PRPO,PRPO.AOS.littoral2,2019-07-15,CERDUB,0.782,0.698,0.865,NA,213,8.875,Schindler-Patalas,lake,2019,7,24.518890436240866,exact_month_year
PRPO,PRPO.AOS.littoral1,2019-07-15,CERSP19,0.517,0.255,0.855,NA,850,35.416666666666664,Schindler-Patalas,lake,2019,7,24.518890436240866,exact_month_year
PRPO,PRPO.AOS.buoy.c0,2019-07-15,CYCSP,0.627,0.498,0.755,NA,795,22.083333333333332,Schindler-Patalas,lake,2019,7,24.518890436240866,exact_month_year
PRPO,PRPO.AOS.littoral1,2019-07-15,CYCSP,0.575,0.488,0.675,NA,1700,70.83333333333333,Schindler-Patalas,lake,2019,7,24.518890436240866,exact_month_year
PRPO,PRPO.AOS.littoral2,2019-07-15,CYCSP,0.92,0.856,0.983,NA,142,5.916666666666667,Schindler-Patalas,lake,2019,7,24.518890436240866,exact_month_year
PRPO,PRPO.AOS.buoy.c0,2019-07-15,DAPAMB,0.79,0.775,0.805,NA,707,19.63888888888889,Schindler-Patalas,lake,2019,7,24.518890436240866,exact_month_year
PRPO,PRPO.AOS.littoral1,2019-07-15,DAPAMB,0.943,0.85,1.025,NA,950,39.583333333333336,Schindler-Patalas,lake,2019,7,24.518890436240866,exact_month_year
PRPO,PRPO.AOS.littoral2,2019-07-15,DAPAMB,0.943,0.852,1.022,NA,567,23.625,Schindler-Patalas,lake,2019,7,24.518890436240866,exact_month_year
PRPO,PRPO.AOS.buoy.c0,2019-07-15,DAPPUL1,1.699,1.125,2.125,NA,18462,512.8333333333334,Schindler-Patalas,lake,2019,7,24.518890436240866,exact_month_year
PRPO,PRPO.AOS.littoral1,2019-07-15,DAPPUL1,1.747,1.211,2.111,NA,2000,83.33333333333333,Schindler-Patalas,lake,2019,7,24.518890436240866,exact_month_year
PRPO,PRPO.AOS.littoral2,2019-07-15,DAPPUL1,1.568,0.985,2.015,NA,19408,808.6666666666666,Schindler-Patalas,lake,2019,7,24.518890436240866,exact_month_year
PRPO,PRPO.AOS.littoral1,2019-07-15,EUCELE,1.025,1.025,1.025,NA,50,2.0833333333333335,Schindler-Patalas,lake,2019,7,24.518890436240866,exact_month_year
PRPO,PRPO.AOS.buoy.c0,2019-07-15,KERQUA,0.148,0.125,0.162,0.278,1767,49.083333333333336,Schindler-Patalas,lake,2019,7,24.518890436240866,exact_month_year
PRPO,PRPO.AOS.littoral1,2019-07-15,KERQUA,0.305,0.105,0.985,0.1,225,9.375,Schindler-Patalas,lake,2019,7,24.518890436240866,exact_month_year
PRPO,PRPO.AOS.buoy.c0,2019-07-15,LEPSIC,1.043,0.925,1.135,NA,1767,49.083333333333336,Schindler-Patalas,lake,2019,7,24.518890436240866,exact_month_year
PRPO,PRPO.AOS.littoral1,2019-07-15,LEPSIC,1.13,1.13,1.13,NA,25,1.0416666666666667,Schindler-Patalas,lake,2019,7,24.518890436240866,exact_month_year
PRPO,PRPO.AOS.littoral2,2019-07-15,LEPSIC,1.119,0.989,1.216,NA,567,23.625,Schindler-Patalas,lake,2019,7,24.518890436240866,exact_month_year
PRPO,PRPO.AOS.buoy.c0,2019-07-15,POMSUL,0.14,0.125,0.155,0.094,265,7.361111111111111,Schindler-Patalas,lake,2019,7,24.518890436240866,exact_month_year
PRPO,PRPO.AOS.littoral1,2019-07-15,POMSUL,0.141,0.139,0.142,0.079,50,2.0833333333333335,Schindler-Patalas,lake,2019,7,24.518890436240866,exact_month_year
PRPO,PRPO.AOS.buoy.c0,2019-09-19,CALSP1,1.089,0.978,1.236,NA,301,8.36111111111111,Schindler-Patalas,lake,2019,9,16.8218064267293,exact_month_year
PRPO,PRPO.AOS.littoral1,2019-09-19,CALSP1,1.059,1.005,1.113,NA,50,2.0833333333333335,Schindler-Patalas,lake,2019,9,16.8218064267293,exact_month_year
PRPO,PRPO.AOS.littoral2,2019-09-19,CALSP1,1.104,0.994,1.208,NA,275,11.458333333333334,Schindler-Patalas,lake,2019,9,16.8218064267293,exact_month_year
PRPO,PRPO.AOS.buoy.c0,2019-09-19,CEPSP5,0.175,0.175,0.175,0.125,29,0.8055555555555556,Schindler-Patalas,lake,2019,9,16.8218064267293,exact_month_year
PRPO,PRPO.AOS.buoy.c0,2019-09-19,CERDUB,0.862,0.621,1.005,NA,645,17.916666666666668,Schindler-Patalas,lake,2019,9,16.8218064267293,exact_month_year
PRPO,PRPO.AOS.littoral1,2019-09-19,CERDUB,0.863,0.801,0.922,NA,275,11.458333333333334,Schindler-Patalas,lake,2019,9,16.8218064267293,exact_month_year
PRPO,PRPO.AOS.littoral2,2019-09-19,CERDUB,0.779,0.605,0.934,NA,350,14.583333333333334,Schindler-Patalas,lake,2019,9,16.8218064267293,exact_month_year
PRPO,PRPO.AOS.buoy.c0,2019-09-19,CERSP19,0.446,0.394,0.508,NA,2365,65.69444444444444,Schindler-Patalas,lake,2019,9,16.8218064267293,exact_month_year
PRPO,PRPO.AOS.littoral1,2019-09-19,CERSP19,0.548,0.482,0.607,NA,925,38.541666666666664,Schindler-Patalas,lake,2019,9,16.8218064267293,exact_month_year
PRPO,PRPO.AOS.littoral2,2019-09-19,CERSP19,0.458,0.389,0.564,NA,225,9.375,Schindler-Patalas,lake,2019,9,16.8218064267293,exact_month_year
PRPO,PRPO.AOS.buoy.c0,2019-09-19,CLASP,0.452,0.406,0.498,NA,29,0.8055555555555556,Schindler-Patalas,lake,2019,9,16.8218064267293,exact_month_year
PRPO,PRPO.AOS.buoy.c0,2019-09-19,CYCSP,0.534,0.473,0.604,NA,57,1.5833333333333333,Schindler-Patalas,lake,2019,9,16.8218064267293,exact_month_year
PRPO,PRPO.AOS.littoral2,2019-09-19,CYCSP,0.775,0.775,0.775,NA,25,1.0416666666666667,Schindler-Patalas,lake,2019,9,16.8218064267293,exact_month_year
PRPO,PRPO.AOS.buoy.c0,2019-09-19,DAPAMB,0.889,0.889,0.889,NA,14,0.3888888888888889,Schindler-Patalas,lake,2019,9,16.8218064267293,exact_month_year
PRPO,PRPO.AOS.littoral1,2019-09-19,DAPAMB,0.988,0.988,0.988,NA,50,2.0833333333333335,Schindler-Patalas,lake,2019,9,16.8218064267293,exact_month_year
PRPO,PRPO.AOS.buoy.c0,2019-09-19,DAPPUL1,1.758,1.303,2.109,NA,2322,64.5,Schindler-Patalas,lake,2019,9,16.8218064267293,exact_month_year
PRPO,PRPO.AOS.littoral1,2019-09-19,DAPPUL1,2.004,1.506,2.498,NA,7200,300,Schindler-Patalas,lake,2019,9,16.8218064267293,exact_month_year
PRPO,PRPO.AOS.littoral2,2019-09-19,DAPPUL1,1.917,1.501,2.307,NA,8900,370.8333333333333,Schindler-Patalas,lake,2019,9,16.8218064267293,exact_month_year
PRPO,PRPO.AOS.buoy.c0,2019-09-19,DAPSP1,0.736,0.716,0.755,NA,72,2,Schindler-Patalas,lake,2019,9,16.8218064267293,exact_month_year
PRPO,PRPO.AOS.buoy.c0,2019-09-19,LEPSIC,0.997,0.987,1.006,NA,29,0.8055555555555556,Schindler-Patalas,lake,2019,9,16.8218064267293,exact_month_year
PRPO,PRPO.AOS.littoral2,2019-09-19,LEPSIC,1.106,1.106,1.106,NA,25,1.0416666666666667,Schindler-Patalas,lake,2019,9,16.8218064267293,exact_month_year
PRPO,PRPO.AOS.littoral2,2020-06-22,ACASP20,1.625,1.625,1.625,NA,13,0.5416666666666666,Schindler-Patalas,lake,2020,6,20.86754768828858,exact_month_year
PRPO,PRPO.AOS.buoy.c0,2020-06-22,CALSP1,0.813,0.689,1.022,NA,53,1.4722222222222223,Schindler-Patalas,lake,2020,6,20.86754768828858,exact_month_year
PRPO,PRPO.AOS.littoral1,2020-06-22,CALSP1,0.78,0.684,0.903,NA,47,1.9583333333333333,Schindler-Patalas,lake,2020,6,20.86754768828858,exact_month_year
PRPO,PRPO.AOS.littoral2,2020-06-22,CALSP1,0.8,0.795,0.805,NA,40,1.6666666666666667,Schindler-Patalas,lake,2020,6,20.86754768828858,exact_month_year
PRPO,PRPO.AOS.buoy.c0,2020-06-22,CEPSP5,0.246,0.24,0.251,0.157,33,0.9166666666666666,Schindler-Patalas,lake,2020,6,20.86754768828858,exact_month_year
PRPO,PRPO.AOS.littoral1,2020-06-22,CEPSP5,0.208,0.208,0.208,0.197,3,0.125,Schindler-Patalas,lake,2020,6,20.86754768828858,exact_month_year
PRPO,PRPO.AOS.littoral2,2020-06-22,CEPSP5,0.249,0.249,0.249,0.115,20,0.8333333333333334,Schindler-Patalas,lake,2020,6,20.86754768828858,exact_month_year
PRPO,PRPO.AOS.buoy.c0,2020-06-22,CERSP19,0.485,0.485,0.485,NA,20,0.5555555555555556,Schindler-Patalas,lake,2020,6,20.86754768828858,exact_month_year
PRPO,PRPO.AOS.littoral1,2020-06-22,CERSP19,0.506,0.495,0.517,NA,7,0.2916666666666667,Schindler-Patalas,lake,2020,6,20.86754768828858,exact_month_year
PRPO,PRPO.AOS.littoral2,2020-06-22,CERSP19,0.421,0.421,0.421,NA,7,0.2916666666666667,Schindler-Patalas,lake,2020,6,20.86754768828858,exact_month_year
PRPO,PRPO.AOS.buoy.c0,2020-06-22,CLASP,0.49,0.408,0.587,NA,160,4.444444444444445,Schindler-Patalas,lake,2020,6,20.86754768828858,exact_month_year
PRPO,PRPO.AOS.littoral1,2020-06-22,CLASP,0.406,0.285,0.527,NA,30,1.25,Schindler-Patalas,lake,2020,6,20.86754768828858,exact_month_year
PRPO,PRPO.AOS.buoy.c0,2020-06-22,CYCSP,0.589,0.589,0.589,NA,13,0.3611111111111111,Schindler-Patalas,lake,2020,6,20.86754768828858,exact_month_year
PRPO,PRPO.AOS.littoral1,2020-06-22,CYCSP,0.813,0.687,0.958,NA,37,1.5416666666666667,Schindler-Patalas,lake,2020,6,20.86754768828858,exact_month_year
PRPO,PRPO.AOS.littoral2,2020-06-22,CYCSP,0.781,0.689,0.895,NA,47,1.9583333333333333,Schindler-Patalas,lake,2020,6,20.86754768828858,exact_month_year
PRPO,PRPO.AOS.buoy.c0,2020-06-22,CYCSP1,0.952,0.804,1.059,NA,160,4.444444444444445,Schindler-Patalas,lake,2020,6,20.86754768828858,exact_month_year
PRPO,PRPO.AOS.littoral1,2020-06-22,CYCSP1,0.815,0.697,0.904,NA,90,3.75,Schindler-Patalas,lake,2020,6,20.86754768828858,exact_month_year
PRPO,PRPO.AOS.littoral2,2020-06-22,CYCSP1,1.122,1.098,1.157,NA,227,9.458333333333334,Schindler-Patalas,lake,2020,6,20.86754768828858,exact_month_year
PRPO,PRPO.AOS.buoy.c0,2020-06-22,DAPAMB,0.971,0.885,1.085,NA,167,4.638888888888889,Schindler-Patalas,lake,2020,6,20.86754768828858,exact_month_year
PRPO,PRPO.AOS.littoral1,2020-06-22,DAPAMB,0.857,0.768,0.927,NA,77,3.2083333333333335,Schindler-Patalas,lake,2020,6,20.86754768828858,exact_month_year
PRPO,PRPO.AOS.littoral2,2020-06-22,DAPAMB,0.863,0.799,0.925,NA,80,3.3333333333333335,Schindler-Patalas,lake,2020,6,20.86754768828858,exact_month_year
PRPO,PRPO.AOS.buoy.c0,2020-06-22,DAPPUL1,1.72,1.158,2.415,NA,980,27.22222222222222,Schindler-Patalas,lake,2020,6,20.86754768828858,exact_month_year
PRPO,PRPO.AOS.littoral1,2020-06-22,DAPPUL1,1.333,0.987,1.729,NA,410,17.083333333333332,Schindler-Patalas,lake,2020,6,20.86754768828858,exact_month_year
PRPO,PRPO.AOS.littoral2,2020-06-22,DAPPUL1,1.392,1.025,1.985,NA,693,28.875,Schindler-Patalas,lake,2020,6,20.86754768828858,exact_month_year
PRPO,PRPO.AOS.littoral1,2020-06-22,DAPSP1,0.902,0.806,0.997,NA,37,1.5416666666666667,Schindler-Patalas,lake,2020,6,20.86754768828858,exact_month_year
PRPO,PRPO.AOS.buoy.c0,2020-06-22,DIASP,1.581,1.444,1.702,NA,20,0.5555555555555556,Schindler-Patalas,lake,2020,6,20.86754768828858,exact_month_year
PRPO,PRPO.AOS.littoral1,2020-06-22,DIASP,1.31,1.289,1.335,NA,20,0.8333333333333334,Schindler-Patalas,lake,2020,6,20.86754768828858,exact_month_year
PRPO,PRPO.AOS.littoral2,2020-06-22,DIASP,1.385,1.385,1.385,NA,13,0.5416666666666666,Schindler-Patalas,lake,2020,6,20.86754768828858,exact_month_year
PRPO,PRPO.AOS.buoy.c0,2020-06-22,DIATHO,1.202,1.111,1.297,NA,133,3.6944444444444446,Schindler-Patalas,lake,2020,6,20.86754768828858,exact_month_year
PRPO,PRPO.AOS.littoral1,2020-06-22,DIATHO,1.218,1.186,1.25,NA,20,0.8333333333333334,Schindler-Patalas,lake,2020,6,20.86754768828858,exact_month_year
PRPO,PRPO.AOS.littoral2,2020-06-22,DIATHO,1.083,0.984,1.211,NA,127,5.291666666666667,Schindler-Patalas,lake,2020,6,20.86754768828858,exact_month_year
PRPO,PRPO.AOS.buoy.c0,2020-06-22,KERQUA,0.127,0.121,0.134,0.084,207,5.75,Schindler-Patalas,lake,2020,6,20.86754768828858,exact_month_year
PRPO,PRPO.AOS.littoral1,2020-06-22,KERQUA,0.11,0.108,0.112,0.1,43,1.7916666666666667,Schindler-Patalas,lake,2020,6,20.86754768828858,exact_month_year
PRPO,PRPO.AOS.littoral2,2020-06-22,KERQUA,0.117,0.109,0.121,0.104,207,8.625,Schindler-Patalas,lake,2020,6,20.86754768828858,exact_month_year
PRPO,PRPO.AOS.buoy.c0,2020-06-22,LEPSIC,1.248,1.189,1.307,NA,20,0.5555555555555556,Schindler-Patalas,lake,2020,6,20.86754768828858,exact_month_year
PRPO,PRPO.AOS.littoral1,2020-06-22,LEPSIC,1.352,1.289,1.432,NA,20,0.8333333333333334,Schindler-Patalas,lake,2020,6,20.86754768828858,exact_month_year
PRPO,PRPO.AOS.littoral2,2020-06-22,LEPSIC,1.324,1.324,1.324,NA,7,0.2916666666666667,Schindler-Patalas,lake,2020,6,20.86754768828858,exact_month_year
PRPO,PRPO.AOS.littoral1,2020-06-22,LEPSIC1,1.754,1.754,1.754,NA,7,0.2916666666666667,Schindler-Patalas,lake,2020,6,20.86754768828858,exact_month_year
PRPO,PRPO.AOS.buoy.c0,2020-06-22,POLSP20,0.127,0.125,0.129,0.082,53,1.4722222222222223,Schindler-Patalas,lake,2020,6,20.86754768828858,exact_month_year
PRPO,PRPO.AOS.littoral1,2020-06-22,POMSUL,0.127,0.127,0.127,0.075,3,0.125,Schindler-Patalas,lake,2020,6,20.86754768828858,exact_month_year
PRPO,PRPO.AOS.buoy.c0,2020-07-13,ACASP20,1.532,1.532,1.532,NA,25,0.6944444444444444,Schindler-Patalas,lake,2020,7,24.304694626460577,exact_month_year
PRPO,PRPO.AOS.littoral1,2020-07-13,BRASP22,0.155,0.155,0.155,0.087,13,0.5416666666666666,Schindler-Patalas,lake,2020,7,24.304694626460577,exact_month_year
PRPO,PRPO.AOS.littoral2,2020-07-13,BRASP22,0.155,0.155,0.155,0.105,17,0.7083333333333334,Schindler-Patalas,lake,2020,7,24.304694626460577,exact_month_year
PRPO,PRPO.AOS.buoy.c0,2020-07-13,CALSP1,0.622,0.489,0.734,NA,375,10.416666666666666,Schindler-Patalas,lake,2020,7,24.304694626460577,exact_month_year
PRPO,PRPO.AOS.littoral1,2020-07-13,CALSP1,0.726,0.646,0.806,NA,25,1.0416666666666667,Schindler-Patalas,lake,2020,7,24.304694626460577,exact_month_year
PRPO,PRPO.AOS.buoy.c0,2020-07-13,CERSP19,0.415,0.362,0.451,NA,125,3.4722222222222223,Schindler-Patalas,lake,2020,7,24.304694626460577,exact_month_year
PRPO,PRPO.AOS.littoral1,2020-07-13,CERSP19,0.496,0.496,0.496,NA,25,1.0416666666666667,Schindler-Patalas,lake,2020,7,24.304694626460577,exact_month_year
PRPO,PRPO.AOS.buoy.c0,2020-07-13,CHYSPH,0.444,0.444,0.444,NA,25,0.6944444444444444,Schindler-Patalas,lake,2020,7,24.304694626460577,exact_month_year
PRPO,PRPO.AOS.littoral1,2020-07-13,CHYSPH,0.485,0.485,0.485,NA,13,0.5416666666666666,Schindler-Patalas,lake,2020,7,24.304694626460577,exact_month_year
PRPO,PRPO.AOS.littoral1,2020-07-13,CLASP,0.503,0.495,0.511,NA,50,2.0833333333333335,Schindler-Patalas,lake,2020,7,24.304694626460577,exact_month_year
PRPO,PRPO.AOS.littoral2,2020-07-13,CLASP,0.358,0.263,0.452,NA,83,3.4583333333333335,Schindler-Patalas,lake,2020,7,24.304694626460577,exact_month_year
PRPO,PRPO.AOS.buoy.c0,2020-07-13,CYCSP1,0.519,0.402,0.618,NA,1525,42.361111111111114,Schindler-Patalas,lake,2020,7,24.304694626460577,exact_month_year
PRPO,PRPO.AOS.littoral1,2020-07-13,CYCSP1,0.534,0.416,0.724,NA,500,20.833333333333332,Schindler-Patalas,lake,2020,7,24.304694626460577,exact_month_year
PRPO,PRPO.AOS.littoral2,2020-07-13,CYCSP1,0.489,0.489,0.489,NA,17,0.7083333333333334,Schindler-Patalas,lake,2020,7,24.304694626460577,exact_month_year
PRPO,PRPO.AOS.buoy.c0,2020-07-13,DAPAMB,0.933,0.933,0.933,NA,50,1.3888888888888888,Schindler-Patalas,lake,2020,7,24.304694626460577,exact_month_year
PRPO,PRPO.AOS.littoral1,2020-07-13,DAPAMB,0.808,0.808,0.808,NA,13,0.5416666666666666,Schindler-Patalas,lake,2020,7,24.304694626460577,exact_month_year
PRPO,PRPO.AOS.littoral2,2020-07-13,DAPAMB,0.985,0.985,0.985,NA,33,1.375,Schindler-Patalas,lake,2020,7,24.304694626460577,exact_month_year
PRPO,PRPO.AOS.buoy.c0,2020-07-13,DAPPUL1,1.018,0.111,1.925,NA,50,1.3888888888888888,Schindler-Patalas,lake,2020,7,24.304694626460577,exact_month_year
PRPO,PRPO.AOS.littoral1,2020-07-13,DAPPUL1,1.999,1.192,2.511,NA,125,5.208333333333333,Schindler-Patalas,lake,2020,7,24.304694626460577,exact_month_year
PRPO,PRPO.AOS.littoral2,2020-07-13,DAPPUL1,1.327,0.169,2.015,NA,417,17.375,Schindler-Patalas,lake,2020,7,24.304694626460577,exact_month_year
PRPO,PRPO.AOS.buoy.c0,2020-07-13,DAPSP1,0.712,0.676,0.772,NA,250,6.944444444444445,Schindler-Patalas,lake,2020,7,24.304694626460577,exact_month_year
PRPO,PRPO.AOS.littoral1,2020-07-13,DAPSP1,0.755,0.755,0.755,NA,13,0.5416666666666666,Schindler-Patalas,lake,2020,7,24.304694626460577,exact_month_year
PRPO,PRPO.AOS.littoral2,2020-07-13,DAPSP1,0.623,0.623,0.623,NA,33,1.375,Schindler-Patalas,lake,2020,7,24.304694626460577,exact_month_year
PRPO,PRPO.AOS.buoy.c0,2020-07-13,DIASP,1.121,1.056,1.206,NA,175,4.861111111111111,Schindler-Patalas,lake,2020,7,24.304694626460577,exact_month_year
PRPO,PRPO.AOS.littoral1,2020-07-13,DIASP,1.248,1.011,1.462,NA,75,3.125,Schindler-Patalas,lake,2020,7,24.304694626460577,exact_month_year
PRPO,PRPO.AOS.littoral2,2020-07-13,DIASP,0.577,0.422,0.716,NA,83,3.4583333333333335,Schindler-Patalas,lake,2020,7,24.304694626460577,exact_month_year
PRPO,PRPO.AOS.buoy.c0,2020-07-13,FILLON,0.154,0.135,0.172,0.102,150,4.166666666666667,Schindler-Patalas,lake,2020,7,24.304694626460577,exact_month_year
PRPO,PRPO.AOS.buoy.c0,2020-07-13,HEXSP6,0.186,0.143,0.205,0.15,425,11.805555555555555,Schindler-Patalas,lake,2020,7,24.304694626460577,exact_month_year
PRPO,PRPO.AOS.buoy.c0,2020-07-13,KERCOC,0.121,0.111,0.132,0.081,250,6.944444444444445,Schindler-Patalas,lake,2020,7,24.304694626460577,exact_month_year
PRPO,PRPO.AOS.littoral2,2020-07-13,KERCOC,0.115,0.109,0.125,0.087,83,3.4583333333333335,Schindler-Patalas,lake,2020,7,24.304694626460577,exact_month_year
PRPO,PRPO.AOS.buoy.c0,2020-07-13,KERQUA,0.143,0.133,0.152,0.091,9175,254.86111111111111,Schindler-Patalas,lake,2020,7,24.304694626460577,exact_month_year
PRPO,PRPO.AOS.littoral1,2020-07-13,KERQUA,0.184,0.145,0.213,0.097,2375,98.95833333333331,Schindler-Patalas,lake,2020,7,24.304694626460577,exact_month_year
PRPO,PRPO.AOS.littoral2,2020-07-13,KERQUA,0.131,0.108,0.158,0.1,3917,163.20833333333334,Schindler-Patalas,lake,2020,7,24.304694626460577,exact_month_year
PRPO,PRPO.AOS.littoral1,2020-07-13,LEPSIC,1.211,1.151,1.294,NA,138,5.75,Schindler-Patalas,lake,2020,7,24.304694626460577,exact_month_year
PRPO,PRPO.AOS.littoral2,2020-07-13,LEPSIC,1.213,1.213,1.213,NA,17,0.7083333333333334,Schindler-Patalas,lake,2020,7,24.304694626460577,exact_month_year
PRPO,PRPO.AOS.littoral1,2020-07-13,LEPSIC1,1.378,1.378,1.378,NA,13,0.5416666666666666,Schindler-Patalas,lake,2020,7,24.304694626460577,exact_month_year
PRPO,PRPO.AOS.littoral2,2020-07-13,LEPSIC1,1.429,1.429,1.429,NA,17,0.7083333333333334,Schindler-Patalas,lake,2020,7,24.304694626460577,exact_month_year
PRPO,PRPO.AOS.buoy.c0,2020-07-13,LEPSP31,1.102,1.102,1.102,NA,25,0.6944444444444444,Schindler-Patalas,lake,2020,7,24.304694626460577,exact_month_year
PRPO,PRPO.AOS.littoral1,2020-07-13,LEPSP31,0.101,0.101,0.101,NA,25,1.0416666666666667,Schindler-Patalas,lake,2020,7,24.304694626460577,exact_month_year
PRPO,PRPO.AOS.littoral2,2020-07-13,LEPSP31,1.331,1.331,1.331,NA,17,0.7083333333333334,Schindler-Patalas,lake,2020,7,24.304694626460577,exact_month_year
PRPO,PRPO.AOS.buoy.c0,2020-09-22,ASPBRI,0.444,0.383,0.514,0.297,180,5,Schindler-Patalas,lake,2020,9,15.498526719995604,exact_month_year
PRPO,PRPO.AOS.littoral1,2020-09-22,ASPBRI,0.468,0.356,0.521,0.365,250,10.416666666666666,Schindler-Patalas,lake,2020,9,15.498526719995604,exact_month_year
PRPO,PRPO.AOS.littoral2,2020-09-22,ASPBRI,0.458,0.381,0.568,0.363,113,4.708333333333333,Schindler-Patalas,lake,2020,9,15.498526719995604,exact_month_year
PRPO,PRPO.AOS.buoy.c0,2020-09-22,BRAANG,0.103,0.092,0.112,0.089,200,5.555555555555555,Schindler-Patalas,lake,2020,9,15.498526719995604,exact_month_year
PRPO,PRPO.AOS.littoral1,2020-09-22,BRAANG,0.117,0.104,0.122,0.092,125,5.208333333333333,Schindler-Patalas,lake,2020,9,15.498526719995604,exact_month_year
PRPO,PRPO.AOS.littoral2,2020-09-22,BRAANG,0.136,0.128,0.143,0.098,113,4.708333333333333,Schindler-Patalas,lake,2020,9,15.498526719995604,exact_month_year
PRPO,PRPO.AOS.buoy.c0,2020-09-22,BRAHAV,0.124,0.122,0.125,0.101,180,5,Schindler-Patalas,lake,2020,9,15.498526719995604,exact_month_year
PRPO,PRPO.AOS.littoral1,2020-09-22,BRAHAV,0.12,0.109,0.126,0.092,238,9.916666666666666,Schindler-Patalas,lake,2020,9,15.498526719995604,exact_month_year
PRPO,PRPO.AOS.littoral2,2020-09-22,BRAHAV,0.128,0.122,0.138,0.081,23,0.9583333333333334,Schindler-Patalas,lake,2020,9,15.498526719995604,exact_month_year
PRPO,PRPO.AOS.buoy.c0,2020-09-22,BRASP22,0.117,0.112,0.121,0.092,300,8.333333333333334,Schindler-Patalas,lake,2020,9,15.498526719995604,exact_month_year
PRPO,PRPO.AOS.littoral1,2020-09-22,BRASP22,0.131,0.129,0.133,0.097,100,4.166666666666667,Schindler-Patalas,lake,2020,9,15.498526719995604,exact_month_year
PRPO,PRPO.AOS.littoral2,2020-09-22,BRASP22,0.109,0.109,0.109,0.085,23,0.9583333333333334,Schindler-Patalas,lake,2020,9,15.498526719995604,exact_month_year
PRPO,PRPO.AOS.buoy.c0,2020-09-22,CALSP1,0.409,0.328,0.537,NA,420,11.666666666666666,Schindler-Patalas,lake,2020,9,15.498526719995604,exact_month_year
PRPO,PRPO.AOS.littoral1,2020-09-22,CALSP1,0.507,0.429,0.614,NA,600,25,Schindler-Patalas,lake,2020,9,15.498526719995604,exact_month_year
PRPO,PRPO.AOS.littoral2,2020-09-22,CALSP1,0.466,0.333,0.567,NA,300,12.5,Schindler-Patalas,lake,2020,9,15.498526719995604,exact_month_year
PRPO,PRPO.AOS.buoy.c0,2020-09-22,CYCSP1,0.793,0.505,0.985,NA,80,2.2222222222222223,Schindler-Patalas,lake,2020,9,15.498526719995604,exact_month_year
PRPO,PRPO.AOS.littoral1,2020-09-22,CYCSP1,0.512,0.325,0.689,NA,63,2.625,Schindler-Patalas,lake,2020,9,15.498526719995604,exact_month_year
PRPO,PRPO.AOS.littoral2,2020-09-22,CYCSP1,0.865,0.724,1.005,NA,15,0.625,Schindler-Patalas,lake,2020,9,15.498526719995604,exact_month_year
PRPO,PRPO.AOS.buoy.c0,2020-09-22,DIABIR,0.958,0.958,0.958,NA,20,0.5555555555555556,Schindler-Patalas,lake,2020,9,15.498526719995604,exact_month_year
PRPO,PRPO.AOS.buoy.c0,2020-09-22,DIASP,0.928,0.867,0.988,NA,2120,58.888888888888886,Schindler-Patalas,lake,2020,9,15.498526719995604,exact_month_year
PRPO,PRPO.AOS.littoral1,2020-09-22,DIASP,1.188,1.107,1.331,NA,1588,66.16666666666667,Schindler-Patalas,lake,2020,9,15.498526719995604,exact_month_year
PRPO,PRPO.AOS.littoral2,2020-09-22,DIASP,1.006,0.789,1.211,NA,608,25.333333333333332,Schindler-Patalas,lake,2020,9,15.498526719995604,exact_month_year
PRPO,PRPO.AOS.littoral1,2020-09-22,DIATHO,1.155,1.155,1.155,NA,13,0.5416666666666666,Schindler-Patalas,lake,2020,9,15.498526719995604,exact_month_year
PRPO,PRPO.AOS.littoral2,2020-09-22,DIATHO,1.165,1.165,1.165,NA,8,0.3333333333333333,Schindler-Patalas,lake,2020,9,15.498526719995604,exact_month_year
PRPO,PRPO.AOS.buoy.c0,2020-09-22,FILTER,0.154,0.138,0.175,0.079,2120,58.888888888888886,Schindler-Patalas,lake,2020,9,15.498526719995604,exact_month_year
PRPO,PRPO.AOS.littoral1,2020-09-22,FILTER,0.147,0.135,0.156,0.072,2625,109.375,Schindler-Patalas,lake,2020,9,15.498526719995604,exact_month_year
PRPO,PRPO.AOS.littoral2,2020-09-22,FILTER,0.141,0.133,0.152,0.081,1500,62.5,Schindler-Patalas,lake,2020,9,15.498526719995604,exact_month_year
PRPO,PRPO.AOS.buoy.c0,2020-09-22,KERCOC,0.099,0.087,0.111,0.076,80,2.2222222222222223,Schindler-Patalas,lake,2020,9,15.498526719995604,exact_month_year
PRPO,PRPO.AOS.littoral1,2020-09-22,KERCOC,0.093,0.088,0.099,0.061,138,5.75,Schindler-Patalas,lake,2020,9,15.498526719995604,exact_month_year
PRPO,PRPO.AOS.littoral2,2020-09-22,KERCOC,0.101,0.101,0.101,0.068,15,0.625,Schindler-Patalas,lake,2020,9,15.498526719995604,exact_month_year
PRPO,PRPO.AOS.buoy.c0,2020-09-22,KERQUA,0.11,0.109,0.11,0.1,80,2.2222222222222223,Schindler-Patalas,lake,2020,9,15.498526719995604,exact_month_year
PRPO,PRPO.AOS.littoral1,2020-09-22,KERQUA,0.138,0.135,0.141,0.091,88,3.6666666666666665,Schindler-Patalas,lake,2020,9,15.498526719995604,exact_month_year
PRPO,PRPO.AOS.littoral2,2020-09-22,KERQUA,0.141,0.138,0.144,0.091,45,1.875,Schindler-Patalas,lake,2020,9,15.498526719995604,exact_month_year
PRPO,PRPO.AOS.buoy.c0,2020-09-22,LEPSIC,1.072,0.999,1.121,NA,400,11.11111111111111,Schindler-Patalas,lake,2020,9,15.498526719995604,exact_month_year
PRPO,PRPO.AOS.littoral1,2020-09-22,LEPSIC,0.815,0.102,1.111,NA,575,23.958333333333332,Schindler-Patalas,lake,2020,9,15.498526719995604,exact_month_year
PRPO,PRPO.AOS.littoral2,2020-09-22,LEPSIC,1.155,1.111,1.211,NA,263,10.958333333333334,Schindler-Patalas,lake,2020,9,15.498526719995604,exact_month_year
PRPO,PRPO.AOS.buoy.c0,2020-09-22,LEPSP31,1.043,0.997,1.12,NA,1680,46.666666666666664,Schindler-Patalas,lake,2020,9,15.498526719995604,exact_month_year
PRPO,PRPO.AOS.littoral1,2020-09-22,LEPSP31,1.007,0.988,1.025,NA,63,2.625,Schindler-Patalas,lake,2020,9,15.498526719995604,exact_month_year
PRPO,PRPO.AOS.littoral2,2020-09-22,LEPSP31,1.103,1.068,1.125,NA,75,3.125,Schindler-Patalas,lake,2020,9,15.498526719995604,exact_month_year
PRPO,PRPO.AOS.littoral1,2020-09-22,POMSUL,0.095,0.095,0.095,0.087,13,0.5416666666666666,Schindler-Patalas,lake,2020,9,15.498526719995604,exact_month_year
PRPO,PRPO.AOS.buoy.c0,2020-09-22,SYNSP8,0.099,0.099,0.099,0.065,20,0.5555555555555556,Schindler-Patalas,lake,2020,9,15.498526719995604,exact_month_year
PRPO,PRPO.AOS.buoy.c0,2021-04-27,BRASP22,0.122,0.122,0.122,0.101,50,1.3888888888888888,Schindler-Patalas,lake,2021,4,9.668430481201858,same_month_all_years
PRPO,PRPO.AOS.littoral2,2021-04-27,CALSP1,0.698,0.684,0.711,NA,10,0.4166666666666667,Schindler-Patalas,lake,2021,4,9.668430481201858,same_month_all_years
PRPO,PRPO.AOS.littoral1,2021-04-27,CEPSP5,0.153,0.153,0.153,0.112,5,0.20833333333333337,Schindler-Patalas,lake,2021,4,9.668430481201858,same_month_all_years
PRPO,PRPO.AOS.littoral2,2021-04-27,CEPSP5,0.145,0.145,0.145,0.109,15,0.625,Schindler-Patalas,lake,2021,4,9.668430481201858,same_month_all_years
PRPO,PRPO.AOS.buoy.c0,2021-04-27,CYCSP1,0.777,0.583,1.111,NA,283,7.861111111111111,Schindler-Patalas,lake,2021,4,9.668430481201858,same_month_all_years
PRPO,PRPO.AOS.littoral1,2021-04-27,CYCSP1,0.738,0.738,0.738,NA,5,0.20833333333333337,Schindler-Patalas,lake,2021,4,9.668430481201858,same_month_all_years
PRPO,PRPO.AOS.littoral2,2021-04-27,CYCSP1,0.689,0.651,0.718,NA,20,0.8333333333333334,Schindler-Patalas,lake,2021,4,9.668430481201858,same_month_all_years
PRPO,PRPO.AOS.buoy.c0,2021-04-27,KERCOC,0.102,0.097,0.112,0.057,417,11.583333333333334,Schindler-Patalas,lake,2021,4,9.668430481201858,same_month_all_years
PRPO,PRPO.AOS.littoral1,2021-04-27,KERCOC,0.101,0.098,0.107,0.054,115,4.791666666666667,Schindler-Patalas,lake,2021,4,9.668430481201858,same_month_all_years
PRPO,PRPO.AOS.littoral2,2021-04-27,KERCOC,0.102,0.097,0.112,0.053,80,3.3333333333333335,Schindler-Patalas,lake,2021,4,9.668430481201858,same_month_all_years
PRPO,PRPO.AOS.buoy.c0,2021-04-27,KERQUA,0.13,0.121,0.142,0.31,1150,31.944444444444443,Schindler-Patalas,lake,2021,4,9.668430481201858,same_month_all_years
PRPO,PRPO.AOS.littoral1,2021-04-27,KERQUA,0.13,0.125,0.135,0.092,120,5,Schindler-Patalas,lake,2021,4,9.668430481201858,same_month_all_years
PRPO,PRPO.AOS.littoral2,2021-04-27,KERQUA,0.124,0.119,0.128,0.088,165,6.875,Schindler-Patalas,lake,2021,4,9.668430481201858,same_month_all_years
PRPO,PRPO.AOS.buoy.c0,2021-04-27,KERSP,0.106,0.095,0.121,0.09,567,15.75,Schindler-Patalas,lake,2021,4,9.668430481201858,same_month_all_years
PRPO,PRPO.AOS.littoral1,2021-04-27,KERSP,0.109,0.105,0.112,0.057,215,8.958333333333334,Schindler-Patalas,lake,2021,4,9.668430481201858,same_month_all_years
PRPO,PRPO.AOS.littoral2,2021-04-27,KERSP,0.121,0.107,0.142,0.085,55,2.2916666666666665,Schindler-Patalas,lake,2021,4,9.668430481201858,same_month_all_years
PRPO,PRPO.AOS.buoy.c0,2021-04-27,KERTES,0.123,0.118,0.129,0.08,2500,69.44444444444444,Schindler-Patalas,lake,2021,4,9.668430481201858,same_month_all_years
PRPO,PRPO.AOS.littoral1,2021-04-27,KERTES,0.125,0.119,0.133,0.084,1010,42.083333333333336,Schindler-Patalas,lake,2021,4,9.668430481201858,same_month_all_years
PRPO,PRPO.AOS.littoral2,2021-04-27,KERTES,0.132,0.108,0.198,0.083,1040,43.333333333333336,Schindler-Patalas,lake,2021,4,9.668430481201858,same_month_all_years
PRPO,PRPO.AOS.littoral2,2021-04-27,LEPSIC,1.686,1.686,1.686,NA,5,0.20833333333333337,Schindler-Patalas,lake,2021,4,9.668430481201858,same_month_all_years
PRPO,PRPO.AOS.buoy.c0,2021-04-27,LEPSP31,1.329,1.329,1.329,NA,17,0.4722222222222222,Schindler-Patalas,lake,2021,4,9.668430481201858,same_month_all_years
PRPO,PRPO.AOS.buoy.c0,2021-04-27,NOTSQU,0.121,0.113,0.129,0.112,1083,30.083333333333332,Schindler-Patalas,lake,2021,4,9.668430481201858,same_month_all_years
PRPO,PRPO.AOS.littoral1,2021-04-27,NOTSQU,0.112,0.104,0.119,0.102,15,0.625,Schindler-Patalas,lake,2021,4,9.668430481201858,same_month_all_years
PRPO,PRPO.AOS.littoral2,2021-04-27,NOTSQU,0.112,0.103,0.119,0.102,95,3.9583333333333335,Schindler-Patalas,lake,2021,4,9.668430481201858,same_month_all_years
PRPO,PRPO.AOS.littoral1,2021-04-27,POMSP5,0.115,0.115,0.115,0.078,10,0.4166666666666667,Schindler-Patalas,lake,2021,4,9.668430481201858,same_month_all_years
PRPO,PRPO.AOS.littoral1,2021-04-27,SYNSP8,0.125,0.125,0.125,0.089,10,0.4166666666666667,Schindler-Patalas,lake,2021,4,9.668430481201858,same_month_all_years
PRPO,PRPO.AOS.littoral1,2021-07-15,ASPBRI,0.443,0.443,0.443,0.351,28,1.1666666666666667,Schindler-Patalas,lake,2021,7,24.202519467577137,exact_month_year
PRPO,PRPO.AOS.littoral1,2021-07-15,BRAHAV,0.106,0.106,0.106,0.082,28,1.1666666666666667,Schindler-Patalas,lake,2021,7,24.202519467577137,exact_month_year
PRPO,PRPO.AOS.littoral2,2021-07-15,BRAHAV,0.098,0.098,0.098,0.087,40,1.6666666666666667,Schindler-Patalas,lake,2021,7,24.202519467577137,exact_month_year
PRPO,PRPO.AOS.buoy.c0,2021-07-15,BRASP22,0.138,0.113,0.151,0.111,1140,31.666666666666668,Schindler-Patalas,lake,2021,7,24.202519467577137,exact_month_year
PRPO,PRPO.AOS.littoral1,2021-07-15,BRASP22,0.152,0.143,0.161,0.132,2563,106.79166666666669,Schindler-Patalas,lake,2021,7,24.202519467577137,exact_month_year
PRPO,PRPO.AOS.littoral2,2021-07-15,BRASP22,0.104,0.098,0.111,0.098,220,9.166666666666666,Schindler-Patalas,lake,2021,7,24.202519467577137,exact_month_year
PRPO,PRPO.AOS.littoral1,2021-07-15,CALSP1,0.616,0.398,0.811,NA,139,5.791666666666667,Schindler-Patalas,lake,2021,7,24.202519467577137,exact_month_year
PRPO,PRPO.AOS.littoral2,2021-07-15,CALSP1,0.664,0.503,0.825,NA,40,1.6666666666666667,Schindler-Patalas,lake,2021,7,24.202519467577137,exact_month_year
PRPO,PRPO.AOS.littoral2,2021-07-15,CERSP19,0.385,0.385,0.385,NA,20,0.8333333333333334,Schindler-Patalas,lake,2021,7,24.202519467577137,exact_month_year
PRPO,PRPO.AOS.buoy.c0,2021-07-15,CLASP,0.517,0.517,0.517,NA,25,0.6944444444444444,Schindler-Patalas,lake,2021,7,24.202519467577137,exact_month_year
PRPO,PRPO.AOS.buoy.c0,2021-07-15,CYCSP1,0.948,0.783,1.112,NA,50,1.3888888888888888,Schindler-Patalas,lake,2021,7,24.202519467577137,exact_month_year
PRPO,PRPO.AOS.littoral1,2021-07-15,CYCSP1,1.124,1.124,1.124,NA,28,1.1666666666666667,Schindler-Patalas,lake,2021,7,24.202519467577137,exact_month_year
PRPO,PRPO.AOS.littoral2,2021-07-15,CYCSP1,0.472,0.445,0.498,NA,40,1.6666666666666667,Schindler-Patalas,lake,2021,7,24.202519467577137,exact_month_year
PRPO,PRPO.AOS.buoy.c0,2021-07-15,DIASP,0.706,0.102,1.212,NA,496,13.77777777777778,Schindler-Patalas,lake,2021,7,24.202519467577137,exact_month_year
PRPO,PRPO.AOS.littoral1,2021-07-15,DIASP,1.053,0.196,1.334,NA,641,26.708333333333332,Schindler-Patalas,lake,2021,7,24.202519467577137,exact_month_year
PRPO,PRPO.AOS.littoral2,2021-07-15,DIASP,1.151,1.103,1.215,NA,600,25,Schindler-Patalas,lake,2021,7,24.202519467577137,exact_month_year
PRPO,PRPO.AOS.buoy.c0,2021-07-15,FILLON,0.125,0.125,0.125,0.075,25,0.6944444444444444,Schindler-Patalas,lake,2021,7,24.202519467577137,exact_month_year
PRPO,PRPO.AOS.buoy.c0,2021-07-15,FILTER,0.131,0.122,0.141,0.056,520,14.444444444444445,Schindler-Patalas,lake,2021,7,24.202519467577137,exact_month_year
PRPO,PRPO.AOS.littoral2,2021-07-15,FILTER,0.155,0.151,0.161,0.062,100,4.166666666666667,Schindler-Patalas,lake,2021,7,24.202519467577137,exact_month_year
PRPO,PRPO.AOS.buoy.c0,2021-07-15,LEPSIC,1.147,1.115,1.234,NA,248,6.888888888888889,Schindler-Patalas,lake,2021,7,24.202519467577137,exact_month_year
PRPO,PRPO.AOS.littoral1,2021-07-15,LEPSIC,1.188,1.188,1.188,NA,28,1.1666666666666667,Schindler-Patalas,lake,2021,7,24.202519467577137,exact_month_year
PRPO,PRPO.AOS.littoral2,2021-07-15,LEPSIC,1.086,1.025,1.114,NA,840,35,Schindler-Patalas,lake,2021,7,24.202519467577137,exact_month_year
PRPO,PRPO.AOS.buoy.c0,2021-07-15,LEPSP31,1.115,1.021,1.204,NA,149,4.138888888888889,Schindler-Patalas,lake,2021,7,24.202519467577137,exact_month_year
PRPO,PRPO.AOS.littoral1,2021-07-15,LEPSP31,1.212,1.199,1.225,NA,84,3.5,Schindler-Patalas,lake,2021,7,24.202519467577137,exact_month_year
PRPO,PRPO.AOS.littoral2,2021-07-15,LEPSP31,1.11,1.099,1.118,NA,200,8.333333333333334,Schindler-Patalas,lake,2021,7,24.202519467577137,exact_month_year
PRPO,PRPO.AOS.buoy.c0,2021-07-15,LEPSP32,0.083,0.083,0.083,0.075,25,0.6944444444444444,Schindler-Patalas,lake,2021,7,24.202519467577137,exact_month_year
PRPO,PRPO.AOS.buoy.c0,2021-07-15,POMSUL,0.111,0.105,0.118,0.098,867,24.083333333333332,Schindler-Patalas,lake,2021,7,24.202519467577137,exact_month_year
PRPO,PRPO.AOS.littoral1,2021-07-15,POMSUL,0.121,0.111,0.131,0.098,390,16.25,Schindler-Patalas,lake,2021,7,24.202519467577137,exact_month_year
PRPO,PRPO.AOS.littoral2,2021-07-15,POMSUL,0.102,0.102,0.102,0.099,60,2.5,Schindler-Patalas,lake,2021,7,24.202519467577137,exact_month_year
PRPO,PRPO.AOS.buoy.c0,2021-07-15,ROTSP,0.098,0.092,0.103,0.094,99,2.75,Schindler-Patalas,lake,2021,7,24.202519467577137,exact_month_year
PRPO,PRPO.AOS.littoral2,2021-07-15,ROTSP,0.098,0.098,0.098,0.085,20,0.8333333333333334,Schindler-Patalas,lake,2021,7,24.202519467577137,exact_month_year
PRPO,PRPO.AOS.littoral1,2021-09-21,BRAANG,0.1,0.1,0.1,0.1,400,16.666666666666668,Schindler-Patalas,lake,2021,9,17.14207147916881,exact_month_year
PRPO,PRPO.AOS.buoy.c0,2021-09-21,CYCSP1,0.8,0.8,0.8,NA,45,1.25,Schindler-Patalas,lake,2021,9,17.14207147916881,exact_month_year
PRPO,PRPO.AOS.littoral1,2021-09-21,CYCSP1,0.6,0.5,0.7,NA,75,3.125,Schindler-Patalas,lake,2021,9,17.14207147916881,exact_month_year
PRPO,PRPO.AOS.buoy.c0,2021-09-21,FILLON,0.1,0.1,0.1,0.1,4620,128.33333333333334,Schindler-Patalas,lake,2021,9,17.14207147916881,exact_month_year
PRPO,PRPO.AOS.littoral1,2021-09-21,FILLON,0.1,0.1,0.1,0.1,11050,460.4166666666667,Schindler-Patalas,lake,2021,9,17.14207147916881,exact_month_year
PRPO,PRPO.AOS.littoral2,2021-09-21,FILLON,0.1,0.1,0.1,0.1,8600,358.3333333333333,Schindler-Patalas,lake,2021,9,17.14207147916881,exact_month_year
PRPO,PRPO.AOS.littoral1,2021-09-21,KERSP,0.06,0.06,0.06,0.06,25,1.0416666666666667,Schindler-Patalas,lake,2021,9,17.14207147916881,exact_month_year
PRPO,PRPO.AOS.buoy.c0,2021-09-21,LEPSIC,1.2,1.2,1.2,NA,135,3.75,Schindler-Patalas,lake,2021,9,17.14207147916881,exact_month_year
PRPO,PRPO.AOS.littoral1,2021-09-21,LEPSIC,1.2,1.2,1.2,NA,50,2.0833333333333335,Schindler-Patalas,lake,2021,9,17.14207147916881,exact_month_year
PRPO,PRPO.AOS.littoral2,2021-09-21,LEPSIC,1.2,1.2,1.2,NA,20,0.8333333333333334,Schindler-Patalas,lake,2021,9,17.14207147916881,exact_month_year
PRPO,PRPO.AOS.buoy.c0,2021-09-21,LEPSP31,1.1,1,1.2,NA,525,14.583333333333334,Schindler-Patalas,lake,2021,9,17.14207147916881,exact_month_year
PRPO,PRPO.AOS.littoral1,2021-09-21,LEPSP31,0.85,0.5,1.2,NA,575,23.958333333333332,Schindler-Patalas,lake,2021,9,17.14207147916881,exact_month_year
PRPO,PRPO.AOS.littoral2,2021-09-21,LEPSP31,1,0.8,1.2,NA,460,19.166666666666668,Schindler-Patalas,lake,2021,9,17.14207147916881,exact_month_year
PRPO,PRPO.AOS.buoy.c0,2021-09-21,POMSP5,0.2,0.2,0.2,0.2,120,3.3333333333333335,Schindler-Patalas,lake,2021,9,17.14207147916881,exact_month_year
PRPO,PRPO.AOS.littoral1,2021-09-21,POMSP5,0.1,0.1,0.1,0.1,150,6.25,Schindler-Patalas,lake,2021,9,17.14207147916881,exact_month_year
PRPO,PRPO.AOS.littoral2,2021-09-21,POMSP5,0.2,0.2,0.2,0.2,240,10,Schindler-Patalas,lake,2021,9,17.14207147916881,exact_month_year
PRPO,PRPO.AOS.buoy.c0,2022-05-04,CYCSP1,0.6,0.5,0.7,NA,2,0.08333333333333333,Schindler-Patalas,lake,2022,5,13.120901265994753,exact_month_year
PRPO,PRPO.AOS.littoral2,2022-05-04,CYCSP1,0.5,0.5,0.5,NA,1,0.04166666666666666,Schindler-Patalas,lake,2022,5,13.120901265994753,exact_month_year
PRPO,PRPO.AOS.littoral2,2022-05-04,KERCOC,0.1,0.1,0.1,0.05,4,0.16666666666666666,Schindler-Patalas,lake,2022,5,13.120901265994753,exact_month_year
PRPO,PRPO.AOS.buoy.c0,2022-05-04,KERTES,0.13,0.13,0.13,0.08,184,7.666666666666667,Schindler-Patalas,lake,2022,5,13.120901265994753,exact_month_year
PRPO,PRPO.AOS.littoral1,2022-05-04,KERTES,0.13,0.13,0.13,0.08,492,20.5,Schindler-Patalas,lake,2022,5,13.120901265994753,exact_month_year
PRPO,PRPO.AOS.littoral2,2022-05-04,KERTES,0.13,0.13,0.13,0.08,264,11,Schindler-Patalas,lake,2022,5,13.120901265994753,exact_month_year
PRPO,PRPO.AOS.buoy.c0,2022-05-04,LEPSP31,1.2,1.2,1.2,NA,1,0.04166666666666666,Schindler-Patalas,lake,2022,5,13.120901265994753,exact_month_year
PRPO,PRPO.AOS.buoy.c0,2022-05-04,NOTSQU,0.1,0.1,0.1,0.1,14,0.5833333333333334,Schindler-Patalas,lake,2022,5,13.120901265994753,exact_month_year
PRPO,PRPO.AOS.littoral1,2022-05-04,NOTSQU,0.14,0.14,0.14,0.1,72,3,Schindler-Patalas,lake,2022,5,13.120901265994753,exact_month_year
PRPO,PRPO.AOS.littoral2,2022-05-04,NOTSQU,0.1,0.1,0.1,0.1,6,0.25,Schindler-Patalas,lake,2022,5,13.120901265994753,exact_month_year
PRPO,PRPO.AOS.buoy.c0,2022-05-04,ROTSP,0.1,0.1,0.1,0.08,3,0.125,Schindler-Patalas,lake,2022,5,13.120901265994753,exact_month_year
PRPO,PRPO.AOS.littoral1,2022-05-04,ROTSP,0.09,0.08,0.1,0.07,18,0.75,Schindler-Patalas,lake,2022,5,13.120901265994753,exact_month_year
PRPO,PRPO.AOS.littoral2,2022-05-04,ROTSP,0.13,0.13,0.13,0.06,14,0.5833333333333334,Schindler-Patalas,lake,2022,5,13.120901265994753,exact_month_year
PRPO,PRPO.AOS.littoral1,2022-07-13,ACAROB1,1,1,1,NA,1,0.04166666666666666,Schindler-Patalas,lake,2022,7,24.192481596653938,exact_month_year
PRPO,PRPO.AOS.buoy.c0,2022-07-13,BRAANG,1,1,1,0.08,1,0.04166666666666666,Schindler-Patalas,lake,2022,7,24.192481596653938,exact_month_year
PRPO,PRPO.AOS.littoral1,2022-07-13,BRAANG,0.1,0.1,0.1,0.08,1,0.04166666666666666,Schindler-Patalas,lake,2022,7,24.192481596653938,exact_month_year
PRPO,PRPO.AOS.buoy.c0,2022-07-13,BRAHAV,1,1,1,0.08,4,0.16666666666666666,Schindler-Patalas,lake,2022,7,24.192481596653938,exact_month_year
PRPO,PRPO.AOS.littoral1,2022-07-13,BRAHAV,0.08,0.08,0.08,0.06,3,0.125,Schindler-Patalas,lake,2022,7,24.192481596653938,exact_month_year
PRPO,PRPO.AOS.buoy.c0,2022-07-13,CALSP1,1.1,1,1.2,NA,58,2.4166666666666665,Schindler-Patalas,lake,2022,7,24.192481596653938,exact_month_year
PRPO,PRPO.AOS.littoral1,2022-07-13,CALSP1,1.1,1,1.2,NA,35,1.4583333333333333,Schindler-Patalas,lake,2022,7,24.192481596653938,exact_month_year
PRPO,PRPO.AOS.littoral1,2022-07-13,CLASP,0.4,0.4,0.4,NA,2,0.08333333333333333,Schindler-Patalas,lake,2022,7,24.192481596653938,exact_month_year
PRPO,PRPO.AOS.buoy.c0,2022-07-13,CYCSP,0.7,0.7,0.7,NA,1,0.04166666666666666,Schindler-Patalas,lake,2022,7,24.192481596653938,exact_month_year
PRPO,PRPO.AOS.littoral1,2022-07-13,CYCSP,0.65,0.6,0.7,NA,4,0.16666666666666666,Schindler-Patalas,lake,2022,7,24.192481596653938,exact_month_year
PRPO,PRPO.AOS.littoral2,2022-07-13,CYCSP,0.6,0.6,0.6,NA,1,0.04166666666666666,Schindler-Patalas,lake,2022,7,24.192481596653938,exact_month_year
PRPO,PRPO.AOS.buoy.c0,2022-07-13,FILTER,0.12,0.12,0.12,0.05,18,0.75,Schindler-Patalas,lake,2022,7,24.192481596653938,exact_month_year
PRPO,PRPO.AOS.littoral1,2022-07-13,FILTER,0.13,0.13,0.13,0.05,148,6.166666666666667,Schindler-Patalas,lake,2022,7,24.192481596653938,exact_month_year
PRPO,PRPO.AOS.littoral2,2022-07-13,FILTER,0.12,0.12,0.12,0.05,46,1.9166666666666667,Schindler-Patalas,lake,2022,7,24.192481596653938,exact_month_year
PRPO,PRPO.AOS.buoy.c0,2022-07-13,LEPSIC,1,1,1,NA,7,0.2916666666666667,Schindler-Patalas,lake,2022,7,24.192481596653938,exact_month_year
PRPO,PRPO.AOS.littoral1,2022-07-13,LEPSIC,1,1,1,NA,1,0.04166666666666666,Schindler-Patalas,lake,2022,7,24.192481596653938,exact_month_year
PRPO,PRPO.AOS.buoy.c0,2022-09-20,BRAANG,0.09,0.08,0.1,0.08,138,5.75,Schindler-Patalas,lake,2022,9,17.157736979861003,exact_month_year
PRPO,PRPO.AOS.littoral1,2022-09-20,BRAANG,0.1,0.08,0.12,0.08,85,3.5416666666666665,Schindler-Patalas,lake,2022,9,17.157736979861003,exact_month_year
PRPO,PRPO.AOS.littoral2,2022-09-20,BRAANG,0.11,0.1,0.12,0.09,130,5.416666666666667,Schindler-Patalas,lake,2022,9,17.157736979861003,exact_month_year
PRPO,PRPO.AOS.buoy.c0,2022-09-20,CYCSP1,0.4,0.4,0.4,NA,8,0.3333333333333333,Schindler-Patalas,lake,2022,9,17.157736979861003,exact_month_year
PRPO,PRPO.AOS.littoral2,2022-09-20,CYCSP1,0.4,0.4,0.4,NA,8,0.3333333333333333,Schindler-Patalas,lake,2022,9,17.157736979861003,exact_month_year
PRPO,PRPO.AOS.littoral1,2022-09-20,DIASP10,0.683,0.4,1.05,NA,8,0.3333333333333333,Schindler-Patalas,lake,2022,9,17.157736979861003,exact_month_year
PRPO,PRPO.AOS.buoy.c0,2022-09-20,FILTER,0.125,0.1,0.15,0.04,480,20,Schindler-Patalas,lake,2022,9,17.157736979861003,exact_month_year
PRPO,PRPO.AOS.littoral1,2022-09-20,FILTER,0.15,0.15,0.15,0.05,450,18.75,Schindler-Patalas,lake,2022,9,17.157736979861003,exact_month_year
PRPO,PRPO.AOS.littoral2,2022-09-20,FILTER,0.15,0.15,0.15,0.05,455,18.958333333333332,Schindler-Patalas,lake,2022,9,17.157736979861003,exact_month_year
PRPO,PRPO.AOS.littoral2,2022-09-20,GASSP6,0.1,0.1,0.1,0.08,5,0.20833333333333337,Schindler-Patalas,lake,2022,9,17.157736979861003,exact_month_year
PRPO,PRPO.AOS.littoral1,2022-09-20,LEPSIC,1,1,1,NA,28,1.1666666666666667,Schindler-Patalas,lake,2022,9,17.157736979861003,exact_month_year
PRPO,PRPO.AOS.littoral2,2022-09-20,LEPSIC,1.2,1.2,1.2,NA,18,0.75,Schindler-Patalas,lake,2022,9,17.157736979861003,exact_month_year
PRPO,PRPO.AOS.buoy.c0,2022-09-20,LEPSP31,0.8,0.6,1,NA,63,2.625,Schindler-Patalas,lake,2022,9,17.157736979861003,exact_month_year
PRPO,PRPO.AOS.littoral1,2022-09-20,LEPSP31,0.85,0.7,1,NA,238,9.916666666666666,Schindler-Patalas,lake,2022,9,17.157736979861003,exact_month_year
PRPO,PRPO.AOS.littoral2,2022-09-20,LEPSP31,1.1,1,1.2,NA,213,8.875,Schindler-Patalas,lake,2022,9,17.157736979861003,exact_month_year
PRPO,PRPO.AOS.buoy.c0,2022-09-20,POLSP20,0.08,0.08,0.08,0.08,5,0.20833333333333337,Schindler-Patalas,lake,2022,9,17.157736979861003,exact_month_year
PRPO,PRPO.AOS.littoral1,2022-09-20,POLSP20,0.1,0.1,0.1,0.08,5,0.20833333333333337,Schindler-Patalas,lake,2022,9,17.157736979861003,exact_month_year
PRPO,PRPO.AOS.littoral2,2022-09-20,POLSP20,0.08,0.08,0.08,0.08,3,0.125,Schindler-Patalas,lake,2022,9,17.157736979861003,exact_month_year
PRPO,PRPO.AOS.buoy.c1,2023-05-17,ASPSP4,0.65,0.6,0.7,0.35,10,0.2777777777777778,Schindler-Patalas,lake,2023,5,18.21250923864039,exact_month_year
PRPO,PRPO.AOS.buoy.c1,2023-05-17,BRAANG,0.12,0.12,0.12,0.1,10,0.2777777777777778,Schindler-Patalas,lake,2023,5,18.21250923864039,exact_month_year
PRPO,PRPO.AOS.littoral2,2023-05-17,BRAANG,0.1,0.1,0.1,0.08,3,0.125,Schindler-Patalas,lake,2023,5,18.21250923864039,exact_month_year
PRPO,PRPO.AOS.buoy.c1,2023-05-17,CALSP1,0.6,0.6,0.6,NA,30,0.8333333333333334,Schindler-Patalas,lake,2023,5,18.21250923864039,exact_month_year
PRPO,PRPO.AOS.littoral1,2023-05-17,CALSP1,0.5,0.5,0.5,NA,10,0.4166666666666667,Schindler-Patalas,lake,2023,5,18.21250923864039,exact_month_year
PRPO,PRPO.AOS.littoral2,2023-05-17,CALSP1,0.65,0.5,0.8,NA,5,0.20833333333333337,Schindler-Patalas,lake,2023,5,18.21250923864039,exact_month_year
PRPO,PRPO.AOS.buoy.c1,2023-05-17,CYCSP1,0.475,0.3,0.7,NA,80,2.2222222222222223,Schindler-Patalas,lake,2023,5,18.21250923864039,exact_month_year
PRPO,PRPO.AOS.littoral1,2023-05-17,CYCSP1,0.45,0.4,0.5,NA,120,5,Schindler-Patalas,lake,2023,5,18.21250923864039,exact_month_year
PRPO,PRPO.AOS.littoral2,2023-05-17,CYCSP1,0.45,0.4,0.5,NA,13,0.5416666666666666,Schindler-Patalas,lake,2023,5,18.21250923864039,exact_month_year
PRPO,PRPO.AOS.littoral1,2023-05-17,DAPSP1,0.8,0.8,0.8,NA,10,0.4166666666666667,Schindler-Patalas,lake,2023,5,18.21250923864039,exact_month_year
PRPO,PRPO.AOS.buoy.c1,2023-05-17,FILTER,0.175,0.15,0.2,0.07,105,2.9166666666666665,Schindler-Patalas,lake,2023,5,18.21250923864039,exact_month_year
PRPO,PRPO.AOS.littoral1,2023-05-17,FILTER,0.15,0.12,0.18,0.067,150,6.25,Schindler-Patalas,lake,2023,5,18.21250923864039,exact_month_year
PRPO,PRPO.AOS.littoral2,2023-05-17,FILTER,0.15,0.12,0.18,0.06,35,1.4583333333333333,Schindler-Patalas,lake,2023,5,18.21250923864039,exact_month_year
PRPO,PRPO.AOS.buoy.c1,2023-05-17,KERQUA,0.12,0.12,0.12,0.08,2095,58.19444444444444,Schindler-Patalas,lake,2023,5,18.21250923864039,exact_month_year
PRPO,PRPO.AOS.littoral1,2023-05-17,KERQUA,0.15,0.15,0.15,0.08,1860,77.5,Schindler-Patalas,lake,2023,5,18.21250923864039,exact_month_year
PRPO,PRPO.AOS.littoral2,2023-05-17,KERQUA,0.12,0.12,0.12,0.07,640,26.666666666666668,Schindler-Patalas,lake,2023,5,18.21250923864039,exact_month_year
PRPO,PRPO.AOS.buoy.c1,2023-05-17,POLSP20,0.09,0.08,0.1,0.075,30,0.8333333333333334,Schindler-Patalas,lake,2023,5,18.21250923864039,exact_month_year
PRPO,PRPO.AOS.littoral2,2023-05-17,POLSP20,0.1,0.1,0.1,0.09,5,0.20833333333333337,Schindler-Patalas,lake,2023,5,18.21250923864039,exact_month_year
PRPO,PRPO.AOS.littoral1,2023-05-17,TRISP31,0.15,0.15,0.15,0.05,10,0.4166666666666667,Schindler-Patalas,lake,2023,5,18.21250923864039,exact_month_year
PRPO,PRPO.AOS.buoy.c0,2023-07-10,BRAANG,0.09,0.08,0.1,0.09,488,13.555555555555555,Schindler-Patalas,lake,2023,7,22.811989404488475,exact_month_year
PRPO,PRPO.AOS.littoral1,2023-07-10,BRAANG,0.08,0.08,0.08,0.08,525,21.875,Schindler-Patalas,lake,2023,7,22.811989404488475,exact_month_year
PRPO,PRPO.AOS.littoral2,2023-07-10,BRAANG,0.09,0.08,0.1,0.09,312,13,Schindler-Patalas,lake,2023,7,22.811989404488475,exact_month_year
PRPO,PRPO.AOS.buoy.c0,2023-07-10,BRAHAV,0.1,0.1,0.1,0.08,90,2.5,Schindler-Patalas,lake,2023,7,22.811989404488475,exact_month_year
PRPO,PRPO.AOS.littoral1,2023-07-10,BRAHAV,0.1,0.1,0.1,0.08,21,0.875,Schindler-Patalas,lake,2023,7,22.811989404488475,exact_month_year
PRPO,PRPO.AOS.littoral2,2023-07-10,BRAHAV,0.1,0.1,0.1,0.06,26,1.0833333333333333,Schindler-Patalas,lake,2023,7,22.811989404488475,exact_month_year
PRPO,PRPO.AOS.buoy.c0,2023-07-10,CLASP,0.45,0.4,0.5,NA,4,0.1111111111111111,Schindler-Patalas,lake,2023,7,22.811989404488475,exact_month_year
PRPO,PRPO.AOS.buoy.c0,2023-07-10,CYCSP1,0.5,0.4,0.6,NA,18,0.5,Schindler-Patalas,lake,2023,7,22.811989404488475,exact_month_year
PRPO,PRPO.AOS.littoral2,2023-07-10,CYCSP1,0.4,0.4,0.4,NA,3,0.125,Schindler-Patalas,lake,2023,7,22.811989404488475,exact_month_year
PRPO,PRPO.AOS.buoy.c0,2023-07-10,FILTER,0.123,0.1,0.15,0.057,88,2.4444444444444446,Schindler-Patalas,lake,2023,7,22.811989404488475,exact_month_year
PRPO,PRPO.AOS.littoral1,2023-07-10,FILTER,0.12,0.12,0.12,0.05,69,2.875,Schindler-Patalas,lake,2023,7,22.811989404488475,exact_month_year
PRPO,PRPO.AOS.littoral2,2023-07-10,FILTER,0.1,0.1,0.1,0.05,36,1.5,Schindler-Patalas,lake,2023,7,22.811989404488475,exact_month_year
PRPO,PRPO.AOS.buoy.c0,2023-07-10,KERCOC,0.08,0.08,0.08,0.05,130,3.611111111111111,Schindler-Patalas,lake,2023,7,22.811989404488475,exact_month_year
PRPO,PRPO.AOS.littoral1,2023-07-10,KERCOC,0.08,0.08,0.08,0.05,129,5.375,Schindler-Patalas,lake,2023,7,22.811989404488475,exact_month_year
PRPO,PRPO.AOS.littoral2,2023-07-10,KERCOC,0.08,0.08,0.08,0.05,102,4.25,Schindler-Patalas,lake,2023,7,22.811989404488475,exact_month_year
PRPO,PRPO.AOS.buoy.c0,2023-07-10,KERTES,0.12,0.12,0.12,0.07,14,0.3888888888888889,Schindler-Patalas,lake,2023,7,22.811989404488475,exact_month_year
PRPO,PRPO.AOS.littoral1,2023-07-10,KERTES,0.12,0.12,0.12,0.07,3,0.125,Schindler-Patalas,lake,2023,7,22.811989404488475,exact_month_year
PRPO,PRPO.AOS.littoral2,2023-07-10,KERTES,0.12,0.12,0.12,0.07,9,0.375,Schindler-Patalas,lake,2023,7,22.811989404488475,exact_month_year
PRPO,PRPO.AOS.buoy.c0,2023-07-10,LEPSIC,1.2,1.2,1.2,NA,32,0.8888888888888888,Schindler-Patalas,lake,2023,7,22.811989404488475,exact_month_year
PRPO,PRPO.AOS.littoral1,2023-07-10,LEPSIC,1,0.8,1.2,NA,45,1.875,Schindler-Patalas,lake,2023,7,22.811989404488475,exact_month_year
PRPO,PRPO.AOS.littoral2,2023-07-10,LEPSIC,1.1,1,1.2,NA,6,0.25,Schindler-Patalas,lake,2023,7,22.811989404488475,exact_month_year
PRPO,PRPO.AOS.littoral2,2023-07-10,POLSP20,0.08,0.08,0.08,0.06,2,0.08333333333333333,Schindler-Patalas,lake,2023,7,22.811989404488475,exact_month_year
PRPO,PRPO.AOS.littoral2,2023-09-18,ASPSP4,0.1,0.09,0.1,0.07,18,0.75,Schindler-Patalas,lake,2023,9,18.63501418951419,exact_month_year
PRPO,PRPO.AOS.buoy.c0,2023-09-18,BRASP22,0.08,0.06,0.1,0.06,1484,41.22222222222222,Schindler-Patalas,lake,2023,9,18.63501418951419,exact_month_year
PRPO,PRPO.AOS.littoral1,2023-09-18,BRASP22,0.1,0.08,0.11,0.07,4775,198.95833333333337,Schindler-Patalas,lake,2023,9,18.63501418951419,exact_month_year
PRPO,PRPO.AOS.littoral2,2023-09-18,BRASP22,0.09,0.07,0.1,0.06,998,41.583333333333336,Schindler-Patalas,lake,2023,9,18.63501418951419,exact_month_year
PRPO,PRPO.AOS.buoy.c0,2023-09-18,CALSP1,0.75,0.33,1,NA,56,1.5555555555555556,Schindler-Patalas,lake,2023,9,18.63501418951419,exact_month_year
PRPO,PRPO.AOS.littoral1,2023-09-18,CALSP1,0.4,0.32,0.52,NA,75,3.125,Schindler-Patalas,lake,2023,9,18.63501418951419,exact_month_year
PRPO,PRPO.AOS.littoral2,2023-09-18,CALSP1,0.73,0.34,1.01,NA,67,2.7916666666666665,Schindler-Patalas,lake,2023,9,18.63501418951419,exact_month_year
PRPO,PRPO.AOS.littoral1,2023-09-18,COLSP12,0.13,0.12,0.15,0.06,100,4.166666666666667,Schindler-Patalas,lake,2023,9,18.63501418951419,exact_month_year
PRPO,PRPO.AOS.buoy.c0,2023-09-18,CYCSP,0.36,0.33,0.39,NA,14,0.3888888888888889,Schindler-Patalas,lake,2023,9,18.63501418951419,exact_month_year
PRPO,PRPO.AOS.littoral1,2023-09-18,CYCSP,0.28,0.13,0.45,NA,225,9.375,Schindler-Patalas,lake,2023,9,18.63501418951419,exact_month_year
PRPO,PRPO.AOS.littoral2,2023-09-18,CYCSP,0.45,0.26,0.63,NA,25,1.0416666666666667,Schindler-Patalas,lake,2023,9,18.63501418951419,exact_month_year
PRPO,PRPO.AOS.buoy.c0,2023-09-18,DIASP10,0.65,0.65,0.65,NA,7,0.19444444444444445,Schindler-Patalas,lake,2023,9,18.63501418951419,exact_month_year
PRPO,PRPO.AOS.littoral1,2023-09-18,EURSP6,0.27,0.27,0.27,NA,25,1.0416666666666667,Schindler-Patalas,lake,2023,9,18.63501418951419,exact_month_year
PRPO,PRPO.AOS.littoral1,2023-09-18,FILSP1,0.11,0.09,0.14,0.04,425,17.708333333333332,Schindler-Patalas,lake,2023,9,18.63501418951419,exact_month_year
PRPO,PRPO.AOS.littoral2,2023-09-18,FILSP1,0.09,0.06,0.11,0.03,43,1.7916666666666667,Schindler-Patalas,lake,2023,9,18.63501418951419,exact_month_year
PRPO,PRPO.AOS.littoral1,2023-09-18,GASSP6,0.09,0.09,0.09,0.06,25,1.0416666666666667,Schindler-Patalas,lake,2023,9,18.63501418951419,exact_month_year
PRPO,PRPO.AOS.littoral1,2023-09-18,HEXSP6,0.08,0.08,0.08,0.06,25,1.0416666666666667,Schindler-Patalas,lake,2023,9,18.63501418951419,exact_month_year
PRPO,PRPO.AOS.littoral1,2023-09-18,NOTSP11,0.12,0.12,0.12,0.09,25,1.0416666666666667,Schindler-Patalas,lake,2023,9,18.63501418951419,exact_month_year
PRPO,PRPO.AOS.littoral2,2023-09-18,NOTSP11,0.1,0.09,0.1,0.07,18,0.75,Schindler-Patalas,lake,2023,9,18.63501418951419,exact_month_year
PRPO,PRPO.AOS.littoral1,2023-09-18,POLSP20,0.11,0.08,0.13,0.06,50,2.0833333333333335,Schindler-Patalas,lake,2023,9,18.63501418951419,exact_month_year
PRPO,PRPO.AOS.littoral1,2023-09-18,POMSP5,0.11,0.1,0.13,0.07,75,3.125,Schindler-Patalas,lake,2023,9,18.63501418951419,exact_month_year
PRPO,PRPO.AOS.littoral2,2023-09-18,POMSP5,0.09,0.05,0.12,0.06,18,0.75,Schindler-Patalas,lake,2023,9,18.63501418951419,exact_month_year
PRPO,PRPO.AOS.littoral2,2024-05-08,ASCSP1,0.11,0.11,0.11,0.07,14,0.5833333333333334,Schindler-Patalas,lake,2024,5,13.64944988964225,exact_month_year
PRPO,PRPO.AOS.buoy.c0,2024-05-08,BRASP22,0.13,0.12,0.16,0.12,88,2.4444444444444446,Schindler-Patalas,lake,2024,5,13.64944988964225,exact_month_year
PRPO,PRPO.AOS.littoral1,2024-05-08,BRASP22,0.14,0.14,0.14,0.13,64,2.6666666666666665,Schindler-Patalas,lake,2024,5,13.64944988964225,exact_month_year
PRPO,PRPO.AOS.littoral2,2024-05-08,BRASP22,0.11,0.08,0.14,0.06,943,39.291666666666664,Schindler-Patalas,lake,2024,5,13.64944988964225,exact_month_year
PRPO,PRPO.AOS.buoy.c0,2024-05-08,CALSP1,0.9,0.5,1.1,NA,53,1.4722222222222223,Schindler-Patalas,lake,2024,5,13.64944988964225,exact_month_year
PRPO,PRPO.AOS.littoral1,2024-05-08,CALSP1,0.8,0.5,1.1,NA,32,1.3333333333333333,Schindler-Patalas,lake,2024,5,13.64944988964225,exact_month_year
PRPO,PRPO.AOS.littoral2,2024-05-08,CALSP1,0.84,0.38,1.29,NA,64,2.6666666666666665,Schindler-Patalas,lake,2024,5,13.64944988964225,exact_month_year
PRPO,PRPO.AOS.buoy.c0,2024-05-08,CYCSP,0.4,0.4,0.4,NA,88,2.4444444444444446,Schindler-Patalas,lake,2024,5,13.64944988964225,exact_month_year
PRPO,PRPO.AOS.littoral1,2024-05-08,CYCSP,0.36,0.2,0.5,NA,96,4,Schindler-Patalas,lake,2024,5,13.64944988964225,exact_month_year
PRPO,PRPO.AOS.littoral2,2024-05-08,CYCSP,0.52,0.29,0.97,NA,143,5.958333333333333,Schindler-Patalas,lake,2024,5,13.64944988964225,exact_month_year
PRPO,PRPO.AOS.littoral2,2024-05-08,FILSP1,0.16,0.16,0.16,0.04,7,0.2916666666666667,Schindler-Patalas,lake,2024,5,13.64944988964225,exact_month_year
PRPO,PRPO.AOS.littoral2,2024-05-08,HEXSP6,0.13,0.1,0.15,0.09,14,0.5833333333333334,Schindler-Patalas,lake,2024,5,13.64944988964225,exact_month_year
PRPO,PRPO.AOS.buoy.c0,2024-05-08,KERSP,0.1,0.08,0.12,0.05,5320,147.77777777777777,Schindler-Patalas,lake,2024,5,13.64944988964225,exact_month_year
PRPO,PRPO.AOS.littoral1,2024-05-08,KERSP,0.12,0.11,0.14,0.06,5024,209.33333333333337,Schindler-Patalas,lake,2024,5,13.64944988964225,exact_month_year
PRPO,PRPO.AOS.littoral2,2024-05-08,NOTSP11,0.1,0.08,0.14,0.06,57,2.375,Schindler-Patalas,lake,2024,5,13.64944988964225,exact_month_year
PRPO,PRPO.AOS.littoral2,2024-05-08,POLSP20,0.1,0.1,0.1,0.08,14,0.5833333333333334,Schindler-Patalas,lake,2024,5,13.64944988964225,exact_month_year
PRPO,PRPO.AOS.littoral1,2024-05-08,POMSP5,0.11,0.1,0.12,0.08,64,2.6666666666666665,Schindler-Patalas,lake,2024,5,13.64944988964225,exact_month_year
PRPO,PRPO.AOS.littoral2,2024-05-08,POMSP5,0.11,0.09,0.12,0.07,21,0.875,Schindler-Patalas,lake,2024,5,13.64944988964225,exact_month_year
PRPO,PRPO.AOS.littoral2,2024-05-08,TRISP31,0.18,0.18,0.18,0.08,7,0.2916666666666667,Schindler-Patalas,lake,2024,5,13.64944988964225,exact_month_year
PRPO,PRPO.AOS.buoy.c0,2024-07-24,ASCSP1,0.13,0.13,0.13,0.09,17,0.4722222222222222,Schindler-Patalas,lake,2024,7,23.996667176620395,exact_month_year
PRPO,PRPO.AOS.littoral2,2024-07-24,ASCSP1,0.11,0.11,0.11,0.08,50,2.0833333333333335,Schindler-Patalas,lake,2024,7,23.996667176620395,exact_month_year
PRPO,PRPO.AOS.littoral2,2024-07-24,ASPSP4,0.72,0.72,0.72,0.33,25,1.0416666666666667,Schindler-Patalas,lake,2024,7,23.996667176620395,exact_month_year
PRPO,PRPO.AOS.buoy.c0,2024-07-24,BOSSP1,0.23,0.23,0.23,NA,17,0.4722222222222222,Schindler-Patalas,lake,2024,7,23.996667176620395,exact_month_year
PRPO,PRPO.AOS.buoy.c0,2024-07-24,BRASP22,0.12,0.1,0.14,0.08,5400,150,Schindler-Patalas,lake,2024,7,23.996667176620395,exact_month_year
PRPO,PRPO.AOS.littoral1,2024-07-24,BRASP22,0.11,0.08,0.14,0.08,2037,84.875,Schindler-Patalas,lake,2024,7,23.996667176620395,exact_month_year
PRPO,PRPO.AOS.littoral2,2024-07-24,BRASP22,0.1,0.07,0.13,0.08,5000,208.33333333333337,Schindler-Patalas,lake,2024,7,23.996667176620395,exact_month_year
PRPO,PRPO.AOS.buoy.c0,2024-07-24,CALSP1,0.7,0.38,0.86,NA,100,2.7777777777777777,Schindler-Patalas,lake,2024,7,23.996667176620395,exact_month_year
PRPO,PRPO.AOS.littoral1,2024-07-24,CALSP1,0.69,0.34,0.95,NA,35,1.4583333333333333,Schindler-Patalas,lake,2024,7,23.996667176620395,exact_month_year
PRPO,PRPO.AOS.littoral2,2024-07-24,CALSP1,0.82,0.31,1.04,NA,1800,75,Schindler-Patalas,lake,2024,7,23.996667176620395,exact_month_year
PRPO,PRPO.AOS.littoral2,2024-07-24,CYCSP,0.58,0.5,0.66,NA,50,2.0833333333333335,Schindler-Patalas,lake,2024,7,23.996667176620395,exact_month_year
PRPO,PRPO.AOS.littoral1,2024-07-24,DIASP10,0.49,0.35,0.65,NA,21,0.875,Schindler-Patalas,lake,2024,7,23.996667176620395,exact_month_year
PRPO,PRPO.AOS.buoy.c0,2024-07-24,KERSP,0.08,0.08,0.09,0.05,33,0.9166666666666666,Schindler-Patalas,lake,2024,7,23.996667176620395,exact_month_year
PRPO,PRPO.AOS.littoral2,2024-07-24,KERSP,0.08,0.08,0.08,0.05,25,1.0416666666666667,Schindler-Patalas,lake,2024,7,23.996667176620395,exact_month_year
PRPO,PRPO.AOS.buoy.c0,2024-07-24,POLSP20,0.09,0.07,0.1,0.05,33,0.9166666666666666,Schindler-Patalas,lake,2024,7,23.996667176620395,exact_month_year
PRPO,PRPO.AOS.littoral1,2024-07-24,POLSP20,0.1,0.08,0.11,0.05,49,2.0416666666666665,Schindler-Patalas,lake,2024,7,23.996667176620395,exact_month_year
PRPO,PRPO.AOS.littoral2,2024-07-24,POLSP20,0.12,0.12,0.12,0.08,25,1.0416666666666667,Schindler-Patalas,lake,2024,7,23.996667176620395,exact_month_year
PRPO,PRPO.AOS.littoral2,2024-07-24,POMSP5,0.11,0.11,0.11,0.07,25,1.0416666666666667,Schindler-Patalas,lake,2024,7,23.996667176620395,exact_month_year
PRPO,PRPO.AOS.littoral2,2024-07-24,TRISP31,0.11,0.11,0.11,0.06,25,1.0416666666666667,Schindler-Patalas,lake,2024,7,23.996667176620395,exact_month_year
PRPO,PRPO.AOS.littoral1,2024-09-10,BOSSP1,0.24,0.24,0.24,NA,25,1.0416666666666667,Schindler-Patalas,lake,2024,9,19.152106523915208,exact_month_year
PRPO,PRPO.AOS.buoy.c0,2024-09-10,BRASP22,0.12,0.09,0.13,0.08,23350,648.6111111111111,Schindler-Patalas,lake,2024,9,19.152106523915208,exact_month_year
PRPO,PRPO.AOS.littoral1,2024-09-10,BRASP22,0.11,0.09,0.13,0.08,9000,375,Schindler-Patalas,lake,2024,9,19.152106523915208,exact_month_year
PRPO,PRPO.AOS.littoral2,2024-09-10,BRASP22,0.12,0.09,0.14,0.08,9050,377.0833333333333,Schindler-Patalas,lake,2024,9,19.152106523915208,exact_month_year
PRPO,PRPO.AOS.buoy.c0,2024-09-10,CALSP1,0.86,0.39,1.17,NA,2300,63.888888888888886,Schindler-Patalas,lake,2024,9,19.152106523915208,exact_month_year
PRPO,PRPO.AOS.littoral1,2024-09-10,CALSP1,0.52,0.31,1.06,NA,350,14.583333333333334,Schindler-Patalas,lake,2024,9,19.152106523915208,exact_month_year
PRPO,PRPO.AOS.littoral2,2024-09-10,CALSP1,0.6,0.39,0.93,NA,450,18.75,Schindler-Patalas,lake,2024,9,19.152106523915208,exact_month_year
PRPO,PRPO.AOS.littoral1,2024-09-10,CYCSP,0.2,0.2,0.2,NA,25,1.0416666666666667,Schindler-Patalas,lake,2024,9,19.152106523915208,exact_month_year
PRPO,PRPO.AOS.littoral2,2024-09-10,CYCSP,0.43,0.39,0.46,NA,50,2.0833333333333335,Schindler-Patalas,lake,2024,9,19.152106523915208,exact_month_year
PRPO,PRPO.AOS.buoy.c0,2024-09-10,DIASP10,0.6,0.4,0.82,NA,250,6.944444444444445,Schindler-Patalas,lake,2024,9,19.152106523915208,exact_month_year
PRPO,PRPO.AOS.littoral2,2024-09-10,DIASP10,0.61,0.54,0.75,NA,100,4.166666666666667,Schindler-Patalas,lake,2024,9,19.152106523915208,exact_month_year
PRPO,PRPO.AOS.buoy.c0,2024-09-10,FILSP1,0.15,0.15,0.15,0.05,50,1.3888888888888888,Schindler-Patalas,lake,2024,9,19.152106523915208,exact_month_year
PRPO,PRPO.AOS.littoral1,2024-09-10,POLSP20,0.09,0.08,0.1,0.05,75,3.125,Schindler-Patalas,lake,2024,9,19.152106523915208,exact_month_year
PRPO,PRPO.AOS.littoral2,2024-09-10,POLSP20,0.07,0.07,0.07,0.05,25,1.0416666666666667,Schindler-Patalas,lake,2024,9,19.152106523915208,exact_month_year
SUGG,SUGG.AOS.littoral1,2014-07-18,ASCECA,0.09,0.088,0.1,NA,437,12.13888888888889,Schindler-Patalas,lake,2014,7,30.926906106610147,same_month_all_years
SUGG,SUGG.AOS.littoral2,2014-07-18,ASCECA,0.128,0.125,0.138,NA,506,14.055555555555555,Schindler-Patalas,lake,2014,7,30.926906106610147,same_month_all_years
SUGG,SUGG.AOS.buoy.c0,2014-07-18,BRAZAH,0.088,0.088,0.088,NA,5375,111.97916666666669,Schindler-Patalas,lake,2014,7,30.926906106610147,same_month_all_years
SUGG,SUGG.AOS.littoral1,2014-07-18,BRAZAH,0.088,0.088,0.088,NA,4347,120.75,Schindler-Patalas,lake,2014,7,30.926906106610147,same_month_all_years
SUGG,SUGG.AOS.littoral2,2014-07-18,BRAZAH,0.084,0.075,0.088,NA,5173,143.69444444444446,Schindler-Patalas,lake,2014,7,30.926906106610147,same_month_all_years
SUGG,SUGG.AOS.buoy.c0,2014-07-18,CALSP1,0.636,0.45,0.75,NA,327,6.8125,Schindler-Patalas,lake,2014,7,30.926906106610147,same_month_all_years
SUGG,SUGG.AOS.littoral1,2014-07-18,CALSP1,0.627,0.45,0.75,NA,270,7.5,Schindler-Patalas,lake,2014,7,30.926906106610147,same_month_all_years
SUGG,SUGG.AOS.littoral2,2014-07-18,CALSP1,0.845,0.65,0.975,NA,181,5.027777777777778,Schindler-Patalas,lake,2014,7,30.926906106610147,same_month_all_years
SUGG,SUGG.AOS.littoral2,2014-07-18,CHASP13,4,4,4,NA,36,1,Schindler-Patalas,lake,2014,7,30.926906106610147,same_month_all_years
SUGG,SUGG.AOS.buoy.c0,2014-07-18,CYCSP,0.333,0.25,0.425,NA,701,14.604166666666666,Schindler-Patalas,lake,2014,7,30.926906106610147,same_month_all_years
SUGG,SUGG.AOS.littoral1,2014-07-18,CYCSP,0.315,0.25,0.375,NA,416,11.555555555555555,Schindler-Patalas,lake,2014,7,30.926906106610147,same_month_all_years
SUGG,SUGG.AOS.littoral2,2014-07-18,CYCSP,0.343,0.275,0.425,NA,253,7.027777777777778,Schindler-Patalas,lake,2014,7,30.926906106610147,same_month_all_years
SUGG,SUGG.AOS.littoral2,2014-07-18,GASSTY,0.112,0.112,0.112,NA,72,2,Schindler-Patalas,lake,2014,7,30.926906106610147,same_month_all_years
SUGG,SUGG.AOS.buoy.c0,2014-07-18,HESAUG,1.161,1.075,1.25,NA,327,6.8125,Schindler-Patalas,lake,2014,7,30.926906106610147,same_month_all_years
SUGG,SUGG.AOS.littoral1,2014-07-18,HESAUG,1.164,1.075,1.25,NA,187,5.194444444444445,Schindler-Patalas,lake,2014,7,30.926906106610147,same_month_all_years
SUGG,SUGG.AOS.littoral2,2014-07-18,HESAUG,1.175,1.175,1.175,NA,36,1,Schindler-Patalas,lake,2014,7,30.926906106610147,same_month_all_years
SUGG,SUGG.AOS.buoy.c0,2014-07-18,HEXSP6,0.139,0.112,0.162,NA,5048,105.16666666666669,Schindler-Patalas,lake,2014,7,30.926906106610147,same_month_all_years
SUGG,SUGG.AOS.littoral1,2014-07-18,HEXSP6,0.139,0.112,0.162,NA,853,23.694444444444443,Schindler-Patalas,lake,2014,7,30.926906106610147,same_month_all_years
SUGG,SUGG.AOS.littoral2,2014-07-18,HEXSP6,0.148,0.125,0.175,NA,904,25.11111111111111,Schindler-Patalas,lake,2014,7,30.926906106610147,same_month_all_years
SUGG,SUGG.AOS.buoy.c0,2014-07-18,POLSP20,0.088,0.088,0.088,NA,795,16.5625,Schindler-Patalas,lake,2014,7,30.926906106610147,same_month_all_years
SUGG,SUGG.AOS.littoral1,2014-07-18,POLSP20,0.088,0.088,0.088,NA,166,4.611111111111111,Schindler-Patalas,lake,2014,7,30.926906106610147,same_month_all_years
SUGG,SUGG.AOS.littoral2,2014-07-18,POLSP20,0.088,0.088,0.088,NA,398,11.055555555555555,Schindler-Patalas,lake,2014,7,30.926906106610147,same_month_all_years
SUGG,SUGG.AOS.buoy.c0,2014-07-18,SYNSP8,0.168,0.15,0.188,NA,1215,25.3125,Schindler-Patalas,lake,2014,7,30.926906106610147,same_month_all_years
SUGG,SUGG.AOS.littoral1,2014-07-18,SYNSP8,0.171,0.15,0.188,NA,915,25.416666666666668,Schindler-Patalas,lake,2014,7,30.926906106610147,same_month_all_years
SUGG,SUGG.AOS.littoral2,2014-07-18,SYNSP8,0.218,0.175,0.262,NA,1194,33.166666666666664,Schindler-Patalas,lake,2014,7,30.926906106610147,same_month_all_years
SUGG,SUGG.AOS.buoy.c0,2014-07-18,TRISIM,0.125,0.125,0.125,NA,140,2.9166666666666665,Schindler-Patalas,lake,2014,7,30.926906106610147,same_month_all_years
SUGG,SUGG.AOS.littoral1,2014-07-18,TRISIM,0.088,0.088,0.088,NA,146,4.055555555555555,Schindler-Patalas,lake,2014,7,30.926906106610147,same_month_all_years
SUGG,SUGG.AOS.littoral2,2014-07-18,TRISIM,0.125,0.125,0.125,NA,181,5.027777777777778,Schindler-Patalas,lake,2014,7,30.926906106610147,same_month_all_years
SUGG,SUGG.AOS.buoy.c0,2014-07-18,TROPRA1,0.47,0.4,0.5,NA,935,19.479166666666668,Schindler-Patalas,lake,2014,7,30.926906106610147,same_month_all_years
SUGG,SUGG.AOS.littoral1,2014-07-18,TROPRA1,0.47,0.4,0.5,NA,416,11.555555555555555,Schindler-Patalas,lake,2014,7,30.926906106610147,same_month_all_years
SUGG,SUGG.AOS.littoral2,2014-07-18,TROPRA1,0.469,0.425,0.5,NA,145,4.027777777777778,Schindler-Patalas,lake,2014,7,30.926906106610147,same_month_all_years
SUGG,SUGG.AOS.littoral2,2015-02-18,ACRHAR,0.75,0.75,0.75,NA,4,0.16666666666666666,Schindler-Patalas,lake,2015,2,18.404846271705313,same_month_all_years
SUGG,SUGG.AOS.buoy.c0,2015-02-18,CALSP1,0.653,0.4,1.05,NA,228,4.75,Schindler-Patalas,lake,2015,2,18.404846271705313,same_month_all_years
SUGG,SUGG.AOS.littoral1,2015-02-18,CALSP1,0.758,0.4,1.075,NA,121,5.041666666666667,Schindler-Patalas,lake,2015,2,18.404846271705313,same_month_all_years
SUGG,SUGG.AOS.littoral2,2015-02-18,CALSP1,0.6,0.35,0.95,NA,330,13.75,Schindler-Patalas,lake,2015,2,18.404846271705313,same_month_all_years
SUGG,SUGG.AOS.littoral1,2015-02-18,CHYSPH,0.225,0.225,0.225,NA,14,0.5833333333333334,Schindler-Patalas,lake,2015,2,18.404846271705313,same_month_all_years
SUGG,SUGG.AOS.littoral2,2015-02-18,CHYSPH,0.225,0.225,0.225,NA,8,0.3333333333333333,Schindler-Patalas,lake,2015,2,18.404846271705313,same_month_all_years
SUGG,SUGG.AOS.buoy.c0,2015-02-18,CONSP8,0.161,0.15,0.162,NA,2236,46.583333333333336,Schindler-Patalas,lake,2015,2,18.404846271705313,same_month_all_years
SUGG,SUGG.AOS.littoral1,2015-02-18,CONSP8,0.16,0.15,0.162,NA,782,32.583333333333336,Schindler-Patalas,lake,2015,2,18.404846271705313,same_month_all_years
SUGG,SUGG.AOS.littoral2,2015-02-18,CONSP8,0.159,0.125,0.188,NA,1009,42.041666666666664,Schindler-Patalas,lake,2015,2,18.404846271705313,same_month_all_years
SUGG,SUGG.AOS.buoy.c0,2015-02-18,CYCSP,0.362,0.325,0.425,NA,53,1.1041666666666667,Schindler-Patalas,lake,2015,2,18.404846271705313,same_month_all_years
SUGG,SUGG.AOS.littoral1,2015-02-18,CYCSP,0.352,0.25,0.45,NA,48,2,Schindler-Patalas,lake,2015,2,18.404846271705313,same_month_all_years
SUGG,SUGG.AOS.littoral2,2015-02-18,CYCSP,0.329,0.25,0.425,NA,24,1,Schindler-Patalas,lake,2015,2,18.404846271705313,same_month_all_years
SUGG,SUGG.AOS.buoy.c0,2015-02-18,DAPAMB,0.594,0.575,0.625,NA,35,0.7291666666666666,Schindler-Patalas,lake,2015,2,18.404846271705313,same_month_all_years
SUGG,SUGG.AOS.littoral1,2015-02-18,DAPAMB,0.701,0.5,1.125,NA,164,6.833333333333333,Schindler-Patalas,lake,2015,2,18.404846271705313,same_month_all_years
SUGG,SUGG.AOS.littoral2,2015-02-18,EUCSP7,NA,NA,NA,NA,4,0.16666666666666666,Schindler-Patalas,lake,2015,2,18.404846271705313,same_month_all_years
SUGG,SUGG.AOS.buoy.c0,2015-02-18,GASSTY,0.1,0.1,0.1,NA,18,0.375,Schindler-Patalas,lake,2015,2,18.404846271705313,same_month_all_years
SUGG,SUGG.AOS.littoral1,2015-02-18,GASSTY,0.125,0.125,0.125,NA,29,1.2083333333333333,Schindler-Patalas,lake,2015,2,18.404846271705313,same_month_all_years
SUGG,SUGG.AOS.littoral2,2015-02-18,GASSTY,0.125,0.125,0.125,NA,20,0.8333333333333334,Schindler-Patalas,lake,2015,2,18.404846271705313,same_month_all_years
SUGG,SUGG.AOS.buoy.c0,2015-02-18,HESAUG,1.125,1.075,1.175,NA,26,0.5416666666666666,Schindler-Patalas,lake,2015,2,18.404846271705313,same_month_all_years
SUGG,SUGG.AOS.littoral1,2015-02-18,HESAUG,1.17,1.05,1.375,NA,82,3.4166666666666665,Schindler-Patalas,lake,2015,2,18.404846271705313,same_month_all_years
SUGG,SUGG.AOS.littoral2,2015-02-18,HESAUG,1.125,1.125,1.125,NA,12,0.5,Schindler-Patalas,lake,2015,2,18.404846271705313,same_month_all_years
SUGG,SUGG.AOS.buoy.c0,2015-02-18,OXYSP3,NA,NA,NA,NA,18,0.375,Schindler-Patalas,lake,2015,2,18.404846271705313,same_month_all_years
SUGG,SUGG.AOS.littoral1,2015-02-18,OXYSP3,0.6,0.6,0.6,NA,5,0.20833333333333337,Schindler-Patalas,lake,2015,2,18.404846271705313,same_month_all_years
SUGG,SUGG.AOS.buoy.c0,2015-02-18,SYNSP8,0.169,0.15,0.188,NA,35,0.7291666666666666,Schindler-Patalas,lake,2015,2,18.404846271705313,same_month_all_years
SUGG,SUGG.AOS.littoral1,2015-02-18,SYNSP8,0.198,0.162,0.25,NA,126,5.25,Schindler-Patalas,lake,2015,2,18.404846271705313,same_month_all_years
SUGG,SUGG.AOS.littoral2,2015-02-18,SYNSP8,0.25,0.25,0.25,NA,81,3.375,Schindler-Patalas,lake,2015,2,18.404846271705313,same_month_all_years
SUGG,SUGG.AOS.littoral1,2015-02-18,TESSP2,NA,NA,NA,NA,5,0.20833333333333337,Schindler-Patalas,lake,2015,2,18.404846271705313,same_month_all_years
SUGG,SUGG.AOS.buoy.c0,2015-02-18,TRISIM,NA,NA,NA,NA,9,0.1875,Schindler-Patalas,lake,2015,2,18.404846271705313,same_month_all_years
SUGG,SUGG.AOS.buoy.c0,2015-02-18,TROPRA1,0.511,0.45,0.55,NA,61,1.2708333333333333,Schindler-Patalas,lake,2015,2,18.404846271705313,same_month_all_years
SUGG,SUGG.AOS.littoral1,2015-02-18,TROPRA1,0.515,0.45,0.55,NA,63,2.625,Schindler-Patalas,lake,2015,2,18.404846271705313,same_month_all_years
SUGG,SUGG.AOS.littoral2,2015-02-18,TROPRA1,0.533,0.5,0.55,NA,33,1.375,Schindler-Patalas,lake,2015,2,18.404846271705313,same_month_all_years
SUGG,SUGG.AOS.littoral2,2017-06-29,ALOSP2,0.32,0.3,0.33,NA,41,1.7083333333333333,Schindler-Patalas,lake,2017,6,29.80901657315516,same_month_all_years
SUGG,SUGG.AOS.buoy.c0,2017-06-29,ARCFLO,0.9,0.83,1.05,NA,4120,171.66666666666666,Schindler-Patalas,lake,2017,6,29.80901657315516,same_month_all_years
SUGG,SUGG.AOS.littoral1,2017-06-29,ARCFLO,0.98,0.83,1.1,NA,442,18.416666666666668,Schindler-Patalas,lake,2017,6,29.80901657315516,same_month_all_years
SUGG,SUGG.AOS.littoral2,2017-06-29,ARCFLO,0.94,0.85,1.08,NA,918,38.25,Schindler-Patalas,lake,2017,6,29.80901657315516,same_month_all_years
SUGG,SUGG.AOS.littoral2,2017-06-29,BEASP1,0.2,0.2,0.2,NA,14,0.5833333333333334,Schindler-Patalas,lake,2017,6,29.80901657315516,same_month_all_years
SUGG,SUGG.AOS.buoy.c0,2017-06-29,CALSP1,0.5,0.35,0.7,NA,1600,66.66666666666667,Schindler-Patalas,lake,2017,6,29.80901657315516,same_month_all_years
SUGG,SUGG.AOS.littoral1,2017-06-29,CALSP1,0.63,0.43,0.85,NA,639,26.625,Schindler-Patalas,lake,2017,6,29.80901657315516,same_month_all_years
SUGG,SUGG.AOS.littoral2,2017-06-29,CALSP1,0.57,0.38,0.83,NA,446,18.583333333333332,Schindler-Patalas,lake,2017,6,29.80901657315516,same_month_all_years
SUGG,SUGG.AOS.buoy.c0,2017-06-29,CHYSP,0.4,0.4,0.4,NA,40,1.6666666666666667,Schindler-Patalas,lake,2017,6,29.80901657315516,same_month_all_years
SUGG,SUGG.AOS.littoral1,2017-06-29,CHYSP,0.25,0.25,0.25,NA,7,0.2916666666666667,Schindler-Patalas,lake,2017,6,29.80901657315516,same_month_all_years
SUGG,SUGG.AOS.buoy.c0,2017-06-29,CYCSP,0.44,0.43,0.45,NA,120,5,Schindler-Patalas,lake,2017,6,29.80901657315516,same_month_all_years
SUGG,SUGG.AOS.littoral1,2017-06-29,CYCSP,0.52,0.35,0.7,NA,190,7.916666666666667,Schindler-Patalas,lake,2017,6,29.80901657315516,same_month_all_years
SUGG,SUGG.AOS.littoral2,2017-06-29,CYCSP,0.43,0.25,0.6,NA,149,6.208333333333333,Schindler-Patalas,lake,2017,6,29.80901657315516,same_month_all_years
SUGG,SUGG.AOS.buoy.c0,2017-06-29,DAPAMB,0.75,0.5,0.95,NA,760,31.666666666666668,Schindler-Patalas,lake,2017,6,29.80901657315516,same_month_all_years
SUGG,SUGG.AOS.littoral1,2017-06-29,DAPAMB,0.68,0.5,0.83,NA,27,1.125,Schindler-Patalas,lake,2017,6,29.80901657315516,same_month_all_years
SUGG,SUGG.AOS.littoral2,2017-06-29,DAPAMB,0.67,0.5,1.08,NA,230,9.583333333333334,Schindler-Patalas,lake,2017,6,29.80901657315516,same_month_all_years
SUGG,SUGG.AOS.buoy.c0,2017-06-29,DIASP10,0.48,0.35,0.7,NA,600,25,Schindler-Patalas,lake,2017,6,29.80901657315516,same_month_all_years
SUGG,SUGG.AOS.littoral1,2017-06-29,DIASP10,0.47,0.3,0.7,NA,272,11.333333333333334,Schindler-Patalas,lake,2017,6,29.80901657315516,same_month_all_years
SUGG,SUGG.AOS.littoral2,2017-06-29,DIASP10,0.57,0.35,0.85,NA,203,8.458333333333334,Schindler-Patalas,lake,2017,6,29.80901657315516,same_month_all_years
SUGG,SUGG.AOS.littoral2,2017-06-29,HEXMIR,0.18,0.18,0.18,NA,14,0.5833333333333334,Schindler-Patalas,lake,2017,6,29.80901657315516,same_month_all_years
SUGG,SUGG.AOS.buoy.c0,2017-06-29,KERGRA,0.15,0.15,0.15,NA,40,1.6666666666666667,Schindler-Patalas,lake,2017,6,29.80901657315516,same_month_all_years
SUGG,SUGG.AOS.littoral1,2017-06-29,KERGRA,0.18,0.18,0.18,NA,20,0.8333333333333334,Schindler-Patalas,lake,2017,6,29.80901657315516,same_month_all_years
SUGG,SUGG.AOS.littoral2,2017-06-29,KERGRA,0.18,0.18,0.18,NA,27,1.125,Schindler-Patalas,lake,2017,6,29.80901657315516,same_month_all_years
SUGG,SUGG.AOS.littoral1,2017-06-29,LECLEO,0.08,0.08,0.08,NA,14,0.5833333333333334,Schindler-Patalas,lake,2017,6,29.80901657315516,same_month_all_years
SUGG,SUGG.AOS.littoral2,2017-06-29,LECLEO,0.13,0.13,0.13,NA,27,1.125,Schindler-Patalas,lake,2017,6,29.80901657315516,same_month_all_years
SUGG,SUGG.AOS.littoral1,2017-06-29,LECSP1,0.18,0.18,0.18,NA,7,0.2916666666666667,Schindler-Patalas,lake,2017,6,29.80901657315516,same_month_all_years
SUGG,SUGG.AOS.littoral2,2017-06-29,LECSP1,0.18,0.18,0.18,NA,14,0.5833333333333334,Schindler-Patalas,lake,2017,6,29.80901657315516,same_month_all_years
SUGG,SUGG.AOS.littoral2,2017-06-29,LECSTO,0.1,0.1,0.1,NA,14,0.5833333333333334,Schindler-Patalas,lake,2017,6,29.80901657315516,same_month_all_years
SUGG,SUGG.AOS.buoy.c0,2017-06-29,MACSP4,0.6,0.6,0.6,NA,40,1.6666666666666667,Schindler-Patalas,lake,2017,6,29.80901657315516,same_month_all_years
SUGG,SUGG.AOS.littoral1,2017-06-29,MACSP4,0.48,0.45,0.5,NA,20,0.8333333333333334,Schindler-Patalas,lake,2017,6,29.80901657315516,same_month_all_years
SUGG,SUGG.AOS.littoral2,2017-06-29,MACSP4,0.45,0.38,0.53,NA,27,1.125,Schindler-Patalas,lake,2017,6,29.80901657315516,same_month_all_years
SUGG,SUGG.AOS.buoy.c0,2017-06-29,MESEDA,1.01,0.7,1.5,NA,400,16.666666666666668,Schindler-Patalas,lake,2017,6,29.80901657315516,same_month_all_years
SUGG,SUGG.AOS.littoral1,2017-06-29,MESEDA,0.89,0.75,1.15,NA,197,8.208333333333334,Schindler-Patalas,lake,2017,6,29.80901657315516,same_month_all_years
SUGG,SUGG.AOS.littoral2,2017-06-29,MESEDA,0.9,0.68,1.45,NA,473,19.708333333333332,Schindler-Patalas,lake,2017,6,29.80901657315516,same_month_all_years
SUGG,SUGG.AOS.littoral1,2017-06-29,MONBUL,0.1,0.1,0.1,NA,14,0.5833333333333334,Schindler-Patalas,lake,2017,6,29.80901657315516,same_month_all_years
SUGG,SUGG.AOS.littoral2,2017-06-29,MONBUL,0.1,0.1,0.1,NA,54,2.25,Schindler-Patalas,lake,2017,6,29.80901657315516,same_month_all_years
SUGG,SUGG.AOS.littoral2,2017-06-29,MONLUN,0.15,0.15,0.15,NA,27,1.125,Schindler-Patalas,lake,2017,6,29.80901657315516,same_month_all_years
SUGG,SUGG.AOS.littoral2,2017-06-29,MONQUA,0.08,0.08,0.08,NA,14,0.5833333333333334,Schindler-Patalas,lake,2017,6,29.80901657315516,same_month_all_years
SUGG,SUGG.AOS.littoral2,2017-06-29,MONSP8,0.1,0.1,0.1,NA,27,1.125,Schindler-Patalas,lake,2017,6,29.80901657315516,same_month_all_years
SUGG,SUGG.AOS.littoral2,2017-06-29,OSTSP,0.15,0.15,0.15,NA,14,0.5833333333333334,Schindler-Patalas,lake,2017,6,29.80901657315516,same_month_all_years
SUGG,SUGG.AOS.littoral2,2017-06-29,PLOLEN,0.18,0.18,0.18,NA,14,0.5833333333333334,Schindler-Patalas,lake,2017,6,29.80901657315516,same_month_all_years
SUGG,SUGG.AOS.littoral2,2017-06-29,TESSP2,0.18,0.18,0.18,NA,14,0.5833333333333334,Schindler-Patalas,lake,2017,6,29.80901657315516,same_month_all_years
SUGG,SUGG.AOS.littoral2,2017-06-29,TRITET,0.15,0.15,0.15,NA,14,0.5833333333333334,Schindler-Patalas,lake,2017,6,29.80901657315516,same_month_all_years
SUGG,SUGG.AOS.buoy.c0,2017-06-29,TROPRA1,0.4,0.38,0.43,NA,120,5,Schindler-Patalas,lake,2017,6,29.80901657315516,same_month_all_years
SUGG,SUGG.AOS.littoral1,2017-06-29,TROPRA1,0.47,0.4,0.5,NA,41,1.7083333333333333,Schindler-Patalas,lake,2017,6,29.80901657315516,same_month_all_years
SUGG,SUGG.AOS.littoral2,2017-06-29,TROPRA1,0.46,0.43,0.5,NA,27,1.125,Schindler-Patalas,lake,2017,6,29.80901657315516,same_month_all_years
SUGG,SUGG.AOS.buoy.c0,2017-11-03,ARCFLO,1.17,1.05,1.35,NA,255,7.083333333333333,Schindler-Patalas,lake,2017,11,20.31769010325984,exact_month_year
SUGG,SUGG.AOS.littoral1,2017-11-03,ARCFLO,1.14,0.95,1.35,NA,40,1.6666666666666667,Schindler-Patalas,lake,2017,11,20.31769010325984,exact_month_year
SUGG,SUGG.AOS.littoral2,2017-11-03,ARCFLO,1.17,1.05,1.38,NA,33,1.375,Schindler-Patalas,lake,2017,11,20.31769010325984,exact_month_year
SUGG,SUGG.AOS.buoy.c0,2017-11-03,CALSP1,0.56,0.33,0.93,NA,315,8.75,Schindler-Patalas,lake,2017,11,20.31769010325984,exact_month_year
SUGG,SUGG.AOS.littoral1,2017-11-03,CALSP1,0.46,0.3,0.85,NA,470,19.583333333333332,Schindler-Patalas,lake,2017,11,20.31769010325984,exact_month_year
SUGG,SUGG.AOS.littoral2,2017-11-03,CALSP1,0.56,0.33,0.88,NA,267,11.125,Schindler-Patalas,lake,2017,11,20.31769010325984,exact_month_year
SUGG,SUGG.AOS.buoy.c0,2017-11-03,CYCSP,0.57,0.43,0.68,NA,180,5,Schindler-Patalas,lake,2017,11,20.31769010325984,exact_month_year
SUGG,SUGG.AOS.littoral1,2017-11-03,CYCSP,0.56,0.35,0.8,NA,210,8.75,Schindler-Patalas,lake,2017,11,20.31769010325984,exact_month_year
SUGG,SUGG.AOS.littoral2,2017-11-03,CYCSP,0.59,0.43,0.83,NA,293,12.208333333333334,Schindler-Patalas,lake,2017,11,20.31769010325984,exact_month_year
SUGG,SUGG.AOS.buoy.c0,2017-11-03,DAPAMB,0.71,0.5,1,NA,1305,36.25,Schindler-Patalas,lake,2017,11,20.31769010325984,exact_month_year
SUGG,SUGG.AOS.littoral1,2017-11-03,DAPAMB,0.78,0.58,1.05,NA,830,34.583333333333336,Schindler-Patalas,lake,2017,11,20.31769010325984,exact_month_year
SUGG,SUGG.AOS.littoral2,2017-11-03,DAPAMB,0.84,0.5,1.05,NA,653,27.208333333333332,Schindler-Patalas,lake,2017,11,20.31769010325984,exact_month_year
SUGG,SUGG.AOS.buoy.c0,2017-11-03,DIASP10,0.69,0.35,0.85,NA,375,10.416666666666666,Schindler-Patalas,lake,2017,11,20.31769010325984,exact_month_year
SUGG,SUGG.AOS.littoral1,2017-11-03,DIASP10,0.67,0.33,1.05,NA,170,7.083333333333333,Schindler-Patalas,lake,2017,11,20.31769010325984,exact_month_year
SUGG,SUGG.AOS.littoral2,2017-11-03,DIASP10,0.58,0.35,0.9,NA,167,6.958333333333333,Schindler-Patalas,lake,2017,11,20.31769010325984,exact_month_year
SUGG,SUGG.AOS.littoral1,2017-11-03,EUCSP7,0.15,0.15,0.15,NA,10,0.4166666666666667,Schindler-Patalas,lake,2017,11,20.31769010325984,exact_month_year
SUGG,SUGG.AOS.littoral2,2017-11-03,EUCSP7,0.18,0.18,0.18,NA,7,0.2916666666666667,Schindler-Patalas,lake,2017,11,20.31769010325984,exact_month_year
SUGG,SUGG.AOS.littoral2,2017-11-03,ILYSP5,0.33,0.33,0.33,NA,7,0.2916666666666667,Schindler-Patalas,lake,2017,11,20.31769010325984,exact_month_year
SUGG,SUGG.AOS.buoy.c0,2017-11-03,KERGRA,0.18,0.18,0.18,NA,15,0.4166666666666667,Schindler-Patalas,lake,2017,11,20.31769010325984,exact_month_year
SUGG,SUGG.AOS.littoral1,2017-11-03,LECSP1,0.1,0.1,0.1,NA,10,0.4166666666666667,Schindler-Patalas,lake,2017,11,20.31769010325984,exact_month_year
SUGG,SUGG.AOS.littoral1,2017-11-03,MACSP4,0.45,0.45,0.45,NA,10,0.4166666666666667,Schindler-Patalas,lake,2017,11,20.31769010325984,exact_month_year
SUGG,SUGG.AOS.buoy.c0,2017-11-03,MESEDA,1.02,0.8,1.53,NA,195,5.416666666666667,Schindler-Patalas,lake,2017,11,20.31769010325984,exact_month_year
SUGG,SUGG.AOS.littoral1,2017-11-03,MESEDA,0.89,0.75,1.35,NA,50,2.0833333333333335,Schindler-Patalas,lake,2017,11,20.31769010325984,exact_month_year
SUGG,SUGG.AOS.littoral2,2017-11-03,MESEDA,1.08,0.75,1.5,NA,107,4.458333333333333,Schindler-Patalas,lake,2017,11,20.31769010325984,exact_month_year
SUGG,SUGG.AOS.littoral1,2017-11-03,MONBUL,0.1,0.1,0.1,NA,20,0.8333333333333334,Schindler-Patalas,lake,2017,11,20.31769010325984,exact_month_year
SUGG,SUGG.AOS.littoral2,2017-11-03,MONSP8,0.08,0.08,0.08,NA,7,0.2916666666666667,Schindler-Patalas,lake,2017,11,20.31769010325984,exact_month_year
SUGG,SUGG.AOS.buoy.c0,2017-11-03,MONSP9,0.13,0.13,0.13,NA,15,0.4166666666666667,Schindler-Patalas,lake,2017,11,20.31769010325984,exact_month_year
SUGG,SUGG.AOS.littoral1,2017-11-03,MONSP9,0.13,0.13,0.13,NA,10,0.4166666666666667,Schindler-Patalas,lake,2017,11,20.31769010325984,exact_month_year
SUGG,SUGG.AOS.littoral2,2017-11-03,MONSP9,0.13,0.13,0.13,NA,7,0.2916666666666667,Schindler-Patalas,lake,2017,11,20.31769010325984,exact_month_year
SUGG,SUGG.AOS.littoral1,2017-11-03,OSTSP,0.15,0.15,0.15,NA,10,0.4166666666666667,Schindler-Patalas,lake,2017,11,20.31769010325984,exact_month_year
SUGG,SUGG.AOS.littoral2,2017-11-03,PLAQUA,0.16,0.1,0.2,NA,20,0.8333333333333334,Schindler-Patalas,lake,2017,11,20.31769010325984,exact_month_year
SUGG,SUGG.AOS.buoy.c0,2017-11-03,TESSP2,0.15,0.15,0.15,NA,15,0.4166666666666667,Schindler-Patalas,lake,2017,11,20.31769010325984,exact_month_year
SUGG,SUGG.AOS.buoy.c0,2018-02-12,ALOSP2,0.5,0.5,0.5,NA,10,0.2777777777777778,Schindler-Patalas,lake,2018,2,18.08444962093657,exact_month_year
SUGG,SUGG.AOS.littoral1,2018-02-12,ALOSP2,0.33,0.23,0.45,NA,29,1.2083333333333333,Schindler-Patalas,lake,2018,2,18.08444962093657,exact_month_year
SUGG,SUGG.AOS.littoral2,2018-02-12,ALOSP2,0.47,0.38,0.63,NA,15,0.625,Schindler-Patalas,lake,2018,2,18.08444962093657,exact_month_year
SUGG,SUGG.AOS.buoy.c0,2018-02-12,ARCFLO,1,0.93,1.13,NA,440,12.22222222222222,Schindler-Patalas,lake,2018,2,18.08444962093657,exact_month_year
SUGG,SUGG.AOS.littoral1,2018-02-12,ARCFLO,0.99,0.93,1.03,NA,11,0.4583333333333333,Schindler-Patalas,lake,2018,2,18.08444962093657,exact_month_year
SUGG,SUGG.AOS.littoral2,2018-02-12,ARCFLO,1.09,0.95,1.2,NA,150,6.25,Schindler-Patalas,lake,2018,2,18.08444962093657,exact_month_year
SUGG,SUGG.AOS.littoral1,2018-02-12,BDESP,NA,NA,NA,NA,9,0.375,Schindler-Patalas,lake,2018,2,18.08444962093657,exact_month_year
SUGG,SUGG.AOS.buoy.c0,2018-02-12,CALSP1,0.78,0.63,0.9,NA,150,4.166666666666667,Schindler-Patalas,lake,2018,2,18.08444962093657,exact_month_year
SUGG,SUGG.AOS.littoral2,2018-02-12,CALSP1,0.78,0.78,0.78,NA,5,0.20833333333333337,Schindler-Patalas,lake,2018,2,18.08444962093657,exact_month_year
SUGG,SUGG.AOS.littoral1,2018-02-12,CEPSP5,0.18,0.18,0.18,NA,3,0.125,Schindler-Patalas,lake,2018,2,18.08444962093657,exact_month_year
SUGG,SUGG.AOS.buoy.c0,2018-02-12,CHYSP,0.25,0.25,0.25,NA,20,0.5555555555555556,Schindler-Patalas,lake,2018,2,18.08444962093657,exact_month_year
SUGG,SUGG.AOS.littoral1,2018-02-12,CHYSP,0.19,0.18,0.2,NA,9,0.375,Schindler-Patalas,lake,2018,2,18.08444962093657,exact_month_year
SUGG,SUGG.AOS.littoral2,2018-02-12,CHYSP2,0.26,0.25,0.28,NA,15,0.625,Schindler-Patalas,lake,2018,2,18.08444962093657,exact_month_year
SUGG,SUGG.AOS.buoy.c0,2018-02-12,CHYSPH,0.18,0.18,0.2,NA,30,0.8333333333333334,Schindler-Patalas,lake,2018,2,18.08444962093657,exact_month_year
SUGG,SUGG.AOS.littoral1,2018-02-12,CHYSPH,0.23,0.18,0.3,NA,194,8.083333333333334,Schindler-Patalas,lake,2018,2,18.08444962093657,exact_month_year
SUGG,SUGG.AOS.littoral2,2018-02-12,CHYSPH,0.25,0.25,0.25,NA,10,0.4166666666666667,Schindler-Patalas,lake,2018,2,18.08444962093657,exact_month_year
SUGG,SUGG.AOS.buoy.c0,2018-02-12,CONUNI,0.12,0.1,0.15,0.08,220,6.111111111111111,Schindler-Patalas,lake,2018,2,18.08444962093657,exact_month_year
SUGG,SUGG.AOS.littoral1,2018-02-12,CONUNI,0.2,0.2,0.2,0.08,63,2.625,Schindler-Patalas,lake,2018,2,18.08444962093657,exact_month_year
SUGG,SUGG.AOS.buoy.c0,2018-02-12,CYCSP,0.54,0.4,0.88,NA,260,7.222222222222222,Schindler-Patalas,lake,2018,2,18.08444962093657,exact_month_year
SUGG,SUGG.AOS.littoral1,2018-02-12,CYCSP,0.5,0.25,0.9,NA,17,0.7083333333333334,Schindler-Patalas,lake,2018,2,18.08444962093657,exact_month_year
SUGG,SUGG.AOS.littoral2,2018-02-12,CYCSP,0.54,0.28,0.78,NA,135,5.625,Schindler-Patalas,lake,2018,2,18.08444962093657,exact_month_year
SUGG,SUGG.AOS.buoy.c0,2018-02-12,DAPAMB,0.7,0.5,1.05,NA,690,19.166666666666668,Schindler-Patalas,lake,2018,2,18.08444962093657,exact_month_year
SUGG,SUGG.AOS.littoral1,2018-02-12,DAPAMB,0.69,0.5,1.03,NA,74,3.0833333333333335,Schindler-Patalas,lake,2018,2,18.08444962093657,exact_month_year
SUGG,SUGG.AOS.littoral2,2018-02-12,DAPAMB,0.71,0.45,1.08,NA,435,18.125,Schindler-Patalas,lake,2018,2,18.08444962093657,exact_month_year
SUGG,SUGG.AOS.buoy.c0,2018-02-12,DIASP10,0.56,0.4,0.95,NA,580,16.11111111111111,Schindler-Patalas,lake,2018,2,18.08444962093657,exact_month_year
SUGG,SUGG.AOS.littoral1,2018-02-12,DIASP10,0.45,0.38,0.58,NA,74,3.0833333333333335,Schindler-Patalas,lake,2018,2,18.08444962093657,exact_month_year
SUGG,SUGG.AOS.littoral2,2018-02-12,DIASP10,0.54,0.35,0.9,NA,280,11.666666666666666,Schindler-Patalas,lake,2018,2,18.08444962093657,exact_month_year
SUGG,SUGG.AOS.buoy.c0,2018-02-12,DISHAM,0.3,0.3,0.3,NA,10,0.2777777777777778,Schindler-Patalas,lake,2018,2,18.08444962093657,exact_month_year
SUGG,SUGG.AOS.littoral1,2018-02-12,DISHAM,0.3,0.25,0.35,NA,43,1.7916666666666667,Schindler-Patalas,lake,2018,2,18.08444962093657,exact_month_year
SUGG,SUGG.AOS.littoral2,2018-02-12,DISHAM,0.29,0.25,0.33,NA,25,1.0416666666666667,Schindler-Patalas,lake,2018,2,18.08444962093657,exact_month_year
SUGG,SUGG.AOS.littoral1,2018-02-12,EUCSP7,0.3,0.3,0.3,NA,3,0.125,Schindler-Patalas,lake,2018,2,18.08444962093657,exact_month_year
SUGG,SUGG.AOS.littoral2,2018-02-12,EUCSP7,0.25,0.25,0.25,NA,5,0.20833333333333337,Schindler-Patalas,lake,2018,2,18.08444962093657,exact_month_year
SUGG,SUGG.AOS.littoral1,2018-02-12,KERSER,0.15,0.15,0.15,NA,3,0.125,Schindler-Patalas,lake,2018,2,18.08444962093657,exact_month_year
SUGG,SUGG.AOS.littoral1,2018-02-12,LEPSP32,0.1,0.1,0.1,NA,3,0.125,Schindler-Patalas,lake,2018,2,18.08444962093657,exact_month_year
SUGG,SUGG.AOS.littoral1,2018-02-12,MESEDA,0.78,0.78,0.78,NA,3,0.125,Schindler-Patalas,lake,2018,2,18.08444962093657,exact_month_year
SUGG,SUGG.AOS.littoral2,2018-02-12,MESEDA,1.16,1,1.33,NA,25,1.0416666666666667,Schindler-Patalas,lake,2018,2,18.08444962093657,exact_month_year
SUGG,SUGG.AOS.littoral1,2018-02-12,MONSP8,0.1,0.1,0.1,NA,3,0.125,Schindler-Patalas,lake,2018,2,18.08444962093657,exact_month_year
SUGG,SUGG.AOS.littoral1,2018-02-12,NOTSP4,0.2,0.2,0.2,NA,3,0.125,Schindler-Patalas,lake,2018,2,18.08444962093657,exact_month_year
SUGG,SUGG.AOS.buoy.c0,2018-02-12,OSTSP,0.15,0.15,0.15,NA,10,0.2777777777777778,Schindler-Patalas,lake,2018,2,18.08444962093657,exact_month_year
SUGG,SUGG.AOS.littoral1,2018-02-12,OSTSP,0.21,0.13,0.5,NA,31,1.2916666666666667,Schindler-Patalas,lake,2018,2,18.08444962093657,exact_month_year
SUGG,SUGG.AOS.littoral2,2018-02-12,OSTSP,0.45,0.45,0.45,NA,5,0.20833333333333337,Schindler-Patalas,lake,2018,2,18.08444962093657,exact_month_year
SUGG,SUGG.AOS.littoral1,2018-02-12,ROTSP,0.13,0.13,0.13,NA,3,0.125,Schindler-Patalas,lake,2018,2,18.08444962093657,exact_month_year
SUGG,SUGG.AOS.littoral1,2018-02-12,SIMSP3,1.4,1.4,1.4,NA,3,0.125,Schindler-Patalas,lake,2018,2,18.08444962093657,exact_month_year
SUGG,SUGG.AOS.littoral1,2018-02-12,TESSP2,0.18,0.18,0.18,NA,6,0.25,Schindler-Patalas,lake,2018,2,18.08444962093657,exact_month_year
SUGG,SUGG.AOS.littoral2,2018-02-12,TESSP2,0.17,0.15,0.18,NA,15,0.625,Schindler-Patalas,lake,2018,2,18.08444962093657,exact_month_year
SUGG,SUGG.AOS.littoral1,2018-02-12,TRIELO,0.28,0.25,0.3,0.08,6,0.25,Schindler-Patalas,lake,2018,2,18.08444962093657,exact_month_year
SUGG,SUGG.AOS.buoy.c0,2018-02-12,TRISP31,0.3,0.3,0.3,0.08,10,0.2777777777777778,Schindler-Patalas,lake,2018,2,18.08444962093657,exact_month_year
SUGG,SUGG.AOS.littoral1,2018-02-12,TROPRA1,0.55,0.55,0.55,NA,3,0.125,Schindler-Patalas,lake,2018,2,18.08444962093657,exact_month_year
SUGG,SUGG.AOS.littoral2,2018-02-12,TROPRA1,0.47,0.38,0.53,NA,20,0.8333333333333334,Schindler-Patalas,lake,2018,2,18.08444962093657,exact_month_year
SUGG,SUGG.AOS.buoy.c0,2018-07-02,ARCFLO,1.05,0.93,1.18,NA,840,23.333333333333332,Schindler-Patalas,lake,2018,7,30.036299251492295,exact_month_year
SUGG,SUGG.AOS.littoral1,2018-07-02,ARCFLO,1.01,0.9,1.2,NA,1344,37.333333333333336,Schindler-Patalas,lake,2018,7,30.036299251492295,exact_month_year
SUGG,SUGG.AOS.littoral2,2018-07-02,ARCFLO,1.02,0.93,1.2,NA,132,5.5,Schindler-Patalas,lake,2018,7,30.036299251492295,exact_month_year
SUGG,SUGG.AOS.buoy.c0,2018-07-02,CALSP1,0.56,0.35,0.85,NA,1700,47.22222222222222,Schindler-Patalas,lake,2018,7,30.036299251492295,exact_month_year
SUGG,SUGG.AOS.littoral1,2018-07-02,CALSP1,0.55,0.33,0.88,NA,1200,33.333333333333336,Schindler-Patalas,lake,2018,7,30.036299251492295,exact_month_year
SUGG,SUGG.AOS.littoral2,2018-07-02,CALSP1,0.57,0.38,0.83,NA,288,12,Schindler-Patalas,lake,2018,7,30.036299251492295,exact_month_year
SUGG,SUGG.AOS.littoral1,2018-07-02,CONUNI,0.14,0.13,0.23,0.08,720,20,Schindler-Patalas,lake,2018,7,30.036299251492295,exact_month_year
SUGG,SUGG.AOS.buoy.c0,2018-07-02,CYCSP,0.28,0.28,0.28,NA,20,0.5555555555555556,Schindler-Patalas,lake,2018,7,30.036299251492295,exact_month_year
SUGG,SUGG.AOS.littoral1,2018-07-02,CYCSP,0.39,0.33,0.43,NA,72,2,Schindler-Patalas,lake,2018,7,30.036299251492295,exact_month_year
SUGG,SUGG.AOS.littoral2,2018-07-02,CYCSP,0.61,0.53,0.68,NA,20,0.8333333333333334,Schindler-Patalas,lake,2018,7,30.036299251492295,exact_month_year
SUGG,SUGG.AOS.buoy.c0,2018-07-02,DAPAMB,0.74,0.5,1.08,NA,720,20,Schindler-Patalas,lake,2018,7,30.036299251492295,exact_month_year
SUGG,SUGG.AOS.littoral1,2018-07-02,DAPAMB,0.66,0.48,0.85,NA,408,11.333333333333334,Schindler-Patalas,lake,2018,7,30.036299251492295,exact_month_year
SUGG,SUGG.AOS.littoral2,2018-07-02,DAPAMB,0.73,0.5,0.93,NA,112,4.666666666666667,Schindler-Patalas,lake,2018,7,30.036299251492295,exact_month_year
SUGG,SUGG.AOS.buoy.c0,2018-07-02,DIASP10,0.44,0.33,0.7,NA,1080,30,Schindler-Patalas,lake,2018,7,30.036299251492295,exact_month_year
SUGG,SUGG.AOS.littoral1,2018-07-02,DIASP10,0.48,0.3,0.68,NA,1944,54,Schindler-Patalas,lake,2018,7,30.036299251492295,exact_month_year
SUGG,SUGG.AOS.littoral2,2018-07-02,DIASP10,0.55,0.33,0.83,NA,176,7.333333333333333,Schindler-Patalas,lake,2018,7,30.036299251492295,exact_month_year
SUGG,SUGG.AOS.littoral2,2018-07-02,EUBTUB,0.3,0.3,0.3,NA,4,0.16666666666666666,Schindler-Patalas,lake,2018,7,30.036299251492295,exact_month_year
SUGG,SUGG.AOS.littoral1,2018-07-02,MACSP4,0.38,0.38,0.38,NA,24,0.6666666666666666,Schindler-Patalas,lake,2018,7,30.036299251492295,exact_month_year
SUGG,SUGG.AOS.buoy.c0,2018-07-02,MESEDA,0.87,0.7,1.43,NA,220,6.111111111111111,Schindler-Patalas,lake,2018,7,30.036299251492295,exact_month_year
SUGG,SUGG.AOS.littoral1,2018-07-02,MESEDA,0.99,0.75,1.25,NA,96,2.6666666666666665,Schindler-Patalas,lake,2018,7,30.036299251492295,exact_month_year
SUGG,SUGG.AOS.littoral2,2018-07-02,MESEDA,0.78,0.65,0.93,NA,40,1.6666666666666667,Schindler-Patalas,lake,2018,7,30.036299251492295,exact_month_year
SUGG,SUGG.AOS.littoral2,2018-07-02,MONQUA,0.15,0.15,0.15,NA,4,0.16666666666666666,Schindler-Patalas,lake,2018,7,30.036299251492295,exact_month_year
SUGG,SUGG.AOS.littoral2,2018-07-02,OSTSP,0.15,0.15,0.15,NA,4,0.16666666666666666,Schindler-Patalas,lake,2018,7,30.036299251492295,exact_month_year
SUGG,SUGG.AOS.littoral1,2018-07-02,TROPRA1,0.5,0.5,0.5,NA,24,0.6666666666666666,Schindler-Patalas,lake,2018,7,30.036299251492295,exact_month_year
SUGG,SUGG.AOS.buoy.c0,2018-10-29,ARCFLO,0.99,0.85,1.18,NA,250,6.944444444444445,Schindler-Patalas,lake,2018,10,26.735434422766964,exact_month_year
SUGG,SUGG.AOS.littoral1,2018-10-29,ARCFLO,1.03,0.95,1.15,NA,876,36.5,Schindler-Patalas,lake,2018,10,26.735434422766964,exact_month_year
SUGG,SUGG.AOS.littoral2,2018-10-29,ARCFLO,1.01,0.85,1.15,NA,198,8.25,Schindler-Patalas,lake,2018,10,26.735434422766964,exact_month_year
SUGG,SUGG.AOS.littoral1,2018-10-29,BEASP1,0.23,0.23,0.23,NA,9,0.375,Schindler-Patalas,lake,2018,10,26.735434422766964,exact_month_year
SUGG,SUGG.AOS.buoy.c0,2018-10-29,CALSP1,0.61,0.3,0.88,NA,725,20.13888888888889,Schindler-Patalas,lake,2018,10,26.735434422766964,exact_month_year
SUGG,SUGG.AOS.littoral1,2018-10-29,CALSP1,0.33,0.33,0.33,NA,9,0.375,Schindler-Patalas,lake,2018,10,26.735434422766964,exact_month_year
SUGG,SUGG.AOS.littoral2,2018-10-29,CALSP1,0.57,0.33,0.78,NA,924,38.5,Schindler-Patalas,lake,2018,10,26.735434422766964,exact_month_year
SUGG,SUGG.AOS.buoy.c0,2018-10-29,CONSP8,0.19,0.15,0.23,0.07,625,17.36111111111111,Schindler-Patalas,lake,2018,10,26.735434422766964,exact_month_year
SUGG,SUGG.AOS.littoral1,2018-10-29,CONSP8,0.19,0.18,0.2,0.08,34,1.4166666666666667,Schindler-Patalas,lake,2018,10,26.735434422766964,exact_month_year
SUGG,SUGG.AOS.littoral2,2018-10-29,CONSP8,0.18,0.13,0.2,0.07,176,7.333333333333333,Schindler-Patalas,lake,2018,10,26.735434422766964,exact_month_year
SUGG,SUGG.AOS.buoy.c0,2018-10-29,CONUNI,0.15,0.15,0.15,0.05,50,1.3888888888888888,Schindler-Patalas,lake,2018,10,26.735434422766964,exact_month_year
SUGG,SUGG.AOS.littoral2,2018-10-29,CONUNI,0.2,0.15,0.2,0.05,1408,58.666666666666664,Schindler-Patalas,lake,2018,10,26.735434422766964,exact_month_year
SUGG,SUGG.AOS.buoy.c0,2018-10-29,CYCSP,0.48,0.38,0.58,NA,50,1.3888888888888888,Schindler-Patalas,lake,2018,10,26.735434422766964,exact_month_year
SUGG,SUGG.AOS.littoral1,2018-10-29,CYCSP,0.59,0.38,0.8,NA,17,0.7083333333333334,Schindler-Patalas,lake,2018,10,26.735434422766964,exact_month_year
SUGG,SUGG.AOS.buoy.c0,2018-10-29,DAPAMB,0.65,0.65,0.65,NA,25,0.6944444444444444,Schindler-Patalas,lake,2018,10,26.735434422766964,exact_month_year
SUGG,SUGG.AOS.littoral1,2018-10-29,DAPAMB,0.76,0.65,0.85,NA,51,2.125,Schindler-Patalas,lake,2018,10,26.735434422766964,exact_month_year
SUGG,SUGG.AOS.littoral2,2018-10-29,DAPAMB,0.71,0.55,0.85,NA,132,5.5,Schindler-Patalas,lake,2018,10,26.735434422766964,exact_month_year
SUGG,SUGG.AOS.buoy.c0,2018-10-29,DIASP10,0.46,0.3,0.6,NA,350,9.72222222222222,Schindler-Patalas,lake,2018,10,26.735434422766964,exact_month_year
SUGG,SUGG.AOS.littoral2,2018-10-29,DIASP10,0.47,0.35,0.6,NA,198,8.25,Schindler-Patalas,lake,2018,10,26.735434422766964,exact_month_year
SUGG,SUGG.AOS.littoral1,2018-10-29,EUCSP7,0.19,0.13,0.25,NA,17,0.7083333333333334,Schindler-Patalas,lake,2018,10,26.735434422766964,exact_month_year
SUGG,SUGG.AOS.buoy.c0,2018-10-29,HEXMIR,0.13,0.13,0.13,NA,3525,97.91666666666669,Schindler-Patalas,lake,2018,10,26.735434422766964,exact_month_year
SUGG,SUGG.AOS.littoral1,2018-10-29,HEXMIR,0.13,0.13,0.13,NA,357,14.875,Schindler-Patalas,lake,2018,10,26.735434422766964,exact_month_year
SUGG,SUGG.AOS.littoral2,2018-10-29,HEXMIR,0.13,0.13,0.13,NA,1826,76.08333333333333,Schindler-Patalas,lake,2018,10,26.735434422766964,exact_month_year
SUGG,SUGG.AOS.littoral1,2018-10-29,LECLEO,0.2,0.2,0.2,NA,9,0.375,Schindler-Patalas,lake,2018,10,26.735434422766964,exact_month_year
SUGG,SUGG.AOS.littoral1,2018-10-29,LECSTO,0.1,0.1,0.1,NA,9,0.375,Schindler-Patalas,lake,2018,10,26.735434422766964,exact_month_year
SUGG,SUGG.AOS.littoral1,2018-10-29,MESEDA,1.3,1.3,1.3,NA,9,0.375,Schindler-Patalas,lake,2018,10,26.735434422766964,exact_month_year
SUGG,SUGG.AOS.littoral2,2018-10-29,MESEDA,0.88,0.7,1.25,NA,88,3.6666666666666665,Schindler-Patalas,lake,2018,10,26.735434422766964,exact_month_year
SUGG,SUGG.AOS.littoral1,2018-10-29,MONSP9,0.13,0.13,0.13,NA,34,1.4166666666666667,Schindler-Patalas,lake,2018,10,26.735434422766964,exact_month_year
SUGG,SUGG.AOS.littoral1,2018-10-29,NOTSP4,0.19,0.18,0.2,NA,26,1.0833333333333333,Schindler-Patalas,lake,2018,10,26.735434422766964,exact_month_year
SUGG,SUGG.AOS.littoral1,2018-10-29,OSTSP,0.17,0.15,0.45,NA,179,7.458333333333333,Schindler-Patalas,lake,2018,10,26.735434422766964,exact_month_year
SUGG,SUGG.AOS.littoral1,2018-10-29,PLAQUA,0.1,0.1,0.1,NA,9,0.375,Schindler-Patalas,lake,2018,10,26.735434422766964,exact_month_year
SUGG,SUGG.AOS.littoral1,2018-10-29,ROTSP,0.23,0.23,0.23,NA,170,7.083333333333333,Schindler-Patalas,lake,2018,10,26.735434422766964,exact_month_year
SUGG,SUGG.AOS.littoral1,2018-10-29,TESSP2,0.16,0.13,0.18,NA,34,1.4166666666666667,Schindler-Patalas,lake,2018,10,26.735434422766964,exact_month_year
SUGG,SUGG.AOS.littoral1,2018-10-29,TRISIM,0.18,0.18,0.18,0.05,17,0.7083333333333334,Schindler-Patalas,lake,2018,10,26.735434422766964,exact_month_year
SUGG,SUGG.AOS.buoy.c0,2019-02-14,ARCFLO,1.128,0.925,1.325,NA,85,2.361111111111111,Schindler-Patalas,lake,2019,2,19.753275922223835,exact_month_year
SUGG,SUGG.AOS.littoral1,2019-02-14,ARCFLO,1.125,0.95,1.35,NA,173,4.805555555555555,Schindler-Patalas,lake,2019,2,19.753275922223835,exact_month_year
SUGG,SUGG.AOS.littoral2,2019-02-14,ARCFLO,1.128,0.9,1.3,NA,413,17.208333333333332,Schindler-Patalas,lake,2019,2,19.753275922223835,exact_month_year
SUGG,SUGG.AOS.buoy.c0,2019-02-14,CALSP1,0.576,0.375,1,NA,155,4.305555555555555,Schindler-Patalas,lake,2019,2,19.753275922223835,exact_month_year
SUGG,SUGG.AOS.littoral1,2019-02-14,CALSP1,0.663,0.325,0.975,NA,133,3.6944444444444446,Schindler-Patalas,lake,2019,2,19.753275922223835,exact_month_year
SUGG,SUGG.AOS.littoral2,2019-02-14,CALSP1,0.775,0.375,1,NA,133,5.541666666666667,Schindler-Patalas,lake,2019,2,19.753275922223835,exact_month_year
SUGG,SUGG.AOS.littoral1,2019-02-14,CAMSP12,0.475,0.475,0.475,NA,3,0.08333333333333333,Schindler-Patalas,lake,2019,2,19.753275922223835,exact_month_year
SUGG,SUGG.AOS.buoy.c0,2019-02-14,CHYSPH,0.269,0.25,0.3,NA,10,0.2777777777777778,Schindler-Patalas,lake,2019,2,19.753275922223835,exact_month_year
SUGG,SUGG.AOS.littoral1,2019-02-14,CHYSPH,0.25,0.25,0.25,NA,3,0.08333333333333333,Schindler-Patalas,lake,2019,2,19.753275922223835,exact_month_year
SUGG,SUGG.AOS.buoy.c0,2019-02-14,CONUNI,0.208,0.175,0.25,0.067,8,0.2222222222222222,Schindler-Patalas,lake,2019,2,19.753275922223835,exact_month_year
SUGG,SUGG.AOS.littoral2,2019-02-14,CONUNI,0.2,0.2,0.2,0.075,7,0.2916666666666667,Schindler-Patalas,lake,2019,2,19.753275922223835,exact_month_year
SUGG,SUGG.AOS.buoy.c0,2019-02-14,CYCSP,0.654,0.25,0.85,NA,35,0.9722222222222222,Schindler-Patalas,lake,2019,2,19.753275922223835,exact_month_year
SUGG,SUGG.AOS.littoral1,2019-02-14,CYCSP,0.741,0.5,0.825,NA,27,0.75,Schindler-Patalas,lake,2019,2,19.753275922223835,exact_month_year
SUGG,SUGG.AOS.littoral2,2019-02-14,CYCSP,0.758,0.3,0.925,NA,40,1.6666666666666667,Schindler-Patalas,lake,2019,2,19.753275922223835,exact_month_year
SUGG,SUGG.AOS.buoy.c0,2019-02-14,DAPAMB,0.749,0.475,1.3,NA,103,2.861111111111111,Schindler-Patalas,lake,2019,2,19.753275922223835,exact_month_year
SUGG,SUGG.AOS.littoral1,2019-02-14,DAPAMB,0.749,0.5,1.1,NA,283,7.861111111111111,Schindler-Patalas,lake,2019,2,19.753275922223835,exact_month_year
SUGG,SUGG.AOS.littoral2,2019-02-14,DAPAMB,0.796,0.5,1.05,NA,573,23.875,Schindler-Patalas,lake,2019,2,19.753275922223835,exact_month_year
SUGG,SUGG.AOS.buoy.c0,2019-02-14,DIASP10,0.575,0.35,0.875,NA,60,1.6666666666666667,Schindler-Patalas,lake,2019,2,19.753275922223835,exact_month_year
SUGG,SUGG.AOS.littoral1,2019-02-14,DIASP10,0.7,0.45,0.95,NA,7,0.19444444444444445,Schindler-Patalas,lake,2019,2,19.753275922223835,exact_month_year
SUGG,SUGG.AOS.littoral2,2019-02-14,DIASP10,0.825,0.825,0.825,NA,7,0.2916666666666667,Schindler-Patalas,lake,2019,2,19.753275922223835,exact_month_year
SUGG,SUGG.AOS.buoy.c0,2019-02-14,MESEDA,0.909,0.7,1.2,NA,48,1.3333333333333333,Schindler-Patalas,lake,2019,2,19.753275922223835,exact_month_year
SUGG,SUGG.AOS.littoral1,2019-02-14,MESEDA,1.114,0.85,1.45,NA,47,1.3055555555555556,Schindler-Patalas,lake,2019,2,19.753275922223835,exact_month_year
SUGG,SUGG.AOS.littoral2,2019-02-14,MESEDA,1.088,0.875,1.35,NA,167,6.958333333333333,Schindler-Patalas,lake,2019,2,19.753275922223835,exact_month_year
SUGG,SUGG.AOS.buoy.c0,2019-02-14,OSTSP,0.4,0.4,0.4,NA,3,0.08333333333333333,Schindler-Patalas,lake,2019,2,19.753275922223835,exact_month_year
SUGG,SUGG.AOS.littoral1,2019-02-14,OSTSP,0.292,0.175,0.5,NA,10,0.2777777777777778,Schindler-Patalas,lake,2019,2,19.753275922223835,exact_month_year
SUGG,SUGG.AOS.littoral2,2019-02-14,OSTSP,0.175,0.175,0.175,NA,7,0.2916666666666667,Schindler-Patalas,lake,2019,2,19.753275922223835,exact_month_year
SUGG,SUGG.AOS.littoral2,2019-02-14,TRISP31,0.225,0.225,0.225,0.075,7,0.2916666666666667,Schindler-Patalas,lake,2019,2,19.753275922223835,exact_month_year
SUGG,SUGG.AOS.buoy.c0,2019-02-14,TROPRA1,0.488,0.425,0.55,NA,33,0.9166666666666666,Schindler-Patalas,lake,2019,2,19.753275922223835,exact_month_year
SUGG,SUGG.AOS.littoral1,2019-02-14,TROPRA1,0.494,0.45,0.55,NA,30,0.8333333333333334,Schindler-Patalas,lake,2019,2,19.753275922223835,exact_month_year
SUGG,SUGG.AOS.littoral2,2019-02-14,TROPRA1,0.495,0.425,0.575,NA,33,1.375,Schindler-Patalas,lake,2019,2,19.753275922223835,exact_month_year
SUGG,SUGG.AOS.buoy.c0,2019-07-01,ARCFLO,0.969,0.875,1.1,NA,240,10,Schindler-Patalas,lake,2019,7,30.939544335435613,exact_month_year
SUGG,SUGG.AOS.littoral1,2019-07-01,ARCFLO,0.938,0.825,1.075,NA,210,8.75,Schindler-Patalas,lake,2019,7,30.939544335435613,exact_month_year
SUGG,SUGG.AOS.littoral2,2019-07-01,ARCFLO,0.993,0.875,1.125,NA,525,21.875,Schindler-Patalas,lake,2019,7,30.939544335435613,exact_month_year
SUGG,SUGG.AOS.littoral2,2019-07-01,BDESP,0.242,0.225,0.25,NA,63,2.625,Schindler-Patalas,lake,2019,7,30.939544335435613,exact_month_year
SUGG,SUGG.AOS.littoral1,2019-07-01,BEASP1,0.346,0.325,0.375,NA,120,5,Schindler-Patalas,lake,2019,7,30.939544335435613,exact_month_year
SUGG,SUGG.AOS.buoy.c0,2019-07-01,CALSP1,0.5,0.325,0.85,NA,690,28.75,Schindler-Patalas,lake,2019,7,30.939544335435613,exact_month_year
SUGG,SUGG.AOS.littoral1,2019-07-01,CALSP1,0.66,0.325,0.9,NA,930,38.75,Schindler-Patalas,lake,2019,7,30.939544335435613,exact_month_year
SUGG,SUGG.AOS.littoral2,2019-07-01,CALSP1,0.57,0.3,0.9,NA,693,28.875,Schindler-Patalas,lake,2019,7,30.939544335435613,exact_month_year
SUGG,SUGG.AOS.buoy.c0,2019-07-01,CYCSP,0.456,0.35,0.8,NA,270,11.25,Schindler-Patalas,lake,2019,7,30.939544335435613,exact_month_year
SUGG,SUGG.AOS.littoral1,2019-07-01,CYCSP,0.436,0.35,0.6,NA,90,3.75,Schindler-Patalas,lake,2019,7,30.939544335435613,exact_month_year
SUGG,SUGG.AOS.littoral2,2019-07-01,CYCSP,0.575,0.575,0.575,NA,21,0.875,Schindler-Patalas,lake,2019,7,30.939544335435613,exact_month_year
SUGG,SUGG.AOS.buoy.c0,2019-07-01,DAPAMB,0.669,0.55,0.8,NA,120,5,Schindler-Patalas,lake,2019,7,30.939544335435613,exact_month_year
SUGG,SUGG.AOS.littoral1,2019-07-01,DAPAMB,0.7,0.7,0.7,NA,10,0.4166666666666667,Schindler-Patalas,lake,2019,7,30.939544335435613,exact_month_year
SUGG,SUGG.AOS.buoy.c0,2019-07-01,DIASP10,0.406,0.25,0.65,NA,2340,97.5,Schindler-Patalas,lake,2019,7,30.939544335435613,exact_month_year
SUGG,SUGG.AOS.littoral1,2019-07-01,DIASP10,0.461,0.25,0.6,NA,1100,45.833333333333336,Schindler-Patalas,lake,2019,7,30.939544335435613,exact_month_year
SUGG,SUGG.AOS.littoral2,2019-07-01,DIASP10,0.363,0.275,0.55,NA,2772,115.5,Schindler-Patalas,lake,2019,7,30.939544335435613,exact_month_year
SUGG,SUGG.AOS.buoy.c0,2019-07-01,DIPSP18,0.25,0.25,0.25,NA,30,1.25,Schindler-Patalas,lake,2019,7,30.939544335435613,exact_month_year
SUGG,SUGG.AOS.littoral1,2019-07-01,DIPSP18,0.231,0.2,0.275,NA,40,1.6666666666666667,Schindler-Patalas,lake,2019,7,30.939544335435613,exact_month_year
SUGG,SUGG.AOS.buoy.c0,2019-07-01,EUBTUB,0.338,0.275,0.4,NA,60,2.5,Schindler-Patalas,lake,2019,7,30.939544335435613,exact_month_year
SUGG,SUGG.AOS.buoy.c0,2019-07-01,HEXMIR,0.131,0.125,0.15,NA,1050,43.75,Schindler-Patalas,lake,2019,7,30.939544335435613,exact_month_year
SUGG,SUGG.AOS.littoral1,2019-07-01,HEXMIR,0.13,0.125,0.15,NA,340,14.166666666666666,Schindler-Patalas,lake,2019,7,30.939544335435613,exact_month_year
SUGG,SUGG.AOS.littoral2,2019-07-01,HEXMIR,0.15,0.15,0.15,NA,126,5.25,Schindler-Patalas,lake,2019,7,30.939544335435613,exact_month_year
SUGG,SUGG.AOS.littoral1,2019-07-01,KERTAU,0.175,0.175,0.175,NA,10,0.4166666666666667,Schindler-Patalas,lake,2019,7,30.939544335435613,exact_month_year
SUGG,SUGG.AOS.buoy.c0,2019-07-01,LECMIR,0.125,0.125,0.125,NA,30,1.25,Schindler-Patalas,lake,2019,7,30.939544335435613,exact_month_year
SUGG,SUGG.AOS.littoral1,2019-07-01,LECSP1,0.125,0.125,0.125,NA,10,0.4166666666666667,Schindler-Patalas,lake,2019,7,30.939544335435613,exact_month_year
SUGG,SUGG.AOS.littoral2,2019-07-01,LECSP1,0.125,0.125,0.125,NA,21,0.875,Schindler-Patalas,lake,2019,7,30.939544335435613,exact_month_year
SUGG,SUGG.AOS.littoral1,2019-07-01,MACSP4,0.425,0.425,0.425,NA,10,0.4166666666666667,Schindler-Patalas,lake,2019,7,30.939544335435613,exact_month_year
SUGG,SUGG.AOS.buoy.c0,2019-07-01,MESEDA,1.275,1.25,1.3,NA,60,2.5,Schindler-Patalas,lake,2019,7,30.939544335435613,exact_month_year
SUGG,SUGG.AOS.littoral1,2019-07-01,MESEDA,0.75,0.75,0.75,NA,10,0.4166666666666667,Schindler-Patalas,lake,2019,7,30.939544335435613,exact_month_year
SUGG,SUGG.AOS.littoral1,2019-07-01,MONBUL,0.15,0.15,0.15,NA,10,0.4166666666666667,Schindler-Patalas,lake,2019,7,30.939544335435613,exact_month_year
SUGG,SUGG.AOS.littoral1,2019-07-01,MONSP9,0.133,0.125,0.15,NA,30,1.25,Schindler-Patalas,lake,2019,7,30.939544335435613,exact_month_year
SUGG,SUGG.AOS.littoral2,2019-07-01,MONSP9,0.125,0.125,0.125,NA,21,0.875,Schindler-Patalas,lake,2019,7,30.939544335435613,exact_month_year
SUGG,SUGG.AOS.littoral1,2019-07-01,NOTSP4,0.3,0.275,0.325,NA,40,1.6666666666666667,Schindler-Patalas,lake,2019,7,30.939544335435613,exact_month_year
SUGG,SUGG.AOS.littoral2,2019-07-01,NOTSP4,0.275,0.275,0.275,NA,21,0.875,Schindler-Patalas,lake,2019,7,30.939544335435613,exact_month_year
SUGG,SUGG.AOS.buoy.c0,2019-07-01,OSTSP,0.275,0.275,0.275,NA,30,1.25,Schindler-Patalas,lake,2019,7,30.939544335435613,exact_month_year
SUGG,SUGG.AOS.littoral1,2019-07-01,OSTSP,0.156,0.15,0.2,NA,170,7.083333333333333,Schindler-Patalas,lake,2019,7,30.939544335435613,exact_month_year
SUGG,SUGG.AOS.littoral2,2019-07-01,OSTSP,0.156,0.15,0.175,NA,84,3.5,Schindler-Patalas,lake,2019,7,30.939544335435613,exact_month_year
SUGG,SUGG.AOS.littoral1,2019-07-01,PLAQUA,0.117,0.1,0.125,NA,30,1.25,Schindler-Patalas,lake,2019,7,30.939544335435613,exact_month_year
SUGG,SUGG.AOS.littoral1,2019-07-01,TESSP2,0.175,0.175,0.175,NA,10,0.4166666666666667,Schindler-Patalas,lake,2019,7,30.939544335435613,exact_month_year
SUGG,SUGG.AOS.littoral1,2019-07-01,TRISIM,0.158,0.15,0.2,0.05,60,2.5,Schindler-Patalas,lake,2019,7,30.939544335435613,exact_month_year
SUGG,SUGG.AOS.buoy.c0,2019-07-01,TROPRA1,0.425,0.425,0.425,NA,60,2.5,Schindler-Patalas,lake,2019,7,30.939544335435613,exact_month_year
SUGG,SUGG.AOS.buoy.c0,2019-10-28,ARCFLO,0.938,0.875,1.05,NA,770,32.083333333333336,Schindler-Patalas,lake,2019,10,26.643300828712512,exact_month_year
SUGG,SUGG.AOS.littoral1,2019-10-28,ARCFLO,0.903,0.825,1.075,NA,190,7.916666666666667,Schindler-Patalas,lake,2019,10,26.643300828712512,exact_month_year
SUGG,SUGG.AOS.littoral2,2019-10-28,ARCFLO,0.941,0.85,1.075,NA,144,6,Schindler-Patalas,lake,2019,10,26.643300828712512,exact_month_year
SUGG,SUGG.AOS.littoral1,2019-10-28,BDESP,0.225,0.225,0.225,NA,5,0.20833333333333337,Schindler-Patalas,lake,2019,10,26.643300828712512,exact_month_year
SUGG,SUGG.AOS.buoy.c0,2019-10-28,CALSP1,0.689,0.425,0.85,NA,1530,63.75,Schindler-Patalas,lake,2019,10,26.643300828712512,exact_month_year
SUGG,SUGG.AOS.littoral1,2019-10-28,CALSP1,0.656,0.325,0.825,NA,330,13.75,Schindler-Patalas,lake,2019,10,26.643300828712512,exact_month_year
SUGG,SUGG.AOS.littoral2,2019-10-28,CALSP1,0.673,0.3,0.875,NA,603,25.125,Schindler-Patalas,lake,2019,10,26.643300828712512,exact_month_year
SUGG,SUGG.AOS.buoy.c0,2019-10-28,CONSP8,0.083,0.075,0.1,0.06,60,2.5,Schindler-Patalas,lake,2019,10,26.643300828712512,exact_month_year
SUGG,SUGG.AOS.littoral1,2019-10-28,CONSP8,0.175,0.15,0.2,0.08,10,0.4166666666666667,Schindler-Patalas,lake,2019,10,26.643300828712512,exact_month_year
SUGG,SUGG.AOS.littoral2,2019-10-28,CONSP8,0.075,0.075,0.075,0.05,11,0.4583333333333333,Schindler-Patalas,lake,2019,10,26.643300828712512,exact_month_year
SUGG,SUGG.AOS.buoy.c0,2019-10-28,CYCSP,0.396,0.325,0.45,NA,60,2.5,Schindler-Patalas,lake,2019,10,26.643300828712512,exact_month_year
SUGG,SUGG.AOS.littoral1,2019-10-28,CYCSP,0.384,0.25,0.575,NA,180,7.5,Schindler-Patalas,lake,2019,10,26.643300828712512,exact_month_year
SUGG,SUGG.AOS.littoral2,2019-10-28,CYCSP,0.398,0.3,0.45,NA,69,2.875,Schindler-Patalas,lake,2019,10,26.643300828712512,exact_month_year
SUGG,SUGG.AOS.buoy.c0,2019-10-28,DAPAMB,0.718,0.475,0.9,NA,490,20.416666666666668,Schindler-Patalas,lake,2019,10,26.643300828712512,exact_month_year
SUGG,SUGG.AOS.littoral1,2019-10-28,DAPAMB,0.635,0.45,1,NA,160,6.666666666666667,Schindler-Patalas,lake,2019,10,26.643300828712512,exact_month_year
SUGG,SUGG.AOS.littoral2,2019-10-28,DAPAMB,0.57,0.45,0.875,NA,277,11.541666666666666,Schindler-Patalas,lake,2019,10,26.643300828712512,exact_month_year
SUGG,SUGG.AOS.buoy.c0,2019-10-28,DIASP10,0.569,0.375,0.75,NA,40,1.6666666666666667,Schindler-Patalas,lake,2019,10,26.643300828712512,exact_month_year
SUGG,SUGG.AOS.littoral2,2019-10-28,DIASP10,0.435,0.3,0.725,NA,53,2.2083333333333335,Schindler-Patalas,lake,2019,10,26.643300828712512,exact_month_year
SUGG,SUGG.AOS.littoral2,2019-10-28,DIPSP18,0.15,0.15,0.15,NA,5,0.20833333333333337,Schindler-Patalas,lake,2019,10,26.643300828712512,exact_month_year
SUGG,SUGG.AOS.littoral1,2019-10-28,EUCSP7,0.2,0.175,0.225,NA,10,0.4166666666666667,Schindler-Patalas,lake,2019,10,26.643300828712512,exact_month_year
SUGG,SUGG.AOS.buoy.c0,2019-10-28,KERGRA,0.15,0.15,0.15,NA,10,0.4166666666666667,Schindler-Patalas,lake,2019,10,26.643300828712512,exact_month_year
SUGG,SUGG.AOS.littoral1,2019-10-28,LECSP1,0.125,0.125,0.125,NA,10,0.4166666666666667,Schindler-Patalas,lake,2019,10,26.643300828712512,exact_month_year
SUGG,SUGG.AOS.buoy.c0,2019-10-28,MESEDA,1.15,0.7,1.5,NA,50,2.0833333333333335,Schindler-Patalas,lake,2019,10,26.643300828712512,exact_month_year
SUGG,SUGG.AOS.littoral1,2019-10-28,MESEDA,0.75,0.7,0.775,NA,15,0.625,Schindler-Patalas,lake,2019,10,26.643300828712512,exact_month_year
SUGG,SUGG.AOS.littoral2,2019-10-28,MESEDA,0.933,0.75,1.25,NA,32,1.3333333333333333,Schindler-Patalas,lake,2019,10,26.643300828712512,exact_month_year
SUGG,SUGG.AOS.littoral1,2019-10-28,MONSP9,0.133,0.125,0.15,NA,15,0.625,Schindler-Patalas,lake,2019,10,26.643300828712512,exact_month_year
SUGG,SUGG.AOS.buoy.c0,2019-10-28,OSTSP,0.15,0.15,0.15,NA,10,0.4166666666666667,Schindler-Patalas,lake,2019,10,26.643300828712512,exact_month_year
SUGG,SUGG.AOS.littoral1,2019-10-28,OSTSP,0.17,0.125,0.45,NA,110,4.583333333333333,Schindler-Patalas,lake,2019,10,26.643300828712512,exact_month_year
SUGG,SUGG.AOS.littoral2,2019-10-28,OSTSP,0.15,0.15,0.15,NA,5,0.20833333333333337,Schindler-Patalas,lake,2019,10,26.643300828712512,exact_month_year
SUGG,SUGG.AOS.buoy.c0,2019-10-28,TROPRA1,0.413,0.4,0.425,NA,20,0.8333333333333334,Schindler-Patalas,lake,2019,10,26.643300828712512,exact_month_year
SUGG,SUGG.AOS.littoral2,2019-10-28,TROPRA1,0.425,0.425,0.425,NA,5,0.20833333333333337,Schindler-Patalas,lake,2019,10,26.643300828712512,exact_month_year
SUGG,SUGG.AOS.buoy.c0,2020-02-10,ARCFLO,0.983,0.875,1.2,NA,61,2.5416666666666665,Schindler-Patalas,lake,2020,2,16.74156158434232,exact_month_year
SUGG,SUGG.AOS.littoral2,2020-02-10,ARCFLO,1.055,0.9,1.25,NA,280,11.666666666666666,Schindler-Patalas,lake,2020,2,16.74156158434232,exact_month_year
SUGG,SUGG.AOS.buoy.c0,2020-02-10,CALSP1,0.455,0.35,0.625,NA,230,9.583333333333334,Schindler-Patalas,lake,2020,2,16.74156158434232,exact_month_year
SUGG,SUGG.AOS.littoral1,2020-02-10,CALSP1,0.431,0.375,0.625,NA,22,0.9166666666666666,Schindler-Patalas,lake,2020,2,16.74156158434232,exact_month_year
SUGG,SUGG.AOS.littoral2,2020-02-10,CALSP1,0.568,0.375,0.9,NA,144,6,Schindler-Patalas,lake,2020,2,16.74156158434232,exact_month_year
SUGG,SUGG.AOS.littoral1,2020-02-10,CHYSPH,0.25,0.25,0.25,NA,3,0.125,Schindler-Patalas,lake,2020,2,16.74156158434232,exact_month_year
SUGG,SUGG.AOS.littoral2,2020-02-10,CHYSPH,0.225,0.2,0.25,NA,8,0.3333333333333333,Schindler-Patalas,lake,2020,2,16.74156158434232,exact_month_year
SUGG,SUGG.AOS.littoral1,2020-02-10,CONSP8,0.235,0.2,0.275,0.075,198,8.25,Schindler-Patalas,lake,2020,2,16.74156158434232,exact_month_year
SUGG,SUGG.AOS.buoy.c0,2020-02-10,CYCSP,0.564,0.25,0.85,NA,58,2.4166666666666665,Schindler-Patalas,lake,2020,2,16.74156158434232,exact_month_year
SUGG,SUGG.AOS.littoral1,2020-02-10,CYCSP,0.393,0.25,0.725,NA,121,5.041666666666667,Schindler-Patalas,lake,2020,2,16.74156158434232,exact_month_year
SUGG,SUGG.AOS.littoral2,2020-02-10,CYCSP,0.398,0.25,0.8,NA,60,2.5,Schindler-Patalas,lake,2020,2,16.74156158434232,exact_month_year
SUGG,SUGG.AOS.buoy.c0,2020-02-10,DAPAMB,0.717,0.575,0.825,NA,10,0.4166666666666667,Schindler-Patalas,lake,2020,2,16.74156158434232,exact_month_year
SUGG,SUGG.AOS.littoral1,2020-02-10,DAPAMB,0.538,0.525,0.55,NA,6,0.25,Schindler-Patalas,lake,2020,2,16.74156158434232,exact_month_year
SUGG,SUGG.AOS.littoral2,2020-02-10,DAPAMB,0.785,0.55,0.95,NA,20,0.8333333333333334,Schindler-Patalas,lake,2020,2,16.74156158434232,exact_month_year
SUGG,SUGG.AOS.buoy.c0,2020-02-10,DIASP10,0.661,0.4,1.125,NA,179,7.458333333333333,Schindler-Patalas,lake,2020,2,16.74156158434232,exact_month_year
SUGG,SUGG.AOS.littoral1,2020-02-10,DIASP10,0.527,0.425,0.9,NA,33,1.375,Schindler-Patalas,lake,2020,2,16.74156158434232,exact_month_year
SUGG,SUGG.AOS.littoral2,2020-02-10,DIASP10,0.615,0.425,0.95,NA,40,1.6666666666666667,Schindler-Patalas,lake,2020,2,16.74156158434232,exact_month_year
SUGG,SUGG.AOS.buoy.c0,2020-02-10,KERGRA,0.175,0.175,0.175,NA,32,1.3333333333333333,Schindler-Patalas,lake,2020,2,16.74156158434232,exact_month_year
SUGG,SUGG.AOS.littoral1,2020-02-10,KERGRA,0.175,0.175,0.175,NA,3,0.125,Schindler-Patalas,lake,2020,2,16.74156158434232,exact_month_year
SUGG,SUGG.AOS.littoral2,2020-02-10,KERGRA,0.175,0.175,0.175,NA,4,0.16666666666666666,Schindler-Patalas,lake,2020,2,16.74156158434232,exact_month_year
SUGG,SUGG.AOS.littoral1,2020-02-10,LECSP1,0.092,0.075,0.1,NA,8,0.3333333333333333,Schindler-Patalas,lake,2020,2,16.74156158434232,exact_month_year
SUGG,SUGG.AOS.littoral1,2020-02-10,LEPSP32,0.125,0.125,0.125,NA,3,0.125,Schindler-Patalas,lake,2020,2,16.74156158434232,exact_month_year
SUGG,SUGG.AOS.buoy.c0,2020-02-10,MESEDA,0.926,0.75,1.325,NA,61,2.5416666666666665,Schindler-Patalas,lake,2020,2,16.74156158434232,exact_month_year
SUGG,SUGG.AOS.littoral1,2020-02-10,MESEDA,0.997,0.825,1.45,NA,47,1.9583333333333333,Schindler-Patalas,lake,2020,2,16.74156158434232,exact_month_year
SUGG,SUGG.AOS.littoral2,2020-02-10,MESEDA,1.108,0.75,1.45,NA,284,11.833333333333334,Schindler-Patalas,lake,2020,2,16.74156158434232,exact_month_year
SUGG,SUGG.AOS.buoy.c0,2020-02-10,OSTSP,0.15,0.15,0.15,NA,13,0.5416666666666666,Schindler-Patalas,lake,2020,2,16.74156158434232,exact_month_year
SUGG,SUGG.AOS.littoral1,2020-02-10,OSTSP,0.164,0.15,0.225,NA,25,1.0416666666666667,Schindler-Patalas,lake,2020,2,16.74156158434232,exact_month_year
SUGG,SUGG.AOS.littoral2,2020-02-10,OSTSP,0.16,0.15,0.175,NA,20,0.8333333333333334,Schindler-Patalas,lake,2020,2,16.74156158434232,exact_month_year
SUGG,SUGG.AOS.littoral1,2020-02-10,TESSP2,0.15,0.15,0.15,NA,8,0.3333333333333333,Schindler-Patalas,lake,2020,2,16.74156158434232,exact_month_year
SUGG,SUGG.AOS.buoy.c0,2020-02-10,TROPRA1,0.463,0.4,0.5,NA,26,1.0833333333333333,Schindler-Patalas,lake,2020,2,16.74156158434232,exact_month_year
SUGG,SUGG.AOS.littoral1,2020-02-10,TROPRA1,0.517,0.475,0.55,NA,50,2.0833333333333335,Schindler-Patalas,lake,2020,2,16.74156158434232,exact_month_year
SUGG,SUGG.AOS.littoral2,2020-02-10,TROPRA1,0.478,0.4,0.575,NA,68,2.8333333333333335,Schindler-Patalas,lake,2020,2,16.74156158434232,exact_month_year
SUGG,SUGG.AOS.buoy.c0,2020-07-13,ARCFLO,0.994,0.775,1.125,NA,680,28.333333333333332,Schindler-Patalas,lake,2020,7,29.47940166054497,exact_month_year
SUGG,SUGG.AOS.littoral2,2020-07-13,ARCFLO,0.933,0.9,1,NA,30,1.25,Schindler-Patalas,lake,2020,7,29.47940166054497,exact_month_year
SUGG,SUGG.AOS.littoral1,2020-07-13,BDESP,0.3,0.3,0.3,NA,10,0.4166666666666667,Schindler-Patalas,lake,2020,7,29.47940166054497,exact_month_year
SUGG,SUGG.AOS.littoral1,2020-07-13,BEASP1,0.3,0.3,0.3,NA,10,0.4166666666666667,Schindler-Patalas,lake,2020,7,29.47940166054497,exact_month_year
SUGG,SUGG.AOS.buoy.c0,2020-07-13,CALSP1,0.46,0.325,0.8,NA,3040,126.66666666666669,Schindler-Patalas,lake,2020,7,29.47940166054497,exact_month_year
SUGG,SUGG.AOS.littoral1,2020-07-13,CALSP1,0.45,0.325,0.675,NA,70,2.9166666666666665,Schindler-Patalas,lake,2020,7,29.47940166054497,exact_month_year
SUGG,SUGG.AOS.littoral2,2020-07-13,CALSP1,0.468,0.325,0.85,NA,127,5.291666666666667,Schindler-Patalas,lake,2020,7,29.47940166054497,exact_month_year
SUGG,SUGG.AOS.littoral1,2020-07-13,CHASP13,1.325,1.325,1.325,NA,10,0.4166666666666667,Schindler-Patalas,lake,2020,7,29.47940166054497,exact_month_year
SUGG,SUGG.AOS.buoy.c0,2020-07-13,CYCSP,0.529,0.325,0.7,NA,280,11.666666666666666,Schindler-Patalas,lake,2020,7,29.47940166054497,exact_month_year
SUGG,SUGG.AOS.littoral1,2020-07-13,CYCSP,0.484,0.375,0.75,NA,190,7.916666666666667,Schindler-Patalas,lake,2020,7,29.47940166054497,exact_month_year
SUGG,SUGG.AOS.littoral2,2020-07-13,CYCSP,0.438,0.35,0.6,NA,13,0.5416666666666666,Schindler-Patalas,lake,2020,7,29.47940166054497,exact_month_year
SUGG,SUGG.AOS.littoral1,2020-07-13,DIASP,1.05,1.05,1.05,NA,10,0.4166666666666667,Schindler-Patalas,lake,2020,7,29.47940166054497,exact_month_year
SUGG,SUGG.AOS.buoy.c0,2020-07-13,DIASP10,0.431,0.325,0.7,NA,800,33.333333333333336,Schindler-Patalas,lake,2020,7,29.47940166054497,exact_month_year
SUGG,SUGG.AOS.littoral1,2020-07-13,DIASP10,0.483,0.35,0.75,NA,450,18.75,Schindler-Patalas,lake,2020,7,29.47940166054497,exact_month_year
SUGG,SUGG.AOS.littoral2,2020-07-13,DIASP10,0.449,0.325,0.675,NA,170,7.083333333333333,Schindler-Patalas,lake,2020,7,29.47940166054497,exact_month_year
SUGG,SUGG.AOS.littoral2,2020-07-13,DIPSP18,0.185,0.175,0.2,NA,17,0.7083333333333334,Schindler-Patalas,lake,2020,7,29.47940166054497,exact_month_year
SUGG,SUGG.AOS.littoral1,2020-07-13,HEXMIR,0.15,0.15,0.15,NA,20,0.8333333333333334,Schindler-Patalas,lake,2020,7,29.47940166054497,exact_month_year
SUGG,SUGG.AOS.littoral2,2020-07-13,HEXMIR,0.125,0.125,0.125,NA,3,0.125,Schindler-Patalas,lake,2020,7,29.47940166054497,exact_month_year
SUGG,SUGG.AOS.buoy.c0,2020-07-13,KERGRA,0.15,0.15,0.15,NA,2040,85,Schindler-Patalas,lake,2020,7,29.47940166054497,exact_month_year
SUGG,SUGG.AOS.littoral1,2020-07-13,KERGRA,0.15,0.15,0.15,NA,1450,60.416666666666664,Schindler-Patalas,lake,2020,7,29.47940166054497,exact_month_year
SUGG,SUGG.AOS.littoral2,2020-07-13,KERGRA,0.15,0.15,0.15,NA,73,3.0416666666666665,Schindler-Patalas,lake,2020,7,29.47940166054497,exact_month_year
SUGG,SUGG.AOS.littoral1,2020-07-13,LECSP1,0.125,0.125,0.125,NA,20,0.8333333333333334,Schindler-Patalas,lake,2020,7,29.47940166054497,exact_month_year
SUGG,SUGG.AOS.littoral2,2020-07-13,LECSP1,0.134,0.1,0.175,NA,37,1.5416666666666667,Schindler-Patalas,lake,2020,7,29.47940166054497,exact_month_year
SUGG,SUGG.AOS.buoy.c0,2020-07-13,MESEDA,0.963,0.75,1.275,NA,480,20,Schindler-Patalas,lake,2020,7,29.47940166054497,exact_month_year
SUGG,SUGG.AOS.littoral1,2020-07-13,MESEDA,0.75,0.75,0.75,NA,10,0.4166666666666667,Schindler-Patalas,lake,2020,7,29.47940166054497,exact_month_year
SUGG,SUGG.AOS.littoral2,2020-07-13,MESEDA,0.875,0.7,1.125,NA,10,0.4166666666666667,Schindler-Patalas,lake,2020,7,29.47940166054497,exact_month_year
SUGG,SUGG.AOS.littoral2,2020-07-13,MONBUL,0.143,0.125,0.15,NA,23,0.9583333333333334,Schindler-Patalas,lake,2020,7,29.47940166054497,exact_month_year
SUGG,SUGG.AOS.littoral2,2020-07-13,MONLUN,0.15,0.15,0.15,NA,10,0.4166666666666667,Schindler-Patalas,lake,2020,7,29.47940166054497,exact_month_year
SUGG,SUGG.AOS.littoral2,2020-07-13,MONQUA,0.15,0.15,0.15,NA,7,0.2916666666666667,Schindler-Patalas,lake,2020,7,29.47940166054497,exact_month_year
SUGG,SUGG.AOS.littoral1,2020-07-13,NOTSP4,0.25,0.25,0.25,NA,10,0.4166666666666667,Schindler-Patalas,lake,2020,7,29.47940166054497,exact_month_year
SUGG,SUGG.AOS.littoral2,2020-07-13,OSTSP,0.164,0.125,0.45,NA,67,2.7916666666666665,Schindler-Patalas,lake,2020,7,29.47940166054497,exact_month_year
SUGG,SUGG.AOS.littoral2,2020-07-13,ROTSP,0.15,0.15,0.15,NA,3,0.125,Schindler-Patalas,lake,2020,7,29.47940166054497,exact_month_year
SUGG,SUGG.AOS.littoral2,2020-07-13,SYNSP8,0.15,0.125,0.175,NA,7,0.2916666666666667,Schindler-Patalas,lake,2020,7,29.47940166054497,exact_month_year
SUGG,SUGG.AOS.littoral1,2020-07-13,TESSP2,0.125,0.125,0.125,NA,20,0.8333333333333334,Schindler-Patalas,lake,2020,7,29.47940166054497,exact_month_year
SUGG,SUGG.AOS.littoral1,2020-10-28,ACASP1,0.225,0.225,0.225,NA,3,0.125,Schindler-Patalas,lake,2020,10,25.618595682316222,exact_month_year
SUGG,SUGG.AOS.buoy.c0,2020-10-28,ARCFLO,0.946,0.85,1.075,NA,173,7.208333333333333,Schindler-Patalas,lake,2020,10,25.618595682316222,exact_month_year
SUGG,SUGG.AOS.littoral1,2020-10-28,ARCFLO,0.913,0.825,1.1,NA,103,4.291666666666667,Schindler-Patalas,lake,2020,10,25.618595682316222,exact_month_year
SUGG,SUGG.AOS.littoral2,2020-10-28,ARCFLO,0.964,0.85,1.1,NA,405,16.875,Schindler-Patalas,lake,2020,10,25.618595682316222,exact_month_year
SUGG,SUGG.AOS.littoral2,2020-10-28,BEASP1,0.225,0.225,0.225,NA,8,0.3333333333333333,Schindler-Patalas,lake,2020,10,25.618595682316222,exact_month_year
SUGG,SUGG.AOS.buoy.c0,2020-10-28,CALSP1,0.55,0.35,0.825,NA,260,10.833333333333334,Schindler-Patalas,lake,2020,10,25.618595682316222,exact_month_year
SUGG,SUGG.AOS.littoral1,2020-10-28,CALSP1,0.461,0.325,0.725,NA,87,3.625,Schindler-Patalas,lake,2020,10,25.618595682316222,exact_month_year
SUGG,SUGG.AOS.littoral2,2020-10-28,CALSP1,0.509,0.325,0.8,NA,353,14.708333333333334,Schindler-Patalas,lake,2020,10,25.618595682316222,exact_month_year
SUGG,SUGG.AOS.littoral1,2020-10-28,CONUNI,0.108,0.1,0.125,0.05,10,0.4166666666666667,Schindler-Patalas,lake,2020,10,25.618595682316222,exact_month_year
SUGG,SUGG.AOS.buoy.c0,2020-10-28,CYCSP,0.501,0.35,0.7,NA,200,8.333333333333334,Schindler-Patalas,lake,2020,10,25.618595682316222,exact_month_year
SUGG,SUGG.AOS.littoral1,2020-10-28,CYCSP,0.541,0.325,0.7,NA,120,5,Schindler-Patalas,lake,2020,10,25.618595682316222,exact_month_year
SUGG,SUGG.AOS.littoral2,2020-10-28,CYCSP,0.505,0.275,0.725,NA,173,7.208333333333333,Schindler-Patalas,lake,2020,10,25.618595682316222,exact_month_year
SUGG,SUGG.AOS.buoy.c0,2020-10-28,DAPAMB,0.715,0.525,0.925,NA,33,1.375,Schindler-Patalas,lake,2020,10,25.618595682316222,exact_month_year
SUGG,SUGG.AOS.buoy.c0,2020-10-28,DIASP10,0.57,0.35,0.875,NA,633,26.375,Schindler-Patalas,lake,2020,10,25.618595682316222,exact_month_year
SUGG,SUGG.AOS.littoral1,2020-10-28,DIASP10,0.55,0.325,0.825,NA,160,6.666666666666667,Schindler-Patalas,lake,2020,10,25.618595682316222,exact_month_year
SUGG,SUGG.AOS.littoral2,2020-10-28,DIASP10,0.639,0.45,0.9,NA,428,17.833333333333332,Schindler-Patalas,lake,2020,10,25.618595682316222,exact_month_year
SUGG,SUGG.AOS.littoral1,2020-10-28,DIPSP18,0.263,0.25,0.275,NA,13,0.5416666666666666,Schindler-Patalas,lake,2020,10,25.618595682316222,exact_month_year
SUGG,SUGG.AOS.buoy.c0,2020-10-28,EUBTUB,0.35,0.35,0.35,NA,7,0.2916666666666667,Schindler-Patalas,lake,2020,10,25.618595682316222,exact_month_year
SUGG,SUGG.AOS.buoy.c0,2020-10-28,HEXMIR,0.156,0.15,0.175,NA,27,1.125,Schindler-Patalas,lake,2020,10,25.618595682316222,exact_month_year
SUGG,SUGG.AOS.littoral2,2020-10-28,HEXMIR,0.155,0.15,0.175,NA,38,1.5833333333333333,Schindler-Patalas,lake,2020,10,25.618595682316222,exact_month_year
SUGG,SUGG.AOS.buoy.c0,2020-10-28,KERGRA,0.175,0.175,0.175,NA,100,4.166666666666667,Schindler-Patalas,lake,2020,10,25.618595682316222,exact_month_year
SUGG,SUGG.AOS.littoral1,2020-10-28,KERGRA,0.175,0.175,0.175,NA,20,0.8333333333333334,Schindler-Patalas,lake,2020,10,25.618595682316222,exact_month_year
SUGG,SUGG.AOS.littoral2,2020-10-28,KERGRA,0.175,0.175,0.175,NA,173,7.208333333333333,Schindler-Patalas,lake,2020,10,25.618595682316222,exact_month_year
SUGG,SUGG.AOS.littoral1,2020-10-28,LECLEO,0.175,0.175,0.175,NA,3,0.125,Schindler-Patalas,lake,2020,10,25.618595682316222,exact_month_year
SUGG,SUGG.AOS.littoral2,2020-10-28,LECMIR,0.125,0.125,0.125,NA,8,0.3333333333333333,Schindler-Patalas,lake,2020,10,25.618595682316222,exact_month_year
SUGG,SUGG.AOS.littoral2,2020-10-28,LECSP1,0.1,0.1,0.1,NA,8,0.3333333333333333,Schindler-Patalas,lake,2020,10,25.618595682316222,exact_month_year
SUGG,SUGG.AOS.buoy.c0,2020-10-28,MESEDA,0.853,0.75,1,NA,53,2.2083333333333335,Schindler-Patalas,lake,2020,10,25.618595682316222,exact_month_year
SUGG,SUGG.AOS.littoral1,2020-10-28,MESEDA,0.886,0.725,1.375,NA,60,2.5,Schindler-Patalas,lake,2020,10,25.618595682316222,exact_month_year
SUGG,SUGG.AOS.littoral2,2020-10-28,MESEDA,0.807,0.775,0.825,NA,53,2.2083333333333335,Schindler-Patalas,lake,2020,10,25.618595682316222,exact_month_year
SUGG,SUGG.AOS.buoy.c0,2020-10-28,OSTSP,0.158,0.125,0.175,NA,20,0.8333333333333334,Schindler-Patalas,lake,2020,10,25.618595682316222,exact_month_year
SUGG,SUGG.AOS.littoral1,2020-10-28,OSTSP,0.229,0.15,0.45,NA,20,0.8333333333333334,Schindler-Patalas,lake,2020,10,25.618595682316222,exact_month_year
SUGG,SUGG.AOS.littoral2,2020-10-28,OSTSP,0.15,0.15,0.15,NA,15,0.625,Schindler-Patalas,lake,2020,10,25.618595682316222,exact_month_year
SUGG,SUGG.AOS.buoy.c0,2020-10-28,TROPRA1,0.475,0.45,0.5,NA,13,0.5416666666666666,Schindler-Patalas,lake,2020,10,25.618595682316222,exact_month_year
SUGG,SUGG.AOS.littoral1,2020-10-28,TROPRA1,0.483,0.45,0.5,NA,10,0.4166666666666667,Schindler-Patalas,lake,2020,10,25.618595682316222,exact_month_year
SUGG,SUGG.AOS.littoral2,2020-10-28,TROPRA1,0.425,0.425,0.425,NA,8,0.3333333333333333,Schindler-Patalas,lake,2020,10,25.618595682316222,exact_month_year
SUGG,SUGG.AOS.littoral2,2021-02-11,ALOSP2,0.275,0.25,0.3,NA,15,0.625,Schindler-Patalas,lake,2021,2,18.404846271705313,same_month_all_years
SUGG,SUGG.AOS.buoy.c1,2021-02-11,ARCFLO,1.064,0.925,1.25,NA,1575,65.625,Schindler-Patalas,lake,2021,2,18.404846271705313,same_month_all_years
SUGG,SUGG.AOS.littoral1,2021-02-11,ARCFLO,1.075,0.925,1.2,NA,23,0.9583333333333334,Schindler-Patalas,lake,2021,2,18.404846271705313,same_month_all_years
SUGG,SUGG.AOS.littoral2,2021-02-11,ARCFLO,1.1,1.05,1.2,NA,23,0.9583333333333334,Schindler-Patalas,lake,2021,2,18.404846271705313,same_month_all_years
SUGG,SUGG.AOS.littoral1,2021-02-11,BDESP,0.2,0.2,0.2,NA,4,0.16666666666666666,Schindler-Patalas,lake,2021,2,18.404846271705313,same_month_all_years
SUGG,SUGG.AOS.buoy.c1,2021-02-11,CALSP1,0.528,0.325,0.925,NA,600,25,Schindler-Patalas,lake,2021,2,18.404846271705313,same_month_all_years
SUGG,SUGG.AOS.littoral1,2021-02-11,CALSP1,0.488,0.375,0.875,NA,23,0.9583333333333334,Schindler-Patalas,lake,2021,2,18.404846271705313,same_month_all_years
SUGG,SUGG.AOS.littoral2,2021-02-11,CALSP1,0.53,0.4,0.825,NA,38,1.5833333333333333,Schindler-Patalas,lake,2021,2,18.404846271705313,same_month_all_years
SUGG,SUGG.AOS.littoral1,2021-02-11,CAMSP12,0.525,0.525,0.525,NA,4,0.16666666666666666,Schindler-Patalas,lake,2021,2,18.404846271705313,same_month_all_years
SUGG,SUGG.AOS.littoral1,2021-02-11,CHYSPH,0.257,0.225,0.325,NA,41,1.7083333333333333,Schindler-Patalas,lake,2021,2,18.404846271705313,same_month_all_years
SUGG,SUGG.AOS.littoral2,2021-02-11,CHYSPH,0.232,0.2,0.275,NA,83,3.4583333333333335,Schindler-Patalas,lake,2021,2,18.404846271705313,same_month_all_years
SUGG,SUGG.AOS.littoral1,2021-02-11,CONUNI,0.175,0.1,0.275,0.063,23,0.9583333333333334,Schindler-Patalas,lake,2021,2,18.404846271705313,same_month_all_years
SUGG,SUGG.AOS.buoy.c1,2021-02-11,CYCSP,0.431,0.325,0.55,NA,60,2.5,Schindler-Patalas,lake,2021,2,18.404846271705313,same_month_all_years
SUGG,SUGG.AOS.littoral1,2021-02-11,CYCSP,0.508,0.4,0.7,NA,206,8.583333333333334,Schindler-Patalas,lake,2021,2,18.404846271705313,same_month_all_years
SUGG,SUGG.AOS.littoral2,2021-02-11,CYCSP,0.345,0.275,0.675,NA,428,17.833333333333332,Schindler-Patalas,lake,2021,2,18.404846271705313,same_month_all_years
SUGG,SUGG.AOS.buoy.c1,2021-02-11,DAPAMB,0.78,0.525,1.05,NA,330,13.75,Schindler-Patalas,lake,2021,2,18.404846271705313,same_month_all_years
SUGG,SUGG.AOS.littoral2,2021-02-11,DAPAMB,0.665,0.525,0.875,NA,38,1.5833333333333333,Schindler-Patalas,lake,2021,2,18.404846271705313,same_month_all_years
SUGG,SUGG.AOS.buoy.c1,2021-02-11,DIASP10,0.564,0.425,0.95,NA,105,4.375,Schindler-Patalas,lake,2021,2,18.404846271705313,same_month_all_years
SUGG,SUGG.AOS.littoral1,2021-02-11,DIASP10,0.763,0.4,0.95,NA,128,5.333333333333333,Schindler-Patalas,lake,2021,2,18.404846271705313,same_month_all_years
SUGG,SUGG.AOS.littoral2,2021-02-11,DIASP10,0.725,0.575,0.875,NA,15,0.625,Schindler-Patalas,lake,2021,2,18.404846271705313,same_month_all_years
SUGG,SUGG.AOS.buoy.c1,2021-02-11,KERGRA,0.175,0.175,0.175,NA,420,17.5,Schindler-Patalas,lake,2021,2,18.404846271705313,same_month_all_years
SUGG,SUGG.AOS.littoral1,2021-02-11,KERGRA,0.175,0.175,0.175,NA,45,1.875,Schindler-Patalas,lake,2021,2,18.404846271705313,same_month_all_years
SUGG,SUGG.AOS.littoral2,2021-02-11,KERGRA,0.175,0.175,0.175,NA,1163,48.458333333333336,Schindler-Patalas,lake,2021,2,18.404846271705313,same_month_all_years
SUGG,SUGG.AOS.littoral2,2021-02-11,LECMIR,0.125,0.125,0.125,NA,15,0.625,Schindler-Patalas,lake,2021,2,18.404846271705313,same_month_all_years
SUGG,SUGG.AOS.buoy.c1,2021-02-11,MESEDA,0.981,0.75,1.25,NA,180,7.5,Schindler-Patalas,lake,2021,2,18.404846271705313,same_month_all_years
SUGG,SUGG.AOS.littoral1,2021-02-11,MESEDA,0.95,0.425,1.325,NA,195,8.125,Schindler-Patalas,lake,2021,2,18.404846271705313,same_month_all_years
SUGG,SUGG.AOS.littoral2,2021-02-11,MESEDA,0.867,0.825,0.925,NA,23,0.9583333333333334,Schindler-Patalas,lake,2021,2,18.404846271705313,same_month_all_years
SUGG,SUGG.AOS.buoy.c1,2021-02-11,OSTSP,0.175,0.175,0.175,NA,15,0.625,Schindler-Patalas,lake,2021,2,18.404846271705313,same_month_all_years
SUGG,SUGG.AOS.littoral1,2021-02-11,OSTSP,0.163,0.15,0.2,NA,30,1.25,Schindler-Patalas,lake,2021,2,18.404846271705313,same_month_all_years
SUGG,SUGG.AOS.littoral2,2021-02-11,OSTSP,0.275,0.15,0.5,NA,23,0.9583333333333334,Schindler-Patalas,lake,2021,2,18.404846271705313,same_month_all_years
SUGG,SUGG.AOS.littoral2,2021-02-11,TESSP2,0.15,0.15,0.15,NA,8,0.3333333333333333,Schindler-Patalas,lake,2021,2,18.404846271705313,same_month_all_years
SUGG,SUGG.AOS.littoral1,2021-02-11,TRISP31,0.263,0.25,0.275,0.08,8,0.3333333333333333,Schindler-Patalas,lake,2021,2,18.404846271705313,same_month_all_years
SUGG,SUGG.AOS.buoy.c1,2021-02-11,TROPRA1,0.5,0.5,0.5,NA,30,1.25,Schindler-Patalas,lake,2021,2,18.404846271705313,same_month_all_years
SUGG,SUGG.AOS.littoral1,2021-02-11,TROPRA1,0.463,0.425,0.55,NA,45,1.875,Schindler-Patalas,lake,2021,2,18.404846271705313,same_month_all_years
SUGG,SUGG.AOS.littoral2,2021-02-11,TROPRA1,0.475,0.4,0.525,NA,90,3.75,Schindler-Patalas,lake,2021,2,18.404846271705313,same_month_all_years
SUGG,SUGG.AOS.buoy.c0,2021-06-30,ARCFLO,1.007,0.9,1.15,NA,440,18.333333333333332,Schindler-Patalas,lake,2021,6,28.963751927473822,exact_month_year
SUGG,SUGG.AOS.littoral1,2021-06-30,ARCFLO,0.983,0.875,1.2,NA,600,25,Schindler-Patalas,lake,2021,6,28.963751927473822,exact_month_year
SUGG,SUGG.AOS.littoral2,2021-06-30,ARCFLO,1.002,0.925,1.1,NA,220,9.166666666666666,Schindler-Patalas,lake,2021,6,28.963751927473822,exact_month_year
SUGG,SUGG.AOS.littoral2,2021-06-30,ASCECA,0.138,0.125,0.15,NA,40,1.6666666666666667,Schindler-Patalas,lake,2021,6,28.963751927473822,exact_month_year
SUGG,SUGG.AOS.buoy.c0,2021-06-30,CALSP1,0.737,0.325,0.95,NA,520,21.666666666666668,Schindler-Patalas,lake,2021,6,28.963751927473822,exact_month_year
SUGG,SUGG.AOS.littoral1,2021-06-30,CALSP1,0.551,0.3,0.85,NA,1120,46.666666666666664,Schindler-Patalas,lake,2021,6,28.963751927473822,exact_month_year
SUGG,SUGG.AOS.littoral2,2021-06-30,CALSP1,0.548,0.35,0.9,NA,280,11.666666666666666,Schindler-Patalas,lake,2021,6,28.963751927473822,exact_month_year
SUGG,SUGG.AOS.littoral2,2021-06-30,CONSP8,0.178,0.125,0.225,0.069,180,7.5,Schindler-Patalas,lake,2021,6,28.963751927473822,exact_month_year
SUGG,SUGG.AOS.littoral1,2021-06-30,CONUNI,0.2,0.2,0.2,NA,40,1.6666666666666667,Schindler-Patalas,lake,2021,6,28.963751927473822,exact_month_year
SUGG,SUGG.AOS.buoy.c0,2021-06-30,CYCSP,0.467,0.3,0.7,NA,120,5,Schindler-Patalas,lake,2021,6,28.963751927473822,exact_month_year
SUGG,SUGG.AOS.littoral1,2021-06-30,CYCSP,0.35,0.275,0.425,NA,240,10,Schindler-Patalas,lake,2021,6,28.963751927473822,exact_month_year
SUGG,SUGG.AOS.littoral2,2021-06-30,CYCSP,0.321,0.25,0.4,NA,140,5.833333333333333,Schindler-Patalas,lake,2021,6,28.963751927473822,exact_month_year
SUGG,SUGG.AOS.buoy.c0,2021-06-30,DAPAMB,0.738,0.6,0.875,NA,80,3.3333333333333335,Schindler-Patalas,lake,2021,6,28.963751927473822,exact_month_year
SUGG,SUGG.AOS.littoral1,2021-06-30,DAPAMB,0.575,0.525,0.625,NA,80,3.3333333333333335,Schindler-Patalas,lake,2021,6,28.963751927473822,exact_month_year
SUGG,SUGG.AOS.buoy.c0,2021-06-30,DIASP10,0.465,0.3,0.625,NA,400,16.666666666666668,Schindler-Patalas,lake,2021,6,28.963751927473822,exact_month_year
SUGG,SUGG.AOS.littoral1,2021-06-30,DIASP10,0.444,0.4,0.5,NA,160,6.666666666666667,Schindler-Patalas,lake,2021,6,28.963751927473822,exact_month_year
SUGG,SUGG.AOS.littoral2,2021-06-30,DIASP10,0.513,0.35,0.7,NA,240,10,Schindler-Patalas,lake,2021,6,28.963751927473822,exact_month_year
SUGG,SUGG.AOS.buoy.c0,2021-06-30,HEXMIR,0.139,0.125,0.175,NA,360,15,Schindler-Patalas,lake,2021,6,28.963751927473822,exact_month_year
SUGG,SUGG.AOS.littoral1,2021-06-30,HEXMIR,0.125,0.125,0.125,NA,80,3.3333333333333335,Schindler-Patalas,lake,2021,6,28.963751927473822,exact_month_year
SUGG,SUGG.AOS.littoral2,2021-06-30,HEXMIR,0.138,0.125,0.175,NA,300,12.5,Schindler-Patalas,lake,2021,6,28.963751927473822,exact_month_year
SUGG,SUGG.AOS.buoy.c0,2021-06-30,KERGRA,0.16,0.15,0.175,NA,8480,353.3333333333333,Schindler-Patalas,lake,2021,6,28.963751927473822,exact_month_year
SUGG,SUGG.AOS.littoral1,2021-06-30,KERGRA,0.156,0.15,0.175,NA,23280,970,Schindler-Patalas,lake,2021,6,28.963751927473822,exact_month_year
SUGG,SUGG.AOS.littoral2,2021-06-30,KERGRA,0.151,0.15,0.175,NA,4600,191.66666666666663,Schindler-Patalas,lake,2021,6,28.963751927473822,exact_month_year
SUGG,SUGG.AOS.buoy.c0,2021-06-30,MESEDA,0.888,0.75,0.95,NA,160,6.666666666666667,Schindler-Patalas,lake,2021,6,28.963751927473822,exact_month_year
SUGG,SUGG.AOS.littoral1,2021-06-30,MESEDA,1.003,0.825,1.3,NA,400,16.666666666666668,Schindler-Patalas,lake,2021,6,28.963751927473822,exact_month_year
SUGG,SUGG.AOS.littoral2,2021-06-30,MESEDA,0.903,0.75,1.075,NA,160,6.666666666666667,Schindler-Patalas,lake,2021,6,28.963751927473822,exact_month_year
SUGG,SUGG.AOS.buoy.c0,2021-06-30,TRISP31,0.3,0.3,0.3,0.1,40,1.6666666666666667,Schindler-Patalas,lake,2021,6,28.963751927473822,exact_month_year
SUGG,SUGG.AOS.littoral1,2021-06-30,TROPRA1,0.513,0.5,0.525,NA,80,3.3333333333333335,Schindler-Patalas,lake,2021,6,28.963751927473822,exact_month_year
SUGG,SUGG.AOS.littoral2,2021-06-30,TROPRA1,0.5,0.5,0.5,NA,20,0.8333333333333334,Schindler-Patalas,lake,2021,6,28.963751927473822,exact_month_year
SUGG,SUGG.AOS.littoral1,2022-02-14,ALOSP2,0.3,0.3,0.3,NA,4,0.16666666666666666,Schindler-Patalas,lake,2022,2,17.424765264937037,exact_month_year
SUGG,SUGG.AOS.buoy.c0,2022-02-14,ARCFLO,1,1,1,NA,38,1.0555555555555556,Schindler-Patalas,lake,2022,2,17.424765264937037,exact_month_year
SUGG,SUGG.AOS.littoral1,2022-02-14,ARCFLO,1,1,1,NA,36,1.5,Schindler-Patalas,lake,2022,2,17.424765264937037,exact_month_year
SUGG,SUGG.AOS.littoral2,2022-02-14,ARCFLO,1,1,1,NA,115,4.791666666666667,Schindler-Patalas,lake,2022,2,17.424765264937037,exact_month_year
SUGG,SUGG.AOS.buoy.c0,2022-02-14,CLASP,0.2,0.2,0.2,NA,3,0.08333333333333333,Schindler-Patalas,lake,2022,2,17.424765264937037,exact_month_year
SUGG,SUGG.AOS.buoy.c0,2022-02-14,CYCSP1,0.675,0.4,1,NA,133,3.6944444444444446,Schindler-Patalas,lake,2022,2,17.424765264937037,exact_month_year
SUGG,SUGG.AOS.littoral1,2022-02-14,CYCSP1,0.675,0.3,1,NA,55,2.2916666666666665,Schindler-Patalas,lake,2022,2,17.424765264937037,exact_month_year
SUGG,SUGG.AOS.littoral2,2022-02-14,CYCSP1,0.8,0.6,1,NA,240,10,Schindler-Patalas,lake,2022,2,17.424765264937037,exact_month_year
SUGG,SUGG.AOS.buoy.c0,2022-02-14,DAPSP1,0.667,0.4,1,NA,90,2.5,Schindler-Patalas,lake,2022,2,17.424765264937037,exact_month_year
SUGG,SUGG.AOS.littoral1,2022-02-14,DAPSP1,0.8,0.6,1,NA,28,1.1666666666666667,Schindler-Patalas,lake,2022,2,17.424765264937037,exact_month_year
SUGG,SUGG.AOS.littoral2,2022-02-14,DAPSP1,0.85,0.7,1,NA,105,4.375,Schindler-Patalas,lake,2022,2,17.424765264937037,exact_month_year
SUGG,SUGG.AOS.buoy.c0,2022-02-14,DIASP,0.875,0.5,1.2,NA,110,3.0555555555555554,Schindler-Patalas,lake,2022,2,17.424765264937037,exact_month_year
SUGG,SUGG.AOS.littoral1,2022-02-14,DIASP,0.85,0.5,1.2,NA,55,2.2916666666666665,Schindler-Patalas,lake,2022,2,17.424765264937037,exact_month_year
SUGG,SUGG.AOS.littoral2,2022-02-14,DIASP,0.9,0.8,1,NA,525,21.875,Schindler-Patalas,lake,2022,2,17.424765264937037,exact_month_year
SUGG,SUGG.AOS.buoy.c0,2022-02-14,DIASP10,0.7,0.4,1,NA,113,3.138888888888889,Schindler-Patalas,lake,2022,2,17.424765264937037,exact_month_year
SUGG,SUGG.AOS.littoral1,2022-02-14,DIASP10,0.6,0.4,0.8,NA,5,0.20833333333333337,Schindler-Patalas,lake,2022,2,17.424765264937037,exact_month_year
SUGG,SUGG.AOS.littoral2,2022-02-14,DIASP10,0.833,0.6,1,NA,150,6.25,Schindler-Patalas,lake,2022,2,17.424765264937037,exact_month_year
SUGG,SUGG.AOS.littoral1,2022-02-14,GASSP6,0.2,0.2,0.2,0.2,1,0.04166666666666666,Schindler-Patalas,lake,2022,2,17.424765264937037,exact_month_year
SUGG,SUGG.AOS.buoy.c0,2022-02-14,KERAME,0.1,0.1,0.1,0.05,113,3.138888888888889,Schindler-Patalas,lake,2022,2,17.424765264937037,exact_month_year
SUGG,SUGG.AOS.littoral1,2022-02-14,KERAME,0.1,0.1,0.1,0.05,30,1.25,Schindler-Patalas,lake,2022,2,17.424765264937037,exact_month_year
SUGG,SUGG.AOS.littoral2,2022-02-14,KERAME,0.1,0.1,0.1,0.05,200,8.333333333333334,Schindler-Patalas,lake,2022,2,17.424765264937037,exact_month_year
SUGG,SUGG.AOS.littoral1,2022-02-14,KERSER,0.09,0.09,0.09,0.05,1,0.04166666666666666,Schindler-Patalas,lake,2022,2,17.424765264937037,exact_month_year
SUGG,SUGG.AOS.littoral1,2022-02-14,LECBUL,0.09,0.09,0.09,0.05,1,0.04166666666666666,Schindler-Patalas,lake,2022,2,17.424765264937037,exact_month_year
SUGG,SUGG.AOS.buoy.c0,2022-02-14,MESEDA,1.2,1.2,1.2,NA,38,1.0555555555555556,Schindler-Patalas,lake,2022,2,17.424765264937037,exact_month_year
SUGG,SUGG.AOS.littoral1,2022-02-14,MESEDA,1.2,1.2,1.2,NA,1,0.04166666666666666,Schindler-Patalas,lake,2022,2,17.424765264937037,exact_month_year
SUGG,SUGG.AOS.littoral2,2022-02-14,MESEDA,0.9,0.8,1,NA,30,1.25,Schindler-Patalas,lake,2022,2,17.424765264937037,exact_month_year
SUGG,SUGG.AOS.littoral1,2022-02-14,PLOLEN,0.2,0.2,0.2,0.15,1,0.04166666666666666,Schindler-Patalas,lake,2022,2,17.424765264937037,exact_month_year
SUGG,SUGG.AOS.buoy.c0,2022-02-14,TESSP2,0.15,0.15,0.15,0.08,3,0.08333333333333333,Schindler-Patalas,lake,2022,2,17.424765264937037,exact_month_year
SUGG,SUGG.AOS.buoy.c0,2022-02-14,TRIPOR,0.2,0.2,0.2,0.07,5,0.1388888888888889,Schindler-Patalas,lake,2022,2,17.424765264937037,exact_month_year
SUGG,SUGG.AOS.buoy.c0,2022-02-14,TROPRA1,0.5,0.5,0.5,NA,3,0.08333333333333333,Schindler-Patalas,lake,2022,2,17.424765264937037,exact_month_year
SUGG,SUGG.AOS.littoral2,2022-02-14,TROPRA1,0.6,0.6,0.6,NA,15,0.625,Schindler-Patalas,lake,2022,2,17.424765264937037,exact_month_year
SUGG,SUGG.AOS.buoy.c1,2022-07-13,ARCFLO,0.9,0.9,0.9,NA,270,11.25,Schindler-Patalas,lake,2022,7,31.353551906555182,exact_month_year
SUGG,SUGG.AOS.littoral1,2022-07-13,ARCFLO,1,1,1,NA,160,6.666666666666667,Schindler-Patalas,lake,2022,7,31.353551906555182,exact_month_year
SUGG,SUGG.AOS.littoral2,2022-07-13,ARCFLO,1,1,1,NA,570,23.75,Schindler-Patalas,lake,2022,7,31.353551906555182,exact_month_year
SUGG,SUGG.AOS.buoy.c1,2022-07-13,BOSTUB,0.3,0.3,0.3,NA,30,1.25,Schindler-Patalas,lake,2022,7,31.353551906555182,exact_month_year
SUGG,SUGG.AOS.littoral1,2022-07-13,BOSTUB,0.25,0.2,0.3,NA,40,1.6666666666666667,Schindler-Patalas,lake,2022,7,31.353551906555182,exact_month_year
SUGG,SUGG.AOS.buoy.c1,2022-07-13,CALSP1,0.667,0.4,1,NA,150,6.25,Schindler-Patalas,lake,2022,7,31.353551906555182,exact_month_year
SUGG,SUGG.AOS.littoral1,2022-07-13,CALSP1,0.6,0.4,0.8,NA,180,7.5,Schindler-Patalas,lake,2022,7,31.353551906555182,exact_month_year
SUGG,SUGG.AOS.littoral2,2022-07-13,CALSP1,0.867,0.4,1.2,NA,2310,96.25,Schindler-Patalas,lake,2022,7,31.353551906555182,exact_month_year
SUGG,SUGG.AOS.littoral1,2022-07-13,CONSP8,0.15,0.15,0.15,0.08,20,0.8333333333333334,Schindler-Patalas,lake,2022,7,31.353551906555182,exact_month_year
SUGG,SUGG.AOS.buoy.c1,2022-07-13,CYCSP,0.62,0.3,1,NA,390,16.25,Schindler-Patalas,lake,2022,7,31.353551906555182,exact_month_year
SUGG,SUGG.AOS.littoral1,2022-07-13,CYCSP,0.467,0.2,0.8,NA,180,7.5,Schindler-Patalas,lake,2022,7,31.353551906555182,exact_month_year
SUGG,SUGG.AOS.littoral2,2022-07-13,CYCSP,0.5,0.4,0.6,NA,360,15,Schindler-Patalas,lake,2022,7,31.353551906555182,exact_month_year
SUGG,SUGG.AOS.buoy.c1,2022-07-13,DIASP10,0.425,0.2,0.6,NA,510,21.25,Schindler-Patalas,lake,2022,7,31.353551906555182,exact_month_year
SUGG,SUGG.AOS.littoral1,2022-07-13,DIASP10,0.375,0.2,0.6,NA,600,25,Schindler-Patalas,lake,2022,7,31.353551906555182,exact_month_year
SUGG,SUGG.AOS.littoral2,2022-07-13,DIASP10,0.35,0.3,0.4,NA,1050,43.75,Schindler-Patalas,lake,2022,7,31.353551906555182,exact_month_year
SUGG,SUGG.AOS.buoy.c1,2022-07-13,KERAME,0.1,0.1,0.1,0.05,6720,280,Schindler-Patalas,lake,2022,7,31.353551906555182,exact_month_year
SUGG,SUGG.AOS.littoral1,2022-07-13,KERAME,0.1,0.1,0.1,0.05,4420,184.16666666666663,Schindler-Patalas,lake,2022,7,31.353551906555182,exact_month_year
SUGG,SUGG.AOS.littoral2,2022-07-13,KERAME,0.1,0.1,0.1,0.05,6330,263.75,Schindler-Patalas,lake,2022,7,31.353551906555182,exact_month_year
SUGG,SUGG.AOS.buoy.c1,2022-07-13,MESEDA,1.2,1.2,1.2,NA,30,1.25,Schindler-Patalas,lake,2022,7,31.353551906555182,exact_month_year
SUGG,SUGG.AOS.littoral2,2022-07-13,MESEDA,1.2,1.2,1.2,NA,30,1.25,Schindler-Patalas,lake,2022,7,31.353551906555182,exact_month_year
SUGG,SUGG.AOS.buoy.c1,2022-07-13,TROPRA1,0.4,0.4,0.4,NA,30,1.25,Schindler-Patalas,lake,2022,7,31.353551906555182,exact_month_year
SUGG,SUGG.AOS.buoy.c0,2022-10-31,ARCFLO,1,1,1,NA,40,1.1111111111111112,Schindler-Patalas,lake,2022,10,24.135007918484828,exact_month_year
SUGG,SUGG.AOS.littoral1,2022-10-31,ARCFLO,1,1,1,NA,145,6.041666666666667,Schindler-Patalas,lake,2022,10,24.135007918484828,exact_month_year
SUGG,SUGG.AOS.littoral2,2022-10-31,ARCFLO,1,1,1,NA,27,1.125,Schindler-Patalas,lake,2022,10,24.135007918484828,exact_month_year
SUGG,SUGG.AOS.littoral1,2022-10-31,BOSTUB,0.367,0.2,0.6,NA,70,2.9166666666666665,Schindler-Patalas,lake,2022,10,24.135007918484828,exact_month_year
SUGG,SUGG.AOS.littoral2,2022-10-31,BOSTUB,0.433,0.3,0.6,NA,15,0.625,Schindler-Patalas,lake,2022,10,24.135007918484828,exact_month_year
SUGG,SUGG.AOS.buoy.c0,2022-10-31,CALSP1,0.8,0.6,1,NA,775,21.52777777777778,Schindler-Patalas,lake,2022,10,24.135007918484828,exact_month_year
SUGG,SUGG.AOS.littoral1,2022-10-31,CALSP1,0.725,0.5,1,NA,380,15.833333333333334,Schindler-Patalas,lake,2022,10,24.135007918484828,exact_month_year
SUGG,SUGG.AOS.littoral2,2022-10-31,CALSP1,0.675,0.3,1,NA,354,14.75,Schindler-Patalas,lake,2022,10,24.135007918484828,exact_month_year
SUGG,SUGG.AOS.buoy.c0,2022-10-31,CYCSP1,0.7,0.6,0.8,NA,70,1.9444444444444444,Schindler-Patalas,lake,2022,10,24.135007918484828,exact_month_year
SUGG,SUGG.AOS.littoral1,2022-10-31,CYCSP1,0.525,0.3,0.8,NA,145,6.041666666666667,Schindler-Patalas,lake,2022,10,24.135007918484828,exact_month_year
SUGG,SUGG.AOS.littoral2,2022-10-31,CYCSP1,0.6,0.4,0.8,NA,69,2.875,Schindler-Patalas,lake,2022,10,24.135007918484828,exact_month_year
SUGG,SUGG.AOS.buoy.c0,2022-10-31,DAPAMB,0.7,0.4,1,NA,95,2.638888888888889,Schindler-Patalas,lake,2022,10,24.135007918484828,exact_month_year
SUGG,SUGG.AOS.littoral1,2022-10-31,DAPAMB,0.7,0.4,1,NA,185,7.708333333333333,Schindler-Patalas,lake,2022,10,24.135007918484828,exact_month_year
SUGG,SUGG.AOS.littoral2,2022-10-31,DAPAMB,0.7,0.4,1,NA,42,1.75,Schindler-Patalas,lake,2022,10,24.135007918484828,exact_month_year
SUGG,SUGG.AOS.buoy.c0,2022-10-31,DIABIR,0.525,0.3,0.8,NA,140,3.888888888888889,Schindler-Patalas,lake,2022,10,24.135007918484828,exact_month_year
SUGG,SUGG.AOS.littoral1,2022-10-31,DIABIR,0.7,0.4,1,NA,145,6.041666666666667,Schindler-Patalas,lake,2022,10,24.135007918484828,exact_month_year
SUGG,SUGG.AOS.littoral2,2022-10-31,DIABIR,0.433,0.3,0.6,NA,75,3.125,Schindler-Patalas,lake,2022,10,24.135007918484828,exact_month_year
SUGG,SUGG.AOS.littoral1,2022-10-31,FILLON,0.15,0.15,0.15,0.08,5,0.20833333333333337,Schindler-Patalas,lake,2022,10,24.135007918484828,exact_month_year
SUGG,SUGG.AOS.buoy.c0,2022-10-31,KERAME,0.1,0.1,0.1,0.05,465,12.916666666666666,Schindler-Patalas,lake,2022,10,24.135007918484828,exact_month_year
SUGG,SUGG.AOS.littoral1,2022-10-31,KERAME,0.1,0.1,0.1,0.05,35,1.4583333333333333,Schindler-Patalas,lake,2022,10,24.135007918484828,exact_month_year
SUGG,SUGG.AOS.littoral2,2022-10-31,KERAME,0.1,0.1,0.1,0.05,90,3.75,Schindler-Patalas,lake,2022,10,24.135007918484828,exact_month_year
SUGG,SUGG.AOS.littoral1,2022-10-31,LECBUL,0.12,0.12,0.12,0.1,5,0.20833333333333337,Schindler-Patalas,lake,2022,10,24.135007918484828,exact_month_year
SUGG,SUGG.AOS.buoy.c0,2022-10-31,MESEDA,1.1,1,1.2,NA,100,2.7777777777777777,Schindler-Patalas,lake,2022,10,24.135007918484828,exact_month_year
SUGG,SUGG.AOS.littoral1,2022-10-31,MESEDA,1.1,1,1.2,NA,90,3.75,Schindler-Patalas,lake,2022,10,24.135007918484828,exact_month_year
SUGG,SUGG.AOS.littoral2,2022-10-31,MESEDA,1,0.8,1.2,NA,48,2,Schindler-Patalas,lake,2022,10,24.135007918484828,exact_month_year
SUGG,SUGG.AOS.littoral1,2022-10-31,SYNSP8,0.15,0.15,0.15,0.1,5,0.20833333333333337,Schindler-Patalas,lake,2022,10,24.135007918484828,exact_month_year
SUGG,SUGG.AOS.littoral1,2022-10-31,TROPRA1,0.5,0.5,0.5,NA,15,0.625,Schindler-Patalas,lake,2022,10,24.135007918484828,exact_month_year
SUGG,SUGG.AOS.littoral2,2022-10-31,TROPRA1,0.55,0.5,0.6,NA,15,0.625,Schindler-Patalas,lake,2022,10,24.135007918484828,exact_month_year
SUGG,SUGG.AOS.buoy.c1,2023-02-08,ARCFLO,1,1,1,NA,50,1.3888888888888888,Schindler-Patalas,lake,2023,2,20.2396745100986,exact_month_year
SUGG,SUGG.AOS.littoral1,2023-02-08,ARCFLO,1,1,1,NA,20,0.8333333333333334,Schindler-Patalas,lake,2023,2,20.2396745100986,exact_month_year
SUGG,SUGG.AOS.littoral2,2023-02-08,ARCFLO,1,1,1,NA,23,0.9583333333333334,Schindler-Patalas,lake,2023,2,20.2396745100986,exact_month_year
SUGG,SUGG.AOS.buoy.c1,2023-02-08,BOSLON,0.5,0.4,0.6,NA,10,0.2777777777777778,Schindler-Patalas,lake,2023,2,20.2396745100986,exact_month_year
SUGG,SUGG.AOS.buoy.c1,2023-02-08,BOSTUB,0.35,0.3,0.4,NA,25,0.6944444444444444,Schindler-Patalas,lake,2023,2,20.2396745100986,exact_month_year
SUGG,SUGG.AOS.littoral2,2023-02-08,BOSTUB,0.4,0.4,0.4,NA,8,0.3333333333333333,Schindler-Patalas,lake,2023,2,20.2396745100986,exact_month_year
SUGG,SUGG.AOS.buoy.c1,2023-02-08,CALSP1,0.7,0.4,1,NA,545,15.13888888888889,Schindler-Patalas,lake,2023,2,20.2396745100986,exact_month_year
SUGG,SUGG.AOS.littoral1,2023-02-08,CALSP1,0.667,0.4,1,NA,1190,49.583333333333336,Schindler-Patalas,lake,2023,2,20.2396745100986,exact_month_year
SUGG,SUGG.AOS.littoral2,2023-02-08,CALSP1,0.7,0.4,1,NA,488,20.333333333333332,Schindler-Patalas,lake,2023,2,20.2396745100986,exact_month_year
SUGG,SUGG.AOS.buoy.c1,2023-02-08,CHYSP,0.3,0.3,0.3,NA,5,0.1388888888888889,Schindler-Patalas,lake,2023,2,20.2396745100986,exact_month_year
SUGG,SUGG.AOS.buoy.c1,2023-02-08,CONUNI,0.267,0.1,0.4,0.077,70,1.9444444444444444,Schindler-Patalas,lake,2023,2,20.2396745100986,exact_month_year
SUGG,SUGG.AOS.littoral1,2023-02-08,CONUNI,0.2,0.2,0.2,0.08,5,0.20833333333333337,Schindler-Patalas,lake,2023,2,20.2396745100986,exact_month_year
SUGG,SUGG.AOS.buoy.c1,2023-02-08,CYCSP1,0.633,0.4,1,NA,100,2.7777777777777777,Schindler-Patalas,lake,2023,2,20.2396745100986,exact_month_year
SUGG,SUGG.AOS.littoral1,2023-02-08,CYCSP1,0.66,0.4,1,NA,65,2.7083333333333335,Schindler-Patalas,lake,2023,2,20.2396745100986,exact_month_year
SUGG,SUGG.AOS.littoral2,2023-02-08,CYCSP1,0.433,0.3,0.6,NA,90,3.75,Schindler-Patalas,lake,2023,2,20.2396745100986,exact_month_year
SUGG,SUGG.AOS.buoy.c1,2023-02-08,DAPAMB,0.7,0.4,1,NA,150,4.166666666666667,Schindler-Patalas,lake,2023,2,20.2396745100986,exact_month_year
SUGG,SUGG.AOS.littoral1,2023-02-08,DAPAMB,0.633,0.5,0.8,NA,40,1.6666666666666667,Schindler-Patalas,lake,2023,2,20.2396745100986,exact_month_year
SUGG,SUGG.AOS.littoral2,2023-02-08,DAPAMB,0.7,0.4,1,NA,138,5.75,Schindler-Patalas,lake,2023,2,20.2396745100986,exact_month_year
SUGG,SUGG.AOS.buoy.c1,2023-02-08,DIABIR,0.62,0.3,1,NA,245,6.805555555555555,Schindler-Patalas,lake,2023,2,20.2396745100986,exact_month_year
SUGG,SUGG.AOS.littoral1,2023-02-08,DIABIR,0.56,0.3,0.8,NA,65,2.7083333333333335,Schindler-Patalas,lake,2023,2,20.2396745100986,exact_month_year
SUGG,SUGG.AOS.littoral2,2023-02-08,DIABIR,0.525,0.3,0.8,NA,38,1.5833333333333333,Schindler-Patalas,lake,2023,2,20.2396745100986,exact_month_year
SUGG,SUGG.AOS.buoy.c1,2023-02-08,GASSP6,0.1,0.08,0.12,0.08,10,0.2777777777777778,Schindler-Patalas,lake,2023,2,20.2396745100986,exact_month_year
SUGG,SUGG.AOS.littoral2,2023-02-08,GASSTY,0.12,0.12,0.12,0.1,3,0.125,Schindler-Patalas,lake,2023,2,20.2396745100986,exact_month_year
SUGG,SUGG.AOS.buoy.c1,2023-02-08,KERAME,0.1,0.1,0.1,0.05,560,15.555555555555555,Schindler-Patalas,lake,2023,2,20.2396745100986,exact_month_year
SUGG,SUGG.AOS.littoral1,2023-02-08,KERAME,0.1,0.1,0.1,0.05,285,11.875,Schindler-Patalas,lake,2023,2,20.2396745100986,exact_month_year
SUGG,SUGG.AOS.littoral2,2023-02-08,KERAME,0.1,0.1,0.1,0.05,180,7.5,Schindler-Patalas,lake,2023,2,20.2396745100986,exact_month_year
SUGG,SUGG.AOS.buoy.c1,2023-02-08,MESEDA,1.1,1,1.2,NA,45,1.25,Schindler-Patalas,lake,2023,2,20.2396745100986,exact_month_year
SUGG,SUGG.AOS.littoral1,2023-02-08,MESEDA,1.1,1,1.2,NA,10,0.4166666666666667,Schindler-Patalas,lake,2023,2,20.2396745100986,exact_month_year
SUGG,SUGG.AOS.littoral2,2023-02-08,MESEDA,1.1,1,1.2,NA,20,0.8333333333333334,Schindler-Patalas,lake,2023,2,20.2396745100986,exact_month_year
SUGG,SUGG.AOS.buoy.c1,2023-02-08,SKIMIS,0.8,0.8,0.8,NA,5,0.1388888888888889,Schindler-Patalas,lake,2023,2,20.2396745100986,exact_month_year
SUGG,SUGG.AOS.buoy.c1,2023-02-08,SYNSP8,0.15,0.15,0.15,0.08,5,0.1388888888888889,Schindler-Patalas,lake,2023,2,20.2396745100986,exact_month_year
SUGG,SUGG.AOS.buoy.c1,2023-02-08,TRISP31,0.15,0.15,0.15,0.05,5,0.1388888888888889,Schindler-Patalas,lake,2023,2,20.2396745100986,exact_month_year
SUGG,SUGG.AOS.littoral2,2023-02-08,TRISP31,0.25,0.25,0.25,0.1,3,0.125,Schindler-Patalas,lake,2023,2,20.2396745100986,exact_month_year
SUGG,SUGG.AOS.littoral2,2023-02-08,TROPRA1,0.5,0.5,0.5,NA,23,0.9583333333333334,Schindler-Patalas,lake,2023,2,20.2396745100986,exact_month_year
SUGG,SUGG.AOS.buoy.c0,2023-06-29,ARCFLO,1,1,1,NA,155,4.305555555555555,Schindler-Patalas,lake,2023,6,29.115324526512765,exact_month_year
SUGG,SUGG.AOS.littoral1,2023-06-29,ARCFLO,1,1,1,NA,117,4.875,Schindler-Patalas,lake,2023,6,29.115324526512765,exact_month_year
SUGG,SUGG.AOS.littoral2,2023-06-29,ARCFLO,1,1,1,NA,8,0.3333333333333333,Schindler-Patalas,lake,2023,6,29.115324526512765,exact_month_year
SUGG,SUGG.AOS.littoral1,2023-06-29,ASCSP1,0.08,0.08,0.08,0.06,12,0.5,Schindler-Patalas,lake,2023,6,29.115324526512765,exact_month_year
SUGG,SUGG.AOS.littoral2,2023-06-29,ASCSP1,0.09,0.08,0.1,0.07,50,2.0833333333333335,Schindler-Patalas,lake,2023,6,29.115324526512765,exact_month_year
SUGG,SUGG.AOS.littoral2,2023-06-29,BRASP22,0.12,0.12,0.12,0.06,4,0.16666666666666666,Schindler-Patalas,lake,2023,6,29.115324526512765,exact_month_year
SUGG,SUGG.AOS.buoy.c0,2023-06-29,CALSP1,0.775,0.5,1.2,NA,765,21.25,Schindler-Patalas,lake,2023,6,29.115324526512765,exact_month_year
SUGG,SUGG.AOS.littoral1,2023-06-29,CALSP1,0.933,0.6,1.2,NA,483,20.125,Schindler-Patalas,lake,2023,6,29.115324526512765,exact_month_year
SUGG,SUGG.AOS.littoral2,2023-06-29,CALSP1,0.733,0.4,1,NA,8,0.3333333333333333,Schindler-Patalas,lake,2023,6,29.115324526512765,exact_month_year
SUGG,SUGG.AOS.littoral2,2023-06-29,CONSP8,0.11,0.08,0.14,0.07,2,0.08333333333333333,Schindler-Patalas,lake,2023,6,29.115324526512765,exact_month_year
SUGG,SUGG.AOS.buoy.c0,2023-06-29,CYCSP1,0.567,0.4,0.8,NA,70,1.9444444444444444,Schindler-Patalas,lake,2023,6,29.115324526512765,exact_month_year
SUGG,SUGG.AOS.littoral1,2023-06-29,CYCSP1,0.45,0.4,0.5,NA,12,0.5,Schindler-Patalas,lake,2023,6,29.115324526512765,exact_month_year
SUGG,SUGG.AOS.littoral2,2023-06-29,CYCSP1,0.45,0.4,0.5,NA,3,0.125,Schindler-Patalas,lake,2023,6,29.115324526512765,exact_month_year
SUGG,SUGG.AOS.buoy.c0,2023-06-29,DAPAMB,0.7,0.6,0.8,NA,15,0.4166666666666667,Schindler-Patalas,lake,2023,6,29.115324526512765,exact_month_year
SUGG,SUGG.AOS.littoral1,2023-06-29,DAPAMB,0.6,0.6,0.6,NA,3,0.125,Schindler-Patalas,lake,2023,6,29.115324526512765,exact_month_year
SUGG,SUGG.AOS.littoral2,2023-06-29,DAPSP1,0.6,0.6,0.6,NA,1,0.04166666666666666,Schindler-Patalas,lake,2023,6,29.115324526512765,exact_month_year
SUGG,SUGG.AOS.buoy.c0,2023-06-29,DIABIR,0.475,0.3,0.7,NA,210,5.833333333333333,Schindler-Patalas,lake,2023,6,29.115324526512765,exact_month_year
SUGG,SUGG.AOS.littoral1,2023-06-29,DIABIR,0.467,0.3,0.7,NA,18,0.75,Schindler-Patalas,lake,2023,6,29.115324526512765,exact_month_year
SUGG,SUGG.AOS.littoral2,2023-06-29,DIABIR,0.3,0.3,0.3,NA,7,0.2916666666666667,Schindler-Patalas,lake,2023,6,29.115324526512765,exact_month_year
SUGG,SUGG.AOS.buoy.c0,2023-06-29,KERAME,0.1,0.1,0.1,0.05,270,7.5,Schindler-Patalas,lake,2023,6,29.115324526512765,exact_month_year
SUGG,SUGG.AOS.littoral1,2023-06-29,KERAME,0.1,0.1,0.1,0.05,156,6.5,Schindler-Patalas,lake,2023,6,29.115324526512765,exact_month_year
SUGG,SUGG.AOS.littoral2,2023-06-29,KERAME,0.1,0.1,0.1,0.05,81,3.375,Schindler-Patalas,lake,2023,6,29.115324526512765,exact_month_year
SUGG,SUGG.AOS.littoral2,2023-06-29,KERQUA,0.12,0.12,0.12,0.14,1,0.04166666666666666,Schindler-Patalas,lake,2023,6,29.115324526512765,exact_month_year
SUGG,SUGG.AOS.littoral2,2023-06-29,LECMIR,0.12,0.12,0.12,0.07,1,0.04166666666666666,Schindler-Patalas,lake,2023,6,29.115324526512765,exact_month_year
SUGG,SUGG.AOS.buoy.c0,2023-06-29,MESEDA,1.2,1.2,1.2,NA,35,0.9722222222222222,Schindler-Patalas,lake,2023,6,29.115324526512765,exact_month_year
SUGG,SUGG.AOS.littoral2,2023-06-29,PLOLEN,0.18,0.18,0.18,0.1,1,0.04166666666666666,Schindler-Patalas,lake,2023,6,29.115324526512765,exact_month_year
SUGG,SUGG.AOS.littoral1,2023-06-29,TESSP2,0.1,0.1,0.1,0.08,9,0.375,Schindler-Patalas,lake,2023,6,29.115324526512765,exact_month_year
SUGG,SUGG.AOS.littoral1,2023-06-29,TRISP31,0.27,0.26,0.28,0.065,9,0.375,Schindler-Patalas,lake,2023,6,29.115324526512765,exact_month_year
SUGG,SUGG.AOS.littoral2,2023-06-29,TRISP31,0.12,0.12,0.12,0.04,1,0.04166666666666666,Schindler-Patalas,lake,2023,6,29.115324526512765,exact_month_year
SUGG,SUGG.AOS.littoral2,2023-06-29,TRITET,0.2,0.2,0.2,0.1,1,0.04166666666666666,Schindler-Patalas,lake,2023,6,29.115324526512765,exact_month_year
SUGG,SUGG.AOS.littoral1,2023-10-31,ASCSP1,0.12,0.11,0.13,0.09,8,0.3333333333333333,Schindler-Patalas,lake,2023,10,24.753568096986786,exact_month_year
SUGG,SUGG.AOS.littoral2,2023-10-31,ASCSP1,0.17,0.17,0.17,0.11,13,0.5416666666666666,Schindler-Patalas,lake,2023,10,24.753568096986786,exact_month_year
SUGG,SUGG.AOS.buoy.c0,2023-10-31,BOSSP1,0.35,0.35,0.35,0.24,25,0.6944444444444444,Schindler-Patalas,lake,2023,10,24.753568096986786,exact_month_year
SUGG,SUGG.AOS.littoral1,2023-10-31,BOSSP1,0.29,0.19,0.39,NA,54,2.25,Schindler-Patalas,lake,2023,10,24.753568096986786,exact_month_year
SUGG,SUGG.AOS.littoral2,2023-10-31,BOSSP1,0.32,0.24,0.41,NA,63,2.625,Schindler-Patalas,lake,2023,10,24.753568096986786,exact_month_year
SUGG,SUGG.AOS.buoy.c0,2023-10-31,CALSP1,0.83,0.56,1.05,NA,3200,88.88888888888889,Schindler-Patalas,lake,2023,10,24.753568096986786,exact_month_year
SUGG,SUGG.AOS.littoral1,2023-10-31,CALSP1,0.78,0.35,1.02,NA,113,4.708333333333333,Schindler-Patalas,lake,2023,10,24.753568096986786,exact_month_year
SUGG,SUGG.AOS.littoral2,2023-10-31,CALSP1,0.87,0.55,1.11,NA,2263,94.29166666666669,Schindler-Patalas,lake,2023,10,24.753568096986786,exact_month_year
SUGG,SUGG.AOS.littoral2,2023-10-31,CHASP4,2.53,2.53,2.53,NA,13,0.5416666666666666,Schindler-Patalas,lake,2023,10,24.753568096986786,exact_month_year
SUGG,SUGG.AOS.littoral2,2023-10-31,CHISP2,0.79,0.79,0.79,NA,13,0.5416666666666666,Schindler-Patalas,lake,2023,10,24.753568096986786,exact_month_year
SUGG,SUGG.AOS.littoral1,2023-10-31,COLSP12,0.17,0.11,0.22,0.08,179,7.458333333333333,Schindler-Patalas,lake,2023,10,24.753568096986786,exact_month_year
SUGG,SUGG.AOS.buoy.c0,2023-10-31,CYCSP,0.55,0.26,1.2,NA,1700,47.22222222222222,Schindler-Patalas,lake,2023,10,24.753568096986786,exact_month_year
SUGG,SUGG.AOS.littoral1,2023-10-31,CYCSP,0.4,0.18,0.67,NA,154,6.416666666666667,Schindler-Patalas,lake,2023,10,24.753568096986786,exact_month_year
SUGG,SUGG.AOS.littoral2,2023-10-31,CYCSP,0.58,0.4,0.81,NA,1275,53.125,Schindler-Patalas,lake,2023,10,24.753568096986786,exact_month_year
SUGG,SUGG.AOS.buoy.c0,2023-10-31,DAPSP1,0.55,0.55,0.56,NA,50,1.3888888888888888,Schindler-Patalas,lake,2023,10,24.753568096986786,exact_month_year
SUGG,SUGG.AOS.littoral1,2023-10-31,DAPSP1,0.36,0.36,0.36,NA,4,0.16666666666666666,Schindler-Patalas,lake,2023,10,24.753568096986786,exact_month_year
SUGG,SUGG.AOS.littoral2,2023-10-31,DAPSP1,0.37,0.37,0.37,NA,13,0.5416666666666666,Schindler-Patalas,lake,2023,10,24.753568096986786,exact_month_year
SUGG,SUGG.AOS.buoy.c0,2023-10-31,DIASP10,0.49,0.27,0.84,NA,450,12.5,Schindler-Patalas,lake,2023,10,24.753568096986786,exact_month_year
SUGG,SUGG.AOS.littoral1,2023-10-31,DIASP10,0.56,0.21,0.74,NA,138,5.75,Schindler-Patalas,lake,2023,10,24.753568096986786,exact_month_year
SUGG,SUGG.AOS.littoral2,2023-10-31,DIASP10,0.51,0.3,0.82,NA,200,8.333333333333334,Schindler-Patalas,lake,2023,10,24.753568096986786,exact_month_year
SUGG,SUGG.AOS.buoy.c0,2023-10-31,HEXSP6,0.16,0.16,0.16,0.12,25,0.6944444444444444,Schindler-Patalas,lake,2023,10,24.753568096986786,exact_month_year
SUGG,SUGG.AOS.littoral1,2023-10-31,KELSP1,0.1,0.07,0.11,0.05,38,1.5833333333333333,Schindler-Patalas,lake,2023,10,24.753568096986786,exact_month_year
SUGG,SUGG.AOS.buoy.c0,2023-10-31,KERSP,0.11,0.08,0.13,0.05,250,6.944444444444445,Schindler-Patalas,lake,2023,10,24.753568096986786,exact_month_year
SUGG,SUGG.AOS.littoral2,2023-10-31,KERSP,0.1,0.07,0.12,0.04,113,4.708333333333333,Schindler-Patalas,lake,2023,10,24.753568096986786,exact_month_year
SUGG,SUGG.AOS.littoral2,2023-10-31,MONSP8,0.11,0.11,0.11,0.07,13,0.5416666666666666,Schindler-Patalas,lake,2023,10,24.753568096986786,exact_month_year
SUGG,SUGG.AOS.littoral1,2023-10-31,OSTSP,0.15,0.15,0.15,NA,4,0.16666666666666666,Schindler-Patalas,lake,2023,10,24.753568096986786,exact_month_year
SUGG,SUGG.AOS.littoral1,2023-10-31,PLOSP1,0.11,0.11,0.11,0.06,4,0.16666666666666666,Schindler-Patalas,lake,2023,10,24.753568096986786,exact_month_year
SUGG,SUGG.AOS.buoy.c0,2023-10-31,POLSP20,0.15,0.13,0.16,0.11,50,1.3888888888888888,Schindler-Patalas,lake,2023,10,24.753568096986786,exact_month_year
SUGG,SUGG.AOS.littoral1,2023-10-31,POMSP5,0.11,0.1,0.13,0.09,13,0.5416666666666666,Schindler-Patalas,lake,2023,10,24.753568096986786,exact_month_year
SUGG,SUGG.AOS.littoral1,2023-10-31,TRISP31,0.22,0.2,0.24,0.08,8,0.3333333333333333,Schindler-Patalas,lake,2023,10,24.753568096986786,exact_month_year
SUGG,SUGG.AOS.littoral1,2024-02-08,ALOSP1,0.28,0.27,0.29,NA,11,0.4583333333333333,Schindler-Patalas,lake,2024,2,16.964006186408465,exact_month_year
SUGG,SUGG.AOS.buoy.c0,2024-02-08,CALSP1,0.77,0.33,1.19,NA,1525,42.361111111111114,Schindler-Patalas,lake,2024,2,16.964006186408465,exact_month_year
SUGG,SUGG.AOS.littoral1,2024-02-08,CALSP1,0.9,0.57,1.15,NA,711,29.625,Schindler-Patalas,lake,2024,2,16.964006186408465,exact_month_year
SUGG,SUGG.AOS.littoral2,2024-02-08,CALSP1,0.84,0.31,1.13,NA,227,9.458333333333334,Schindler-Patalas,lake,2024,2,16.964006186408465,exact_month_year
SUGG,SUGG.AOS.littoral1,2024-02-08,CHYSP2,0.22,0.19,0.25,NA,14,0.5833333333333334,Schindler-Patalas,lake,2024,2,16.964006186408465,exact_month_year
SUGG,SUGG.AOS.buoy.c0,2024-02-08,CONSP1,0.15,0.12,0.18,0.06,25,0.6944444444444444,Schindler-Patalas,lake,2024,2,16.964006186408465,exact_month_year
SUGG,SUGG.AOS.littoral2,2024-02-08,CONSP8,0.1,0.1,0.1,0.06,2,0.08333333333333333,Schindler-Patalas,lake,2024,2,16.964006186408465,exact_month_year
SUGG,SUGG.AOS.buoy.c0,2024-02-08,CYCSP,0.43,0.15,0.85,NA,325,9.02777777777778,Schindler-Patalas,lake,2024,2,16.964006186408465,exact_month_year
SUGG,SUGG.AOS.littoral1,2024-02-08,CYCSP,0.48,0.1,0.88,NA,64,2.6666666666666665,Schindler-Patalas,lake,2024,2,16.964006186408465,exact_month_year
SUGG,SUGG.AOS.littoral2,2024-02-08,CYCSP,0.48,0.14,1.06,NA,116,4.833333333333333,Schindler-Patalas,lake,2024,2,16.964006186408465,exact_month_year
SUGG,SUGG.AOS.buoy.c0,2024-02-08,DAPSP1,0.53,0.51,0.55,NA,25,0.6944444444444444,Schindler-Patalas,lake,2024,2,16.964006186408465,exact_month_year
SUGG,SUGG.AOS.littoral1,2024-02-08,DAPSP1,0.67,0.46,1.05,NA,61,2.5416666666666665,Schindler-Patalas,lake,2024,2,16.964006186408465,exact_month_year
SUGG,SUGG.AOS.littoral2,2024-02-08,DAPSP1,0.78,0.56,0.93,NA,15,0.625,Schindler-Patalas,lake,2024,2,16.964006186408465,exact_month_year
SUGG,SUGG.AOS.buoy.c0,2024-02-08,DIASP10,0.48,0.38,0.59,NA,50,1.3888888888888888,Schindler-Patalas,lake,2024,2,16.964006186408465,exact_month_year
SUGG,SUGG.AOS.littoral1,2024-02-08,DIASP10,0.48,0.47,0.48,NA,7,0.2916666666666667,Schindler-Patalas,lake,2024,2,16.964006186408465,exact_month_year
SUGG,SUGG.AOS.littoral2,2024-02-08,DIASP10,0.48,0.22,0.76,NA,15,0.625,Schindler-Patalas,lake,2024,2,16.964006186408465,exact_month_year
SUGG,SUGG.AOS.littoral2,2024-02-08,FILSP1,0.06,0.06,0.06,0.03,2,0.08333333333333333,Schindler-Patalas,lake,2024,2,16.964006186408465,exact_month_year
SUGG,SUGG.AOS.littoral2,2024-02-08,HEXSP6,0.11,0.11,0.11,0.09,2,0.08333333333333333,Schindler-Patalas,lake,2024,2,16.964006186408465,exact_month_year
SUGG,SUGG.AOS.buoy.c0,2024-02-08,KERSP,0.11,0.08,0.13,0.05,738,20.5,Schindler-Patalas,lake,2024,2,16.964006186408465,exact_month_year
SUGG,SUGG.AOS.littoral1,2024-02-08,KERSP,0.1,0.07,0.12,0.05,50,2.0833333333333335,Schindler-Patalas,lake,2024,2,16.964006186408465,exact_month_year
SUGG,SUGG.AOS.littoral2,2024-02-08,KERSP,0.11,0.08,0.12,0.05,58,2.4166666666666665,Schindler-Patalas,lake,2024,2,16.964006186408465,exact_month_year
SUGG,SUGG.AOS.littoral2,2024-02-08,LECSP1,0.12,0.12,0.12,0.09,4,0.16666666666666666,Schindler-Patalas,lake,2024,2,16.964006186408465,exact_month_year
SUGG,SUGG.AOS.littoral2,2024-02-08,NOTSP11,0.09,0.09,0.09,0.08,2,0.08333333333333333,Schindler-Patalas,lake,2024,2,16.964006186408465,exact_month_year
SUGG,SUGG.AOS.littoral2,2024-02-08,OSTSP,0.18,0.13,0.51,NA,19,0.7916666666666666,Schindler-Patalas,lake,2024,2,16.964006186408465,exact_month_year
SUGG,SUGG.AOS.littoral2,2024-02-08,POLSP20,0.11,0.11,0.11,0.08,2,0.08333333333333333,Schindler-Patalas,lake,2024,2,16.964006186408465,exact_month_year
SUGG,SUGG.AOS.littoral1,2024-02-08,TRISP31,0.22,0.21,0.22,0.11,7,0.2916666666666667,Schindler-Patalas,lake,2024,2,16.964006186408465,exact_month_year
SUGG,SUGG.AOS.buoy.c0,2024-07-10,CALSP1,0.63,0.21,1.08,NA,1817,75.70833333333333,Schindler-Patalas,lake,2024,7,31.4673103119266,exact_month_year
SUGG,SUGG.AOS.littoral1,2024-07-10,CALSP1,0.66,0.36,0.96,NA,111,4.625,Schindler-Patalas,lake,2024,7,31.4673103119266,exact_month_year
SUGG,SUGG.AOS.littoral2,2024-07-10,CALSP1,0.54,0.28,0.8,NA,315,13.125,Schindler-Patalas,lake,2024,7,31.4673103119266,exact_month_year
SUGG,SUGG.AOS.buoy.c0,2024-07-10,CYCSP,0.71,0.4,1.19,NA,667,27.791666666666668,Schindler-Patalas,lake,2024,7,31.4673103119266,exact_month_year
SUGG,SUGG.AOS.littoral1,2024-07-10,CYCSP,0.42,0.2,0.84,NA,51,2.125,Schindler-Patalas,lake,2024,7,31.4673103119266,exact_month_year
SUGG,SUGG.AOS.littoral2,2024-07-10,CYCSP,0.5,0.28,0.97,NA,115,4.791666666666667,Schindler-Patalas,lake,2024,7,31.4673103119266,exact_month_year
SUGG,SUGG.AOS.buoy.c0,2024-07-10,DAPSP1,0.7,0.48,0.98,NA,167,6.958333333333333,Schindler-Patalas,lake,2024,7,31.4673103119266,exact_month_year
SUGG,SUGG.AOS.littoral1,2024-07-10,DAPSP1,0.95,0.61,1.14,NA,17,0.7083333333333334,Schindler-Patalas,lake,2024,7,31.4673103119266,exact_month_year
SUGG,SUGG.AOS.littoral2,2024-07-10,DAPSP1,0.51,0.36,0.57,NA,25,1.0416666666666667,Schindler-Patalas,lake,2024,7,31.4673103119266,exact_month_year
SUGG,SUGG.AOS.buoy.c0,2024-07-10,DIASP10,0.46,0.19,0.71,NA,267,11.125,Schindler-Patalas,lake,2024,7,31.4673103119266,exact_month_year
SUGG,SUGG.AOS.littoral1,2024-07-10,DIASP10,0.39,0.29,0.59,NA,120,5,Schindler-Patalas,lake,2024,7,31.4673103119266,exact_month_year
SUGG,SUGG.AOS.littoral2,2024-07-10,DIASP10,0.4,0.3,0.65,NA,60,2.5,Schindler-Patalas,lake,2024,7,31.4673103119266,exact_month_year
SUGG,SUGG.AOS.littoral2,2024-07-10,HYDSP12,0.38,0.38,0.38,NA,5,0.20833333333333337,Schindler-Patalas,lake,2024,7,31.4673103119266,exact_month_year
SUGG,SUGG.AOS.buoy.c0,2024-07-10,KERSP,0.11,0.1,0.12,0.05,150,6.25,Schindler-Patalas,lake,2024,7,31.4673103119266,exact_month_year
SUGG,SUGG.AOS.littoral1,2024-07-10,KERSP,0.11,0.07,0.14,0.05,23,0.9583333333333334,Schindler-Patalas,lake,2024,7,31.4673103119266,exact_month_year
SUGG,SUGG.AOS.littoral2,2024-07-10,KERSP,0.12,0.11,0.12,0.04,10,0.4166666666666667,Schindler-Patalas,lake,2024,7,31.4673103119266,exact_month_year
SUGG,SUGG.AOS.littoral2,2024-07-10,OSTSP,0.64,0.64,0.64,NA,5,0.20833333333333337,Schindler-Patalas,lake,2024,7,31.4673103119266,exact_month_year
SUGG,SUGG.AOS.littoral2,2024-07-10,POLSP20,0.13,0.13,0.13,0.1,5,0.20833333333333337,Schindler-Patalas,lake,2024,7,31.4673103119266,exact_month_year
SUGG,SUGG.AOS.littoral2,2024-07-10,TRISP31,0.2,0.2,0.2,0.08,5,0.20833333333333337,Schindler-Patalas,lake,2024,7,31.4673103119266,exact_month_year
SUGG,SUGG.AOS.buoy.c0,2024-10-31,BOSSP1,0.31,0.25,0.38,NA,13,0.3611111111111111,Schindler-Patalas,lake,2024,10,25.086798786612594,exact_month_year
SUGG,SUGG.AOS.littoral1,2024-10-31,BOSSP1,0.2,0.2,0.2,NA,12,0.3333333333333333,Schindler-Patalas,lake,2024,10,25.086798786612594,exact_month_year
SUGG,SUGG.AOS.littoral2,2024-10-31,BOSSP1,0.28,0.14,0.36,NA,36,1.5,Schindler-Patalas,lake,2024,10,25.086798786612594,exact_month_year
SUGG,SUGG.AOS.buoy.c0,2024-10-31,CALSP1,0.75,0.37,1.14,NA,1540,42.77777777777778,Schindler-Patalas,lake,2024,10,25.086798786612594,exact_month_year
SUGG,SUGG.AOS.littoral1,2024-10-31,CALSP1,0.43,0.22,1,NA,1902,52.833333333333336,Schindler-Patalas,lake,2024,10,25.086798786612594,exact_month_year
SUGG,SUGG.AOS.littoral2,2024-10-31,CALSP1,0.8,0.52,1.03,NA,354,14.75,Schindler-Patalas,lake,2024,10,25.086798786612594,exact_month_year
SUGG,SUGG.AOS.littoral2,2024-10-31,COLSP12,0.22,0.22,0.22,0.12,2,0.08333333333333333,Schindler-Patalas,lake,2024,10,25.086798786612594,exact_month_year
SUGG,SUGG.AOS.buoy.c0,2024-10-31,CYCSP,0.84,0.65,1.09,NA,253,7.027777777777778,Schindler-Patalas,lake,2024,10,25.086798786612594,exact_month_year
SUGG,SUGG.AOS.littoral1,2024-10-31,CYCSP,0.65,0.36,1.24,NA,350,9.72222222222222,Schindler-Patalas,lake,2024,10,25.086798786612594,exact_month_year
SUGG,SUGG.AOS.littoral2,2024-10-31,CYCSP,0.87,0.74,0.98,NA,34,1.4166666666666667,Schindler-Patalas,lake,2024,10,25.086798786612594,exact_month_year
SUGG,SUGG.AOS.buoy.c0,2024-10-31,DAPSP1,0.81,0.57,1,NA,200,5.555555555555555,Schindler-Patalas,lake,2024,10,25.086798786612594,exact_month_year
SUGG,SUGG.AOS.littoral1,2024-10-31,DAPSP1,0.79,0.74,0.91,NA,82,2.2777777777777777,Schindler-Patalas,lake,2024,10,25.086798786612594,exact_month_year
SUGG,SUGG.AOS.littoral2,2024-10-31,DAPSP1,0.79,0.59,1.12,NA,64,2.6666666666666665,Schindler-Patalas,lake,2024,10,25.086798786612594,exact_month_year
SUGG,SUGG.AOS.buoy.c0,2024-10-31,DIASP10,0.47,0.21,0.69,NA,227,6.305555555555555,Schindler-Patalas,lake,2024,10,25.086798786612594,exact_month_year
SUGG,SUGG.AOS.littoral1,2024-10-31,DIASP10,0.45,0.19,0.61,NA,152,4.222222222222222,Schindler-Patalas,lake,2024,10,25.086798786612594,exact_month_year
SUGG,SUGG.AOS.buoy.c0,2024-10-31,EUBSP3,0.47,0.47,0.47,NA,13,0.3611111111111111,Schindler-Patalas,lake,2024,10,25.086798786612594,exact_month_year
SUGG,SUGG.AOS.littoral1,2024-10-31,EUBSP3,0.58,0.25,0.91,NA,70,1.9444444444444444,Schindler-Patalas,lake,2024,10,25.086798786612594,exact_month_year
SUGG,SUGG.AOS.littoral2,2024-10-31,EUBSP3,0.7,0.7,0.7,NA,2,0.08333333333333333,Schindler-Patalas,lake,2024,10,25.086798786612594,exact_month_year
SUGG,SUGG.AOS.littoral1,2024-10-31,EURSP6,0.56,0.56,0.56,NA,12,0.3333333333333333,Schindler-Patalas,lake,2024,10,25.086798786612594,exact_month_year
SUGG,SUGG.AOS.littoral2,2024-10-31,HYDSP12,0.37,0.37,0.37,NA,2,0.08333333333333333,Schindler-Patalas,lake,2024,10,25.086798786612594,exact_month_year
SUGG,SUGG.AOS.littoral1,2024-10-31,KERSP,0.18,0.12,0.21,0.04,82,2.2777777777777777,Schindler-Patalas,lake,2024,10,25.086798786612594,exact_month_year
SUGG,SUGG.AOS.buoy.c0,2024-10-31,OSTSP,0.33,0.33,0.33,NA,7,0.19444444444444445,Schindler-Patalas,lake,2024,10,25.086798786612594,exact_month_year
SUGG,SUGG.AOS.littoral1,2024-10-31,POLSP20,0.1,0.1,0.1,0.08,12,0.3333333333333333,Schindler-Patalas,lake,2024,10,25.086798786612594,exact_month_year
SUGG,SUGG.AOS.buoy.c0,2024-10-31,SCASP9,0.85,0.74,0.96,NA,13,0.3611111111111111,Schindler-Patalas,lake,2024,10,25.086798786612594,exact_month_year
SUGG,SUGG.AOS.littoral2,2024-10-31,STESP21,0.46,0.24,0.73,NA,62,2.5833333333333335,Schindler-Patalas,lake,2024,10,25.086798786612594,exact_month_year
TOOK,TOOK.AOS.littoral2,2017-06-26,ASCECA,0.13,0.13,0.13,NA,1,0.02777777777777777,Schindler-Patalas,lake,2017,6,9.784237736507794,same_month_all_years
TOOK,TOOK.AOS.buoy.c0,2017-06-26,CALSP1,0.53,0.5,0.58,NA,180,0.12644889357218125,tow net,lake,2017,6,9.784237736507794,same_month_all_years
TOOK,TOOK.AOS.littoral2,2017-06-26,CALSP1,0.5,0.5,0.5,NA,1,0.02777777777777777,Schindler-Patalas,lake,2017,6,9.784237736507794,same_month_all_years
TOOK,TOOK.AOS.littoral3,2017-06-26,CALSP1,0.74,0.45,0.93,NA,6,0.25,Schindler-Patalas,lake,2017,6,9.784237736507794,same_month_all_years
TOOK,TOOK.AOS.littoral3,2017-06-26,CAMSP12,0.7,0.7,0.7,NA,1,0.04166666666666666,Schindler-Patalas,lake,2017,6,9.784237736507794,same_month_all_years
TOOK,TOOK.AOS.buoy.c0,2017-06-26,CONSP8,0.19,0.13,0.25,0.1,2100,1.4752370916754478,tow net,lake,2017,6,9.784237736507794,same_month_all_years
TOOK,TOOK.AOS.littoral2,2017-06-26,CONSP8,0.19,0.13,0.25,0.12,9,0.25,Schindler-Patalas,lake,2017,6,9.784237736507794,same_month_all_years
TOOK,TOOK.AOS.littoral3,2017-06-26,CONSP8,0.2,0.2,0.2,0.08,1,0.04166666666666666,Schindler-Patalas,lake,2017,6,9.784237736507794,same_month_all_years
TOOK,TOOK.AOS.buoy.c0,2017-06-26,CONUNI,0.15,0.1,0.2,0.05,2280,1.601685985247629,tow net,lake,2017,6,9.784237736507794,same_month_all_years
TOOK,TOOK.AOS.littoral2,2017-06-26,CONUNI,0.15,0.1,0.2,0.06,29,0.8055555555555556,Schindler-Patalas,lake,2017,6,9.784237736507794,same_month_all_years
TOOK,TOOK.AOS.littoral3,2017-06-26,CONUNI,0.15,0.13,0.2,0.09,42,1.75,Schindler-Patalas,lake,2017,6,9.784237736507794,same_month_all_years
TOOK,TOOK.AOS.buoy.c0,2017-06-26,CYCSP,0.6,0.38,0.95,NA,5580,3.919915700737618,tow net,lake,2017,6,9.784237736507794,same_month_all_years
TOOK,TOOK.AOS.littoral2,2017-06-26,CYCSP,0.54,0.4,0.65,NA,64,1.7777777777777777,Schindler-Patalas,lake,2017,6,9.784237736507794,same_month_all_years
TOOK,TOOK.AOS.littoral3,2017-06-26,CYCSP,0.53,0.4,0.68,NA,10,0.4166666666666667,Schindler-Patalas,lake,2017,6,9.784237736507794,same_month_all_years
TOOK,TOOK.AOS.buoy.c0,2017-06-26,CYCSP4,1.12,1,1.25,NA,780,0.547945205479452,tow net,lake,2017,6,9.784237736507794,same_month_all_years
TOOK,TOOK.AOS.littoral2,2017-06-26,CYCSP4,1.25,1.08,1.45,NA,5,0.1388888888888889,Schindler-Patalas,lake,2017,6,9.784237736507794,same_month_all_years
TOOK,TOOK.AOS.littoral3,2017-06-26,CYCSP4,1.18,1.18,1.18,NA,1,0.04166666666666666,Schindler-Patalas,lake,2017,6,9.784237736507794,same_month_all_years
TOOK,TOOK.AOS.buoy.c0,2017-06-26,EPISP12,1.1,1,1.2,NA,120,0.08429926238145416,tow net,lake,2017,6,9.784237736507794,same_month_all_years
TOOK,TOOK.AOS.littoral2,2017-06-26,EPISP12,1.41,1.33,1.5,NA,2,0.05555555555555555,Schindler-Patalas,lake,2017,6,9.784237736507794,same_month_all_years
TOOK,TOOK.AOS.littoral3,2017-06-26,EPISP12,1.36,1,1.7,NA,15,0.625,Schindler-Patalas,lake,2017,6,9.784237736507794,same_month_all_years
TOOK,TOOK.AOS.littoral3,2017-06-26,EUBLON,0.45,0.45,0.45,NA,1,0.04166666666666666,Schindler-Patalas,lake,2017,6,9.784237736507794,same_month_all_years
TOOK,TOOK.AOS.buoy.c0,2017-06-26,KELLON,0.15,0.15,0.15,NA,1620,1.1380400421496313,tow net,lake,2017,6,9.784237736507794,same_month_all_years
TOOK,TOOK.AOS.littoral2,2017-06-26,KELLON,0.13,0.13,0.15,NA,38,1.0555555555555556,Schindler-Patalas,lake,2017,6,9.784237736507794,same_month_all_years
TOOK,TOOK.AOS.littoral3,2017-06-26,KELLON,0.13,0.13,0.15,NA,70,2.9166666666666665,Schindler-Patalas,lake,2017,6,9.784237736507794,same_month_all_years
TOOK,TOOK.AOS.buoy.c0,2017-06-26,KERCOC,0.13,0.13,0.15,NA,720,0.505795574288725,tow net,lake,2017,6,9.784237736507794,same_month_all_years
TOOK,TOOK.AOS.littoral2,2017-06-26,KERCOC,0.13,0.13,0.15,NA,57,1.5833333333333333,Schindler-Patalas,lake,2017,6,9.784237736507794,same_month_all_years
TOOK,TOOK.AOS.littoral3,2017-06-26,KERCOC,0.13,0.13,0.15,NA,7,0.2916666666666667,Schindler-Patalas,lake,2017,6,9.784237736507794,same_month_all_years
TOOK,TOOK.AOS.buoy.c0,2017-06-26,KERHIE,0.13,0.13,0.13,NA,900,0.6322444678609063,tow net,lake,2017,6,9.784237736507794,same_month_all_years
TOOK,TOOK.AOS.littoral2,2017-06-26,KERHIE,0.13,0.13,0.13,NA,1,0.02777777777777777,Schindler-Patalas,lake,2017,6,9.784237736507794,same_month_all_years
TOOK,TOOK.AOS.littoral3,2017-06-26,KERHIE,0.13,0.13,0.13,NA,2,0.08333333333333333,Schindler-Patalas,lake,2017,6,9.784237736507794,same_month_all_years
TOOK,TOOK.AOS.buoy.c0,2017-06-26,POLSP20,0.1,0.1,0.1,NA,60,0.04214963119072708,tow net,lake,2017,6,9.784237736507794,same_month_all_years
TOOK,TOOK.AOS.littoral2,2017-06-26,POLSP20,0.1,0.1,0.1,NA,1,0.02777777777777777,Schindler-Patalas,lake,2017,6,9.784237736507794,same_month_all_years
TOOK,TOOK.AOS.littoral3,2017-06-26,POLSP20,0.11,0.1,0.13,NA,3,0.125,Schindler-Patalas,lake,2017,6,9.784237736507794,same_month_all_years
TOOK,TOOK.AOS.littoral3,2017-07-26,BDESP,0.13,0.13,0.13,NA,1,0.04166666666666666,Schindler-Patalas,lake,2017,7,13.919602901774836,same_month_all_years
TOOK,TOOK.AOS.buoy.c0,2017-07-26,CALSP1,0.95,0.8,1,NA,1008,0.7267483777937995,tow net,lake,2017,7,13.919602901774836,same_month_all_years
TOOK,TOOK.AOS.littoral2,2017-07-26,CALSP1,0.95,0.75,1.03,NA,8,0.3333333333333333,Schindler-Patalas,lake,2017,7,13.919602901774836,same_month_all_years
TOOK,TOOK.AOS.littoral3,2017-07-26,CALSP1,0.89,0.8,0.95,NA,5,0.20833333333333337,Schindler-Patalas,lake,2017,7,13.919602901774836,same_month_all_years
TOOK,TOOK.AOS.littoral3,2017-07-26,CONSP8,0.23,0.23,0.23,0.15,1,0.04166666666666666,Schindler-Patalas,lake,2017,7,13.919602901774836,same_month_all_years
TOOK,TOOK.AOS.buoy.c0,2017-07-26,CONUNI,0.19,0.18,0.25,0.05,4032,2.906993511175198,tow net,lake,2017,7,13.919602901774836,same_month_all_years
TOOK,TOOK.AOS.littoral2,2017-07-26,CONUNI,0.18,0.18,0.18,0.05,62,2.5833333333333335,Schindler-Patalas,lake,2017,7,13.919602901774836,same_month_all_years
TOOK,TOOK.AOS.littoral3,2017-07-26,CONUNI,0.25,0.18,0.5,0.08,8,0.3333333333333333,Schindler-Patalas,lake,2017,7,13.919602901774836,same_month_all_years
TOOK,TOOK.AOS.buoy.c0,2017-07-26,CYCSP,0.7,0.58,0.85,NA,8148,5.874549387166547,tow net,lake,2017,7,13.919602901774836,same_month_all_years
TOOK,TOOK.AOS.littoral2,2017-07-26,CYCSP,0.75,0.7,0.8,NA,3,0.125,Schindler-Patalas,lake,2017,7,13.919602901774836,same_month_all_years
TOOK,TOOK.AOS.littoral3,2017-07-26,CYCSP,0.69,0.6,0.85,NA,5,0.20833333333333337,Schindler-Patalas,lake,2017,7,13.919602901774836,same_month_all_years
TOOK,TOOK.AOS.buoy.c0,2017-07-26,CYCSP4,1.18,1.08,1.3,NA,588,0.4239365537130497,tow net,lake,2017,7,13.919602901774836,same_month_all_years
TOOK,TOOK.AOS.littoral3,2017-07-26,CYCSP4,1.5,1.5,1.5,NA,1,0.04166666666666666,Schindler-Patalas,lake,2017,7,13.919602901774836,same_month_all_years
TOOK,TOOK.AOS.buoy.c0,2017-07-26,HETSEP,2.95,2.95,2.95,NA,84,0.06056236481614996,tow net,lake,2017,7,13.919602901774836,same_month_all_years
TOOK,TOOK.AOS.buoy.c0,2017-07-26,KELLON,0.13,0.13,0.15,NA,1596,1.1506849315068493,tow net,lake,2017,7,13.919602901774836,same_month_all_years
TOOK,TOOK.AOS.littoral2,2017-07-26,KELLON,0.13,0.13,0.15,NA,15,0.625,Schindler-Patalas,lake,2017,7,13.919602901774836,same_month_all_years
TOOK,TOOK.AOS.littoral3,2017-07-26,KELLON,0.13,0.13,0.13,NA,34,1.4166666666666667,Schindler-Patalas,lake,2017,7,13.919602901774836,same_month_all_years
TOOK,TOOK.AOS.littoral2,2017-07-26,KERCOC,0.13,0.13,0.13,NA,3,0.125,Schindler-Patalas,lake,2017,7,13.919602901774836,same_month_all_years
TOOK,TOOK.AOS.littoral3,2017-07-26,KERCOC,0.13,0.13,0.13,NA,1,0.04166666666666666,Schindler-Patalas,lake,2017,7,13.919602901774836,same_month_all_years
TOOK,TOOK.AOS.buoy.c0,2017-07-26,KERHIE,0.13,0.13,0.13,NA,84,0.06056236481614996,tow net,lake,2017,7,13.919602901774836,same_month_all_years
TOOK,TOOK.AOS.buoy.c0,2017-07-26,LEPPRI,1.15,1.05,1.25,NA,1428,1.029560201874549,tow net,lake,2017,7,13.919602901774836,same_month_all_years
TOOK,TOOK.AOS.littoral2,2017-07-26,LEPPRI,1.21,1,1.38,NA,25,1.0416666666666667,Schindler-Patalas,lake,2017,7,13.919602901774836,same_month_all_years
TOOK,TOOK.AOS.littoral3,2017-07-26,LEPPRI,1.19,1.05,1.35,NA,14,0.5833333333333334,Schindler-Patalas,lake,2017,7,13.919602901774836,same_month_all_years
TOOK,TOOK.AOS.littoral3,2017-07-26,MONSP8,0.1,0.1,0.1,NA,1,0.04166666666666666,Schindler-Patalas,lake,2017,7,13.919602901774836,same_month_all_years
TOOK,TOOK.AOS.littoral2,2017-07-26,OSTSP,0.5,0.5,0.5,NA,1,0.04166666666666666,Schindler-Patalas,lake,2017,7,13.919602901774836,same_month_all_years
TOOK,TOOK.AOS.littoral2,2017-07-26,POLSP20,0.11,0.1,0.13,NA,2,0.08333333333333333,Schindler-Patalas,lake,2017,7,13.919602901774836,same_month_all_years
TOOK,TOOK.AOS.littoral3,2017-07-26,POLSP20,0.1,0.1,0.1,NA,3,0.125,Schindler-Patalas,lake,2017,7,13.919602901774836,same_month_all_years
TOOK,TOOK.AOS.littoral3,2017-07-26,TRIPOC,0.18,0.18,0.18,NA,1,0.04166666666666666,Schindler-Patalas,lake,2017,7,13.919602901774836,same_month_all_years
TOOK,TOOK.AOS.littoral3,2017-09-07,BDESP,NA,NA,NA,NA,2,0.08333333333333333,Schindler-Patalas,lake,2017,9,7.768605676071791,same_month_all_years
TOOK,TOOK.AOS.buoy.c0,2017-09-07,CONUNI,0.08,0.08,0.08,0.05,80,0.05767844268204758,tow net,lake,2017,9,7.768605676071791,same_month_all_years
TOOK,TOOK.AOS.buoy.c0,2017-09-07,CYCSP,0.76,0.55,0.88,NA,3800,2.73972602739726,tow net,lake,2017,9,7.768605676071791,same_month_all_years
TOOK,TOOK.AOS.littoral2,2017-09-07,CYCSP,0.73,0.58,0.85,NA,16,0.6666666666666666,Schindler-Patalas,lake,2017,9,7.768605676071791,same_month_all_years
TOOK,TOOK.AOS.littoral3,2017-09-07,CYCSP,0.69,0.63,0.75,NA,2,0.08333333333333333,Schindler-Patalas,lake,2017,9,7.768605676071791,same_month_all_years
TOOK,TOOK.AOS.buoy.c0,2017-09-07,CYCSP4,1.09,1.08,1.1,NA,80,0.05767844268204758,tow net,lake,2017,9,7.768605676071791,same_month_all_years
TOOK,TOOK.AOS.littoral2,2017-09-07,CYCSP4,1.02,1,1.05,NA,3,0.125,Schindler-Patalas,lake,2017,9,7.768605676071791,same_month_all_years
TOOK,TOOK.AOS.littoral3,2017-09-07,CYCSP4,0.89,0.85,0.93,NA,2,0.08333333333333333,Schindler-Patalas,lake,2017,9,7.768605676071791,same_month_all_years
TOOK,TOOK.AOS.buoy.c0,2017-09-07,KELLON,0.13,0.13,0.15,NA,2680,1.932227829848594,tow net,lake,2017,9,7.768605676071791,same_month_all_years
TOOK,TOOK.AOS.littoral2,2017-09-07,KELLON,0.13,0.13,0.15,NA,28,1.1666666666666667,Schindler-Patalas,lake,2017,9,7.768605676071791,same_month_all_years
TOOK,TOOK.AOS.littoral3,2017-09-07,KELLON,0.13,0.13,0.13,NA,2,0.08333333333333333,Schindler-Patalas,lake,2017,9,7.768605676071791,same_month_all_years
TOOK,TOOK.AOS.buoy.c0,2017-09-07,KERCOC,0.15,0.15,0.15,NA,480,0.3460706560922855,tow net,lake,2017,9,7.768605676071791,same_month_all_years
TOOK,TOOK.AOS.littoral2,2017-09-07,KERCOC,0.15,0.15,0.15,NA,4,0.16666666666666666,Schindler-Patalas,lake,2017,9,7.768605676071791,same_month_all_years
TOOK,TOOK.AOS.littoral3,2017-09-07,KERCOC,0.15,0.15,0.15,NA,1,0.04166666666666666,Schindler-Patalas,lake,2017,9,7.768605676071791,same_month_all_years
TOOK,TOOK.AOS.buoy.c0,2017-09-07,KERHIE,0.11,0.1,0.13,NA,80,0.05767844268204758,tow net,lake,2017,9,7.768605676071791,same_month_all_years
TOOK,TOOK.AOS.buoy.c0,2017-09-07,LEPPRI,1.27,1.15,1.38,NA,1280,0.9228550829127612,tow net,lake,2017,9,7.768605676071791,same_month_all_years
TOOK,TOOK.AOS.littoral2,2017-09-07,LEPPRI,1.21,1.1,1.33,NA,35,1.4583333333333333,Schindler-Patalas,lake,2017,9,7.768605676071791,same_month_all_years
TOOK,TOOK.AOS.littoral3,2017-09-07,LEPPRI,0.98,0.95,1,NA,2,0.08333333333333333,Schindler-Patalas,lake,2017,9,7.768605676071791,same_month_all_years
TOOK,TOOK.AOS.littoral2,2017-09-07,TRIPOC,0.1,0.1,0.1,NA,1,0.04166666666666666,Schindler-Patalas,lake,2017,9,7.768605676071791,same_month_all_years
TOOK,TOOK.AOS.littoral3,2018-06-27,BDESP,0.19,0.18,0.2,NA,2,0.05555555555555555,Schindler-Patalas,lake,2018,6,9.784237736507794,same_month_all_years
TOOK,TOOK.AOS.littoral3,2018-06-27,CHYSP,0.28,0.23,0.33,NA,2,0.05555555555555555,Schindler-Patalas,lake,2018,6,9.784237736507794,same_month_all_years
TOOK,TOOK.AOS.littoral2,2018-06-27,CHYSPH,0.33,0.33,0.33,NA,8,0.2222222222222222,Schindler-Patalas,lake,2018,6,9.784237736507794,same_month_all_years
TOOK,TOOK.AOS.littoral3,2018-06-27,CHYSPH,0.38,0.38,0.38,NA,1,0.02777777777777777,Schindler-Patalas,lake,2018,6,9.784237736507794,same_month_all_years
TOOK,TOOK.AOS.buoy.c0,2018-06-27,CONSP8,0.21,0.18,0.25,0.12,280,0.10093727469358328,tow net,lake,2018,6,9.784237736507794,same_month_all_years
TOOK,TOOK.AOS.littoral2,2018-06-27,CONSP8,0.18,0.18,0.2,0.13,12,0.3333333333333333,Schindler-Patalas,lake,2018,6,9.784237736507794,same_month_all_years
TOOK,TOOK.AOS.littoral3,2018-06-27,CONSP8,0.21,0.15,0.33,0.14,28,0.7777777777777778,Schindler-Patalas,lake,2018,6,9.784237736507794,same_month_all_years
TOOK,TOOK.AOS.buoy.c0,2018-06-27,CONUNI,0.13,0.1,0.15,0.07,630,0.22710886806056235,tow net,lake,2018,6,9.784237736507794,same_month_all_years
TOOK,TOOK.AOS.littoral2,2018-06-27,CONUNI,0.18,0.18,0.18,0.08,4,0.1111111111111111,Schindler-Patalas,lake,2018,6,9.784237736507794,same_month_all_years
TOOK,TOOK.AOS.littoral3,2018-06-27,CONUNI,0.19,0.18,0.2,0.08,2,0.05555555555555555,Schindler-Patalas,lake,2018,6,9.784237736507794,same_month_all_years
TOOK,TOOK.AOS.buoy.c0,2018-06-27,CYCSP,0.53,0.4,0.95,NA,5670,2.0439798125450612,tow net,lake,2018,6,9.784237736507794,same_month_all_years
TOOK,TOOK.AOS.littoral2,2018-06-27,CYCSP,0.46,0.35,0.7,NA,108,3,Schindler-Patalas,lake,2018,6,9.784237736507794,same_month_all_years
TOOK,TOOK.AOS.littoral3,2018-06-27,CYCSP,0.49,0.33,0.75,NA,79,2.1944444444444446,Schindler-Patalas,lake,2018,6,9.784237736507794,same_month_all_years
TOOK,TOOK.AOS.buoy.c0,2018-06-27,CYCSP4,1.26,1,1.53,NA,3710,1.3374188896899784,tow net,lake,2018,6,9.784237736507794,same_month_all_years
TOOK,TOOK.AOS.littoral2,2018-06-27,CYCSP4,1.09,0.98,1.2,NA,16,0.4444444444444444,Schindler-Patalas,lake,2018,6,9.784237736507794,same_month_all_years
TOOK,TOOK.AOS.littoral3,2018-06-27,CYCSP4,1.1,1,1.25,NA,7,0.19444444444444445,Schindler-Patalas,lake,2018,6,9.784237736507794,same_month_all_years
TOOK,TOOK.AOS.littoral2,2018-06-27,DAPLON,1.43,1.43,1.43,NA,4,0.1111111111111111,Schindler-Patalas,lake,2018,6,9.784237736507794,same_month_all_years
TOOK,TOOK.AOS.littoral3,2018-06-27,DAPSP1,0.68,0.68,0.68,NA,1,0.02777777777777777,Schindler-Patalas,lake,2018,6,9.784237736507794,same_month_all_years
TOOK,TOOK.AOS.littoral3,2018-06-27,EUBLON,0.63,0.4,0.93,NA,29,0.8055555555555556,Schindler-Patalas,lake,2018,6,9.784237736507794,same_month_all_years
TOOK,TOOK.AOS.littoral3,2018-06-27,HOLGIB,0.4,0.4,0.4,NA,1,0.02777777777777777,Schindler-Patalas,lake,2018,6,9.784237736507794,same_month_all_years
TOOK,TOOK.AOS.buoy.c0,2018-06-27,KELLON,0.13,0.13,0.15,NA,2240,0.8074981975486661,tow net,lake,2018,6,9.784237736507794,same_month_all_years
TOOK,TOOK.AOS.littoral2,2018-06-27,KELLON,0.15,0.15,0.15,NA,52,1.4444444444444444,Schindler-Patalas,lake,2018,6,9.784237736507794,same_month_all_years
TOOK,TOOK.AOS.littoral3,2018-06-27,KELLON,0.15,0.15,0.15,NA,53,1.4722222222222223,Schindler-Patalas,lake,2018,6,9.784237736507794,same_month_all_years
TOOK,TOOK.AOS.buoy.c0,2018-06-27,KERCOC,0.15,0.13,0.15,NA,840,0.3028118240807498,tow net,lake,2018,6,9.784237736507794,same_month_all_years
TOOK,TOOK.AOS.littoral2,2018-06-27,KERCOC,0.15,0.15,0.15,NA,28,0.7777777777777778,Schindler-Patalas,lake,2018,6,9.784237736507794,same_month_all_years
TOOK,TOOK.AOS.littoral3,2018-06-27,KERCOC,0.15,0.13,0.15,NA,73,2.0277777777777777,Schindler-Patalas,lake,2018,6,9.784237736507794,same_month_all_years
TOOK,TOOK.AOS.buoy.c0,2018-06-27,KERHIE,0.11,0.1,0.13,NA,700,0.25234318673395817,tow net,lake,2018,6,9.784237736507794,same_month_all_years
TOOK,TOOK.AOS.littoral2,2018-06-27,KERHIE,0.1,0.1,0.1,NA,4,0.1111111111111111,Schindler-Patalas,lake,2018,6,9.784237736507794,same_month_all_years
TOOK,TOOK.AOS.littoral3,2018-06-27,KERHIE,0.1,0.1,0.13,NA,29,0.8055555555555556,Schindler-Patalas,lake,2018,6,9.784237736507794,same_month_all_years
TOOK,TOOK.AOS.buoy.c0,2018-06-27,LECSP1,0.13,0.13,0.13,NA,70,0.02523431867339581,tow net,lake,2018,6,9.784237736507794,same_month_all_years
TOOK,TOOK.AOS.littoral2,2018-06-27,OSTSP,0.4,0.4,0.4,NA,4,0.1111111111111111,Schindler-Patalas,lake,2018,6,9.784237736507794,same_month_all_years
TOOK,TOOK.AOS.littoral3,2018-06-27,POLSP20,0.1,0.1,0.13,NA,16,0.4444444444444444,Schindler-Patalas,lake,2018,6,9.784237736507794,same_month_all_years
TOOK,TOOK.AOS.littoral3,2018-06-27,SYNSP8,0.23,0.23,0.23,NA,3,0.08333333333333333,Schindler-Patalas,lake,2018,6,9.784237736507794,same_month_all_years
TOOK,TOOK.AOS.buoy.c0,2018-08-01,CALSP1,1,0.88,1.2,NA,6300,2.2710886806056236,tow net,lake,2018,8,11.518537287846412,same_month_all_years
TOOK,TOOK.AOS.littoral2,2018-08-01,CALSP1,0.95,0.95,0.95,NA,25,1.0416666666666667,Schindler-Patalas,lake,2018,8,11.518537287846412,same_month_all_years
TOOK,TOOK.AOS.littoral3,2018-08-01,CALSP1,0.73,0.68,0.75,NA,33,1.375,Schindler-Patalas,lake,2018,8,11.518537287846412,same_month_all_years
TOOK,TOOK.AOS.littoral3,2018-08-01,COLSP12,0.05,0.05,0.05,0.05,11,0.4583333333333333,Schindler-Patalas,lake,2018,8,11.518537287846412,same_month_all_years
TOOK,TOOK.AOS.buoy.c0,2018-08-01,CONSP8,0.28,0.23,0.3,0.08,18200,6.560922855082913,tow net,lake,2018,8,11.518537287846412,same_month_all_years
TOOK,TOOK.AOS.littoral2,2018-08-01,CONSP8,0.29,0.23,0.35,0.08,4800,200,Schindler-Patalas,lake,2018,8,11.518537287846412,same_month_all_years
TOOK,TOOK.AOS.littoral3,2018-08-01,CONSP8,0.3,0.23,0.35,0.08,1683,70.125,Schindler-Patalas,lake,2018,8,11.518537287846412,same_month_all_years
TOOK,TOOK.AOS.buoy.c0,2018-08-01,CONUNI,0.1,0.08,0.1,0.05,12600,4.542177361211247,tow net,lake,2018,8,11.518537287846412,same_month_all_years
TOOK,TOOK.AOS.buoy.c0,2018-08-01,CYCSP,0.75,0.6,0.85,NA,7000,2.523431867339582,tow net,lake,2018,8,11.518537287846412,same_month_all_years
TOOK,TOOK.AOS.buoy.c0,2018-08-01,CYCSTR,1.18,1,1.25,NA,3150,1.1355443403028118,tow net,lake,2018,8,11.518537287846412,same_month_all_years
TOOK,TOOK.AOS.littoral3,2018-08-01,CYCSTR,1.18,1.18,1.18,NA,11,0.4583333333333333,Schindler-Patalas,lake,2018,8,11.518537287846412,same_month_all_years
TOOK,TOOK.AOS.buoy.c0,2018-08-01,EUBLON,0.53,0.53,0.53,NA,350,0.12617159336697908,tow net,lake,2018,8,11.518537287846412,same_month_all_years
TOOK,TOOK.AOS.buoy.c0,2018-08-01,HETSEP,2.95,2.95,2.95,NA,350,0.12617159336697908,tow net,lake,2018,8,11.518537287846412,same_month_all_years
TOOK,TOOK.AOS.littoral2,2018-08-01,HETSEP,2.88,2.88,2.88,NA,25,1.0416666666666667,Schindler-Patalas,lake,2018,8,11.518537287846412,same_month_all_years
TOOK,TOOK.AOS.buoy.c0,2018-08-01,KELLON,0.15,0.15,0.15,NA,20650,7.444124008651767,tow net,lake,2018,8,11.518537287846412,same_month_all_years
TOOK,TOOK.AOS.littoral2,2018-08-01,KELLON,0.15,0.15,0.15,NA,25,1.0416666666666667,Schindler-Patalas,lake,2018,8,11.518537287846412,same_month_all_years
TOOK,TOOK.AOS.littoral3,2018-08-01,KELLON,0.15,0.15,0.15,NA,440,18.333333333333332,Schindler-Patalas,lake,2018,8,11.518537287846412,same_month_all_years
TOOK,TOOK.AOS.buoy.c0,2018-08-01,KERCOC,0.13,0.13,0.15,NA,4550,1.6402307137707282,tow net,lake,2018,8,11.518537287846412,same_month_all_years
TOOK,TOOK.AOS.buoy.c0,2018-08-01,LEPPRI,1.24,1.13,1.38,NA,7000,2.523431867339582,tow net,lake,2018,8,11.518537287846412,same_month_all_years
TOOK,TOOK.AOS.littoral2,2018-08-01,LEPPRI,1.13,1.13,1.13,NA,25,1.0416666666666667,Schindler-Patalas,lake,2018,8,11.518537287846412,same_month_all_years
TOOK,TOOK.AOS.littoral3,2018-08-01,LEPPRI,1.18,1.15,1.2,NA,22,0.9166666666666666,Schindler-Patalas,lake,2018,8,11.518537287846412,same_month_all_years
TOOK,TOOK.AOS.buoy.c0,2018-08-01,POLSP20,0.1,0.1,0.1,NA,4900,1.7664023071377073,tow net,lake,2018,8,11.518537287846412,same_month_all_years
TOOK,TOOK.AOS.littoral2,2018-08-01,POLSP20,0.1,0.1,0.1,NA,25,1.0416666666666667,Schindler-Patalas,lake,2018,8,11.518537287846412,same_month_all_years
TOOK,TOOK.AOS.littoral3,2018-08-01,POLSP20,0.1,0.1,0.1,NA,11,0.4583333333333333,Schindler-Patalas,lake,2018,8,11.518537287846412,same_month_all_years
TOOK,TOOK.AOS.littoral3,2018-09-14,BDESP,0.16,0.15,0.18,NA,2,0.08333333333333333,Schindler-Patalas,lake,2018,9,7.768605676071791,same_month_all_years
TOOK,TOOK.AOS.littoral2,2018-09-14,CALSP1,1.05,1.05,1.05,NA,1,0.04166666666666666,Schindler-Patalas,lake,2018,9,7.768605676071791,same_month_all_years
TOOK,TOOK.AOS.littoral2,2018-09-14,COLSP12,0.05,0.05,0.05,0.05,2,0.08333333333333333,Schindler-Patalas,lake,2018,9,7.768605676071791,same_month_all_years
TOOK,TOOK.AOS.littoral2,2018-09-14,CONSP8,0.25,0.25,0.25,0.08,1,0.04166666666666666,Schindler-Patalas,lake,2018,9,7.768605676071791,same_month_all_years
TOOK,TOOK.AOS.buoy.c0,2018-09-14,CONUNI,0.08,0.08,0.1,0.05,390,0.14439096630877452,tow net,lake,2018,9,7.768605676071791,same_month_all_years
TOOK,TOOK.AOS.buoy.c0,2018-09-14,CYCSP,0.89,0.58,0.98,NA,7800,2.8878193261754905,tow net,lake,2018,9,7.768605676071791,same_month_all_years
TOOK,TOOK.AOS.littoral2,2018-09-14,CYCSP,0.81,0.38,0.95,NA,16,0.6666666666666666,Schindler-Patalas,lake,2018,9,7.768605676071791,same_month_all_years
TOOK,TOOK.AOS.littoral3,2018-09-14,CYCSP,0.65,0.45,0.83,NA,3,0.125,Schindler-Patalas,lake,2018,9,7.768605676071791,same_month_all_years
TOOK,TOOK.AOS.buoy.c0,2018-09-14,CYCSTR,1.15,1.1,1.2,NA,260,0.09626064420584968,tow net,lake,2018,9,7.768605676071791,same_month_all_years
TOOK,TOOK.AOS.littoral2,2018-09-14,CYCSTR,1.13,1.13,1.13,NA,1,0.04166666666666666,Schindler-Patalas,lake,2018,9,7.768605676071791,same_month_all_years
TOOK,TOOK.AOS.buoy.c0,2018-09-14,EUBLON,0.68,0.55,0.9,NA,650,0.24065161051462425,tow net,lake,2018,9,7.768605676071791,same_month_all_years
TOOK,TOOK.AOS.littoral2,2018-09-14,EUBLON,0.65,0.65,0.65,NA,1,0.04166666666666666,Schindler-Patalas,lake,2018,9,7.768605676071791,same_month_all_years
TOOK,TOOK.AOS.littoral3,2018-09-14,EUBLON,0.6,0.6,0.6,NA,1,0.04166666666666666,Schindler-Patalas,lake,2018,9,7.768605676071791,same_month_all_years
TOOK,TOOK.AOS.littoral2,2018-09-14,HETSEP,3.05,3.05,3.05,NA,1,0.04166666666666666,Schindler-Patalas,lake,2018,9,7.768605676071791,same_month_all_years
TOOK,TOOK.AOS.buoy.c0,2018-09-14,KELLON,0.17,0.15,0.18,NA,10790,3.994816734542762,tow net,lake,2018,9,7.768605676071791,same_month_all_years
TOOK,TOOK.AOS.littoral2,2018-09-14,KELLON,0.17,0.15,0.18,NA,98,4.083333333333333,Schindler-Patalas,lake,2018,9,7.768605676071791,same_month_all_years
TOOK,TOOK.AOS.littoral3,2018-09-14,KELLON,0.17,0.15,0.18,NA,39,1.625,Schindler-Patalas,lake,2018,9,7.768605676071791,same_month_all_years
TOOK,TOOK.AOS.buoy.c0,2018-09-14,KERCOC,0.15,0.13,0.15,NA,4290,1.5883006293965198,tow net,lake,2018,9,7.768605676071791,same_month_all_years
TOOK,TOOK.AOS.littoral2,2018-09-14,KERCOC,0.15,0.13,0.15,NA,48,2,Schindler-Patalas,lake,2018,9,7.768605676071791,same_month_all_years
TOOK,TOOK.AOS.littoral3,2018-09-14,KERCOC,0.15,0.13,0.15,NA,13,0.5416666666666666,Schindler-Patalas,lake,2018,9,7.768605676071791,same_month_all_years
TOOK,TOOK.AOS.buoy.c0,2018-09-14,LEPPRI,1.29,1.08,1.43,NA,4680,1.7326915957052944,tow net,lake,2018,9,7.768605676071791,same_month_all_years
TOOK,TOOK.AOS.littoral2,2018-09-14,LEPPRI,1.26,1.2,1.33,NA,2,0.08333333333333333,Schindler-Patalas,lake,2018,9,7.768605676071791,same_month_all_years
TOOK,TOOK.AOS.buoy.c0,2018-09-14,POLSP20,0.1,0.1,0.1,NA,130,0.04813032210292484,tow net,lake,2018,9,7.768605676071791,same_month_all_years
TOOK,TOOK.AOS.littoral2,2018-09-14,POLSP20,0.1,0.1,0.1,NA,2,0.08333333333333333,Schindler-Patalas,lake,2018,9,7.768605676071791,same_month_all_years
TOOK,TOOK.AOS.buoy.c0,2018-09-14,TESSP2,0.14,0.13,0.15,NA,260,0.09626064420584968,tow net,lake,2018,9,7.768605676071791,same_month_all_years
TOOK,TOOK.AOS.littoral2,2018-09-14,TESSP2,0.13,0.13,0.13,NA,2,0.08333333333333333,Schindler-Patalas,lake,2018,9,7.768605676071791,same_month_all_years
TOOK,TOOK.AOS.littoral3,2018-09-14,TRITET,0.18,0.18,0.18,NA,1,0.04166666666666666,Schindler-Patalas,lake,2018,9,7.768605676071791,same_month_all_years
TOOK,TOOK.AOS.buoy.c1,2019-06-21,BOSCOR,1.111,1.111,1.111,NA,214,0.15845982969270642,tow net,lake,2019,6,9.784237736507794,same_month_all_years
TOOK,TOOK.AOS.littoral2,2019-06-21,BOSCOR,0.91,0.895,0.925,NA,10,0.2777777777777778,Schindler-Patalas,lake,2019,6,9.784237736507794,same_month_all_years
TOOK,TOOK.AOS.littoral3,2019-06-21,BOSCOR,0.66,0.405,1.025,NA,18,0.75,Schindler-Patalas,lake,2019,6,9.784237736507794,same_month_all_years
TOOK,TOOK.AOS.littoral3,2019-06-21,BOSSP,0.276,0.222,0.325,NA,8,0.3333333333333333,Schindler-Patalas,lake,2019,6,9.784237736507794,same_month_all_years
TOOK,TOOK.AOS.buoy.c1,2019-06-21,CALSP1,0.962,0.442,2.501,NA,5564,4.119955572010366,tow net,lake,2019,6,9.784237736507794,same_month_all_years
TOOK,TOOK.AOS.littoral2,2019-06-21,CALSP1,0.533,0.482,0.612,NA,120,3.3333333333333335,Schindler-Patalas,lake,2019,6,9.784237736507794,same_month_all_years
TOOK,TOOK.AOS.littoral3,2019-06-21,CALSP1,0.588,0.455,0.715,NA,27,1.125,Schindler-Patalas,lake,2019,6,9.784237736507794,same_month_all_years
TOOK,TOOK.AOS.buoy.c1,2019-06-21,CONSP8,0.281,0.281,0.281,0.131,107,0.07922991484635321,tow net,lake,2019,6,9.784237736507794,same_month_all_years
TOOK,TOOK.AOS.littoral3,2019-06-21,CONSP8,0.275,0.275,0.275,0.125,2,0.08333333333333333,Schindler-Patalas,lake,2019,6,9.784237736507794,same_month_all_years
TOOK,TOOK.AOS.littoral2,2019-06-21,CONSP9,0.156,0.132,0.199,0.057,310,8.61111111111111,Schindler-Patalas,lake,2019,6,9.784237736507794,same_month_all_years
TOOK,TOOK.AOS.buoy.c1,2019-06-21,CONUNI,0.161,0.15,0.178,0.085,4173,3.089966679007775,tow net,lake,2019,6,9.784237736507794,same_month_all_years
TOOK,TOOK.AOS.littoral3,2019-06-21,CONUNI,0.169,0.139,0.21,0.087,13,0.5416666666666666,Schindler-Patalas,lake,2019,6,9.784237736507794,same_month_all_years
TOOK,TOOK.AOS.buoy.c1,2019-06-21,CYCCOL,1.369,1.182,1.592,NA,2140,1.584598296927064,tow net,lake,2019,6,9.784237736507794,same_month_all_years
TOOK,TOOK.AOS.buoy.c1,2019-06-21,CYCSP,0.735,0.495,1.288,NA,7811,5.783783783783784,tow net,lake,2019,6,9.784237736507794,same_month_all_years
TOOK,TOOK.AOS.littoral2,2019-06-21,CYCSP,0.639,0.495,0.785,NA,45,1.25,Schindler-Patalas,lake,2019,6,9.784237736507794,same_month_all_years
TOOK,TOOK.AOS.littoral3,2019-06-21,CYCSP,0.715,0.715,0.715,NA,1,0.04166666666666666,Schindler-Patalas,lake,2019,6,9.784237736507794,same_month_all_years
TOOK,TOOK.AOS.buoy.c1,2019-06-21,CYCSP4,1.536,1.456,1.615,NA,428,0.31691965938541283,tow net,lake,2019,6,9.784237736507794,same_month_all_years
TOOK,TOOK.AOS.littoral2,2019-06-21,DAPLON,1.012,0.801,1.311,NA,20,0.5555555555555556,Schindler-Patalas,lake,2019,6,9.784237736507794,same_month_all_years
TOOK,TOOK.AOS.buoy.c1,2019-06-21,HETSEP,3.312,3.312,3.312,NA,107,0.07922991484635321,tow net,lake,2019,6,9.784237736507794,same_month_all_years
TOOK,TOOK.AOS.littoral2,2019-06-21,HETSEP,1.968,1.925,2.011,NA,15,0.4166666666666667,Schindler-Patalas,lake,2019,6,9.784237736507794,same_month_all_years
TOOK,TOOK.AOS.littoral3,2019-06-21,HETSEP,2.57,2.125,3.015,NA,2,0.08333333333333333,Schindler-Patalas,lake,2019,6,9.784237736507794,same_month_all_years
TOOK,TOOK.AOS.buoy.c1,2019-06-21,KELLON,0.144,0.125,0.156,0.061,6420,4.753794890781192,tow net,lake,2019,6,9.784237736507794,same_month_all_years
TOOK,TOOK.AOS.littoral2,2019-06-21,KELLON,0.146,0.128,0.165,0.06,1005,27.916666666666668,Schindler-Patalas,lake,2019,6,9.784237736507794,same_month_all_years
TOOK,TOOK.AOS.littoral3,2019-06-21,KELLON,0.201,0.201,0.201,0.082,3,0.125,Schindler-Patalas,lake,2019,6,9.784237736507794,same_month_all_years
TOOK,TOOK.AOS.buoy.c1,2019-06-21,KERCOC,0.127,0.105,0.155,0.069,1070,0.792299148463532,tow net,lake,2019,6,9.784237736507794,same_month_all_years
TOOK,TOOK.AOS.buoy.c1,2019-06-21,KERHIE,0.128,0.115,0.142,0.094,2247,1.663828211773417,tow net,lake,2019,6,9.784237736507794,same_month_all_years
TOOK,TOOK.AOS.littoral2,2019-06-21,KERHIE,0.129,0.129,0.129,0.085,5,0.1388888888888889,Schindler-Patalas,lake,2019,6,9.784237736507794,same_month_all_years
TOOK,TOOK.AOS.littoral3,2019-06-21,KERHIE,0.128,0.128,0.128,0.089,1,0.04166666666666666,Schindler-Patalas,lake,2019,6,9.784237736507794,same_month_all_years
TOOK,TOOK.AOS.littoral3,2019-06-21,LEPSP32,0.143,0.143,0.143,0.118,1,0.04166666666666666,Schindler-Patalas,lake,2019,6,9.784237736507794,same_month_all_years
TOOK,TOOK.AOS.buoy.c1,2019-06-21,POLSP20,0.105,0.089,0.125,0.073,535,0.396149574231766,tow net,lake,2019,6,9.784237736507794,same_month_all_years
TOOK,TOOK.AOS.buoy.c1,2019-06-21,ROTSP,0.119,0.112,0.125,0.12,321,0.2376897445390596,tow net,lake,2019,6,9.784237736507794,same_month_all_years
TOOK,TOOK.AOS.littoral2,2019-06-21,ROTSP,0.106,0.095,0.125,0.081,15,0.4166666666666667,Schindler-Patalas,lake,2019,6,9.784237736507794,same_month_all_years
TOOK,TOOK.AOS.littoral2,2019-06-21,TRIPOR,0.15,0.15,0.15,0.075,5,0.1388888888888889,Schindler-Patalas,lake,2019,6,9.784237736507794,same_month_all_years
TOOK,TOOK.AOS.littoral2,2019-07-31,BOSCOR,0.401,0.401,0.401,NA,1,0.04166666666666666,Schindler-Patalas,lake,2019,7,16.16250714285714,exact_month_year
TOOK,TOOK.AOS.buoy.c1,2019-07-31,CALSP1,1.305,1.211,1.405,NA,940,0.6777217015140591,tow net,lake,2019,7,16.16250714285714,exact_month_year
TOOK,TOOK.AOS.buoy.c1,2019-07-31,CONSP9,0.189,0.152,0.225,0.075,40,0.02883922134102379,tow net,lake,2019,7,16.16250714285714,exact_month_year
TOOK,TOOK.AOS.littoral3,2019-07-31,CONUNI,0.206,0.19,0.231,0.086,45,1.875,Schindler-Patalas,lake,2019,7,16.16250714285714,exact_month_year
TOOK,TOOK.AOS.buoy.c1,2019-07-31,CYCSP,0.74,0.562,0.928,NA,5500,3.965392934390771,tow net,lake,2019,7,16.16250714285714,exact_month_year
TOOK,TOOK.AOS.littoral2,2019-07-31,CYCSP,0.754,0.655,0.895,NA,3,0.125,Schindler-Patalas,lake,2019,7,16.16250714285714,exact_month_year
TOOK,TOOK.AOS.littoral3,2019-07-31,CYCSP,0.79,0.625,0.955,NA,3,0.125,Schindler-Patalas,lake,2019,7,16.16250714285714,exact_month_year
TOOK,TOOK.AOS.littoral3,2019-07-31,DAPSP1,1.141,1.141,1.141,NA,1,0.04166666666666666,Schindler-Patalas,lake,2019,7,16.16250714285714,exact_month_year
TOOK,TOOK.AOS.littoral3,2019-07-31,HETSEP,2.871,2.712,3.015,NA,22,0.9166666666666666,Schindler-Patalas,lake,2019,7,16.16250714285714,exact_month_year
TOOK,TOOK.AOS.buoy.c1,2019-07-31,KELLON,0.479,0.122,1.485,0.055,400,0.2883922134102379,tow net,lake,2019,7,16.16250714285714,exact_month_year
TOOK,TOOK.AOS.littoral2,2019-07-31,KELLON,0.141,0.122,0.152,0.04,4,0.16666666666666666,Schindler-Patalas,lake,2019,7,16.16250714285714,exact_month_year
TOOK,TOOK.AOS.littoral3,2019-07-31,KELLON,0.148,0.148,0.148,0.041,2,0.08333333333333333,Schindler-Patalas,lake,2019,7,16.16250714285714,exact_month_year
TOOK,TOOK.AOS.buoy.c1,2019-07-31,LEPPRI,1.203,1.111,1.305,NA,300,0.21629416005767843,tow net,lake,2019,7,16.16250714285714,exact_month_year
TOOK,TOOK.AOS.littoral2,2019-07-31,LEPPRI,1.314,1.192,1.445,NA,10,0.4166666666666667,Schindler-Patalas,lake,2019,7,16.16250714285714,exact_month_year
TOOK,TOOK.AOS.littoral3,2019-07-31,LEPPRI,1.387,1.258,1.52,NA,11,0.4583333333333333,Schindler-Patalas,lake,2019,7,16.16250714285714,exact_month_year
TOOK,TOOK.AOS.buoy.c0,2019-09-10,CALSP1,1.353,1.295,1.411,NA,623,0.4321137506502514,tow net,lake,2019,9,7.495,exact_month_year
TOOK,TOOK.AOS.buoy.c0,2019-09-10,CYCCOL,1.567,1.567,1.567,NA,8,0.00554881220738685,tow net,lake,2019,9,7.495,exact_month_year
TOOK,TOOK.AOS.littoral3,2019-09-10,CYCCOL,1.327,1.327,1.327,NA,1,0.04166666666666666,Schindler-Patalas,lake,2019,9,7.495,exact_month_year
TOOK,TOOK.AOS.buoy.c0,2019-09-10,CYCSP,1.053,0.608,1.424,NA,1245,0.8635338997745795,tow net,lake,2019,9,7.495,exact_month_year
TOOK,TOOK.AOS.littoral2,2019-09-10,CYCSP,0.869,0.869,0.869,NA,1,0.04166666666666666,Schindler-Patalas,lake,2019,9,7.495,exact_month_year
TOOK,TOOK.AOS.littoral3,2019-09-10,CYCSP,0.93,0.802,1.003,NA,10,0.4166666666666667,Schindler-Patalas,lake,2019,9,7.495,exact_month_year
TOOK,TOOK.AOS.buoy.c0,2019-09-10,DAPPUL1,1.522,1.522,1.522,NA,8,0.00554881220738685,tow net,lake,2019,9,7.495,exact_month_year
TOOK,TOOK.AOS.buoy.c0,2019-09-10,HETSEP,3.243,2.964,3.521,NA,15,0.01040402288885035,tow net,lake,2019,9,7.495,exact_month_year
TOOK,TOOK.AOS.buoy.c0,2019-09-10,KELLON,0.136,0.129,0.145,0.074,983,0.68181029998266,tow net,lake,2019,9,7.495,exact_month_year
TOOK,TOOK.AOS.littoral2,2019-09-10,KELLON,0.122,0.118,0.127,0.072,15,0.625,Schindler-Patalas,lake,2019,9,7.495,exact_month_year
TOOK,TOOK.AOS.littoral3,2019-09-10,KELLON,0.135,0.122,0.143,0.074,74,3.0833333333333335,Schindler-Patalas,lake,2019,9,7.495,exact_month_year
TOOK,TOOK.AOS.littoral3,2019-09-10,KERCOC,0.122,0.122,0.122,0.068,1,0.04166666666666666,Schindler-Patalas,lake,2019,9,7.495,exact_month_year
TOOK,TOOK.AOS.buoy.c0,2019-09-10,LEPPRI,1.412,1.395,1.429,NA,398,0.2760534073174961,tow net,lake,2019,9,7.495,exact_month_year
TOOK,TOOK.AOS.littoral3,2019-09-10,LEPPRI,1.407,1.407,1.407,NA,1,0.04166666666666666,Schindler-Patalas,lake,2019,9,7.495,exact_month_year
TOOK,TOOK.AOS.littoral3,2020-07-20,CALSP1,0.781,0.759,0.802,NA,15,0.4166666666666667,Schindler-Patalas,lake,2020,7,13.919602901774836,same_month_all_years
TOOK,TOOK.AOS.littoral2,2020-07-20,CONSP9,0.225,0.219,0.234,0.083,23,0.6388888888888888,Schindler-Patalas,lake,2020,7,13.919602901774836,same_month_all_years
TOOK,TOOK.AOS.buoy.c1,2020-07-20,CONUNI,0.147,0.129,0.172,0.069,3500,2.523431867339582,tow net,lake,2020,7,13.919602901774836,same_month_all_years
TOOK,TOOK.AOS.littoral2,2020-07-20,CONUNI,0.213,0.204,0.225,0.091,173,4.805555555555555,Schindler-Patalas,lake,2020,7,13.919602901774836,same_month_all_years
TOOK,TOOK.AOS.littoral3,2020-07-20,CONUNI,0.182,0.158,0.199,0.093,2025,56.25,Schindler-Patalas,lake,2020,7,13.919602901774836,same_month_all_years
TOOK,TOOK.AOS.buoy.c1,2020-07-20,CYCSP1,0.691,0.624,0.759,NA,15500,11.17519826964672,tow net,lake,2020,7,13.919602901774836,same_month_all_years
TOOK,TOOK.AOS.littoral2,2020-07-20,CYCSP1,0.772,0.722,0.821,NA,8,0.2222222222222222,Schindler-Patalas,lake,2020,7,13.919602901774836,same_month_all_years
TOOK,TOOK.AOS.littoral3,2020-07-20,CYCSP1,0.804,0.804,0.804,NA,5,0.1388888888888889,Schindler-Patalas,lake,2020,7,13.919602901774836,same_month_all_years
TOOK,TOOK.AOS.buoy.c1,2020-07-20,CYCSP4,1.338,1.295,1.385,NA,1300,0.9372746935832732,tow net,lake,2020,7,13.919602901774836,same_month_all_years
TOOK,TOOK.AOS.littoral2,2020-07-20,CYCSP4,1.112,1.112,1.112,NA,3,0.08333333333333333,Schindler-Patalas,lake,2020,7,13.919602901774836,same_month_all_years
TOOK,TOOK.AOS.buoy.c1,2020-07-20,DIASP,1.209,1.108,1.321,NA,9000,6.488824801730353,tow net,lake,2020,7,13.919602901774836,same_month_all_years
TOOK,TOOK.AOS.littoral2,2020-07-20,DIASP,1.144,0.988,1.302,NA,88,2.4444444444444446,Schindler-Patalas,lake,2020,7,13.919602901774836,same_month_all_years
TOOK,TOOK.AOS.littoral3,2020-07-20,DIASP,1.181,1.052,1.351,NA,45,1.25,Schindler-Patalas,lake,2020,7,13.919602901774836,same_month_all_years
TOOK,TOOK.AOS.buoy.c1,2020-07-20,KELLON,0.131,0.109,0.152,0.057,3100,2.235039653929344,tow net,lake,2020,7,13.919602901774836,same_month_all_years
TOOK,TOOK.AOS.littoral2,2020-07-20,KELLON,0.143,0.125,0.156,0.024,188,5.222222222222222,Schindler-Patalas,lake,2020,7,13.919602901774836,same_month_all_years
TOOK,TOOK.AOS.littoral3,2020-07-20,KELLON,0.162,0.129,0.185,0.053,45,1.25,Schindler-Patalas,lake,2020,7,13.919602901774836,same_month_all_years
TOOK,TOOK.AOS.buoy.c1,2020-07-20,KERCOC,0.111,0.111,0.111,0.065,100,0.07209805335255948,tow net,lake,2020,7,13.919602901774836,same_month_all_years
TOOK,TOOK.AOS.littoral2,2020-07-20,KERCOC,0.132,0.1,0.21,0.191,25,0.6944444444444444,Schindler-Patalas,lake,2020,7,13.919602901774836,same_month_all_years
TOOK,TOOK.AOS.littoral3,2020-07-20,ROTSP,0.189,0.189,0.189,0.055,10,0.2777777777777778,Schindler-Patalas,lake,2020,7,13.919602901774836,same_month_all_years
TOOK,TOOK.AOS.littoral3,2020-08-19,CALSP1,0.624,0.624,0.624,NA,1,0.02777777777777777,Schindler-Patalas,lake,2020,8,11.518537287846412,same_month_all_years
TOOK,TOOK.AOS.buoy.c1,2020-08-19,CYCSP1,0.738,0.562,0.872,NA,6680,4.946316179192891,tow net,lake,2020,8,11.518537287846412,same_month_all_years
TOOK,TOOK.AOS.littoral2,2020-08-19,CYCSP1,0.848,0.805,0.891,NA,2,0.05555555555555555,Schindler-Patalas,lake,2020,8,11.518537287846412,same_month_all_years
TOOK,TOOK.AOS.littoral3,2020-08-19,CYCSP1,0.733,0.689,0.777,NA,2,0.05555555555555555,Schindler-Patalas,lake,2020,8,11.518537287846412,same_month_all_years
TOOK,TOOK.AOS.buoy.c1,2020-08-19,DIASP,1.279,1.202,1.355,NA,1880,1.3920770085153646,tow net,lake,2020,8,11.518537287846412,same_month_all_years
TOOK,TOOK.AOS.littoral2,2020-08-19,DIASP,1.258,1.111,1.405,NA,10,0.2777777777777778,Schindler-Patalas,lake,2020,8,11.518537287846412,same_month_all_years
TOOK,TOOK.AOS.littoral3,2020-08-19,DIASP,1.268,1.103,1.406,NA,40,1.1111111111111112,Schindler-Patalas,lake,2020,8,11.518537287846412,same_month_all_years
TOOK,TOOK.AOS.littoral2,2020-08-19,HETSEP,3.284,3.251,3.316,NA,2,0.05555555555555555,Schindler-Patalas,lake,2020,8,11.518537287846412,same_month_all_years
TOOK,TOOK.AOS.littoral3,2020-08-19,HETSEP,2.952,2.892,3.012,NA,3,0.08333333333333333,Schindler-Patalas,lake,2020,8,11.518537287846412,same_month_all_years
TOOK,TOOK.AOS.buoy.c1,2020-08-19,KELLON,0.155,0.143,0.166,0.052,2200,1.6290262865605332,tow net,lake,2020,8,11.518537287846412,same_month_all_years
TOOK,TOOK.AOS.littoral2,2020-08-19,KELLON,0.222,0.145,0.415,0.052,207,5.75,Schindler-Patalas,lake,2020,8,11.518537287846412,same_month_all_years
TOOK,TOOK.AOS.littoral3,2020-08-19,KELLON,0.147,0.125,0.178,0.051,49,1.3611111111111112,Schindler-Patalas,lake,2020,8,11.518537287846412,same_month_all_years
TOOK,TOOK.AOS.littoral2,2020-08-19,KERSP,0.135,0.135,0.135,0.086,1,0.02777777777777777,Schindler-Patalas,lake,2020,8,11.518537287846412,same_month_all_years
TOOK,TOOK.AOS.buoy.c1,2020-08-19,LEPSP31,1.245,1.198,1.314,NA,640,0.473898556090337,tow net,lake,2020,8,11.518537287846412,same_month_all_years
TOOK,TOOK.AOS.littoral2,2020-08-19,LEPSP31,1.069,1.025,1.112,NA,5,0.1388888888888889,Schindler-Patalas,lake,2020,8,11.518537287846412,same_month_all_years
TOOK,TOOK.AOS.littoral3,2020-08-19,LEPSP31,1.274,1.215,1.322,NA,40,1.1111111111111112,Schindler-Patalas,lake,2020,8,11.518537287846412,same_month_all_years
TOOK,TOOK.AOS.littoral2,2020-08-19,POMSUL,0.108,0.108,0.108,0.085,1,0.02777777777777777,Schindler-Patalas,lake,2020,8,11.518537287846412,same_month_all_years
TOOK,TOOK.AOS.littoral2,2020-08-19,ROTSP,0.105,0.105,0.105,0.089,3,0.08333333333333333,Schindler-Patalas,lake,2020,8,11.518537287846412,same_month_all_years
TOOK,TOOK.AOS.littoral3,2020-09-04,BDESP,0.238,0.238,0.238,0.135,1,0.02777777777777777,Schindler-Patalas,lake,2020,9,7.768605676071791,same_month_all_years
TOOK,TOOK.AOS.littoral2,2020-09-04,BOSLON,0.731,0.625,0.844,NA,7,0.19444444444444445,Schindler-Patalas,lake,2020,9,7.768605676071791,same_month_all_years
TOOK,TOOK.AOS.littoral3,2020-09-04,CONSP9,0.149,0.132,0.166,0.092,5,0.1388888888888889,Schindler-Patalas,lake,2020,9,7.768605676071791,same_month_all_years
TOOK,TOOK.AOS.littoral2,2020-09-04,CONUNI,0.137,0.112,0.193,0.094,70,1.9444444444444444,Schindler-Patalas,lake,2020,9,7.768605676071791,same_month_all_years
TOOK,TOOK.AOS.buoy.c1,2020-09-04,CYCSP1,0.693,0.564,0.823,NA,4800,3.287671232876712,tow net,lake,2020,9,7.768605676071791,same_month_all_years
TOOK,TOOK.AOS.littoral2,2020-09-04,CYCSP1,0.567,0.488,0.622,NA,32,0.8888888888888888,Schindler-Patalas,lake,2020,9,7.768605676071791,same_month_all_years
TOOK,TOOK.AOS.littoral3,2020-09-04,CYCSP1,0.688,0.688,0.688,NA,1,0.02777777777777777,Schindler-Patalas,lake,2020,9,7.768605676071791,same_month_all_years
TOOK,TOOK.AOS.buoy.c1,2020-09-04,CYCSP4,1.264,1.159,1.412,NA,255,0.17465753424657535,tow net,lake,2020,9,7.768605676071791,same_month_all_years
TOOK,TOOK.AOS.littoral2,2020-09-04,CYCSP4,0.998,0.998,0.998,NA,2,0.05555555555555555,Schindler-Patalas,lake,2020,9,7.768605676071791,same_month_all_years
TOOK,TOOK.AOS.buoy.c1,2020-09-04,DAPSP1,2.012,2.012,2.012,NA,15,0.01027397260273972,tow net,lake,2020,9,7.768605676071791,same_month_all_years
TOOK,TOOK.AOS.buoy.c1,2020-09-04,DIASP,1.27,1.198,1.333,NA,945,0.6472602739726028,tow net,lake,2020,9,7.768605676071791,same_month_all_years
TOOK,TOOK.AOS.littoral2,2020-09-04,DIASP,1.298,1.198,1.431,NA,27,0.75,Schindler-Patalas,lake,2020,9,7.768605676071791,same_month_all_years
TOOK,TOOK.AOS.littoral3,2020-09-04,DIASP,1.195,1.168,1.221,NA,2,0.05555555555555555,Schindler-Patalas,lake,2020,9,7.768605676071791,same_month_all_years
TOOK,TOOK.AOS.littoral3,2020-09-04,HETSEP,3.052,3.052,3.052,NA,1,0.02777777777777777,Schindler-Patalas,lake,2020,9,7.768605676071791,same_month_all_years
TOOK,TOOK.AOS.buoy.c1,2020-09-04,KELLON,0.142,0.112,0.188,0.098,795,0.5445205479452054,tow net,lake,2020,9,7.768605676071791,same_month_all_years
TOOK,TOOK.AOS.littoral2,2020-09-04,KELLON,0.938,0.205,1.211,0.101,330,9.166666666666666,Schindler-Patalas,lake,2020,9,7.768605676071791,same_month_all_years
TOOK,TOOK.AOS.littoral3,2020-09-04,KELLON,0.115,0.103,0.122,0.09,54,1.5,Schindler-Patalas,lake,2020,9,7.768605676071791,same_month_all_years
TOOK,TOOK.AOS.littoral2,2020-09-04,KERCOC,0.117,0.101,0.125,0.095,162,4.5,Schindler-Patalas,lake,2020,9,7.768605676071791,same_month_all_years
TOOK,TOOK.AOS.littoral3,2020-09-04,KERCOC,0.108,0.102,0.113,0.087,2,0.05555555555555555,Schindler-Patalas,lake,2020,9,7.768605676071791,same_month_all_years
TOOK,TOOK.AOS.littoral2,2020-09-04,LEPPRI,1.326,1.255,1.402,NA,52,1.4444444444444444,Schindler-Patalas,lake,2020,9,7.768605676071791,same_month_all_years
TOOK,TOOK.AOS.littoral3,2020-09-04,LEPPRI,1.281,1.155,1.457,NA,10,0.2777777777777778,Schindler-Patalas,lake,2020,9,7.768605676071791,same_month_all_years
TOOK,TOOK.AOS.buoy.c1,2020-09-04,LEPSIC,1.29,1.277,1.302,NA,75,0.05136986301369863,tow net,lake,2020,9,7.768605676071791,same_month_all_years
TOOK,TOOK.AOS.buoy.c1,2020-09-04,LEPSP31,1.298,1.255,1.321,NA,1125,0.7705479452054794,tow net,lake,2020,9,7.768605676071791,same_month_all_years
TOOK,TOOK.AOS.buoy.c1,2021-07-08,CALSP1,0.685,0.607,0.782,NA,1750,1.261715933669791,tow net,lake,2021,7,13.418039617535324,exact_month_year
TOOK,TOOK.AOS.littoral2,2021-07-08,CALSP1,0.762,0.578,1.061,NA,335,9.305555555555555,Schindler-Patalas,lake,2021,7,13.418039617535324,exact_month_year
TOOK,TOOK.AOS.littoral3,2021-07-08,CALSP1,0.601,0.498,0.798,NA,435,12.083333333333334,Schindler-Patalas,lake,2021,7,13.418039617535324,exact_month_year
TOOK,TOOK.AOS.buoy.c1,2021-07-08,CONSP9,0.183,0.175,0.198,0.081,150,0.10814708002883922,tow net,lake,2021,7,13.418039617535324,exact_month_year
TOOK,TOOK.AOS.buoy.c1,2021-07-08,CYCCOL,1.435,1.399,1.495,NA,250,0.1802451333813987,tow net,lake,2021,7,13.418039617535324,exact_month_year
TOOK,TOOK.AOS.littoral2,2021-07-08,CYCCOL,1.499,1.495,1.503,NA,15,0.4166666666666667,Schindler-Patalas,lake,2021,7,13.418039617535324,exact_month_year
TOOK,TOOK.AOS.littoral3,2021-07-08,CYCCOL,1.351,1.201,1.503,NA,25,0.6944444444444444,Schindler-Patalas,lake,2021,7,13.418039617535324,exact_month_year
TOOK,TOOK.AOS.buoy.c1,2021-07-08,CYCSP1,0.59,0.455,0.663,NA,8450,6.092285508291276,tow net,lake,2021,7,13.418039617535324,exact_month_year
TOOK,TOOK.AOS.littoral2,2021-07-08,CYCSP1,0.691,0.625,0.754,NA,80,2.2222222222222223,Schindler-Patalas,lake,2021,7,13.418039617535324,exact_month_year
TOOK,TOOK.AOS.littoral3,2021-07-08,CYCSP1,0.621,0.581,0.711,NA,180,5,Schindler-Patalas,lake,2021,7,13.418039617535324,exact_month_year
TOOK,TOOK.AOS.buoy.c1,2021-07-08,CYCSP4,1.38,1.128,1.611,NA,900,0.6488824801730353,tow net,lake,2021,7,13.418039617535324,exact_month_year
TOOK,TOOK.AOS.littoral2,2021-07-08,CYCSP4,1.036,0.111,1.479,NA,95,2.638888888888889,Schindler-Patalas,lake,2021,7,13.418039617535324,exact_month_year
TOOK,TOOK.AOS.buoy.c1,2021-07-08,DAPLON,0.889,0.889,0.889,NA,50,0.03604902667627974,tow net,lake,2021,7,13.418039617535324,exact_month_year
TOOK,TOOK.AOS.littoral3,2021-07-08,DIASP,1.003,1.003,1.003,NA,5,0.1388888888888889,Schindler-Patalas,lake,2021,7,13.418039617535324,exact_month_year
TOOK,TOOK.AOS.littoral2,2021-07-08,HETSEP,1.804,1.321,2.287,NA,10,0.2777777777777778,Schindler-Patalas,lake,2021,7,13.418039617535324,exact_month_year
TOOK,TOOK.AOS.buoy.c1,2021-07-08,KELLON,0.137,0.128,0.147,0.062,3350,2.4152847873107426,tow net,lake,2021,7,13.418039617535324,exact_month_year
TOOK,TOOK.AOS.littoral2,2021-07-08,KELLON,1.27,1.008,1.504,0.058,690,19.166666666666668,Schindler-Patalas,lake,2021,7,13.418039617535324,exact_month_year
TOOK,TOOK.AOS.littoral3,2021-07-08,KELLON,0.131,0.122,0.145,0.058,355,9.86111111111111,Schindler-Patalas,lake,2021,7,13.418039617535324,exact_month_year
TOOK,TOOK.AOS.buoy.c1,2021-07-08,KERCOC,0.109,0.101,0.119,0.064,1250,0.9012256669069936,tow net,lake,2021,7,13.418039617535324,exact_month_year
TOOK,TOOK.AOS.littoral2,2021-07-08,KERCOC,0.102,0.099,0.105,0.055,25,0.6944444444444444,Schindler-Patalas,lake,2021,7,13.418039617535324,exact_month_year
TOOK,TOOK.AOS.littoral3,2021-07-08,KERCOC,0.1,0.098,0.101,0.053,25,0.6944444444444444,Schindler-Patalas,lake,2021,7,13.418039617535324,exact_month_year
TOOK,TOOK.AOS.buoy.c1,2021-07-08,KERHIE,0.109,0.105,0.112,0.075,250,0.1802451333813987,tow net,lake,2021,7,13.418039617535324,exact_month_year
TOOK,TOOK.AOS.littoral2,2021-07-08,KERSP,0.099,0.099,0.099,0.075,5,0.1388888888888889,Schindler-Patalas,lake,2021,7,13.418039617535324,exact_month_year
TOOK,TOOK.AOS.littoral3,2021-07-08,LEPSP32,0.085,0.085,0.085,0.074,5,0.1388888888888889,Schindler-Patalas,lake,2021,7,13.418039617535324,exact_month_year
TOOK,TOOK.AOS.buoy.c1,2021-07-08,POLSP20,0.102,0.102,0.102,0.101,50,0.03604902667627974,tow net,lake,2021,7,13.418039617535324,exact_month_year
TOOK,TOOK.AOS.littoral2,2021-07-08,POLSP20,0.104,0.102,0.106,0.099,10,0.2777777777777778,Schindler-Patalas,lake,2021,7,13.418039617535324,exact_month_year
TOOK,TOOK.AOS.littoral3,2021-07-08,POLSP20,0.113,0.111,0.114,0.074,15,0.4166666666666667,Schindler-Patalas,lake,2021,7,13.418039617535324,exact_month_year
TOOK,TOOK.AOS.buoy.c1,2021-07-08,ROTSP,0.102,0.099,0.105,0.099,150,0.10814708002883922,tow net,lake,2021,7,13.418039617535324,exact_month_year
TOOK,TOOK.AOS.buoy.c1,2021-07-08,SYNSP8,0.099,0.099,0.099,0.078,50,0.03604902667627974,tow net,lake,2021,7,13.418039617535324,exact_month_year
TOOK,TOOK.AOS.littoral2,2021-07-29,CONSP9,0.1,0.1,0.1,0.08,555,15.416666666666666,Schindler-Patalas,lake,2021,7,13.418039617535324,exact_month_year
TOOK,TOOK.AOS.littoral3,2021-07-29,CONSP9,0.1,0.1,0.1,0.08,300,8.333333333333334,Schindler-Patalas,lake,2021,7,13.418039617535324,exact_month_year
TOOK,TOOK.AOS.buoy.c1,2021-07-29,CYCCOL,1.1,1,1.2,NA,840,0.5900948366701791,tow net,lake,2021,7,13.418039617535324,exact_month_year
TOOK,TOOK.AOS.littoral3,2021-07-29,CYCCOL,1,1,1,NA,15,0.4166666666666667,Schindler-Patalas,lake,2021,7,13.418039617535324,exact_month_year
TOOK,TOOK.AOS.buoy.c1,2021-07-29,CYCSP1,0.7,0.7,0.7,NA,13335,9.367755532139094,tow net,lake,2021,7,13.418039617535324,exact_month_year
TOOK,TOOK.AOS.littoral2,2021-07-29,CYCSP1,0.85,0.7,1,NA,90,2.5,Schindler-Patalas,lake,2021,7,13.418039617535324,exact_month_year
TOOK,TOOK.AOS.littoral3,2021-07-29,CYCSP1,0.8,0.8,0.8,NA,170,4.722222222222222,Schindler-Patalas,lake,2021,7,13.418039617535324,exact_month_year
TOOK,TOOK.AOS.buoy.c1,2021-07-29,DIASP,1.25,1.2,1.3,NA,4585,3.220934316824728,tow net,lake,2021,7,13.418039617535324,exact_month_year
TOOK,TOOK.AOS.littoral2,2021-07-29,DIASP,0.95,0.7,1.2,NA,95,2.638888888888889,Schindler-Patalas,lake,2021,7,13.418039617535324,exact_month_year
TOOK,TOOK.AOS.littoral3,2021-07-29,DIASP,0.967,0.6,1.3,NA,335,9.305555555555555,Schindler-Patalas,lake,2021,7,13.418039617535324,exact_month_year
TOOK,TOOK.AOS.buoy.c1,2021-07-29,HETSEP,2.4,2.3,2.5,NA,105,0.0737618545837724,tow net,lake,2021,7,13.418039617535324,exact_month_year
TOOK,TOOK.AOS.littoral3,2021-07-29,HETSEP,2,2,2,NA,5,0.1388888888888889,Schindler-Patalas,lake,2021,7,13.418039617535324,exact_month_year
TOOK,TOOK.AOS.buoy.c1,2021-07-29,KELLON,0.1,0.1,0.1,0.5,3570,2.5079030558482613,tow net,lake,2021,7,13.418039617535324,exact_month_year
TOOK,TOOK.AOS.littoral2,2021-07-29,KELLON,0.1,0.1,0.1,0.07,865,24.02777777777778,Schindler-Patalas,lake,2021,7,13.418039617535324,exact_month_year
TOOK,TOOK.AOS.littoral3,2021-07-29,KELLON,0.1,0.1,0.1,0.07,795,22.083333333333332,Schindler-Patalas,lake,2021,7,13.418039617535324,exact_month_year
TOOK,TOOK.AOS.buoy.c1,2021-07-29,LEPPRI,1.3,1.3,1.3,NA,70,0.04917456972251493,tow net,lake,2021,7,13.418039617535324,exact_month_year
TOOK,TOOK.AOS.littoral2,2021-07-29,LEPPRI,1.2,1.2,1.2,NA,15,0.4166666666666667,Schindler-Patalas,lake,2021,7,13.418039617535324,exact_month_year
TOOK,TOOK.AOS.littoral3,2021-07-29,LEPPRI,1.2,1.2,1.2,NA,60,1.6666666666666667,Schindler-Patalas,lake,2021,7,13.418039617535324,exact_month_year
TOOK,TOOK.AOS.buoy.c0,2021-09-07,CYCSP1,0.8,0.8,0.8,NA,3306,2.3224446786090622,tow net,lake,2021,9,8.038064238265534,exact_month_year
TOOK,TOOK.AOS.littoral2,2021-09-07,CYCSP1,0.8,0.8,0.8,NA,49,2.0416666666666665,Schindler-Patalas,lake,2021,9,8.038064238265534,exact_month_year
TOOK,TOOK.AOS.littoral3,2021-09-07,CYCSP1,0.7,0.5,0.9,NA,15,0.4166666666666667,Schindler-Patalas,lake,2021,9,8.038064238265534,exact_month_year
TOOK,TOOK.AOS.littoral2,2021-09-07,DAPSP1,1.2,1.2,1.2,NA,2,0.08333333333333333,Schindler-Patalas,lake,2021,9,8.038064238265534,exact_month_year
TOOK,TOOK.AOS.littoral2,2021-09-07,HETSEP,2.5,2.5,2.5,NA,2,0.08333333333333333,Schindler-Patalas,lake,2021,9,8.038064238265534,exact_month_year
TOOK,TOOK.AOS.buoy.c0,2021-09-07,KELLON,0.1,0.1,0.1,0.1,3648,2.5626975763962063,tow net,lake,2021,9,8.038064238265534,exact_month_year
TOOK,TOOK.AOS.littoral2,2021-09-07,KELLON,0.1,0.1,0.1,0.1,235,9.791666666666666,Schindler-Patalas,lake,2021,9,8.038064238265534,exact_month_year
TOOK,TOOK.AOS.littoral3,2021-09-07,KELLON,0.1,0.1,0.1,0.1,74,2.0555555555555554,Schindler-Patalas,lake,2021,9,8.038064238265534,exact_month_year
TOOK,TOOK.AOS.buoy.c0,2021-09-07,KERCOC,0.1,0.1,0.1,0.1,114,0.08008429926238145,tow net,lake,2021,9,8.038064238265534,exact_month_year
TOOK,TOOK.AOS.littoral2,2021-09-07,KERCOC,0.1,0.1,0.1,0.1,16,0.6666666666666666,Schindler-Patalas,lake,2021,9,8.038064238265534,exact_month_year
TOOK,TOOK.AOS.littoral3,2021-09-07,KERCOC,0.1,0.1,0.1,0.1,44,1.2222222222222223,Schindler-Patalas,lake,2021,9,8.038064238265534,exact_month_year
TOOK,TOOK.AOS.littoral3,2021-09-07,LECSP1,0.1,0.1,0.1,0.1,1,0.02777777777777777,Schindler-Patalas,lake,2021,9,8.038064238265534,exact_month_year
TOOK,TOOK.AOS.buoy.c0,2021-09-07,LEPPRI,1.1,1.1,1.1,NA,608,0.4271162627327011,tow net,lake,2021,9,8.038064238265534,exact_month_year
TOOK,TOOK.AOS.littoral2,2021-09-07,LEPPRI,1.2,1.2,1.2,NA,11,0.4583333333333333,Schindler-Patalas,lake,2021,9,8.038064238265534,exact_month_year
TOOK,TOOK.AOS.littoral3,2021-09-07,LEPPRI,1.2,1.2,1.2,NA,11,0.3055555555555556,Schindler-Patalas,lake,2021,9,8.038064238265534,exact_month_year
TOOK,TOOK.AOS.buoy.c0,2021-09-07,LEPSP31,1.2,1.2,1.2,NA,3914,2.749560941341763,tow net,lake,2021,9,8.038064238265534,exact_month_year
TOOK,TOOK.AOS.littoral2,2021-09-07,LEPSP31,1.2,1.2,1.2,NA,35,1.4583333333333333,Schindler-Patalas,lake,2021,9,8.038064238265534,exact_month_year
TOOK,TOOK.AOS.littoral3,2021-09-07,LEPSP31,1.2,1.2,1.2,NA,17,0.4722222222222222,Schindler-Patalas,lake,2021,9,8.038064238265534,exact_month_year
TOOK,TOOK.AOS.littoral3,2021-09-07,MONSP8,0.1,0.1,0.1,0.1,1,0.02777777777777777,Schindler-Patalas,lake,2021,9,8.038064238265534,exact_month_year
TOOK,TOOK.AOS.littoral3,2022-06-25,BOSLON,1,1,1,NA,10,0.2777777777777778,Schindler-Patalas,lake,2022,6,8.533039445907166,exact_month_year
TOOK,TOOK.AOS.littoral2,2022-06-25,CALSP1,1.333,1,1.8,NA,9,0.25,Schindler-Patalas,lake,2022,6,8.533039445907166,exact_month_year
TOOK,TOOK.AOS.littoral3,2022-06-25,CALSP1,1,1,1,NA,10,0.2777777777777778,Schindler-Patalas,lake,2022,6,8.533039445907166,exact_month_year
TOOK,TOOK.AOS.buoy.c1,2022-06-25,CONSP8,0.22,0.22,0.22,0.17,320,0.1095890410958904,tow net,lake,2022,6,8.533039445907166,exact_month_year
TOOK,TOOK.AOS.littoral2,2022-06-25,CONSP8,0.2,0.2,0.2,0.16,1,0.02777777777777777,Schindler-Patalas,lake,2022,6,8.533039445907166,exact_month_year
TOOK,TOOK.AOS.littoral3,2022-06-25,CONSP8,0.22,0.22,0.22,0.15,5,0.1388888888888889,Schindler-Patalas,lake,2022,6,8.533039445907166,exact_month_year
TOOK,TOOK.AOS.buoy.c1,2022-06-25,CONUNI,0.13,0.13,0.13,0.1,240,0.0821917808219178,tow net,lake,2022,6,8.533039445907166,exact_month_year
TOOK,TOOK.AOS.littoral2,2022-06-25,CONUNI,0.12,0.1,0.14,0.1,24,0.6666666666666666,Schindler-Patalas,lake,2022,6,8.533039445907166,exact_month_year
TOOK,TOOK.AOS.buoy.c1,2022-06-25,CYCCOL,1.2,1.2,1.2,NA,840,0.2876712328767123,tow net,lake,2022,6,8.533039445907166,exact_month_year
TOOK,TOOK.AOS.littoral2,2022-06-25,CYCCOL,1.3,1.3,1.3,NA,1,0.02777777777777777,Schindler-Patalas,lake,2022,6,8.533039445907166,exact_month_year
TOOK,TOOK.AOS.littoral3,2022-06-25,CYCCOL,1.3,1.3,1.3,NA,5,0.1388888888888889,Schindler-Patalas,lake,2022,6,8.533039445907166,exact_month_year
TOOK,TOOK.AOS.buoy.c1,2022-06-25,CYCSP,0.667,0.4,1,NA,7520,2.5753424657534247,tow net,lake,2022,6,8.533039445907166,exact_month_year
TOOK,TOOK.AOS.littoral2,2022-06-25,CYCSP,0.66,0.4,1,NA,17,0.4722222222222222,Schindler-Patalas,lake,2022,6,8.533039445907166,exact_month_year
TOOK,TOOK.AOS.littoral3,2022-06-25,CYCSP,0.7,0.5,1,NA,900,25,Schindler-Patalas,lake,2022,6,8.533039445907166,exact_month_year
TOOK,TOOK.AOS.littoral2,2022-06-25,CYCSP4,1.2,1.2,1.2,NA,1,0.02777777777777777,Schindler-Patalas,lake,2022,6,8.533039445907166,exact_month_year
TOOK,TOOK.AOS.littoral3,2022-06-25,CYCSP4,1,1,1,NA,20,0.5555555555555556,Schindler-Patalas,lake,2022,6,8.533039445907166,exact_month_year
TOOK,TOOK.AOS.buoy.c1,2022-06-25,DAPSP1,0.4,0.4,0.4,NA,40,0.0136986301369863,tow net,lake,2022,6,8.533039445907166,exact_month_year
TOOK,TOOK.AOS.littoral2,2022-06-25,DAPSP1,1.033,0.6,1.7,NA,3,0.08333333333333333,Schindler-Patalas,lake,2022,6,8.533039445907166,exact_month_year
TOOK,TOOK.AOS.buoy.c1,2022-06-25,KELLON,0.12,0.12,0.12,0.05,4240,1.452054794520548,tow net,lake,2022,6,8.533039445907166,exact_month_year
TOOK,TOOK.AOS.littoral2,2022-06-25,KELLON,0.12,0.12,0.12,0.05,151,4.194444444444445,Schindler-Patalas,lake,2022,6,8.533039445907166,exact_month_year
TOOK,TOOK.AOS.littoral3,2022-06-25,KELLON,0.13,0.13,0.13,0.05,195,5.416666666666667,Schindler-Patalas,lake,2022,6,8.533039445907166,exact_month_year
TOOK,TOOK.AOS.buoy.c1,2022-06-25,KERCOC,0.1,0.1,0.1,0.05,1960,0.6712328767123288,tow net,lake,2022,6,8.533039445907166,exact_month_year
TOOK,TOOK.AOS.littoral2,2022-06-25,KERCOC,0.1,0.1,0.1,0.05,16,0.4444444444444444,Schindler-Patalas,lake,2022,6,8.533039445907166,exact_month_year
TOOK,TOOK.AOS.littoral3,2022-06-25,KERCOC,0.1,0.1,0.1,0.05,45,1.25,Schindler-Patalas,lake,2022,6,8.533039445907166,exact_month_year
TOOK,TOOK.AOS.buoy.c1,2022-06-25,KERHIE,0.1,0.1,0.1,0.06,600,0.2054794520547945,tow net,lake,2022,6,8.533039445907166,exact_month_year
TOOK,TOOK.AOS.littoral3,2022-06-25,KERHIE,0.12,0.12,0.12,0.06,35,0.9722222222222222,Schindler-Patalas,lake,2022,6,8.533039445907166,exact_month_year
TOOK,TOOK.AOS.buoy.c1,2022-06-25,POLSP20,0.1,0.1,0.1,0.08,120,0.0410958904109589,tow net,lake,2022,6,8.533039445907166,exact_month_year
TOOK,TOOK.AOS.littoral2,2022-06-25,POLSP20,0.1,0.1,0.1,0.08,10,0.2777777777777778,Schindler-Patalas,lake,2022,6,8.533039445907166,exact_month_year
TOOK,TOOK.AOS.littoral3,2022-06-25,POLSP20,0.1,0.1,0.1,0.08,25,0.6944444444444444,Schindler-Patalas,lake,2022,6,8.533039445907166,exact_month_year
TOOK,TOOK.AOS.littoral2,2022-06-25,TESSP2,0.12,0.12,0.12,0.12,2,0.05555555555555555,Schindler-Patalas,lake,2022,6,8.533039445907166,exact_month_year
TOOK,TOOK.AOS.buoy.c0,2022-08-04,CALSP1,1.1,1,1.2,NA,1935,0.697548666186013,tow net,lake,2022,8,10.055406438777428,exact_month_year
TOOK,TOOK.AOS.littoral2,2022-08-04,CALSP1,1.1,1,1.2,NA,19,0.5277777777777778,Schindler-Patalas,lake,2022,8,10.055406438777428,exact_month_year
TOOK,TOOK.AOS.littoral3,2022-08-04,CALSP1,1,0.8,1.2,NA,9,0.25,Schindler-Patalas,lake,2022,8,10.055406438777428,exact_month_year
TOOK,TOOK.AOS.buoy.c0,2022-08-04,CONUNI,0.12,0.12,0.12,0.07,135,0.04866618601297765,tow net,lake,2022,8,10.055406438777428,exact_month_year
TOOK,TOOK.AOS.buoy.c0,2022-08-04,CYCCOL,1.2,1.2,1.2,NA,90,0.03244412400865176,tow net,lake,2022,8,10.055406438777428,exact_month_year
TOOK,TOOK.AOS.buoy.c0,2022-08-04,CYCSP,0.7,0.6,0.8,NA,14265,5.142393655371305,tow net,lake,2022,8,10.055406438777428,exact_month_year
TOOK,TOOK.AOS.littoral2,2022-08-04,CYCSP,0.8,0.6,1,NA,12,0.3333333333333333,Schindler-Patalas,lake,2022,8,10.055406438777428,exact_month_year
TOOK,TOOK.AOS.littoral2,2022-08-04,CYCSP4,1.2,1.2,1.2,NA,1,0.02777777777777777,Schindler-Patalas,lake,2022,8,10.055406438777428,exact_month_year
TOOK,TOOK.AOS.littoral3,2022-08-04,EUCSP7,0.11,0.1,0.12,0.09,2,0.05555555555555555,Schindler-Patalas,lake,2022,8,10.055406438777428,exact_month_year
TOOK,TOOK.AOS.buoy.c0,2022-08-04,HETSEP,2.9,2.8,3,NA,180,0.06488824801730353,tow net,lake,2022,8,10.055406438777428,exact_month_year
TOOK,TOOK.AOS.littoral2,2022-08-04,HETSEP,2.9,2.8,3,NA,2,0.05555555555555555,Schindler-Patalas,lake,2022,8,10.055406438777428,exact_month_year
TOOK,TOOK.AOS.littoral3,2022-08-04,HETSEP,2.8,2.8,2.8,NA,1,0.02777777777777777,Schindler-Patalas,lake,2022,8,10.055406438777428,exact_month_year
TOOK,TOOK.AOS.buoy.c0,2022-08-04,KELLON,0.12,0.12,0.12,0.05,2970,1.0706560922855084,tow net,lake,2022,8,10.055406438777428,exact_month_year
TOOK,TOOK.AOS.littoral2,2022-08-04,KELLON,0.13,0.13,0.13,0.05,110,3.0555555555555554,Schindler-Patalas,lake,2022,8,10.055406438777428,exact_month_year
TOOK,TOOK.AOS.littoral3,2022-08-04,KELLON,0.13,0.13,0.13,0.05,28,0.7777777777777778,Schindler-Patalas,lake,2022,8,10.055406438777428,exact_month_year
TOOK,TOOK.AOS.buoy.c0,2022-08-04,KERCOC,0.1,0.1,0.1,0.05,900,0.32444124008651765,tow net,lake,2022,8,10.055406438777428,exact_month_year
TOOK,TOOK.AOS.littoral2,2022-08-04,KERCOC,0.1,0.1,0.1,0.05,4,0.1111111111111111,Schindler-Patalas,lake,2022,8,10.055406438777428,exact_month_year
TOOK,TOOK.AOS.littoral3,2022-08-04,KERCOC,0.1,0.1,0.1,0.05,1,0.02777777777777777,Schindler-Patalas,lake,2022,8,10.055406438777428,exact_month_year
TOOK,TOOK.AOS.littoral2,2022-08-04,KERHIE,0.12,0.12,0.12,0.08,1,0.02777777777777777,Schindler-Patalas,lake,2022,8,10.055406438777428,exact_month_year
TOOK,TOOK.AOS.buoy.c0,2022-08-04,LEPPRI,1.2,1.2,1.2,NA,450,0.16222062004325882,tow net,lake,2022,8,10.055406438777428,exact_month_year
TOOK,TOOK.AOS.littoral2,2022-08-04,LEPPRI,1.2,1.2,1.2,NA,10,0.2777777777777778,Schindler-Patalas,lake,2022,8,10.055406438777428,exact_month_year
TOOK,TOOK.AOS.littoral3,2022-08-04,LEPPRI,1.3,1.3,1.3,NA,7,0.19444444444444445,Schindler-Patalas,lake,2022,8,10.055406438777428,exact_month_year
TOOK,TOOK.AOS.littoral3,2022-08-04,LEPSP32,0.06,0.06,0.06,0.06,1,0.02777777777777777,Schindler-Patalas,lake,2022,8,10.055406438777428,exact_month_year
TOOK,TOOK.AOS.littoral2,2022-08-04,POLSP20,0.1,0.1,0.1,0.08,7,0.19444444444444445,Schindler-Patalas,lake,2022,8,10.055406438777428,exact_month_year
TOOK,TOOK.AOS.littoral3,2022-08-04,POLSP20,0.09,0.08,0.1,0.055,2,0.05555555555555555,Schindler-Patalas,lake,2022,8,10.055406438777428,exact_month_year
TOOK,TOOK.AOS.buoy.c0,2022-08-04,TESSP2,0.05,0.05,0.05,0.04,225,0.08111031002162941,tow net,lake,2022,8,10.055406438777428,exact_month_year
TOOK,TOOK.AOS.littoral2,2022-08-04,TESSP2,0.05,0.05,0.05,0.04,265,7.361111111111111,Schindler-Patalas,lake,2022,8,10.055406438777428,exact_month_year
TOOK,TOOK.AOS.buoy.c0,2022-09-12,CALSP1,1.1,1,1.2,NA,2720,1.9610670511896175,tow net,lake,2022,9,8.629614583333334,exact_month_year
TOOK,TOOK.AOS.littoral2,2022-09-12,CALSP1,1.2,1.2,1.2,NA,8,0.2222222222222222,Schindler-Patalas,lake,2022,9,8.629614583333334,exact_month_year
TOOK,TOOK.AOS.littoral3,2022-09-12,CALSP1,1.2,1.2,1.2,NA,9,0.25,Schindler-Patalas,lake,2022,9,8.629614583333334,exact_month_year
TOOK,TOOK.AOS.buoy.c0,2022-09-12,CYCSP,0.9,0.8,1,NA,4080,2.9416005767844267,tow net,lake,2022,9,8.629614583333334,exact_month_year
TOOK,TOOK.AOS.littoral2,2022-09-12,CYCSP,0.7,0.6,0.8,NA,12,0.3333333333333333,Schindler-Patalas,lake,2022,9,8.629614583333334,exact_month_year
TOOK,TOOK.AOS.littoral3,2022-09-12,CYCSP,0.6,0.4,0.8,NA,7,0.19444444444444445,Schindler-Patalas,lake,2022,9,8.629614583333334,exact_month_year
TOOK,TOOK.AOS.buoy.c0,2022-09-12,CYCSP4,1,1,1,NA,280,0.20187454938716656,tow net,lake,2022,9,8.629614583333334,exact_month_year
TOOK,TOOK.AOS.littoral2,2022-09-12,CYCSP4,1,1,1,NA,4,0.1111111111111111,Schindler-Patalas,lake,2022,9,8.629614583333334,exact_month_year
TOOK,TOOK.AOS.littoral3,2022-09-12,CYCSP4,1,1,1,NA,2,0.05555555555555555,Schindler-Patalas,lake,2022,9,8.629614583333334,exact_month_year
TOOK,TOOK.AOS.buoy.c0,2022-09-12,HETSEP,3,3,3,NA,40,0.02883922134102379,tow net,lake,2022,9,8.629614583333334,exact_month_year
TOOK,TOOK.AOS.littoral2,2022-09-12,HETSEP,3,3,3,NA,1,0.02777777777777777,Schindler-Patalas,lake,2022,9,8.629614583333334,exact_month_year
TOOK,TOOK.AOS.littoral3,2022-09-12,HETSEP,3,3,3,NA,1,0.02777777777777777,Schindler-Patalas,lake,2022,9,8.629614583333334,exact_month_year
TOOK,TOOK.AOS.buoy.c0,2022-09-12,KELLON,0.13,0.13,0.13,0.05,2400,1.7303532804614274,tow net,lake,2022,9,8.629614583333334,exact_month_year
TOOK,TOOK.AOS.littoral2,2022-09-12,KELLON,0.13,0.13,0.13,0.05,30,0.8333333333333334,Schindler-Patalas,lake,2022,9,8.629614583333334,exact_month_year
TOOK,TOOK.AOS.littoral3,2022-09-12,KELLON,0.13,0.13,0.13,0.05,16,0.4444444444444444,Schindler-Patalas,lake,2022,9,8.629614583333334,exact_month_year
TOOK,TOOK.AOS.buoy.c0,2022-09-12,KERCOC,0.1,0.1,0.1,0.05,480,0.3460706560922855,tow net,lake,2022,9,8.629614583333334,exact_month_year
TOOK,TOOK.AOS.littoral2,2022-09-12,KERCOC,0.1,0.1,0.1,0.05,11,0.3055555555555556,Schindler-Patalas,lake,2022,9,8.629614583333334,exact_month_year
TOOK,TOOK.AOS.littoral3,2022-09-12,KERCOC,0.1,0.1,0.1,0.05,1,0.02777777777777777,Schindler-Patalas,lake,2022,9,8.629614583333334,exact_month_year
TOOK,TOOK.AOS.buoy.c0,2022-09-12,LEPPRI,1.2,1.2,1.2,NA,560,0.403749098774333,tow net,lake,2022,9,8.629614583333334,exact_month_year
TOOK,TOOK.AOS.littoral2,2022-09-12,LEPPRI,1.2,1.2,1.2,NA,13,0.3611111111111111,Schindler-Patalas,lake,2022,9,8.629614583333334,exact_month_year
TOOK,TOOK.AOS.littoral3,2022-09-12,LEPPRI,1.2,1.2,1.2,NA,8,0.2222222222222222,Schindler-Patalas,lake,2022,9,8.629614583333334,exact_month_year
TOOK,TOOK.AOS.littoral3,2022-09-12,ROTSP,0.225,0.15,0.3,0.085,3,0.08333333333333333,Schindler-Patalas,lake,2022,9,8.629614583333334,exact_month_year
TOOK,TOOK.AOS.littoral2,2022-09-12,TESSP2,0.05,0.05,0.05,0.04,6,0.16666666666666666,Schindler-Patalas,lake,2022,9,8.629614583333334,exact_month_year
TOOK,TOOK.AOS.buoy.c1,2023-07-01,CALSP1,0.55,0.5,0.6,NA,60,0.04325883201153568,tow net,lake,2023,7,14.087017052342665,exact_month_year
TOOK,TOOK.AOS.littoral2,2023-07-01,CALSP1,0.65,0.6,0.7,NA,10,0.2777777777777778,Schindler-Patalas,lake,2023,7,14.087017052342665,exact_month_year
TOOK,TOOK.AOS.littoral2,2023-07-01,CHYSPH,0.4,0.4,0.4,NA,2,0.05555555555555555,Schindler-Patalas,lake,2023,7,14.087017052342665,exact_month_year
TOOK,TOOK.AOS.littoral3,2023-07-01,CHYSPH,0.3,0.3,0.3,NA,1,0.02777777777777777,Schindler-Patalas,lake,2023,7,14.087017052342665,exact_month_year
TOOK,TOOK.AOS.buoy.c1,2023-07-01,CONSP8,0.35,0.3,0.4,0.165,380,0.273972602739726,tow net,lake,2023,7,14.087017052342665,exact_month_year
TOOK,TOOK.AOS.littoral2,2023-07-01,CONUNI,0.16,0.13,0.2,0.117,8,0.2222222222222222,Schindler-Patalas,lake,2023,7,14.087017052342665,exact_month_year
TOOK,TOOK.AOS.buoy.c1,2023-07-01,CYCCOL,1.2,1.2,1.2,NA,720,0.5191059841384282,tow net,lake,2023,7,14.087017052342665,exact_month_year
TOOK,TOOK.AOS.littoral2,2023-07-01,CYCCOL,1.2,1.2,1.2,NA,6,0.16666666666666666,Schindler-Patalas,lake,2023,7,14.087017052342665,exact_month_year
TOOK,TOOK.AOS.buoy.c1,2023-07-01,CYCSP1,0.5,0.4,0.6,NA,2520,1.8168709444844988,tow net,lake,2023,7,14.087017052342665,exact_month_year
TOOK,TOOK.AOS.littoral2,2023-07-01,CYCSP1,0.633,0.4,1,NA,12,0.3333333333333333,Schindler-Patalas,lake,2023,7,14.087017052342665,exact_month_year
TOOK,TOOK.AOS.littoral3,2023-07-01,CYCSP1,0.733,0.4,1.2,NA,4,0.1111111111111111,Schindler-Patalas,lake,2023,7,14.087017052342665,exact_month_year
TOOK,TOOK.AOS.littoral3,2023-07-01,CYCSP4,1.2,1.2,1.2,NA,2,0.05555555555555555,Schindler-Patalas,lake,2023,7,14.087017052342665,exact_month_year
TOOK,TOOK.AOS.buoy.c1,2023-07-01,DAPSP1,1.8,1.8,1.8,NA,20,0.01441961067051189,tow net,lake,2023,7,14.087017052342665,exact_month_year
TOOK,TOOK.AOS.littoral2,2023-07-01,HETSEP,0.967,0.6,1.3,NA,12,0.3333333333333333,Schindler-Patalas,lake,2023,7,14.087017052342665,exact_month_year
TOOK,TOOK.AOS.buoy.c1,2023-07-01,KELLON,0.15,0.15,0.15,0.05,1440,1.0382119682768565,tow net,lake,2023,7,14.087017052342665,exact_month_year
TOOK,TOOK.AOS.littoral2,2023-07-01,KELLON,0.15,0.15,0.15,0.05,218,6.055555555555555,Schindler-Patalas,lake,2023,7,14.087017052342665,exact_month_year
TOOK,TOOK.AOS.littoral3,2023-07-01,KELLON,0.15,0.15,0.15,0.06,21,0.5833333333333334,Schindler-Patalas,lake,2023,7,14.087017052342665,exact_month_year
TOOK,TOOK.AOS.buoy.c1,2023-07-01,KERCOC,0.1,0.1,0.1,0.05,400,0.2883922134102379,tow net,lake,2023,7,14.087017052342665,exact_month_year
TOOK,TOOK.AOS.littoral2,2023-07-01,KERCOC,0.1,0.1,0.1,0.05,8,0.2222222222222222,Schindler-Patalas,lake,2023,7,14.087017052342665,exact_month_year
TOOK,TOOK.AOS.littoral3,2023-07-01,KERCOC,0.1,0.1,0.1,0.05,3,0.08333333333333333,Schindler-Patalas,lake,2023,7,14.087017052342665,exact_month_year
TOOK,TOOK.AOS.buoy.c1,2023-07-01,KERHIE,0.12,0.12,0.12,0.06,160,0.11535688536409516,tow net,lake,2023,7,14.087017052342665,exact_month_year
TOOK,TOOK.AOS.littoral3,2023-07-01,KERHIE,0.12,0.12,0.12,0.07,4,0.1111111111111111,Schindler-Patalas,lake,2023,7,14.087017052342665,exact_month_year
TOOK,TOOK.AOS.buoy.c1,2023-07-01,POLSP20,0.1,0.1,0.1,0.08,100,0.07209805335255948,tow net,lake,2023,7,14.087017052342665,exact_month_year
TOOK,TOOK.AOS.littoral2,2023-07-01,POLSP20,0.09,0.08,0.1,0.07,32,0.8888888888888888,Schindler-Patalas,lake,2023,7,14.087017052342665,exact_month_year
TOOK,TOOK.AOS.littoral3,2023-07-01,POLSP20,0.1,0.1,0.1,0.08,1,0.02777777777777777,Schindler-Patalas,lake,2023,7,14.087017052342665,exact_month_year
TOOK,TOOK.AOS.littoral3,2023-07-01,TRISP31,0.15,0.15,0.15,0.1,1,0.02777777777777777,Schindler-Patalas,lake,2023,7,14.087017052342665,exact_month_year
TOOK,TOOK.AOS.buoy.c1,2023-07-29,CONUNI,0.15,0.15,0.15,0.05,50,0.0335750738651625,tow net,lake,2023,7,14.087017052342665,exact_month_year
TOOK,TOOK.AOS.littoral2,2023-07-29,CONUNI,0.25,0.25,0.25,0.08,53,2.2083333333333335,Schindler-Patalas,lake,2023,7,14.087017052342665,exact_month_year
TOOK,TOOK.AOS.littoral3,2023-07-29,CONUNI,0.225,0.2,0.25,0.065,95,2.638888888888889,Schindler-Patalas,lake,2023,7,14.087017052342665,exact_month_year
TOOK,TOOK.AOS.buoy.c1,2023-07-29,CYCCOL,1.1,1,1.2,NA,450,0.3021756647864625,tow net,lake,2023,7,14.087017052342665,exact_month_year
TOOK,TOOK.AOS.littoral3,2023-07-29,CYCCOL,1.033,0.9,1.2,NA,3,0.08333333333333333,Schindler-Patalas,lake,2023,7,14.087017052342665,exact_month_year
TOOK,TOOK.AOS.buoy.c1,2023-07-29,CYCSP1,0.65,0.5,0.8,NA,2900,1.9473542841794251,tow net,lake,2023,7,14.087017052342665,exact_month_year
TOOK,TOOK.AOS.buoy.c1,2023-07-29,HETSEP,3,3,3,NA,150,0.10072522159548752,tow net,lake,2023,7,14.087017052342665,exact_month_year
TOOK,TOOK.AOS.littoral2,2023-07-29,HETSEP,2.85,2.5,3.2,NA,2,0.08333333333333333,Schindler-Patalas,lake,2023,7,14.087017052342665,exact_month_year
TOOK,TOOK.AOS.buoy.c1,2023-07-29,KELLON,0.15,0.15,0.15,0.06,3450,2.3166800966962127,tow net,lake,2023,7,14.087017052342665,exact_month_year
TOOK,TOOK.AOS.littoral2,2023-07-29,KELLON,0.13,0.12,0.14,0.06,16,0.6666666666666666,Schindler-Patalas,lake,2023,7,14.087017052342665,exact_month_year
TOOK,TOOK.AOS.littoral3,2023-07-29,KELLON,0.15,0.15,0.15,0.06,18,0.5,Schindler-Patalas,lake,2023,7,14.087017052342665,exact_month_year
TOOK,TOOK.AOS.buoy.c1,2023-07-29,KERCOC,0.1,0.1,0.1,0.05,900,0.604351329572925,tow net,lake,2023,7,14.087017052342665,exact_month_year
TOOK,TOOK.AOS.littoral2,2023-07-29,KERCOC,0.1,0.1,0.1,0.05,1,0.04166666666666666,Schindler-Patalas,lake,2023,7,14.087017052342665,exact_month_year
TOOK,TOOK.AOS.littoral3,2023-07-29,KERCOC,0.1,0.1,0.1,0.05,4,0.1111111111111111,Schindler-Patalas,lake,2023,7,14.087017052342665,exact_month_year
TOOK,TOOK.AOS.buoy.c1,2023-07-29,KERHIE,0.1,0.1,0.1,0.08,100,0.067150147730325,tow net,lake,2023,7,14.087017052342665,exact_month_year
TOOK,TOOK.AOS.buoy.c1,2023-07-29,LEPPRI,1.2,1.2,1.2,NA,450,0.3021756647864625,tow net,lake,2023,7,14.087017052342665,exact_month_year
TOOK,TOOK.AOS.littoral2,2023-07-29,LEPPRI,1.2,1.2,1.2,NA,2,0.08333333333333333,Schindler-Patalas,lake,2023,7,14.087017052342665,exact_month_year
TOOK,TOOK.AOS.buoy.c1,2023-07-29,LEPSP31,0.967,0.7,1.2,NA,5100,3.4246575342465753,tow net,lake,2023,7,14.087017052342665,exact_month_year
TOOK,TOOK.AOS.littoral2,2023-07-29,LEPSP31,1.1,1,1.2,NA,242,10.083333333333334,Schindler-Patalas,lake,2023,7,14.087017052342665,exact_month_year
TOOK,TOOK.AOS.littoral3,2023-07-29,LEPSP31,0.95,0.7,1.2,NA,19,0.5277777777777778,Schindler-Patalas,lake,2023,7,14.087017052342665,exact_month_year
TOOK,TOOK.AOS.buoy.c1,2023-07-29,POLSP20,0.1,0.1,0.1,0.08,450,0.3021756647864625,tow net,lake,2023,7,14.087017052342665,exact_month_year
TOOK,TOOK.AOS.littoral2,2023-07-29,POLSP20,0.1,0.1,0.1,0.08,1,0.04166666666666666,Schindler-Patalas,lake,2023,7,14.087017052342665,exact_month_year
TOOK,TOOK.AOS.littoral3,2023-07-29,POLSP20,0.1,0.1,0.1,0.08,10,0.2777777777777778,Schindler-Patalas,lake,2023,7,14.087017052342665,exact_month_year
TOOK,TOOK.AOS.buoy.c0,2023-09-08,CONUNI,0.15,0.1,0.2,0.065,100,0.07209805335255948,tow net,lake,2023,9,7.803946078431373,exact_month_year
TOOK,TOOK.AOS.littoral3,2023-09-08,CONUNI,0.16,0.1,0.25,0.072,62,0.2831050228310502,tow net,lake,2023,9,7.803946078431373,exact_month_year
TOOK,TOOK.AOS.buoy.c0,2023-09-08,CYCCOL,1.1,1,1.2,NA,650,0.4686373467916366,tow net,lake,2023,9,7.803946078431373,exact_month_year
TOOK,TOOK.AOS.littoral2,2023-09-08,CYCCOL,1.1,1,1.2,NA,17,0.7083333333333334,Schindler-Patalas,lake,2023,9,7.803946078431373,exact_month_year
TOOK,TOOK.AOS.littoral3,2023-09-08,CYCCOL,1,1,1,NA,6,0.0273972602739726,tow net,lake,2023,9,7.803946078431373,exact_month_year
TOOK,TOOK.AOS.buoy.c0,2023-09-08,CYCSP1,0.667,0.5,0.8,NA,1200,0.8651766402307137,tow net,lake,2023,9,7.803946078431373,exact_month_year
TOOK,TOOK.AOS.littoral2,2023-09-08,CYCSP1,0.65,0.6,0.7,NA,5,0.20833333333333337,Schindler-Patalas,lake,2023,9,7.803946078431373,exact_month_year
TOOK,TOOK.AOS.littoral3,2023-09-08,CYCSP1,0.7,0.6,0.8,NA,24,0.1095890410958904,tow net,lake,2023,9,7.803946078431373,exact_month_year
TOOK,TOOK.AOS.buoy.c0,2023-09-08,DAPLON,3.5,3.5,3.5,NA,50,0.03604902667627974,tow net,lake,2023,9,7.803946078431373,exact_month_year
TOOK,TOOK.AOS.littoral2,2023-09-08,HETSEP,2.5,2.5,2.5,NA,1,0.04166666666666666,Schindler-Patalas,lake,2023,9,7.803946078431373,exact_month_year
TOOK,TOOK.AOS.buoy.c0,2023-09-08,KELLON,0.15,0.15,0.15,0.06,1400,1.009372746935833,tow net,lake,2023,9,7.803946078431373,exact_month_year
TOOK,TOOK.AOS.littoral2,2023-09-08,KELLON,0.15,0.15,0.15,0.06,35,1.4583333333333333,Schindler-Patalas,lake,2023,9,7.803946078431373,exact_month_year
TOOK,TOOK.AOS.littoral3,2023-09-08,KELLON,0.15,0.15,0.15,0.06,88,0.4018264840182648,tow net,lake,2023,9,7.803946078431373,exact_month_year
TOOK,TOOK.AOS.buoy.c0,2023-09-08,KERCOC,0.1,0.1,0.1,0.05,2500,1.802451333813987,tow net,lake,2023,9,7.803946078431373,exact_month_year
TOOK,TOOK.AOS.littoral2,2023-09-08,KERCOC,0.1,0.1,0.1,0.05,95,3.9583333333333335,Schindler-Patalas,lake,2023,9,7.803946078431373,exact_month_year
TOOK,TOOK.AOS.littoral3,2023-09-08,KERCOC,0.1,0.1,0.1,0.05,120,0.547945205479452,tow net,lake,2023,9,7.803946078431373,exact_month_year
TOOK,TOOK.AOS.buoy.c0,2023-09-08,LEPPRI,1.1,1,1.2,NA,300,0.21629416005767843,tow net,lake,2023,9,7.803946078431373,exact_month_year
TOOK,TOOK.AOS.littoral2,2023-09-08,LEPPRI,1.2,1.2,1.2,NA,4,0.16666666666666666,Schindler-Patalas,lake,2023,9,7.803946078431373,exact_month_year
TOOK,TOOK.AOS.littoral3,2023-09-08,LEPPRI,1,1,1,NA,6,0.0273972602739726,tow net,lake,2023,9,7.803946078431373,exact_month_year
TOOK,TOOK.AOS.buoy.c0,2023-09-08,LEPSP31,1.2,1.2,1.2,NA,550,0.3965392934390771,tow net,lake,2023,9,7.803946078431373,exact_month_year
TOOK,TOOK.AOS.littoral2,2023-09-08,LEPSP31,1.2,1.2,1.2,NA,6,0.25,Schindler-Patalas,lake,2023,9,7.803946078431373,exact_month_year
TOOK,TOOK.AOS.littoral3,2023-09-08,LEPSP31,1.2,1.2,1.2,NA,14,0.0639269406392694,tow net,lake,2023,9,7.803946078431373,exact_month_year
TOOK,TOOK.AOS.buoy.c0,2023-09-08,POLSP20,0.1,0.1,0.1,0.08,250,0.1802451333813987,tow net,lake,2023,9,7.803946078431373,exact_month_year
TOOK,TOOK.AOS.littoral2,2023-09-08,POLSP20,0.1,0.1,0.1,0.08,16,0.6666666666666666,Schindler-Patalas,lake,2023,9,7.803946078431373,exact_month_year
TOOK,TOOK.AOS.littoral3,2023-09-08,POLSP20,0.09,0.08,0.1,0.075,102,0.4657534246575342,tow net,lake,2023,9,7.803946078431373,exact_month_year
TOOK,TOOK.AOS.littoral3,2023-09-08,TRISP31,0.15,0.15,0.15,0.05,2,0.0091324200913242,tow net,lake,2023,9,7.803946078431373,exact_month_year
TOOK,TOOK.AOS.buoy.c1,2024-06-29,ASCSP1,0.19,0.19,0.19,0.13,91,0.03369122547204739,tow net,lake,2024,6,11.993821022727275,exact_month_year
TOOK,TOOK.AOS.littoral3,2024-06-29,ASPSP4,0.35,0.35,0.35,0.23,5,0.1388888888888889,Schindler-Patalas,lake,2024,6,11.993821022727275,exact_month_year
TOOK,TOOK.AOS.littoral3,2024-06-29,BOSSP1,0.22,0.22,0.22,NA,5,0.1388888888888889,Schindler-Patalas,lake,2024,6,11.993821022727275,exact_month_year
TOOK,TOOK.AOS.buoy.c1,2024-06-29,BRASP22,0.12,0.11,0.12,0.07,365,0.13513513513513514,tow net,lake,2024,6,11.993821022727275,exact_month_year
TOOK,TOOK.AOS.buoy.c1,2024-06-29,CALSP1,0.5,0.5,0.5,NA,91,0.03369122547204739,tow net,lake,2024,6,11.993821022727275,exact_month_year
TOOK,TOOK.AOS.littoral2,2024-06-29,CALSP1,0.68,0.45,1.71,NA,25,0.6944444444444444,Schindler-Patalas,lake,2024,6,11.993821022727275,exact_month_year
TOOK,TOOK.AOS.littoral3,2024-06-29,CALSP1,0.49,0.49,0.49,NA,5,0.1388888888888889,Schindler-Patalas,lake,2024,6,11.993821022727275,exact_month_year
TOOK,TOOK.AOS.littoral3,2024-06-29,CHYSP2,0.33,0.25,0.41,NA,10,0.2777777777777778,Schindler-Patalas,lake,2024,6,11.993821022727275,exact_month_year
TOOK,TOOK.AOS.buoy.c1,2024-06-29,COLSP12,0.13,0.13,0.14,0.09,183,0.06775268419104036,tow net,lake,2024,6,11.993821022727275,exact_month_year
TOOK,TOOK.AOS.littoral2,2024-06-29,COLSP12,0.18,0.1,0.29,0.08,39,1.0833333333333333,Schindler-Patalas,lake,2024,6,11.993821022727275,exact_month_year
TOOK,TOOK.AOS.littoral3,2024-06-29,COLSP12,0.13,0.1,0.15,0.09,30,0.8333333333333334,Schindler-Patalas,lake,2024,6,11.993821022727275,exact_month_year
TOOK,TOOK.AOS.buoy.c1,2024-06-29,CONSP1,0.13,0.12,0.14,0.08,185,0.0684931506849315,tow net,lake,2024,6,11.993821022727275,exact_month_year
TOOK,TOOK.AOS.littoral3,2024-06-29,CONSP8,0.13,0.11,0.15,0.09,10,0.2777777777777778,Schindler-Patalas,lake,2024,6,11.993821022727275,exact_month_year
TOOK,TOOK.AOS.buoy.c1,2024-06-29,CONSP9,0.13,0.12,0.14,0.08,183,0.06775268419104036,tow net,lake,2024,6,11.993821022727275,exact_month_year
TOOK,TOOK.AOS.littoral2,2024-06-29,CONSP9,0.14,0.11,0.16,0.09,8,0.2222222222222222,Schindler-Patalas,lake,2024,6,11.993821022727275,exact_month_year
TOOK,TOOK.AOS.littoral3,2024-06-29,CONSP9,0.13,0.11,0.15,0.09,10,0.2777777777777778,Schindler-Patalas,lake,2024,6,11.993821022727275,exact_month_year
TOOK,TOOK.AOS.buoy.c1,2024-06-29,CYCSP,0.64,0.42,1.27,NA,12695,4.700111069974084,tow net,lake,2024,6,11.993821022727275,exact_month_year
TOOK,TOOK.AOS.littoral2,2024-06-29,CYCSP,0.74,0.41,1.37,NA,14,0.3888888888888889,Schindler-Patalas,lake,2024,6,11.993821022727275,exact_month_year
TOOK,TOOK.AOS.littoral3,2024-06-29,CYCSP,0.81,0.44,1.31,NA,70,1.9444444444444444,Schindler-Patalas,lake,2024,6,11.993821022727275,exact_month_year
TOOK,TOOK.AOS.buoy.c1,2024-06-29,FILSP1,0.08,0.08,0.08,0.04,91,0.03369122547204739,tow net,lake,2024,6,11.993821022727275,exact_month_year
TOOK,TOOK.AOS.buoy.c1,2024-06-29,GASSP6,0.2,0.19,0.2,0.17,457,0.1691965938541281,tow net,lake,2024,6,11.993821022727275,exact_month_year
TOOK,TOOK.AOS.littoral2,2024-06-29,GASSP6,0.08,0.08,0.08,0.06,3,0.08333333333333333,Schindler-Patalas,lake,2024,6,11.993821022727275,exact_month_year
TOOK,TOOK.AOS.buoy.c1,2024-06-29,KELSP1,0.14,0.1,0.18,0.07,4019,1.4879674194742687,tow net,lake,2024,6,11.993821022727275,exact_month_year
TOOK,TOOK.AOS.littoral2,2024-06-29,KELSP1,0.12,0.09,0.14,0.06,428,11.88888888888889,Schindler-Patalas,lake,2024,6,11.993821022727275,exact_month_year
TOOK,TOOK.AOS.littoral3,2024-06-29,KELSP1,0.1,0.09,0.11,0.06,515,14.305555555555555,Schindler-Patalas,lake,2024,6,11.993821022727275,exact_month_year
TOOK,TOOK.AOS.buoy.c1,2024-06-29,KERSP,0.1,0.08,0.11,0.06,6302,2.3332099222510183,tow net,lake,2024,6,11.993821022727275,exact_month_year
TOOK,TOOK.AOS.littoral2,2024-06-29,KERSP,0.11,0.09,0.13,0.06,17,0.4722222222222222,Schindler-Patalas,lake,2024,6,11.993821022727275,exact_month_year
TOOK,TOOK.AOS.littoral3,2024-06-29,KERSP,0.1,0.09,0.11,0.06,150,4.166666666666667,Schindler-Patalas,lake,2024,6,11.993821022727275,exact_month_year
TOOK,TOOK.AOS.littoral3,2024-06-29,LEPSP32,0.13,0.13,0.13,0.12,5,0.1388888888888889,Schindler-Patalas,lake,2024,6,11.993821022727275,exact_month_year
TOOK,TOOK.AOS.littoral3,2024-06-29,MONSP8,0.1,0.1,0.1,0.08,10,0.2777777777777778,Schindler-Patalas,lake,2024,6,11.993821022727275,exact_month_year
TOOK,TOOK.AOS.littoral3,2024-06-29,NOTSP11,0.13,0.12,0.14,0.08,15,0.4166666666666667,Schindler-Patalas,lake,2024,6,11.993821022727275,exact_month_year
TOOK,TOOK.AOS.buoy.c1,2024-06-29,PLOSP1,0.12,0.12,0.12,0.08,91,0.03369122547204739,tow net,lake,2024,6,11.993821022727275,exact_month_year
TOOK,TOOK.AOS.littoral2,2024-06-29,PLOSP1,0.13,0.11,0.14,0.08,8,0.2222222222222222,Schindler-Patalas,lake,2024,6,11.993821022727275,exact_month_year
TOOK,TOOK.AOS.littoral3,2024-06-29,PLOSP1,0.15,0.07,0.22,0.1,10,0.2777777777777778,Schindler-Patalas,lake,2024,6,11.993821022727275,exact_month_year
TOOK,TOOK.AOS.buoy.c1,2024-06-29,POLSP20,0.12,0.12,0.13,0.08,457,0.1691965938541281,tow net,lake,2024,6,11.993821022727275,exact_month_year
TOOK,TOOK.AOS.littoral2,2024-06-29,POLSP20,0.12,0.12,0.12,0.06,3,0.08333333333333333,Schindler-Patalas,lake,2024,6,11.993821022727275,exact_month_year
TOOK,TOOK.AOS.littoral3,2024-06-29,POLSP20,0.12,0.06,0.15,0.08,20,0.5555555555555556,Schindler-Patalas,lake,2024,6,11.993821022727275,exact_month_year
TOOK,TOOK.AOS.buoy.c1,2024-06-29,POMSP5,0.18,0.18,0.19,0.09,183,0.06775268419104036,tow net,lake,2024,6,11.993821022727275,exact_month_year
TOOK,TOOK.AOS.littoral3,2024-06-29,POMSP5,0.11,0.11,0.11,0.06,5,0.1388888888888889,Schindler-Patalas,lake,2024,6,11.993821022727275,exact_month_year
TOOK,TOOK.AOS.littoral3,2024-06-29,SYNSP8,0.26,0.26,0.26,0.24,5,0.1388888888888889,Schindler-Patalas,lake,2024,6,11.993821022727275,exact_month_year
TOOK,TOOK.AOS.littoral2,2024-06-29,TRISP31,0.17,0.17,0.17,0.12,3,0.08333333333333333,Schindler-Patalas,lake,2024,6,11.993821022727275,exact_month_year
TOOK,TOOK.AOS.littoral2,2024-08-03,ACRSP6,0.27,0.27,0.27,0.16,2,0.05555555555555555,Schindler-Patalas,lake,2024,8,11.003559540150995,exact_month_year
TOOK,TOOK.AOS.littoral2,2024-08-03,BOSSP1,0.45,0.45,0.45,NA,2,0.05555555555555555,Schindler-Patalas,lake,2024,8,11.003559540150995,exact_month_year
TOOK,TOOK.AOS.buoy.c1,2024-08-03,CALSP1,1.17,0.78,1.43,NA,3300,1.1591148577449948,tow net,lake,2024,8,11.003559540150995,exact_month_year
TOOK,TOOK.AOS.littoral2,2024-08-03,CALSP1,1.18,0.98,1.41,NA,28,0.7777777777777778,Schindler-Patalas,lake,2024,8,11.003559540150995,exact_month_year
TOOK,TOOK.AOS.littoral3,2024-08-03,CALSP1,1.65,1.15,2.93,NA,6,0.16666666666666666,Schindler-Patalas,lake,2024,8,11.003559540150995,exact_month_year
TOOK,TOOK.AOS.littoral2,2024-08-03,CHISP2,0.58,0.58,0.58,NA,2,0.05555555555555555,Schindler-Patalas,lake,2024,8,11.003559540150995,exact_month_year
TOOK,TOOK.AOS.littoral3,2024-08-03,CHISP2,0.62,0.62,0.62,NA,1,0.02777777777777777,Schindler-Patalas,lake,2024,8,11.003559540150995,exact_month_year
TOOK,TOOK.AOS.littoral2,2024-08-03,COLSP12,0.2,0.18,0.21,0.08,4,0.1111111111111111,Schindler-Patalas,lake,2024,8,11.003559540150995,exact_month_year
TOOK,TOOK.AOS.buoy.c1,2024-08-03,CONSP8,0.17,0.13,0.21,0.08,300,0.1053740779768177,tow net,lake,2024,8,11.003559540150995,exact_month_year
TOOK,TOOK.AOS.littoral2,2024-08-03,CONSP8,0.19,0.17,0.21,0.08,4,0.1111111111111111,Schindler-Patalas,lake,2024,8,11.003559540150995,exact_month_year
TOOK,TOOK.AOS.littoral3,2024-08-03,CONSP8,0.09,0.09,0.09,0.06,1,0.02777777777777777,Schindler-Patalas,lake,2024,8,11.003559540150995,exact_month_year
TOOK,TOOK.AOS.buoy.c1,2024-08-03,CONSP9,0.67,0.47,0.85,0.6,300,0.1053740779768177,tow net,lake,2024,8,11.003559540150995,exact_month_year
TOOK,TOOK.AOS.littoral2,2024-08-03,CONSP9,0.38,0.38,0.38,0.28,2,0.05555555555555555,Schindler-Patalas,lake,2024,8,11.003559540150995,exact_month_year
TOOK,TOOK.AOS.buoy.c1,2024-08-03,CYCSP,0.65,0.53,0.76,NA,20500,7.200561995082543,tow net,lake,2024,8,11.003559540150995,exact_month_year
TOOK,TOOK.AOS.littoral2,2024-08-03,CYCSP,0.7,0.57,0.92,NA,42,1.1666666666666667,Schindler-Patalas,lake,2024,8,11.003559540150995,exact_month_year
TOOK,TOOK.AOS.littoral3,2024-08-03,CYCSP,0.81,0.72,0.88,NA,3,0.08333333333333333,Schindler-Patalas,lake,2024,8,11.003559540150995,exact_month_year
TOOK,TOOK.AOS.littoral2,2024-08-03,DAPSP1,0.58,0.58,0.58,NA,2,0.05555555555555555,Schindler-Patalas,lake,2024,8,11.003559540150995,exact_month_year
TOOK,TOOK.AOS.littoral3,2024-08-03,DAPSP1,0.43,0.43,0.43,NA,1,0.02777777777777777,Schindler-Patalas,lake,2024,8,11.003559540150995,exact_month_year
TOOK,TOOK.AOS.littoral3,2024-08-03,HYDSP12,0.29,0.29,0.29,NA,1,0.02777777777777777,Schindler-Patalas,lake,2024,8,11.003559540150995,exact_month_year
TOOK,TOOK.AOS.buoy.c1,2024-08-03,KELSP1,0.13,0.09,0.15,0.05,3500,1.2293642430628733,tow net,lake,2024,8,11.003559540150995,exact_month_year
TOOK,TOOK.AOS.littoral2,2024-08-03,KELSP1,0.13,0.09,0.18,0.05,294,8.166666666666666,Schindler-Patalas,lake,2024,8,11.003559540150995,exact_month_year
TOOK,TOOK.AOS.littoral3,2024-08-03,KELSP1,0.13,0.1,0.17,0.05,41,1.1388888888888888,Schindler-Patalas,lake,2024,8,11.003559540150995,exact_month_year
TOOK,TOOK.AOS.buoy.c1,2024-08-03,KERSP,0.1,0.08,0.12,0.05,1100,0.3863716192483316,tow net,lake,2024,8,11.003559540150995,exact_month_year
TOOK,TOOK.AOS.littoral2,2024-08-03,KERSP,0.1,0.08,0.12,0.05,22,0.6111111111111112,Schindler-Patalas,lake,2024,8,11.003559540150995,exact_month_year
TOOK,TOOK.AOS.littoral3,2024-08-03,KERSP,0.11,0.08,0.12,0.05,6,0.16666666666666666,Schindler-Patalas,lake,2024,8,11.003559540150995,exact_month_year
TOOK,TOOK.AOS.littoral2,2024-08-03,LEPSP32,0.08,0.08,0.08,0.07,2,0.05555555555555555,Schindler-Patalas,lake,2024,8,11.003559540150995,exact_month_year
TOOK,TOOK.AOS.littoral3,2024-08-03,MONSP8,0.08,0.06,0.1,0.06,3,0.08333333333333333,Schindler-Patalas,lake,2024,8,11.003559540150995,exact_month_year
TOOK,TOOK.AOS.littoral2,2024-08-03,NOTSP11,0.14,0.14,0.14,0.1,2,0.05555555555555555,Schindler-Patalas,lake,2024,8,11.003559540150995,exact_month_year
TOOK,TOOK.AOS.littoral3,2024-08-03,NOTSP11,0.12,0.12,0.13,0.11,2,0.05555555555555555,Schindler-Patalas,lake,2024,8,11.003559540150995,exact_month_year
TOOK,TOOK.AOS.buoy.c1,2024-08-03,POLSP20,0.12,0.1,0.15,0.07,1100,0.3863716192483316,tow net,lake,2024,8,11.003559540150995,exact_month_year
TOOK,TOOK.AOS.littoral2,2024-08-03,POLSP20,0.11,0.08,0.13,0.07,122,3.388888888888889,Schindler-Patalas,lake,2024,8,11.003559540150995,exact_month_year
TOOK,TOOK.AOS.littoral3,2024-08-03,POLSP20,0.12,0.11,0.15,0.06,28,0.7777777777777778,Schindler-Patalas,lake,2024,8,11.003559540150995,exact_month_year
TOOK,TOOK.AOS.littoral2,2024-08-03,TRISP32,0.21,0.19,0.23,0.14,2,0.05555555555555555,Schindler-Patalas,lake,2024,8,11.003559540150995,exact_month_year
TOOK,TOOK.AOS.littoral2,2024-09-04,BRASP22,0.11,0.1,0.12,0.07,12,0.3333333333333333,Schindler-Patalas,lake,2024,9,7.610196231319039,exact_month_year
TOOK,TOOK.AOS.littoral3,2024-09-04,BRASP22,0.11,0.1,0.12,0.07,4,0.1111111111111111,Schindler-Patalas,lake,2024,9,7.610196231319039,exact_month_year
TOOK,TOOK.AOS.buoy.c0,2024-09-04,CALSP1,1.24,0.86,1.57,NA,5413,1.9513338139870224,tow net,lake,2024,9,7.610196231319039,exact_month_year
TOOK,TOOK.AOS.littoral2,2024-09-04,CALSP1,1.19,0.94,1.44,NA,8,0.2222222222222222,Schindler-Patalas,lake,2024,9,7.610196231319039,exact_month_year
TOOK,TOOK.AOS.littoral3,2024-09-04,CALSP1,1.14,1.14,1.14,NA,1,0.02777777777777777,Schindler-Patalas,lake,2024,9,7.610196231319039,exact_month_year
TOOK,TOOK.AOS.littoral3,2024-09-04,CHISP2,1,1,1,NA,1,0.02777777777777777,Schindler-Patalas,lake,2024,9,7.610196231319039,exact_month_year
TOOK,TOOK.AOS.buoy.c0,2024-09-04,COLSP12,0.16,0.16,0.16,0.09,217,0.07822638788752703,tow net,lake,2024,9,7.610196231319039,exact_month_year
TOOK,TOOK.AOS.buoy.c0,2024-09-04,CONSP9,0.33,0.17,0.59,0.24,2165,0.7804614275414564,tow net,lake,2024,9,7.610196231319039,exact_month_year
TOOK,TOOK.AOS.buoy.c0,2024-09-04,CYCSP,0.8,0.64,0.99,NA,11691,4.214491708723864,tow net,lake,2024,9,7.610196231319039,exact_month_year
TOOK,TOOK.AOS.littoral2,2024-09-04,CYCSP,0.81,0.45,1.23,NA,12,0.3333333333333333,Schindler-Patalas,lake,2024,9,7.610196231319039,exact_month_year
TOOK,TOOK.AOS.littoral3,2024-09-04,CYCSP,0.84,0.71,0.96,NA,2,0.05555555555555555,Schindler-Patalas,lake,2024,9,7.610196231319039,exact_month_year
TOOK,TOOK.AOS.littoral2,2024-09-04,DAPSP1,0.53,0.53,0.53,NA,4,0.1111111111111111,Schindler-Patalas,lake,2024,9,7.610196231319039,exact_month_year
TOOK,TOOK.AOS.buoy.c0,2024-09-04,KELSP1,0.12,0.1,0.15,0.05,22083,7.960706560922855,tow net,lake,2024,9,7.610196231319039,exact_month_year
TOOK,TOOK.AOS.littoral2,2024-09-04,KELSP1,0.12,0.09,0.14,0.05,708,19.666666666666668,Schindler-Patalas,lake,2024,9,7.610196231319039,exact_month_year
TOOK,TOOK.AOS.littoral3,2024-09-04,KELSP1,0.11,0.09,0.13,0.05,58,1.6111111111111112,Schindler-Patalas,lake,2024,9,7.610196231319039,exact_month_year
TOOK,TOOK.AOS.buoy.c0,2024-09-04,KERSP,0.1,0.09,0.12,0.06,11691,4.214491708723864,tow net,lake,2024,9,7.610196231319039,exact_month_year
TOOK,TOOK.AOS.littoral2,2024-09-04,KERSP,0.1,0.09,0.11,0.05,144,4,Schindler-Patalas,lake,2024,9,7.610196231319039,exact_month_year
TOOK,TOOK.AOS.littoral3,2024-09-04,KERSP,0.11,0.08,0.13,0.05,18,0.5,Schindler-Patalas,lake,2024,9,7.610196231319039,exact_month_year
TOOK,TOOK.AOS.littoral3,2024-09-04,NOTSP11,0.15,0.15,0.15,0.08,1,0.02777777777777777,Schindler-Patalas,lake,2024,9,7.610196231319039,exact_month_year
TOOK,TOOK.AOS.buoy.c0,2024-09-04,POLSP20,0.13,0.11,0.15,0.08,1732,0.6243691420331651,tow net,lake,2024,9,7.610196231319039,exact_month_year
TOOK,TOOK.AOS.littoral2,2024-09-04,POLSP20,0.11,0.08,0.12,0.07,40,1.1111111111111112,Schindler-Patalas,lake,2024,9,7.610196231319039,exact_month_year
TOOK,TOOK.AOS.littoral3,2024-09-04,POLSP20,0.12,0.1,0.14,0.06,17,0.4722222222222222,Schindler-Patalas,lake,2024,9,7.610196231319039,exact_month_year
