siteID,year,month,date,meanChlorophyll,maxChlorophyll,minChlorophyll
BARC,2017,10,2017-10-21,1.36944881889764,2.72,0.76
BARC,2017,10,2017-10-22,1.43239583333333,3.57,0.82
BARC,2017,10,2017-10-23,1.49347222222222,3.02,0.84
BARC,2017,10,2017-10-24,1.62625,3.23,1.07
BARC,2017,10,2017-10-25,1.32447916666667,2.44,0.83
BARC,2017,10,2017-10-26,1.28191637630662,2.08,0.67
BARC,2017,10,2017-10-27,1.24278169014085,3.18,0.62
BARC,2017,10,2017-10-28,1.268606271777,2.96,0.57
BARC,2017,10,2017-10-29,1.12914590747331,2.73,0.5
BARC,2017,10,2017-10-30,1.10768421052632,2,0.3
BARC,2017,10,2017-10-31,0.905173611111111,2.15,0.49
BARC,2018,7,2018-07-02,2.02714285714286,4.52,1.28
BARC,2018,7,2018-07-03,1.6528897338403,4.23,0.7
BARC,2018,7,2018-07-04,6.9180701754386,12.47,0.84
BARC,2018,7,2018-07-05,9.27119658119658,14.13,5.39
BARC,2018,7,2018-07-06,4.31272727272727,14.76,1.79
BARC,2018,7,2018-07-07,2.25462365591398,4.86,1.27
BARC,2018,7,2018-07-08,2.76098245614035,6.75,1.5
BARC,2018,7,2018-07-09,2.98225806451613,7.11,1.69
BARC,2018,7,2018-07-10,2.72067375886525,4.63,1.84
BARC,2018,7,2018-07-11,2.84385767790262,7.53,1.76
BARC,2018,7,2018-07-12,2.57505300353357,6.16,1.53
BARC,2018,7,2018-07-13,3.0059778597786,8.18,1.44
BARC,2018,7,2018-07-14,2.63117647058824,5.61,1.4
BARC,2018,7,2018-07-15,2.82512658227848,7.02,1.68
BARC,2018,7,2018-07-18,4.8918954248366,7.54,3.74
BARC,2018,7,2018-07-19,4.46770588235294,7.49,3.07
BARC,2018,7,2018-07-20,4.93776978417266,7.59,3.57
BARC,2018,7,2018-07-21,4.79895833333333,8.42,3.07
BARC,2018,7,2018-07-22,4.36507352941176,8.8,2.74
BARC,2018,7,2018-07-23,4.70538461538462,8.19,3.41
BARC,2018,7,2018-07-24,3.62341085271318,5.74,2.69
BARC,2018,7,2018-07-30,4.7246153846153804,5.59,4
BARC,2018,7,2018-07-31,6.09841911764706,11.06,3.41
BARC,2018,10,2018-10-01,6.84942857142857,10.46,4.24
BARC,2018,10,2018-10-02,7.85038732394366,12.32,4.72
BARC,2018,10,2018-10-03,8.65516245487365,12.78,5.58
BARC,2018,10,2018-10-04,9.04194945848375,13.76,5.68
BARC,2018,10,2018-10-05,10.2703597122302,16.46,6.43
BARC,2018,10,2018-10-06,11.22925,15.79,7.58
BARC,2018,10,2018-10-07,13.9407857142857,19.62,9.35
BARC,2018,10,2018-10-08,15.2404270462633,21.84,10.14
BARC,2018,10,2018-10-09,16.8112727272727,21.93,11.97
BARC,2018,10,2018-10-10,15.8655555555556,18.7,12.83
BARC,2018,10,2018-10-11,8.08157657657658,16.85,5.62
BARC,2018,10,2018-10-12,6.10800699300699,8.33,3.81
BARC,2018,10,2018-10-13,5.71072916666667,8.81,3.88
BARC,2018,10,2018-10-14,5.36825174825175,7.58,3.46
BARC,2018,10,2018-10-15,4.59827464788732,8.2,3.13
BARC,2018,10,2018-10-16,4.13794326241135,8.88,2.77
BARC,2018,10,2018-10-17,3.43590277777778,5.57,2.43
BARC,2018,10,2018-10-18,2.880625,4.36,2.02
BARC,2018,10,2018-10-19,3.24180555555556,4.6,2.15
BARC,2018,10,2018-10-20,4.14454861111111,6.03,2.85
BARC,2018,10,2018-10-21,3.51641114982578,5,2.66
BARC,2018,10,2018-10-22,3.73072243346008,4.82,2.65
BARC,2018,10,2018-10-23,4.41732558139535,7.78,2.76
BARC,2019,2,2019-02-01,0.914067164179104,1.89,0.29
BARC,2019,2,2019-02-02,0.916319444444444,1.79,0.22
BARC,2019,2,2019-02-03,0.8925,2.08,0.47
BARC,2019,2,2019-02-04,0.869375,1.95,0.35
BARC,2019,2,2019-02-05,0.680902777777778,1.23,0.22
BARC,2019,2,2019-02-06,0.389154929577465,1.32,0.01
BARC,2019,2,2019-02-07,0.23250936329588,1.01,0
BARC,2019,2,2019-02-08,0.166015625,0.71,0
BARC,2019,2,2019-02-09,0.150775862068966,0.83,0
BARC,2019,2,2019-02-10,0.249398496240602,0.67,0
BARC,2019,2,2019-02-11,0.326571428571429,0.77,0
BARC,2019,2,2019-02-12,0.194970760233918,1.02,0
BARC,2019,2,2019-02-13,0.158757062146893,0.61,0
BARC,2019,2,2019-02-14,0.136309523809524,0.57,0
BARC,2019,2,2019-02-15,0.1376,0.85,0
BARC,2019,2,2019-02-16,0.14648275862069,0.59,0
BARC,2019,2,2019-02-17,0.147261904761905,0.67,0
BARC,2019,2,2019-02-18,0.140915492957746,0.81,0
BARC,2019,2,2019-02-19,0.157810218978102,0.86,0
BARC,2019,2,2019-02-20,0.24767955801105,1.2,0
BARC,2019,2,2019-02-21,0.184941860465116,1.11,0
BARC,2019,2,2019-02-22,0.128425196850394,0.66,0
BARC,2019,2,2019-02-23,0.159145299145299,0.8,0
BARC,2019,2,2019-02-24,0.126949152542373,0.61,0
BARC,2019,2,2019-02-25,0.181520467836257,0.69,0
BARC,2019,2,2019-02-26,0.229173553719008,1.28,0
BARC,2019,2,2019-02-27,0.534584837545126,1.67,0.01
BARC,2019,2,2019-02-28,0.290648648648649,1.15,0
BARC,2019,7,2019-07-01,1.2596178343949,1.91,0.81
BARC,2019,7,2019-07-02,0.883375,1.37,0.47
BARC,2019,7,2019-07-03,0.665,2.01,0.2
BARC,2019,7,2019-07-04,0.608769230769231,1.11,0.25
BARC,2019,7,2019-07-05,0.494552845528455,1.08,0.11
BARC,2019,7,2019-07-06,0.699784946236559,1.2,0.38
BARC,2019,7,2019-07-07,0.970431034482759,1.38,0.59
BARC,2019,7,2019-07-08,0.889444444444444,1.34,0.45
BARC,2019,7,2019-07-09,0.870285714285714,1.87,0.36
BARC,2019,7,2019-07-10,0.686446280991736,1.46,0.23
BARC,2019,7,2019-07-11,0.8274,1.85,0.32
BARC,2019,7,2019-07-12,0.674575163398693,1.09,0.12
BARC,2019,7,2019-07-13,0.731208053691275,1.74,0.34
BARC,2019,7,2019-07-14,0.777125,1.38,0.4
BARC,2019,7,2019-07-15,0.546698564593301,1.61,0.13
BARC,2019,7,2019-07-16,0.593591549295775,1.31,0
BARC,2019,7,2019-07-17,0.681181102362205,1.93,0.13
BARC,2019,7,2019-07-18,0.974585987261147,3.18,0.29
BARC,2019,7,2019-07-19,1.20723776223776,2.26,0.64
BARC,2019,7,2019-07-20,1.33094339622641,3.18,0.52
BARC,2019,7,2019-07-21,1.74693181818182,4.26,1.04
BARC,2019,7,2019-07-22,1.68613333333333,3.2,0.91
BARC,2019,7,2019-07-23,1.76689895470383,3.01,1.16
BARC,2019,7,2019-07-24,1.69375,2.75,0.63
BARC,2019,7,2019-07-25,2.17835526315789,3.99,1.16
BARC,2019,7,2019-07-26,1.89530303030303,4.38,1.06
BARC,2019,7,2019-07-27,2.16,5.5,1.12
BARC,2019,7,2019-07-28,1.76210191082803,3.46,1.04
BARC,2019,7,2019-07-29,2.66178217821782,7.44,1.25
BARC,2019,7,2019-07-30,2.5493125,5.36,1.47
BARC,2019,7,2019-07-31,3.14900662251656,6.05,1.54
BARC,2019,10,2019-10-01,1.68149253731343,3.88,0.92
BARC,2019,10,2019-10-02,1.77274809160305,3.65,1.18
BARC,2019,10,2019-10-03,1.96394366197183,4.76,0.82
BARC,2019,10,2019-10-04,2.20302158273381,5.04,1.27
BARC,2019,10,2019-10-05,1.96869565217391,4.01,1.11
BARC,2019,10,2019-10-06,2.64062827225131,5.41,1.37
BARC,2019,10,2019-10-07,2.13059701492537,3.36,1.62
BARC,2019,10,2019-10-08,1.94821917808219,3.38,1.27
BARC,2019,10,2019-10-09,1.06050505050505,2.61,0.52
BARC,2019,10,2019-10-10,0.774664310954064,2.28,0.3
BARC,2019,10,2019-10-11,0.535179856115108,1.83,0.11
BARC,2019,10,2019-10-12,0.484464944649447,1.25,0.14
BARC,2019,10,2019-10-13,0.633866171003717,2.79,0.03
BARC,2019,10,2019-10-14,0.489490909090909,1.75,0.07
BARC,2019,10,2019-10-15,0.485270758122744,1.48,0.09
BARC,2019,10,2019-10-16,0.725698924731183,1.81,0.27
BARC,2019,10,2019-10-17,1.65384615384615,4.23,0.56
BARC,2019,10,2019-10-18,1.90202090592334,3.88,1.12
BARC,2019,10,2019-10-19,2.06063157894737,4.33,1.27
BARC,2019,10,2019-10-20,2.27550724637681,5.46,1.31
BARC,2019,10,2019-10-21,1.9523381294964,5.08,1
BARC,2019,10,2019-10-22,2.18996503496503,6.42,1.08
BARC,2019,10,2019-10-23,1.22119047619048,4.67,0.62
BARC,2019,10,2019-10-27,1.085,1.48,0.69
BARC,2019,10,2019-10-28,1.25234899328859,3.69,0.54
BARC,2020,2,2020-02-01,1.79328671328671,3.42,1.16
BARC,2020,2,2020-02-02,1.79759656652361,3.23,1.24
BARC,2020,2,2020-02-03,1.55311594202899,3.89,0.7
BARC,2020,2,2020-02-04,1.50676258992806,5.22,0.8
BARC,2020,2,2020-02-05,2.29260606060606,9.13,1.21
BARC,2020,2,2020-02-06,2.39622047244095,12.52,1.13
BARC,2020,2,2020-02-07,1.71552816901408,3.2,1.18
BARC,2020,2,2020-02-08,1.89462633451957,3.09,1.02
BARC,2020,2,2020-02-09,1.9632384341637,3.04,1.23
BARC,2020,2,2020-02-10,2.15930555555556,3.97,1.34
BARC,2020,2,2020-02-11,2.20268292682927,3.58,1.65
BARC,2020,2,2020-02-12,3.48210526315789,6.25,1.95
BARC,2020,2,2020-02-13,3.05848484848485,4.25,2.51
BARC,2020,2,2020-02-18,1.88859437751004,3.52,1.33
BARC,2020,2,2020-02-19,1.76767605633803,3.54,1.05
BARC,2020,2,2020-02-20,1.65020905923345,3.17,1.05
BARC,2020,2,2020-02-21,1.87882142857143,3.53,1.17
BARC,2020,2,2020-02-22,3.45757894736842,6.43,2.22
BARC,2020,2,2020-02-23,2.70306620209059,4.76,1.72
BARC,2020,2,2020-02-24,2.09690972222222,4.73,1.48
BARC,2020,2,2020-02-25,2.14735915492958,3.17,1.47
BARC,2020,2,2020-02-26,2.16575539568345,3.97,1.42
BARC,2020,2,2020-02-27,1.87843205574913,3.34,1.13
BARC,2020,2,2020-02-28,1.79989473684211,2.8,0.98
BARC,2020,2,2020-02-29,1.90149825783972,4.14,0.87
BARC,2020,7,2020-07-01,4.07461805555556,5.88,2.75
BARC,2020,7,2020-07-02,5.006875,8.08,3.28
BARC,2020,7,2020-07-03,5.06899305555556,6.95,3.79
BARC,2020,7,2020-07-04,4.61339350180505,8.16,3.08
BARC,2020,7,2020-07-05,4.51451048951049,6.83,3.28
BARC,2020,7,2020-07-06,5.1931914893617,7.8,3.62
BARC,2020,7,2020-07-07,4.65759856630824,7.56,3.35
BARC,2020,7,2020-07-08,4.08115384615385,7.26,2.77
BARC,2020,7,2020-07-09,4.57892361111111,8.9,2.99
BARC,2020,7,2020-07-10,3.80044052863436,6.38,2.52
BARC,2020,7,2020-07-13,2.03912568306011,3.16,1.49
BARC,2020,7,2020-07-14,1.83764084507042,3.13,1.3
BARC,2020,7,2020-07-15,1.72850187265918,2.66,1.23
BARC,2020,7,2020-07-17,1.69240740740741,2.5,1.15
BARC,2020,7,2020-07-18,1.68574468085106,2.68,1.05
BARC,2020,7,2020-07-19,1.66187050359712,2.94,1.2
BARC,2020,7,2020-07-20,1.45386861313869,2.62,1.06
BARC,2020,7,2020-07-21,1.38992907801418,2.18,0.89
BARC,2020,7,2020-07-22,1.37184397163121,2.2,0.98
BARC,2020,7,2020-07-23,1.5036524822695,2.29,0.85
BARC,2020,7,2020-07-24,1.6536170212766,2.6,0.98
BARC,2020,7,2020-07-25,1.60610108303249,2.53,0.98
BARC,2020,7,2020-07-26,1.65641577060932,2.61,1.02
BARC,2020,7,2020-07-27,1.49813868613139,2.28,0.98
BARC,2020,7,2020-07-28,1.503,2.38,1.1
BARC,2020,7,2020-07-29,1.56166666666667,2.4,1.03
BARC,2020,7,2020-07-30,1.75713725490196,3.7,1.04
BARC,2020,7,2020-07-31,1.27547445255474,2.97,0.74
BARC,2020,10,2020-10-01,5.34932142857143,9.11,2.93
BARC,2020,10,2020-10-02,5.69688888888889,7.63,3.83
BARC,2020,10,2020-10-03,5.7299649122807,9.07,3.71
BARC,2020,10,2020-10-04,5.59433691756272,8.86,4.06
BARC,2020,10,2020-10-05,5.47305755395683,8.67,4.28
BARC,2020,10,2020-10-06,4.62276363636364,7.12,3.66
BARC,2020,10,2020-10-07,4.1796943231441,7.43,2.92
BARC,2020,10,2020-10-08,2.89995475113122,5.94,1.81
BARC,2020,10,2020-10-09,3.12236559139785,4.84,2.03
BARC,2020,10,2020-10-10,3.79876923076923,7,2.32
BARC,2020,10,2020-10-11,4.27103626943005,6.79,2.71
BARC,2020,10,2020-10-12,5.60252669039146,7.58,3.35
BARC,2020,10,2020-10-13,5.76868055555556,7.82,3.5
BARC,2020,10,2020-10-14,5.86947916666667,8,3.84
BARC,2020,10,2020-10-15,6.48395833333333,8.88,4.54
BARC,2020,10,2020-10-16,5.59184027777778,7.43,4.07
BARC,2020,10,2020-10-17,5.3428125,7.49,4.01
BARC,2020,10,2020-10-18,4.71491166077739,6.9,3.36
BARC,2020,10,2020-10-19,4.75413194444444,6.83,3.34
BARC,2020,10,2020-10-20,4.57135888501742,7.81,3.27
BARC,2020,10,2020-10-21,4.83837455830389,8.05,3.25
BARC,2020,10,2020-10-22,5.83423611111111,9.12,3.18
BARC,2020,10,2020-10-23,5.77322580645161,7.68,4
BARC,2020,10,2020-10-24,4.98731448763251,9.02,2.08
BARC,2020,10,2020-10-25,2.89487719298246,4.9,1.67
BARC,2020,10,2020-10-26,3.708,6.15,2.08
BARC,2020,10,2020-10-27,3.90357638888889,6.17,2.48
BARC,2020,10,2020-10-28,3.98739583333333,7.24,2.4
BARC,2020,10,2020-10-29,3.93038869257951,8.08,1.87
BARC,2020,10,2020-10-30,3.51713261648746,6.96,2.43
BARC,2020,10,2020-10-31,3.34072463768116,6.5,2.24
BARC,2021,2,2021-02-01,0.965543859649123,2.45,0.28
BARC,2021,2,2021-02-02,1.09464028776978,2.47,0.54
BARC,2021,2,2021-02-03,0.717979797979798,2.12,0.14
BARC,2021,2,2021-02-04,0.495934065934066,2.37,0
BARC,2021,2,2021-02-05,0.3855871886121,1.81,0.01
BARC,2021,2,2021-02-06,0.604712230215827,2.07,0.14
BARC,2021,2,2021-02-07,0.633115942028985,2.18,0.15
BARC,2021,2,2021-02-08,0.417292418772563,1.81,0.01
BARC,2021,2,2021-02-09,0.358007380073801,1.55,0
BARC,2021,2,2021-02-10,0.396052631578947,3.11,0.01
BARC,2021,2,2021-02-11,0.343512396694215,1.86,0
BARC,2021,2,2021-02-12,0.321244019138756,2.52,0
BARC,2021,2,2021-02-13,0.176516129032258,1.14,0
BARC,2021,2,2021-02-14,0.217601809954751,1.4,0
BARC,2021,2,2021-02-15,0.367049180327869,1.3,0.01
BARC,2021,2,2021-02-22,3.22822916666667,7.87,0.89
BARC,2021,2,2021-02-23,1.58446564885496,5.52,0.35
BARC,2021,2,2021-02-24,0.885,2.09,0.26
BARC,2021,2,2021-02-25,1.18327464788732,3.55,0.44
BARC,2021,2,2021-02-26,0.905,2.32,0.45
BARC,2021,2,2021-02-27,0.92130434782608694,2.14,0.47
BARC,2021,2,2021-02-28,1.06773851590106,3.81,0.18
BARC,2021,7,2021-07-01,4.24645614035088,9.64,2.21
BARC,2021,7,2021-07-02,5.42939929328622,12.2,2.87
BARC,2021,7,2021-07-03,4.88257042253521,12.07,2.34
BARC,2021,7,2021-07-04,4.906925795053,9.63,2.82
BARC,2021,7,2021-07-05,4.29188405797101,8.31,2.55
BARC,2021,7,2021-07-06,3.00896946564886,6.52,2.18
BARC,2021,7,2021-07-07,3.39021276595745,8.04,2.07
BARC,2021,7,2021-07-08,3.38701754385965,7.29,2.2
BARC,2021,7,2021-07-09,2.59491039426523,5.78,1.62
BARC,2021,7,2021-07-10,2.61210526315789,6.07,1.71
BARC,2021,7,2021-07-11,2.38736462093863,5.11,1.35
BARC,2021,7,2021-07-12,3.39307692307692,10.85,1.55
BARC,2021,7,2021-07-13,2.67730215827338,6.06,1.47
BARC,2021,7,2021-07-14,2.88347826086957,7.66,1.48
BARC,2021,7,2021-07-15,2.8598916967509,7.14,1.42
BARC,2021,7,2021-07-16,2.94689781021898,8.95,1.46
BARC,2021,7,2021-07-17,2.04241635687732,7.1,1.21
BARC,2021,7,2021-07-18,1.565770609319,3.36,0.87
BARC,2021,7,2021-07-19,1.54096296296296,3.78,0.76
BARC,2021,7,2021-07-20,1.73988847583643,4.31,0.97
BARC,2021,7,2021-07-21,1.72083636363636,4.97,0.91
BARC,2021,7,2021-07-22,1.63853571428571,4.09,0.83
BARC,2021,7,2021-07-23,2.2597619047619,18.55,0.92
BARC,2021,7,2021-07-24,1.71785964912281,4.26,0.85
BARC,2021,7,2021-07-25,2.05507142857143,6.88,0.88
BARC,2021,7,2021-07-26,2.22194346289753,6.42,1.09
BARC,2021,7,2021-07-27,2.56209558823529,6.42,1.22
BARC,2021,7,2021-07-28,1.99584837545126,4.29,1.2
BARC,2021,7,2021-07-29,2.17167272727273,4.58,1.23
BARC,2021,7,2021-07-30,2.43068062827225,7.2,0.29
BARC,2021,7,2021-07-31,2.59977876106195,9.98,1.13
BARC,2021,11,2021-11-01,2.02071174377224,5.15,0.89
BARC,2021,11,2021-11-02,2.29634146341463,7.29,0.88
BARC,2021,11,2021-11-03,2.06597864768683,4.84,0.85
BARC,2021,11,2021-11-04,2.2052688172043,7.72,0.81
BARC,2021,11,2021-11-05,2.19308510638298,6.68,1.11
BARC,2021,11,2021-11-06,2.47496503496503,5.76,1.09
BARC,2021,11,2021-11-07,1.63507142857143,3.87,0.95
BARC,2021,11,2021-11-08,1.59080701754386,4.52,0.71
BARC,2021,11,2021-11-09,1.61172535211268,4.14,0.66
BARC,2021,11,2021-11-10,2.84747368421053,9.99,0.72
BARC,2021,11,2021-11-11,1.95685314685315,7.57,1.1
BARC,2021,11,2021-11-12,1.80989547038328,4,0.83
BARC,2021,11,2021-11-13,2.94433691756272,8.6,1.01
BARC,2021,11,2021-11-14,2.49775,6.48,1.66
BARC,2021,11,2021-11-15,1.81253571428571,4.01,1.07
BARC,2021,11,2021-11-16,1.85071428571429,4.76,0.83
BARC,2021,11,2021-11-17,1.68742049469965,4.39,0.87
BARC,2021,11,2021-11-18,1.80618881118881,4.49,1.04
BARC,2021,11,2021-11-19,1.73219858156028,4.78,0.97
BARC,2021,11,2021-11-20,1.95049295774648,4.41,0.87
BARC,2021,11,2021-11-21,1.87769784172662,4.64,0.96
BARC,2021,11,2021-11-22,1.50972027972028,3.6,0.79
BARC,2021,11,2021-11-23,1.60212765957447,3.84,0.91
BARC,2021,11,2021-11-24,1.4901083032491,3.09,0.85
BARC,2021,11,2021-11-25,1.42185053380783,3.01,0.72
BARC,2021,11,2021-11-26,1.27527272727273,4.13,0.37
BARC,2021,11,2021-11-27,1.49184782608696,3.18,0.71
BARC,2021,11,2021-11-28,2.00096085409253,4.87,0.57
BARC,2021,11,2021-11-29,1.38193548387097,3.64,0.54
BARC,2021,11,2021-11-30,1.18379928315412,2.58,0.52
BARC,2022,2,2022-02-01,0.977911111111111,1.74,0.06
BARC,2022,2,2022-02-02,1.02,1.02,1.02
BARC,2022,2,2022-02-03,1.01658536585366,1.93,0.09
BARC,2022,2,2022-02-04,1.02,1.02,1.02
BARC,2022,2,2022-02-05,1.00650862068966,1.02,0.09
BARC,2022,2,2022-02-06,1.02,1.02,1.02
BARC,2022,2,2022-02-07,1.02,1.02,1.02
BARC,2022,2,2022-02-08,1.00744680851064,1.02,0.14
BARC,2022,2,2022-02-09,1.20397727272727,1.25,0.13
BARC,2022,2,2022-02-10,1.23262222222222,1.25,0.1
BARC,2022,2,2022-02-11,1.22020920502092,1.25,0.11
BARC,2022,2,2022-02-12,1.2373127753304,1.25,0.21
BARC,2022,2,2022-02-13,1.23109090909091,1.25,0.13
BARC,2022,2,2022-02-14,1.25,1.25,1.25
BARC,2022,2,2022-02-15,1.22528888888889,1.25,0.03
BARC,2022,2,2022-02-16,1.25,1.25,1.25
BARC,2022,2,2022-02-17,1.23551886792453,1.25,0.17
BARC,2022,2,2022-02-18,1.23423423423423,1.25,0.3
BARC,2022,2,2022-02-19,1.24058823529412,1.25,0.2
BARC,2022,2,2022-02-20,1.22666666666667,1.25,0.24
BARC,2022,2,2022-02-21,1.23352422907489,1.25,0.21
BARC,2022,2,2022-02-22,1.25,1.25,1.25
BARC,2022,2,2022-02-23,1.23162995594714,1.25,0.11
BARC,2022,2,2022-02-24,1.25,1.25,1.25
BARC,2022,2,2022-02-25,1.23550218340611,1.25,0.21
BARC,2022,2,2022-02-26,1.25,1.25,1.25
BARC,2022,2,2022-02-27,1.25,1.25,1.25
BARC,2022,2,2022-02-28,1.23031390134529,1.87,0.28
BARC,2022,11,2022-11-01,1.06556074766355,1.76,0.72
BARC,2022,11,2022-11-02,1.05,1.05,1.05
BARC,2022,11,2022-11-03,1.05,1.05,1.05
BARC,2022,11,2022-11-04,1.06732456140351,2.32,1.05
BARC,2022,11,2022-11-05,1.05,1.05,1.05
BARC,2022,11,2022-11-06,1.05443438914027,1.88,0.95
BARC,2022,11,2022-11-07,1.06913043478261,2.83,1.05
BARC,2022,11,2022-11-08,1.05,1.05,1.05
BARC,2022,11,2022-11-09,1.05,1.05,1.05
BARC,2022,11,2022-11-10,1.07162895927602,2.48,1.05
BARC,2022,11,2022-11-11,1.11164021164021,2.67,1.05
BARC,2022,11,2022-11-12,1.08692307692308,3.55,1.05
BARC,2022,11,2022-11-13,1.11208333333333,3.37,1.03
BARC,2022,11,2022-11-14,1.07487684729064,2.97,1.05
BARC,2022,11,2022-11-15,1.05,1.05,1.05
BARC,2022,11,2022-11-16,1.21596330275229,2.66,1.05
BARC,2022,11,2022-11-17,1.18,1.18,1.18
BARC,2022,11,2022-11-18,1.18311004784689,2.14,1.06
BARC,2022,11,2022-11-19,1.18403755868545,2.46,0.85
BARC,2022,11,2022-11-20,1.18,1.18,1.18
BARC,2022,11,2022-11-21,1.18,1.18,1.18
BARC,2022,11,2022-11-22,1.18,1.18,1.18
BARC,2022,11,2022-11-23,1.18,1.18,1.18
BARC,2022,11,2022-11-24,1.18,1.18,1.18
BARC,2022,11,2022-11-25,1.18,1.18,1.18
BARC,2022,11,2022-11-26,1.18,1.18,1.18
BARC,2022,11,2022-11-27,1.18,1.18,1.18
BARC,2022,11,2022-11-28,1.18,1.18,1.18
BARC,2022,11,2022-11-29,1.47329004329004,3.38,0.33
BARC,2022,11,2022-11-30,1.82111111111111,2.32,1.39
BARC,2023,2,2023-02-01,1.14852112676056,3.29,0.6
BARC,2023,2,2023-02-02,1.02459930313589,2.16,0.51
BARC,2023,2,2023-02-03,0.992951388888889,2.63,0.4
BARC,2023,2,2023-02-04,1.41325174825175,2.79,0.78
BARC,2023,2,2023-02-05,1.34702127659574,3.23,0.6
BARC,2023,2,2023-02-06,1.40028776978417,3.05,0.68
BARC,2023,2,2023-02-07,1.62,5.55,0.68
BARC,2023,2,2023-02-08,1.41308510638298,4.16,0.78
BARC,2023,2,2023-02-09,1.35494699646643,3.31,0.63
BARC,2023,2,2023-02-10,1.48205673758865,4.75,0.76
BARC,2023,2,2023-02-11,2.2134375,5.62,0.94
BARC,2023,2,2023-02-12,1.73940766550523,3.8,1.02
BARC,2023,2,2023-02-13,1.80571428571429,3.76,0.98
BARC,2023,2,2023-02-14,1.51020833333333,2.47,0.9
BARC,2023,2,2023-02-23,1.40895104895105,2.82,1.02
BARC,2023,2,2023-02-24,1.29633466135458,3.09,0.72
BARC,2023,2,2023-02-25,1.10961267605634,2.62,0.58
BARC,2023,2,2023-02-26,1.23748251748252,2.95,0.61
BARC,2023,2,2023-02-27,1.06871080139373,2.5,0.67
BARC,2023,2,2023-02-28,1.13202090592335,2.29,0.53
BARC,2023,6,2023-06-01,1.58915254237288,3.08,0.99
BARC,2023,6,2023-06-09,1.81386956521739,4.18,1.13
BARC,2023,6,2023-06-10,1.98425454545455,4.64,1.12
BARC,2023,6,2023-06-11,2.29223048327138,6.91,1.24
BARC,2023,6,2023-06-12,2.01404255319149,5.53,1
BARC,2023,6,2023-06-13,1.98917562724014,5.26,1.01
BARC,2023,6,2023-06-14,2.1292,5.9,1.15
BARC,2023,6,2023-06-15,1.85035714285714,5.26,1.08
BARC,2023,6,2023-06-16,2.08506944444444,5.01,1.13
BARC,2023,6,2023-06-17,2.27615107913669,6.21,1.19
BARC,2023,6,2023-06-18,2.44782608695652,5.85,1.27
BARC,2023,6,2023-06-19,2.2801760563380302,6.32,1.23
BARC,2023,6,2023-06-20,2.04032028469751,4.68,1.24
BARC,2023,6,2023-06-21,2.4405109489051098,5.05,1.59
BARC,2023,6,2023-06-22,2.45082142857143,4.75,1.69
BARC,2023,6,2023-06-23,2.68024647887324,4.66,1.67
BARC,2023,6,2023-06-24,2.3410752688172,4.3,1.58
BARC,2023,6,2023-06-25,2.12535460992908,4.4,1.4
BARC,2023,6,2023-06-26,2.59693950177936,9.42,1.24
BARC,2023,6,2023-06-27,2.49667832167832,6.43,1.34
BARC,2023,6,2023-06-28,1.97,4.11,1
BARC,2023,6,2023-06-29,1.8536170212766,3.93,1.21
BARC,2023,6,2023-06-30,1.92716312056738,4.56,1.07
BARC,2023,11,2023-11-10,1.71550200803213,3.6,1.12
BARC,2023,11,2023-11-11,1.74863636363636,3.37,1.06
BARC,2023,11,2023-11-12,1.8754609929078,3.62,1
BARC,2023,11,2023-11-13,2.30425531914894,3.69,1.61
BARC,2023,11,2023-11-14,2.83222627737226,4.94,1.79
BARC,2023,11,2023-11-15,2.52003533568905,4.32,1.8
BARC,2023,11,2023-11-16,2.512,4.13,1.87
BARC,2023,11,2023-11-17,2.44028571428571,4.46,1.65
BARC,2023,11,2023-11-18,2.24232394366197,4.73,1.46
BARC,2023,11,2023-11-19,1.93344322344322,3.74,1.12
BARC,2023,11,2023-11-20,1.75713261648746,3.73,1.11
BARC,2023,11,2023-11-21,1.85554385964912,3.72,0.88
BARC,2023,11,2023-11-22,2.3863025210084,4.55,1.64
BARC,2023,11,2023-11-23,2.80652173913043,5.4,1.71
BARC,2023,11,2023-11-24,2.81233576642336,5.33,1.49
BARC,2023,11,2023-11-25,3.39474637681159,6.85,2.36
BARC,2023,11,2023-11-26,2.97836431226766,5.45,2.01
BARC,2023,11,2023-11-27,3.46645038167939,6.2,2.34
BARC,2023,11,2023-11-28,2.79738970588235,5.38,1.65
BARC,2023,11,2023-11-29,2.82386861313869,5.09,2.08
BARC,2023,11,2023-11-30,2.62482352941176,5.31,1.36
BARC,2024,2,2024-02-06,1.91861607142857,4.04,0.8
BARC,2024,2,2024-02-07,1.68432142857143,4.89,0.66
BARC,2024,2,2024-02-08,1.62428070175439,5.08,0.42
BARC,2024,2,2024-02-09,1.5086642599278,4,0.57
BARC,2024,2,2024-02-10,1.23548951048951,3.57,0.4
BARC,2024,2,2024-02-11,1.20093525179856,2.7,0.57
BARC,2024,2,2024-02-12,1.05925,2.75,0.44
BARC,2024,2,2024-02-13,1.1602787456446,2.59,0.51
BARC,2024,2,2024-02-14,1.10404255319149,3.4,0.26
BARC,2024,2,2024-02-15,0.965789473684211,3.87,0.3
BARC,2024,2,2024-02-16,1.111171875,2.82,0.46
BARC,2024,2,2024-02-17,1.04175,2.2,0.49
BARC,2024,2,2024-02-18,1.38442028985507,3.34,0.68
BARC,2024,2,2024-02-19,1.42636029411765,3.02,0.93
BARC,2024,2,2024-02-20,1.02978647686833,2.81,0.27
BARC,2024,2,2024-02-21,0.916468531468531,3.36,0.26
BARC,2024,2,2024-02-22,0.945441696113074,2.58,0.22
BARC,2024,2,2024-02-23,0.798041958041958,1.98,0.28
BARC,2024,2,2024-02-24,1.09971223021583,1.83,0.36
BARC,2024,2,2024-02-25,0.943821428571429,1.84,0.22
BARC,2024,2,2024-02-26,0.919432624113475,2.35,0.3
BARC,2024,2,2024-02-27,0.867071428571429,2.49,0.34
BARC,2024,2,2024-02-28,0.874736842105263,2.18,0.22
BARC,2024,2,2024-02-29,0.871737588652482,1.74,0.24
BARC,2024,7,2024-07-01,3.42681318681319,7.05,2.12
BARC,2024,7,2024-07-02,3.34952205882353,6.81,2.23
BARC,2024,7,2024-07-03,3.09737410071942,5.57,1.89
BARC,2024,7,2024-07-04,3.51607142857143,9.3,1.96
BARC,2024,7,2024-07-05,3.26177121771218,6.6,1.78
BARC,2024,7,2024-07-06,3.37523297491039,6.88,2.13
BARC,2024,7,2024-07-07,3.61841911764706,8.09,2.1
BARC,2024,7,2024-07-08,3.44158671586716,7.27,2.21
BARC,2024,7,2024-07-09,3.63573476702509,7.41,1.78
BARC,2024,7,2024-07-10,3.44232974910394,5.97,2.1
BARC,2024,7,2024-07-11,3.53298181818182,6.53,2.31
BARC,2024,7,2024-07-12,3.33771428571429,7.39,2.11
BARC,2024,7,2024-07-13,3.21647058823529,6.05,2.2
BARC,2024,7,2024-07-14,3.39130434782609,7.53,1.85
BARC,2024,7,2024-07-15,3.65281481481481,6.78,1.94
BARC,2024,7,2024-07-16,3.87405109489051,7.92,2.31
BARC,2024,7,2024-07-17,3.34796428571429,6.94,1.88
BARC,2024,7,2024-07-18,3.67455882352941,7.33,1.99
BARC,2024,7,2024-07-19,3.40476363636364,6.81,1.93
BARC,2024,7,2024-07-20,3.64121212121212,8.44,1.99
BARC,2024,7,2024-07-21,3.75562724014337,8.29,2.09
BARC,2024,7,2024-07-22,3.59264285714286,7.7,2.03
BARC,2024,7,2024-07-23,3.5896336996337,8.21,2.01
BARC,2024,7,2024-07-24,3.69992753623188,7.94,2.2
BARC,2024,7,2024-07-25,3.63764492753623,6.31,2.26
BARC,2024,7,2024-07-26,3.98171314741036,9.08,2.5
BARC,2024,7,2024-07-27,3.77057553956835,6.88,2.37
BARC,2024,7,2024-07-28,3.99298932384342,7.74,2.4
BARC,2024,7,2024-07-29,4.25778571428571,7.86,2.84
BARC,2024,7,2024-07-30,4.12400722021661,8.6,2.55
BARC,2024,7,2024-07-31,3.99065217391304,8.42,2.6
BARC,2024,10,2024-10-01,5.61984496124031,11.74,3.43
BARC,2024,10,2024-10-02,4.56,7.88,3.21
BARC,2024,10,2024-10-03,5.19579831932773,12.58,2.82
BARC,2024,10,2024-10-04,5.31635658914729,10.28,2.55
BARC,2024,10,2024-10-05,4.53735294117647,8.5,2.93
BARC,2024,10,2024-10-06,5.16557553956835,11.27,2.88
BARC,2024,10,2024-10-07,4.46184397163121,8.79,2.74
BARC,2024,10,2024-10-08,4.74454545454546,7.03,3.33
BARC,2024,10,2024-10-09,4.10785714285714,4.67,3.35
BARC,2024,10,2024-10-10,3.13384615384615,3.98,2.52
BARC,2024,10,2024-10-11,3.57514285714286,7.28,2.35
BARC,2024,10,2024-10-12,3.42403571428571,8.48,1.92
BARC,2024,10,2024-10-13,3.47716599190283,11.75,1.79
BARC,2024,10,2024-10-14,3.31269372693727,7.62,1.78
BARC,2024,10,2024-10-15,4.13390625,9.15,2.13
BARC,2024,10,2024-10-16,3.74422641509434,7.75,2.27
BARC,2024,10,2024-10-17,4.84631386861314,10.47,2.84
BARC,2024,10,2024-10-18,4.44374485596708,8.23,2.54
BARC,2024,10,2024-10-19,4.14794964028777,7.97,2.39
BARC,2024,10,2024-10-20,4.48241992882562,9.4,2.52
BARC,2024,10,2024-10-21,4.2019776119403,9.44,2.32
BARC,2024,10,2024-10-22,3.99207142857143,8.48,2.17
BARC,2024,10,2024-10-23,4.45876923076923,10.47,1.94
BARC,2024,10,2024-10-24,4.2137109375,9.78,2.32
BARC,2024,10,2024-10-25,3.257,8.38,1.98
BARC,2024,10,2024-10-26,3.1842471042471,11.15,1.85
BARC,2024,10,2024-10-27,2.85245210727969,7.25,1.62
BARC,2024,10,2024-10-28,3.1351953125,11.2,1.62
BARC,2024,10,2024-10-29,4.15863468634686,11.18,1.62
BARC,2024,10,2024-10-30,3.75885496183206,9.55,2.05
BARC,2024,10,2024-10-31,3.49353982300885,7.12,1.84
LIRO,2018,7,2018-07-18,2.77401544401544,6.09,1.75
LIRO,2018,7,2018-07-19,2.43353146853147,5.26,1.6
LIRO,2018,7,2018-07-20,2.42648936170213,6.12,1.43
LIRO,2018,7,2018-07-21,2.75135416666667,3.95,1.96
LIRO,2018,7,2018-07-22,2.40684027777778,3.88,1.83
LIRO,2018,7,2018-07-23,2.07251773049645,4.62,1.21
LIRO,2018,7,2018-07-24,2.05947183098592,4.16,1.24
LIRO,2018,7,2018-07-25,2.29711805555556,4.11,1.36
LIRO,2018,7,2018-07-26,3.49728346456693,6.13,1.86
LIRO,2018,7,2018-07-27,3.88333333333333,7.44,2.71
LIRO,2018,7,2018-07-28,3.76116197183099,8.35,2.56
LIRO,2018,7,2018-07-29,3.2163829787234,6.45,2.02
LIRO,2018,7,2018-07-30,3.12968085106383,6.07,1.39
LIRO,2018,7,2018-07-31,2.49253472222222,6.1,1.53
LIRO,2018,9,2018-09-01,2.74717857142857,4,2.02
LIRO,2018,9,2018-09-02,2.87478571428571,5.08,2.02
LIRO,2018,9,2018-09-03,3.27865454545455,5.66,2.24
LIRO,2018,9,2018-09-04,2.84892361111111,4.66,1.72
LIRO,2018,9,2018-09-05,3.11479166666667,4.88,2.29
LIRO,2018,9,2018-09-06,3.44954703832753,4.89,2.06
LIRO,2018,9,2018-09-07,2.69899305555556,5.4,1.66
LIRO,2018,9,2018-09-08,2.89849593495935,5.1,1.84
LIRO,2018,9,2018-09-09,3.0554347826087,4.97,1.86
LIRO,2018,9,2018-09-10,3.12711610486891,8.88,2.18
LIRO,2018,9,2018-09-11,2.89167286245353,5.1,1.96
LIRO,2018,9,2018-09-12,2.71580524344569,5.84,1.82
LIRO,2018,9,2018-09-13,2.76055970149254,4.63,1.89
LIRO,2018,9,2018-09-14,2.563125,3.83,1.64
LIRO,2018,9,2018-09-15,2.9483984375,6.34,1.77
LIRO,2018,9,2018-09-16,3.04824175824176,7.02,1.72
LIRO,2018,9,2018-09-17,2.913,6.25,1.74
LIRO,2018,9,2018-09-18,3.18837837837838,7.13,1.79
LIRO,2018,9,2018-09-19,4.65871698113208,12.04,2.76
LIRO,2018,9,2018-09-20,5.73226765799256,11.94,3.43
LIRO,2018,9,2018-09-21,5.40863117870722,11.41,2.97
LIRO,2018,9,2018-09-22,5.34719844357977,9.21,3.59
LIRO,2018,9,2018-09-23,4.80242307692308,8.66,2.84
LIRO,2018,9,2018-09-24,4.27380597014925,7.89,2.63
LIRO,2018,9,2018-09-25,4.80159722222222,6.62,3.62
LIRO,2018,9,2018-09-26,5.68402777777778,8.3,4.02
LIRO,2018,9,2018-09-27,5.97397212543554,11.62,3.72
LIRO,2018,9,2018-09-28,5.63943661971831,8.71,4.07
LIRO,2018,9,2018-09-29,5.79300366300366,10.22,4.11
LIRO,2018,9,2018-09-30,6.77478048780488,19.58,4.25
LIRO,2019,5,2019-05-01,12.458951048951,20.75,6.95
LIRO,2019,5,2019-05-02,9.74841726618705,20.87,2.64
LIRO,2019,5,2019-05-03,7.59345070422535,18.31,2.5
LIRO,2019,5,2019-05-04,5.13858695652174,17.45,0.86
LIRO,2019,5,2019-05-05,4.34241877256318,18.26,0.49
LIRO,2019,5,2019-05-06,4.53028985507246,15.51,0.99
LIRO,2019,5,2019-05-07,4.11539568345324,17.21,0.39
LIRO,2019,5,2019-05-08,3.33978102189781,13.19,0.45
LIRO,2019,5,2019-05-09,3.86459930313589,7.33,1.06
LIRO,2019,5,2019-05-10,5.85891608391608,14.91,2.34
LIRO,2019,5,2019-05-11,3.758125,10.7,0.61
LIRO,2019,5,2019-05-12,4.57205776173285,17.3,0.5
LIRO,2019,5,2019-05-13,4.20451851851852,13.4,0.51
LIRO,2019,5,2019-05-14,5.10544117647059,14.74,0.64
LIRO,2019,5,2019-05-15,3.62087272727273,11.76,0.8
LIRO,2019,5,2019-05-16,2.72575091575092,14.41,0.59
LIRO,2019,5,2019-05-17,4.67820224719101,22.32,0.93
LIRO,2019,5,2019-05-18,5.78831417624521,17.79,0.92
LIRO,2019,5,2019-05-19,3.41846153846154,16.34,2.07
LIRO,2019,5,2019-05-20,3.67,9.69,2.25
LIRO,2019,5,2019-05-21,2.765,6.49,0.78
LIRO,2019,5,2019-05-22,2.34401408450704,6.97,0.54
LIRO,2019,5,2019-05-23,3.0141726618705,7.13,1.75
LIRO,2019,5,2019-05-24,2.97652482269504,6.69,1.03
LIRO,2019,5,2019-05-25,2.86961805555556,4.45,1.65
LIRO,2019,5,2019-05-26,2.05675958188153,6.38,0.61
LIRO,2019,5,2019-05-27,2.94177083333333,7.38,0.83
LIRO,2019,5,2019-05-28,2.78857142857143,4.33,1.36
LIRO,2019,5,2019-05-29,2.40420138888889,4.63,1.23
LIRO,2019,5,2019-05-30,2.06395759717314,5.5,0.71
LIRO,2019,5,2019-05-31,1.98376306620209,6.18,0.95
LIRO,2019,7,2019-07-01,6.38053571428571,11.94,2.52
LIRO,2019,7,2019-07-02,6.90597222222222,10.3,3.49
LIRO,2019,7,2019-07-03,5.90788194444444,11.92,3.15
LIRO,2019,7,2019-07-04,4.89260416666667,7.77,2.6
LIRO,2019,7,2019-07-05,4.89576388888889,8.17,2.67
LIRO,2019,7,2019-07-06,5.59625,8.51,3.18
LIRO,2019,7,2019-07-07,5.2220701754386,8.71,2.98
LIRO,2019,7,2019-07-08,4.99964912280702,7.68,2.81
LIRO,2019,7,2019-07-09,4.29076388888889,7.12,2.49
LIRO,2019,7,2019-07-10,3.80618055555556,6.96,2.12
LIRO,2019,7,2019-07-11,4.29392361111111,7.81,2.31
LIRO,2019,7,2019-07-12,4.96576335877863,13.85,2.55
LIRO,2019,7,2019-07-13,4.88135714285714,11.04,2.43
LIRO,2019,7,2019-07-14,4.72583038869258,10.3,2.01
LIRO,2019,7,2019-07-15,4.47075268817204,9.02,2
LIRO,2019,7,2019-07-16,4.00635838150289,8.47,2.29
LIRO,2019,7,2019-07-18,5.95211764705882,7.9,4.22
LIRO,2019,7,2019-07-19,5.78678966789668,11.75,3.24
LIRO,2019,7,2019-07-20,5.24581481481481,9.78,2.85
LIRO,2019,7,2019-07-21,6.69537878787879,15.09,2.97
LIRO,2019,7,2019-07-22,4.50310344827586,6.44,3.14
LIRO,2019,7,2019-07-23,5.93965517241379,7.77,4.56
LIRO,2019,7,2019-07-24,4.17131868131868,12.03,2.34
LIRO,2019,7,2019-07-25,3.573663003663,7.17,1.91
LIRO,2019,7,2019-07-26,3.1490405904059,6.21,1.51
LIRO,2019,7,2019-07-27,3.40403636363636,6.2,1.91
LIRO,2019,7,2019-07-28,2.92090909090909,6.88,1.67
LIRO,2019,7,2019-07-29,3.18765957446809,6.41,1.39
LIRO,2019,7,2019-07-30,3.26874538745387,5.65,1.63
LIRO,2019,7,2019-07-31,3.15884057971014,6.69,1.59
LIRO,2019,9,2019-09-01,2.42908771929825,5.38,1.18
LIRO,2019,9,2019-09-02,2.71430555555556,5.55,1.5
LIRO,2019,9,2019-09-03,2.72184027777778,5.23,1.41
LIRO,2019,9,2019-09-04,4.38845614035088,8.34,2.25
LIRO,2019,9,2019-09-05,4.89927083333333,10.37,1.44
LIRO,2019,9,2019-09-06,8.25364583333333,15.18,3.78
LIRO,2019,9,2019-09-07,10.4679166666667,17.37,3.84
LIRO,2019,9,2019-09-08,14.3864664310954,23.25,4.72
LIRO,2019,9,2019-09-09,17.3562189054726,22.87,8.17
LIRO,2019,9,2019-09-10,6.84552941176471,22.82,2.29
LIRO,2019,9,2019-09-11,2.79156794425087,5.81,1.61
LIRO,2019,9,2019-09-12,4.81461805555556,9.91,1.99
LIRO,2019,9,2019-09-13,3.87208633093525,6.76,2.04
LIRO,2019,9,2019-09-14,2.94041666666667,7.66,1.57
LIRO,2019,9,2019-09-15,2.13326388888889,5.12,1.14
LIRO,2019,9,2019-09-16,2.33565972222222,4.35,1.55
LIRO,2019,9,2019-09-17,1.80961805555556,3.75,0.87
LIRO,2019,9,2019-09-18,1.89508710801394,3.29,1.06
LIRO,2019,9,2019-09-19,2.11317073170732,3.68,1.39
LIRO,2019,9,2019-09-20,2.02485915492958,3.5,1.24
LIRO,2019,9,2019-09-21,1.96142361111111,3.59,0.93
LIRO,2019,9,2019-09-22,2.75493006993007,4.53,1.59
LIRO,2019,9,2019-09-23,2.64331010452962,5.24,1.56
LIRO,2019,9,2019-09-24,2.5339298245614,4.9,1.54
LIRO,2019,9,2019-09-25,2.56480836236934,5.34,1.25
LIRO,2019,9,2019-09-26,2.96129032258065,6.25,1.64
LIRO,2019,9,2019-09-27,2.6708896797153,6.49,1.4
LIRO,2019,9,2019-09-28,3.97072202166065,10.23,2.36
LIRO,2019,9,2019-09-29,4.21673333333333,12.27,1.95
LIRO,2019,9,2019-09-30,4.0924907063197,9.96,2.24
LIRO,2020,7,2020-07-01,6.0041958041958,14.8,2.98
LIRO,2020,7,2020-07-02,4.94745644599303,14.35,2.15
LIRO,2020,7,2020-07-03,4.74191637630662,10.85,2.59
LIRO,2020,7,2020-07-04,4.28899305555556,9.73,2.43
LIRO,2020,7,2020-07-05,3.86013888888889,7.8,1.82
LIRO,2020,7,2020-07-06,4.041875,9.74,2.11
LIRO,2020,7,2020-07-07,3.73701754385965,6.96,1.96
LIRO,2020,7,2020-07-08,3.50545454545455,7.91,2.02
LIRO,2020,7,2020-07-09,2.16195402298851,7.6,1.29
LIRO,2020,7,2020-07-10,2.43514184397163,4.86,1.43
LIRO,2020,7,2020-07-11,2.39366548042705,5.4,1.48
LIRO,2020,7,2020-07-12,2.32076655052265,4.53,1.64
LIRO,2020,7,2020-07-13,2.46746527777778,4.46,1.54
LIRO,2020,7,2020-07-14,2.10363636363636,3.27,1.42
LIRO,2020,7,2020-07-15,2.75993006993007,4.8,1.67
LIRO,2020,7,2020-07-16,2.37324041811847,4.66,1.64
LIRO,2020,7,2020-07-17,2.37599303135889,3.91,1.63
LIRO,2020,7,2020-07-18,2.23358885017422,3.78,1.56
LIRO,2020,7,2020-07-19,2.34390243902439,4.43,1.47
LIRO,2020,7,2020-07-20,2.71451388888889,5.98,1.57
LIRO,2020,7,2020-07-21,2.899375,4.5,1.93
LIRO,2020,7,2020-07-22,3.59299651567944,5.47,2.58
LIRO,2020,7,2020-07-23,3.80644366197183,7.29,2.64
LIRO,2020,7,2020-07-24,2.89957446808511,5.14,1.98
LIRO,2020,7,2020-07-25,2.87466192170819,5.88,1.72
LIRO,2020,7,2020-07-26,3.03557142857143,7.36,2.12
LIRO,2020,7,2020-07-27,2.99475694444444,4.4,2
LIRO,2020,7,2020-07-28,3.41857638888889,6.11,1.91
LIRO,2020,7,2020-07-29,5.59975694444444,9.44,2.49
LIRO,2020,7,2020-07-30,7.80586805555556,10.36,6
LIRO,2020,7,2020-07-31,9.42861111111111,10.62,8.64
LIRO,2020,9,2020-09-01,5.43960698689956,15.52,3.11
LIRO,2020,9,2020-09-02,5.82097777777778,16.83,2.57
LIRO,2020,9,2020-09-03,3.84899193548387,10.69,2.09
LIRO,2020,9,2020-09-04,3.80434163701068,7.31,2.51
LIRO,2020,9,2020-09-05,3.57276595744681,8.68,1.94
LIRO,2020,9,2020-09-06,3.3090780141844,5.14,2.01
LIRO,2020,9,2020-09-07,3.39595744680851,5.34,2.2
LIRO,2020,9,2020-09-08,3.55184397163121,7.01,1.99
LIRO,2020,9,2020-09-09,3.71057347670251,5.79,2.76
LIRO,2020,9,2020-09-10,3.69903571428571,6.21,2.42
LIRO,2020,9,2020-09-11,3.14705673758865,5.01,2
LIRO,2020,9,2020-09-12,2.83445255474453,4.18,1.89
LIRO,2020,9,2020-09-13,3.3859219858156,6.39,2.37
LIRO,2020,9,2020-09-14,2.97510638297872,4.55,1.9
LIRO,2020,9,2020-09-15,2.68960992907801,3.84,1.94
LIRO,2020,9,2020-09-16,2.62909420289855,4.47,1.94
LIRO,2020,9,2020-09-17,2.74021428571429,4.32,2.12
LIRO,2020,9,2020-09-18,2.69722627737226,4.1,1.84
LIRO,2020,9,2020-09-19,2.65256227758007,4.2,1.73
LIRO,2020,9,2020-09-20,2.6526523297491,4.33,1.91
LIRO,2020,9,2020-09-21,2.55846975088968,3.39,1.94
LIRO,2020,9,2020-09-22,2.59220640569395,3.67,1.96
LIRO,2020,9,2020-09-23,2.44194945848375,4.09,1.63
LIRO,2020,9,2020-09-24,2.28170212765957,3.52,1.58
LIRO,2020,9,2020-09-25,2.81509025270758,4.75,2.05
LIRO,2020,9,2020-09-26,2.58992805755396,4.1,1.71
LIRO,2020,9,2020-09-27,2.66721611721612,4.49,1.64
LIRO,2020,9,2020-09-28,2.65641304347826,3.96,1.47
LIRO,2020,9,2020-09-29,2.65528776978417,4.42,1.53
LIRO,2020,9,2020-09-30,2.72732342007435,4.33,1.4
LIRO,2021,7,2021-07-01,2.05594795539033,5.28,1.18
LIRO,2021,7,2021-07-02,2.00787545787546,4.81,1.11
LIRO,2021,7,2021-07-03,2.03170289855072,5.47,0.97
LIRO,2021,7,2021-07-04,2.14694545454545,5.93,1.07
LIRO,2021,7,2021-07-05,1.90715867158672,4.89,0.97
LIRO,2021,7,2021-07-06,2.10428044280443,5.84,0.95
LIRO,2021,7,2021-07-07,2.6758174904943,6.92,1.57
LIRO,2021,7,2021-07-08,2.89664285714286,6.32,1.85
LIRO,2021,7,2021-07-09,2.76475,7.08,0.81
LIRO,2021,7,2021-07-10,2.69713261648746,7.49,0.97
LIRO,2021,7,2021-07-11,3.26501792114695,10.2,1.28
LIRO,2021,7,2021-07-12,2.97834558823529,7.71,1.41
LIRO,2021,7,2021-07-13,2.95626334519573,7.4,1.46
LIRO,2021,7,2021-07-14,2.67005347593583,6.31,1.64
LIRO,2021,7,2021-07-22,4.17188118811881,6.87,2.51
LIRO,2021,7,2021-07-23,4.26833333333333,6.74,1.51
LIRO,2021,7,2021-07-24,4.29992907801418,7.21,1.28
LIRO,2021,7,2021-07-25,4.43117021276596,9.47,1.51
LIRO,2021,7,2021-07-26,4.13893772893773,7.25,1.13
LIRO,2021,7,2021-07-27,4.42696428571429,9.52,1.84
LIRO,2021,7,2021-07-28,4.20645390070922,6.75,1.65
LIRO,2021,7,2021-07-29,4.09421985815603,8.69,0.55
LIRO,2021,7,2021-07-30,4.33539007092199,7.36,1.82
LIRO,2021,7,2021-07-31,4.00173431734317,13.05,1.32
LIRO,2021,9,2021-09-01,5.0888256227758,13.9,2.49
LIRO,2021,9,2021-09-02,4.84393617021277,9.98,2.3
LIRO,2021,9,2021-09-03,4.44921985815603,9.17,2.44
LIRO,2021,9,2021-09-04,5.21085106382979,9,2.61
LIRO,2021,9,2021-09-05,5.09864768683274,8.68,3.08
LIRO,2021,9,2021-09-06,4.93025179856115,7.96,3.01
LIRO,2021,9,2021-09-07,4.58828451882845,9.73,2.73
LIRO,2021,9,2021-09-28,3.81758771929825,6.58,2.4
LIRO,2021,9,2021-09-29,3.6535,7.01,1.97
LIRO,2021,9,2021-09-30,3.21010752688172,6.38,1.76
LIRO,2022,5,2022-05-07,3.38895833333333,4.95,1.7
LIRO,2022,5,2022-05-08,1.92315789473684,3.09,0.88
LIRO,2022,5,2022-05-10,3.83060606060606,7.92,1.29
LIRO,2022,5,2022-05-11,3.88149253731343,7.88,1.47
LIRO,2022,5,2022-05-12,4.01525490196078,10.16,1.47
LIRO,2022,5,2022-05-13,4.21237226277372,9.75,1.98
LIRO,2022,5,2022-05-14,3.50262773722628,14.1,1.18
LIRO,2022,5,2022-05-15,3.07066176470588,18.48,0.79
LIRO,2022,5,2022-05-16,2.28817490494297,13.65,0.64
LIRO,2022,5,2022-05-17,1.64968421052632,17.56,0.51
LIRO,2022,5,2022-05-18,1.76538461538462,9.63,0.45
LIRO,2022,5,2022-05-19,1.78295620437956,8,0.76
LIRO,2022,5,2022-05-20,1.89055944055944,3.03,0.88
LIRO,2022,5,2022-05-21,2.18059027777778,4.18,1.09
LIRO,2022,5,2022-05-22,2.06027777777778,5.19,0.82
LIRO,2022,5,2022-05-23,2.22510416666667,5.54,1.05
LIRO,2022,5,2022-05-24,1.94773519163763,3.83,0.85
LIRO,2022,5,2022-05-25,1.88284722222222,5.09,0.56
LIRO,2022,5,2022-05-26,2.46958333333333,4.83,1.35
LIRO,2022,5,2022-05-27,3.11822916666667,6.36,1.89
LIRO,2022,5,2022-05-28,2.51341463414634,6.13,1.03
LIRO,2022,5,2022-05-29,3.50667832167832,7.55,2.35
LIRO,2022,5,2022-05-30,3.16996428571429,7.23,1.67
LIRO,2022,5,2022-05-31,2.90742049469965,8.08,1.48
LIRO,2022,7,2022-07-01,4.39797872340425,8.18,1.89
LIRO,2022,7,2022-07-02,3.18,5.68,2
LIRO,2022,9,2022-09-01,2.20889679715303,6.26,0.74
LIRO,2022,9,2022-09-02,2.10758865248227,5.6,0.91
LIRO,2022,9,2022-09-03,2.13280141843972,5.36,0.97
LIRO,2022,9,2022-09-04,2.2302846975089,5.57,1.19
LIRO,2022,9,2022-09-05,2.11782142857143,5.09,0.9
LIRO,2022,9,2022-09-06,1.89944444444444,4.98,0.86
LIRO,2022,9,2022-09-07,1.88362676056338,4.78,0.77
LIRO,2022,9,2022-09-08,1.87451612903226,5.57,0.73
LIRO,2022,9,2022-09-09,1.87982078853047,4.59,0.92
LIRO,2022,9,2022-09-10,2.13725978647687,4.62,0.88
LIRO,2022,9,2022-09-11,2.29801418439716,5.08,0.86
LIRO,2022,9,2022-09-12,2.10435714285714,4.69,1.06
LIRO,2022,9,2022-09-13,2.27476868327402,5.24,0.77
LIRO,2022,9,2022-09-14,2.46527675276753,5.01,0.99
LIRO,2022,9,2022-09-15,2.78014336917563,5.8,1.2
LIRO,2022,9,2022-09-16,2.79229390681004,7.52,1.56
LIRO,2022,9,2022-09-17,3.14915750915751,8.7,1.26
LIRO,2022,9,2022-09-18,2.78332142857143,7.14,1.16
LIRO,2022,9,2022-09-19,3.00750889679715,10.14,1.24
LIRO,2022,9,2022-09-20,2.47521276595745,7.2,0.94
LIRO,2022,9,2022-09-21,2.34682142857143,6.26,0.99
LIRO,2022,9,2022-09-22,2.44625,5.16,1.19
LIRO,2022,9,2022-09-23,2.64893617021277,6.08,1.19
LIRO,2022,9,2022-09-24,2.85010714285714,6.44,1.35
LIRO,2022,9,2022-09-25,3.42168458781362,7.43,1.56
LIRO,2022,9,2022-09-26,3.02578947368421,5.92,1.18
LIRO,2022,9,2022-09-27,2.56318181818182,4.89,1.6
LIRO,2022,9,2022-09-28,3.10900709219858,7.63,1.64
LIRO,2022,9,2022-09-29,3.07840425531915,8.28,1.02
LIRO,2022,9,2022-09-30,3.15327800829876,6.65,1.35
LIRO,2023,5,2023-05-10,4.43330508474576,15.58,0.83
LIRO,2023,5,2023-05-11,4.7267037037037,17.52,0.94
LIRO,2023,5,2023-05-12,4.59509025270758,15.5,0.83
LIRO,2023,5,2023-05-13,4.32935018050541,14.01,1.23
LIRO,2023,5,2023-05-14,3.69587301587302,12.06,0.5
LIRO,2023,5,2023-05-15,5.442,13.46,2.26
LIRO,2023,5,2023-05-16,3.64927797833935,15.46,0.84
LIRO,2023,5,2023-05-17,3.95447272727273,19.33,0.94
LIRO,2023,5,2023-05-18,3.78746268656716,15.23,1.14
LIRO,2023,5,2023-05-19,4.49709677419355,18.92,1.5
LIRO,2023,5,2023-05-20,4.9062443438914,17.11,2.01
LIRO,2023,5,2023-05-21,3.83850806451613,21.57,1.17
LIRO,2023,5,2023-05-22,3.88546468401487,22.1,1.17
LIRO,2023,5,2023-05-23,3.5418115942029,22.63,1.06
LIRO,2023,5,2023-05-24,2.94518796992481,23.05,0.68
LIRO,2023,5,2023-05-25,2.37496124031008,19.17,0.79
LIRO,2023,5,2023-05-26,1.80732394366197,11.98,0.54
LIRO,2023,5,2023-05-28,1.70453744493392,29.46,0.33
LIRO,2023,5,2023-05-29,1.23435897435897,14.32,0.21
LIRO,2023,5,2023-05-30,1.24712765957447,12.94,0.31
LIRO,2023,5,2023-05-31,1.26939271255061,10.46,0.32
LIRO,2023,7,2023-07-01,1.67845528455285,5.51,0.6
LIRO,2023,7,2023-07-02,1.88268939393939,8.17,0.49
LIRO,2023,7,2023-07-03,1.91220149253731,7.35,0.63
LIRO,2023,7,2023-07-04,2.05472222222222,7.42,0.52
LIRO,2023,7,2023-07-05,2.31807407407407,12.61,0.54
LIRO,2023,7,2023-07-06,2.49066176470588,6.64,0.77
LIRO,2023,7,2023-07-07,2.68897727272727,8.08,1.14
LIRO,2023,7,2023-07-08,2.60213740458015,7.98,0.74
LIRO,2023,7,2023-07-09,2.90106870229008,8.58,0.93
LIRO,2023,7,2023-07-10,2.83063432835821,7.88,1.08
LIRO,2023,7,2023-07-11,3.35382575757576,9.78,1.15
LIRO,2023,7,2023-07-12,3.53865671641791,12.65,1.18
LIRO,2023,7,2023-07-13,4.01365758754864,10.21,1.63
LIRO,2023,7,2023-07-14,4.21395437262357,9.89,1.72
LIRO,2023,7,2023-07-15,4.44985294117647,13.01,1.63
LIRO,2023,7,2023-07-16,4.79218867924528,12.27,2.24
LIRO,2023,7,2023-07-17,5.31172161172161,15.28,2.13
LIRO,2023,7,2023-07-18,5.85113970588235,12.58,3.07
LIRO,2023,7,2023-07-19,5.83698039215686,14.95,2.58
LIRO,2023,7,2023-07-20,6.59960144927536,14.23,2.92
LIRO,2023,7,2023-07-21,7.47757575757576,15.53,3.91
LIRO,2023,7,2023-07-22,7.12189781021898,16.41,2.63
LIRO,2023,7,2023-07-23,6.89220588235294,14.47,2.56
LIRO,2023,7,2023-07-24,6.90564285714286,23.56,3.02
LIRO,2023,7,2023-07-25,6.51122676579926,16,2.08
LIRO,2023,7,2023-07-26,6.54758122743682,13.7,2.56
LIRO,2023,7,2023-07-27,7.25476702508961,14.49,2.48
LIRO,2023,7,2023-07-28,7.99163636363636,13.54,3.21
LIRO,2023,7,2023-07-29,7.61716363636364,18.89,2.63
LIRO,2023,7,2023-07-30,7.73540441176471,17.62,2.17
LIRO,2023,7,2023-07-31,7.72737410071942,15.96,1.94
LIRO,2023,9,2023-09-01,8.34996212121212,17.34,2.15
LIRO,2023,9,2023-09-02,8.02037313432836,16.22,2.61
LIRO,2023,9,2023-09-03,7.39786516853933,13.75,2.64
LIRO,2023,9,2023-09-04,6.28192592592593,14.84,2.72
LIRO,2023,9,2023-09-05,4.54038194444444,12.37,2.04
LIRO,2023,9,2023-09-06,3.48456445993031,5.85,1.66
LIRO,2023,9,2023-09-07,3.55285171102662,7.46,2.32
LIRO,2023,9,2023-09-08,3.47620689655172,6.9,1.99
LIRO,2023,9,2023-09-09,3.15392307692308,7.33,1.54
LIRO,2023,9,2023-09-10,2.9506106870229,7.93,1.59
LIRO,2023,9,2023-09-11,3.04848837209302,6.25,1.46
LIRO,2023,9,2023-09-12,2.85229571984436,4.9,1.57
LIRO,2023,9,2023-09-13,3.12216535433071,5.47,2.19
LIRO,2023,9,2023-09-14,2.94756,5.79,1.97
LIRO,2023,9,2023-09-15,2.23598455598456,6.95,1.13
LIRO,2023,9,2023-09-16,2.66804780876494,4.75,1.78
LIRO,2023,9,2023-09-17,2.44897637795276,6.19,1.32
LIRO,2023,9,2023-09-18,2.3744921875,4.83,1.6
LIRO,2023,9,2023-09-19,2.34682352941176,4.29,1.37
LIRO,2023,9,2023-09-20,2.21385826771654,4.37,1.27
LIRO,2023,9,2023-09-21,2.40968871595331,5.05,1.25
LIRO,2023,9,2023-09-22,2.19542857142857,5.13,1.4
LIRO,2023,9,2023-09-23,2.41854838709677,5.67,1.18
LIRO,2023,9,2023-09-24,2.81938223938224,5.37,1.8
LIRO,2023,9,2023-09-25,2.68622568093385,5.13,1.34
LIRO,2023,9,2023-09-26,2.82447058823529,7.24,1.5
LIRO,2023,9,2023-09-27,2.6111583011583,6.89,1.32
LIRO,2023,9,2023-09-28,3.01069672131148,8.6,1.22
LIRO,2023,9,2023-09-29,2.74796078431373,8.47,1.25
LIRO,2023,9,2023-09-30,2.528359375,4.88,1.47
LIRO,2024,4,2024-04-01,7.38819444444444,10.07,5.73
LIRO,2024,4,2024-04-02,6.59637630662021,10.66,4.05
LIRO,2024,4,2024-04-03,8.03243055555556,13.3,5.04
LIRO,2024,4,2024-04-04,7.12102112676056,9.62,5.28
LIRO,2024,4,2024-04-05,6.6505737704918,11.25,3.12
LIRO,2024,4,2024-04-09,6.93688888888889,10.49,2.14
LIRO,2024,4,2024-04-10,6.02022140221402,9.65,1.66
LIRO,2024,4,2024-04-11,4.86368794326241,11.98,1.16
LIRO,2024,4,2024-04-12,5.08904255319149,10.07,1.66
LIRO,2024,4,2024-04-13,5.42443262411348,9.9,1.53
LIRO,2024,4,2024-04-14,4.59154121863799,15.59,1.15
LIRO,2024,4,2024-04-15,4.46286231884058,11.19,0.94
LIRO,2024,4,2024-04-16,4.83070833333333,11.85,1.37
LIRO,2024,4,2024-04-17,4.7043115942029,12.7,1.41
LIRO,2024,4,2024-04-18,6.08345454545455,11.99,3.19
LIRO,2024,4,2024-04-19,5.24359430604982,13.6,1.53
LIRO,2024,4,2024-04-20,5.3306204379562,11.48,2.1
LIRO,2024,4,2024-04-21,5.38575091575092,13.72,1.6
LIRO,2024,4,2024-04-22,4.45445652173913,14.99,1.06
LIRO,2024,4,2024-04-23,4.34749077490775,12.41,1.01
LIRO,2024,4,2024-04-24,4.56109022556391,15.12,1.41
LIRO,2024,4,2024-04-25,3.63343511450382,14.56,0.93
LIRO,2024,4,2024-04-26,3.14988549618321,11.58,0.63
LIRO,2024,4,2024-04-27,3.2542803030303,12.19,0.83
LIRO,2024,4,2024-04-28,4.09519163763066,6.57,1.86
LIRO,2024,4,2024-04-29,4.09768421052632,9.68,1.51
LIRO,2024,4,2024-04-30,4.32579335793358,11.31,2.13
LIRO,2024,7,2024-07-01,4.33154121863799,11.61,1.6
LIRO,2024,7,2024-07-02,3.95939716312057,8.97,1.97
LIRO,2024,7,2024-07-03,4.93578571428571,9.39,1.92
LIRO,2024,7,2024-07-04,4.26884120171674,11.4,2.05
LIRO,2024,7,2024-07-05,4.034440433213,10.64,1.81
LIRO,2024,7,2024-07-06,4.22847583643123,11.25,1.98
LIRO,2024,7,2024-07-07,3.38310714285714,8.86,1.63
LIRO,2024,7,2024-07-08,3.37694545454545,8.76,1.63
LIRO,2024,7,2024-07-09,3.00348659003831,6.97,1.44
LIRO,2024,7,2024-07-10,2.1019776119403,6.58,0.92
LIRO,2024,7,2024-07-11,1.77330985915493,4.43,0.91
LIRO,2024,7,2024-07-12,1.67072202166065,5.1,0.74
LIRO,2024,7,2024-07-13,1.93450184501845,8.36,0.95
LIRO,2024,7,2024-07-14,2.20555133079848,11.08,0.93
LIRO,2024,7,2024-07-15,1.8048275862069,6.18,0.82
LIRO,2024,7,2024-07-16,1.81914728682171,5.24,1
LIRO,2024,7,2024-07-17,1.91376425855513,6.71,0.87
LIRO,2024,7,2024-07-18,2.140859375,5.31,1.3
LIRO,2024,7,2024-07-19,1.82015209125475,8.88,0.92
LIRO,2024,7,2024-07-20,1.82,10.85,0.85
LIRO,2024,7,2024-07-21,1.85725868725869,6.54,0.91
LIRO,2024,7,2024-07-22,1.84160305343511,12.55,0.86
LIRO,2024,7,2024-07-23,1.88612403100775,9.8,0.79
LIRO,2024,7,2024-07-24,2.17501930501931,5.8,1.47
LIRO,2024,7,2024-07-25,2.01690839694656,5.13,1.14
LIRO,2024,7,2024-07-26,1.99333333333333,5.67,0.95
LIRO,2024,7,2024-07-27,1.91302681992337,8.72,1.02
LIRO,2024,7,2024-07-28,2.01084942084942,5.9,1.2
LIRO,2024,7,2024-07-29,2.04424124513619,12.37,1.09
LIRO,2024,7,2024-07-30,2.08138461538462,6.49,0.96
LIRO,2024,7,2024-07-31,2.2349609375,6.47,1
LIRO,2024,9,2024-09-01,2.33631944444444,4.31,1.4
LIRO,2024,9,2024-09-02,2.62312727272727,6.12,1.73
LIRO,2024,9,2024-09-03,2.49215328467153,5.69,1.27
LIRO,2024,9,2024-09-04,2.67082304526749,5.85,1.63
LIRO,2024,9,2024-09-05,2.48924731182796,4.34,1.46
LIRO,2024,9,2024-09-06,2.71773504273504,4.81,1.86
LIRO,2024,9,2024-09-07,2.5380701754386,4.8,1.63
LIRO,2024,9,2024-09-08,2.45954545454545,4.75,1.47
LIRO,2024,9,2024-09-09,2.36466898954704,5.16,1.53
LIRO,2024,9,2024-09-10,2.24611510791367,4.06,1.2
LIRO,2024,9,2024-09-11,2.23555160142349,3.34,1.51
LIRO,2024,9,2024-09-12,2.13921708185053,4.09,1.21
LIRO,2024,9,2024-09-13,1.99148936170213,3.14,1.25
LIRO,2024,9,2024-09-20,2.02859756097561,3.39,1.42
LIRO,2024,9,2024-09-21,2.07750902527076,4.6,1.13
LIRO,2024,9,2024-09-22,2.63237588652482,5.38,1.23
LIRO,2024,9,2024-09-23,2.37975,4.54,1.19
LIRO,2024,9,2024-09-24,2.37748226950355,5.48,1.26
LIRO,2024,9,2024-09-25,2.51757142857143,5.89,1.23
LIRO,2024,9,2024-09-26,2.33539419087137,5.29,1.37
LIRO,2024,9,2024-09-27,2.25556737588652,5.47,1.15
LIRO,2024,9,2024-09-28,2.12657243816254,4.51,1.34
LIRO,2024,9,2024-09-29,2.22853146853147,4.37,1.23
LIRO,2024,9,2024-09-30,2.1708041958042,4.54,1.24
PRLA,2018,7,2018-07-01,61.4890391459075,81.91,42.72
PRLA,2018,7,2018-07-02,66.4744615384615,75.73,51.97
PRLA,2018,7,2018-07-03,71.2285,77.92,65.07
PRLA,2018,7,2018-07-04,70.6766871165644,81.55,50.03
PRLA,2018,7,2018-07-05,48.6310429447853,62.45,34.01
PRLA,2018,7,2018-07-06,32.4518656716418,39.74,24.97
PRLA,2018,7,2018-07-07,45.6623655913979,60.28,30.04
PRLA,2018,7,2018-07-08,45.4376271186441,60.9,37.54
PRLA,2018,7,2018-07-09,42.7507777777778,58.35,32.76
PRLA,2018,7,2018-07-10,45.219219858156,52.9,37.71
PRLA,2018,7,2018-07-11,48.5379020979021,57.51,42.46
PRLA,2018,7,2018-07-12,36.3404210526316,44.37,29.82
PRLA,2018,7,2018-07-13,33.7831226765799,43.01,28.45
PRLA,2018,7,2018-07-14,35.6235714285714,40.22,32.03
PRLA,2018,7,2018-07-15,33.0690774907749,37.08,30.79
PRLA,2018,7,2018-07-16,35.0570220588235,38.92,31.5
PRLA,2018,7,2018-07-17,35.5482783882784,40.43,32.94
PRLA,2018,7,2018-07-18,34.4636764705882,38.94,31.69
PRLA,2018,7,2018-07-19,35.0585433070866,38.79,31.65
PRLA,2018,7,2018-07-20,36.7754850746269,45.11,33
PRLA,2018,7,2018-07-21,35.7444688644689,40.39,32.09
PRLA,2018,7,2018-07-22,37.7514285714286,41.57,34.1
PRLA,2018,7,2018-07-23,37.7519855595668,42.14,33.75
PRLA,2018,7,2018-07-24,37.9005319148936,42.11,34.98
PRLA,2018,7,2018-07-25,38.1219285714286,41.97,34.91
PRLA,2018,7,2018-07-26,37.2651785714286,41.21,34.23
PRLA,2018,7,2018-07-27,38.4000354609929,42.15,35
PRLA,2018,7,2018-07-28,39.3237234042553,44.48,34.88
PRLA,2018,7,2018-07-29,37.5331785714286,41.99,33.9
PRLA,2018,7,2018-07-30,35.9436524822695,40.83,32.04
PRLA,2018,7,2018-07-31,33.9337588652482,37.06,31.27
PRLA,2018,9,2018-09-01,38.8237234042553,42.48,35.26
PRLA,2018,9,2018-09-02,38.1328368794326,41.48,35.02
PRLA,2018,9,2018-09-03,38.3121985815603,42.86,34.83
PRLA,2018,9,2018-09-04,37.2790425531915,42.36,34.66
PRLA,2018,9,2018-09-05,37.9304964539007,41.77,34.71
PRLA,2018,9,2018-09-06,39.172955465587,43.68,36.18
PRLA,2018,9,2018-09-07,36.7973507462687,41.44,34.43
PRLA,2018,9,2018-09-08,36.4195438596491,40.29,34.04
PRLA,2018,9,2018-09-09,36.3555555555556,39.22,34.36
PRLA,2018,9,2018-09-10,38.2630208333333,42.34,34.8
PRLA,2018,9,2018-09-11,38.1450883392226,41.9,35.04
PRLA,2018,9,2018-09-12,36.2339298245614,41.11,33.24
PRLA,2018,9,2018-09-13,36.0651748251748,41.06,33.47
PRLA,2018,9,2018-09-14,38.5252777777778,42.73,35.16
PRLA,2018,9,2018-09-15,36.9479513888889,40.43,34.9
PRLA,2018,9,2018-09-16,37.6620833333333,43.39,35.27
PRLA,2018,9,2018-09-17,37.8961111111111,42.96,35.25
PRLA,2018,9,2018-09-18,40.3894755244755,45.74,36.16
PRLA,2018,9,2018-09-19,41.0855208333333,45.59,36.42
PRLA,2018,9,2018-09-20,38.6938888888889,43.65,35.92
PRLA,2018,9,2018-09-21,36.8408333333333,39.72,35.44
PRLA,2018,9,2018-09-22,33.4715034965035,38.52,30.35
PRLA,2018,9,2018-09-23,30.5385416666667,33.18,27.03
PRLA,2018,9,2018-09-24,29.925625,32.2,27.03
PRLA,2018,9,2018-09-25,37.6266319444444,46.71,28.36
PRLA,2018,9,2018-09-26,47.3663669064748,52.09,39.05
PRLA,2018,9,2018-09-27,49.519209486166,56.64,35.95
PRLA,2018,9,2018-09-28,49.263813229572,58.91,35.06
PRLA,2018,9,2018-09-29,49.2889716312057,58.98,36.01
PRLA,2018,9,2018-09-30,46.1252083333333,54.97,41.94
PRLA,2019,7,2019-07-01,62.2781338028169,67.08,58
PRLA,2019,7,2019-07-02,63.4782105263158,68.17,59.51
PRLA,2019,7,2019-07-03,56.7212323943662,65.63,40
PRLA,2019,7,2019-07-04,35.5889513108614,49.35,24.53
PRLA,2019,7,2019-07-05,10.685125,41.29,4.22
PRLA,2019,7,2019-07-06,4.58925925925926,6.08,3.91
PRLA,2019,7,2019-07-10,8.21398876404494,12.4,6.77
PRLA,2019,7,2019-07-11,8.30768656716418,16.08,6.57
PRLA,2019,7,2019-07-12,8.18223938223938,13.7,6.42
PRLA,2019,7,2019-07-13,7.64749003984064,12.46,5.38
PRLA,2019,7,2019-07-14,8.18562015503876,14.09,5.36
PRLA,2019,7,2019-07-15,8.40075313807531,13.89,5.88
PRLA,2019,7,2019-07-16,8.097125,16.82,5.83
PRLA,2019,7,2019-07-17,8.11478087649402,14.04,6.21
PRLA,2019,7,2019-07-18,7.83362595419847,12.33,5.07
PRLA,2019,7,2019-07-19,7.89676363636364,12.76,5.99
PRLA,2019,7,2019-07-20,7.11862745098039,13,5.47
PRLA,2019,7,2019-07-21,6.22992452830189,10.05,4.83
PRLA,2019,7,2019-07-22,5.81568702290076,9.25,4.64
PRLA,2019,7,2019-07-23,5.05860805860806,8.49,4.01
PRLA,2019,7,2019-07-24,5.09046762589928,7.03,4.32
PRLA,2019,7,2019-07-25,5.67372262773723,9.84,4.1
PRLA,2019,7,2019-07-26,6.68996350364964,11.72,5.02
PRLA,2019,7,2019-07-27,8.12924528301887,12.94,5.78
PRLA,2019,7,2019-07-28,10.2178113207547,15.38,7.45
PRLA,2019,7,2019-07-29,14.1896785714286,20.83,9.01
PRLA,2019,7,2019-07-30,19.4379831932773,31.66,12.65
PRLA,2019,7,2019-07-31,27.1128151260504,40.84,15.13
PRLA,2019,9,2019-09-01,8.87858657243816,12.26,7.29
PRLA,2019,9,2019-09-02,8.46968085106383,11.37,6.95
PRLA,2019,9,2019-09-03,9.6560701754386,14.25,7.29
PRLA,2019,9,2019-09-04,11.7475087719298,16.8,8.79
PRLA,2019,9,2019-09-05,11.038701754386,14.43,9.77
PRLA,2019,9,2019-09-06,8.55921875,12.35,6.18
PRLA,2019,9,2019-09-07,7.64996282527881,12.34,6.05
PRLA,2019,9,2019-09-08,8.09645390070922,12.66,6.43
PRLA,2019,9,2019-09-09,7.42767857142857,11.72,6.09
PRLA,2019,9,2019-09-10,7.71663157894737,11.96,6.44
PRLA,2019,9,2019-09-11,7.01965156794425,10.57,5.94
PRLA,2019,9,2019-09-12,7.19929577464789,9.72,6.01
PRLA,2019,9,2019-09-13,7.68449122807018,12.01,6.46
PRLA,2019,9,2019-09-14,7.18195035460993,11.6,5.99
PRLA,2019,9,2019-09-15,6.74857142857143,9.59,5.68
PRLA,2019,9,2019-09-16,6.55735191637631,9.63,5.42
PRLA,2019,9,2019-09-17,7.10020979020979,11.95,5.48
PRLA,2019,9,2019-09-18,7.97352517985612,11.29,6.5
PRLA,2019,9,2019-09-19,9.12111111111111,13.96,7.16
PRLA,2019,9,2019-09-20,8.81717857142857,12.9,6.95
PRLA,2019,9,2019-09-21,8.96312056737589,14.42,7.23
PRLA,2019,9,2019-09-22,8.836,13.01,6.87
PRLA,2019,9,2019-09-23,8.95867383512545,13.58,7.05
PRLA,2019,9,2019-09-24,8.83761904761905,13.29,6.75
PRLA,2019,9,2019-09-25,8.54014035087719,12.22,6.69
PRLA,2019,9,2019-09-26,8.40694444444444,12.69,6.98
PRLA,2019,9,2019-09-27,8.68517730496454,12.29,7.05
PRLA,2019,9,2019-09-28,8.66354838709677,13.4,6.75
PRLA,2019,9,2019-09-29,7.7673835125448,11.21,6.73
PRLA,2019,9,2019-09-30,7.65375438596491,10.09,6.74
PRLA,2020,6,2020-06-05,6.8386170212766,9,4.88
PRLA,2020,6,2020-06-06,7.03136531365314,16.51,3.4
PRLA,2020,6,2020-06-07,7.20072463768116,12.61,4.61
PRLA,2020,6,2020-06-08,7.34408759124088,11.69,4.87
PRLA,2020,6,2020-06-09,6.06431226765799,11.85,4.02
PRLA,2020,6,2020-06-10,3.90368821292776,8.35,2.39
PRLA,2020,6,2020-06-11,2.29797752808989,5.18,1.55
PRLA,2020,6,2020-06-12,1.91723880597015,3.7,1.28
PRLA,2020,6,2020-06-13,1.99052434456929,3.81,1.2
PRLA,2020,6,2020-06-14,2.26621428571429,3.46,1.53
PRLA,2020,6,2020-06-15,2.86397111913357,5.7,1.78
PRLA,2020,6,2020-06-16,3.01837837837838,6.23,1.79
PRLA,2020,6,2020-06-17,4.06725868725869,7.98,2.2
PRLA,2020,6,2020-06-18,5.14889328063241,10.14,3.06
PRLA,2020,6,2020-06-19,6.31234200743494,10.7,3.35
PRLA,2020,6,2020-06-20,6.66821705426357,12.93,3.71
PRLA,2020,6,2020-06-21,6.70507633587786,12.24,3.75
PRLA,2020,6,2020-06-22,6.66003846153846,11.53,4.12
PRLA,2020,6,2020-06-23,6.6635687732342,10.92,4.54
PRLA,2020,6,2020-06-24,3.75082437275986,7.06,2.29
PRLA,2020,6,2020-06-25,3.23496478873239,6.44,1.91
PRLA,2020,6,2020-06-26,3.90944700460829,8.11,2.43
PRLA,2022,7,2022-07-30,19.4205555555556,20.43,18.24
PRLA,2022,7,2022-07-31,18.1013333333333,19.87,17.03
PRLA,2022,9,2022-09-01,33.3340766550523,37.85,29.17
PRLA,2022,9,2022-09-02,31.8110489510489,34.9,28.55
PRLA,2022,9,2022-09-03,32.5158865248227,37.77,27.14
PRLA,2022,9,2022-09-04,32.9322027972028,37.18,29.46
PRLA,2022,9,2022-09-05,31.6679094076655,36.11,28.87
PRLA,2022,9,2022-09-06,33.3777816901408,37.74,29.62
PRLA,2022,9,2022-09-07,34.4691289198606,40.38,29.72
PRLA,2022,9,2022-09-08,33.217649122807,38.7,29.63
PRLA,2022,9,2022-09-09,34.9280575539568,40.42,29.58
PRLA,2022,9,2022-09-10,35.1386971830986,40.14,29.98
PRLA,2022,9,2022-09-11,34.7826334519573,39.43,29.56
PRLA,2022,9,2022-09-12,34.4542605633803,38.98,30.09
PRLA,2022,9,2022-09-13,33.81975,41.06,29.18
PRLA,2022,9,2022-09-14,34.2038434163701,40.44,29.37
PRLA,2022,9,2022-09-15,34.229963099631,40.38,30.56
PRLA,2022,9,2022-09-16,34.1035689045936,39.79,29.8
PRLA,2022,9,2022-09-17,36.6862068965517,40.74,31.42
PRLA,2022,9,2022-09-18,35.7096703296703,42.01,31.16
PRLA,2022,9,2022-09-19,32.8158992805755,37.69,27.89
PRLA,2022,9,2022-09-20,30.285331010453,34.4,26.47
PRLA,2022,9,2022-09-21,28.3887804878049,32.88,25.35
PRLA,2022,9,2022-09-22,27.8996515679443,31.69,24.46
PRLA,2022,9,2022-09-23,26.4242105263158,32.32,23.58
PRLA,2022,9,2022-09-24,26.8341696113074,30.5,23.31
PRLA,2022,9,2022-09-25,25.5283859649123,28.73,22.49
PRLA,2022,9,2022-09-26,25.5348083623693,29.4,21.96
PRLA,2022,9,2022-09-27,26.0895454545455,30.92,20.99
PRLA,2022,9,2022-09-28,24.3833098591549,28.09,21.64
PRLA,2022,9,2022-09-29,23.6046996466431,26.26,21.31
PRLA,2022,9,2022-09-30,24.138041958042,27.4,20.49
PRLA,2023,5,2023-05-23,21.6016666666667,26.75,16.4
PRLA,2023,5,2023-05-24,19.3829197080292,24.7,13.27
PRLA,2023,5,2023-05-25,24.0467132867133,30.53,17.42
PRLA,2023,5,2023-05-26,29.5929069767442,38.36,24.89
PRLA,2023,5,2023-05-27,36.4867916666667,46.27,30.19
PRLA,2023,5,2023-05-28,44.6652542372881,54.98,35.82
PRLA,2023,5,2023-05-29,52.0952,72.12,42.85
PRLA,2023,5,2023-05-30,55.7306153846154,76.86,45.75
PRLA,2023,5,2023-05-31,58.1500595238095,76.85,47.41
PRLA,2023,7,2023-07-01,28.3629910714286,41.82,20.99
PRLA,2023,7,2023-07-02,23.4211985018727,33.85,19.09
PRLA,2023,7,2023-07-03,17.0351957295374,22.32,12.1
PRLA,2023,7,2023-07-04,11.8393006993007,14.25,9.69
PRLA,2023,7,2023-07-05,7.78752650176678,10.21,6
PRLA,2023,7,2023-07-06,6.16021126760563,7.41,5.37
PRLA,2023,7,2023-07-07,6.2261052631579,7.29,5.54
PRLA,2023,7,2023-07-08,6.26715277777778,7.3,5.63
PRLA,2023,7,2023-07-09,6.45444055944056,7.7,5.7
PRLA,2023,7,2023-07-10,6.60675958188153,7.38,5.92
PRLA,2023,7,2023-07-11,6.57438596491228,9.27,5.91
PRLA,2023,7,2023-07-12,6.7943006993007,8.13,6.22
PRLA,2023,7,2023-07-13,6.84579505300353,7.81,5.76
PRLA,2023,7,2023-07-14,6.59554006968641,7.42,5.66
PRLA,2023,7,2023-07-15,6.66171929824561,7.97,5.84
PRLA,2023,7,2023-07-16,6.4608480565371,7.52,6.04
PRLA,2023,7,2023-07-17,6.27960992907801,7.35,5.73
PRLA,2023,7,2023-07-18,5.54480565371025,6.52,2.46
PRLA,2023,7,2023-07-19,5.48575438596491,7.03,5.07
PRLA,2023,7,2023-07-20,5.72714285714286,6.64,5.23
PRLA,2023,7,2023-07-21,5.79856088560886,6.55,5.05
PRLA,2023,7,2023-07-22,5.36354385964912,6.16,4.72
PRLA,2023,7,2023-07-23,5.1387676056338,6.24,4.7
PRLA,2023,7,2023-07-24,4.70829268292683,5.51,4.07
PRLA,2023,7,2023-07-25,4.33448763250883,4.91,3.96
PRLA,2023,7,2023-07-26,5.10390845070423,7.23,4.28
PRLA,2023,7,2023-07-27,5.45264808362369,6.63,4.79
PRLA,2023,7,2023-07-28,5.45684027777778,6.64,4.92
PRLA,2023,7,2023-07-29,6.87512455516014,8.11,6.11
PRLA,2023,7,2023-07-30,7.26935714285714,10.63,6.09
PRLA,2023,7,2023-07-31,6.91883392226148,8.19,6.3
PRLA,2023,9,2023-09-01,10.3454736842105,11.91,9.39
PRLA,2023,9,2023-09-02,10.243041958042,11.93,9.51
PRLA,2023,9,2023-09-03,10.226968641115,11.24,9.48
PRLA,2023,9,2023-09-04,10.3535664335664,12.75,9.62
PRLA,2023,9,2023-09-05,10.5749128919861,12.18,9.42
PRLA,2023,9,2023-09-06,11.6412937062937,13.45,10.04
PRLA,2023,9,2023-09-07,12.3822916666667,14.27,11.49
PRLA,2023,9,2023-09-08,12.5080836236934,14.1,11.04
PRLA,2023,9,2023-09-09,13.5379649122807,15.61,12.03
PRLA,2023,9,2023-09-10,14.9802807017544,17.55,12.87
PRLA,2023,9,2023-09-11,15.710487804878,19.43,13.53
PRLA,2023,9,2023-09-12,15.523006993007,18.16,12.71
PRLA,2023,9,2023-09-13,16.1215679442509,18.72,13.44
PRLA,2023,9,2023-09-14,16.2722027972028,19.75,14.33
PRLA,2023,9,2023-09-15,18.0967944250871,20.91,15.36
PRLA,2023,9,2023-09-16,19.596958041958,23.98,16.52
PRLA,2023,9,2023-09-17,22.3984320557491,27.73,17.94
PRLA,2023,9,2023-09-18,22.3455208333333,27.93,19.59
PRLA,2023,9,2023-09-19,25.8811272727273,33.35,21.4
PRLA,2023,9,2023-09-20,27.7703891050584,35.95,21.84
PRLA,2023,9,2023-09-21,29.4653846153846,37.98,24.33
PRLA,2023,9,2023-09-22,31.7370283018868,40.83,27.38
PRLA,2023,9,2023-09-23,33.5451485148515,41.83,27.54
PRLA,2023,9,2023-09-24,33.8533838383838,44.45,28.36
PRLA,2023,9,2023-09-25,34.6198734177215,41.18,28.83
PRLA,2023,9,2023-09-26,35.1467857142857,41.63,29.6
PRLA,2023,9,2023-09-27,36.0012307692308,46.31,29.97
PRLA,2023,9,2023-09-28,33.6984150943396,38.9,28.52
PRLA,2023,9,2023-09-29,38.5896721311475,49.19,31.7
PRLA,2023,9,2023-09-30,45.7908805031447,60.59,35.2
PRLA,2024,7,2024-07-01,7.98798611111111,11.06,6.18
PRLA,2024,7,2024-07-02,8.67868055555556,12.23,7.17
PRLA,2024,7,2024-07-03,9.02975694444445,12.51,7.15
PRLA,2024,7,2024-07-04,13.8649387755102,51.18,8.11
PRLA,2024,7,2024-07-05,48.298102189781,61.35,37.75
PRLA,2024,7,2024-07-06,45.7983076923077,60.09,36.64
PRLA,2024,7,2024-07-07,53.8263358778626,66.53,41.4
PRLA,2024,7,2024-07-08,45.0692168674699,60.3,37.2
PRLA,2024,7,2024-07-09,51.8642424242424,70.29,40.4
PRLA,2024,7,2024-07-10,54.0577884615385,83.88,33.96
PRLA,2024,7,2024-07-11,66.5234482758621,108.68,41.2
PRLA,2024,7,2024-07-12,55.7148044692737,72.18,46.1
PRLA,2024,7,2024-07-13,47.5688546255507,61.3,40.27
PRLA,2024,7,2024-07-14,42.5190650406504,51.08,35.88
PRLA,2024,7,2024-07-15,37.4224603174603,47.79,32.13
PRLA,2024,7,2024-07-16,34.9298555956679,43.64,28.46
PRLA,2024,7,2024-07-17,38.0644981412639,46.22,30.96
PRLA,2024,7,2024-07-18,39.9686296296296,46.53,31.16
PRLA,2024,7,2024-07-19,37.3376190476191,43.78,30.27
PRLA,2024,7,2024-07-20,38.8107954545455,43.96,32.88
PRLA,2024,7,2024-07-21,35.7659574468085,40.69,29.54
PRLA,2024,7,2024-07-22,35.1592086330935,40.88,29.34
PRLA,2024,7,2024-07-23,32.3096441281139,36.87,27.32
PRLA,2024,7,2024-07-24,32.5352173913044,38.21,26.98
PRLA,2024,7,2024-07-25,29.4804982206406,34.03,24.58
PRLA,2024,7,2024-07-26,28.2440972222222,32.49,24.31
PRLA,2024,7,2024-07-27,30.6562190812721,36.74,25.57
PRLA,2024,7,2024-07-28,30.413475177305,36.23,25.68
PRLA,2024,7,2024-07-29,29.9341258741259,34.67,25.71
PRLA,2024,7,2024-07-30,26.6969503546099,31.57,23.68
PRLA,2024,7,2024-07-31,23.8496842105263,27.57,20.97
PRLA,2024,9,2024-09-01,18.9252430555556,22.32,16.36
PRLA,2024,9,2024-09-02,18.8589583333333,21.71,15.94
PRLA,2024,9,2024-09-03,17.8254166666667,20.89,15.91
PRLA,2024,9,2024-09-04,18.0580555555556,20.71,16.02
PRLA,2024,9,2024-09-05,18.1293055555556,21.2,16.15
PRLA,2024,9,2024-09-06,18.596359832636,21.4,16.32
PRLA,2024,9,2024-09-07,18.2627083333333,21.29,16.29
PRLA,2024,9,2024-09-08,17.7875,20.57,15.65
PRLA,2024,9,2024-09-09,17.5480208333333,20.15,15.13
PRLA,2024,9,2024-09-10,16.9142391304348,19.75,15.09
PRLA,2024,9,2024-09-11,16.8818402777778,20.35,15.1
PRLA,2024,9,2024-09-12,15.888125,18.23,14.27
PRLA,2024,9,2024-09-13,12.9988560885609,17.45,11.03
PRLA,2024,9,2024-09-14,13.1555555555556,14.75,11.71
PRLA,2024,9,2024-09-15,12.7506597222222,15.07,11.09
PRLA,2024,9,2024-09-16,12.8466666666667,14.71,11.26
PRLA,2024,9,2024-09-17,12.1929513888889,14.4,10.79
PRLA,2024,9,2024-09-18,12.2315625,14,10.76
PRLA,2024,9,2024-09-19,12.0219791666667,14.3,10.76
PRLA,2024,9,2024-09-20,12.2468055555556,14.49,11.07
PRLA,2024,9,2024-09-21,12.7820833333333,15.03,11.54
PRLA,2024,9,2024-09-22,13.1204166666667,15.48,11.45
PRLA,2024,9,2024-09-23,13.1353819444444,15.13,11.53
PRLA,2024,9,2024-09-24,13.0974305555556,14.97,11.66
PRLA,2024,9,2024-09-25,12.8750347222222,15.88,10.93
PRLA,2024,9,2024-09-26,12.3959027777778,14.1,11.11
PRLA,2024,9,2024-09-27,12.4021875,14.28,10.86
PRLA,2024,9,2024-09-28,12.5178125,14.99,10.77
PRLA,2024,9,2024-09-29,11.9209027777778,13.75,10.57
PRLA,2024,9,2024-09-30,11.0354513888889,12.05,10.02
PRPO,2018,9,2018-09-01,13.295625,17.15,8.54
PRPO,2018,9,2018-09-02,14.19,17.03,10.15
PRPO,2018,9,2018-09-04,12.4413580246914,14.63,10.23
PRPO,2018,9,2018-09-05,12.8277777777778,16.26,9.37
PRPO,2018,9,2018-09-06,12.1774305555556,16.74,6.88
PRPO,2018,9,2018-09-07,11.5682291666667,16.67,7.39
PRPO,2018,9,2018-09-08,10.6890277777778,13.25,7.06
PRPO,2018,9,2018-09-09,9.83357638888889,13.44,7.36
PRPO,2018,9,2018-09-10,10.1540972222222,12.32,7.68
PRPO,2018,9,2018-09-11,9.06961805555556,12.87,5.24
PRPO,2018,9,2018-09-12,8.72205574912892,10.41,4.56
PRPO,2018,9,2018-09-13,9.51606741573034,12.63,6.94
PRPO,2018,9,2018-09-14,10.6190972222222,13.79,8.3
PRPO,2018,9,2018-09-15,10.105,12.66,7.78
PRPO,2018,9,2018-09-16,9.81614583333333,13.05,6.91
PRPO,2018,9,2018-09-17,9.8178125,13.76,7.23
PRPO,2018,9,2018-09-18,10.5444097222222,16.08,6.22
PRPO,2018,9,2018-09-19,10.1346180555556,13.73,7.13
PRPO,2018,9,2018-09-20,9.81659722222222,12.78,6.47
PRPO,2018,9,2018-09-21,10.963125,13.34,9.48
PRPO,2018,9,2018-09-22,9.50607638888889,12.78,5.64
PRPO,2018,9,2018-09-23,8.39586805555555,11.74,4.64
PRPO,2018,9,2018-09-24,9.77079861111111,14.45,7.63
PRPO,2018,9,2018-09-25,10.1980555555556,13.04,1.66
PRPO,2018,9,2018-09-26,9.49177083333333,13.2,5.17
PRPO,2018,9,2018-09-27,8.80024305555555,11.81,6.2
PRPO,2018,9,2018-09-28,8.57670138888889,11.13,5.9
PRPO,2018,9,2018-09-29,8.29777777777778,11.05,4.64
PRPO,2018,9,2018-09-30,10.2748611111111,14.91,7.57
PRPO,2019,7,2019-07-01,5.93137184115523,11.17,4.36
PRPO,2019,7,2019-07-02,5.31963636363636,9,4.03
PRPO,2019,7,2019-07-03,8.16776923076923,15.23,5.19
PRPO,2019,7,2019-07-04,14.3927272727273,26.64,8.22
PRPO,2019,7,2019-07-05,25.8582142857143,47.54,14.22
PRPO,2019,7,2019-07-06,47.6919855595668,76.25,22.48
PRPO,2019,7,2019-07-07,68.0166785714286,114.68,36.05
PRPO,2019,7,2019-07-08,96.5340282685512,147.34,46.79
PRPO,2019,7,2019-07-09,97.4622676579926,156.39,63.63
PRPO,2019,7,2019-07-10,45.9276842105263,78.62,28.32
PRPO,2019,7,2019-07-11,24.4883333333333,33.79,16.5
PRPO,2019,7,2019-07-12,19.3016312056738,30.33,13.75
PRPO,2019,7,2019-07-13,14.4929268292683,20.59,10.77
PRPO,2019,7,2019-07-14,9.86418118466899,15.12,7.11
PRPO,2019,7,2019-07-15,7.58494736842105,10.46,6.29
PRPO,2019,7,2019-07-16,8.25510638297872,14.95,6.14
PRPO,2019,7,2019-07-17,7.63319444444444,16.05,5.59
PRPO,2019,7,2019-07-18,8.01574074074074,13.27,6.48
PRPO,2019,7,2019-07-19,8.85842105263158,18.24,6.56
PRPO,2019,7,2019-07-20,9.05638888888889,16.39,6.74
PRPO,2019,7,2019-07-21,9.51080985915493,22.17,6.65
PRPO,2019,7,2019-07-22,8.96067615658363,16.66,6.3
PRPO,2019,7,2019-07-23,5.90077464788732,9.53,4.53
PRPO,2019,7,2019-07-24,5.51666666666667,11.46,4.08
PRPO,2019,7,2019-07-25,5.75958333333333,9.04,4.46
PRPO,2019,7,2019-07-26,5.27327338129496,17.71,3.93
PRPO,2019,7,2019-07-27,5.09156583629893,9.83,3.88
PRPO,2019,7,2019-07-28,3.75036363636364,10.4,2.67
PRPO,2019,7,2019-07-29,8.3843006993007,12.5,2.47
PRPO,2019,7,2019-07-30,11.7529473684211,13.87,11.14
PRPO,2019,7,2019-07-31,12.7689236111111,13.83,12.09
PRPO,2019,9,2019-09-01,8.03605734767025,17.77,4.51
PRPO,2019,9,2019-09-02,5.98925,14.64,3.72
PRPO,2019,9,2019-09-03,6.54620567375887,21.49,4.23
PRPO,2019,9,2019-09-04,6.978,14.2,4.14
PRPO,2019,9,2019-09-05,7.91742857142857,22.38,3.59
PRPO,2019,9,2019-09-06,7.44721428571429,21.24,4.08
PRPO,2019,9,2019-09-07,6.03870967741936,14.6,3.86
PRPO,2019,9,2019-09-08,6.93444839857651,14.43,4.35
PRPO,2019,9,2019-09-09,7.00950354609929,16.95,4.15
PRPO,2019,9,2019-09-10,6.3556884057971,12.49,4.66
PRPO,2019,9,2019-09-11,5.31416370106762,10.37,3.96
PRPO,2019,9,2019-09-12,5.49781690140845,13.2,4.04
PRPO,2019,9,2019-09-13,7.14452961672474,13.32,4.6
PRPO,2019,9,2019-09-14,6.37521739130435,14.26,4.2
PRPO,2019,9,2019-09-15,6.00421985815603,14.02,3.59
PRPO,2019,9,2019-09-16,6.25487544483986,15.07,4.03
PRPO,2019,9,2019-09-17,7.22631944444444,21.49,3.68
PRPO,2019,9,2019-09-18,6.1027972027972,13.81,3.94
PRPO,2019,9,2019-09-19,5.20150537634409,8.86,3.67
PRPO,2019,9,2019-09-20,5.08787456445993,9.49,3.92
PRPO,2019,9,2019-09-21,5.36049122807018,10.13,3.78
PRPO,2019,9,2019-09-22,6.01533333333333,10.49,3.21
PRPO,2019,9,2019-09-23,6.02702127659574,13.7,3.62
PRPO,2019,9,2019-09-24,6.33524305555556,16.75,3.83
PRPO,2019,9,2019-09-25,7.45607547169811,13.69,4.31
PRPO,2019,9,2019-09-26,7.13885416666667,15.83,4.34
PRPO,2019,9,2019-09-27,7.68552816901408,17.89,4.7
PRPO,2019,9,2019-09-28,6.50080586080586,14.82,4.34
PRPO,2019,9,2019-09-29,6.06608391608392,15.6,4.34
PRPO,2019,9,2019-09-30,7.87154929577465,17.01,5.13
PRPO,2020,6,2020-06-03,6.234,9.21,0.53
PRPO,2020,6,2020-06-04,0.586666666666667,0.89,0
PRPO,2020,6,2020-06-06,0.2,0.2,0.2
PRPO,2020,6,2020-06-08,0.3,0.3,0.3
PRPO,2020,6,2020-06-11,0.25,0.25,0.25
PRPO,2020,6,2020-06-12,1.14,1.14,1.14
PRPO,2020,6,2020-06-13,0,0,0
PRPO,2020,6,2020-06-14,0.08,0.08,0.08
PRPO,2020,6,2020-06-15,0.1,0.1,0.1
PRPO,2020,6,2020-06-16,0.824285714285714,2.24,0.1
PRPO,2020,6,2020-06-17,0.802857142857143,1.25,0.31
PRPO,2020,6,2020-06-18,0.625,0.73,0.53
PRPO,2020,6,2020-06-19,1.03333333333333,1.88,0.06
PRPO,2020,6,2020-06-20,0.595,1.52,0.06
PRPO,2020,6,2020-06-21,0.941,2.19,0.07
PRPO,2020,6,2020-06-22,0.734,1.64,0.04
PRPO,2020,6,2020-06-23,0.610540540540541,2.96,0
PRPO,2020,6,2020-06-24,1.1465,3.46,0.03
PRPO,2020,6,2020-06-25,1.37547945205479,5.12,0
PRPO,2020,6,2020-06-26,1.08134328358209,3.81,0
PRPO,2020,6,2020-06-27,1.94556962025316,10.17,0
PRPO,2020,6,2020-06-28,1.41217647058824,7.75,0.02
PRPO,2020,6,2020-06-29,1.55157407407407,8.44,0.01
PRPO,2020,6,2020-06-30,1.85549382716049,9.88,0
PRPO,2020,7,2020-07-01,1.44414634146341,7.39,0
PRPO,2020,7,2020-07-02,3.40700483091787,23.43,0.01
PRPO,2020,7,2020-07-03,1.37902597402597,7.3,0.02
PRPO,2020,7,2020-07-04,1.71292682926829,7.75,0.04
PRPO,2020,7,2020-07-05,1.56993288590604,6.94,0.01
PRPO,2020,7,2020-07-06,1.71689024390244,10.71,0
PRPO,2020,7,2020-07-07,2.24738461538462,12.47,0
PRPO,2020,7,2020-07-08,7.19128755364807,13.49,0.09
PRPO,2020,7,2020-07-09,8.09974637681159,21.12,4.9
PRPO,2020,7,2020-07-10,8.47024390243902,17.74,4.46
PRPO,2020,7,2020-07-11,7.50544776119403,14.34,4.47
PRPO,2020,7,2020-07-13,8.5544623655914,12.09,6.69
PRPO,2020,7,2020-07-14,7.10369718309859,18.9,5.21
PRPO,2020,7,2020-07-15,6.05707746478873,9.67,4.54
PRPO,2020,7,2020-07-16,6.26299295774648,10.48,4.51
PRPO,2020,7,2020-07-17,6.70425087108014,13.45,4.21
PRPO,2020,7,2020-07-18,8.12729166666667,13.61,6.05
PRPO,2020,7,2020-07-19,6.28565972222222,10.18,4.5
PRPO,2020,7,2020-07-20,6.00644599303136,12.42,3.93
PRPO,2020,7,2020-07-21,13.5159375,21.09,4.1
PRPO,2020,7,2020-07-22,20.4127083333333,22.21,19.44
PRPO,2020,7,2020-07-23,21.1477272727273,22.23,20.5
PRPO,2020,7,2020-07-24,23.5667361111111,25.25,21.5
PRPO,2020,7,2020-07-25,25.2295833333333,28.27,24.11
PRPO,2020,7,2020-07-26,24.2028873239437,31.23,21.71
PRPO,2020,7,2020-07-27,22.2367708333333,24.49,20.67
PRPO,2020,7,2020-07-28,25.2892013888889,28.36,23.09
PRPO,2020,7,2020-07-29,28.0443006993007,32.06,26.94
PRPO,2020,7,2020-07-30,28.2601388888889,35.8,26.05
PRPO,2020,7,2020-07-31,26.5270175438596,37.63,21.29
PRPO,2020,9,2020-09-01,21.9604861111111,39.81,12.41
PRPO,2020,9,2020-09-02,21.7728472222222,40.26,12.26
PRPO,2020,9,2020-09-03,23.2064583333333,41.36,17.87
PRPO,2020,9,2020-09-04,18.2720886075949,25.83,14.83
PRPO,2020,9,2020-09-07,24.3761006289308,31.08,18.16
PRPO,2020,9,2020-09-08,28.2662152777778,32.94,23.15
PRPO,2020,9,2020-09-09,25.7447916666667,29.35,21.73
PRPO,2020,9,2020-09-10,20.5952542372881,28.18,7.97
PRPO,2020,9,2020-09-11,12.0545,14.95,7.64
PRPO,2020,9,2020-09-12,11.905,15.22,8.34
PRPO,2020,9,2020-09-14,14.6649367088608,16.46,13.25
PRPO,2020,9,2020-09-15,11.9059722222222,15.37,8.42
PRPO,2020,9,2020-09-16,12.1114236111111,14.48,8.66
PRPO,2020,9,2020-09-17,11.4167708333333,14.29,7.92
PRPO,2020,9,2020-09-18,11.6099652777778,14.87,8.74
PRPO,2020,9,2020-09-19,11.1241666666667,14.24,8.28
PRPO,2020,9,2020-09-20,10.6883333333333,13.9,7.93
PRPO,2020,9,2020-09-21,10.7080208333333,13.55,8.45
PRPO,2020,9,2020-09-22,10.3816605166052,12.77,8.42
PRPO,2020,9,2020-09-23,10,12.09,7.91
PRPO,2020,9,2020-09-24,10.2050694444444,12.98,8.03
PRPO,2020,9,2020-09-25,9.73135416666667,12.22,7.89
PRPO,2020,9,2020-09-26,9.87996527777778,12.14,7.96
PRPO,2020,9,2020-09-27,9.71503472222222,11.68,7.98
PRPO,2020,9,2020-09-28,9.88197916666667,11.83,8.64
PRPO,2020,9,2020-09-29,9.63336805555556,11.61,8.29
PRPO,2020,9,2020-09-30,9.09041666666667,10.99,7.64
PRPO,2021,7,2021-07-01,11.1160416666667,16.25,8.24
PRPO,2021,7,2021-07-02,9.84663194444444,11.9,7.87
PRPO,2021,7,2021-07-03,10.3499652777778,12.76,7.96
PRPO,2021,7,2021-07-04,13.3429513888889,16.38,10.55
PRPO,2021,7,2021-07-05,14.591637630662,18,12.81
PRPO,2021,7,2021-07-06,13.1001041666667,17.67,10
PRPO,2021,7,2021-07-07,16.0617073170732,20,11.91
PRPO,2021,7,2021-07-08,15.7140277777778,19.12,13.06
PRPO,2021,7,2021-07-09,15.6526388888889,18.38,13.7
PRPO,2021,7,2021-07-10,16.9736111111111,22.77,14.62
PRPO,2021,7,2021-07-11,16.2324652777778,20.6,14.04
PRPO,2021,7,2021-07-12,17.4276388888889,21.26,13.73
PRPO,2021,7,2021-07-13,22.6019097222222,26.35,17.18
PRPO,2021,7,2021-07-14,24.4045486111111,29.31,21.08
PRPO,2021,7,2021-07-15,24.2772916666667,30.54,20.14
PRPO,2021,7,2021-07-16,32.9448611111111,43.34,22.03
PRPO,2021,7,2021-07-17,33.9282986111111,44.37,21.73
PRPO,2021,7,2021-07-18,27.1113541666667,34.54,21.8
PRPO,2021,7,2021-07-19,27.4545486111111,33.85,21.76
PRPO,2021,7,2021-07-20,35.1350347222222,47,25.56
PRPO,2021,7,2021-07-21,44.6364583333333,56.94,31.05
PRPO,2021,7,2021-07-22,26.0172161172161,47.79,1.75
PRPO,2021,7,2021-07-23,20.2935416666667,25.83,16.87
PRPO,2021,7,2021-07-24,20.2925,28.45,15.81
PRPO,2021,7,2021-07-25,22.2234375,28.32,18.39
PRPO,2021,7,2021-07-26,24.0488888888889,30.33,18.97
PRPO,2021,7,2021-07-27,27.1914583333333,33.31,21.27
PRPO,2021,7,2021-07-28,30.2077083333333,36.69,24.98
PRPO,2021,7,2021-07-29,35.8957986111111,47.86,25.11
PRPO,2021,7,2021-07-30,35.2428819444444,49.28,27.35
PRPO,2021,7,2021-07-31,38.5587152777778,49.84,31.24
PRPO,2021,9,2021-09-01,20.3795087719298,52.91,3.48
PRPO,2021,9,2021-09-02,18.8678819444444,21.44,16.32
PRPO,2021,9,2021-09-03,21.7534722222222,26.67,18.43
PRPO,2021,9,2021-09-04,21.3930208333333,25.56,16.16
PRPO,2021,9,2021-09-05,25.3742361111111,41.83,17.33
PRPO,2021,9,2021-09-06,39.1165277777778,48.21,32.32
PRPO,2021,9,2021-09-07,47.6892013888889,58.29,39.57
PRPO,2021,9,2021-09-08,48.1165277777778,65.95,35.87
PRPO,2021,9,2021-09-09,56.5270486111111,70.77,45.41
PRPO,2021,9,2021-09-10,64.2117482517482,73.98,42.66
PRPO,2021,9,2021-09-11,59.8291319444444,67.99,46.97
PRPO,2021,9,2021-09-12,62.5358741258741,75.72,40.44
PRPO,2021,9,2021-09-13,56.0040625,62.76,45.81
PRPO,2021,9,2021-09-14,32.5688541666667,55.7,25.86
PRPO,2021,9,2021-09-15,17.0827075812274,38,9.93
PRPO,2021,9,2021-09-16,12.9264930555556,17.46,9.26
PRPO,2021,9,2021-09-17,13.4293402777778,16.76,11.54
PRPO,2021,9,2021-09-18,13.5237152777778,17.64,9.9
PRPO,2021,9,2021-09-19,13.4610763888889,17.86,11.31
PRPO,2021,9,2021-09-20,14.7887152777778,19.64,12.19
PRPO,2021,9,2021-09-21,16.8074652777778,20.13,13.81
PRPO,2021,9,2021-09-22,16.3153472222222,20.92,12.19
PRPO,2021,9,2021-09-23,16.4856944444444,19.99,12.46
PRPO,2021,9,2021-09-24,17.6274652777778,21.92,12.39
PRPO,2021,9,2021-09-25,19.0508333333333,23.92,15.23
PRPO,2021,9,2021-09-26,18.6759722222222,23.57,14.84
PRPO,2021,9,2021-09-27,20.1348958333333,24.5,15.32
PRPO,2021,9,2021-09-28,20.0009090909091,26.98,15.47
PRPO,2021,9,2021-09-29,20.56375,26.68,16.53
PRPO,2021,9,2021-09-30,21.3635416666667,27.17,16.15
PRPO,2022,5,2022-05-25,13.058976744186,17.97,6.57
PRPO,2022,5,2022-05-26,11.189375,16.42,6.77
PRPO,2022,5,2022-05-27,11.9959722222222,16.39,6.42
PRPO,2022,5,2022-05-28,10.5992708333333,14.8,6.19
PRPO,2022,5,2022-05-29,10.9186111111111,13.96,7.26
PRPO,2022,5,2022-05-30,9.85940972222222,12.21,6.75
PRPO,2022,5,2022-05-31,11.9795138888889,13.98,10.23
PRPO,2022,7,2022-07-01,7.09121527777778,10.18,5.47
PRPO,2022,7,2022-07-02,8.13954703832753,11.78,6.42
PRPO,2022,7,2022-07-03,7.23003472222222,11.2,4.95
PRPO,2022,7,2022-07-04,5.43392361111111,8.49,4.14
PRPO,2022,7,2022-07-05,5.21807692307692,8.73,3.96
PRPO,2022,7,2022-07-06,5.54021052631579,10.44,3.9
PRPO,2022,7,2022-07-07,8.88036764705882,18.23,0.15
PRPO,2022,7,2022-07-08,12.6843772241993,21.32,8.25
PRPO,2022,7,2022-07-09,16.4980487804878,26.79,11.78
PRPO,2022,7,2022-07-10,21.6175347222222,30.1,15.73
PRPO,2022,7,2022-07-11,24.1619444444444,32.78,20
PRPO,2022,7,2022-07-12,21.9718518518519,23.38,21.05
PRPO,2022,7,2022-07-14,18.0884255319149,23.18,13
PRPO,2022,7,2022-07-15,20.6225347222222,27,16.06
PRPO,2022,7,2022-07-16,17.9211458333333,25.26,12.28
PRPO,2022,7,2022-07-17,15.7622916666667,24.89,11.49
PRPO,2022,7,2022-07-18,14.7503819444444,20.76,10.92
PRPO,2022,7,2022-07-19,16.2615972222222,21.42,13.04
PRPO,2022,7,2022-07-20,21.7691319444444,28.43,14.42
PRPO,2022,7,2022-07-21,24.7656597222222,35.35,19.38
PRPO,2022,7,2022-07-22,28.7445138888889,57.79,20.1
PRPO,2022,7,2022-07-23,39.0029861111111,80.41,24.41
PRPO,2022,7,2022-07-24,40.2269444444444,74.97,13.92
PRPO,2022,7,2022-07-25,39.5599652777778,81.47,16.67
PRPO,2022,7,2022-07-26,20.7845486111111,27.55,17.24
PRPO,2022,7,2022-07-27,22.4810069444444,28.48,17.72
PRPO,2022,7,2022-07-28,22.0901388888889,31.63,15.16
PRPO,2022,7,2022-07-29,17.6774305555556,29.62,10.96
PRPO,2022,7,2022-07-30,11.7081272084806,18.29,8.88
PRPO,2022,7,2022-07-31,10.1921126760563,13.66,7.69
PRPO,2022,9,2022-09-01,12.009375,13.95,8.99
PRPO,2022,9,2022-09-02,12.0760869565217,15.47,0.26
PRPO,2022,9,2022-09-03,14.0306597222222,17.42,11.86
PRPO,2022,9,2022-09-04,13.6010069444444,23.46,10.23
PRPO,2022,9,2022-09-05,13.5723611111111,16.94,11.52
PRPO,2022,9,2022-09-06,14.0672916666667,19.19,11.02
PRPO,2022,9,2022-09-07,15.1989583333333,21.37,12.13
PRPO,2022,9,2022-09-08,15.5718402777778,20.44,12.93
PRPO,2022,9,2022-09-09,18.6984027777778,24.03,14.31
PRPO,2022,9,2022-09-10,20.2843402777778,28.73,15.39
PRPO,2022,9,2022-09-11,19.5621875,26.58,15.14
PRPO,2022,9,2022-09-12,17.3468402777778,22.7,12.38
PRPO,2022,9,2022-09-13,16.0910763888889,22.85,12.53
PRPO,2022,9,2022-09-14,16.3747916666667,21.17,13.94
PRPO,2022,9,2022-09-15,16.8309375,21.46,13.27
PRPO,2022,9,2022-09-16,18.1463194444444,22.52,15.29
PRPO,2022,9,2022-09-17,19.7390243902439,26.6,16.38
PRPO,2022,9,2022-09-18,19.3133333333333,24.92,15.14
PRPO,2022,9,2022-09-19,16.9170833333333,24.72,12.26
PRPO,2022,9,2022-09-20,17.5588194444444,22.59,12.16
PRPO,2022,9,2022-09-21,18.3340972222222,22.67,14.45
PRPO,2022,9,2022-09-22,19.9153125,25.24,14.51
PRPO,2022,9,2022-09-23,19.7242708333333,28.8,14.18
PRPO,2022,9,2022-09-24,21.2782986111111,27.11,15.76
PRPO,2022,9,2022-09-25,21.3453125,27.63,15.53
PRPO,2022,9,2022-09-26,23.0123263888889,28.5,16.43
PRPO,2022,9,2022-09-27,24.3560763888889,31.51,17.42
PRPO,2022,9,2022-09-28,24.0849305555556,34.28,15.08
PRPO,2022,9,2022-09-29,24.3353472222222,30.83,18.88
PRPO,2022,9,2022-09-30,26.0964930555556,33.79,17.14
PRPO,2023,5,2023-05-12,11.8845535714286,27.7,4.83
PRPO,2023,5,2023-05-13,11.6409722222222,23.32,3.92
PRPO,2023,5,2023-05-14,8.13673611111111,11.61,5.59
PRPO,2023,5,2023-05-15,7.58482638888889,12.26,4.3
PRPO,2023,5,2023-05-16,6.15993055555556,11.71,3.58
PRPO,2023,5,2023-05-17,6.88170138888889,9.61,4.94
PRPO,2023,5,2023-05-18,7.19065972222222,11.73,4.74
PRPO,2023,5,2023-05-19,8.12381944444444,10.49,5.39
PRPO,2023,5,2023-05-20,7.11895833333333,11.68,4.07
PRPO,2023,5,2023-05-21,6.89177083333333,9.89,4.07
PRPO,2023,5,2023-05-22,7.33625,11.06,5.01
PRPO,2023,5,2023-05-23,11.3359027777778,24.49,5.03
PRPO,2023,5,2023-05-24,12.365,34.93,0
PRPO,2023,5,2023-05-25,8.91454861111111,12.3,4.88
PRPO,2023,5,2023-05-26,8.61899305555556,12.06,5.67
PRPO,2023,5,2023-05-27,16.4507638888889,33.11,8.51
PRPO,2023,5,2023-05-28,37.3677777777778,49.77,23.95
PRPO,2023,5,2023-05-29,53.6195486111111,67.53,40.6
PRPO,2023,5,2023-05-30,64.7840972222222,78.09,50.23
PRPO,2023,5,2023-05-31,61.9822916666667,83.62,49.49
PRPO,2023,7,2023-07-01,17.9564930555556,21.02,14.23
PRPO,2023,7,2023-07-02,18.8697916666667,21.47,15.88
PRPO,2023,7,2023-07-03,21.5390972222222,27.02,18.82
PRPO,2023,7,2023-07-04,17.1252112676056,25.1,6.87
PRPO,2023,7,2023-07-05,9.88232638888889,16.43,6.54
PRPO,2023,7,2023-07-06,19.0114583333333,22.89,12.65
PRPO,2023,7,2023-07-07,20.2310839160839,48.17,16.12
PRPO,2023,7,2023-07-08,21.4988070175439,46.65,17.35
PRPO,2023,7,2023-07-09,19.6870138888889,21.6,15.31
PRPO,2023,7,2023-07-10,21.0820833333333,23.1,18.83
PRPO,2023,7,2023-07-11,15.7236842105263,22.45,9.59
PRPO,2023,7,2023-07-12,18.2240350877193,24.78,13.06
PRPO,2023,7,2023-07-13,18.5445486111111,30.83,13.52
PRPO,2023,7,2023-07-14,16.6394444444444,23.46,10.96
PRPO,2023,7,2023-07-15,17.4600694444444,26.6,12.68
PRPO,2023,7,2023-07-16,16.8261458333333,22.98,12.19
PRPO,2023,7,2023-07-17,17.3919791666667,23.02,11.31
PRPO,2023,7,2023-07-18,15.4271527777778,24.05,10.09
PRPO,2023,7,2023-07-19,16.1956643356643,21.46,11.67
PRPO,2023,7,2023-07-20,17.3013194444444,22.93,12.41
PRPO,2023,7,2023-07-21,16.6937847222222,20.74,12.17
PRPO,2023,7,2023-07-22,14.5355555555556,18.61,10.75
PRPO,2023,7,2023-07-23,14.0359722222222,18.7,10.8
PRPO,2023,7,2023-07-24,11.6701388888889,16.81,7.56
PRPO,2023,7,2023-07-25,9.60293706293706,13.61,5.77
PRPO,2023,7,2023-07-26,10.8018402777778,13.8,7.89
PRPO,2023,7,2023-07-27,9.18836805555556,13.55,6.55
PRPO,2023,7,2023-07-28,8.49038194444444,12.04,6.49
PRPO,2023,7,2023-07-29,10.4836458333333,16.24,7.02
PRPO,2023,7,2023-07-30,19.3885763888889,27.56,12.97
PRPO,2023,7,2023-07-31,25.0036111111111,29.74,20.87
PRPO,2023,9,2023-09-01,13.8191319444444,18.52,10.72
PRPO,2023,9,2023-09-02,14.3083333333333,21.83,9.52
PRPO,2023,9,2023-09-03,16.0340625,30.05,8.5
PRPO,2023,9,2023-09-04,14.3968055555556,23.64,10.91
PRPO,2023,9,2023-09-05,13.2832986111111,18.58,8.02
PRPO,2023,9,2023-09-06,17.0146527777778,22.95,12.75
PRPO,2023,9,2023-09-07,13.2976388888889,22.57,0.53
PRPO,2023,9,2023-09-08,14.8587152777778,19.52,11.44
PRPO,2023,9,2023-09-09,15.8857986111111,23.35,11.49
PRPO,2023,9,2023-09-10,18.9723263888889,24.27,15.45
PRPO,2023,9,2023-09-11,16.3639930555556,24.68,11.33
PRPO,2023,9,2023-09-12,17.6839236111111,23.75,12.49
PRPO,2023,9,2023-09-13,17.4852430555556,22.45,13.2
PRPO,2023,9,2023-09-14,18.1338194444444,24,13.64
PRPO,2023,9,2023-09-15,18.27625,24.18,13.18
PRPO,2023,9,2023-09-16,20.0437847222222,25.78,13.29
PRPO,2023,9,2023-09-17,20.841875,26.25,17.09
PRPO,2023,9,2023-09-18,21.3876388888889,26.81,17.04
PRPO,2023,9,2023-09-19,21.8403819444444,25.84,17.36
PRPO,2023,9,2023-09-20,22.3409375,26.77,18.29
PRPO,2023,9,2023-09-21,22.594375,27.2,18.66
PRPO,2023,9,2023-09-22,20.3811805555556,23.11,17.99
PRPO,2023,9,2023-09-23,23.3341319444444,26.25,20.42
PRPO,2023,9,2023-09-24,22.7987152777778,28.04,17.8
PRPO,2023,9,2023-09-25,19.3244097222222,24.32,13.12
PRPO,2023,9,2023-09-26,12.4593055555556,15.5,9.94
PRPO,2023,9,2023-09-27,13.366875,17.75,9.6
PRPO,2023,9,2023-09-28,12.3656944444444,14.81,10.88
PRPO,2023,9,2023-09-29,12.6557986111111,17.63,9.9
PRPO,2023,9,2023-09-30,12.1316666666667,17.39,8.37
PRPO,2024,5,2024-05-01,9.7520979020979,11.36,8.64
PRPO,2024,5,2024-05-02,7.1579094076655,10.89,2.62
PRPO,2024,5,2024-05-03,9.17701754385965,11.93,6.7
PRPO,2024,5,2024-05-04,8.22470383275261,12.8,3.44
PRPO,2024,5,2024-05-05,8.23979166666667,12.19,3.39
PRPO,2024,5,2024-05-06,7.15090909090909,11.7,3.04
PRPO,2024,5,2024-05-07,9.20126315789474,11.3,6.91
PRPO,2024,5,2024-05-08,10.6662937062937,14.87,7.17
PRPO,2024,5,2024-05-09,8.64007092198582,12.76,0.27
PRPO,2024,5,2024-05-10,8.03114982578397,11.99,1.93
PRPO,2024,5,2024-05-11,8.41784722222222,11.31,4.2
PRPO,2024,5,2024-05-12,7.54979020979021,10.81,3.78
PRPO,2024,5,2024-05-13,8.1100701754386,11.31,4.72
PRPO,2024,5,2024-05-14,7.11385416666667,10.17,3.66
PRPO,2024,5,2024-05-15,9.25919860627178,11.88,7.28
PRPO,2024,5,2024-05-16,10.0195104895105,14.25,6.24
PRPO,2024,5,2024-05-17,8.91702797202797,12.56,4.6
PRPO,2024,5,2024-05-18,8.36170138888889,11.19,4.39
PRPO,2024,5,2024-05-19,9.22686411149826,14.49,4.68
PRPO,2024,5,2024-05-20,9.93548611111111,13.1,4.99
PRPO,2024,5,2024-05-21,9.31378947368421,11.91,5.93
PRPO,2024,5,2024-05-22,9.50083333333333,13.23,6.89
PRPO,2024,5,2024-05-23,8.08947552447552,12.01,4.45
PRPO,2024,5,2024-05-24,9.20776223776224,10.33,7.78
PRPO,2024,5,2024-05-25,10.9344755244755,13.06,9.34
PRPO,2024,5,2024-05-26,7.81369337979094,10.72,4.14
PRPO,2024,5,2024-05-27,7.46484210526316,10.09,4.07
PRPO,2024,5,2024-05-28,7.71583333333333,10.48,4.33
PRPO,2024,5,2024-05-29,8.05678321678322,10.61,5.26
PRPO,2024,5,2024-05-30,7.76411149825784,10.21,6.26
PRPO,2024,5,2024-05-31,9.18666666666667,12.41,4.82
PRPO,2024,7,2024-07-01,10.0643006993007,13.28,7.44
PRPO,2024,7,2024-07-02,10.5043055555556,15.68,8.27
PRPO,2024,7,2024-07-03,10.3374475524476,15.57,7.81
PRPO,2024,7,2024-07-04,9.82080419580419,12.62,7.42
PRPO,2024,7,2024-07-05,9.71708333333333,16.07,7.03
PRPO,2024,7,2024-07-06,9.00947735191638,13.99,6.2
PRPO,2024,7,2024-07-07,10.0566783216783,15.57,6.99
PRPO,2024,7,2024-07-08,9.72153846153846,14.51,6.81
PRPO,2024,7,2024-07-09,9.46968641114983,17.82,5.17
PRPO,2024,7,2024-07-10,8.75125,15.16,5.95
PRPO,2024,7,2024-07-11,10.2125090909091,17.9,5.45
PRPO,2024,7,2024-07-12,9.17299651567944,14.48,1.66
PRPO,2024,7,2024-07-13,9.07024475524475,15.66,6.38
PRPO,2024,7,2024-07-14,10.6983680555556,21.34,7.16
PRPO,2024,7,2024-07-15,11.0958741258741,18.86,7.35
PRPO,2024,7,2024-07-16,13.0786925795053,20.35,9.05
PRPO,2024,7,2024-07-17,13.9777003484321,25.21,10.1
PRPO,2024,7,2024-07-18,14.4673519163763,24.07,8.75
PRPO,2024,7,2024-07-19,15.6302105263158,24.29,9.22
PRPO,2024,7,2024-07-20,15.6681468531469,28.9,9.19
PRPO,2024,7,2024-07-21,18.1822648083624,32.92,11.05
PRPO,2024,7,2024-07-22,23.6820629370629,39.07,11.5
PRPO,2024,7,2024-07-23,22.7882638888889,39.35,12.66
PRPO,2024,7,2024-07-24,20.6593379790941,37.11,12.33
PRPO,2024,7,2024-07-25,19.2626829268293,29.75,13.59
PRPO,2024,7,2024-07-26,18.8492907801418,31.03,13.32
PRPO,2024,7,2024-07-27,20.6643402777778,30.4,9.62
PRPO,2024,7,2024-07-28,16.5306620209059,34.09,9.32
PRPO,2024,7,2024-07-29,15.852676056338,25.66,7.6
PRPO,2024,7,2024-07-30,15.4965625,23.99,8.09
PRPO,2024,7,2024-07-31,15.0647552447552,24.67,6.95
PRPO,2024,9,2024-09-01,13.6997916666667,17.07,10.73
PRPO,2024,9,2024-09-02,11.7915034965035,17.11,9.43
PRPO,2024,9,2024-09-03,12.5720557491289,16.19,10.41
PRPO,2024,9,2024-09-04,12.8510801393728,15.82,10.13
PRPO,2024,9,2024-09-05,13.1136805555556,16.75,11.6
PRPO,2024,9,2024-09-06,10.5209633027523,13.47,8.58
PRPO,2024,9,2024-09-07,8.49947916666667,10.47,6.2
PRPO,2024,9,2024-09-08,7.88223776223776,10.21,5.87
PRPO,2024,9,2024-09-09,7.30527777777778,9.52,5.87
PRPO,2024,9,2024-09-10,7.3913454545454504,11.15,5.53
PRPO,2024,9,2024-09-11,8.19961805555556,11.92,6.58
PRPO,2024,9,2024-09-12,8.62445993031359,10.01,6.75
PRPO,2024,9,2024-09-13,8.87891986062718,11.1,7.11
PRPO,2024,9,2024-09-14,9.98757894736842,15.22,8.37
PRPO,2024,9,2024-09-15,9.50442508710801,12.46,6.45
PRPO,2024,9,2024-09-16,8.49247386759582,11.71,6.96
PRPO,2024,9,2024-09-17,10.1582867132867,12.76,7.55
PRPO,2024,9,2024-09-18,9.98375,12.95,7.49
PRPO,2024,9,2024-09-19,11.3016319444444,14.58,7.83
PRPO,2024,9,2024-09-20,12.6422916666667,15.8,10.66
PRPO,2024,9,2024-09-21,13.0313240418118,17.81,8.13
PRPO,2024,9,2024-09-22,13.8437282229965,18.87,10.21
PRPO,2024,9,2024-09-23,13.0824909747292,18.31,8.71
PRPO,2024,9,2024-09-24,13.7970138888889,19.46,9.87
PRPO,2024,9,2024-09-25,14.0240418118467,18.77,10.03
PRPO,2024,9,2024-09-26,13.4164583333333,18.63,9.31
PRPO,2024,9,2024-09-27,13.7314685314685,19.87,8.58
PRPO,2024,9,2024-09-28,13.2131010452962,17.88,8.79
PRPO,2024,9,2024-09-29,12.3644755244755,18.16,7.1
PRPO,2024,9,2024-09-30,10.4713986013986,13.62,8.61
SUGG,2018,2,2018-02-01,35.8042911877395,36.46,35.33
SUGG,2018,2,2018-02-02,35.7445714285714,36.41,35.44
SUGG,2018,2,2018-02-03,35.7313588850174,36.29,35.23
SUGG,2018,2,2018-02-04,35.7087676056338,36.26,35.13
SUGG,2018,2,2018-02-05,35.6183216783217,36.31,35.19
SUGG,2018,2,2018-02-06,35.6211111111111,35.81,35.43
SUGG,2018,2,2018-02-09,35.8939805825243,36.58,35.35
SUGG,2018,2,2018-02-10,35.6979715302491,36.13,35.32
SUGG,2018,2,2018-02-11,35.6805902777778,36.3,34.97
SUGG,2018,2,2018-02-12,35.6560701754386,36.13,34.9
SUGG,2018,2,2018-02-13,35.6753496503497,36.23,35.15
SUGG,2018,2,2018-02-14,35.6592592592593,35.95,35.45
SUGG,2018,2,2018-02-27,33.9873913043478,34.3,33.73
SUGG,2018,2,2018-02-28,33.8001005025126,34.17,33.43
SUGG,2018,7,2018-07-17,53.46,55.31,50.62
SUGG,2018,7,2018-07-18,51.9561382113821,58.82,37.41
SUGG,2018,7,2018-07-19,35.618855721393,47.36,32.71
SUGG,2018,7,2018-07-20,33.9884697508897,37.98,32.6
SUGG,2018,7,2018-07-21,33.7397543859649,35.6,32.99
SUGG,2018,7,2018-07-22,33.6165949820789,36.2,32.33
SUGG,2018,7,2018-07-23,34.40375,38.29,32.96
SUGG,2018,7,2018-07-24,32.9404861111111,34.45,31.64
SUGG,2018,7,2018-07-25,32.8068531468532,36.58,31.45
SUGG,2018,7,2018-07-26,38.1226736111111,42.33,31.53
SUGG,2018,7,2018-07-27,42.8781944444444,47.14,40.06
SUGG,2018,7,2018-07-28,46.9059722222222,49.34,42.76
SUGG,2018,7,2018-07-29,49.5503472222222,53.07,46.6
SUGG,2018,7,2018-07-30,51.8306944444444,56.51,45.31
SUGG,2018,7,2018-07-31,49.7642957746479,52.62,35.91
SUGG,2018,10,2018-10-01,38.2647902097902,44.21,33.41
SUGG,2018,10,2018-10-02,36.698641509434,47.15,33.84
SUGG,2018,10,2018-10-03,39.1567832167832,41.74,36.98
SUGG,2018,10,2018-10-04,41.7142013888889,42.95,40.37
SUGG,2018,10,2018-10-05,44.0298263888889,46.15,40.69
SUGG,2018,10,2018-10-06,46.6284027777778,48.33,44.69
SUGG,2018,10,2018-10-07,48.91125,52.35,46.41
SUGG,2018,10,2018-10-08,52.7597569444444,56.86,50.49
SUGG,2018,10,2018-10-09,58.3012847222222,63.13,54.9
SUGG,2018,10,2018-10-10,63.0807291666667,65.92,60.57
SUGG,2018,10,2018-10-11,34.4585593220339,67.02,30.98
SUGG,2018,10,2018-10-12,31.2044097222222,31.62,30.83
SUGG,2018,10,2018-10-13,31.2595138888889,31.59,30.81
SUGG,2018,10,2018-10-14,31.3622222222222,31.74,30.98
SUGG,2018,10,2018-10-15,31.49125,32.07,31.04
SUGG,2018,10,2018-10-16,31.4576041666667,32.07,30.94
SUGG,2018,10,2018-10-17,31.434668989547,32.05,31.07
SUGG,2018,10,2018-10-18,31.4550694444444,31.9,31.06
SUGG,2018,10,2018-10-19,31.3396180555556,31.8,30.71
SUGG,2018,10,2018-10-20,30.9354861111111,31.59,30.29
SUGG,2018,10,2018-10-21,30.6253333333333,31.15,30.13
SUGG,2018,10,2018-10-22,30.1084375,30.92,29.49
SUGG,2018,10,2018-10-23,43.2390625,57.71,29.51
SUGG,2019,2,2019-02-01,20.8531707317073,21.04,20.62
SUGG,2019,2,2019-02-08,20.1935341365462,24.19,19.12
SUGG,2019,2,2019-02-09,20.9160069444444,24.85,19.11
SUGG,2019,2,2019-02-10,21.9048958333333,24.21,20.91
SUGG,2019,2,2019-02-11,21.8997101449275,24.6,20.98
SUGG,2019,2,2019-02-12,21.2178125,23.71,19.92
SUGG,2019,2,2019-02-13,21.3444791666667,24.28,20.35
SUGG,2019,2,2019-02-14,21.4200694444444,22.13,20.68
SUGG,2019,2,2019-02-15,23.2809578544061,25.66,21.5
SUGG,2019,2,2019-02-16,23.2752083333333,25.19,22.3
SUGG,2019,2,2019-02-17,22.9365972222222,24.9,22.1
SUGG,2019,2,2019-02-18,22.3976736111111,24.08,21.39
SUGG,2019,2,2019-02-19,21.9141463414634,22.91,21.18
SUGG,2019,2,2019-02-20,21.8067708333333,22.67,21.16
SUGG,2019,2,2019-02-21,21.2647038327526,23.04,20.86
SUGG,2019,2,2019-02-22,21.0422916666667,22.01,20.42
SUGG,2019,2,2019-02-23,21.1912152777778,22.14,20.42
SUGG,2019,2,2019-02-24,20.9154166666667,22.08,20.12
SUGG,2019,2,2019-02-25,20.7616666666667,22.12,19.89
SUGG,2019,2,2019-02-26,21.6579146919431,22.57,20.17
SUGG,2019,2,2019-02-27,22.0379861111111,22.6,21.38
SUGG,2019,2,2019-02-28,22.1224305555556,22.94,21.5
SUGG,2019,7,2019-07-01,13.9865979381443,14.27,13.62
SUGG,2019,7,2019-07-02,13.8925347222222,14.86,13.31
SUGG,2019,7,2019-07-03,13.285,13.82,12.88
SUGG,2019,7,2019-07-04,15.9940552995392,16.48,13.4
SUGG,2019,7,2019-07-05,16.1582142857143,16.49,15.94
SUGG,2019,7,2019-07-15,14.5091964285714,15.2,14.15
SUGG,2019,7,2019-07-16,15.7342805755396,16.82,14.43
SUGG,2019,7,2019-07-17,16.1688541666667,17.18,15.66
SUGG,2019,7,2019-07-18,16.1212587412587,18.68,15.62
SUGG,2019,7,2019-07-19,15.6929861111111,16.24,15.25
SUGG,2019,7,2019-07-20,15.5423611111111,16.07,15.13
SUGG,2019,7,2019-07-21,15.4988194444444,16.05,15.14
SUGG,2019,7,2019-07-22,15.5141666666667,15.97,15.09
SUGG,2019,7,2019-07-23,15.0306597222222,15.6,14.55
SUGG,2019,7,2019-07-24,14.5306944444444,15.78,13.94
SUGG,2019,7,2019-07-25,13.9767708333333,14.64,13.38
SUGG,2019,7,2019-07-26,14.2322222222222,15.06,13.13
SUGG,2019,7,2019-07-27,13.7186805555556,14.41,13.01
SUGG,2019,7,2019-07-28,13.4306597222222,14.05,12.56
SUGG,2019,7,2019-07-29,13.6909375,14.22,13.24
SUGG,2019,7,2019-07-30,13.3435763888889,13.95,13.04
SUGG,2019,7,2019-07-31,14.9981654676259,15.69,13.09
SUGG,2019,10,2019-10-01,13.5791319444444,13.89,13.34
SUGG,2019,10,2019-10-02,13.4232638888889,13.63,13.1
SUGG,2019,10,2019-10-03,13.1920486111111,13.59,12.72
SUGG,2019,10,2019-10-04,13.2161805555556,13.42,12.97
SUGG,2019,10,2019-10-05,13.2128125,13.52,12.83
SUGG,2019,10,2019-10-06,13.3228819444444,13.66,12.9
SUGG,2019,10,2019-10-07,13.3449305555556,13.61,12.99
SUGG,2019,10,2019-10-08,13.3157291666667,13.59,12.97
SUGG,2019,10,2019-10-09,13.5941810344828,13.89,13.05
SUGG,2019,10,2019-10-10,13.6066319444444,13.94,13.34
SUGG,2019,10,2019-10-11,13.6344097222222,13.82,13.26
SUGG,2019,10,2019-10-12,13.6629965156794,13.86,13.25
SUGG,2019,10,2019-10-13,13.6679513888889,14,13.41
SUGG,2019,10,2019-10-14,13.7210763888889,14.11,13.45
SUGG,2019,10,2019-10-15,13.6607638888889,14.29,13.36
SUGG,2019,10,2019-10-16,13.5972222222222,14.21,13.25
SUGG,2019,10,2019-10-17,13.4859722222222,14.15,13.18
SUGG,2019,10,2019-10-18,13.2419097222222,13.59,12.95
SUGG,2019,10,2019-10-19,12.9961805555556,14.27,12.48
SUGG,2019,10,2019-10-20,12.9721875,13.38,12.6
SUGG,2019,10,2019-10-21,12.1068055555556,13.2,11.11
SUGG,2019,10,2019-10-22,13.2425614035088,13.96,11.21
SUGG,2019,10,2019-10-23,13.5323958333333,14.1,13.09
SUGG,2019,10,2019-10-24,13.5765277777778,14.33,13.3
SUGG,2019,10,2019-10-25,13.5064236111111,13.8,13.2
SUGG,2019,10,2019-10-26,13.4694791666667,13.75,13.1
SUGG,2019,10,2019-10-27,13.4389236111111,13.82,12.97
SUGG,2019,10,2019-10-28,13.4285416666667,14.21,13.06
SUGG,2019,10,2019-10-29,13.3697916666667,13.77,13.05
SUGG,2019,10,2019-10-30,13.3975694444444,14.09,13.09
SUGG,2019,10,2019-10-31,13.391145833333301,13.93,12.98
SUGG,2020,2,2020-02-13,11.9181603773585,12.77,11.46
SUGG,2020,2,2020-02-14,11.7571180555556,12.43,11.43
SUGG,2020,2,2020-02-15,11.9187152777778,12.82,11.37
SUGG,2020,2,2020-02-16,11.83625,12.22,11.4
SUGG,2020,2,2020-02-17,11.8511458333333,12.81,11.43
SUGG,2020,2,2020-02-18,11.7364912280702,12.51,11.24
SUGG,2020,2,2020-02-19,11.734375,12.81,11.21
SUGG,2020,2,2020-02-20,11.7776388888889,12.6,11.22
SUGG,2020,2,2020-02-21,11.8865734265734,13.03,11.24
SUGG,2020,2,2020-02-22,11.8966666666667,12.33,11.55
SUGG,2020,2,2020-02-23,11.9095833333333,12.36,11.44
SUGG,2020,2,2020-02-24,11.9812847222222,12.71,11.51
SUGG,2020,2,2020-02-25,11.7614559386973,12.56,11.28
SUGG,2020,2,2020-02-26,11.8584615384615,12.1,11.72
SUGG,2020,2,2020-02-27,11.5354054054054,12.35,11.13
SUGG,2020,2,2020-02-28,11.4411458333333,12.21,11.11
SUGG,2020,2,2020-02-29,11.4481597222222,11.81,11.14
SUGG,2020,7,2020-07-01,10.886350877193,12.42,10.03
SUGG,2020,7,2020-07-02,10.9225622775801,12.28,10.21
SUGG,2020,7,2020-07-03,10.693082437276,11.98,9.88
SUGG,2020,7,2020-07-04,10.5083687943262,12.39,9.95
SUGG,2020,7,2020-07-05,10.2843571428571,11.65,9.71
SUGG,2020,7,2020-07-06,10.3045365853659,11.42,9.61
SUGG,2020,7,2020-07-07,9.94463157894737,10.5,9.58
SUGG,2020,7,2020-07-08,9.94087591240876,10.85,9.52
SUGG,2020,7,2020-07-09,9.95637992831541,10.63,9.51
SUGG,2020,7,2020-07-10,10.0400358422939,10.69,9.55
SUGG,2020,7,2020-07-11,10.1746575342466,10.76,9.83
SUGG,2020,7,2020-07-13,10.6439673913043,11.63,9.89
SUGG,2020,7,2020-07-14,11.0530324909747,11.74,10.29
SUGG,2020,7,2020-07-15,11.0958007117438,12.61,10.39
SUGG,2020,7,2020-07-16,11.1718505338078,12.87,10.35
SUGG,2020,7,2020-07-17,10.9704912280702,12.38,10.18
SUGG,2020,7,2020-07-18,10.776701754386,12.18,9.94
SUGG,2020,7,2020-07-19,11.2291319444444,12.41,10.61
SUGG,2020,7,2020-07-20,11.1058680555556,12.49,10.13
SUGG,2020,7,2020-07-21,10.5737979094077,12.47,8.96
SUGG,2020,7,2020-07-22,10.5134035087719,12.7,9.18
SUGG,2020,7,2020-07-23,10.3105555555556,11.81,8.89
SUGG,2020,7,2020-07-24,9.51484320557491,11.08,8.61
SUGG,2020,7,2020-07-25,8.64769230769231,9.82,7.57
SUGG,2020,7,2020-07-26,8.21844202898551,9.78,6.71
SUGG,2020,10,2020-10-01,17.2784375,20.63,14.8
SUGG,2020,10,2020-10-02,23.1392361111111,26.31,19.49
SUGG,2020,10,2020-10-03,27.7022222222222,30.89,24.91
SUGG,2020,10,2020-10-04,32.1128125,38.62,27.9
SUGG,2020,10,2020-10-05,35.2709027777778,38.9,33.4
SUGG,2020,10,2020-10-06,35.8519444444444,39.49,32.99
SUGG,2020,10,2020-10-07,38.2460416666667,44.37,34.11
SUGG,2020,10,2020-10-08,13.0545491803279,42.31,9.46
SUGG,2020,10,2020-10-09,9.97954703832753,11.07,9.44
SUGG,2020,10,2020-10-10,10.0575958188153,11.23,9.49
SUGG,2020,10,2020-10-11,10.2137037037037,10.87,9.93
SUGG,2020,10,2020-10-13,10.0023333333333,11.88,9.42
SUGG,2020,10,2020-10-14,10.2615972222222,13.06,9.49
SUGG,2020,10,2020-10-15,10.3106293706294,12,9.51
SUGG,2020,10,2020-10-16,10.6099652777778,14.78,9.36
SUGG,2020,10,2020-10-17,10.7605555555556,13.8,9.72
SUGG,2020,10,2020-10-18,10.2586759581882,12.08,9.33
SUGG,2020,10,2020-10-19,10.4738461538462,12.27,9.49
SUGG,2020,10,2020-10-20,10.5829861111111,12.1,9.67
SUGG,2020,10,2020-10-21,10.1756597222222,11.64,9.55
SUGG,2020,10,2020-10-22,10.0198954703833,11.6,9.42
SUGG,2020,10,2020-10-23,9.81024305555556,10.86,9.38
SUGG,2020,10,2020-10-24,9.73885416666667,10.8,9.24
SUGG,2020,10,2020-10-25,9.82454861111111,10.64,9.45
SUGG,2020,10,2020-10-26,10.0359722222222,11,9.55
SUGG,2020,10,2020-10-27,10.1905208333333,11.03,9.74
SUGG,2020,10,2020-10-28,10.3913888888889,10.96,10.04
SUGG,2020,10,2020-10-29,10.5913194444444,11.08,10.12
SUGG,2020,10,2020-10-30,11.0793379790941,11.57,10.4
SUGG,2020,10,2020-10-31,11.6211805555556,12.38,11
SUGG,2021,2,2021-02-01,10.7676842105263,11.66,10.3
SUGG,2021,2,2021-02-02,10.7003472222222,11.31,10.29
SUGG,2021,2,2021-02-03,11.0477253218884,12.26,10.52
SUGG,2021,2,2021-02-04,11.2215277777778,12.27,10.67
SUGG,2021,2,2021-02-05,11.219512195122,12.64,10.53
SUGG,2021,2,2021-02-06,10.9995486111111,12.25,10.48
SUGG,2021,2,2021-02-07,10.9089895470383,12.44,10.05
SUGG,2021,2,2021-02-08,10.5632986111111,11.27,10
SUGG,2021,2,2021-02-09,10.6239236111111,11.42,10.1
SUGG,2021,2,2021-02-10,10.5871180555556,11.55,9.86
SUGG,2021,2,2021-02-11,10.5685981308411,12.13,9.96
SUGG,2021,2,2021-02-12,10.6322648083624,11.77,10.01
SUGG,2021,2,2021-02-13,10.9194035087719,13.45,10.19
SUGG,2021,2,2021-02-14,10.4404166666667,12.3,9.49
SUGG,2021,2,2021-02-15,9.51214285714286,11.04,9.03
SUGG,2021,2,2021-02-16,9.98791666666667,11.07,9.14
SUGG,2021,2,2021-02-17,10.2240625,10.98,9.72
SUGG,2021,2,2021-02-18,10.0242708333333,10.79,9.35
SUGG,2021,2,2021-02-19,9.86944444444444,10.56,9.12
SUGG,2021,2,2021-02-20,9.95386759581882,10.96,9.24
SUGG,2021,2,2021-02-21,10.3746503496504,11.19,9.57
SUGG,2021,2,2021-02-22,9.92052083333333,11.44,9.46
SUGG,2021,2,2021-02-23,9.5801048951049,10.69,9.07
SUGG,2021,2,2021-02-24,9.39635416666667,10.6,8.79
SUGG,2021,2,2021-02-25,9.80961672473868,11.04,9.12
SUGG,2021,2,2021-02-26,10.0221602787456,10.97,9.51
SUGG,2021,2,2021-02-27,10.1040492957746,11.87,9.44
SUGG,2021,2,2021-02-28,10.4674652777778,12.48,9.7
SUGG,2021,6,2021-06-01,18.1779422382671,26.34,15.2
SUGG,2021,6,2021-06-02,19.1195019157088,24.93,14.56
SUGG,2021,6,2021-06-03,20.230329218107,26.78,15.26
SUGG,2021,6,2021-06-04,20.56375,28.43,15.31
SUGG,2021,6,2021-06-05,18.3854339622642,24.74,14.45
SUGG,2021,6,2021-06-06,17.3586013986014,22.28,13.6
SUGG,2021,6,2021-06-07,14.3101388888889,18.1,11.86
SUGG,2021,6,2021-06-08,13.1889716312057,16.83,11.23
SUGG,2021,6,2021-06-09,12.9963286713287,17.4,11.39
SUGG,2021,6,2021-06-10,13.1691814946619,18.49,11.43
SUGG,2021,6,2021-06-11,13.5608896797153,17.03,11.59
SUGG,2021,6,2021-06-12,14.0559649122807,18.29,11.22
SUGG,2021,6,2021-06-13,13.7942957746479,18.91,11.41
SUGG,2021,6,2021-06-14,13.4002857142857,18.15,11.42
SUGG,2021,6,2021-06-15,13.0926334519573,17.26,11.04
SUGG,2021,6,2021-06-16,12.2222535211268,15.43,10.8
SUGG,2021,6,2021-06-17,11.3093356643357,14.48,9.5
SUGG,2021,6,2021-06-18,13.3121319796954,18.86,9.92
SUGG,2021,6,2021-06-19,14.75556,21.51,11.49
SUGG,2021,6,2021-06-20,16.2734920634921,21.53,12.69
SUGG,2021,6,2021-06-21,14.6730357142857,18.97,11.94
SUGG,2021,6,2021-06-22,13.7835555555556,17.7,11.35
SUGG,2021,6,2021-06-23,12.3,15.54,10.85
SUGG,2021,6,2021-06-24,12.1186315789474,16.09,10.43
SUGG,2021,6,2021-06-25,12.3824113475177,17.46,10.58
SUGG,2021,6,2021-06-26,11.3891134751773,14.4,10.27
SUGG,2021,6,2021-06-27,11.8499652777778,14.02,10.7
SUGG,2021,6,2021-06-28,11.5464930555556,15.03,10.49
SUGG,2021,6,2021-06-29,12.4129020979021,16.56,10.95
SUGG,2021,6,2021-06-30,12.9431944444444,15.86,11.18
SUGG,2022,2,2022-02-01,8.71843205574913,10.08,8.16
SUGG,2022,2,2022-02-02,8.81024390243902,10.22,8.16
SUGG,2022,2,2022-02-03,8.7799649122807,10.25,8.12
SUGG,2022,2,2022-02-04,8.85353146853147,10.25,8.25
SUGG,2022,2,2022-02-05,8.82480836236934,9.9,8.21
SUGG,2022,2,2022-02-06,8.9904181184669,9.75,8.35
SUGG,2022,2,2022-02-07,8.96583333333333,9.93,8.43
SUGG,2022,2,2022-02-08,8.93878378378378,9.87,8.41
SUGG,2022,7,2022-07-01,21.5739759036145,29,16.71
SUGG,2022,7,2022-07-02,21.2603076923077,26.56,16.49
SUGG,2022,7,2022-07-03,20.2235335689046,25.9,13.82
SUGG,2022,7,2022-07-04,20.4955311355311,26.45,14.97
SUGG,2022,7,2022-07-05,19.5770422535211,26.18,14.95
SUGG,2022,7,2022-07-06,19.6415730337079,26.08,14.96
SUGG,2022,7,2022-07-07,23.9177366255144,31.1,17.41
SUGG,2022,7,2022-07-08,19.2399253731343,26.59,14.13
SUGG,2022,7,2022-07-09,21.5029856115108,27.63,16.61
SUGG,2022,7,2022-07-10,25.8780866425993,34.16,20.61
SUGG,2022,7,2022-07-11,26.9536013986014,31.5,23.48
SUGG,2022,7,2022-07-12,33.3359649122807,51.03,25.99
SUGG,2022,7,2022-07-13,34.2909829059829,45.7,27.58
SUGG,2022,7,2022-07-14,35.0997714285714,56.01,27.55
SUGG,2022,7,2022-07-15,35.3265437788018,49.01,27
SUGG,2022,7,2022-07-16,34.8414232209738,45.32,23.89
SUGG,2022,7,2022-07-17,40.9845454545455,53.91,24.34
SUGG,2022,7,2022-07-18,38.9833333333333,52.04,25.55
SUGG,2022,7,2022-07-19,27.7327956989247,42.05,19.42
SUGG,2022,7,2022-07-20,19.4386713286713,25.07,15.45
SUGG,2022,7,2022-07-21,15.702972027972,19.6,12.7
SUGG,2022,7,2022-07-22,17.676968641115,22.31,13.92
SUGG,2022,7,2022-07-23,21.360243902439,27.92,15.86
SUGG,2022,7,2022-07-24,20.4371684587814,26.1,15.86
SUGG,2022,7,2022-07-25,17.046048951049,21.83,14.13
SUGG,2022,7,2022-07-26,16.4809964412811,23.58,13.19
SUGG,2022,7,2022-07-27,17.3125263157895,21.59,14.17
SUGG,2022,7,2022-07-28,18.6797183098592,25.11,13.75
SUGG,2022,7,2022-07-29,23.03445,29.41,16.96
SUGG,2022,7,2022-07-30,28.356,51.21,18.69
SUGG,2022,7,2022-07-31,26.2817004048583,37.06,20.04
SUGG,2022,10,2022-10-01,13.4518055555556,16.26,12.15
SUGG,2022,10,2022-10-02,13.7690277777778,17.16,12.23
SUGG,2022,10,2022-10-03,13.0628472222222,14.29,12.41
SUGG,2022,10,2022-10-04,12.5094035087719,14.02,11.59
SUGG,2022,10,2022-10-05,12.5340277777778,13.89,11.77
SUGG,2022,10,2022-10-06,13.0249305555556,14.89,11.93
SUGG,2022,10,2022-10-07,13.3467013888889,14.92,12.01
SUGG,2022,10,2022-10-08,13.5444444444444,15.86,12.22
SUGG,2022,10,2022-10-09,14.6526736111111,16.87,11.66
SUGG,2022,10,2022-10-10,15.4008680555556,17.68,12.56
SUGG,2022,10,2022-10-11,15.7905208333333,18.66,14.05
SUGG,2022,10,2022-10-12,15.6261805555556,18.54,13.55
SUGG,2022,10,2022-10-13,16.1290625,20.93,13.75
SUGG,2022,10,2022-10-14,15.3805555555556,17.51,13.66
SUGG,2022,10,2022-10-15,14.4165734265734,17.64,12.84
SUGG,2022,10,2022-10-16,13.4745614035088,15.8,12.34
SUGG,2022,10,2022-10-17,13.6680769230769,16.31,12.68
SUGG,2022,10,2022-10-18,13.8663533834586,16.2,12.59
SUGG,2022,10,2022-10-19,13.3029166666667,14.93,12.54
SUGG,2022,10,2022-10-20,12.9776388888889,14.62,12.27
SUGG,2022,10,2022-10-21,13.1656944444444,14.96,12.11
SUGG,2022,10,2022-10-22,12.8873958333333,15.31,11.98
SUGG,2022,10,2022-10-23,12.8714285714286,15.43,11.89
SUGG,2022,10,2022-10-24,12.5900347222222,14.43,11.71
SUGG,2022,10,2022-10-25,12.6004861111111,14.7,11.63
SUGG,2022,10,2022-10-26,13.1334615384615,16.27,11.97
SUGG,2022,10,2022-10-27,13.1073170731707,16.1,11.88
SUGG,2022,10,2022-10-28,13.6536458333333,17.51,12.19
SUGG,2022,10,2022-10-29,13.20875,15.24,11.79
SUGG,2022,10,2022-10-30,13.1306944444444,14.83,12.31
SUGG,2022,10,2022-10-31,13.1526829268293,14.84,12.02
SUGG,2023,2,2023-02-23,15.8465277777778,18.43,14.56
SUGG,2023,2,2023-02-24,15.5170848708487,20.47,13.72
SUGG,2023,2,2023-02-25,18.5541696113074,22.23,15.2
SUGG,2023,2,2023-02-26,19.8825,24.69,17.32
SUGG,2023,2,2023-02-27,20.9136071428571,26.96,18.9
SUGG,2023,2,2023-02-28,20.4215972222222,22.77,19.06
SUGG,2023,6,2023-06-01,14.9894444444444,17.32,13.22
SUGG,2023,6,2023-06-02,15.9519444444444,19.23,14
SUGG,2023,6,2023-06-03,17.2449206349206,19.36,15.57
SUGG,2023,6,2023-06-05,20.8582222222222,23.57,19.4
SUGG,2023,6,2023-06-06,19.9820567375887,22.89,18.42
SUGG,2023,6,2023-06-07,18.6456741573034,23.26,16.2
SUGG,2023,6,2023-06-08,14.4157142857143,20.36,12.51
SUGG,2023,6,2023-06-09,13.4673611111111,15.76,12.24
SUGG,2023,6,2023-06-10,13.8051502145923,17.4,12.13
SUGG,2023,6,2023-06-11,13.562625698324,16.45,12
SUGG,2023,6,2023-06-12,14.4717708333333,17.25,12.99
SUGG,2023,6,2023-06-13,14.1720833333333,16.21,12.94
SUGG,2023,6,2023-06-14,15.6286111111111,20.18,13.29
SUGG,2023,6,2023-06-15,16.7459786476868,19.62,14.65
SUGG,2023,6,2023-06-16,14.0768402777778,16.4,11.17
SUGG,2023,6,2023-06-17,11.2694444444444,12.78,9.9
SUGG,2023,6,2023-06-18,11.0693055555556,14.31,9.93
SUGG,2023,6,2023-06-19,11.1758680555556,12.51,10.05
SUGG,2023,6,2023-06-20,12.4077777777778,13.86,11.01
SUGG,2023,6,2023-06-21,13.4427777777778,15.4,12
SUGG,2023,6,2023-06-22,15.0358041958042,18.09,12.87
SUGG,2023,6,2023-06-23,14.5156944444444,17,13.28
SUGG,2023,6,2023-06-24,16.5043055555556,20.66,12.97
SUGG,2023,6,2023-06-25,19.8497916666667,23.6,16.19
SUGG,2023,10,2023-10-01,10.9057986111111,12.26,10.02
SUGG,2023,10,2023-10-02,10.98375,12.5,10.11
SUGG,2023,10,2023-10-03,11.5339361702128,13.39,10.17
SUGG,2023,10,2023-10-04,11.7717735849057,13.79,10.74
SUGG,2023,10,2023-10-05,11.9385763888889,14.57,10.83
SUGG,2023,10,2023-10-06,12.1585069444444,14.64,11.09
SUGG,2023,10,2023-10-07,12.8898263888889,15.15,11.27
SUGG,2023,10,2023-10-08,13.2113194444444,16.36,11.85
SUGG,2023,10,2023-10-09,12.8131944444444,15.02,11.16
SUGG,2023,10,2023-10-10,13.4342013888889,17.14,11.06
SUGG,2023,10,2023-10-11,14.3923048327138,19.11,12.26
SUGG,2023,10,2023-10-12,13.0897916666667,16.16,11.45
SUGG,2023,10,2023-10-13,12.2722569444444,16.44,11.12
SUGG,2023,10,2023-10-14,13.6593055555556,16.73,11.3
SUGG,2023,10,2023-10-15,14.0478125,18.23,12.52
SUGG,2023,10,2023-10-16,15.2942013888889,18.77,13.63
SUGG,2023,10,2023-10-17,16.2522569444444,19.26,14.97
SUGG,2023,10,2023-10-18,19.0814583333333,23.02,15.01
SUGG,2023,10,2023-10-19,20.0451388888889,22.85,17.67
SUGG,2023,10,2023-10-20,23.0121527777778,28.64,19.41
SUGG,2023,10,2023-10-21,22.2832986111111,26.42,20.7
SUGG,2023,10,2023-10-22,24.5888194444444,29.74,21.89
SUGG,2023,10,2023-10-23,27.9810069444444,32.28,24.47
SUGG,2023,10,2023-10-24,30.0606944444444,33.91,27.22
SUGG,2023,10,2023-10-25,19.8390559440559,33.58,12.99
SUGG,2023,10,2023-10-26,14.6797916666667,18.64,12.58
SUGG,2023,10,2023-10-27,15.0535087719298,18.96,12.96
SUGG,2023,10,2023-10-28,16.1607291666667,18.2,14
SUGG,2023,10,2023-10-29,17.0438888888889,20.34,14.43
SUGG,2023,10,2023-10-30,17.0793055555556,19.55,14.98
SUGG,2023,10,2023-10-31,19.4568055555556,23,17.39
SUGG,2024,7,2024-07-01,16.0558391608392,21.26,14.06
SUGG,2024,7,2024-07-02,16.8713028169014,21.12,13.67
SUGG,2024,7,2024-07-03,17.5880357142857,23.09,14.73
SUGG,2024,7,2024-07-04,17.3719928825623,22.78,14.89
SUGG,2024,7,2024-07-05,17.8445964912281,22.01,15.66
SUGG,2024,7,2024-07-06,18.4545964912281,22.93,15.75
SUGG,2024,7,2024-07-07,18.4968055555556,22.84,15.99
SUGG,2024,7,2024-07-08,19.3326041666667,24.3,15.95
SUGG,2024,7,2024-07-09,18.3920070422535,21.87,15.94
SUGG,2024,7,2024-07-10,18.0373309608541,21.08,15.02
SUGG,2024,7,2024-07-11,18.4665371024735,23.09,16.23
SUGG,2024,7,2024-07-12,19.5798936170213,24.75,16.4
SUGG,2024,7,2024-07-13,21.7279642857143,29.76,17.62
SUGG,2024,7,2024-07-14,22.6102702702703,29.04,18.46
SUGG,2024,7,2024-07-15,20.77625,25.53,17.08
SUGG,2024,7,2024-07-16,20.3949103942652,25.73,15.44
SUGG,2024,7,2024-07-17,20.26375,25.66,16.74
SUGG,2024,7,2024-07-18,21.8381007751938,27.99,18.19
SUGG,2024,7,2024-07-19,22.6069026548673,31.3,17.66
SUGG,2024,7,2024-07-20,22.9663706563707,28.69,18.32
SUGG,2024,7,2024-07-21,23.1671428571429,29.11,18.52
SUGG,2024,7,2024-07-22,23.4810683760684,29.77,18.66
SUGG,2024,7,2024-07-23,23.1147154471545,28.65,18.05
SUGG,2024,7,2024-07-24,23.7245327102804,32.05,18.36
SUGG,2024,7,2024-07-25,23.4928151260504,31.23,18.08
SUGG,2024,7,2024-07-26,23.4001581027668,28.82,19.11
SUGG,2024,7,2024-07-27,22.6434632034632,27.89,18.64
SUGG,2024,7,2024-07-28,21.5334,27.69,17.41
SUGG,2024,7,2024-07-29,20.6687452471483,26.33,16.17
SUGG,2024,7,2024-07-30,22.6717446808511,30.65,16.5
SUGG,2024,7,2024-07-31,24.4569911504425,29.45,18.78
SUGG,2024,10,2024-10-01,16.7429370629371,21.42,14.59
SUGG,2024,10,2024-10-02,18.7952962962963,23.09,14.93
SUGG,2024,10,2024-10-03,19.3052592592593,25.65,15.08
SUGG,2024,10,2024-10-04,17.2106338028169,24.17,13.81
SUGG,2024,10,2024-10-06,17.9506293706294,22.1,16.07
SUGG,2024,10,2024-10-07,16.6124390243902,19.5,14.49
SUGG,2024,10,2024-10-08,15.528701754386,17.59,13.79
SUGG,2024,10,2024-10-09,15.1342965779468,16.73,13.56
SUGG,2024,10,2024-10-10,14.435625,15.81,13.37
SUGG,2024,10,2024-10-11,14.5631118881119,18.54,13.46
SUGG,2024,10,2024-10-12,15.2038245614035,17.01,13.63
SUGG,2024,10,2024-10-13,15.722296819788,19.33,13.81
SUGG,2024,10,2024-10-14,16.5114385964912,20.82,14.82
SUGG,2024,10,2024-10-15,17.1143006993007,18.95,15.36
SUGG,2024,10,2024-10-16,18.3103832752613,22.65,16.17
SUGG,2024,10,2024-10-17,18.2505226480836,21.86,16.93
SUGG,2024,10,2024-10-18,18.4716433566434,21.79,16.97
SUGG,2024,10,2024-10-19,18.9229225352113,21.47,17.39
SUGG,2024,10,2024-10-20,19.278125,22.44,17.73
SUGG,2024,10,2024-10-21,19.2036933797909,21.43,16.97
SUGG,2024,10,2024-10-22,19.0764583333333,20.7,17.62
SUGG,2024,10,2024-10-23,18.7988461538462,21.42,17.1
SUGG,2024,10,2024-10-24,18.5165625,20.99,16.89
SUGG,2024,10,2024-10-25,19.0712543554007,22.76,17.11
SUGG,2024,10,2024-10-26,19.7914840989399,22.43,17.27
SUGG,2024,10,2024-10-27,20.7645422535211,25.54,18.79
SUGG,2024,10,2024-10-28,20.8108013937282,24.38,18.52
SUGG,2024,10,2024-10-29,18.8170740740741,20.65,17.26
SUGG,2024,10,2024-10-30,18.4075874125874,20.52,17.16
SUGG,2024,10,2024-10-31,17.7251916376307,19.51,16.72
TOOK,2019,7,2019-07-19,1.59719557195572,2.09,1.15
TOOK,2019,7,2019-07-20,1.224,2.18,0.74
TOOK,2019,7,2019-07-21,1.26701388888889,1.53,0.96
TOOK,2019,7,2019-07-22,1.36303886925795,2.17,0.97
TOOK,2019,7,2019-07-23,1.08054474708171,2.02,0.28
TOOK,2019,7,2019-07-24,0.799652777777778,1.36,0.13
TOOK,2019,7,2019-07-25,0.912777777777778,2.13,0.52
TOOK,2019,7,2019-07-26,1.0040625,1.52,0.38
TOOK,2019,7,2019-07-27,1.50597222222222,2.93,0.86
TOOK,2019,7,2019-07-28,1.64519298245614,2.38,1.18
TOOK,2019,7,2019-07-29,1.84319444444444,3.07,1.28
TOOK,2019,7,2019-07-30,1.65767361111111,2.5,0.91
TOOK,2019,7,2019-07-31,1.38857638888889,2.4,0.7
TOOK,2019,9,2019-09-01,1.66076388888889,2.73,0.82
TOOK,2019,9,2019-09-02,1.57411149825784,2.28,0.81
TOOK,2019,9,2019-09-03,1.56847222222222,2.18,0.85
TOOK,2019,9,2019-09-04,1.75854166666667,2.55,0.85
TOOK,2019,9,2019-09-05,2.05591549295775,3.84,1.45
TOOK,2019,9,2019-09-06,1.7490625,2.57,0.92
TOOK,2019,9,2019-09-07,1.70351916376307,2.4,0.9
TOOK,2019,9,2019-09-08,1.88034722222222,2.9,1.02
TOOK,2019,9,2019-09-09,1.82993031358885,2.52,0.93
TOOK,2019,9,2019-09-10,1.88916666666667,3.2,0.73
TOOK,2019,9,2019-09-11,2.09753472222222,3.02,1.47
TOOK,2019,9,2019-09-12,2.20696864111498,3.35,1.36
TOOK,2019,9,2019-09-13,2.0434375,3.39,1.08
TOOK,2019,9,2019-09-14,2.205625,3.19,1.6
TOOK,2019,9,2019-09-15,2.16125,3.46,1.14
TOOK,2019,9,2019-09-16,2.11836805555556,3.21,1.08
TOOK,2019,9,2019-09-17,2.09850694444444,3.05,1.35
TOOK,2019,9,2019-09-18,2.11170138888889,2.91,1.6
TOOK,2019,9,2019-09-19,1.8175,3.01,0.91
TOOK,2021,7,2021-07-01,5.14576388888889,7.28,3.87
TOOK,2021,7,2021-07-02,5.17982638888889,6.78,4.05
TOOK,2021,7,2021-07-03,5.52809027777778,8.12,4.02
TOOK,2021,7,2021-07-04,5.97809027777778,8.48,4.1
TOOK,2021,7,2021-07-05,6.18194444444444,8.65,4.45
TOOK,2021,7,2021-07-06,4.65274305555556,7.89,2.79
TOOK,2021,7,2021-07-07,2.35243902439024,4.24,1.17
TOOK,2021,7,2021-07-08,2.33784722222222,3.93,1.19
TOOK,2021,7,2021-07-09,2.26628472222222,3.78,1.31
TOOK,2021,7,2021-07-10,2.33388888888889,5.23,1.36
TOOK,2021,7,2021-07-11,2.19548611111111,3.88,0.99
TOOK,2021,7,2021-07-12,2.169375,3.26,1.22
TOOK,2021,7,2021-07-13,1.57913194444444,2.68,0.78
TOOK,2021,7,2021-07-14,2.01913194444444,3.37,1.18
TOOK,2021,7,2021-07-15,1.90034722222222,2.93,1.08
TOOK,2021,7,2021-07-16,1.84454861111111,2.86,0.97
TOOK,2021,7,2021-07-17,1.78930555555556,2.52,1.09
TOOK,2021,7,2021-07-18,1.72395833333333,2.62,0.95
TOOK,2021,7,2021-07-19,1.44319444444444,2.54,0.84
TOOK,2021,7,2021-07-20,1.39416666666667,2.2,0.83
TOOK,2021,7,2021-07-21,1.37263888888889,2.15,0.78
TOOK,2021,7,2021-07-22,1.59197916666667,2.52,0.96
TOOK,2021,7,2021-07-23,1.43558685446009,2.57,0.77
TOOK,2021,7,2021-07-24,1.10327526132404,2.58,0.53
TOOK,2021,7,2021-07-25,1.25524305555556,1.87,0.85
TOOK,2021,7,2021-07-26,1.28972222222222,1.9,0.77
TOOK,2021,7,2021-07-27,1.43475694444444,2.01,0.98
TOOK,2021,7,2021-07-28,1.37642361111111,2.05,0.87
TOOK,2021,7,2021-07-29,1.27017421602787,1.81,0.89
TOOK,2021,7,2021-07-30,1.3496875,2.1,0.91
TOOK,2021,7,2021-07-31,1.51298611111111,2.44,0.85
TOOK,2021,9,2021-09-01,1.89184027777778,2.91,1.17
TOOK,2021,9,2021-09-02,2.00390243902439,3.01,1.23
TOOK,2021,9,2021-09-03,1.99760416666667,3.1,1.04
TOOK,2021,9,2021-09-04,1.98600694444444,3.05,1.02
TOOK,2021,9,2021-09-05,1.88027777777778,4.48,0.86
TOOK,2021,9,2021-09-06,2.05805555555556,3.36,1.22
TOOK,2021,9,2021-09-07,1.97298611111111,2.82,1.06
TOOK,2021,9,2021-09-08,1.97315972222222,2.44,1.12
TOOK,2021,9,2021-09-09,2.09347222222222,3.46,1.25
TOOK,2021,9,2021-09-10,2.24020833333333,3.77,1.43
TOOK,2021,9,2021-09-11,2.33909722222222,3.98,1.31
TOOK,2021,9,2021-09-12,2.42204861111111,3.59,1.54
TOOK,2021,9,2021-09-13,2.09968253968254,3.04,1.22
TOOK,2022,8,2022-08-01,3.4735,4.03,2.93
TOOK,2022,8,2022-08-09,3.02166666666667,3.74,2.37
TOOK,2022,8,2022-08-10,2.90567944250871,3.88,2.34
TOOK,2022,8,2022-08-11,2.87028225806452,3.68,2.4
TOOK,2022,8,2022-08-12,2.89329861111111,4.03,2.26
TOOK,2022,8,2022-08-13,2.95425925925926,4.56,2.31
TOOK,2022,8,2022-08-15,2.70443661971831,3.51,2.24
TOOK,2022,8,2022-08-16,2.60350694444444,3.49,2
TOOK,2022,8,2022-08-17,2.60982638888889,3.5,2.05
TOOK,2022,8,2022-08-18,2.62743055555556,3.3,2.13
TOOK,2022,8,2022-08-19,2.3715859030837,3.38,1.71
TOOK,2022,8,2022-08-20,2.70513108614232,4.28,1.62
TOOK,2022,8,2022-08-21,2.82018115942029,3.74,1.82
TOOK,2022,8,2022-08-22,2.88721611721612,3.67,1.87
TOOK,2022,8,2022-08-23,2.66447272727273,3.98,1.35
TOOK,2022,8,2022-08-24,2.65402777777778,3.72,1.67
TOOK,2022,8,2022-08-25,2.64629893238434,3.98,1.34
TOOK,2022,8,2022-08-26,2.66312280701754,3.76,1.52
TOOK,2022,8,2022-08-27,2.742,3.78,1.4
TOOK,2022,8,2022-08-28,2.82025862068966,3.79,1.72
TOOK,2022,8,2022-08-29,2.82912087912088,3.57,1.74
TOOK,2022,8,2022-08-30,2.83397058823529,4.35,1.77
TOOK,2022,8,2022-08-31,2.792,3.71,1.51
TOOK,2022,9,2022-09-01,2.65739130434783,3.5,1.89
TOOK,2022,9,2022-09-02,2.69025270758123,5.21,1.47
TOOK,2022,9,2022-09-03,2.79434782608696,4.36,1.53
TOOK,2022,9,2022-09-04,2.54755681818182,4.53,1.57
TOOK,2022,9,2022-09-06,2.53056179775281,3.57,1.41
TOOK,2022,9,2022-09-07,2.78357142857143,3.46,1.67
TOOK,2022,9,2022-09-08,2.75575,3.29,1.76
TOOK,2022,9,2022-09-09,2.5734693877551,4.09,1.42
TOOK,2022,9,2022-09-10,2.85967391304348,3.75,2.08
TOOK,2022,9,2022-09-11,3.03576086956522,3.82,2.16
TOOK,2022,9,2022-09-12,2.70101449275362,3.76,1.5
TOOK,2022,9,2022-09-13,2.80597826086957,3.33,2.14
TOOK,2022,9,2022-09-14,3.08151079136691,3.64,2.4
TOOK,2022,9,2022-09-15,3.19629090909091,4.38,2.13
TOOK,2022,9,2022-09-16,3.0185559566787,5.17,1.74
TOOK,2022,9,2022-09-17,2.79216606498195,3.68,1.37
TOOK,2022,9,2022-09-18,2.93894927536232,3.51,1.74
TOOK,2022,9,2022-09-19,3.05340579710145,3.8,1.71
TOOK,2022,9,2022-09-20,2.74485507246377,3.54,1.68
TOOK,2023,7,2023-07-01,5.2437323943662,6.85,3.78
TOOK,2023,7,2023-07-02,5.75399305555556,11.56,4.33
TOOK,2023,7,2023-07-03,4.90302083333333,6.29,4.09
TOOK,2023,7,2023-07-04,3.90322429906542,7.07,1.88
TOOK,2023,7,2023-07-05,3.69625,4.89,2.66
TOOK,2023,7,2023-07-06,3.39607638888889,4.68,1.88
TOOK,2023,7,2023-07-07,3.3171875,6.09,2.08
TOOK,2023,7,2023-07-08,2.9803125,4.21,1.86
TOOK,2023,7,2023-07-09,3.87354581673307,5.02,2.26
TOOK,2023,7,2023-07-10,3.88631944444444,5.4,1.92
TOOK,2023,7,2023-07-11,4.72460714285714,6.11,3.81
TOOK,2023,7,2023-07-12,4.12697841726619,6.43,2.05
TOOK,2023,7,2023-07-13,4.50126811594203,6.34,3.32
TOOK,2023,7,2023-07-14,4.03967625899281,6.25,2.56
TOOK,2023,7,2023-07-15,4.29394927536232,5.84,3.26
TOOK,2023,7,2023-07-16,4.14257246376812,5.42,2.99
TOOK,2023,7,2023-07-17,4.43956678700361,5.74,3.21
TOOK,2023,7,2023-07-18,4.10591397849462,5.88,2.98
TOOK,2023,7,2023-07-19,3.67179211469534,5.88,2.56
TOOK,2023,7,2023-07-20,3.36707142857143,6.48,2.23
TOOK,2023,7,2023-07-21,3.36561264822134,5.2,2.32
TOOK,2023,7,2023-07-22,3.55418118466899,4.41,2.7
TOOK,2023,7,2023-07-23,2.93902777777778,4.51,2
TOOK,2023,7,2023-07-24,2.45034722222222,3.86,1.86
TOOK,2023,7,2023-07-25,2.80082949308756,4.24,2.06
TOOK,2023,7,2023-07-26,2.82456834532374,4.46,2
TOOK,2023,7,2023-07-27,2.61269784172662,4.5,1.81
TOOK,2023,7,2023-07-28,2.81853046594982,4.55,1.66
TOOK,2023,7,2023-07-29,2.76978417266187,4.59,1.85
TOOK,2023,7,2023-07-30,2.72819852941176,4.71,2.06
TOOK,2023,7,2023-07-31,3.02755474452555,4.41,2.39
TOOK,2023,9,2023-09-01,4.07743682310469,5.28,2.33
TOOK,2023,9,2023-09-02,4.02423357664234,7.43,2.47
TOOK,2023,9,2023-09-03,4.03941818181818,5.11,2.38
TOOK,2023,9,2023-09-04,3.88255474452555,4.82,2.36
TOOK,2023,9,2023-09-05,3.80400722021661,5.59,2.4
TOOK,2023,9,2023-09-06,3.77583025830258,4.67,2.41
TOOK,2023,9,2023-09-07,3.87739130434783,5.2,2.4
TOOK,2023,9,2023-09-08,3.90692028985507,5.59,2.54
TOOK,2023,9,2023-09-09,3.81862815884477,4.95,2.72
TOOK,2023,9,2023-09-10,3.92376811594203,4.85,2.87
TOOK,2023,9,2023-09-11,3.9513357400722,5.53,2.9
TOOK,2023,9,2023-09-12,4.07046762589928,5.25,3.02
TOOK,2023,9,2023-09-13,4.26122727272727,5.67,3.48
TOOK,2023,9,2023-09-14,4.08880866425993,5.46,2.94
TOOK,2023,9,2023-09-15,3.99086330935252,5.73,2.59
TOOK,2023,9,2023-09-16,4.20625454545455,5.35,3.27
TOOK,2023,9,2023-09-17,4.13410909090909,5.37,3.21
TOOK,2023,9,2023-09-18,4.24615942028985,5.43,3.33
TOOK,2024,8,2024-08-01,3.01353571428571,4.81,1.8
TOOK,2024,8,2024-08-02,3.02407142857143,4.27,2.13
TOOK,2024,8,2024-08-03,2.775,4.37,1.88
TOOK,2024,8,2024-08-04,2.80888888888889,3.6,2.04
TOOK,2024,8,2024-08-05,2.78802083333333,3.61,1.97
TOOK,2024,8,2024-08-06,2.79244680851064,4.28,1.87
TOOK,2024,8,2024-08-07,2.88440433212996,4.87,1.98
TOOK,2024,8,2024-08-08,3.03381526104418,4.34,2.14
TOOK,2024,8,2024-08-09,3.05198581560284,4.23,2.26
TOOK,2024,8,2024-08-10,2.98890070921986,4.98,1.98
TOOK,2024,8,2024-08-11,2.86751773049645,3.8,2.08
TOOK,2024,8,2024-08-12,2.83427046263345,3.85,1.96
TOOK,2024,8,2024-08-13,2.73351063829787,3.77,2.13
TOOK,2024,8,2024-08-14,2.51100775193798,3.15,1.93
TOOK,2024,8,2024-08-15,2.65287234042553,3.87,1.73
TOOK,2024,8,2024-08-16,2.63393617021277,3.62,2
TOOK,2024,8,2024-08-17,2.62166666666667,3.42,2.01
TOOK,2024,8,2024-08-18,2.69259689922481,3.63,2.02
TOOK,2024,8,2024-08-19,2.63521276595745,3.05,1.96
TOOK,2024,8,2024-08-20,2.66347517730496,3.12,1.96
TOOK,2024,8,2024-08-21,2.8527304964539,3.83,2.15
TOOK,2024,8,2024-08-22,2.73815602836879,3.32,2.05
TOOK,2024,8,2024-08-23,2.83024822695035,3.54,2.2
TOOK,2024,8,2024-08-24,2.93929078014184,3.68,2.16
TOOK,2024,8,2024-08-25,2.99872340425532,3.85,2
TOOK,2024,8,2024-08-26,2.95230496453901,4.21,1.96
TOOK,2024,8,2024-08-27,2.98915254237288,4.23,1.91
TOOK,2024,8,2024-08-28,3.13074468085106,4.36,1.93
TOOK,2024,8,2024-08-29,3.23620567375887,4.83,2.46
TOOK,2024,8,2024-08-30,3.215,4.09,2.48
TOOK,2024,8,2024-08-31,3.14209302325581,4.22,1.58
TOOK,2024,9,2024-09-03,2.37258373205742,3.26,1.29
TOOK,2024,9,2024-09-04,2.91471631205674,4.52,2.24
TOOK,2024,9,2024-09-05,2.82310559006211,3.73,1.78
TOOK,2024,9,2024-09-06,3.05135371179039,4,2.22
TOOK,2024,9,2024-09-07,2.9422695035461,4.26,2.11
TOOK,2024,9,2024-09-08,2.86687943262411,4.03,1.7
TOOK,2024,9,2024-09-09,2.79872340425532,3.96,1.71
TOOK,2024,9,2024-09-10,2.80162962962963,3.99,1.54
TOOK,2024,9,2024-09-11,2.81259124087591,3.7,1.29
TOOK,2024,9,2024-09-12,2.86528368794326,3.86,1.74
TOOK,2024,9,2024-09-13,2.814128113879,4.45,1.61
TOOK,2024,9,2024-09-14,2.97507092198582,4.07,1.81
TOOK,2024,9,2024-09-15,2.78070921985816,4.14,1.56
TOOK,2024,9,2024-09-16,2.94595744680851,3.87,2.03
TOOK,2024,9,2024-09-17,2.98652482269504,4.2,1.89
TOOK,2024,9,2024-09-18,2.98244680851064,3.98,1.63
TOOK,2024,9,2024-09-19,3.34914285714286,3.92,2.71
