siteID,collectDate,temp_mean_daily,temp_max_daily,temp_min_daily
BARC,2017-08-27,31.50375,31.89,31.25
BARC,2017-08-28,31.2370833333333,31.55,30.88
BARC,2017-08-29,30.911875,31.34,30.54
BARC,2017-08-30,31.2704166666667,32.41,30.51
BARC,2017-08-31,31.8157446808511,33.14,30.56
BARC,2017-09-01,31.6116666666667,32.55,30.94
BARC,2017-09-02,31.4404166666667,32.26,30.8
BARC,2017-09-03,30.7460416666667,31.12,30.34
BARC,2017-09-04,31.5852083333333,33.04,30.3
BARC,2017-09-05,31.0914583333333,31.86,30.45
BARC,2017-09-06,31.0633333333333,31.76,30.43
BARC,2017-09-07,30.5102083333333,30.84,30.13
BARC,2017-09-08,30.3725,31.03,29.86
BARC,2017-09-09,29.9847916666667,30.4,29.57
BARC,2017-09-10,29.463125,29.8,28.94
BARC,2017-09-11,27.9825,28.89,27
BARC,2017-09-12,26.5340425531915,26.97,26.15
BARC,2017-09-13,26.815625,27.49,26.16
BARC,2017-09-14,28.0351063829787,29.23,26.39
BARC,2017-09-15,29.2948837209302,30.77,27.33
BARC,2017-09-16,29.4452173913043,30.06,28.49
BARC,2017-09-17,28.969375,29.45,28.27
BARC,2017-09-18,28.8370833333333,29.39,28.23
BARC,2017-09-19,28.650625,29.14,28.04
BARC,2017-09-20,28.9922916666667,29.98,28.03
BARC,2017-09-21,29.4347916666667,30.75,28.22
BARC,2017-09-22,29.1876595744681,29.96,28.52
BARC,2017-09-23,28.9341666666667,29.38,28.48
BARC,2017-09-24,28.8320833333333,29.24,28.45
BARC,2017-09-25,29.0439583333333,29.59,28.45
BARC,2017-09-26,29.65375,30.67,28.56
BARC,2017-09-27,29.83,30.67,28.85
BARC,2017-09-28,30.10375,31.03,29.12
BARC,2017-09-29,30.18375,31.17,29.28
BARC,2017-09-30,30.2441666666667,31.09,29.33
BARC,2017-10-01,29.3172916666667,29.7,28.82
BARC,2017-10-02,28.419375,28.8,28
BARC,2017-10-03,28.0554166666667,28.4,27.69
BARC,2017-10-04,27.7333333333333,28,27.44
BARC,2017-10-05,27.4866666666667,27.76,27.15
BARC,2017-10-06,27.1964583333333,27.4,27.02
BARC,2017-10-07,28.14625,28.98,27.02
BARC,2017-10-08,28.375625,29.13,27.7
BARC,2017-10-09,28.4508333333333,28.88,27.94
BARC,2017-10-10,29.4654166666667,30.96,28.07
BARC,2017-10-11,29.546875,30.35,28.71
BARC,2017-10-12,29.5202083333333,30.41,28.8
BARC,2017-10-13,29.0206382978723,29.55,28.44
BARC,2017-10-14,28.6233333333333,29.02,28.17
BARC,2017-10-15,28.530625,29.01,28.14
BARC,2017-10-16,28.6022916666667,29.15,28.14
BARC,2017-10-17,29.105,30.29,28.03
BARC,2017-10-18,27.5714583333333,28,26.89
BARC,2017-10-19,26.8147916666667,27.14,26.38
BARC,2017-10-20,26.376875,26.57,26.13
BARC,2017-10-21,26.440625,26.88,26.09
BARC,2017-10-22,26.2714583333333,26.53,26.07
BARC,2017-10-23,26.648125,27.11,26.06
BARC,2017-10-24,26.4016666666667,26.67,26.14
BARC,2017-10-25,26.3379166666667,27.05,25.67
BARC,2017-10-26,25.346875,25.72,24.74
BARC,2017-10-27,24.5797916666667,25.06,24.06
BARC,2017-10-28,24.124375,24.52,23.67
BARC,2017-10-29,24.124375,24.66,23.64
BARC,2017-10-30,23.2885416666667,23.65,22.65
BARC,2017-10-31,22.4908333333333,22.88,22.01
BARC,2017-11-01,22.2652173913043,23.1,21.69
BARC,2017-11-02,22.2275,22.87,21.65
BARC,2017-11-03,22.485,23.22,21.73
BARC,2017-11-04,22.6272916666667,23.26,21.89
BARC,2017-11-05,22.7295833333333,23.27,22.08
BARC,2017-11-06,22.744375,23.12,22.32
BARC,2017-11-07,23.4060416666667,24.62,22.45
BARC,2017-11-08,23.8076595744681,24.98,22.81
BARC,2017-11-09,23.9697916666667,24.97,22.98
BARC,2017-11-10,23.5127083333333,24.01,22.88
BARC,2017-11-11,22.6735416666667,22.89,22.29
BARC,2017-11-12,22.3052083333333,22.52,22.04
BARC,2017-11-13,22.3570833333333,22.63,22.01
BARC,2017-11-14,22.3925,22.76,22.08
BARC,2017-11-15,21.9175,22.19,21.38
BARC,2017-11-16,21.2522916666667,21.5,20.89
BARC,2017-11-17,20.9077083333333,21.23,20.59
BARC,2017-11-18,20.8572916666667,21.41,20.42
BARC,2017-11-19,20.8641666666667,21.29,20.39
BARC,2017-11-20,20.5289583333333,20.86,20.09
BARC,2017-11-21,20.1820833333333,20.41,19.93
BARC,2017-11-22,20.1583333333333,20.41,19.92
BARC,2017-11-23,20.4179166666667,20.85,19.92
BARC,2017-11-24,19.9729166666667,20.09,19.77
BARC,2017-11-25,19.87625,20.27,19.59
BARC,2017-11-26,19.9208333333333,20.37,19.55
BARC,2017-11-27,19.8985416666667,20.44,19.5
BARC,2017-11-28,19.844375,20.43,19.47
BARC,2017-11-29,19.978,20.38,19.46
BARC,2017-11-30,20.1983783783784,20.61,19.68
BARC,2017-12-01,20.27,20.78,19.87
BARC,2017-12-02,20.7135,21.73,19.9
BARC,2017-12-03,20.6076923076923,21.21,20.08
BARC,2017-12-04,20.6393023255814,21.22,20.21
BARC,2017-12-05,20.4985106382979,20.88,20.18
BARC,2017-12-06,20.9289361702128,21.43,20.22
BARC,2017-12-07,20.8517021276596,21.3,20.4
BARC,2017-12-08,20.100652173913,20.39,19.78
BARC,2017-12-09,19.3952173913043,19.78,18.94
BARC,2017-12-10,18.4031914893617,18.93,17.81
BARC,2017-12-11,17.596170212766,17.96,17.18
BARC,2017-12-12,17.1470212765957,17.64,16.77
BARC,2017-12-13,16.8091489361702,17.12,16.48
BARC,2017-12-14,16.4423404255319,16.75,16.14
BARC,2017-12-15,16.6414893617021,17.03,16.13
BARC,2017-12-16,16.5072727272727,16.88,16.31
BARC,2017-12-21,19.3546341463415,19.48,19.07
BARC,2017-12-22,20.0683333333333,20.8,19.39
BARC,2017-12-23,20.2035416666667,20.98,19.5
BARC,2017-12-24,20.1885416666667,20.55,19.74
BARC,2017-12-25,20.3108333333333,20.78,19.62
BARC,2017-12-26,18.9514583333333,19.64,17.99
BARC,2017-12-27,18.3216666666667,18.8,17.91
BARC,2018-11-20,22.49,22.56,22.32
BARC,2018-11-21,21.6173684210526,21.69,21.46
BARC,2018-11-22,21.463,21.68,21.18
BARC,2018-11-23,20.7994736842105,20.83,20.76
BARC,2018-11-24,20.649,20.83,20.39
BARC,2018-11-25,20.8910526315789,21.19,20.49
BARC,2018-11-26,21.2988235294118,21.6,20.74
BARC,2018-11-27,20.8892857142857,20.99,20.77
BARC,2018-11-28,20.27,20.32,20.14
BARC,2018-11-29,19.2368421052632,19.31,19.17
BARC,2018-11-30,18.6305263157895,18.76,18.48
BARC,2018-12-01,18.4805263157895,18.78,18.1
BARC,2018-12-02,18.505,18.56,18.43
BARC,2018-12-03,19.1759090909091,19.74,18.6
BARC,2018-12-04,20.2946153846154,20.57,19.93
BARC,2018-12-05,19.9163157894737,20.38,19.49
BARC,2018-12-06,18.562962962963,18.65,18.45
BARC,2018-12-07,18.0628571428571,18.52,17.96
BARC,2018-12-08,17.9319230769231,18.22,17.61
BARC,2018-12-09,17.97875,18.21,17.5
BARC,2018-12-10,18.0404651162791,18.33,17.63
BARC,2018-12-11,17.321875,17.62,16.95
BARC,2018-12-12,16.9369230769231,17.01,16.88
BARC,2018-12-13,16.6110714285714,17.05,16.38
BARC,2018-12-14,16.584375,16.71,16.35
BARC,2018-12-15,16.7125,16.75,16.59
BARC,2018-12-16,17.048125,17.18,16.77
BARC,2018-12-17,17.087380952381,17.42,16.74
BARC,2018-12-18,16.8666666666667,17.18,16.6
BARC,2018-12-19,17.2064705882353,17.79,16.56
BARC,2018-12-20,16.7015555555556,17.05,16.51
BARC,2018-12-21,16.6618181818182,16.76,16.57
BARC,2018-12-22,16.500303030303,16.6,16.34
BARC,2018-12-23,16.1837777777778,16.56,15.89
BARC,2018-12-24,16.1870833333333,16.96,15.73
BARC,2018-12-25,16.3683333333333,17.09,15.71
BARC,2018-12-26,16.3202083333333,16.87,15.79
BARC,2018-12-27,16.1916666666667,16.47,15.87
BARC,2018-12-28,16.8429166666667,17.3,16.04
BARC,2018-12-29,18.2954166666667,18.92,17.26
BARC,2018-12-30,19.319347826087,19.96,18.66
BARC,2018-12-31,19.6008333333333,20.22,19
BARC,2019-01-01,20.2372916666667,21.22,19.23
BARC,2019-01-02,20.4854166666667,21.24,19.61
BARC,2019-01-03,20.6163636363636,21.65,19.87
BARC,2019-01-04,20.5614583333333,21.14,19.95
BARC,2019-01-05,20.2258333333333,20.84,19.19
BARC,2019-01-06,18.735625,19.3,17.97
BARC,2019-01-07,18.2114583333333,19,17.64
BARC,2019-01-08,18.2304166666667,18.98,17.58
BARC,2019-01-09,18.1529166666667,18.66,17.66
BARC,2019-01-10,17.740625,18.06,17.3
BARC,2019-01-11,17.171875,17.53,16.79
BARC,2019-01-12,16.8066666666667,17.09,16.56
BARC,2019-01-13,16.9752083333333,17.45,16.54
BARC,2019-01-14,17.3104166666667,17.77,16.79
BARC,2019-01-15,16.9897916666667,17.43,16.71
BARC,2019-01-16,16.5639583333333,16.7,16.26
BARC,2019-01-17,16.2760416666667,16.79,15.88
BARC,2019-01-18,16.3739583333333,17.17,15.85
BARC,2019-01-19,17.055,18.03,15.87
BARC,2019-01-20,16.854375,17.3,16.26
BARC,2019-01-21,16.2547916666667,16.83,15.77
BARC,2019-01-22,15.7085416666667,16.07,15.36
BARC,2019-01-23,15.8316666666667,16.13,15.34
BARC,2019-01-24,16.4695833333333,16.83,15.75
BARC,2019-01-25,16.9929166666667,17.49,16.25
BARC,2019-01-26,16.153125,16.53,15.76
BARC,2019-01-27,15.7620833333333,16.06,15.53
BARC,2019-01-28,15.165,15.52,14.75
BARC,2019-01-29,15.0495833333333,15.62,14.67
BARC,2019-01-30,14.91875,15.31,14.57
BARC,2019-01-31,14.4083333333333,14.6,14.08
BARC,2019-02-01,14.1670454545455,14.46,13.99
BARC,2019-02-02,14.6558333333333,15.05,13.97
BARC,2019-02-03,15.6559574468085,16.18,14.76
BARC,2019-02-04,16.0275,16.27,15.83
BARC,2019-02-05,16.505,17.38,15.87
BARC,2019-02-06,17.6173913043478,19.09,15.77
BARC,2019-02-07,18.35,19.74,16.68
BARC,2019-02-08,18.8202083333333,19.89,17.51
BARC,2019-02-09,19.38375,20.88,18.13
BARC,2019-02-10,17.5535416666667,18.15,17.05
BARC,2019-02-11,17.5639583333333,17.83,17.02
BARC,2019-02-12,19.2525,20.15,17.76
BARC,2019-02-13,19.5864583333333,20.29,19.02
BARC,2019-02-14,18.3260416666667,19.22,17.31
BARC,2019-02-15,17.9079166666667,18.54,17.17
BARC,2019-02-16,17.9779166666667,18.37,17.37
BARC,2019-02-17,18.3714583333333,18.76,17.61
BARC,2019-02-18,19.8741666666667,20.5,18.64
BARC,2019-02-19,20.8183333333333,21.86,19.93
BARC,2019-02-20,20.08875,20.49,19.71
BARC,2019-02-21,20.7627659574468,21.26,19.69
BARC,2019-02-22,22.0470212765957,22.75,20.72
BARC,2019-02-23,22.8751063829787,24.14,21.62
BARC,2019-02-24,23.4020833333333,24.57,22.33
BARC,2019-02-25,22.8302083333333,23.87,20.99
BARC,2019-02-26,20.76,21.34,20.19
BARC,2019-02-27,20.030625,20.17,19.81
BARC,2019-02-28,21.0353571428571,21.87,19.8
BARC,2019-03-01,21.5473076923077,22.17,20.19
BARC,2019-03-02,21.3977777777778,21.83,20.84
BARC,2019-03-03,21.1544680851064,21.72,20.88
BARC,2019-03-04,21.4227083333333,21.87,20.89
BARC,2019-03-05,21.0720833333333,21.47,20.28
BARC,2019-03-06,19.6664583333333,20.24,18.72
BARC,2019-03-07,18.7966666666667,19.5,18.24
BARC,2019-03-08,19.1221276595745,20.37,18.2
BARC,2019-03-09,19.4172916666667,20.38,18.32
BARC,2019-03-10,20.0877083333333,20.71,18.87
BARC,2019-03-11,21.5625,22.57,20.01
BARC,2019-03-12,22.5572916666667,23.37,21.14
BARC,2019-03-13,21.9689583333333,22.66,21.08
BARC,2019-03-14,21.54,22.09,21
BARC,2019-03-15,21.995,22.91,21.06
BARC,2019-03-16,23.1390909090909,23.56,22.49
BARC,2019-03-17,22.0710416666667,22.6,21.19
BARC,2019-03-18,20.7075,21.15,20.05
BARC,2019-03-19,20.2108333333333,20.62,19.82
BARC,2019-03-20,19.5625,19.86,19.14
BARC,2019-03-21,19.565625,20.07,19.11
BARC,2019-03-22,19.5654166666667,20.02,19.15
BARC,2019-03-23,19.7658333333333,20.35,19.14
BARC,2019-03-24,20.2931914893617,21.8,19.25
BARC,2019-03-25,20.7583333333333,21.76,19.56
BARC,2019-03-26,21.1727083333333,21.66,20.35
BARC,2019-03-27,21.5104166666667,22.44,20.63
BARC,2019-03-28,20.62,21.05,20.09
BARC,2019-03-29,20.570652173913,20.95,20.08
BARC,2019-03-30,20.91875,21.4,20.29
BARC,2019-03-31,21.8493617021277,23.14,20.48
BARC,2019-04-01,22.0479166666667,22.62,21.18
BARC,2019-04-02,21.191,21.37,21.05
BARC,2019-04-03,20.9261363636364,21.39,20.5
BARC,2019-04-04,20.9872916666667,21.53,20.47
BARC,2019-04-05,21.63125,22.32,20.61
BARC,2019-04-06,22.0947916666667,22.57,21.4
BARC,2019-04-07,23.1841666666667,24.04,21.86
BARC,2019-04-08,24.2502083333333,25.24,22.72
BARC,2019-04-09,24.5822857142857,25.29,23.77
BARC,2019-04-10,24.6772916666667,25.2,24.07
BARC,2019-04-11,24.8660416666667,25.97,24.03
BARC,2019-04-12,24.7672916666667,25.38,24.08
BARC,2019-04-13,25.7775,26.63,24.33
BARC,2019-04-14,26.2783333333333,27.17,25.44
BARC,2019-04-15,25.7052083333333,26.43,24.77
BARC,2019-04-16,24.95375,25.6,24.19
BARC,2019-04-17,24.7385416666667,25.44,24.13
BARC,2019-04-18,24.9108333333333,25.5,24.21
BARC,2019-04-19,25.2927083333333,26.11,24.45
BARC,2019-04-20,24.4797826086957,25.08,23.81
BARC,2019-04-21,23.73375,24.05,23.26
BARC,2019-04-22,23.9302083333333,24.65,23.22
BARC,2019-04-23,24.4710416666667,25.97,23.27
BARC,2019-04-24,24.7689361702128,26.13,23.52
BARC,2019-04-25,25.2925,26.62,23.91
BARC,2019-04-26,25.506,26.28,24.47
BARC,2019-04-27,25.0164583333333,25.55,24.45
BARC,2019-04-28,25.39625,26.46,24.41
BARC,2019-04-29,26.1333333333333,27.64,24.71
BARC,2019-04-30,26.0677083333333,26.72,25.23
BARC,2019-05-01,26.295,26.88,25.64
BARC,2019-05-02,26.581875,27.13,25.94
BARC,2019-05-03,26.749375,27.13,26.21
BARC,2019-05-04,26.9947916666667,27.47,26.57
BARC,2019-05-05,27.5029166666667,28.29,26.64
BARC,2019-05-06,26.83125,27.26,26.47
BARC,2019-05-07,27.8364583333333,28.93,26.47
BARC,2019-05-08,27.9691666666667,29.02,27.1
BARC,2019-05-09,27.771875,28.27,27.33
BARC,2019-05-10,27.8753125,28.63,27.35
BARC,2019-05-11,28.4491666666667,29.57,27.45
BARC,2019-05-12,28.6983333333333,29.49,27.77
BARC,2019-05-13,28.6970833333333,29.11,28.22
BARC,2019-05-14,28.3929166666667,28.78,27.96
BARC,2019-05-15,28.5033333333333,29.21,27.93
BARC,2019-05-16,28.5316666666667,29.35,27.95
BARC,2019-05-17,28.74875,30.07,27.95
BARC,2019-05-18,28.9297916666667,30,28.03
BARC,2019-05-19,28.8589583333333,29.69,28.23
BARC,2019-05-20,29.2739583333333,30.54,28.22
BARC,2019-05-21,29.7391489361702,31.44,28.63
BARC,2019-05-22,30.0993617021277,31.47,28.93
BARC,2019-05-23,29.9133333333333,30.73,29.22
BARC,2019-05-24,29.6471111111111,30.08,29.21
BARC,2019-05-25,29.9239583333333,30.71,29.19
BARC,2019-05-26,30.1141666666667,30.88,29.35
BARC,2019-05-27,30.71375,31.89,29.54
BARC,2019-05-28,30.80375,31.87,29.92
BARC,2019-05-29,30.6577083333333,31.87,30.09
BARC,2019-05-30,30.83375,31.71,30.07
BARC,2019-05-31,31.2185416666667,32.12,30.25
BARC,2019-06-01,30.876875,31.2,30.53
BARC,2019-06-02,31.1935416666667,32.12,30.51
BARC,2019-06-03,31.1989583333333,31.7,30.64
BARC,2019-06-04,31.5652083333333,32.29,30.86
BARC,2019-06-05,31.656875,32.58,31.08
BARC,2019-06-06,31.8125,32.53,31.07
BARC,2019-06-07,31.4344444444444,31.69,31.07
BARC,2019-06-08,31.1670833333333,31.28,31.06
BARC,2019-06-09,30.7845454545455,30.99,30.3
BARC,2019-06-10,30.2452631578947,30.33,29.62
BARC,2019-06-11,30.0278260869565,30.3,29.61
BARC,2019-06-12,30.19125,30.74,29.54
BARC,2019-06-13,29.7961904761905,29.9,29.65
BARC,2019-06-14,29.336,29.42,29.26
BARC,2019-06-15,29.3840740740741,29.81,28.97
BARC,2019-06-16,29.4472,29.9,29
BARC,2019-06-17,30.101,30.95,29.08
BARC,2019-06-18,29.8456,30.3,29.39
BARC,2019-06-19,29.9716666666667,30.49,29.34
BARC,2019-06-20,29.56375,29.82,29.07
BARC,2019-06-21,29.6111538461538,30.05,29.09
BARC,2019-06-22,30.3011538461538,31,29.38
BARC,2019-06-23,30.8128,31.51,30
BARC,2019-06-24,31.3923076923077,32.28,30.28
BARC,2019-06-25,31.6330769230769,32.25,30.74
BARC,2019-06-26,31.9782608695652,32.56,31.04
BARC,2019-06-27,31.9761538461538,32.62,31.22
BARC,2019-06-28,31.7588,32.27,31.13
BARC,2019-06-29,31.6379166666667,32.26,31.06
BARC,2019-06-30,31.5316,32.48,30.87
BARC,2019-07-01,31.9792307692308,32.83,30.88
BARC,2019-07-02,31.9511538461538,32.72,31.07
BARC,2019-07-03,32.3028571428571,33.41,31.23
BARC,2019-07-04,32.453,33.2,31.51
BARC,2019-07-05,32.4463157894737,33.54,31.65
BARC,2019-07-06,31.8333333333333,32.26,31.64
BARC,2019-07-07,31.4794736842105,31.73,31.16
BARC,2019-07-08,31.215652173913,31.81,30.74
BARC,2019-07-09,32.0058333333333,33.08,30.74
BARC,2019-07-10,31.7315,32.66,30.96
BARC,2019-07-11,31.4856,31.92,30.97
BARC,2019-07-12,31.6091666666667,32.31,31.03
BARC,2019-07-13,31.73125,32.53,31.03
BARC,2019-07-14,31.9153846153846,32.71,31.01
BARC,2019-07-15,32.8211764705882,33.97,31.41
BARC,2019-07-16,32.394375,33.42,31.78
BARC,2019-07-17,32.6102380952381,33.66,31.8
BARC,2019-07-18,32.3033333333333,33.23,31.48
BARC,2019-07-19,32.428125,33.41,31.47
BARC,2019-07-20,32.32125,32.94,31.45
BARC,2019-07-21,32.5271428571429,33.83,31.45
BARC,2019-07-22,32.1554166666667,32.83,31.33
BARC,2019-07-23,31.9722916666667,32.93,31.32
BARC,2019-07-24,31.8348387096774,32.22,31.29
BARC,2019-07-25,31.2516,31.42,30.7
BARC,2019-07-26,30.87375,31.26,30.42
BARC,2019-07-27,30.4628,30.55,30.13
BARC,2019-07-28,30.6973076923077,31.23,30.14
BARC,2019-07-29,30.4130303030303,30.64,30.02
BARC,2019-07-30,30.5261538461538,30.97,30.01
BARC,2019-07-31,31.2179166666667,32.02,30.11
BARC,2019-08-01,31.3765,32.55,30.44
BARC,2019-08-02,30.9491666666667,31.51,30.47
BARC,2019-08-03,30.6382608695652,30.99,30.33
BARC,2019-08-04,31.5523076923077,32.91,30.29
BARC,2019-08-05,31.4519230769231,32.07,30.65
BARC,2019-08-06,31.4348,31.98,30.82
BARC,2019-08-07,31.6158333333333,32.26,30.84
BARC,2019-08-08,31.12,31.37,30.96
BARC,2019-08-09,31.3697916666667,32,30.69
BARC,2019-08-10,31.8178787878788,32.48,30.92
BARC,2019-08-11,32.2678571428571,33.02,31.21
BARC,2019-08-12,32.3052173913043,33.01,31.53
BARC,2019-08-13,32.7421739130435,33.64,31.54
BARC,2019-08-14,32.7358333333333,33.75,31.68
BARC,2019-08-15,32.576,32.97,31.8
BARC,2019-08-16,31.8339130434783,32,31.73
BARC,2019-08-17,31.1826315789474,31.27,31.05
BARC,2019-08-18,30.3311764705882,30.4,30.24
BARC,2019-08-19,29.9381818181818,30.03,29.58
BARC,2019-08-20,30.3213043478261,30.96,29.56
BARC,2019-08-21,30.3304761904762,31.09,29.67
BARC,2019-08-22,30.8308333333333,31.87,29.75
BARC,2019-08-23,31.6863636363636,33.55,30.12
BARC,2019-08-24,31.304,31.9,30.48
BARC,2019-08-25,31.2976,31.91,30.59
BARC,2019-08-26,31.0618181818182,31.35,30.7
BARC,2019-08-27,31.3633333333333,32.08,30.51
BARC,2019-08-28,31.3735,32.54,30.54
BARC,2019-08-29,31.4061904761905,32,30.53
BARC,2019-08-30,31.41125,31.82,30.84
BARC,2019-08-31,30.8379166666667,31.08,30.76
BARC,2019-09-01,30.9847826086957,31.31,30.47
BARC,2019-09-02,30.5404166666667,30.66,30.36
BARC,2019-09-03,30.5875,30.92,30.14
BARC,2019-09-04,30.32125,30.56,30.04
BARC,2019-09-05,29.6717391304348,29.75,29.57
BARC,2019-09-06,29.7613636363636,30.2,29.21
BARC,2019-09-07,30.2683333333333,31.18,29.41
BARC,2019-09-08,30.8918181818182,31.89,29.61
BARC,2019-09-09,31.3236363636364,32.46,29.91
BARC,2019-09-10,31.6335,33.22,30.25
BARC,2019-09-11,31.0513043478261,31.5,30.41
BARC,2019-09-12,30.725652173913,31.05,30.35
BARC,2019-09-13,30.5818181818182,30.78,30.22
BARC,2019-09-14,30.2895238095238,30.4,30.1
BARC,2019-09-15,30.0708695652174,30.3,29.84
BARC,2019-09-16,30.0877272727273,30.37,29.71
BARC,2019-09-17,30.325652173913,30.87,29.72
BARC,2019-09-18,30.3986956521739,30.88,29.75
BARC,2019-09-19,30.232380952381,30.57,29.73
BARC,2019-09-20,29.6733333333333,29.77,29.55
BARC,2019-09-21,29.3552173913043,29.5,29.14
BARC,2019-09-22,29.0004545454545,29.13,28.84
BARC,2019-09-23,28.9004545454545,29.2,28.56
BARC,2019-09-24,28.7891304347826,29.14,28.43
BARC,2019-09-25,29.1342857142857,29.77,28.27
BARC,2019-09-26,29.3331818181818,30.28,28.38
BARC,2019-09-27,29.4322727272727,30.02,28.7
BARC,2019-09-28,29.74,30.42,28.94
BARC,2019-09-29,29.1717391304348,29.4,28.84
BARC,2019-09-30,28.9945454545455,29.35,28.56
BARC,2019-10-01,29.0336363636364,29.33,28.57
BARC,2019-10-02,28.8836363636364,29.15,28.59
BARC,2019-10-03,28.9,29.19,28.55
BARC,2019-10-04,28.9673913043478,29.37,28.47
BARC,2019-10-05,29.2582608695652,29.98,28.37
BARC,2019-10-06,28.6665625,28.9,28.36
BARC,2019-10-07,28.2813636363636,28.38,28.22
BARC,2019-10-08,28.2523076923077,28.42,27.99
BARC,2019-10-09,27.7826470588235,28.07,27.58
BARC,2019-10-10,27.596170212766,27.87,27.28
BARC,2019-10-11,27.3695833333333,27.74,27.04
BARC,2019-10-12,27.2579166666667,27.69,26.9
BARC,2019-10-13,27.2670833333333,28.02,26.81
BARC,2019-10-14,27.5202083333333,28.61,26.79
BARC,2019-10-15,27.525625,28.55,26.9
BARC,2019-10-16,27.4270833333333,28.03,27
BARC,2019-10-17,27.22,27.51,26.9
BARC,2019-10-18,26.8170833333333,27.16,26.41
BARC,2019-10-19,26.1258333333333,26.37,25.82
BARC,2019-10-20,25.84625,25.99,25.69
BARC,2019-10-21,26.2479166666667,26.82,25.67
BARC,2019-10-22,25.9639583333333,26.16,25.8
BARC,2019-10-23,25.9242857142857,26.12,25.83
BARC,2019-10-27,25.75,25.8,25.72
BARC,2019-10-28,26.0175,26.27,25.71
BARC,2019-10-29,27.0891489361702,28.2,25.8
BARC,2019-10-30,27.3460416666667,28.39,26.65
BARC,2019-10-31,27.445,28.23,26.63
BARC,2019-11-01,27.17875,27.71,26.28
BARC,2019-11-02,25.951875,26.23,25.48
BARC,2019-11-03,25.2489473684211,25.44,24.95
BARC,2019-11-04,24.4682978723404,24.84,24.1
BARC,2019-11-05,24.218085106383,24.47,24.01
BARC,2019-11-06,24.4220833333333,25.42,24.02
BARC,2019-11-07,24.321875,24.67,24.01
BARC,2019-11-08,24.11,24.12,24.1
BARC,2019-11-10,23.0664285714286,23.26,22.86
BARC,2019-11-11,22.928125,23.44,22.51
BARC,2019-11-12,22.963829787234,23.81,22.43
BARC,2019-11-13,22.578125,23.09,21.89
BARC,2019-11-14,21.471875,21.83,21
BARC,2019-11-15,20.9079166666667,21.05,20.67
BARC,2019-11-16,20.43625,20.65,20.12
BARC,2019-11-17,19.85375,20.1,19.57
BARC,2019-11-18,18.8336363636364,19.06,18.56
BARC,2019-11-19,18.9110416666667,19.39,18.5
BARC,2019-11-20,18.5872916666667,18.89,18.31
BARC,2019-11-21,18.294,18.31,18.28
BARC,2019-11-27,18.5816216216216,19.39,18.02
BARC,2019-11-28,18.9360416666667,19.52,18
BARC,2019-11-29,18.916875,19.46,18.37
BARC,2019-11-30,18.740625,19.28,18.32
BARC,2019-12-01,19.133125,19.75,18.39
BARC,2019-12-02,19.2295833333333,19.53,18.69
BARC,2019-12-03,18.609375,18.87,18.08
BARC,2019-12-04,17.8511764705882,18.16,17.49
BARC,2019-12-05,17.4404761904762,17.74,17.11
BARC,2019-12-06,17.23125,17.71,16.84
BARC,2019-12-07,17.2264583333333,17.89,16.77
BARC,2019-12-08,17.0722916666667,17.39,16.75
BARC,2019-12-09,17.3458333333333,17.52,16.78
BARC,2019-12-10,18.0977083333333,18.67,17.37
BARC,2019-12-11,18.7666666666667,19.3,17.71
BARC,2019-12-12,18.2977083333333,18.97,17.65
BARC,2019-12-13,17.7839583333333,17.86,17.61
BARC,2019-12-14,18.2666666666667,18.59,17.85
BARC,2019-12-15,18.3182978723404,18.66,17.92
BARC,2019-12-16,18.2441666666667,18.9,17.85
BARC,2019-12-17,18.5953191489362,19.25,17.84
BARC,2019-12-18,19.2532608695652,19.66,18.55
BARC,2019-12-19,18.2638461538462,18.49,18.14
BARC,2020-01-01,18.8194117647059,19.36,18.21
BARC,2020-01-02,18.2514583333333,18.69,17.96
BARC,2020-01-03,18.4509523809524,18.73,17.93
BARC,2020-01-04,19.5828888888889,20.4,18.48
BARC,2020-01-05,19.3425,19.87,18.33
BARC,2020-01-06,18.0652173913043,18.38,17.67
BARC,2020-01-07,17.7533333333333,18.28,17.33
BARC,2020-01-08,17.5445833333333,17.89,17.12
BARC,2020-01-09,17.0789583333333,17.39,16.73
BARC,2020-01-10,17.0779166666667,17.35,16.67
BARC,2020-01-11,17.4420689655172,17.89,16.87
BARC,2020-01-12,18.5869565217391,19.06,17.75
BARC,2020-01-13,19.7710416666667,20.43,18.67
BARC,2020-01-14,20.7931914893617,21.46,19.95
BARC,2020-01-15,20.8954166666667,21.68,20.05
BARC,2020-01-16,21.2335416666667,22,20.29
BARC,2020-01-17,21.1775862068966,21.58,20.55
BARC,2020-01-18,19.5689130434783,20.1,19.02
BARC,2020-01-19,19.4575,19.82,18.95
BARC,2020-01-20,19.4669565217391,19.74,19.19
BARC,2020-01-21,18.1134782608696,18.49,17.58
BARC,2020-01-22,17.0164583333333,17.54,16.15
BARC,2020-01-23,16.0295454545455,16.08,15.95
BARC,2020-01-24,15.78,15.91,15.57
BARC,2020-01-25,16.216875,16.6,15.62
BARC,2020-01-26,16.14125,16.56,15.81
BARC,2020-01-27,16.0622916666667,16.44,15.79
BARC,2020-01-28,16.01375,16.29,15.76
BARC,2020-01-29,15.9835416666667,16.37,15.64
BARC,2020-01-30,15.5809523809524,15.75,15.42
BARC,2020-01-31,15.4785416666667,15.59,15.37
BARC,2020-02-01,15.7029166666667,16.27,15.35
BARC,2020-02-02,15.5176923076923,15.71,15.36
BARC,2020-02-03,15.4439130434783,15.83,15.14
BARC,2020-02-04,16.0906382978723,16.92,15.12
BARC,2020-02-05,16.0112765957447,16.64,15.36
BARC,2020-02-06,16.8191666666667,17.47,15.73
BARC,2020-02-07,17.5460416666667,17.93,16.98
BARC,2020-02-08,16.9729166666667,17.36,16.43
BARC,2020-02-09,16.869375,17.82,16.35
BARC,2020-02-10,16.8939583333333,17.34,16.28
BARC,2020-02-11,17.6827083333333,18.62,16.6
BARC,2020-02-12,19.0752083333333,19.93,17.7
BARC,2020-02-13,19.328,19.4,19.29
BARC,2020-02-18,19.1059523809524,19.52,18.71
BARC,2020-02-19,20.2958333333333,21.32,18.88
BARC,2020-02-20,21.2441666666667,22.21,20.27
BARC,2020-02-21,20.3160869565217,21.5,18.9
BARC,2020-02-22,18.0102083333333,18.81,17.2
BARC,2020-02-23,17.27625,17.63,16.93
BARC,2020-02-24,17.7895454545455,19.11,16.91
BARC,2020-02-25,17.9552083333333,18.39,17.28
BARC,2020-02-26,18.0269565217391,18.3,17.79
BARC,2020-02-27,18.06875,18.42,17.36
BARC,2020-02-28,17.505625,17.98,17.11
BARC,2020-02-29,17.3158333333333,17.85,16.83
BARC,2020-03-01,17.0508333333333,17.43,16.71
BARC,2020-03-02,17.3997916666667,18.38,16.68
BARC,2020-03-03,17.5777083333333,18.13,16.93
BARC,2020-03-04,18.3972916666667,18.96,17.47
BARC,2020-03-05,19.7891666666667,20.23,18.59
BARC,2020-03-06,20.675,20.98,20
BARC,2020-03-07,20.004375,20.66,18.78
BARC,2020-03-08,18.6970833333333,19.19,18.11
BARC,2020-03-09,18.255,18.55,18.01
BARC,2020-03-10,18.4541025641026,18.69,17.99
BARC,2020-03-11,19.4156818181818,20.48,18.3
BARC,2020-03-12,20.1702083333333,21.22,19.01
BARC,2020-03-13,20.9479069767442,22.41,19.53
BARC,2020-03-14,21.4334042553192,22.74,20.01
BARC,2020-03-15,22.2617777777778,23.66,20.65
BARC,2020-03-16,22.925,24.15,21.43
BARC,2020-03-17,22.7629166666667,23.36,21.91
BARC,2020-03-18,23.4285416666667,24.2,22.37
BARC,2020-03-19,23.6985416666667,24.44,23.01
BARC,2020-03-20,24.0833333333333,24.88,23.16
BARC,2020-03-21,24.6406382978723,25.54,23.62
BARC,2020-03-22,24.9589583333333,25.72,23.93
BARC,2020-03-23,25.3091489361702,26.38,24.2
BARC,2020-03-24,25.481875,26.23,24.61
BARC,2020-03-25,25.079375,25.6,24.59
BARC,2020-03-26,24.9927083333333,25.5,24.56
BARC,2020-03-27,25.436875,26.4,24.64
BARC,2020-03-28,25.9739583333333,26.84,24.91
BARC,2020-03-29,26.274375,27.13,25.26
BARC,2020-03-30,26.7335416666667,27.69,25.7
BARC,2020-03-31,27.0304166666667,27.9,26.09
BARC,2020-04-01,26.133829787234,26.64,25.16
BARC,2020-04-02,25.138125,25.67,24.48
BARC,2020-04-03,24.9816666666667,25.84,24.22
BARC,2020-04-04,25.0704166666667,26.14,24.19
BARC,2020-04-05,25.0151063829787,25.97,24.25
BARC,2020-04-06,24.3166666666667,24.54,23.93
BARC,2020-04-07,24.3395833333333,24.87,23.89
BARC,2020-04-08,25.484,26.78,23.89
BARC,2020-04-09,25.0758333333333,25.55,24.54
BARC,2020-04-10,25.6527083333333,26.26,24.84
BARC,2020-04-11,25.1104166666667,25.5,24.47
BARC,2020-04-12,25.0295833333333,26.04,24.39
BARC,2020-04-13,25.2683333333333,25.73,24.57
BARC,2020-04-14,25.5197916666667,25.76,25.01
BARC,2020-04-15,25.5239583333333,25.95,25.33
BARC,2020-04-16,24.9335416666667,25.5,24.31
BARC,2020-04-17,24.288125,24.69,23.87
BARC,2020-04-18,24.4575,25,23.86
BARC,2020-04-19,24.4535416666667,24.83,24.18
BARC,2020-04-20,25.3620833333333,26.1,24.26
BARC,2020-04-21,25.6420833333333,26.24,24.89
BARC,2020-04-22,25.9610416666667,26.8,25.18
BARC,2020-04-23,25.755,26.53,25.26
BARC,2020-04-24,25.7435416666667,26.18,25.24
BARC,2020-04-25,25.2625,25.4,25.04
BARC,2020-04-26,26.0279166666667,26.62,25.05
BARC,2020-04-27,26.118125,26.94,25.25
BARC,2020-04-28,25.6010416666667,26.3,25.09
BARC,2020-04-29,25.758125,26.74,25.1
BARC,2020-04-30,25.6158333333333,26.01,25.14
BARC,2020-05-01,25.6504166666667,26.1,25.25
BARC,2020-05-02,25.5741666666667,26.1,25.15
BARC,2020-05-03,26.3059574468085,28.18,25.15
BARC,2020-05-04,26.5870833333333,27.7,25.38
BARC,2020-05-05,26.6525,27.48,25.77
BARC,2020-05-06,26.6295833333333,27.21,26.14
BARC,2020-05-07,26.6983333333333,27.38,25.97
BARC,2020-05-08,25.98125,26.42,25.49
BARC,2020-05-09,25.723125,26.17,25.42
BARC,2020-05-10,25.7072916666667,26.2,25.3
BARC,2020-05-11,25.2177083333333,25.44,24.95
BARC,2020-05-12,25.68125,26.37,24.94
BARC,2020-05-13,25.48125,26.07,25.04
BARC,2020-05-14,25.6041666666667,26.06,25.11
BARC,2020-05-15,25.6022916666667,25.95,25.22
BARC,2020-05-16,25.8820833333333,26.39,25.37
BARC,2020-05-17,26.19375,26.75,25.57
BARC,2020-05-18,27.0925,28.18,25.94
BARC,2020-05-19,26.620625,26.92,26.29
BARC,2020-05-20,26.9202083333333,27.5,26.29
BARC,2020-05-21,27.1754166666667,27.88,26.55
BARC,2020-05-22,27.8135416666667,28.7,26.86
BARC,2020-05-23,28.3222916666667,29.53,27.21
BARC,2020-05-24,28.7372916666667,29.73,27.73
BARC,2020-05-25,28.4777083333333,28.84,28.16
BARC,2020-05-26,27.9385416666667,28.17,27.61
BARC,2020-05-27,27.7964583333333,28,27.57
BARC,2020-05-28,28.395,29.22,27.58
BARC,2020-05-29,28.145625,28.86,27.71
BARC,2020-05-30,28.2939583333333,29.26,27.73
BARC,2020-05-31,29.0341666666667,30.08,27.86
BARC,2020-06-01,29.8220833333333,31.15,28.3
BARC,2020-06-02,29.0789583333333,29.53,28.56
BARC,2020-06-03,28.84625,29.24,28.51
BARC,2020-06-04,28.7654166666667,29.25,28.33
BARC,2020-06-05,28.4414583333333,29.04,28.1
BARC,2020-06-06,28.3747916666667,28.75,28.03
BARC,2020-06-07,27.9839583333333,28.26,27.7
BARC,2020-06-08,27.6841666666667,27.93,27.49
BARC,2020-06-09,28.4208333333333,29.09,27.49
BARC,2020-06-10,28.8389583333333,29.69,28.22
BARC,2020-06-11,29.0064444444444,30.59,28.24
BARC,2020-06-12,29.463023255814,30.88,28.53
BARC,2020-06-13,29.65875,30.75,28.76
BARC,2020-06-14,29.2691666666667,29.84,28.84
BARC,2020-06-15,29.3716666666667,29.89,28.85
BARC,2020-06-16,29.294,29.71,28.81
BARC,2020-06-17,29.3010416666667,30.07,28.77
BARC,2020-06-18,29.5670833333333,30.8,28.82
BARC,2020-06-19,30.1173913043478,31.55,28.91
BARC,2020-06-20,30.1639583333333,31.46,29.33
BARC,2020-06-21,30.5972916666667,32.02,29.39
BARC,2020-06-22,30.7929166666667,31.84,29.75
BARC,2020-06-23,30.8195833333333,31.65,30.03
BARC,2020-06-24,30.4579166666667,30.78,30.15
BARC,2020-06-25,30.9375,31.9,30.14
BARC,2020-06-26,31.4916666666667,32.74,30.38
BARC,2020-06-27,31.6208333333333,32.61,30.77
BARC,2020-06-28,31.241914893617,32.21,30.79
BARC,2020-06-29,31.549375,32.37,30.79
BARC,2020-06-30,31.87375,32.63,31
BARC,2020-07-01,31.855625,32.43,31.35
BARC,2020-07-02,31.4289583333333,31.76,31.06
BARC,2020-07-03,31.3466666666667,31.76,30.98
BARC,2020-07-04,31.363125,32.29,30.85
BARC,2020-07-05,31.1854166666667,32.29,30.67
BARC,2020-07-06,30.72875,31.11,30.38
BARC,2020-07-07,30.421875,30.81,30.07
BARC,2020-07-08,30.270625,30.63,29.94
BARC,2020-07-09,30.3247916666667,30.68,29.96
BARC,2020-07-10,30.909375,31.6,30.05
BARC,2020-07-11,31.2954166666667,32.41,30.48
BARC,2020-07-12,31.646875,32.75,30.72
BARC,2020-07-13,31.8275,32.67,31
BARC,2020-07-14,31.678125,32.2,31.18
BARC,2020-07-15,31.895625,32.46,31.36
BARC,2020-07-16,32.0404166666667,33.2,31.46
BARC,2020-07-17,32.011875,32.75,31.43
BARC,2020-07-18,31.8479166666667,32.63,31.44
BARC,2020-07-19,31.7891666666667,32.25,31.43
BARC,2020-07-20,31.9689583333333,32.64,31.44
BARC,2020-07-21,32.0641666666667,32.66,31.5
BARC,2020-07-22,31.9802083333333,32.5,31.6
BARC,2020-07-23,31.7125,32,31.41
BARC,2020-07-24,31.3916666666667,31.74,31.12
BARC,2020-07-25,31.4479166666667,31.93,31.09
BARC,2020-07-26,31.48375,31.94,31.1
BARC,2020-07-27,31.6804166666667,32.72,31.2
BARC,2020-07-28,31.709375,32.36,31.26
BARC,2020-07-29,31.421875,31.69,31.13
BARC,2020-07-30,31.110625,31.61,30.78
BARC,2020-07-31,31.3091666666667,32.01,30.77
BARC,2020-08-01,31.86375,32.84,30.89
BARC,2020-08-02,32.2433333333333,33.58,31.28
BARC,2020-08-03,31.7185416666667,32.14,31.37
BARC,2020-08-04,31.8679166666667,32.54,31.33
BARC,2020-08-05,32.2572916666667,33.29,31.52
BARC,2020-08-06,32.3497916666667,33.54,31.69
BARC,2020-08-07,32.2216666666667,33.37,31.69
BARC,2020-08-08,31.7797916666667,32.98,31.25
BARC,2020-08-09,31.9795833333333,33.12,31.23
BARC,2020-08-10,32.2541666666667,33.92,31.35
BARC,2020-08-11,32.2242553191489,33.52,31.48
BARC,2020-08-12,31.4947916666667,32.03,31.14
BARC,2020-08-13,31.7729166666667,32.69,31.12
BARC,2020-08-14,31.80875,32.51,31.21
BARC,2020-08-15,31.9375,32.72,31.31
BARC,2020-08-16,31.6029166666667,32.09,31.32
BARC,2020-08-17,32.0520833333333,32.84,31.3
BARC,2020-08-18,31.74,32.49,31.37
BARC,2020-08-19,31.3575,32.09,30.79
BARC,2020-08-20,31.1008333333333,31.62,30.73
BARC,2020-08-21,30.8895833333333,31.75,30.42
BARC,2020-08-22,30.3185416666667,30.61,30.01
BARC,2020-08-23,30.1433333333333,30.77,29.83
BARC,2020-08-24,30.4914583333333,31.26,29.84
BARC,2020-08-25,30.5933333333333,31.17,30.05
BARC,2020-08-26,30.9347916666667,31.53,30.32
BARC,2020-08-27,31.169375,31.79,30.59
BARC,2020-08-28,31.1454166666667,31.76,30.8
BARC,2020-08-29,31.3941666666667,32.2,30.85
BARC,2020-08-30,30.999375,31.42,30.65
BARC,2020-08-31,30.833125,31.26,30.54
BARC,2020-09-01,30.6014583333333,30.82,30.36
BARC,2020-09-02,30.8320833333333,31.45,30.35
BARC,2020-09-03,31.8004166666667,33.01,30.54
BARC,2020-09-04,32.063125,33.49,31
BARC,2020-09-05,31.8795833333333,32.96,31.35
BARC,2020-09-06,32.071875,33.03,31.41
BARC,2020-09-07,31.6247916666667,32.35,31.15
BARC,2020-09-08,31.1979166666667,31.59,30.79
BARC,2020-09-09,30.840625,31.16,30.5
BARC,2020-09-10,30.8982978723404,31.92,30.48
BARC,2020-09-11,30.7741176470588,31.42,30.43
BARC,2020-09-12,30.588125,30.89,30.29
BARC,2020-09-13,30.3804166666667,30.73,30.06
BARC,2020-09-14,30.2841666666667,30.75,30.02
BARC,2020-09-15,30.264375,30.68,29.99
BARC,2020-09-16,30.05375,30.23,29.84
BARC,2020-09-17,29.9352083333333,30.26,29.63
BARC,2020-09-18,29.6077083333333,29.81,29.34
BARC,2020-09-19,29.6595833333333,30.22,29.28
BARC,2020-09-20,28.9802083333333,29.28,28.46
BARC,2020-09-21,27.9329268292683,28.43,27.53
BARC,2020-09-22,27.4364583333333,27.7,27.11
BARC,2020-09-23,27.1435416666667,27.45,26.79
BARC,2020-09-24,27.1608695652174,27.73,26.77
BARC,2020-09-25,27.5048387096774,28.17,26.82
BARC,2020-09-26,28.615,29.61,27.22
BARC,2020-09-27,28.8378723404255,29.59,27.91
BARC,2020-09-28,28.29375,28.81,27.88
BARC,2020-09-29,28.09,28.36,27.81
BARC,2020-09-30,27.870625,28.31,27.26
BARC,2020-10-01,27.338125,27.87,26.81
BARC,2020-10-02,27.1666666666667,27.95,26.64
BARC,2020-10-03,26.5841666666667,27.02,26.16
BARC,2020-10-04,26.019375,26.3,25.66
BARC,2020-10-05,25.3945833333333,25.64,25.1
BARC,2020-10-06,25.096875,25.16,25.02
BARC,2020-10-07,26.1844680851064,27.21,25.03
BARC,2020-10-08,27.2148571428571,28.27,25.82
BARC,2020-10-09,27.0095348837209,27.51,26.56
BARC,2020-10-10,27.2025,27.73,26.66
BARC,2020-10-11,27.4625,28.06,26.77
BARC,2020-10-12,27.5489583333333,28.02,27.13
BARC,2020-10-13,27.4272916666667,27.84,27.06
BARC,2020-10-14,27.80125,28.52,27.03
BARC,2020-10-15,27.9358333333333,28.69,27.32
BARC,2020-10-16,28.2083333333333,29.32,27.36
BARC,2020-10-17,27.9395833333333,28.59,27.21
BARC,2020-10-18,27.220625,27.56,26.85
BARC,2020-10-19,26.9870833333333,27.27,26.71
BARC,2020-10-20,26.8289583333333,27.08,26.63
BARC,2020-10-21,26.840625,27.16,26.62
BARC,2020-10-22,26.6510416666667,26.92,26.46
BARC,2020-10-23,26.7764583333333,27.13,26.44
BARC,2020-10-24,26.7372916666667,27.14,26.52
BARC,2020-10-25,26.9035416666667,27.45,26.52
BARC,2020-10-26,27.3364583333333,28.18,26.56
BARC,2020-10-27,27.1439583333333,27.57,26.74
BARC,2020-10-28,27.2354166666667,27.6,26.89
BARC,2020-10-29,27.4108333333333,27.99,26.96
BARC,2020-10-30,27.2785416666667,27.65,26.83
BARC,2020-10-31,26.6704166666667,27.19,26.12
BARC,2020-11-01,26.254375,26.64,25.98
BARC,2020-11-02,26.096875,26.73,25.33
BARC,2020-11-03,24.7572916666667,25.3,23.99
BARC,2020-11-04,23.9229787234043,24.38,23.42
BARC,2020-11-05,23.465625,23.71,23.22
BARC,2020-11-06,23.4710416666667,23.81,23.18
BARC,2020-11-07,23.6352083333333,23.96,23.26
BARC,2020-11-08,23.786875,24.1,23.45
BARC,2020-11-09,23.83375,24.05,23.58
BARC,2020-11-10,23.8029166666667,23.89,23.71
BARC,2020-11-11,24.2479166666667,24.55,23.77
BARC,2020-11-12,24.38375,24.56,24.15
BARC,2020-11-13,24.2152083333333,24.37,24.09
BARC,2020-11-14,24.2277083333333,24.67,23.95
BARC,2020-11-15,24.3439583333333,25.01,23.94
BARC,2020-11-16,24.620625,25.28,24
BARC,2020-11-17,24.2745833333333,24.81,23.73
BARC,2020-11-18,23.4404166666667,23.91,22.68
BARC,2020-11-19,22.3028571428571,22.64,21.75
BARC,2020-11-20,21.54875,21.73,21.24
BARC,2020-11-21,21.411875,21.74,21.21
BARC,2020-11-22,21.5464583333333,21.82,21.24
BARC,2020-11-23,21.6054166666667,21.8,21.38
BARC,2020-11-24,21.7216666666667,22.11,21.44
BARC,2020-11-25,21.606875,21.94,21.38
BARC,2020-11-26,21.8810416666667,22.59,21.38
BARC,2020-11-27,22.1729166666667,22.85,21.56
BARC,2020-11-28,22.5448936170213,23.62,21.72
BARC,2020-11-29,22.27375,22.55,21.96
BARC,2020-11-30,22.10625,22.51,21.91
BARC,2020-12-01,21.749375,22.15,20.89
BARC,2020-12-02,20.35875,20.84,19.63
BARC,2020-12-03,19.19,19.58,18.61
BARC,2020-12-04,18.881875,19.19,18.53
BARC,2020-12-05,18.89875,19.07,18.66
BARC,2020-12-06,18.7158333333333,19.04,18.35
BARC,2020-12-07,18.3864583333333,18.66,18.17
BARC,2020-12-08,18.0158333333333,18.32,17.39
BARC,2020-12-09,17.1978378378378,17.55,16.76
BARC,2020-12-10,16.8010869565217,17.14,16.5
BARC,2020-12-11,17.0284782608696,17.94,16.43
BARC,2020-12-12,16.97375,17.62,16.41
BARC,2020-12-13,17.0897916666667,17.53,16.5
BARC,2020-12-14,17.9972340425532,19.15,16.97
BARC,2020-12-15,17.8560416666667,18.26,17.39
BARC,2020-12-16,17.7372916666667,18.6,17.3
BARC,2020-12-17,17.3202083333333,17.49,17.18
BARC,2020-12-18,16.9460416666667,17.22,16.44
BARC,2020-12-19,16.3145833333333,16.62,15.9
BARC,2020-12-20,16.0410416666667,16.26,15.85
BARC,2020-12-21,16.2870833333333,16.51,15.85
BARC,2020-12-22,16.55125,16.95,16.14
BARC,2020-12-23,16.48625,17.02,16.08
BARC,2020-12-24,16.5739583333333,17.04,16.06
BARC,2020-12-25,16.624375,17.09,16.02
BARC,2020-12-26,15.7195833333333,16.02,15.18
BARC,2020-12-27,15.0108333333333,15.33,14.54
BARC,2020-12-28,14.7629166666667,15.25,14.44
BARC,2020-12-29,14.990625,15.7,14.43
BARC,2020-12-30,15.0872916666667,15.42,14.55
BARC,2020-12-31,15.5979166666667,16.06,14.85
BARC,2021-01-01,16.573125,17.03,15.59
BARC,2021-01-02,18.0220833333333,18.71,16.84
BARC,2021-01-03,18.809375,19.16,18.15
BARC,2021-01-04,18.57625,19.31,17.39
BARC,2021-01-05,17.1114583333333,17.57,16.44
BARC,2021-01-06,16.4804166666667,16.82,16.06
BARC,2021-01-07,16.245,16.7,15.94
BARC,2021-01-08,16.1654166666667,16.33,15.91
BARC,2021-01-09,15.9047916666667,16.09,15.52
BARC,2021-01-10,15.2120833333333,15.51,14.82
BARC,2021-01-11,14.9574468085106,15.33,14.72
BARC,2021-01-12,15.288125,15.64,14.7
BARC,2021-01-13,15.263125,15.47,14.94
BARC,2021-01-14,14.899375,15.07,14.62
BARC,2021-01-15,14.8804166666667,15.41,14.56
BARC,2021-01-16,14.9316666666667,15.28,14.5
BARC,2021-01-17,14.6775,14.93,14.37
BARC,2021-01-18,14.4345833333333,14.7,14.14
BARC,2021-01-19,14.326875,14.7,13.97
BARC,2021-01-20,14.3708333333333,15.12,13.91
BARC,2021-01-21,14.4058333333333,14.85,13.88
BARC,2021-01-22,14.8547916666667,15.18,14.09
BARC,2021-01-23,15.5114583333333,15.93,14.97
BARC,2021-01-24,15.5752083333333,15.74,15.35
BARC,2021-01-25,15.8416666666667,16.1,15.32
BARC,2021-01-26,16.8060416666667,17.28,15.96
BARC,2021-01-27,17.6816666666667,18.39,16.67
BARC,2021-01-28,18.0391666666667,18.39,17.38
BARC,2021-01-29,16.8029166666667,17.27,16.04
BARC,2021-01-30,16.2854166666667,17.11,15.75
BARC,2021-01-31,16.20375,16.83,15.69
BARC,2021-02-01,16.4239583333333,16.66,15.84
BARC,2021-02-02,15.9127083333333,16.49,15.12
BARC,2021-02-03,14.97,15.31,14.52
BARC,2021-02-04,14.6585416666667,15.12,14.25
BARC,2021-02-05,14.7097916666667,15.35,14.19
BARC,2021-02-06,14.6052083333333,14.91,14.27
BARC,2021-02-07,14.6564583333333,14.88,14.43
BARC,2021-02-08,15.414375,16.08,14.9
BARC,2021-02-09,15.8972916666667,16.31,15
BARC,2021-02-10,16.8895833333333,17.49,16.24
BARC,2021-02-11,18.2380434782609,19.51,16.69
BARC,2021-02-12,19.83625,20.76,18.45
BARC,2021-02-13,20.2514583333333,21.31,19.6
BARC,2021-02-14,19.7908333333333,20.18,19.26
BARC,2021-02-15,19.328125,19.71,18.77
BARC,2021-02-16,19.3377083333333,20.14,18.76
BARC,2021-02-17,19.14875,19.73,18.47
BARC,2021-02-18,18.224375,18.44,18.05
BARC,2021-02-19,19.4083333333333,20.13,18.11
BARC,2021-02-20,18.9625,19.7,17.98
BARC,2021-02-21,18.1266666666667,18.71,17.58
BARC,2021-02-22,17.7752083333333,18.1,17.49
BARC,2021-02-23,18.3122916666667,18.73,17.51
BARC,2021-02-24,18.8279166666667,19.8,18.24
BARC,2021-02-25,18.97125,19.85,18.21
BARC,2021-02-26,19.3641666666667,20.28,18.3
BARC,2021-02-27,20.0779166666667,21.11,18.82
BARC,2021-02-28,20.9335416666667,21.73,19.57
BARC,2021-03-01,21.919375,22.58,20.68
BARC,2021-03-02,22.4727083333333,23.13,21.81
BARC,2021-03-03,21.099375,21.79,20.42
BARC,2021-03-04,20.0485416666667,20.4,19.52
BARC,2021-03-05,20.0804166666667,20.83,19.44
BARC,2021-03-06,19.9216666666667,20.65,19.36
BARC,2021-03-07,19.10125,19.4,18.59
BARC,2021-03-08,18.7341666666667,19.19,18.31
BARC,2021-03-09,18.546875,19.06,18.17
BARC,2021-03-10,18.758125,19.38,18.12
BARC,2021-03-11,18.9797916666667,19.56,18.28
BARC,2021-03-12,19.6202127659574,20.46,18.57
BARC,2021-03-13,20.655,22.25,19.11
BARC,2021-03-14,21.1588372093023,22.52,19.68
BARC,2021-03-15,21.8770454545455,23.23,20.25
BARC,2021-03-16,22.0980434782609,23.3,20.95
BARC,2021-03-17,22.379375,22.93,21.55
BARC,2021-03-18,23.3229166666667,24.2,22.02
BARC,2021-03-19,22.59,22.96,21.79
BARC,2021-03-20,21.996875,22.61,21.3
BARC,2021-03-21,21.1504166666667,21.27,21.01
BARC,2021-06-09,29.9707142857143,30.68,29.46
BARC,2021-06-10,30.2814583333333,31.3,29.45
BARC,2021-06-11,30.5647916666667,31.28,29.76
BARC,2021-06-12,30.5566666666667,30.98,30.1
BARC,2021-06-13,30.2854166666667,30.69,29.89
BARC,2021-06-14,30.0064583333333,30.93,29.5
BARC,2021-06-15,29.5885416666667,30.02,29.17
BARC,2021-06-16,29.138125,29.77,28.64
BARC,2021-06-17,29.1120833333333,29.56,28.65
BARC,2021-06-18,29.714375,30.34,28.72
BARC,2021-06-19,29.86125,30.67,29.24
BARC,2021-06-20,29.875,30.41,29.44
BARC,2021-06-21,29.56875,29.77,29.32
BARC,2021-06-22,29.230625,29.63,28.8
BARC,2021-06-23,28.7008333333333,28.99,28.37
BARC,2021-06-24,29.159375,29.92,28.38
BARC,2021-06-25,28.646875,29.39,28.14
BARC,2021-06-26,28.2479166666667,28.9,27.95
BARC,2021-06-27,28.3527083333333,29.14,27.93
BARC,2021-06-28,29.0066666666667,29.76,27.94
BARC,2021-06-29,29.211875,29.69,28.57
BARC,2021-06-30,29.045,29.44,28.65
BARC,2021-07-01,28.7808333333333,29.1,28.45
BARC,2021-07-02,28.795,29.2,28.44
BARC,2021-07-03,28.869375,29.27,28.44
BARC,2021-07-04,28.5420833333333,28.75,28.28
BARC,2021-07-05,28.3608333333333,29.09,28.13
BARC,2021-07-06,28.80625,29.54,28.13
BARC,2021-07-07,28.9210416666667,29.35,28.47
BARC,2021-07-08,27.97,28.46,27.64
BARC,2021-07-09,28.7870833333333,29.43,27.63
BARC,2021-07-10,29.2383333333333,29.85,28.64
BARC,2021-07-11,29.8277083333333,30.69,28.72
BARC,2021-07-12,30.22875,31.27,29.32
BARC,2021-07-13,30.0939583333333,30.8,29.53
BARC,2021-07-14,30.2364583333333,31.02,29.53
BARC,2021-07-15,30.559375,31.15,29.72
BARC,2021-07-16,30.9279166666667,31.76,30.1
BARC,2021-07-17,31.32,32.37,30.36
BARC,2021-07-18,31.5987234042553,32.72,30.64
BARC,2021-07-19,31.6052083333333,32.71,30.96
BARC,2021-07-20,31.1908333333333,31.84,30.6
BARC,2021-07-21,31.269375,31.95,30.58
BARC,2021-07-22,31.11625,31.59,30.71
BARC,2021-07-23,31.6545833333333,32.45,30.7
BARC,2021-07-24,31.4089583333333,32.42,30.77
BARC,2021-07-25,31.1941666666667,31.69,30.74
BARC,2021-07-26,31.14,31.55,30.71
BARC,2021-07-27,31.2541666666667,31.72,30.71
BARC,2021-07-28,31.1868085106383,31.79,30.79
BARC,2021-07-29,30.8827083333333,31.45,30.44
BARC,2021-07-30,31.1460869565217,32.06,30.43
BARC,2021-07-31,31.6425,32.55,30.64
BARC,2021-08-01,31.7735416666667,32.36,31.08
BARC,2021-08-02,31.6039583333333,32.05,31.15
BARC,2021-08-03,31.3952083333333,32.03,30.78
BARC,2021-08-04,30.4716666666667,30.77,30.06
BARC,2021-08-05,30.195,30.55,29.88
BARC,2021-08-06,29.6420833333333,29.87,29.32
BARC,2021-08-07,29.9634042553191,30.47,29.31
BARC,2021-08-08,30.5952083333333,31.37,29.62
BARC,2021-08-09,31.006875,32.01,30.07
BARC,2021-08-10,31.4102325581395,32.56,30.46
BARC,2021-08-11,31.7484444444444,33,30.88
BARC,2021-08-12,32.1558974358974,33.41,31.15
BARC,2021-08-13,31.7085416666667,32.4,31.14
BARC,2021-08-14,31.47,31.89,31.03
BARC,2021-08-15,30.8560416666667,31.24,30.43
BARC,2021-08-16,30.7120833333333,31.1,30.39
BARC,2021-08-17,30.349375,30.51,30.09
BARC,2021-08-18,30.4752083333333,30.87,30.08
BARC,2021-08-19,31.3275,32.67,30.17
BARC,2021-08-20,31.4775,32.14,30.91
BARC,2021-08-21,32.0620833333333,33.02,30.97
BARC,2021-08-22,32.2672916666667,32.96,31.44
BARC,2021-08-23,31.9772916666667,32.49,31.53
BARC,2021-08-24,31.6423404255319,32.12,31.25
BARC,2021-08-25,31.238125,32.15,30.68
BARC,2021-08-26,31.2658333333333,32.08,30.66
BARC,2021-08-27,30.699375,31.02,30.41
BARC,2021-08-28,30.5914583333333,30.96,30.29
BARC,2021-08-29,30.734375,31.33,30.29
BARC,2021-08-30,31.006875,31.69,30.38
BARC,2021-08-31,31.7767441860465,32.77,30.54
BARC,2021-09-01,31.388125,31.95,30.91
BARC,2021-09-02,30.3770833333333,30.88,29.93
BARC,2021-09-03,30.255,30.82,29.85
BARC,2021-09-04,30.0927083333333,30.59,29.64
BARC,2021-09-05,30.2897916666667,31.12,29.63
BARC,2021-09-06,30.483125,31.38,29.66
BARC,2021-09-07,30.5604255319149,31.51,29.89
BARC,2021-09-08,30.63,31.24,30.03
BARC,2021-09-09,30.5752083333333,31.42,29.92
BARC,2021-09-10,30.0219565217391,30.26,29.78
BARC,2021-09-11,30.2036170212766,31.11,29.76
BARC,2021-09-12,29.7483333333333,29.95,29.49
BARC,2021-09-13,29.8820833333333,30.42,29.47
BARC,2021-09-14,30.25125,31.19,29.46
BARC,2021-09-15,29.8782978723404,30.53,29.5
BARC,2021-09-16,30.0375,30.73,29.5
BARC,2021-09-17,29.861875,30.51,29.5
BARC,2021-09-18,29.9122916666667,30.56,29.48
BARC,2021-09-19,30.1804166666667,31.11,29.47
BARC,2021-09-20,29.871875,30.51,29.51
BARC,2021-09-21,29.6266666666667,30,29.33
BARC,2021-09-22,29.8002325581395,30.74,29.31
BARC,2021-09-23,30.0072916666667,30.7,29.35
BARC,2021-09-24,29.6702083333333,30.35,29.15
BARC,2021-09-25,29.2779166666667,29.82,28.83
BARC,2021-09-26,29.1983333333333,29.95,28.69
BARC,2021-09-27,29.0675,29.82,28.53
BARC,2021-09-28,28.994375,29.76,28.43
BARC,2021-09-29,28.7675,29.49,28.27
BARC,2021-09-30,28.7708333333333,29.53,28.17
BARC,2021-10-01,28.5920833333333,29.22,28.11
BARC,2021-10-02,28.4983333333333,29.04,28.07
BARC,2021-10-03,28.3347916666667,28.77,27.95
BARC,2021-10-04,28.3848936170213,28.99,27.9
BARC,2021-10-05,28.3607142857143,29.06,27.87
BARC,2021-10-06,28.258125,28.84,27.86
BARC,2021-10-07,28.0795833333333,28.47,27.82
BARC,2021-10-08,28.3736363636364,29,27.82
BARC,2021-10-09,28.1939583333333,28.61,27.85
BARC,2021-10-10,28.1802083333333,28.65,27.8
BARC,2021-10-11,28.065,28.6,27.67
BARC,2021-10-12,27.9352083333333,28.37,27.58
BARC,2021-10-13,27.8420833333333,28.23,27.49
BARC,2021-10-14,28.0008333333333,28.73,27.48
BARC,2021-10-15,28.1733333333333,29.1,27.49
BARC,2021-10-16,28.2412765957447,29.02,27.66
BARC,2021-10-17,28.1677083333333,28.86,27.37
BARC,2021-10-18,27.26875,27.69,26.7
BARC,2021-10-19,26.64875,27.08,26.19
BARC,2021-10-20,26.195,26.53,25.79
BARC,2021-10-21,25.9645833333333,26.37,25.59
BARC,2021-10-22,26.193125,27.02,25.59
BARC,2021-10-23,26.2552083333333,26.88,25.67
BARC,2021-10-24,26.2965957446809,27.12,25.77
BARC,2021-10-25,26.08875,26.35,25.83
BARC,2021-10-26,26.4314583333333,26.85,25.88
BARC,2021-10-27,26.2852083333333,26.67,25.83
BARC,2021-10-28,25.9583333333333,26.63,25.52
BARC,2021-10-29,25.3127083333333,25.5,24.99
BARC,2021-10-30,24.7420833333333,24.97,24.35
BARC,2021-10-31,24.163125,24.41,23.69
BARC,2021-11-01,23.49,23.73,23.06
BARC,2021-11-02,23.3479166666667,23.9,22.95
BARC,2021-11-03,23.508125,24.3,22.93
BARC,2021-11-04,23.2764583333333,23.86,22.85
BARC,2021-11-05,22.8277083333333,23.13,22.4
BARC,2021-11-06,21.719375,22.37,20.91
BARC,2021-11-07,20.2395833333333,20.88,19.6
BARC,2021-11-08,19.640625,19.93,19.37
BARC,2021-11-09,19.4335416666667,19.76,19.07
BARC,2021-11-10,19.6139583333333,20.12,19.04
BARC,2021-11-11,19.7733333333333,20.1,19.2
BARC,2021-11-12,20.245,20.65,19.62
BARC,2021-11-13,20.5110416666667,20.86,20.17
BARC,2021-11-14,20.2039583333333,20.53,19.72
BARC,2021-11-15,19.7791666666667,20.16,19.4
BARC,2021-11-16,19.5868085106383,20.1,19.19
BARC,2021-11-17,19.5004166666667,20,19.1
BARC,2021-11-18,19.6995833333333,20.19,19.08
BARC,2021-11-19,20.0452083333333,20.49,19.42
BARC,2021-11-20,20.0495833333333,20.63,19.52
BARC,2021-11-21,19.7304166666667,19.93,19.47
BARC,2021-11-22,20.1570833333333,20.54,19.59
BARC,2021-11-23,20.0354166666667,20.36,19.6
BARC,2021-11-24,19.269375,19.57,18.73
BARC,2021-11-25,18.7039583333333,18.98,18.42
BARC,2021-11-26,18.7945833333333,19.43,18.37
BARC,2021-11-27,18.38375,18.6,18.02
BARC,2021-11-28,18.08875,18.56,17.71
BARC,2021-11-29,17.7660416666667,17.99,17.56
BARC,2021-11-30,17.6783333333333,18.05,17.29
BARC,2021-12-01,17.475,18.02,17.07
BARC,2021-12-02,17.6141666666667,18.32,17.05
BARC,2021-12-03,17.5525,18.14,17.09
BARC,2021-12-04,17.7197916666667,18.32,17.19
BARC,2021-12-05,17.6635416666667,18.12,17.32
BARC,2021-12-06,17.956875,18.7,17.37
BARC,2021-12-07,18.2560416666667,18.61,17.53
BARC,2021-12-08,18.638125,19.07,18.23
BARC,2021-12-09,19.023125,19.31,18.46
BARC,2021-12-10,19.1104166666667,19.47,18.84
BARC,2021-12-11,19.4422916666667,19.89,18.81
BARC,2021-12-12,20.24375,20.81,19.45
BARC,2021-12-13,20.0775,20.4,19.54
BARC,2021-12-14,19.7947916666667,20.13,19.47
BARC,2021-12-15,19.641875,19.88,19.4
BARC,2021-12-16,19.8825,20.08,19.34
BARC,2021-12-17,20.6893023255814,21.19,19.94
BARC,2021-12-18,20.996875,21.5,20.37
BARC,2021-12-19,21.1616666666667,21.54,20.57
BARC,2021-12-20,21.2895833333333,21.64,20.71
BARC,2021-12-21,20.0785416666667,20.66,19.48
BARC,2021-12-22,19.164375,19.47,18.71
BARC,2021-12-23,18.6177083333333,18.89,18.21
BARC,2021-12-24,18.2716666666667,18.67,17.94
BARC,2021-12-25,18.380625,19.05,17.91
BARC,2021-12-26,18.27375,18.57,17.91
BARC,2021-12-27,18.6370833333333,19.12,18.04
BARC,2021-12-28,18.8152083333333,19.27,18.43
BARC,2021-12-29,19.1533333333333,19.78,18.4
BARC,2021-12-30,19.4460416666667,19.91,18.72
BARC,2021-12-31,19.9452083333333,20.23,19.4
BARC,2022-01-01,20.8310416666667,21.31,20.14
BARC,2022-01-02,21.154375,21.61,20.62
BARC,2022-01-03,21.1283333333333,21.59,20.41
BARC,2022-01-04,19.8802083333333,20.34,19.18
BARC,2022-01-05,19.1872916666667,19.44,18.94
BARC,2022-01-06,19.0929166666667,19.24,18.92
BARC,2022-01-26,14.4297222222222,14.56,14.32
BARC,2022-01-27,14.3447916666667,14.46,14.24
BARC,2022-01-28,14.3716666666667,14.55,14.23
BARC,2022-01-29,14.343125,14.6,13.91
BARC,2022-01-30,13.7460416666667,14,13.34
BARC,2022-01-31,13.465,13.9,13.12
BARC,2022-02-01,13.7389583333333,14.28,13.07
BARC,2022-02-02,13.9052173913043,14.48,13.28
BARC,2022-02-03,14.4327083333333,15.07,13.56
BARC,2022-02-04,15.5485106382979,16.68,14.34
BARC,2022-02-05,16.8064583333333,17.35,15.56
BARC,2022-02-06,16.4239583333333,16.88,15.81
BARC,2022-02-07,15.4183333333333,15.8,15
BARC,2022-02-08,14.9395833333333,15.15,14.72
BARC,2022-02-09,14.5972916666667,14.72,14.39
BARC,2022-02-10,14.7320833333333,15.2,14.34
BARC,2022-02-11,15.0958695652174,16.17,14.34
BARC,2022-02-12,15.9068888888889,16.91,14.52
BARC,2022-02-13,16.9715384615385,17.76,15.29
BARC,2022-02-14,16.4233333333333,17.24,15.21
BARC,2022-02-15,15.4747916666667,16.02,15.1
BARC,2022-02-16,15.395625,15.67,15.14
BARC,2022-02-17,16.0339583333333,16.45,15.17
BARC,2022-02-18,17.2835416666667,18.15,16.05
BARC,2022-02-19,18.5683333333333,19.14,17.48
BARC,2022-02-20,18.228125,18.85,17.3
BARC,2022-02-21,17.7772916666667,18.22,17.15
BARC,2022-02-22,18.3727083333333,18.93,17.44
BARC,2022-02-23,19.4260869565217,20.19,18.13
BARC,2022-02-24,20.64225,21.86,19.21
BARC,2022-02-25,21.3885365853659,22.6,20.02
BARC,2022-02-26,21.6820833333333,22.33,20.83
BARC,2022-02-27,22.0968888888889,23.07,21
BARC,2022-02-28,22.4141666666667,23.14,21.61
BARC,2022-03-01,20.8958333333333,21.76,20
BARC,2022-03-02,20.3775,21.02,19.86
BARC,2022-03-03,20.5078723404255,21.57,19.77
BARC,2022-03-04,20.7117777777778,21.74,19.72
BARC,2022-03-05,20.603125,21.35,19.86
BARC,2022-03-06,21.00375,21.51,20.28
BARC,2022-03-07,21.5595833333333,22.18,20.69
BARC,2022-03-08,22.3310416666667,23.17,21.31
BARC,2022-03-09,23.1177083333333,23.84,22.23
BARC,2022-03-10,23.1679166666667,23.6,22.76
BARC,2022-03-11,22.479375,22.75,22.16
BARC,2022-03-12,21.941875,22.15,21.72
BARC,2022-03-13,21.16375,21.72,20.08
BARC,2022-03-14,20.005,20.49,19.55
BARC,2022-03-15,19.995625,20.38,19.52
BARC,2022-03-16,19.8077083333333,20,19.64
BARC,2022-03-17,20.5145833333333,21.37,19.64
BARC,2022-03-18,21.5020833333333,22.68,20.21
BARC,2022-03-19,22.04625,23.04,20.98
BARC,2022-03-20,22.395625,22.9,21.56
BARC,2022-03-21,22.4195833333333,22.83,21.93
BARC,2022-03-31,23.2286046511628,23.79,22.74
BARC,2022-04-01,22.59625,22.78,22.37
BARC,2022-04-02,23.8136956521739,25.12,22.36
BARC,2022-04-03,22.6708333333333,23.04,22.27
BARC,2022-04-04,23.19,24.08,22.24
BARC,2022-04-05,23.8529411764706,24.95,22.54
BARC,2022-04-06,24.1180487804878,24.54,23.22
BARC,2022-04-07,24.5631111111111,25.04,24.1
BARC,2022-04-08,24.9110526315789,25.37,24.38
BARC,2022-04-09,24.0008,24.15,23.84
BARC,2022-04-10,23.1424,23.26,22.99
BARC,2022-04-11,23.4411538461538,24.56,22.36
BARC,2022-04-12,23.3569444444444,23.98,22.43
BARC,2022-04-13,24.1294736842105,25.65,22.84
BARC,2022-04-14,24.3139534883721,25.17,23.42
BARC,2022-04-15,24.5294444444444,25.09,23.97
BARC,2022-04-16,24.9178571428571,25.3,24.22
BARC,2022-04-17,26.039696969697,27.55,24.54
BARC,2022-04-18,26.4115625,27.25,25.39
BARC,2022-04-19,25.7932432432432,26.13,25.02
BARC,2022-04-20,25.1924,25.56,24.52
BARC,2022-04-21,24.7874193548387,25.04,24.48
BARC,2022-04-22,24.6690909090909,24.93,24.33
BARC,2022-04-23,24.6215151515152,24.88,24.26
BARC,2022-04-24,24.7971875,25.16,24.25
BARC,2022-04-25,25.1196875,25.59,24.41
BARC,2022-04-26,25.7254838709677,26.74,24.67
BARC,2022-04-27,26.5915625,27.51,25.02
BARC,2022-04-28,26.6932,27.43,25.72
BARC,2022-04-29,26.1139285714286,26.47,25.62
BARC,2022-04-30,25.9688461538462,26.31,25.53
BARC,2022-05-01,26.0945161290323,26.55,25.52
BARC,2022-05-02,26.8775,28.48,25.58
BARC,2022-05-03,27.55,28.78,25.92
BARC,2022-05-04,27.478064516129,28.29,26.49
BARC,2022-05-05,28.3846875,29.33,26.78
BARC,2022-05-06,28.5530769230769,29.32,27.53
BARC,2022-05-07,28.2877777777778,28.59,27.83
BARC,2022-05-08,28.1432,28.45,27.65
BARC,2022-05-09,28.2757692307692,28.75,27.44
BARC,2022-05-10,27.7172,28.03,27.08
BARC,2022-05-11,27.3661538461538,27.68,26.84
BARC,2022-05-12,27.1176,27.4,26.7
BARC,2022-05-13,26.9084,27.08,26.41
BARC,2022-05-14,26.8384,27.14,26.33
BARC,2022-05-15,27.94375,29.47,26.35
BARC,2022-05-16,27.8794736842105,28.79,26.98
BARC,2022-05-17,27.8078571428571,28.54,26.97
BARC,2022-05-18,28.553125,29.72,27.35
BARC,2022-05-19,29.299375,30.55,27.97
BARC,2022-05-20,29.500625,30.21,28.47
BARC,2022-05-21,29.1735416666667,29.84,28.56
BARC,2022-05-22,28.6829166666667,29.25,28.26
BARC,2022-05-23,29.1210416666667,30.23,28.26
BARC,2022-05-24,29.8214583333333,31.06,28.5
BARC,2022-05-25,29.7216666666667,30.46,29.17
BARC,2022-05-26,29.5008333333333,29.93,29.16
BARC,2022-05-27,29.5127083333333,29.97,29.15
BARC,2022-05-28,29.106875,29.3,28.78
BARC,2022-05-29,29.420625,30.04,28.78
BARC,2022-05-30,30.0970833333333,31.33,28.96
BARC,2022-05-31,29.8129166666667,30.4,29.36
BARC,2022-06-01,29.7447916666667,30.3,29.29
BARC,2022-06-02,29.8063636363636,30.29,29.28
BARC,2022-06-03,30.5777083333333,32.1,29.36
BARC,2022-06-04,30.4370833333333,31.05,29.76
BARC,2022-06-05,30.1947916666667,30.6,29.85
BARC,2022-06-06,30.3358333333333,30.92,29.84
BARC,2022-06-07,30.266875,31.09,29.79
BARC,2022-06-08,31.0483333333333,32.3,29.79
BARC,2022-06-09,31.25,32.27,30.26
BARC,2022-06-10,31.0483333333333,31.55,30.6
BARC,2022-06-11,31.074375,31.51,30.65
BARC,2022-06-12,30.9295833333333,31.33,30.52
BARC,2022-06-13,30.7120833333333,30.99,30.46
BARC,2022-06-14,31.1902083333333,31.87,30.45
BARC,2022-06-15,31.5866666666667,32.46,30.94
BARC,2022-06-16,31.9752083333333,33.09,31.01
BARC,2022-06-17,32.1083333333333,32.88,31.33
BARC,2022-06-18,32.2339583333333,33.08,31.48
BARC,2022-06-19,31.9504166666667,32.31,31.58
BARC,2022-06-20,31.9702083333333,32.53,31.48
BARC,2022-06-21,31.7458333333333,32.21,31.34
BARC,2022-06-22,31.6004166666667,32.05,31.2
BARC,2022-06-23,31.7260416666667,32.49,31.19
BARC,2022-06-24,31.6158333333333,32.06,31.18
BARC,2022-06-25,31.4116666666667,32.3,30.94
BARC,2022-06-26,31.2639583333333,31.76,30.87
BARC,2022-06-27,31.0495833333333,31.39,30.68
BARC,2022-06-28,30.7552083333333,31.05,30.5
BARC,2022-06-29,31.0827083333333,31.7,30.51
BARC,2022-06-30,31.4989583333333,32.38,30.66
BARC,2022-07-01,31.2835416666667,32.1,30.93
BARC,2022-07-02,31.0747916666667,31.68,30.68
BARC,2022-07-03,31.1054166666667,31.71,30.68
BARC,2022-07-04,30.8920833333333,31.63,30.59
BARC,2022-07-05,31.5451063829787,32.6,30.59
BARC,2022-07-06,31.3889583333333,31.85,30.93
BARC,2022-07-07,31.8341666666667,32.66,31.01
BARC,2022-07-08,31.896170212766,33.27,31.26
BARC,2022-07-09,31.66875,32.63,31.25
BARC,2022-07-10,31.6552083333333,32.41,31.2
BARC,2022-07-11,31.2122916666667,31.52,30.93
BARC,2022-07-12,31.3514583333333,31.9,30.92
BARC,2022-07-13,31.6160416666667,32.15,30.92
BARC,2022-07-14,31.8689583333333,32.43,31.22
BARC,2022-07-15,32.2134042553191,33.48,31.46
BARC,2022-07-16,32.1572916666667,32.83,31.5
BARC,2022-07-17,31.569375,31.92,31.17
BARC,2022-07-18,31.8554166666667,32.81,31.17
BARC,2022-07-19,31.25625,31.46,31
BARC,2022-07-20,31.2547058823529,31.74,30.98
BARC,2022-07-21,31.1751219512195,31.58,30.77
BARC,2022-07-22,31.644375,32.27,30.77
BARC,2022-07-23,31.9977083333333,32.88,31.19
BARC,2022-07-24,31.7185416666667,32.74,31.29
BARC,2022-07-25,31.6133333333333,32.54,31.1
BARC,2022-07-26,31.8477083333333,33.07,31.11
BARC,2022-07-27,31.8077083333333,32.76,31.28
BARC,2022-07-28,31.9456756756757,33.03,31.28
BARC,2022-07-29,32.0979166666667,32.71,31.38
BARC,2022-07-30,32.5558333333333,33.5,31.62
BARC,2022-07-31,32.800625,34.02,31.94
BARC,2022-08-01,32.86875,33.9,32.14
BARC,2022-08-02,33.0683333333333,34.13,32.33
BARC,2022-08-03,33.02125,33.69,32.42
BARC,2022-08-04,32.971875,34.34,32.37
BARC,2022-08-05,32.733125,33.37,32.32
BARC,2022-08-06,32.7004166666667,33.16,32.3
BARC,2022-08-07,32.5022916666667,32.93,32.19
BARC,2022-08-08,32.3983333333333,32.93,31.95
BARC,2022-08-09,31.939375,32.51,31.49
BARC,2022-08-10,31.9281818181818,32.43,31.5
BARC,2022-08-11,32.078125,32.6,31.51
BARC,2022-08-12,31.6108333333333,31.87,31.31
BARC,2022-08-13,31.5047916666667,32.1,31.14
BARC,2022-08-14,31.1560416666667,31.42,30.85
BARC,2022-08-15,31.13,31.64,30.74
BARC,2022-08-16,31.3489583333333,32.08,30.74
BARC,2022-08-17,31.2666666666667,31.63,30.84
BARC,2022-08-18,31.4831914893617,32.37,30.94
BARC,2022-08-19,31.0848936170213,32.35,30.62
BARC,2022-08-20,31.1554166666667,32.01,30.61
BARC,2022-08-21,31.6445238095238,33.24,30.63
BARC,2022-08-22,31.4315217391304,33.08,30.93
BARC,2022-08-23,31.1352083333333,31.73,30.78
BARC,2022-08-24,31.1782222222222,32.08,30.71
BARC,2022-08-25,31.4008333333333,32.66,30.7
BARC,2022-08-26,31.54625,32.98,30.76
BARC,2022-08-27,31.51625,32.94,30.91
BARC,2022-08-28,31.5095833333333,32.68,31
BARC,2022-08-29,31.4,32.35,30.91
BARC,2022-08-30,31.3327083333333,32.06,30.9
BARC,2022-08-31,31.3027083333333,31.82,30.89
BARC,2022-09-01,31.3339583333333,31.94,30.93
BARC,2022-09-02,31.31,32.72,30.75
BARC,2022-09-03,30.68125,30.95,30.41
BARC,2022-09-04,30.6427083333333,31.27,30.28
BARC,2022-09-05,30.8045833333333,32,30.27
BARC,2022-09-06,31.7546808510638,33.59,30.28
BARC,2022-09-07,32.0527272727273,33.04,30.75
BARC,2022-09-08,31.7208510638298,32.69,31.11
BARC,2022-09-09,30.7727083333333,31.09,30.36
BARC,2022-09-10,30.3504166666667,30.91,30.03
BARC,2022-09-11,30.0808333333333,30.51,29.75
BARC,2022-09-12,30.4645833333333,31.44,29.75
BARC,2022-09-13,30.1547916666667,30.64,29.82
BARC,2022-09-14,30.1347916666667,30.69,29.78
BARC,2022-09-15,29.9808333333333,30.34,29.71
BARC,2022-09-16,29.7952083333333,30.03,29.5
BARC,2022-09-17,29.5877083333333,29.87,29.3
BARC,2022-09-18,29.4877083333333,29.94,29.17
BARC,2022-09-19,29.2154166666667,29.61,28.95
BARC,2022-09-20,29.3514583333333,29.91,28.93
BARC,2022-09-21,29.4685,29.98,28.98
BARC,2022-09-22,29.4864583333333,29.9,29.03
BARC,2022-09-23,29.9702083333333,31.06,29.12
BARC,2022-09-24,29.2833333333333,29.49,28.87
BARC,2022-09-25,29.1402083333333,29.65,28.72
BARC,2022-09-26,29.66375,30.97,28.71
BARC,2022-09-27,29.78375,30.92,28.81
BARC,2022-09-28,28.9864583333333,29.31,28.44
BARC,2022-09-29,27.6279166666667,28.41,26.7
BARC,2022-09-30,25.6475,26.67,24.78
BARC,2022-10-01,25.0766666666667,25.47,24.74
BARC,2022-10-02,25.685625,26.58,24.73
BARC,2022-10-03,25.5570833333333,26.16,24.91
BARC,2022-10-04,25.1829166666667,25.57,24.7
BARC,2022-10-05,24.8185416666667,25.14,24.47
BARC,2022-10-06,25.0685416666667,25.84,24.44
BARC,2022-10-07,25.286875,26.45,24.43
BARC,2022-10-08,25.4179166666667,26.43,24.54
BARC,2022-10-09,25.3147916666667,25.89,24.71
BARC,2022-10-10,25.489375,26.06,24.83
BARC,2022-10-11,25.8085416666667,26.61,25
BARC,2022-10-12,26.0615217391304,26.91,25.24
BARC,2022-10-13,26.1939583333333,26.59,25.67
BARC,2022-10-14,26.434375,27.15,25.81
BARC,2022-10-15,26.3608333333333,27.04,25.85
BARC,2022-10-16,26.195,26.74,25.76
BARC,2022-10-17,26.609375,27.77,25.75
BARC,2022-10-18,26.2816666666667,26.83,25.9
BARC,2022-10-19,25.7022916666667,26.21,24.75
BARC,2022-10-20,24.3602173913043,24.72,23.75
BARC,2022-10-21,23.7185416666667,24.16,23.24
BARC,2022-10-22,23.178125,23.55,22.75
BARC,2022-10-23,22.886875,23.32,22.51
BARC,2022-10-24,23.17,24.03,22.48
BARC,2022-10-25,23.2185416666667,24.05,22.55
BARC,2022-10-26,23.6752083333333,24.7,22.69
BARC,2022-10-27,23.5564583333333,23.88,22.93
BARC,2022-10-28,24.1247727272727,25.45,23.24
BARC,2022-10-29,23.6708333333333,23.9,23.38
BARC,2022-10-30,23.338125,23.43,23.21
BARC,2022-10-31,23.6,24.11,23.18
BARC,2022-11-01,24.4810416666667,25.53,23.31
BARC,2022-11-02,24.85375,25.84,23.75
BARC,2022-11-03,24.8604347826087,25.7,24.08
BARC,2022-11-04,24.5225,24.96,24.01
BARC,2022-11-05,24.3314583333333,24.66,23.97
BARC,2022-11-06,24.7763829787234,25.57,24.07
BARC,2022-11-07,24.793125,25.14,24.39
BARC,2022-11-08,24.5806666666667,24.93,24.24
BARC,2022-11-09,24.23125,24.55,23.69
BARC,2022-11-10,23.1502083333333,23.66,22.66
BARC,2022-11-11,22.5422222222222,22.63,22.43
BARC,2022-11-12,22.7347916666667,23,22.43
BARC,2022-11-13,23.104375,23.46,22.63
BARC,2022-11-14,22.5808333333333,22.82,22.07
BARC,2022-11-15,22.126875,22.34,21.93
BARC,2022-11-16,22.1781395348837,22.45,21.93
BARC,2022-11-17,21.9414583333333,22.19,21.39
BARC,2022-11-18,21.0833333333333,21.37,20.52
BARC,2022-11-19,20.3675,20.68,19.88
BARC,2022-11-20,19.6408333333333,19.85,19.27
BARC,2022-11-21,18.8660416666667,19.25,18.43
BARC,2022-11-22,18.778125,19.03,18.39
BARC,2022-11-23,18.6902083333333,18.85,18.54
BARC,2022-11-24,18.9085416666667,19.11,18.57
BARC,2022-11-25,19.995,20.57,18.88
BARC,2022-11-26,21.0358333333333,21.5,20.42
BARC,2022-11-27,21.3241666666667,21.68,20.74
BARC,2022-11-28,21.2677083333333,21.92,20.47
BARC,2022-11-29,20.743023255814,21.35,20.24
BARC,2022-11-30,20.6481818181818,21.03,20.16
BARC,2022-12-01,20.5736363636364,20.96,20.05
BARC,2022-12-02,20.0139583333333,20.24,19.78
BARC,2022-12-03,20.0570833333333,20.4,19.72
BARC,2022-12-04,20.3668888888889,21.36,19.72
BARC,2022-12-05,20.3820833333333,20.96,19.77
BARC,2022-12-06,20.7783333333333,21.78,20.01
BARC,2022-12-07,21.1651063829787,22.11,20.32
BARC,2022-12-08,21.3227272727273,22.58,20.39
BARC,2022-12-09,21.2854166666667,22.12,20.53
BARC,2022-12-10,21.1714583333333,21.75,20.64
BARC,2022-12-11,21.03625,21.31,20.7
BARC,2022-12-12,20.645625,20.75,20.48
BARC,2022-12-13,20.6197916666667,21,20.32
BARC,2022-12-14,20.3289583333333,20.51,20.15
BARC,2022-12-15,20.583125,21.04,20.15
BARC,2022-12-16,20.4145833333333,20.7,20.06
BARC,2022-12-17,19.9979166666667,20.42,19.59
BARC,2022-12-18,19.5408333333333,19.89,19.13
BARC,2022-12-19,18.9329166666667,19.19,18.48
BARC,2022-12-20,18.3807142857143,18.71,18.09
BARC,2022-12-21,18.0945833333333,18.25,17.9
BARC,2022-12-22,17.7241666666667,17.89,17.54
BARC,2022-12-23,17.5566666666667,17.7,17.46
BARC,2022-12-24,17.1972916666667,17.58,16.36
BARC,2022-12-25,15.8372916666667,16.32,15.09
BARC,2022-12-26,14.8583333333333,15.07,14.46
BARC,2022-12-27,14.2558333333333,14.52,13.88
BARC,2022-12-28,13.9025,14.29,13.61
BARC,2022-12-29,14.1160869565217,14.72,13.52
BARC,2022-12-30,14.55125,14.94,13.68
BARC,2022-12-31,15.4731111111111,16.42,14.27
BARC,2023-01-01,16.1552083333333,16.43,15.58
BARC,2023-01-02,17.1314893617021,18.47,16.4
BARC,2023-01-03,17.6225,18.34,16.28
BARC,2023-01-04,18.1941666666667,18.98,17.2
BARC,2023-01-05,18.7872916666667,19.19,18.18
BARC,2023-01-06,18.5528260869565,19.24,17.37
BARC,2023-01-07,17.0441666666667,17.55,16.19
BARC,2023-01-08,16.350625,16.82,15.89
BARC,2023-01-09,16.5237777777778,17.38,15.81
BARC,2023-01-10,16.5908333333333,17.06,16.11
BARC,2023-01-11,16.3475,16.78,16.01
BARC,2023-01-12,16.5308333333333,17.21,15.95
BARC,2023-01-13,16.4575,16.83,15.99
BARC,2023-01-14,16.22625,16.57,15.68
BARC,2023-01-15,15.465,15.67,15.03
BARC,2023-01-16,15.1014583333333,15.56,14.71
BARC,2023-01-17,15.1182222222222,15.93,14.57
BARC,2023-01-18,15.0085416666667,15.35,14.55
BARC,2023-01-19,15.934347826087,16.89,14.94
BARC,2023-01-20,16.3141666666667,16.69,15.46
BARC,2023-01-21,17.0564583333333,17.69,16.49
BARC,2023-01-22,16.1931818181818,16.47,16.04
BARC,2023-01-23,16.821875,17.18,16.03
BARC,2023-01-24,16.8352083333333,17.16,16.32
BARC,2023-01-25,16.6608695652174,16.93,16.19
BARC,2023-01-26,17.0972916666667,17.35,16.53
BARC,2023-01-27,16.9645833333333,17.32,16.5
BARC,2023-01-28,16.5791666666667,16.98,16.22
BARC,2023-01-29,16.229375,16.42,16.08
BARC,2023-01-30,17.1425,18.39,16.09
BARC,2023-01-31,18.600625,19.73,17.13
BARC,2023-02-01,20.1684782608696,21.38,18.62
BARC,2023-02-02,20.3391666666667,21.1,19.45
BARC,2023-02-03,20.298125,20.81,19.5
BARC,2023-02-04,18.8445833333333,20.11,17.8
BARC,2023-02-05,17.7852083333333,18.06,17.53
BARC,2023-02-06,18.1580434782609,18.99,17.48
BARC,2023-02-07,18.05125,18.59,17.57
BARC,2023-02-08,18.24125,18.79,17.6
BARC,2023-02-09,18.7283333333333,19.36,17.87
BARC,2023-02-10,19.346875,20.12,18.31
BARC,2023-02-11,20.0008333333333,20.6,19.27
BARC,2023-02-12,19.7547916666667,20.1,19.2
BARC,2023-02-13,18.7454166666667,19.16,18.24
BARC,2023-02-14,18.4822916666667,18.92,18.07
BARC,2023-02-15,18.655625,19.22,18.05
BARC,2023-02-16,19.2464583333333,20.49,18.18
BARC,2023-02-17,19.9595833333333,20.98,18.96
BARC,2023-02-18,19.973125,20.49,19.07
BARC,2023-02-19,18.9654166666667,19.35,18.66
BARC,2023-02-20,19.648125,20.5,18.66
BARC,2023-02-21,19.5179166666667,19.96,18.93
BARC,2023-02-22,20.0291666666667,20.4,19.3
BARC,2023-02-23,21.175,21.74,20.13
BARC,2023-02-24,21.9631818181818,22.62,20.82
BARC,2023-02-25,23.2104166666667,24.42,21.86
BARC,2023-02-26,23.075,23.65,22.32
BARC,2023-02-27,23.1179166666667,24.09,22.36
BARC,2023-02-28,22.9204166666667,23.32,22.46
BARC,2023-03-01,23.1616666666667,23.55,22.63
BARC,2023-03-02,23.5308333333333,24.01,22.94
BARC,2023-03-03,23.3810416666667,23.72,22.95
BARC,2023-03-04,23.2189583333333,23.51,22.91
BARC,2023-03-05,23.2729166666667,23.46,23.03
BARC,2023-03-06,23.9666666666667,25.52,23.02
BARC,2023-03-07,24.5941860465116,25.91,23.37
BARC,2023-03-08,24.4217021276596,24.95,23.61
BARC,2023-03-09,23.8991666666667,24.36,23.29
BARC,2023-03-10,23.6052083333333,24.25,23.12
BARC,2023-03-11,23.285,23.59,22.98
BARC,2023-03-12,23.3265957446809,24.04,22.78
BARC,2023-03-13,23.1521276595745,23.44,22.77
BARC,2023-03-14,22.8497916666667,23.2,22.28
BARC,2023-03-15,22.2472916666667,22.81,21.57
BARC,2023-03-16,21.5047916666667,22.01,21
BARC,2023-03-17,21.5767441860465,22.46,20.95
BARC,2023-03-18,21.5827083333333,22,21.02
BARC,2023-03-19,21.1520833333333,21.53,20.6
BARC,2023-03-20,20.6947916666667,21.19,20.18
BARC,2023-03-21,20.2983333333333,20.79,19.87
BARC,2023-03-22,20.025,20.27,19.8
BARC,2023-03-23,21.2948936170213,23.03,19.86
BARC,2023-03-24,22.2702222222222,24.38,20.67
BARC,2023-03-25,22.8780434782609,24.1,21.51
BARC,2023-03-26,23.38,23.82,22.45
BARC,2023-03-27,24.2525,24.95,23.25
BARC,2023-03-28,24.8923913043478,25.5,24
BARC,2023-03-29,24.7779166666667,25.43,24.06
BARC,2023-03-30,23.978125,24.54,23.23
BARC,2023-03-31,23.6264583333333,24.12,23.16
BARC,2023-04-01,23.8685106382979,24.51,23.18
BARC,2023-04-02,24.2245833333333,24.64,23.53
BARC,2023-04-03,24.9040425531915,25.54,24.1
BARC,2023-04-04,24.964375,25.64,24.37
BARC,2023-04-05,25.9314634146341,27.37,24.51
BARC,2023-04-06,26.0177083333333,26.73,25.06
BARC,2023-04-07,26.5734782608696,27.74,25.61
BARC,2023-04-08,26.820625,28.12,26.01
BARC,2023-04-09,26.3475,26.77,25.56
BARC,2023-04-10,24.73375,25.53,23.95
BARC,2023-04-11,23.78,23.98,23.4
BARC,2023-04-12,23.5579166666667,23.87,23.24
BARC,2023-04-13,23.3860416666667,23.61,23.2
BARC,2023-04-14,24.0883333333333,25.19,23.2
BARC,2023-04-15,24.5170833333333,24.93,23.69
BARC,2023-04-16,25.5602083333333,26.85,24.2
BARC,2023-04-17,25.51625,26.11,24.67
BARC,2023-04-18,24.9772916666667,25.44,24.46
BARC,2023-04-19,24.7897916666667,25.45,24.35
BARC,2023-04-20,24.5620833333333,24.91,24.19
BARC,2023-04-21,24.6754347826087,25.12,24.2
BARC,2023-04-22,24.9933333333333,25.8,24.32
BARC,2023-04-23,25.394375,26.1,24.55
BARC,2023-04-24,25.026875,25.52,24.5
BARC,2023-04-25,24.803125,25.01,24.6
BARC,2023-04-26,24.9570833333333,25.39,24.58
BARC,2023-04-27,25.4439583333333,26.08,24.65
BARC,2023-04-28,25.28625,25.77,24.94
BARC,2023-04-29,25.4525,25.82,24.93
BARC,2023-04-30,25.4741666666667,25.96,25.08
BARC,2023-05-01,25.2389583333333,25.52,24.95
BARC,2023-05-02,25.1853333333333,25.55,24.89
BARC,2023-05-03,25.2641666666667,25.72,24.85
BARC,2023-05-04,25.165625,25.54,24.85
BARC,2023-05-05,25.6616666666667,26.68,24.86
BARC,2023-05-06,25.5602083333333,26.07,25.04
BARC,2023-05-07,25.4064583333333,25.7,25.19
BARC,2023-05-08,25.52875,25.94,25.17
BARC,2023-05-09,26.5216666666667,27.56,25.2
BARC,2023-05-10,26.6210416666667,27.3,25.85
BARC,2023-05-11,27.2572916666667,28.72,26.2
BARC,2023-05-12,27.2870833333333,27.85,26.71
BARC,2023-05-13,27.6483333333333,28.48,26.91
BARC,2023-05-14,27.824375,28.56,27
BARC,2023-05-15,28.1925531914894,29.54,27.29
BARC,2023-05-16,27.93625,28.37,27.5
BARC,2023-05-17,28.543829787234,29.9,27.5
BARC,2023-05-18,28.4264583333333,28.93,27.86
BARC,2023-05-19,28.5477272727273,29.25,28.09
BARC,2023-05-20,28.9747916666667,29.97,28.08
BARC,2023-05-21,29.3279166666667,30.25,28.34
BARC,2023-05-22,29.5259574468085,30.82,28.77
BARC,2023-05-23,29.1410416666667,30.71,28.6
BARC,2023-05-24,28.693125,29.05,28.33
BARC,2023-05-25,28.3129166666667,28.6,27.88
BARC,2023-05-26,28.0316666666667,28.42,27.66
BARC,2023-05-27,27.18625,27.64,26.46
BARC,2023-05-28,26.7575,27.28,26.3
BARC,2023-05-29,27.086875,27.78,26.31
BARC,2023-05-30,27.2758333333333,28.14,26.56
BARC,2023-05-31,27.7747916666667,28.72,26.79
BARC,2023-06-01,27.5163043478261,27.89,27.2
BARC,2023-06-02,27.690625,28.19,27.21
BARC,2023-06-03,27.8029166666667,28.29,27.36
BARC,2023-06-04,27.8827083333333,28.36,27.46
BARC,2023-06-05,27.855,28.26,27.46
BARC,2023-06-06,27.8917391304348,28.35,27.43
BARC,2023-06-07,28.686,29.67,27.99
BARC,2023-06-08,28.31875,28.94,27.88
BARC,2023-06-09,28.6065909090909,29.14,27.88
BARC,2023-06-10,28.3641666666667,29.22,27.97
BARC,2023-06-11,29.1658139534884,30.83,27.99
BARC,2023-06-12,29.4959574468085,30.61,28.43
BARC,2023-06-13,29.2408333333333,29.69,28.77
BARC,2023-06-14,29.585625,30.07,28.89
BARC,2023-06-15,29.7379166666667,30.25,29.24
BARC,2023-06-16,29.069375,29.6,28.5
BARC,2023-06-17,28.7965957446809,29.17,28.47
BARC,2023-06-18,28.90125,29.4,28.47
BARC,2023-06-19,29.6014583333333,30.61,28.62
BARC,2023-06-20,29.7852083333333,30.5,29.09
BARC,2023-06-21,29.1983333333333,29.63,28.87
BARC,2023-06-22,28.8835416666667,29.14,28.56
BARC,2023-06-23,28.4177083333333,28.69,28.06
BARC,2023-06-24,28.5602083333333,29.19,27.98
BARC,2023-06-25,28.9439583333333,29.55,28.27
BARC,2023-06-26,29.9185106382979,31.63,28.58
BARC,2023-06-27,30.1166666666667,30.81,29.23
BARC,2023-06-28,30.3667391304348,31.06,29.56
BARC,2023-06-29,31.0616666666667,31.74,30.03
BARC,2023-06-30,31.250625,32.1,30.44
BARC,2023-07-01,31.2342222222222,31.74,30.65
BARC,2023-07-02,31.4972916666667,32.14,30.79
BARC,2023-07-03,31.8576595744681,33.11,30.98
BARC,2023-07-04,32.2009302325581,33.45,31.18
BARC,2023-07-05,32.6325,33.47,31.51
BARC,2023-07-06,32.6147916666667,33.5,31.89
BARC,2023-07-07,32.6052272727273,33.11,32.05
BARC,2023-07-08,32.383125,32.72,32.02
BARC,2023-07-09,32.2016666666667,32.61,31.83
BARC,2023-07-10,32.1335416666667,32.54,31.83
BARC,2023-07-11,31.65125,31.94,31.26
BARC,2023-07-12,31.2989583333333,31.72,31.04
BARC,2023-07-13,31.9330434782609,33.4,31.05
BARC,2023-07-14,32.1166666666667,33.1,31.21
BARC,2023-07-15,32.021875,32.45,31.57
BARC,2023-07-16,31.9660416666667,32.37,31.59
BARC,2023-07-17,31.68625,32.1,31.37
BARC,2023-07-18,31.519375,32.12,31.16
BARC,2023-07-19,31.9708333333333,33.02,31.18
BARC,2023-07-20,32.3954347826087,33.78,31.25
BARC,2023-07-21,32.9970833333333,34.19,31.62
BARC,2023-07-22,32.7233333333333,33.3,32.15
BARC,2023-07-23,32.419375,33.01,31.98
BARC,2023-07-24,31.9402083333333,32.34,31.58
BARC,2023-07-25,31.8077083333333,32.14,31.46
BARC,2023-07-26,31.52375,31.88,31.21
BARC,2023-07-27,32.074375,33.13,31.21
BARC,2023-07-28,31.6021276595745,32.15,31.24
BARC,2023-07-29,31.49875,32.17,31.14
BARC,2023-07-30,31.8865217391304,32.99,31.15
BARC,2023-07-31,32.0022916666667,33.34,31.24
BARC,2023-08-01,31.44125,32.42,31.03
BARC,2023-08-02,31.9414634146341,34.15,31.01
BARC,2023-08-03,31.7437777777778,32.22,31.17
BARC,2023-08-04,32.0483333333333,33.34,31.32
BARC,2023-08-05,31.6554166666667,32.33,31.34
BARC,2023-08-06,31.651875,32.02,31.25
BARC,2023-08-07,32.2402083333333,33.05,31.33
BARC,2023-08-08,31.7614285714286,31.92,31.66
BARC,2023-08-09,32.7738709677419,33.21,32.27
BARC,2023-08-10,32.9664583333333,33.78,32.26
BARC,2023-08-11,33.0258333333333,33.51,32.49
BARC,2023-08-12,33.3310416666667,33.94,32.67
BARC,2023-08-13,33.7764583333333,34.7,32.87
BARC,2023-08-14,34.0621276595745,35.63,33.08
BARC,2023-08-15,33.6821276595745,34.98,33.14
BARC,2023-08-16,33.2889583333333,33.9,32.84
BARC,2023-08-17,32.774375,33.44,32.36
BARC,2023-08-18,32.3935416666667,32.87,31.92
BARC,2023-08-19,32.4183333333333,33.04,31.87
BARC,2023-08-20,32.425625,33.7,31.87
BARC,2023-08-21,31.971875,32.33,31.71
BARC,2023-08-22,32.1047826086957,32.56,31.69
BARC,2023-08-23,32.2475,32.79,31.68
BARC,2023-08-24,32.1133333333333,32.62,31.68
BARC,2023-08-25,32.0247916666667,32.57,31.63
BARC,2023-08-26,32.3274468085106,33.05,31.62
BARC,2023-08-27,32.373125,33.2,31.77
BARC,2023-08-28,32.4147916666667,33.14,31.75
BARC,2023-08-29,32.4047916666667,32.92,31.89
BARC,2023-08-30,32.2314583333333,33.02,31.55
BARC,2023-08-31,31.059375,31.52,30.7
BARC,2023-09-01,31.7362222222222,33.18,30.7
BARC,2023-09-02,30.8616666666667,31.11,30.53
BARC,2023-09-03,30.565625,30.89,30.27
BARC,2023-09-04,30.6770833333333,31.2,30.22
BARC,2023-09-05,30.6989583333333,31.44,30.22
BARC,2023-09-06,30.8614583333333,31.69,30.22
BARC,2023-09-07,31.2697777777778,32.34,30.25
BARC,2023-09-08,31.4485416666667,32.5,30.49
BARC,2023-09-09,30.6370833333333,30.94,30.24
BARC,2023-09-10,30.5847916666667,31.03,30.15
BARC,2023-09-11,30.944375,31.88,30.13
BARC,2023-09-12,30.8537209302326,32.64,30.24
BARC,2023-09-13,31.2077272727273,32.78,30.23
BARC,2023-09-14,31.2995652173913,32.51,30.37
BARC,2023-09-15,31.3834042553191,32.26,30.55
BARC,2023-09-16,31.1391666666667,31.75,30.68
BARC,2023-09-17,30.8691666666667,31.25,30.56
BARC,2023-09-18,31.0670833333333,31.59,30.56
BARC,2023-09-19,30.7875,31.28,30.39
BARC,2023-09-20,30.4464583333333,31.04,29.98
BARC,2023-09-21,30.1452173913043,30.6,29.78
BARC,2023-09-22,30.029375,30.55,29.62
BARC,2023-09-23,29.7145833333333,30.09,29.31
BARC,2023-09-24,29.5885416666667,30.23,29.02
BARC,2023-09-25,29.6372916666667,30.57,28.95
BARC,2023-09-26,29.3089583333333,30.38,28.89
BARC,2023-09-27,29.1677083333333,29.77,28.83
BARC,2023-09-28,28.92625,29.22,28.81
BARC,2023-10-03,27.4485,27.82,27.03
BARC,2023-10-04,27.2135416666667,27.51,26.92
BARC,2023-10-05,27.245625,27.65,26.91
BARC,2023-10-06,27.4183333333333,27.92,26.93
BARC,2023-10-07,27.6283333333333,28.14,27.07
BARC,2023-10-08,27.471875,28.04,26.8
BARC,2023-10-09,26.525,26.83,26.03
BARC,2023-10-10,25.8597916666667,26.26,25.34
BARC,2023-10-11,25.8979069767442,26.75,25.26
BARC,2023-10-12,25.3179166666667,25.49,25.18
BARC,2023-10-13,25.4077083333333,25.61,25.19
BARC,2023-10-14,26.3604166666667,27.31,25.32
BARC,2023-10-15,25.8733333333333,26.23,25.53
BARC,2023-10-16,25.634375,26,25.14
BARC,2023-10-17,24.938125,25.2,24.4
BARC,2023-10-18,24.405,24.82,23.94
BARC,2023-10-19,24.1319047619048,24.72,23.67
BARC,2023-10-20,24.2647916666667,25.13,23.62
BARC,2023-10-21,23.9977083333333,24.4,23.62
BARC,2023-10-22,24.0958333333333,24.68,23.63
BARC,2023-10-23,24.0683333333333,24.62,23.59
BARC,2023-10-24,23.8716666666667,24.28,23.56
BARC,2023-10-25,23.8945833333333,24.26,23.55
BARC,2023-10-26,23.9870833333333,24.3,23.62
BARC,2023-10-27,24.0316666666667,24.33,23.74
BARC,2023-10-28,24.203125,24.65,23.84
BARC,2023-10-29,24.3516666666667,24.78,23.87
BARC,2023-10-30,24.5833333333333,25.08,24.05
BARC,2023-10-31,25.1005,26.33,24.2
BARC,2023-11-01,24.9464583333333,25.54,24.31
BARC,2023-11-02,23.9366666666667,24.32,23.07
BARC,2023-11-03,22.940625,23.23,22.43
BARC,2023-11-04,22.3620833333333,22.56,22.04
BARC,2023-11-05,21.9508333333333,22.13,21.63
BARC,2023-11-06,21.7352083333333,22.14,21.35
BARC,2023-11-07,21.6260416666667,22.31,21.15
BARC,2023-11-08,21.7172340425532,22.7,21.12
BARC,2023-11-09,21.915652173913,22.9,21.1
BARC,2023-11-10,22.1502083333333,23.09,21.18
BARC,2023-11-11,22.375652173913,23.37,21.48
BARC,2023-11-12,22.5571739130435,23.13,22.02
BARC,2023-11-13,21.8414583333333,22.04,21.57
BARC,2023-11-14,21.3791666666667,21.56,21.15
BARC,2023-11-15,21.0508333333333,21.16,17.87
BARC,2023-11-16,20.9042105263158,21.05,17.47
BARC,2023-11-17,20.9285416666667,20.99,20.85
BARC,2023-11-18,21.0941666666667,21.21,20.85
BARC,2023-11-19,21.4716666666667,21.85,21.02
BARC,2023-11-20,21.8879069767442,22.95,21.13
BARC,2023-11-21,21.8319565217391,22.6,21.34
BARC,2023-11-22,21.7765217391304,22.05,21.49
BARC,2023-11-23,21.62,21.88,21.21
BARC,2023-11-24,21.063125,21.32,20.72
BARC,2023-11-25,20.5014583333333,20.7,20.21
BARC,2023-11-26,20.2510416666667,20.44,20.07
BARC,2023-11-27,19.9860416666667,20.06,19.8
BARC,2023-11-28,19.8183333333333,20.14,19.4
BARC,2023-11-29,18.9989583333333,19.39,18.46
BARC,2023-11-30,18.3204651162791,18.85,17.91
BARC,2023-12-01,18.018125,18.3,17.75
BARC,2023-12-02,18.770625,19.51,17.74
BARC,2023-12-03,19.8552173913043,20.66,18.79
BARC,2023-12-04,20.4572916666667,20.96,19.97
BARC,2023-12-05,19.7977083333333,20.38,18.87
BARC,2023-12-06,18.8753846153846,19.06,18.71
BARC,2023-12-07,18.0290476190476,18.24,17.77
BARC,2023-12-08,17.9739583333333,18.76,17.55
BARC,2023-12-09,17.915,18.3,17.52
BARC,2023-12-10,18.5208333333333,19.37,17.67
BARC,2023-12-11,18.6102083333333,18.95,18.12
BARC,2023-12-12,18.031914893617,18.36,17.63
BARC,2023-12-13,17.5758333333333,17.83,17.26
BARC,2023-12-14,17.1929166666667,17.39,16.87
BARC,2023-12-15,16.9210869565217,17.07,16.75
BARC,2023-12-16,16.965,17.17,16.71
BARC,2023-12-17,17.0358333333333,17.19,16.83
BARC,2023-12-18,17.2317021276596,17.37,17.04
BARC,2023-12-19,17.1120833333333,17.38,16.76
BARC,2023-12-20,16.543829787234,16.79,16.11
BARC,2023-12-21,16.0522916666667,16.26,15.78
BARC,2023-12-22,15.9947826086957,16.34,15.68
BARC,2023-12-23,16.1922916666667,16.55,15.78
BARC,2023-12-24,16.429375,16.75,15.92
BARC,2023-12-25,16.6722916666667,16.85,16.18
BARC,2023-12-26,17.0491666666667,17.31,16.7
BARC,2023-12-27,17.8347826086957,18.51,17.08
BARC,2023-12-28,17.405,17.63,17.07
BARC,2023-12-29,16.924375,17.17,16.57
BARC,2023-12-30,16.384375,16.59,16
BARC,2023-12-31,15.95875,16.22,15.61
BARC,2024-01-01,15.7672916666667,16.08,15.4
BARC,2024-01-02,15.7844680851064,16.07,15.36
BARC,2024-01-03,15.4583333333333,15.8,15.19
BARC,2024-01-04,15.4785416666667,15.83,15.13
BARC,2024-01-05,15.278125,15.58,15.02
BARC,2024-01-06,15.4895833333333,15.74,15.02
BARC,2024-01-07,16.2297916666667,16.68,15.62
BARC,2024-01-08,16.0335416666667,16.32,15.62
BARC,2024-01-09,15.5652083333333,15.62,15.53
BARC,2024-01-10,15.7795833333333,16.1,15.44
BARC,2024-01-11,15.5097916666667,15.74,15.27
BARC,2024-01-12,15.7290476190476,16.14,15.23
BARC,2024-01-13,16.0052083333333,16.53,15.4
BARC,2024-01-14,15.8975,16.51,15.39
BARC,2024-01-15,15.311875,15.51,15.06
BARC,2024-01-16,16.0645652173913,17.11,15
BARC,2024-01-17,15.8545833333333,16.47,14.93
BARC,2024-01-18,14.8402325581395,15.07,14.55
BARC,2024-01-19,14.580625,14.9,14.35
BARC,2024-01-20,14.6608333333333,15.01,14.28
BARC,2024-01-21,14.1508333333333,14.48,13.54
BARC,2024-01-22,13.4495833333333,13.67,13.17
BARC,2024-01-23,13.573125,13.78,13.13
BARC,2024-01-24,14.606875,15.07,13.76
BARC,2024-01-25,16.1379166666667,17.04,14.84
BARC,2024-01-26,18.3887804878049,19.73,16.36
BARC,2024-01-27,19.4934042553191,20.33,18.56
BARC,2024-01-28,20.011875,20.67,19.14
BARC,2024-01-29,18.9491666666667,19.95,17.14
BARC,2024-01-30,16.976875,17.48,16.22
BARC,2024-01-31,16.4802083333333,17.06,15.9
BARC,2024-02-01,16.0385416666667,16.39,15.6
BARC,2024-02-02,16.100625,16.98,15.54
BARC,2024-02-03,16.0427083333333,16.63,15.57
BARC,2024-02-04,16.170625,16.55,15.63
BARC,2024-02-05,16.280625,16.5,16.06
BARC,2024-02-06,16.0779166666667,16.29,15.76
BARC,2024-02-07,15.8691666666667,16.13,15.61
BARC,2024-02-08,15.8,16.17,15.52
BARC,2024-02-09,16.0466666666667,16.48,15.49
BARC,2024-02-10,16.801914893617,18.09,15.72
BARC,2024-02-11,17.0326086956522,17.59,16.17
BARC,2024-02-12,17.88875,19.13,16.81
BARC,2024-02-13,18.1479166666667,18.51,17.74
BARC,2024-02-14,17.7808333333333,18.13,17.22
BARC,2024-02-15,17.4895833333333,18.01,17.06
BARC,2024-02-16,17.386875,17.86,17.05
BARC,2024-02-17,17.5106382978723,18.06,17.02
BARC,2024-02-18,17.1554166666667,17.27,16.97
BARC,2024-02-19,16.6902083333333,16.94,16.4
BARC,2024-02-20,16.76875,17.24,16.32
BARC,2024-02-21,16.9770833333333,17.79,16.33
BARC,2024-02-22,16.6464583333333,17.02,16.32
BARC,2024-02-23,17.152,17.98,16.31
BARC,2024-02-24,16.7377083333333,16.92,16.52
BARC,2024-02-25,17.0260416666667,17.51,16.47
BARC,2024-02-26,17.404375,18.34,16.63
BARC,2024-02-27,17.6786956521739,18.38,16.78
BARC,2024-02-28,18.0735416666667,19.07,17.08
BARC,2024-02-29,18.6414583333333,19.14,17.73
BARC,2024-03-01,18.733125,19.07,18.39
BARC,2024-03-02,19.3620833333333,20.17,18.4
BARC,2024-03-03,19.9822916666667,20.86,19.27
BARC,2024-03-04,20.59,21.35,19.7
BARC,2024-03-05,20.8368888888889,21.47,20.09
BARC,2024-03-06,20.9589583333333,21.24,20.55
BARC,2024-03-07,21.255,21.69,20.67
BARC,2024-03-08,22.1630952380952,23.97,20.95
BARC,2024-03-09,22.1327083333333,22.48,21.41
BARC,2024-03-10,22.7127083333333,23.03,22.11
BARC,2024-03-11,22.1754166666667,22.7,21.28
BARC,2024-03-12,21.319375,21.94,20.68
BARC,2024-03-13,21.7560416666667,22.66,20.65
BARC,2024-03-14,21.825625,22.66,21.01
BARC,2024-03-15,22.3331914893617,24.09,21.03
BARC,2024-03-16,22.6085416666667,23.26,21.49
BARC,2024-03-17,23.38875,23.96,22.34
BARC,2024-03-18,23.9989583333333,24.73,23.13
BARC,2024-03-19,23.4775,24.11,22.15
BARC,2024-03-20,22.0806666666667,22.79,21.49
BARC,2024-03-21,21.9489583333333,22.75,21.27
BARC,2024-03-22,21.9845833333333,22.68,21.22
BARC,2024-03-23,21.48875,21.65,21.3
BARC,2024-03-24,22.0316666666667,22.98,21.29
BARC,2024-03-25,21.3758333333333,21.63,21
BARC,2024-03-26,21.4266666666667,21.81,20.98
BARC,2024-03-27,22.2933333333333,23.48,21.18
BARC,2024-03-28,21.936875,22.15,21.62
BARC,2024-03-29,22.0810416666667,22.6,21.57
BARC,2024-03-30,22.190625,23.03,21.48
BARC,2024-03-31,22.42125,23.17,21.61
BARC,2024-04-01,22.63,23.24,21.75
BARC,2024-04-02,23.1022916666667,23.85,22.23
BARC,2024-04-03,23.34875,23.75,22.72
BARC,2024-04-04,22.755,23.13,22.19
BARC,2024-04-05,22.3808333333333,22.78,21.95
BARC,2024-04-06,22.4108333333333,22.89,21.91
BARC,2024-04-07,22.5172916666667,23.39,21.85
BARC,2024-04-08,22.7066666666667,23.55,21.91
BARC,2024-04-09,22.7191666666667,23.28,22.09
BARC,2024-04-10,22.981875,23.55,22.29
BARC,2024-04-11,23.2004347826087,23.61,22.64
BARC,2024-04-12,23.038125,23.42,22.61
BARC,2024-04-13,23.0210416666667,23.51,22.57
BARC,2024-04-14,23.2897916666667,24.38,22.59
BARC,2024-04-15,24.2410416666667,25.63,22.71
BARC,2024-04-16,25.045652173913,26.74,23.34
BARC,2024-04-17,24.7239583333333,25.49,23.84
BARC,2024-04-18,25.5365217391304,26.66,24.11
BARC,2024-04-19,26.6639583333333,28.31,25
BARC,2024-04-20,26.8087234042553,28.01,25.6
BARC,2024-04-21,26.99375,27.88,25.97
BARC,2024-04-22,26.4977083333333,27.02,25.66
BARC,2024-04-23,25.7189583333333,26.16,25.06
BARC,2024-04-24,25.455,26.12,24.88
BARC,2024-04-25,25.6366666666667,26.4,24.87
BARC,2024-04-26,26.2270212765957,27.76,24.94
BARC,2024-04-27,25.7845833333333,26.35,25.3
BARC,2024-04-28,25.4108333333333,25.77,25.03
BARC,2024-04-29,25.3316666666667,25.72,24.95
BARC,2024-04-30,25.79875,26.69,24.98
BARC,2024-05-01,26.1457777777778,26.94,25.33
BARC,2024-05-02,27.2385416666667,28.65,25.6
BARC,2024-05-03,27.4465909090909,28.39,26.5
BARC,2024-05-04,27.6789361702128,29.48,26.76
BARC,2024-05-05,27.8189361702128,29,27.04
BARC,2024-05-06,28.045625,28.88,27.14
BARC,2024-05-07,28.2395744680851,29.28,27.42
BARC,2024-05-08,28.7979166666667,29.7,27.68
BARC,2024-05-09,29.2335416666667,29.92,28.14
BARC,2024-05-10,29.3210416666667,29.95,28.77
BARC,2024-05-11,28.735625,29.02,28.32
BARC,2024-05-12,28.9233333333333,29.62,28.29
BARC,2024-05-13,28.3358333333333,28.76,27.92
BARC,2024-05-14,27.8060416666667,28.09,27.48
BARC,2024-05-15,27.8541666666667,28.2,27.44
BARC,2024-05-16,27.85,28.14,27.57
BARC,2024-05-17,28.9029166666667,29.87,27.57
BARC,2024-05-18,28.4566666666667,28.96,28.03
BARC,2024-05-19,28.360625,28.76,28.01
BARC,2024-05-20,28.6664583333333,29.3,27.99
BARC,2024-05-21,28.253125,28.55,27.88
BARC,2024-05-22,28.4739583333333,29.05,27.86
BARC,2024-05-23,28.5904166666667,29.1,28.08
BARC,2024-05-24,28.8916216216216,30.47,28.16
BARC,2024-05-25,29.5435555555556,30.66,28.38
BARC,2024-05-26,29.8264583333333,30.55,28.83
BARC,2024-05-27,30.3747916666667,31.1,29.3
BARC,2024-05-28,30.3472916666667,30.92,29.74
BARC,2024-05-29,30.600625,31.13,29.94
BARC,2024-05-30,30.4747826086957,30.94,29.96
BARC,2024-05-31,30.283125,30.72,29.82
BARC,2024-06-01,30.0439583333333,30.55,29.53
BARC,2024-06-02,29.605625,30.02,29.22
BARC,2024-06-03,29.299375,29.72,28.89
BARC,2024-06-04,29.2966666666667,29.93,28.79
BARC,2024-06-05,29.3558333333333,29.95,28.8
BARC,2024-06-06,29.8851111111111,31.08,28.89
BARC,2024-06-07,30.2645833333333,31.02,29.2
BARC,2024-06-08,30.39375,31.02,29.72
BARC,2024-06-09,30.9816666666667,31.96,29.92
BARC,2024-06-10,31.146875,31.85,30.32
BARC,2024-06-11,31.089375,31.75,30.55
BARC,2024-06-12,31.36375,32.05,30.64
BARC,2024-06-13,31.1552083333333,31.64,30.79
BARC,2024-06-14,31.253829787234,31.8,30.78
BARC,2024-06-15,31.459375,32.05,30.83
BARC,2024-06-16,31.60875,32.6,31.07
BARC,2024-06-17,31.6054166666667,32.23,31.08
BARC,2024-06-18,31.1785416666667,31.49,30.83
BARC,2024-06-19,30.8097872340426,31.09,30.39
BARC,2024-06-20,30.4277083333333,30.7,30.06
BARC,2024-06-21,30.3153333333333,30.65,29.97
BARC,2024-06-22,30.6133333333333,31.14,29.95
BARC,2024-06-23,30.918125,32.15,30.27
BARC,2024-06-24,30.8520833333333,31.35,30.42
BARC,2024-06-25,31.103125,31.77,30.45
BARC,2024-06-26,31.2910416666667,32.05,30.58
BARC,2024-06-27,31.264375,31.78,30.71
BARC,2024-06-28,31.391875,31.81,30.83
BARC,2024-06-29,31.165625,31.59,30.8
BARC,2024-06-30,30.9197916666667,31.72,30.54
BARC,2024-07-01,31.3879166666667,32.57,30.55
BARC,2024-07-02,31.3857446808511,32.04,30.65
BARC,2024-07-03,31.728125,32.92,30.93
BARC,2024-07-04,31.9452083333333,33.13,31.06
BARC,2024-07-05,31.9429166666667,32.78,31.33
BARC,2024-07-06,31.9420833333333,32.78,31.44
BARC,2024-07-07,32.0672916666667,32.69,31.44
BARC,2024-07-08,32.2545833333333,33.45,31.52
BARC,2024-07-09,31.8541666666667,32.56,31.39
BARC,2024-07-10,31.6822916666667,32.12,31.32
BARC,2024-07-11,31.56,31.96,31.22
BARC,2024-07-12,31.6875,32.3,31.2
BARC,2024-07-13,31.87625,32.63,31.19
BARC,2024-07-14,31.9097916666667,32.64,31.33
BARC,2024-07-15,31.8402083333333,33.09,31.34
BARC,2024-07-16,31.4641666666667,32.3,31.05
BARC,2024-07-17,31.8344680851064,32.7,31.04
BARC,2024-07-18,31.4777083333333,32.25,31.01
BARC,2024-07-19,31.8254166666667,33.01,31.03
BARC,2024-07-20,31.5606666666667,32.88,30.87
BARC,2024-07-21,31.784375,32.79,30.82
BARC,2024-07-22,31.7866666666667,33.1,31.09
BARC,2024-07-23,31.8778723404255,32.89,31.22
BARC,2024-07-24,32.2071739130435,33.55,31.29
BARC,2024-07-25,32.0191666666667,32.86,31.45
BARC,2024-07-26,31.5208333333333,32.04,31.16
BARC,2024-07-27,31.4257446808511,32.6,30.98
BARC,2024-07-28,31.1439583333333,32.11,30.76
BARC,2024-07-29,30.6935416666667,31.22,30.39
BARC,2024-07-30,31.324375,32.42,30.4
BARC,2024-07-31,31.6035416666667,32.96,30.53
BARC,2024-08-01,31.6041304347826,33.26,30.87
BARC,2024-08-02,31.7257446808511,32.48,31
BARC,2024-08-03,31.810625,32.79,31.15
BARC,2024-08-04,31.7817391304348,32.52,31.24
BARC,2024-08-05,31.0430434782609,31.46,30.17
BARC,2024-08-06,29.3345454545455,30.09,28.76
BARC,2024-08-07,28.7404166666667,29.01,28.54
BARC,2024-08-08,29.4102083333333,30.03,28.52
BARC,2024-08-09,30.58,31.28,29.24
BARC,2024-08-10,31.1385714285714,31.69,30.26
BARC,2024-08-11,30.7047916666667,31.15,30.24
BARC,2024-08-12,31.1602083333333,31.84,30.25
BARC,2024-08-13,31.5983333333333,32.42,30.73
BARC,2024-08-14,32.1145833333333,33.03,31.14
BARC,2024-08-15,32.19875,33.11,31.52
BARC,2024-08-16,31.6135416666667,32.07,31.04
BARC,2024-08-17,31.1810416666667,31.56,30.71
BARC,2024-08-18,31.469375,32.3,30.69
BARC,2024-08-19,31.6875,32.56,30.78
BARC,2024-08-20,31.4658333333333,32.01,31.04
BARC,2024-08-21,31.931875,32.81,31.1
BARC,2024-08-22,32.192,33.48,31.32
BARC,2024-08-23,31.5579166666667,32.07,31.06
BARC,2024-08-24,31.2060416666667,32.09,30.78
BARC,2024-08-25,31.188125,31.82,30.7
BARC,2024-08-26,31.5529166666667,32.79,30.68
BARC,2024-08-27,31.3629787234043,32.32,30.81
BARC,2024-08-28,31.7456818181818,33.28,30.8
BARC,2024-08-29,31.85,32.79,30.99
BARC,2024-08-30,31.6714583333333,32.4,31.1
BARC,2024-08-31,31.725625,32.31,31.11
BARC,2024-09-01,31.5879166666667,32.14,31.15
BARC,2024-09-02,31.64125,32.28,31.1
BARC,2024-09-03,31.8878723404255,33.23,31.1
BARC,2024-09-04,31.4545833333333,32.1,31.01
BARC,2024-09-05,31.1664583333333,31.47,30.83
BARC,2024-09-06,31.0558823529412,32.06,30.68
BARC,2024-09-07,31.256875,32.49,30.59
BARC,2024-09-08,30.7575,31.1,30.44
BARC,2024-09-09,30.47375,31.02,30.18
BARC,2024-09-10,30.3408888888889,30.73,29.99
BARC,2024-09-11,29.990625,30.18,29.71
BARC,2024-09-12,29.66125,30.07,29.36
BARC,2024-09-13,29.2122916666667,29.42,28.96
BARC,2024-09-14,28.913125,29.04,28.73
BARC,2024-09-15,29.2635555555556,30.39,28.7
BARC,2024-09-16,28.879375,29.26,28.6
BARC,2024-09-17,28.5820833333333,28.81,28.34
BARC,2024-09-18,29.583829787234,30.76,28.31
BARC,2024-09-19,29.391875,30.26,28.65
BARC,2024-09-20,29.6958333333333,30.92,28.81
BARC,2024-09-21,29.74375,30.36,29.13
BARC,2024-09-22,29.4966666666667,30.08,28.97
BARC,2024-09-23,29.6320833333333,30.38,28.92
BARC,2024-09-24,29.8793617021277,30.84,29.05
BARC,2024-09-25,29.8070833333333,30.57,29.13
BARC,2024-09-26,29.3772916666667,29.76,29.09
BARC,2024-09-27,28.9684444444444,29.31,28.51
BARC,2024-09-28,28.7604166666667,29.08,28.51
BARC,2024-09-29,29.0010416666667,29.45,28.49
BARC,2024-09-30,29.2760416666667,29.83,28.59
BARC,2024-10-01,29.5089583333333,30.49,28.78
BARC,2024-10-02,29.816875,30.71,28.92
BARC,2024-10-03,29.8720833333333,31.4,29.02
BARC,2024-10-04,29.636875,30.32,29.13
BARC,2024-10-05,29.6541666666667,30.3,29.08
BARC,2024-10-06,29.241875,29.64,28.87
BARC,2024-10-07,28.6420833333333,28.89,28.25
BARC,2024-10-08,28.1008333333333,28.29,27.77
BARC,2024-10-09,27.9597872340426,28.3,27.6
BARC,2024-10-10,27.0270212765957,27.61,26.25
BARC,2024-10-11,26.0020833333333,26.23,25.58
BARC,2024-10-12,25.7579166666667,26.21,25.31
BARC,2024-10-13,25.9370833333333,26.66,25.27
BARC,2024-10-14,26.28125,27.37,25.35
BARC,2024-10-15,26.04375,26.68,25.4
BARC,2024-10-16,26.2041304347826,27.1,25.43
BARC,2024-10-17,24.9906382978723,25.39,24.1
BARC,2024-10-18,23.906976744186,24.34,23.34
BARC,2024-10-19,23.371914893617,23.71,22.97
BARC,2024-10-20,23.081875,23.34,22.76
BARC,2024-10-21,23.0064583333333,23.34,22.65
BARC,2024-10-22,23.09625,23.46,22.63
BARC,2024-10-23,23.4760416666667,23.94,22.8
BARC,2024-10-24,23.7847916666667,24.49,23.08
BARC,2024-10-25,24.2577083333333,25.35,23.21
BARC,2024-10-26,24.8102272727273,26.65,23.39
BARC,2024-10-27,24.7351111111111,26.28,23.63
BARC,2024-10-28,24.7358695652174,25.95,23.73
BARC,2024-10-29,24.1239583333333,24.55,23.72
BARC,2024-10-30,24.162,24.54,23.72
BARC,2024-10-31,24.3070833333333,24.7,23.84
BARC,2024-11-01,24.3685416666667,24.73,23.96
BARC,2024-11-02,24.868125,25.99,23.98
BARC,2024-11-03,24.9014583333333,25.32,24.22
BARC,2024-11-04,24.9889583333333,25.38,24.6
BARC,2024-11-05,24.9341666666667,25.27,24.58
BARC,2024-11-06,25.0935416666667,25.41,24.53
BARC,2024-11-07,25.4116666666667,25.86,24.97
BARC,2024-11-08,25.8002083333333,26.29,25.17
BARC,2024-11-09,25.844375,26.35,25.4
BARC,2024-11-10,25.5504166666667,25.87,25.17
BARC,2024-11-11,25.20875,25.37,24.97
BARC,2024-11-12,25.8772727272727,27.02,24.92
BARC,2024-11-13,25.475625,26.11,24.97
BARC,2024-11-14,25.0645833333333,25.32,24.77
BARC,2024-11-15,25.075,25.43,24.72
BARC,2024-11-16,24.4042857142857,24.73,23.98
BARC,2024-11-17,24.0625,24.64,23.58
BARC,2024-11-18,23.968125,24.84,23.31
BARC,2024-11-19,23.6514583333333,24.25,23.15
BARC,2024-11-20,23.38375,23.65,23.14
BARC,2024-11-21,23.3566666666667,23.76,22.82
BARC,2024-11-22,22.4254166666667,22.77,21.76
BARC,2024-11-23,21.4277777777778,21.71,20.82
BARC,2024-11-24,20.6935416666667,21.07,20.27
BARC,2024-11-25,20.519375,21.24,19.89
BARC,2024-11-26,20.3495833333333,21.27,19.67
BARC,2024-11-27,20.2783333333333,20.78,19.65
BARC,2024-11-28,20.5641666666667,21.09,19.9
BARC,2024-11-29,20.6564583333333,20.98,20.19
BARC,2024-11-30,20.1310416666667,20.56,19.41
BARC,2024-12-01,19.1891666666667,19.54,18.7
BARC,2024-12-02,18.4967391304348,18.85,18.02
BARC,2024-12-03,17.891875,18.23,17.32
BARC,2024-12-04,17.2604255319149,17.61,16.74
BARC,2024-12-05,16.6833333333333,16.76,16.66
BARC,2024-12-06,17.0255555555556,17.15,16.84
BARC,2024-12-07,16.691914893617,17.09,16.23
BARC,2024-12-08,16.2810638297872,16.67,15.93
BARC,2024-12-09,16.4917391304348,17.19,15.89
BARC,2024-12-10,16.7502083333333,17.18,16.04
BARC,2024-12-11,17.3204166666667,17.78,16.53
BARC,2024-12-12,17.1689583333333,17.78,16.32
BARC,2024-12-13,16.2922916666667,16.62,15.94
BARC,2024-12-14,16.1704166666667,16.42,15.87
BARC,2024-12-15,16.480625,16.71,16
BARC,2024-12-16,17.0629166666667,17.39,16.5
BARC,2024-12-17,17.505625,17.81,16.76
BARC,2024-12-18,18.8708888888889,19.37,17.66
BARC,2024-12-19,19.6095744680851,20.22,18.84
BARC,2024-12-20,19.9047826086957,20.63,18.96
BARC,2024-12-21,18.449375,19.04,17.47
BARC,2024-12-22,17.2689583333333,17.59,16.91
BARC,2024-12-23,16.7833333333333,17.09,16.42
BARC,2024-12-24,16.3741666666667,16.49,16.15
BARC,2024-12-25,16.0641666666667,16.22,15.83
BARC,2024-12-26,15.900625,16.07,15.76
BARC,2024-12-27,16.04125,16.2,15.8
BARC,2024-12-28,16.5516666666667,17.01,15.94
BARC,2024-12-29,17.7227659574468,18.15,16.95
BARC,2024-12-30,17.9491666666667,18.17,17.81
BARC,2024-12-31,18.6125,19.42,17.88
BARC,2025-01-01,18.9727083333333,19.42,18.34
BARC,2025-01-02,18.1122916666667,18.72,17.22
BARC,2025-01-03,17.1385416666667,17.57,16.71
BARC,2025-01-04,16.7097916666667,17.09,16.26
BARC,2025-01-05,16.2276595744681,16.61,15.87
BARC,2025-01-06,16.165625,16.67,15.78
BARC,2025-01-07,15.9,16.25,15.37
BARC,2025-01-08,15.1654166666667,15.41,14.77
BARC,2025-01-09,14.734375,15.15,14.14
BARC,2025-01-10,14.0389583333333,14.31,13.73
BARC,2025-01-11,14.1602083333333,14.36,13.64
BARC,2025-01-12,13.9535416666667,14.24,13.56
BARC,2025-01-13,13.849375,14.2,13.44
BARC,2025-01-14,13.479375,13.59,13.28
BARC,2025-01-15,13.5183333333333,13.86,13.23
BARC,2025-01-16,13.2673333333333,13.4,13.11
BARC,2025-01-17,13.3045833333333,13.76,13
BARC,2025-01-18,13.716875,14.31,12.97
BARC,2025-01-19,14.5885416666667,15.72,13.61
BARC,2025-01-20,14.745625,15.28,13.79
BARC,2025-01-21,13.59875,13.89,13.3
BARC,2025-01-22,12.8725,13.31,12.38
BARC,2025-01-23,12.05,12.35,11.7
BARC,2025-01-24,11.6983333333333,11.89,11.35
BARC,2025-01-25,11.4635416666667,11.72,11.17
BARC,2025-01-26,11.5904166666667,12.28,11.14
BARC,2025-01-27,12.6039130434783,14.15,11.27
BARC,2025-01-28,12.9244680851064,13.59,11.79
BARC,2025-01-29,13.895625,14.97,12.96
BARC,2025-01-30,14.1535416666667,14.98,13.14
BARC,2025-01-31,14.930208333333301,16.17,13.75
BARC,2025-02-01,16.0735416666667,16.86,14.66
BARC,2025-02-02,17.0591666666667,18.47,16.06
BARC,2025-02-03,16.878125,17.38,15.99
BARC,2025-02-04,17.6264583333333,18.34,16.72
BARC,2025-02-05,18.5482978723404,19.61,17.26
BARC,2025-02-06,19.1534090909091,20.5,17.6
BARC,2025-02-07,19.5777083333333,20.38,18.6
BARC,2025-02-08,19.9620833333333,20.97,19.18
BARC,2025-02-09,20.0726086956522,20.98,19.16
BARC,2025-02-10,20.1754166666667,21.04,19.24
BARC,2025-02-11,20.5848837209302,21.97,19.51
BARC,2025-02-12,20.56625,21.26,19.83
BARC,2025-02-13,20.9916666666667,22.14,20.18
BARC,2025-02-14,21.5322916666667,22.3,20.77
BARC,2025-02-15,20.7275,21.14,20.21
BARC,2025-02-16,20.9802083333333,21.53,20.21
BARC,2025-02-17,20.3077083333333,20.88,19.36
BARC,2025-02-18,19.27875,19.92,18.52
BARC,2025-02-19,19.1395833333333,20.28,18.37
BARC,2025-02-20,18.5275,18.78,18.1
BARC,2025-02-21,17.9345833333333,18.46,16.94
BARC,2025-02-22,16.8191666666667,17.15,16.43
BARC,2025-02-23,16.72375,17.34,16.36
BARC,2025-02-24,17.5137777777778,18.67,16.32
BARC,2025-02-25,16.8020833333333,17.09,16.57
BARC,2025-02-26,17.0660416666667,17.82,16.55
BARC,2025-02-27,18.32475,20.43,16.7
BARC,2025-02-28,18.4175,19.18,17.23
BARC,2025-03-01,18.5286956521739,19.83,17.7
BARC,2025-03-02,18.460625,19.01,17.77
BARC,2025-03-03,18.40875,19,17.86
BARC,2025-03-04,18.3227083333333,18.8,17.78
BARC,2025-03-05,18.5595833333333,18.87,17.99
BARC,2025-03-06,18.6702325581395,19.15,18.08
BARC,2025-03-07,18.2497916666667,18.6,17.94
BARC,2025-03-08,18.6444680851064,19.37,17.9
BARC,2025-03-09,18.25,18.45,18.01
BARC,2025-03-10,19.0806666666667,19.97,18.13
BARC,2025-03-11,19.0322916666667,19.58,18.38
BARC,2025-03-12,19.069375,19.76,18.3
BARC,2025-03-13,19.5985416666667,20.56,18.54
BARC,2025-03-14,20.0327083333333,20.73,18.91
BARC,2025-03-15,20.6706382978723,21.33,19.52
BARC,2025-03-16,20.9654166666667,21.47,20.14
BARC,2025-03-17,20.745625,21.02,20.06
BARC,2025-03-18,20.0185416666667,20.39,19.54
BARC,2025-03-19,20.113125,20.83,19.46
BARC,2025-03-20,20.6559574468085,21.75,19.55
BARC,2025-03-21,20.0675,20.54,19.41
BARC,2025-03-22,19.8964583333333,20.93,19.3
BARC,2025-03-23,20.0302083333333,20.75,19.28
BARC,2025-03-24,20.4293617021277,21.34,19.4
BARC,2025-03-25,20.4941666666667,20.84,19.98
BARC,2025-03-26,22.0402380952381,23.52,20.26
BARC,2025-03-27,22.0472916666667,23.21,20.96
BARC,2025-03-28,21.811875,22.55,21.15
BARC,2025-03-29,21.8577083333333,22.38,21.25
BARC,2025-03-30,22.1133333333333,22.5,21.51
BARC,2025-03-31,21.915,22.05,21.74
BARC,2025-04-01,22.9189583333333,23.62,21.73
BARC,2025-04-02,24.3260869565217,25.15,22.94
BARC,2025-04-03,25.0522916666667,25.82,23.86
BARC,2025-04-04,25.6683333333333,26.77,24.63
BARC,2025-04-05,26.1122916666667,27,25.16
BARC,2025-04-06,26.625,27.51,25.52
BARC,2025-04-07,26.8733333333333,27.45,26.08
BARC,2025-04-08,26.5116666666667,27.11,25.63
BARC,2025-04-09,25.7916666666667,26.4,25.01
BARC,2025-04-10,25.1485416666667,25.74,24.61
BARC,2025-04-11,25.3714583333333,26.5,24.55
BARC,2025-04-12,24.940625,25.54,24.27
BARC,2025-04-13,24.5525,25.13,23.96
BARC,2025-04-14,24.54,25.51,23.87
BARC,2025-04-15,24.63375,25.37,23.82
BARC,2025-04-16,24.6504166666667,25.17,24.01
BARC,2025-04-17,24.65,25.36,24.11
BARC,2025-04-18,24.95375,26.1,24.08
BARC,2025-04-19,25.0783333333333,25.83,24.23
BARC,2025-04-20,25.405625,26.11,24.62
BARC,2025-04-21,25.65,26.69,24.89
BARC,2025-04-22,26.20375,27.41,25.21
BARC,2025-04-23,26.5489130434783,28.07,25.55
BARC,2025-04-24,26.701875,27.62,25.87
BARC,2025-04-25,26.4564583333333,26.99,25.97
BARC,2025-04-26,26.7941666666667,27.62,25.97
BARC,2025-04-27,27.5511111111111,28.81,26.26
BARC,2025-04-28,28.0247916666667,29.31,26.79
BARC,2025-04-29,27.6829166666667,28.39,27.11
BARC,2025-04-30,27.38875,27.91,26.85
BARC,2025-05-01,27.5045652173913,28.52,26.83
BARC,2025-05-02,27.58,28.56,26.85
BARC,2025-05-03,27.7375,28.78,26.95
BARC,2025-05-04,27.5302083333333,27.91,27.11
BARC,2025-05-05,27.6279166666667,28.07,27.09
BARC,2025-05-06,27.621875,28,27.21
BARC,2025-05-07,28.3064583333333,29.42,27.21
BARC,2025-05-08,28.34875,29.22,27.67
BARC,2025-05-09,28.133125,28.51,27.76
BARC,2025-05-10,28.635,29.45,27.76
BARC,2025-05-11,28.0025,28.38,27.64
BARC,2025-05-12,27.5745833333333,27.76,27.3
BARC,2025-05-13,27.4164583333333,27.73,27.16
BARC,2025-05-14,27.6361363636364,28.12,27.16
BARC,2025-05-15,27.94625,28.63,27.17
BARC,2025-05-16,28.3291666666667,29.08,27.4
BARC,2025-05-17,28.6777083333333,29.42,27.68
BARC,2025-05-18,28.9420833333333,29.63,28.12
BARC,2025-05-19,29.495,30.35,28.46
BARC,2025-05-20,29.9235416666667,30.6,28.88
BARC,2025-05-21,30.003125,30.62,29.31
BARC,2025-05-22,29.9727083333333,30.49,29.49
BARC,2025-05-23,29.6466666666667,30.05,29.1
BARC,2025-05-24,29.9635416666667,30.87,29.09
BARC,2025-05-25,30.2146808510638,31.44,29.21
BARC,2025-05-26,30.2320833333333,31.03,29.51
BARC,2025-05-27,30.6102083333333,31.67,29.71
BARC,2025-05-28,30.8562222222222,31.69,29.97
BARC,2025-05-29,30.6177083333333,31.06,30.22
BARC,2025-05-30,30.518125,31.31,30.04
BARC,2025-05-31,30.5041666666667,31.04,30.02
BARC,2025-06-01,30.3091666666667,30.92,29.81
BARC,2025-06-02,30.3379166666667,31.07,29.71
BARC,2025-06-03,30.2439583333333,31.09,29.67
BARC,2025-06-04,29.6095833333333,30,29.18
BARC,2025-06-05,29.4516666666667,29.8,29.1
BARC,2025-06-06,29.6591489361702,30.08,29.1
BARC,2025-06-07,29.954375,30.5,29.34
BARC,2025-06-08,30.1954166666667,30.78,29.54
BARC,2025-06-09,30.2235416666667,30.74,29.76
BARC,2025-06-10,30.4558333333333,30.84,29.91
BARC,2025-06-11,30.633125,31.32,30.17
BARC,2025-06-12,31.025,32.03,30.17
BARC,2025-06-13,31.1177083333333,31.89,30.47
BARC,2025-06-14,31.1736170212766,31.72,30.64
BARC,2025-06-15,31.1489361702128,31.74,30.75
BARC,2025-06-16,31.4268085106383,32.33,30.74
BARC,2025-06-17,31.4486956521739,32.23,30.94
BARC,2025-06-18,31.535625,32.15,31.01
BARC,2025-06-19,31.6952173913043,32.41,31.06
BARC,2025-06-20,31.40125,31.87,31.04
BARC,2025-06-21,31.6775,32.78,31.04
BARC,2025-06-22,31.5377083333333,32.19,31.03
BARC,2025-06-23,31.8352083333333,32.62,31.05
BARC,2025-06-24,31.7716666666667,32.34,31.24
BARC,2025-06-25,31.8969565217391,32.51,31.33
BARC,2025-06-26,32.11125,32.97,31.33
BARC,2025-06-27,31.95375,32.5,31.45
BARC,2025-06-28,31.925,32.84,31.33
BARC,2025-06-29,31.3110416666667,32.04,30.93
BARC,2025-06-30,31.1266666666667,31.77,30.69
BARC,2025-07-01,30.59625,31.21,30.17
BARC,2025-07-02,30.6579166666667,31.19,30.16
BARC,2025-07-03,30.46125,30.82,30.16
BARC,2025-07-04,30.6495833333333,31.68,30.14
BARC,2025-07-05,30.821875,31.7,30.2
BARC,2025-07-06,30.8770833333333,31.39,30.27
BARC,2025-07-07,30.7466666666667,31.23,30.4
BARC,2025-07-08,31.3170212765957,32.04,30.42
BARC,2025-07-09,31.2983333333333,31.71,30.84
BARC,2025-07-10,30.93875,31.86,30.46
BARC,2025-07-11,31.0108333333333,31.61,30.44
BARC,2025-07-12,31.3839583333333,32.17,30.51
BARC,2025-07-13,31.2620833333333,32.01,30.77
BARC,2025-07-14,31.1925,31.73,30.73
BARC,2025-07-15,31.0766666666667,31.86,30.59
BARC,2025-07-16,30.4772916666667,30.82,30.02
BARC,2025-07-17,30.7841666666667,31.56,30
BARC,2025-07-18,31.630625,32.76,30.39
BARC,2025-07-19,32.1558333333333,32.95,31.04
BARC,2025-07-20,32.4972340425532,33.55,31.64
BARC,2025-07-21,32.6379166666667,33.47,31.68
BARC,2025-07-22,32.2516666666667,32.71,31.79
BARC,2025-07-23,31.7172916666667,32.17,31.4
BARC,2025-07-24,31.6327659574468,32.71,31.18
BARC,2025-07-25,31.900625,32.73,31.17
BARC,2025-07-26,32.3479166666667,33.42,31.31
BARC,2025-07-27,32.5951063829787,33.91,31.76
BARC,2025-07-28,33.046875,34.2,31.96
BARC,2025-07-29,33.47375,34.5,32.37
BARC,2025-07-30,33.5875,34.84,32.88
BARC,2025-07-31,33.6114285714286,34.32,32.77
BARC,2025-08-01,33.5225,34.13,32.93
BARC,2025-08-02,33.4831111111111,34.45,32.91
BARC,2025-08-03,33.4775,33.79,33.02
BARC,2025-08-04,32.9141025641026,33.51,32.52
BARC,2025-08-05,32.849375,33.52,32.32
BARC,2025-08-06,32.8073913043478,33.48,32.25
BARC,2025-08-07,32.6983333333333,33.58,32.19
BARC,2025-08-08,32.549375,33.11,32.04
BARC,2025-08-09,32.0795833333333,32.6,31.64
BARC,2025-08-10,31.9827083333333,32.37,31.55
BARC,2025-08-11,31.7889583333333,32.34,31.43
BARC,2025-08-12,32.0610416666667,32.7,31.41
BARC,2025-08-13,32.3027083333333,33.08,31.68
BARC,2025-08-14,32.7364583333333,33.67,31.84
BARC,2025-08-15,32.723125,33.32,32.1
BARC,2025-08-16,32.85,34.08,32.26
BARC,2025-08-17,32.9077083333333,34.4,32.25
BARC,2025-08-18,32.45125,33.1,32.04
BARC,2025-08-19,32.4204166666667,33.28,31.95
BARC,2025-08-20,32.15125,32.67,31.75
BARC,2025-08-21,32.365625,33.05,31.73
BARC,2025-08-22,32.02125,32.57,31.57
BARC,2025-08-23,32.209375,32.86,31.55
BARC,2025-08-24,32.0572340425532,32.73,31.6
BARC,2025-08-25,31.8427083333333,32.28,31.44
BARC,2025-08-26,31.9258333333333,32.57,31.43
BARC,2025-08-27,32.0685416666667,32.84,31.4
BARC,2025-08-28,31.9210416666667,32.76,31.4
BARC,2025-08-29,31.7975,32.5,31.31
BARC,2025-08-30,31.5008333333333,32.04,31.13
BARC,2025-08-31,31.3125,31.72,30.87
BARC,2025-09-01,30.7916666666667,31.1,30.34
BARC,2025-09-02,30.0127083333333,30.32,29.45
BARC,2025-09-03,29.593125,29.96,29.2
BARC,2025-09-04,29.6128571428571,30.15,29.14
BARC,2025-09-05,29.873125,30.66,29.12
BARC,2025-09-06,29.8972916666667,30.53,29.22
BARC,2025-09-07,29.7708333333333,30.49,29.39
BARC,2025-09-08,30.2095238095238,31.86,29.38
BARC,2025-09-09,29.5477083333333,29.9,29.13
BARC,2025-09-10,29.0085416666667,29.25,28.53
BARC,2025-09-11,28.9258333333333,29.43,28.5
BARC,2025-09-12,28.7970833333333,29.2,28.4
BARC,2025-09-13,28.52,28.88,28.17
BARC,2025-09-14,28.28625,28.63,27.94
BARC,2025-09-15,28.3104166666667,28.95,27.79
BARC,2025-09-16,28.2283333333333,28.97,27.69
BARC,2025-09-17,28.27375,29.04,27.66
BARC,2025-09-18,28.3806976744186,29.09,27.71
BARC,2025-09-19,28.3454166666667,28.94,27.71
BARC,2025-09-20,28.7175,29.58,27.79
BARC,2025-09-21,28.801875,29.51,28.09
BARC,2025-09-22,28.7745833333333,29.31,28.19
BARC,2025-09-23,29.1876086956522,30.46,28.35
BARC,2025-09-24,29.5315217391304,30.93,28.5
BARC,2025-09-25,30.1845454545455,31.39,28.84
BARC,2025-09-26,30.0175,30.71,29.38
BARC,2025-09-27,29.749375,30.45,29.3
BARC,2025-09-28,29.4731914893617,30.31,29.07
BARC,2025-09-29,29.488125,30.03,29.04
BARC,2025-09-30,29.1002083333333,29.42,28.66
BARC,2025-10-01,28.5065217391304,28.7,28.1
BARC,2025-10-02,28.1810416666667,28.59,27.78
BARC,2025-10-03,27.7225,27.99,27.39
BARC,2025-10-04,27.4089583333333,27.69,27.04
BARC,2025-10-05,27.123125,27.4,26.89
BARC,2025-10-06,27.0439583333333,27.3,26.82
BARC,2025-10-07,27.039375,27.31,26.79
BARC,2025-10-08,27.2272916666667,27.65,26.79
BARC,2025-10-09,27.359375,27.83,26.84
BARC,2025-10-10,27.09,27.39,26.73
BARC,2025-10-11,26.460625,26.7,25.93
BARC,2025-10-12,25.5804166666667,25.9,25.12
BARC,2025-10-13,25.4854166666667,25.99,25.05
BARC,2025-10-14,25.7083333333333,26.8,25.06
BARC,2025-10-15,25.815,26.49,25.13
BARC,2025-10-16,25.4577083333333,25.85,25.13
BARC,2025-10-17,25.4820833333333,26.07,25.03
BARC,2025-10-18,25.316875,25.84,24.86
BARC,2025-10-19,25.2872916666667,25.88,24.78
BARC,2025-10-20,25.02125,25.46,24.72
BARC,2025-10-21,25.1579166666667,25.84,24.69
BARC,2025-10-22,25.4163043478261,26.32,24.69
BARC,2025-10-23,25.4368181818182,26.35,24.69
BARC,2025-10-24,24.7370833333333,25.19,24.19
BARC,2025-10-25,24.3447916666667,24.79,23.93
BARC,2025-10-26,24.24875,24.73,23.88
BARC,2025-10-27,24.289375,24.55,23.86
BARC,2025-10-28,24.4633333333333,24.94,24.1
BARC,2025-10-29,23.85375,24.09,23.43
BARC,2025-10-30,23.6873913043478,24.14,23.07
BARC,2025-10-31,22.8860416666667,23.23,22.29
BARC,2025-11-01,22.245625,22.64,21.76
BARC,2025-11-02,22.0227083333333,22.71,21.46
BARC,2025-11-03,22.066875,22.93,21.44
BARC,2025-11-04,21.6014583333333,21.99,21.24
BARC,2025-11-05,21.6077083333333,22.26,21.1
BARC,2025-11-06,21.9274468085106,22.88,21.07
BARC,2025-11-07,21.9222916666667,22.58,21.19
BARC,2025-11-08,22.3367391304348,23.11,21.38
BARC,2025-11-09,22.61125,23.15,21.64
BARC,2025-11-10,22.9404166666667,23.52,21.99
BARC,2025-11-11,21.3242553191489,21.91,20.04
BARC,2025-11-12,19.55125,19.99,18.87
BARC,2025-11-13,18.9860416666667,19.49,18.52
BARC,2025-11-14,19.175,19.93,18.5
BARC,2025-11-15,19.013125,19.54,18.51
BARC,2025-11-16,19.485,20.42,18.52
BARC,2025-11-17,19.2695833333333,19.77,18.68
BARC,2025-11-18,19.6693617021277,20.33,19.02
BARC,2025-11-19,19.9045454545455,21.12,19.07
BARC,2025-11-20,20.1788888888889,21.26,19.16
BARC,2025-11-21,20.77975,22.79,19.34
BARC,2025-11-22,20.5934042553192,21.36,19.69
BARC,2025-11-23,20.6495833333333,21.19,19.84
BARC,2025-11-24,21.46875,22.12,20.62
BARC,2025-11-25,21.3522916666667,21.97,20.75
BARC,2025-11-26,21.5972916666667,22.4,20.76
BARC,2025-11-27,21.3266666666667,21.55,20.97
BARC,2025-11-28,20.5977083333333,21.03,19.7
BARC,2025-11-29,19.2491666666667,19.65,18.57
BARC,2025-11-30,18.6129166666667,18.86,18.44
BARC,2025-12-01,18.9964583333333,19.53,18.41
BARC,2025-12-02,18.91375,19.09,18.62
BARC,2025-12-03,19.4327083333333,19.79,18.85
BARC,2025-12-04,19.5077272727273,20.07,18.98
BARC,2025-12-05,18.96,18.98,18.94
BARC,2025-12-10,18.1586111111111,18.49,17.83
BARC,2025-12-11,17.6739583333333,17.89,17.33
BARC,2025-12-12,17.3366666666667,17.72,16.94
BARC,2025-12-13,17.2284782608696,17.97,16.68
BARC,2025-12-14,17.6413333333333,18.69,16.64
BARC,2025-12-15,17.3495833333333,18.08,16.49
BARC,2025-12-16,16.1664583333333,16.45,15.7
BARC,2025-12-17,16.0531914893617,16.44,15.62
BARC,2025-12-18,16.3414583333333,16.75,15.72
BARC,2025-12-19,16.934347826087,17.59,15.99
BARC,2025-12-20,17.4839583333333,18.19,16.59
BARC,2025-12-21,16.8544680851064,17.61,16.36
BARC,2025-12-22,16.85,17.54,16.29
BARC,2025-12-23,16.6419565217391,16.99,16.25
BARC,2025-12-24,17.3545652173913,18.66,16.38
BARC,2025-12-25,17.803125,18.54,16.72
BARC,2025-12-26,18.3997872340426,19.4,17.4
BARC,2025-12-27,18.385625,18.98,17.62
BARC,2025-12-28,18.7514893617021,19.04,18.1
BARC,2025-12-29,19.6520930232558,20.98,18.7
BARC,2025-12-30,18.9858333333333,19.55,17.94
BARC,2025-12-31,17.2995833333333,17.87,16.53
BARC,2026-01-01,16.4633333333333,16.61,16.28
BLWA,2018-07-15,31.9524,33.05,31.55
BLWA,2018-07-16,32.3227906976744,33.73,31.66
BLWA,2018-07-17,31.7557692307692,32.35,31.49
BLWA,2018-07-18,29.66,30.1,29.22
BLWA,2018-07-19,31.1454545454545,31.34,30.73
BLWA,2018-07-20,31.4856097560976,32.59,31.07
BLWA,2018-07-21,31.7563636363636,33.52,31.17
BLWA,2018-07-22,31.5360465116279,32.29,31.12
BLWA,2018-07-23,31.7118604651163,32.69,31.01
BLWA,2018-07-24,31.4104166666667,32.07,30.94
BLWA,2018-07-25,31.52125,31.97,30.93
BLWA,2018-07-26,31.5240425531915,32.31,30.95
BLWA,2018-07-27,32.1388372093023,33.87,30.88
BLWA,2018-07-28,32.1240909090909,33.05,31.37
BLWA,2018-07-29,32.3106976744186,33.39,31.63
BLWA,2018-07-30,32.319347826087,33.49,31.54
BLWA,2018-07-31,32.145652173913,33.9,31.51
BLWA,2018-08-01,31.5610869565217,33.01,30.89
BLWA,2018-08-02,31.126875,31.79,30.65
BLWA,2018-08-03,31.4179166666667,32.7,30.65
BLWA,2018-08-04,32.0430434782609,33.51,30.73
BLWA,2018-08-05,31.87625,32.89,30.72
BLWA,2018-08-06,32.5353658536585,34.08,31.19
BLWA,2018-08-07,33.1845238095238,35.76,31.8
BLWA,2018-08-08,33.3475,35.33,31.96
BLWA,2018-08-09,33.1435416666667,34.55,31.88
BLWA,2018-08-10,32.3958333333333,34.07,31.62
BLWA,2018-08-11,32.0746808510638,32.83,31.62
BLWA,2018-08-12,32.1840425531915,33.25,31.57
BLWA,2018-08-13,32.5506976744186,34.2,31.59
BLWA,2018-08-14,32.6280434782609,34.64,31.65
BLWA,2018-08-15,32.2315555555556,33.9,31.46
BLWA,2018-08-16,32.8177272727273,34.18,31.51
BLWA,2018-08-17,32.6344680851064,34.23,31.77
BLWA,2018-08-18,31.8541666666667,32.5,31.64
BLWA,2018-08-19,31.9777083333333,33.11,31.55
BLWA,2018-08-20,31.6051063829787,32.42,31.32
BLWA,2018-08-21,31.3482608695652,32.39,30.93
BLWA,2018-08-22,31.2445454545455,32.95,30.76
BLWA,2018-08-23,30.844375,31.34,30.32
BLWA,2018-08-24,30.9382978723404,32.3,30.28
BLWA,2018-08-25,31.139512195122,32.71,30.28
BLWA,2018-08-26,31.2647727272727,32.47,30.45
BLWA,2018-08-27,32.0735714285714,33.61,30.67
BLWA,2018-08-28,31.7153333333333,32.98,30.8
BLWA,2018-08-29,31.4776086956522,32.59,30.97
BLWA,2018-08-30,31.5769565217391,32.84,31.01
BLWA,2018-08-31,31.8829166666667,33.28,31.01
BLWA,2018-09-01,31.4175,31.86,31.22
BLWA,2018-09-02,31.67875,32.78,31.05
BLWA,2018-09-03,31.275,31.88,30.77
BLWA,2018-09-04,31.4986956521739,32.23,30.77
BLWA,2018-09-05,31.345,32.22,30.99
BLWA,2018-09-06,30.7735416666667,31.02,30.48
BLWA,2018-09-07,31.0585416666667,31.96,30.1
BLWA,2018-09-08,30.954,32.97,30.03
BLWA,2018-09-09,30.723488372093,32.19,30.09
BLWA,2018-09-10,30.63625,31.29,30.09
BLWA,2018-09-11,30.1672916666667,30.43,30.01
BLWA,2018-09-12,30.974,32.45,30.16
BLWA,2018-09-13,30.9704444444444,33.07,30.33
BLWA,2018-09-14,31.6248837209302,33.72,30.32
BLWA,2018-09-15,30.8456097560976,32.14,30.38
BLWA,2018-09-16,30.8434042553192,31.83,30.34
BLWA,2018-09-17,31.5639130434783,33.17,30.54
BLWA,2018-09-18,32.4374468085106,35.13,30.85
BLWA,2018-09-19,32.0144444444444,33.53,31.07
BLWA,2018-09-20,32.600625,34.38,31.27
BLWA,2018-09-21,32.4073913043478,33.67,31.81
BLWA,2018-09-22,32.1517777777778,33.32,31.79
BLWA,2018-09-23,32.3022916666667,32.85,31.92
BLWA,2018-09-24,32.5370833333333,33.21,32.05
BLWA,2018-09-25,32.311914893617,32.6,32.17
BLWA,2018-09-26,32.334375,33.03,31.93
BLWA,2018-09-27,31.83625,32.25,31.33
BLWA,2018-09-28,30.8223333333333,31.48,29.81
BLWA,2018-09-29,29.5913043478261,29.79,29.34
BLWA,2018-09-30,29.3106976744186,29.75,29.04
BLWA,2018-10-01,29.64375,30.42,29.18
BLWA,2018-10-02,29.7520833333333,30.78,29.17
BLWA,2018-10-03,30.1521739130435,31.97,29.3
BLWA,2018-10-04,30.1986956521739,31.39,29.39
BLWA,2018-10-05,30.5347826086957,32.61,29.71
BLWA,2018-10-06,30.261875,31.69,29.53
BLWA,2018-10-07,29.85,30.6,29.46
BLWA,2018-10-08,30.0543181818182,30.97,29.46
BLWA,2018-10-09,29.8479166666667,30.31,29.54
BLWA,2018-10-10,29.8685416666667,30.2,29.62
BLWA,2018-10-11,29.6759574468085,29.79,29.37
BLWA,2018-10-12,29.213125,29.83,28.72
BLWA,2018-10-13,28.7152083333333,29.35,28.25
BLWA,2018-10-14,28.5204347826087,29.47,28.1
BLWA,2018-10-15,28.2929166666667,28.72,28
BLWA,2018-10-16,28.4554166666667,29.7,27.97
BLWA,2018-10-17,28.0720833333333,28.22,27.93
BLWA,2018-10-23,25.2133333333333,25.42,24.94
BLWA,2018-10-24,24.6375,24.91,24.34
BLWA,2018-10-25,24.374375,24.8,24.08
BLWA,2018-10-26,24.0277083333333,24.09,23.96
BLWA,2018-10-27,23.9885416666667,24.13,23.81
BLWA,2018-10-28,24.0631914893617,24.62,23.76
BLWA,2018-10-29,23.916875,24.27,23.59
BLWA,2018-10-30,23.731875,24.57,23.24
BLWA,2018-10-31,23.5183333333333,24.49,23.2
BLWA,2018-11-01,23.506875,23.98,23.2
BLWA,2018-11-02,23.278125,23.35,23.23
BLWA,2018-11-03,23.248125,23.46,23.04
BLWA,2018-11-04,22.3297777777778,23.02,21.46
BLWA,2018-11-05,21.4154166666667,21.69,21.24
BLWA,2018-11-06,21.4033333333333,21.72,21.24
BLWA,2018-11-07,21.73,21.97,21.52
BLWA,2018-11-08,21.191875,21.53,20.89
BLWA,2018-11-09,20.5291666666667,20.83,20.1
BLWA,2018-11-10,19.7591666666667,20.1,19.35
BLWA,2018-11-11,19.09,19.34,18.7
BLWA,2018-11-12,18.738085106383,19.15,18.17
BLWA,2018-11-13,17.9472916666667,18.15,17.63
BLWA,2018-11-14,17.2183333333333,17.62,16.56
BLWA,2018-11-16,15.08,15.17,15.01
BLWA,2018-11-17,15.2671428571429,15.38,15.16
BLWA,2018-11-18,15.055,15.12,14.99
BLWA,2018-11-19,15.1979166666667,15.77,14.95
BLWA,2018-11-20,15.30875,15.82,14.92
BLWA,2018-11-21,15.2422916666667,15.6,14.97
BLWA,2018-11-22,15.1272916666667,15.37,14.96
BLWA,2018-11-23,15.1408333333333,15.69,14.83
BLWA,2018-11-24,14.70375,14.81,14.63
BLWA,2018-11-25,14.990625,15.34,14.64
BLWA,2018-11-26,14.7085416666667,15.09,14.42
BLWA,2018-11-27,14.62125,14.99,14.25
BLWA,2018-11-28,14.0279166666667,14.26,13.76
BLWA,2018-11-29,13.9670833333333,14.12,13.67
BLWA,2018-11-30,14.01375,14.19,13.68
BLWA,2018-12-01,14.3704166666667,14.63,13.7
BLWA,2018-12-02,14.6672093023256,15.99,13.71
BLWA,2018-12-03,12.8396774193548,14.29,10.48
BLWA,2018-12-04,10.24,10.43,10.09
BLWA,2018-12-05,13.7523076923077,13.9,13.6
BLWA,2018-12-06,13.6414893617021,13.79,13.55
BLWA,2018-12-07,13.6912121212121,13.84,13.56
BLWA,2018-12-08,13.3811764705882,13.44,13.32
BLWA,2018-12-09,13.1304166666667,13.33,12.62
BLWA,2018-12-10,5.233,6.01,4.93
BLWA,2018-12-11,3.7925,5.89,2.06
BLWA,2018-12-12,2.298,3.23,1.2
BLWA,2018-12-13,8.957,11.52,7.94
BLWA,2018-12-14,10.9035,12.33,7.88
BLWA,2018-12-15,10.3776666666667,13.01,8.42
BLWA,2018-12-16,9.73307692307692,11.15,9.13
BLWA,2018-12-17,8.362,13.15,6.09
BLWA,2018-12-18,7.87708333333333,13.06,4.36
BLWA,2018-12-19,8.04538461538461,11.48,6.96
BLWA,2018-12-20,9.58454545454545,11.32,7.2
BLWA,2021-05-20,22.929,23.04,22.72
BLWA,2021-05-21,23.4822727272727,24.92,22.74
BLWA,2021-05-22,23.8888372093023,25.38,22.89
BLWA,2021-05-23,24.4940625,25.93,23.45
BLWA,2021-05-24,24.4858620689655,26.24,23.89
BLWA,2021-05-25,24.8441666666667,25.38,24.25
BLWA,2021-05-26,25.2309090909091,27.36,24.71
BLWA,2021-05-27,25.8689189189189,27.84,25.18
BLWA,2021-05-28,26.8541176470588,29.21,25.36
BLWA,2021-05-29,26.9473333333333,27.63,26.26
BLWA,2021-05-30,26.294375,27.04,25.64
BLWA,2021-05-31,26.0210638297872,26.71,25.61
BLWA,2021-06-01,26.5694117647059,27.6,25.63
BLWA,2021-06-02,27.2374468085106,28.84,25.97
BLWA,2021-06-03,26.6356097560976,27.2,26.14
BLWA,2021-06-04,26.7066666666667,27.89,26.17
BLWA,2021-06-05,26.4116666666667,26.84,26.16
BLWA,2021-06-06,26.6553191489362,27.09,26.24
BLWA,2021-06-07,26.2785416666667,26.51,25.99
BLWA,2021-06-08,26.0232608695652,26.26,25.77
BLWA,2021-06-09,25.4860869565217,25.89,25.29
BLWA,2021-06-10,25.830652173913,26.21,25.32
BLWA,2021-06-11,25.8158333333333,26,25.55
BLWA,2021-06-12,25.393125,25.59,25.06
BLWA,2021-06-13,24.8225,25.31,24.13
BLWA,2021-06-14,24.3694444444444,24.56,24.13
BLWA,2021-06-16,24.9067741935484,25.1,24.73
BLWA,2021-06-17,25.0280952380952,25.45,24.73
BLWA,2021-06-18,25.6872340425532,25.95,25.06
BLWA,2021-06-19,25.9672916666667,26.16,25.69
BLWA,2021-06-20,25.8974468085106,25.96,25.79
BLWA,2021-06-21,26.1941666666667,26.39,25.79
BLWA,2021-06-22,25.3770833333333,26.07,24.51
BLWA,2021-06-23,24.5039583333333,24.65,24.35
BLWA,2021-06-24,24.4641666666667,24.69,24.17
BLWA,2021-06-25,24.3795833333333,24.49,24.16
BLWA,2021-06-26,24.806875,24.99,24.4
BLWA,2021-06-27,25.3764583333333,25.51,24.92
BLWA,2021-06-28,25.9485416666667,26.15,25.53
BLWA,2021-06-29,26.4664583333333,26.82,25.92
BLWA,2021-06-30,26.9884444444444,27.39,26.5
BLWA,2021-07-01,27.2695652173913,28.04,26.86
BLWA,2021-07-02,27.4863829787234,27.98,27.18
BLWA,2021-07-03,27.36625,27.53,27.25
BLWA,2021-07-04,27.4816666666667,27.61,27.27
BLWA,2021-07-05,27.8190697674419,28.23,27.33
BLWA,2021-07-06,28.7326315789474,29.85,27.67
BLWA,2021-07-07,28.1514583333333,28.43,27.91
BLWA,2021-07-08,27.95375,28.47,27.63
BLWA,2021-07-09,27.84125,28.3,27.63
BLWA,2021-07-10,27.7733333333333,28.09,27.64
BLWA,2021-07-11,27.8079166666667,28.34,27.52
BLWA,2021-07-12,27.6453191489362,28.13,27.38
BLWA,2021-07-13,27.405625,27.84,27.27
BLWA,2021-07-14,27.4404166666667,27.9,27.16
BLWA,2021-07-15,27.4847916666667,27.74,27.16
BLWA,2021-07-16,27.6379545454545,28.11,27.35
BLWA,2021-07-17,27.42375,27.84,27.18
BLWA,2021-07-18,27.3145833333333,27.66,27.07
BLWA,2021-07-19,27.228085106383,27.76,27.05
BLWA,2021-07-20,27.0520833333333,27.32,26.95
BLWA,2021-07-21,27.0758333333333,27.18,26.78
BLWA,2021-07-22,26.679375,27.05,26.16
BLWA,2021-07-23,26.3316666666667,26.44,26.15
BLWA,2021-07-24,26.8225,27.02,26.45
BLWA,2021-07-25,27.0978723404255,27.31,26.89
BLWA,2021-07-26,27.2354166666667,27.47,26.91
BLWA,2021-07-27,27.626875,27.92,27.14
BLWA,2021-07-28,28.2352083333333,28.65,27.75
BLWA,2021-07-29,28.7038636363636,29.05,28.15
BLWA,2021-07-30,29.025652173913,29.16,28.63
BLWA,2021-07-31,29.4170833333333,29.61,28.97
BLWA,2021-08-01,29.5895833333333,29.91,29.31
BLWA,2021-08-02,29.6034042553191,29.97,29.27
BLWA,2021-08-03,29.2035416666667,29.49,29.03
BLWA,2021-08-04,29.051875,29.6,28.44
BLWA,2021-08-05,28.6364583333333,28.97,28.34
BLWA,2021-08-06,29.1664583333333,29.93,28.63
BLWA,2021-08-07,29.3754166666667,29.93,28.95
BLWA,2021-08-08,30.0181395348837,31.06,29.22
BLWA,2021-08-09,30.6290909090909,32.39,29.47
BLWA,2021-08-10,30.359756097561,31.86,29.65
BLWA,2021-08-11,30.6490243902439,31.53,29.75
BLWA,2021-08-12,30.5111111111111,32.16,29.72
BLWA,2021-08-13,30.1873333333333,31.11,29.7
BLWA,2021-08-14,30.7911904761905,32.6,29.9
BLWA,2021-08-15,31.168,32.44,30.62
BLWA,2021-08-16,31.525625,33.15,30.58
BLWA,2021-08-17,30.6770212765957,31.39,30.25
BLWA,2021-08-18,30.6441666666667,31.11,30.25
BLWA,2021-08-19,30.8114583333333,31.24,30.48
BLWA,2021-08-20,31.1777083333333,32.44,30.64
BLWA,2021-08-21,30.819375,32.31,30.24
BLWA,2021-08-22,30.0335416666667,30.27,29.89
BLWA,2021-08-23,29.811914893617,30.38,29.44
BLWA,2021-08-24,29.7459523809524,30.04,29.42
BLWA,2021-08-25,30.1508333333333,30.88,29.63
BLWA,2021-08-26,30.5157446808511,32.27,29.85
BLWA,2021-08-27,30.2783720930233,31.32,30.03
BLWA,2021-08-28,30.642,32.51,30.02
BLWA,2021-08-29,30.3177777777778,31.55,29.84
BLWA,2021-08-30,29.9791666666667,30.41,29.6
BLWA,2021-08-31,29.4122916666667,29.64,28.98
BLWA,2021-09-01,28.698125,29.29,28.28
BLWA,2021-09-02,28.3866666666667,28.66,27.8
BLWA,2021-09-03,27.0233333333333,27.75,26.37
BLWA,2021-09-04,26.6645652173913,26.81,26.35
BLWA,2021-09-05,26.8745833333333,27.08,26.67
BLWA,2021-09-06,26.9647916666667,27.28,26.69
BLWA,2021-09-07,27.0179166666667,27.24,26.87
BLWA,2021-09-08,27.12875,27.53,26.88
BLWA,2021-09-09,27.2824444444444,27.6,26.95
BLWA,2021-09-10,27.4104166666667,27.6,27.14
BLWA,2021-09-11,27.5916666666667,27.87,27.35
BLWA,2021-09-12,27.8759523809524,29.46,27.41
BLWA,2021-09-13,28.2265909090909,29.02,27.47
BLWA,2021-09-14,28.6989583333333,29.56,27.95
BLWA,2021-09-15,28.1545833333333,28.59,27.78
BLWA,2021-09-16,27.6637777777778,27.91,27.42
BLWA,2021-09-17,27.443125,27.97,27.17
BLWA,2021-09-18,27.155625,27.55,26.88
BLWA,2021-09-19,26.7783333333333,27.23,26.33
BLWA,2021-09-20,26.540625,26.71,26.29
BLWA,2021-09-21,26.4191666666667,26.54,26.32
BLWA,2021-09-22,26.3753191489362,26.52,26.19
BLWA,2021-09-23,25.8472916666667,26.16,25.47
BLWA,2021-09-24,25.4695833333333,25.58,25.3
BLWA,2021-09-25,25.3858333333333,25.64,25.08
BLWA,2021-09-26,25.0685416666667,25.37,24.72
BLWA,2021-09-27,24.9935416666667,25.47,24.71
BLWA,2021-09-28,25.16,25.71,24.75
BLWA,2021-09-29,25.3709523809524,25.66,25.03
BLWA,2021-10-12,24.42,24.42,24.42
BLWA,2021-10-13,24.666,24.71,24.61
BLWA,2021-10-14,24.5481578947368,24.73,24.41
BLWA,2021-10-15,24.6727659574468,24.98,24.4
BLWA,2021-10-16,24.86475,25.25,24.54
BLWA,2021-10-17,24.5564583333333,24.92,24.05
BLWA,2021-10-18,24.1283333333333,24.55,23.75
BLWA,2021-10-19,23.9159574468085,24.38,23.57
BLWA,2021-10-20,23.716170212766,24.23,23.45
BLWA,2021-10-21,23.9997872340426,24.62,23.45
BLWA,2021-10-22,23.9963043478261,25.06,23.53
BLWA,2021-10-23,23.8827659574468,24.44,23.35
BLWA,2021-10-24,23.779347826087,24.41,23.15
BLWA,2021-10-25,23.2864583333333,23.36,23.13
BLWA,2021-10-26,23.3781818181818,24.31,23.13
BLWA,2021-10-27,23.1825,23.99,22.71
BLWA,2021-10-28,22.9961363636364,24.28,22.54
BLWA,2021-10-29,22.5014583333333,22.97,21.93
BLWA,2021-10-30,21.7483333333333,21.96,21.44
BLWA,2021-10-31,21.14125,21.45,20.83
BLWA,2021-11-01,21.125652173913,22.26,20.56
BLWA,2021-11-02,20.7842553191489,21.58,20.39
BLWA,2021-11-03,20.4252083333333,20.96,20.08
BLWA,2021-11-04,20.0460416666667,20.27,19.86
BLWA,2021-11-05,19.57375,19.84,19.35
BLWA,2021-11-06,19.3570833333333,19.86,19.03
BLWA,2021-11-07,19.1497916666667,19.64,18.89
BLWA,2021-11-08,19.0552083333333,19.48,18.86
BLWA,2021-11-09,19.1652272727273,20.53,18.67
BLWA,2021-11-10,18.9517021276596,19.75,18.42
BLWA,2021-11-11,18.9508510638298,19.63,18.36
BLWA,2021-11-12,18.4033333333333,18.63,18.2
BLWA,2021-11-13,18.4427906976744,19.95,18.03
BLWA,2021-11-14,17.8277083333333,18.42,17.35
BLWA,2021-11-15,17.765,18.68,17.35
BLWA,2021-11-16,17.5525,18.42,17.31
BLWA,2021-11-17,17.4752083333333,18.16,17.08
BLWA,2021-11-18,17.5671739130435,18.54,16.96
BLWA,2021-11-19,17.0331914893617,17.82,16.54
BLWA,2021-11-20,16.4914583333333,16.91,16.12
BLWA,2021-11-21,16.4251063829787,17.2,16.09
BLWA,2021-11-22,16.3454166666667,17.07,16.06
BLWA,2021-11-23,16.300625,16.64,16.08
BLWA,2021-11-24,16.2677083333333,16.87,15.83
BLWA,2021-11-25,16.1520833333333,16.68,15.8
BLWA,2021-11-26,16.200625,16.81,15.5
BLWA,2021-11-27,15.4716666666667,16.06,14.89
BLWA,2021-11-28,15.1427083333333,16.12,14.81
BLWA,2021-11-29,14.76,14.93,14.53
BLWA,2021-11-30,14.6920833333333,15.2,14.44
BLWA,2021-12-01,15.2077083333333,16.68,14.53
BLWA,2021-12-02,15.1858333333333,15.84,14.57
BLWA,2021-12-03,15.5918604651163,17.35,14.63
BLWA,2021-12-04,15.1971111111111,16.1,14.9
BLWA,2021-12-05,15.9158695652174,16.44,14.95
BLWA,2021-12-06,15.9711904761905,16.43,15.56
BLWA,2021-12-07,15.930625,16.71,15.26
BLWA,2021-12-08,14.839375,15.24,14.64
BLWA,2021-12-09,14.5279166666667,14.75,14.33
BLWA,2021-12-10,14.616875,15.2,14.36
BLWA,2021-12-11,14.8267441860465,15.35,14.38
BLWA,2021-12-12,14.7539583333333,15.16,14.41
BLWA,2021-12-13,14.5554166666667,14.95,14.34
BLWA,2021-12-14,14.59625,14.83,14.27
BLWA,2021-12-15,14.6987234042553,14.99,14.48
BLWA,2021-12-16,14.5341666666667,14.62,14.43
BLWA,2021-12-17,14.7489361702128,14.96,14.52
BLWA,2021-12-18,14.9620833333333,15.13,14.8
BLWA,2021-12-19,15.0527083333333,15.22,14.87
BLWA,2021-12-20,14.6039583333333,14.85,14.24
BLWA,2021-12-21,14.335,14.4,14.23
BLWA,2021-12-22,14.18875,14.26,14.11
BLWA,2021-12-23,14.2289583333333,14.42,14.07
BLWA,2021-12-24,14.0839583333333,14.35,13.82
BLWA,2021-12-25,13.8604166666667,14.07,13.66
BLWA,2021-12-26,13.6239583333333,13.89,13.53
BLWA,2021-12-27,13.7687234042553,14.27,13.54
BLWA,2021-12-28,13.8946808510638,14.33,13.64
BLWA,2021-12-29,14.0460416666667,14.26,13.69
BLWA,2021-12-30,14.4252380952381,14.87,14.06
BLWA,2021-12-31,14.6659574468085,14.86,14.49
BLWA,2022-01-01,15.4933333333333,15.95,14.88
BLWA,2022-01-02,15.245,15.83,14.94
BLWA,2022-01-03,15.2385416666667,15.33,15.04
BLWA,2022-01-04,14.8664583333333,15.2,14.39
BLWA,2022-01-05,13.8289583333333,14.36,13.2
BLWA,2022-01-06,13.0389130434783,13.16,12.98
BLWA,2022-01-07,12.9533333333333,13.07,12.83
BLWA,2022-01-08,12.8547916666667,12.97,12.73
BLWA,2022-01-09,12.9580434782609,13.03,12.74
BLWA,2022-01-10,13.1320833333333,13.25,12.93
BLWA,2022-01-11,13.0089583333333,13.11,12.86
BLWA,2022-01-12,12.9989583333333,13.14,12.79
BLWA,2022-01-13,12.7102083333333,12.92,12.42
BLWA,2022-01-14,12.3758333333333,12.56,12.05
BLWA,2022-01-15,12.064375,12.21,11.89
BLWA,2022-01-16,11.7825,11.91,11.59
BLWA,2022-01-17,11.0883333333333,11.57,10.65
BLWA,2022-01-18,10.3614583333333,10.64,10.03
BLWA,2022-01-19,9.92795454545455,10.01,9.81
BLWA,2022-01-20,9.91170212765957,10.02,9.78
BLWA,2022-01-21,9.78625,9.99,9.61
BLWA,2022-01-22,9.63583333333333,9.69,9.55
BLWA,2022-01-23,9.36729166666667,9.58,9.01
BLWA,2022-01-24,9.02020833333333,9.21,8.73
BLWA,2022-01-25,8.88522727272727,8.94,8.7
BLWA,2022-01-26,8.959375,9.08,8.8
BLWA,2022-01-27,8.87416666666667,9.06,8.67
BLWA,2022-01-28,8.92958333333333,9.03,8.63
BLWA,2022-01-29,9.05708333333333,9.22,8.84
BLWA,2022-01-30,8.93979166666667,9.12,8.8
BLWA,2022-01-31,9.02270833333333,9.2,8.82
BLWA,2022-02-01,9.175,9.71,8.81
BLWA,2022-02-02,9.309375,9.54,8.95
BLWA,2022-02-03,9.39333333333333,9.44,9.3
BLWA,2022-02-04,9.63645833333333,9.92,9.43
BLWA,2022-02-05,9.84645833333333,10.21,9.56
BLWA,2022-02-06,9.37916666666667,9.64,8.89
BLWA,2022-02-07,8.93152173913044,9.1,8.74
BLWA,2022-02-08,8.67021276595745,8.76,8.51
BLWA,2022-02-09,8.60979166666667,8.74,8.46
BLWA,2022-02-10,8.73416666666667,8.87,8.44
BLWA,2022-02-11,8.930625,9.01,8.64
BLWA,2022-02-12,9.29604166666667,9.4,9
BLWA,2022-02-13,9.71604166666667,9.9,9.34
BLWA,2022-02-14,9.79770833333333,9.95,9.57
BLWA,2022-02-15,10.2841860465116,11.08,9.8
BLWA,2022-02-16,10.21125,10.42,9.96
BLWA,2022-02-17,10.569375,10.68,10.15
BLWA,2022-02-18,11.0327083333333,11.23,10.66
BLWA,2022-02-19,11.0279166666667,11.17,10.84
BLWA,2022-02-20,11.0744444444444,11.55,10.5
BLWA,2022-02-21,10.7385416666667,10.86,10.46
BLWA,2022-02-22,10.8789583333333,10.98,10.74
BLWA,2022-02-23,11.2091666666667,11.37,10.98
BLWA,2022-02-24,11.5808510638298,11.7,11.38
BLWA,2022-02-25,12.0960416666667,12.42,11.63
BLWA,2022-02-26,12.6826086956522,12.81,12.42
BLWA,2022-02-27,12.5554166666667,12.72,12.28
BLWA,2022-02-28,12.15375,12.27,11.99
BLWA,2022-03-01,12.0995833333333,12.23,11.93
BLWA,2022-03-02,12.06375,12.25,11.9
BLWA,2022-03-29,15.9951162790698,16.09,15.61
BLWA,2022-03-30,16.3972093023256,16.56,16.03
BLWA,2022-03-31,16.7629166666667,16.89,16.54
BLWA,2022-04-01,17.0972916666667,17.3,16.77
BLWA,2022-04-02,17.1472916666667,17.36,16.93
BLWA,2022-04-03,16.8704166666667,17.04,16.72
BLWA,2022-04-04,16.73375,16.9,16.55
BLWA,2022-04-05,16.584,16.63,16.55
BLWA,2022-04-12,16.744,16.86,16.64
BLWA,2022-04-13,17.1774468085106,17.34,16.64
BLWA,2022-04-14,17.6233333333333,17.78,17.23
BLWA,2022-04-15,18.114375,18.25,17.76
BLWA,2022-04-16,18.47625,18.64,18.08
BLWA,2022-04-17,18.92375,19.11,18.65
BLWA,2022-04-18,18.45375,18.94,17.85
BLWA,2022-04-19,17.8053191489362,17.94,17.46
BLWA,2022-04-20,17.543125,17.63,17.42
BLWA,2022-04-21,17.7508333333333,17.87,17.44
BLWA,2022-04-22,18.0333333333333,18.16,17.71
BLWA,2022-04-23,18.4889130434783,18.64,18.06
BLWA,2022-04-24,19.14375,19.4,18.5
BLWA,2022-04-25,19.8095833333333,20.01,19.33
BLWA,2022-04-26,20.3175,20.48,20
BLWA,2022-04-27,20.474375,20.64,20.19
BLWA,2022-04-28,20.381875,20.61,20.07
BLWA,2022-04-29,20.27125,20.41,20.06
BLWA,2022-04-30,20.3325,20.42,20.11
BLWA,2022-05-01,20.7927272727273,21.16,20.38
BLWA,2022-05-02,21.5263333333333,23.76,20.8
BLWA,2022-05-03,21.6672972972973,21.93,21.09
BLWA,2022-05-04,22.1964705882353,22.53,21.77
BLWA,2022-05-05,22.8731428571429,23.19,22.15
BLWA,2022-05-06,23.4909090909091,24.29,22.95
BLWA,2022-05-07,23.7644444444444,25.44,23.25
BLWA,2022-05-08,23.6932558139535,24.12,23.33
BLWA,2022-05-09,24.005,24.9,23.3
BLWA,2022-05-10,24.3079069767442,25.6,23.74
BLWA,2022-05-11,24.4651282051282,25.62,24.02
BLWA,2022-05-12,25.0619444444444,26.43,24.22
BLWA,2022-05-13,25.7118181818182,28.33,24.7
BLWA,2022-05-14,26.5091428571429,29.2,25.26
BLWA,2022-05-15,25.9748571428571,26.56,25.46
BLWA,2022-05-16,26.6211764705882,28.07,25.8
BLWA,2022-05-17,26.7305555555556,28.02,26.28
BLWA,2022-05-18,26.8635483870968,27.34,26.46
BLWA,2022-05-19,27.8294736842105,29.72,26.58
BLWA,2022-05-20,28.1462790697674,29.96,27.04
BLWA,2022-05-21,28.0870833333333,28.53,27.42
BLWA,2022-05-22,28.3204651162791,29.9,27.78
BLWA,2022-05-23,28.6438636363636,29.67,27.76
BLWA,2022-05-24,28.8714893617021,30.51,27.91
BLWA,2022-05-25,27.9008333333333,28.52,27.32
BLWA,2022-05-26,27.5454166666667,28.11,26.91
BLWA,2022-05-27,26.7689583333333,27.24,26.3
BLWA,2022-05-28,26.5902083333333,26.72,26.31
BLWA,2022-05-29,26.98375,27.26,26.73
BLWA,2022-05-30,27.0347916666667,27.32,26.76
BLWA,2022-05-31,27.6523913043478,28.83,26.87
BLWA,2022-06-01,27.8318421052632,30.6,27.08
BLWA,2022-06-02,28.2242857142857,30.67,27.2
BLWA,2022-06-03,28.1456756756757,29.6,27.56
BLWA,2022-06-04,27.78,27.78,27.78
BLWA,2023-02-02,11.2905,11.38,11.19
BLWA,2023-02-03,11.031914893617,11.18,10.86
BLWA,2023-02-04,10.736,10.9,10.43
BLWA,2023-02-05,10.4289130434783,10.53,10.21
BLWA,2023-02-06,10.33,10.42,10.17
BLWA,2023-02-07,10.4786956521739,10.56,10.24
BLWA,2023-02-08,10.7663043478261,10.96,10.51
BLWA,2023-02-09,11.3428260869565,11.57,10.98
BLWA,2023-02-10,11.87125,11.96,11.58
BLWA,2023-02-11,12.166875,12.39,11.93
BLWA,2023-02-12,12.3110416666667,12.46,12.23
BLWA,2023-02-13,12.2417021276596,12.55,11.85
BLWA,2023-02-14,11.6597872340426,11.96,11.31
BLWA,2023-02-15,11.4557777777778,11.51,11.29
BLWA,2023-02-16,11.7358333333333,11.87,11.51
BLWA,2023-02-17,12.227083333333301,12.69,11.86
BLWA,2023-02-18,12.9075555555556,13.15,12.54
BLWA,2023-02-19,12.4120930232558,12.62,12.02
BLWA,2023-02-20,12.0958139534884,12.24,11.92
BLWA,2023-02-21,12.1719444444444,12.28,12.01
BLWA,2023-02-22,12.5745652173913,12.82,12.25
BLWA,2023-02-23,13.3582222222222,13.6,12.83
BLWA,2023-02-24,14.0612765957447,14.26,13.61
BLWA,2023-02-25,14.6877083333333,14.8,14.28
BLWA,2023-02-26,15.0551162790698,15.17,14.79
BLWA,2023-02-27,15.4453191489362,15.58,15.04
BLWA,2023-02-28,15.7258695652174,15.86,15.48
BLWA,2023-03-01,15.7744444444444,15.94,15.68
BLWA,2023-03-30,18.087380952381,18.42,17.72
BLWA,2023-03-31,18.0141666666667,18.14,17.7
BLWA,2023-04-01,18.3425,18.49,18.09
BLWA,2023-04-02,18.6480434782609,18.94,18.32
BLWA,2023-04-03,18.5425,18.83,18.32
BLWA,2023-04-04,18.6366666666667,19.03,18.07
BLWA,2023-04-05,18.9680434782609,19.5,18.24
BLWA,2023-04-06,19.793125,19.97,19.42
BLWA,2023-04-07,20.26,20.82,19.96
BLWA,2023-04-08,20.0047916666667,20.34,19.67
BLWA,2023-04-09,19.2535416666667,19.65,18.96
BLWA,2023-04-10,18.53875,19.02,17.48
BLWA,2023-04-11,17.9370833333333,18.11,17.53
BLWA,2023-04-12,18.08,18.23,17.76
BLWA,2023-04-13,18.2147916666667,18.33,17.96
BLWA,2023-04-14,18.2827083333333,18.34,18.23
BLWA,2023-04-15,18.6339583333333,18.76,18.27
BLWA,2023-04-16,18.8569565217391,18.98,18.64
BLWA,2023-04-17,19.080625,19.23,18.83
BLWA,2023-04-18,19.0647916666667,19.33,18.82
BLWA,2023-04-19,19.23625,19.54,18.86
BLWA,2023-04-20,19.5885106382979,20.29,19.11
BLWA,2023-04-21,19.6738636363636,20.41,19.45
BLWA,2023-04-22,19.9029166666667,20.29,19.56
BLWA,2023-04-23,20.3285416666667,21.39,19.71
BLWA,2023-04-24,20.134375,20.62,19.81
BLWA,2023-04-25,20.1277083333333,20.88,19.71
BLWA,2023-04-26,20.5859090909091,22.24,19.71
BLWA,2023-04-27,20.5508571428571,22.05,20.13
BLWA,2023-04-28,20.6795833333333,21.1,20.43
BLWA,2023-04-29,20.8644680851064,21.21,20.76
BLWA,2023-04-30,20.8222916666667,21,20.52
BLWA,2023-05-01,20.5185416666667,20.73,20.27
BLWA,2023-05-02,20.46075,20.62,20.28
BLWA,2023-05-03,20.4895348837209,21.03,20.18
BLWA,2023-05-04,20.5316666666667,21.72,20.18
BLWA,2023-05-05,20.6765789473684,21.51,20.21
BLWA,2023-05-06,20.4408333333333,20.66,20.25
BLWA,2023-05-07,21.1119512195122,21.96,20.26
BLWA,2023-05-08,21.7490909090909,22.61,20.92
BLWA,2023-05-09,22.6353488372093,23.19,21.84
BLWA,2023-05-10,23.1123333333333,24.23,22.33
BLWA,2023-05-11,22.6284210526316,24.5,22.24
BLWA,2023-05-12,23.2388372093023,24.24,22.25
BLWA,2023-05-13,24.3266666666667,26.79,23.08
BLWA,2023-05-14,23.7738235294118,24.47,23.23
BLWA,2023-05-15,25.5169230769231,26.59,24.01
BLWA,2023-05-16,26.0403703703704,29.86,25.21
BLWA,2023-05-17,26.1036842105263,26.81,25.54
BLWA,2023-05-18,25.96825,27.42,25.5
BLWA,2023-05-19,25.9192307692308,26.5,25.51
BLWA,2023-05-20,25.8516666666667,26.12,25.63
BLWA,2023-05-21,25.7651219512195,25.99,25.59
BLWA,2023-05-22,25.8052173913043,26.34,25.46
BLWA,2023-05-23,26.1417142857143,27.86,25.41
BLWA,2023-05-24,25.666875,26.2,25.25
BLWA,2023-05-25,25.14,25.36,24.78
BLWA,2023-05-26,24.9063157894737,25.51,24.45
BLWA,2023-05-27,24.7922222222222,25.46,24.45
BLWA,2023-05-28,25.1739534883721,26.51,24.59
BLWA,2023-05-29,25.2256756756757,26.75,24.88
BLWA,2023-05-30,25.5355813953488,26.98,24.96
BLWA,2023-05-31,26.0862222222222,27.15,25.12
BLWA,2023-06-01,27.1040540540541,28.6,25.65
BLWA,2023-06-02,27.2065,28.29,26.19
BLWA,2023-06-03,27.7439534883721,29.28,26.56
BLWA,2023-06-04,28.0339024390244,28.88,26.79
BLWA,2023-06-05,28.5438888888889,30.39,27.36
BLWA,2023-06-06,29.8848936170213,32.16,28.23
BLWA,2023-06-07,29.0089743589744,30.68,28.04
BLWA,2023-06-08,29.3973170731707,30.6,28.06
BLWA,2023-06-09,29.5090697674419,31.38,28.43
BLWA,2023-06-10,29.6815217391304,31.19,28.5
BLWA,2023-06-11,29.3211904761905,30.77,28.71
BLWA,2023-06-12,29.644,30.6,28.97
BLWA,2023-06-13,29.9257777777778,31.06,29.37
BLWA,2023-06-14,29.73375,29.97,29.27
BLWA,2023-06-15,29.5777272727273,31.12,29.07
BLWA,2023-06-16,28.988125,29.28,28.72
BLWA,2023-06-17,28.40375,28.89,27.9
BLWA,2023-06-18,28.5817142857143,29.58,27.93
BLWA,2023-06-19,27.4904166666667,28.24,27.16
BLWA,2023-06-20,28.5310526315789,30.31,27.18
BLWA,2023-06-21,28.2159459459459,28.6,27.98
BLWA,2023-06-22,28.5404347826087,29.62,27.98
BLWA,2023-06-23,29.1577777777778,31.53,27.94
BLWA,2023-06-24,28.9109090909091,30.79,28.23
BLWA,2023-06-25,29.501875,31,28.42
BLWA,2023-06-26,29.9357142857143,32.07,28.68
BLWA,2023-06-27,31.4709302325581,33.39,29.53
BLWA,2023-06-28,31.2988372093023,32.86,30.01
BLWA,2023-06-29,32.3574418604651,34.76,30
BLWA,2023-06-30,31.5391176470588,34.92,30.69
BLWA,2023-07-01,32.2464102564103,35.76,30.76
BLWA,2023-07-02,32.3972972972973,33.94,31.12
BLWA,2023-07-03,32.7507317073171,34.66,31.75
BLWA,2023-07-04,32.2036956521739,33.4,31.61
BLWA,2023-07-05,32.0015555555556,33.62,31.11
BLWA,2023-07-06,31.2232608695652,32.33,30.62
BLWA,2023-07-07,31.8786046511628,33.39,30.71
BLWA,2023-07-08,32.331914893617,34.36,31.04
BLWA,2023-07-09,30.5964583333333,31.34,29.56
BLWA,2023-07-10,30.9402127659574,33.21,30.06
BLWA,2023-07-11,30.1355319148936,30.47,29.64
BLWA,2023-07-12,30.6566666666667,30.87,30.33
BLWA,2023-07-13,30.0310416666667,30.35,29.68
BLWA,2023-07-14,29.1675,29.66,28.95
BLWA,2023-07-15,29.1129787234043,29.59,28.86
BLWA,2023-07-16,29.134,29.36,28.96
BLWA,2023-07-17,29.386511627907,30,29.12
BLWA,2023-07-18,30.7104761904762,33.99,29.41
BLWA,2023-07-19,31.3995238095238,33.09,30
BLWA,2023-07-20,32.343023255814,34.84,30.23
BLWA,2023-07-21,32.3580952380952,34.35,30.47
BLWA,2023-07-22,32.0831914893617,33.86,30.45
BLWA,2023-07-23,31.4120833333333,32.64,30.62
BLWA,2023-07-24,31.1682608695652,31.97,30.58
BLWA,2023-07-25,31.9697872340426,33.7,30.57
BLWA,2023-07-26,32.7051111111111,34.44,31.02
BLWA,2023-07-27,32.9641860465116,35.64,31.37
BLWA,2023-07-28,33.8729545454545,35.9,32.12
BLWA,2023-07-29,32.7988372093023,34.96,32.13
BLWA,2023-07-30,33.1278947368421,35.42,32.29
BLWA,2023-07-31,32.5551111111111,34.89,31.99
BLWA,2023-08-01,33.4572916666667,35.07,32
BLWA,2023-08-02,33.8135416666667,35.43,32.33
BLWA,2023-08-03,33.9727659574468,35.6,32.46
BLWA,2023-08-04,34.236,35.71,32.4
BLWA,2023-08-05,32.9286956521739,34.74,32.45
BLWA,2023-08-06,33.5376086956522,35.34,32.36
BLWA,2023-08-07,32.3552083333333,32.62,32.14
BLWA,2023-08-08,32.9046666666667,34.8,32.1
BLWA,2023-08-09,32.5868085106383,33.06,32.14
BLWA,2023-08-10,32.5435,33.41,32.08
BLWA,2023-08-11,32.4134042553192,33.68,31.78
BLWA,2023-08-12,32.2857142857143,34.35,31.41
BLWA,2023-08-13,31.1179166666667,31.42,30.44
BLWA,2023-08-14,30.8791666666667,31.13,30.43
BLWA,2023-08-15,31.0908108108108,32.23,30.82
BLWA,2023-08-16,30.84125,31.07,30.53
BLWA,2023-08-17,30.6014285714286,31.99,30.06
BLWA,2023-08-18,30.3997619047619,30.93,30.08
BLWA,2023-08-19,30.9058695652174,32.48,30.23
BLWA,2023-08-20,31.6574468085106,32.7,30.55
BLWA,2023-08-21,32.4483333333333,33.88,31.14
BLWA,2023-08-22,32.1020930232558,33.03,31.11
BLWA,2023-08-23,33.0440909090909,34.98,31.76
BLWA,2023-08-24,33.7306666666667,35.18,32.1
BLWA,2023-08-25,33.8975,35.65,32.18
BLWA,2023-08-26,33.5541176470588,35.54,32.82
BLWA,2023-08-27,33.3390909090909,35.17,32.74
BLWA,2023-08-28,33.515625,34.58,32.83
BLWA,2023-08-29,33.753125,35.13,32.57
BLWA,2023-08-30,33.3268888888889,35,32.59
BLWA,2023-08-31,32.8095555555556,33.26,32.2
BLWA,2023-09-01,32.5820833333333,33.88,31.53
BLWA,2023-09-02,31.5895833333333,32.6,31.16
BLWA,2023-09-03,31.058125,31.22,30.95
BLWA,2023-09-04,31.0760416666667,31.82,30.63
BLWA,2023-09-05,30.9563829787234,32.06,30.41
BLWA,2023-09-06,32.1884444444444,33.64,30.59
BLWA,2023-09-07,32.2606382978723,34.28,31.28
BLWA,2023-09-08,32.9739583333333,34.49,31.41
BLWA,2023-09-09,31.7077083333333,32.27,30.98
BLWA,2023-09-10,31.3948936170213,31.96,30.91
BLWA,2023-09-11,31.3897727272727,32.77,30.93
BLWA,2023-09-12,31.9711111111111,34.23,30.99
BLWA,2023-09-13,32.50125,33.91,31.22
BLWA,2023-09-14,31.3527083333333,31.78,30.91
BLWA,2023-09-15,31.3860416666667,32.08,30.93
BLWA,2023-09-16,31.3378723404255,32.47,30.81
BLWA,2023-09-17,31.0112765957447,31.85,30.66
BLWA,2023-09-18,30.499375,31.02,30
BLWA,2023-09-19,30.0434782608696,31.1,29.33
BLWA,2023-09-20,30.054375,31.33,29.31
BLWA,2023-09-21,29.5364583333333,30.52,29.13
BLWA,2023-09-22,29.8176595744681,30.91,29.13
BLWA,2023-09-23,29.7166666666667,31.09,28.73
BLWA,2023-09-24,29.3930434782609,30.69,28.65
BLWA,2023-09-25,29.9036170212766,31.42,28.65
BLWA,2023-09-26,28.8395833333333,29.45,28.58
BLWA,2023-09-27,29.1134782608696,30.03,28.57
BLWA,2023-09-28,28.78625,29.22,28.58
BLWA,2023-09-29,28.576875,28.91,28.26
BLWA,2023-09-30,28.88125,29.91,28.07
BLWA,2023-10-01,28.7286956521739,30.11,28.06
BLWA,2023-10-02,28.4970212765957,29.48,28.02
BLWA,2023-10-03,28.5420833333333,29.43,27.91
BLWA,2023-10-04,28.3252083333333,29.12,27.84
BLWA,2023-10-05,28.3746511627907,28.82,27.82
BLWA,2023-10-06,28.128125,28.52,27.94
BLWA,2023-10-07,27.8975,28.23,27.58
BLWA,2023-10-08,27.3827083333333,27.83,26.92
BLWA,2023-10-09,26.879375,27.55,26.29
BLWA,2023-10-10,26.3645833333333,27.04,25.85
BLWA,2023-10-11,25.9277083333333,26.41,25.54
BLWA,2023-10-12,25.3520833333333,25.55,25
BLWA,2023-10-13,24.9420833333333,25.09,24.75
BLWA,2023-10-14,24.6997916666667,24.92,24.43
BLWA,2023-10-15,24.5191666666667,25.34,24.04
BLWA,2023-10-16,23.7885416666667,24.11,23.42
BLWA,2023-10-17,23.506875,24.04,23.13
BLWA,2023-10-18,23.3328888888889,24.12,22.79
BLWA,2023-10-19,23.1095555555556,23.84,22.68
BLWA,2023-10-20,22.8017021276596,23.58,22.56
BLWA,2023-10-21,23.2045238095238,24.83,22.23
BLWA,2023-10-22,22.7821428571429,23.94,22.25
BLWA,2023-10-23,22.7553191489362,23.96,22.29
BLWA,2023-10-24,22.9358695652174,24.23,22.28
BLWA,2023-10-25,22.7342553191489,23.5,22.36
BLWA,2023-10-26,22.8368085106383,24,22.39
BLWA,2023-10-27,22.7136956521739,23.69,22.45
BLWA,2023-10-28,22.9556818181818,24.08,22.5
BLWA,2023-10-29,23.18,23.77,22.58
BLWA,2023-10-31,22.322,22.61,22.04
BLWA,2023-11-01,21.7864583333333,22.09,21.29
BLWA,2023-11-02,21.1,21.41,20.67
BLWA,2023-11-03,20.516875,21.36,19.97
BLWA,2023-11-04,20.169347826087,21.29,19.91
BLWA,2023-11-05,20.2317073170732,21.89,19.88
BLWA,2023-11-06,20.3995652173913,21.45,19.87
BLWA,2023-11-07,20.4357446808511,21.19,19.96
BLWA,2023-11-08,20.4413953488372,21.76,20.01
BLWA,2023-11-09,20.3745238095238,20.92,19.99
BLWA,2023-11-10,20.3757777777778,20.8,20.02
BLWA,2023-11-11,20.0170833333333,20.2,19.82
BLWA,2023-11-12,19.6864583333333,19.82,19.54
BLWA,2023-11-13,19.4358333333333,19.53,19.28
BLWA,2023-11-14,19.1839583333333,19.33,18.97
BLWA,2023-11-15,18.925,19.12,18.74
BLWA,2023-11-16,18.7958333333333,19.07,18.71
BLWA,2023-11-17,19.1611111111111,20.41,18.69
BLWA,2023-11-18,19.226,20.47,18.86
BLWA,2023-11-19,18.9716666666667,19.76,18.57
BLWA,2023-11-20,19.1152272727273,20.36,18.45
BLWA,2023-11-21,18.5672916666667,18.74,18.43
BLWA,2023-11-22,18.6093617021277,19.02,18.36
BLWA,2023-11-23,18.1853333333333,18.53,17.94
BLWA,2023-11-24,17.771875,18.21,17.5
BLWA,2023-11-25,17.75,18.67,17.35
BLWA,2023-11-26,17.7746666666667,19.04,17.29
BLWA,2023-11-27,17.199375,17.47,16.91
BLWA,2023-11-28,16.73125,17.17,16.4
BLWA,2023-11-29,16.716875,17.01,16.3
BLWA,2023-11-30,16.7636170212766,17.93,16.09
BLWA,2023-12-01,16.2525531914894,16.78,16.1
BLWA,2023-12-02,16.955625,17.4,16.17
BLWA,2023-12-03,17.381914893617,17.86,17.07
BLWA,2023-12-04,17.3314893617021,18.03,16.99
BLWA,2023-12-05,17.1587234042553,17.81,16.85
BLWA,2023-12-06,17.1625,18.09,16.52
BLWA,2023-12-07,16.385625,16.76,16.12
BLWA,2023-12-08,16.2395744680851,17.08,15.92
BLWA,2023-12-09,16.1464583333333,16.37,15.87
BLWA,2023-12-10,16.5963829787234,16.86,16.19
BLWA,2023-12-11,16.6797916666667,17.09,15.94
BLWA,2023-12-12,15.1991666666667,15.89,14.64
BLWA,2023-12-13,14.7335416666667,15.38,14.47
BLWA,2023-12-14,14.7340425531915,15.62,14.44
BLWA,2023-12-15,15.0934782608696,15.83,14.48
BLWA,2023-12-16,15.4395652173913,16.64,15.01
BLWA,2023-12-17,15.1172916666667,15.37,14.88
BLWA,2023-12-18,14.8408333333333,15.18,14.51
BLWA,2023-12-19,14.544375,15.27,13.91
BLWA,2023-12-20,13.9645652173913,14.62,13.63
BLWA,2023-12-21,13.7131914893617,14.21,13.38
BLWA,2023-12-22,14.046875,14.34,13.42
BLWA,2023-12-23,14.0363829787234,14.83,13.61
BLWA,2023-12-24,13.9117021276596,15.25,13.56
BLWA,2023-12-25,13.8297916666667,14.13,13.56
BLWA,2023-12-26,13.3308510638298,13.87,12.74
BLWA,2023-12-27,12.5458695652174,13.11,9.99
BLWA,2023-12-28,12.4854166666667,12.8,12.31
BLWA,2023-12-29,12.409375,12.82,12.27
BLWA,2023-12-30,12.4078723404255,13.12,12.05
BLWA,2023-12-31,12.2015217391304,13.2,11.87
BLWA,2024-01-01,12.1173913043478,12.99,11.82
BLWA,2024-01-02,11.8195652173913,12.48,11.5
BLWA,2024-01-03,11.87,13.18,11.35
BLWA,2024-01-04,11.1648888888889,11.41,10.89
BLWA,2024-01-05,11.0908333333333,11.94,10.76
BLWA,2024-01-06,10.833125,11.23,10.66
BLWA,2024-01-07,10.6922916666667,10.84,10.59
BLWA,2024-01-08,10.801875,11.59,10.49
BLWA,2024-01-09,10.4775,11.01,10.03
BLWA,2024-01-10,10.3933333333333,10.69,10.03
BLWA,2024-01-11,10.3939583333333,10.69,9.89
BLWA,2024-01-12,10.0029545454545,10.1,9.82
BLWA,2024-01-13,10.321875,10.5,10.1
BLWA,2024-01-14,10.4120833333333,10.85,10.18
BLWA,2024-01-15,10.54375,10.84,10.26
BLWA,2024-01-16,10.469375,10.94,10.23
BLWA,2024-01-17,9.96375,10.34,9.53
BLWA,2024-01-18,9.6125,10.19,9.26
BLWA,2024-01-19,9.41416666666667,9.54,9.25
BLWA,2024-01-20,9.26541666666667,9.55,9.09
BLWA,2024-01-21,9.02958333333333,9.71,8.46
BLWA,2024-01-22,8.69708333333333,9.32,8.3
BLWA,2024-01-23,8.33041666666667,8.6,8.13
BLWA,2024-01-24,8.11854166666667,8.37,7.99
BLWA,2024-01-25,8.130625,8.41,7.97
BLWA,2024-01-26,8.79125,9.51,8.34
BLWA,2024-01-27,9.93541666666667,10.33,9.18
BLWA,2024-01-28,10.2110416666667,10.31,10.11
BLWA,2024-01-29,10.1997872340426,10.31,10.11
BLWA,2024-01-30,10.1129166666667,10.33,9.95
BLWA,2024-01-31,10.075625,10.25,9.94
BLWA,2024-02-01,9.98354166666667,10.16,9.73
BLWA,2024-02-02,9.75458333333333,10.02,9.56
BLWA,2024-02-03,9.73041666666667,10.07,9.52
BLWA,2024-02-04,9.756875,9.9,9.51
BLWA,2024-02-05,9.81916666666667,9.93,9.74
BLWA,2024-02-06,9.913125,10.15,9.76
BLWA,2024-02-07,10.0922916666667,10.22,9.72
BLWA,2024-02-08,10.3066666666667,10.41,10.04
BLWA,2024-02-09,10.5617073170732,10.67,10.36
BLWA,2024-02-10,10.926875,11.12,10.57
BLWA,2024-02-11,11.3602083333333,11.57,11.12
BLWA,2024-02-12,11.926875,12.29,11.58
BLWA,2024-02-13,12.7264583333333,13.13,12.16
BLWA,2024-02-14,12.7141666666667,13.06,11.97
BLWA,2024-02-15,11.838125,12.05,11.56
BLWA,2024-02-16,11.7754166666667,11.92,11.55
BLWA,2024-02-17,11.9557777777778,12.05,11.73
BLWA,2024-02-18,11.8608333333333,11.98,11.63
BLWA,2024-02-19,11.6729166666667,11.89,11.48
BLWA,2024-02-20,11.6420833333333,11.9,11.45
BLWA,2024-02-21,11.7158333333333,11.83,11.42
BLWA,2024-02-22,12.02,12.14,11.65
BLWA,2024-02-23,12.4570212765957,12.66,12.07
BLWA,2024-02-24,12.9685416666667,13.34,12.64
BLWA,2024-02-25,13.14875,13.48,12.83
BLWA,2024-02-26,13.4395652173913,14.16,13
BLWA,2024-02-27,13.8844680851064,14.49,13.21
BLWA,2024-02-28,14.1589583333333,14.33,13.74
BLWA,2024-02-29,14.3241666666667,14.51,14.07
BLWA,2024-03-01,14.0995744680851,14.26,14.01
BLWA,2024-03-02,14.1241666666667,14.2,14.03
BLWA,2024-03-03,14.1341666666667,14.24,14.05
BLWA,2024-03-04,13.48,14.17,12.66
BLWA,2024-03-05,12.9978260869565,13.15,12.68
BLWA,2024-03-06,13.2952083333333,13.36,13.15
BLWA,2024-03-07,13.518125,13.77,13.29
BLWA,2024-03-08,13.6597619047619,13.8,13.35
BLWA,2024-03-09,13.9689130434783,14.25,13.71
BLWA,2024-03-10,14.5208333333333,14.62,14.29
BLWA,2024-03-11,14.4627659574468,14.64,14.27
BLWA,2024-03-12,14.2575,14.45,14.16
BLWA,2024-03-13,14.388125,14.63,14.15
BLWA,2024-03-14,14.4851063829787,14.76,14.24
BLWA,2024-03-15,14.9202083333333,15.12,14.48
BLWA,2024-03-16,15.0758333333333,15.26,14.94
BLWA,2024-03-17,15.1764583333333,15.27,15.05
BLWA,2024-03-18,15.4620833333333,15.77,15.22
BLWA,2024-03-19,15.8795833333333,16.26,15.58
BLWA,2024-03-20,15.7082608695652,16.11,15.41
BLWA,2024-03-21,15.6960416666667,16.22,15.35
BLWA,2024-03-22,15.85,16.43,15.34
BLWA,2024-03-23,16.1110416666667,16.76,15.92
BLWA,2024-03-24,16.3295833333333,16.88,16.02
BLWA,2024-03-25,16.7578723404255,17.78,16.11
BLWA,2024-03-26,16.6866666666667,17.28,16.35
BLWA,2024-03-27,16.8033333333333,16.97,16.6
BLWA,2024-03-28,16.4339534883721,17.06,8.13
BLWA,2024-03-29,16.6340425531915,16.94,16.15
BLWA,2024-03-30,16.3479166666667,16.53,16.12
BLWA,2024-03-31,16.7283333333333,16.88,16.33
BLWA,2024-04-01,17.1629787234043,17.33,16.87
BLWA,2024-04-02,17.5686666666667,17.66,17.31
BLWA,2024-04-03,18.14375,18.5,17.65
BLWA,2024-04-04,18.595,18.85,18.4
BLWA,2024-04-05,18.5889583333333,18.84,18.35
BLWA,2024-04-06,18.544375,19.01,18.29
BLWA,2024-04-07,18.6579166666667,19.12,18.29
BLWA,2024-04-08,18.9191666666667,19.57,18.48
BLWA,2024-04-09,19.2195833333333,19.81,18.81
BLWA,2024-04-10,18.9052083333333,19.1,18.74
BLWA,2024-04-11,18.598125,18.93,18.35
BLWA,2024-04-12,18.3285416666667,18.5,18.06
BLWA,2024-04-13,18.1920833333333,18.45,17.95
BLWA,2024-04-14,18.4729166666667,18.67,17.96
BLWA,2024-04-15,18.8385416666667,19.22,18.52
BLWA,2024-04-16,19.3172916666667,19.65,18.73
BLWA,2024-04-17,19.501875,20.05,19.35
BLWA,2024-04-18,19.771875,20.15,19.53
BLWA,2024-04-19,19.9434782608696,20.33,19.66
BLWA,2024-04-20,20.4695833333333,21.02,19.98
BLWA,2024-04-21,20.5097916666667,20.75,20.21
BLWA,2024-04-22,20.289375,20.55,20.02
BLWA,2024-04-23,20.2204166666667,20.5,19.86
BLWA,2024-04-24,20.255625,20.7,19.86
BLWA,2024-04-25,20.3675,21.32,20.03
BLWA,2024-04-26,20.4904651162791,20.92,20.06
BLWA,2024-04-27,21.1328260869565,21.9,20.2
BLWA,2024-04-28,21.0753488372093,21.68,20.58
BLWA,2024-04-29,21.878085106383,22.53,20.89
BLWA,2024-04-30,22.4045833333333,22.94,21.6
BLWA,2024-05-07,26.035,27.36,25.24
BLWA,2024-05-08,26.1321276595745,26.52,25.63
BLWA,2024-05-09,26.6320833333333,27.61,25.95
BLWA,2024-05-10,26.8146666666667,27.79,25.82
BLWA,2024-05-11,25.6973170731707,26.66,25.34
BLWA,2024-05-12,25.4072916666667,25.62,25.06
BLWA,2024-05-13,25.3906382978723,25.73,25.07
BLWA,2024-05-14,25.2677083333333,25.64,25.13
BLWA,2024-05-15,25.59625,26.07,25.25
BLWA,2024-05-16,26.6692857142857,27.5,25.45
BLWA,2024-05-17,26.8222222222222,28.15,26.04
BLWA,2024-05-18,26.191875,26.51,25.89
BLWA,2024-05-19,26.0697058823529,26.33,25.83
BLWA,2024-05-20,26.6060526315789,28.34,25.63
BLWA,2024-05-21,27.667,29.65,25.83
BLWA,2024-05-22,27.569756097561,28.98,26.55
BLWA,2024-05-23,26.943829787234,28.13,26.48
BLWA,2024-05-24,27.629756097561,28.98,26.52
BLWA,2024-05-25,27.8338636363636,29.16,26.7
BLWA,2024-05-26,27.655,29.03,27.15
BLWA,2024-05-27,28.0609090909091,29.35,27.38
BLWA,2024-05-28,28.3438888888889,29.46,27.63
BLWA,2024-05-29,28.6975555555556,30.23,27.82
BLWA,2024-05-30,28.923,31.13,28.04
BLWA,2024-05-31,28.1183333333333,28.72,27.63
BLWA,2024-06-01,27.9591666666667,28.66,27.59
BLWA,2024-06-02,27.7477083333333,27.94,27.57
BLWA,2024-06-03,28.604358974359,30.93,27.61
BLWA,2024-06-04,28.3071739130435,29.96,27.65
BLWA,2024-06-05,28.37275,29.79,27.66
BLWA,2024-06-06,28.5530434782609,29.65,28.02
BLWA,2024-06-07,28.724,29.42,28.15
BLWA,2024-06-08,28.9688636363636,29.95,28.46
BLWA,2024-06-09,29.3566666666667,30.79,28.61
BLWA,2024-06-10,29.3320588235294,30.8,28.83
BLWA,2024-06-11,29.53875,30.6,29.03
BLWA,2024-06-12,29.3082978723404,30.02,28.91
BLWA,2024-06-13,30.0234042553192,31.71,28.83
BLWA,2024-06-14,30.3126829268293,32.9,28.84
BLWA,2024-06-15,30.13,33.3,29.13
BLWA,2024-06-16,30.4848648648649,31.26,29.5
BLWA,2024-06-17,31.7234782608696,32.73,30.59
BLWA,2024-06-18,31.6910638297872,33.08,30.78
BLWA,2024-06-19,31.288125,31.88,30.76
BLWA,2024-06-20,31.1470833333333,31.53,30.8
BLWA,2024-06-21,30.9366666666667,31.56,30.71
BLWA,2024-06-22,31.7662790697674,33.04,30.72
BLWA,2024-06-23,31.8948780487805,33.31,31.08
BLWA,2024-06-24,32.5197435897436,34.24,31.37
BLWA,2024-06-25,32.3286363636364,33.91,31.65
BLWA,2024-06-26,33.9554347826087,35.87,31.77
BLWA,2024-06-27,32.7585416666667,35.29,31.94
BLWA,2024-06-28,33.2363829787234,34.37,31.99
BLWA,2024-06-29,33.1574468085106,34.46,32.36
BLWA,2024-06-30,32.905,33.77,32.5
BLWA,2024-07-01,33.35625,34.54,32.46
BLWA,2024-07-02,33.2935416666667,34.21,32.41
BLWA,2024-07-03,34.7491666666667,35.95,32.82
BLWA,2024-07-04,34.711875,35.85,33.35
BLWA,2024-07-05,33.96,35.57,33.26
BLWA,2024-07-06,33.4502127659574,34.93,32.98
BLWA,2024-07-07,33.3004166666667,34,32.83
BLWA,2024-07-08,33.6927083333333,34.81,32.91
BLWA,2024-07-09,33.689347826087,35.36,33.01
BLWA,2024-07-10,33.3541666666667,33.99,33.03
BLWA,2024-07-11,33.8497916666667,34.75,33.02
BLWA,2024-07-12,33.806875,35.15,32.98
BLWA,2024-07-13,34.068125,35.23,33.07
BLWA,2024-07-14,33.055,33.06,33.05
BLWA,2024-08-13,33.7760714285714,34.41,33.1
BLWA,2024-08-14,33.8245833333333,34.97,32.52
BLWA,2024-08-15,33.4791666666667,34.21,32.5
BLWA,2024-08-16,33.8314893617021,35.13,32.79
BLWA,2024-08-17,33.545,35.41,32.68
BLWA,2024-08-18,33.18475,34.92,32.64
BLWA,2024-08-19,33.9308888888889,35.6,32.89
BLWA,2024-08-20,33.3114583333333,33.93,32.46
BLWA,2024-08-21,32.96875,33.6,32.41
BLWA,2024-08-22,33.0674468085106,33.97,32.32
BLWA,2024-08-23,32.7452173913044,33.86,32.2
BLWA,2024-08-24,32.6945833333333,33.59,32.14
BLWA,2024-08-25,32.6941666666667,33.52,32.11
BLWA,2024-08-26,32.8570833333333,33.93,32.06
BLWA,2024-08-27,33.0022916666667,34.33,32.05
BLWA,2024-08-28,32.894347826087,34.03,32.1
BLWA,2024-08-29,32.7576595744681,33.72,32.16
BLWA,2024-08-30,33.21375,33.84,32.33
BLWA,2024-08-31,33.2645833333333,33.97,32.71
BLWA,2024-09-01,33.043125,33.76,32.33
BLWA,2024-09-02,32.9531914893617,33.78,32.32
BLWA,2024-09-03,32.9747916666667,33.72,32.39
BLWA,2024-09-04,33.14375,34.14,32.34
BLWA,2024-09-05,32.3277083333333,32.73,32.03
BLWA,2024-09-06,31.9913513513514,32.11,31.84
BLWA,2024-09-07,31.6708510638298,31.86,31.4
BLWA,2024-09-08,31.4868085106383,32.15,30.93
BLWA,2024-09-09,30.9454166666667,31.66,30.47
BLWA,2024-09-10,31.2666666666667,32.5,30.48
BLWA,2024-09-11,30.7075,31.26,30.4
BLWA,2024-09-12,30.2251063829787,30.49,29.83
BLWA,2024-09-13,29.8548888888889,30.26,29.07
BLWA,2024-09-14,29.372,30.13,28.81
BLWA,2024-09-15,28.5904347826087,29.2,28.22
BLWA,2024-09-16,27.9879166666667,28.24,27.47
BLWA,2024-09-17,27.0025,27.43,26.64
BLWA,2024-09-18,26.8097826086957,27.11,26.63
BLWA,2024-09-19,26.9711904761905,27.35,26.66
BLWA,2024-09-20,27.3712765957447,27.82,26.9
BLWA,2024-09-21,27.7185,28.27,27.44
BLWA,2024-09-22,27.863488372093,28.13,27.48
BLWA,2024-09-23,28.0158695652174,28.21,27.84
BLWA,2024-09-24,28.2647916666667,28.44,28.09
BLWA,2024-09-25,28.2222916666667,28.51,28.05
BLWA,2024-09-26,27.7320833333333,28.12,27.49
BLWA,2024-09-27,27.4458333333333,27.84,26.94
BLWA,2024-09-28,27.2129166666667,27.71,26.75
BLWA,2024-09-29,27.1229166666667,27.9,26.65
BLWA,2024-09-30,27.2959574468085,28.19,26.68
BLWA,2024-10-01,27.3552083333333,28.44,26.81
BLWA,2024-10-02,27.3710416666667,27.8,26.89
BLWA,2024-10-03,27.79725,29.18,27.14
BLWA,2024-10-04,27.6976595744681,28.68,27.19
BLWA,2024-10-05,27.8422916666667,28.44,27.06
BLWA,2024-10-06,27.60375,28.7,26.95
BLWA,2024-10-07,27.5765217391304,28.73,26.87
BLWA,2024-10-08,27.21375,27.98,26.8
BLWA,2024-10-09,27.1220833333333,27.83,26.76
BLWA,2024-10-10,27.0264583333333,27.83,26.58
BLWA,2024-10-11,26.8983333333333,27.77,26.6
BLWA,2024-10-12,26.9129166666667,27.94,26.34
BLWA,2024-10-13,26.7342553191489,28.29,26.1
BLWA,2024-10-14,26.402,27.86,25.91
BLWA,2024-10-15,25.879375,26.35,25.55
BLWA,2024-10-16,25.5939583333333,26.47,24.99
BLWA,2024-10-17,24.74,25.16,24.36
BLWA,2024-10-18,24.35125,25.15,23.8
BLWA,2024-10-19,23.9152083333333,24.62,23.42
BLWA,2024-10-20,23.4571739130435,24.28,22.97
BLWA,2024-10-21,23.1622222222222,24.22,22.65
BLWA,2024-10-22,23.1422727272727,24.55,22.41
BLWA,2024-10-23,23.0736956521739,24.64,22.28
BLWA,2024-10-24,23.46675,25.35,22.26
BLWA,2024-10-25,23.1169565217391,24.23,22.3
BLWA,2024-10-26,23.2932608695652,25.71,22.43
BLWA,2024-10-27,23.3388372093023,25.21,22.61
BLWA,2024-10-28,23.668,24.77,22.89
BLWA,2024-12-18,14.173125,14.78,14.04
BLWA,2024-12-19,14.4189130434783,15.56,13.92
BLWA,2024-12-20,14.0125,14.82,13.64
BLWA,2024-12-21,13.5095652173913,13.95,13.15
BLWA,2024-12-22,13.2791666666667,13.78,13.04
BLWA,2024-12-23,13.228125,13.91,12.94
BLWA,2024-12-24,13.21,13.72,12.96
BLWA,2024-12-25,13.6055555555556,15.28,13.07
BLWA,2024-12-26,13.1895744680851,14.79,12.58
BLWA,2024-12-27,13.02125,13.56,12.58
BLWA,2024-12-28,13.1566666666667,13.77,12.77
BLWA,2024-12-29,13.0334782608696,13.47,12.78
BLWA,2024-12-30,13.3295833333333,13.58,12.96
BLWA,2024-12-31,12.870652173913,13.25,12.57
BLWA,2025-01-01,13.5255,13.62,13.14
BLWA,2025-01-02,13.3497916666667,13.63,12.97
BLWA,2025-01-03,12.946875,13.18,12.72
BLWA,2025-01-04,12.6653191489362,13,12.33
BLWA,2025-01-05,12.3766666666667,12.59,12.21
BLWA,2025-01-06,12.3652083333333,12.5,12.18
BLWA,2025-01-07,11.9858333333333,12.42,11.64
BLWA,2025-01-08,11.4158695652174,11.71,10.99
BLWA,2025-01-09,11.0014583333333,11.33,10.54
BLWA,2025-01-10,10.6621739130435,11.34,10.33
BLWA,2025-01-11,10.0725,10.31,9.85
BLWA,2025-01-12,9.80833333333333,10.36,9.35
BLWA,2025-01-13,9.48276595744681,9.92,9.27
BLWA,2025-01-14,9.40270833333333,9.79,9.16
BLWA,2025-01-15,9.37770833333333,9.95,9.12
BLWA,2025-01-16,9.37913043478261,9.99,9.14
BLWA,2025-01-17,9.41895833333333,10,9.12
BLWA,2025-01-18,9.62844444444444,10.2,9.21
BLWA,2025-01-19,9.91295454545455,10.01,9.65
BLWA,2025-01-20,9.79145833333333,9.93,9.55
BLWA,2025-01-21,9.44708333333333,9.86,9.24
BLWA,2025-01-22,9.065,9.39,8.82
BLWA,2025-01-23,8.65702127659574,9.15,8.29
BLWA,2025-01-24,8.52208333333333,9,8.2
BLWA,2025-01-25,8.64617021276596,9.2,8.15
BLWA,2025-01-26,8.9009756097561,9.6,8.35
BLWA,2025-01-27,9.08133333333333,10.88,8.54
BLWA,2025-01-28,9.00479166666667,9.46,8.53
BLWA,2025-01-29,8.87214285714286,9.71,8.61
BLWA,2025-01-30,8.93125,9.57,8.75
BLWA,2025-01-31,8.95354166666667,9.18,8.7
BLWA,2025-02-01,9.02541666666667,9.24,8.88
BLWA,2025-02-02,9.17022727272727,9.76,8.86
BLWA,2025-02-03,9.26956521739131,9.53,8.86
BLWA,2025-02-04,9.70977777777778,9.94,9.27
BLWA,2025-02-05,10.2886956521739,10.57,9.84
BLWA,2025-02-06,10.986170212766,11.3,10.58
BLWA,2025-02-07,11.82,12.26,11.17
BLWA,2025-02-08,12.2488095238095,12.7,11.89
BLWA,2025-02-09,12.6270212765957,13.07,12.37
BLWA,2025-02-10,12.6633333333333,12.9,12.46
BLWA,2025-02-11,12.4591489361702,12.6,12.32
BLWA,2025-02-12,12.5909302325581,12.9,12.32
BLWA,2025-02-13,12.6345833333333,12.85,12.55
BLWA,2025-02-14,12.6762962962963,13.17,12.1
BLWA,2025-02-15,11.2531578947368,12.03,10.45
BLWA,2025-02-16,11.035,11.08,10.99
BLWA,2025-02-17,11.5077419354839,11.61,11.16
BLWA,2025-02-18,11.5634042553191,11.68,11.41
BLWA,2025-02-19,11.6881818181818,11.78,11.48
BLWA,2025-02-20,11.6046666666667,11.74,11.3
BLWA,2025-02-21,11.2345833333333,11.46,10.93
BLWA,2025-02-22,10.9230434782609,11.12,10.69
BLWA,2025-02-23,10.5764583333333,10.74,10.33
BLWA,2025-02-24,10.38625,10.52,10.28
BLWA,2025-02-25,10.5570833333333,10.83,10.27
BLWA,2025-02-26,10.8131818181818,11.06,10.43
BLWA,2025-02-27,11.134375,11.33,10.69
BLWA,2025-02-28,11.53625,11.75,11.25
BLWA,2025-03-01,11.8908888888889,12.06,11.39
BLWA,2025-03-02,12.2666666666667,12.54,11.88
BLWA,2025-03-03,12.4716666666667,12.74,12.08
BLWA,2025-03-04,12.6427083333333,13.42,12.38
BLWA,2025-03-05,12.9659574468085,13.32,12.45
BLWA,2025-03-06,12.8070833333333,12.96,12.53
BLWA,2025-03-07,12.6683333333333,12.95,12.37
BLWA,2025-03-08,12.6326086956522,12.8,12.34
BLWA,2025-03-09,12.9991666666667,13.2,12.7
BLWA,2025-03-10,13.0425,13.22,12.83
BLWA,2025-03-11,13.3166666666667,13.8,12.97
BLWA,2025-03-12,13.6560975609756,14.93,13.07
BLWA,2025-03-13,13.9088888888889,14.68,13.26
BLWA,2025-03-14,14.28225,15.91,13.66
BLWA,2025-03-15,14.8526086956522,15.48,14.28
BLWA,2025-03-16,15.3322916666667,16.66,14.55
BLWA,2025-03-17,16.66375,17.51,15.57
BLWA,2025-03-18,16.0535,16.38,15.8
BLWA,2025-03-19,15.8310526315789,16.24,15.34
BLWA,2025-03-20,15.1145833333333,15.45,14.57
BLWA,2025-03-21,14.4741666666667,14.63,14.25
BLWA,2025-03-22,14.57125,14.79,14.26
BLWA,2025-03-23,14.8625,15.07,14.45
BLWA,2025-03-24,15.3591666666667,15.57,14.78
BLWA,2025-03-25,15.4802083333333,15.91,15.27
BLWA,2025-03-26,15.5789583333333,15.79,15.27
BLWA,2025-03-27,15.7989583333333,15.9,15.38
BLWA,2025-03-28,16.4225,16.58,15.8
BLWA,2025-03-29,16.8997916666667,17.3,16.58
BLWA,2025-03-30,17.1097916666667,17.59,16.83
BLWA,2025-03-31,17.2620833333333,17.64,17.03
BLWA,2025-04-01,17.9244680851064,18.5,17.27
BLWA,2025-04-02,18.4590909090909,18.79,18.06
BLWA,2025-04-03,18.9679166666667,19.18,18.54
BLWA,2025-04-04,19.6116666666667,19.8,19.12
BLWA,2025-04-05,20.1708333333333,20.29,19.82
BLWA,2025-04-06,20.6295833333333,20.89,20.2
BLWA,2025-04-07,20.4808333333333,20.66,20.24
BLWA,2025-04-08,20.16,20.18,20.14
BLWA,2025-04-09,17.99,18.08,17.84
BLWA,2025-04-10,18.0453333333333,18.18,17.83
BLWA,2025-04-11,18.1628888888889,18.44,17.8
BLWA,2025-04-12,18.2141025641026,18.51,17.95
BLWA,2025-04-13,18.2186956521739,18.36,18
BLWA,2025-04-14,18.3652083333333,18.46,18.1
BLWA,2025-04-15,18.7677083333333,18.94,18.33
BLWA,2025-04-16,18.9204166666667,19.08,18.71
BLWA,2025-04-17,19.105625,19.28,18.74
BLWA,2025-04-18,19.3297777777778,19.41,18.98
BLWA,2025-04-19,19.7865853658537,20.41,19.32
BLWA,2025-04-20,20.489756097561,22.15,19.52
BLWA,2025-04-21,20.755,21.82,20.32
BLWA,2025-04-22,21.4969047619048,22.47,20.35
BLWA,2025-04-23,21.2507142857143,21.77,20.73
BLWA,2025-04-24,20.995,21.22,20.83
BLWA,2025-04-25,21.5271794871795,21.85,20.93
BLWA,2025-04-26,21.1345833333333,21.84,20.01
BLWA,2025-04-27,20.0429268292683,20.1,19.85
BLWA,2025-04-28,20.6402083333333,20.89,20.09
BLWA,2025-04-29,21.3158333333333,21.45,20.9
BLWA,2025-04-30,21.6821739130435,21.99,21.4
BLWA,2025-05-02,22.7029166666667,22.86,22.61
BLWA,2025-05-03,23.1036363636364,24.07,22.57
BLWA,2025-05-04,22.6859090909091,22.94,22.36
BLWA,2025-05-05,22.3725,22.38,22.36
BLWA,2025-05-08,20.9171428571429,20.96,20.77
BLWA,2025-05-09,21.1839130434783,21.28,20.8
BLWA,2025-05-10,21.423488372093,21.47,21.21
BLWA,2025-05-11,21.2825925925926,21.37,21.13
BLWA,2025-05-13,17.8485714285714,21.64,16.06
BLWA,2025-05-14,20.0953846153846,23.12,18.7
BLWA,2025-05-15,20.36,20.88,19.81
BLWA,2025-05-16,22.1407692307692,24.06,21.46
BLWA,2025-05-17,23.215,23.52,22.91
BLWA,2025-05-18,21.7664705882353,21.9,21.52
BLWA,2025-05-19,22.17,22.26,22.02
BLWA,2025-05-20,22.6768421052632,22.83,22.49
BLWA,2025-05-21,23.17125,23.28,22.59
BLWA,2025-05-22,23.346,23.54,23.16
BLWA,2025-05-23,23.5827083333333,23.72,23.18
BLWA,2025-05-24,24.1104166666667,24.37,23.69
BLWA,2025-05-25,24.655,25.06,24.38
BLWA,2025-05-26,25.0652631578947,25.56,24.87
BLWA,2025-05-27,24.9558333333333,25.29,24.6
BLWA,2025-05-28,24.52,24.6,24.28
BLWA,2025-05-29,24.422,25.31,23.88
BLWA,2025-06-01,23.8182352941176,23.85,23.78
BLWA,2025-06-02,24.0733333333333,24.21,23.8
BLWA,2025-06-03,24.4721276595745,24.64,23.99
BLWA,2025-06-04,25.1082608695652,25.34,24.68
BLWA,2025-06-05,25.498085106383,25.86,25.09
BLWA,2025-06-06,26.041935483871,28.85,25.73
BLWA,2025-06-07,26.61625,26.85,26.08
BLWA,2025-06-08,27.3762068965517,27.76,26.71
BLWA,2025-06-09,26.6265957446809,26.91,26.28
BLWA,2025-06-10,25.9105882352941,26.24,25.34
BLWA,2025-06-11,25.622,25.95,25.21
BLWA,2025-06-12,26.2575609756098,26.37,25.97
BLWA,2025-06-13,26.4758536585366,26.9,26.18
BLWA,2025-06-14,26.4430434782609,26.85,26.33
BLWA,2025-06-15,26.558,27.54,26.37
BLWA,2025-06-16,26.4040425531915,26.75,26.23
BLWA,2025-06-17,26.5920512820513,26.71,26.32
BLWA,2025-06-18,26.9215,27.09,26.7
BLWA,2025-06-19,23.115,23.35,22.88
BLWA,2025-06-24,27.2661764705882,27.34,27.11
BLWA,2025-06-25,27.7568888888889,27.95,27.27
BLWA,2025-06-26,28.4113333333333,28.69,27.93
BLWA,2025-06-27,28.5395454545455,28.82,28.38
BLWA,2025-06-28,28.7190243902439,29.14,28.39
BLWA,2025-06-29,28.915,29.31,28.43
BLWA,2025-06-30,29.1004166666667,29.47,28.85
BLWA,2025-07-01,29.1474468085106,29.55,28.88
BLWA,2025-07-02,29.0097826086957,29.61,28.54
BLWA,2025-07-03,28.714375,29.22,28.4
BLWA,2025-07-04,28.6045833333333,28.78,28.39
BLWA,2025-07-05,28.6602173913043,29.02,28.4
BLWA,2025-07-06,28.77275,28.96,28.43
BLWA,2025-07-07,29.6447058823529,30.72,28.93
BLWA,2025-07-08,29.8,30.06,29.56
BLWA,2025-07-18,32.3610526315789,33.49,31.57
BLWA,2025-07-19,31.57375,31.92,31.35
BLWA,2025-07-20,32.7255319148936,33.96,31.34
BLWA,2025-07-21,32.8102564102564,35.28,31.83
BLWA,2025-07-22,33.5686111111111,35.92,32.16
BLWA,2025-07-23,33.8946808510638,35.56,32.4
BLWA,2025-07-24,32.9477777777778,33.32,32.66
BLWA,2025-07-25,33.2536956521739,34.39,32.71
BLWA,2025-07-26,32.84125,33.88,32.21
BLWA,2025-07-27,32.64,34.01,32.13
BLWA,2025-07-28,33.3351111111111,34.62,32.12
BLWA,2025-07-29,33.9458333333333,34.7,32.66
BLWA,2025-07-30,33.8708333333333,35.11,32.97
BLWA,2025-07-31,33.6511111111111,35.51,32.91
BLWA,2025-08-01,33.7762222222222,35.74,32.9
BLWA,2025-08-02,33.19875,34.93,32.46
BLWA,2025-08-03,32.9397826086957,33.92,32.47
BLWA,2025-08-04,32.7840425531915,33.49,32.39
BLWA,2025-08-05,32.3127083333333,32.51,32.1
BLWA,2025-08-06,32.0104166666667,32.51,31.3
BLWA,2025-08-07,31.8433333333333,33.3,31.26
BLWA,2025-08-08,32.1902222222222,33.43,31.33
BLWA,2025-08-09,32.2876086956522,33.29,31.55
BLWA,2025-08-10,31.9527083333333,33.05,31.38
BLWA,2025-08-11,31.7439583333333,32.74,31.23
BLWA,2025-08-12,31.7589583333333,32.32,31.23
BLWA,2025-08-13,32.2747916666667,33.08,31.48
BLWA,2025-08-14,32.6636170212766,34.16,31.59
BLWA,2025-08-15,32.3509756097561,33.65,31.59
BLWA,2025-08-16,32.8710869565217,35,31.52
BLWA,2025-08-17,33.5058695652174,35.53,32.24
BLWA,2025-08-18,32.9520454545455,34.91,31.95
BLWA,2025-08-19,33.4512765957447,35.54,31.91
BLWA,2025-08-20,33.5935555555556,34.55,32.22
BLWA,2025-08-21,33.4872727272727,35.87,32.35
BLWA,2025-08-22,32.5885416666667,33.46,31.97
BLWA,2025-08-23,32.2710638297872,32.89,31.71
BLWA,2025-08-24,32.4966666666667,34.03,31.67
BLWA,2025-08-25,32.241875,33.31,31.68
BLWA,2025-08-26,32.0072916666667,32.61,31.52
BLWA,2025-08-27,31.785625,32.48,31.4
BLWA,2025-08-28,31.85125,32.25,31.46
BLWA,2025-08-29,31.258125,31.59,30.95
BLWA,2025-08-30,30.7152083333333,31.32,30.26
BLWA,2025-08-31,30.455,30.94,30.16
BLWA,2025-09-01,30.5606818181818,31.84,30.04
BLWA,2025-09-02,30.4351162790698,31.36,30.03
BLWA,2025-09-03,30.5170833333333,31.57,30
BLWA,2025-09-04,30.8425,32.9,29.99
BLWA,2025-09-05,30.9177777777778,32.82,30.01
BLWA,2025-09-06,31.166,32.46,30.2
BLWA,2025-09-07,30.85125,31.47,30.52
BLWA,2025-09-08,30.5002083333333,31.04,30.08
BLWA,2025-09-09,30.4852083333333,31.51,30.08
BLWA,2025-09-10,30.8952083333333,32.03,30.08
BLWA,2025-09-11,30.656875,31.91,29.99
BLWA,2025-09-12,30.6408333333333,32.27,30
BLWA,2025-09-13,30.5372340425532,31.39,30
BLWA,2025-09-14,30.6070212765957,31.78,29.95
BLWA,2025-09-15,30.821914893617,32.35,29.93
BLWA,2025-09-16,30.9372340425532,32.65,29.96
BLWA,2025-09-17,30.3760465116279,31.33,29.98
BLWA,2025-09-18,30.8478260869565,32.07,29.98
BLWA,2025-09-19,31.1070833333333,32.48,30.22
BLWA,2025-09-20,30.946170212766,32.15,30.35
BLWA,2025-09-21,30.9189361702128,31.86,30.3
BLWA,2025-09-22,30.5208695652174,31.66,30.26
BLWA,2025-09-23,30.5572916666667,31.18,30.28
BLWA,2025-09-24,30.8065957446809,31.68,30.33
BLWA,2025-09-25,30.580625,31.41,30.17
BLWA,2025-09-26,30.3608695652174,31.01,30.08
BLWA,2025-09-27,30.0942553191489,30.91,29.62
BLWA,2025-09-28,29.7366666666667,30.52,29.19
BLWA,2025-09-29,29.5283333333333,30.17,29.07
BLWA,2025-09-30,29.433829787234,30.16,29.06
BLWA,2025-10-01,29.6704166666667,30.38,29.06
BLWA,2025-10-02,29.6760416666667,30.16,29.28
BLWA,2025-10-03,29.4721428571429,30.2,29.19
BLWA,2025-10-04,28.969375,29.32,28.51
BLWA,2025-10-05,28.4627659574468,29.14,28.1
BLWA,2025-10-06,28.33,28.61,28.14
BLWA,2025-10-07,28.0541666666667,28.36,27.8
BLWA,2025-10-08,28.3275,29.54,27.79
BLWA,2025-10-09,28.19875,28.69,27.82
BLWA,2025-10-10,28.2879166666667,29.23,27.86
BLWA,2025-10-11,28.1568085106383,28.81,27.86
BLWA,2025-10-12,27.9854166666667,28.42,27.59
BLWA,2025-10-13,27.715,28.62,27.05
BLWA,2025-10-14,27.1466666666667,27.94,26.56
BLWA,2025-10-15,26.5827083333333,27.16,26.16
BLWA,2025-10-16,26.670652173913,28.09,25.84
BLWA,2025-10-17,26.3789130434783,27.17,25.72
BLWA,2025-10-18,26.35,27.49,25.64
BLWA,2025-10-19,26.0375,26.72,25.72
BLWA,2025-10-20,25.7302083333333,26.6,25.13
BLWA,2025-10-21,25.1482608695652,25.76,24.74
BLWA,2025-10-22,24.9991489361702,26.2,24.58
BLWA,2025-10-23,24.678085106383,25.47,24.2
BLWA,2025-10-24,24.5995652173913,25.9,23.91
BLWA,2025-10-25,24.4935416666667,25.5,23.74
BLWA,2025-10-26,23.7755555555556,24.29,23.58
BLWA,2025-10-27,23.3064583333333,23.59,22.96
BLWA,2025-10-28,22.7772916666667,23,22.61
BLWA,2025-10-29,22.49375,22.61,22.36
BLWA,2025-10-31,21.008125,21.3,20.81
BLWA,2025-11-01,20.9639583333333,21.84,20.42
BLWA,2025-11-02,20.5753191489362,21.2,20.31
BLWA,2025-11-03,20.2120833333333,20.94,19.84
BLWA,2025-11-04,19.8685416666667,20.38,19.46
BLWA,2025-11-05,20.2527083333333,21.76,19.36
BLWA,2025-11-06,20.189347826087,21.63,19.33
BLWA,2025-11-07,19.6548780487805,20.78,19.31
BLWA,2025-11-08,19.715,20.33,19.38
BLWA,2025-11-09,19.8497872340426,20.38,19.53
BLWA,2025-11-10,19.528125,20.27,18.99
BLWA,2025-11-11,18.7272916666667,19.1,18.41
BLWA,2025-11-12,18.3464583333333,19.15,17.84
BLWA,2025-11-13,18.3462222222222,19.39,17.84
BLWA,2025-11-14,18.465,19.33,18.08
BLWA,2025-11-15,18.7439024390244,19.72,18.13
BLWA,2025-11-16,18.7856818181818,19.62,18.41
BLWA,2025-11-17,19.1427083333333,19.83,18.68
BLWA,2025-11-18,19.1070212765957,20.05,18.66
BLWA,2025-11-19,19.2447826086957,20.51,18.79
BLWA,2025-11-20,19.4185714285714,20.3,18.83
BLWA,2025-11-21,19.3693181818182,20.84,18.75
BLWA,2025-11-22,18.8189583333333,19.03,18.73
BLWA,2025-11-23,18.8732608695652,19.88,18.63
BLWA,2025-11-24,18.4860416666667,18.77,18.19
BLWA,2025-11-25,18.4154347826087,19.2,18.16
BLWA,2025-11-26,18.451875,18.74,18.26
BLWA,2025-11-27,18.011875,18.34,17.61
BLWA,2025-11-28,17.4854166666667,17.83,17.14
BLWA,2025-11-29,16.9720833333333,17.41,16.6
BLWA,2025-11-30,16.5054166666667,16.8,16.35
BLWA,2025-12-01,16.2141666666667,16.38,16
BLWA,2025-12-02,15.8420833333333,15.98,15.6
BLWA,2025-12-03,15.3789583333333,15.58,15.19
BLWA,2025-12-04,15.4397872340426,15.8,15.24
BLWA,2025-12-05,15.4783333333333,15.73,15.21
BLWA,2025-12-06,14.9060416666667,15.18,14.77
BLWA,2025-12-07,14.8845833333333,15.05,14.75
BLWA,2025-12-08,14.7989583333333,14.87,14.69
BLWA,2025-12-09,14.720625,14.81,14.67
BLWA,2025-12-10,14.8522916666667,15.4,14.41
BLWA,2025-12-11,14.304375,14.84,13.74
BLWA,2025-12-12,14.0259574468085,14.59,13.72
BLWA,2025-12-13,14.2484090909091,15.59,13.76
BLWA,2025-12-14,14.6461363636364,15.14,14.01
BLWA,2025-12-15,13.9225,14.37,13.51
BLWA,2025-12-16,13.4636956521739,14.1,13.08
BLWA,2025-12-17,13.7178260869565,14.88,13.29
BLWA,2025-12-18,13.6317777777778,14.87,13.2
BLWA,2025-12-19,13.4175,13.87,13.15
BLWA,2025-12-20,13.30875,13.81,13.08
BLWA,2025-12-21,13.3075,14.03,12.79
BLWA,2025-12-22,12.69375,13.21,12.47
BLWA,2025-12-23,12.5591666666667,13.02,12.35
BLWA,2025-12-24,12.6481578947368,13.7,12.42
BLWA,2025-12-25,12.9847619047619,15.63,12.46
BLWA,2025-12-26,13.2831707317073,15.63,12.5
BLWA,2025-12-27,13.0681395348837,13.91,12.69
BLWA,2025-12-28,13.5114705882353,14.78,13.05
BLWA,2025-12-29,13.6940425531915,14.52,13.33
BLWA,2025-12-30,13.195833333333301,13.63,12.74
BLWA,2025-12-31,12.6202083333333,13.2,12.19
BLWA,2026-01-01,12.7013043478261,13.45,12.15
CRAM,2017-09-11,17.65875,18.4,17.19
CRAM,2017-09-12,17.9923913043478,18.62,17.13
CRAM,2017-09-13,18.8193617021277,19.56,17.8
CRAM,2017-09-14,19.395,20.21,18.34
CRAM,2017-09-15,20.1627027027027,20.66,19.37
CRAM,2017-09-16,20.740625,21.29,19.94
CRAM,2017-09-17,21.0552083333333,21.67,20.43
CRAM,2017-09-18,20.3379166666667,20.95,19.59
CRAM,2017-09-19,19.3029166666667,19.59,18.86
CRAM,2017-09-20,19.4591666666667,20.04,18.78
CRAM,2017-09-21,18.7997916666667,18.98,18.44
CRAM,2017-09-22,19.5860416666667,20.22,18.4
CRAM,2017-09-23,19.4976086956522,19.85,18.88
CRAM,2017-09-24,20.4451111111111,20.94,19.28
CRAM,2017-09-25,21.2283333333333,21.97,20.52
CRAM,2017-09-26,21.2225,21.54,20.86
CRAM,2017-09-27,20.555,21.12,19.47
CRAM,2017-09-28,18.9558695652174,19.45,18.41
CRAM,2017-09-29,18.30125,18.54,17.95
CRAM,2017-09-30,17.7277083333333,18.08,17.15
CRAM,2017-10-01,17.1704166666667,17.6,16.82
CRAM,2017-10-02,16.8147916666667,17.12,16.46
CRAM,2017-10-03,16.6466666666667,16.86,16.38
CRAM,2017-10-04,16.830625,17.24,16.48
CRAM,2017-10-05,16.3741666666667,16.7,15.97
CRAM,2017-10-06,15.8754166666667,16.03,15.63
CRAM,2017-10-07,15.8858333333333,16.12,15.58
CRAM,2017-10-08,15.5775,15.78,15.29
CRAM,2017-10-09,15.7259574468085,16.15,15.24
CRAM,2017-10-10,15.3952083333333,15.84,14.99
CRAM,2017-10-11,14.9908333333333,15.48,14.52
CRAM,2017-10-12,14.5989583333333,14.95,14.34
CRAM,2017-10-13,14.148958333333301,14.33,13.98
CRAM,2017-10-14,13.870625,14.14,13.47
CRAM,2017-10-15,13.4070833333333,13.59,13.07
CRAM,2017-10-16,12.8310416666667,13.07,12.45
CRAM,2017-10-17,12.4508333333333,12.74,12.18
CRAM,2017-10-18,12.3958333333333,12.6,12.13
CRAM,2017-10-19,12.36875,12.81,12
CRAM,2017-10-20,12.02,12.23,11.84
CRAM,2017-10-21,12.34625,12.85,11.8
CRAM,2017-10-22,12.499375,12.68,12.11
CRAM,2017-10-23,12.330625,12.61,12
CRAM,2017-10-24,12.058125,12.32,11.86
CRAM,2017-10-25,11.4135416666667,11.85,10.92
CRAM,2017-10-26,10.7204166666667,11.1,10.31
CRAM,2017-10-27,10.1214583333333,10.3,9.92
CRAM,2017-10-28,9.50895833333333,9.91,9.03
CRAM,2017-10-29,8.85208333333333,9.07,8.56
CRAM,2017-10-30,8.30770833333333,8.56,8.06
CRAM,2017-10-31,7.83145833333333,8.09,7.51
CRAM,2017-11-01,7.27854166666667,7.48,6.97
CRAM,2017-11-02,6.79729166666667,6.99,6.57
CRAM,2017-11-03,6.49541666666667,6.58,6.35
CRAM,2017-11-04,6.22791666666667,6.4,5.96
CRAM,2017-11-05,5.79104166666667,5.94,5.71
CRAM,2017-11-06,5.613125,5.71,5.43
CRAM,2017-11-07,5.28395833333333,5.5,5.02
CRAM,2017-11-08,4.85708333333333,5.07,4.57
CRAM,2017-11-09,4.45,4.6,4.22
CRAM,2017-11-10,3.75979166666667,4.18,3.26
CRAM,2017-11-11,3.16729166666667,3.47,2.76
CRAM,2017-11-12,2.72708333333333,2.8,2.64
CRAM,2018-05-25,20.0813793103448,20.54,19.29
CRAM,2018-05-26,20.5202222222222,21.15,19.78
CRAM,2018-05-27,21.6997297297297,22.67,20.43
CRAM,2018-05-28,22.7824390243902,23.5,21.52
CRAM,2018-05-29,23.8271111111111,25.01,22.58
CRAM,2018-05-30,24.6058139534884,25.61,23.25
CRAM,2018-05-31,24.2627083333333,24.63,23.65
CRAM,2018-06-01,23.6806382978723,24.48,22.43
CRAM,2018-06-02,21.6875,22.41,20.29
CRAM,2018-06-03,20.7341666666667,21.41,20.11
CRAM,2018-06-04,19.7441666666667,20.3,18.74
CRAM,2018-06-05,18.9285416666667,19.4,18.21
CRAM,2018-06-06,19.2110416666667,20.13,18.18
CRAM,2018-06-07,18.5275,18.78,18.17
CRAM,2018-06-08,19.6260465116279,20.78,18.19
CRAM,2018-06-09,19.6064583333333,19.99,19.07
CRAM,2018-06-10,19.5389583333333,19.97,19.02
CRAM,2018-06-11,20.1241666666667,20.9,19.14
CRAM,2018-06-12,20.5170833333333,21.14,19.64
CRAM,2018-06-13,20.8347916666667,21.41,20.28
CRAM,2018-06-14,21.146875,21.79,20.4
CRAM,2018-06-15,22.01075,23.2,20.87
CRAM,2018-06-16,20.6427083333333,21.58,20.1
CRAM,2018-06-17,20.4908333333333,20.7,20.12
CRAM,2018-06-18,21.4707317073171,22,20.46
CRAM,2018-06-19,22.675,23.7,21.55
CRAM,2018-06-20,22.9577083333333,23.95,22.08
CRAM,2018-06-21,23.44375,24.64,22.44
CRAM,2018-06-22,23.7175,24.83,22.62
CRAM,2018-06-23,24.4660416666667,25.91,22.99
CRAM,2018-06-24,24.39375,26.26,23.52
CRAM,2018-06-25,23.9480434782609,24.9,22.93
CRAM,2018-06-26,23.9125,24.97,22.83
CRAM,2018-06-27,23.5739583333333,24.08,23.06
CRAM,2018-06-28,23.53,23.96,23.13
CRAM,2018-06-29,24.4846808510638,25.44,23.31
CRAM,2018-06-30,25.2877083333333,25.94,24.3
CRAM,2018-07-01,25.7731914893617,26.92,25.18
CRAM,2018-07-02,25.1375,25.85,24.19
CRAM,2018-07-03,24.9266666666667,25.52,24.17
CRAM,2018-07-04,25.3217021276596,25.87,24.79
CRAM,2018-07-05,25.3964444444444,26.01,24.88
CRAM,2018-07-06,25.29875,25.88,24.57
CRAM,2018-07-07,25.4640425531915,26.18,24.55
CRAM,2018-07-08,25.2072093023256,26.28,24.43
CRAM,2018-07-09,25.218,25.92,24.38
CRAM,2018-07-10,25.5714583333333,26.26,25.06
CRAM,2018-07-11,25.8816666666667,26.8,25.12
CRAM,2018-07-12,25.2666666666667,25.65,24.63
CRAM,2018-07-13,24.5566666666667,24.84,24.35
CRAM,2018-07-14,24.5514583333333,24.87,24.32
CRAM,2018-07-15,25.4670833333333,26.38,24.33
CRAM,2018-07-16,26.0720454545455,26.87,25.42
CRAM,2018-07-17,25.516875,26.08,24.75
CRAM,2018-07-18,25.00875,25.75,24.36
CRAM,2018-07-19,25.0172340425532,26.01,24.31
CRAM,2018-07-20,25.0934042553192,25.74,24.51
CRAM,2018-07-21,24.0241666666667,24.59,23.29
CRAM,2018-07-22,22.9325,23.27,22.39
CRAM,2018-07-23,23.1247916666667,24.26,22.34
CRAM,2018-07-24,23.8347826086957,25.22,22.53
CRAM,2018-07-25,23.9075,24.68,23.25
CRAM,2018-07-26,23.6447916666667,24.16,23
CRAM,2018-07-27,22.7841666666667,23.15,22.24
CRAM,2018-07-28,22.215,22.57,21.74
CRAM,2018-07-29,22.3739583333333,23,21.72
CRAM,2018-07-30,22.9216666666667,23.9,22.03
CRAM,2018-07-31,23.46,24.43,22.56
CRAM,2018-08-01,24.0827272727273,24.87,23.12
CRAM,2018-08-02,23.3477083333333,23.87,22.35
CRAM,2018-08-03,22.1604166666667,22.42,21.67
CRAM,2018-08-04,22.03875,22.57,21.63
CRAM,2018-08-05,22.0566666666667,22.66,21.64
CRAM,2018-08-06,22.6184782608696,23.23,21.63
CRAM,2018-08-07,22.99125,23.7,22.48
CRAM,2018-08-08,23.2989583333333,24.13,22.44
CRAM,2018-08-09,23.5454347826087,24.16,22.83
CRAM,2018-08-10,24.2610869565217,25.87,23.3
CRAM,2018-08-11,24.5070833333333,25.16,23.87
CRAM,2018-08-12,25.2233333333333,26.19,24.16
CRAM,2018-08-13,25.75625,27.31,24.71
CRAM,2018-08-14,25.9229787234043,26.67,25.12
CRAM,2018-08-15,25.6277083333333,26.02,25.12
CRAM,2018-08-16,25.2429166666667,25.63,24.93
CRAM,2018-08-17,25.1706382978723,25.73,24.7
CRAM,2018-08-18,24.9166666666667,25.42,24.41
CRAM,2018-08-19,24.741875,25.62,24.23
CRAM,2018-08-20,24.5966666666667,25.23,24.17
CRAM,2018-08-21,24.3616666666667,24.89,23.79
CRAM,2018-08-22,23.345625,23.75,22.66
CRAM,2018-08-23,22.7485416666667,23.17,22.28
CRAM,2018-08-24,22.5978723404255,23.12,22.2
CRAM,2018-08-25,21.9202083333333,22.27,21.63
CRAM,2018-08-26,21.8160416666667,22,21.62
CRAM,2018-08-27,22.219375,22.83,21.56
CRAM,2018-08-28,22.245625,22.74,21.95
CRAM,2018-08-29,21.8370833333333,22.17,21.32
CRAM,2018-08-30,21.0952083333333,21.44,20.51
CRAM,2018-08-31,20.86,21.42,20.36
CRAM,2018-09-01,20.9783333333333,21.5,20.31
CRAM,2018-09-02,21.568125,22.22,20.88
CRAM,2018-09-03,21.6647916666667,21.96,21.26
CRAM,2018-09-04,21.96125,22.64,21.22
CRAM,2018-09-05,21.6377083333333,21.8,21.5
CRAM,2018-09-06,21.1904166666667,21.53,20.54
CRAM,2018-09-07,21.0289583333333,21.78,20.49
CRAM,2018-09-08,20.7922916666667,21.48,20.17
CRAM,2018-09-09,20.394375,21.15,19.74
CRAM,2018-09-10,20.0279166666667,20.66,19.53
CRAM,2018-09-11,19.9952083333333,20.58,19.46
CRAM,2018-09-12,20.3382978723404,21.27,19.67
CRAM,2018-09-13,20.3729166666667,20.95,19.71
CRAM,2018-09-14,20.67625,21.34,20.06
CRAM,2018-09-15,21.31875,22.27,20.34
CRAM,2018-09-16,22.11875,23.14,21.37
CRAM,2018-09-17,22.5477083333333,23.44,21.86
CRAM,2018-09-18,22.0872916666667,22.84,21.37
CRAM,2018-09-19,20.894375,21.34,20.31
CRAM,2018-09-20,20.0075,20.29,19.69
CRAM,2018-09-21,19.3454166666667,19.68,19.02
CRAM,2018-09-22,18.444375,19,17.79
CRAM,2018-09-23,17.749375,18.03,17.42
CRAM,2018-09-24,17.594375,18.04,17.19
CRAM,2018-09-25,17.3639583333333,17.67,17.13
CRAM,2018-09-26,17.0389361702128,17.3,16.6
CRAM,2018-09-27,16.3139583333333,16.64,15.85
CRAM,2018-09-28,15.6629166666667,15.86,15.31
CRAM,2018-09-29,15.0166666666667,15.31,14.49
CRAM,2018-09-30,14.1922916666667,14.49,13.8
CRAM,2018-10-01,13.795625,14.21,13.48
CRAM,2018-10-02,13.35125,13.56,13.08
CRAM,2018-10-03,13.1660416666667,13.31,13.02
CRAM,2018-10-04,13.154375,13.55,12.94
CRAM,2018-10-05,12.7639583333333,13.13,12.27
CRAM,2018-10-06,11.959375,12.24,11.78
CRAM,2018-10-07,11.7929268292683,11.95,11.64
CRAM,2019-04-28,5.18,5.28,5.09
CRAM,2019-04-29,6.578,7.04,6.18
CRAM,2019-04-30,5.86309523809524,6.14,5.62
CRAM,2019-05-01,5.57041666666667,5.77,5.23
CRAM,2019-05-02,5.318125,5.45,5.19
CRAM,2019-05-03,5.43553191489362,5.66,5.27
CRAM,2019-05-04,7.25648648648649,8.32,5.43
CRAM,2019-05-05,8.50375,9.14,6.19
CRAM,2019-05-06,9.25333333333333,9.89,8.68
CRAM,2019-05-07,9.70325,10.47,9.13
CRAM,2019-05-08,11.1613043478261,12.71,9.24
CRAM,2019-05-09,9.72145833333333,10.45,8.74
CRAM,2019-05-10,8.41208333333333,8.76,7.9
CRAM,2019-05-11,8.22170212765957,8.45,7.92
CRAM,2019-05-12,9.61933333333333,10.5,8.18
CRAM,2019-05-13,11.1767391304348,12.13,9.48
CRAM,2019-05-14,11.9422727272727,13.35,10.68
CRAM,2019-05-15,12.7378947368421,13.64,10.71
CRAM,2019-05-16,14.706511627907,16.12,12.74
CRAM,2019-05-17,14.8394117647059,15.51,14.16
CRAM,2019-05-18,15.1182978723404,16.18,14.14
CRAM,2019-05-19,13.2129166666667,14.54,11.91
CRAM,2019-05-20,11.0741666666667,11.89,10.46
CRAM,2019-05-21,11.4467391304348,12.23,10.45
CRAM,2019-05-22,12.4041666666667,13.16,11.25
CRAM,2019-05-23,11.9779166666667,12.1,11.8
CRAM,2019-05-24,11.8910416666667,12.07,11.72
CRAM,2019-05-25,11.9423404255319,12.05,11.71
CRAM,2019-05-26,13.0816666666667,13.47,12.04
CRAM,2019-05-27,15.3625,17.06,13.24
CRAM,2019-05-28,14.477083333333301,15.11,13.74
CRAM,2019-05-29,14.2464583333333,14.97,13.7
CRAM,2019-05-30,15.59,16.73,13.88
CRAM,2019-05-31,17.2211111111111,18.29,15.85
CRAM,2019-06-01,17.7994285714286,18.68,16.9
CRAM,2019-06-02,17.9968292682927,18.9,17.28
CRAM,2019-06-03,17.7748936170213,18.7,17.04
CRAM,2019-06-04,17.101875,17.34,16.6
CRAM,2019-06-05,18.2339024390244,19.25,16.58
CRAM,2019-06-06,19.2254347826087,20.14,18.62
CRAM,2019-06-07,20.4762222222222,21.71,18.61
CRAM,2019-06-08,22.4316666666667,23.41,20.68
CRAM,2019-06-09,23.1370212765957,24.22,22
CRAM,2019-06-10,22.1652083333333,23.34,20.59
CRAM,2019-06-11,20.8289583333333,21.49,20.08
CRAM,2019-06-12,20.6765909090909,21.23,20.06
CRAM,2019-06-13,20.0054166666667,20.54,19.08
CRAM,2019-06-14,19.4746808510638,19.96,18.96
CRAM,2019-06-15,18.61125,18.91,18.16
CRAM,2019-06-16,19.2013636363636,20.39,18.13
CRAM,2019-06-17,19.565,20.64,18.59
CRAM,2019-06-18,20.2612765957447,20.99,19.07
CRAM,2019-06-19,20.2174468085106,20.81,19.69
CRAM,2019-06-20,20.7364583333333,21.72,19.71
CRAM,2019-06-21,20.7893617021277,21.54,20.08
CRAM,2019-06-22,21.3854347826087,22.54,20.21
CRAM,2019-06-23,21.4545833333333,22.37,20.39
CRAM,2019-06-24,20.7977083333333,21.05,20.37
CRAM,2019-06-25,20.4322916666667,20.83,19.95
CRAM,2019-06-26,20.6228260869565,21.18,19.96
CRAM,2019-06-27,21.3569565217391,22.17,20.37
CRAM,2019-06-28,22.305,22.97,21.4
CRAM,2019-06-29,23.4212195121951,25.24,22.18
CRAM,2019-06-30,24.4972916666667,25.67,23.27
CRAM,2019-07-01,23.7674468085106,24.22,23.26
CRAM,2019-07-02,23.3602083333333,23.64,23.03
CRAM,2019-07-03,24.1078723404255,25.17,23.01
CRAM,2019-07-04,25.6132558139535,27.37,23.97
CRAM,2019-07-05,25.2473913043478,25.84,24.74
CRAM,2019-07-06,25.4222222222222,26.59,24.69
CRAM,2019-07-07,25.5204166666667,26.69,24.56
CRAM,2019-07-08,24.9779166666667,25.74,24.22
CRAM,2019-07-09,25.2628260869565,26.53,24.19
CRAM,2019-07-10,25.603125,26.42,24.79
CRAM,2019-07-11,25.2920833333333,25.86,24.41
CRAM,2019-07-12,24.7772916666667,25.44,24.1
CRAM,2019-07-13,24.6604255319149,25.16,24.05
CRAM,2019-07-14,24.9495833333333,25.82,24.33
CRAM,2019-07-15,25.3747826086957,26.14,24.3
CRAM,2019-07-16,25.56,26.56,25.07
CRAM,2019-07-17,25.8275,26.5,25.19
CRAM,2019-07-18,25.975625,26.68,25.41
CRAM,2019-07-19,25.3833333333333,25.61,25.19
CRAM,2019-07-20,25.9578260869565,27.02,25.22
CRAM,2019-07-21,25.1877083333333,25.51,24.52
CRAM,2019-07-22,24.8752083333333,25.62,24.16
CRAM,2019-07-23,24.3723404255319,24.76,23.81
CRAM,2019-07-24,24.3039583333333,24.97,23.76
CRAM,2019-07-25,24.8120833333333,25.71,23.9
CRAM,2019-07-26,24.9860869565217,25.8,24.39
CRAM,2019-07-27,24.4333333333333,24.93,24.02
CRAM,2019-07-28,24.5029166666667,24.96,24.01
CRAM,2019-07-29,24.7352083333333,25.26,24.17
CRAM,2019-07-30,24.0885416666667,24.46,23.46
CRAM,2019-07-31,23.589375,24.01,23.01
CRAM,2019-08-01,23.8614583333333,25,22.99
CRAM,2019-08-02,24.0854166666667,24.86,23.25
CRAM,2019-08-03,24.5927659574468,25.44,23.81
CRAM,2019-08-04,25.2382978723404,26.21,24.35
CRAM,2019-08-05,25.73625,26.69,24.73
CRAM,2019-08-06,25.2108333333333,25.66,24.52
CRAM,2019-08-07,25.02125,25.56,24.49
CRAM,2019-08-08,24.739375,25.13,24.16
CRAM,2019-08-09,24.150625,24.63,23.48
CRAM,2019-08-10,23.64125,24.13,23.2
CRAM,2019-08-11,24.0627083333333,25.01,23.17
CRAM,2019-08-12,24.4615217391304,25.22,23.68
CRAM,2019-08-13,24.668125,25.62,23.83
CRAM,2019-08-14,23.390625,23.78,22.73
CRAM,2019-08-15,23.2539583333333,24.19,22.67
CRAM,2019-08-16,23.1245833333333,23.93,22.6
CRAM,2019-08-17,22.4920833333333,22.85,22.14
CRAM,2019-08-18,23.0539583333333,23.91,22.11
CRAM,2019-08-19,22.4591666666667,22.76,21.84
CRAM,2019-08-20,22.2779166666667,22.91,21.77
CRAM,2019-08-21,22.3402083333333,22.78,21.89
CRAM,2019-08-22,22.1597872340426,22.55,21.7
CRAM,2019-08-23,21.7345833333333,22.12,21.18
CRAM,2019-08-24,21.7397916666667,22.52,21.1
CRAM,2019-08-25,21.5235416666667,22.3,20.99
CRAM,2019-08-26,21.2425,21.68,20.94
CRAM,2019-08-27,20.8110416666667,21.01,20.5
CRAM,2019-08-28,20.4035416666667,20.82,19.85
CRAM,2019-08-29,19.3816666666667,19.83,18.87
CRAM,2019-08-30,18.730625,18.97,18.3
CRAM,2019-08-31,18.581914893617,18.98,18.25
CRAM,2019-09-01,18.6102083333333,19.07,18.25
CRAM,2019-09-02,18.5497826086957,18.91,18.26
CRAM,2019-09-03,18.8036842105263,19.61,18.33
CRAM,2019-09-04,18.143125,18.31,17.82
CRAM,2019-09-05,18.2664583333333,18.83,17.79
CRAM,2019-09-06,17.844375,18,17.65
CRAM,2019-09-07,17.718125,18.05,17.48
CRAM,2019-09-08,17.5354166666667,17.87,17.21
CRAM,2019-09-09,17.2014583333333,17.39,16.91
CRAM,2019-09-10,17.0733333333333,17.35,16.86
CRAM,2019-09-11,17.5186956521739,17.98,16.9
CRAM,2019-09-12,17.2454166666667,17.63,16.73
CRAM,2019-09-13,16.4120833333333,16.71,16.13
CRAM,2019-09-14,16.2552083333333,16.63,15.91
CRAM,2019-09-15,16.4914583333333,17.03,15.88
CRAM,2019-09-16,16.9947916666667,17.34,16.52
CRAM,2019-09-17,18.1583333333333,18.98,16.98
CRAM,2019-09-18,18.641875,19.07,18.14
CRAM,2019-09-19,18.8002083333333,19.16,18.09
CRAM,2019-09-20,19.3385416666667,19.86,18.81
CRAM,2019-09-21,20.3477083333333,20.98,19.43
CRAM,2019-09-22,20.4664583333333,20.73,20.24
CRAM,2019-09-23,19.815,20.2,19.16
CRAM,2019-09-24,19.161875,19.59,18.65
CRAM,2019-09-25,19.1602083333333,19.8,18.56
CRAM,2019-09-26,18.6204166666667,19.08,17.88
CRAM,2019-09-27,17.7716666666667,18.22,17.36
CRAM,2019-09-28,17.0639583333333,17.33,16.68
CRAM,2019-09-29,16.6785416666667,17.17,16.15
CRAM,2019-09-30,15.8241666666667,16.11,15.57
CRAM,2019-10-01,15.9882978723404,16.41,15.49
CRAM,2019-10-02,15.9864583333333,16.33,15.53
CRAM,2019-10-03,15.0425,15.49,14.57
CRAM,2019-10-04,14.4379166666667,14.62,14.13
CRAM,2019-10-05,13.8995833333333,14.12,13.52
CRAM,2019-10-06,13.2617021276596,13.52,12.97
CRAM,2019-10-07,12.9547916666667,13.25,12.66
CRAM,2019-10-08,12.7191666666667,12.94,12.47
CRAM,2019-10-09,12.7304166666667,13.11,12.43
CRAM,2019-10-10,12.742708333333301,13.07,12.42
CRAM,2019-10-11,12.7702083333333,12.87,12.56
CRAM,2019-10-12,12.5191666666667,12.92,11.87
CRAM,2019-10-13,11.3466666666667,11.84,10.88
CRAM,2019-10-14,10.570833333333301,10.86,10.19
CRAM,2019-10-15,10.0904166666667,10.36,9.82
CRAM,2019-10-16,9.575,9.79,9.34
CRAM,2019-10-17,9.27708333333333,9.39,9.14
CRAM,2019-10-18,9.208125,9.57,8.91
CRAM,2019-10-19,8.980625,9.18,8.84
CRAM,2019-10-20,8.89458333333333,8.94,8.83
CRAM,2019-10-21,9.17875,9.49,8.82
CRAM,2019-10-22,9.05510638297872,9.16,8.95
CRAM,2019-10-23,8.84708333333333,8.98,8.65
CRAM,2019-10-24,8.515,8.7,8.33
CRAM,2019-10-25,8.19333333333333,8.35,7.96
CRAM,2019-10-26,7.90583333333333,8.24,7.62
CRAM,2019-10-27,7.68020833333333,7.83,7.5
CRAM,2019-10-28,7.480625,7.68,7.35
CRAM,2019-10-29,7.303125,7.53,7.11
CRAM,2019-10-30,7.02229166666667,7.34,6.71
CRAM,2019-10-31,6.596875,6.8,6.35
CRAM,2019-11-01,6.10958333333333,6.34,5.8
CRAM,2019-11-02,5.66270833333333,5.79,5.49
CRAM,2019-11-03,5.27395833333333,5.49,5.03
CRAM,2019-11-04,5.14708333333333,5.32,5.01
CRAM,2021-05-27,17.648275862069,18.57,16.81
CRAM,2021-05-28,16.02875,16.74,14.92
CRAM,2021-05-29,15.5464583333333,16.61,14.78
CRAM,2021-05-30,16.5479166666667,18.29,14.94
CRAM,2021-05-31,15.6472916666667,16,15.19
CRAM,2021-06-01,16.3120833333333,17.61,15.17
CRAM,2021-06-02,18.5271428571429,20.52,15.81
CRAM,2021-06-03,18.358,18.65,18.24
CRAM,2021-06-04,18.9354545454545,19.5,18.4
CRAM,2021-06-05,20.8425581395349,22.54,18.43
CRAM,2021-06-06,22.4990243902439,23.87,20.5
CRAM,2021-06-07,23.26,24.53,22.21
CRAM,2021-06-08,24.7246666666667,25.85,22.66
CRAM,2021-06-09,25.8635416666667,27.41,24.6
CRAM,2021-06-10,27.0283333333333,28.79,24.99
CRAM,2021-06-11,26.1142553191489,27.55,24.94
CRAM,2021-06-12,26.23875,27.53,24.88
CRAM,2021-06-13,25.5992307692308,26.6,24.65
CRAM,2021-06-14,24.9536956521739,25.88,23.79
CRAM,2021-06-15,23.8892857142857,24.21,23.76
CRAM,2021-06-16,23.8905,25.13,22.8
CRAM,2021-06-17,23.9097826086957,25.35,22.78
CRAM,2021-06-18,24.1668085106383,25.79,23.23
CRAM,2021-06-19,23.8595833333333,24.49,23.08
CRAM,2021-06-20,23.4935416666667,24.46,22.7
CRAM,2021-06-21,22.21875,23.04,21.12
CRAM,2021-06-22,20.8304166666667,21.41,20.09
CRAM,2021-06-23,20.3864583333333,21.07,19.79
CRAM,2021-06-24,21.078125,22.41,19.76
CRAM,2021-06-25,21.38,21.78,20.55
CRAM,2021-06-26,22.873125,24.56,21
CRAM,2021-06-27,22.39625,22.7,21.9
CRAM,2021-06-28,22.6422916666667,24.16,21.86
CRAM,2021-06-29,23.03875,24.28,22.04
CRAM,2021-06-30,23.1647916666667,23.92,22.6
CRAM,2021-07-01,23.7739583333333,24.86,22.59
CRAM,2021-07-02,23.8658333333333,24.96,23.01
CRAM,2021-07-03,24.2631914893617,25.75,22.95
CRAM,2021-07-04,24.9379166666667,25.94,23.6
CRAM,2021-07-05,25.6002083333333,26.66,24.54
CRAM,2021-07-06,26.1154166666667,26.77,25.17
CRAM,2021-07-07,24.8195833333333,25.68,23.57
CRAM,2021-07-08,22.9204166666667,23.52,22.06
CRAM,2021-07-09,23.0233333333333,24.67,22.02
CRAM,2021-07-10,23.7595833333333,25.51,22.12
CRAM,2021-07-11,24.3227083333333,26.66,22.73
CRAM,2021-07-12,24.6347916666667,26.06,23.2
CRAM,2021-07-13,24.6481578947368,25.95,23.84
CRAM,2021-07-14,24.8117391304348,26.51,24.06
CRAM,2021-07-15,24.6405128205128,25.95,23.93
CRAM,2021-07-16,24.2775,24.91,23.87
CRAM,2021-07-17,25.2928947368421,27.17,23.84
CRAM,2021-07-18,25.9047619047619,27.61,24.34
CRAM,2021-07-19,26.050243902439,27.71,24.85
CRAM,2021-07-20,25.575625,26.61,24.98
CRAM,2021-07-21,24.7889583333333,25.4,23.87
CRAM,2021-07-22,24.0687096774194,24.54,23.78
CRAM,2021-07-23,24.104375,24.89,23.65
CRAM,2021-07-24,24.83,25.55,24
CRAM,2021-07-25,24.7212121212121,25.44,24.33
CRAM,2021-07-26,24.6597058823529,25.29,24.32
CRAM,2021-07-27,24.9859259259259,26.29,24.34
CRAM,2021-07-28,25.8497674418605,27.29,24.56
CRAM,2021-07-29,25.17875,25.96,24.64
CRAM,2021-07-30,25.005625,25.97,24.04
CRAM,2021-07-31,24.7058974358974,25.91,24.02
CRAM,2021-08-01,24.5465,25.34,23.82
CRAM,2021-08-02,23.9758333333333,25.11,23.28
CRAM,2021-08-03,23.629696969697,24.15,23.24
CRAM,2021-08-04,23.8784444444444,24.57,23.31
CRAM,2021-08-05,24.3615384615385,25.35,23.45
CRAM,2021-08-06,23.4380555555556,23.91,23.02
CRAM,2021-08-07,23.3981818181818,24.17,22.99
CRAM,2021-08-08,22.914375,23.11,22.65
CRAM,2021-08-09,22.7018181818182,23.04,22.62
CRAM,2021-08-10,24.505,25.89,23.38
CRAM,2021-08-11,23.910652173913,24.72,23.3
CRAM,2021-08-12,23.5179166666667,23.99,23.02
CRAM,2021-08-13,23.106170212766,23.77,22.56
CRAM,2021-08-14,22.6902083333333,23.22,22.14
CRAM,2021-08-15,23.0254166666667,24.19,22.09
CRAM,2021-08-16,23.403125,24.57,22.45
CRAM,2021-08-17,23.6125531914894,24.8,22.76
CRAM,2021-08-18,23.8920833333333,24.94,22.96
CRAM,2021-08-19,24.5002222222222,25.8,23.33
CRAM,2021-08-20,23.9716666666667,24.16,23.89
CRAM,2021-08-21,24.9917777777778,25.81,24.27
CRAM,2021-08-22,24.3616666666667,25.43,23.5
CRAM,2021-08-23,24.2025,25.48,23.45
CRAM,2021-08-24,24.26625,25.44,23.54
CRAM,2021-08-25,23.8966666666667,24.68,23.54
CRAM,2021-08-26,24.0142553191489,24.5,23.52
CRAM,2021-08-27,23.6177083333333,24.19,22.89
CRAM,2021-08-28,22.5777083333333,22.88,22.38
CRAM,2021-08-29,23.0820833333333,23.67,22.39
CRAM,2021-08-30,22.8239583333333,23.27,22.39
CRAM,2021-08-31,22.61125,23.33,22.15
CRAM,2021-09-01,22.6889583333333,23.68,22.02
CRAM,2021-09-02,22.6325,23.98,21.87
CRAM,2021-09-03,22.4310416666667,23.28,21.84
CRAM,2021-09-04,21.4970833333333,21.82,21.06
CRAM,2021-09-05,20.9933333333333,21.68,20.51
CRAM,2021-09-06,20.4227083333333,20.8,19.92
CRAM,2021-09-07,20.579375,21.68,19.91
CRAM,2021-09-08,20.144375,20.7,19.68
CRAM,2021-09-09,19.7510416666667,20.56,19.35
CRAM,2021-09-10,19.7333333333333,20.5,19.31
CRAM,2021-09-11,19.9047916666667,20.72,19.28
CRAM,2021-09-12,19.715625,20.41,19.4
CRAM,2021-09-13,19.796875,20.78,19.23
CRAM,2021-09-14,19.956875,21.06,19.18
CRAM,2021-09-15,19.0622916666667,19.35,18.64
CRAM,2021-09-16,19.145,20.13,18.6
CRAM,2021-09-17,18.9385416666667,19.6,18.54
CRAM,2021-09-18,18.7264583333333,19.53,18.26
CRAM,2021-09-19,18.7739583333333,19.77,18.25
CRAM,2021-09-20,19.3695833333333,20.23,18.33
CRAM,2021-09-21,19.5735416666667,20.07,19.05
CRAM,2021-09-22,19.1070833333333,19.8,18.55
CRAM,2021-09-23,18.8491666666667,19.93,18.21
CRAM,2021-09-24,18.58,19.65,17.98
CRAM,2021-09-25,17.90125,18.88,17.37
CRAM,2021-09-26,17.3146808510638,17.77,16.96
CRAM,2021-09-27,17.46125,18.48,16.95
CRAM,2021-09-28,17.5260416666667,18.66,16.95
CRAM,2021-09-29,17.551875,18.48,16.93
CRAM,2021-09-30,18.3160416666667,19.74,17.03
CRAM,2021-10-01,18.5752083333333,19.39,17.47
CRAM,2021-10-02,18.8364583333333,19.7,18.07
CRAM,2021-10-03,19.496875,20.35,18.47
CRAM,2021-10-04,18.9783333333333,19.49,18.4
CRAM,2021-10-05,18.2652083333333,18.5,17.97
CRAM,2021-10-06,18.3577083333333,19.12,17.87
CRAM,2021-10-07,18.125625,18.52,17.72
CRAM,2021-10-08,18.30125,18.86,17.69
CRAM,2021-10-09,18.2275,18.71,17.95
CRAM,2021-10-10,18.3525,18.88,17.95
CRAM,2021-10-11,18.1402083333333,18.49,17.72
CRAM,2021-10-12,17.8327083333333,18.33,17.59
CRAM,2021-10-13,17.559375,17.82,17.38
CRAM,2021-10-14,17.2714583333333,17.42,16.94
CRAM,2021-10-15,16.6641666666667,17.15,16.19
CRAM,2021-10-16,15.9479166666667,16.37,15.49
CRAM,2021-10-17,15.0741666666667,15.45,14.61
CRAM,2021-10-18,14.4814583333333,15.02,14.1
CRAM,2021-10-19,14.3916666666667,15.2,14.05
CRAM,2021-10-20,14.3647916666667,14.86,14.02
CRAM,2021-10-21,13.7928571428571,14.08,13.44
CRAM,2021-10-22,13.1660416666667,13.51,12.75
CRAM,2021-10-23,12.6335416666667,13.12,12.24
CRAM,2021-10-24,12.0904166666667,12.44,11.66
CRAM,2021-10-25,11.5910416666667,11.94,11.17
CRAM,2021-10-26,11.008333333333301,11.23,10.64
CRAM,2021-10-27,10.6313636363636,10.95,10.29
CRAM,2021-10-28,10.3414583333333,10.58,10.17
CRAM,2021-10-29,10.174375,10.23,10.13
CRAM,2021-10-30,10.0582978723404,10.13,9.95
CRAM,2021-10-31,10.1404166666667,10.95,9.81
CRAM,2021-11-01,9.57395833333333,9.8,9.22
CRAM,2021-11-02,8.86083333333333,9.21,8.44
CRAM,2021-11-03,8.12729166666667,8.44,7.83
CRAM,2021-11-04,7.675625,7.85,7.44
CRAM,2021-11-05,7.46583333333333,8.01,7.18
CRAM,2021-11-06,7.14729166666667,7.32,6.97
CRAM,2021-11-07,7.17645833333333,7.51,6.96
CRAM,2021-11-08,7.28291666666667,7.53,7
CRAM,2022-05-04,4.8445,5.78,4.31
CRAM,2022-05-05,6.34454545454545,7.63,4.5
CRAM,2022-05-06,8.23392857142857,9.82,6.46
CRAM,2022-05-07,9.5035,11.26,7.72
CRAM,2022-05-08,10.7316279069767,11.96,9.1
CRAM,2022-05-09,9.99461538461538,10.35,9.44
CRAM,2022-05-10,10.1983333333333,10.68,9.52
CRAM,2022-05-11,13.2597222222222,15.01,10.73
CRAM,2022-05-12,14.4229166666667,15.24,12.68
CRAM,2022-05-13,15.5236842105263,16.15,14.87
CRAM,2022-05-14,17.4080952380952,18.72,15.29
CRAM,2022-05-15,18.1878260869565,20.17,17.25
CRAM,2022-05-16,17.6295833333333,18.43,16.86
CRAM,2022-05-17,17.1402083333333,18.05,16.31
CRAM,2022-05-18,17.7885106382979,19.66,16.27
CRAM,2022-05-19,17.280652173913,18.53,16.49
CRAM,2022-05-20,16.9054166666667,17.66,16.5
CRAM,2022-05-21,16.456875,17.13,15.53
CRAM,2022-05-22,15.72,16.35,15.17
CRAM,2022-05-23,14.9522916666667,15.44,14.26
CRAM,2022-05-24,15.381914893617,16.59,14.23
CRAM,2022-05-25,16.145,17.65,14.65
CRAM,2022-05-26,14.935,15.62,14.42
CRAM,2022-05-27,14.3158333333333,14.55,14
CRAM,2022-05-28,15.7278571428571,17.48,14.02
CRAM,2022-05-29,15.2564583333333,15.52,14.92
CRAM,2022-05-30,16.110625,16.72,14.94
CRAM,2022-05-31,17.9144680851064,18.89,16.26
CRAM,2022-06-01,18.0565957446809,19.33,16.98
CRAM,2022-06-02,18.28,19.61,16.98
CRAM,2022-06-03,18.3173913043478,18.89,17.75
CRAM,2022-06-04,17.995,18.61,17.5
CRAM,2022-06-05,18.1333333333333,18.74,17.47
CRAM,2022-06-06,18.669375,20.4,17.75
CRAM,2022-06-07,19.1445652173913,20.91,18.05
CRAM,2022-06-08,19.465,20.68,18.3
CRAM,2022-06-09,19.2264583333333,19.96,18.52
CRAM,2022-06-10,19.3052083333333,19.77,18.53
CRAM,2022-06-11,19.8908333333333,20.55,18.97
CRAM,2022-06-12,19.44375,19.95,18.9
CRAM,2022-06-13,20.0489583333333,21.38,18.88
CRAM,2022-06-14,19.2025,19.44,18.88
CRAM,2022-06-15,20.7241666666667,21.81,18.89
CRAM,2022-06-16,21.7028888888889,23.41,20.35
CRAM,2022-06-17,20.169375,20.68,19.44
CRAM,2022-06-18,20.5002173913043,21.59,19.46
CRAM,2022-06-19,21.1820833333333,22.59,19.79
CRAM,2022-06-20,20.7714583333333,21.26,20.21
CRAM,2022-06-21,23.0441666666667,25.78,20.66
CRAM,2022-06-22,23.8882978723404,25.02,22.65
CRAM,2022-06-23,23.296875,24.18,22.68
CRAM,2022-06-24,24.0835416666667,25.51,22.65
CRAM,2022-06-25,24.77125,26.58,23.6
CRAM,2022-06-26,24.0572916666667,24.76,23.04
CRAM,2022-06-27,22.2933333333333,23.01,21.24
CRAM,2022-06-28,21.8585714285714,22.61,21.17
CRAM,2022-06-29,21.603125,22.19,21.09
CRAM,2022-06-30,21.970625,22.87,21.06
CRAM,2022-07-01,22.2821739130435,24.57,21.34
CRAM,2022-07-02,22.2427083333333,22.74,21.66
CRAM,2022-07-03,22.1866666666667,22.71,21.6
CRAM,2022-07-04,23.0522916666667,24.6,21.69
CRAM,2022-07-05,22.5125,22.69,22.3
CRAM,2022-07-06,22.9417021276596,23.78,22.32
CRAM,2022-07-07,23.00375,24.01,22.36
CRAM,2022-07-08,23.4352173913043,24.5,22.54
CRAM,2022-07-09,23.7802083333333,24.91,22.75
CRAM,2022-07-10,24.2317021276596,25.38,23.03
CRAM,2022-07-11,24.006875,25.24,23.49
CRAM,2022-07-12,23.7372916666667,24.44,23.1
CRAM,2022-07-13,23.4097916666667,24.06,22.97
CRAM,2022-07-14,23.76,24.99,22.91
CRAM,2022-07-15,24.0402083333333,25.38,22.91
CRAM,2022-07-16,23.528125,24.37,23.08
CRAM,2022-07-17,24.8833333333333,26.76,23.07
CRAM,2022-07-18,25.5102127659574,27.3,23.87
CRAM,2022-07-19,25.8314893617021,26.87,24.65
CRAM,2022-07-20,25.5477083333333,26.18,24.87
CRAM,2022-07-21,24.570625,24.91,23.9
CRAM,2022-07-22,24.34,24.94,23.8
CRAM,2022-07-23,24.5585416666667,25.14,23.77
CRAM,2022-07-24,24.45875,25.11,23.9
CRAM,2022-07-25,23.8310416666667,24.5,23
CRAM,2022-07-26,23.321875,23.97,22.74
CRAM,2022-07-27,23.4654166666667,24.24,22.72
CRAM,2022-07-28,23.4827083333333,24.3,22.75
CRAM,2022-07-29,22.7810416666667,23.32,22.2
CRAM,2022-07-30,22.6445833333333,23.37,22.16
CRAM,2022-07-31,23.2952083333333,24.23,22.27
CRAM,2022-08-01,23.4675,24.46,22.71
CRAM,2022-08-02,22.95875,23.5,22.4
CRAM,2022-08-03,22.8683333333333,23.47,22.36
CRAM,2022-08-04,23.1725531914894,23.8,22.52
CRAM,2022-08-05,24.3226666666667,25.95,22.75
CRAM,2022-08-06,24.1833333333333,25.17,23.35
CRAM,2022-08-07,24.0314583333333,24.65,23.51
CRAM,2022-08-08,23.9258333333333,24.84,23.18
CRAM,2022-08-09,23.6185416666667,24.94,22.92
CRAM,2022-08-10,23.936875,25.3,22.87
CRAM,2022-08-11,23.9302083333333,24.9,23.25
CRAM,2022-08-12,23.9879166666667,25.23,23.2
CRAM,2022-08-13,23.1285416666667,23.55,22.48
CRAM,2022-08-14,22.1441666666667,22.45,21.79
CRAM,2022-08-15,21.956875,22.43,21.65
CRAM,2022-08-16,22.5479166666667,24.1,21.62
CRAM,2022-08-17,23.131875,24.6,21.77
CRAM,2022-08-18,22.6854166666667,23.17,22.16
CRAM,2022-08-19,23.016170212766,24.31,22.15
CRAM,2022-08-20,23.1723913043478,24.09,22.56
CRAM,2022-08-21,23.179375,23.92,22.59
CRAM,2022-08-22,23.399375,25.03,22.54
CRAM,2022-08-23,23.530652173913,24.74,22.55
CRAM,2022-08-24,24.1035416666667,25.25,22.95
CRAM,2022-08-25,24.1990909090909,25.02,23.53
CRAM,2022-08-26,23.29625,23.88,22.63
CRAM,2022-08-27,23.3106666666667,24.56,22.58
CRAM,2022-08-28,22.52375,22.77,22.15
CRAM,2022-08-29,22.21625,22.39,22.06
CRAM,2022-08-30,22.3354347826087,22.87,21.84
CRAM,2022-08-31,21.9210416666667,22.49,21.46
CRAM,2022-09-01,21.825,22.32,21.43
CRAM,2022-09-02,22.7939583333333,24.4,21.48
CRAM,2022-09-03,22.8710638297872,23.7,22.17
CRAM,2022-09-04,22.300625,23.29,21.51
CRAM,2022-09-05,22.1127083333333,23.46,21.33
CRAM,2022-09-06,21.96125,22.88,21.21
CRAM,2022-09-07,22.0195652173913,23.08,21.2
CRAM,2022-09-08,22.691875,24.72,21.44
CRAM,2022-09-09,22.2679166666667,22.95,21.7
CRAM,2022-09-10,21.7920833333333,22.28,21.28
CRAM,2022-09-11,21.04,21.32,20.56
CRAM,2022-09-12,20.6647916666667,21.24,20.16
CRAM,2022-09-13,20.3448936170213,21.71,19.72
CRAM,2022-09-14,20.2457777777778,21.05,19.68
CRAM,2022-09-15,19.9747916666667,20.83,19.31
CRAM,2022-09-16,19.6933333333333,20.16,19.19
CRAM,2022-09-17,19.7716666666667,19.99,19.53
CRAM,2022-09-18,20.5941666666667,21.39,19.54
CRAM,2022-09-19,20.196875,20.85,19.62
CRAM,2022-09-20,20.4529787234043,22.17,19.6
CRAM,2022-09-21,20.9083333333333,22.07,19.9
CRAM,2022-09-22,19.678125,20.21,18.98
CRAM,2022-09-23,18.784375,19.45,18.11
CRAM,2022-09-24,17.9541666666667,18.25,17.56
CRAM,2022-09-25,17.3025,17.54,17.02
CRAM,2022-09-26,16.8945833333333,17.48,16.5
CRAM,2022-09-27,16.116875,16.47,15.61
CRAM,2022-09-28,15.2297916666667,15.6,14.69
CRAM,2022-09-29,15.05,16.37,14.39
CRAM,2022-09-30,14.7002083333333,15.36,14.3
CRAM,2022-10-01,14.95375,15.77,14.27
CRAM,2022-10-02,15.1229166666667,15.97,14.43
CRAM,2022-10-03,15.02375,15.66,14.55
CRAM,2022-10-04,15.0745833333333,16.04,14.48
CRAM,2022-10-05,15.3160416666667,16.1,14.86
CRAM,2022-10-06,15.325,15.92,14.87
CRAM,2022-10-07,14.5780434782609,14.93,14.01
CRAM,2022-10-08,13.723125,14.16,13.16
CRAM,2022-10-09,13.0045833333333,13.51,12.61
CRAM,2022-10-10,12.9742553191489,14.1,12.4
CRAM,2022-10-11,12.7285416666667,13.71,12.37
CRAM,2022-10-12,12.9791111111111,13.24,12.36
CRAM,2022-10-13,12.8116666666667,13.15,12.5
CRAM,2022-10-14,12.263125,12.5,11.92
CRAM,2022-10-15,11.5810416666667,11.89,11.18
CRAM,2022-10-16,10.915,11.19,10.64
CRAM,2022-10-17,10.3514583333333,10.68,9.84
CRAM,2022-10-18,9.36604166666667,9.81,8.89
CRAM,2022-10-19,8.52208333333333,8.88,8.19
CRAM,2022-10-20,8.06583333333333,8.45,7.81
CRAM,2022-10-21,8.044375,8.82,7.74
CRAM,2022-10-22,8.22833333333333,9.06,7.72
CRAM,2022-10-23,8.71854166666667,9.07,8.03
CRAM,2022-10-24,9.45395833333333,9.88,8.73
CRAM,2022-10-25,10.1891666666667,10.46,9.83
CRAM,2022-10-26,9.56541666666667,9.81,9.26
CRAM,2022-10-27,8.924375,9.24,8.55
CRAM,2022-10-28,8.6275,9.06,8.38
CRAM,2022-10-29,8.56625,8.97,8.34
CRAM,2022-10-30,8.62916666666667,9.23,8.32
CRAM,2022-10-31,8.82166666666667,9.45,8.38
CRAM,2022-11-01,8.82770833333333,9.8,8.44
CRAM,2022-11-02,9.09479166666667,10.17,8.5
CRAM,2022-11-03,9.074375,9.4,8.68
CRAM,2022-11-04,9.53916666666667,10.01,8.91
CRAM,2022-11-05,9.26,9.79,8.97
CRAM,2022-11-06,8.71916666666667,8.96,8.48
CRAM,2022-11-07,8.27791666666667,8.6,7.82
CRAM,2022-11-08,7.60458333333333,7.81,7.3
CRAM,2022-11-09,7.19416666666667,7.35,7.05
CRAM,2022-11-10,7.32625,7.94,7.05
CRAM,2022-11-11,7.39291666666667,7.81,7.18
CRAM,2022-11-12,6.92520833333333,7.16,6.61
CRAM,2022-11-13,6.363125,6.68,6.04
CRAM,2022-11-14,6.00083333333333,6.17,5.86
CRAM,2023-05-13,15.9280434782609,16.7,15
CRAM,2023-05-14,15.3631914893617,16.86,14.24
CRAM,2023-05-15,15.2152173913043,16.78,14.1
CRAM,2023-05-16,15.7245833333333,16.58,14.5
CRAM,2023-05-17,16.1897916666667,17.7,15.12
CRAM,2023-05-18,15.770652173913,17.05,14.91
CRAM,2023-05-19,15.2691666666667,15.79,14.8
CRAM,2023-05-20,14.0058333333333,14.77,13.2
CRAM,2023-05-21,14.6185714285714,15.35,13.21
CRAM,2023-05-22,15.8804761904762,17.16,14.42
CRAM,2023-05-23,16.8557142857143,17.71,15.29
CRAM,2023-05-24,17.6521428571429,19.33,16.49
CRAM,2023-05-25,17.145,17.96,16.11
CRAM,2023-05-26,17.5291666666667,18.73,16.05
CRAM,2023-05-27,18.4954166666667,20.46,16.77
CRAM,2023-05-28,19.190487804878,20.66,17.68
CRAM,2023-05-29,20.7953333333333,22.92,18.6
CRAM,2023-05-30,21.4325,22.85,19.81
CRAM,2023-05-31,21.5423913043478,22.89,20.39
CRAM,2023-06-01,22.4063829787234,23.56,20.97
CRAM,2023-06-02,23.3397872340426,24.59,21.99
CRAM,2023-06-03,23.5170833333333,24.72,22.62
CRAM,2023-06-04,24.5352173913043,25.77,22.94
CRAM,2023-06-05,25.7914583333333,27.64,23.69
CRAM,2023-06-06,25.2646808510638,26.58,23.98
CRAM,2023-06-07,13.5097297297297,23.91,10
CRAM,2023-06-08,22.5213333333333,23.74,17.09
CRAM,2023-06-09,22.3895833333333,23.63,21.43
CRAM,2023-06-10,22.8572340425532,24.58,21.43
CRAM,2023-06-11,21.323125,22.17,20.02
CRAM,2023-06-12,19.93875,20.88,19.19
CRAM,2023-06-13,18.8664583333333,19.25,18.22
CRAM,2023-06-14,18.26375,18.62,17.86
CRAM,2023-06-15,18.5905128205128,20.81,17.67
CRAM,2023-06-16,17.3245833333333,17.63,16.77
CRAM,2023-06-17,19.1533333333333,21.67,16.77
CRAM,2023-06-18,20.3614285714286,21.31,18.46
CRAM,2023-06-19,21.1797872340426,22.09,19.9
CRAM,2023-06-20,21.4560416666667,22.25,20.61
CRAM,2023-06-21,22.9891666666667,24.34,20.95
CRAM,2023-06-22,23.9097916666667,25.35,22.14
CRAM,2023-06-23,25.026511627907,26.71,23.27
CRAM,2023-06-24,24.9702127659574,26.86,24.01
CRAM,2023-06-25,24.6208510638298,25.87,23.75
CRAM,2023-06-26,23.3583333333333,23.82,22.26
CRAM,2023-06-27,21.4334042553192,22.21,20.58
CRAM,2023-06-28,22.4833333333333,24.31,20.58
CRAM,2023-06-29,21.7660416666667,22.04,21.38
CRAM,2023-06-30,22.2568085106383,23.6,21.35
CRAM,2023-07-01,23.170625,24.19,21.79
CRAM,2023-07-02,24.2158695652174,25.39,22.82
CRAM,2023-07-03,24.8597916666667,26.38,23.43
CRAM,2023-07-04,25.4136956521739,27.48,23.99
CRAM,2023-07-05,26.021875,27.6,24.63
CRAM,2023-07-06,25.17375,26.27,23.97
CRAM,2023-07-07,23.988125,24.75,23.02
CRAM,2023-07-08,23.508125,24.42,22.96
CRAM,2023-07-09,23.5035416666667,24.34,22.79
CRAM,2023-07-10,23.21375,24.15,22.55
CRAM,2023-07-11,22.7152083333333,23.64,21.88
CRAM,2023-07-12,22.536170212766,23.07,21.86
CRAM,2023-07-13,22.51625,23.25,22.05
CRAM,2023-07-14,22.56875,23.18,21.99
CRAM,2023-07-15,23.0678260869565,23.91,22.19
CRAM,2023-07-16,23.0179166666667,23.5,22.53
CRAM,2023-07-17,22.6225,23.14,21.88
CRAM,2023-07-18,21.7027083333333,22.08,21.22
CRAM,2023-07-19,21.716875,22.5,21.2
CRAM,2023-07-20,21.416875,21.81,21.08
CRAM,2023-07-21,20.9136170212766,21.19,20.48
CRAM,2023-07-22,21.8439130434783,22.72,20.47
CRAM,2023-07-23,22.3310416666667,23.45,21.25
CRAM,2023-07-24,22.4822916666667,23,21.65
CRAM,2023-07-25,23.1691666666667,24.08,22.1
CRAM,2023-07-26,23.7895833333333,24.85,22.49
CRAM,2023-07-27,24.4202127659574,26.2,23.21
CRAM,2023-07-28,23.9279166666667,25.11,23.27
CRAM,2023-07-29,24.5089583333333,25.89,23.26
CRAM,2023-07-30,24.02375,24.96,23.21
CRAM,2023-07-31,23.5639583333333,24.35,22.9
CRAM,2023-08-01,23.6002083333333,24.3,22.87
CRAM,2023-08-02,23.8140425531915,24.78,23.05
CRAM,2023-08-03,24.2241666666667,25.43,23.23
CRAM,2023-08-04,24.669375,25.35,23.81
CRAM,2023-08-05,24.9525,26.15,24.12
CRAM,2023-08-06,25.2075,26.58,24.09
CRAM,2023-08-07,24.61,25.25,24.03
CRAM,2023-08-08,24.73625,26.31,23.92
CRAM,2023-08-09,24.6535416666667,25.28,23.93
CRAM,2023-08-10,24.2243902439024,24.71,23.65
CRAM,2023-08-11,23.8791666666667,24.73,23.13
CRAM,2023-08-12,22.895,23.32,22.46
CRAM,2023-08-13,22.59625,23.17,22.1
CRAM,2023-08-14,22.6864583333333,23.71,22.05
CRAM,2023-08-15,21.9233333333333,22.32,21.4
CRAM,2023-08-16,22.2531914893617,23.42,21.37
CRAM,2023-08-17,22.3452083333333,23.22,21.79
CRAM,2023-08-18,21.525625,21.9,20.95
CRAM,2023-08-19,21.5635416666667,22.27,20.91
CRAM,2023-08-20,22.3691666666667,23.86,20.96
CRAM,2023-08-21,22.91125,23.95,21.95
CRAM,2023-08-22,22.3104166666667,22.65,21.82
CRAM,2023-08-23,21.3954166666667,21.81,21.12
CRAM,2023-08-24,21.8910416666667,22.75,21.13
CRAM,2023-08-25,21.523125,21.89,21.11
CRAM,2023-08-26,21.8825,22.97,21.07
CRAM,2023-08-27,21.1889583333333,21.87,20.57
CRAM,2023-08-28,21.2227083333333,22.27,20.48
CRAM,2023-08-29,21.1470833333333,21.89,20.5
CRAM,2023-08-30,20.6664583333333,21.15,20.01
CRAM,2023-08-31,20.8322916666667,22.38,19.95
CRAM,2023-09-01,20.8195833333333,21.85,20.03
CRAM,2023-09-02,20.765,21.48,20.11
CRAM,2023-09-03,21.2912765957447,23.39,20.41
CRAM,2023-09-04,22.2851162790698,24.63,20.8
CRAM,2023-09-05,23.085,24.28,21.77
CRAM,2023-09-06,23.4764583333333,24.24,22.6
CRAM,2023-09-07,22.3002083333333,22.9,21.24
CRAM,2023-09-08,20.684375,21.19,20.06
CRAM,2023-09-09,20.2159574468085,21.24,19.6
CRAM,2023-09-10,20.3541666666667,21.31,19.54
CRAM,2023-09-11,19.9304166666667,20.39,19.51
CRAM,2023-09-12,19.4760416666667,19.97,18.98
CRAM,2023-09-13,18.625625,18.95,18.1
CRAM,2023-09-14,18.025625,18.39,17.51
CRAM,2023-09-15,18.2320833333333,19.14,17.48
CRAM,2023-09-16,17.5668085106383,17.73,17.33
CRAM,2023-09-17,17.6072916666667,18.31,17.23
CRAM,2023-09-18,17.28875,17.76,16.88
CRAM,2023-09-19,17.6839583333333,19.4,16.84
CRAM,2023-09-20,17.419375,17.89,16.88
CRAM,2023-09-21,18.3116666666667,20.02,17.18
CRAM,2023-09-22,19.6891304347826,21.86,17.84
CRAM,2023-09-23,19.42875,19.97,18.84
CRAM,2023-09-24,18.694375,18.98,18.04
CRAM,2023-09-25,17.974375,18.31,17.61
CRAM,2023-09-26,17.6541666666667,17.85,17.41
CRAM,2023-09-27,17.574375,17.8,17.35
CRAM,2023-09-28,17.2764583333333,17.44,17.04
CRAM,2023-09-29,17.1677083333333,17.37,16.95
CRAM,2023-09-30,16.9179166666667,17,16.8
CRAM,2023-10-01,17.398125,18.05,16.79
CRAM,2023-10-02,18.5339130434783,19.7,17.2
CRAM,2023-10-03,18.8864583333333,19.97,17.9
CRAM,2023-10-04,19.00625,19.55,18.39
CRAM,2023-10-05,18.5617391304348,19.19,17.97
CRAM,2023-10-06,17.6772727272727,18.26,17.03
CRAM,2023-10-07,16.4704166666667,17.01,15.73
CRAM,2023-10-08,15.4147916666667,15.97,14.89
CRAM,2023-10-09,14.746875,15.18,14.23
CRAM,2023-10-10,13.8879166666667,14.2,13.45
CRAM,2023-10-11,13.29125,13.58,12.95
CRAM,2023-10-12,12.9597916666667,13.32,12.59
CRAM,2023-10-13,12.51125,12.7,12.14
CRAM,2023-10-14,11.8546808510638,12.13,11.57
CRAM,2023-10-15,11.5397916666667,11.72,11.32
CRAM,2023-10-16,11.295,11.56,11.09
CRAM,2023-10-17,10.9697916666667,11.09,10.79
CRAM,2023-10-18,10.9676086956522,11.77,10.78
CRAM,2023-10-19,10.92875,11.01,10.77
CRAM,2023-10-20,10.93,11.11,10.76
CRAM,2023-10-21,10.9002127659574,11.46,10.55
CRAM,2023-10-22,10.374375,10.54,10.19
CRAM,2023-10-23,10.2095833333333,10.7,9.95
CRAM,2023-10-24,9.97229166666667,10.08,9.91
CRAM,2023-10-25,10.1134042553191,10.29,9.92
CRAM,2023-10-26,10.105,10.23,9.99
CRAM,2023-10-27,9.95229166666667,10.04,9.89
CRAM,2023-10-28,9.829375,10.06,9.5
CRAM,2023-10-29,9.26645833333333,9.5,8.88
CRAM,2023-10-30,8.63979166666667,9.09,8.19
CRAM,2023-10-31,7.8679166666666696,8.16,7.41
CRAM,2023-11-01,7.22854166666667,7.6,6.9
CRAM,2023-11-02,6.720625,7.09,6.41
CRAM,2023-11-03,6.38723404255319,6.98,6.14
CRAM,2023-11-04,6.19333333333333,6.66,5.92
CRAM,2023-11-05,6.10958333333333,6.57,5.86
CRAM,2023-11-06,5.9875,6.03,5.9
CRAM,2023-11-07,6.029375,6.12,5.92
CRAM,2023-11-08,5.84833333333333,5.98,5.58
CRAM,2023-11-09,5.50625,5.58,5.38
CRAM,2023-11-10,5.3352083333333304,5.5,5.19
CRAM,2023-11-11,5.14666666666667,5.27,5
CRAM,2023-11-12,4.92708333333333,5.06,4.72
CRAM,2023-11-13,4.69708333333333,4.85,4.55
CRAM,2023-11-14,4.64125,4.97,4.46
CRAM,2023-11-15,4.5475,4.61,4.49
CRAM,2024-03-22,2.60228571428571,2.96,1.86
CRAM,2024-03-23,1.78833333333333,2.05,1.39
CRAM,2024-03-24,1.90604166666667,2.73,1.38
CRAM,2024-03-25,1.46333333333333,1.66,1.34
CRAM,2024-03-26,0.948333333333333,1.57,0.53
CRAM,2024-03-27,0.749347826086956,1.03,0.42
CRAM,2024-03-28,1.04333333333333,1.36,0.72
CRAM,2024-03-29,1.1125,1.39,0.93
CRAM,2024-03-30,1.86875,3.25,0.95
CRAM,2024-03-31,1.11479166666667,1.37,0.87
CRAM,2024-04-01,1.31166666666667,1.62,0.87
CRAM,2024-04-02,1.70666666666667,2.22,1.06
CRAM,2024-04-03,1.59958333333333,1.79,1.36
CRAM,2024-04-04,0.973541666666667,1.41,0.76
CRAM,2024-04-05,0.627291666666667,0.78,0.53
CRAM,2024-04-06,0.7995,1.21,0.54
CRAM,2024-04-07,2.695,4.37,0.79
CRAM,2024-04-08,3.93484848484849,4.74,2.68
CRAM,2024-04-09,4.1225,4.27,3.97
CRAM,2024-04-10,4.42804347826087,4.8,4.13
CRAM,2024-04-11,5.38292682926829,6.62,4.16
CRAM,2024-04-12,5.85955555555556,6.9,5.2
CRAM,2024-04-13,5.23,5.39,5.01
CRAM,2024-04-14,6.58978260869565,7.98,5.15
CRAM,2024-04-15,7.16869565217391,7.64,6.47
CRAM,2024-04-16,8.40641025641026,10.32,7.16
CRAM,2024-04-17,8.07541666666667,8.44,7.56
CRAM,2024-04-18,7.438125,8.09,7.2
CRAM,2024-04-19,7.53270833333333,7.93,7.16
CRAM,2024-04-20,6.96458333333333,7.21,6.61
CRAM,2024-04-21,6.50270833333333,6.78,6.22
CRAM,2024-04-22,6.84625,7.17,6.21
CRAM,2024-04-23,7.82148936170213,8.79,6.84
CRAM,2024-04-24,7.73717948717949,8.25,7.41
CRAM,2024-04-25,8.49173913043478,10.19,7.4
CRAM,2024-04-26,9.49375,10.94,8.02
CRAM,2024-04-27,9.19604166666667,9.46,8.91
CRAM,2024-04-28,9.270625,9.78,9.06
CRAM,2024-04-29,8.91333333333333,9.1,8.64
CRAM,2024-04-30,8.94520833333333,9.4,8.63
CRAM,2024-05-01,9.79893617021277,10.58,8.68
CRAM,2024-05-02,9.82416666666667,10.06,9.47
CRAM,2024-05-03,9.66895833333333,9.74,9.54
CRAM,2024-05-04,10.7619512195122,11.67,9.54
CRAM,2024-05-05,10.8735416666667,11.21,10.46
CRAM,2024-05-06,11.8351162790698,13.56,10.46
CRAM,2024-05-07,13.8391111111111,15.16,11.58
CRAM,2024-05-08,13.2745833333333,13.6,12.86
CRAM,2024-05-09,14.0989130434783,15.69,12.8
CRAM,2024-05-10,14.1595744680851,15.8,13.26
CRAM,2024-05-11,13.9516666666667,15.03,13.29
CRAM,2024-05-12,14.1008510638298,14.85,13.31
CRAM,2024-05-13,14.7725581395349,17.33,13.69
CRAM,2024-05-14,15.4755555555556,17.19,14.31
CRAM,2024-05-15,15.7025,17.09,14.57
CRAM,2024-05-16,16.8266666666667,18.15,15.04
CRAM,2024-05-17,15.6054166666667,16.17,15.07
CRAM,2024-05-18,16.7606976744186,17.74,15.06
CRAM,2024-05-19,17.6747916666667,18.75,16.46
CRAM,2024-05-20,18.1145833333333,18.97,17.02
CRAM,2024-05-21,17.8916666666667,18.26,17.62
CRAM,2024-05-22,17.5860416666667,17.79,17.21
CRAM,2024-05-23,16.8297916666667,17.2,16.24
CRAM,2024-05-24,17.121875,18.13,16.22
CRAM,2024-05-25,16.825625,17.15,16.37
CRAM,2024-05-26,17.0514893617021,17.88,16.34
CRAM,2024-05-27,16.9354166666667,17.19,16.54
CRAM,2024-05-28,17.5010869565217,18.36,16.52
CRAM,2024-05-29,16.9708333333333,17.38,16.51
CRAM,2024-05-30,17.955,19.7,16.51
CRAM,2024-05-31,18.5232558139535,19.96,17.21
CRAM,2024-06-01,18.6308333333333,19.31,17.87
CRAM,2024-06-02,18.5647916666667,19.2,18.23
CRAM,2024-06-03,20.525,22.07,18.27
CRAM,2024-06-04,19.7854166666667,20.18,19.58
CRAM,2024-06-05,21.2575,22.32,19.61
CRAM,2024-06-06,20.6491666666667,21.77,19.72
CRAM,2024-06-07,19.3575,19.69,18.66
CRAM,2024-06-08,18.963125,19.31,18.6
CRAM,2024-06-09,19.0897916666667,19.46,18.62
CRAM,2024-06-10,18.4889583333333,18.74,17.93
CRAM,2024-06-11,18.860652173913,19.79,17.92
CRAM,2024-06-12,18.133125,18.3,17.82
CRAM,2024-06-13,18.7068085106383,19.85,17.84
CRAM,2024-06-14,19.175,19.52,18.48
CRAM,2024-06-15,20.956,23.09,18.89
CRAM,2024-06-16,20.220625,20.73,19.63
CRAM,2024-06-17,19.996875,20.37,19.6
CRAM,2024-06-18,20.26,21,19.68
CRAM,2024-06-19,21.971914893617,22.85,20.22
CRAM,2024-06-20,22.26125,23.07,21.73
CRAM,2024-06-21,21.6033333333333,21.88,21.15
CRAM,2024-06-22,21.174375,21.41,20.86
CRAM,2024-06-23,20.644375,20.85,20.23
CRAM,2024-06-24,21.1341666666667,21.79,20.22
CRAM,2024-06-25,21.9135416666667,23.04,20.74
CRAM,2024-06-26,22.4629166666667,22.99,21.55
CRAM,2024-06-27,22.03625,22.5,21.37
CRAM,2024-06-28,22.3954166666667,23.48,21.36
CRAM,2024-06-29,21.18375,21.62,20.91
CRAM,2024-06-30,21.024375,21.63,20.4
CRAM,2024-07-01,21.3487234042553,22.25,20.39
CRAM,2024-07-02,21.435,22.33,20.65
CRAM,2024-07-03,20.4352083333333,20.79,20.19
CRAM,2024-07-04,21.2692857142857,22.12,20.2
CRAM,2024-07-05,21.8670833333333,22.46,20.99
CRAM,2024-07-06,21.8172916666667,22.64,21.21
CRAM,2024-07-07,22.7795833333333,24.36,21.21
CRAM,2024-07-08,22.416170212766,23.26,21.85
CRAM,2024-07-09,22.4810638297872,23.2,21.85
CRAM,2024-07-10,23.6913043478261,25.15,22.09
CRAM,2024-07-11,24.1522727272727,25.33,23.01
CRAM,2024-07-12,25.2510416666667,27.13,23.43
CRAM,2024-07-13,25.5291666666667,26.93,24.16
CRAM,2024-07-14,25.133125,25.81,24.51
CRAM,2024-07-15,25.7051111111111,27.32,24.49
CRAM,2024-07-16,25.7289583333333,26.96,24.82
CRAM,2024-07-17,24.8835416666667,25.57,23.99
CRAM,2024-07-18,23.5660416666667,23.97,22.83
CRAM,2024-07-19,23.82125,25.61,22.8
CRAM,2024-07-20,23.8123404255319,24.63,22.98
CRAM,2024-07-21,24.2202127659574,25.43,23.37
CRAM,2024-07-22,24.680625,26.6,23.42
CRAM,2024-07-23,24.6522916666667,26.17,23.69
CRAM,2024-07-24,23.296875,23.66,22.7
CRAM,2024-07-25,23.4079166666667,24.48,22.68
CRAM,2024-07-26,24.219375,26.55,22.65
CRAM,2024-07-27,23.863125,24.8,23.03
CRAM,2024-07-28,24.2870833333333,25.34,23.28
CRAM,2024-07-29,24.6895744680851,25.36,23.91
CRAM,2024-07-30,25.0528260869565,25.53,24.4
CRAM,2024-07-31,25.1772916666667,26.65,24.43
CRAM,2024-08-01,26.130652173913,28.04,24.41
CRAM,2024-08-02,25.4183333333333,26.12,24.7
CRAM,2024-08-03,25.6239583333333,26.55,24.69
CRAM,2024-08-04,25.8691666666667,27.54,24.99
CRAM,2024-08-05,25.2085416666667,26.04,24.44
CRAM,2024-08-06,24.1455319148936,24.52,23.48
CRAM,2024-08-07,24.035,25.09,23.32
CRAM,2024-08-08,23.2904166666667,23.62,22.93
CRAM,2024-08-09,22.758125,23.31,22.09
CRAM,2024-08-10,21.67125,22.08,20.95
CRAM,2024-08-11,20.4464583333333,20.92,19.97
CRAM,2024-08-12,20.9354166666667,22.27,19.96
CRAM,2024-08-13,22.3358333333333,24.2,20.36
CRAM,2024-08-14,23.1875,25.52,21.37
CRAM,2024-08-15,23.4595833333333,24.85,21.9
CRAM,2024-08-16,22.1129166666667,22.55,21.64
CRAM,2024-08-17,22.2897826086957,23.65,21.64
CRAM,2024-08-18,21.6397916666667,22,21.19
CRAM,2024-08-19,21.8617391304348,23.38,21.16
CRAM,2024-08-20,21.8529166666667,23.1,21.02
CRAM,2024-08-21,22.1191666666667,23.89,20.95
CRAM,2024-08-22,22.323125,24.16,21.06
CRAM,2024-08-23,22.0127083333333,22.91,21.3
CRAM,2024-08-24,21.7835416666667,22.28,21.39
CRAM,2024-08-25,22.9989583333333,24.65,21.55
CRAM,2024-08-26,23.5541666666667,24.47,22.09
CRAM,2024-08-27,25.4102222222222,27.67,23.5
CRAM,2024-08-28,23.708125,24.37,22.72
CRAM,2024-08-29,22.4985416666667,22.9,21.85
CRAM,2024-08-30,22.3985416666667,22.99,21.76
CRAM,2024-08-31,22.38875,22.88,21.95
CRAM,2024-09-01,22.383125,23.32,21.82
CRAM,2024-09-02,21.8266666666667,22.56,21.25
CRAM,2024-09-03,21.9479166666667,22.95,21.21
CRAM,2024-09-04,21.3458333333333,21.88,20.77
CRAM,2024-09-05,21.099375,22.01,20.7
CRAM,2024-09-06,20.43,20.83,20.03
CRAM,2024-09-07,19.8558333333333,20.38,19.21
CRAM,2024-09-08,19.425625,20.55,18.82
CRAM,2024-09-09,19.324375,20,18.78
CRAM,2024-09-10,20.9502222222222,23.04,18.99
CRAM,2024-09-11,20.0858333333333,20.72,19.61
CRAM,2024-09-12,20.5695833333333,21.54,19.57
CRAM,2024-09-13,21.3839583333333,22.69,20.05
CRAM,2024-09-14,21.2302083333333,21.97,20.55
CRAM,2024-09-15,21.2566666666667,21.93,20.62
CRAM,2024-09-16,22.046875,23.21,20.9
CRAM,2024-09-17,22.4559574468085,23.36,21.58
CRAM,2024-09-18,22.39375,23.17,21.72
CRAM,2024-09-19,22.1683333333333,22.85,21.64
CRAM,2024-09-20,21.5625,21.81,21.22
CRAM,2024-09-21,21.435,22.05,20.96
CRAM,2024-09-22,20.8297916666667,21.05,20.43
CRAM,2024-09-23,20.3208333333333,20.97,19.67
CRAM,2024-09-24,19.9327083333333,20.64,19.32
CRAM,2024-09-25,19.8066666666667,21.12,19.11
CRAM,2024-09-26,19.5058333333333,19.99,19.07
CRAM,2024-09-27,20.236875,22.11,19.1
CRAM,2024-09-28,20.4474468085106,21.89,19.35
CRAM,2024-09-29,20.5497872340426,22.52,19.58
CRAM,2024-09-30,20.0970833333333,21.34,19.44
CRAM,2024-10-01,19.615,20.1,19.03
CRAM,2024-10-02,18.739375,19.21,18.16
CRAM,2024-10-03,17.98,18.32,17.53
CRAM,2024-10-04,17.3008333333333,17.63,16.77
CRAM,2024-10-05,16.8691666666667,17.39,16.39
CRAM,2024-10-06,16.4360416666667,16.62,16.2
CRAM,2024-10-07,15.6322916666667,16.18,15.08
CRAM,2024-10-08,14.9377083333333,15.4,14.54
CRAM,2024-10-09,14.57125,15.09,14.14
CRAM,2024-10-10,14.7741666666667,15.88,14.09
CRAM,2024-10-11,14.3027083333333,14.67,14.05
CRAM,2024-10-12,14.2833333333333,14.57,14.01
CRAM,2024-10-13,13.943125,14.19,13.72
CRAM,2024-10-14,13.4,13.69,13.02
CRAM,2024-10-15,12.8258333333333,13.24,12.46
CRAM,2024-10-16,12.2997916666667,12.77,11.84
CRAM,2024-10-17,11.8497916666667,12.63,11.41
CRAM,2024-10-18,11.4210416666667,11.77,11.11
CRAM,2024-10-19,11.4254166666667,11.85,11.08
CRAM,2024-10-20,11.7589583333333,12.25,11.15
CRAM,2024-10-21,12.2475,13.04,11.56
CRAM,2024-10-22,12.69625,13.38,12.01
CRAM,2024-10-23,12.710625,13.11,12.28
CRAM,2024-10-24,12.1297916666667,12.83,11.66
CRAM,2024-10-25,11.6658333333333,11.9,11.49
CRAM,2024-10-26,11.379375,11.83,11.02
CRAM,2024-10-27,10.974375,11.55,10.68
CRAM,2024-10-28,10.7447916666667,11.27,10.5
CRAM,2024-10-29,10.6679166666667,10.82,10.42
CRAM,2024-10-30,11.645,12.11,10.71
CRAM,2024-10-31,11.4158333333333,12.16,10.95
CRAM,2024-11-01,10.431875,10.93,9.93
CRAM,2024-11-02,9.84895833333333,10.39,9.49
CRAM,2024-11-03,9.50895833333333,9.79,9.31
CRAM,2024-11-04,9.16333333333333,9.28,9.08
CRAM,2024-11-05,9.32127659574468,9.91,9.08
CRAM,2024-11-06,9.03854166666667,9.12,8.92
CRAM,2024-11-07,8.929375,9.52,8.66
CRAM,2024-11-08,8.56645833333333,8.9,8.33
CRAM,2024-11-09,8.33458333333333,9.12,7.95
CRAM,2024-11-10,7.98041666666667,8.15,7.91
CRAM,2024-11-11,7.945,8.09,7.85
CRAM,2024-11-12,7.60042553191489,7.83,7.34
CRAM,2024-11-13,7.13958333333333,7.34,6.86
CRAM,2024-11-14,6.78239130434783,6.88,6.68
CRAM,2024-11-15,6.93145833333333,7.17,6.69
CRAM,2024-11-16,6.87666666666667,7.43,6.63
CRAM,2024-11-17,6.568125,6.63,6.5
CRAM,2024-11-18,6.54375,6.69,6.5
CRAM,2025-08-22,22.399,22.57,22.24
CRAM,2025-08-23,22.4375555555556,23.04,21.86
CRAM,2025-08-24,21.6879166666667,22.33,21.16
CRAM,2025-08-25,20.794375,21.16,20.17
CRAM,2025-08-26,20.03125,20.58,19.45
CRAM,2025-08-27,20.1077083333333,21.24,19.46
CRAM,2025-08-28,19.5264583333333,20,19.23
CRAM,2025-08-29,19.8841304347826,21.36,19.19
CRAM,2025-08-30,20.2785416666667,22.18,19.18
CRAM,2025-08-31,20.6597872340426,22.76,19.19
CRAM,2025-09-01,20.923829787234,22.38,19.62
CRAM,2025-09-02,21.6114583333333,23.3,20.33
CRAM,2025-09-03,20.7047916666667,21.14,20.09
CRAM,2025-09-04,19.6583333333333,20.11,18.97
CRAM,2025-09-05,18.4920833333333,18.99,17.79
CRAM,2025-09-06,17.26125,17.75,16.64
CRAM,2025-09-07,16.5483333333333,17.05,16.1
CRAM,2025-09-08,16.3172916666667,16.94,15.99
CRAM,2025-09-09,16.5733333333333,17.03,15.97
CRAM,2025-09-10,16.2808333333333,16.36,16.2
CRAM,2025-09-11,16.7825,17.61,16.2
CRAM,2025-09-12,17.3472916666667,18.63,16.45
CRAM,2025-09-13,18.055625,19.32,16.82
CRAM,2025-09-14,20.4329787234043,22.58,17.79
CRAM,2025-09-15,20.5147916666667,21.54,19.37
CRAM,2025-09-16,20.9139583333333,21.98,19.8
CRAM,2025-09-17,21.1466666666667,22.25,20.2
CRAM,2025-09-18,21.7984444444444,24.36,20.71
CRAM,2025-09-19,20.9975,21.37,20.4
CRAM,2025-09-20,19.8054166666667,20.38,19.25
CRAM,2025-09-21,19.1364583333333,19.31,18.82
CRAM,2025-09-22,19.049375,19.57,18.78
CRAM,2025-09-23,19.594375,20.66,18.79
CRAM,2025-09-24,19.0945833333333,19.55,18.73
CRAM,2025-09-25,19.1022916666667,20.4,18.43
CRAM,2025-09-26,19.0774468085106,20.03,18.39
CRAM,2025-09-27,18.9222916666667,20.03,18.35
CRAM,2025-09-28,18.3972916666667,19.11,17.81
CRAM,2025-09-29,18.4120833333333,19.24,17.81
CRAM,2025-09-30,19.0295833333333,20.82,17.88
CRAM,2025-10-01,19.2404166666667,20.55,18.24
CRAM,2025-10-02,18.758125,19.29,18.23
CRAM,2025-10-03,18.7927083333333,19.39,18.21
CRAM,2025-10-04,19.8825,21.99,18.48
CRAM,2025-10-05,19.549375,20.3,18.96
CRAM,2025-10-06,19.2134042553191,19.62,18.74
CRAM,2025-10-07,18.5889583333333,19.3,18
CRAM,2025-10-08,17.6344680851064,18.26,16.94
CRAM,2025-10-09,17.0070212765957,18.13,16.4
CRAM,2025-10-10,16.3829166666667,16.75,16.03
CRAM,2025-10-11,15.955,16.46,15.48
CRAM,2025-10-12,15.5947916666667,16.02,15.21
CRAM,2025-10-13,15.0852083333333,15.24,14.88
CRAM,2025-10-14,15.0377083333333,15.53,14.66
CRAM,2025-10-15,14.6752083333333,14.96,14.44
CRAM,2025-10-16,14.6847916666667,15.58,14.21
CRAM,2025-10-17,14.0404166666667,14.21,13.87
CRAM,2025-10-18,14.3533333333333,14.81,13.87
CRAM,2025-10-19,14.258125,14.82,13.92
CRAM,2025-10-20,13.6527083333333,13.92,13.27
CRAM,2025-10-21,13.1383333333333,13.33,12.84
CRAM,2025-10-22,12.606875,12.87,12.24
CRAM,2025-10-23,12.0191666666667,12.28,11.66
CRAM,2025-10-24,11.4370833333333,11.8,11.05
CRAM,2025-10-25,11.0958333333333,11.89,10.7
CRAM,2025-10-26,10.65625,10.93,10.41
CRAM,2025-10-27,10.4708333333333,10.73,10.27
CRAM,2025-10-28,10.2864583333333,10.58,10
CRAM,2025-10-29,9.95958333333333,10.14,9.77
CRAM,2025-10-30,10.0054166666667,10.71,9.69
CRAM,2025-10-31,9.68958333333333,10.27,9.47
CRAM,2025-11-01,9.44145833333333,9.66,9.2
CRAM,2025-11-02,9.19,9.57,8.95
CRAM,2025-11-03,8.716875,8.92,8.46
CRAM,2025-11-04,8.33166666666667,8.61,8.11
CRAM,2025-11-05,8.10166666666667,8.32,8
CRAM,2025-11-06,7.88833333333333,8.21,7.59
CRAM,2025-11-07,7.54333333333333,7.67,7.38
CRAM,2025-11-08,7.27916666666667,7.41,7.02
CRAM,2025-11-09,6.854375,7.1,6.53
CRAM,2025-11-10,6.283125,6.56,5.99
CRAM,2025-11-11,5.79541666666667,6.05,5.57
CRAM,2025-11-12,5.40291666666667,5.6,5.2
CRAM,2025-11-13,5.09458333333333,5.31,4.89
CRAM,2025-11-14,4.91270833333333,5.23,4.72
CRAM,2025-11-15,4.90416666666667,5.02,4.67
CRAM,2025-11-16,4.91458333333333,5.19,4.71
CRAM,2025-11-17,4.575625,4.86,4.13
CRAM,2025-11-18,4.40666666666667,4.72,4.07
FLNT,2018-08-15,29.1193333333333,29.69,28.48
FLNT,2018-08-16,28.82125,29.29,28.24
FLNT,2018-08-17,28.5279166666667,28.94,27.91
FLNT,2018-08-18,27.8920833333333,28.39,27.24
FLNT,2018-08-19,27.4904166666667,27.94,26.88
FLNT,2018-08-20,27.48875,27.82,26.87
FLNT,2018-08-21,27.3914583333333,28.15,26.46
FLNT,2018-08-22,26.8868085106383,27.24,26.44
FLNT,2018-08-23,27.5764583333333,28.17,26.79
FLNT,2018-08-24,27.7429166666667,28.38,27.03
FLNT,2018-08-25,27.811875,28.23,27.14
FLNT,2018-08-26,27.839375,28.49,27.25
FLNT,2018-08-27,27.78875,28.25,27.18
FLNT,2018-08-28,28.0141666666667,28.6,27.25
FLNT,2018-08-29,28.1410416666667,28.98,27.5
FLNT,2018-08-30,27.9302083333333,28.62,27.22
FLNT,2018-08-31,27.5277083333333,28.1,26.97
FLNT,2018-09-01,27.4833333333333,28.13,26.87
FLNT,2018-09-02,27.715,28.38,26.84
FLNT,2018-09-03,27.9939583333333,28.4,27.29
FLNT,2018-09-04,27.99,28.45,27.24
FLNT,2018-09-05,27.2214583333333,27.6,26.73
FLNT,2018-09-06,27.2447916666667,27.7,26.56
FLNT,2018-09-07,27.185609756097602,27.63,26.46
FLNT,2018-09-08,27.32375,27.96,26.49
FLNT,2018-09-09,27.71375,28.4,26.87
FLNT,2018-09-10,27.7897916666667,28.45,27.04
FLNT,2018-09-11,27.958125,28.66,27.24
FLNT,2018-09-12,28.035,28.77,27.2
FLNT,2018-09-13,27.91,28.45,27.27
FLNT,2018-09-14,28.0764583333333,28.67,27.32
FLNT,2018-09-15,28.38375,29.03,27.51
FLNT,2018-09-16,28.440625,29.04,27.75
FLNT,2018-09-17,28.5252083333333,29.14,27.8
FLNT,2018-09-18,28.0047916666667,28.48,27.36
FLNT,2018-09-19,27.8758333333333,28.46,27.25
FLNT,2018-09-20,28.103125,28.64,27.23
FLNT,2018-09-21,28.4120833333333,28.97,27.6
FLNT,2018-09-22,28.3264583333333,28.91,27.58
FLNT,2018-09-23,28.03625,28.67,27.28
FLNT,2018-09-24,27.5810416666667,28.05,27.12
FLNT,2018-09-25,27.4004166666667,27.95,26.89
FLNT,2018-09-26,27.2554166666667,27.9,26.75
FLNT,2018-09-27,27.3504347826087,27.86,26.71
FLNT,2018-09-28,27.1747916666667,27.68,26.59
FLNT,2018-09-29,27.041914893617,27.54,26.55
FLNT,2018-09-30,27.2387234042553,27.82,26.53
FLNT,2018-10-01,27.1695833333333,27.41,26.68
FLNT,2018-10-02,27.3820833333333,27.78,26.85
FLNT,2018-10-03,27.2133333333333,27.57,26.7
FLNT,2018-10-04,26.7225,26.76,26.7
FLNT,2018-10-17,24.8308333333333,24.9,24.74
FLNT,2018-10-18,24.935,25.35,24.48
FLNT,2018-10-19,25.1281578947368,25.45,24.74
FLNT,2018-10-20,24.9263043478261,25.17,24.53
FLNT,2018-10-21,24.749375,25.32,23.85
FLNT,2018-10-22,23.4820833333333,23.96,22.54
FLNT,2018-10-23,22.5991666666667,22.95,22.19
FLNT,2018-10-24,22.1008510638298,22.27,21.71
FLNT,2018-10-25,21.9995833333333,22.5,21.31
FLNT,2018-10-26,21.321875,21.56,21.13
FLNT,2018-10-27,21.4697916666667,22.02,20.87
FLNT,2018-10-28,20.5958333333333,20.95,19.92
FLNT,2018-10-29,20.2297916666667,20.71,19.82
FLNT,2018-10-30,20.2839583333333,20.87,19.66
FLNT,2018-10-31,20.0595833333333,20.64,19.44
FLNT,2018-11-01,20.2245833333333,20.85,19.4
FLNT,2018-11-02,20.3052083333333,20.62,19.78
FLNT,2018-11-03,19.9635416666667,20.47,19.08
FLNT,2018-11-04,19.4027083333333,19.93,18.74
FLNT,2018-11-05,18.91,19.06,18.71
FLNT,2018-11-06,19.235652173913,19.49,18.88
FLNT,2018-11-07,19.5172916666667,19.72,19.11
FLNT,2018-11-08,19.806875,19.98,19.45
FLNT,2018-11-09,20.2293181818182,20.46,19.86
FLNT,2018-11-10,20.4758333333333,20.71,20.13
FLNT,2018-11-11,19.944375,20.41,19.24
FLNT,2018-11-12,19.1960416666667,19.55,18.85
FLNT,2018-11-13,18.696875,18.84,18.37
FLNT,2018-11-14,17.9314583333333,18.35,17.42
FLNT,2018-11-15,17.0388888888889,17.4,16.65
FLNT,2018-11-16,16.0453333333333,16.62,15.22
FLNT,2018-11-17,14.9453333333333,15.4,14.34
FLNT,2018-11-18,14.253829787234,14.62,13.72
FLNT,2018-11-19,13.7151428571429,14.03,13.13
FLNT,2018-11-20,13.2368181818182,13.52,13.04
FLNT,2018-11-21,13.3067391304348,13.62,13.04
FLNT,2018-11-22,13.1286842105263,13.44,12.69
FLNT,2018-11-23,12.6272916666667,12.92,12.27
FLNT,2018-11-24,12.3591304347826,12.45,12.24
FLNT,2018-11-25,12.6082608695652,12.77,12.28
FLNT,2018-11-26,13.1239583333333,13.48,12.71
FLNT,2018-11-27,13.5847916666667,13.8,13.13
FLNT,2018-11-28,12.9041666666667,13.24,12.32
FLNT,2018-11-29,12.4560416666667,12.81,12.06
FLNT,2018-11-30,12.211875,12.52,12
FLNT,2018-12-01,12.5,12.72,12.06
FLNT,2018-12-02,13.1854166666667,13.55,12.65
FLNT,2018-12-03,13.9041666666667,14.28,13.57
FLNT,2018-12-04,15.2129166666667,15.6,14.07
FLNT,2018-12-05,15.4179166666667,15.57,15.25
FLNT,2018-12-06,14.955,15.35,14.18
FLNT,2018-12-07,13.6689583333333,14.14,13.02
FLNT,2018-12-08,12.8302083333333,13.11,12.55
FLNT,2018-12-09,12.4389130434783,12.52,12.38
FLNT,2018-12-10,12.2983333333333,12.48,11.98
FLNT,2018-12-11,11.6372916666667,11.96,11.37
FLNT,2018-12-12,11.2729166666667,11.67,10.67
FLNT,2018-12-13,10.5560869565217,10.83,10.22
FLNT,2018-12-14,10.3031914893617,10.42,10.2
FLNT,2018-12-15,10.4575,10.66,10.31
FLNT,2018-12-16,11.0704166666667,11.25,10.66
FLNT,2018-12-17,11.3115217391304,11.47,11.19
FLNT,2018-12-18,11.3483333333333,11.52,11.19
FLNT,2018-12-19,11.453125,11.66,11.2
FLNT,2018-12-20,11.6702127659574,11.77,11.46
FLNT,2018-12-21,12.055,12.25,11.74
FLNT,2018-12-22,12.205625,12.3,12.04
FLNT,2018-12-23,11.9877083333333,12.26,11.59
FLNT,2018-12-24,11.645,11.93,11.31
FLNT,2018-12-25,11.4495744680851,11.63,11.24
FLNT,2018-12-26,11.4897916666667,11.72,11.23
FLNT,2018-12-27,11.6226086956522,11.86,11.35
FLNT,2018-12-28,11.9339583333333,12.17,11.56
FLNT,2018-12-29,12.6602127659574,12.98,12.19
FLNT,2018-12-30,13.1891304347826,13.29,12.98
FLNT,2018-12-31,13.831875,14.19,13.29
FLNT,2019-01-01,14.784375,15.07,14.23
FLNT,2019-01-02,15.4920833333333,15.75,15.08
FLNT,2019-01-03,15.8486956521739,16.09,15.6
FLNT,2019-01-04,15.8625,16.08,15.73
FLNT,2019-01-05,16.0883333333333,16.28,15.82
FLNT,2019-01-06,16.0702083333333,16.34,15.72
FLNT,2019-01-07,15.7604166666667,15.83,15.69
FLNT,2021-09-01,27.03,27.13,26.92
FLNT,2021-09-02,27.1791176470588,27.49,26.65
FLNT,2021-09-03,27.3627083333333,27.91,26.65
FLNT,2021-09-04,27.4145833333333,27.89,26.82
FLNT,2021-09-05,27.2258333333333,27.65,26.69
FLNT,2021-09-06,27.0772916666667,27.51,26.51
FLNT,2021-09-07,27.1504166666667,27.63,26.46
FLNT,2021-09-08,26.98125,27.37,26.35
FLNT,2021-09-09,26.475,26.63,26.31
FLNT,2021-09-10,26.3866666666667,26.79,25.73
FLNT,2021-09-11,26.3795555555556,26.99,25.61
FLNT,2021-09-12,26.2883333333333,26.6,25.93
FLNT,2021-09-13,26.5135416666667,27,25.91
FLNT,2021-09-14,26.6389583333333,27.12,26.03
FLNT,2021-09-15,26.6770833333333,27.05,26.19
FLNT,2021-09-16,26.311875,26.59,25.91
FLNT,2021-09-17,26.011875,26.32,25.67
FLNT,2021-09-18,26.319375,26.73,25.64
FLNT,2021-09-19,26.6108510638298,26.99,26.22
FLNT,2021-09-20,26.4289361702128,26.75,26.13
FLNT,2021-09-21,26.655,27.01,26.17
FLNT,2021-09-22,26.958085106383,27.28,26.67
FLNT,2021-09-23,26.8816666666667,27.37,26.17
FLNT,2021-09-24,26.1458333333333,26.58,25.46
FLNT,2021-09-25,25.5645833333333,26.04,24.93
FLNT,2021-09-26,25.0227083333333,25.54,24.36
FLNT,2021-09-27,24.4347916666667,25.02,23.93
FLNT,2021-09-28,24.3708695652174,24.94,23.93
FLNT,2021-09-29,24.58,25.02,23.96
FLNT,2021-09-30,24.6555319148936,25.08,23.95
FLNT,2021-10-01,24.6279166666667,24.95,23.98
FLNT,2021-10-02,24.833125,25.19,24.24
FLNT,2021-10-03,24.9527083333333,25.28,24.58
FLNT,2021-10-04,24.6020833333333,24.86,24.27
FLNT,2021-10-05,24.4754166666667,24.74,24.23
FLNT,2021-10-06,24.460625,24.61,24.2
FLNT,2021-10-07,24.4010416666667,24.59,24.19
FLNT,2021-10-08,24.5102083333333,24.83,24.15
FLNT,2021-10-09,24.9454166666667,25.26,24.53
FLNT,2021-10-10,25.0520833333333,25.35,24.77
FLNT,2021-10-11,25.0675,25.5,24.51
FLNT,2021-10-12,24.4391666666667,24.88,23.83
FLNT,2021-10-13,23.8691666666667,24.2,23.49
FLNT,2021-10-14,23.625625,24.01,23.25
FLNT,2021-10-15,23.5097916666667,23.92,23.14
FLNT,2021-10-16,23.629375,24.02,23.12
FLNT,2021-10-17,23.3595833333333,23.82,22.56
FLNT,2021-10-18,22.4333333333333,22.86,21.82
FLNT,2021-10-19,21.7445833333333,22.15,21.1
FLNT,2021-10-20,21.3177083333333,21.81,20.59
FLNT,2021-10-21,21.218125,21.67,20.51
FLNT,2021-10-22,21.333125,21.53,20.81
FLNT,2021-10-23,21.6147916666667,21.95,21
FLNT,2021-10-24,21.331875,21.78,20.78
FLNT,2021-10-25,21.1302325581395,21.38,20.61
FLNT,2021-10-26,21.6045833333333,21.88,21.13
FLNT,2021-10-27,21.3641666666667,21.68,20.83
FLNT,2021-10-28,20.9378048780488,21.17,20.59
FLNT,2021-10-29,20.7316666666667,20.93,20.41
FLNT,2021-10-30,20.1377083333333,20.47,19.25
FLNT,2021-10-31,19.3770833333333,19.65,18.76
FLNT,2021-11-01,18.9302083333333,19.5,18.2
FLNT,2021-11-02,18.6051063829787,19.18,17.81
FLNT,2021-11-03,18.5297916666667,19.21,17.81
FLNT,2021-11-04,18.6995833333333,19.09,17.99
FLNT,2021-11-05,18.473125,18.71,18.2
FLNT,2021-11-06,17.6975,18.19,16.97
FLNT,2021-11-07,16.9304166666667,17.42,16.33
FLNT,2021-11-08,16.79375,17.33,16.21
FLNT,2021-11-09,16.7564583333333,17.23,16.07
FLNT,2021-11-10,16.8660526315789,17.16,16.3
FLNT,2021-11-11,16.868085106383,17.23,16.05
FLNT,2021-11-12,17.5039583333333,17.81,16.91
FLNT,2021-11-13,17.6308333333333,18.09,17.09
FLNT,2021-11-14,17.0602083333333,17.42,16.64
FLNT,2021-11-15,16.7377083333333,17.08,16.27
FLNT,2021-11-16,16.4310416666667,16.85,16.02
FLNT,2021-11-17,16.3629166666667,16.73,15.89
FLNT,2021-11-18,16.4147916666667,16.79,15.88
FLNT,2021-11-19,16.7989583333333,17.11,16.28
FLNT,2021-11-20,16.5402083333333,16.88,16.08
FLNT,2021-11-21,16.258125,16.57,15.9
FLNT,2021-11-22,16.2853191489362,16.56,15.9
FLNT,2021-11-23,16.2972916666667,16.57,15.91
FLNT,2021-11-24,15.5572916666667,15.92,14.81
FLNT,2021-11-25,14.8797916666667,15.2,14.48
FLNT,2021-11-26,14.9372916666667,15.22,14.33
FLNT,2021-11-27,15.2866666666667,15.69,14.71
FLNT,2021-11-28,14.760625,14.98,14.37
FLNT,2021-11-29,14.1658333333333,14.3,13.97
FLNT,2021-11-30,14.12625,14.32,13.66
FLNT,2021-12-01,13.8060416666667,14.06,13.38
FLNT,2021-12-02,13.6227083333333,13.93,13.17
FLNT,2021-12-03,14.098125,14.43,13.42
FLNT,2021-12-04,14.4570212765957,14.7,14.06
FLNT,2021-12-05,14.6710638297872,15.01,14.34
FLNT,2021-12-06,15.0852173913043,15.22,14.85
FLNT,2021-12-07,15.3525,15.69,14.94
FLNT,2021-12-08,15.5052083333333,16,15.18
FLNT,2021-12-09,15.9579166666667,16.11,15.45
FLNT,2021-12-10,15.2760416666667,15.45,14.97
FLNT,2021-12-11,15.4072916666667,15.64,14.96
FLNT,2021-12-12,15.9089583333333,16.2,15.41
FLNT,2021-12-13,15.7441666666667,16.1,15.21
FLNT,2021-12-14,15.3158333333333,15.55,15.12
FLNT,2021-12-15,15.2435416666667,15.67,14.67
FLNT,2021-12-16,15.0308510638298,15.35,14.68
FLNT,2021-12-17,15.2141666666667,15.46,14.86
FLNT,2021-12-18,15.541875,15.84,14.98
FLNT,2021-12-19,16.1508333333333,16.59,15.25
FLNT,2021-12-20,16.5133333333333,16.83,15.97
FLNT,2021-12-21,15.793125,16.15,15.26
FLNT,2021-12-22,14.78875,15.24,14.23
FLNT,2021-12-23,13.994375,14.42,13.24
FLNT,2021-12-24,12.8810416666667,13.25,12.23
FLNT,2021-12-25,12.401875,12.66,12.11
FLNT,2021-12-26,12.5429166666667,12.78,12.21
FLNT,2021-12-27,13.2969565217391,13.74,12.56
FLNT,2021-12-28,13.9272916666667,14.28,13.6
FLNT,2021-12-29,15.0031914893617,15.3,14.3
FLNT,2021-12-30,16.0029166666667,16.36,15.22
FLNT,2021-12-31,16.8316666666667,17.13,16.15
FLNT,2022-01-01,17.459375,17.79,17.01
FLNT,2022-01-02,17.91,18.26,17.38
FLNT,2022-01-03,18.3241666666667,18.65,17.87
FLNT,2022-01-04,17.3547916666667,17.99,16.4
FLNT,2022-01-05,15.939375,16.36,15.55
FLNT,2022-01-06,15.3954166666667,15.68,14.93
FLNT,2022-01-07,15.0520833333333,15.26,14.85
FLNT,2022-01-08,14.8879166666667,15.2,14.49
FLNT,2022-01-09,14.618125,14.89,14.43
FLNT,2022-01-10,14.63625,14.84,14.41
FLNT,2022-01-11,14.4925,14.83,13.9
FLNT,2022-01-12,13.564375,13.89,13.03
FLNT,2022-01-13,13.0002083333333,13.23,12.62
FLNT,2022-01-14,12.4812765957447,12.76,12.06
FLNT,2022-01-15,12.246875,12.51,12
FLNT,2022-01-16,12.1508333333333,12.32,11.95
FLNT,2022-01-17,12.0454166666667,12.19,11.74
FLNT,2022-01-18,11.62875,11.98,11.13
FLNT,2022-01-19,10.9529166666667,11.32,10.42
FLNT,2022-01-20,10.5245833333333,10.85,10.27
FLNT,2022-01-21,10.3947826086957,10.54,10.17
FLNT,2022-01-22,10.0514893617021,10.2,9.81
FLNT,2022-01-23,9.82434782608696,10.02,9.51
FLNT,2022-01-24,9.71979166666667,10.03,9.45
FLNT,2022-01-25,9.8647619047619,10.12,9.47
FLNT,2022-01-26,9.97326086956522,10.06,9.81
FLNT,2022-01-27,10.3185106382979,10.64,9.99
FLNT,2022-01-28,10.5514893617021,10.77,10.15
FLNT,2022-01-29,10.73625,11.11,10.29
FLNT,2022-01-30,10.3470833333333,10.86,9.63
FLNT,2022-01-31,9.95659574468085,10.42,9.58
FLNT,2022-02-01,10.4941666666667,11.05,9.61
FLNT,2022-02-02,10.5210416666667,10.93,10.1
FLNT,2022-02-03,11.4697916666667,12,10.23
FLNT,2022-02-04,12.57125,13.02,11.58
FLNT,2022-02-05,13.2716666666667,13.47,12.91
FLNT,2022-02-06,12.7129166666667,13.28,12.01
FLNT,2022-02-07,12.0185416666667,12.23,11.77
FLNT,2022-02-08,11.6744680851064,11.84,11.29
FLNT,2022-02-09,10.8377083333333,11.25,10.32
FLNT,2022-02-10,10.5477083333333,10.87,10.28
FLNT,2022-02-11,10.83625,11.12,10.35
FLNT,2022-02-12,11.06,11.38,10.81
FLNT,2022-02-13,11.1525,11.38,10.82
FLNT,2022-02-14,11.25625,11.54,10.96
FLNT,2022-02-15,11.605,11.95,11.08
FLNT,2022-02-16,12.03625,12.44,11.47
FLNT,2022-02-17,12.6858333333333,13.04,11.9
FLNT,2022-02-18,13.8229166666667,14.26,13.06
FLNT,2022-02-19,14.7333333333333,15.21,14.28
FLNT,2022-02-20,14.52875,15.04,13.92
FLNT,2022-02-21,14.3145833333333,14.71,13.88
FLNT,2022-02-22,14.4822916666667,14.7,14.14
FLNT,2022-02-23,15.0031914893617,15.49,14.4
FLNT,2022-02-24,15.5272916666667,15.89,14.91
FLNT,2022-02-25,16.3002127659574,16.67,15.66
FLNT,2022-02-26,16.7602127659574,17.01,16.39
FLNT,2022-02-27,17.04625,17.38,16.58
FLNT,2022-02-28,17.3127659574468,17.55,16.81
FLNT,2022-03-01,17.2314893617021,17.39,17.02
FLNT,2022-03-02,17.218125,17.64,16.83
FLNT,2022-03-03,17.1972916666667,17.67,16.8
FLNT,2022-03-04,17.3595833333333,17.85,16.81
FLNT,2022-03-05,17.5595833333333,18.16,16.82
FLNT,2022-03-06,18.0572340425532,18.65,17.04
FLNT,2022-03-07,18.5866666666667,19.12,17.74
FLNT,2022-03-08,19.0033333333333,19.32,18.17
FLNT,2022-03-09,19.7233333333333,20.21,18.95
FLNT,2022-03-10,19.540652173913,19.83,19.07
FLNT,2022-03-11,19.1741666666667,19.38,19.02
FLNT,2022-03-12,19.1978723404255,19.34,19.05
FLNT,2022-03-13,18.3266666666667,19.02,17.15
FLNT,2022-03-14,17.155,17.82,16.38
FLNT,2022-03-15,16.9652083333333,17.46,16.34
FLNT,2022-03-16,16.7986956521739,16.93,16.68
FLNT,2022-03-17,17.01125,17.27,16.6
FLNT,2022-03-18,17.531875,17.96,16.92
FLNT,2022-03-19,17.635652173913,17.75,17.51
FLNT,2022-03-20,17.465,17.73,17.03
FLNT,2022-03-21,17.3239583333333,17.8,16.9
FLNT,2022-03-22,17.4139583333333,17.85,16.86
FLNT,2022-03-23,17.7702083333333,18.12,17.3
FLNT,2022-03-24,18.0772916666667,18.37,17.74
FLNT,2022-03-25,18.0883333333333,18.34,17.74
FLNT,2022-03-26,18.0145833333333,18.42,17.7
FLNT,2022-03-27,18.11125,18.59,17.69
FLNT,2022-03-28,18.101875,18.59,17.62
FLNT,2022-03-29,18.3027083333333,18.81,17.59
FLNT,2022-03-30,18.615652173913,18.95,18.11
FLNT,2022-03-31,18.596,18.77,18.51
FLNT,2022-05-25,25.13,25.13,25.13
FLNT,2022-05-26,26.0217021276596,26.43,25.57
FLNT,2022-05-27,25.2947916666667,25.58,24.85
FLNT,2022-05-28,25.666875,26.2,24.85
FLNT,2022-05-29,26.1008333333333,26.67,25.24
FLNT,2022-05-30,26.4077083333333,27.04,25.38
FLNT,2022-05-31,26.8697916666667,27.48,25.8
FLNT,2022-06-01,27.1970833333333,27.84,26.32
FLNT,2022-06-02,27.36125,27.93,26.68
FLNT,2022-06-03,27.6445833333333,28.29,26.83
FLNT,2022-06-04,27.8639583333333,28.57,27.1
FLNT,2022-06-05,27.640625,28.27,27.04
FLNT,2022-06-06,27.445625,27.94,26.88
FLNT,2022-06-07,27.5625,28.08,26.86
FLNT,2022-06-08,28.0172916666667,28.63,27.15
FLNT,2022-06-09,27.8714583333333,28.47,27.19
FLNT,2022-06-10,27.3775555555556,27.85,26.85
FLNT,2022-06-11,27.798125,28.33,26.85
FLNT,2022-06-12,28.196875,28.86,27.39
FLNT,2022-06-13,28.488125,29.13,27.7
FLNT,2022-06-14,28.5960416666667,29.24,27.81
FLNT,2022-06-15,28.7027083333333,29.62,28.12
FLNT,2022-06-16,29.3346808510638,30.13,28.12
FLNT,2022-06-17,29.5889583333333,30.2,28.83
FLNT,2022-06-18,29.931875,30.52,29.06
FLNT,2022-06-19,30.1485416666667,30.79,29.39
FLNT,2022-06-20,29.7847916666667,30.5,28.84
FLNT,2022-06-21,29.3879166666667,30.17,28.35
FLNT,2022-06-22,29.3304166666667,30.16,28.3
FLNT,2022-06-23,29.6884090909091,30.34,28.77
FLNT,2022-06-24,29.6885416666667,30.26,28.89
FLNT,2022-06-25,29.5416666666667,30.26,28.6
FLNT,2022-06-26,28.7583333333333,29.1,28.09
FLNT,2022-06-27,28.7177083333333,29.36,28.03
FLNT,2022-06-28,28.6672916666667,29.26,27.98
FLNT,2022-06-29,29.105,29.57,28.12
FLNT,2022-06-30,29.3279166666667,29.81,28.78
FLNT,2022-07-01,29.503125,30.2,28.76
FLNT,2022-07-02,29.1402083333333,29.58,28.59
FLNT,2022-07-03,28.9345833333333,29.63,28.27
FLNT,2022-07-04,29.1170833333333,29.68,28.26
FLNT,2022-07-05,29.2135416666667,29.72,28.46
FLNT,2022-07-06,30.3604166666667,31.07,29.06
FLNT,2022-07-07,30.7272916666667,31.29,30.11
FLNT,2022-07-08,30.8610416666667,31.36,30.34
FLNT,2022-07-09,30.8622916666667,31.47,30.29
FLNT,2022-07-10,30.4427083333333,31.16,29.68
FLNT,2022-07-11,30.1060416666667,30.56,29.63
FLNT,2022-07-12,29.7920833333333,30.41,28.87
FLNT,2022-07-13,29.2429166666667,29.69,28.64
FLNT,2022-07-14,29.13875,29.56,28.4
FLNT,2022-07-15,28.6945833333333,28.91,28.23
FLNT,2022-07-16,28.4377083333333,28.82,27.96
FLNT,2022-07-17,28.6602083333333,29.2,27.86
FLNT,2022-07-18,28.8441666666667,29.24,28.07
FLNT,2022-07-19,29.073125,29.36,28.52
FLNT,2022-07-20,29.1622727272727,29.55,28.62
FLNT,2022-07-21,28.74625,29.15,28.13
FLNT,2022-07-22,28.593125,29,28.12
FLNT,2022-07-23,28.5016666666667,28.92,27.99
FLNT,2022-07-24,28.6970833333333,29.07,27.95
FLNT,2022-07-25,29.1429166666667,29.62,28.41
FLNT,2022-07-26,29.2772916666667,30.07,28.62
FLNT,2022-07-27,29.2225,29.75,28.58
FLNT,2022-07-28,29.3395833333333,29.76,28.81
FLNT,2022-07-29,29.3847916666667,29.92,28.89
FLNT,2022-07-30,29.3233333333333,30.07,28.79
FLNT,2022-07-31,29.441875,30.18,28.57
FLNT,2022-08-01,29.3414583333333,30.11,28.52
FLNT,2022-08-02,29.2110416666667,29.78,28.51
FLNT,2022-08-03,29.2961904761905,29.6,28.69
FLNT,2022-08-04,29.435,30.05,28.65
FLNT,2022-08-05,29.764375,30.41,28.79
FLNT,2022-08-06,30.2354166666667,30.84,29.46
FLNT,2022-08-07,29.7725,30.58,28.96
FLNT,2022-08-08,29.0241666666667,29.66,28.1
FLNT,2022-08-09,28.6354166666667,29.51,27.9
FLNT,2022-08-10,28.6847916666667,29.44,27.86
FLNT,2022-08-11,28.4920833333333,29,28.02
FLNT,2022-08-12,28.5308333333333,29.07,27.96
FLNT,2022-08-13,28.455,28.8,27.98
FLNT,2022-08-14,28.3504166666667,28.68,27.83
FLNT,2022-08-15,28.618125,29.11,27.99
FLNT,2022-08-16,28.8310416666667,29.39,28.11
FLNT,2022-08-17,29.2402083333333,29.75,28.58
FLNT,2022-08-18,29.123125,29.53,28.51
FLNT,2022-08-19,28.1166666666667,28.48,27.74
FLNT,2022-08-20,28.41125,28.95,27.71
FLNT,2022-08-21,28.5683333333333,29.34,27.92
FLNT,2022-08-22,28.3804166666667,29.04,27.84
FLNT,2022-08-23,28.3827083333333,28.92,27.81
FLNT,2022-08-24,28.1345833333333,28.54,27.71
FLNT,2022-08-25,28.3202083333333,28.74,27.69
FLNT,2022-08-26,28.4083333333333,28.7,28.17
FLNT,2022-08-27,28.67625,29.12,28.18
FLNT,2022-08-28,28.2841666666667,28.82,27.78
FLNT,2022-08-29,28.16125,28.57,27.72
FLNT,2022-08-30,28.6635416666667,29.09,28
FLNT,2022-08-31,29.1732608695652,29.67,28.55
FLNT,2022-09-01,29.2458333333333,29.73,28.6
FLNT,2022-09-02,28.9464583333333,29.48,28.22
FLNT,2022-09-03,28.5097916666667,29.07,28
FLNT,2022-09-04,28.3745833333333,28.92,27.96
FLNT,2022-09-05,28.4960416666667,28.91,27.95
FLNT,2022-09-06,28.4646808510638,28.76,28.09
FLNT,2022-09-07,28.7279166666667,29.31,28.04
FLNT,2022-09-08,28.4102127659574,28.75,26.35
FLNT,2022-09-09,28.1560416666667,28.47,27.6
FLNT,2022-09-10,27.6422916666667,28,27.12
FLNT,2022-09-11,27.0734782608696,27.36,26.37
FLNT,2022-09-12,26.4179166666667,26.64,25.85
FLNT,2022-09-13,26.6395833333333,27.19,25.78
FLNT,2022-09-14,26.716511627907,27.19,26.14
FLNT,2022-09-15,26.4252083333333,26.96,25.71
FLNT,2022-09-16,26.2439583333333,26.93,25.56
FLNT,2022-09-17,26.34125,26.9,25.5
FLNT,2022-09-18,26.2683333333333,26.71,25.71
FLNT,2022-09-19,26.2927083333333,26.81,25.65
FLNT,2022-09-20,26.3183333333333,26.95,25.65
FLNT,2022-09-21,26.4983333333333,27.08,25.61
FLNT,2022-09-22,26.7585416666667,27.38,25.98
FLNT,2022-09-23,26.930625,27.49,25.99
FLNT,2022-09-24,26.5314583333333,27.06,25.71
FLNT,2022-09-25,26.1425,26.72,25.37
FLNT,2022-09-26,25.831875,26.31,25.23
FLNT,2022-09-27,25.788125,26.34,24.99
FLNT,2022-09-28,24.9191666666667,25.34,24.05
FLNT,2022-09-29,23.4204166666667,24.02,22.35
FLNT,2022-09-30,22.3525,22.76,21.85
FLNT,2022-10-01,22.1039583333333,22.42,21.61
FLNT,2022-10-02,22.1510416666667,22.66,21.51
FLNT,2022-10-03,22.32875,22.81,21.67
FLNT,2022-10-04,22.3620833333333,22.97,21.8
FLNT,2022-10-05,22.255625,22.7,21.71
FLNT,2022-10-06,22.21375,22.61,21.62
FLNT,2022-10-07,21.9914583333333,22.46,21.42
FLNT,2022-10-08,22.0264583333333,22.47,21.25
FLNT,2022-10-09,21.98625,22.36,21.46
FLNT,2022-10-10,21.7029166666667,22.16,21.08
FLNT,2022-10-11,21.5622916666667,21.96,20.92
FLNT,2022-10-12,21.992,22.28,21.18
FLNT,2022-10-13,22.1529166666667,22.31,21.9
FLNT,2022-10-14,22.6752083333333,23.05,22.03
FLNT,2022-10-15,22.58125,23.08,21.79
FLNT,2022-10-16,22.2214583333333,22.77,21.56
FLNT,2022-10-17,22.2070833333333,22.59,21.42
FLNT,2022-10-18,22.359375,22.83,21.6
FLNT,2022-10-19,21.1160416666667,21.8,19.92
FLNT,2022-10-20,19.7595833333333,20.37,18.67
FLNT,2022-10-21,18.873125,19.43,18.07
FLNT,2022-10-22,18.5345833333333,18.99,17.93
FLNT,2022-10-23,18.4510416666667,18.86,17.87
FLNT,2022-10-24,18.5502083333333,18.85,17.92
FLNT,2022-10-25,18.96125,19.33,18.19
FLNT,2022-10-26,19.6066666666667,19.97,18.61
FLNT,2022-10-27,20.0658333333333,20.51,19.54
FLNT,2022-10-28,19.948085106383,20.26,19.37
FLNT,2022-10-29,20.1716666666667,20.36,19.81
FLNT,2022-10-30,19.9602083333333,20.05,19.86
FLNT,2022-10-31,20.1827659574468,20.4,19.79
FLNT,2022-11-01,20.4860416666667,20.86,20
FLNT,2022-11-02,20.3102083333333,20.72,19.85
FLNT,2022-11-03,20.216875,20.6,19.79
FLNT,2022-11-04,20.484375,20.96,19.88
FLNT,2022-11-05,20.3397916666667,20.84,19.85
FLNT,2022-11-06,20.55125,20.91,19.84
FLNT,2022-11-07,21.1064583333333,21.4,20.45
FLNT,2022-11-08,21.5175,21.96,20.98
FLNT,2022-11-09,21.5986666666667,22.15,20.7
FLNT,2022-11-10,20.5775,21,19.92
FLNT,2022-11-11,19.6744680851064,19.89,19.58
FLNT,2022-11-12,19.6468292682927,19.71,19.57
FLNT,2022-11-13,20.109375,20.51,19.45
FLNT,2022-11-14,19.1291666666667,19.63,18.19
FLNT,2022-11-15,18.1747916666667,18.49,17.8
FLNT,2022-11-16,18.086875,18.36,17.69
FLNT,2022-11-17,17.63,18.06,16.83
FLNT,2022-11-18,16.2970833333333,16.78,15.39
FLNT,2022-11-19,15.3620833333333,15.78,14.83
FLNT,2022-11-20,14.9802127659574,15.17,14.74
FLNT,2022-11-21,14.4810416666667,14.8,13.88
FLNT,2022-11-22,14.33625,14.66,13.8
FLNT,2022-11-23,14.7252380952381,14.98,14.06
FLNT,2022-11-24,15.4321276595745,15.79,14.69
FLNT,2022-11-25,16.0960416666667,16.43,15.38
FLNT,2022-11-26,16.1202173913043,16.19,15.95
FLNT,2022-11-27,16.0972916666667,16.2,15.94
FLNT,2022-11-28,16.385625,16.87,15.79
FLNT,2022-11-29,16.2622916666667,16.69,15.71
FLNT,2022-11-30,16.2885416666667,16.52,15.79
FLNT,2022-12-01,16.2964444444444,16.57,15.84
FLNT,2022-12-02,15.520625,16.01,14.73
FLNT,2022-12-03,14.989375,15.31,14.68
FLNT,2022-12-04,15.1770833333333,15.37,14.75
FLNT,2022-12-05,15.485,15.67,15.3
FLNT,2022-12-06,15.755,15.98,15.3
FLNT,2022-12-07,16.3153191489362,16.58,15.83
FLNT,2022-12-08,16.585625,16.83,16.35
FLNT,2022-12-09,16.8597916666667,17.16,16.45
FLNT,2022-12-10,17.1258333333333,17.41,16.64
FLNT,2022-12-11,17.1934042553191,17.33,16.95
FLNT,2022-12-12,17.2623913043478,17.44,17.08
FLNT,2022-12-13,17.2006382978723,17.4,16.94
FLNT,2022-12-14,16.9,16.92,16.88
FLNT,2022-12-20,13.8502941176471,14.12,13.41
FLNT,2022-12-21,13.25125,13.39,12.86
FLNT,2022-12-22,12.6904255319149,12.88,12.35
FLNT,2022-12-23,12.474375,12.57,12.34
FLNT,2022-12-24,11.8741666666667,12.37,10.9
FLNT,2022-12-25,10.6839583333333,11.13,9.77
FLNT,2022-12-26,9.28291666666667,9.7,8.55
FLNT,2022-12-27,9.18791666666667,9.7,8.5
FLNT,2022-12-28,8.91979166666667,9.3,8.46
FLNT,2022-12-29,8.98958333333333,9.35,8.33
FLNT,2022-12-30,9.453125,9.84,8.74
FLNT,2022-12-31,10.5444680851064,10.87,9.84
FLNT,2023-01-01,11.216875,11.52,10.85
FLNT,2023-01-02,11.8831914893617,12.14,11.28
FLNT,2023-01-03,12.7760416666667,13.02,12.17
FLNT,2023-01-04,13.679375,14.27,12.94
FLNT,2023-01-05,14.499375,14.79,14.22
FLNT,2023-01-06,13.8729166666667,14.33,12.8
FLNT,2023-01-07,12.6027083333333,13.03,11.96
FLNT,2023-01-08,12.2014583333333,12.5,11.87
FLNT,2023-01-09,11.9722916666667,12.18,11.68
FLNT,2023-01-10,11.953829787234,12.19,11.66
FLNT,2023-01-11,12.3885416666667,12.71,11.94
FLNT,2023-01-12,12.9347916666667,13.22,12.34
FLNT,2023-01-13,13.7660416666667,14.04,13.2
FLNT,2023-01-14,13.55375,13.88,13.04
FLNT,2023-01-15,12.7475,13.12,12.1
FLNT,2023-01-16,12.05375,12.4,11.67
FLNT,2023-01-17,11.9340425531915,12.31,11.61
FLNT,2023-01-18,11.8171739130435,11.99,11.63
FLNT,2023-01-19,12.2371428571429,12.44,11.79
FLNT,2023-01-20,12.894347826087,13.31,12.45
FLNT,2023-01-21,13.0604166666667,13.45,12.65
FLNT,2023-01-22,12.9922916666667,13.15,12.74
FLNT,2023-01-23,13.0760416666667,13.42,12.6
FLNT,2023-01-24,12.6564583333333,13.01,12.24
FLNT,2023-01-25,12.3871739130435,12.62,12.12
FLNT,2023-01-26,12.5266666666667,12.68,12.18
FLNT,2023-01-27,12.0652083333333,12.55,11.59
FLNT,2023-01-28,11.648125,12,11.26
FLNT,2023-01-29,11.3502083333333,11.66,11.12
FLNT,2023-01-30,11.3906382978723,11.54,11.16
FLNT,2023-01-31,11.7971111111111,12.01,11.41
FLNT,2023-02-01,12.0776595744681,12.3,11.8
FLNT,2023-02-02,12.51,12.76,12.04
FLNT,2023-02-03,12.994347826087,13.11,12.69
FLNT,2023-02-04,13.3439583333333,13.62,13.01
FLNT,2023-02-05,12.9645833333333,13.32,12.55
FLNT,2023-02-06,12.6660416666667,12.92,12.42
FLNT,2023-02-07,12.6597916666667,13.03,12.34
FLNT,2023-02-08,12.96875,13.31,12.4
FLNT,2023-02-09,13.7052173913043,14.08,13.07
FLNT,2023-02-10,14.2455319148936,14.5,13.73
FLNT,2023-02-11,14.6032608695652,14.72,14.46
FLNT,2023-02-12,14.4621276595745,14.64,14.12
FLNT,2023-02-13,13.9835416666667,14.28,13.5
FLNT,2023-02-14,13.4735416666667,13.9,12.93
FLNT,2023-02-15,13.024375,13.4,12.77
FLNT,2023-02-16,13.2619047619048,13.58,12.72
FLNT,2023-02-17,14.0253333333333,14.4,13.41
FLNT,2023-02-18,14.5545833333333,14.86,14.21
FLNT,2023-02-19,14.2602083333333,14.66,13.86
FLNT,2023-02-20,14.2976595744681,14.64,13.84
FLNT,2023-02-21,14.7334782608696,15.05,14.19
FLNT,2023-02-22,15.1397674418605,15.5,11.17
FLNT,2023-02-23,16.0060869565217,16.59,15.45
FLNT,2023-03-14,19.985,20.01,19.95
FLNT,2023-03-15,18.5854166666667,19.2,18
FLNT,2023-03-16,17.9916666666667,18.52,17.22
FLNT,2023-03-17,17.321875,17.75,16.84
FLNT,2023-03-18,17.2391666666667,17.47,16.83
FLNT,2023-03-19,16.8172916666667,17.14,16.17
FLNT,2023-03-20,16.0045833333333,16.43,15.41
FLNT,2023-03-21,15.3127083333333,15.85,14.6
FLNT,2023-03-22,15.0939583333333,15.47,14.56
FLNT,2023-03-23,15.5208333333333,15.96,14.86
FLNT,2023-03-24,16.2533333333333,16.7,15.37
FLNT,2023-03-25,17.079375,17.48,16.33
FLNT,2023-03-26,17.6225,17.83,17.26
FLNT,2023-03-27,18.1685416666667,18.58,17.86
FLNT,2023-03-28,18.4689583333333,18.84,18.13
FLNT,2023-03-29,18.0389583333333,18.32,17.79
FLNT,2023-03-30,18.545625,18.79,18.15
FLNT,2023-03-31,18.894375,19.31,18.34
FLNT,2023-04-01,19.361875,19.77,18.68
FLNT,2023-04-02,18.914375,19.3,18.65
FLNT,2023-04-03,18.78375,19.02,18.52
FLNT,2023-04-04,18.5191666666667,18.58,18.45
FLNT,2023-04-05,18.786875,18.95,18.5
FLNT,2023-04-06,19.361489361702102,19.62,18.85
FLNT,2023-04-07,20.0152173913043,20.31,19.35
FLNT,2023-04-08,20.6170212765957,20.91,20.05
FLNT,2023-04-09,20.338125,20.64,19.85
FLNT,2023-04-10,19.2354166666667,19.82,18.86
FLNT,2023-04-11,18.958125,19.32,18.41
FLNT,2023-04-12,18.7746666666667,19.15,18.36
FLNT,2023-04-13,18.9166666666667,19.24,18.44
FLNT,2023-04-14,19.2726666666667,19.6,18.69
FLNT,2023-04-15,19.7366666666667,20.09,19.22
FLNT,2023-04-16,20.2991666666667,20.71,19.6
FLNT,2023-04-17,20.500625,20.84,19.95
FLNT,2023-04-18,20.2714583333333,20.8,19.74
FLNT,2023-04-19,20.1770833333333,20.7,19.67
FLNT,2023-04-20,20.5072916666667,20.98,19.82
FLNT,2023-04-21,21.09375,21.61,20.39
FLNT,2023-04-22,21.6072916666667,22.05,20.94
FLNT,2023-04-23,21.9625,22.69,20.96
FLNT,2023-04-24,21.74,22.44,20.94
FLNT,2023-04-25,21.384375,21.66,20.96
FLNT,2023-04-26,21.5377777777778,22.02,20.94
FLNT,2023-04-27,21.861875,22.34,20.98
FLNT,2023-04-28,21.7795833333333,21.99,21.5
FLNT,2023-04-29,22.245625,22.8,21.5
FLNT,2023-04-30,22.18125,22.44,21.79
FLNT,2023-05-01,22.0966666666667,22.61,21.59
FLNT,2023-05-02,22.0910416666667,22.66,21.38
FLNT,2023-05-03,21.8685416666667,22.46,21.08
FLNT,2023-05-04,21.7345833333333,22.45,20.96
FLNT,2023-05-05,21.7216666666667,22.4,20.93
FLNT,2023-05-06,21.7716666666667,22.11,21.33
FLNT,2023-05-07,22.2766666666667,22.81,21.58
FLNT,2023-05-08,22.748125,23.16,22.07
FLNT,2023-05-09,23.1514893617021,23.53,22.68
FLNT,2023-05-10,23.641875,24.18,22.79
FLNT,2023-05-11,24.1016666666667,24.65,23.18
FLNT,2023-05-12,24.2441666666667,24.63,23.68
FLNT,2023-05-13,24.178125,24.72,23.5
FLNT,2023-05-14,24.5066666666667,25.13,23.48
FLNT,2023-05-15,25.3960416666667,26,24.18
FLNT,2023-05-16,26.128125,26.84,25.15
FLNT,2023-05-17,25.8484444444444,26.2,25.42
FLNT,2023-05-18,25.7166666666667,26.04,25.17
FLNT,2023-05-19,25.7604166666667,26.25,25.14
FLNT,2023-05-20,25.5116666666667,25.9,24.89
FLNT,2023-05-21,25.3475,25.93,24.87
FLNT,2023-05-22,25.6866666666667,26.22,25
FLNT,2023-05-23,25.4657446808511,25.83,24.96
FLNT,2023-05-24,24.7188095238095,25.07,24.03
FLNT,2023-05-25,24.3058333333333,24.72,23.86
FLNT,2023-05-26,24.274375,24.8,23.83
FLNT,2023-05-27,24.0572916666667,24.46,23.3
FLNT,2023-05-28,23.768125,24.45,22.8
FLNT,2023-05-29,23.7477083333333,24.41,22.8
FLNT,2023-05-30,23.9010416666667,24.47,22.98
FLNT,2023-05-31,23.8545833333333,24.25,23.28
FLNT,2023-06-01,24.0545833333333,24.22,23.69
FLNT,2023-06-02,24.0445833333333,24.31,23.62
FLNT,2023-06-03,24.4291666666667,24.9,23.62
FLNT,2023-06-04,24.8495833333333,25.46,24.12
FLNT,2023-06-05,25.141875,25.81,24.31
FLNT,2023-06-06,25.2330434782609,26.02,24.54
FLNT,2023-06-07,25.9924324324324,26.36,25.3
FLNT,2023-06-08,26.05625,26.64,25.27
FLNT,2023-06-09,26.3366666666667,27.03,25.54
FLNT,2023-06-10,26.6316666666667,27.3,25.66
FLNT,2023-06-11,26.8689583333333,27.49,26.17
FLNT,2023-06-12,26.88625,27.41,26.22
FLNT,2023-06-13,27.0795833333333,27.66,26.42
FLNT,2023-06-14,26.786,27.21,26.1
FLNT,2023-06-15,26.0222916666667,26.65,25.08
FLNT,2023-06-16,24.7170212765957,25.1,24.27
FLNT,2023-06-17,24.3542857142857,24.43,24.28
FLNT,2023-07-27,29.2689743589744,29.73,28.57
FLNT,2023-07-28,29.3264583333333,29.89,28.5
FLNT,2023-07-29,29.1529166666667,29.57,28.71
FLNT,2023-07-30,28.6825,29.14,28.03
FLNT,2023-07-31,28.4975,29.23,27.81
FLNT,2023-08-01,28.6139583333333,29.24,27.77
FLNT,2023-08-02,28.9420833333333,29.51,28.08
FLNT,2023-08-03,29.3066666666667,30.01,28.55
FLNT,2023-08-04,29.3204166666667,29.97,28.68
FLNT,2023-08-05,29.226875,29.82,28.55
FLNT,2023-08-06,28.8739583333333,29.44,28.29
FLNT,2023-08-07,29.145625,29.74,28.27
FLNT,2023-08-08,29.5845833333333,30.06,28.57
FLNT,2023-08-09,29.9552083333333,30.61,29.1
FLNT,2023-08-10,29.684347826087,30.22,29.04
FLNT,2023-08-11,30.021875,30.56,29.17
FLNT,2023-08-12,29.9710416666667,30.59,29.14
FLNT,2023-08-13,29.684375,30.34,29.08
FLNT,2023-08-14,30.1452083333333,30.84,29.03
FLNT,2023-08-15,30.3383333333333,31.18,29.64
FLNT,2023-08-16,30.0095744680851,30.51,29.35
FLNT,2023-08-17,29.258,29.3,29.24
FLNT,2023-08-30,28.9,29.49,28.23
FLNT,2023-08-31,28.0783333333333,28.22,27.79
FLNT,2023-09-01,29.1322916666667,29.77,27.96
FLNT,2023-09-02,28.5233333333333,28.96,27.65
FLNT,2023-09-03,27.6908333333333,28.02,27.08
FLNT,2023-09-04,27.8820833333333,28.54,26.97
FLNT,2023-09-05,28.3204166666667,29.01,27.37
FLNT,2023-09-06,28.4091666666667,29,27.74
FLNT,2023-09-07,28.3779166666667,29,27.73
FLNT,2023-09-08,28.0633333333333,28.7,27.4
FLNT,2023-09-09,28.1035416666667,28.81,27.38
FLNT,2023-09-10,27.8927083333333,28.29,27.37
FLNT,2023-09-11,28.1145833333333,28.69,27.3
FLNT,2023-09-12,28.2122916666667,28.64,27.52
FLNT,2023-09-13,27.64,27.64,27.64
FLNT,2023-09-14,27.8604761904762,28.22,27.25
FLNT,2023-09-15,27.8572916666667,28.3,27.19
FLNT,2023-09-16,27.5639583333333,27.98,27.03
FLNT,2023-09-17,27.4922916666667,27.95,26.95
FLNT,2023-09-18,27.2408333333333,27.75,26.4
FLNT,2023-09-19,26.7597916666667,27.32,26
FLNT,2023-09-20,26.5202083333333,27.1,25.89
FLNT,2023-09-21,26.1720833333333,26.55,25.65
FLNT,2023-09-22,26.2385416666667,26.88,25.48
FLNT,2023-09-23,25.9708333333333,26.55,25.25
FLNT,2023-09-24,25.746875,26.27,25.09
FLNT,2023-09-25,25.6583333333333,26.23,24.98
FLNT,2023-09-26,25.8310416666667,26.36,24.97
FLNT,2023-09-27,25.24625,25.53,25
FLNT,2023-09-28,24.6916666666667,24.97,24.21
FLNT,2023-09-29,24.3997916666667,24.74,23.94
FLNT,2023-09-30,24.60125,25.02,23.85
FLNT,2023-10-01,24.8041666666667,25.32,24.26
FLNT,2023-10-02,24.68375,25.13,24.24
FLNT,2023-10-03,24.5652083333333,25.04,24.01
FLNT,2023-10-04,24.335625,24.79,23.83
FLNT,2023-10-05,24.2989583333333,24.61,23.73
FLNT,2023-10-06,24.560625,25.01,23.98
FLNT,2023-10-07,24.4191666666667,24.71,24.19
FLNT,2023-10-08,24.0079166666667,24.68,22.88
FLNT,2023-10-09,22.8714583333333,23.53,21.97
FLNT,2023-10-10,22.2764583333333,22.9,21.54
FLNT,2023-10-11,22.0058695652174,22.34,21.44
FLNT,2023-10-12,21.6816666666667,22.07,21.08
FLNT,2023-10-13,21.13125,21.22,21.05
FLNT,2023-10-14,21.4815217391304,21.64,21.14
FLNT,2023-10-15,21.6122916666667,21.92,21.05
FLNT,2023-10-16,21.1135416666667,21.68,20.24
FLNT,2023-10-17,20.479375,20.87,19.97
FLNT,2023-10-18,20.3417073170732,20.82,19.52
FLNT,2023-10-19,20.0839583333333,20.63,19.43
FLNT,2023-10-20,20.0747916666667,20.51,19.34
FLNT,2023-10-21,20.3339583333333,20.86,19.77
FLNT,2023-10-22,20.2920833333333,20.82,19.64
FLNT,2023-10-23,20.2666666666667,20.83,19.58
FLNT,2023-10-24,20.2889583333333,20.77,19.56
FLNT,2023-10-25,20.3215217391304,20.82,19.57
FLNT,2023-10-26,20.631875,21.03,19.85
FLNT,2023-10-27,20.9127659574468,21.24,20.3
FLNT,2023-10-28,21.0389583333333,21.36,20.51
FLNT,2023-10-29,21.1654166666667,21.52,20.63
FLNT,2023-10-30,21.3035416666667,21.65,20.72
FLNT,2023-10-31,21.394375,21.76,20.7
FLNT,2023-11-01,20.9791666666667,21.46,19.95
FLNT,2023-11-02,19.3725,19.85,18.47
FLNT,2023-11-03,18.4016666666667,18.74,17.82
FLNT,2023-11-04,18.0497916666667,18.37,17.63
FLNT,2023-11-05,18.1479166666667,18.5,17.64
FLNT,2023-11-06,18.206875,18.58,17.74
FLNT,2023-11-07,18.3679166666667,18.69,17.77
FLNT,2023-11-08,18.5724444444444,18.88,18.05
FLNT,2023-11-09,18.6531914893617,18.96,18.07
FLNT,2023-11-10,19.034375,19.31,18.43
FLNT,2023-11-11,19.2189361702128,19.44,18.82
FLNT,2023-11-12,18.9516666666667,19.31,18.35
FLNT,2023-11-13,18.3048,18.46,18.16
FLNT,2023-11-14,18.0852941176471,18.24,17.82
FLNT,2023-11-15,17.6704166666667,17.8,17.45
FLNT,2023-11-16,17.3484090909091,17.44,17.06
FLNT,2023-11-17,17.235625,17.54,16.95
FLNT,2023-11-18,17.5046666666667,17.76,16.98
FLNT,2023-11-19,18.0497916666667,18.55,17.41
FLNT,2023-11-20,17.918125,18.35,17.38
FLNT,2023-11-21,17.8308510638298,18.13,17.21
FLNT,2023-11-22,18.2060416666667,18.52,17.74
FLNT,2023-11-23,18.1404166666667,18.58,17.38
FLNT,2023-11-24,17.4916666666667,17.81,17.16
FLNT,2023-11-25,17.23125,17.61,16.7
FLNT,2023-11-26,17.0575,17.39,16.6
FLNT,2023-11-27,16.5797872340426,16.88,16.32
FLNT,2023-11-28,16.0679166666667,16.4,15.38
FLNT,2023-11-29,15.1647916666667,15.56,14.46
FLNT,2023-11-30,14.4783333333333,14.89,13.81
FLNT,2023-12-01,13.991875,14.22,13.65
FLNT,2023-12-02,14.6469047619048,14.96,13.92
FLNT,2023-12-03,15.2134042553191,15.41,14.85
FLNT,2023-12-04,15.416875,15.65,15.07
FLNT,2023-12-05,15.2947916666667,15.58,14.9
FLNT,2023-12-06,14.8141666666667,15.03,14.45
FLNT,2023-12-07,14.615625,15.01,14.16
FLNT,2023-12-08,14.3289583333333,14.7,13.92
FLNT,2023-12-09,14.2342553191489,14.42,13.86
FLNT,2023-12-10,15.1789130434783,15.55,14.23
FLNT,2023-12-11,15.273958333333301,15.63,14.4
FLNT,2023-12-12,14.2625,14.81,13.49
FLNT,2023-12-13,13.3711363636364,13.71,12.92
FLNT,2023-12-14,13.149375,13.44,12.82
FLNT,2023-12-15,13.11125,13.4,12.75
FLNT,2023-12-16,12.736875,12.94,12.39
FLNT,2023-12-17,12.5968085106383,12.85,12.29
FLNT,2023-12-18,13.0795652173913,13.23,12.85
FLNT,2023-12-19,12.8222916666667,13.07,12.31
FLNT,2023-12-20,12.3614893617021,12.74,11.9
FLNT,2023-12-21,11.9266666666667,12.17,11.64
FLNT,2023-12-22,11.7317777777778,11.96,11.42
FLNT,2023-12-23,12.0960869565217,12.32,11.55
FLNT,2023-12-24,12.706170212766,13.06,12.17
FLNT,2023-12-25,12.7368085106383,12.89,12.44
FLNT,2023-12-26,13.50125,13.91,12.87
FLNT,2023-12-27,14.0172916666667,14.31,13.59
FLNT,2023-12-28,13.7633333333333,13.9,13.53
FLNT,2023-12-29,13.8397916666667,14.35,13.23
FLNT,2023-12-30,13.195,13.65,12.65
FLNT,2023-12-31,12.78,13.18,12.28
FLNT,2024-01-01,12.281875,12.61,11.87
FLNT,2024-01-02,12.11125,12.43,11.67
FLNT,2024-01-03,11.8247916666667,12.24,11.48
FLNT,2024-01-04,11.2072340425532,11.45,11.02
FLNT,2024-01-05,11.4072916666667,11.82,10.96
FLNT,2024-01-06,11.6327083333333,11.94,10.89
FLNT,2024-01-07,12.470625,12.96,11.82
FLNT,2024-01-08,12.025625,12.36,11.44
FLNT,2024-01-09,11.6269565217391,11.85,11.3
FLNT,2024-01-10,12.06125,12.32,11.58
FLNT,2024-01-11,11.4895555555556,11.94,11.02
FLNT,2024-01-12,11.1352083333333,11.32,10.99
FLNT,2024-01-13,11.1195744680851,11.32,10.84
FLNT,2024-01-14,10.7964583333333,11.01,10.46
FLNT,2024-01-15,10.4183333333333,10.74,10.09
FLNT,2024-01-16,10.291875,10.53,9.99
FLNT,2024-01-17,10.0529166666667,10.36,9.56
FLNT,2024-01-18,9.229375,9.62,8.6
FLNT,2024-01-19,8.61086956521739,8.88,8.35
FLNT,2024-01-20,8.73553191489362,9.04,8.33
FLNT,2024-01-21,8.85708333333333,9.19,8.52
FLNT,2024-01-22,8.70702127659574,8.98,8.42
FLNT,2024-01-23,9.03125,9.27,8.54
FLNT,2024-01-24,9.57181818181818,9.7,9.15
FLNT,2024-01-25,10.3875,10.72,9.68
FLNT,2024-01-26,11.4464583333333,11.82,10.5
FLNT,2024-01-27,12.1710416666667,12.42,11.59
FLNT,2024-01-28,12.934375,13.23,12.21
FLNT,2024-01-29,13.133333333333301,13.48,12.79
FLNT,2024-01-30,12.620625,13.01,12.17
FLNT,2024-01-31,11.9117777777778,12.2,11.65
FLNT,2024-02-01,11.805,12.15,11.47
FLNT,2024-02-02,11.8589361702128,12.12,11.43
FLNT,2024-02-03,12.4208333333333,12.76,11.88
FLNT,2024-02-04,12.77625,13.11,12.35
FLNT,2024-02-05,12.6710416666667,12.83,12.52
FLNT,2024-02-06,12.336,12.5,12.05
FLNT,2024-02-07,12.3039583333333,12.66,11.98
FLNT,2024-02-08,12.2120833333333,12.64,11.68
FLNT,2024-02-09,12.0716666666667,12.43,11.55
FLNT,2024-02-10,12.5297872340426,12.81,11.89
FLNT,2024-02-11,13.355652173913,13.65,12.83
FLNT,2024-02-12,14.0187234042553,14.2,13.49
FLNT,2024-02-13,14.4015217391304,14.64,13.96
FLNT,2024-02-14,13.7833333333333,13.96,13.37
FLNT,2024-02-15,13.4533333333333,13.78,13.2
FLNT,2024-02-16,13.4623404255319,13.58,13.21
FLNT,2024-02-17,13.7159523809524,13.8,13.58
FLNT,2024-02-18,13.5382978723404,13.72,13.26
FLNT,2024-02-19,12.9489583333333,13.24,12.55
FLNT,2024-02-20,12.4633333333333,12.64,12.12
FLNT,2024-02-21,12.1927083333333,12.34,12.06
FLNT,2024-02-22,12.28875,12.52,12.06
FLNT,2024-02-23,12.836,13.09,12.17
FLNT,2024-02-24,13.5347916666667,13.91,13.05
FLNT,2024-02-25,14.3204166666667,15.03,13.6
FLNT,2024-02-26,14.4746808510638,14.89,13.99
FLNT,2024-02-27,14.6663829787234,15,14.26
FLNT,2024-02-28,15.1815555555556,15.45,14.58
FLNT,2024-02-29,16.028125,16.56,15.48
FLNT,2024-03-01,15.679375,16,15.34
FLNT,2024-03-02,15.2169047619048,15.41,15
FLNT,2024-03-03,15.330652173913,15.58,15.04
FLNT,2024-03-04,15.85375,16.26,15.23
FLNT,2024-03-05,16.1225531914894,16.49,15.74
FLNT,2024-03-06,16.1608333333333,16.31,15.97
FLNT,2024-03-07,16.7920833333333,17.09,16.2
FLNT,2024-03-08,17.21625,17.56,16.71
FLNT,2024-03-09,17.3229166666667,17.52,17.02
FLNT,2024-03-10,17.8470833333333,18.14,17.43
FLNT,2024-03-11,17.7439583333333,17.94,17.58
FLNT,2024-03-12,17.5495744680851,17.76,17.16
FLNT,2024-03-13,17.124375,17.33,16.73
FLNT,2024-03-14,16.6846808510638,16.82,16.4
FLNT,2024-03-15,16.6510869565217,16.85,16.34
FLNT,2024-03-16,16.9202222222222,17.09,16.61
FLNT,2024-03-17,17.4215,17.56,17.07
FLNT,2024-03-18,17.8923404255319,18.02,17.54
FLNT,2024-03-19,18.0666666666667,18.39,17.57
FLNT,2024-03-20,17.4910416666667,17.94,16.94
FLNT,2024-03-21,17.214375,17.69,16.83
FLNT,2024-03-22,17.0804444444444,17.4,16.76
FLNT,2024-03-23,17.0934782608696,17.23,17
FLNT,2024-03-24,17.27125,17.48,17.04
FLNT,2024-03-25,17.4027083333333,17.85,17.05
FLNT,2024-03-26,17.5052083333333,17.94,17.02
FLNT,2024-03-27,17.564375,17.77,17.29
FLNT,2024-03-28,17.6793617021277,17.92,17.46
FLNT,2024-03-29,17.856875,18.25,17.41
FLNT,2024-03-30,17.954375,18.42,17.57
FLNT,2024-03-31,18.1047916666667,18.59,17.64
FLNT,2024-04-01,18.4208333333333,18.75,17.8
FLNT,2024-04-02,18.6984615384615,19.01,18.49
FLNT,2024-04-09,19.2933333333333,19.6,18.7
FLNT,2024-04-10,19.6354166666667,19.98,19.12
FLNT,2024-04-11,19.911875,20.12,19.5
FLNT,2024-04-12,20.3079166666667,20.64,19.82
FLNT,2024-04-13,20.14875,20.59,19.66
FLNT,2024-04-14,19.75625,20.16,19.25
FLNT,2024-04-15,19.6095833333333,19.95,19.24
FLNT,2024-04-16,19.9620833333333,20.36,19.32
FLNT,2024-04-17,20.2639583333333,20.58,19.86
FLNT,2024-04-18,20.7108333333333,21.05,20.15
FLNT,2024-04-19,20.9808695652174,21.22,20.51
FLNT,2024-04-20,21.5929166666667,21.97,21.02
FLNT,2024-04-21,21.8516666666667,22.16,21.53
FLNT,2024-04-22,21.6891666666667,22.03,21.09
FLNT,2024-04-23,21.2345833333333,21.8,20.46
FLNT,2024-04-24,20.9257777777778,21.49,20.42
FLNT,2024-04-25,21.210625,21.7,20.43
FLNT,2024-04-26,21.7354166666667,22.14,21.18
FLNT,2024-04-27,22.0779166666667,22.38,21.6
FLNT,2024-04-28,22.1658333333333,22.45,21.93
FLNT,2024-04-29,22.2908333333333,22.78,21.9
FLNT,2024-04-30,22.72625,23.46,21.93
FLNT,2024-05-01,22.7909090909091,23.25,22.21
FLNT,2024-05-02,23.1376086956522,23.79,22.47
FLNT,2024-05-03,23.5954166666667,24.18,22.55
FLNT,2024-05-04,23.803125,24.27,23.18
FLNT,2024-05-05,23.8585416666667,24.41,23.33
FLNT,2024-05-06,24.3435416666667,25.01,23.33
FLNT,2024-05-07,24.8102173913043,25.36,24.04
FLNT,2024-05-08,24.8157446808511,25.43,24.19
FLNT,2024-05-09,25.1235897435897,25.66,24.18
FLNT,2024-05-10,25.1397777777778,25.61,24.41
FLNT,2024-05-11,24.713125,25.22,24.33
FLNT,2024-05-12,24.69625,25.1,24.29
FLNT,2024-05-13,24.7048888888889,25.09,24.33
FLNT,2024-05-14,23.8441666666667,24.39,23.18
FLNT,2024-05-15,23.344375,23.77,22.97
FLNT,2024-05-16,23.534375,23.95,22.93
FLNT,2024-05-17,23.7591666666667,24.14,23.38
FLNT,2024-05-18,23.5386363636364,23.93,23.14
FLNT,2024-05-19,22.991875,23.13,22.87
FLNT,2024-05-20,23.18375,23.52,22.85
FLNT,2024-05-21,23.1121276595745,23.44,22.8
FLNT,2024-05-22,23.3045833333333,23.67,22.79
FLNT,2024-05-23,23.772,24.25,23.19
FLNT,2024-05-24,24.1547916666667,24.53,23.6
FLNT,2024-05-25,24.6879166666667,25.01,24.09
FLNT,2024-05-26,24.581914893617,24.85,24.36
FLNT,2024-05-27,25.0834042553191,25.62,24.51
FLNT,2024-05-28,25.1467391304348,25.61,24.46
FLNT,2024-05-29,25.3147916666667,25.78,24.49
FLNT,2024-05-30,25.8158333333333,26.38,25.24
FLNT,2024-05-31,25.5629166666667,26.09,24.97
FLNT,2024-06-01,25.1854166666667,25.66,24.94
FLNT,2024-06-02,24.78,25.03,24.32
FLNT,2024-06-03,24.7554166666667,25.28,24.3
FLNT,2024-06-04,25.4179166666667,26.21,24.6
FLNT,2024-06-05,25.6525,26.15,24.84
FLNT,2024-06-06,25.7660416666667,26.25,25.11
FLNT,2024-06-07,25.94875,26.38,25.3
FLNT,2024-06-08,26.4682222222222,27.08,25.51
FLNT,2024-06-09,26.4504166666667,27.07,25.69
FLNT,2024-06-10,26.4854166666667,27.08,25.7
FLNT,2024-06-11,26.840625,27.46,26.07
FLNT,2024-06-12,27.0004651162791,27.39,26.42
FLNT,2024-06-13,27.1608695652174,27.75,26.44
FLNT,2024-06-14,27.0853191489362,27.76,26.48
FLNT,2024-06-15,27.0527083333333,27.76,26.42
FLNT,2024-06-16,27.3091666666667,28.05,26.42
FLNT,2024-06-17,27.3091666666667,27.7,26.77
FLNT,2024-06-18,27.5384444444444,28.13,26.76
FLNT,2024-06-19,27.174375,27.68,26.71
FLNT,2024-06-20,27.1779166666667,27.8,26.58
FLNT,2024-06-21,27.0497916666667,27.63,26.28
FLNT,2024-06-22,26.901875,27.51,26.21
FLNT,2024-06-23,27.1171739130435,27.76,26.16
FLNT,2024-06-24,27.9270833333333,28.61,26.68
FLNT,2024-06-25,28.0658333333333,28.57,27.49
FLNT,2024-06-26,28.416875,29.13,27.47
FLNT,2024-06-27,28.280625,28.67,27.79
FLNT,2024-06-28,28.0973913043478,28.35,27.8
FLNT,2024-06-29,28.4529787234043,29.04,27.8
FLNT,2024-06-30,28.4232,28.94,27.85
FLNT,2024-07-24,28.8929545454545,29.32,28.02
FLNT,2024-07-25,28.87,29.29,28.14
FLNT,2024-07-26,28.8720833333333,29.48,28.01
FLNT,2024-07-27,29.289375,29.83,28.51
FLNT,2024-07-28,29.2095833333333,29.77,28.6
FLNT,2024-07-29,29.3779166666667,29.96,28.59
FLNT,2024-07-30,29.39,29.99,28.73
FLNT,2024-07-31,29.218125,29.61,28.68
FLNT,2024-08-01,29.7444444444444,30.46,29.09
FLNT,2024-08-02,29.945625,30.35,29.53
FLNT,2024-08-03,29.7752083333333,30.21,29.18
FLNT,2024-08-04,29.53875,30.04,28.99
FLNT,2024-08-05,29.4402083333333,29.83,28.94
FLNT,2024-08-06,28.7742222222222,29.03,28.2
FLNT,2024-08-07,28.7408333333333,29.22,28.19
FLNT,2024-08-08,28.6741666666667,29.12,28.26
FLNT,2024-08-09,28.7641304347826,29.21,28.26
FLNT,2024-08-10,28.650625,29.16,27.97
FLNT,2024-08-11,28.5752083333333,29.11,27.88
FLNT,2024-08-12,28.7066666666667,29.36,28
FLNT,2024-08-13,28.7572916666667,29.32,28.09
FLNT,2024-08-14,28.9134042553191,29.59,28.24
FLNT,2024-08-15,28.6966666666667,29.23,28
FLNT,2024-08-16,28.6566666666667,29.41,27.82
FLNT,2024-08-17,28.4502083333333,29.16,27.71
FLNT,2024-08-18,28.5589130434783,29.27,27.65
FLNT,2024-08-19,28.8191666666667,29.58,27.99
FLNT,2024-08-20,28.4889583333333,29.07,27.67
FLNT,2024-08-21,28.6008333333333,29.33,27.58
FLNT,2024-08-22,28.75,29.35,28.1
FLNT,2024-08-23,28.2389130434783,28.84,27.34
FLNT,2024-08-24,27.773125,28.41,27.02
FLNT,2024-08-25,27.59625,28.27,26.91
FLNT,2024-08-26,27.5733333333333,28.22,26.85
FLNT,2024-08-27,27.70125,28.23,26.95
FLNT,2024-08-28,28.0560869565217,28.63,27.23
FLNT,2024-08-29,28.3972916666667,28.94,27.5
FLNT,2024-08-30,28.5039583333333,29.06,27.98
FLNT,2024-08-31,28.5920833333333,29.13,27.98
FLNT,2024-09-01,28.6460869565217,29.19,28.02
FLNT,2024-09-02,28.6139583333333,29.19,28.02
FLNT,2024-09-03,28.18125,28.87,27.53
FLNT,2024-09-04,27.846875,28.36,27.2
FLNT,2024-09-05,27.235,27.44,26.94
FLNT,2024-09-06,26.7683333333333,27.01,26.48
FLNT,2024-09-07,25.996875,26.46,25.48
FLNT,2024-09-08,25.4947916666667,25.66,25.41
FLNT,2024-09-09,25.7079166666667,25.87,25.42
FLNT,2024-09-10,25.423,25.57,25.01
FLNT,2024-09-11,25.26,25.56,24.85
FLNT,2024-09-12,24.7160416666667,24.96,24.34
FLNT,2024-09-13,24.5173913043478,24.74,24.27
FLNT,2024-09-14,24.7902083333333,25.06,24.46
FLNT,2024-09-15,24.8529166666667,25.2,24.47
FLNT,2024-09-16,24.815652173913,25.22,24.39
FLNT,2024-09-17,24.6681818181818,24.94,24.36
FLNT,2024-09-18,25.0382978723404,25.41,24.35
FLNT,2024-09-19,25.43875,26.05,24.73
FLNT,2024-09-20,25.2766666666667,25.79,24.69
FLNT,2024-09-21,25.4558333333333,26,24.75
FLNT,2024-09-22,25.7295652173913,26.28,25.05
FLNT,2024-09-23,25.9114583333333,26.47,25.21
FLNT,2024-09-24,26.2947916666667,26.9,25.51
FLNT,2024-09-25,26.560652173913,27.08,25.82
FLNT,2024-09-26,26.0695833333333,26.41,25.65
FLNT,2024-09-27,26.4625,27.24,25.64
FLNT,2024-09-28,26.3697916666667,26.75,25.74
FLNT,2024-09-29,25.640652173913,25.99,25.21
FLNT,2024-09-30,25.300625,25.7,24.77
FLNT,2024-10-01,24.921875,25.31,24.53
FLNT,2024-10-02,24.756875,25.08,24.42
FLNT,2024-10-03,24.6783333333333,25.14,24.19
FLNT,2024-10-04,24.2402127659574,24.48,24.05
FLNT,2024-10-05,24.2415909090909,24.37,24.13
FLNT,2024-10-06,24.1326086956522,24.28,23.99
FLNT,2024-10-07,23.9937837837838,24.15,23.74
FLNT,2024-10-08,23.8734615384615,24.19,23.62
FLNT,2024-10-09,23.9310416666667,24.27,23.59
FLNT,2024-10-10,23.436170212766,23.7,22.93
FLNT,2024-10-11,22.8622916666667,23.31,22.22
FLNT,2024-10-12,22.403125,22.88,21.75
FLNT,2024-10-13,22.194375,22.75,21.49
FLNT,2024-10-14,22.0841666666667,22.6,21.44
FLNT,2024-10-15,22.0770212765957,22.64,21.44
FLNT,2024-10-16,21.6324390243902,21.95,20.9
FLNT,2024-10-17,20.7563043478261,21.08,20.14
FLNT,2024-10-18,20.0691666666667,20.58,19.33
FLNT,2024-10-19,19.6910416666667,20.13,19.22
FLNT,2024-10-20,19.75125,20.29,19.22
FLNT,2024-10-21,19.6872916666667,20.21,19.14
FLNT,2024-10-22,19.535625,20.01,19.04
FLNT,2024-10-23,19.8379166666667,20.3,19.03
FLNT,2024-10-24,20.3065217391304,20.76,19.56
FLNT,2024-10-25,20.530625,20.98,19.86
FLNT,2024-10-26,20.6845833333333,21.16,20.11
FLNT,2024-10-27,20.91625,21.43,20.22
FLNT,2024-10-28,21.1033333333333,21.63,20.38
FLNT,2024-10-29,21.18,21.56,20.87
FLNT,2024-10-30,21.3766666666667,21.76,20.86
FLNT,2024-10-31,21.5216666666667,21.91,21.13
FLNT,2024-11-01,21.676875,22.05,21.13
FLNT,2024-11-02,21.689375,22.03,21.21
FLNT,2024-11-03,21.84,22.13,21.28
FLNT,2024-11-04,22.0510416666667,22.35,21.59
FLNT,2024-11-05,22.0155319148936,22.34,21.65
FLNT,2024-11-06,22.0941666666667,22.43,21.61
FLNT,2024-11-07,22.3467391304348,22.5,22.01
FLNT,2024-11-08,22.52,22.63,22.39
FLNT,2024-11-09,22.5782978723404,22.76,22.32
FLNT,2024-11-10,22.5239583333333,22.75,22.31
FLNT,2024-11-11,22.4836956521739,22.63,22.31
FLNT,2024-11-12,22.3847916666667,22.61,22.04
FLNT,2024-11-13,22.3754166666667,22.64,22.03
FLNT,2024-11-14,22.0891304347826,22.38,21.65
FLNT,2024-11-15,21.5429166666667,21.83,20.89
FLNT,2024-11-16,20.7764583333333,21.22,19.99
FLNT,2024-11-17,20.1689583333333,20.64,19.55
FLNT,2024-11-18,19.9485416666667,20.37,19.41
FLNT,2024-11-19,19.8821739130435,20.2,19.42
FLNT,2024-11-20,19.9624390243902,20.1,19.72
FLNT,2024-11-21,20.0564583333333,20.59,19.2
FLNT,2024-11-22,18.880625,19.41,17.89
FLNT,2024-11-23,17.780625,18.21,17.02
FLNT,2024-11-24,17.0197916666667,17.39,16.49
FLNT,2024-11-25,16.4885416666667,16.8,16.08
FLNT,2024-11-26,16.235652173913,16.48,15.97
FLNT,2024-11-27,16.5314583333333,17,16.14
FLNT,2024-11-28,16.7847916666667,17.05,16.36
FLNT,2024-11-29,17.1089583333333,17.48,16.58
FLNT,2024-11-30,16.3727083333333,16.77,15.46
FLNT,2024-12-01,15.1653333333333,15.59,14.38
FLNT,2024-12-02,14.666875,15.04,14.24
FLNT,2024-12-03,14.3910416666667,14.81,13.78
FLNT,2024-12-04,13.7160416666667,14.17,13.03
FLNT,2024-12-05,13.4047826086957,13.72,12.89
FLNT,2024-12-06,13.5833333333333,14.04,12.97
FLNT,2024-12-07,12.8335416666667,13.21,12.07
FLNT,2024-12-08,12.0175,12.41,11.6
FLNT,2024-12-09,12.3209756097561,12.74,11.55
FLNT,2024-12-10,13.1436363636364,13.29,12.75
FLNT,2024-12-11,13.4586363636364,13.84,12.92
FLNT,2024-12-12,12.915,13.12,12.75
FLNT,2024-12-13,12.9579166666667,13.48,12.11
FLNT,2024-12-14,12.4718181818182,12.73,12.01
FLNT,2024-12-15,12.9547826086957,13.4,12.37
FLNT,2024-12-16,12.3583333333333,12.61,12.08
FLNT,2024-12-17,12.2420454545455,12.37,12.06
FLNT,2024-12-18,12.705,12.94,12.24
FLNT,2024-12-19,13.0826666666667,13.28,12.85
FLNT,2024-12-20,13.2208333333333,13.36,12.99
FLNT,2024-12-21,13.44375,13.76,13.09
FLNT,2024-12-22,13.1,13.54,12.47
FLNT,2024-12-23,12.4046808510638,12.72,11.98
FLNT,2024-12-24,12.3714893617021,12.68,11.98
FLNT,2024-12-25,12.0852083333333,12.42,11.63
FLNT,2024-12-26,12.1741666666667,12.45,11.62
FLNT,2024-12-27,12.2971111111111,12.48,11.99
FLNT,2024-12-28,12.6555319148936,12.92,12.25
FLNT,2024-12-29,13.0827083333333,13.52,12.49
FLNT,2024-12-30,13.6208333333333,14.01,13.05
FLNT,2024-12-31,13.3213043478261,13.71,12.97
FLNT,2025-01-01,13.6075,13.97,12.99
FLNT,2025-01-02,13.4710416666667,13.95,12.81
FLNT,2025-01-03,12.59625,12.89,12.1
FLNT,2025-01-04,12.0908333333333,12.39,11.66
FLNT,2025-01-05,11.6271739130435,11.95,11.29
FLNT,2025-01-06,11.5936956521739,11.8,11.25
FLNT,2025-01-07,11.9297916666667,12.3,11.47
FLNT,2025-01-08,11.5040425531915,12.02,10.65
FLNT,2025-01-09,10.8504166666667,11.11,10.55
FLNT,2025-01-10,10.846875,11.43,10.1
FLNT,2025-01-11,10.2272093023256,10.28,10.1
FLNT,2025-01-12,9.97090909090909,10.33,9.06
FLNT,2025-01-13,9.33270833333333,9.55,8.94
FLNT,2025-01-14,9.58085106382979,9.79,9.24
FLNT,2025-01-15,9.47909090909091,9.81,9.05
FLNT,2025-01-16,9.321875,9.6,9.04
FLNT,2025-01-17,9.83270833333333,10.26,9.23
FLNT,2025-01-18,9.75674418604651,9.99,9.27
FLNT,2025-01-19,10.2363829787234,10.46,9.88
FLNT,2025-01-20,10.634375,11.05,10.15
FLNT,2025-01-21,10.0779166666667,10.52,9.33
FLNT,2025-01-22,8.59847826086957,9.3,7.94
FLNT,2025-01-23,7.91645833333333,8.31,7.37
FLNT,2025-01-24,7.66145833333333,8.08,7.06
FLNT,2025-01-25,6.85191489361702,7.18,6.48
FLNT,2025-01-26,6.96229166666667,7.42,6.49
FLNT,2025-01-27,7.510625,7.92,6.6
FLNT,2025-01-28,8.03409090909091,8.17,7.62
FLNT,2025-01-29,8.4354347826087,8.79,7.99
FLNT,2025-01-30,9.27416666666667,9.79,8.21
FLNT,2025-01-31,9.99625,10.47,9.24
FLNT,2025-02-01,10.5532608695652,10.89,9.79
FLNT,2025-02-02,11.1369565217391,11.49,10.41
FLNT,2025-02-03,11.5797916666667,12.01,11.14
FLNT,2025-02-04,11.9325,12.28,11.35
FLNT,2025-02-05,12.5006976744186,12.85,11.88
FLNT,2025-02-06,12.7858333333333,13.04,12.36
FLNT,2025-02-07,13.6035416666667,13.91,12.94
FLNT,2025-02-08,13.8539583333333,14.02,13.72
FLNT,2025-02-09,14.6837777777778,15,13.8
FLNT,2025-02-10,15.5802083333333,15.94,14.8
FLNT,2025-02-11,16.118125,16.48,15.5
FLNT,2025-02-12,16.1082978723404,16.23,15.87
FLNT,2025-02-13,16.7276086956522,17.05,16.1
FLNT,2025-02-14,16.931875,17.14,16.47
FLNT,2025-02-15,16.8564583333333,17.3,16.4
FLNT,2025-02-16,16.8852083333333,17.11,16.7
FLNT,2025-02-17,16.8441666666667,17.18,16.23
FLNT,2025-02-18,16.0426666666667,16.61,15.29
FLNT,2025-02-19,15.4216666666667,15.74,15.14
FLNT,2025-02-20,14.7647826086957,15.11,14.47
FLNT,2025-02-21,14.0577083333333,14.56,13.03
FLNT,2025-02-22,12.4782608695652,12.97,11.55
FLNT,2025-02-23,11.4733333333333,11.94,10.88
FLNT,2025-02-24,10.9784444444444,11.17,10.81
FLNT,2025-02-25,11.4445833333333,11.68,10.91
FLNT,2025-02-26,12.6640425531915,13.15,11.69
FLNT,2025-02-27,13.47375,13.86,12.81
FLNT,2025-02-28,14.1010416666667,14.59,13.55
FLNT,2025-03-01,14.54125,15.03,13.85
FLNT,2025-03-02,14.9023913043478,15.45,14.26
FLNT,2025-03-03,14.7654166666667,15.37,13.97
FLNT,2025-03-04,14.2658333333333,14.66,13.82
FLNT,2025-03-05,14.885625,15.28,13.82
FLNT,2025-03-06,15.4404166666667,16.04,14.75
FLNT,2025-03-07,15.1124444444444,15.72,14.5
FLNT,2025-03-08,15.09625,15.51,14.49
FLNT,2025-03-09,15.6789583333333,16.09,14.98
FLNT,2025-03-10,15.5272340425532,15.73,15.28
FLNT,2025-03-11,15.0854166666667,15.33,14.55
FLNT,2025-03-12,14.9845652173913,15.37,14.47
FLNT,2025-03-13,15.4079166666667,15.89,14.93
FLNT,2025-03-14,15.6927083333333,16.1,15
FLNT,2025-03-15,16.1539130434783,16.42,15.63
FLNT,2025-03-16,17.043125,17.37,16.33
FLNT,2025-03-17,17.9827659574468,18.4,17.36
FLNT,2025-03-18,17.6989583333333,18.31,16.98
FLNT,2025-03-19,17.3760416666667,17.9,16.95
FLNT,2025-03-20,17.4442222222222,17.86,17.1
FLNT,2025-03-21,17.4241666666667,17.89,17.02
FLNT,2025-03-22,17.075,17.58,16.61
FLNT,2025-03-23,16.9675,17.42,16.56
FLNT,2025-03-24,17.3960416666667,17.85,16.68
FLNT,2025-03-25,17.4029166666667,17.53,17.26
FLNT,2025-03-26,17.2733333333333,17.3,17.24
FLNT,2025-04-01,19.9224324324324,20.29,19.48
FLNT,2025-04-02,20.00125,20.44,19.44
FLNT,2025-04-03,20.9324444444444,21.41,20.11
FLNT,2025-04-04,21.4789361702128,21.82,21
FLNT,2025-04-05,22.210625,22.61,21.61
FLNT,2025-04-06,22.6504166666667,23.1,22.23
FLNT,2025-04-07,22.8695833333333,23.23,22.49
FLNT,2025-04-08,22.3775,22.78,21.8
FLNT,2025-04-09,21.8241304347826,22.38,21.02
FLNT,2025-04-10,21.2616666666667,21.68,20.87
FLNT,2025-04-11,21.321875,21.91,20.86
FLNT,2025-04-12,21.0947916666667,21.51,20.78
FLNT,2025-04-13,20.8535416666667,21.38,20.28
FLNT,2025-04-14,20.2997916666667,20.93,19.43
FLNT,2025-04-15,19.5427083333333,20.1,19.05
FLNT,2025-04-16,19.2091666666667,19.6,18.58
FLNT,2025-04-17,18.9633333333333,19.42,18.55
FLNT,2025-04-18,19.2052083333333,19.66,18.59
FLNT,2025-04-19,19.8947916666667,20.38,19.05
FLNT,2025-04-20,20.6047916666667,21.08,19.78
FLNT,2025-04-21,21.2135416666667,21.64,20.68
FLNT,2025-04-22,21.4979166666667,21.96,21.05
FLNT,2025-04-23,21.6616666666667,22.11,21.09
FLNT,2025-04-24,21.99125,22.52,21.22
FLNT,2025-04-25,22.3429166666667,22.85,21.62
FLNT,2025-04-26,22.6914583333333,23.2,21.93
FLNT,2025-04-27,23.3389583333333,23.96,22.33
FLNT,2025-04-28,23.8439583333333,24.42,22.9
FLNT,2025-04-29,23.9170833333333,24.42,23.46
FLNT,2025-04-30,23.956875,24.43,23.48
FLNT,2025-05-01,24.236875,24.68,23.53
FLNT,2025-05-02,24.5760416666667,25.09,23.8
FLNT,2025-05-03,24.9227083333333,25.56,24.17
FLNT,2025-05-04,24.4154166666667,24.71,23.88
FLNT,2025-05-05,24.3883333333333,25.12,23.39
FLNT,2025-05-06,23.9527083333333,24.59,23.25
FLNT,2025-05-07,23.6997777777778,24.12,23.17
FLNT,2025-05-08,23.5825,23.83,23.16
FLNT,2025-05-09,24.4583333333333,25.07,23.6
FLNT,2025-05-10,24.623125,24.94,24.2
FLNT,2025-05-11,24.6241666666667,24.95,24.19
FLNT,2025-05-12,24.4935416666667,24.69,24.28
FLNT,2025-05-13,24.4583333333333,24.79,23.95
FLNT,2025-05-14,24.2758333333333,24.78,23.72
FLNT,2025-05-15,24.350625,24.85,23.7
FLNT,2025-05-16,24.6721276595745,25.12,24.09
FLNT,2025-05-17,25.2216666666667,25.71,24.52
FLNT,2025-05-18,25.4154166666667,25.79,25.01
FLNT,2025-05-19,25.4175,25.83,25.05
FLNT,2025-05-20,25.605,26.13,25.05
FLNT,2025-05-21,25.8181818181818,26.25,25.17
FLNT,2025-05-22,26.0220833333333,26.6,25.2
FLNT,2025-05-23,26.096875,26.75,25.19
FLNT,2025-05-24,26.3539583333333,26.99,25.72
FLNT,2025-05-25,26.35375,26.84,25.74
FLNT,2025-05-26,26.6560416666667,27.16,26.07
FLNT,2025-05-27,27.0835416666667,27.72,26.32
FLNT,2025-05-28,27.2822916666667,27.82,26.53
FLNT,2025-05-29,27.6304166666667,28.24,26.96
FLNT,2025-05-30,27.0560416666667,27.44,26.61
FLNT,2025-05-31,26.9891666666667,27.45,26.53
FLNT,2025-06-01,26.54875,26.95,25.97
FLNT,2025-06-02,26.1822916666667,26.62,25.82
FLNT,2025-06-03,26.19875,26.69,25.79
FLNT,2025-06-04,26.1890909090909,26.6,25.78
FLNT,2025-06-05,26.2186046511628,26.72,25.82
FLNT,2025-06-06,26.1766666666667,26.75,25.72
FLNT,2025-06-07,26.0495833333333,26.42,25.68
FLNT,2025-06-08,26.35,26.84,25.83
FLNT,2025-06-09,26.6265957446809,27.06,26.1
FLNT,2025-06-10,26.5704255319149,27,25.99
FLNT,2025-06-11,26.8358333333333,27.27,26.01
FLNT,2025-06-12,26.6444444444444,26.91,26.51
FLNT,2025-06-18,27.4673684210526,27.7,27.31
FLNT,2025-06-19,27.9695833333333,28.6,27.31
FLNT,2025-06-20,27.8179166666667,28.31,27.38
FLNT,2025-06-21,28.1691666666667,28.66,27.41
FLNT,2025-06-22,28.4319565217391,28.83,27.92
FLNT,2025-06-23,28.8529166666667,29.25,28.22
FLNT,2025-06-24,29.28875,29.72,28.64
FLNT,2025-06-25,29.6833333333333,30.22,29.12
FLNT,2025-06-26,29.6289583333333,30.32,28.79
FLNT,2025-06-27,28.8861904761905,29.31,28.47
FLNT,2025-06-28,29.1952083333333,29.74,28.61
FLNT,2025-06-29,29.181914893617,29.67,28.48
FLNT,2025-06-30,29.3070833333333,29.64,28.48
FLNT,2025-07-01,29.955,30.38,29.48
FLNT,2025-07-02,30.0254347826087,30.45,29.57
FLNT,2025-07-03,29.7325,30.11,29.28
FLNT,2025-07-04,29.6866666666667,30.25,29.18
FLNT,2025-07-05,29.6572916666667,30.03,29.18
FLNT,2025-07-06,29.7310416666667,30.14,29.33
FLNT,2025-07-07,29.6775,30.12,29.05
FLNT,2025-07-08,29.3620833333333,29.8,28.94
FLNT,2025-07-09,29.7058333333333,30.24,28.95
FLNT,2025-07-10,29.3583333333333,29.69,28.88
FLNT,2025-07-11,29.1060416666667,29.8,28.26
FLNT,2025-07-12,28.7952083333333,29.16,28.24
FLNT,2025-07-13,29.2320833333333,29.76,28.27
FLNT,2025-07-14,29.3385416666667,29.94,28.88
FLNT,2025-07-15,29.7086206896552,30.16,28.89
FLNT,2025-07-16,30.399375,30.9,29.59
FLNT,2025-07-17,30.2204255319149,30.65,29.42
FLNT,2025-07-18,29.1989130434783,29.64,28.32
FLNT,2025-07-19,29.1425,29.67,28.31
FLNT,2025-07-20,29.2139583333333,29.73,28.59
FLNT,2025-07-21,29.5914583333333,30.25,28.54
FLNT,2025-07-22,30.5225,30.97,29.71
FLNT,2025-07-23,29.8653191489362,30.28,29.04
FLNT,2025-07-24,29.185,29.81,28.58
FLNT,2025-07-25,29.1345833333333,29.6,28.54
FLNT,2025-07-26,29.0235416666667,29.44,28.49
FLNT,2025-07-27,29.1877083333333,29.83,28.47
FLNT,2025-07-28,29.924375,30.58,28.69
FLNT,2025-07-29,30.5939583333333,31.08,29.85
FLNT,2025-07-30,30.4902083333333,30.89,29.85
FLNT,2025-07-31,30.2941666666667,31.09,29.61
FLNT,2025-08-01,30.4675,30.89,29.59
FLNT,2025-08-02,30.7302083333333,31.44,29.9
FLNT,2025-08-03,30.0797916666667,30.77,29.49
FLNT,2025-08-04,30.1375,30.59,29.5
FLNT,2025-08-05,29.3245833333333,29.78,28.7
FLNT,2025-08-06,28.6975555555556,29.12,28.17
FLNT,2025-08-07,27.7902083333333,28.14,27.01
FLNT,2025-08-08,27.34,27.75,26.96
FLNT,2025-08-09,27.4214583333333,27.73,27.06
FLNT,2025-08-10,27.5368085106383,27.76,27.27
FLNT,2025-08-11,27.4852083333333,27.7,27.24
FLNT,2025-08-12,27.51625,27.8,27.27
FLNT,2025-08-13,27.576170212766,27.83,27.26
FLNT,2025-08-14,27.6266666666667,27.91,27.38
FLNT,2025-08-15,27.804375,28.32,27.33
FLNT,2025-08-16,28.03625,28.51,27.35
FLNT,2025-08-17,28.6579166666667,29.12,28.03
FLNT,2025-08-18,28.7479166666667,29.05,28.33
FLNT,2025-08-19,28.9079166666667,29.4,28.4
FLNT,2025-08-20,28.980625,29.37,28.38
FLNT,2025-08-21,29.0716666666667,29.46,28.44
FLNT,2025-08-22,28.935625,29.4,28.41
FLNT,2025-08-23,29.0985416666667,29.8,28.37
FLNT,2025-08-24,28.915625,29.27,28.46
FLNT,2025-08-25,29.1839583333333,29.69,28.57
FLNT,2025-08-26,29.2910416666667,29.78,28.7
FLNT,2025-09-10,26.484358974359,26.89,25.74
FLNT,2025-09-11,26.10625,26.71,25.32
FLNT,2025-09-12,25.8391666666667,26.39,25.14
FLNT,2025-09-13,25.6564583333333,26.13,25.02
FLNT,2025-09-14,25.4697916666667,25.97,24.8
FLNT,2025-09-15,25.3620833333333,25.88,24.67
FLNT,2025-09-16,25.2191666666667,25.72,24.6
FLNT,2025-09-17,25.3835416666667,25.9,24.49
FLNT,2025-09-18,25.5252083333333,25.88,24.79
FLNT,2025-09-19,25.959375,26.39,25.24
FLNT,2025-09-20,25.995,26.46,25.51
FLNT,2025-09-21,26.135625,26.54,25.47
FLNT,2025-09-22,26.41125,26.91,25.66
FLNT,2025-09-23,26.5054166666667,26.99,25.86
FLNT,2025-09-24,26.6293181818182,26.87,26.12
FLNT,2025-09-25,26.85125,27.31,26.2
FLNT,2025-09-26,26.8620833333333,27.21,26.44
FLNT,2025-09-27,26.4172916666667,26.6,26.03
FLNT,2025-09-28,26.4927083333333,26.89,25.92
FLNT,2025-09-29,26.549375,27.03,26.02
FLNT,2025-09-30,26.2947916666667,26.71,25.87
FLNT,2025-10-01,25.8027083333333,26.1,25.11
FLNT,2025-10-02,25.2575,25.79,24.43
FLNT,2025-10-03,24.638125,25.1,24.03
FLNT,2025-10-04,24.4408333333333,24.84,23.91
FLNT,2025-10-05,24.2479166666667,24.51,23.87
FLNT,2025-10-06,24.1152083333333,24.33,23.84
FLNT,2025-10-07,24.2627083333333,24.58,23.86
FLNT,2025-10-08,24.3908888888889,24.66,23.95
FLNT,2025-10-09,24.7754166666667,25.1,24.13
FLNT,2025-10-10,24.2164583333333,24.51,23.54
FLNT,2025-10-11,23.28375,23.77,22.5
FLNT,2025-10-12,22.81375,23.26,22.25
FLNT,2025-10-13,22.2910416666667,22.63,21.8
FLNT,2025-10-14,22.49125,23.01,21.71
FLNT,2025-10-15,22.6272093023256,22.98,21.92
FLNT,2025-10-16,22.6710416666667,23.08,22.01
FLNT,2025-10-17,22.863125,23.28,22.08
FLNT,2025-10-18,23.0033333333333,23.42,22.45
FLNT,2025-10-19,22.9002083333333,23.3,22.36
FLNT,2025-10-20,22.1422916666667,22.45,21.61
FLNT,2025-10-21,21.6722916666667,22.14,20.87
FLNT,2025-10-22,21.5127083333333,21.95,20.7
FLNT,2025-10-23,21.45875,22.03,20.64
FLNT,2025-10-24,20.7485416666667,21.1,20.23
FLNT,2025-10-25,20.5375,20.93,20.01
FLNT,2025-10-26,20.4870833333333,20.75,19.85
FLNT,2025-10-27,20.4964583333333,20.61,20.29
FLNT,2025-10-28,20.1845833333333,20.41,19.83
FLNT,2025-10-29,19.480625,19.8,19.04
FLNT,2025-10-30,18.8985416666667,19.32,18.19
FLNT,2025-10-31,17.8710416666667,18.16,17.23
FLNT,2025-11-01,17.6175,18.1,17.06
FLNT,2025-11-02,17.330625,17.73,16.71
FLNT,2025-11-03,16.894375,17.22,16.39
FLNT,2025-11-04,16.959375,17.52,16.29
FLNT,2025-11-05,16.9185416666667,17.4,16.2
FLNT,2025-11-06,17.205625,17.62,16.31
FLNT,2025-11-07,17.7,18.01,17.11
FLNT,2025-11-08,18.089375,18.51,17.29
FLNT,2025-11-09,18.8158333333333,19.14,18.18
FLNT,2025-11-10,18.85875,19.33,17.71
FLNT,2025-11-11,16.9777083333333,17.62,15.97
FLNT,2025-11-12,15.6859090909091,15.98,15.14
FLNT,2025-11-13,15.424375,15.66,14.97
FLNT,2025-11-14,15.7695833333333,16.13,15.11
FLNT,2025-11-15,15.8660416666667,16.38,15.23
FLNT,2025-11-16,16.054375,16.38,15.23
FLNT,2025-11-17,16.5433333333333,16.87,15.98
FLNT,2025-11-18,16.1841666666667,16.67,15.5
FLNT,2025-11-19,16.1741666666667,16.52,15.39
FLNT,2025-11-20,16.7237209302326,17.07,15.95
FLNT,2025-11-21,17.3427083333333,17.62,16.73
FLNT,2025-11-22,17.6146808510638,17.86,17.14
FLNT,2025-11-23,18.25125,18.54,17.69
FLNT,2025-11-24,18.38,18.81,17.71
FLNT,2025-11-25,18.1823404255319,18.47,17.54
FLNT,2025-11-26,18.66375,18.96,18.03
FLNT,2025-11-27,18.9539583333333,19.33,18.26
FLNT,2025-11-28,17.8027083333333,18.29,16.67
FLNT,2025-11-29,16.3166666666667,16.82,15.37
FLNT,2025-11-30,15.4477083333333,15.64,15.11
FLNT,2025-12-01,15.8272916666667,16.17,15.17
FLNT,2025-12-02,16.0333333333333,16.28,15.8
FLNT,2025-12-03,15.66375,16.14,15.07
FLNT,2025-12-04,14.570833333333301,15.11,14.14
FLNT,2025-12-05,14.09,14.13,14.06
FLNT,2025-12-17,11.3335714285714,11.68,10.95
FLNT,2025-12-18,10.8975,10.93,10.88
FLNT,2025-12-19,12.6302631578947,13.23,11.83
FLNT,2025-12-20,13.0366666666667,13.81,11.79
FLNT,2025-12-21,12.116875,12.52,11.54
FLNT,2025-12-22,11.850625,12.11,11.35
FLNT,2025-12-23,12.5291304347826,12.77,11.97
FLNT,2025-12-24,13.1470212765957,13.48,12.5
FLNT,2025-12-25,13.685,14.12,13
FLNT,2025-12-26,13.94,14.58,13.36
FLNT,2025-12-27,14.2616666666667,14.72,13.47
FLNT,2025-12-28,14.8402083333333,15.17,14.39
FLNT,2025-12-29,15.1664583333333,15.59,14.76
FLNT,2025-12-30,14.9383333333333,15.51,13.91
FLNT,2025-12-31,13.7280434782609,14.01,13.19
FLNT,2026-01-01,13.1166666666667,13.36,12.87
LIRO,2017-10-11,14.5925,14.78,14.42
LIRO,2017-10-12,14.61125,15.1,14.3
LIRO,2017-10-13,14.1760416666667,14.3,14.01
LIRO,2017-10-14,13.9331818181818,14.38,13.54
LIRO,2017-10-15,13.3895833333333,13.64,12.96
LIRO,2017-10-16,12.7163829787234,13,12.32
LIRO,2017-10-17,12.3210416666667,12.64,11.96
LIRO,2017-10-18,12.313125,12.87,11.92
LIRO,2017-10-19,12.2129166666667,12.69,11.86
LIRO,2017-10-20,12.0502083333333,12.43,11.73
LIRO,2017-10-21,12.3314583333333,12.9,11.73
LIRO,2017-10-22,12.715,13.2,12.25
LIRO,2017-10-23,12.4715909090909,12.79,11.98
LIRO,2017-11-11,2.92,3.28,2.7
LIRO,2017-11-12,2.40658536585366,2.72,0.51
LIRO,2017-11-13,2.27277777777778,2.46,1.9
LIRO,2018-07-10,26.383,26.99,25.66
LIRO,2018-07-11,26.3902083333333,27.8,25.44
LIRO,2018-07-12,25.4220833333333,26.42,24.7
LIRO,2018-07-13,24.8072916666667,25.24,24.52
LIRO,2018-07-14,24.9576086956522,27.48,24.32
LIRO,2018-07-15,27.078125,29.69,25.54
LIRO,2018-07-16,27.0522916666667,28.51,25.83
LIRO,2018-07-17,25.7558823529412,27.05,24.74
LIRO,2018-07-18,25.1968181818182,26,24.33
LIRO,2018-07-19,25.5508333333333,27.01,24.27
LIRO,2018-07-20,25.3975,26.1,24.53
LIRO,2018-07-21,24.068125,24.81,23.18
LIRO,2018-07-22,22.7704166666667,23.16,22.2
LIRO,2018-07-23,23.0393617021277,24.15,22.1
LIRO,2018-07-24,24.0789361702128,25.52,22.47
LIRO,2018-07-25,24.4664583333333,25.64,23.38
LIRO,2018-07-26,23.7832558139535,24.66,23
LIRO,2018-07-27,22.819375,23.34,22.25
LIRO,2018-07-28,22.406875,22.9,21.84
LIRO,2018-07-29,22.8612765957447,24.08,21.82
LIRO,2018-07-30,23.116,24.31,21.99
LIRO,2018-07-31,23.7133333333333,25.74,22.12
LIRO,2018-08-01,24.5326829268293,26.4,22.78
LIRO,2018-08-02,23.2152083333333,23.74,22.19
LIRO,2018-08-03,21.9471428571429,22.27,21.41
LIRO,2018-08-04,21.8727083333333,22.36,21.35
LIRO,2018-08-05,22.0375,22.74,21.56
LIRO,2018-08-06,22.9825,24.65,21.6
LIRO,2018-08-07,23.3856818181818,24.6,22.35
LIRO,2018-08-08,23.7893333333333,25.56,22.31
LIRO,2018-08-09,24.1354761904762,25.4,22.87
LIRO,2018-08-10,24.7317073170732,26.64,23.54
LIRO,2018-08-11,25.0425581395349,26.64,23.77
LIRO,2018-08-12,25.6114285714286,27.45,24.07
LIRO,2018-08-13,26.0155555555556,28.4,24.57
LIRO,2018-08-14,26.2629166666667,27.81,25.06
LIRO,2018-08-15,26.0384444444444,27.31,25.33
LIRO,2018-08-16,26.0372340425532,27.01,25.28
LIRO,2018-08-17,25.9883333333333,27.14,25.2
LIRO,2018-08-18,25.5616666666667,26.41,24.71
LIRO,2018-08-19,24.9204255319149,25.97,24.23
LIRO,2018-08-20,24.835,25.77,24.17
LIRO,2018-08-21,24.27125,24.89,23.67
LIRO,2018-08-22,23.1745833333333,23.63,22.43
LIRO,2018-08-23,22.9225,24.09,22.09
LIRO,2018-08-24,22.7245833333333,23.65,22.06
LIRO,2018-08-25,21.8089583333333,22.16,21.47
LIRO,2018-08-26,22.069375,22.92,21.46
LIRO,2018-08-27,22.183829787234,22.9,21.46
LIRO,2018-08-28,22.3597872340426,23.1,21.9
LIRO,2018-08-29,22.0611111111111,22.6,21.38
LIRO,2018-08-30,21.3052083333333,21.74,20.69
LIRO,2018-08-31,21.3922916666667,22.07,20.65
LIRO,2018-09-01,21.5195833333333,22.06,20.83
LIRO,2018-09-02,22.2266666666667,23.14,21.37
LIRO,2018-09-03,22.0383333333333,22.48,21.43
LIRO,2018-09-04,22.4214583333333,23.29,21.38
LIRO,2018-09-05,22.1833333333333,22.47,21.87
LIRO,2018-09-06,21.4260416666667,21.85,20.69
LIRO,2018-09-07,21.2695833333333,22.35,20.5
LIRO,2018-09-08,21.0064583333333,21.76,20.37
LIRO,2018-09-09,20.7264583333333,21.57,20.01
LIRO,2018-09-10,20.37875,21.16,19.72
LIRO,2018-09-11,20.4214583333333,21.69,19.64
LIRO,2018-09-12,20.5872916666667,21.68,19.78
LIRO,2018-09-13,20.8134042553191,22.09,19.91
LIRO,2018-09-14,21.0822916666667,21.91,20.23
LIRO,2018-09-15,21.9723404255319,23.18,20.64
LIRO,2018-09-16,22.7273913043478,23.78,21.37
LIRO,2018-09-17,22.9422916666667,23.95,22.01
LIRO,2018-09-18,22.5104166666667,23.78,21.52
LIRO,2018-09-19,20.9754166666667,21.49,20.33
LIRO,2018-09-20,20.0179166666667,20.31,19.69
LIRO,2018-09-21,19.36125,19.68,19.04
LIRO,2018-09-22,18.50125,19.01,17.78
LIRO,2018-09-23,17.9485416666667,18.57,17.49
LIRO,2018-09-24,18.056170212766,18.91,17.44
LIRO,2018-09-25,17.8616666666667,18.4,17.51
LIRO,2018-09-26,17.40125,17.7,16.88
LIRO,2018-09-27,16.6785416666667,17.09,16.17
LIRO,2018-09-28,15.9,16.14,15.52
LIRO,2018-09-29,15.260625,15.65,14.69
LIRO,2018-09-30,14.445,14.73,14.06
LIRO,2018-10-01,14.02125,14.34,13.69
LIRO,2018-10-02,13.559375,13.84,13.29
LIRO,2018-10-03,13.380625,13.59,13.21
LIRO,2018-10-04,13.423125,13.96,13.07
LIRO,2018-10-05,12.9908333333333,13.33,12.59
LIRO,2018-10-06,12.2916666666667,12.57,12.07
LIRO,2018-10-07,11.9772340425532,12.13,11.74
LIRO,2018-10-08,11.62875,11.75,11.46
LIRO,2018-10-09,11.5502083333333,11.76,11.38
LIRO,2018-10-10,11.218125,11.38,10.93
LIRO,2018-10-11,10.82375,10.92,10.63
LIRO,2018-10-12,10.319375,10.62,9.91
LIRO,2018-10-13,9.53083333333333,9.91,9.06
LIRO,2018-10-14,9.023125,9.12,8.84
LIRO,2018-10-15,8.66291666666667,8.83,8.33
LIRO,2018-10-16,8.11744680851064,8.37,7.78
LIRO,2018-10-17,7.91604166666667,8.39,7.57
LIRO,2018-10-18,7.43145833333333,7.64,7.1
LIRO,2018-10-19,7.30625,7.59,7.03
LIRO,2018-10-20,7.36854166666667,7.63,7.12
LIRO,2018-10-21,6.953125,7.11,6.69
LIRO,2018-10-22,6.64333333333333,6.82,6.41
LIRO,2018-10-23,6.66895833333333,7.07,6.38
LIRO,2018-10-24,6.508125,6.78,6.24
LIRO,2018-10-25,6.46479166666667,6.71,6.21
LIRO,2018-10-26,6.629375,6.9,6.33
LIRO,2018-10-27,6.78291666666667,7.11,6.43
LIRO,2018-10-28,6.86229166666667,7.14,6.67
LIRO,2018-10-29,6.76666666666667,6.86,6.66
LIRO,2018-10-30,6.67916666666667,6.95,6.46
LIRO,2018-10-31,6.51479166666667,6.61,6.34
LIRO,2018-11-01,6.43333333333333,6.65,6.31
LIRO,2019-04-30,6.57090909090909,6.69,6.39
LIRO,2019-05-01,6.48125,6.71,6.03
LIRO,2019-05-02,6.10255319148936,6.22,5.98
LIRO,2019-05-03,6.43104166666667,6.67,5.95
LIRO,2019-05-04,8.13844444444444,9.07,6.36
LIRO,2019-05-05,10.266875,11.71,8.13
LIRO,2019-05-06,11.1995744680851,12.43,9.79
LIRO,2019-05-07,11.1853191489362,12.31,10.27
LIRO,2019-05-08,11.855,12.94,10.2
LIRO,2019-05-09,10.8477083333333,11.39,10.11
LIRO,2019-05-10,9.48666666666667,10.06,8.84
LIRO,2019-05-11,9.58520833333333,10.43,8.83
LIRO,2019-05-12,10.1002083333333,10.79,9.06
LIRO,2019-05-13,11.1902325581395,12.17,9.94
LIRO,2019-05-14,12.3925,13.58,10.54
LIRO,2019-05-15,13.6142553191489,14.91,11.74
LIRO,2019-05-16,15.0715217391304,16.23,13.25
LIRO,2019-05-17,15.4420833333333,17.36,14.6
LIRO,2019-05-18,15.3614583333333,16.1,14.52
LIRO,2019-05-19,13.7122916666667,14.84,12.56
LIRO,2019-05-20,11.74875,12.49,11.08
LIRO,2019-05-21,12.0145833333333,12.96,11.08
LIRO,2019-05-22,13.0504255319149,13.81,11.71
LIRO,2019-05-23,12.8417021276596,13.23,12.6
LIRO,2019-05-24,12.97,13.41,12.59
LIRO,2019-05-25,12.7491666666667,12.88,12.56
LIRO,2019-05-26,14.592,16.37,12.79
LIRO,2019-05-27,16.014347826087,17.44,14.25
LIRO,2019-05-28,14.990625,15.6,14.36
LIRO,2019-05-29,14.876875,15.43,14.32
LIRO,2019-05-30,16.0728888888889,17.19,14.5
LIRO,2019-05-31,17.0617021276596,18.3,15.33
LIRO,2019-06-01,18.1342222222222,19.56,16.37
LIRO,2019-06-02,17.9936956521739,19.74,16.98
LIRO,2019-06-03,17.6235416666667,18.55,16.92
LIRO,2019-06-04,17.164375,17.6,16.78
LIRO,2019-06-05,18.5535416666667,19.35,16.8
LIRO,2019-06-06,19.1797916666667,20.01,18.41
LIRO,2019-06-07,20.6805128205128,22.79,18.41
LIRO,2019-06-08,21.9991666666667,23.2,20.09
LIRO,2019-06-09,22.7485416666667,23.86,21.42
LIRO,2019-06-10,22.2785416666667,23.75,20.74
LIRO,2019-06-11,21.0270454545455,22.14,20.19
LIRO,2019-06-12,21.0395833333333,21.94,20.18
LIRO,2019-06-13,20.0204166666667,20.54,19.11
LIRO,2019-06-14,19.7075,20.72,19.04
LIRO,2019-06-15,18.6016666666667,19.01,18.16
LIRO,2019-06-16,19.4639583333333,20.64,18.13
LIRO,2019-06-17,20.1452083333333,21.62,18.91
LIRO,2019-06-18,21.020625,22.14,19.41
LIRO,2019-06-19,20.8641666666667,21.51,20.04
LIRO,2019-06-20,21.1889583333333,22.21,20.01
LIRO,2019-06-21,21.0875,22.04,20.33
LIRO,2019-06-22,21.8197916666667,23.03,20.32
LIRO,2019-06-23,22.1383333333333,23.34,20.83
LIRO,2019-06-24,21.4341666666667,21.73,20.96
LIRO,2019-06-25,21.1495833333333,21.56,20.58
LIRO,2019-06-26,21.6536170212766,23.05,20.58
LIRO,2019-06-27,22.5997916666667,24.16,21.16
LIRO,2019-06-28,23.2312765957447,24.03,21.91
LIRO,2019-06-29,23.9266666666667,25.97,22.58
LIRO,2019-06-30,25.3136585365854,27.72,23.16
LIRO,2019-07-01,24.0472916666667,24.56,23.49
LIRO,2019-07-02,23.6697916666667,24.07,23.22
LIRO,2019-07-03,25.3490476190476,27.63,23.21
LIRO,2019-07-04,26.3889361702128,28.13,24.3
LIRO,2019-07-05,26.3466666666667,27.45,25.33
LIRO,2019-07-06,26.1395555555556,27.39,25.36
LIRO,2019-07-07,26.0417021276596,27.42,24.89
LIRO,2019-07-08,25.7320833333333,26.98,24.74
LIRO,2019-07-09,26.3102083333333,28.29,24.68
LIRO,2019-07-10,26.4179166666667,27.41,25.34
LIRO,2019-07-11,26.0760416666667,26.89,24.93
LIRO,2019-07-12,25.3058333333333,26.36,24.47
LIRO,2019-07-13,25.7502083333333,26.98,24.4
LIRO,2019-07-14,25.8225,26.86,24.82
LIRO,2019-07-15,26.359375,27.68,24.76
LIRO,2019-07-16,27.1489655172414,28.08,25.85
LIRO,2019-07-18,26.4507142857143,26.77,26.21
LIRO,2019-07-19,26.3183333333333,26.83,25.96
LIRO,2019-07-20,27.2687234042553,29.29,25.96
LIRO,2019-07-21,25.7225,26.27,24.86
LIRO,2019-07-22,25.1685416666667,25.8,24.33
LIRO,2019-07-23,24.7395833333333,25.61,24.01
LIRO,2019-07-24,24.685625,25.69,23.9
LIRO,2019-07-25,25.5808695652174,27.53,23.88
LIRO,2019-07-26,25.140625,26.09,24.39
LIRO,2019-07-27,24.5145833333333,25.1,24.04
LIRO,2019-07-28,25.2785106382979,26.66,24.03
LIRO,2019-07-29,25.0835416666667,26.2,24.26
LIRO,2019-07-30,24.4583333333333,25.2,23.57
LIRO,2019-07-31,23.9020833333333,25.07,23.05
LIRO,2019-08-01,24.38,26.24,23
LIRO,2019-08-02,24.6410416666667,26.34,23.18
LIRO,2019-08-03,25.4919230769231,26.68,23.81
LIRO,2019-08-04,25.0088888888889,25.53,24.58
LIRO,2019-08-05,26.186875,27.76,24.56
LIRO,2019-08-06,25.1933333333333,25.77,24.41
LIRO,2019-08-07,25.4925,27.14,24.36
LIRO,2019-08-08,24.9125,25.75,24.16
LIRO,2019-08-09,24.3510416666667,25.33,23.51
LIRO,2019-08-10,23.9677083333333,24.9,23.24
LIRO,2019-08-11,24.5227083333333,26.1,23.19
LIRO,2019-08-12,24.9627083333333,26.55,23.64
LIRO,2019-08-13,24.8339583333333,25.65,23.98
LIRO,2019-08-14,23.6470833333333,24.06,22.94
LIRO,2019-08-15,23.4054166666667,24.35,22.7
LIRO,2019-08-16,23.513125,24.64,22.64
LIRO,2019-08-17,22.7822916666667,23.58,22.24
LIRO,2019-08-18,23.7922916666667,25.23,22.2
LIRO,2019-08-19,22.7560416666667,23.24,21.93
LIRO,2019-08-20,22.6983333333333,23.86,21.86
LIRO,2019-08-21,22.6864583333333,23.42,22.01
LIRO,2019-08-22,22.4595833333333,23.33,21.87
LIRO,2019-08-23,21.7072916666667,22.18,21.01
LIRO,2019-08-24,21.7108333333333,22.75,20.94
LIRO,2019-08-25,21.6989583333333,22.72,20.88
LIRO,2019-08-26,21.2979166666667,21.8,20.94
LIRO,2019-08-27,20.8822916666667,21.17,20.52
LIRO,2019-08-28,20.654375,21.34,20.05
LIRO,2019-08-29,19.61625,20.02,19.05
LIRO,2019-08-30,19.1441666666667,19.87,18.58
LIRO,2019-08-31,19.1235416666667,20.19,18.49
LIRO,2019-09-01,19.0045833333333,19.88,18.48
LIRO,2019-09-02,18.8916666666667,19.31,18.45
LIRO,2019-09-03,19.51875,20.49,18.64
LIRO,2019-09-04,18.7779166666667,19.18,18.37
LIRO,2019-09-05,19.0672916666667,20.25,18.32
LIRO,2019-09-06,18.2108333333333,18.39,18
LIRO,2019-09-07,18.1208333333333,18.7,17.83
LIRO,2019-09-08,17.8270833333333,18.15,17.4
LIRO,2019-09-09,17.4529166666667,17.88,17.09
LIRO,2019-09-10,17.173023255814,17.46,17
LIRO,2019-09-11,18.096875,19.19,17.04
LIRO,2019-09-12,17.3833333333333,17.8,16.94
LIRO,2019-09-13,16.6716666666667,16.92,16.41
LIRO,2019-09-14,16.53125,16.78,16.24
LIRO,2019-09-15,17.1966666666667,18.01,16.2
LIRO,2019-09-16,17.4870833333333,18.11,16.95
LIRO,2019-09-17,19.38125,21.28,17.32
LIRO,2019-09-18,19.5458333333333,20.51,19.02
LIRO,2019-09-19,19.646875,20.15,18.97
LIRO,2019-09-20,20.36,21.46,19.51
LIRO,2019-09-21,21.1125,22.32,20
LIRO,2019-09-22,20.8845833333333,21.03,20.59
LIRO,2019-09-23,20.2045833333333,20.97,19.42
LIRO,2019-09-24,19.6,20.8,18.68
LIRO,2019-09-25,19.441875,20.26,18.58
LIRO,2019-09-26,18.8885416666667,19.61,18.01
LIRO,2019-09-27,18.0408333333333,18.63,17.52
LIRO,2019-09-28,17.2327083333333,17.49,16.83
LIRO,2019-09-29,16.8977083333333,17.55,16.37
LIRO,2019-09-30,16.1575,16.34,15.85
LIRO,2019-10-01,16.434375,16.95,15.82
LIRO,2019-10-02,16.1608333333333,16.8,15.52
LIRO,2019-10-03,15.1872916666667,15.51,14.79
LIRO,2019-10-04,14.6266666666667,14.86,14.24
LIRO,2019-10-05,14.1769565217391,14.23,14.08
LIRO,2020-06-17,21.3316216216216,22.64,20.51
LIRO,2020-06-18,22.4745161290323,23.4,21.7
LIRO,2020-06-19,23.1702083333333,24.31,21.72
LIRO,2020-06-20,22.9983333333333,23.39,22.32
LIRO,2020-06-21,22.2604166666667,22.74,21.81
LIRO,2020-06-22,22.73375,23.85,21.79
LIRO,2020-06-23,22.6322916666667,23.29,21.94
LIRO,2020-06-24,21.6279166666667,22,20.94
LIRO,2020-06-25,21.6033333333333,22.59,20.89
LIRO,2020-06-26,22.574375,24.03,20.89
LIRO,2020-06-27,23.3875,24.62,21.81
LIRO,2020-06-28,24.1061363636364,25.54,22.74
LIRO,2020-06-29,25.1355319148936,26.34,23.45
LIRO,2020-06-30,24.6476086956522,25.18,24.32
LIRO,2020-07-01,26.1854347826087,27.43,24.32
LIRO,2020-07-02,27.4163829787234,29.11,25.8
LIRO,2020-07-03,27.3876086956522,28.95,26.26
LIRO,2020-07-04,27.9581578947368,29.72,26.24
LIRO,2020-07-05,28.7782926829268,30.45,26.93
LIRO,2020-07-06,28.756875,29.86,27.52
LIRO,2020-07-07,28.36625,29.26,27.49
LIRO,2020-07-08,28.6617391304348,30.11,27.44
LIRO,2020-07-09,27.931875,28.83,26.96
LIRO,2020-07-10,26.6727083333333,27.13,26.08
LIRO,2020-07-11,26.7954166666667,27.95,25.97
LIRO,2020-07-12,26.5985416666667,27.69,25.68
LIRO,2020-07-13,25.826875,26.4,25.01
LIRO,2020-07-14,26.206170212766,27.52,24.99
LIRO,2020-07-15,24.9,25.44,24.07
LIRO,2020-07-16,25.0397916666667,26.57,24
LIRO,2020-07-17,24.7995833333333,25.74,23.99
LIRO,2020-07-18,26.1946666666667,28.19,24.19
LIRO,2020-07-19,26.9809090909091,28.92,25.32
LIRO,2020-07-20,26.2054166666667,27.18,24.92
LIRO,2020-07-21,25.1066666666667,25.9,24.29
LIRO,2020-07-22,23.7620833333333,24.27,23.23
LIRO,2020-07-23,23.0435416666667,23.33,22.58
LIRO,2020-07-24,23.7904255319149,25.2,22.56
LIRO,2020-07-25,24.2783333333333,25.38,23
LIRO,2020-07-26,24.7904166666667,25.63,23.81
LIRO,2020-07-27,24.8502083333333,25.87,24.05
LIRO,2020-07-28,24.6727083333333,25.97,23.81
LIRO,2020-07-29,24.8754166666667,26.2,23.78
LIRO,2020-07-30,24.6310416666667,25.95,23.74
LIRO,2020-07-31,24.7027083333333,26.07,23.73
LIRO,2020-08-01,24.843125,26.32,23.84
LIRO,2020-08-02,25.609375,27.77,23.96
LIRO,2020-08-03,23.5679166666667,24.23,22.63
LIRO,2020-08-04,22.54625,23.24,21.84
LIRO,2020-08-05,22.2779166666667,23.25,21.48
LIRO,2020-08-06,22.5120833333333,23.78,21.45
LIRO,2020-08-07,22.8158333333333,24.07,21.74
LIRO,2020-08-08,23.1127083333333,23.98,22.13
LIRO,2020-08-09,23.4260416666667,24.48,22.58
LIRO,2020-08-10,24.418125,25.87,23.13
LIRO,2020-08-11,24.0908333333333,25.31,23.11
LIRO,2020-08-12,24.00125,25.4,23.06
LIRO,2020-08-13,24.8575,26.17,23.44
LIRO,2020-08-14,24.3435416666667,25.18,23.79
LIRO,2020-08-15,24.7385416666667,25.78,23.78
LIRO,2020-08-16,24.2014583333333,24.96,23.47
LIRO,2020-08-17,24.019375,25.25,23.19
LIRO,2020-08-18,23.5291666666667,24.57,22.79
LIRO,2020-08-19,23.5104166666667,24.79,22.74
LIRO,2020-08-20,23.314375,24.55,22.75
LIRO,2020-08-21,23.3372916666667,24.04,22.75
LIRO,2020-08-22,24.4058333333333,26.01,22.88
LIRO,2020-08-23,23.6472916666667,24.27,23.17
LIRO,2020-08-24,24.27125,25.59,23.16
LIRO,2020-08-25,24.188125,25.28,23.42
LIRO,2020-08-26,24.84375,26.59,23.38
LIRO,2020-08-27,24.3297916666667,24.87,23.92
LIRO,2020-08-28,24.981875,26.62,23.92
LIRO,2020-08-29,23.6870833333333,24.17,23.06
LIRO,2020-08-30,22.7802083333333,23.2,22.07
LIRO,2020-08-31,22.7954166666667,24.16,21.94
LIRO,2020-09-01,21.5708333333333,22.13,20.91
LIRO,2020-09-02,20.8177083333333,21.25,20.26
LIRO,2020-09-03,20.775,22.11,20.11
LIRO,2020-09-04,19.9091666666667,20.43,19.26
LIRO,2020-09-05,19.5479166666667,20.51,18.94
LIRO,2020-09-06,19.5047916666667,20.8,18.86
LIRO,2020-09-07,19.035625,19.35,18.62
LIRO,2020-09-08,18.5397916666667,19.05,17.99
LIRO,2020-09-09,17.611875,17.98,17.15
LIRO,2020-09-10,16.73875,17.12,16.24
LIRO,2020-09-11,16.8910416666667,18.24,16.07
LIRO,2020-09-12,16.92125,17.74,16.03
LIRO,2020-09-13,16.5858333333333,16.81,16.3
LIRO,2020-09-14,16.64,17.45,16.06
LIRO,2020-09-15,16.6214583333333,17.39,16.03
LIRO,2020-09-16,17.1764583333333,17.89,16.39
LIRO,2020-09-17,17.1470833333333,17.85,16.42
LIRO,2020-09-18,16.5747916666667,17.58,15.85
LIRO,2020-09-19,16.3008333333333,17.64,15.53
LIRO,2020-09-20,15.8222916666667,16.58,15.43
LIRO,2020-09-21,15.819375,16.3,15.47
LIRO,2020-09-22,15.7889583333333,16.26,15.4
LIRO,2020-09-23,17.2272916666667,19.21,15.49
LIRO,2020-09-24,18.0364583333333,19.46,15.98
LIRO,2020-09-25,17.526875,17.79,17.16
LIRO,2020-09-26,17.5839583333333,18.16,17.14
LIRO,2020-09-27,17.3327083333333,17.91,16.79
LIRO,2020-09-28,16.7429166666667,17.25,16.3
LIRO,2020-09-29,16.1866666666667,16.75,15.77
LIRO,2020-09-30,15.593125,15.81,15.24
LIRO,2020-10-01,15.099375,15.45,14.76
LIRO,2020-10-02,14.5722916666667,14.99,14.14
LIRO,2020-10-03,13.96625,14.42,13.55
LIRO,2020-10-04,13.353125,13.68,12.95
LIRO,2020-10-05,12.8770833333333,13.56,12.36
LIRO,2020-10-06,12.4945833333333,12.89,12.29
LIRO,2020-10-07,12.8060416666667,13.26,12.3
LIRO,2020-10-08,12.7252083333333,13.44,12.3
LIRO,2020-10-09,12.7182978723404,13.74,12.23
LIRO,2020-10-10,12.7933333333333,13.33,12.24
LIRO,2020-10-11,12.7504166666667,13.35,12.25
LIRO,2020-10-12,12.56375,12.83,12.21
LIRO,2020-10-13,12.3722916666667,12.72,12.02
LIRO,2020-10-14,12.01,12.43,11.69
LIRO,2020-10-15,11.478125,11.68,11.2
LIRO,2020-10-16,10.9247916666667,11.29,10.53
LIRO,2020-10-17,10.258125,10.55,9.84
LIRO,2020-10-18,9.73352941176471,9.86,9.64
LIRO,2021-04-05,5.63555555555556,5.72,5.56
LIRO,2021-04-06,7.29263157894737,8.61,5.52
LIRO,2021-04-07,9.80121212121212,11.25,8.43
LIRO,2021-04-08,12.2551162790698,13.34,10.22
LIRO,2021-04-09,13.0877083333333,13.43,12.48
LIRO,2021-04-10,12.8225,13.61,12.24
LIRO,2021-04-11,11.95375,12.7,10.45
LIRO,2021-04-12,10.2641666666667,10.59,9.89
LIRO,2021-04-13,10.3789583333333,10.93,9.91
LIRO,2021-04-14,9.41145833333333,9.92,8.72
LIRO,2021-04-15,8.73333333333333,9.31,8.04
LIRO,2021-04-16,8.27854166666667,8.78,7.86
LIRO,2021-04-17,8.625,9.37,7.84
LIRO,2021-04-18,9.181875,9.87,8.27
LIRO,2021-04-19,9.94791666666667,10.71,8.93
LIRO,2021-04-20,8.763125,9.36,8.09
LIRO,2021-04-21,8.1675,8.49,7.75
LIRO,2021-04-22,8.065,8.72,7.55
LIRO,2021-04-23,8.90958333333333,10.4,7.53
LIRO,2021-04-24,8.92833333333333,9.21,8.3
LIRO,2021-04-25,8.543125,8.88,7.99
LIRO,2021-04-26,8.973125,9.85,7.97
LIRO,2021-04-27,8.04291666666667,8.37,7.8
LIRO,2021-04-28,8.02916666666667,8.29,7.79
LIRO,2021-04-29,9.16125,10,7.84
LIRO,2021-04-30,9.229375,9.74,8.49
LIRO,2021-05-01,9.8725,11.34,8.46
LIRO,2021-05-02,11.6036956521739,13.53,9.54
LIRO,2021-05-03,12.045,12.4,11.52
LIRO,2021-05-06,11.4142424242424,12.04,10.77
LIRO,2021-05-07,11.4133333333333,12.4,10.76
LIRO,2021-05-08,10.9177083333333,11.3,10.35
LIRO,2021-05-09,11.3564583333333,12.61,10.35
LIRO,2021-05-10,11.2291666666667,11.79,10.69
LIRO,2021-05-11,10.69,10.7,10.68
LIRO,2021-05-13,12.9615555555556,14.54,10.82
LIRO,2021-05-14,13.4989583333333,14.66,12.04
LIRO,2021-05-15,13.5733333333333,14.35,12.83
LIRO,2021-05-16,13.2120833333333,13.63,12.68
LIRO,2021-05-17,14.6715555555556,16.6,12.72
LIRO,2021-05-18,16.453125,18.02,14.11
LIRO,2021-05-19,17.6704166666667,18.61,16.01
LIRO,2021-05-20,17.8972916666667,18.32,17.52
LIRO,2021-05-21,18.1435416666667,18.39,17.82
LIRO,2021-05-22,18.5825,18.92,18.08
LIRO,2021-05-23,19.7058333333333,20.57,18.62
LIRO,2021-05-24,18.77625,19.27,18
LIRO,2021-05-25,18.9027083333333,19.99,17.94
LIRO,2021-05-26,19.7670833333333,20.99,18.65
LIRO,2021-05-27,18.200625,19.01,17.13
LIRO,2021-05-28,16.24625,17.08,15.06
LIRO,2021-05-29,15.675625,16.81,14.95
LIRO,2021-05-30,16.5045833333333,17.66,15.07
LIRO,2021-05-31,15.7125,15.98,15.25
LIRO,2021-06-01,16.0364583333333,16.88,15.29
LIRO,2021-06-02,18.3817021276596,20.52,15.49
LIRO,2021-06-03,18.7910416666667,20.2,17.65
LIRO,2021-06-04,18.4391666666667,19.07,17.77
LIRO,2021-06-05,20.5202083333333,22.7,17.89
LIRO,2021-06-06,22.488085106383,24.5,19.91
LIRO,2021-06-07,23.2529166666667,24.3,21.91
LIRO,2021-06-08,25.0666666666667,26.85,22.7
LIRO,2021-06-09,25.8679166666667,27.7,24.46
LIRO,2021-06-10,27.3175,29.87,24.89
LIRO,2021-06-11,26.1802083333333,27.88,24.86
LIRO,2021-06-12,26.0639583333333,27.37,24.86
LIRO,2021-06-13,25.8695833333333,27.24,24.53
LIRO,2021-06-14,25.2997916666667,26.89,23.89
LIRO,2021-06-15,23.9516666666667,24.84,22.94
LIRO,2021-06-16,23.7389583333333,25.23,22.75
LIRO,2021-06-17,24.2113636363636,25.98,22.7
LIRO,2021-06-18,24.3775,25.49,23.23
LIRO,2021-06-19,24.348125,25.54,23.45
LIRO,2021-06-20,23.9002083333333,24.87,23.04
LIRO,2021-06-21,22.460625,23.13,21.3
LIRO,2021-06-22,21.1172916666667,21.62,20.48
LIRO,2021-06-23,20.7495833333333,21.6,20.1
LIRO,2021-06-24,21.4172916666667,22.45,20.08
LIRO,2021-06-25,21.6420833333333,22.08,21.17
LIRO,2021-06-26,23.0116666666667,24.53,21.21
LIRO,2021-06-27,22.9766666666667,23.46,22.34
LIRO,2021-06-28,23.1258333333333,24.64,22.31
LIRO,2021-06-29,23.2791666666667,24.06,22.52
LIRO,2021-06-30,23.4635416666667,24.48,22.81
LIRO,2021-07-01,24.028085106383,25.54,22.82
LIRO,2021-07-02,23.9066666666667,25.02,23.12
LIRO,2021-07-03,24.475,25.92,23.07
LIRO,2021-07-04,25.6266666666667,27.63,23.7
LIRO,2021-07-05,25.9075,27.08,24.69
LIRO,2021-07-06,26.7385416666667,28.37,25.31
LIRO,2021-07-07,25.0091666666667,25.82,23.75
LIRO,2021-07-08,23.0604166666667,23.7,22.23
LIRO,2021-07-09,23.1872916666667,24.62,22.2
LIRO,2021-07-10,23.8041666666667,25.76,22.4
LIRO,2021-07-11,24.3416666666667,26.4,22.85
LIRO,2021-07-12,24.5041666666667,26.03,23.17
LIRO,2021-07-13,24.9945833333333,26.7,23.61
LIRO,2021-07-14,25.2766666666667,26.68,23.96
LIRO,2021-07-15,24.83875,26.03,23.92
LIRO,2021-07-16,24.6835416666667,26.04,23.84
LIRO,2021-07-17,25.4142553191489,27.63,23.91
LIRO,2021-07-18,25.9434042553191,28.05,24.29
LIRO,2021-07-19,26.0052083333333,27.75,24.69
LIRO,2021-07-20,25.901875,27.24,24.8
LIRO,2021-07-21,25.0322916666667,25.53,24.27
LIRO,2021-07-22,24.5270833333333,25.15,23.93
LIRO,2021-07-23,24.4154166666667,25.28,23.86
LIRO,2021-07-24,25.0733333333333,26.06,24.1
LIRO,2021-07-25,25.301875,26.68,24.43
LIRO,2021-07-26,25.49125,26.92,24.4
LIRO,2021-07-27,26.0054166666667,28.08,24.55
LIRO,2021-07-28,26.0464583333333,27.41,24.91
LIRO,2021-07-29,25.4695833333333,26.18,24.88
LIRO,2021-07-30,25.1220833333333,26.08,24.38
LIRO,2021-07-31,25.3629166666667,26.94,24.29
LIRO,2021-08-01,24.9064583333333,25.91,24.12
LIRO,2021-08-02,24.0410416666667,24.82,23.35
LIRO,2021-08-03,24.184375,25.57,23.28
LIRO,2021-08-04,24.2129166666667,25.33,23.42
LIRO,2021-08-05,24.6345833333333,26.27,23.49
LIRO,2021-08-06,23.651875,24.22,23.12
LIRO,2021-08-07,24.0470833333333,25.55,23.12
LIRO,2021-08-08,23.1964583333333,23.36,22.94
LIRO,2021-08-09,23.145,23.78,22.85
LIRO,2021-08-10,24.2497916666667,26.32,22.85
LIRO,2021-08-11,23.8522916666667,24.61,23.27
LIRO,2021-08-12,23.8222916666667,25.09,23.09
LIRO,2021-08-13,23.3852083333333,24.52,22.66
LIRO,2021-08-14,22.9804166666667,23.9,22.25
LIRO,2021-08-15,23.438125,25.29,22.22
LIRO,2021-08-16,23.6477083333333,25.45,22.48
LIRO,2021-08-17,23.795625,25.22,22.84
LIRO,2021-08-18,24.0335416666667,25.39,23.02
LIRO,2021-08-19,24.93875,26.91,23.31
LIRO,2021-08-20,25.420625,27.53,23.99
LIRO,2021-08-21,25.4008333333333,26.48,24.33
LIRO,2021-08-22,24.9714583333333,26.02,23.94
LIRO,2021-08-23,24.6270833333333,26.11,23.84
LIRO,2021-08-24,24.569375,25.71,23.84
LIRO,2021-08-25,24.1395833333333,25.04,23.69
LIRO,2021-08-26,24.4825,25.76,23.59
LIRO,2021-08-27,23.763125,24.45,23.13
LIRO,2021-08-28,22.8735416666667,23.09,22.63
LIRO,2021-08-29,23.3583333333333,24.27,22.63
LIRO,2021-08-30,23.1427083333333,23.96,22.57
LIRO,2021-08-31,23.0085416666667,24.13,22.32
LIRO,2021-09-01,22.7793617021277,23.81,22.03
LIRO,2021-09-02,22.75875,24.28,21.92
LIRO,2021-09-03,22.5077083333333,23.4,21.84
LIRO,2021-09-04,21.5658333333333,21.9,21.11
LIRO,2021-09-05,21.1391666666667,21.85,20.64
LIRO,2021-09-06,20.6408333333333,21.08,20.07
LIRO,2021-09-07,20.7773170731707,21.86,20.05
LIRO,2021-09-21,20.0525,20.43,19.4
LIRO,2021-09-22,19.1527083333333,19.52,18.54
LIRO,2021-09-23,18.73625,19.36,18.18
LIRO,2021-09-24,18.3754166666667,18.9,17.86
LIRO,2021-09-25,17.853125,18.61,17.35
LIRO,2021-09-26,17.4439583333333,18.03,17.06
LIRO,2021-09-27,17.4345833333333,18.1,16.97
LIRO,2021-09-28,17.4502083333333,18.32,16.92
LIRO,2021-09-29,17.5652083333333,18.71,16.87
LIRO,2021-09-30,18.0747916666667,19.38,17.02
LIRO,2021-10-01,18.72,20.29,17.27
LIRO,2021-10-02,18.9645833333333,19.84,17.86
LIRO,2021-10-03,19.4227083333333,20.09,18.68
LIRO,2021-10-04,18.63375,19.11,17.88
LIRO,2021-10-05,17.88875,18.04,17.76
LIRO,2021-10-06,18.3385106382979,19.39,17.74
LIRO,2021-10-07,18.1470833333333,18.68,17.72
LIRO,2021-10-08,18.4172916666667,19,17.67
LIRO,2021-10-09,18.4002083333333,18.8,18.02
LIRO,2021-10-10,18.50875,19.2,18.01
LIRO,2021-10-11,18.380625,18.84,17.95
LIRO,2021-10-12,18.1089583333333,18.51,17.69
LIRO,2021-10-13,17.6858333333333,17.92,17.52
LIRO,2021-10-14,17.43125,17.58,17.05
LIRO,2021-10-15,16.74375,17.13,16.25
LIRO,2021-10-16,16.0045833333333,16.35,15.57
LIRO,2021-10-17,15.363125,15.79,14.84
LIRO,2021-10-18,14.8314583333333,15.6,14.3
LIRO,2021-10-19,14.5241666666667,15.06,14.12
LIRO,2021-10-20,14.3091666666667,14.9,14.05
LIRO,2021-10-21,13.810625,14.04,13.42
LIRO,2021-10-22,13.14,13.43,12.78
LIRO,2021-10-23,12.5434090909091,12.85,12.19
LIRO,2021-10-24,11.989375,12.3,11.57
LIRO,2021-10-25,11.4627083333333,11.84,11.02
LIRO,2021-10-26,10.9327083333333,11.2,10.58
LIRO,2021-10-27,10.5858333333333,10.97,10.23
LIRO,2021-10-28,10.30375,10.6,10.17
LIRO,2021-10-29,10.1741666666667,10.31,10.07
LIRO,2021-10-30,9.991875,10.06,9.88
LIRO,2021-10-31,10.1778723404255,10.87,9.83
LIRO,2021-11-01,9.63020833333333,9.84,9.29
LIRO,2021-11-02,8.999375,9.27,8.63
LIRO,2021-11-03,8.53208333333333,8.64,8.44
LIRO,2022-05-05,8.32166666666667,9.23,7.4
LIRO,2022-05-06,9.451,10.97,7.36
LIRO,2022-05-07,11.0589189189189,12.95,8.93
LIRO,2022-05-08,12.4444444444444,13.65,10.74
LIRO,2022-05-09,11.6420833333333,12.01,11.13
LIRO,2022-05-10,12.2785416666667,12.8,11.13
LIRO,2022-05-11,14.4475609756098,15.88,12.67
LIRO,2022-05-12,16.0206976744186,16.95,14.16
LIRO,2022-05-13,17.3107894736842,18.54,16.48
LIRO,2022-05-14,18.8083333333333,20.35,17.01
LIRO,2022-05-15,19.2791489361702,20.8,17.83
LIRO,2022-05-16,18.739375,20.08,17.64
LIRO,2022-05-17,17.9354166666667,19.11,16.75
LIRO,2022-05-18,17.9920833333333,19.11,16.71
LIRO,2022-05-19,17.3813043478261,17.91,16.65
LIRO,2022-05-20,17.1570833333333,17.93,16.66
LIRO,2022-05-21,16.7054166666667,17.26,15.83
LIRO,2022-05-22,16.1254166666667,16.86,15.48
LIRO,2022-05-23,15.2639583333333,15.84,14.46
LIRO,2022-05-24,15.3570833333333,16.29,14.46
LIRO,2022-05-25,16.27,17.71,14.72
LIRO,2022-05-26,15.2202083333333,15.83,14.75
LIRO,2022-05-27,14.5720833333333,14.74,14.21
LIRO,2022-05-28,15.6917391304348,17.1,14.22
LIRO,2022-05-29,15.2946808510638,15.5,14.98
LIRO,2022-05-30,16.2827083333333,17.19,15.04
LIRO,2022-05-31,18.1452083333333,19.27,16.5
LIRO,2022-06-01,18.3066666666667,18.38,18.24
LIRO,2022-06-04,18.7427906976744,19.76,17.84
LIRO,2022-06-05,18.7259574468085,19.62,17.83
LIRO,2022-06-06,19.221875,20.05,18.35
LIRO,2022-06-07,19.1921276595745,20.09,18.43
LIRO,2022-06-08,19.5945833333333,20.75,18.4
LIRO,2022-06-09,19.7047916666667,20.66,18.93
LIRO,2022-06-10,19.8795833333333,20.93,18.91
LIRO,2022-06-11,20.490625,21.53,19.32
LIRO,2022-06-12,19.6685416666667,20.17,19.03
LIRO,2022-06-13,20.406875,21.75,18.98
LIRO,2022-06-14,19.6235416666667,19.91,19.29
LIRO,2022-06-15,21.4393333333333,23.34,19.3
LIRO,2022-06-16,22.163125,23.78,20.58
LIRO,2022-06-17,21.0517021276596,21.78,20.4
LIRO,2022-06-18,21.2448936170213,22.43,20.41
LIRO,2022-06-19,21.6760416666667,22.96,20.42
LIRO,2022-06-20,21.4275,22.21,20.72
LIRO,2022-06-21,24.2082222222222,26.04,21.28
LIRO,2022-06-22,25.3504255319149,27.47,23.81
LIRO,2022-06-23,24.378125,25.69,23.35
LIRO,2022-06-24,24.6814893617021,26.11,23.32
LIRO,2022-06-25,25.2372340425532,26.47,24.08
LIRO,2022-06-26,24.51625,25.15,23.58
LIRO,2022-06-27,22.9367391304348,23.53,21.85
LIRO,2022-06-28,22.7054166666667,23.92,21.79
LIRO,2022-06-29,22.224375,23.06,21.52
LIRO,2022-06-30,22.6829166666667,23.62,21.51
LIRO,2022-07-01,23.1288372093023,24.3,22.07
LIRO,2022-07-02,23.20875,24.3,22.32
LIRO,2022-07-03,22.9395833333333,24.24,22.06
LIRO,2022-07-04,23.6906382978723,25.14,22.06
LIRO,2022-07-05,23.419375,23.9,23.1
LIRO,2022-07-06,23.9066666666667,25.68,23.1
LIRO,2022-07-07,23.8808333333333,24.9,23.06
LIRO,2022-07-08,24.733829787234,26.41,23.27
LIRO,2022-07-09,24.8685416666667,26.29,23.8
LIRO,2022-07-10,25.1635416666667,26.67,23.86
LIRO,2022-07-11,24.7283333333333,25.72,24.11
LIRO,2022-07-12,24.5108333333333,25.3,23.77
LIRO,2022-07-13,24.2295833333333,25.35,23.46
LIRO,2022-07-14,24.1389361702128,25.63,23.39
LIRO,2022-07-15,24.529375,25.83,23.38
LIRO,2022-07-16,23.6829166666667,24.39,23.18
LIRO,2022-07-17,25.1216666666667,26.9,23.16
LIRO,2022-07-18,26.0779166666667,28.42,24.11
LIRO,2022-07-19,25.869375,27.84,24.77
LIRO,2022-07-20,25.63875,26.5,24.97
LIRO,2022-07-21,24.7485416666667,25.09,24
LIRO,2022-07-22,25.0614583333333,26.69,23.99
LIRO,2022-07-23,25.4704166666667,27.34,24.08
LIRO,2022-07-24,24.7885416666667,25.58,24.08
LIRO,2022-07-25,24.0239583333333,24.74,23.11
LIRO,2022-07-26,23.6429166666667,24.7,22.72
LIRO,2022-07-27,23.60125,24.57,22.68
LIRO,2022-07-28,24.028125,25.31,23.07
LIRO,2022-07-29,23.0682978723404,23.73,22.38
LIRO,2022-07-30,23.0672916666667,24.36,22.26
LIRO,2022-07-31,23.6885106382979,25.15,22.25
LIRO,2022-08-01,23.9185416666667,24.77,23
LIRO,2022-08-02,23.715625,24.73,22.94
LIRO,2022-08-03,23.4454166666667,24.08,22.92
LIRO,2022-08-04,24.15375,25.98,23
LIRO,2022-08-05,24.6835416666667,26.95,23.25
LIRO,2022-08-06,24.7025,25.72,23.7
LIRO,2022-08-07,24.4541666666667,24.92,23.86
LIRO,2022-08-08,24.2972916666667,25.32,23.46
LIRO,2022-08-09,23.7660416666667,24.96,22.96
LIRO,2022-08-10,24.1480434782609,26.06,22.93
LIRO,2022-08-11,24.1829166666667,25.53,23.36
LIRO,2022-08-12,24.1939583333333,25.76,23.28
LIRO,2022-08-13,22.9475,23.25,22.27
LIRO,2022-08-14,22.0379166666667,22.25,21.64
LIRO,2022-08-15,21.9233333333333,22.97,21.56
LIRO,2022-08-16,22.4165957446809,24.08,21.55
LIRO,2022-08-17,23.2339583333333,25.33,21.62
LIRO,2022-08-18,22.7658333333333,23.66,22.17
LIRO,2022-08-19,22.8027083333333,23.62,22.14
LIRO,2022-08-20,23.1585416666667,24.38,22.34
LIRO,2022-08-21,22.9820833333333,24.21,22.29
LIRO,2022-08-22,23.2795744680851,25.48,22.26
LIRO,2022-08-23,23.6897916666667,26.06,22.34
LIRO,2022-08-24,24.4191489361702,27.4,22.65
LIRO,2022-08-25,24.3754166666667,26.14,23.21
LIRO,2022-08-26,23.2733333333333,24.04,22.45
LIRO,2022-08-27,23.2674468085106,24.5,22.44
LIRO,2022-08-28,22.291875,22.57,21.88
LIRO,2022-08-29,22.0452083333333,22.27,21.86
LIRO,2022-08-30,22.505625,23.3,21.92
LIRO,2022-08-31,22.2115217391304,23.1,21.62
LIRO,2022-09-01,22.2020833333333,23.44,21.61
LIRO,2022-09-02,22.9758333333333,24.51,21.58
LIRO,2022-09-03,23.1497916666667,24.02,22.34
LIRO,2022-09-04,22.3841666666667,23.29,21.53
LIRO,2022-09-05,22.2355319148936,24.01,21.38
LIRO,2022-09-06,22.28875,24.13,21.27
LIRO,2022-09-07,22.435,24.59,21.24
LIRO,2022-09-08,22.6379166666667,24.48,21.43
LIRO,2022-09-09,22.240625,23.04,21.55
LIRO,2022-09-10,21.8514583333333,22.47,21.27
LIRO,2022-09-11,20.995,21.35,20.4
LIRO,2022-09-12,20.4310416666667,21.03,19.92
LIRO,2022-09-13,19.9797916666667,20.97,19.35
LIRO,2022-09-14,20.445,22.18,19.32
LIRO,2022-09-15,19.6839583333333,20.84,19.05
LIRO,2022-09-16,19.466875,20.1,19
LIRO,2022-09-17,19.695,20.07,19.22
LIRO,2022-09-18,20.5170833333333,21.44,19.45
LIRO,2022-09-19,20.295625,21.08,19.55
LIRO,2022-09-20,20.4955319148936,22.06,19.53
LIRO,2022-09-21,21.0472916666667,22.43,19.85
LIRO,2022-09-22,19.7997916666667,20.59,19.04
LIRO,2022-09-23,18.8983333333333,20,18.13
LIRO,2022-09-24,17.9210416666667,18.22,17.52
LIRO,2022-09-25,17.3191666666667,17.56,17.01
LIRO,2022-09-26,16.8975,17.51,16.43
LIRO,2022-09-27,16.1453191489362,16.47,15.65
LIRO,2022-09-28,15.2608333333333,15.68,14.64
LIRO,2022-09-29,15.18,16.97,14.31
LIRO,2022-09-30,14.6202127659574,15.3,14.2
LIRO,2022-10-01,14.8010869565217,16.09,14.16
LIRO,2022-10-02,15.045625,16.7,14.23
LIRO,2022-10-03,15.3335416666667,16.66,14.44
LIRO,2022-10-04,15.2791666666667,16.06,14.62
LIRO,2022-10-05,15.4745833333333,16.38,14.88
LIRO,2022-10-06,15.6044680851064,16.23,14.88
LIRO,2022-10-07,14.699375,15.16,14
LIRO,2022-10-08,13.7834782608696,14.61,13.18
LIRO,2022-10-09,13.0989583333333,13.38,12.75
LIRO,2022-10-10,13.0469565217391,14.09,12.41
LIRO,2022-10-11,12.8370833333333,13.33,12.42
LIRO,2022-10-12,13.1502083333333,13.51,12.41
LIRO,2022-10-13,13.0902083333333,13.51,12.6
LIRO,2022-10-14,12.2439583333333,12.6,11.83
LIRO,2022-10-15,11.4475,11.81,11.04
LIRO,2022-10-16,10.77375,11.04,10.54
LIRO,2022-10-17,10.3341666666667,10.65,9.93
LIRO,2022-10-18,9.42708333333333,9.88,8.88
LIRO,2022-10-19,8.58770833333333,8.85,8.26
LIRO,2022-10-20,8.16729166666667,8.54,7.91
LIRO,2022-10-21,8.21733333333333,9.02,7.85
LIRO,2022-10-22,8.43088888888889,9.31,7.83
LIRO,2022-10-23,8.77042553191489,9.4,7.95
LIRO,2022-10-24,9.95958333333333,10.97,8.79
LIRO,2022-10-25,10.9895833333333,11.8,10.47
LIRO,2022-10-26,10.0722916666667,10.53,9.37
LIRO,2022-10-27,8.91666666666667,9.44,8.39
LIRO,2022-10-28,8.66583333333333,9.02,8.32
LIRO,2022-10-29,8.6575,9,8.35
LIRO,2022-10-30,8.725,9.27,8.32
LIRO,2022-10-31,8.90760869565217,9.87,8.33
LIRO,2022-11-01,8.836,9.88,8.26
LIRO,2022-11-02,9.00541666666667,10.14,8.3
LIRO,2022-11-03,8.925,9.41,8.45
LIRO,2023-05-10,15.125,16.34,12.57
LIRO,2023-05-11,15.9885714285714,17.69,14.29
LIRO,2023-05-12,16.2248936170213,17.02,14.67
LIRO,2023-05-13,16.8489130434783,17.62,15.65
LIRO,2023-05-14,16.6125,18.01,15.48
LIRO,2023-05-15,15.9417777777778,17.2,14.95
LIRO,2023-05-16,16.64625,18.09,14.95
LIRO,2023-05-17,16.5202083333333,17.63,15.42
LIRO,2023-05-18,16.1254166666667,16.97,15.3
LIRO,2023-05-19,15.6008333333333,16.14,15.2
LIRO,2023-05-20,14.468125,15.2,13.44
LIRO,2023-05-21,15.2908333333333,16.96,13.45
LIRO,2023-05-22,16.53475,18.22,14.79
LIRO,2023-05-23,17.4747826086957,18.53,15.88
LIRO,2023-05-24,18.5154347826087,20.12,16.92
LIRO,2023-05-25,17.3314583333333,17.82,16.37
LIRO,2023-05-26,17.64925,19.32,16.31
LIRO,2023-05-27,18.3248936170213,19.7,16.79
LIRO,2023-05-28,19.0513043478261,20.49,17.32
LIRO,2023-05-29,20.2677272727273,22.25,18.18
LIRO,2023-05-30,20.685625,22.23,19.2
LIRO,2023-05-31,21.0125,22.12,19.69
LIRO,2023-06-01,22.0457446808511,23.06,20.38
LIRO,2023-06-02,23.423023255814,25.03,21.69
LIRO,2023-06-03,23.8591666666667,24.74,22.85
LIRO,2023-06-04,24.3035416666667,25.62,23.26
LIRO,2023-06-05,25.16,26.7,23.35
LIRO,2023-06-06,25.2686956521739,26.28,24.26
LIRO,2023-06-07,24.035,24.91,22.96
LIRO,2023-06-08,23.139375,24.2,21.88
LIRO,2023-06-09,22.5427083333333,23.78,21.51
LIRO,2023-06-10,22.815,24.06,21.5
LIRO,2023-06-11,21.3883333333333,22.07,20.02
LIRO,2023-06-12,19.7629166666667,20.43,19.02
LIRO,2023-06-13,18.7678723404255,19.11,18.24
LIRO,2023-06-14,18.3097916666667,18.58,18
LIRO,2023-06-15,18.6492682926829,20.75,17.72
LIRO,2023-06-16,17.2389583333333,17.65,16.7
LIRO,2023-06-17,18.5295348837209,20.54,16.7
LIRO,2023-06-18,20.631875,22.45,18.3
LIRO,2023-06-19,21.2125531914894,22.2,19.74
LIRO,2023-06-20,21.7384782608696,23.46,20.72
LIRO,2023-06-21,23.3580434782609,25.03,21.16
LIRO,2023-06-22,24.2833333333333,25.98,22.27
LIRO,2023-06-23,25.5867391304348,27.73,23.37
LIRO,2023-06-24,25.4942553191489,27.05,24.27
LIRO,2023-06-25,25.2614583333333,26.12,24.53
LIRO,2023-06-26,23.9679166666667,24.54,22.65
LIRO,2023-06-27,21.555,22.56,20.63
LIRO,2023-06-28,22.5470833333333,24.06,20.64
LIRO,2023-06-29,22.1533333333333,22.57,21.77
LIRO,2023-06-30,22.9252083333333,24.44,21.74
LIRO,2023-07-01,24.001914893617,25.6,22.18
LIRO,2023-07-02,24.2752083333333,25.33,23.12
LIRO,2023-07-03,24.81875,26.25,23.41
LIRO,2023-07-04,25.7187234042553,27.48,23.98
LIRO,2023-07-05,26.1691666666667,27.21,24.85
LIRO,2023-07-06,25.369375,26.42,24.19
LIRO,2023-07-07,24.0370833333333,24.59,22.94
LIRO,2023-07-08,23.7083333333333,24.47,22.91
LIRO,2023-07-09,23.4385416666667,24.56,22.57
LIRO,2023-07-10,23.2283333333333,24.1,22.57
LIRO,2023-07-11,23.3087234042553,24.22,22.49
LIRO,2023-07-12,23.1431914893617,23.85,22.44
LIRO,2023-07-13,23.0058333333333,23.48,22.54
LIRO,2023-07-14,23.204375,24.01,22.47
LIRO,2023-07-15,23.783125,24.69,22.71
LIRO,2023-07-16,23.6975,24.41,22.89
LIRO,2023-07-17,22.99375,23.49,22.29
LIRO,2023-07-18,22.2391666666667,22.64,21.74
LIRO,2023-07-19,22.3375,23.04,21.74
LIRO,2023-07-20,22.14875,22.94,21.77
LIRO,2023-07-21,21.5208510638298,21.79,20.98
LIRO,2023-07-22,22.5147916666667,23.7,20.96
LIRO,2023-07-23,22.9414583333333,24.33,21.62
LIRO,2023-07-24,23.35125,24.57,22.09
LIRO,2023-07-25,23.9127083333333,25.27,22.58
LIRO,2023-07-26,24.4304166666667,25.59,22.94
LIRO,2023-07-27,25.235,26.78,23.92
LIRO,2023-07-28,24.8697916666667,26.44,24.06
LIRO,2023-07-29,25.258125,26.71,24.06
LIRO,2023-07-30,24.590625,25.51,23.56
LIRO,2023-07-31,24.055625,25.02,23.18
LIRO,2023-08-01,24.0435416666667,25.21,23.11
LIRO,2023-08-02,24.0320833333333,24.95,23.13
LIRO,2023-08-03,24.851875,26.04,23.36
LIRO,2023-08-04,25.4177083333333,26.64,24.18
LIRO,2023-08-05,25.52,26.7,24.58
LIRO,2023-08-06,25.7933333333333,26.95,24.75
LIRO,2023-08-07,25.056875,25.64,24.38
LIRO,2023-08-08,25.125,26.34,24.19
LIRO,2023-08-09,24.8954166666667,25.82,24.15
LIRO,2023-08-10,24.2904166666667,24.88,23.6
LIRO,2023-08-11,23.8008333333333,24.46,23.01
LIRO,2023-08-12,23.1327083333333,23.79,22.71
LIRO,2023-08-13,22.8933333333333,23.43,22.3
LIRO,2023-08-14,22.7922916666667,23.38,22.31
LIRO,2023-08-15,22.1560416666667,22.54,21.51
LIRO,2023-08-16,22.7310416666667,23.98,21.49
LIRO,2023-08-17,22.623125,23.41,22.01
LIRO,2023-08-18,21.7983333333333,22.18,21.15
LIRO,2023-08-19,21.734375,22.73,21.1
LIRO,2023-08-20,22.6597916666667,23.77,21.07
LIRO,2023-08-21,23.1516666666667,23.96,22.28
LIRO,2023-08-22,22.695,23.09,22.23
LIRO,2023-08-23,21.8847916666667,22.18,21.58
LIRO,2023-08-24,22.4583333333333,23.15,21.59
LIRO,2023-08-25,22.2779166666667,22.73,21.71
LIRO,2023-08-26,22.7306382978723,24.05,21.69
LIRO,2023-08-27,21.6747916666667,22.17,21.02
LIRO,2023-08-28,21.679375,22.74,20.92
LIRO,2023-08-29,21.8708333333333,22.76,20.86
LIRO,2023-08-30,21.29375,21.81,20.49
LIRO,2023-08-31,21.433125,22.88,20.43
LIRO,2023-09-01,21.40875,22.31,20.46
LIRO,2023-09-02,21.1933333333333,21.99,20.58
LIRO,2023-09-03,22.0216666666667,23.08,20.75
LIRO,2023-09-04,23.001875,24.5,21.68
LIRO,2023-09-05,23.6233333333333,24.68,22.39
LIRO,2023-09-06,23.908125,24.58,23.1
LIRO,2023-09-07,22.5710416666667,23.25,21.36
LIRO,2023-09-08,20.8277083333333,21.34,20.24
LIRO,2023-09-09,20.5270833333333,21.26,19.95
LIRO,2023-09-10,20.615,21.43,19.9
LIRO,2023-09-11,20.1164583333333,20.55,19.65
LIRO,2023-09-12,19.6245833333333,20.07,19.1
LIRO,2023-09-13,18.6533333333333,19.06,18.15
LIRO,2023-09-14,18.0525,18.43,17.55
LIRO,2023-09-15,18.2189583333333,19.05,17.45
LIRO,2023-09-16,17.665,17.79,17.47
LIRO,2023-09-17,17.8847916666667,18.58,17.32
LIRO,2023-09-18,17.3754166666667,17.72,17.02
LIRO,2023-09-19,17.5822916666667,18.69,16.89
LIRO,2023-09-20,17.5239583333333,18.12,16.85
LIRO,2023-09-21,18.5331914893617,20.76,17.4
LIRO,2023-09-22,19.8064583333333,21.52,17.89
LIRO,2023-09-23,19.4744680851064,20.11,18.65
LIRO,2023-09-24,18.7420833333333,19.02,18.21
LIRO,2023-09-25,18.2420833333333,18.69,17.92
LIRO,2023-09-26,17.84625,18.04,17.56
LIRO,2023-09-27,17.7597916666667,17.98,17.54
LIRO,2023-09-28,17.544375,17.69,17.33
LIRO,2023-09-29,17.4758333333333,17.73,17.23
LIRO,2023-09-30,17.203125,17.29,17.06
LIRO,2023-10-01,17.7154166666667,18.55,17.03
LIRO,2023-10-02,18.6244680851064,19.76,17.35
LIRO,2023-10-03,19.1552083333333,20.18,18.09
LIRO,2023-10-04,19.3564583333333,20.04,18.38
LIRO,2023-10-05,18.9104166666667,19.45,18.14
LIRO,2023-10-06,17.7597916666667,18.17,17.1
LIRO,2023-10-07,16.5345833333333,17.08,15.85
LIRO,2023-10-08,15.623125,16.15,15.15
LIRO,2023-10-09,14.9077083333333,15.4,14.36
LIRO,2023-10-10,13.993125,14.35,13.62
LIRO,2023-10-11,13.501875,13.9,13.15
LIRO,2023-10-12,13.1229787234043,13.72,12.7
LIRO,2023-10-13,12.6225,12.91,12.3
LIRO,2023-10-14,12.0429166666667,12.29,11.72
LIRO,2023-10-15,11.6925,11.96,11.43
LIRO,2023-10-16,11.3770833333333,11.64,11.11
LIRO,2023-10-17,11.0954166666667,11.33,10.92
LIRO,2023-10-18,11.2472340425532,12.08,10.89
LIRO,2023-10-19,11.16,11.44,10.87
LIRO,2023-10-20,11.0575,11.19,10.89
LIRO,2023-10-21,11.0785416666667,11.81,10.77
LIRO,2023-10-22,10.546875,10.76,10.33
LIRO,2023-10-23,10.4810416666667,11.57,10.09
LIRO,2023-10-24,10.1775,10.38,10.09
LIRO,2023-10-25,10.2689130434783,10.47,10.1
LIRO,2023-10-26,10.2904166666667,10.4,10.16
LIRO,2023-10-27,10.2714583333333,10.38,10.16
LIRO,2023-10-28,10.26375,10.71,9.92
LIRO,2023-10-29,9.66875,9.91,9.29
LIRO,2023-10-30,9.09104166666667,9.53,8.66
LIRO,2023-10-31,8.30458333333333,8.69,7.87
LIRO,2023-11-01,7.538125,7.93,7.1
LIRO,2023-11-02,6.830625,7.1,6.49
LIRO,2023-11-03,6.45934782608696,6.91,6.27
LIRO,2023-11-04,6.38666666666667,7.02,6
LIRO,2023-11-05,6.21104166666667,6.64,5.92
LIRO,2023-11-06,6.17625,6.37,6.01
LIRO,2023-11-07,6.25395833333333,6.44,6.03
LIRO,2023-11-08,6.01,6.16,5.82
LIRO,2023-11-09,5.73583333333333,5.82,5.54
LIRO,2023-11-10,5.42916666666667,5.57,5.29
LIRO,2023-11-11,5.20916666666667,5.34,5.07
LIRO,2023-11-12,5.07916666666667,5.11,5.02
LIRO,2024-03-16,4.96121212121212,5.19,4.77
LIRO,2024-03-17,4.61770833333333,4.83,4.22
LIRO,2024-03-18,3.98020833333333,4.24,3.6
LIRO,2024-03-19,3.65458333333333,3.96,3.25
LIRO,2024-03-20,3.29458333333333,3.66,2.67
LIRO,2024-03-21,2.3827027027027,3.13,0.98
LIRO,2024-03-22,2.42083333333333,4.24,1.17
LIRO,2024-03-23,1.24666666666667,1.66,0.78
LIRO,2024-03-24,1.86625,4.56,0.74
LIRO,2024-03-25,0.546458333333333,0.85,0.06
LIRO,2024-03-26,0.065,0.15,0.02
LIRO,2024-03-27,0.0834285714285714,0.21,0.02
LIRO,2024-03-28,0.0960416666666667,0.28,0.03
LIRO,2024-03-29,0.170851063829787,0.59,0.04
LIRO,2024-03-30,0.253541666666667,0.53,0.04
LIRO,2024-03-31,0.188913043478261,0.44,0.12
LIRO,2024-04-01,0.425833333333333,0.55,0.14
LIRO,2024-04-02,1.14291666666667,1.63,0.47
LIRO,2024-04-03,2.3653125,4.18,1.2
LIRO,2024-04-04,3.99479166666667,4.14,3.82
LIRO,2024-04-05,2.77195652173913,4.07,0.77
LIRO,2024-04-06,3.43975609756098,4.63,0.75
LIRO,2024-04-07,4.7046511627907,5.25,3.39
LIRO,2024-04-08,5.02531914893617,5.25,4.44
LIRO,2024-04-09,5.2272916666666696,5.44,5.08
LIRO,2024-04-10,5.774375,6.22,5.34
LIRO,2024-04-11,7.0397916666666696,7.96,5.53
LIRO,2024-04-12,7.81729166666667,8.59,6.94
LIRO,2024-04-13,6.861875,7.28,6.32
LIRO,2024-04-14,7.88979166666667,8.95,6.35
LIRO,2024-04-15,9.32565217391304,11.17,7.99
LIRO,2024-04-16,10.0522916666667,10.91,8.84
LIRO,2024-04-17,9.92666666666667,10.44,9.38
LIRO,2024-04-18,9.29729166666667,9.53,9.06
LIRO,2024-04-19,9.255625,9.75,8.8
LIRO,2024-04-20,8.430625,8.79,7.91
LIRO,2024-04-21,7.72395833333333,8.13,7.28
LIRO,2024-04-22,8.19729166666667,9.38,7.28
LIRO,2024-04-23,8.721875,9.29,7.76
LIRO,2024-04-24,8.76106382978723,9.23,8.23
LIRO,2024-04-25,9.34145833333333,11.02,8.19
LIRO,2024-04-26,10.4241666666667,11.38,8.79
LIRO,2024-04-27,10.46125,10.96,10.03
LIRO,2024-04-28,10.4552083333333,10.78,10.21
LIRO,2024-04-29,10.079375,10.34,9.76
LIRO,2024-04-30,10.08875,10.41,9.75
LIRO,2024-05-01,11.038085106383,11.91,9.91
LIRO,2024-05-02,11.3525,11.92,10.97
LIRO,2024-05-03,10.7710416666667,10.97,10.46
LIRO,2024-05-04,11.96875,13.33,10.5
LIRO,2024-05-05,11.751875,12.02,11.21
LIRO,2024-05-06,12.6560416666667,13.94,11.24
LIRO,2024-05-07,14.1634042553191,15.71,12.05
LIRO,2024-05-08,13.960625,14.35,13.71
LIRO,2024-05-09,14.745625,15.86,13.7
LIRO,2024-05-10,14.5666666666667,15.57,13.78
LIRO,2024-05-11,14.6720833333333,15.37,13.95
LIRO,2024-05-12,14.7266666666667,15.52,13.92
LIRO,2024-05-13,15.61,17.32,14.31
LIRO,2024-05-14,15.9585416666667,17.02,15.05
LIRO,2024-05-15,16.0439583333333,16.85,15.2
LIRO,2024-05-16,17.1834042553192,18.48,15.6
LIRO,2024-05-17,16.1822916666667,16.7,15.59
LIRO,2024-05-18,17.1546808510638,18.19,15.61
LIRO,2024-05-19,17.9827083333333,19.07,16.97
LIRO,2024-05-20,18.371875,19.04,17.31
LIRO,2024-05-21,18.2227083333333,18.67,17.91
LIRO,2024-05-22,17.95,18.17,17.53
LIRO,2024-05-23,17.2410416666667,17.61,16.64
LIRO,2024-05-24,18.1375,19.49,16.63
LIRO,2024-05-25,17.4285416666667,17.79,16.88
LIRO,2024-05-26,17.809375,18.7,16.84
LIRO,2024-05-27,17.625625,17.96,17.12
LIRO,2024-05-28,17.7177083333333,18.39,17.09
LIRO,2024-05-29,17.1683333333333,17.7,16.59
LIRO,2024-05-30,18.1102222222222,19.39,16.61
LIRO,2024-05-31,18.7779166666667,19.78,17.26
LIRO,2024-06-01,18.80375,19.28,18.15
LIRO,2024-06-02,18.5725,18.92,18.18
LIRO,2024-06-03,20.8078723404255,22.76,18.19
LIRO,2024-06-04,19.9683333333333,20.75,19.48
LIRO,2024-06-05,21.8110416666667,22.77,19.92
LIRO,2024-06-06,21.1697916666667,22.15,20
LIRO,2024-06-07,19.746875,20.17,18.93
LIRO,2024-06-08,19.6679166666667,20.67,18.89
LIRO,2024-06-09,19.5920833333333,20.54,19
LIRO,2024-06-10,18.5827083333333,18.98,17.93
LIRO,2024-06-11,18.9208333333333,20.1,17.91
LIRO,2024-06-12,18.1466666666667,18.35,17.75
LIRO,2024-06-13,18.7260416666667,19.54,17.77
LIRO,2024-06-14,19.7816666666667,21.09,18.56
LIRO,2024-06-15,21.0133333333333,23.1,19.08
LIRO,2024-06-16,20.8452083333333,21.55,20.36
LIRO,2024-06-17,20.7489583333333,21.33,20.32
LIRO,2024-06-18,20.8814583333333,21.65,20.2
LIRO,2024-06-19,22.5910416666667,23.62,20.77
LIRO,2024-06-20,23.155625,24.48,22.17
LIRO,2024-06-21,22.2302083333333,22.69,21.67
LIRO,2024-06-22,21.5914583333333,21.85,21.2
LIRO,2024-06-23,21.08,21.36,20.57
LIRO,2024-06-24,21.5308333333333,22.82,20.56
LIRO,2024-06-25,22.3316666666667,23.22,20.8
LIRO,2024-06-26,23.4223404255319,24.77,22.12
LIRO,2024-06-27,22.35,22.82,21.54
LIRO,2024-06-28,22.8154166666667,23.96,21.5
LIRO,2024-06-29,21.5008333333333,22.06,21.14
LIRO,2024-06-30,21.5752083333333,22.68,20.7
LIRO,2024-07-01,21.5658333333333,22.66,20.67
LIRO,2024-07-02,21.8879166666667,22.81,20.85
LIRO,2024-07-03,20.7572916666667,21.26,20.41
LIRO,2024-07-04,21.9453191489362,23.14,20.43
LIRO,2024-07-05,22.5120833333333,23.43,21.48
LIRO,2024-07-06,21.966875,22.49,21.4
LIRO,2024-07-07,23.3939583333333,25.36,21.39
LIRO,2024-07-08,22.8922916666667,23.73,22.29
LIRO,2024-07-09,22.82875,23.56,22.24
LIRO,2024-07-10,24.115869565217402,25.84,22.28
LIRO,2024-07-11,24.3327083333333,25.74,23.13
LIRO,2024-07-12,25.1883333333333,26.69,23.66
LIRO,2024-07-13,25.5939583333333,27.26,24.27
LIRO,2024-07-14,24.97875,25.53,24.41
LIRO,2024-07-15,26.0725,27.64,24.41
LIRO,2024-07-16,25.6966666666667,26.54,24.92
LIRO,2024-07-17,25.1883333333333,25.86,24.31
LIRO,2024-07-18,23.865625,24.27,23.08
LIRO,2024-07-19,23.8746808510638,25.17,23.04
LIRO,2024-07-20,24.2416666666667,25.48,23.1
LIRO,2024-07-21,24.550625,25.59,23.58
LIRO,2024-07-22,24.8675,26.44,23.76
LIRO,2024-07-23,24.8397916666667,26.23,23.96
LIRO,2024-07-24,23.571875,24,22.96
LIRO,2024-07-25,23.548125,24.8,22.84
LIRO,2024-07-26,24.501875,26.54,22.84
LIRO,2024-07-27,24.1454166666667,25.16,23.26
LIRO,2024-07-28,24.64,25.5,23.54
LIRO,2024-07-29,25.0952083333333,25.7,24.39
LIRO,2024-07-30,25.831875,27.58,24.77
LIRO,2024-07-31,25.735,26.95,24.78
LIRO,2024-08-01,26.93875,29.6,24.78
LIRO,2024-08-02,25.6422916666667,27,24.85
LIRO,2024-08-03,26.128085106383,27.55,24.84
LIRO,2024-08-04,26.1670833333333,27.98,25.16
LIRO,2024-08-05,25.4741666666667,26.25,24.75
LIRO,2024-08-06,24.483125,25.04,23.71
LIRO,2024-08-07,24.2825,25.31,23.49
LIRO,2024-08-08,23.7435416666667,24.35,23.34
LIRO,2024-08-09,23.4327083333333,24.24,22.75
LIRO,2024-08-10,22.3202083333333,22.72,21.56
LIRO,2024-08-11,21.176875,21.59,20.66
LIRO,2024-08-12,21.4933333333333,22.8,20.65
LIRO,2024-08-13,22.5078723404255,24.45,20.73
LIRO,2024-08-14,23.3302222222222,26.4,21.4
LIRO,2024-08-15,23.3727659574468,24.82,22.14
LIRO,2024-08-16,22.1420833333333,22.53,21.83
LIRO,2024-08-17,22.5154166666667,23.56,21.85
LIRO,2024-08-18,21.8491666666667,22.11,21.46
LIRO,2024-08-19,21.9820833333333,22.92,21.4
LIRO,2024-08-20,21.940625,22.88,21.22
LIRO,2024-08-21,22.22875,23.88,21.19
LIRO,2024-08-22,22.5545833333333,24.69,21.19
LIRO,2024-08-23,22.216875,22.99,21.46
LIRO,2024-08-24,22.049375,22.56,21.64
LIRO,2024-08-25,23.4291666666667,25.18,21.78
LIRO,2024-08-26,24.0323404255319,25.18,22.41
LIRO,2024-08-27,26.2628260869565,28.97,23.72
LIRO,2024-08-28,24.2316666666667,25.09,23.03
LIRO,2024-08-29,23.0552083333333,23.42,22.46
LIRO,2024-08-30,22.9472916666667,23.51,22.39
LIRO,2024-08-31,23.0627083333333,23.89,22.46
LIRO,2024-09-01,22.9420833333333,23.88,22.22
LIRO,2024-09-02,22.300625,22.89,21.69
LIRO,2024-09-03,22.2927083333333,23.38,21.52
LIRO,2024-09-04,21.6445833333333,22.28,21.11
LIRO,2024-09-05,21.5466666666667,22.46,21.07
LIRO,2024-09-06,20.8421052631579,21.44,20.41
LIRO,2024-09-07,20.256875,20.76,19.62
LIRO,2024-09-08,19.8221276595745,20.83,19.17
LIRO,2024-09-09,19.6935416666667,20.19,19.14
LIRO,2024-09-10,21.2275555555556,23.41,19.22
LIRO,2024-09-11,20.4035416666667,21,19.88
LIRO,2024-09-12,20.8945833333333,22.17,19.9
LIRO,2024-09-13,21.683125,23.54,20.16
LIRO,2024-09-14,21.5739583333333,22.72,20.59
LIRO,2024-09-15,21.59625,22.53,20.75
LIRO,2024-09-16,22.0833333333333,23.2,21.07
LIRO,2024-09-17,22.4635416666667,23.86,21.43
LIRO,2024-09-18,22.23375,23,21.52
LIRO,2024-09-19,22.0670833333333,23.01,21.44
LIRO,2024-09-20,21.5221276595745,21.79,21.2
LIRO,2024-09-21,21.801875,22.86,21.09
LIRO,2024-09-22,20.914375,21.16,20.49
LIRO,2024-09-23,20.3727083333333,21,19.69
LIRO,2024-09-24,19.9539130434783,21.04,19.33
LIRO,2024-09-25,19.848125,21.35,19.02
LIRO,2024-09-26,19.6673333333333,21.36,18.88
LIRO,2024-09-27,20.268085106383,22.56,18.86
LIRO,2024-09-28,20.6747826086957,23,19.14
LIRO,2024-09-29,20.46,22.19,19.33
LIRO,2024-09-30,20.0846511627907,21.91,19.22
LIRO,2024-10-01,19.5616666666667,20.04,19.02
LIRO,2024-10-02,18.7252083333333,19.18,18.1
LIRO,2024-10-03,17.885,18.24,17.43
LIRO,2024-10-04,17.2585416666667,17.62,16.68
LIRO,2024-10-05,16.7642222222222,17.64,16.21
LIRO,2024-10-06,16.33625,16.71,16.07
LIRO,2024-10-07,15.52625,16.08,14.89
LIRO,2024-10-08,14.9814583333333,15.64,14.48
LIRO,2024-10-09,14.5458139534884,15.05,14.07
LIRO,2024-10-10,14.4153191489362,15.49,13.74
LIRO,2024-10-11,13.9916666666667,14.62,13.7
LIRO,2024-10-12,14.1033333333333,14.66,13.71
LIRO,2024-10-13,13.5954166666667,13.84,13.34
LIRO,2024-10-14,13.06625,13.33,12.72
LIRO,2024-10-15,12.49875,12.75,12.1
LIRO,2024-10-16,11.8527083333333,12.18,11.4
LIRO,2024-10-17,11.4735416666667,12.16,11.01
LIRO,2024-10-18,11.05375,11.4,10.77
LIRO,2024-10-19,11.0908333333333,11.82,10.72
LIRO,2024-10-20,11.546875,12.19,10.86
LIRO,2024-10-21,12.3191666666667,13,11.33
LIRO,2024-10-22,12.925625,13.55,11.9
LIRO,2024-10-23,13.0404166666667,13.63,12.47
LIRO,2024-10-24,12.1363829787234,13.07,11.37
LIRO,2024-10-25,11.40875,11.69,11.23
LIRO,2024-10-26,11.2151063829787,11.77,10.77
LIRO,2024-10-27,10.83875,11.86,10.47
LIRO,2024-10-28,10.5804166666667,11.06,10.3
LIRO,2024-10-29,10.6945833333333,11.16,10.27
LIRO,2024-10-30,11.8097916666667,12.5,10.75
LIRO,2024-10-31,11.779375,12.57,10.95
LIRO,2024-11-01,10.3983333333333,10.92,9.91
LIRO,2024-11-02,10.0097916666667,11.44,9.53
LIRO,2024-11-03,9.56270833333333,9.9,9.36
LIRO,2024-11-04,9.26574468085106,9.36,9.19
LIRO,2024-11-05,9.4895652173913,9.82,9.21
LIRO,2024-11-06,9.148125,9.3,8.98
LIRO,2024-11-07,9.035,9.86,8.68
LIRO,2024-11-08,8.59208333333333,8.88,8.33
LIRO,2024-11-09,8.353125,9.08,7.99
LIRO,2024-11-10,8.01729166666667,8.21,7.95
LIRO,2024-11-11,7.98958333333333,8.12,7.86
LIRO,2024-11-12,7.58645833333333,7.85,7.23
LIRO,2024-11-13,7.109375,7.43,6.85
LIRO,2024-11-14,6.81,6.82,6.8
LIRO,2025-04-18,6.63585365853659,7.34,5.76
LIRO,2025-04-19,6.60625,7.19,6.01
LIRO,2025-04-20,6.54375,7.29,6
LIRO,2025-04-21,6.64765957446809,7.14,6.08
LIRO,2025-04-22,6.33145833333333,6.63,6.03
LIRO,2025-04-23,6.4,6.93,6.02
LIRO,2025-04-24,7.50446808510638,8.54,6.12
LIRO,2025-04-25,8.38708333333333,8.93,7.51
LIRO,2025-04-26,7.86354166666667,8.25,7.23
LIRO,2025-04-27,9.17833333333333,10.71,7.19
LIRO,2025-04-28,9.44395833333333,9.72,8.84
LIRO,2025-04-29,9.723125,10.19,9.41
LIRO,2025-04-30,10.1639534883721,11.16,9.51
LIRO,2025-05-01,10.8672916666667,12.15,9.5
LIRO,2025-05-02,10.9448717948718,11.13,10.64
LIRO,2025-05-03,10.6270833333333,10.88,10.23
LIRO,2025-05-04,11.5743181818182,12.85,10.21
LIRO,2025-05-05,13.7071428571429,15.4,10.9
LIRO,2025-05-06,15.3110638297872,17.15,12.83
LIRO,2025-05-07,16.1393617021277,17.9,14.59
LIRO,2025-05-08,15.1325,16.36,14.12
LIRO,2025-05-09,15.2527272727273,16.83,14.08
LIRO,2025-05-10,15.741875,16.87,14.38
LIRO,2025-05-11,15.7402083333333,16.96,14.84
LIRO,2025-05-12,16.2033333333333,17.02,15.15
LIRO,2025-05-13,17.5197916666667,18.61,15.99
LIRO,2025-05-14,19.1979166666667,20.33,17.34
LIRO,2025-05-15,20.3846666666667,21.39,18.98
LIRO,2025-05-16,20.8663043478261,22.01,19.93
LIRO,2025-05-17,19.5935416666667,20.37,18.67
LIRO,2025-05-18,18.2158333333333,18.77,17.18
LIRO,2025-05-19,16.5252083333333,17.13,15.57
LIRO,2025-05-20,15.8422916666667,16.6,15.13
LIRO,2025-05-21,14.74625,15.08,14.24
LIRO,2025-05-22,14.4241666666667,14.85,13.93
LIRO,2025-05-23,14.0745833333333,14.4,13.73
LIRO,2025-05-24,13.8335416666667,14.15,13.48
LIRO,2025-05-25,14.4929166666667,16,13.48
LIRO,2025-05-26,14.971875,15.86,13.74
LIRO,2025-05-27,16.5691666666667,18.04,14.5
LIRO,2025-05-28,16.3591666666667,16.95,15.84
LIRO,2025-05-29,16.9670833333333,17.86,15.89
LIRO,2025-05-30,17.693829787234,18.87,16.48
LIRO,2025-05-31,17.9191666666667,18.81,17.16
LIRO,2025-06-01,18.02,18.89,17.23
LIRO,2025-06-02,18.8677083333333,20.44,17.22
LIRO,2025-06-03,19.8314583333333,20.94,18.16
LIRO,2025-06-04,18.990625,19.72,18.14
LIRO,2025-06-05,19.7970833333333,21.31,18.13
LIRO,2025-06-06,20.76875,22.25,18.81
LIRO,2025-06-07,20.1991666666667,20.76,19.65
LIRO,2025-06-08,20.3752083333333,21.14,19.56
LIRO,2025-06-09,20.0020833333333,20.56,19.39
LIRO,2025-06-10,19.3952083333333,19.76,18.97
LIRO,2025-06-11,18.6725,18.96,18.2
LIRO,2025-06-12,19.195625,20.42,18.2
LIRO,2025-06-13,19.4675,20.26,18.59
LIRO,2025-06-14,18.288125,18.78,17.72
LIRO,2025-06-15,17.5964583333333,17.74,17.32
LIRO,2025-06-16,17.73625,18.22,17.28
LIRO,2025-06-17,19.364347826087,20.67,17.67
LIRO,2025-06-18,21.264375,23.01,19.5
LIRO,2025-06-19,22.27725,24.32,20.34
LIRO,2025-06-20,22.0389583333333,23.36,20.97
LIRO,2025-06-21,23.13,24.54,21.2
LIRO,2025-06-22,24.5071739130435,25.89,22.63
LIRO,2025-06-23,26.4127083333333,27.85,24.67
LIRO,2025-06-24,26.6133333333333,27.77,25.38
LIRO,2025-06-25,26.1654166666667,27.49,24.99
LIRO,2025-06-26,24.245,24.96,22.98
LIRO,2025-06-27,22.1360416666667,22.94,21.37
LIRO,2025-06-28,21.380625,21.64,20.95
LIRO,2025-06-29,22.1852083333333,23.34,20.95
LIRO,2025-06-30,23.885625,25.24,21.99
LIRO,2025-07-01,24.0977083333333,25.12,23.21
LIRO,2025-07-02,24.6002083333333,26.3,23.19
LIRO,2025-07-03,24.7585416666667,25.92,23.64
LIRO,2025-07-04,26.0159574468085,27.93,23.99
LIRO,2025-07-05,26.3308333333333,27.58,25.08
LIRO,2025-07-06,25.8008333333333,26.18,25.12
LIRO,2025-07-07,25.1710416666667,26.04,24.35
LIRO,2025-07-08,25.4775,26.74,24.32
LIRO,2025-07-09,25.701875,26.92,24.73
LIRO,2025-07-10,25.4741666666667,26.6,24.65
LIRO,2025-07-11,25.4493617021277,26.31,24.65
LIRO,2025-07-12,26.3160416666667,27.37,24.91
LIRO,2025-07-13,25.6808333333333,26.32,24.77
LIRO,2025-07-14,25.5277083333333,26.61,24.75
LIRO,2025-07-15,26.613125,28.24,24.91
LIRO,2025-07-16,26.5479166666667,27.62,25.86
LIRO,2025-07-17,24.52625,25.81,23.17
LIRO,2025-07-18,23.9054166666667,25.03,23.12
LIRO,2025-07-19,23.24,23.54,22.86
LIRO,2025-07-20,23.3552083333333,24.04,22.61
LIRO,2025-07-21,23.8660416666667,24.97,22.58
LIRO,2025-07-22,23.6010416666667,24.04,23.1
LIRO,2025-07-23,23.8772916666667,24.48,23.12
LIRO,2025-07-24,23.7879166666667,24.11,23.45
LIRO,2025-07-25,24.1408333333333,25.2,23.43
LIRO,2025-07-26,25.4458333333333,27.19,23.44
LIRO,2025-07-27,26.05375,27.56,24.49
LIRO,2025-07-28,27.2247826086957,28.86,25.36
LIRO,2025-07-29,27.6314583333333,29.26,26.19
LIRO,2025-07-30,27.155,28.04,26.17
LIRO,2025-07-31,26.1472916666667,26.77,25.22
LIRO,2025-08-01,25.2379166666667,25.9,24.39
LIRO,2025-08-02,25,26.26,24.11
LIRO,2025-08-03,24.82125,25.97,23.98
LIRO,2025-08-04,24.8779166666667,26.1,23.97
LIRO,2025-08-05,24.9170833333333,25.91,24.15
LIRO,2025-08-06,24.8339583333333,25.58,24.29
LIRO,2025-08-07,24.300625,24.55,23.98
LIRO,2025-08-08,25.3716666666667,26.55,23.97
LIRO,2025-08-09,25.5627083333333,26.05,24.88
LIRO,2025-08-10,24.6320833333333,25.23,24.1
LIRO,2025-08-11,24.0695833333333,24.26,23.83
LIRO,2025-08-12,24.7085416666667,25.69,23.8
LIRO,2025-08-13,24.3632608695652,25.21,23.8
LIRO,2025-08-14,24.5754166666667,25.69,23.77
LIRO,2025-08-15,24.4164583333333,25.17,23.67
LIRO,2025-08-16,24.9560416666667,26.07,23.94
LIRO,2025-08-17,24.1385416666667,24.62,23.49
LIRO,2025-08-18,23.92125,24.7,23.32
LIRO,2025-08-19,22.96625,23.29,22.64
LIRO,2025-08-20,23.2183333333333,23.94,22.61
LIRO,2025-08-21,22.7310416666667,23.05,22.27
LIRO,2025-08-22,23.3268085106383,24.53,22.26
LIRO,2025-08-23,22.81,23.27,22.27
LIRO,2025-08-24,22.085625,22.45,21.58
LIRO,2025-08-25,21.2152083333333,21.54,20.58
LIRO,2025-08-26,20.673125,21.26,20.08
LIRO,2025-08-27,20.5770833333333,21.79,19.9
LIRO,2025-08-28,20.2941666666667,20.78,19.87
LIRO,2025-08-29,20.5635416666667,21.75,19.83
LIRO,2025-08-30,20.8595744680851,22.64,19.76
LIRO,2025-08-31,21.2893617021277,23.31,19.89
LIRO,2025-09-01,21.5760416666667,23.25,20.18
LIRO,2025-09-02,22.0922916666667,23.89,20.68
LIRO,2025-09-03,21.1822916666667,21.7,20.65
LIRO,2025-09-04,20.1241666666667,20.61,19.38
LIRO,2025-09-05,18.9266666666667,19.36,18.21
LIRO,2025-09-06,17.8395833333333,18.18,17.31
LIRO,2025-09-07,17.3383333333333,17.97,16.74
LIRO,2025-09-08,16.8004166666667,17.19,16.39
LIRO,2025-09-09,17.035625,17.69,16.35
LIRO,2025-09-10,16.74375,16.87,16.61
LIRO,2025-09-11,16.8291666666667,17.68,16.55
LIRO,2025-09-12,17.1308333333333,17.97,16.53
LIRO,2025-09-13,18.125,19.37,16.73
LIRO,2025-09-14,20.2745454545455,22.83,17.68
LIRO,2025-09-15,20.7542553191489,23.1,19.33
LIRO,2025-09-16,21.1763829787234,23.03,19.96
LIRO,2025-09-17,21.481914893617,23.11,20.41
LIRO,2025-09-18,22.3344680851064,24.55,20.74
LIRO,2025-09-19,21.443125,22.04,20.88
LIRO,2025-09-20,20.7820833333333,21.21,20.19
LIRO,2025-09-21,19.9960416666667,20.26,19.53
LIRO,2025-09-22,19.698125,20.18,19.33
LIRO,2025-09-23,20.5654166666667,22.45,19.3
LIRO,2025-09-24,19.61125,20.07,19.1
LIRO,2025-09-25,19.4870833333333,20.43,18.75
LIRO,2025-09-26,19.64125,20.67,18.68
LIRO,2025-09-27,19.263125,20.88,18.58
LIRO,2025-09-28,18.7339583333333,19.59,17.93
LIRO,2025-09-29,18.5329166666667,19.8,17.88
LIRO,2025-09-30,19.4382978723404,21.57,17.8
LIRO,2025-10-01,19.5977083333333,21.35,18.34
LIRO,2025-10-02,19.1070833333333,19.98,18.57
LIRO,2025-10-03,19.3133333333333,20.61,18.49
LIRO,2025-10-04,20.326875,22.1,18.82
LIRO,2025-10-05,19.958125,20.75,19.22
LIRO,2025-10-06,19.6739583333333,20.23,19.11
LIRO,2025-10-07,18.8339583333333,19.57,18.08
LIRO,2025-10-08,17.7864583333333,18.38,17.03
LIRO,2025-10-09,17.0354166666667,18.19,16.23
LIRO,2025-10-10,16.2539583333333,16.61,15.92
LIRO,2025-10-11,15.8527083333333,16.29,15.33
LIRO,2025-10-12,15.6783333333333,16.59,15.17
LIRO,2025-10-13,15.1575,15.35,14.96
LIRO,2025-10-14,15.3010416666667,16.47,14.68
LIRO,2025-10-15,14.594375,15.21,14.28
LIRO,2025-10-16,14.4997916666667,15.76,14.02
LIRO,2025-10-17,13.945,14.05,13.81
LIRO,2025-10-18,14.2914583333333,14.74,13.79
LIRO,2025-10-19,14.388125,15.43,13.84
LIRO,2025-10-20,13.5383333333333,13.89,13.06
LIRO,2025-10-21,13.0116666666667,13.31,12.65
LIRO,2025-10-22,12.4808333333333,12.8,12.13
LIRO,2025-10-23,11.8789583333333,12.1,11.56
LIRO,2025-10-24,11.3980434782609,11.9,10.99
LIRO,2025-10-25,11.0747916666667,12.25,10.61
LIRO,2025-10-26,10.57,10.91,10.24
LIRO,2025-10-27,10.4235416666667,10.96,10.05
LIRO,2025-10-28,10.1397916666667,10.55,9.83
LIRO,2025-10-29,9.89414634146341,10.34,9.6
LIRO,2025-11-04,8.19684210526316,8.7,7.92
LIRO,2025-11-05,7.905625,8,7.79
LIRO,2025-11-06,7.77020833333333,8.23,7.39
LIRO,2025-11-07,7.3366666666666696,7.47,7.15
LIRO,2025-11-08,7.02354166666667,7.21,6.73
LIRO,2025-11-09,6.54375,6.89,6.09
LIRO,2025-11-10,5.82708333333333,6.14,5.45
LIRO,2025-11-11,5.48625,5.61,5.33
PRLA,2017-09-29,12.7706666666667,13.31,12.36
PRLA,2017-09-30,12.821875,13.51,12.29
PRLA,2017-10-01,12.6772916666667,12.92,12.22
PRLA,2017-10-02,13.1935416666667,13.56,12.64
PRLA,2017-10-03,13.08625,13.29,12.72
PRLA,2017-10-04,12.3321276595745,12.75,11.48
PRLA,2017-10-05,11.3370833333333,11.57,10.99
PRLA,2017-10-06,11.62675,12.07,11.16
PRLA,2017-10-07,11.6764583333333,12.11,11.16
PRLA,2017-10-08,11.75,12.12,11.32
PRLA,2017-10-09,11.3610416666667,11.74,10.59
PRLA,2017-10-10,9.945625,10.54,9.13
PRLA,2017-10-11,9.12895833333333,9.48,8.63
PRLA,2017-10-12,8.61666666666667,8.91,8.37
PRLA,2017-10-13,8.53333333333333,8.89,8.16
PRLA,2017-10-14,8.09770833333333,8.71,7.78
PRLA,2017-10-15,7.46083333333333,7.77,6.87
PRLA,2017-10-16,6.95416666666667,7.16,6.64
PRLA,2017-10-17,7.09270833333333,7.57,6.33
PRLA,2017-10-18,7.77958333333333,8.1,7.13
PRLA,2017-10-19,7.84375,8.1,7.38
PRLA,2017-10-20,8.0025,8.33,7.29
PRLA,2017-10-21,9.21916666666667,9.85,8.14
PRLA,2017-10-22,9.560625,9.88,8.86
PRLA,2017-10-23,8.67041666666667,8.82,8.32
PRLA,2017-10-24,7.9914583333333304,8.38,7.26
PRLA,2017-10-25,7.0925,7.3,6.81
PRLA,2017-10-26,7.17104166666667,7.54,6.85
PRLA,2017-10-27,5.14645833333333,6.91,3.51
PRLA,2017-10-28,3.31291666666667,3.58,2.66
PRLA,2017-10-29,3.12125,3.42,2.68
PRLA,2017-10-30,3.60791666666667,3.86,3.39
PRLA,2018-06-01,22.5294736842105,24.06,21.73
PRLA,2018-06-02,21.8691666666667,22.48,20.85
PRLA,2018-06-03,18.7483333333333,20.73,16.67
PRLA,2018-06-04,17.3874468085106,18.01,16.28
PRLA,2018-06-05,18.25375,19.34,17.52
PRLA,2018-06-06,19.0948780487805,19.96,17.76
PRLA,2018-06-07,20.2591666666667,21.17,19.33
PRLA,2018-06-08,19.7352083333333,20.33,19.08
PRLA,2018-06-09,20.0685416666667,20.79,19.02
PRLA,2018-06-10,22.2175,23.49,20.37
PRLA,2018-06-11,22.294375,22.95,21.51
PRLA,2018-06-12,21.12375,21.55,20.26
PRLA,2018-06-13,20.3647916666667,20.81,19.74
PRLA,2018-06-14,20.2152083333333,21.04,19.66
PRLA,2018-06-15,21.0270833333333,21.72,19.64
PRLA,2018-06-16,21.9166666666667,22.66,21.28
PRLA,2018-06-17,21.1585416666667,21.74,20.25
PRLA,2018-06-18,20.09125,20.42,19.59
PRLA,2018-06-19,20.2641666666667,20.73,19.56
PRLA,2018-06-20,21.1293333333333,22.26,20.05
PRLA,2018-06-21,21.53375,22.08,20.76
PRLA,2018-06-22,21.563488372093,22.11,21.07
PRLA,2018-06-23,22.9723076923077,25.02,21.77
PRLA,2018-06-24,23.6814583333333,24.54,22.75
PRLA,2018-06-25,23.014375,23.59,22.06
PRLA,2018-06-26,22.1795833333333,22.62,21.85
PRLA,2018-06-27,23.2478048780488,24.49,21.86
PRLA,2018-06-28,24.2308888888889,25.03,22.96
PRLA,2018-06-29,24.6137142857143,26.22,23.49
PRLA,2018-06-30,23.99,24.55,23.39
PRLA,2018-07-01,23.6908333333333,24.04,23.23
PRLA,2018-07-02,23.4177083333333,23.89,22.69
PRLA,2018-07-03,23.0414705882353,24,22.51
PRLA,2018-07-04,23.7145238095238,25.38,22.58
PRLA,2018-07-05,23.5304166666667,24.11,22.97
PRLA,2018-07-06,23.0584090909091,23.58,22.73
PRLA,2018-07-07,23.3870212765957,23.88,22.68
PRLA,2018-07-08,24.7602083333333,25.82,23.04
PRLA,2018-07-09,24.8160416666667,25.36,24.31
PRLA,2018-07-10,24.9634090909091,25.89,24.24
PRLA,2018-07-11,24.8233333333333,25.53,23.92
PRLA,2018-07-12,25.318125,25.9,24.56
PRLA,2018-07-13,25.0722916666667,25.5,24.7
PRLA,2018-07-14,24.8741463414634,25.74,24.53
PRLA,2018-07-15,25.5354166666667,26.27,24.7
PRLA,2018-07-16,24.4560416666667,24.95,23.6
PRLA,2018-07-17,23.7987878787879,24.75,23.42
PRLA,2018-07-18,23.960487804878,25.56,23.28
PRLA,2018-07-19,23.9832608695652,24.52,23.34
PRLA,2018-07-20,23.6147826086957,24.41,23.32
PRLA,2018-07-21,23.2925,23.61,22.89
PRLA,2018-07-22,23.068125,23.64,22.31
PRLA,2018-07-23,22.769375,23.18,22.25
PRLA,2018-07-24,22.489375,22.93,22.09
PRLA,2018-07-25,22.8566666666667,23.69,21.98
PRLA,2018-07-26,22.6452083333333,23.15,21.73
PRLA,2018-07-27,21.2579166666667,21.65,20.67
PRLA,2018-07-28,20.9210526315789,22.23,20.46
PRLA,2018-07-29,20.9426666666667,22.04,20.58
PRLA,2018-07-30,21.32675,22.69,20.78
PRLA,2018-07-31,21.9381081081081,23.16,21.08
PRLA,2018-08-01,22.143125,22.99,21.25
PRLA,2018-08-02,21.2735416666667,21.9,20.53
PRLA,2018-08-03,20.7634042553191,21.5,19.99
PRLA,2018-08-04,20.9697826086957,21.59,20.37
PRLA,2018-08-05,21.6508333333333,22.34,20.74
PRLA,2018-08-06,22.2260416666667,22.83,21.39
PRLA,2018-08-07,22.037380952381,22.85,21.8
PRLA,2018-08-08,22.9511764705882,24.32,21.75
PRLA,2018-08-09,23.55875,24.39,22.49
PRLA,2018-08-10,23.8585365853659,24.67,23.19
PRLA,2018-08-11,24.3053488372093,25.43,23.93
PRLA,2018-08-12,24.8958333333333,25.96,23.85
PRLA,2018-08-13,24.6147916666667,25.5,23.76
PRLA,2018-08-14,23.8235416666667,24.82,22.64
PRLA,2018-08-15,22.4829166666667,22.91,21.76
PRLA,2018-08-16,21.7741860465116,23.09,21.33
PRLA,2018-08-17,22.4115909090909,23.74,21.15
PRLA,2018-08-18,22.2673333333333,23.23,21.53
PRLA,2018-08-19,22.3685416666667,23.15,21.45
PRLA,2018-08-20,21.1772916666667,22.18,20.05
PRLA,2018-08-21,20.075625,20.62,19.63
PRLA,2018-08-22,20.044347826087,20.63,19.47
PRLA,2018-08-23,20.0229166666667,20.56,19.42
PRLA,2018-08-24,20.24375,20.67,19.52
PRLA,2018-08-25,20.8461363636364,21.8,20.23
PRLA,2018-08-26,20.9010416666667,21.41,20.4
PRLA,2018-08-27,20.1322916666667,20.68,19.19
PRLA,2018-08-28,18.17625,19.13,17.27
PRLA,2018-08-29,17.2510416666667,17.69,16.82
PRLA,2018-08-30,17.5695833333333,18.26,16.7
PRLA,2018-08-31,18.5283333333333,19.23,17.22
PRLA,2018-09-01,18.9777083333333,19.64,18.45
PRLA,2018-09-02,19.2370833333333,19.97,18.32
PRLA,2018-09-03,18.965625,19.53,18.51
PRLA,2018-09-04,19.2410416666667,19.75,18.37
PRLA,2018-09-05,19.2141666666667,19.68,18.26
PRLA,2018-09-06,18.005,18.21,17.85
PRLA,2018-09-08,17.5835714285714,18.07,16.93
PRLA,2018-09-09,17.1775,17.65,16.54
PRLA,2018-09-10,17.1141666666667,17.53,16.5
PRLA,2018-09-11,17.4084782608696,18.04,17.13
PRLA,2018-09-12,18.2521276595745,19.03,17.47
PRLA,2018-09-13,17.531875,17.92,17.25
PRLA,2018-09-14,17.6879166666667,18.11,17.22
PRLA,2018-09-15,17.099375,17.69,16.6
PRLA,2018-09-16,17.210625,17.58,16.42
PRLA,2018-09-17,18.1966666666667,18.99,17.3
PRLA,2018-09-18,17.08125,17.66,16.47
PRLA,2018-09-19,16.4810416666667,17.05,15.99
PRLA,2018-09-20,15.8220833333333,16.42,14.93
PRLA,2018-09-21,13.5735416666667,14.85,12.14
PRLA,2018-09-22,12.4264583333333,12.9,11.94
PRLA,2018-09-23,12.3868085106383,13.35,11.57
PRLA,2018-09-24,11.1610416666667,11.57,10.89
PRLA,2018-09-25,10.679375,10.87,10.45
PRLA,2018-09-26,10.6222916666667,10.91,10.27
PRLA,2018-09-27,10.3491666666667,10.56,10.05
PRLA,2018-09-28,10.0241666666667,10.38,9.34
PRLA,2018-09-29,9.06625,9.46,8.23
PRLA,2018-09-30,8.39791666666667,8.74,8.02
PRLA,2018-10-01,7.84583333333333,8.05,7.37
PRLA,2018-10-02,7.7025,7.96,7.22
PRLA,2018-10-03,8.42104166666667,8.71,7.7
PRLA,2018-10-04,8.07604166666667,8.78,6.97
PRLA,2018-10-05,6.485,7.17,5.62
PRLA,2018-10-06,5.4929166666666696,5.69,5.15
PRLA,2018-10-07,5.10833333333333,5.26,4.9
PRLA,2018-10-08,4.70645833333333,4.9,4.52
PRLA,2018-10-09,4.500625,4.65,4.33
PRLA,2018-10-10,4.216875,4.49,3.63
PRLA,2018-10-11,2.85791666666667,3.57,2.2
PRLA,2018-10-12,2.28104166666667,2.57,1.97
PRLA,2018-10-13,2.84,3.19,2.17
PRLA,2018-10-14,3.04854166666667,3.46,2.43
PRLA,2018-10-15,1.96583333333333,2.4,1.26
PRLA,2018-10-16,1.45083333333333,1.91,1.07
PRLA,2019-05-05,9.07236842105263,9.48,8.62
PRLA,2019-05-06,9.255625,9.89,8.55
PRLA,2019-05-07,9.77909090909091,11.64,8.79
PRLA,2019-05-08,10.0091666666667,10.94,8.62
PRLA,2019-05-09,9.88375,10.52,8.78
PRLA,2019-05-10,9.58541666666667,10.15,8.59
PRLA,2019-05-11,9.501875,9.82,8.96
PRLA,2019-05-12,9.74260869565217,10.3,9.02
PRLA,2019-05-13,11.3693548387097,14.07,9.58
PRLA,2019-05-14,12.5147916666667,13.72,10.36
PRLA,2019-05-15,13.7604166666667,15.08,12.54
PRLA,2019-05-16,14.2902083333333,14.9,13.2
PRLA,2019-05-17,14.2747916666667,14.98,13.32
PRLA,2019-05-18,12.251875,13.3,11.11
PRLA,2019-05-19,10.206875,11.05,9.49
PRLA,2019-05-20,9.60020833333333,9.93,9.23
PRLA,2019-05-21,10.95375,12.01,9.34
PRLA,2019-05-22,11.43125,11.92,10.94
PRLA,2019-05-23,10.6435416666667,10.88,10.26
PRLA,2019-05-24,11.4022916666667,12.2,10.22
PRLA,2019-05-25,11.798125,12.21,11.25
PRLA,2019-05-26,12.6580434782609,13.97,11.7
PRLA,2019-05-27,12.8270833333333,13.33,12.05
PRLA,2019-05-28,12.489375,12.9,11.97
PRLA,2019-05-29,14.5371052631579,16.56,12.42
PRLA,2019-05-30,16.9186486486486,18.45,13.72
PRLA,2019-05-31,17.8585416666667,18.99,15.78
PRLA,2019-06-01,18.13625,19.14,17.21
PRLA,2019-06-02,18.5514583333333,19.68,17.14
PRLA,2019-06-03,18.0691666666667,18.99,17.39
PRLA,2019-06-04,18.940625,19.74,17.36
PRLA,2019-06-05,20.473125,21.32,19.1
PRLA,2019-06-06,21.5668292682927,23.17,19.95
PRLA,2019-06-07,22.8437777777778,25.1,20.83
PRLA,2019-06-08,22.1508333333333,22.66,21.52
PRLA,2019-06-09,20.6983333333333,21.86,19.24
PRLA,2019-06-10,19.0860416666667,19.49,18.22
PRLA,2019-06-11,18.9195744680851,19.71,18.16
PRLA,2019-06-12,18.9477083333333,19.56,18.23
PRLA,2019-06-13,19.8016666666667,21.59,18.18
PRLA,2019-06-14,19.3183333333333,20.05,18.41
PRLA,2019-06-15,20.8893181818182,22.1,19.4
PRLA,2019-06-16,20.4527083333333,20.99,19.66
PRLA,2019-06-17,19.188125,19.61,18.41
PRLA,2019-06-18,18.58,18.9,18.31
PRLA,2019-06-19,19.8275555555556,21.01,18.33
PRLA,2019-06-20,18.4708333333333,19.14,17.68
PRLA,2019-06-21,18.1176086956522,18.84,17.62
PRLA,2019-06-22,17.588125,17.81,17.12
PRLA,2019-06-23,17.49375,18,17.01
PRLA,2019-06-24,18.5425531914894,19.38,17.18
PRLA,2019-06-25,19.4841666666667,20.47,18.39
PRLA,2019-06-26,19.88125,20.54,18.89
PRLA,2019-06-27,21.7952777777778,24.77,19.79
PRLA,2019-06-28,22.3604255319149,23.2,21.16
PRLA,2019-06-29,22.2791666666667,23.03,21.52
PRLA,2019-06-30,22.4104166666667,23.1,21.72
PRLA,2019-07-01,23.19125,23.75,22.5
PRLA,2019-07-02,24.154,26.32,22.61
PRLA,2019-07-03,24.6791666666667,26.03,23.12
PRLA,2019-07-04,24.6989583333333,26.21,23.73
PRLA,2019-07-05,24.1083333333333,24.87,23.55
PRLA,2019-07-06,23.8260416666667,24.28,23.28
PRLA,2019-07-07,24.2307142857143,25.82,23.14
PRLA,2019-07-08,24.26875,25.15,23.24
PRLA,2019-07-09,24.5947916666667,25.73,23.76
PRLA,2019-07-10,23.6345833333333,24.16,22.68
PRLA,2019-07-11,22.9889583333333,23.56,22.27
PRLA,2019-07-12,23.796875,24.46,22.74
PRLA,2019-07-13,25.1712765957447,26.44,23.7
PRLA,2019-07-14,25.9129166666667,26.8,24.72
PRLA,2019-07-15,26.7122222222222,27.63,25.44
PRLA,2019-07-16,26.83,27.56,26.14
PRLA,2019-07-17,26.5580952380952,28.13,25.14
PRLA,2019-07-18,25.5275,26.07,24.91
PRLA,2019-07-19,25.20625,25.64,24.81
PRLA,2019-07-20,25.1179166666667,25.56,24.64
PRLA,2019-07-21,24.9,25.45,24.26
PRLA,2019-07-22,24.321875,24.85,23.71
PRLA,2019-07-23,24.8793023255814,26.81,23.64
PRLA,2019-07-24,24.8377083333333,25.84,23.93
PRLA,2019-07-25,24.3655555555556,24.9,23.79
PRLA,2019-07-26,24.6075,25.39,23.73
PRLA,2019-07-27,24.411875,24.83,23.86
PRLA,2019-07-28,25.1391304347826,26.4,23.8
PRLA,2019-07-29,24.3483333333333,24.97,23.32
PRLA,2019-07-30,23.225,23.77,22.62
PRLA,2019-07-31,23.0266666666667,23.92,22.29
PRLA,2019-08-01,23.3679166666667,24.35,22.15
PRLA,2019-08-02,23.9514583333333,24.54,23.26
PRLA,2019-08-03,24.8258333333333,25.8,23.47
PRLA,2019-08-04,24.8872916666667,25.51,24.31
PRLA,2019-08-05,24.8689583333333,25.79,24.2
PRLA,2019-08-06,24.6,25.11,24.05
PRLA,2019-08-07,24.5197916666667,25.46,23.92
PRLA,2019-08-08,23.6589361702128,24.03,22.67
PRLA,2019-08-09,22.9458333333333,23.48,22.49
PRLA,2019-08-10,22.4733333333333,22.76,22.04
PRLA,2019-08-11,22.52125,23.06,21.94
PRLA,2019-08-12,21.8697916666667,22.17,21
PRLA,2019-08-13,20.8372916666667,21.26,20.48
PRLA,2019-08-14,19.949375,20.45,19.24
PRLA,2019-08-15,19.898085106383,20.47,19.21
PRLA,2019-08-16,19.4875,19.85,19.13
PRLA,2019-08-17,20.24375,21.04,19.08
PRLA,2019-08-18,20.313125,20.78,19.62
PRLA,2019-08-19,19.6936170212766,20.21,19.2
PRLA,2019-08-20,20.8468292682927,23.2,19.12
PRLA,2019-08-21,21.14,22.17,20.26
PRLA,2019-08-22,21.3826086956522,22.13,20.56
PRLA,2019-08-23,21.1795833333333,21.99,20.14
PRLA,2019-08-24,20.5004166666667,20.96,19.99
PRLA,2019-08-25,20.6477083333333,21.11,20.05
PRLA,2019-08-26,20.120625,20.44,19.66
PRLA,2019-08-27,19.7208333333333,20.12,18.92
PRLA,2019-08-28,18.085625,18.88,17.35
PRLA,2019-08-29,17.76875,18.31,17.15
PRLA,2019-08-30,17.5154166666667,17.91,17.17
PRLA,2019-08-31,18.4862790697674,19.83,17.15
PRLA,2019-09-01,18.305,18.76,17.77
PRLA,2019-09-02,19.3768888888889,20.64,18.07
PRLA,2019-09-03,18.3822916666667,18.9,17.72
PRLA,2019-09-04,17.5710416666667,17.84,17.16
PRLA,2019-09-05,17.9252083333333,18.55,17.07
PRLA,2019-09-06,18.4489583333333,18.85,17.85
PRLA,2019-09-07,19.0272916666667,19.55,18.29
PRLA,2019-09-08,17.4377083333333,18.75,16.45
PRLA,2019-09-09,16.7627083333333,17.23,16.31
PRLA,2019-09-10,16.0960416666667,16.27,15.87
PRLA,2019-09-11,16.586875,17.15,15.81
PRLA,2019-09-12,16.093125,16.47,15.49
PRLA,2019-09-13,14.694375,15.42,13.9
PRLA,2019-09-14,14.1522916666667,14.49,13.76
PRLA,2019-09-15,14.8916666666667,15.53,13.98
PRLA,2019-09-16,16.9190697674419,18.49,14.92
PRLA,2019-09-17,18.304375,19.05,17.23
PRLA,2019-09-18,19.3917021276596,20.03,18.26
PRLA,2019-09-19,19.1339583333333,19.41,18.88
PRLA,2019-09-20,19.5866666666667,20.32,18.89
PRLA,2019-09-21,20.20375,20.83,19.31
PRLA,2019-09-22,19.7572916666667,20.27,18.83
PRLA,2019-09-23,18.795,19.15,18.13
PRLA,2019-09-24,18.3995833333333,18.76,18.04
PRLA,2019-09-25,17.7819565217391,18.12,16.9
PRLA,2019-09-26,16.2414583333333,16.82,15.41
PRLA,2019-09-27,14.91125,15.37,14.28
PRLA,2019-09-28,14.0204166666667,14.31,13.54
PRLA,2019-09-29,13.321875,13.81,12.4
PRLA,2019-09-30,11.7883333333333,12.43,11.45
PRLA,2019-10-01,11.2875,11.56,10.65
PRLA,2019-10-02,10.2727083333333,10.59,9.63
PRLA,2019-10-03,9.11291666666667,9.65,8.39
PRLA,2019-10-04,8.511875,8.72,8.26
PRLA,2019-10-05,8.1125,8.3,7.95
PRLA,2019-10-06,7.93229166666667,8.08,7.66
PRLA,2019-10-07,8.11916666666667,8.44,7.49
PRLA,2019-10-08,8.61729166666667,8.95,7.98
PRLA,2019-10-09,9.52958333333333,10.08,8.64
PRLA,2019-10-10,8.91229166666667,9.71,7.63
PRLA,2019-10-11,6.05333333333333,7.68,4.28
PRLA,2019-10-12,2.240625,4.22,0.87
PRLA,2019-10-13,0.530833333333333,0.84,0.32
PRLA,2019-10-14,0.702083333333333,0.95,0.29
PRLA,2019-10-15,1.38458333333333,1.71,0.63
PRLA,2019-10-16,1.936875,2.09,1.64
PRLA,2019-10-17,2.34083333333333,2.62,1.98
PRLA,2019-10-18,3.00604166666667,3.37,2.23
PRLA,2019-10-19,3.996875,4.37,3.32
PRLA,2019-10-20,4.57020833333333,4.83,4.06
PRLA,2019-10-21,4.790625,4.96,4.63
PRLA,2019-10-22,4.53395833333333,4.83,3.79
PRLA,2019-10-23,3.8425,4.03,3.64
PRLA,2020-06-05,20.8588636363636,21.47,20.15
PRLA,2020-06-06,21.1792307692308,22.17,20.43
PRLA,2020-06-07,19.2535416666667,20.37,18.39
PRLA,2020-06-08,19.9854347826087,21.28,18.4
PRLA,2020-06-09,21.1110416666667,21.67,20.15
PRLA,2020-06-10,19.824375,20.57,18.9
PRLA,2020-06-11,19.123125,19.46,18.78
PRLA,2020-06-12,19.2858333333333,19.69,18.74
PRLA,2020-06-13,19.4279166666667,20.02,18.82
PRLA,2020-06-14,19.2920833333333,19.8,18.58
PRLA,2020-06-15,19.0916666666667,19.42,18.37
PRLA,2020-06-16,20.3470212765957,21.36,19.22
PRLA,2020-06-17,20.7933333333333,21.15,20.2
PRLA,2020-06-18,21.4333333333333,21.97,20.77
PRLA,2020-06-19,21.06125,21.41,20.38
PRLA,2020-06-20,20.511875,20.84,20.18
PRLA,2020-06-21,20.6272916666667,20.98,20.04
PRLA,2020-06-22,21.0509756097561,21.64,20.24
PRLA,2021-06-16,22.5854166666667,23.43,21.42
PRLA,2021-06-17,22.141875,22.89,21.41
PRLA,2021-06-18,22.458125,23.06,21.69
PRLA,2021-06-19,21.988125,22.49,21.19
PRLA,2021-06-20,22.1695833333333,23.25,21.18
PRLA,2021-06-21,20.8514583333333,21.58,19.59
PRLA,2021-06-22,19.68375,20.02,19.22
PRLA,2021-06-23,20.2675,21.21,19.11
PRLA,2021-06-24,20.7675,21.48,19.72
PRLA,2021-06-25,22.0035416666667,23.31,20.49
PRLA,2021-06-26,21.2058333333333,21.56,20.64
PRLA,2021-06-27,21.6366666666667,22.45,20.6
PRLA,2021-06-28,22.2145833333333,23.55,21.41
PRLA,2021-06-29,21.73375,22.49,21.32
PRLA,2021-06-30,24.0082978723404,26.19,21.3
PRLA,2021-07-01,25.551875,28.55,22.76
PRLA,2021-07-02,26.4866666666667,28.64,23.84
PRLA,2021-07-03,25.4516666666667,26.92,23.92
PRLA,2021-07-04,24.0677083333333,24.57,23.57
PRLA,2021-07-05,24.3264583333333,24.83,23.67
PRLA,2021-07-06,25.4510256410256,27.81,24.11
PRLA,2021-07-07,22.521875,24.15,21.46
PRLA,2021-07-08,22.11125,23.65,21.1
PRLA,2021-07-09,21.784375,22.45,21.17
PRLA,2021-07-10,22.0891666666667,22.74,21.38
PRLA,2021-07-11,23.1185416666667,24.23,21.72
PRLA,2021-07-12,23.7497916666667,24.85,22.41
PRLA,2021-07-13,23.0604166666667,23.76,22.22
PRLA,2021-07-14,24.1835416666667,25.7,22.67
PRLA,2021-07-15,23.615,24.35,22.71
PRLA,2021-07-16,23.6764583333333,24.65,22.6
PRLA,2021-07-17,22.9722916666667,23.25,22.41
PRLA,2021-07-18,23.1335416666667,23.81,22.37
PRLA,2021-07-19,24.1727083333333,25.29,22.67
PRLA,2021-07-20,24.5366666666667,25.6,23.96
PRLA,2021-07-21,24.2460416666667,25,23.64
PRLA,2021-07-22,23.5204166666667,23.79,23.13
PRLA,2021-07-23,25.3297674418605,27.76,23.1
PRLA,2021-07-24,26.9195833333333,28.46,25.24
PRLA,2021-07-25,25.44625,26.13,24.4
PRLA,2021-07-26,25.145625,26.15,24.28
PRLA,2021-07-27,25.2439583333333,26.24,24.33
PRLA,2021-07-28,25.0410416666667,25.65,24.52
PRLA,2021-07-29,25.020625,25.53,24.25
PRLA,2021-07-30,24.7795833333333,25.74,23.9
PRLA,2021-07-31,23.7775,24.1,23.29
PRLA,2021-08-01,23.3416666666667,23.94,22.66
PRLA,2021-08-02,23.6647916666667,25.55,22.27
PRLA,2021-08-03,24.1965217391304,26.24,22.16
PRLA,2021-08-04,24.0466666666667,25.5,23
PRLA,2021-08-05,22.93375,23.26,22.44
PRLA,2021-08-06,22.5477083333333,22.88,22.1
PRLA,2021-08-07,22.6747916666667,23.55,21.93
PRLA,2021-08-08,22.4525,23.17,21.74
PRLA,2021-08-09,23.6904255319149,25.53,21.96
PRLA,2021-08-10,23.4475,24.21,22.65
PRLA,2021-08-11,22.381875,22.73,21.42
PRLA,2021-08-12,21.275,21.72,20.46
PRLA,2021-08-13,20.0510416666667,20.43,19.32
PRLA,2021-08-14,19.6291666666667,20.18,19.16
PRLA,2021-08-15,20.5735416666667,21.51,19.07
PRLA,2021-08-16,21.9177083333333,22.92,20.55
PRLA,2021-08-17,22.653125,23.44,21.79
PRLA,2021-08-18,22.9639583333333,23.73,22.34
PRLA,2021-08-19,23.275,23.89,22.35
PRLA,2021-08-20,24.236875,26.61,22.84
PRLA,2021-08-21,22.5095833333333,23.79,20.38
PRLA,2021-08-22,20.2533333333333,20.77,19.62
PRLA,2021-08-23,19.2747916666667,19.6,18.73
PRLA,2021-08-24,19.80375,21,18.52
PRLA,2021-08-25,19.7464583333333,21.61,19.04
PRLA,2021-08-26,19.9045833333333,21.07,18.96
PRLA,2021-08-27,18.3489583333333,19.2,17.87
PRLA,2021-08-28,18.4952083333333,19.27,17.76
PRLA,2021-08-29,19.080625,20.3,18.47
PRLA,2021-08-30,19.3758333333333,19.99,18.5
PRLA,2021-08-31,20.0404166666667,20.98,19.16
PRLA,2021-09-01,19.745625,20.32,19
PRLA,2021-09-02,19.2708333333333,19.58,18.85
PRLA,2021-09-03,18.9477083333333,19.08,18.81
PRLA,2021-09-04,19.3491666666667,20.18,18.61
PRLA,2021-09-05,19.0597916666667,19.49,18.63
PRLA,2021-09-06,19.4664583333333,20.32,18.51
PRLA,2021-09-07,19.5079166666667,20.3,18.83
PRLA,2021-09-08,18.58,19.02,17.82
PRLA,2021-09-09,18.074375,18.52,17.57
PRLA,2021-09-10,18.3052083333333,19.18,17.61
PRLA,2021-09-11,18.6752083333333,20.09,17.79
PRLA,2021-09-12,18.086875,18.75,17.4
PRLA,2021-09-13,18.06375,20.04,16.99
PRLA,2021-09-14,16.5358333333333,17.12,15.92
PRLA,2021-09-15,16.3125531914894,16.68,15.76
PRLA,2021-09-16,16.8089583333333,17.35,15.93
PRLA,2021-09-17,16.7820833333333,17.27,15.88
PRLA,2021-09-18,15.7179166666667,16.16,14.82
PRLA,2021-09-19,15.883125,16.52,14.54
PRLA,2021-09-20,16.9146808510638,17.92,16.27
PRLA,2021-09-21,15.8025,16.21,14.9
PRLA,2021-09-22,15.0914583333333,15.65,14.48
PRLA,2021-09-23,14.88625,15.47,14.32
PRLA,2021-09-24,15.0066666666667,15.52,14.08
PRLA,2021-09-25,14.27625,14.69,13.56
PRLA,2021-09-26,13.750625,14.14,13.13
PRLA,2021-09-27,14.7883333333333,15.96,13.71
PRLA,2021-09-28,15.500625,16.09,14.61
PRLA,2021-09-29,16.56,17.25,15.37
PRLA,2021-09-30,17.3364583333333,17.93,16.71
PRLA,2021-10-01,17.1520833333333,17.4,16.86
PRLA,2021-10-02,16.7197916666667,16.94,16.15
PRLA,2021-10-03,16.9579166666667,18.1,15.98
PRLA,2021-10-04,16.435,16.86,16.06
PRLA,2021-10-05,16.996875,18.39,16.01
PRLA,2021-10-06,16.4483333333333,16.97,15.88
PRLA,2021-10-07,16.19375,16.83,15.7
PRLA,2021-10-08,16.2810638297872,16.87,15.58
PRLA,2021-10-09,16.592619047619,17.19,16.11
PRLA,2021-10-27,5.12,5.12,5.12
PRLA,2022-05-21,11.6838235294118,12.25,11.06
PRLA,2022-05-22,10.98625,11.28,10.55
PRLA,2022-05-23,11.4377083333333,12.03,10.51
PRLA,2022-05-24,12.2685416666667,12.94,11.17
PRLA,2022-05-25,13.2180434782609,13.96,12.2
PRLA,2022-05-26,14.94875,16.63,13.14
PRLA,2022-05-27,16.1669565217391,17.39,14.55
PRLA,2022-05-28,16.296,16.4,16.22
PRLA,2022-06-04,16.1241025641026,16.48,15.28
PRLA,2022-06-05,18.2771794871795,21.38,15.92
PRLA,2022-06-06,17.699375,19.09,16.23
PRLA,2022-06-07,17.1320833333333,17.84,16.22
PRLA,2022-06-08,17.9571739130435,19.47,16.88
PRLA,2022-06-09,19.2743243243243,21.05,17.42
PRLA,2022-06-10,20.1039130434783,21.14,18.32
PRLA,2022-06-11,20.2439583333333,20.91,19.27
PRLA,2022-06-12,21.2445454545455,22.72,19.26
PRLA,2022-06-13,21.4814583333333,22.89,19.98
PRLA,2022-06-14,21.9808333333333,22.75,20.74
PRLA,2022-06-15,21.6270833333333,22.13,20.93
PRLA,2022-06-16,20.2745833333333,21.01,18.79
PRLA,2022-06-17,19.003125,19.3,18.59
PRLA,2022-06-18,20.2116666666667,21.05,18.96
PRLA,2022-06-19,21.11875,21.86,19.65
PRLA,2022-06-20,23.2420833333333,24.33,21.53
PRLA,2022-06-21,23.3010416666667,23.69,22.24
PRLA,2022-06-22,21.8679166666667,22.17,21.25
PRLA,2022-06-23,22.2427083333333,22.95,21.19
PRLA,2022-06-24,24.9151428571429,27.61,22.05
PRLA,2022-06-25,23.9458139534884,25.21,22.41
PRLA,2022-06-26,20.7775,22.36,19.04
PRLA,2022-06-27,19.4595833333333,19.86,18.91
PRLA,2022-06-28,20.5872340425532,21.85,19.27
PRLA,2022-06-29,21.1053191489362,22.43,20.27
PRLA,2022-06-30,20.9066666666667,22.22,19.74
PRLA,2022-07-01,21.0970833333333,21.56,20.47
PRLA,2022-07-02,21.899375,22.78,20.62
PRLA,2022-07-03,22.2541666666667,23.09,21.31
PRLA,2022-07-04,23.8139583333333,25.18,21.79
PRLA,2022-07-05,24.9246511627907,26.81,23.08
PRLA,2022-07-06,23.8652083333333,24.76,23.04
PRLA,2022-07-07,26.5523529411765,28.94,23.04
PRLA,2022-07-08,23.73375,25.48,22.59
PRLA,2022-07-09,24.9195555555556,26.73,22.55
PRLA,2022-07-10,23.9339583333333,24.41,22.99
PRLA,2022-07-11,24.3020833333333,24.88,23.53
PRLA,2022-07-12,23.7608333333333,24.07,23.13
PRLA,2022-07-13,23.4447916666667,23.84,22.97
PRLA,2022-07-14,23.518,24.67,23.19
PRLA,2022-07-16,26.2019230769231,28.75,24.23
PRLA,2022-07-17,25.9720512820513,27.94,24.43
PRLA,2022-07-18,27.3104166666667,29.29,24.88
PRLA,2022-07-19,27.073125,28.16,25.99
PRLA,2022-07-20,24.2033333333333,25.79,23.12
PRLA,2022-07-21,23.8164583333333,24.76,23.07
PRLA,2022-07-22,23.8877083333333,24.82,23.14
PRLA,2022-07-23,24.5704255319149,26.33,23.33
PRLA,2022-07-24,24.046875,24.63,23.35
PRLA,2022-07-25,23.389375,23.93,22.64
PRLA,2022-07-26,23.181875,23.72,22.56
PRLA,2022-07-27,22.812,23.11,22.54
PRLA,2022-07-28,22.4587234042553,22.81,21.76
PRLA,2022-07-29,21.7476086956522,22.08,21.23
PRLA,2022-07-30,22.2163636363636,23.5,21.2
PRLA,2022-07-31,24.1354166666667,25.14,21.95
PRLA,2022-08-01,22.70925,23.05,22.33
PRLA,2022-08-02,23.1258333333333,24.36,22.16
PRLA,2022-08-03,23.1248888888889,24.18,22.35
PRLA,2022-08-04,22.5997916666667,23.69,21.93
PRLA,2022-08-05,22.5229166666667,23.24,21.6
PRLA,2022-08-06,23.49,24.64,22.26
PRLA,2022-08-07,22.1877083333333,22.81,21.55
PRLA,2022-08-08,21.1435416666667,21.55,20.4
PRLA,2022-08-09,21.2258333333333,21.94,20.17
PRLA,2022-08-10,21.9797916666667,22.88,20.94
PRLA,2022-08-11,22.634375,23.89,21.54
PRLA,2022-08-12,21.3127083333333,21.72,20.64
PRLA,2022-08-13,20.5854166666667,20.7,20.46
PRLA,2022-08-14,21.5345833333333,22.44,20.43
PRLA,2022-08-15,22.3804166666667,23.63,21.13
PRLA,2022-08-16,22.5055319148936,22.97,21.95
PRLA,2022-08-17,23.06875,25.48,21.85
PRLA,2022-08-18,23.589,28.03,22.05
PRLA,2022-08-19,22.5541666666667,22.99,21.75
PRLA,2022-08-20,21.8158333333333,22.25,21.45
PRLA,2022-08-21,22.822619047619,24.25,21.34
PRLA,2022-08-22,22.6495833333333,23.43,21.49
PRLA,2022-08-23,22.7410416666667,23.5,22.14
PRLA,2022-08-24,23.0935416666667,23.86,22.22
PRLA,2022-08-25,22.663125,23.33,21.89
PRLA,2022-08-26,22.508125,23.45,21.66
PRLA,2022-08-27,21.3691666666667,21.93,20.58
PRLA,2022-08-28,21.5179166666667,22.29,20.5
PRLA,2022-08-29,21.164375,21.55,20.27
PRLA,2022-08-30,19.8408333333333,20.23,19.21
PRLA,2022-08-31,19.8689583333333,20.63,19.11
PRLA,2022-09-01,21.09,22.18,19.78
PRLA,2022-09-02,21.5702083333333,22.37,20.56
PRLA,2022-09-03,21.0335416666667,21.42,20.4
PRLA,2022-09-04,20.8285416666667,21.69,19.85
PRLA,2022-09-05,19.8835416666667,20.39,19.2
PRLA,2022-09-06,19.7352083333333,20.28,19
PRLA,2022-09-07,20.2345833333333,20.88,19.56
PRLA,2022-09-08,20.65,21.16,19.74
PRLA,2022-09-09,20.2697916666667,20.74,19.53
PRLA,2022-09-10,19.1233333333333,19.46,18.43
PRLA,2022-09-11,18.17125,18.46,17.51
PRLA,2022-09-12,17.8425,18.35,17.37
PRLA,2022-09-13,17.888125,18.44,17.35
PRLA,2022-09-14,17.2739583333333,17.91,16.44
PRLA,2022-09-15,16.7972916666667,17.12,16.18
PRLA,2022-09-16,16.5579166666667,16.85,16.08
PRLA,2022-09-17,15.94,16.07,15.76
PRLA,2022-09-18,15.66625,15.98,15.21
PRLA,2022-09-19,16.1822916666667,16.81,15.17
PRLA,2022-09-20,17.1666666666667,18.03,16.11
PRLA,2022-09-21,17.2916666666667,17.74,16.42
PRLA,2022-09-22,15.6683333333333,16.31,15.04
PRLA,2022-09-23,14.8914583333333,15.24,14.33
PRLA,2022-09-24,14.415,14.65,14.19
PRLA,2022-09-25,14.4147916666667,14.81,13.95
PRLA,2022-09-26,13.79,14.09,13.36
PRLA,2022-09-27,13.9782222222222,14.79,13.29
PRLA,2022-09-28,13.69625,14.42,12.77
PRLA,2022-09-29,12.8,13.19,12.43
PRLA,2022-09-30,13.1104166666667,14.03,12.34
PRLA,2022-10-01,13.604375,14.25,12.91
PRLA,2022-10-02,13.5358333333333,13.87,13.11
PRLA,2022-10-03,13.6766666666667,14.26,13.06
PRLA,2022-10-04,14.4578723404255,15.64,13.73
PRLA,2022-10-05,15.3689583333333,16.62,14.01
PRLA,2022-10-06,14.9925,15.7,13.83
PRLA,2022-10-07,12.80625,13.75,11.75
PRLA,2022-10-08,11.4122916666667,11.79,10.61
PRLA,2022-10-09,10.7385416666667,11.05,10.42
PRLA,2022-10-10,10.90625,11.37,10.41
PRLA,2022-10-11,10.9847916666667,11.51,10.38
PRLA,2022-10-12,11.039583333333301,11.43,10.35
PRLA,2022-10-13,9.42541666666667,10.3,8.1
PRLA,2022-10-14,7.1275,8,6.39
PRLA,2022-10-15,6.07333333333333,6.38,5.64
PRLA,2022-10-16,5.75979166666667,6.23,5.35
PRLA,2022-10-17,5.40791666666667,5.88,4.89
PRLA,2022-10-18,4.69229166666667,5.03,4.28
PRLA,2022-10-19,4.50583333333333,5.02,4.09
PRLA,2022-10-20,4.7727083333333304,5.21,4.05
PRLA,2022-10-21,5.681875,6.03,4.92
PRLA,2022-10-22,6.203125,6.38,5.77
PRLA,2022-10-23,6.49229166666667,6.85,6.21
PRLA,2022-10-24,7.36666666666667,8.19,6.07
PRLA,2022-10-25,7.03604166666667,8.03,5.94
PRLA,2022-10-26,5.92645833333333,6.12,5.61
PRLA,2022-10-27,5.839375,6.08,5.49
PRLA,2022-10-28,6.125625,6.49,5.59
PRLA,2022-10-29,6.235625,6.46,5.9
PRLA,2022-10-30,6.34020833333333,6.65,6.08
PRLA,2022-10-31,6.27041666666667,6.49,6.02
PRLA,2022-11-01,6.29291666666667,6.52,5.93
PRLA,2022-11-02,6.55291666666667,7.14,6.17
PRLA,2023-05-11,13.4588461538462,13.71,13.3
PRLA,2023-05-12,14.9589583333333,15.89,13.38
PRLA,2023-05-13,16.0385416666667,16.55,15.15
PRLA,2023-05-14,16.0629166666667,16.3,15.71
PRLA,2023-05-15,16.9032608695652,17.76,15.66
PRLA,2023-05-16,17.8680434782609,18.82,16.59
PRLA,2023-05-17,18.1933333333333,18.81,17.6
PRLA,2023-05-18,18.025625,18.6,17.36
PRLA,2023-05-19,16.1541666666667,17.29,14.6
PRLA,2023-05-20,15.1620833333333,15.9,14.33
PRLA,2023-05-21,15.899375,16.54,14.89
PRLA,2023-05-22,16.9483333333333,18.11,15.9
PRLA,2023-05-23,18.0346808510638,18.78,16.42
PRLA,2023-05-24,19.2513513513514,20.79,18.09
PRLA,2023-05-25,19.81625,20.44,19.13
PRLA,2023-05-26,19.7120833333333,20.18,18.98
PRLA,2023-05-27,20.2425,20.74,19.49
PRLA,2023-05-28,20.3733333333333,20.95,19.78
PRLA,2023-05-29,20.3925,20.81,19.73
PRLA,2023-05-30,20.8189583333333,21.63,20.1
PRLA,2023-05-31,21.6716666666667,22.32,20.53
PRLA,2023-06-01,22.1247826086957,23.04,21.65
PRLA,2023-06-02,22.83075,23.91,21.58
PRLA,2023-06-03,23.6133333333333,24.43,22.55
PRLA,2023-06-04,24.2279166666667,25.03,23.02
PRLA,2023-06-05,24.4013333333333,25.53,24.02
PRLA,2023-06-06,24.6588888888889,24.9,24.01
PRLA,2023-06-07,25.8004347826087,26.33,25.33
PRLA,2023-06-08,26.2218181818182,27.81,25.41
PRLA,2023-06-09,26.1734782608696,27.46,25.07
PRLA,2023-06-10,25.2752272727273,26.28,24.32
PRLA,2023-06-11,23.45375,24.2,22.46
PRLA,2023-06-12,22.9220833333333,23.49,22.15
PRLA,2023-06-13,22.9291304347826,23.76,22.16
PRLA,2023-06-14,22.8762222222222,24.31,22.18
PRLA,2023-06-15,23.1102380952381,24.21,22.67
PRLA,2023-06-16,23.101875,23.91,22.45
PRLA,2023-06-17,22.04,22.43,21.58
PRLA,2023-06-18,22.0144736842105,23.43,21.48
PRLA,2023-06-19,22.7733333333333,23.64,21.85
PRLA,2023-06-20,23.1097916666667,23.82,22.05
PRLA,2023-06-21,23.904375,24.52,23.06
PRLA,2023-06-22,23.831875,24.17,23.33
PRLA,2023-06-23,23.006875,23.36,22.47
PRLA,2023-06-24,21.839375,22.44,20.99
PRLA,2023-06-25,19.4260416666667,20.93,18.15
PRLA,2023-06-26,18.94375,19.42,18.11
PRLA,2023-06-27,19.761875,20.36,19.02
PRLA,2023-06-28,21.1906666666667,21.92,19.95
PRLA,2023-06-29,21.116976744186,21.95,20.83
PRLA,2023-06-30,22.8134090909091,23.47,21.74
PRLA,2023-07-01,22.6920833333333,23.13,22.5
PRLA,2023-07-02,22.9933333333333,23.65,22.61
PRLA,2023-07-03,25.3086666666667,26.35,24.06
PRLA,2023-07-04,24.5215909090909,25.22,23.57
PRLA,2023-07-05,23.59,24.5,22.29
PRLA,2023-07-06,22.0536956521739,22.45,21.31
PRLA,2023-07-07,21.615,22.11,21.08
PRLA,2023-07-08,21.6585416666667,22.29,21.17
PRLA,2023-07-09,21.6991666666667,22.23,21.12
PRLA,2023-07-10,22.015,22.68,21.04
PRLA,2023-07-11,22.3877083333333,23.05,21.73
PRLA,2023-07-12,21.0022916666667,21.68,20.14
PRLA,2023-07-13,20.4346808510638,20.89,20.03
PRLA,2023-07-14,20.9841666666667,21.56,19.99
PRLA,2023-07-15,21.2845833333333,21.61,20.88
PRLA,2023-07-16,21.096875,21.35,20.7
PRLA,2023-07-17,20.773125,21.13,20.34
PRLA,2023-07-18,20.82,21.37,20.25
PRLA,2023-07-19,21.3834042553191,21.79,20.73
PRLA,2023-07-20,21.2282978723404,21.53,20.81
PRLA,2023-07-21,21.5045238095238,22.33,20.74
PRLA,2023-07-22,22.2948936170213,23.06,21.25
PRLA,2023-07-23,22.92125,23.55,21.85
PRLA,2023-07-24,22.8079166666667,23.02,22.57
PRLA,2023-07-25,24.0952631578947,25.74,22.89
PRLA,2023-07-26,24.8032608695652,25.05,24.31
PRLA,2023-07-27,24.463829787234,25.01,24.13
PRLA,2023-07-28,24.94,26.25,23.98
PRLA,2023-07-29,24.8139130434783,25.46,23.92
PRLA,2023-07-30,23.826875,24.38,23
PRLA,2023-07-31,23.6058333333333,24.49,22.86
PRLA,2023-08-01,23.58875,24.18,22.94
PRLA,2023-08-02,23.9995238095238,25.59,23.27
PRLA,2023-08-03,23.7020833333333,23.92,23.48
PRLA,2023-08-04,24.4757142857143,25.76,23.66
PRLA,2023-08-05,24.2314583333333,24.69,23.5
PRLA,2023-08-06,23.124375,23.48,22.56
PRLA,2023-08-07,22.9966666666667,23.44,22.46
PRLA,2023-08-08,23.2068421052632,24.1,22.59
PRLA,2023-08-09,23.1516666666667,23.54,22.68
PRLA,2023-08-10,22.8119565217391,23.68,22.15
PRLA,2023-08-11,21.7214583333333,22.1,21.36
PRLA,2023-08-12,21.585625,21.95,21.22
PRLA,2023-08-13,21.7272916666667,22.14,21.15
PRLA,2023-08-14,21.0460416666667,21.56,20.44
PRLA,2023-08-15,20.8292857142857,22.1,20.32
PRLA,2023-08-16,21.7382608695652,22.55,20.72
PRLA,2023-08-17,21.1564583333333,21.58,20.21
PRLA,2023-08-18,20.4697826086957,21.32,19.84
PRLA,2023-08-19,20.8314583333333,21.38,19.64
PRLA,2023-08-20,21.3972916666667,21.82,20.82
PRLA,2023-08-21,20.185,20.79,19.5
PRLA,2023-08-22,19.1802083333333,19.45,18.95
PRLA,2023-08-23,19.2772916666667,19.62,18.92
PRLA,2023-08-24,19.6416666666667,20.25,19.29
PRLA,2023-08-25,20.3997674418605,21.68,19.63
PRLA,2023-08-26,21.0697916666667,21.53,20.48
PRLA,2023-08-27,21.0225581395349,22.01,20.38
PRLA,2023-08-28,21.3866666666667,22.06,20.45
PRLA,2023-08-29,21.8948936170213,22.45,21.3
PRLA,2023-08-30,22.005,22.71,21.3
PRLA,2023-08-31,21.55875,22.32,20.94
PRLA,2023-09-01,21.3458333333333,21.82,20.79
PRLA,2023-09-02,21.6916666666667,22.12,21.02
PRLA,2023-09-03,22.7554166666667,23.5,21.67
PRLA,2023-09-04,23.1193023255814,24.32,22.47
PRLA,2023-09-05,23.0121428571429,24.32,22.54
PRLA,2023-09-06,21.3039583333333,22.83,20.09
PRLA,2023-09-07,20.026170212766,20.48,19.27
PRLA,2023-09-08,19.4360416666667,19.78,19.06
PRLA,2023-09-09,19.4077083333333,19.86,18.94
PRLA,2023-09-10,18.9322916666667,19.16,18.6
PRLA,2023-09-11,18.4752083333333,18.81,18.34
PRLA,2023-09-12,18.28,18.56,17.73
PRLA,2023-09-13,17.84,18.44,17.11
PRLA,2023-09-14,17.1608333333333,17.61,16.72
PRLA,2023-09-15,17.47125,17.87,16.96
PRLA,2023-09-16,17.3485416666667,17.64,17.04
PRLA,2023-09-17,17.01625,17.3,16.6
PRLA,2023-09-18,16.9316666666667,17.49,16.43
PRLA,2023-09-19,16.9227083333333,17.29,16.35
PRLA,2023-09-20,17.30625,18.25,16.78
PRLA,2023-09-21,17.545,18.14,16.74
PRLA,2023-09-22,17.050625,17.23,16.81
PRLA,2023-09-23,16.7672916666667,16.87,16.64
PRLA,2023-09-24,16.8625,17.12,16.62
PRLA,2023-09-25,17.0602083333333,17.4,16.66
PRLA,2023-09-26,17.1625,17.57,16.87
PRLA,2023-09-27,17.0977083333333,17.35,16.8
PRLA,2023-09-28,16.80375,17.11,16.43
PRLA,2023-09-29,16.575,16.87,16.26
PRLA,2023-09-30,16.66125,17.12,16.26
PRLA,2023-10-01,16.923125,17.35,16.28
PRLA,2023-10-02,17.9223404255319,18.42,17.07
PRLA,2023-10-03,17.9779166666667,18.14,17.78
PRLA,2023-10-04,17.885,18.31,17.13
PRLA,2023-10-05,16.5983333333333,17.08,15.55
PRLA,2023-10-06,14.104375,15.48,12.43
PRLA,2023-10-07,11.4227083333333,12.35,10.57
PRLA,2023-10-08,10.6104166666667,10.78,10.44
PRLA,2023-10-09,10.8102083333333,11.27,10.3
PRLA,2023-10-10,10.951875,11.61,10.51
PRLA,2023-10-11,10.8441666666667,11.67,10.24
PRLA,2023-10-12,10.321875,10.71,9.99
PRLA,2023-10-13,9.91916666666667,10.29,9.51
PRLA,2023-10-14,9.21916666666667,9.44,8.94
PRLA,2023-10-15,9.07666666666667,9.27,8.9
PRLA,2023-10-16,9.23083333333333,9.6,8.79
PRLA,2023-10-17,9.240625,9.51,8.85
PRLA,2023-10-18,9.69895833333333,9.97,9.2
PRLA,2023-10-19,9.77645833333333,9.86,9.67
PRLA,2023-10-20,10.0722916666667,10.33,9.61
PRLA,2023-10-21,10.4445833333333,10.83,10.04
PRLA,2023-10-22,10.1635416666667,10.4,9.94
PRLA,2023-10-23,10.1425,10.41,9.91
PRLA,2023-10-24,9.851875,10.08,9.34
PRLA,2023-10-25,9.17458333333333,9.32,9.09
PRLA,2024-04-30,8.13410256410256,8.29,7.89
PRLA,2024-05-01,7.90604166666667,8.01,7.72
PRLA,2024-05-02,8.72666666666667,9.33,7.7
PRLA,2024-05-03,8.86375,9.03,8.39
PRLA,2024-05-04,8.84708333333333,9.2,8.32
PRLA,2024-05-05,9.22458333333333,9.59,8.76
PRLA,2024-05-06,10.2914583333333,10.87,9.07
PRLA,2024-05-07,11.0110416666667,11.38,10.5
PRLA,2024-05-08,11.5595833333333,11.75,11.33
PRLA,2024-05-09,12.7297916666667,13.66,11.34
PRLA,2024-05-10,13.7125,14.65,12.65
PRLA,2024-05-11,14.1504166666667,14.51,13.53
PRLA,2024-05-12,15.0375,15.65,14.01
PRLA,2024-05-13,15.6770833333333,16.29,15.06
PRLA,2024-05-14,16.3720833333333,17.64,15.14
PRLA,2024-05-15,15.4352083333333,15.65,15.11
PRLA,2024-05-16,15.0535416666667,15.63,14.57
PRLA,2024-05-17,15.91375,16.76,14.56
PRLA,2024-05-18,17.5223076923077,20.1,15.93
PRLA,2024-05-19,16.2339583333333,16.55,15.63
PRLA,2024-05-20,15.2460416666667,15.58,14.65
PRLA,2024-05-21,15.509375,16.23,14.64
PRLA,2024-05-22,15.4779166666667,15.89,15
PRLA,2024-05-23,15.7744444444444,16.39,14.88
PRLA,2024-05-24,15.15875,15.59,14.7
PRLA,2024-05-25,13.3025,14.68,11.87
PRLA,2024-05-26,13.1604166666667,14.18,11.82
PRLA,2024-05-27,14.5274468085106,15.63,13.28
PRLA,2024-05-28,14.7614583333333,15.6,13.71
PRLA,2024-05-29,15.2772916666667,16.09,14.59
PRLA,2024-05-30,15.6008333333333,16.19,14.71
PRLA,2024-05-31,15.9329787234043,16.41,15.49
PRLA,2024-06-01,16.173125,16.63,15.55
PRLA,2024-06-02,16.736875,17.29,15.87
PRLA,2024-06-03,16.695,16.89,16.42
PRLA,2024-06-04,17.8273913043478,18.56,16.44
PRLA,2024-06-05,17.3654166666667,17.84,16.87
PRLA,2024-06-06,16.8870833333333,17.42,16.13
PRLA,2024-06-07,16.2310416666667,16.58,15.88
PRLA,2024-06-08,16.7554166666667,17.56,15.87
PRLA,2024-06-09,17.19125,17.62,16.42
PRLA,2024-06-10,18.07125,18.84,17.16
PRLA,2024-06-11,18.0778947368421,18.35,17.63
PRLA,2024-06-12,18.5545833333333,19.25,17.59
PRLA,2024-06-13,19.5995652173913,20.08,18.61
PRLA,2024-06-14,20.020625,20.44,19.4
PRLA,2024-06-15,21.2165957446809,22.61,19.79
PRLA,2024-06-16,20.9445833333333,21.56,20.22
PRLA,2024-06-17,20.763125,21.17,20.16
PRLA,2024-06-18,20.1114583333333,20.97,18.89
PRLA,2024-06-19,18.2314583333333,18.83,17.44
PRLA,2024-06-20,18.8939534883721,22.3,17.42
PRLA,2024-06-21,18.9814583333333,19.8,17.92
PRLA,2024-06-22,18.926875,19.2,18.61
PRLA,2024-06-23,19.4660975609756,21.1,18.68
PRLA,2024-06-24,21.7671875,26.47,19.05
PRLA,2024-06-25,21.9251162790698,23.57,19.86
PRLA,2024-06-26,22.2808333333333,23.13,21.33
PRLA,2024-06-27,21.5464583333333,22.28,20.74
PRLA,2024-06-28,20.2816666666667,20.7,19.85
PRLA,2024-06-29,20.20125,20.66,19.55
PRLA,2024-06-30,19.6189583333333,20.03,19.21
PRLA,2024-07-01,19.6358333333333,20.24,19.16
PRLA,2024-07-02,19.376875,19.61,19.11
PRLA,2024-07-03,19.72375,20.17,19.11
PRLA,2024-07-04,20.4264583333333,20.92,19.54
PRLA,2024-07-05,20.298125,20.91,19.86
PRLA,2024-07-06,21.2783333333333,22.57,19.85
PRLA,2024-07-07,21.00125,21.54,20.52
PRLA,2024-07-08,21.7574468085106,23.08,20.48
PRLA,2024-07-09,23.1413157894737,24.83,21.16
PRLA,2024-07-10,24.077,25.99,22.32
PRLA,2024-07-11,25.4620588235294,29.32,22.92
PRLA,2024-07-12,24.3825,25.22,23.46
PRLA,2024-07-13,24.7447916666667,26.29,23.67
PRLA,2024-07-14,24.788,26.27,23.55
PRLA,2024-07-15,25.1389189189189,28.56,23.72
PRLA,2024-07-16,24.1325,24.71,23.46
PRLA,2024-07-17,24.4785416666667,25.45,23.55
PRLA,2024-07-18,24.886511627907,27.07,23.35
PRLA,2024-07-19,24.2947916666667,25.32,23.1
PRLA,2024-07-20,25.9786956521739,27.84,23.71
PRLA,2024-07-21,26.5185416666667,28.2,25.11
PRLA,2024-07-22,26.66,28.46,24.94
PRLA,2024-07-23,26.7517391304348,28.55,25.44
PRLA,2024-07-24,25.6397916666667,26.67,24.49
PRLA,2024-07-25,24.495,25.27,23.67
PRLA,2024-07-26,24.489375,25.3,23.49
PRLA,2024-07-27,24.5270833333333,24.91,24.11
PRLA,2024-07-28,24.9454166666667,25.69,24.03
PRLA,2024-07-29,25.4566666666667,26.05,24.84
PRLA,2024-07-30,25.8025531914894,27.57,24.6
PRLA,2024-07-31,25.5054166666667,26.24,24.5
PRLA,2024-08-01,25.3875,26.01,24.87
PRLA,2024-08-02,26.3027083333333,27.55,24.79
PRLA,2024-08-03,26.9391666666667,28.18,25.69
PRLA,2024-08-04,25.6741666666667,26.33,24.52
PRLA,2024-08-05,23.8983333333333,24.47,22.85
PRLA,2024-08-06,22.2191666666667,22.79,21.57
PRLA,2024-08-07,21.945,22.48,21.43
PRLA,2024-08-08,20.973125,21.42,20.03
PRLA,2024-08-09,19.1427083333333,19.94,18.47
PRLA,2024-08-10,18.55875,18.84,18.34
PRLA,2024-08-11,20.3171428571429,22.88,18.28
PRLA,2024-08-12,20.9136585365854,23.2,18.87
PRLA,2024-08-13,21.868,23.37,20.28
PRLA,2024-08-14,20.4154166666667,20.93,19.96
PRLA,2024-08-15,19.9102083333333,20,19.78
PRLA,2024-08-16,19.8333333333333,20.05,19.57
PRLA,2024-08-17,20.0725,20.45,19.55
PRLA,2024-08-18,21.7852631578947,23.91,19.89
PRLA,2024-08-19,23.5286666666667,25.49,21.38
PRLA,2024-08-20,23.2439583333333,24.47,22.24
PRLA,2024-08-21,21.8177083333333,22.37,20.97
PRLA,2024-08-22,20.8770833333333,21.07,20.64
PRLA,2024-08-23,21.4404166666667,22.17,20.56
PRLA,2024-08-24,22.309375,23.2,21.26
PRLA,2024-08-25,22.579375,22.97,21.85
PRLA,2024-08-26,23.725,24.87,22.69
PRLA,2024-08-27,22.616875,23.11,21.93
PRLA,2024-08-28,21.9983333333333,22.8,21.21
PRLA,2024-08-29,21.2852083333333,21.61,20.98
PRLA,2024-08-30,20.7579166666667,21.2,19.89
PRLA,2024-08-31,20.1875,20.83,19.77
PRLA,2024-09-01,20.054375,20.37,19.69
PRLA,2024-09-02,20.3912195121951,22.5,19.53
PRLA,2024-09-03,19.7633333333333,20.14,19.29
PRLA,2024-09-04,20.1679166666667,20.73,19.41
PRLA,2024-09-05,20.1172916666667,20.33,19.62
PRLA,2024-09-06,19.3589473684211,19.71,18.8
PRLA,2024-09-07,18.9704166666667,19.56,18.3
PRLA,2024-09-08,18.7685416666667,19.38,18.19
PRLA,2024-09-09,19.4802083333333,20.83,18.18
PRLA,2024-09-10,19.666,20.24,18.79
PRLA,2024-09-11,20.1425531914894,20.91,19.45
PRLA,2024-09-12,19.7791666666667,20.15,19.38
PRLA,2024-09-13,19.3770833333333,19.71,19.03
PRLA,2024-09-14,18.6208333333333,19.01,18.24
PRLA,2024-09-15,19.0266666666667,19.86,18.18
PRLA,2024-09-16,20.4987179487179,23.17,18.71
PRLA,2024-09-17,19.8565957446809,20.37,19.31
PRLA,2024-09-18,21.0591111111111,22.26,19.69
PRLA,2024-09-19,20.73,21.03,20.35
PRLA,2024-09-20,19.851875,20.3,19.09
PRLA,2024-09-21,19.1266666666667,19.54,18.7
PRLA,2024-09-22,18.0747916666667,18.64,17.46
PRLA,2024-09-23,17.496875,17.98,16.81
PRLA,2024-09-24,16.6202083333333,16.79,16.3
PRLA,2024-09-25,16.619375,16.9,16.21
PRLA,2024-09-26,16.9635416666667,17.39,16.4
PRLA,2024-09-27,17.2252083333333,17.59,16.58
PRLA,2024-09-28,17.6151162790698,19.08,16.8
PRLA,2024-09-29,17.8523404255319,19.15,16.73
PRLA,2024-09-30,17.3510416666667,17.7,16.97
PRLA,2024-10-01,15.9266666666667,17.04,14.76
PRLA,2024-10-02,14.3454166666667,14.74,13.7
PRLA,2024-10-03,13.898958333333301,14.24,13.59
PRLA,2024-10-04,13.55625,13.85,13.13
PRLA,2024-10-05,12.9866666666667,13.29,12.52
PRLA,2024-10-06,12.14625,12.6,11.2
PRLA,2024-10-07,11.32,11.61,11.05
PRLA,2024-10-08,12.0602631578947,14.97,10.99
PRLA,2024-10-09,11.8664583333333,12.78,10.95
PRLA,2024-10-10,12.6063636363636,14.45,11.63
PRLA,2024-10-11,12.5820833333333,13.17,11.9
PRLA,2024-10-12,12.8041666666667,13.43,12.32
PRLA,2024-10-13,12.5470833333333,12.94,11.99
PRLA,2024-10-14,11.7372916666667,11.97,11.34
PRLA,2024-10-15,11.0979166666667,11.75,10.31
PRLA,2024-10-16,9.96875,10.35,9.16
PRLA,2024-10-17,9.04270833333333,9.34,8.76
PRLA,2024-10-18,9.10541666666667,9.38,8.62
PRLA,2024-10-19,9.04166666666667,9.13,8.94
PRLA,2024-10-20,9.22041666666667,9.43,8.9
PRLA,2024-10-21,9.65854166666667,10,9.07
PRLA,2024-10-22,10.4785106382979,11.15,9.68
PRLA,2024-10-23,9.853125,10.15,9.35
PRLA,2024-10-24,9.395625,9.57,9.17
PRLA,2024-10-25,9.26125,9.51,8.76
PRLA,2024-10-26,8.66791666666667,8.93,8.3
PRLA,2024-10-27,8.346875,8.58,8.15
PRLA,2024-10-28,8.43531914893617,9.01,8.06
PRLA,2024-10-29,8.28895833333333,8.42,7.95
PRLA,2024-10-30,8.34041666666667,8.5,8.17
PRLA,2024-10-31,7.91104166666667,8.15,7.49
PRLA,2024-11-01,7.28770833333333,7.55,6.79
PRLA,2024-11-02,6.28208333333333,6.76,5.94
PRLA,2024-11-03,5.93895833333333,6.03,5.87
PRLA,2024-11-04,6.20645833333333,6.35,5.94
PRLA,2024-11-05,5.92770833333333,6.33,5.5
PRLA,2024-11-06,5.37479166666667,5.48,5.21
PRLA,2024-11-07,5.1975,5.21,5.19
PRLA,2025-04-17,8.45515151515152,8.82,7.87
PRLA,2025-04-18,8.07571428571429,8.56,7.23
PRLA,2025-04-19,7.486,7.7,7.26
PRLA,2025-04-20,8.14458333333333,8.48,7.83
PRLA,2025-04-21,8.65041666666667,9.21,7.81
PRLA,2025-04-22,9.28095238095238,10.06,7.74
PRLA,2025-04-23,9.52411764705882,10.07,9.1
PRLA,2025-04-24,9.54195652173913,9.84,9.01
PRLA,2025-04-25,9.91270833333333,10.8,9.43
PRLA,2025-04-26,10.58,11.49,9.44
PRLA,2025-04-27,10.0329166666667,10.34,9.68
PRLA,2025-04-28,10.191875,10.52,9.68
PRLA,2025-04-29,9.29541666666667,10.41,8.39
PRLA,2025-04-30,9.29083333333333,9.97,8.3
PRLA,2025-05-01,9.62541666666667,9.91,9.16
PRLA,2025-05-02,10.244375,10.79,9.55
PRLA,2025-05-03,10.9935416666667,11.77,10.04
PRLA,2025-05-04,12.1639583333333,13.04,10.75
PRLA,2025-05-05,13.185625,13.73,12.11
PRLA,2025-05-06,14.1808333333333,14.97,13.08
PRLA,2025-05-07,14.1570833333333,14.74,13.62
PRLA,2025-05-08,14.814375,16.44,13.5
PRLA,2025-05-09,15.0458333333333,15.64,14.03
PRLA,2025-05-10,15.8902083333333,16.67,15.01
PRLA,2025-05-11,15.76125,16.21,15.07
PRLA,2025-05-12,16.84375,17.63,15.66
PRLA,2025-05-13,17.675625,18.38,16.6
PRLA,2025-05-14,18.624375,19.19,17.52
PRLA,2025-05-15,19.3991666666667,20.48,18.08
PRLA,2025-05-16,17.8410416666667,18.21,16.88
PRLA,2025-05-17,14.36625,16.79,12.31
PRLA,2025-05-18,11.6427083333333,12.24,10.79
PRLA,2025-05-19,10.4360416666667,10.74,9.83
PRLA,2025-05-20,9.360625,9.78,8.91
PRLA,2025-05-21,8.603125,8.9,8.24
PRLA,2025-05-22,8.40354166666667,8.57,8.18
PRLA,2025-05-23,10.2054166666667,11.59,8.37
PRLA,2025-05-24,11.85625,12.59,10.23
PRLA,2025-05-25,13.6847916666667,15.34,11.68
PRLA,2025-05-26,16.98375,18.92,13.74
PRLA,2025-05-27,17.2385416666667,18.62,15.82
PRLA,2025-05-28,16.8877083333333,17.99,15.67
PRLA,2025-05-29,16.893125,17.61,15.82
PRLA,2025-05-30,18.7022916666667,20.1,16.43
PRLA,2025-05-31,18.6054166666667,19.5,17.34
PRLA,2025-06-01,19.01125,20.24,17.63
PRLA,2025-06-02,20.1666666666667,21.14,18.74
PRLA,2025-06-03,17.544375,19.13,16.4
PRLA,2025-06-04,16.8195833333333,17.2,16.25
PRLA,2025-06-05,17.1839583333333,17.96,16.53
PRLA,2025-06-06,17.880625,19.48,16.86
PRLA,2025-06-07,18.8802083333333,19.82,17.24
PRLA,2025-06-08,18.1183333333333,18.61,17.14
PRLA,2025-06-09,15.805208333333301,16.99,14.8
PRLA,2025-06-10,14.7345833333333,14.99,14.54
PRLA,2025-06-11,15.7727083333333,16.55,14.53
PRLA,2025-06-12,16.9784444444444,18.07,15.88
PRLA,2025-06-13,16.404375,16.59,16.07
PRLA,2025-06-14,16.0972916666667,16.34,15.75
PRLA,2025-06-15,16.65125,17.58,15.72
PRLA,2025-06-16,17.7992857142857,19.86,16.53
PRLA,2025-06-17,18.475,19.37,17.3
PRLA,2025-06-18,20.740869565217402,21.98,18.62
PRLA,2025-06-19,21.7489583333333,22.78,20.46
PRLA,2025-06-20,22.6927272727273,25.19,20.29
PRLA,2025-06-21,21.9645454545455,23.63,20.61
PRLA,2025-06-22,22.34625,23.5,20.76
PRLA,2025-06-23,21.4666666666667,22.2,20.45
PRLA,2025-06-24,20.0783333333333,20.4,19.61
PRLA,2025-06-25,21.008125,22.41,19.53
PRLA,2025-06-26,20.4322916666667,20.94,19.84
PRLA,2025-06-27,19.5460416666667,19.82,19.22
PRLA,2025-06-28,20.1479166666667,21.19,19.2
PRLA,2025-06-29,21.216875,21.84,20.07
PRLA,2025-06-30,22.1014583333333,22.68,21.09
PRLA,2025-07-01,22.0785416666667,22.46,21.59
PRLA,2025-07-02,24.0746511627907,26.98,21.77
PRLA,2025-07-03,26.024,31.69,22.51
PRLA,2025-07-04,24.3365957446808,25.26,23.43
PRLA,2025-07-05,24.6263829787234,25.8,23.68
PRLA,2025-07-06,24.0704166666667,24.82,23.34
PRLA,2025-07-07,24.6204761904762,26.98,23.2
PRLA,2025-07-08,23.8254166666667,24.35,23.26
PRLA,2025-07-09,24.836511627907,27.6,22.96
PRLA,2025-07-10,23.87875,24.54,22.99
PRLA,2025-07-11,24.1327083333333,24.73,23.37
PRLA,2025-07-12,23.4683333333333,23.91,22.64
PRLA,2025-07-13,22.9110416666667,23.53,22.4
PRLA,2025-07-14,23.2579166666667,24.14,22.34
PRLA,2025-07-15,24.1375,25.21,23.04
PRLA,2025-07-16,22.3266666666667,23.5,21.19
PRLA,2025-07-17,20.775,21.12,20.27
PRLA,2025-07-18,21.0925,22.3,20.15
PRLA,2025-07-19,20.7116666666667,21.2,20.25
PRLA,2025-07-20,21.1654166666667,21.96,20.38
PRLA,2025-07-21,21.005,21.74,20.58
PRLA,2025-07-22,23.3942105263158,26.41,20.64
PRLA,2025-07-23,21.9279166666667,22.97,21.38
PRLA,2025-07-24,22.2648837209302,23.49,21.46
PRLA,2025-07-25,23.1086666666667,24.56,21.75
PRLA,2025-07-26,23.3854166666667,24.04,22.3
PRLA,2025-07-27,25.1678571428571,27.39,23.34
PRLA,2025-07-28,25.8057446808511,27.43,23.84
PRLA,2025-07-29,24.348125,24.95,23.59
PRLA,2025-07-30,24.8878260869565,26.36,23.45
PRLA,2025-07-31,23.1695833333333,23.53,22.5
PRLA,2025-08-01,23.0970833333333,24.16,22.12
PRLA,2025-08-02,22.7402083333333,23.48,21.96
PRLA,2025-08-03,22.1164583333333,22.45,21.79
PRLA,2025-08-04,21.7860416666667,21.98,21.59
PRLA,2025-08-05,21.64875,21.82,21.39
PRLA,2025-08-06,21.025625,21.37,20.5
PRLA,2025-08-07,21.9636170212766,23.63,20.47
PRLA,2025-08-08,23.187380952381,24.37,21.75
PRLA,2025-08-09,22.793125,23.8,22.1
PRLA,2025-08-10,21.780625,22.15,21.11
PRLA,2025-08-11,21.1002083333333,21.5,20.74
PRLA,2025-08-12,21.1291666666667,21.54,20.68
PRLA,2025-08-13,21.3045833333333,21.83,20.62
PRLA,2025-08-14,21.5597916666667,22.05,20.91
PRLA,2025-08-15,22.154375,22.99,21.32
PRLA,2025-08-16,22.2113043478261,23.05,21.6
PRLA,2025-08-17,21.9345833333333,22.38,21.45
PRLA,2025-08-18,21.775625,22.41,21.45
PRLA,2025-08-19,23.4884615384615,25.5,21.71
PRLA,2025-08-20,24.7254166666667,26.2,23.14
PRLA,2025-08-21,23.5810416666667,24.25,23.1
PRLA,2025-08-22,23.2204166666667,23.66,22.76
PRLA,2025-08-23,22.433125,22.99,21.16
PRLA,2025-08-24,20.7352083333333,21.1,20.04
PRLA,2025-08-25,19.8654166666667,20.21,19.24
PRLA,2025-08-26,20.0447826086957,21.35,19.06
PRLA,2025-08-27,19.9745833333333,20.82,18.99
PRLA,2025-08-28,21.6677419354839,25.7,19.43
PRLA,2025-08-29,23.38375,27.26,21.05
PRLA,2025-08-30,22.4888888888889,23.58,21.51
PRLA,2025-08-31,22.32625,23.25,21.38
PRLA,2025-09-01,22.2414583333333,23.11,21.46
PRLA,2025-09-02,21.90625,22.52,21.29
PRLA,2025-09-03,21.03,21.45,20.15
PRLA,2025-09-04,19.3247916666667,20.06,18.37
PRLA,2025-09-05,17.1377083333333,18.3,15.82
PRLA,2025-09-06,15.2852083333333,15.76,14.68
PRLA,2025-09-07,14.7254166666667,15.06,14.33
PRLA,2025-09-08,14.8970833333333,15.33,14.23
PRLA,2025-09-09,16.193488372093,17.98,14.56
PRLA,2025-09-10,17.3086666666667,18.38,15.98
PRLA,2025-09-11,17.3597916666667,18.2,16.51
PRLA,2025-09-12,17.4895833333333,18.23,16.65
PRLA,2025-09-13,19.1286486486486,20.71,17.72
PRLA,2025-09-14,18.7985416666667,19.54,18.62
PRLA,2025-09-15,19.29625,19.91,18.96
PRLA,2025-09-16,19.2572916666667,19.61,18.83
PRLA,2025-09-17,20.2222916666667,21.26,19.12
PRLA,2025-09-18,19.5841666666667,19.96,18.9
PRLA,2025-09-19,18.218125,18.87,17.65
PRLA,2025-09-20,17.7127083333333,17.95,17.54
PRLA,2025-09-21,17.6566666666667,17.9,17.32
PRLA,2025-09-22,18.3866666666667,20.97,17.26
PRLA,2025-09-23,19.5533333333333,22.99,17.39
PRLA,2025-09-24,18.4177083333333,19.74,17.17
PRLA,2025-09-25,19.0444680851064,20.45,18
PRLA,2025-09-26,18.3385416666667,18.92,17.56
PRLA,2025-09-27,17.6710416666667,18.15,17.15
PRLA,2025-09-28,17.1127083333333,17.46,16.58
PRLA,2025-09-29,17.3410416666667,17.86,16.5
PRLA,2025-09-30,18.2820833333333,18.95,17.33
PRLA,2025-10-01,18.1585416666667,18.43,17.77
PRLA,2025-10-02,18.2747916666667,18.6,17.81
PRLA,2025-10-03,19.1006382978723,20.24,18.12
PRLA,2025-10-04,18.859375,19.34,18.2
PRLA,2025-10-05,18.1897916666667,18.68,17.4
PRLA,2025-10-06,16.2252083333333,17.41,15.17
PRLA,2025-10-07,14.6854166666667,15.13,13.96
PRLA,2025-10-08,13.8909523809524,15.53,12.89
PRLA,2025-10-09,12.9160416666667,13.18,12.58
PRLA,2025-10-10,12.98,13.51,12.5
PRLA,2025-10-11,13.0009756097561,15.61,12.1
PRLA,2025-10-12,12.316875,12.49,11.97
PRLA,2025-10-13,12.1847916666667,12.83,10.71
PRLA,2025-10-14,10.6360416666667,11.03,10.17
PRLA,2025-10-15,9.70869565217391,10.1,9.46
PRLA,2025-10-16,9.60564102564103,9.69,9.47
PRLA,2025-10-17,9.69625,9.89,9.5
PRLA,2025-10-18,9.76208333333333,10.02,9.47
PRLA,2025-10-19,9.52625,9.82,9.02
PRLA,2025-10-20,9.073125,9.28,8.8
PRLA,2025-10-21,8.57833333333333,9,7.71
PRLA,2025-10-22,7.35333333333333,7.67,7.07
PRLA,2025-10-23,7.16145833333333,7.36,6.96
PRLA,2025-10-24,7.225,7.73,6.83
PRLA,2025-10-25,7.09458333333333,7.44,6.73
PRLA,2025-10-26,7.42333333333333,7.93,6.87
PRLA,2025-10-27,8.685625,9.09,7.96
PRLA,2025-10-28,9.02354166666667,9.17,8.68
PRLA,2025-10-29,8.57541666666667,8.65,8.51
PRPO,2018-05-30,22.3785714285714,22.62,22.27
PRPO,2018-05-31,22.5553658536585,23.71,21.79
PRPO,2018-06-01,23.1358620689655,25.36,22.09
PRPO,2018-06-02,21.2570833333333,22.91,18.98
PRPO,2018-06-03,16.9175,18.9,15.27
PRPO,2018-06-04,17.4787234042553,18.26,16.68
PRPO,2018-06-05,19.4206896551724,20.89,18.81
PRPO,2018-06-06,20.2860714285714,21.05,19.88
PRPO,2018-06-07,20.8946666666667,21.7,19.9
PRPO,2018-06-08,20.26,21.05,19.29
PRPO,2018-06-09,20.5116666666667,21.47,19.03
PRPO,2018-06-10,22.85725,24.19,20.69
PRPO,2018-06-11,23.143125,24.27,22
PRPO,2018-06-12,21.2727659574468,21.96,20.2
PRPO,2018-06-13,20.3239583333333,21.04,19.07
PRPO,2018-06-14,20.0829787234043,20.91,18.89
PRPO,2018-06-15,21.5693617021277,22.61,19.53
PRPO,2018-06-16,22.3345833333333,23.1,21.57
PRPO,2018-06-17,21.1145833333333,21.73,19.84
PRPO,2018-06-18,19.5427083333333,19.86,18.8
PRPO,2018-06-19,19.7941304347826,20.36,18.75
PRPO,2018-06-20,21.0347826086957,22.2,19.66
PRPO,2018-06-21,21.7225,22.51,20.48
PRPO,2018-06-22,22.2966666666667,23.25,21.19
PRPO,2018-06-23,24.3041935483871,26.69,22.74
PRPO,2018-06-24,24.12875,25.13,23.26
PRPO,2018-06-25,23.05875,23.58,22.31
PRPO,2018-06-26,22.31375,23.14,21.84
PRPO,2018-06-27,23.6951111111111,25.17,21.85
PRPO,2018-06-28,24.4928205128205,25.51,23.31
PRPO,2018-06-29,25.4535,27.77,24.23
PRPO,2018-06-30,24.6141666666667,25.32,24.04
PRPO,2018-07-01,23.986875,24.65,23.11
PRPO,2018-07-02,23.446875,24.27,22.08
PRPO,2018-07-03,23.7069047619048,25.47,21.87
PRPO,2018-07-04,24.1977777777778,25.41,22.61
PRPO,2018-07-05,23.9208333333333,24.81,22.81
PRPO,2018-07-06,23.4433333333333,25.15,22.59
PRPO,2018-07-07,23.9295833333333,24.76,22.97
PRPO,2018-07-08,25.431914893617,26.77,23.37
PRPO,2018-07-09,25.0651063829787,25.52,24.37
PRPO,2018-07-10,25.4227083333333,26.63,24.27
PRPO,2018-07-11,25.5120833333333,26.63,24.06
PRPO,2018-07-12,25.768125,26.54,24.87
PRPO,2018-07-13,25.1404166666667,25.75,24.31
PRPO,2018-07-14,24.7420512820513,26.01,24.2
PRPO,2018-07-15,25.4302083333333,26.2,24.15
PRPO,2018-07-16,23.9210416666667,24.68,22.42
PRPO,2018-07-17,23.0335483870968,24.01,22.28
PRPO,2018-07-18,24.34875,26.16,22.7
PRPO,2018-07-19,24.271914893617,25.21,23.61
PRPO,2018-07-20,24.0425581395349,25.48,23.22
PRPO,2018-07-21,23.24375,23.82,22.59
PRPO,2018-07-22,23.0683333333333,23.81,22.26
PRPO,2018-07-23,22.723125,23.25,21.93
PRPO,2018-07-24,22.2725,23.01,21.43
PRPO,2018-07-25,22.2151351351351,23.49,21.27
PRPO,2018-07-26,22.2883333333333,22.95,21.12
PRPO,2018-07-27,20.8233333333333,21.39,20.1
PRPO,2018-07-28,20.9163333333333,22.83,19.89
PRPO,2018-07-29,21.4592857142857,23.58,20.72
PRPO,2018-07-30,21.7015151515152,23.51,21.02
PRPO,2018-07-31,22.0430303030303,23.42,20.91
PRPO,2018-08-01,22.2868888888889,23.26,21.14
PRPO,2018-08-02,20.9052083333333,21.59,19.97
PRPO,2018-08-03,20.7782978723404,22.06,19.75
PRPO,2018-08-04,21.2202083333333,22.15,20.24
PRPO,2018-08-05,22.1458333333333,23.21,20.81
PRPO,2018-08-06,22.4258333333333,23.12,21.25
PRPO,2018-08-07,22.7227272727273,24.37,21.7
PRPO,2018-08-08,23.6871111111111,24.86,22.18
PRPO,2018-08-09,23.7086046511628,24.63,22.85
PRPO,2018-08-10,24.1483783783784,25.53,23.14
PRPO,2018-08-11,24.8824324324324,25.72,23.88
PRPO,2018-08-12,25.5327659574468,26.5,24.47
PRPO,2018-08-13,25.2464583333333,26.11,24.01
PRPO,2018-08-14,23.9629166666667,24.94,22.43
PRPO,2018-08-15,22.0860416666667,22.69,20.81
PRPO,2018-08-16,22.0073684210526,24.04,20.67
PRPO,2018-08-17,22.7418181818182,24.25,21.39
PRPO,2018-08-18,23.0029166666667,24.21,22.01
PRPO,2018-08-19,22.83,23.7,21.84
PRPO,2018-08-20,21.07625,22.3,19.56
PRPO,2018-08-21,19.716170212766,20.35,19.11
PRPO,2018-08-22,19.7572340425532,20.57,18.91
PRPO,2018-08-23,19.6,20.45,18.43
PRPO,2018-08-24,20.08,20.63,19.09
PRPO,2018-08-25,21.0644444444444,22.49,20.02
PRPO,2018-08-26,21.03125,21.64,20.16
PRPO,2018-08-27,19.9016666666667,20.52,18.92
PRPO,2018-08-28,17.431875,18.84,16.31
PRPO,2018-08-29,16.4025,16.89,15.95
PRPO,2018-08-30,17.3610869565217,18.49,15.8
PRPO,2018-08-31,18.7495833333333,19.77,16.92
PRPO,2018-09-01,19.4520833333333,20.39,18.55
PRPO,2018-09-02,19.4889583333333,20.51,18.35
PRPO,2018-09-03,18.8653191489362,19.53,18.23
PRPO,2018-09-04,19.571914893617,20.4,17.91
PRPO,2018-09-05,19.3079166666667,19.93,18.1
PRPO,2018-09-06,18.5135714285714,19.88,17.69
PRPO,2018-09-07,18.0702083333333,18.67,17.36
PRPO,2018-09-08,18.071875,19.02,17.05
PRPO,2018-09-09,17.5,18.21,16.77
PRPO,2018-09-10,17.5502083333333,18.15,16.65
PRPO,2018-09-11,18.5943243243243,21.2,17.5
PRPO,2018-09-12,19.28,20.64,18.18
PRPO,2018-09-13,17.81375,18.12,17.52
PRPO,2018-09-14,17.8652083333333,18.4,17.16
PRPO,2018-09-15,17.0647916666667,17.46,16.43
PRPO,2018-09-16,17.2539583333333,17.66,16.25
PRPO,2018-09-17,18.636875,19.95,17.45
PRPO,2018-09-18,16.8789583333333,17.47,16.04
PRPO,2018-09-19,16.1822916666667,16.82,15.58
PRPO,2018-09-20,15.54875,16.23,14.29
PRPO,2018-09-21,12.6279166666667,14.17,10.97
PRPO,2018-09-22,11.518125,12.18,10.76
PRPO,2018-09-23,12.0571739130435,13.45,10.94
PRPO,2018-09-24,10.6716666666667,11.09,10.28
PRPO,2018-09-25,10.161875,10.33,9.89
PRPO,2018-09-26,10.0777083333333,10.6,9.08
PRPO,2018-09-27,9.785625,10.28,8.9
PRPO,2018-09-28,9.57979166666667,10.08,8.71
PRPO,2018-09-29,8.570625,9.09,7.88
PRPO,2018-09-30,7.815625,8.07,7.38
PRPO,2018-10-01,7.259375,7.48,6.82
PRPO,2018-10-02,7.17,7.49,6.61
PRPO,2018-10-03,8.51104166666667,9.24,7.17
PRPO,2018-10-04,7.931875,9.01,6.37
PRPO,2018-10-05,5.74229166666667,6.73,4.66
PRPO,2018-10-06,4.620625,4.82,4.29
PRPO,2018-10-07,4.39833333333333,4.61,4.22
PRPO,2019-05-30,17.25,17.25,17.25
PRPO,2019-05-31,18.225,18.86,17.41
PRPO,2019-06-01,18.1445833333333,19.07,17.31
PRPO,2019-06-02,18.356875,19.46,17.27
PRPO,2019-06-03,18.14125,19.24,17.27
PRPO,2019-06-04,19.500625,20.46,17.43
PRPO,2019-06-05,21.2541666666667,22.53,19.59
PRPO,2019-06-06,22.7111363636364,25.09,20.59
PRPO,2019-06-07,23.1574418604651,25.74,21.02
PRPO,2019-06-08,22.823125,23.64,21.74
PRPO,2019-06-09,20.493125,22.37,18.31
PRPO,2019-06-10,18.189375,18.96,16.67
PRPO,2019-06-11,18.0308333333333,19.05,16.64
PRPO,2019-06-12,18.25875,19.03,17.5
PRPO,2019-06-13,19.2457894736842,21.09,17.33
PRPO,2019-06-14,19.260625,20.06,18.23
PRPO,2019-06-15,20.7645,22.19,19.31
PRPO,2019-06-16,20.4955555555556,21.46,19.73
PRPO,2019-06-17,19.0789583333333,19.65,18.09
PRPO,2019-06-18,18.3027083333333,18.73,17.88
PRPO,2019-06-19,19.6158333333333,20.77,17.92
PRPO,2019-06-20,18.6347916666667,19.28,17.83
PRPO,2019-06-21,17.9795744680851,18.56,17.48
PRPO,2019-06-22,17.2835416666667,17.55,16.43
PRPO,2019-06-23,17.2972916666667,18.05,16.41
PRPO,2019-06-24,18.6933333333333,19.79,17.01
PRPO,2019-06-25,19.7019565217391,20.91,18.4
PRPO,2019-06-26,20.1222916666667,20.89,18.75
PRPO,2019-06-27,21.9326470588235,24.35,19.9
PRPO,2019-06-28,22.8287234042553,24.05,21.41
PRPO,2019-06-29,22.7189583333333,23.74,21.79
PRPO,2019-06-30,22.9320833333333,23.74,22.05
PRPO,2019-07-01,23.385,24.05,22.67
PRPO,2019-07-02,24.3418604651163,27.01,22.52
PRPO,2019-07-03,24.6052173913043,25.88,23.11
PRPO,2019-07-04,24.764375,26.33,23.6
PRPO,2019-07-05,23.863125,24.65,23.29
PRPO,2019-07-06,23.385,24,22.71
PRPO,2019-07-07,24.1620512820513,26.28,22.56
PRPO,2019-07-08,24.5093617021277,25.59,23.33
PRPO,2019-07-09,24.7335416666667,26.14,23.76
PRPO,2019-07-10,23.200625,23.81,22.04
PRPO,2019-07-11,22.6254166666667,23.28,21.72
PRPO,2019-07-12,23.83,24.64,22.3
PRPO,2019-07-13,25.195652173913,26.41,23.71
PRPO,2019-07-14,26.3516666666667,27.53,24.64
PRPO,2019-07-15,27.2008510638298,28.31,25.83
PRPO,2019-07-16,27.1566666666667,28.03,26.22
PRPO,2019-07-17,26.4795348837209,28.7,25.1
PRPO,2019-07-18,25.7177083333333,26.65,24.81
PRPO,2019-07-19,25.2447916666667,26.09,24.47
PRPO,2019-07-20,25.1283333333333,25.86,24.46
PRPO,2019-07-21,24.7714583333333,25.56,23.86
PRPO,2019-07-22,23.8325,24.43,22.88
PRPO,2019-07-23,24.3031578947368,25.93,22.75
PRPO,2019-07-24,24.5533333333333,25.79,23.46
PRPO,2019-07-25,24.135625,25.04,23.44
PRPO,2019-07-26,24.3522916666667,25.28,23.4
PRPO,2019-07-27,24.06625,24.71,23.32
PRPO,2019-07-28,24.8110416666667,26.14,23.1
PRPO,2019-07-29,23.9154166666667,24.74,22.54
PRPO,2019-07-30,22.6302083333333,23.29,21.86
PRPO,2019-07-31,22.8335416666667,24.04,21.81
PRPO,2019-08-01,23.5960869565217,24.91,21.79
PRPO,2019-08-02,24.473829787234,25.18,23.45
PRPO,2019-08-03,25.3902083333333,26.43,23.89
PRPO,2019-08-04,25.28125,26.11,24.51
PRPO,2019-08-05,25.0295744680851,25.7,24.37
PRPO,2019-08-06,24.7564583333333,25.39,23.8
PRPO,2019-08-07,24.5612765957447,26.3,23.54
PRPO,2019-08-08,23.0608333333333,23.61,21.8
PRPO,2019-08-09,22.2804166666667,23.06,21.45
PRPO,2019-08-10,22.054375,22.57,21.54
PRPO,2019-08-11,22.379375,23.24,21.41
PRPO,2019-08-12,21.6072916666667,21.87,20.84
PRPO,2019-08-13,20.3886956521739,20.87,19.63
PRPO,2019-08-14,19.3795833333333,19.66,18.63
PRPO,2019-08-15,19.7021276595745,20.97,18.55
PRPO,2019-08-16,19.2191666666667,19.72,18.46
PRPO,2019-08-17,20.1779166666667,21.41,18.39
PRPO,2019-08-18,19.99375,20.55,18.81
PRPO,2019-08-19,19.3752083333333,20.34,18.55
PRPO,2019-08-20,20.9915909090909,22.55,18.43
PRPO,2019-08-21,21.1602083333333,21.99,20.49
PRPO,2019-08-22,21.2306382978723,22.31,20.31
PRPO,2019-08-23,21.3089583333333,22.45,20.42
PRPO,2019-08-24,20.7897916666667,21.63,19.85
PRPO,2019-08-25,20.7533333333333,21.39,20.14
PRPO,2019-08-26,20.0327083333333,20.56,19.4
PRPO,2019-08-27,19.3545833333333,19.94,18.16
PRPO,2019-08-28,17.010625,17.99,15.9
PRPO,2019-08-29,17.038125,18.21,15.66
PRPO,2019-08-30,16.8002173913043,17.37,16.16
PRPO,2019-08-31,18.0765625,19.8,16.23
PRPO,2019-09-01,18.1120833333333,18.82,17.69
PRPO,2019-09-02,18.9566666666667,20.1,17.73
PRPO,2019-09-03,17.8383333333333,18.25,17.09
PRPO,2019-09-04,17.1514583333333,17.6,16.64
PRPO,2019-09-05,17.8625,18.97,16.54
PRPO,2019-09-06,18.5239583333333,19.12,17.62
PRPO,2019-09-07,19.0010416666667,19.64,18.07
PRPO,2019-09-08,17.2822916666667,18.63,15.87
PRPO,2019-09-09,16.06625,16.52,15.67
PRPO,2019-09-10,15.4579166666667,15.64,15.19
PRPO,2019-09-11,16.0193181818182,17.01,15.11
PRPO,2019-09-12,15.805625,16.16,15.17
PRPO,2019-09-13,14.2329166666667,15.14,13.24
PRPO,2019-09-14,13.7422916666667,14.24,13.03
PRPO,2019-09-15,14.88875,15.9,13.55
PRPO,2019-09-16,17.1902380952381,18.56,14.89
PRPO,2019-09-17,18.7885416666667,19.79,17.47
PRPO,2019-09-18,19.9225531914894,20.61,18.89
PRPO,2019-09-19,19.3697916666667,19.91,18.84
PRPO,2019-09-20,19.8452083333333,20.6,18.9
PRPO,2019-09-21,20.5816666666667,21.84,19.37
PRPO,2019-09-22,19.880625,20.53,18.52
PRPO,2019-09-23,18.3245833333333,18.94,17.24
PRPO,2019-09-24,17.7839583333333,18.51,17.01
PRPO,2019-09-25,17.1160416666667,17.69,15.96
PRPO,2019-09-26,15.2752083333333,15.87,14.04
PRPO,2019-09-27,13.6745833333333,14.04,13.08
PRPO,2019-09-28,12.87375,13.25,12.26
PRPO,2019-09-29,12.2877083333333,12.81,11.47
PRPO,2019-09-30,10.7983333333333,11.41,10.44
PRPO,2019-10-01,10.420625,10.8,9.7
PRPO,2019-10-02,9.42,9.7,8.86
PRPO,2019-10-03,8.106875,8.75,7.32
PRPO,2019-10-04,7.49583333333333,7.75,7.13
PRPO,2019-10-05,7.29208333333333,7.53,6.97
PRPO,2019-10-06,7.33541666666667,7.6,7.02
PRPO,2019-10-07,7.82291666666667,8.39,6.95
PRPO,2019-10-08,8.49413043478261,9.16,7.46
PRPO,2019-10-09,9.59489361702128,10.43,8.37
PRPO,2019-10-10,8.73916666666667,9.73,7.21
PRPO,2019-10-11,5.050625,7.08,3
PRPO,2019-10-12,1.01558823529412,2.84,-0.1
PRPO,2019-10-13,-0.0739473684210526,-0.01,-0.12
PRPO,2019-10-15,1.38571428571429,1.53,1.21
PRPO,2019-10-18,2.84277777777778,3.12,2.15
PRPO,2019-10-19,3.59979166666667,3.94,2.69
PRPO,2019-10-20,4.26604166666667,4.72,3.53
PRPO,2019-10-21,4.42083333333333,4.56,4.16
PRPO,2019-10-22,4.33344827586207,4.41,4.15
PRPO,2019-10-23,3.20714285714286,3.59,2.97
PRPO,2019-10-24,2.9575,3.12,2.81
PRPO,2020-06-02,19.7589285714286,20.14,19.35
PRPO,2020-06-03,20.0442553191489,20.88,19.29
PRPO,2020-06-04,20.3741666666667,20.85,19.78
PRPO,2020-06-05,20.9010416666667,21.77,19.91
PRPO,2020-06-06,20.7629166666667,21.41,19.96
PRPO,2020-06-07,19.051875,20.14,18.05
PRPO,2020-06-08,20.04,21.75,18.05
PRPO,2020-06-09,21.2041666666667,21.92,20.14
PRPO,2020-06-10,19.5397872340426,20.45,18.41
PRPO,2020-06-11,18.743125,19.24,18.23
PRPO,2020-06-12,18.9777083333333,19.56,18.16
PRPO,2020-06-13,19.18125,19.74,18.51
PRPO,2020-06-14,19.1358333333333,19.7,18.47
PRPO,2020-06-15,19.1770833333333,19.63,18.37
PRPO,2020-06-16,20.379375,21.06,19.32
PRPO,2020-06-17,21.0452173913043,21.6,20.15
PRPO,2020-06-18,21.5964583333333,22.23,20.94
PRPO,2020-06-19,20.970625,21.47,19.97
PRPO,2020-06-20,20.4222916666667,20.94,19.72
PRPO,2020-06-21,20.786875,21.39,20.05
PRPO,2020-06-22,20.7008333333333,21.43,20.03
PRPO,2020-06-23,20.178125,20.53,19.55
PRPO,2020-06-24,20.6777083333333,21.46,19.53
PRPO,2020-06-25,23.1502777777778,24.91,20.44
PRPO,2020-06-26,22.3716666666667,22.85,21.69
PRPO,2020-06-27,23.055,24.05,21.66
PRPO,2020-06-28,23.7129166666667,24.47,22.75
PRPO,2020-06-29,24.1772916666667,25,23.23
PRPO,2020-06-30,25.0420833333333,25.81,23.83
PRPO,2020-07-01,24.6079166666667,24.88,23.72
PRPO,2020-07-02,24.7310416666667,26.1,23.65
PRPO,2020-07-03,24.6754166666667,25.24,24.12
PRPO,2020-07-04,26.60725,28.36,24.34
PRPO,2020-07-05,25.852,27.14,25.09
PRPO,2020-07-06,25.4970454545455,26.94,24.82
PRPO,2020-07-07,25.7173333333333,26.57,24.75
PRPO,2020-07-08,25.6808888888889,26.86,24.38
PRPO,2020-07-09,25.0158333333333,25.69,24.3
PRPO,2020-07-10,23.8808333333333,24.37,23.13
PRPO,2020-07-11,24.1186486486486,25.46,23.05
PRPO,2020-07-12,23.3108333333333,23.75,22.81
PRPO,2020-07-13,24.0272916666667,25.07,22.97
PRPO,2020-07-14,23.28375,23.7,22.6
PRPO,2020-07-15,22.7295833333333,23.19,21.75
PRPO,2020-07-16,22.7341666666667,23.55,21.57
PRPO,2020-07-17,23.0120833333333,23.47,22.35
PRPO,2020-07-18,23.899375,24.93,22.7
PRPO,2020-07-19,23.5766666666667,24.09,22.68
PRPO,2020-07-20,22.9175,23.36,22.44
PRPO,2020-07-21,22.7373913043478,23.97,21.94
PRPO,2020-07-22,22.8089583333333,23.68,21.81
PRPO,2020-07-23,22.6245833333333,23.37,21.81
PRPO,2020-07-24,23.29375,24.2,21.71
PRPO,2020-07-25,24.3597826086957,25.78,23.56
PRPO,2020-07-26,24.7956666666667,27.52,23.89
PRPO,2020-07-27,24.6158333333333,25.37,23.77
PRPO,2020-07-28,24.4002083333333,25.19,23.6
PRPO,2020-07-29,24.8858333333333,26.14,23.6
PRPO,2020-07-30,26.07625,27.64,24.3
PRPO,2020-07-31,26.9718181818182,29.2,25.16
PRPO,2020-08-01,25.41625,26.06,24.44
PRPO,2020-08-02,24.2804166666667,24.79,23.43
PRPO,2020-08-03,23.5357446808511,24.11,22.86
PRPO,2020-08-04,24.1079069767442,26.07,22.78
PRPO,2020-08-05,23.3020833333333,23.97,22.63
PRPO,2020-08-06,23.7113513513514,25.31,22.69
PRPO,2020-08-07,23.9445833333333,25.14,22.91
PRPO,2020-08-08,24.0966666666667,25.09,23.17
PRPO,2020-08-09,23.8286666666667,24.68,23.27
PRPO,2020-08-10,23.49,24.1,22.4
PRPO,2020-08-11,22.4095833333333,22.87,21.76
PRPO,2020-08-12,22.733125,23.52,21.7
PRPO,2020-08-13,23.3616666666667,24.14,22.46
PRPO,2020-08-14,24.1095555555556,24.98,22.94
PRPO,2020-08-15,22.5475,23.28,21.63
PRPO,2020-08-16,21.8441666666667,22.3,21.38
PRPO,2020-08-17,21.94625,22.35,21.43
PRPO,2020-08-18,23.1522857142857,25.02,21.52
PRPO,2020-08-19,23.4860465116279,24.42,22.38
PRPO,2020-08-20,24.8127027027027,26.44,22.89
PRPO,2020-08-21,24.4722916666667,25.15,23.57
PRPO,2020-08-22,24.706875,25.43,24.19
PRPO,2020-08-23,25.3271739130435,26.35,24.13
PRPO,2020-08-24,23.9852083333333,24.69,23.14
PRPO,2020-08-25,23.3158333333333,23.86,22.85
PRPO,2020-08-26,23.5658333333333,24.21,22.69
PRPO,2020-08-27,23.9444680851064,24.91,23.23
PRPO,2020-08-28,22.8004166666667,23.22,22.22
PRPO,2020-08-29,21.8683333333333,22.27,21.02
PRPO,2020-08-30,22.15125,23.34,20.9
PRPO,2020-08-31,20.211875,21.04,18.81
PRPO,2020-09-01,18.606875,18.97,17.79
PRPO,2020-09-02,17.7827083333333,18.31,16.94
PRPO,2020-09-03,17.3585416666667,18.24,16.33
PRPO,2020-09-04,16.376875,16.79,15.89
PRPO,2020-09-05,16.5120833333333,17.02,15.67
PRPO,2020-09-06,17.3360416666667,18.13,16.28
PRPO,2020-09-07,16.9920833333333,17.43,16.29
PRPO,2020-09-08,15.2897916666667,16.26,14.04
PRPO,2020-09-09,13.8035416666667,14.16,13.19
PRPO,2020-09-10,13.3929787234043,13.94,12.56
PRPO,2020-09-11,13.3935416666667,14.32,12.26
PRPO,2020-09-12,13.4085416666667,13.67,12.95
PRPO,2020-09-13,14.7248837209302,15.72,13.3
PRPO,2020-09-14,14.5704166666667,15.07,13.96
PRPO,2020-09-15,14.4570833333333,14.95,13.6
PRPO,2020-09-16,14.8639583333333,15.31,14.35
PRPO,2020-09-17,14.658125,15.06,14.18
PRPO,2020-09-18,14.82225,16.37,14.08
PRPO,2020-09-19,14.59625,15.14,13.93
PRPO,2020-09-20,14.8770833333333,15.26,14.2
PRPO,2020-09-21,15.350625,15.98,14.72
PRPO,2020-09-22,15.55625,16.03,14.77
PRPO,2020-09-23,16.4227083333333,17.42,15.41
PRPO,2020-09-24,16.2410416666667,16.66,15.75
PRPO,2020-09-25,16.0688888888889,16.82,15.69
PRPO,2020-10-08,11.2511904761905,11.58,10.83
PRPO,2020-10-09,11.164583333333301,11.54,10.75
PRPO,2020-10-10,11.29875,11.75,10.7
PRPO,2020-10-11,11.1622916666667,11.76,10.72
PRPO,2020-10-12,10.641875,10.98,9.86
PRPO,2020-10-13,9.82354166666667,10.13,9.29
PRPO,2020-10-14,9.25652173913043,9.48,8.91
PRPO,2020-10-15,8.19229166666667,9.07,6.76
PRPO,2020-10-16,6.185,6.7,5.22
PRPO,2020-10-17,5.00354166666667,5.19,4.69
PRPO,2020-10-18,4.32458333333333,4.88,3.44
PRPO,2020-10-19,2.75666666666667,3.4,2.21
PRPO,2020-10-20,2.38,2.61,2.14
PRPO,2020-10-21,1.84666666666667,2.1,1.35
PRPO,2020-10-22,1.19791666666667,1.43,0.92
PRPO,2020-10-23,1.07145833333333,1.33,0.65
PRPO,2020-10-24,0.488571428571429,0.6,0.43
PRPO,2021-05-26,15.4455172413793,16.24,14.41
PRPO,2021-05-27,14.3054166666667,14.93,13.09
PRPO,2021-05-28,12.351914893617,13.01,11.55
PRPO,2021-05-29,12.62,13.45,11.54
PRPO,2021-05-30,12.7897916666667,13.36,12.26
PRPO,2021-05-31,13.6997916666667,14.48,12.24
PRPO,2021-06-01,13.54,13.54,13.54
PRPO,2021-06-02,16.2189473684211,16.68,15.7
PRPO,2021-06-08,22.1988888888889,22.54,21.82
PRPO,2021-06-09,21.165,21.79,20.74
PRPO,2021-06-10,22.464375,23.63,20.74
PRPO,2021-06-11,23.48625,24.34,22.17
PRPO,2021-06-12,21.8719565217391,23.08,19.94
PRPO,2021-06-13,21.1848936170213,22.13,19.75
PRPO,2021-06-14,21.6245833333333,22.32,20.88
PRPO,2021-06-15,22.7242857142857,24.2,21.19
PRPO,2021-06-16,23.2775,24.38,21.85
PRPO,2021-06-17,22.7525,23.65,21.75
PRPO,2021-06-18,22.743829787234,23.45,21.91
PRPO,2021-06-19,22.09,22.75,21.12
PRPO,2021-06-20,22.1468085106383,23,21.07
PRPO,2021-06-21,20.7552083333333,21.53,19.53
PRPO,2021-06-22,19.4022916666667,19.9,18.63
PRPO,2021-06-23,20.061875,21.27,18.48
PRPO,2021-06-24,20.8739583333333,21.81,19.26
PRPO,2021-06-25,21.9422727272727,22.84,20.58
PRPO,2021-06-26,21.205,21.6,20.61
PRPO,2021-06-27,21.4822916666667,22.07,20.51
PRPO,2021-06-28,21.6410638297872,22.23,21.08
PRPO,2021-06-29,21.50625,22.05,21.02
PRPO,2021-06-30,21.9710714285714,23.55,20.95
PRPO,2021-07-01,23.2627777777778,24.06,22.8
PRPO,2021-07-02,25.5265517241379,27.83,24.08
PRPO,2021-07-03,25.6378260869565,26.97,24.23
PRPO,2021-07-04,24.7597916666667,25.52,23.94
PRPO,2021-07-05,24.8979166666667,25.51,24.23
PRPO,2021-07-06,24.9337837837838,27.66,24.11
PRPO,2021-07-07,22.6166666666667,23.95,21.24
PRPO,2021-07-08,22.1697674418605,23.68,21.06
PRPO,2021-07-09,22.20125,23.25,21.46
PRPO,2021-07-10,22.1402173913043,22.86,21.46
PRPO,2021-07-11,23.0723076923077,24.23,21.67
PRPO,2021-07-12,23.6378571428571,25.15,22.35
PRPO,2021-07-13,23.1820833333333,24.08,22.09
PRPO,2021-07-14,23.4413513513514,24.33,22.34
PRPO,2021-07-15,23.8941860465116,24.59,23
PRPO,2021-07-16,23.6795833333333,24.72,22.63
PRPO,2021-07-17,22.7185416666667,23.14,22
PRPO,2021-07-18,23.44875,24.78,21.97
PRPO,2021-07-19,24.5732558139535,25.93,22.95
PRPO,2021-07-20,25.1226086956522,26.76,24.21
PRPO,2021-07-21,24.5995833333333,25.56,23.79
PRPO,2021-07-22,23.7970212765957,24.35,23.27
PRPO,2021-07-23,25.5828888888889,27.56,23.26
PRPO,2021-07-24,27.0158333333333,28.83,25.26
PRPO,2021-07-25,25.379375,26.09,24.13
PRPO,2021-07-26,25.480625,26.81,24.07
PRPO,2021-07-27,25.612619047619,26.83,24.67
PRPO,2021-07-28,25.275,25.98,24.62
PRPO,2021-07-29,24.7511111111111,25.47,23.77
PRPO,2021-07-30,24.3948888888889,25.25,23.52
PRPO,2021-07-31,23.4720833333333,24.02,22.71
PRPO,2021-08-01,22.8967441860465,23.53,22.17
PRPO,2021-08-02,23.4063043478261,24.67,22.03
PRPO,2021-08-03,24.257,27.23,22.13
PRPO,2021-08-04,24.1685416666667,25.97,22.68
PRPO,2021-08-05,22.6633333333333,23.23,22.1
PRPO,2021-08-06,22.3878723404255,22.95,21.76
PRPO,2021-08-07,22.7858333333333,23.82,21.75
PRPO,2021-08-08,22.7852083333333,23.85,21.72
PRPO,2021-08-09,24.3409090909091,26.44,22.24
PRPO,2021-08-10,23.6391111111111,24.53,22.34
PRPO,2021-08-11,22.1646808510638,22.86,20.99
PRPO,2021-08-12,20.8697916666667,21.61,19.71
PRPO,2021-08-13,19.5695744680851,20.32,18.54
PRPO,2021-08-14,19.1585416666667,19.95,18.2
PRPO,2021-08-15,20.6289361702128,22.22,18.17
PRPO,2021-08-16,22.2559574468085,23.11,20.62
PRPO,2021-08-17,22.8760416666667,23.55,21.92
PRPO,2021-08-18,23.3010638297872,24.26,22.49
PRPO,2021-08-19,23.50375,24.31,22.28
PRPO,2021-08-20,23.9804444444444,26.79,22.54
PRPO,2021-08-21,22.0810416666667,23.44,19.52
PRPO,2021-08-22,19.6545833333333,20.28,19.06
PRPO,2021-08-23,18.7639583333333,19.38,17.81
PRPO,2021-08-24,19.1479166666667,20.28,17.7
PRPO,2021-08-25,19.8784444444444,21.92,18.71
PRPO,2021-08-26,19.7289583333333,20.8,18.84
PRPO,2021-08-27,18.115625,18.72,17.63
PRPO,2021-08-28,18.39125,19.26,17.51
PRPO,2021-08-29,19.1527083333333,20.07,18.25
PRPO,2021-08-30,19.2539583333333,20.05,18.04
PRPO,2021-08-31,19.906875,20.76,19.04
PRPO,2021-09-01,20.0014583333333,21.02,18.96
PRPO,2021-09-02,19.3602083333333,19.8,18.96
PRPO,2021-09-03,18.9747916666667,19.2,18.78
PRPO,2021-09-04,19.17375,20.07,18.12
PRPO,2021-09-05,18.8245833333333,19.52,17.83
PRPO,2021-09-06,19.4220833333333,20.57,18.2
PRPO,2021-09-07,19.6820833333333,20.83,18.45
PRPO,2021-09-08,18.5272916666667,19.26,17.44
PRPO,2021-09-09,17.9560416666667,18.64,17.08
PRPO,2021-09-10,18.3225531914894,19.68,17.38
PRPO,2021-09-11,18.9965217391304,20.53,17.53
PRPO,2021-09-12,17.8877083333333,18.56,17.04
PRPO,2021-09-13,18.2557777777778,19.62,16.94
PRPO,2021-09-14,16.6041666666667,17.25,15.74
PRPO,2021-09-15,16.275,16.82,15.57
PRPO,2021-09-16,17.07625,17.91,15.65
PRPO,2021-09-17,16.7997916666667,17.53,15.52
PRPO,2021-09-18,15.4602083333333,16.16,14.71
PRPO,2021-09-19,16.0416666666667,16.89,14.55
PRPO,2021-09-20,17.0510416666667,18.14,16.24
PRPO,2021-09-21,15.6704166666667,16.19,14.62
PRPO,2021-09-22,14.955,15.94,14.23
PRPO,2021-09-23,14.8195833333333,15.63,13.92
PRPO,2021-09-24,15.0977083333333,15.81,14.09
PRPO,2021-09-25,14.0558333333333,14.76,12.55
PRPO,2021-09-26,13.388125,14.14,12.12
PRPO,2021-09-27,14.5835416666667,15.41,13.21
PRPO,2021-09-28,15.8435416666667,16.81,14.33
PRPO,2021-09-29,17.0779166666667,17.77,15.72
PRPO,2021-09-30,18.0775,19.1,17.27
PRPO,2021-10-01,17.465625,17.79,17.09
PRPO,2021-10-02,16.9172916666667,17.3,16.06
PRPO,2021-10-03,16.745625,17.55,15.79
PRPO,2021-10-04,16.3991666666667,17.03,15.78
PRPO,2021-10-05,17.2725,19.05,15.66
PRPO,2021-10-06,16.7460416666667,17.57,16.17
PRPO,2021-10-07,16.4766666666667,17.15,15.91
PRPO,2021-10-08,16.595625,17.29,15.75
PRPO,2021-10-09,16.6845833333333,17.11,16.12
PRPO,2021-10-10,15.25,16.04,13.75
PRPO,2021-10-11,12.1947916666667,13.66,10.96
PRPO,2021-10-12,11.12875,11.79,10.24
PRPO,2021-10-13,10.0322916666667,10.42,9.44
PRPO,2021-10-14,9.35479166666667,9.59,8.64
PRPO,2021-10-15,7.893125,8.6,7.11
PRPO,2021-10-16,7.10354166666667,7.63,6.23
PRPO,2021-10-17,7.21229166666667,8,5.97
PRPO,2021-10-18,8.33645833333333,9.1,7.16
PRPO,2021-10-19,9.500625,10.2,8.3
PRPO,2021-10-20,8.42270833333333,9.42,7.15
PRPO,2021-10-21,6.03520833333333,7.03,4.91
PRPO,2021-10-22,5.13541666666667,5.68,4.69
PRPO,2021-10-23,5.29479166666667,5.64,4.82
PRPO,2021-10-24,5.2175,5.59,4.76
PRPO,2021-10-25,4.98625,5.13,4.67
PRPO,2021-10-26,5.02645833333333,5.61,4.5
PRPO,2021-10-27,5.18770833333333,5.53,4.77
PRPO,2021-10-28,5.63583333333333,5.88,5.22
PRPO,2021-10-29,5.58583333333333,6.26,5.02
PRPO,2022-05-03,3.65117647058824,3.75,3.52
PRPO,2022-05-04,5.12357142857143,6.22,3.5
PRPO,2022-05-05,7.24259259259259,8.32,5.48
PRPO,2022-05-06,9.55391304347826,10.36,7.36
PRPO,2022-05-07,11.0597916666667,11.83,9.65
PRPO,2022-05-08,12.3927083333333,12.98,11.21
PRPO,2022-05-09,14.6276595744681,16.31,12.54
PRPO,2022-05-10,13.656875,14.18,12.41
PRPO,2022-05-11,13.6372916666667,14.4,12.34
PRPO,2022-05-12,14.3335416666667,14.88,13.66
PRPO,2022-05-13,14.6089583333333,15.1,13.87
PRPO,2022-05-14,13.0427083333333,13.99,11.98
PRPO,2022-05-15,12.583125,13.24,11.69
PRPO,2022-05-16,13.383125,14.22,12
PRPO,2022-05-17,15.0362790697674,16.57,13.22
PRPO,2022-05-18,14.14875,14.66,13.54
PRPO,2022-05-19,14.611875,15.28,13.51
PRPO,2022-05-20,13.7060416666667,14.41,12.42
PRPO,2022-05-21,11.535,12.4,10.53
PRPO,2022-05-22,10.5664583333333,10.89,9.86
PRPO,2022-05-23,11.2289583333333,12.35,9.8
PRPO,2022-05-24,12.0310416666667,12.8,10.97
PRPO,2022-05-25,13.0266666666667,13.65,11.78
PRPO,2022-05-26,15.0614583333333,16.48,13.08
PRPO,2022-05-27,16.4654347826087,18.88,14.77
PRPO,2022-05-28,17.9864583333333,18.91,16.14
PRPO,2022-05-29,18.5954166666667,19.93,17.31
PRPO,2022-05-30,19.7944680851064,20.93,18.31
PRPO,2022-05-31,17.8147916666667,19.02,15.74
PRPO,2022-06-01,15.0625,15.64,14.23
PRPO,2022-06-02,15.0029166666667,15.66,14.04
PRPO,2022-06-03,15.1352083333333,15.81,14.38
PRPO,2022-06-04,15.8575,16.61,14.43
PRPO,2022-06-05,18.0953191489362,19.78,15.65
PRPO,2022-06-06,18.0439583333333,19.19,16.67
PRPO,2022-06-07,17.3052083333333,17.91,16.59
PRPO,2022-06-08,17.8527083333333,19.31,17.04
PRPO,2022-06-09,19.5737777777778,21.31,17.31
PRPO,2022-06-10,20.15875,21.38,18.76
PRPO,2022-06-11,20.3910416666667,21.19,19.36
PRPO,2022-06-12,21.3683333333333,22.54,19.76
PRPO,2022-06-13,22.1435416666667,23.5,21.18
PRPO,2022-06-14,22.6445833333333,23.47,21.4
PRPO,2022-06-15,22.2770212765957,23.01,21.08
PRPO,2022-06-16,20.3095652173913,21.47,18.41
PRPO,2022-06-17,18.9766666666667,19.54,18.21
PRPO,2022-06-18,20.6041666666667,21.91,18.94
PRPO,2022-06-19,21.7222916666667,22.68,19.74
PRPO,2022-06-20,23.78625,24.76,21.93
PRPO,2022-06-21,23.4575,24.09,21.86
PRPO,2022-06-22,21.6331818181818,22.13,20.86
PRPO,2022-06-23,22.491875,23.71,20.77
PRPO,2022-06-24,25.346170212766,28.44,22.1
PRPO,2022-06-25,24.4404166666667,26.16,22.43
PRPO,2022-06-26,20.5308333333333,22.33,18.41
PRPO,2022-06-27,19.0654166666667,19.64,18.23
PRPO,2022-06-28,20.4435416666667,21.74,18.77
PRPO,2022-06-29,21.0604347826087,23.03,19.84
PRPO,2022-06-30,21.0289130434783,23.56,19.4
PRPO,2022-07-01,21.33375,21.94,20.66
PRPO,2022-07-02,21.963125,23.17,20.6
PRPO,2022-07-03,22.578125,23.36,21.43
PRPO,2022-07-04,24.3439583333333,25.69,22.25
PRPO,2022-07-05,25.4225,27.22,23.62
PRPO,2022-07-06,24.4660416666667,24.91,23.87
PRPO,2022-07-07,26.8348936170213,29.3,23.83
PRPO,2022-07-08,24.2175,25.68,22.99
PRPO,2022-07-09,25.2926666666667,27.58,22.97
PRPO,2022-07-10,24.743125,25.47,23.76
PRPO,2022-07-11,25.0841666666667,25.87,24.27
PRPO,2022-07-12,24.17,24.23,24.13
PRPO,2022-07-14,25.2469230769231,26.29,23.98
PRPO,2022-07-15,23.418125,23.92,23.02
PRPO,2022-07-16,25.8439583333333,27.91,23.02
PRPO,2022-07-17,26.70125,28.89,24.54
PRPO,2022-07-18,27.575,29.3,25.56
PRPO,2022-07-19,27.20375,28.42,26.19
PRPO,2022-07-20,24.4410416666667,25.96,22.97
PRPO,2022-07-21,23.6882978723404,24.63,22.87
PRPO,2022-07-22,23.695,25.31,22.65
PRPO,2022-07-23,24.63375,26.48,23.01
PRPO,2022-07-24,23.96625,24.56,22.99
PRPO,2022-07-25,23.3175,23.99,22.67
PRPO,2022-07-26,23.3064583333333,23.96,22.54
PRPO,2022-07-27,23.068125,23.63,22.23
PRPO,2022-07-28,22.0589583333333,22.65,21.01
PRPO,2022-07-29,21.2464583333333,21.77,20.68
PRPO,2022-07-30,22.27375,23.8,20.56
PRPO,2022-07-31,23.64,25.3,21.62
PRPO,2022-08-01,22.7102083333333,23.15,22.11
PRPO,2022-08-02,23.0122916666667,24.17,21.91
PRPO,2022-08-03,23.3784444444444,24.8,21.79
PRPO,2022-08-04,22.339375,23.04,21.64
PRPO,2022-08-05,22.8108333333333,23.67,21.72
PRPO,2022-08-06,23.685,24.66,22.55
PRPO,2022-08-07,22.0558333333333,22.77,21.18
PRPO,2022-08-08,20.7716666666667,21.23,19.53
PRPO,2022-08-09,21.0627083333333,22.3,19.26
PRPO,2022-08-10,21.9260416666667,22.93,20.63
PRPO,2022-08-11,22.5404166666667,23.74,21.41
PRPO,2022-08-12,21.2345833333333,21.65,20.43
PRPO,2022-08-13,20.4245833333333,20.53,20.25
PRPO,2022-08-14,21.5610416666667,22.63,20.22
PRPO,2022-08-15,22.609375,23.69,21.3
PRPO,2022-08-16,22.9602127659574,23.82,22.06
PRPO,2022-08-17,23.3584444444444,25.36,21.93
PRPO,2022-08-18,24.28625,25.74,22.42
PRPO,2022-08-19,22.6129166666667,23.24,21.71
PRPO,2022-08-20,21.870625,22.37,21.44
PRPO,2022-08-21,22.92375,24.63,21.33
PRPO,2022-08-22,23.0802083333333,24.41,22.02
PRPO,2022-08-23,23.2464583333333,24.09,22.34
PRPO,2022-08-24,23.6927083333333,24.68,22.54
PRPO,2022-08-25,22.9283333333333,23.42,22.01
PRPO,2022-08-26,22.4589583333333,23.3,21.71
PRPO,2022-08-27,21.2375,21.89,20.33
PRPO,2022-08-28,21.5575,22.56,20.21
PRPO,2022-08-29,20.9904166666667,21.62,19.5
PRPO,2022-08-30,19.4297916666667,19.91,18.71
PRPO,2022-08-31,19.625,20.82,18.47
PRPO,2022-09-01,21.0791666666667,22.59,19.29
PRPO,2022-09-02,21.7017021276596,22.67,20.65
PRPO,2022-09-03,20.8666666666667,21.33,20.13
PRPO,2022-09-04,20.7222916666667,21.72,19.76
PRPO,2022-09-05,19.943125,20.67,19.01
PRPO,2022-09-06,20.08,21.04,18.96
PRPO,2022-09-07,20.445625,21.05,19.7
PRPO,2022-09-08,21.0790476190476,21.84,19.76
PRPO,2022-09-09,20.1805263157895,20.89,19.29
PRPO,2022-09-10,18.6710416666667,19.22,17.63
PRPO,2022-09-11,17.705625,18.32,16.92
PRPO,2022-09-12,17.655625,18.59,16.73
PRPO,2022-09-13,17.8189583333333,18.51,16.9
PRPO,2022-09-14,17.0458333333333,17.59,16.1
PRPO,2022-09-15,16.4964583333333,16.81,15.93
PRPO,2022-09-16,16.248125,16.57,15.64
PRPO,2022-09-17,15.5754166666667,15.77,15.32
PRPO,2022-09-18,15.3139583333333,15.71,14.85
PRPO,2022-09-19,16.410625,17.33,14.92
PRPO,2022-09-20,17.6052083333333,18.58,16.27
PRPO,2022-09-21,17.344375,18.13,15.74
PRPO,2022-09-22,15.1933333333333,15.66,14.48
PRPO,2022-09-23,14.4335416666667,15.03,13.89
PRPO,2022-09-24,14.0822916666667,14.45,13.67
PRPO,2022-09-25,14.1870833333333,14.86,13.56
PRPO,2022-09-26,13.603125,14.08,13.1
PRPO,2022-09-27,13.6054166666667,14.48,13
PRPO,2022-09-28,13.2985416666667,14.07,12.3
PRPO,2022-09-29,12.879375,13.47,12.26
PRPO,2022-09-30,13.46,14.31,12.4
PRPO,2022-10-01,13.925,14.29,13.28
PRPO,2022-10-02,13.8460416666667,14.22,13.39
PRPO,2022-10-03,14.00125,14.59,13.24
PRPO,2022-10-04,14.9446808510638,16.36,14.03
PRPO,2022-10-05,15.0977083333333,15.74,14.28
PRPO,2022-10-06,14.9908333333333,16,13.17
PRPO,2022-10-07,11.9233333333333,12.89,10.76
PRPO,2022-10-08,10.4110416666667,11.11,9.17
PRPO,2022-10-09,9.78604166666667,10.33,8.76
PRPO,2022-10-10,10.0697916666667,10.63,9.37
PRPO,2022-10-11,10.6660416666667,11.5,9.62
PRPO,2022-10-12,10.7610416666667,11.35,9.88
PRPO,2022-10-13,9.04825,9.83,8.02
PRPO,2022-10-18,4.13297297297297,4.41,3.63
PRPO,2022-10-19,4.13895833333333,4.75,3.16
PRPO,2022-10-20,4.59895833333333,5.34,3.15
PRPO,2022-10-21,5.7975,6.4,4.73
PRPO,2022-10-22,6.27,6.48,5.82
PRPO,2022-10-23,6.59791666666667,6.92,6.27
PRPO,2022-10-24,7.52458333333333,8.42,6.24
PRPO,2022-10-25,6.91791666666667,8.26,5.75
PRPO,2022-10-26,5.689375,6.22,5.22
PRPO,2022-10-27,5.71833333333333,6.28,5.17
PRPO,2022-10-28,6.14520833333333,6.65,5.32
PRPO,2022-10-29,6.19395833333333,6.75,5.43
PRPO,2022-10-30,6.33145833333333,6.71,5.94
PRPO,2022-10-31,6.403125,7.16,5.79
PRPO,2022-11-01,6.22666666666667,6.55,5.65
PRPO,2022-11-02,6.73125,7.23,5.87
PRPO,2022-11-03,7.325,7.9,6.67
PRPO,2022-11-04,6.17958333333333,6.75,5.71
PRPO,2023-05-10,12.2994736842105,12.43,12.06
PRPO,2023-05-11,14.6747916666667,15.97,12.02
PRPO,2023-05-12,16.90125,17.72,15.19
PRPO,2023-05-13,17.785625,18.57,16.8
PRPO,2023-05-14,17.3427083333333,17.76,16.63
PRPO,2023-05-15,18.0572916666667,19.07,16.58
PRPO,2023-05-16,18.7134042553191,19.72,17.47
PRPO,2023-05-17,18.3891666666667,19.07,17.58
PRPO,2023-05-18,18.1425,19,16.97
PRPO,2023-05-19,15.336458333333301,16.9,13.4
PRPO,2023-05-20,14.44375,15.33,13.21
PRPO,2023-05-21,15.6479166666667,16.54,14.14
PRPO,2023-05-22,17.3815217391304,18.52,15.7
PRPO,2023-05-23,18.706875,19.61,17.16
PRPO,2023-05-24,20.3880952380952,22.39,18.8
PRPO,2023-05-25,20.5427083333333,21.23,19.74
PRPO,2023-05-26,20.5110416666667,21.38,19.62
PRPO,2023-05-27,20.723125,21.32,20
PRPO,2023-05-28,20.5710416666667,21.31,19.85
PRPO,2023-05-29,20.7033333333333,21.34,19.7
PRPO,2023-05-30,21.40125,22.38,20.39
PRPO,2023-05-31,22.011875,22.75,20.86
PRPO,2023-06-01,22.1070833333333,22.8,21.49
PRPO,2023-06-02,23.0558333333333,24.35,21.44
PRPO,2023-06-03,24.0608333333333,25.07,22.62
PRPO,2023-06-04,24.9491666666667,25.79,23.7
PRPO,2023-06-05,26.2214583333333,27.81,24.75
PRPO,2023-06-06,26.3341176470588,27.54,25.21
PRPO,2023-06-07,28.0144444444444,29.06,26.83
PRPO,2023-06-08,27.7886046511628,29.52,26.69
PRPO,2023-06-09,26.8085416666667,28.02,25.63
PRPO,2023-06-10,26.1866666666667,28.07,24.57
PRPO,2023-06-11,23.731875,24.48,22.54
PRPO,2023-06-12,23.174375,24.11,22.44
PRPO,2023-06-13,22.9157446808511,23.72,22.25
PRPO,2023-06-14,23.1652173913043,24.14,22.13
PRPO,2023-06-15,23.9311111111111,25.2,22.61
PRPO,2023-06-16,23.10875,23.8,22.41
PRPO,2023-06-17,22.0666666666667,22.49,21.51
PRPO,2023-06-18,22.4191489361702,23.52,21.47
PRPO,2023-06-19,22.8420833333333,23.64,21.84
PRPO,2023-06-20,23.4227083333333,24.49,22.02
PRPO,2023-06-21,24.25875,25.11,23.29
PRPO,2023-06-22,23.7858333333333,24.21,23.11
PRPO,2023-06-23,22.8297916666667,23.16,22.25
PRPO,2023-06-24,21.41375,22.21,20.37
PRPO,2023-06-25,18.5914583333333,20.29,17.37
PRPO,2023-06-26,18.45,19.12,17.31
PRPO,2023-06-27,20.89575,22.76,18.62
PRPO,2023-06-28,21.301875,22.2,20.42
PRPO,2023-06-29,22.53,24.3,20.84
PRPO,2023-06-30,22.6804255319149,23.44,21.51
PRPO,2023-07-01,24.2746153846154,26.91,22.22
PRPO,2023-07-02,26.3467567567568,28.13,24
PRPO,2023-07-03,25.9108333333333,27.2,24.49
PRPO,2023-07-04,24.715,25.46,23.75
PRPO,2023-07-05,23.47,24.28,22
PRPO,2023-07-06,21.9085416666667,22.35,21.11
PRPO,2023-07-07,21.540625,22.25,20.76
PRPO,2023-07-08,21.4585416666667,22.04,20.81
PRPO,2023-07-09,21.6539583333333,22.47,20.61
PRPO,2023-07-10,21.9622916666667,22.87,20.48
PRPO,2023-07-11,22.2264583333333,23,21.42
PRPO,2023-07-12,20.4391666666667,21.36,19.38
PRPO,2023-07-13,19.7536956521739,20.41,19.25
PRPO,2023-07-14,20.573125,21.31,19.33
PRPO,2023-07-15,20.7860416666667,21.26,20.25
PRPO,2023-07-16,20.561875,21.04,20.01
PRPO,2023-07-17,20.259375,20.76,19.69
PRPO,2023-07-18,20.925,22.4,19.6
PRPO,2023-07-19,21.2268085106383,21.64,20.64
PRPO,2023-07-20,21.0458333333333,21.46,20.34
PRPO,2023-07-21,21.5014583333333,22.51,20.28
PRPO,2023-07-22,22.2547826086957,23.25,21.08
PRPO,2023-07-23,22.7789583333333,23.41,21.74
PRPO,2023-07-24,24.0305555555556,26.36,22.49
PRPO,2023-07-25,25.6708333333333,26.94,23.92
PRPO,2023-07-26,24.814375,25.07,24.21
PRPO,2023-07-27,26.0847222222222,28.84,24.1
PRPO,2023-07-28,26.1518181818182,27.04,25.23
PRPO,2023-07-29,24.7514583333333,25.35,23.81
PRPO,2023-07-30,24.1966666666667,25.26,23.37
PRPO,2023-07-31,23.8975,24.84,23.14
PRPO,2023-08-01,23.8720833333333,24.54,23.09
PRPO,2023-08-02,24.9128571428571,28.11,23.64
PRPO,2023-08-03,25.6925806451613,28.56,23.66
PRPO,2023-08-04,26.6531914893617,28.42,25.41
PRPO,2023-08-05,24.7522916666667,25.38,23.8
PRPO,2023-08-06,23.3066666666667,23.79,22.54
PRPO,2023-08-07,23.018125,23.55,22.45
PRPO,2023-08-08,23.3675,24.5,22.48
PRPO,2023-08-09,22.8689583333333,23.47,22.27
PRPO,2023-08-10,22.5979545454545,23.75,21.47
PRPO,2023-08-11,21.2410416666667,21.67,20.83
PRPO,2023-08-12,21.0925,21.55,20.56
PRPO,2023-08-13,21.2152083333333,21.77,20.41
PRPO,2023-08-14,20.369375,20.93,19.68
PRPO,2023-08-15,20.8239130434783,21.97,19.59
PRPO,2023-08-16,21.41875,22.27,20.29
PRPO,2023-08-17,20.6697916666667,21.35,19.33
PRPO,2023-08-18,20.1884444444444,21.29,19.15
PRPO,2023-08-19,20.87625,21.82,19.4
PRPO,2023-08-20,21.5045833333333,22.08,20.79
PRPO,2023-08-21,19.9777083333333,20.74,19.04
PRPO,2023-08-22,18.7852083333333,19.02,18.48
PRPO,2023-08-23,19.050625,19.61,18.44
PRPO,2023-08-24,20.124347826087,20.98,18.92
PRPO,2023-08-25,21.426875,25.43,19.92
PRPO,2023-08-26,21.246875,21.88,20.54
PRPO,2023-08-27,21.4993333333333,22.69,20.39
PRPO,2023-08-28,21.5704166666667,22.3,20.44
PRPO,2023-08-29,21.8952083333333,22.38,21.24
PRPO,2023-08-30,22.015625,22.72,21.33
PRPO,2023-08-31,21.7422916666667,22.7,20.92
PRPO,2023-09-01,21.524375,22.12,20.8
PRPO,2023-09-02,21.8060416666667,22.58,20.73
PRPO,2023-09-03,22.9766666666667,23.93,21.64
PRPO,2023-09-04,23.5022916666667,24.33,22.48
PRPO,2023-09-05,23.7954761904762,25.32,22.99
PRPO,2023-09-06,21.189375,23.13,19.63
PRPO,2023-09-07,20.1262222222222,21.36,19.29
PRPO,2023-09-08,19.5404166666667,20.02,18.92
PRPO,2023-09-09,19.325625,19.8,18.7
PRPO,2023-09-10,18.7689583333333,19.04,18.21
PRPO,2023-09-11,19.286,21.03,18.05
PRPO,2023-09-12,18.104375,18.55,17.26
PRPO,2023-09-13,17.5429166666667,18.57,16.67
PRPO,2023-09-14,17.2370833333333,17.94,16.34
PRPO,2023-09-15,17.6170833333333,18.15,16.98
PRPO,2023-09-16,17.248125,17.67,16.69
PRPO,2023-09-17,16.79875,17.3,16.27
PRPO,2023-09-18,17.0272916666667,17.86,16.2
PRPO,2023-09-19,17.3495833333333,17.88,16.47
PRPO,2023-09-20,17.9277272727273,19.57,17.2
PRPO,2023-09-21,17.6095833333333,18.11,17.02
PRPO,2023-09-22,17.1097916666667,17.26,16.87
PRPO,2023-09-23,16.8058333333333,16.93,16.68
PRPO,2023-09-24,16.8016666666667,17.06,16.62
PRPO,2023-09-25,17.0939583333333,17.46,16.58
PRPO,2023-09-26,17.2095833333333,17.66,16.91
PRPO,2023-09-27,17.1366666666667,17.54,16.73
PRPO,2023-09-28,16.8983333333333,17.39,16.34
PRPO,2023-09-29,16.7608333333333,17.15,16.3
PRPO,2023-09-30,16.9297916666667,17.89,16.33
PRPO,2023-10-01,17.1445833333333,17.47,16.34
PRPO,2023-10-02,18.3754166666667,19.04,17.36
PRPO,2023-10-03,18.3077083333333,18.58,17.97
PRPO,2023-10-04,18.0402083333333,18.72,16.96
PRPO,2023-10-05,16.425,16.94,15.17
PRPO,2023-10-06,13.478125,15.09,11.42
PRPO,2023-10-07,10.4410416666667,11.33,9.48
PRPO,2023-10-08,9.78854166666667,10.28,9.25
PRPO,2023-10-09,10.2004166666667,10.63,9.54
PRPO,2023-10-10,10.525,11.31,9.94
PRPO,2023-10-11,10.7045833333333,11.44,10
PRPO,2023-10-12,10.2891666666667,10.69,9.94
PRPO,2023-10-13,9.77145833333333,10.22,9.07
PRPO,2023-10-14,8.82729166666667,9.06,8.53
PRPO,2023-10-15,8.65104166666667,8.88,8.4
PRPO,2023-10-16,8.68395833333333,9.14,8.24
PRPO,2023-10-17,9.05604166666667,9.49,8.28
PRPO,2023-10-18,9.720625,10.03,9.09
PRPO,2023-10-19,9.71229166666667,9.87,9.57
PRPO,2023-10-20,10.1372916666667,10.55,9.5
PRPO,2023-10-21,10.560625,11.17,9.99
PRPO,2023-10-22,10.14875,10.45,9.8
PRPO,2023-10-23,10.1635416666667,10.58,9.82
PRPO,2023-10-24,9.85625,10.18,9.25
PRPO,2023-10-25,8.8575,9.2,8.52
PRPO,2023-10-26,7.721875,8.48,6.56
PRPO,2023-10-27,5.92041666666667,6.52,5.28
PRPO,2024-04-25,9.622,10.07,9.11
PRPO,2024-04-26,10.5845833333333,11.35,8.94
PRPO,2024-04-27,10.5375,10.96,9.87
PRPO,2024-04-28,9.53297872340426,9.83,8.97
PRPO,2024-04-29,8.349375,8.92,7.65
PRPO,2024-04-30,7.82375,8.03,7.6
PRPO,2024-05-01,7.68125,7.81,7.41
PRPO,2024-05-02,8.8145652173913,9.69,7.36
PRPO,2024-05-03,8.84125,9.12,8.06
PRPO,2024-05-04,8.62895833333333,9.03,7.89
PRPO,2024-05-05,9.13541666666667,9.56,8.37
PRPO,2024-05-06,10.66,11.66,9.11
PRPO,2024-05-07,11.23375,11.59,10.71
PRPO,2024-05-08,11.7370833333333,11.98,11.43
PRPO,2024-05-09,12.7502083333333,13.6,11.37
PRPO,2024-05-10,13.8351063829787,14.62,12.65
PRPO,2024-05-11,14.4004166666667,14.91,13.59
PRPO,2024-05-12,15.338125,16.05,14.1
PRPO,2024-05-13,15.760625,16.34,15.16
PRPO,2024-05-14,16.3034042553191,17.39,15.08
PRPO,2024-05-15,15.655,15.7,15.62
PRPO,2024-05-17,16.5264516129032,16.97,16.12
PRPO,2024-05-18,17.7252272727273,19.98,16.1
PRPO,2024-05-19,16.098125,16.56,15.23
PRPO,2024-05-20,15.07375,15.44,14.44
PRPO,2024-05-21,15.205625,15.7,14.4
PRPO,2024-05-22,15.3135416666667,15.7,14.84
PRPO,2024-05-23,15.7908333333333,16.52,14.7
PRPO,2024-05-24,15.323125,15.7,14.78
PRPO,2024-05-25,12.8248780487805,14.75,11.25
PRPO,2024-05-26,12.7964583333333,14.08,11.19
PRPO,2024-05-27,14.2784782608696,15.45,13.1
PRPO,2024-05-28,14.602083333333301,15.17,13.69
PRPO,2024-05-29,15.1329166666667,15.83,14.39
PRPO,2024-05-30,15.8383333333333,16.79,14.49
PRPO,2024-05-31,16.1785106382979,16.81,15.62
PRPO,2024-06-01,16.3944680851064,17.04,15.52
PRPO,2024-06-02,16.9585416666667,17.87,15.73
PRPO,2024-06-03,16.0094736842105,17.31,14.48
PRPO,2024-06-04,17.9770454545455,19.67,15.62
PRPO,2024-06-05,17.08375,17.79,16.31
PRPO,2024-06-06,16.5741666666667,17.16,15.79
PRPO,2024-06-07,15.8935416666667,16.33,15.45
PRPO,2024-06-08,16.224375,16.73,15.44
PRPO,2024-06-09,16.99125,17.65,15.78
PRPO,2024-06-10,17.976875,18.51,16.92
PRPO,2024-06-11,17.81625,18.16,17.36
PRPO,2024-06-12,18.450625,19.21,17.29
PRPO,2024-06-13,19.65,20.4,18.47
PRPO,2024-06-14,19.9354166666667,20.38,19.34
PRPO,2024-06-15,20.8383333333333,21.88,19.52
PRPO,2024-06-16,20.976875,21.58,20.02
PRPO,2024-06-17,20.8241666666667,21.28,20.06
PRPO,2024-06-18,19.8408333333333,20.65,18.54
PRPO,2024-06-19,17.805625,18.5,16.9
PRPO,2024-06-20,19.0112765957447,21.29,16.87
PRPO,2024-06-21,19.053125,20.09,18.01
PRPO,2024-06-22,18.9302083333333,19.19,18.58
PRPO,2024-06-23,19.6037777777778,20.69,18.75
PRPO,2024-06-24,23.08,25.95,19.67
PRPO,2024-06-25,22.4376595744681,23.63,20.5
PRPO,2024-06-26,22.3077083333333,23.16,21.14
PRPO,2024-06-27,21.4189583333333,22.05,20.77
PRPO,2024-06-28,20.0564583333333,20.71,19.6
PRPO,2024-06-29,20.0110416666667,20.61,19.29
PRPO,2024-06-30,19.3272916666667,19.85,18.86
PRPO,2024-07-01,19.31875,20.04,18.79
PRPO,2024-07-02,19.0441666666667,19.31,18.7
PRPO,2024-07-03,19.416875,19.98,18.61
PRPO,2024-07-04,20.196875,20.84,19.04
PRPO,2024-07-05,19.991875,20.98,19.41
PRPO,2024-07-06,20.7354166666667,21.67,19.37
PRPO,2024-07-07,20.9547916666667,21.43,20.34
PRPO,2024-07-08,21.263125,22.25,20.16
PRPO,2024-07-09,22.6545454545455,24.01,20.61
PRPO,2024-07-10,23.7636363636364,25.76,21.8
PRPO,2024-07-11,25.9690697674419,28.8,22.69
PRPO,2024-07-12,24.385,25.15,20.38
PRPO,2024-07-13,24.9686956521739,26.77,23.78
PRPO,2024-07-14,25.1127659574468,27.35,23.98
PRPO,2024-07-15,26.503829787234,29.16,24.52
PRPO,2024-07-16,24.64,25.11,24.19
PRPO,2024-07-17,24.6910416666667,25.46,23.82
PRPO,2024-07-18,24.971875,26.69,23.7
PRPO,2024-07-19,24.8327083333333,25.87,23.7
PRPO,2024-07-20,26.32,28.09,24.34
PRPO,2024-07-21,26.619375,28,25.4
PRPO,2024-07-22,26.8491666666667,28.8,25.44
PRPO,2024-07-23,26.79875,28.05,25.8
PRPO,2024-07-24,26.1241666666667,26.85,25.33
PRPO,2024-07-25,25.1833333333333,25.75,24.43
PRPO,2024-07-26,25.2760869565217,26.02,24.31
PRPO,2024-07-27,25.06125,25.47,24.52
PRPO,2024-07-28,25.265625,25.96,24.33
PRPO,2024-07-29,25.5582608695652,26.11,25.13
PRPO,2024-07-30,25.7716666666667,27.08,24.64
PRPO,2024-07-31,25.6539583333333,26.38,24.62
PRPO,2024-08-01,25.5672916666667,26.18,25.06
PRPO,2024-08-02,26.2633333333333,27.2,24.98
PRPO,2024-08-03,26.9372916666667,28.08,25.68
PRPO,2024-08-04,25.9639583333333,26.57,24.74
PRPO,2024-08-05,23.8872916666667,24.68,22.77
PRPO,2024-08-06,21.81125,22.69,21.09
PRPO,2024-08-07,21.5475,22.04,21
PRPO,2024-08-08,20.5868181818182,21.1,19.25
PRPO,2024-08-09,18.56375,19.2,17.86
PRPO,2024-08-10,18.099375,18.48,17.74
PRPO,2024-08-11,19.5688888888889,21.65,17.75
PRPO,2024-08-12,20.6479166666667,22.22,18.84
PRPO,2024-08-13,21.2895833333333,22.2,20.04
PRPO,2024-08-14,20.8002083333333,21.4,20.23
PRPO,2024-08-15,20.189375,20.29,19.96
PRPO,2024-08-16,20.07625,20.39,19.73
PRPO,2024-08-17,20.3564583333333,20.84,19.7
PRPO,2024-08-18,21.7110416666667,23.3,20.18
PRPO,2024-08-19,22.9908333333333,24.24,21.35
PRPO,2024-08-20,23.355625,24.25,22.38
PRPO,2024-08-21,22.391875,22.84,21.53
PRPO,2024-08-22,21.3354166666667,21.54,20.95
PRPO,2024-08-23,21.8527083333333,22.56,20.82
PRPO,2024-08-24,23.016875,23.83,21.71
PRPO,2024-08-25,23.2366666666667,23.69,22.59
PRPO,2024-08-26,23.97,24.71,23.16
PRPO,2024-08-27,22.771875,23.3,21.84
PRPO,2024-08-28,21.8997916666667,22.67,21.19
PRPO,2024-08-29,21.2229166666667,21.66,20.76
PRPO,2024-08-30,20.668125,21.28,19.42
PRPO,2024-08-31,20.029375,20.69,19.19
PRPO,2024-09-01,19.8772916666667,20.37,19.39
PRPO,2024-09-02,20.5954166666667,22.19,19.25
PRPO,2024-09-03,20.0052083333333,20.52,19.45
PRPO,2024-09-04,20.3820833333333,20.97,19.55
PRPO,2024-09-05,20.2877083333333,20.57,19.69
PRPO,2024-09-06,19.3124324324324,19.67,18.45
PRPO,2024-09-07,18.8283333333333,19.41,18.25
PRPO,2024-09-08,18.9229166666667,19.9,18.14
PRPO,2024-09-09,19.580625,21.34,17.95
PRPO,2024-09-10,20.0826086956522,20.72,18.98
PRPO,2024-09-11,20.1433333333333,20.68,19.67
PRPO,2024-09-12,19.95375,20.35,19.58
PRPO,2024-09-13,19.66375,20.12,19.27
PRPO,2024-09-14,18.7608333333333,19.25,18.24
PRPO,2024-09-15,19.2864583333333,20.11,18.15
PRPO,2024-09-16,20.6530434782609,21.9,19.08
PRPO,2024-09-17,20.2889583333333,20.79,19.64
PRPO,2024-09-18,21.7408333333333,22.83,20.12
PRPO,2024-09-19,21.2258333333333,21.72,20.61
PRPO,2024-09-20,19.9152083333333,20.57,18.84
PRPO,2024-09-21,19.0125,19.5,18.54
PRPO,2024-09-22,17.83375,18.53,16.89
PRPO,2024-09-23,17.2658333333333,17.86,16.65
PRPO,2024-09-24,16.4779166666667,16.73,16.04
PRPO,2024-09-25,16.4577083333333,16.87,15.91
PRPO,2024-09-26,16.9308333333333,17.63,16.13
PRPO,2024-09-27,17.3333333333333,18.06,16.45
PRPO,2024-09-28,18.1384444444444,20.1,16.93
PRPO,2024-09-29,17.8185416666667,18.45,17.05
PRPO,2024-09-30,17.7877083333333,18.31,17.22
PRPO,2024-10-01,15.9110416666667,17.22,14.36
PRPO,2024-10-02,13.8358333333333,14.27,13.15
PRPO,2024-10-03,13.4677083333333,13.86,12.9
PRPO,2024-10-04,13.0935416666667,13.51,12.45
PRPO,2024-10-05,12.5352083333333,13,12.12
PRPO,2024-10-06,11.76,12.34,10.64
PRPO,2024-10-07,10.8629166666667,11.19,10.45
PRPO,2024-10-08,12.0069047619048,13.88,10.41
PRPO,2024-10-09,12.0229166666667,12.88,11.2
PRPO,2024-10-10,13.1076744186047,15.29,11.72
PRPO,2024-10-11,12.9789583333333,13.53,12.35
PRPO,2024-10-12,12.8941666666667,13.24,12.48
PRPO,2024-10-13,12.7047916666667,13.28,11.84
PRPO,2024-10-14,11.4825,11.84,10.93
PRPO,2024-10-15,11.0125,11.54,10.34
PRPO,2024-10-16,9.77666666666667,10.31,8.81
PRPO,2024-10-17,8.893125,9.22,8.52
PRPO,2024-10-18,9.213125,9.64,8.57
PRPO,2024-10-19,9.02854166666667,9.18,8.85
PRPO,2024-10-20,9.263125,9.7,8.82
PRPO,2024-10-21,9.76479166666667,10.34,8.95
PRPO,2024-10-22,10.8389583333333,11.92,9.81
PRPO,2024-10-23,9.79604166666667,10.38,8.99
PRPO,2024-10-24,9.16520833333333,9.54,8.83
PRPO,2024-10-25,8.989375,9.33,8.37
PRPO,2024-10-26,8.36625,8.72,8.08
PRPO,2024-10-27,8.14854166666667,8.44,7.84
PRPO,2024-10-28,8.41681818181818,8.85,7.75
PRPO,2024-10-29,8.40229166666667,8.69,8.13
PRPO,2024-10-30,8.34729166666667,8.54,8.07
PRPO,2024-10-31,7.79625,8.1,7.15
PRPO,2024-11-01,6.97791666666667,7.3,6.26
PRPO,2024-11-02,5.79395833333333,6.25,5.47
PRPO,2024-11-03,5.555,5.71,5.45
PRPO,2024-11-04,6.01104166666667,6.18,5.65
PRPO,2024-11-05,5.895,6.12,5.71
PRPO,2025-04-22,9.74064516129032,10.55,9.23
PRPO,2025-04-23,9.749375,10.34,9.16
PRPO,2025-04-24,9.54270833333333,10,8.86
PRPO,2025-04-25,9.87770833333333,10.28,9.44
PRPO,2025-04-26,10.5125,11.32,9.36
PRPO,2025-04-27,10.2220833333333,10.53,9.83
PRPO,2025-04-28,10.3291666666667,10.59,9.81
PRPO,2025-04-29,9.33145833333333,10.52,8.26
PRPO,2025-04-30,9.270625,10.14,8.23
PRPO,2025-05-01,9.630625,9.84,9.16
PRPO,2025-05-02,10.44875,11,9.39
PRPO,2025-05-03,11.2102083333333,11.81,10.26
PRPO,2025-05-04,12.5877083333333,13.88,10.98
PRPO,2025-05-05,13.6647916666667,14.55,12.45
PRPO,2025-05-06,14.706875,15.74,13.49
PRPO,2025-05-07,14.3820833333333,14.89,13.74
PRPO,2025-05-08,15.1597916666667,16.34,13.6
PRPO,2025-05-09,15.615,16.18,14.72
PRPO,2025-05-10,16.2989583333333,16.95,15.47
PRPO,2025-05-11,16.2402083333333,16.86,15.26
PRPO,2025-05-12,17.315,18.13,16.12
PRPO,2025-05-13,18.278125,19.57,16.97
PRPO,2025-05-14,19.2204166666667,19.97,17.96
PRPO,2025-05-15,19.9710416666667,21.05,18.65
PRPO,2025-05-16,18.0083333333333,18.57,16.58
PRPO,2025-05-17,13.8227083333333,16.47,11.42
PRPO,2025-05-18,10.7995833333333,11.32,10.2
PRPO,2025-05-19,9.89875,10.18,9.32
PRPO,2025-05-20,8.795625,9.29,8.27
PRPO,2025-05-21,7.970625,8.24,7.6
PRPO,2025-05-22,7.84354166666667,8.01,7.55
PRPO,2025-05-23,9.38375,10.18,7.82
PRPO,2025-05-24,11.9973913043478,13.52,9.73
PRPO,2025-05-25,13.623125,15.27,11.88
PRPO,2025-05-26,16.1586666666667,18.22,13.29
PRPO,2025-05-27,17.0708695652174,18.19,15.3
PRPO,2025-05-28,16.9145833333333,17.78,16.08
PRPO,2025-05-29,17.165625,17.86,16.13
PRPO,2025-05-30,18.440625,19.92,16.66
PRPO,2025-05-31,18.490625,19.39,17.58
PRPO,2025-06-01,18.4291666666667,19.33,17.47
PRPO,2025-06-02,19.8873333333333,21.25,18.43
PRPO,2025-06-03,18.0079166666667,18.91,16.85
PRPO,2025-06-04,17.3114583333333,17.8,16.7
PRPO,2025-06-05,17.5120833333333,18.67,16.63
PRPO,2025-06-06,18.0641666666667,19.02,17.13
PRPO,2025-06-07,19.225,20.22,17.49
PRPO,2025-06-08,18.3252083333333,18.84,17.08
PRPO,2025-06-09,15.51125,17.02,14.2
PRPO,2025-06-10,14.3541666666667,14.67,14.02
PRPO,2025-06-11,15.5779166666667,16.16,14.3
PRPO,2025-06-12,16.6845833333333,17.51,15.73
PRPO,2025-06-13,16.4229166666667,16.61,16.02
PRPO,2025-06-14,16.0189583333333,16.23,15.64
PRPO,2025-06-15,16.5947916666667,17.67,15.51
PRPO,2025-06-16,17.8997727272727,19.86,16.52
PRPO,2025-06-17,18.633125,19.59,17.51
PRPO,2025-06-18,20.2554347826087,21.2,18.63
PRPO,2025-06-19,21.3708333333333,22.21,20.11
PRPO,2025-06-20,22.68575,25.07,21.03
PRPO,2025-06-21,22.4774418604651,23.9,21.35
PRPO,2025-06-22,22.949375,23.82,21.5
PRPO,2025-06-23,21.840625,22.76,20.47
PRPO,2025-06-24,20.0389583333333,20.4,19.49
PRPO,2025-06-25,20.799375,21.91,19.39
PRPO,2025-06-26,20.444375,20.86,19.9
PRPO,2025-06-27,19.4916666666667,19.86,19.07
PRPO,2025-06-28,20.306875,21.49,19.06
PRPO,2025-06-29,21.44125,22.14,20.42
PRPO,2025-06-30,22.0879166666667,22.85,21.13
PRPO,2025-07-01,21.9283333333333,22.39,21.32
PRPO,2025-07-02,23.3711111111111,25.93,21.5
PRPO,2025-07-03,24.9778787878788,26.48,23.3
PRPO,2025-07-04,25.2670833333333,25.82,24.41
PRPO,2025-07-05,24.9544680851064,25.87,23.37
PRPO,2025-07-06,23.9295833333333,24.7,23.19
PRPO,2025-07-07,24.3684444444444,25.91,23.2
PRPO,2025-07-08,23.9516666666667,24.69,23.33
PRPO,2025-07-09,24.69375,26.39,23.21
PRPO,2025-07-10,24.5566666666667,25.34,23.67
PRPO,2025-07-11,24.4641666666667,24.97,23.8
PRPO,2025-07-12,23.5389583333333,24.2,22.45
PRPO,2025-07-13,22.8652083333333,23.57,22.24
PRPO,2025-07-14,22.9945833333333,23.52,22.12
PRPO,2025-07-15,24.0679166666667,25.31,22.83
PRPO,2025-07-16,22.134375,23.66,20.61
PRPO,2025-07-17,20.2285416666667,20.55,19.56
PRPO,2025-07-18,20.915,22.09,19.46
PRPO,2025-07-19,20.721875,21.19,20.27
PRPO,2025-07-20,21.2583333333333,22.07,20.24
PRPO,2025-07-21,21.3146808510638,22.12,20.65
PRPO,2025-07-22,23.5156756756757,26,20.95
PRPO,2025-07-23,22.29,22.72,21.72
PRPO,2025-07-24,22.2545652173913,23.32,21.57
PRPO,2025-07-25,23.2688636363636,24.31,21.95
PRPO,2025-07-26,24.0839583333333,24.65,23.17
PRPO,2025-07-27,25.9834090909091,27.99,23.98
PRPO,2025-07-28,25.7429268292683,27.4,24.66
PRPO,2025-07-29,24.8670833333333,25.39,24.09
PRPO,2025-07-30,25.0537777777778,26.26,24
PRPO,2025-07-31,23.6072916666667,24.08,22.87
PRPO,2025-08-01,23.5741666666667,24.64,22.74
PRPO,2025-08-02,23.299375,24.05,22.41
PRPO,2025-08-03,22.3629166666667,22.88,21.86
PRPO,2025-08-04,21.9352083333333,22.21,21.66
PRPO,2025-08-05,21.8877083333333,22.24,21.59
PRPO,2025-08-06,21.1166666666667,21.62,20.38
PRPO,2025-08-07,22.1014893617021,23.21,20.34
PRPO,2025-08-08,24.02,25.32,22.27
PRPO,2025-08-09,23.094375,23.7,22.26
PRPO,2025-08-10,21.671875,22.25,20.69
PRPO,2025-08-11,20.8789583333333,21.33,20.47
PRPO,2025-08-12,21.00625,21.52,20.41
PRPO,2025-08-13,21.1025,21.55,20.47
PRPO,2025-08-14,21.5810416666667,22.27,20.72
PRPO,2025-08-15,22.4,23.25,21.41
PRPO,2025-08-16,22.3269565217391,23.11,21.77
PRPO,2025-08-17,22.1597916666667,22.69,21.56
PRPO,2025-08-18,21.9964583333333,22.28,21.6
PRPO,2025-08-19,23.4385365853659,25.2,21.92
PRPO,2025-08-20,25.0204545454545,26.76,23.17
PRPO,2025-08-21,24.589375,25.5,23.79
PRPO,2025-08-22,23.6383333333333,23.95,22.96
PRPO,2025-08-23,22.6370833333333,23.54,21.1
PRPO,2025-08-24,20.5652083333333,20.98,19.63
PRPO,2025-08-25,19.5625,19.91,18.94
PRPO,2025-08-26,19.7757446808511,20.97,18.82
PRPO,2025-08-27,20.0197916666667,21.2,18.88
PRPO,2025-08-28,20.6274193548387,22.45,19.43
PRPO,2025-08-29,21.9181818181818,24.24,20.44
PRPO,2025-08-30,22.6902173913043,23.59,21.73
PRPO,2025-08-31,23.221875,24.26,22
PRPO,2025-09-01,22.9920833333333,23.64,22.31
PRPO,2025-09-02,22.49,23.25,21.48
PRPO,2025-09-03,21.2195833333333,21.62,20.28
PRPO,2025-09-04,19.36625,20.2,18.34
PRPO,2025-09-05,16.9185416666667,18.26,15.37
PRPO,2025-09-06,14.9279166666667,15.3,14.21
PRPO,2025-09-07,14.348125,14.66,13.92
PRPO,2025-09-08,14.78,15.46,13.85
PRPO,2025-09-09,15.6126666666667,16.5,14.6
PRPO,2025-09-10,17.5444680851064,18.83,15.74
PRPO,2025-09-11,18.1808333333333,19.04,17.21
PRPO,2025-09-12,18.2227083333333,18.81,17.33
PRPO,2025-09-13,19.7783333333333,21.56,18.37
PRPO,2025-09-14,19.4008510638298,19.68,19.24
PRPO,2025-09-15,19.76,20.3,19.28
PRPO,2025-09-16,19.72,20.11,19.3
PRPO,2025-09-17,20.3333333333333,21.19,19.34
PRPO,2025-09-18,19.7902083333333,20.08,19.01
PRPO,2025-09-19,18.1420833333333,18.97,17.52
PRPO,2025-09-20,17.5920833333333,17.73,17.45
PRPO,2025-09-21,17.5089583333333,17.74,17.12
PRPO,2025-09-22,18.4233333333333,19.74,17.01
PRPO,2025-09-23,18.40525,20.1,17.52
PRPO,2025-09-24,18.2485416666667,18.89,17.16
PRPO,2025-09-25,19.2411363636364,20.64,18.02
PRPO,2025-09-26,18.5172916666667,18.95,17.81
PRPO,2025-09-27,17.8916666666667,18.55,17.21
PRPO,2025-09-28,17.2514583333333,17.75,16.71
PRPO,2025-09-29,17.4340425531915,18.27,16.51
PRPO,2025-09-30,18.4614583333333,19.11,17.35
PRPO,2025-10-01,18.6525,19.04,18.27
PRPO,2025-10-02,18.7283333333333,19.09,18.23
PRPO,2025-10-03,19.3782978723404,20.41,18.44
PRPO,2025-10-04,19.289375,19.73,18.77
PRPO,2025-10-05,18.3277083333333,18.96,17.36
PRPO,2025-10-06,15.984375,17.33,14.8
PRPO,2025-10-07,14.215625,14.74,13.31
PRPO,2025-10-08,13.4944680851064,14.31,12.93
PRPO,2025-10-09,13.0114583333333,13.35,12.59
PRPO,2025-10-10,13.21625,13.85,12.67
PRPO,2025-10-11,13.4586956521739,14.8,12.71
PRPO,2025-10-12,12.8275,13.02,12.42
PRPO,2025-10-13,12.54375,13.47,10.72
PRPO,2025-10-14,10.6275,11,10.16
PRPO,2025-10-15,9.725625,10.12,9.41
PRPO,2025-10-16,9.48,9.57,9.36
PRPO,2025-10-17,9.58782608695652,9.78,9.31
PRPO,2025-10-18,9.66470588235294,10.04,9.16
SUGG,2017-08-19,29.1170833333333,29.65,28.67
SUGG,2017-08-20,31.7154545454545,35.51,28.66
SUGG,2017-08-21,29.3328125,31,28.6
SUGG,2017-08-22,29.397027027027,31.61,28.57
SUGG,2017-08-23,30.7477419354839,34.04,28.57
SUGG,2017-08-24,29.255,29.32,29.19
SUGG,2017-08-26,30.1419230769231,31.21,29.18
SUGG,2017-08-27,29.8729268292683,31.75,28.82
SUGG,2017-08-28,29.3804255319149,30.74,28.57
SUGG,2017-08-29,28.984375,30.06,28.15
SUGG,2017-08-30,30.0331578947368,33.76,28.15
SUGG,2017-08-31,29.7892592592593,34.66,28.46
SUGG,2017-09-01,30.48,33.23,28.78
SUGG,2017-09-02,30.0109302325581,32.47,28.51
SUGG,2017-09-03,28.9388888888889,30.09,27.82
SUGG,2017-09-04,31.0382857142857,34.79,27.76
SUGG,2017-09-05,29.3440540540541,31.73,28
SUGG,2017-09-06,29.9765789473684,32.4,27.97
SUGG,2017-09-07,28.6035416666667,29.78,27.49
SUGG,2017-09-08,28.3267567567568,30.34,27.32
SUGG,2017-09-09,28.0444,28.7,27.3
SUGG,2017-09-10,27.4841666666667,28.11,26.98
SUGG,2017-09-11,25.9555555555556,26.88,25.12
SUGG,2017-09-12,24.5394285714286,25.1,24.19
SUGG,2017-09-13,25.2848837209302,26.25,24.19
SUGG,2017-09-14,28.0073170731707,31.23,24.45
SUGG,2017-09-15,29.0178571428571,34.55,26.52
SUGG,2017-09-16,28.1461764705882,29.8,26.11
SUGG,2017-09-17,27.2991489361702,28.07,26.34
SUGG,2017-09-18,28.0484210526316,29.25,26.28
SUGG,2017-09-19,27.5279069767442,29.06,26.35
SUGG,2017-09-20,27.9666666666667,29.56,26.3
SUGG,2017-09-21,28.4425,31.68,26.73
SUGG,2017-09-22,27.7702702702703,29.37,26.68
SUGG,2017-09-23,27.4008888888889,28.51,26.74
SUGG,2017-09-24,27.4697916666667,28.4,26.76
SUGG,2017-09-25,27.6158536585366,28.93,26.75
SUGG,2017-09-26,28.9065714285714,30.58,26.87
SUGG,2017-09-27,29.6418181818182,31.98,27.64
SUGG,2017-09-28,29.9051162790698,31.89,27.97
SUGG,2017-09-29,28.8264285714286,32.41,27.66
SUGG,2017-09-30,28.2116216216216,29.28,27.36
SUGG,2017-10-01,27.18375,27.89,26.49
SUGG,2017-10-02,26.031875,26.55,25.47
SUGG,2017-10-03,25.799375,26.3,25.31
SUGG,2017-10-04,25.7208333333333,26.19,25.28
SUGG,2017-10-05,25.735,26.09,25.29
SUGG,2017-10-06,25.625625,25.97,25.33
SUGG,2017-10-07,27.2224324324324,29.36,25.37
SUGG,2017-10-08,27.6788636363636,28.78,26.51
SUGG,2017-10-09,27.7430434782609,28.56,26.83
SUGG,2017-10-10,28.9522222222222,32.45,27.12
SUGG,2017-10-11,29.2895,31.58,27.79
SUGG,2017-10-12,28.3258536585366,29.59,27.31
SUGG,2017-10-13,28.1427272727273,29.04,27.21
SUGG,2017-10-14,27.3136111111111,28.09,26.58
SUGG,2017-10-15,27.1691666666667,27.79,26.55
SUGG,2017-10-16,27.2778260869565,27.93,26.62
SUGG,2017-10-17,27.9961111111111,31.05,26.32
SUGG,2017-10-18,25.694375,26.64,24.65
SUGG,2017-10-19,24.8672916666667,25.36,24.45
SUGG,2017-10-20,24.6111111111111,24.93,24.25
SUGG,2017-10-21,24.974347826087,25.43,24.23
SUGG,2017-10-22,25.0158333333333,25.35,24.49
SUGG,2017-10-23,25.6169565217391,26.18,24.66
SUGG,2017-10-24,25.4459574468085,26,24.92
SUGG,2017-10-25,25.3928888888889,26.79,23.94
SUGG,2017-10-26,23.633125,24.33,22.65
SUGG,2017-10-27,22.7120833333333,23.83,21.78
SUGG,2017-10-28,22.1882978723404,22.88,21.55
SUGG,2017-10-29,22.72375,24.41,21.51
SUGG,2017-10-30,21.268125,21.99,20.25
SUGG,2017-10-31,20.153125,20.8,19.36
SUGG,2017-11-01,20.2,22.1,19.19
SUGG,2017-11-02,20.6684210526316,22.21,19.17
SUGG,2017-11-03,20.8994736842105,21.98,19.74
SUGG,2017-11-04,21.595,22.92,20.03
SUGG,2017-11-05,21.3572727272727,22.24,20.46
SUGG,2017-11-07,23.9812121212121,25.51,22.21
SUGG,2017-11-08,24.40725,26.68,22.12
SUGG,2017-11-09,24.5255555555556,27.29,22.45
SUGG,2017-11-10,23.1039130434783,24.65,21.38
SUGG,2017-11-11,20.6673333333333,21.39,19.89
SUGG,2017-11-12,20.286170212766,20.71,19.85
SUGG,2017-11-13,20.9153191489362,21.23,20.01
SUGG,2017-11-14,21.2022916666667,21.94,20.41
SUGG,2017-11-15,20.3279166666667,20.99,19.44
SUGG,2017-11-16,19.3820833333333,19.96,18.89
SUGG,2017-11-17,19.2922916666667,20.06,18.5
SUGG,2017-11-18,19.169756097561,20.12,18.46
SUGG,2017-11-19,19.6751111111111,21.09,18.45
SUGG,2017-11-20,18.8845833333333,19.72,17.9
SUGG,2017-11-21,18.51375,18.84,17.85
SUGG,2017-11-22,18.7243181818182,19.33,18.19
SUGG,2017-11-23,19.343023255814,20.3,18.28
SUGG,2017-11-24,18.57625,18.86,18.28
SUGG,2017-11-25,18.8108888888889,19.79,18.13
SUGG,2017-11-26,19.039,21.26,18.09
SUGG,2017-11-27,19.0195555555556,20.74,17.99
SUGG,2017-11-28,18.4724390243902,19.55,17.91
SUGG,2017-11-29,18.8753333333333,19.46,17.9
SUGG,2017-11-30,19.2975,19.77,18.56
SUGG,2017-12-01,19.6541860465116,20.51,18.77
SUGG,2017-12-02,21.0914285714286,25.08,18.81
SUGG,2017-12-03,20.4958695652174,22.42,19
SUGG,2017-12-04,19.47,21.15,18.62
SUGG,2017-12-05,19.6382222222222,20.37,18.57
SUGG,2017-12-06,20.6331818181818,22.04,18.96
SUGG,2017-12-07,20.1966666666667,20.95,19.33
SUGG,2017-12-08,18.7635416666667,19.27,18.17
SUGG,2017-12-09,17.63375,18.15,16.83
SUGG,2017-12-10,16.2175,16.82,15.29
SUGG,2017-12-11,15.0902083333333,16.05,14.37
SUGG,2017-12-12,14.7890909090909,15.8,14.13
SUGG,2017-12-13,14.4464583333333,14.94,13.87
SUGG,2017-12-14,14.04625,14.65,13.56
SUGG,2017-12-15,15.353,17.52,13.54
SUGG,2017-12-16,15.408085106383,16.66,14.53
SUGG,2017-12-17,14.8093617021277,15.73,14.32
SUGG,2017-12-18,15.8046511627907,17.53,14.28
SUGG,2017-12-19,17.5718604651163,18.67,15.33
SUGG,2017-12-20,19.5686046511628,21.16,18.15
SUGG,2017-12-21,18.4982978723404,19.18,16.52
SUGG,2017-12-22,19.843023255814,21.56,18.34
SUGG,2017-12-23,20,22.2,19.08
SUGG,2017-12-24,19.8631914893617,20.54,19.45
SUGG,2017-12-25,20.0202083333333,20.58,19.04
SUGG,2017-12-26,18.3,19.6,16.79
SUGG,2017-12-27,17.163023255814,18.12,16.6
SUGG,2017-12-28,16.8039583333333,17.38,16.39
SUGG,2017-12-29,16.10625,16.46,15.52
SUGG,2017-12-30,15.1036170212766,15.49,14.59
SUGG,2017-12-31,14.5233333333333,15.13,13.97
SUGG,2018-01-01,14.6402702702703,18.34,13.82
SUGG,2018-01-02,12.9470833333333,13.81,11.58
SUGG,2018-01-03,10.838125,11.51,10.14
SUGG,2018-01-04,9.60083333333333,10.11,8.87
SUGG,2018-01-05,9.111875,9.6,8.47
SUGG,2018-01-06,8.67,9.27,8.35
SUGG,2018-01-07,8.59729166666667,9.14,8.08
SUGG,2018-01-08,8.84875,9.33,8.01
SUGG,2018-01-09,9.85642857142857,10.44,8.7
SUGG,2018-01-10,10.625,11.29,10.26
SUGG,2018-01-12,16.8075,18.52,15.93
SUGG,2018-01-13,15.4376595744681,16.29,14.66
SUGG,2018-01-14,13.848085106383,14.81,12.34
SUGG,2018-01-15,12.3284782608696,12.97,11.55
SUGG,2018-01-16,11.9283333333333,12.79,11.42
SUGG,2018-01-17,12.5164102564103,13.41,11.36
SUGG,2018-01-18,11.4872972972973,12.15,10.45
SUGG,2018-01-19,10.4228571428571,11.18,9.88
SUGG,2018-01-20,11.5863333333333,14.28,9.82
SUGG,2018-01-21,11.4937837837838,13.21,9.82
SUGG,2018-01-22,12.7251515151515,14.55,10.81
SUGG,2018-01-23,13.85375,14.8,12.19
SUGG,2018-01-24,15.0323913043478,16.2,13.97
SUGG,2018-01-25,14.5095454545455,16.16,13.31
SUGG,2018-01-26,13.0054054054054,14.14,12.24
SUGG,2018-01-27,13.043829787234,13.33,12.21
SUGG,2018-01-28,14.0359574468085,14.53,13.12
SUGG,2018-01-29,15.4553488372093,16.48,14.02
SUGG,2018-01-30,15.3779166666667,15.81,14.42
SUGG,2018-01-31,14.4355319148936,15.04,13.75
SUGG,2018-02-01,14.2126086956522,14.77,13.61
SUGG,2018-02-02,15.3690697674419,18.08,13.71
SUGG,2018-02-03,14.8728260869565,15.82,13.91
SUGG,2018-02-04,14.2639583333333,14.63,13.84
SUGG,2018-02-05,14.7945833333333,15.07,14.04
SUGG,2018-02-06,15.69425,17.09,14.75
SUGG,2018-02-07,16.5167647058824,17.75,14.96
SUGG,2018-02-08,17.6771875,18.27,16.41
SUGG,2018-02-09,17.5504166666667,18.46,16.61
SUGG,2018-02-10,19.0418181818182,20.9,16.58
SUGG,2018-02-11,19.9002272727273,21.36,18.09
SUGG,2018-02-12,20.71775,21.15,19.51
SUGG,2018-02-13,21.8236585365854,23.39,20.48
SUGG,2018-02-14,19.7283333333333,20.63,18.71
SUGG,2018-02-15,18.7746153846154,19.17,18.6
SUGG,2018-02-27,23.85,23.85,23.85
SUGG,2018-02-28,22.6475757575758,24.04,21.74
SUGG,2018-03-01,22.9009090909091,23.76,21.72
SUGG,2018-03-02,22.7102127659574,23.31,21.93
SUGG,2018-03-03,22.0176666666667,23.08,20.7
SUGG,2018-03-04,20.7463636363636,21.99,19.81
SUGG,2018-03-05,19.8634782608696,20.87,19.08
SUGG,2018-03-06,19.9993939393939,22.75,18.54
SUGG,2018-03-07,19.1683333333333,19.8,18.48
SUGG,2018-03-08,18.9534375,19.71,18.31
SUGG,2018-03-09,18.0106060606061,18.55,17.45
SUGG,2018-03-10,18.5202777777778,21.35,17.16
SUGG,2018-03-11,17.8714583333333,18.35,17.1
SUGG,2018-03-12,20.1093939393939,22.22,17.25
SUGG,2018-03-13,18.1428571428571,18.9,17.22
SUGG,2018-03-14,18.0865909090909,19.23,17.06
SUGG,2018-03-15,17.5380434782609,18.43,16.8
SUGG,2018-03-16,17.6502941176471,18.55,16.68
SUGG,2018-03-17,18.404,19.67,16.65
SUGG,2018-03-18,19.8111764705882,21.3,17.45
SUGG,2018-03-19,21.2586046511628,23.18,19.33
SUGG,2018-03-20,20.3025581395349,20.81,19.88
SUGG,2018-03-21,19.5158333333333,20.04,19.08
SUGG,2018-03-22,18.8376923076923,19.5,18.1
SUGG,2018-03-23,18.4160869565217,19.02,17.77
SUGG,2018-03-24,18.8723404255319,20.1,17.72
SUGG,2018-03-25,19.1557692307692,21.89,17.9
SUGG,2018-03-26,19.7636842105263,20.78,18.11
SUGG,2018-03-27,19.08,19.42,18.68
SUGG,2018-03-28,19.6048888888889,20.26,18.68
SUGG,2018-03-29,21.4487878787879,24.04,19.2
SUGG,2018-03-30,21.9108333333333,23,20.44
SUGG,2018-03-31,21.8716666666667,22.75,20.93
SUGG,2018-04-01,21.4604255319149,22.46,20.79
SUGG,2018-04-02,22.4148571428571,25.34,20.86
SUGG,2018-04-03,24.0557575757576,26.82,21.8
SUGG,2018-04-04,24.7564102564103,25.98,22.92
SUGG,2018-04-05,24.4365,25.95,22.08
SUGG,2018-04-06,22.7978048780488,24.2,21.91
SUGG,2018-04-07,24.3605714285714,26.89,21.95
SUGG,2018-04-08,23.1834090909091,24.03,22.56
SUGG,2018-04-09,22.1527083333333,22.72,21.45
SUGG,2018-04-10,21.6838636363636,22.4,21.26
SUGG,2018-04-11,20.7213157894737,21.26,19.97
SUGG,2018-04-12,21.49175,22.76,19.96
SUGG,2018-04-13,22.1926470588235,23.55,20.51
SUGG,2018-04-14,22.5727272727273,24.71,21.09
SUGG,2018-04-15,24.1241463414634,25.46,22.23
SUGG,2018-04-16,22.1988888888889,23.48,20.69
SUGG,2018-04-17,20.779,21.62,20
SUGG,2018-04-18,21.8553846153846,24.29,19.97
SUGG,2018-04-19,22.9859459459459,24.61,20.66
SUGG,2018-04-20,22.694827586206902,23.35,21.84
SUGG,2018-04-21,21.8948936170213,22.72,21.01
SUGG,2018-04-22,21.8129787234043,22.23,21.03
SUGG,2018-04-23,22.1336170212766,22.59,21.46
SUGG,2018-04-24,23.3382926829268,24.65,21.98
SUGG,2018-04-25,23.6057575757576,24.68,22.78
SUGG,2018-04-26,24.7260526315789,25.99,22.77
SUGG,2018-04-27,25.0160526315789,26.22,23.58
SUGG,2018-04-28,24.9204166666667,26.46,23.66
SUGG,2018-04-29,25.3757446808511,26.62,23.63
SUGG,2018-04-30,25.9976744186047,28.64,24.21
SUGG,2018-05-01,25.0627272727273,26.53,23.87
SUGG,2018-05-02,24.8527906976744,26.54,23.81
SUGG,2018-05-03,25.08825,26.53,23.78
SUGG,2018-05-04,25.4545454545455,26.9,24.11
SUGG,2018-05-05,26.3055172413793,28.03,24.54
SUGG,2018-05-06,26.013488372093,26.73,24.8
SUGG,2018-05-07,27.6691176470588,31.48,25.45
SUGG,2018-05-08,27.6392105263158,29.66,25.5
SUGG,2018-05-09,25.995,26.33,25.68
SUGG,2018-06-19,29.7608,32.03,28.69
SUGG,2018-06-20,29.53,34.99,28.69
SUGG,2018-06-21,29.9247826086957,32.4,28.78
SUGG,2018-06-22,29.9702173913043,32.16,28.68
SUGG,2018-06-23,31.4764102564103,33.52,28.81
SUGG,2018-07-11,32.2384375,35.32,30
SUGG,2018-07-12,31.121724137931,34.53,29.76
SUGG,2018-07-13,32.3616666666667,35.05,29.79
SUGG,2018-07-14,32.3325641025641,35.63,30.34
SUGG,2018-07-15,31.68,35.43,30
SUGG,2018-07-16,30.9002564102564,33.95,29.41
SUGG,2018-07-17,30.7917948717949,32.68,29.45
SUGG,2018-07-18,29.3524444444444,30.47,28.52
SUGG,2018-07-19,29.148,29.95,28.41
SUGG,2018-07-20,28.795,29.58,28.27
SUGG,2018-07-21,28.5777083333333,29.12,28.13
SUGG,2018-07-22,29.2509756097561,31.05,28.13
SUGG,2018-07-23,27.3430434782609,29.16,26.51
SUGG,2018-07-24,27.7490476190476,30.96,26.55
SUGG,2018-07-25,28.3231111111111,30.34,27.02
SUGG,2018-07-26,30.0243902439024,32.07,27.45
SUGG,2018-07-27,29.0170212765957,29.94,27.99
SUGG,2018-07-28,30.6317073170732,33.29,28.02
SUGG,2018-07-29,30.9253333333333,33.96,28.96
SUGG,2018-07-30,31.0810810810811,35.33,28.81
SUGG,2018-07-31,29.116976744186,31.58,27.76
SUGG,2018-08-01,28.876875,29.8,27.74
SUGG,2018-08-02,29.6685416666667,30.81,28
SUGG,2018-08-03,29.5308888888889,31.5,28.26
SUGG,2018-08-04,30.706511627907,32.64,28.33
SUGG,2018-08-05,30.3315625,31.31,29.33
SUGG,2018-08-06,30.69,31.89,29.48
SUGG,2018-08-07,30.8758333333333,32.65,29.38
SUGG,2018-08-08,30.69625,31.55,29.36
SUGG,2018-08-09,31.7117857142857,33.33,29.6
SUGG,2018-08-10,30.8563636363636,32.77,29.59
SUGG,2018-08-11,30.8344186046512,32.85,29.53
SUGG,2018-08-12,31.8728260869565,34.67,29.52
SUGG,2018-08-13,30.19875,31.34,29.15
SUGG,2018-08-14,30.3607894736842,31.39,29.13
SUGG,2018-08-15,30.7102272727273,33.02,29.28
SUGG,2018-08-16,30.8534146341463,32.65,29.28
SUGG,2018-08-17,29.9908571428571,31.27,29.1
SUGG,2018-08-18,29.8625,31.9,28.76
SUGG,2018-08-19,30.8385714285714,35.36,28.73
SUGG,2018-08-20,31.1335,35.03,29.22
SUGG,2018-08-21,29.9684848484848,31.86,28.83
SUGG,2018-08-22,30.2405,32.29,28.67
SUGG,2018-08-23,30.2943902439024,31.72,28.65
SUGG,2018-08-24,30.8066666666667,33.03,29.27
SUGG,2018-08-25,29.4879545454545,31.39,28.57
SUGG,2018-08-26,29.91625,33,28.56
SUGG,2018-08-27,29.1770588235294,31.08,28.52
SUGG,2018-08-28,29.6490625,30.54,28.52
SUGG,2018-08-29,29.6521951219512,31.6,28.57
SUGG,2018-08-30,28.4188888888889,30.17,27.62
SUGG,2018-08-31,27.93,28.77,27.25
SUGG,2018-09-01,28.6510869565217,29.99,27.24
SUGG,2018-09-02,29.02,30.06,28.07
SUGG,2018-09-03,29.0453191489362,29.93,28.35
SUGG,2018-09-04,28.5284782608696,29.7,27.76
SUGG,2018-09-05,28.8782608695652,29.9,27.77
SUGG,2018-09-06,29.6755813953488,30.86,28.33
SUGG,2018-09-07,30.0878723404255,31.3,28.92
SUGG,2018-09-08,29.875,31.23,28.95
SUGG,2018-09-09,29.4952631578947,30.65,28.49
SUGG,2018-09-10,29.4936666666667,31.78,28.47
SUGG,2018-09-11,29.675,32.1,28.38
SUGG,2018-09-12,29.6596428571429,31.05,28.34
SUGG,2018-09-13,30.164,31.92,28.86
SUGG,2018-09-14,30.7593548387097,32.45,29.34
SUGG,2018-09-15,31.6217777777778,33.44,29.49
SUGG,2018-09-16,31.3595833333333,32.64,30.06
SUGG,2018-09-17,31.3336956521739,32.64,30.17
SUGG,2018-09-18,31.8597777777778,33.65,30.36
SUGG,2018-09-19,32.0751282051282,33.92,30.4
SUGG,2018-09-20,31.7053846153846,35.15,30.2
SUGG,2018-09-21,31.05425,32.06,29.9
SUGG,2018-09-22,30.3990243902439,31.64,29.4
SUGG,2018-09-23,29.7973913043478,30.65,28.93
SUGG,2018-09-24,29.659756097561,31.22,28.86
SUGG,2018-09-25,29.2309523809524,30.46,28.46
SUGG,2018-09-26,29.0805882352941,30.15,28.35
SUGG,2018-09-27,28.8046153846154,29.81,28.27
SUGG,2018-09-28,30.3836585365854,32.84,28.24
SUGG,2018-09-29,29.8537037037037,35.35,28.98
SUGG,2018-09-30,29.78625,30.88,28.96
SUGG,2018-10-01,29.55,30.51,28.66
SUGG,2018-10-02,28.8645833333333,29.77,28.16
SUGG,2018-10-03,28.4268085106383,29.28,27.73
SUGG,2018-10-04,28.46,29.33,27.7
SUGG,2018-10-05,28.3184444444444,28.99,27.67
SUGG,2018-10-06,28.3259459459459,29.3,27.48
SUGG,2018-10-07,28.1758974358974,29.33,27.33
SUGG,2018-10-08,27.9370833333333,28.38,27.31
SUGG,2018-10-09,27.5870212765957,27.97,27.15
SUGG,2018-10-10,27.6393617021277,28.28,27.12
SUGG,2018-10-11,27.4734782608696,27.72,27.17
SUGG,2018-10-12,27.9639534883721,28.71,27.16
SUGG,2018-10-13,28.0490697674419,30.38,26.61
SUGG,2018-10-14,27.4008695652174,29.21,26.18
SUGG,2018-10-15,26.59,27.34,26.12
SUGG,2018-10-16,28.0196428571429,29.84,26.21
SUGG,2018-10-17,28.8094871794872,31.77,27.18
SUGG,2018-10-18,30.1727027027027,34.03,27.8
SUGG,2018-10-19,28.0263414634146,29.88,27.1
SUGG,2018-10-20,27.4257446808511,28,26.73
SUGG,2018-10-21,28.4341860465116,30.26,26.43
SUGG,2018-10-22,25.8741666666667,26.94,24.67
SUGG,2018-10-23,24.8757446808511,25.48,24.39
SUGG,2018-10-24,24.3851063829787,24.75,23.91
SUGG,2018-10-25,24.13625,24.74,23.5
SUGG,2018-10-26,23.5564583333333,24.02,23.26
SUGG,2018-10-27,23.59125,24.22,22.88
SUGG,2018-10-28,22.705625,23.46,21.87
SUGG,2018-10-29,22.59125,23.62,21.76
SUGG,2018-10-30,22.8977083333333,24.19,21.73
SUGG,2018-10-31,22.5342857142857,23.43,21.81
SUGG,2018-11-01,22.6046875,23.72,21.76
SUGG,2018-11-02,22.745625,23.42,21.88
SUGG,2018-11-03,22.4478723404255,22.97,21.62
SUGG,2018-11-04,21.4210416666667,22.21,20.75
SUGG,2018-11-05,21.4832608695652,21.69,20.78
SUGG,2018-11-06,22.95475,24.69,21.62
SUGG,2018-11-07,24.490652173913,26.08,22.79
SUGG,2018-11-08,25.7588888888889,28.72,23.47
SUGG,2018-11-09,24.7259375,27.21,24
SUGG,2018-11-10,25.7682857142857,27.03,23.95
SUGG,2018-11-11,23.466170212766,24.7,21.82
SUGG,2018-11-12,22.1947916666667,22.59,21.74
SUGG,2018-11-13,23.3587804878049,24.17,21.89
SUGG,2018-11-14,24.111914893617,25.53,23.15
SUGG,2018-11-15,22.8929166666667,23.39,22.06
SUGG,2018-11-16,21.466875,22.05,20.17
SUGG,2018-11-17,19.7072916666667,20.32,18.59
SUGG,2018-11-18,19.61,20.7,18.5
SUGG,2018-11-19,20.5988888888889,23.38,18.73
SUGG,2018-11-20,21.0362162162162,23.85,19.34
SUGG,2018-11-21,20.0813333333333,21.54,19.04
SUGG,2018-11-22,19.4820930232558,20.59,18.69
SUGG,2018-11-23,18.5645833333333,18.9,18.34
SUGG,2018-11-24,18.976875,19.19,18.31
SUGG,2018-11-25,19.91,20.49,18.92
SUGG,2018-11-26,20.4381818181818,22.29,19.54
SUGG,2018-11-27,19.5302173913043,20.22,18.57
SUGG,2018-11-28,18.0086046511628,18.8,16.73
SUGG,2018-11-29,16.3914583333333,16.95,15.76
SUGG,2018-11-30,16.0166666666667,17.3,15.31
SUGG,2018-12-01,16.5177083333333,17.57,15.26
SUGG,2018-12-02,16.916875,17.19,16.51
SUGG,2018-12-03,18.3470731707317,19.1,16.92
SUGG,2018-12-04,19.4975,20.01,18.4
SUGG,2018-12-05,18.9671111111111,20.54,17.4
SUGG,2018-12-06,17.0365217391304,17.63,16.13
SUGG,2018-12-07,16.5097619047619,18.18,15.6
SUGG,2018-12-08,16.1297727272727,17.17,15.4
SUGG,2018-12-09,16.5320930232558,16.97,15.52
SUGG,2018-12-10,17.1502222222222,17.59,16.28
SUGG,2018-12-11,15.7729166666667,16.23,15.1
SUGG,2018-12-12,15.1291666666667,15.4,15
SUGG,2018-12-14,15.1944444444444,15.62,14.87
SUGG,2018-12-15,15.5072916666667,15.72,15.22
SUGG,2018-12-16,16.2146808510638,16.73,15.58
SUGG,2018-12-17,16.444347826087,17.58,15.43
SUGG,2018-12-18,16.0391304347826,16.79,15.26
SUGG,2018-12-19,16.7621621621622,19.14,15.1
SUGG,2018-12-20,15.8375675675676,17.56,15.04
SUGG,2018-12-21,15.5947916666667,16.2,15.31
SUGG,2018-12-22,15.2779166666667,15.71,14.66
SUGG,2018-12-23,14.8959090909091,15.85,14.23
SUGG,2018-12-24,15.1174285714286,17.04,14.03
SUGG,2018-12-25,15.4216666666667,18.69,13.92
SUGG,2018-12-26,15.4628888888889,17.4,13.95
SUGG,2018-12-27,14.8891666666667,15.52,14.38
SUGG,2018-12-28,14.948,15.52,14.71
SUGG,2019-01-08,18.3445,19.82,16.85
SUGG,2019-01-09,18.1453488372093,19.73,17.19
SUGG,2019-01-10,17.0064864864865,17.84,15.85
SUGG,2019-01-11,15.745,15.79,15.72
SUGG,2019-01-18,15.6981481481481,17.26,14.59
SUGG,2019-01-19,15.9116666666667,17.83,14.5
SUGG,2019-01-20,15.7383333333333,16.75,15.02
SUGG,2019-01-21,15.199375,15.94,14.24
SUGG,2019-01-22,14.1436170212766,14.88,13.34
SUGG,2019-01-23,14.3554166666667,14.9,13.2
SUGG,2019-01-24,15.5945833333333,16.12,14.44
SUGG,2019-01-25,16.3852083333333,17.13,15.41
SUGG,2019-01-26,15.5108333333333,16.07,14.78
SUGG,2019-01-27,14.7540425531915,16.11,14.17
SUGG,2019-01-28,13.711458333333301,14.17,12.95
SUGG,2019-01-29,13.6654166666667,14.53,12.86
SUGG,2019-01-30,13.7379545454545,14.9,12.93
SUGG,2019-01-31,12.5422916666667,13.03,11.75
SUGG,2019-02-01,11.7342857142857,11.8,11.68
SUGG,2019-02-08,20.7213513513514,22.37,18.84
SUGG,2019-02-09,19.8186666666667,23.91,16.16
SUGG,2019-02-10,16.258,18.08,14.62
SUGG,2019-02-11,16.470625,16.86,15.74
SUGG,2019-02-12,19.0265909090909,20.89,16.88
SUGG,2019-02-13,19.1716666666667,19.97,18.17
SUGG,2019-02-14,17.8958333333333,18.69,16.61
SUGG,2019-02-15,17.9320512820513,19.02,16.47
SUGG,2019-02-16,18.2797727272727,19.6,16.94
SUGG,2019-02-17,18.3470833333333,18.79,17.55
SUGG,2019-02-18,20.6362222222222,21.62,18.54
SUGG,2019-02-19,21.4312765957447,22.73,20.17
SUGG,2019-02-20,20.2433333333333,21.26,19.83
SUGG,2019-02-21,21.3742857142857,23.01,19.79
SUGG,2019-02-22,23.110487804878,24.78,20.9
SUGG,2019-02-23,23.8733333333333,27.03,22.44
SUGG,2019-02-24,24.2733333333333,25.37,22.84
SUGG,2019-02-25,22.985,23.91,20.49
SUGG,2019-02-26,20.67,21.66,19.81
SUGG,2019-02-27,19.675,20,19.34
SUGG,2019-02-28,20.6438709677419,24.07,19.33
SUGG,2019-03-01,21.79475,24.7,20.01
SUGG,2019-03-02,21.6485416666667,22.66,20.65
SUGG,2019-03-03,21.0035897435897,22.33,20.61
SUGG,2019-03-04,21.4272916666667,22.16,20.65
SUGG,2019-03-05,20.8452083333333,21.51,19.65
SUGG,2019-03-06,18.911875,19.57,17.69
SUGG,2019-03-07,17.9575,18.99,16.99
SUGG,2019-03-08,18.6861111111111,22.3,16.88
SUGG,2019-03-09,19.0729166666667,20.56,17.2
SUGG,2019-03-10,20.1095744680851,21.02,18.24
SUGG,2019-03-11,22.484347826087,24.81,19.71
SUGG,2019-03-12,23.9619512195122,26.84,21.44
SUGG,2019-03-13,22.1922727272727,23.93,20.63
SUGG,2019-03-14,21.603125,22.43,20.97
SUGG,2019-03-15,22.4176086956522,24.38,20.94
SUGG,2019-03-16,24.2630555555556,25.75,21.59
SUGG,2019-03-17,22.4708333333333,23.72,20.98
SUGG,2019-03-18,20.2152083333333,20.93,19.09
SUGG,2019-03-19,19.6322916666667,20.17,19.03
SUGG,2019-03-20,18.7429166666667,19.28,18.02
SUGG,2019-03-21,18.9664583333333,20.07,17.98
SUGG,2019-03-22,19.2002083333333,20,18.29
SUGG,2019-03-23,19.4222916666667,20.4,18.29
SUGG,2019-03-24,19.9957142857143,23.94,18.51
SUGG,2019-03-25,21.2602325581395,22.99,18.77
SUGG,2019-03-26,21.630625,22.78,20.6
SUGG,2019-03-27,21.707619047619,23.7,19.95
SUGG,2019-03-28,20.3979166666667,21.31,19.68
SUGG,2019-03-29,20.3844444444444,20.88,19.61
SUGG,2019-03-30,21.0761363636364,21.94,19.92
SUGG,2019-03-31,22.8804347826087,25.11,20.35
SUGG,2019-04-01,22.9195833333333,24.43,21.54
SUGG,2019-04-02,20.7985416666667,21.55,20.04
SUGG,2019-04-03,20.65,21.45,19.87
SUGG,2019-04-04,20.7954166666667,21.66,19.82
SUGG,2019-04-05,21.7013333333333,23.09,20.24
SUGG,2019-04-06,22.5091666666667,23.32,21.35
SUGG,2019-04-07,24.4068085106383,27.01,22.03
SUGG,2019-04-08,25.8445,28.07,23.32
SUGG,2019-04-09,25.2855263157895,26.7,24.34
SUGG,2019-04-10,25.4985416666667,26.55,24.33
SUGG,2019-04-11,25.2936842105263,28.52,24.02
SUGG,2019-04-12,25.2079545454545,26.2,23.99
SUGG,2019-04-13,26.765625,28.29,24.49
SUGG,2019-04-14,27.2397826086957,29.18,25.76
SUGG,2019-04-15,25.9183333333333,26.91,24.48
SUGG,2019-04-16,24.9110416666667,26.17,23.7
SUGG,2019-04-17,24.8210256410256,26.65,23.62
SUGG,2019-04-18,25.3169047619048,26.61,23.8
SUGG,2019-04-19,25.7295833333333,26.68,24.23
SUGG,2019-04-20,24.0927083333333,25.26,23.02
SUGG,2019-04-21,23.0520833333333,23.79,22.11
SUGG,2019-04-22,23.6913043478261,25.35,22.12
SUGG,2019-04-23,24.2443333333333,29.77,22.29
SUGG,2019-04-24,24.8709375,27.44,22.49
SUGG,2019-04-25,26.6664102564103,30.51,23.08
SUGG,2019-04-26,26.1602222222222,27.8,24
SUGG,2019-04-27,25.1334042553191,26.53,23.75
SUGG,2019-04-28,26.177027027027,29.3,23.71
SUGG,2019-04-29,26.4609090909091,31.93,24.27
SUGG,2019-04-30,26.4687804878049,27.53,24.97
SUGG,2019-05-01,26.8026086956522,27.96,25.68
SUGG,2019-05-02,27.1764444444444,28.75,25.94
SUGG,2019-05-03,27.265,28.42,26.3
SUGG,2019-05-04,27.6321276595745,28.91,26.51
SUGG,2019-05-05,28.214375,29.44,26.52
SUGG,2019-05-06,26.6764583333333,27.64,25.95
SUGG,2019-05-07,29.6671794871795,33.1,26.04
SUGG,2019-05-08,27.8502777777778,30.14,26.99
SUGG,2019-05-09,27.9028260869565,29.39,26.85
SUGG,2019-05-10,27.6651515151515,29.92,26.87
SUGG,2019-05-11,28.0354285714286,30.47,26.95
SUGG,2019-05-12,29.5334782608696,31.67,27.14
SUGG,2019-05-13,28.9752083333333,30.15,28.01
SUGG,2019-05-14,28.2734782608696,29.22,27.27
SUGG,2019-05-15,28.5020454545455,30.29,26.99
SUGG,2019-05-16,27.77,29.04,26.8
SUGG,2019-05-17,27.8130303030303,32.94,26.61
SUGG,2019-05-18,29.0564102564103,32.28,26.64
SUGG,2019-05-19,27.7705714285714,29.81,26.46
SUGG,2019-05-20,28.914,34.33,26.49
SUGG,2019-05-21,29.3764516129032,34.52,27.61
SUGG,2019-05-22,29.168064516129,30.78,27.71
SUGG,2019-05-23,29.0365714285714,30.3,27.98
SUGG,2019-05-24,28.7841025641026,30.32,27.84
SUGG,2019-05-25,29.4847058823529,31.8,27.83
SUGG,2019-05-26,29.4891176470588,31.06,28.14
SUGG,2019-05-27,30.8977419354839,35.92,28.52
SUGG,2019-05-28,31.3478571428571,34.42,29.11
SUGG,2019-05-29,30.502619047619,35.31,28.7
SUGG,2019-05-30,30.965,33.18,28.73
SUGG,2019-05-31,32.1447368421053,34.43,29.23
SUGG,2019-06-01,30.7885416666667,32.27,29.51
SUGG,2019-06-02,31.1965909090909,34.44,29.54
SUGG,2019-06-03,31.1614583333333,32.31,29.77
SUGG,2019-06-04,32.2902380952381,34.64,30.1
SUGG,2019-06-05,31.6838636363636,34.91,29.8
SUGG,2019-06-06,31.6315555555556,33.44,29.86
SUGG,2019-06-07,31.1927777777778,32.43,30.04
SUGG,2019-06-08,29.97,30.76,28.99
SUGG,2019-06-09,29.3604166666667,30.14,28.52
SUGG,2019-06-10,28.236170212766,29.18,27.31
SUGG,2019-06-11,28.4060869565217,29.41,27.35
SUGG,2019-06-12,29.3852272727273,31.13,27.87
SUGG,2019-06-13,28.5322916666667,29.21,27.68
SUGG,2019-06-14,27.7820833333333,28.3,27.25
SUGG,2019-06-15,28.2952083333333,29.27,27.27
SUGG,2019-06-16,28.5870212765957,30.16,27.74
SUGG,2019-06-17,29.1241176470588,31.13,28.1
SUGG,2019-06-18,29.1117777777778,30.06,28.19
SUGG,2019-06-19,29.6877777777778,31.47,28.27
SUGG,2019-06-20,28.44125,29.54,27.69
SUGG,2019-06-21,28.8120833333333,29.35,27.78
SUGG,2019-06-22,30.470625,31.72,28.57
SUGG,2019-06-23,31.3789583333333,32.67,29.63
SUGG,2019-06-24,32.8993333333333,35.66,30.3
SUGG,2019-06-25,32.6482608695652,34.27,30.8
SUGG,2019-06-26,32.9997826086957,34.49,30.98
SUGG,2019-06-27,32.8508888888889,34.91,30.98
SUGG,2019-06-28,31.7902631578947,34.23,30.65
SUGG,2019-06-29,31.3774358974359,33.95,30.26
SUGG,2019-06-30,30.23,31.2,29.52
SUGG,2019-07-01,31.7135483870968,35.86,29.6
SUGG,2019-07-02,31.7739130434783,34.66,29.89
SUGG,2019-07-03,32.307380952381,34.75,30.35
SUGG,2019-07-04,32.0672413793103,33.88,30.81
SUGG,2019-07-05,30.8075,30.88,30.77
SUGG,2019-07-09,30.7112,32.11,29.66
SUGG,2019-07-10,31.2525,34.56,29.7
SUGG,2019-07-11,31.1489583333333,33.02,29.67
SUGG,2019-07-12,31.2625,33.28,29.81
SUGG,2019-07-13,30.6797727272727,32.21,29.74
SUGG,2019-07-14,32.3479069767442,34.31,29.71
SUGG,2019-07-15,32.8796875,35.82,30.74
SUGG,2019-07-16,32.3045714285714,35.12,30.75
SUGG,2019-07-17,32.2802777777778,35.62,30.71
SUGG,2019-07-18,30.5635,33.72,29.44
SUGG,2019-07-19,31.9503333333333,35.65,29.43
SUGG,2019-07-20,31.20825,34.81,29.27
SUGG,2019-07-21,30.7373529411765,33.05,29.27
SUGG,2019-07-22,30.2707692307692,33.5,28.98
SUGG,2019-07-23,30.937619047619,33.92,28.98
SUGG,2019-07-24,30.9097619047619,32.96,29.6
SUGG,2019-07-25,29.228125,30.21,28.37
SUGG,2019-07-26,29.095,30.61,28.26
SUGG,2019-07-27,28.5079166666667,29.26,27.86
SUGG,2019-07-28,29.2852380952381,30.86,27.91
SUGG,2019-07-29,29.2414583333333,30.27,28.48
SUGG,2019-07-30,29.9572916666667,31.08,28.5
SUGG,2019-07-31,30.8776666666667,34.8,29.18
SUGG,2019-08-01,30.2157142857143,32.27,29.21
SUGG,2019-08-02,29.9797727272727,32.13,28.98
SUGG,2019-08-03,29.3770212765957,30.36,28.83
SUGG,2019-08-04,31.1344827586207,35.5,28.86
SUGG,2019-08-05,31.7789130434783,33.97,29.67
SUGG,2019-08-06,31.6988636363636,33.5,30.02
SUGG,2019-08-07,31.8039130434783,33.81,30
SUGG,2019-08-08,30.3989583333333,31.89,29.42
SUGG,2019-08-09,31.24125,32.53,29.41
SUGG,2019-08-10,31.9804166666667,33.45,30.09
SUGG,2019-08-11,32.9608695652174,35.69,30.78
SUGG,2019-08-12,32.5615555555556,35.49,30.84
SUGG,2019-08-13,32.1496875,34.76,30.72
SUGG,2019-08-14,32.4188888888889,35,30.69
SUGG,2019-08-15,31.9577777777778,34.12,30.54
SUGG,2019-08-16,30.4435416666667,31.25,29.45
SUGG,2019-08-17,29.0389583333333,29.58,28.28
SUGG,2019-08-18,28.0114583333333,28.45,27.62
SUGG,2019-08-19,27.9055319148936,28.8,27.35
SUGG,2019-08-20,29.3197826086957,31.38,27.37
SUGG,2019-08-21,29.6271428571429,31.36,28.05
SUGG,2019-08-22,30.6082051282051,34.6,28.4
SUGG,2019-08-23,30.4422222222222,32.9,29.3
SUGG,2019-08-24,31.2579487179487,33.44,29.39
SUGG,2019-08-25,31.04375,33.01,29.8
SUGG,2019-08-26,30.4651111111111,31.97,29.3
SUGG,2019-08-27,30.3054054054054,32.06,29.27
SUGG,2019-08-28,31.3130555555556,34.47,29.16
SUGG,2019-08-29,31.021875,32.67,29.11
SUGG,2019-08-30,31.1948888888889,32.65,29.94
SUGG,2019-08-31,29.7072916666667,30.66,28.91
SUGG,2019-09-01,29.7645,30.89,28.91
SUGG,2019-09-02,29.5163043478261,30.2,28.83
SUGG,2019-09-03,29.4947916666667,30.74,28.71
SUGG,2019-09-04,29.3072916666667,30.16,28.54
SUGG,2019-09-05,28.2214583333333,28.54,27.74
SUGG,2019-09-06,29.09,30.28,27.74
SUGG,2019-09-07,30.59625,32.42,28.35
SUGG,2019-09-08,31.9036842105263,35.54,28.96
SUGG,2019-09-09,32.4584210526316,35.6,29.45
SUGG,2019-09-10,30.5737931034483,31.8,29.54
SUGG,2019-09-11,30.0548717948718,32.16,29.13
SUGG,2019-09-12,29.9573333333333,31.27,29.04
SUGG,2019-09-13,29.8089743589744,30.72,29.04
SUGG,2019-09-14,29.171875,29.94,28.42
SUGG,2019-09-15,28.9889583333333,29.57,28.4
SUGG,2019-09-16,29.1508333333333,29.86,28.59
SUGG,2019-09-17,30.0052083333333,31.06,28.58
SUGG,2019-09-18,30.2002325581395,32,28.85
SUGG,2019-09-19,29.3625,30.31,28.43
SUGG,2019-09-20,28.435,29.02,27.74
SUGG,2019-09-21,27.9295833333333,28.42,27.32
SUGG,2019-09-22,27.5533333333333,28.09,26.91
SUGG,2019-09-23,27.7833333333333,28.55,26.89
SUGG,2019-09-24,27.7757446808511,28.65,26.97
SUGG,2019-09-25,29.0476086956522,30.67,26.94
SUGG,2019-09-26,30.1426666666667,32.21,27.63
SUGG,2019-09-27,30.2822916666667,31.96,28.4
SUGG,2019-09-28,29.2139473684211,30.86,28.01
SUGG,2019-09-29,28.3538095238095,29.54,27.33
SUGG,2019-09-30,28.2213043478261,28.96,27.26
SUGG,2019-10-01,28.5983333333333,29.31,27.66
SUGG,2019-10-02,28.466875,29.21,27.81
SUGG,2019-10-03,28.48125,29.39,27.79
SUGG,2019-10-04,28.6116666666667,29.43,27.65
SUGG,2019-10-05,28.5355882352941,29.83,27.52
SUGG,2019-10-06,27.9934042553191,28.67,27.36
SUGG,2019-10-07,27.379375,27.8,26.75
SUGG,2019-10-08,26.9504255319149,28.03,26.35
SUGG,2019-10-09,27.0292105263158,27.84,26.34
SUGG,2019-10-10,26.6725,27.38,26.03
SUGG,2019-10-11,26.4170833333333,27.03,25.76
SUGG,2019-10-12,26.4840425531915,27.51,25.6
SUGG,2019-10-13,26.6430769230769,28.98,25.56
SUGG,2019-10-14,26.8222857142857,30.89,25.56
SUGG,2019-10-15,26.7112121212121,27.96,25.7
SUGG,2019-10-16,27.0158333333333,28.57,25.91
SUGG,2019-10-17,26.4585416666667,27.08,25.63
SUGG,2019-10-18,25.7829166666667,26.69,24.91
SUGG,2019-10-19,24.4702083333333,24.89,24.02
SUGG,2019-10-20,24.3952083333333,24.69,24
SUGG,2019-10-21,25.5977083333333,27.05,24.2
SUGG,2019-10-22,25.3429787234043,25.93,24.73
SUGG,2019-10-23,25.8720833333333,26.67,24.74
SUGG,2019-10-24,24.7478723404255,25.75,23.99
SUGG,2019-10-25,24.6654166666667,25.11,23.97
SUGG,2019-10-26,24.9789583333333,25.45,24.36
SUGG,2019-10-27,25.61125,26.31,24.65
SUGG,2019-10-28,26.0072916666667,26.66,25.24
SUGG,2019-10-29,27.3097058823529,30.8,25.47
SUGG,2019-10-30,27.7626315789474,30.55,26.56
SUGG,2019-10-31,28.1273913043478,30.04,26.72
SUGG,2019-11-01,27.454375,28.58,25.58
SUGG,2019-11-02,24.8141666666667,25.69,23.89
SUGG,2019-11-03,23.4541666666667,24.1,22.33
SUGG,2019-11-04,22.5766666666667,23.25,21.92
SUGG,2019-11-05,22.4621276595745,22.92,21.89
SUGG,2019-11-06,23.1919512195122,25.94,22.18
SUGG,2019-11-07,22.9995833333333,23.5,22.26
SUGG,2019-11-08,25.3876666666667,27.99,22.82
SUGG,2019-11-09,22.8208333333333,24.33,21.65
SUGG,2019-11-10,21.4858333333333,22.2,20.43
SUGG,2019-11-11,21.1021739130435,22.32,20.22
SUGG,2019-11-12,21.8225,23.86,20.17
SUGG,2019-11-13,21.0022916666667,22.14,19.41
SUGG,2019-11-14,19.0270833333333,19.79,18.22
SUGG,2019-11-15,18.3391666666667,18.72,18.04
SUGG,2019-11-16,17.9427083333333,18.23,17.51
SUGG,2019-11-17,16.9070833333333,17.49,16.15
SUGG,2019-11-18,15.8470833333333,16.13,15.48
SUGG,2019-11-19,16.4627659574468,17.65,15.45
SUGG,2019-11-20,16.180625,16.75,15.61
SUGG,2019-11-21,15.84625,16.32,15.53
SUGG,2019-11-27,18.238064516129,20.68,16.64
SUGG,2019-11-28,18.8106666666667,20.6,16.54
SUGG,2019-11-29,18.8153191489362,20.28,17.57
SUGG,2019-11-30,18.3056818181818,19.34,17.43
SUGG,2019-12-01,19.341914893617,21.15,17.42
SUGG,2019-12-02,19.0070212765957,19.46,18.23
SUGG,2019-12-03,17.9033333333333,18.66,16.82
SUGG,2019-12-04,16.5335135135135,17.1,15.83
SUGG,2019-12-05,15.9475,16.44,15.29
SUGG,2019-12-06,16.0784444444444,17.53,14.97
SUGG,2019-12-07,15.8842105263158,19.78,14.87
SUGG,2019-12-08,15.7689583333333,16.3,15.08
SUGG,2019-12-09,16.6470833333333,17.19,15.39
SUGG,2019-12-10,18.28,19.9,16.9
SUGG,2019-12-11,19.3963829787234,20.9,17.69
SUGG,2019-12-12,18.55,19.53,17.42
SUGG,2019-12-13,17.6977083333333,17.91,17.33
SUGG,2019-12-14,18.41125,19.16,17.81
SUGG,2019-12-15,18.5029166666667,19,17.93
SUGG,2019-12-16,18.2382857142857,19.35,17.56
SUGG,2019-12-17,18.8578260869565,20.18,17.48
SUGG,2019-12-18,19.46175,20.05,18.65
SUGG,2019-12-19,17.9533333333333,18.76,16.79
SUGG,2019-12-20,16.5283333333333,17.13,15.77
SUGG,2019-12-21,16.095625,16.43,15.72
SUGG,2019-12-22,16.6670833333333,16.91,15.96
SUGG,2019-12-23,17.0920833333333,17.38,16.72
SUGG,2019-12-24,17.6766666666667,19.59,17
SUGG,2019-12-25,17.1127083333333,17.34,16.83
SUGG,2019-12-26,17.2939583333333,17.54,16.77
SUGG,2019-12-27,17.8652083333333,18.09,17.2
SUGG,2019-12-28,18.6982978723404,18.98,17.74
SUGG,2019-12-29,19.8279166666667,20.24,18.97
SUGG,2019-12-30,20.9202083333333,21.66,19.87
SUGG,2019-12-31,21.2208333333333,21.76,20.35
SUGG,2020-01-01,18.8595833333333,19.5,18.32
SUGG,2020-01-02,18.2770833333333,18.85,17.91
SUGG,2020-01-03,18.198,18.66,17.83
SUGG,2020-01-04,19.3240476190476,19.93,18.38
SUGG,2020-01-05,19.4377083333333,20.23,18.06
SUGG,2020-01-06,17.726170212766,18.12,16.98
SUGG,2020-01-07,17.0829787234043,17.61,16.59
SUGG,2020-01-08,16.854347826087,17.53,16.28
SUGG,2020-01-09,16.15625,16.75,15.36
SUGG,2020-01-10,15.9768888888889,16.33,15.28
SUGG,2020-01-11,16.78075,17.28,15.91
SUGG,2020-01-12,18.0095,18.43,16.92
SUGG,2020-01-13,18.6792307692308,19.38,18.09
SUGG,2020-01-14,18.8044444444444,19.24,18.37
SUGG,2020-01-15,18.9942222222222,19.39,18.49
SUGG,2020-01-16,19.1076086956522,19.74,18.51
SUGG,2020-01-17,19.4037142857143,20.84,18.66
SUGG,2020-01-18,19.4407692307692,19.86,18.82
SUGG,2020-01-19,19.255,19.86,18.71
SUGG,2020-01-20,19.21,19.9,18.02
SUGG,2020-01-21,17.64,18.27,16.32
SUGG,2020-01-22,15.7310416666667,16.52,14.22
SUGG,2020-01-23,14.0085416666667,14.31,13.58
SUGG,2020-01-24,13.96175,14.07,13.57
SUGG,2020-01-25,14.6862222222222,15.14,13.93
SUGG,2020-01-26,15.1133333333333,15.62,14.6
SUGG,2020-01-27,14.781875,15.03,14.47
SUGG,2020-01-28,14.9,15.19,14.67
SUGG,2020-01-29,15.1686956521739,15.74,14.57
SUGG,2020-01-30,14.537,14.73,14.45
SUGG,2020-01-31,14.5620833333333,14.79,14.36
SUGG,2020-02-01,14.55125,14.82,14.35
SUGG,2020-02-02,14.5885416666667,14.9,14.3
SUGG,2020-02-03,14.602083333333301,15.14,14.13
SUGG,2020-02-04,14.2659574468085,14.47,13.98
SUGG,2020-02-05,14.7595555555556,15.6,14.26
SUGG,2020-02-06,16.0302272727273,16.75,14.7
SUGG,2020-02-07,17.631914893617,18.07,16.74
SUGG,2020-02-08,17.2839583333333,17.87,16.46
SUGG,2020-02-09,16.445625,16.64,16.25
SUGG,2020-02-10,16.8908510638298,17.46,16.15
SUGG,2020-02-11,17.2730434782609,18.11,16.63
SUGG,2020-02-19,19.3687096774194,19.66,19
SUGG,2020-02-20,19.5733333333333,20.7,18.95
SUGG,2020-02-21,19.19,19.31,19.07
SUGG,2020-02-25,17.19125,17.71,16.63
SUGG,2020-02-26,17.215,17.24,17.19
SUGG,2020-02-27,17.6162857142857,18.26,16.8
SUGG,2020-02-28,16.91125,17.45,16.27
SUGG,2020-02-29,16.7008333333333,17.49,16.01
SUGG,2020-03-01,16.3433333333333,16.87,15.81
SUGG,2020-03-02,15.992708333333301,16.6,15.6
SUGG,2020-03-03,17.276170212766,17.78,15.93
SUGG,2020-03-04,18.5722916666667,19.11,17.28
SUGG,2020-03-05,19.9791111111111,20.81,18.72
SUGG,2020-03-06,21.2182978723404,21.69,20.18
SUGG,2020-03-07,20.5141666666667,21.37,19.15
SUGG,2020-03-08,19.0097916666667,19.7,18.06
SUGG,2020-03-09,18.2725,18.88,17.66
SUGG,2020-03-10,18.6135,19.04,17.86
SUGG,2020-03-11,18.6920833333333,19.07,18.44
SUGG,2020-03-12,18.7679166666667,19.04,18.51
SUGG,2020-03-13,18.9117391304348,19.25,18.62
SUGG,2020-03-14,19.0285106382979,19.33,18.71
SUGG,2020-03-15,19.2335897435897,19.77,18.81
SUGG,2020-03-16,19.3586486486486,20.25,18.94
SUGG,2020-03-17,20.455,20.98,19.22
SUGG,2020-03-18,20.8169696969697,21.46,20.03
SUGG,2020-03-19,21.4336,22.11,20.59
SUGG,2020-03-20,21.9267647058824,22.75,21.15
SUGG,2020-03-21,22.1848717948718,23.58,21.2
SUGG,2020-03-22,22.3632352941176,22.97,21.71
SUGG,2020-03-23,22.4821428571429,23.55,21.59
SUGG,2020-03-24,22.6491891891892,23.01,22.05
SUGG,2020-03-25,23.615,26.22,22.43
SUGG,2020-03-26,24.9768421052632,25.94,24.36
SUGG,2020-03-27,24.3216279069767,24.93,23.74
SUGG,2020-03-28,24.2543902439024,24.57,23.62
SUGG,2020-03-29,24.2154761904762,24.61,23.53
SUGG,2020-03-30,24.4383720930233,25.21,24.13
SUGG,2020-03-31,24.5175862068966,25.36,24.14
SUGG,2020-04-01,25.5597297297297,26.76,23.95
SUGG,2020-04-02,24.1537209302326,25.19,23.13
SUGG,2020-04-03,23.1402173913043,23.32,22.98
SUGG,2020-04-04,22.8951063829787,23.1,22.8
SUGG,2020-04-05,22.9139583333333,23.16,22.78
SUGG,2020-04-06,22.9966666666667,23.48,22.56
SUGG,2020-04-07,22.9669444444444,23.52,22.51
SUGG,2020-04-08,22.8429166666667,22.94,22.77
SUGG,2020-04-09,23.85875,25.18,22.8
SUGG,2020-04-10,24.9475,26.44,23.74
SUGG,2020-04-11,24.6391489361702,25.39,23.47
SUGG,2020-04-12,23.5397435897436,24.3,23.23
SUGG,2020-04-13,24.7021052631579,25.75,23.72
SUGG,2020-04-14,25.490869565217402,25.98,24.57
SUGG,2020-04-15,25.29875,25.47,25.25
SUGG,2020-04-16,24.4510416666667,25.46,23.38
SUGG,2020-04-17,23.5033333333333,24.22,22.78
SUGG,2020-04-18,23.2874358974359,23.72,22.75
SUGG,2020-04-19,23.5822727272727,23.85,23.2
SUGG,2020-04-20,24.857037037037,25.8,23.68
SUGG,2020-04-21,25.7558139534884,26.9,24.9
SUGG,2020-04-22,25.3776595744681,25.79,25.13
SUGG,2020-04-23,25.4771428571429,26.15,24.97
SUGG,2020-04-24,25.9804166666667,26.73,24.97
SUGG,2020-04-25,25.1358333333333,25.39,24.73
SUGG,2020-04-26,25.7008695652174,26.6,24.71
SUGG,2020-04-27,25.8584615384615,27.07,24.85
SUGG,2020-04-28,25.2016666666667,25.99,24.47
SUGG,2020-04-29,24.8435416666667,25.26,24.4
SUGG,2020-04-30,25.6464583333333,26.61,24.74
SUGG,2020-05-01,25.7345833333333,26.87,24.83
SUGG,2020-05-02,25.3914583333333,26.34,24.54
SUGG,2020-05-03,24.5686956521739,24.75,24.43
SUGG,2020-05-04,24.660625,24.92,24.52
SUGG,2020-05-05,25.0931707317073,25.67,24.59
SUGG,2020-05-06,25.5883870967742,26.26,25.09
SUGG,2020-05-07,26.4427027027027,27.7,24.9
SUGG,2020-05-08,25.1778260869565,26.31,24.02
SUGG,2020-05-09,25.0133333333333,26.06,23.96
SUGG,2020-05-10,24.6655813953488,25.11,24.17
SUGG,2020-05-11,24.0539583333333,24.38,23.55
SUGG,2020-05-12,24.26075,24.9,23.43
SUGG,2020-05-13,24.6262162162162,25.44,23.97
SUGG,2020-05-14,25.0212765957447,25.79,24.21
SUGG,2020-05-15,25.3297916666667,26.13,24.51
SUGG,2020-05-16,25.5480487804878,26.27,24.78
SUGG,2020-05-17,26.1097727272727,26.8,25.22
SUGG,2020-05-18,26.076170212766,26.82,25.91
SUGG,2020-05-19,26.7665957446808,27.88,25.98
SUGG,2020-05-20,27.1314634146341,28.42,26.04
SUGG,2020-05-21,27.1773684210526,27.98,26.59
SUGG,2020-05-22,27.097380952381,27.73,26.63
SUGG,2020-05-23,27.6362162162162,28.91,26.52
SUGG,2020-05-24,28.0521951219512,28.44,27.62
SUGG,2020-05-25,28.3723529411765,28.73,27.34
SUGG,2020-05-26,27.7091666666667,28.39,26.89
SUGG,2020-05-27,27.3779166666667,27.81,26.86
SUGG,2020-05-28,27.4586956521739,28.08,27.02
SUGG,2020-05-29,27.6406818181818,28.37,27.11
SUGG,2020-05-30,27.5376086956522,28.6,27.04
SUGG,2020-05-31,27.6031818181818,28.75,27.31
SUGG,2020-06-01,27.7457446808511,28.3,27.34
SUGG,2020-06-02,28.6093103448276,29.48,27.27
SUGG,2020-06-03,28.3960606060606,29.01,27.99
SUGG,2020-06-04,27.9985106382979,28.59,27.68
SUGG,2020-06-05,27.5947916666667,27.98,27.29
SUGG,2020-06-06,27.3644680851064,27.76,27.23
SUGG,2020-06-07,27.005,27.33,26.55
SUGG,2020-06-08,26.56625,26.88,26.36
SUGG,2020-06-09,26.7089361702128,27.63,26.36
SUGG,2020-06-10,26.775625,27.03,26.53
SUGG,2020-06-11,26.9173913043478,27.55,26.45
SUGG,2020-06-12,27.0825,27.72,26.62
SUGG,2020-06-13,27.3545,28.43,26.86
SUGG,2020-06-14,27.7865909090909,28.59,26.97
SUGG,2020-06-15,28.2856097560976,28.9,27.41
SUGG,2020-06-16,28.1948148148148,28.91,27.69
SUGG,2020-06-17,27.9539130434783,28.56,27.6
SUGG,2020-06-18,27.8868085106383,28.53,27.64
SUGG,2020-06-19,27.7276595744681,28.11,27.46
SUGG,2020-06-20,27.9821276595745,28.69,27.2
SUGG,2020-06-21,28.2385106382979,28.57,27.94
SUGG,2020-06-22,28.2110416666667,28.57,27.95
SUGG,2020-06-23,28.266170212766,28.79,27.92
SUGG,2020-06-24,29.3510810810811,30.41,28.12
SUGG,2020-06-25,29.2451282051282,29.67,28.81
SUGG,2020-06-26,29.3228260869565,29.8,28.79
SUGG,2020-06-27,29.346170212766,29.73,29.01
SUGG,2020-06-28,29.5740909090909,31.3,28.92
SUGG,2020-06-29,29.5864444444444,29.89,29.07
SUGG,2020-06-30,29.6790243902439,30.06,29.21
SUGG,2020-07-01,29.9207894736842,30.43,29.29
SUGG,2020-07-02,30.6171794871795,31.75,29.76
SUGG,2020-07-03,30.2435555555556,31.15,29.77
SUGG,2020-07-04,29.8279069767442,30.13,29.4
SUGG,2020-07-05,29.4472916666667,29.92,28.91
SUGG,2020-07-06,29.0417391304348,29.55,28.56
SUGG,2020-07-07,28.6728260869565,29.05,28.13
SUGG,2020-07-08,28.9044444444444,29.82,28.13
SUGG,2020-07-09,28.9637837837838,29.43,28.54
SUGG,2020-07-10,29.1545,29.54,28.78
SUGG,2020-09-07,29.87,29.94,29.79
SUGG,2020-09-08,29.6609523809524,30.32,29.15
SUGG,2020-09-09,29.3146341463415,29.86,28.95
SUGG,2020-09-10,29.1195555555556,29.52,28.93
SUGG,2020-09-11,29.1497222222222,29.57,28.99
SUGG,2020-09-12,29.35,29.81,28.94
SUGG,2020-09-13,29.2134042553191,29.71,28.8
SUGG,2020-09-14,29.1666666666667,29.83,28.71
SUGG,2020-09-15,29.2634090909091,29.95,28.88
SUGG,2020-09-16,29.0823404255319,29.49,28.8
SUGG,2020-09-17,29.0040909090909,29.64,28.54
SUGG,2020-09-18,28.7510416666667,29.05,28.42
SUGG,2020-09-19,28.7574358974359,29.63,28.27
SUGG,2020-09-20,27.889375,28.25,27.1
SUGG,2020-09-21,26.4904166666667,27.07,25.85
SUGG,2020-09-22,25.9616666666667,26.44,25.48
SUGG,2020-09-23,25.8039583333333,26.32,25.29
SUGG,2020-09-24,25.5578723404255,26.01,25.24
SUGG,2020-09-25,26.025,26.57,25.5
SUGG,2020-09-26,26.2639130434783,26.51,25.96
SUGG,2020-09-27,26.2635416666667,26.48,26.07
SUGG,2020-09-28,26.5242424242424,27.22,25.91
SUGG,2020-09-29,26.6307142857143,27.01,26.11
SUGG,2020-09-30,27.0107317073171,28.09,25.81
SUGG,2020-10-01,25.8751063829787,26.32,25.32
SUGG,2020-10-02,25.3363829787234,25.58,25.08
SUGG,2020-10-03,25.066875,25.32,24.54
SUGG,2020-10-04,24.446170212766,24.9,24.1
SUGG,2020-10-05,23.831875,24.08,23.52
SUGG,2020-10-06,23.5593617021277,23.69,23.47
SUGG,2020-10-07,23.7228888888889,24.34,23.55
SUGG,2020-10-08,24.0982352941176,24.71,23.74
SUGG,2020-10-09,24.4366666666667,25.06,23.98
SUGG,2020-10-10,24.7730434782609,25.21,24.39
SUGG,2020-10-11,25.5961538461538,27.52,24.66
SUGG,2020-10-12,26.42,27.32,25.9
SUGG,2020-10-13,26.7,27.96,26.11
SUGG,2020-10-14,26.7473684210526,27.89,26.42
SUGG,2020-10-15,26.7311428571429,27.11,26.17
SUGG,2020-10-16,26.5902272727273,26.78,26.44
SUGG,2020-10-17,26.5293181818182,27.16,26.05
SUGG,2020-10-18,25.9895,26.86,25.4
SUGG,2020-10-19,25.7931914893617,26.28,25.35
SUGG,2020-10-20,25.83625,26.14,25.4
SUGG,2020-10-21,25.9039130434783,26.24,25.54
SUGG,2020-10-22,25.6745833333333,25.89,25.41
SUGG,2020-10-23,25.8606976744186,26.3,25.37
SUGG,2020-10-24,25.8582978723404,26.19,25.53
SUGG,2020-10-25,25.709512195122,26.05,25.49
SUGG,2020-10-26,25.7564583333333,25.87,25.64
SUGG,2020-10-27,26.1548484848485,26.49,25.62
SUGG,2020-10-28,26.4546875,26.77,26.17
SUGG,2020-10-29,26.6155555555556,26.86,26.28
SUGG,2020-10-30,26.7148936170213,27.32,25.67
SUGG,2020-10-31,25.3932608695652,26.11,24.38
SUGG,2020-11-01,24.9473170731707,25.46,24.33
SUGG,2020-11-02,24.7004347826087,25.72,23.81
SUGG,2020-11-03,23.0739583333333,23.71,22
SUGG,2020-11-04,21.8545833333333,22.51,21.03
SUGG,2020-11-05,21.5147826086957,21.91,20.99
SUGG,2020-11-06,21.8395454545455,22.26,21.11
SUGG,2020-11-07,22.3986666666667,22.91,21.79
SUGG,2020-11-08,22.9391666666667,23.27,22.32
SUGG,2020-11-09,23.2072916666667,23.49,22.68
SUGG,2020-11-10,23.3641666666667,23.48,23.06
SUGG,2020-11-11,23.8808510638298,24.12,23.37
SUGG,2020-11-12,24.0660869565217,24.34,23.88
SUGG,2020-11-13,24.0466666666667,24.34,23.78
SUGG,2020-11-14,23.831875,24.11,23.59
SUGG,2020-11-15,23.6429787234043,24.01,23.37
SUGG,2020-11-16,23.7565909090909,24.34,23.55
SUGG,2020-11-17,23.7308333333333,24.03,22.97
SUGG,2020-11-18,22.5154761904762,23.24,21.31
SUGG,2020-11-19,21.0275,21.65,20.1
SUGG,2020-11-20,19.8466666666667,20.14,19.5
SUGG,2020-11-21,19.7389361702128,20.01,19.44
SUGG,2020-11-22,20.2723913043478,20.65,19.68
SUGG,2020-11-23,20.5704255319149,20.86,20.26
SUGG,2020-11-24,20.9866666666667,21.61,20.42
SUGG,2020-11-25,20.7685416666667,21.23,20.21
SUGG,2020-11-26,20.8756818181818,21.17,20.38
SUGG,2020-11-27,21.2029545454545,21.77,20.88
SUGG,2020-11-28,21.2008333333333,21.31,21.08
SUGG,2020-11-29,21.2990476190476,22.31,21.07
SUGG,2020-11-30,21.411875,21.7,21.23
SUGG,2020-12-01,21.0397916666667,21.87,19.43
SUGG,2020-12-02,18.6452083333333,19.28,17.59
SUGG,2020-12-03,16.8085416666667,17.54,15.84
SUGG,2020-12-04,16.4227272727273,16.8,15.65
SUGG,2020-12-05,16.8985416666667,17.32,16.47
SUGG,2020-12-06,16.9231914893617,17.58,16.31
SUGG,2020-12-07,16.3610416666667,16.66,16.17
SUGG,2020-12-08,16.274375,16.85,15.25
SUGG,2020-12-09,15.133125,15.7,14.42
SUGG,2020-12-10,14.7772727272727,15.39,14.25
SUGG,2020-12-11,14.2345833333333,14.38,14.17
SUGG,2020-12-12,14.5286046511628,15.26,14.11
SUGG,2020-12-13,14.628125,14.78,14.51
SUGG,2020-12-14,14.728125,14.85,14.62
SUGG,2020-12-15,15.7663157894737,16.41,14.87
SUGG,2020-12-16,16.0512820512821,16.42,15.65
SUGG,2020-12-17,16.0479166666667,16.17,15.92
SUGG,2020-12-18,15.4935416666667,16.06,14.52
SUGG,2020-12-19,14.4860416666667,14.99,13.64
SUGG,2020-12-20,14.1480434782609,14.53,13.43
SUGG,2020-12-21,14.445652173913,15,14.13
SUGG,2021-04-08,20.1409375,20.52,19.8
SUGG,2021-04-09,20.877,22.73,20.1
SUGG,2021-04-10,20.89375,22.25,20.3
SUGG,2021-04-11,23.020243902439,24.1,22.14
SUGG,2021-04-12,21.6597916666667,22.14,21.13
SUGG,2021-04-13,21.8007142857143,23.04,21.13
SUGG,2021-04-14,22.0112903225806,22.62,21.59
SUGG,2021-04-15,22.40125,23.52,21.74
SUGG,2021-04-16,23.9807692307692,24.98,22.22
SUGG,2021-04-17,23.2209375,23.7,22.39
SUGG,2021-04-18,22.8437777777778,23.39,22.68
SUGG,2021-04-19,23.02925,23.36,22.73
SUGG,2021-04-20,23.2347368421053,23.75,22.71
SUGG,2021-04-21,23.402,23.62,23.14
SUGG,2021-04-22,24.5970833333333,26.32,22.79
SUGG,2021-04-23,23.39025,25.19,22.31
SUGG,2021-04-24,23.3778947368421,25.2,22.35
SUGG,2021-04-25,23.851875,24.47,22.55
SUGG,2021-04-26,25.4760416666667,26.65,23.7
SUGG,2021-04-27,25.525,26.65,24.55
SUGG,2021-04-28,25.7084444444444,26.84,24.69
SUGG,2021-04-29,26.1813888888889,28.55,24.82
SUGG,2021-04-30,26.975625,28.04,25.3
SUGG,2021-05-01,28.0648888888889,29.62,26.11
SUGG,2021-05-02,27.5666666666667,30.62,26.59
SUGG,2021-05-03,27.5318181818182,29.06,26.58
SUGG,2021-05-04,28.0802083333333,29.14,26.58
SUGG,2021-05-05,29.1027083333333,30.48,27.25
SUGG,2021-05-06,29.2976744186047,30.35,28.14
SUGG,2021-05-07,28.4783333333333,29.28,27.06
SUGG,2021-05-08,27.2460416666667,28.32,25.78
SUGG,2021-05-09,27.2105,30.12,25.61
SUGG,2021-05-10,27.2822916666667,28.33,25.59
SUGG,2021-05-11,27.4871428571429,28.27,26.59
SUGG,2021-05-12,27.8141860465116,29.39,26.74
SUGG,2021-05-13,28.5334042553191,30.12,26.36
SUGG,2021-05-14,25.6,26.4,24.46
SUGG,2021-05-15,24.9151063829787,25.79,24.01
SUGG,2021-05-16,24.6835416666667,25.45,23.99
SUGG,2021-05-17,24.8353191489362,25.83,24.02
SUGG,2021-05-18,25.18,26.03,24.14
SUGG,2021-05-19,25.525625,26.33,24.61
SUGG,2021-05-20,25.2929166666667,25.83,24.67
SUGG,2021-05-21,25.3527272727273,26.12,24.69
SUGG,2021-05-22,25.4744680851064,26.04,24.75
SUGG,2021-05-23,26.0495652173913,27.12,24.9
SUGG,2021-05-24,26.9984375,28.75,25.33
SUGG,2021-05-25,26.941875,28.36,25.78
SUGG,2021-05-26,27.653,31.55,26.3
SUGG,2021-05-27,28.9470588235294,32.36,26.67
SUGG,2021-05-28,29.3388461538462,31.55,27.79
SUGG,2021-05-29,30.0658536585366,32.34,28.13
SUGG,2021-05-30,28.8802083333333,29.75,27.87
SUGG,2021-05-31,28.7468888888889,30.64,27.17
SUGG,2021-06-01,27.69,29.05,26.71
SUGG,2021-06-02,28.0811904761905,29.83,26.75
SUGG,2021-06-03,28.458,29.9,27.4
SUGG,2021-06-04,28.6431111111111,30.48,27.5
SUGG,2021-06-05,28.6375,30.46,27.84
SUGG,2021-06-06,29.5207317073171,31.7,28.03
SUGG,2021-06-07,30.0869565217391,32.06,28.5
SUGG,2021-06-08,29.7652083333333,30.56,28.77
SUGG,2021-06-09,30.2231818181818,32.57,28.77
SUGG,2021-06-10,30.4263157894737,33.55,29.22
SUGG,2021-06-11,30.9053333333333,32.55,29.22
SUGG,2021-06-12,30.780625,31.82,29.56
SUGG,2021-06-13,30.0683333333333,31.52,28.96
SUGG,2021-06-14,29.5184090909091,31.92,28.29
SUGG,2021-06-15,28.7423404255319,30.18,27.78
SUGG,2021-06-16,28.0452083333333,29.87,26.98
SUGG,2021-06-17,28.4129166666667,29.57,27.03
SUGG,2021-06-18,29.9365714285714,31.65,27.56
SUGG,2021-06-19,30.0483783783784,32.15,28.76
SUGG,2021-06-20,29.8566666666667,31.03,28.88
SUGG,2021-06-21,29.098125,29.52,28.55
SUGG,2021-06-22,28.3685416666667,29.33,27.54
SUGG,2021-06-23,27.5483333333333,28.11,27.03
SUGG,2021-06-24,28.6112195121951,30.75,27.05
SUGG,2021-06-25,27.643829787234,29.27,26.64
SUGG,2021-06-26,27.0479545454545,28.41,26.51
SUGG,2021-06-27,26.9897674418605,28.24,26.48
SUGG,2021-06-28,28.3932608695652,29.73,26.54
SUGG,2021-06-29,28.6809302325581,29.36,27.91
SUGG,2021-06-30,28.6836170212766,29.47,27.94
SUGG,2021-07-01,28.2887234042553,28.76,27.68
SUGG,2021-07-02,28.3268085106383,29.2,27.64
SUGG,2021-07-03,28.581914893617,29.61,27.68
SUGG,2021-07-04,28.05125,28.91,27.5
SUGG,2021-07-05,27.7218181818182,28.84,27.21
SUGG,2021-07-06,28.106875,29.62,27.22
SUGG,2021-07-07,28.528085106383,29.33,27.19
SUGG,2021-07-08,26.856875,27.4,26.44
SUGG,2021-07-09,28.3627659574468,29.65,26.49
SUGG,2021-07-10,29.28875,30.65,28.07
SUGG,2021-07-11,30.3741860465116,32.21,28.26
SUGG,2021-07-12,30.2744736842105,32.18,28.94
SUGG,2021-07-13,29.9909523809524,31.53,28.81
SUGG,2021-07-14,29.8318181818182,31.25,28.8
SUGG,2021-07-15,30.0697674418605,31.13,28.85
SUGG,2021-07-16,30.4515,31.83,29.38
SUGG,2021-07-17,31.2885714285714,34.21,29.44
SUGG,2021-07-18,30.8095,32.38,29.65
SUGG,2021-07-19,31.0935714285714,33.56,29.65
SUGG,2021-07-20,30.1191304347826,32.43,28.74
SUGG,2021-07-21,30.7195744680851,32.87,28.78
SUGG,2021-07-22,30.4583720930233,31.94,29.49
SUGG,2021-07-23,31.5904444444444,33.57,29.53
SUGG,2021-07-24,30.8670212765957,33.09,29.33
SUGG,2021-07-25,30.4071428571429,31.61,29.34
SUGG,2021-07-26,30.4504166666667,31.39,29.56
SUGG,2021-07-27,30.895,32.12,29.48
SUGG,2021-07-28,30.9664285714286,32.71,29.89
SUGG,2021-07-29,30.203829787234,31.74,29.09
SUGG,2021-07-30,30.24375,31.69,29.13
SUGG,2021-07-31,31.3117073170732,33.07,29.51
SUGG,2021-08-01,31.4314583333333,32.58,30.2
SUGG,2021-08-02,31.123125,32.37,30
SUGG,2021-08-03,30.7235714285714,32.57,29.22
SUGG,2021-08-04,28.9527083333333,29.45,28.32
SUGG,2021-08-05,28.789347826087,30.13,28.2
SUGG,2021-08-06,27.9579166666667,28.4,27.44
SUGG,2021-08-07,29.0279166666667,30.05,27.46
SUGG,2021-08-08,30.7659090909091,32.44,28.46
SUGG,2021-08-09,31.1134090909091,33.84,29.57
SUGG,2021-08-10,31.0572972972973,32.79,29.64
SUGG,2021-08-11,31.2035714285714,33.52,29.77
SUGG,2021-08-12,30.7542424242424,32.41,29.77
SUGG,2021-08-13,30.3047727272727,31.85,29.09
SUGG,2021-08-14,30.12,31.18,29.13
SUGG,2021-08-15,29.086875,30.13,28.19
SUGG,2021-08-16,29.2131914893617,30.01,28.21
SUGG,2021-08-17,28.8189583333333,29.41,28.21
SUGG,2021-08-18,29.4829166666667,30.36,28.23
SUGG,2021-08-19,31.0151515151515,33.6,28.95
SUGG,2021-08-20,31.0046153846154,33.55,29.66
SUGG,2021-08-21,31.9145454545455,33.62,29.65
SUGG,2021-08-22,32.40125,33.83,30.75
SUGG,2021-08-23,31.5827083333333,32.81,30.31
SUGG,2021-08-24,30.9266666666667,32.24,29.83
SUGG,2021-08-25,29.7760869565217,31.9,28.59
SUGG,2021-08-26,29.5464,31.8,28.57
SUGG,2021-08-27,29.0828260869565,29.77,28.61
SUGG,2021-08-28,29.1460416666667,29.79,28.6
SUGG,2021-08-29,29.4359574468085,30.42,28.63
SUGG,2021-08-30,30.1159090909091,31.52,28.98
SUGG,2021-08-31,31.9036842105263,34.83,29.44
SUGG,2021-09-01,30.8391666666667,32.38,29.9
SUGG,2021-09-02,28.839375,29.84,28.14
SUGG,2021-09-03,29.13625,30.38,28.14
SUGG,2021-09-04,29.0083333333333,30.01,28.1
SUGG,2021-09-05,29.1434285714286,31.55,28.06
SUGG,2021-09-06,30.0852380952381,32.14,28.22
SUGG,2021-09-07,30.0480769230769,33.5,28.97
SUGG,2021-09-08,29.9897435897436,32.11,28.92
SUGG,2021-09-09,29.2894285714286,30.99,28.3
SUGG,2021-09-10,28.8330434782609,29.51,28.21
SUGG,2021-09-11,28.8415384615385,29.88,28.18
SUGG,2021-09-12,28.328,28.93,27.86
SUGG,2021-09-13,28.7222916666667,29.52,27.84
SUGG,2021-09-14,29.2824137931034,31.79,28.07
SUGG,2021-09-15,28.7566666666667,29.81,28.07
SUGG,2021-09-16,29.1169444444444,30.35,28.05
SUGG,2021-09-17,29.0578571428571,30.06,28.27
SUGG,2021-09-18,29.0251428571429,31.54,28.24
SUGG,2021-09-19,28.8208823529412,29.97,28.21
SUGG,2021-09-20,28.3638461538462,29.36,27.81
SUGG,2021-09-21,28.0811904761905,28.82,27.58
SUGG,2021-09-22,28.2883333333333,30.2,27.57
SUGG,2021-09-23,29.275,31.33,27.67
SUGG,2021-09-24,28.6569047619048,30.68,27.2
SUGG,2021-09-25,27.712380952381,28.77,26.97
SUGG,2021-09-26,27.5694285714286,29.33,26.91
SUGG,2021-09-27,27.4524324324324,29.91,26.68
SUGG,2021-09-28,27.8535135135135,29.83,26.65
SUGG,2021-09-29,27.4122857142857,29.62,26.52
SUGG,2021-09-30,27.3605714285714,29.41,26.39
SUGG,2021-10-01,27.3427027027027,28.56,26.36
SUGG,2021-10-02,27.3739024390244,28.16,26.4
SUGG,2021-10-03,27.0863636363636,28,26.32
SUGG,2021-10-04,26.9454545454545,27.89,26.27
SUGG,2021-10-05,27.3841666666667,29.2,26.22
SUGG,2021-10-06,27.1476470588235,28.37,26.39
SUGG,2021-10-07,27.1744444444444,28.31,26.44
SUGG,2021-10-08,27.27625,29.52,26.44
SUGG,2021-10-09,27.28875,28.38,26.55
SUGG,2021-10-10,27.3885416666667,28.29,26.47
SUGG,2021-10-11,27.2673913043478,28.36,26.42
SUGG,2021-10-12,27.0966666666667,28.34,26.45
SUGG,2021-10-13,27.1406382978723,27.88,26.4
SUGG,2021-10-14,27.3836363636364,28.52,26.47
SUGG,2021-10-15,27.536,29.82,26.6
SUGG,2021-10-16,27.8151428571429,29.16,26.63
SUGG,2021-10-17,27.6084444444444,29.58,25.73
SUGG,2021-10-18,25.8466666666667,26.76,24.73
SUGG,2021-10-19,25.1002127659574,26.06,24.24
SUGG,2021-10-20,24.756875,25.39,24.16
SUGG,2021-10-21,24.6397777777778,25.38,24.02
SUGG,2021-10-22,25.3958823529412,27.83,23.98
SUGG,2021-10-23,25.7407692307692,27.51,24.28
SUGG,2021-10-24,26.1534375,28.28,24.63
SUGG,2021-10-25,25.0883720930233,25.44,24.62
SUGG,2021-10-26,25.9904166666667,26.76,24.87
SUGG,2021-10-27,25.7420833333333,26.74,24.56
SUGG,2021-10-28,25.0992857142857,27.55,24.17
SUGG,2021-10-29,23.9827083333333,24.31,23.39
SUGG,2021-10-30,23.14375,23.72,22.41
SUGG,2021-10-31,22.4247916666667,23.04,21.51
SUGG,2021-11-01,21.43625,21.89,20.77
SUGG,2021-11-02,21.7186486486486,22.72,20.72
SUGG,2021-11-03,22.3433333333333,24.35,20.77
SUGG,2021-11-04,21.68675,23.16,20.93
SUGG,2021-11-05,21.023125,21.84,20.3
SUGG,2021-11-06,19.5739583333333,20.28,18.32
SUGG,2021-11-07,17.5664583333333,18.28,16.7
SUGG,2021-11-08,17.0860416666667,17.72,16.61
SUGG,2021-11-09,17.115625,17.63,16.48
SUGG,2021-11-10,17.8989130434783,18.83,16.41
SUGG,2021-11-11,18.5910638297872,19.15,17.41
SUGG,2021-11-12,19.701875,20.46,18.45
SUGG,2021-11-13,20.3932558139535,20.96,19.71
SUGG,2021-11-14,19.8283333333333,20.93,18.24
SUGG,2021-11-15,18.69,19.9,17.84
SUGG,2021-11-16,18.2607142857143,19.04,17.77
SUGG,2021-11-17,18.3684,19.53,17.63
SUGG,2021-11-18,18.84725,19.6,17.56
SUGG,2021-11-19,19.984,21.08,18.57
SUGG,2021-11-20,19.3382978723404,20.47,18.61
SUGG,2021-11-21,18.9189583333333,19.24,18.5
SUGG,2021-11-22,19.6195833333333,20.12,18.64
SUGG,2021-11-23,19.524375,20.18,18.53
SUGG,2021-11-24,18.1366666666667,18.88,17.05
SUGG,2021-11-25,17.373125,17.84,16.88
SUGG,2021-11-26,18.0719512195122,20.55,16.87
SUGG,2021-11-27,17.0460416666667,17.43,16.39
SUGG,2021-11-28,16.9497727272727,18.51,16.1
SUGG,2021-11-29,16.6460416666667,17.84,15.88
SUGG,2021-11-30,16.318125,17.02,15.6
SUGG,2021-12-01,16.3407142857143,17.55,15.36
SUGG,2021-12-02,16.720243902439,18.37,15.24
SUGG,2021-12-03,16.6558333333333,17.92,15.76
SUGG,2021-12-04,17.193125,18.73,15.89
SUGG,2021-12-05,17.3008510638298,18.74,16.44
SUGG,2021-12-06,17.6033333333333,19.77,16.3
SUGG,2021-12-07,18.1642553191489,19.5,16.83
SUGG,2021-12-08,18.9284444444444,19.61,18.02
SUGG,2021-12-09,18.829375,19.24,18.13
SUGG,2021-12-10,19.0710416666667,19.67,18.59
SUGG,2021-12-11,20.6088095238095,22.71,18.62
SUGG,2021-12-12,20.9018604651163,21.81,20.11
SUGG,2021-12-13,20.3477083333333,21.03,19.37
SUGG,2021-12-14,19.8325,20.55,19.16
SUGG,2021-12-15,19.535652173913,20.33,19.13
SUGG,2021-12-16,19.732972972973,19.95,19.04
SUGG,2021-12-17,21.1236956521739,21.93,19.87
SUGG,2021-12-18,21.5720833333333,22.78,20.61
SUGG,2021-12-19,21.7566666666667,22.52,20.63
SUGG,2021-12-20,21.7172916666667,22.42,20.62
SUGG,2021-12-21,19.6166666666667,20.63,18.55
SUGG,2021-12-22,18.141875,18.59,17.37
SUGG,2021-12-23,17.2752083333333,17.85,16.53
SUGG,2021-12-24,16.8760416666667,17.43,16.2
SUGG,2021-12-25,17.5888095238095,19.01,16.14
SUGG,2021-12-26,17.3955319148936,18.18,16.55
SUGG,2021-12-27,18.1422916666667,18.99,17.02
SUGG,2021-12-28,19.0195454545455,20.38,17.89
SUGG,2021-12-29,19.2195555555556,20.58,17.98
SUGG,2021-12-30,19.7239583333333,20.48,18.42
SUGG,2021-12-31,20.4941666666667,21.1,19.54
SUGG,2022-01-01,21.839375,22.73,20.82
SUGG,2022-01-02,22.0410416666667,22.85,21.23
SUGG,2022-01-03,21.7677083333333,22.42,20.7
SUGG,2022-01-04,19.6722916666667,20.59,18.41
SUGG,2022-01-05,18.4525,18.87,18.11
SUGG,2022-01-06,18.3008510638298,19.13,17.66
SUGG,2022-01-07,18.3189130434783,19.84,17.53
SUGG,2022-01-08,17.66625,17.82,17.61
SUGG,2022-01-14,16.894,17.82,16.25
SUGG,2022-01-15,16.435,16.95,15.81
SUGG,2022-01-16,16.2692105263158,18.8,15.65
SUGG,2022-01-17,15.8216666666667,16.39,14.6
SUGG,2022-01-18,14.860625,15.42,14.08
SUGG,2022-01-19,14.3548648648649,15.62,13.59
SUGG,2022-01-20,15.39775,16.4,13.46
SUGG,2022-01-21,15.5995833333333,16.44,14.52
SUGG,2022-01-22,15.0570833333333,15.61,14.27
SUGG,2022-01-23,13.6452083333333,14.24,12.87
SUGG,2022-01-24,12.8622916666667,13.32,12.25
SUGG,2022-01-25,13.4183720930233,14.62,12.1
SUGG,2022-01-26,13.09,13.44,12.88
SUGG,2022-01-27,12.8247916666667,13.13,12.61
SUGG,2022-01-28,13.1283333333333,13.6,12.76
SUGG,2022-01-29,13.1397916666667,13.49,12.37
SUGG,2022-01-30,12.2089583333333,12.7,11.44
SUGG,2022-01-31,12.0097727272727,12.58,11.36
SUGG,2022-02-01,12.6586956521739,13.7,11.34
SUGG,2022-02-02,12.849756097561,13.47,11.83
SUGG,2022-02-03,13.8695555555556,15.01,12.46
SUGG,2022-02-04,15.555208333333301,16.38,13.89
SUGG,2022-02-05,17.1508333333333,18.06,15.77
SUGG,2022-02-06,16.6475,17.56,15.76
SUGG,2022-02-07,15.2029166666667,15.74,14.62
SUGG,2022-02-08,14.48625,14.87,14.15
SUGG,2022-02-09,13.9872916666667,14.18,13.52
SUGG,2022-02-10,14.2064583333333,14.88,13.46
SUGG,2022-02-11,15.0964705882353,16.9,13.5
SUGG,2022-02-12,16.431935483871,18.63,14.02
SUGG,2022-02-13,17.6364,19.44,15.53
SUGG,2022-02-14,16.1775675675676,18.13,14.58
SUGG,2022-02-15,15.0508333333333,15.87,14.32
SUGG,2022-02-16,14.8079166666667,15.18,14.19
SUGG,2022-02-17,15.7595652173913,16.47,14.47
SUGG,2022-02-18,17.6033333333333,18.35,15.92
SUGG,2022-02-19,19.1670833333333,19.89,17.8
SUGG,2022-02-20,18.7377083333333,19.55,17.54
SUGG,2022-02-21,18.2975,18.97,17.39
SUGG,2022-02-22,19.1173333333333,20.22,17.71
SUGG,2022-02-23,20.6791428571429,22.46,18.66
SUGG,2022-02-24,22.5203225806452,24.56,20.41
SUGG,2022-02-25,23.405625,26.26,21.79
SUGG,2022-02-26,23.6627659574468,25.12,22.43
SUGG,2022-02-27,23.2561538461538,24.59,22.4
SUGG,2022-02-28,23.8713043478261,25.12,22.47
SUGG,2022-03-01,20.8054166666667,22.45,19.39
SUGG,2022-03-02,20.2914583333333,21.34,19.21
SUGG,2022-03-03,20.6834285714286,23.33,19.16
SUGG,2022-03-04,20.9778787878788,23.68,19.22
SUGG,2022-03-05,20.5505263157895,21.77,19.22
SUGG,2022-03-06,21.166,21.88,19.95
SUGG,2022-03-07,22.1058695652174,23.16,20.61
SUGG,2022-03-08,23.2578723404255,24.77,21.64
SUGG,2022-03-09,24.0902325581395,25.4,22.97
SUGG,2022-03-10,23.81125,24.79,22.93
SUGG,2022-03-11,22.5225,23.11,21.95
SUGG,2022-03-12,21.588125,21.93,21.29
SUGG,2022-03-13,20.3466666666667,21.28,18.34
SUGG,2022-03-14,18.4727083333333,19.37,17.54
SUGG,2022-03-15,18.5183333333333,19.01,17.54
SUGG,2022-03-16,18.5864583333333,18.84,18.38
SUGG,2022-03-17,19.8348936170213,21.03,18.46
SUGG,2022-03-18,21.629347826087,23.67,19.48
SUGG,2022-03-19,22.19,23.97,20.68
SUGG,2022-03-20,22.2727083333333,23.05,21.15
SUGG,2022-03-21,22.06125,23.1,20.88
SUGG,2022-03-22,20.9333333333333,21.21,20.78
SUGG,2022-03-23,22.5670967741935,23.31,21.73
SUGG,2022-03-24,22.2012765957447,22.64,21.66
SUGG,2022-03-25,21.4635416666667,21.95,20.74
SUGG,2022-03-26,21.3666666666667,22.38,20.42
SUGG,2022-03-27,21.063125,21.78,20.29
SUGG,2022-03-28,21.083125,21.63,20.29
SUGG,2022-03-29,22.169375,23.08,20.6
SUGG,2022-03-30,24.0663636363636,29,21.48
SUGG,2022-03-31,23.0310416666667,24.36,22.21
SUGG,2022-04-01,21.929375,22.35,21.58
SUGG,2022-04-02,24.7731707317073,28.47,21.57
SUGG,2022-04-03,21.969375,23.13,21.18
SUGG,2022-04-04,23.315,25.66,21.13
SUGG,2022-04-05,23.9361363636364,26.33,21.9
SUGG,2022-04-06,24.0979545454545,24.74,22.91
SUGG,2022-04-07,24.7077083333333,25.63,24.03
SUGG,2022-04-08,24.698125,25.71,23.09
SUGG,2022-04-09,23.1775,24.18,21.9
SUGG,2022-04-10,22.0470833333333,22.66,21.19
SUGG,2022-04-11,22.9468181818182,26.53,21.17
SUGG,2022-04-12,22.7717021276596,24.21,21.25
SUGG,2022-04-13,24.1463636363636,27.39,21.85
SUGG,2022-04-14,24.7066666666667,26.45,23.04
SUGG,2022-04-15,25.0308333333333,26.24,23.93
SUGG,2022-04-16,25.2155555555556,26.07,24.38
SUGG,2022-04-17,27.0207142857143,30.78,24.62
SUGG,2022-04-18,27.3353191489362,30.1,25.5
SUGG,2022-04-19,26.0797916666667,27.28,24.41
SUGG,2022-04-20,24.9360416666667,26.35,23.37
SUGG,2022-04-21,24.0370833333333,24.84,23.33
SUGG,2022-04-22,23.8416666666667,24.51,23.25
SUGG,2022-04-23,23.981875,24.7,23.25
SUGG,2022-04-24,24.371875,25.13,23.38
SUGG,2022-04-25,24.8765957446809,25.78,23.8
SUGG,2022-04-26,26.2082926829268,28.78,24.2
SUGG,2022-04-27,27.7739534883721,30.43,24.85
SUGG,2022-04-28,27.1825,29.81,25.27
SUGG,2022-04-29,25.7004347826087,26.83,24.79
SUGG,2022-04-30,25.2735416666667,26.31,24.52
SUGG,2022-05-01,25.5143902439024,27.76,24.54
SUGG,2022-05-02,26.1803225806452,28.51,24.76
SUGG,2022-05-03,27.3517647058824,31.09,25.33
SUGG,2022-05-04,27.8876595744681,30,25.87
SUGG,2022-05-05,29.4461538461538,32.29,26.12
SUGG,2022-05-06,30.22625,32.46,27.68
SUGG,2022-05-07,28.3141666666667,29.26,27.16
SUGG,2022-05-08,27.7416666666667,28.75,26.46
SUGG,2022-05-09,27.7178048780488,30.46,25.77
SUGG,2022-05-10,26.3129166666667,27.56,25.09
SUGG,2022-05-11,25.9541666666667,26.96,25
SUGG,2022-05-12,25.87875,26.85,24.95
SUGG,2022-05-13,25.690625,26.55,24.88
SUGG,2022-05-14,26.357619047619,28.84,24.92
SUGG,2022-05-15,28.9426315789474,34.02,24.98
SUGG,2022-05-16,26.8936111111111,31.24,25.7
SUGG,2022-05-17,28.2144680851064,31.28,25.73
SUGG,2022-05-18,30.2067391304348,33.07,26.92
SUGG,2022-05-19,28.4066666666667,28.77,28.15
SUGG,2022-05-20,30.9036585365854,32.67,28.72
SUGG,2022-05-21,29.195,31.24,27.31
SUGG,2022-05-22,27.9610416666667,29.86,26.79
SUGG,2022-05-23,29.1636170212766,31.17,26.79
SUGG,2022-05-24,30.5166666666667,32.98,27.76
SUGG,2022-05-25,30.2310638297872,32.27,28.63
SUGG,2022-05-26,29.2454166666667,30.48,28.22
SUGG,2022-05-27,29.2229166666667,30.45,28.21
SUGG,2022-05-28,28.185625,28.72,27.37
SUGG,2022-05-29,29.3916666666667,30.88,27.41
SUGG,2022-05-30,30.1375675675676,34.79,28.11
SUGG,2022-05-31,29.4608695652174,31.15,28.38
SUGG,2022-06-01,29.0183333333333,30.45,27.93
SUGG,2022-06-02,29.3389130434783,30.85,27.98
SUGG,2022-06-03,30.93,34.7,28.39
SUGG,2022-06-04,30.1959523809524,32.03,28.66
SUGG,2022-06-05,29.651875,30.66,28.65
SUGG,2022-06-06,30.0797826086957,32.75,28.68
SUGG,2022-06-07,29.2811904761905,31.35,28.19
SUGG,2022-06-08,30.9344736842105,33.98,28.18
SUGG,2022-06-09,31.7838461538462,35.54,29.36
SUGG,2022-06-10,31.1475,32.91,29.62
SUGG,2022-06-11,31.2045833333333,32.73,29.62
SUGG,2022-06-12,30.4079166666667,31.67,29.16
SUGG,2022-06-13,29.8635416666667,30.68,29.16
SUGG,2022-06-14,31.085625,32.19,29.24
SUGG,2022-06-15,32.1302173913043,35.25,30.37
SUGG,2022-06-16,31.9403225806452,34.5,30.37
SUGG,2022-06-17,31.8625,33.39,30.66
SUGG,2022-06-18,32.9080952380952,35.87,30.66
SUGG,2022-06-19,31.691875,32.88,30.41
SUGG,2022-06-20,31.6490909090909,33.66,30.3
SUGG,2022-06-21,30.9275555555556,32.22,29.87
SUGG,2022-06-22,31.085,32.5,29.88
SUGG,2022-06-23,31.8453658536585,35.63,29.84
SUGG,2022-06-24,31.6141666666667,33.28,29.99
SUGG,2022-06-25,30.9645833333333,34.17,29.52
SUGG,2022-06-26,30.4341666666667,31.49,29.5
SUGG,2022-06-27,30.24875,31.13,29.33
SUGG,2022-06-28,29.9016666666667,30.81,29.32
SUGG,2022-06-29,30.8335135135135,33.99,29.35
SUGG,2022-06-30,31.1423913043478,33.32,29.87
SUGG,2022-07-01,30.4997777777778,32.87,29.45
SUGG,2022-07-02,30.1370454545455,32.74,29.12
SUGG,2022-07-03,30.5839130434783,33.59,29.13
SUGG,2022-07-04,29.9823255813953,31.37,29.15
SUGG,2022-07-05,31.3828125,34.33,29.18
SUGG,2022-07-06,31.1235555555556,32.85,29.89
SUGG,2022-07-07,32.3587878787879,35.42,29.95
SUGG,2022-07-08,31.2769444444444,33.32,30.11
SUGG,2022-07-09,31.6940425531915,34.54,30.11
SUGG,2022-07-10,31.231914893617,34.05,30.01
SUGG,2022-07-11,30.3174468085106,31.35,29.45
SUGG,2022-07-12,30.7936170212766,32.49,29.48
SUGG,2022-07-13,31.559375,32.95,29.71
SUGG,2022-07-14,32.28125,33.92,30.63
SUGG,2022-07-15,32.4420930232558,35.9,30.17
SUGG,2022-07-16,32.0431914893617,34.33,30.16
SUGG,2022-07-17,30.3739583333333,31.63,29.45
SUGG,2022-07-18,32.02,35.55,29.45
SUGG,2022-07-19,30.1608333333333,31.07,29.46
SUGG,2022-07-20,30.4467391304348,32.28,29.44
SUGG,2022-07-21,30.7377083333333,32.71,29.29
SUGG,2022-07-22,31.9966666666667,33.72,29.3
SUGG,2022-07-23,32.751914893617,35.28,30.49
SUGG,2022-07-24,31.2836956521739,34.45,29.86
SUGG,2022-07-25,30.8954347826087,33.64,29.4
SUGG,2022-07-26,30.9670731707317,34.33,29.41
SUGG,2022-07-27,31.3395238095238,35.75,29.75
SUGG,2022-07-28,31.316976744186,33.76,29.73
SUGG,2022-07-29,32.423157894736804,33.89,29.93
SUGG,2022-07-30,32.9661111111111,35.87,30.69
SUGG,2022-07-31,32.5722222222222,35.51,30.99
SUGG,2022-08-01,32.7807317073171,35.7,31.03
SUGG,2022-08-02,32.2734375,35.21,31.02
SUGG,2022-08-03,33.0782978723404,35.49,30.91
SUGG,2022-08-04,32.1691666666667,35.54,30.79
SUGG,2022-08-05,31.9502083333333,33.43,30.71
SUGG,2022-08-06,31.8579166666667,32.89,30.7
SUGG,2022-08-07,31.7445652173913,33.4,30.7
SUGG,2022-08-08,31.493829787234,32.97,30.22
SUGG,2022-08-09,30.7486956521739,32.59,29.63
SUGG,2022-08-10,31.2861363636364,33.37,29.66
SUGG,2022-08-11,32.2186363636364,34.08,30.3
SUGG,2022-08-12,30.72,31.54,29.73
SUGG,2022-08-13,30.6160416666667,32.31,29.61
SUGG,2022-08-14,30.1375,31.44,29.17
SUGG,2022-08-15,30.4384444444444,32.09,29.16
SUGG,2022-08-16,31.5972340425532,33.62,29.36
SUGG,2022-08-17,31.2189361702128,32.49,29.81
SUGG,2022-08-18,31.64,34.81,29.67
SUGG,2022-08-19,29.7424390243902,32.12,28.98
SUGG,2022-08-20,31.076,34.6,29.02
SUGG,2022-08-21,30.9731428571429,33.91,29.27
SUGG,2022-08-22,30.7714634146341,34.28,29.38
SUGG,2022-08-23,30.4089361702128,32.35,29.19
SUGG,2022-08-24,30.3910869565217,33.99,29.17
SUGG,2022-08-25,30.5971052631579,33.21,29.17
SUGG,2022-08-26,30.8732258064516,32.82,29.31
SUGG,2022-08-27,31.0911904761905,33.85,29.58
SUGG,2022-08-28,31.3434090909091,35.84,29.68
SUGG,2022-08-29,30.86275,35.24,29.54
SUGG,2022-08-30,30.6322222222222,32.49,29.52
SUGG,2022-08-31,30.9245833333333,32.69,29.62
SUGG,2022-09-01,30.8452083333333,33,29.68
SUGG,2022-09-02,30.4528571428571,34.69,29.08
SUGG,2022-09-03,29.4439583333333,30.47,28.84
SUGG,2022-09-04,29.7383333333333,31.26,28.81
SUGG,2022-09-05,30.3059090909091,33.42,28.88
SUGG,2022-09-06,31.5978378378378,35.53,29.09
SUGG,2022-09-07,32.6344186046512,35.34,30.12
SUGG,2022-09-08,31.6702325581395,33.97,29.49
SUGG,2022-09-09,29.15875,29.75,28.48
SUGG,2022-09-10,28.8544186046512,30.72,28.15
SUGG,2022-09-11,28.670625,29.47,27.91
SUGG,2022-09-12,30.0179166666667,32.3,27.91
SUGG,2022-09-13,29.4817021276596,30.63,28.23
SUGG,2022-09-14,29.5982978723404,31.44,28.25
SUGG,2022-09-15,29.2220833333333,30.38,28.15
SUGG,2022-09-16,28.8236170212766,29.58,28.09
SUGG,2022-09-17,28.4566666666667,29.09,27.83
SUGG,2022-09-18,28.1274468085106,29.06,27.51
SUGG,2022-09-19,27.9408333333333,28.91,27.34
SUGG,2022-09-20,28.7821276595745,30.18,27.32
SUGG,2022-09-21,28.7548936170213,30.39,27.71
SUGG,2022-09-22,28.9057142857143,29.92,27.82
SUGG,2022-09-23,30.4752083333333,32.7,27.94
SUGG,2022-09-24,28.2560416666667,28.89,27.41
SUGG,2022-09-25,28.2138636363636,29.34,27.27
SUGG,2022-09-26,29.6246511627907,33.33,27.25
SUGG,2022-09-27,30.0390697674419,32.69,27.43
SUGG,2022-09-28,27.72,28.74,26.53
SUGG,2022-09-29,25.6666666666667,26.52,24.37
SUGG,2022-09-30,23.0604166666667,24.33,22.01
SUGG,2022-10-01,22.8354166666667,23.49,21.91
SUGG,2022-10-02,25.2766666666667,28.07,22.28
SUGG,2022-10-03,24.5321276595745,25.98,22.98
SUGG,2022-10-04,23.6639583333333,25,22.65
SUGG,2022-10-05,23.2952083333333,23.93,22.63
SUGG,2022-10-06,24.6222727272727,27.01,22.59
SUGG,2022-10-07,25.8972916666667,29.2,22.71
SUGG,2022-10-08,25.8472340425532,28.78,23.02
SUGG,2022-10-09,24.9229545454545,26.96,23.18
SUGG,2022-10-10,25.1153658536585,26.89,23.29
SUGG,2022-10-11,25.7178571428571,28.04,23.9
SUGG,2022-10-12,25.9104545454545,27.16,24.34
SUGG,2022-10-13,26.381875,27.59,25.24
SUGG,2022-10-14,26.8947916666667,28.23,25.33
SUGG,2022-10-15,26.1795744680851,28.37,24.68
SUGG,2022-10-16,25.5497916666667,26.81,24.32
SUGG,2022-10-17,26.3588372093023,28.66,24.25
SUGG,2022-10-18,25.7351111111111,27.35,24.73
SUGG,2022-10-19,24.325625,25.62,22.29
SUGG,2022-10-20,22.088125,22.88,20.92
SUGG,2022-10-21,21.8020833333333,23.16,20.47
SUGG,2022-10-22,20.9358333333333,21.87,19.96
SUGG,2022-10-23,20.9327083333333,21.76,19.88
SUGG,2022-10-24,22.2797435897436,25.4,20.18
SUGG,2022-10-25,22.2475,24.21,20.57
SUGG,2022-10-26,24.3902702702703,28.73,20.95
SUGG,2022-10-27,22.8858333333333,23.52,21.78
SUGG,2022-10-28,23.4010256410256,27.26,22.22
SUGG,2022-10-29,22.8529166666667,23.43,22.27
SUGG,2022-10-30,22.1985416666667,22.54,21.89
SUGG,2022-10-31,23.10825,24.48,21.88
SUGG,2022-11-01,25.4770731707317,27.91,22.56
SUGG,2022-11-02,25.933,28.85,23.51
SUGG,2022-11-03,24.7329268292683,27.26,23.88
SUGG,2022-11-04,24.275625,25.54,22.99
SUGG,2022-11-05,23.6879166666667,24.21,22.88
SUGG,2022-11-06,24.6316279069767,26.2,23.26
SUGG,2022-11-07,24.7066666666667,25.55,23.83
SUGG,2022-11-08,24.1195833333333,25.05,23.29
SUGG,2022-11-09,23.3645833333333,24,22.49
SUGG,2022-11-10,21.630625,22.43,20.9
SUGG,2022-11-11,21.1226086956522,21.24,20.9
SUGG,2022-11-12,21.735,22.11,21.12
SUGG,2022-11-13,22.5004166666667,23.12,21.6
SUGG,2022-11-14,21.4610416666667,22.09,20.39
SUGG,2022-11-15,20.815625,21.28,20.33
SUGG,2022-11-16,21.4922916666667,22.35,20.65
SUGG,2022-11-17,20.71625,21.52,19.57
SUGG,2022-11-18,19.4820833333333,20.21,18.64
SUGG,2022-11-19,18.5102083333333,19.27,17.58
SUGG,2022-11-20,17.5464583333333,18.1,17.04
SUGG,2022-11-21,16.5870833333333,17,16.06
SUGG,2022-11-22,16.7670833333333,16.98,16.01
SUGG,2022-11-23,17.1116666666667,17.36,16.81
SUGG,2022-11-24,17.6002083333333,18.13,16.98
SUGG,2022-11-25,19.3728260869565,19.99,17.7
SUGG,2022-11-26,21.113125,22.01,19.94
SUGG,2022-11-27,21.1814583333333,22.09,19.73
SUGG,2022-11-28,20.9297916666667,21.73,19.81
SUGG,2022-11-29,20.6975,21.85,19.69
SUGG,2022-11-30,20.4845652173913,21.08,19.58
SUGG,2022-12-01,20.3602083333333,21.01,19.31
SUGG,2022-12-02,19.339375,19.86,18.8
SUGG,2022-12-03,19.3241666666667,19.82,18.79
SUGG,2022-12-04,20.67675,23.11,18.79
SUGG,2022-12-05,20.4051063829787,21.9,18.91
SUGG,2022-12-06,21.4252083333333,23.1,19.57
SUGG,2022-12-07,22.3680487804878,24.91,20.13
SUGG,2022-12-08,22.0907142857143,25.09,19.93
SUGG,2022-12-09,21.5757777777778,23.61,19.87
SUGG,2022-12-10,21.3810416666667,22.95,20.17
SUGG,2022-12-11,20.6936170212766,22,20.08
SUGG,2022-12-12,19.7779166666667,20.14,19.27
SUGG,2022-12-13,19.7485416666667,20.54,19.06
SUGG,2022-12-14,19.2154166666667,19.64,18.95
SUGG,2022-12-15,19.7766666666667,20.24,18.98
SUGG,2022-12-16,19.63375,20.15,18.88
SUGG,2022-12-17,19.0365957446809,20.37,18.12
SUGG,2022-12-18,18.4042222222222,19.73,17.49
SUGG,2022-12-19,17.144375,17.99,16.21
SUGG,2022-12-20,16.6122916666667,17.21,16.06
SUGG,2022-12-21,16.3412195121951,17.15,15.86
SUGG,2022-12-22,15.9035555555556,16.12,15.66
SUGG,2022-12-23,16.0777083333333,16.66,15.66
SUGG,2022-12-24,15.398125,16.35,13.76
SUGG,2022-12-25,13.0977083333333,13.73,11.99
SUGG,2022-12-26,11.6272916666667,12.29,10.94
SUGG,2022-12-27,11.0089583333333,12.15,10.37
SUGG,2022-12-28,11.0076595744681,12.09,10.21
SUGG,2022-12-29,11.5669047619048,12.85,10.26
SUGG,2022-12-30,12.6679166666667,13.45,11.16
SUGG,2022-12-31,14.96875,16.91,12.65
SUGG,2023-01-01,15.6504166666667,16.22,14.97
SUGG,2023-01-02,17.7071794871795,20.2,15.81
SUGG,2023-01-03,18.2647368421053,19.75,15.63
SUGG,2023-01-04,17.9586956521739,19.67,16.06
SUGG,2023-01-05,18.5095833333333,18.79,18.34
SUGG,2023-01-06,18.588125,19.44,16.97
SUGG,2023-01-07,16.6429166666667,17.39,15.42
SUGG,2023-01-08,16.03125,16.74,15.05
SUGG,2023-01-09,16.5504545454545,18.54,14.87
SUGG,2023-01-10,16.445625,17.39,15.56
SUGG,2023-01-11,16.2602127659574,17.45,15.16
SUGG,2023-01-12,16.5765789473684,19.73,15
SUGG,2023-01-13,16.0625,16.64,15.24
SUGG,2023-01-14,15.58875,16.38,14.46
SUGG,2023-01-15,14.1070833333333,14.61,13.3
SUGG,2023-01-16,13.658085106383,14.76,12.81
SUGG,2023-01-17,14.2097619047619,17.18,12.69
SUGG,2023-01-18,13.5910416666667,14.18,12.63
SUGG,2023-01-19,15.4577777777778,16.68,13.56
SUGG,2023-01-20,15.7,16.19,14.73
SUGG,2023-01-21,16.9461363636364,18.49,15.87
SUGG,2023-01-22,15.79125,16.09,15.47
SUGG,2023-01-23,16.5185416666667,16.96,15.46
SUGG,2023-01-24,16.589375,17.2,15.8
SUGG,2023-01-25,16.4822222222222,17.01,15.65
SUGG,2023-01-26,17.1229166666667,17.43,16.34
SUGG,2023-01-27,16.8341666666667,17.6,15.92
SUGG,2023-01-28,16.1929166666667,17.16,15.23
SUGG,2023-01-29,15.58375,16.01,15.04
SUGG,2023-01-30,17.0604347826087,17.84,15.48
SUGG,2023-01-31,19.0110638297872,20.78,16.94
SUGG,2023-02-01,21.7665853658537,24.89,18.84
SUGG,2023-02-02,21.7162790697674,23.71,20.05
SUGG,2023-02-03,21.1462222222222,22.17,19.86
SUGG,2023-02-04,18.7614583333333,20.62,17.16
SUGG,2023-02-05,17.2789583333333,17.86,16.91
SUGG,2023-02-06,18.1163636363636,19.89,16.9
SUGG,2023-02-07,17.8035416666667,18.97,16.84
SUGG,2023-02-08,17.933829787234,19.17,10.56
SUGG,2023-02-09,19.0444444444444,20.1,17.49
SUGG,2023-02-10,19.940652173913,20.88,18.32
SUGG,2023-02-11,20.456875,21.14,19.7
SUGG,2023-02-12,19.93,20.45,19.07
SUGG,2023-02-13,18.528125,19.07,17.48
SUGG,2023-02-14,17.910625,18.5,17.19
SUGG,2023-02-15,18.4413043478261,19.79,17.12
SUGG,2023-02-16,19.3116279069767,20.12,17.61
SUGG,2023-02-17,20.201875,21.45,18.79
SUGG,2023-02-18,20.0254166666667,20.69,18.77
SUGG,2023-02-19,18.6016666666667,19.27,17.98
SUGG,2023-02-20,19.6746341463415,22.29,17.95
SUGG,2023-02-21,19.405625,20.27,18.5
SUGG,2023-02-22,20.139375,20.76,18.89
SUGG,2023-02-23,21.5389583333333,22.48,20.15
SUGG,2023-02-24,22.5093181818182,23.52,21.07
SUGG,2023-02-25,24.6665,27.36,22.23
SUGG,2023-02-26,24.3970833333333,25.58,22.87
SUGG,2023-02-27,24.0579166666667,25.33,22.86
SUGG,2023-02-28,23.405625,24.18,22.78
SUGG,2023-03-01,23.54875,24.31,22.78
SUGG,2023-03-02,24.208125,25.02,22.98
SUGG,2023-03-03,23.7452083333333,24.3,23.01
SUGG,2023-03-04,23.4575,23.86,22.92
SUGG,2023-03-05,23.395,23.65,22.93
SUGG,2023-03-06,24.2641025641026,27.61,22.87
SUGG,2023-03-07,25.4942105263158,28.85,23.24
SUGG,2023-03-08,24.4972340425532,25.56,23.46
SUGG,2023-03-09,23.6177083333333,24.63,22.6
SUGG,2023-03-10,23.1138636363636,24.43,22.37
SUGG,2023-03-11,22.8152083333333,23.31,22.29
SUGG,2023-03-12,23.1841304347826,25.13,21.99
SUGG,2023-03-13,22.721875,23.2,21.92
SUGG,2023-03-14,22.231875,22.87,21.05
SUGG,2023-03-15,21.2282978723404,22.1,19.88
SUGG,2023-03-16,20.105625,20.97,19.11
SUGG,2023-03-17,21.1839534883721,23.22,19.07
SUGG,2023-03-18,20.635,21.34,19.71
SUGG,2023-03-19,20.0758333333333,20.79,19.09
SUGG,2023-03-20,19.4533333333333,20.4,18.45
SUGG,2023-03-21,18.806875,19.75,18.02
SUGG,2023-03-22,18.6908510638298,19.15,17.94
SUGG,2023-03-23,21.2306818181818,23.38,18.59
SUGG,2023-03-24,23.0197222222222,26.34,20.23
SUGG,2023-03-25,23.9341666666667,25.38,21.49
SUGG,2023-03-26,24.1721276595745,24.9,22.95
SUGG,2023-03-27,25.4047916666667,26.46,23.86
SUGG,2023-03-28,26.17625,27.25,24.65
SUGG,2023-03-29,25.6510416666667,26.84,24.11
SUGG,2023-03-30,24.180625,25.78,22.8
SUGG,2023-03-31,23.594375,24.7,22.63
SUGG,2023-04-01,24.0454166666667,25.22,22.6
SUGG,2023-04-02,24.4147916666667,25.05,23.29
SUGG,2023-04-03,25.6720833333333,26.91,24.13
SUGG,2023-04-04,26.125652173913,28.18,24.34
SUGG,2023-04-05,26.00875,27.29,24.81
SUGG,2023-04-06,27.0545,28.55,25.07
SUGG,2023-04-07,27.202380952381,30.05,25.83
SUGG,2023-04-08,27.7378571428571,31.54,26.27
SUGG,2023-04-09,26.5685416666667,27.79,24.51
SUGG,2023-04-10,23.2608333333333,24.37,22.14
SUGG,2023-04-11,22.085625,22.6,21.51
SUGG,2023-04-12,22.0777083333333,22.68,21.47
SUGG,2023-04-13,22.0091666666667,22.41,21.46
SUGG,2023-04-14,23.5438095238095,26.33,21.86
SUGG,2023-04-15,24.409375,25.44,22.66
SUGG,2023-04-16,26.5418918918919,29.71,23.68
SUGG,2023-04-17,26.319347826087,27.72,24.55
SUGG,2023-04-18,24.788125,26.01,23.31
SUGG,2023-04-19,24.3559574468085,25.81,23.28
SUGG,2023-04-20,23.6747826086957,24.31,23.02
SUGG,2023-04-21,24.1011904761905,25.03,23.02
SUGG,2023-04-22,24.7436585365854,26.68,23.37
SUGG,2023-04-23,26.2061363636364,28.38,23.43
SUGG,2023-04-24,24.7077083333333,26.19,23.43
SUGG,2023-04-25,24.1425,24.71,23.53
SUGG,2023-04-26,24.4104166666667,25.17,23.53
SUGG,2023-04-27,25.4263414634146,26.65,23.77
SUGG,2023-04-28,25.1204255319149,26.34,24.33
SUGG,2023-04-29,25.3844680851064,26.03,24.31
SUGG,2023-04-30,25.5979166666667,26.57,24.57
SUGG,2023-05-01,24.9264583333333,25.83,23.98
SUGG,2023-05-02,24.8114583333333,25.48,24
SUGG,2023-05-03,25.0277777777778,26.02,24.11
SUGG,2023-05-04,24.72125,25.46,24
SUGG,2023-05-05,26.2753191489362,28.38,23.99
SUGG,2023-05-06,25.4162790697674,26.4,24.52
SUGG,2023-05-07,24.99875,25.71,24.35
SUGG,2023-05-08,25.2227083333333,26.23,24.36
SUGG,2023-05-09,27.7924390243902,30.79,24.38
SUGG,2023-05-10,27.7041666666667,29.1,26.27
SUGG,2023-05-11,27.6030555555556,30.33,26.56
SUGG,2023-05-12,27.6538636363636,28.97,26.64
SUGG,2023-05-13,28.0420512820513,30.41,26.72
SUGG,2023-05-14,28.3866666666667,31.02,26.7
SUGG,2023-05-15,28.4208108108108,31.73,27.03
SUGG,2023-05-16,27.9953333333333,29.24,26.92
SUGG,2023-05-17,29.8556756756757,34.53,26.94
SUGG,2023-05-18,28.7477083333333,30.37,27.76
SUGG,2023-05-19,28.9252777777778,30.78,27.71
SUGG,2023-05-20,29.7057142857143,32.3,27.65
SUGG,2023-05-21,29.8060465116279,31.61,28.32
SUGG,2023-05-22,29.797027027027,34.39,28.1
SUGG,2023-05-23,28.0344736842105,29.48,27.13
SUGG,2023-05-24,27.7525,28.89,26.91
SUGG,2023-05-25,27.2252083333333,27.94,26.4
SUGG,2023-05-26,27.143125,28.08,26.41
SUGG,2023-05-27,25.8172916666667,26.41,24.57
SUGG,2023-05-28,25.2352083333333,26.15,24.33
SUGG,2023-05-29,26.7054347826087,28.72,24.31
SUGG,2023-05-30,27.521914893617,29.62,25.47
SUGG,2023-05-31,28.169,31.06,26.15
SUGG,2023-06-01,27.3795833333333,28.46,26.53
SUGG,2023-06-02,27.3687234042553,28.36,26.52
SUGG,2023-06-03,27.5793617021277,28.46,26.59
SUGG,2023-06-04,27.9510416666667,29.24,26.7
SUGG,2023-06-05,27.24875,28.41,26.34
SUGG,2023-06-06,27.4726086956522,28.37,26.35
SUGG,2023-06-07,29.5134482758621,32.49,27.65
SUGG,2023-06-08,28.8181578947368,31.04,27.37
SUGG,2023-06-09,29.1216666666667,30.64,27.41
SUGG,2023-06-10,28.4282608695652,31.03,27.22
SUGG,2023-06-11,28.8764516129032,31.43,27.26
SUGG,2023-06-12,30.3559459459459,33.73,28.05
SUGG,2023-06-13,29.5752083333333,30.97,28.38
SUGG,2023-06-14,29.998125,31.25,28.41
SUGG,2023-06-15,30.0529166666667,31.39,28.35
SUGG,2023-06-16,28.130625,29.56,26.98
SUGG,2023-06-17,27.9595652173913,28.81,26.96
SUGG,2023-06-18,28.4541666666667,29.59,27.28
SUGG,2023-06-19,30.391875,32.27,27.94
SUGG,2023-06-20,30.7266666666667,32.5,28.58
SUGG,2023-06-21,28.7020833333333,29.85,28.04
SUGG,2023-06-22,28.116875,28.72,27.4
SUGG,2023-06-23,27.281875,28.2,26.56
SUGG,2023-06-24,27.63625,28.72,26.52
SUGG,2023-06-25,28.7751063829787,29.91,27.38
SUGG,2023-06-26,30.9164444444444,33.47,28.12
SUGG,2023-06-27,31.2415217391304,33.3,29.45
SUGG,2023-06-28,31.036875,32.53,29.47
SUGG,2023-06-29,32.1293181818182,34.37,30.05
SUGG,2023-06-30,32.2202380952381,34.4,30.49
SUGG,2023-07-01,31.5342222222222,32.98,30.14
SUGG,2023-07-02,31.57525,33.92,30.13
SUGG,2023-07-03,32.0094444444444,35.77,30.27
SUGG,2023-07-04,32.2896875,35.11,30.61
SUGG,2023-07-05,32.9788235294118,35.35,30.97
SUGG,2023-07-06,33.4279545454545,35.86,31.29
SUGG,2023-07-07,32.9135416666667,34.38,31.25
SUGG,2023-07-08,31.93,33.18,30.54
SUGG,2023-07-09,31.4075,32.48,30.29
SUGG,2023-07-10,31.3377083333333,32.48,30.31
SUGG,2023-07-11,30.055625,31.12,29.21
SUGG,2023-07-12,30.033125,31.07,29.22
SUGG,2023-07-13,31.3308571428571,34.43,29.4
SUGG,2023-07-14,32.90725,35.41,30.13
SUGG,2023-07-15,32.3874468085106,33.69,30.65
SUGG,2023-07-16,31.90375,33.05,30.67
SUGG,2023-07-17,30.9445833333333,32.45,29.85
SUGG,2023-07-18,30.6893617021277,33.01,29.53
SUGG,2023-07-19,31.8162162162162,35.69,29.55
SUGG,2023-07-20,32.0818181818182,34.44,30.04
SUGG,2023-07-21,33.5915,35.64,31.7
SUGG,2023-07-22,33.3102083333333,35.33,31.29
SUGG,2023-07-23,32.0397916666667,33.85,30.42
SUGG,2023-07-24,30.7547916666667,31.97,29.71
SUGG,2023-07-25,30.7670833333333,31.5,29.76
SUGG,2023-07-26,30.5927083333333,31.95,29.54
SUGG,2023-07-27,31.6024242424242,35.43,29.54
SUGG,2023-07-28,30.64,32.23,29.68
SUGG,2023-07-29,30.3659523809524,32.53,29.43
SUGG,2023-07-30,31.525,35.21,29.45
SUGG,2023-07-31,31.3589583333333,34.46,29.63
SUGG,2023-08-01,29.88225,32.12,29.04
SUGG,2023-08-02,30.1485714285714,31.75,29.04
SUGG,2023-08-03,30.945,32.24,29.28
SUGG,2023-08-04,31.1871428571429,33.12,30.05
SUGG,2023-08-05,30.8233333333333,32.89,29.71
SUGG,2023-08-06,30.8710869565217,31.63,29.65
SUGG,2023-08-07,32.5048936170213,34.46,30.12
SUGG,2023-08-08,33.0395833333333,35.17,30.96
SUGG,2023-08-09,33.0329166666667,34.4,31.5
SUGG,2023-08-10,33.6076595744681,35.59,31.79
SUGG,2023-08-11,33.3658333333333,34.57,32.01
SUGG,2023-08-12,33.9052083333333,35.54,32.11
SUGG,2023-08-13,33.9234285714286,35.68,32.39
SUGG,2023-08-14,33.20125,35.29,31.98
SUGG,2023-08-15,32.7725,35.35,31.46
SUGG,2023-08-16,32.1652083333333,33.65,30.89
SUGG,2023-08-17,31.2571739130435,33.54,30.13
SUGG,2023-08-18,30.8791666666667,32.31,29.65
SUGG,2023-08-19,32.1869565217391,34.46,29.57
SUGG,2023-08-20,31.5166666666667,35.24,30.17
SUGG,2023-08-21,30.71625,32.15,29.89
SUGG,2023-08-22,31.0929166666667,32.24,29.88
SUGG,2023-08-23,31.9392105263158,33.58,30.21
SUGG,2023-08-24,31.209756097561,32.73,30.12
SUGG,2023-08-25,31.0989361702128,32.18,30.11
SUGG,2023-08-26,32.17975,34.01,30.13
SUGG,2023-08-27,31.572972972973,34.13,30.43
SUGG,2023-08-28,31.445,32.51,30.42
SUGG,2023-08-29,31.5157777777778,32.21,30.52
SUGG,2023-08-30,31.4582978723404,34.32,29.47
SUGG,2023-08-31,29.2385416666667,29.49,28.84
SUGG,2023-09-01,30.7141176470588,35.69,28.87
SUGG,2023-09-02,29.3475,30.16,28.61
SUGG,2023-09-03,29.0004347826087,29.71,28.49
SUGG,2023-09-04,29.5308510638298,30.57,28.49
SUGG,2023-09-05,30.1142857142857,32.62,28.62
SUGG,2023-09-06,30.6318421052632,32.99,28.72
SUGG,2023-09-07,31.9057142857143,35.19,28.84
SUGG,2023-09-08,31.9418181818182,34.88,29.42
SUGG,2023-09-09,29.4340425531915,30.62,28.24
SUGG,2023-09-10,29.8551063829787,31.06,28.23
SUGG,2023-09-11,30.6832558139535,33.89,28.48
SUGG,2023-09-12,29.6634285714286,35.3,28.33
SUGG,2023-09-13,29.7696774193548,34.44,28.32
SUGG,2023-09-14,31.1744444444444,35.62,28.62
SUGG,2023-09-15,30.8385,33.84,29.14
SUGG,2023-09-16,30.3240909090909,32.2,28.87
SUGG,2023-09-17,29.47875,30.42,28.7
SUGG,2023-09-18,29.9408333333333,31.1,28.71
SUGG,2023-09-19,29.7408510638298,31.12,28.55
SUGG,2023-09-20,29.10875,30.43,28.11
SUGG,2023-09-21,28.7082608695652,29.32,28.04
SUGG,2023-09-22,28.9091666666667,29.9,27.96
SUGG,2023-09-23,28.480625,29.45,27.58
SUGG,2023-09-24,28.7658333333333,30.42,27.45
SUGG,2023-09-25,29.7953333333333,32.8,27.39
SUGG,2023-09-26,28.1347619047619,31.27,27.35
SUGG,2023-09-27,28.2275,29.41,27.33
SUGG,2023-09-28,27.9273333333333,29.38,27.07
SUGG,2023-09-29,26.7375,27.1,25.97
SUGG,2023-09-30,26.330625,26.75,25.9
SUGG,2023-10-01,26.2541666666667,26.85,25.74
SUGG,2023-10-02,26.098125,26.67,25.69
SUGG,2023-10-03,26.2046808510638,26.78,25.63
SUGG,2023-10-04,26.1375,26.81,25.61
SUGG,2023-10-05,26.3385416666667,27.03,25.65
SUGG,2023-10-06,26.845,27.72,25.83
SUGG,2023-10-07,27.796170212766,29.61,26.3
SUGG,2023-10-08,27.1745833333333,28.45,25.38
SUGG,2023-10-09,25.1883333333333,26.41,24.25
SUGG,2023-10-10,24.5321276595745,25.73,23.42
SUGG,2023-10-11,25.3707692307692,29.31,23.37
SUGG,2023-10-12,23.7379166666667,24.41,23.47
SUGG,2023-10-13,24.3141666666667,24.81,23.73
SUGG,2023-10-14,27.0068181818182,29.94,24.26
SUGG,2023-10-15,25.1216666666667,25.86,24.27
SUGG,2023-10-16,24.5725,25.26,23.67
SUGG,2023-10-17,23.453125,24.07,22.46
SUGG,2023-10-18,23.0641666666667,24.46,22.06
SUGG,2023-10-19,22.8848888888889,24.27,21.92
SUGG,2023-10-20,23.984,26.73,21.9
SUGG,2023-10-21,22.883125,23.51,21.97
SUGG,2023-10-22,23.4079166666667,24.89,22.27
SUGG,2023-10-23,23.5891666666667,25.61,22.22
SUGG,2023-10-24,22.9293617021277,23.42,22.34
SUGG,2023-10-25,23.0233333333333,23.44,22.32
SUGG,2023-10-26,23.5025,23.99,22.54
SUGG,2023-10-27,23.706875,24.25,23.19
SUGG,2023-10-28,24.051914893617,24.88,23.28
SUGG,2023-10-29,24.166875,24.64,23.31
SUGG,2023-10-30,24.681875,25.4,23.76
SUGG,2023-10-31,25.3384210526316,27.63,23.93
SUGG,2023-11-01,25.1333333333333,26.64,23.51
SUGG,2023-11-02,22.799375,23.78,21.4
SUGG,2023-11-03,21.4554166666667,22.03,20.79
SUGG,2023-11-04,20.7766666666667,21.15,20.3
SUGG,2023-11-05,20.4060416666667,20.79,19.78
SUGG,2023-11-06,20.4170833333333,21.24,19.64
SUGG,2023-11-07,20.8911363636364,22.66,19.56
SUGG,2023-11-08,21.7620512820513,25.31,19.54
SUGG,2023-11-09,22.0114634146341,24.74,19.49
SUGG,2023-11-10,22.6918604651163,25.64,19.86
SUGG,2023-11-11,23.2971739130435,25,21.03
SUGG,2023-11-12,22.4117777777778,24.21,20.85
SUGG,2023-11-13,20.986875,22,20.09
SUGG,2023-11-14,20.0222916666667,20.36,19.67
SUGG,2023-11-15,19.7997916666667,19.94,19.67
SUGG,2023-11-16,19.6785714285714,19.7,19.67
SUGG,2023-11-22,21.9031578947368,22.69,21.23
SUGG,2023-11-23,21.11875,21.8,20.14
SUGG,2023-11-24,20.0136170212766,21,19.31
SUGG,2023-11-25,19.273125,20.06,18.71
SUGG,2023-11-26,19.081875,19.48,18.65
SUGG,2023-11-27,18.748125,18.88,18.44
SUGG,2023-11-28,18.5522916666667,19.16,17.76
SUGG,2023-11-29,17.3175,17.84,16.34
SUGG,2023-11-30,16.3825,17.65,15.67
SUGG,2023-12-01,16.2672340425532,16.81,15.59
SUGG,2023-12-02,18.1351351351351,19.96,15.95
SUGG,2023-12-03,20.0333333333333,21.13,18.25
SUGG,2023-12-04,20.2452083333333,21.35,19.69
SUGG,2023-12-05,19.5145652173913,20.25,18.35
SUGG,2023-12-06,18.225,19.41,16.98
SUGG,2023-12-07,16.836875,17.56,16.03
SUGG,2023-12-08,17.1411111111111,19.4,15.93
SUGG,2023-12-09,16.9554347826087,17.54,16
SUGG,2023-12-10,18.44,20.02,16.62
SUGG,2023-12-11,18.1402083333333,18.69,17.14
SUGG,2023-12-12,17.0147916666667,18.04,16.17
SUGG,2023-12-13,16.4279166666667,16.96,16.05
SUGG,2023-12-14,15.9877083333333,16.33,15.57
SUGG,2023-12-15,15.7797916666667,16.03,15.5
SUGG,2023-12-16,16.0020833333333,16.37,15.57
SUGG,2023-12-17,16.244375,16.66,15.75
SUGG,2023-12-18,16.7608695652174,17,16.43
SUGG,2023-12-19,16.5822916666667,17.17,15.78
SUGG,2023-12-20,15.4222916666667,16.13,14.62
SUGG,2023-12-21,14.7935416666667,15.22,14.3
SUGG,2023-12-22,14.8645652173913,15.3,14.25
SUGG,2023-12-23,15.4551162790698,16.38,14.52
SUGG,2023-12-24,15.5876595744681,16.11,15.02
SUGG,2023-12-25,15.959375,16.18,15.39
SUGG,2023-12-26,16.6366666666667,17,15.98
SUGG,2023-12-27,17.8543181818182,19.08,16.79
SUGG,2023-12-28,17.4079166666667,17.98,16.89
SUGG,2023-12-29,16.6270833333333,17.43,15.78
SUGG,2023-12-30,15.6041666666667,16.07,14.98
SUGG,2023-12-31,15.049375,15.47,14.49
SUGG,2024-01-01,15.02,16.16,14.22
SUGG,2024-01-02,15.080625,15.75,14.16
SUGG,2024-01-03,14.5477083333333,15.1,13.96
SUGG,2024-01-04,13.9471428571429,14.09,13.88
SUGG,2024-01-05,13.9833333333333,14.65,13.01
SUGG,2024-01-06,15.5515,16.71,14.69
SUGG,2024-01-07,14.3484210526316,16.47,13.16
SUGG,2024-01-09,15.0218918918919,17,13.66
SUGG,2024-01-10,14.195,14.36,14.09
SUGG,2024-01-11,13.08,13.08,13.08
SUGG,2024-01-12,15.6485714285714,16.67,14.8
SUGG,2024-01-13,15.64125,16.23,14.96
SUGG,2024-01-14,15.38625,15.85,14.78
SUGG,2024-01-15,14.565,15.1,14.05
SUGG,2024-01-16,15.98275,17.46,13.97
SUGG,2024-01-17,15.2604166666667,16.12,13.82
SUGG,2024-01-18,13.6716279069767,14.55,12.99
SUGG,2024-01-19,13.6014893617021,14.43,12.89
SUGG,2024-01-20,13.7864583333333,14.42,13.09
SUGG,2024-01-21,12.785,13.49,11.77
SUGG,2024-01-22,11.8570833333333,12.43,11.42
SUGG,2024-01-23,12.0933333333333,12.43,11.39
SUGG,2024-01-24,13.4197916666667,13.98,12.44
SUGG,2024-01-25,15.236875,16.06,13.78
SUGG,2024-01-26,18.0746666666667,19.75,15.64
SUGG,2024-01-27,19.948125,21.51,18.34
SUGG,2024-01-28,20.0351063829787,21,19.22
SUGG,2024-01-29,18.6854166666667,19.69,16.62
SUGG,2024-01-30,16.6689583333333,17.42,15.79
SUGG,2024-01-31,16.7052272727273,18.24,15.62
SUGG,2024-02-01,15.8060416666667,16.26,15.26
SUGG,2024-02-02,16.1933333333333,17.8,15.11
SUGG,2024-02-03,15.571,16.16,15.28
SUGG,2024-02-07,15.6463888888889,16.11,14.82
SUGG,2024-02-08,15.2479166666667,15.74,14.68
SUGG,2024-02-09,15.7027659574468,16.49,14.64
SUGG,2024-02-10,17.3440909090909,19.51,15.29
SUGG,2024-02-11,17.5228260869565,19.61,16.17
SUGG,2024-02-12,18.444375,19.37,16.94
SUGG,2024-02-13,18.2475,18.71,17.72
SUGG,2024-02-14,17.715,18.46,16.96
SUGG,2024-02-15,17.4978571428571,18.5,16.79
SUGG,2024-02-16,17.6576315789474,19.15,16.65
SUGG,2024-02-17,17.876,19,16.59
SUGG,2024-02-18,17.0935416666667,17.5,16.47
SUGG,2024-02-19,16.0970833333333,16.44,15.55
SUGG,2024-02-20,16.2147916666667,16.95,15.48
SUGG,2024-02-21,16.6886046511628,18.5,15.47
SUGG,2024-02-22,16.0672916666667,16.62,15.36
SUGG,2024-02-23,17.0391891891892,19.46,15.3
SUGG,2024-02-24,16.1047916666667,16.41,15.83
SUGG,2024-02-25,16.5045833333333,17.05,15.79
SUGG,2024-02-26,17.5702222222222,19.13,15.99
SUGG,2024-02-27,18.1240425531915,20.07,16.34
SUGG,2024-02-28,18.22875,19.59,16.91
SUGG,2024-02-29,18.8585416666667,19.36,17.68
SUGG,2024-03-01,18.8333333333333,19.59,18.3
SUGG,2024-03-02,19.5431914893617,20.39,18.29
SUGG,2024-03-03,20.5804545454545,22.76,19.37
SUGG,2024-03-04,21.203023255814,22.44,19.99
SUGG,2024-03-05,21.4875675675676,22.93,20.11
SUGG,2024-03-06,21.5739583333333,22.37,20.82
SUGG,2024-03-07,21.6722916666667,22.81,20.8
SUGG,2024-03-08,22.8378787878788,27.07,21.19
SUGG,2024-03-09,22.5010638297872,23.41,21.73
SUGG,2024-03-10,22.9972916666667,23.63,22.33
SUGG,2024-03-11,22.1991666666667,23.18,20.85
SUGG,2024-03-12,21.0633333333333,21.97,20.09
SUGG,2024-03-13,22.768,25.32,20.03
SUGG,2024-03-14,22.602,23.93,20.86
SUGG,2024-03-15,23.3341176470588,27.95,20.71
SUGG,2024-03-16,23.1997916666667,24.37,21.28
SUGG,2024-03-17,24.2404255319149,25.25,22.58
SUGG,2024-03-18,24.9654347826087,27.32,23.53
SUGG,2024-03-19,23.385652173913,24.88,20.74
SUGG,2024-03-20,21.0969565217391,22.55,19.98
SUGG,2024-03-21,21.5916666666667,24.15,19.85
SUGG,2024-03-22,21.534,22.9,19.81
SUGG,2024-03-23,20.5120833333333,20.91,20.12
SUGG,2024-03-24,21.4468888888889,23.85,20.16
SUGG,2024-03-25,20.4629166666667,20.96,19.79
SUGG,2024-03-26,20.58,21.14,19.77
SUGG,2024-03-27,22.1002083333333,23.38,20.24
SUGG,2024-03-28,21.6079166666667,22.09,21.03
SUGG,2024-03-29,21.6565957446808,22.51,20.92
SUGG,2024-03-30,22.025,23.88,20.79
SUGG,2024-03-31,22.7126086956522,24.58,21.07
SUGG,2024-04-01,22.9165957446809,23.91,21.28
SUGG,2024-04-02,23.7402083333333,24.87,22.13
SUGG,2024-04-03,23.7977083333333,24.63,22.99
SUGG,2024-04-04,22.403125,23.22,21.43
SUGG,2024-04-05,21.7560416666667,22.51,20.9
SUGG,2024-04-06,21.8020833333333,22.67,20.87
SUGG,2024-04-07,22.0364583333333,23.75,20.87
SUGG,2024-04-08,22.1889361702128,23.52,20.87
SUGG,2024-04-09,22.3657446808511,23.3,21.2
SUGG,2024-04-10,22.7625,23.85,21.59
SUGG,2024-04-11,23.0628888888889,23.85,22.12
SUGG,2024-04-12,22.4083333333333,23.09,21.53
SUGG,2024-04-13,22.3525,23.23,21.47
SUGG,2024-04-14,23.0258333333333,24.51,21.45
SUGG,2024-04-15,25.5610256410256,28.97,21.96
SUGG,2024-04-16,26.5747058823529,30.62,23.34
SUGG,2024-04-17,25.2735555555556,27.12,23.59
SUGG,2024-04-18,26.3667391304348,28.53,23.55
SUGG,2024-04-19,28.2628205128205,31.9,25.23
SUGG,2024-04-20,28.4880952380952,31.79,26.04
SUGG,2024-04-21,27.8382926829268,29.49,26.24
SUGG,2024-04-22,26.3279166666667,27.78,23.95
SUGG,2024-04-23,24.5458333333333,25.92,23.22
SUGG,2024-04-24,24.2184782608696,25.78,23.16
SUGG,2024-04-25,25.4131707317073,28.16,23.16
SUGG,2024-04-26,27.0837837837838,31.05,23.61
SUGG,2024-04-27,25.4968292682927,27.36,24.35
SUGG,2024-04-28,24.3048888888889,25.35,23.45
SUGG,2024-04-29,24.2135416666667,25.15,23.44
SUGG,2024-04-30,25.0943902439024,27.23,23.44
SUGG,2024-05-01,26.8468181818182,28.79,24.48
SUGG,2024-05-02,29.2843902439024,33.04,25.41
SUGG,2024-05-03,27.8718181818182,31.78,26.72
SUGG,2024-05-04,28.0476923076923,30.5,26.7
SUGG,2024-05-05,27.9789743589744,31.05,26.81
SUGG,2024-05-06,28.8829545454545,31.26,26.78
SUGG,2024-05-07,29.0086956521739,31.19,27.21
SUGG,2024-05-08,30.1562222222222,32.37,27.58
SUGG,2024-05-09,30.3252173913043,32.34,28.42
SUGG,2024-05-10,30.0229166666667,31.33,28.64
SUGG,2024-05-11,28.0820833333333,28.93,27.11
SUGG,2024-05-12,28.8942222222222,30.47,27.09
SUGG,2024-05-13,27.5641304347826,28.98,26.52
SUGG,2024-05-14,26.4252083333333,27.17,25.71
SUGG,2024-05-15,26.7691666666667,27.27,25.66
SUGG,2024-05-16,27.106875,27.8,26.52
SUGG,2024-05-17,29.6831914893617,31.69,26.54
SUGG,2024-05-18,28.76375,30.25,27.53
SUGG,2024-05-19,28.1541666666667,29.36,27.02
SUGG,2024-05-20,28.5408333333333,29.84,27.01
SUGG,2024-05-21,27.760625,28.8,26.61
SUGG,2024-05-22,28.1465853658537,29.59,26.64
SUGG,2024-05-23,28.43875,29.56,27.43
SUGG,2024-05-24,29.26725,32.77,27.53
SUGG,2024-05-25,31.0386363636364,33.74,27.97
SUGG,2024-05-26,30.7789361702128,32.72,28.89
SUGG,2024-05-27,32.2264285714286,34.86,29.5
SUGG,2024-05-28,31.4529166666667,33.09,30.1
SUGG,2024-05-29,31.4802083333333,32.79,30.03
SUGG,2024-05-30,30.9317073170732,32.45,29.26
SUGG,2024-05-31,30.3285106382979,31.58,28.99
SUGG,2024-06-01,29.461875,30.8,28.08
SUGG,2024-06-02,28.5029166666667,29.55,27.5
SUGG,2024-06-03,28.0977777777778,30.06,27.03
SUGG,2024-06-04,28.1085,29.45,27.12
SUGG,2024-06-05,28.299512195122,29.4,27.22
SUGG,2024-06-06,28.9015625,32.4,27.56
SUGG,2024-06-07,30.8902083333333,32.51,28.15
SUGG,2024-06-08,30.7193333333333,32.35,29.44
SUGG,2024-06-09,32.3364864864865,34.91,29.43
SUGG,2024-06-10,32.4195833333333,34.39,30.31
SUGG,2024-06-11,31.6327083333333,33.34,30
SUGG,2024-06-12,31.7513953488372,34.88,30
SUGG,2024-06-13,31.253125,32.24,30.24
SUGG,2024-06-14,31.1708333333333,32.35,30.07
SUGG,2024-06-15,31.1313043478261,32.37,30.1
SUGG,2024-06-16,31.1978048780488,33.15,30.12
SUGG,2024-06-17,30.7235897435897,31.34,29.92
SUGG,2024-06-18,30.3883333333333,31.35,29.4
SUGG,2024-06-19,29.8447916666667,30.46,29.02
SUGG,2024-06-20,29.1945833333333,29.78,28.58
SUGG,2024-06-21,29.255652173913,29.99,28.55
SUGG,2024-06-22,29.9422916666667,30.72,28.56
SUGG,2024-06-23,30.9407142857143,33.21,29.57
SUGG,2024-06-24,30.795652173913,32.95,29.57
SUGG,2024-06-25,31.5369230769231,33.8,29.65
SUGG,2024-06-26,31.3892857142857,33.24,30.11
SUGG,2024-06-27,31.3887234042553,32.59,30.16
SUGG,2024-06-28,31.788125,32.84,30.37
SUGG,2024-06-29,30.9802083333333,31.96,29.85
SUGG,2024-06-30,30.2543902439024,31.54,29.47
SUGG,2024-07-01,31.5030952380952,35.13,29.47
SUGG,2024-07-02,31.5283333333333,33,29.58
SUGG,2024-07-03,31.5345454545455,35.57,30.29
SUGG,2024-07-04,31.7711764705882,33.71,30.37
SUGG,2024-07-05,32.1430769230769,34.53,30.86
SUGG,2024-07-06,31.5745945945946,32.94,30.67
SUGG,2024-07-07,32.0128571428571,35.08,30.68
SUGG,2024-07-08,32.1426315789474,34.4,30.65
SUGG,2024-07-09,31.1347368421053,33.75,30.09
SUGG,2024-07-10,31.2593617021277,32.93,30.1
SUGG,2024-07-11,30.930625,31.93,30.13
SUGG,2024-07-12,31.544375,33.29,30.13
SUGG,2024-07-13,32.6172340425532,34.65,30.38
SUGG,2024-07-14,32.3505,35.75,30.76
SUGG,2024-07-15,31.865,35.67,30.25
SUGG,2024-07-16,31.4284782608696,34.34,30
SUGG,2024-07-17,31.1245945945946,33.15,30.02
SUGG,2024-07-18,31.04675,32.45,29.97
SUGG,2024-07-19,32.0202631578947,35.45,30
SUGG,2024-07-20,31.44,34.81,30
SUGG,2024-07-21,31.6617777777778,34.38,29.81
SUGG,2024-07-22,31.2913157894737,34.72,29.8
SUGG,2024-07-23,31.2754545454545,33.95,30.07
SUGG,2024-07-24,32.1631578947368,35.35,30.04
SUGG,2024-07-25,31.9859090909091,34.18,30.55
SUGG,2024-07-26,30.9341666666667,32.49,29.9
SUGG,2024-07-27,30.7975,34.44,29.73
SUGG,2024-07-28,30.5208888888889,32.06,29.49
SUGG,2024-07-29,29.5619565217391,30.45,28.98
SUGG,2024-07-30,30.9202631578947,32.78,29
SUGG,2024-07-31,31.402,34.71,29.44
SUGG,2024-08-01,30.7538235294118,32.39,29.93
SUGG,2024-08-02,31.7361363636364,33.97,29.93
SUGG,2024-08-03,31.6709523809524,34.45,30.26
SUGG,2024-08-04,31.432619047619,33.22,30.25
SUGG,2024-08-05,29.8233333333333,30.87,28.28
SUGG,2024-08-06,27.5054166666667,28.2,26.78
SUGG,2024-08-07,27.1216666666667,27.77,26.7
SUGG,2024-08-08,28.7102083333333,29.73,26.86
SUGG,2024-08-09,31.0714634146341,32.56,28.49
SUGG,2024-08-10,31.4785416666667,32.75,30.29
SUGG,2024-08-11,30.7933333333333,31.95,29.79
SUGG,2024-08-12,31.443125,32.75,29.82
SUGG,2024-08-13,32.018085106383,33.89,30.32
SUGG,2024-08-14,32.9412765957447,35.2,30.93
SUGG,2024-08-15,32.219,34.67,31.16
SUGG,2024-08-16,31.2136956521739,32.34,29.98
SUGG,2024-08-17,30.6823913043478,31.92,29.61
SUGG,2024-08-18,31.1938888888889,32.75,29.6
SUGG,2024-08-19,32.1351063829787,34.54,29.84
SUGG,2024-08-20,31.1231914893617,32.02,30.21
SUGG,2024-08-21,32.153488372093,33.72,30.2
SUGG,2024-08-22,31.8641025641026,35.23,30.25
SUGG,2024-08-23,30.5426086956522,32.1,29.58
SUGG,2024-08-24,29.8795454545455,32.07,28.98
SUGG,2024-08-25,30.1732608695652,31.82,28.97
SUGG,2024-08-26,30.6374285714286,32.88,29.17
SUGG,2024-08-27,30.4563414634146,31.82,29.46
SUGG,2024-08-28,30.91,33.17,29.45
SUGG,2024-08-29,30.8027272727273,31.74,29.68
SUGG,2024-08-30,31.1006666666667,32.66,29.72
SUGG,2024-08-31,30.8588095238095,31.95,29.89
SUGG,2024-09-01,31.0929787234043,32.36,29.93
SUGG,2024-09-02,31.0751162790698,32.5,30.09
SUGG,2024-09-03,31.5509756097561,35.35,30.1
SUGG,2024-09-04,30.3831707317073,32.75,29.51
SUGG,2024-09-05,29.9424444444444,30.5,29.39
SUGG,2024-09-06,30.052,32.46,29.31
SUGG,2024-09-07,30.5145238095238,33.24,29.29
SUGG,2024-09-08,29.9966666666667,31.27,29.09
SUGG,2024-09-09,29.3356818181818,30.87,28.75
SUGG,2024-09-10,29.2337777777778,29.85,28.69
SUGG,2024-09-11,28.8125,29.25,28.35
SUGG,2024-09-12,28.3616666666667,29.37,27.93
SUGG,2024-09-13,27.8922916666667,28.28,27.52
SUGG,2024-09-14,27.76125,28.34,27.38
SUGG,2024-09-15,28.3108108108108,30.62,27.39
SUGG,2024-09-16,27.9814583333333,28.89,27.33
SUGG,2024-09-17,27.6214583333333,28.22,27.06
SUGG,2024-09-18,29.6394285714286,33,27.03
SUGG,2024-09-19,29.5933333333333,31.31,27.85
SUGG,2024-09-20,28.2633333333333,28.42,28.17
SUGG,2024-10-01,28.49,28.52,28.46
SUGG,2024-10-02,30.0433333333333,31.64,28.38
SUGG,2024-10-03,29.4180487804878,32.1,28.2
SUGG,2024-10-04,28.8673913043478,30,28.05
SUGG,2024-10-05,28.9171111111111,29.9,27.97
SUGG,2024-10-06,28.3397872340426,29.33,27.58
SUGG,2024-10-07,27.3072916666667,27.9,26.81
SUGG,2024-10-08,26.7164583333333,27.18,26.23
SUGG,2024-10-09,26.8111363636364,27.29,26.19
SUGG,2024-10-10,25.6104255319149,26.32,24.6
SUGG,2024-10-11,24.3885416666667,24.83,23.76
SUGG,2024-10-12,24.228125,24.96,23.54
SUGG,2024-10-13,25,26.46,23.48
SUGG,2024-10-14,25.92225,28.49,23.98
SUGG,2024-10-15,25.386875,26.67,24.14
SUGG,2024-10-16,26.0653658536585,28.89,23.76
SUGG,2024-10-17,23.118125,23.89,21.8
SUGG,2024-10-18,21.7125,22.38,20.98
SUGG,2024-10-19,21.356875,21.87,20.93
SUGG,2024-10-20,21.374375,21.66,20.93
SUGG,2024-10-21,21.4927083333333,21.85,20.95
SUGG,2024-10-22,21.9,22.37,20.91
SUGG,2024-10-23,22.6676086956522,23.25,21.61
SUGG,2024-10-24,23.454375,24.41,22.3
SUGG,2024-10-25,24.855,27.18,22.53
SUGG,2024-10-26,24.5939393939394,27.63,22.9
SUGG,2024-10-27,24.5783870967742,27.6,22.77
SUGG,2024-10-28,24.7245161290323,27.16,22.86
SUGG,2024-10-29,23.2272727272727,24.1,22.69
SUGG,2024-10-30,23.3010638297872,23.88,22.62
SUGG,2024-10-31,23.821875,24.29,22.98
SUGG,2024-11-01,23.8558333333333,24.41,23.3
SUGG,2024-11-02,24.6126829268293,26.18,23.28
SUGG,2024-11-03,24.055625,24.69,23.54
SUGG,2024-11-04,24.46625,25.17,23.68
SUGG,2024-11-05,24.4722916666667,24.91,23.91
SUGG,2024-11-06,24.7158333333333,25.15,23.92
SUGG,2024-11-07,25.2125,25.57,24.67
SUGG,2024-11-08,25.7983333333333,26.72,24.89
SUGG,2024-11-09,26.0429545454545,27.53,25.1
SUGG,2024-11-10,25.4485416666667,25.95,24.87
SUGG,2024-11-11,24.9285416666667,25.25,24.47
SUGG,2024-11-12,26.1588888888889,28.3,24.45
SUGG,2024-11-13,25.2135294117647,26.56,24.54
SUGG,2024-11-20,22.4695348837209,23.08,21.99
SUGG,2024-11-21,22.463125,23.37,21.39
SUGG,2024-11-22,20.965,21.61,19.91
SUGG,2024-11-23,19.579375,20.15,18.7
SUGG,2024-11-24,18.651875,19.3,17.71
SUGG,2024-11-25,19.2025581395349,21.88,17.6
SUGG,2024-11-26,18.9460606060606,22.32,17.35
SUGG,2024-11-27,19.125,20.74,17.27
SUGG,2024-11-28,19.5955813953488,21.93,18.45
SUGG,2024-11-29,19.9546808510638,20.73,18.92
SUGG,2024-11-30,18.8752083333333,19.68,17.46
SUGG,2024-12-01,17.2127083333333,17.84,16.35
SUGG,2024-12-02,16.5347916666667,17.19,15.77
SUGG,2024-12-03,15.7660416666667,16.35,15.09
SUGG,2024-12-04,15.0125,15.64,14.1
SUGG,2024-12-05,14.8021428571429,16.56,13.95
SUGG,2024-12-06,15.1670833333333,15.6,13.96
SUGG,2024-12-07,15.0339583333333,16.16,14.12
SUGG,2024-12-08,14.4016666666667,14.98,13.8
SUGG,2024-12-09,15.5421621621622,17.27,13.72
SUGG,2024-12-10,15.9253191489362,17.35,14.72
SUGG,2024-12-11,16.5722916666667,17.46,15.6
SUGG,2024-12-12,16.1170833333333,17.13,14.99
SUGG,2024-12-13,15.0402083333333,15.87,14.27
SUGG,2024-12-14,14.938125,15.29,14.08
SUGG,2024-12-15,15.713125,15.96,15.03
SUGG,2024-12-16,16.5616666666667,17.04,15.77
SUGG,2024-12-17,17.156875,17.51,16.23
SUGG,2024-12-18,19.0012820512821,19.9,17.44
SUGG,2024-12-19,20.20875,21.21,19.05
SUGG,2024-12-20,20.4324444444444,21.64,18.85
SUGG,2024-12-21,18.3827083333333,19.22,16.97
SUGG,2024-12-22,16.66125,17.55,15.54
SUGG,2024-12-23,15.7747916666667,16.43,15.31
SUGG,2024-12-24,15.3497826086957,15.61,15.05
SUGG,2024-12-25,14.8695833333333,15.26,14.41
SUGG,2024-12-26,14.7066666666667,15.15,14.36
SUGG,2024-12-27,15.0916666666667,15.27,14.63
SUGG,2024-12-28,15.8157446808511,16.22,15.1
SUGG,2024-12-29,17.0869565217391,17.45,16.19
SUGG,2024-12-30,17.6954166666667,18.25,17.3
SUGG,2024-12-31,18.9754285714286,21.11,17.66
SUGG,2025-01-01,19.4241304347826,20.4,18.28
SUGG,2025-01-02,18.0789583333333,18.78,16.77
SUGG,2025-01-03,17.006875,17.91,16.15
SUGG,2025-01-04,16.185,16.78,15.09
SUGG,2025-01-05,15.3925,16.26,14.52
SUGG,2025-01-06,15.5959090909091,17.18,14.37
SUGG,2025-01-07,15.02,15.58,14.16
SUGG,2025-01-08,13.8525,14.42,13.13
SUGG,2025-01-09,13.1683333333333,13.85,12.3
SUGG,2025-01-10,12.265625,12.87,11.71
SUGG,2025-01-11,12.6297916666667,12.98,11.6
SUGG,2025-01-12,12.6597916666667,13.03,12
SUGG,2025-01-13,12.5161904761905,13.62,11.88
SUGG,2025-01-14,11.9791666666667,12.11,11.76
SUGG,2025-01-15,12.37725,13,11.71
SUGG,2025-01-16,11.9866666666667,12.57,11.66
SUGG,2025-01-17,12.4560869565217,13.6,11.68
SUGG,2025-01-18,13.1617073170732,14.28,11.61
SUGG,2025-01-19,13.9830434782609,14.91,13.17
SUGG,2025-01-20,14.1058333333333,14.95,12.92
SUGG,2025-01-21,12.8264583333333,13.56,12.32
SUGG,2025-01-22,11.7010416666667,12.33,10.7
SUGG,2025-01-23,10.30375,10.67,9.71
SUGG,2025-01-24,9.932,10.36,9.43
SUGG,2025-01-25,9.63239130434783,10.28,8.97
SUGG,2025-01-26,9.9475,10.89,8.9
SUGG,2025-01-27,12.0171875,15.75,9.61
SUGG,2025-01-28,12.8375,14.37,10.96
SUGG,2025-01-29,13.9055555555556,15.61,12.3
SUGG,2025-01-30,14.6008695652174,16.13,12.79
SUGG,2025-01-31,15.453488372093,16.39,13.7
SUGG,2025-02-01,16.3689130434783,17.12,15.1
SUGG,2025-02-02,17.300243902439,19.5,16.41
SUGG,2025-02-03,17.5632558139535,18.39,16.27
SUGG,2025-02-04,18.6665217391304,19.96,17.22
SUGG,2025-02-05,20.3841025641026,23.32,18.06
SUGG,2025-02-06,21.0488888888889,24.34,18.41
SUGG,2025-02-07,21.2489130434783,22.65,19.91
SUGG,2025-02-08,21.6310869565217,24.35,20.25
SUGG,2025-02-09,21.6322222222222,23.29,20.09
SUGG,2025-02-10,21.5627083333333,22.67,20
SUGG,2025-02-11,21.317027027027,26.33,19.7
SUGG,2025-02-12,21.4088636363636,22.52,19.59
SUGG,2025-02-13,21.3389583333333,22.07,20.53
SUGG,2025-02-14,21.7039583333333,22.45,20.78
SUGG,2025-02-15,20.561875,21.37,19.84
SUGG,2025-02-16,20.8716666666667,21.65,19.77
SUGG,2025-02-17,19.6572916666667,20.53,18.42
SUGG,2025-02-18,18.6323404255319,19.94,17.38
SUGG,2025-02-19,18.4452380952381,20.9,17.3
SUGG,2025-02-20,17.72125,18.25,17.1
SUGG,2025-02-21,17.0070833333333,18.02,15.8
SUGG,2025-02-22,15.758333333333301,16.5,14.97
SUGG,2025-02-23,15.9945652173913,17.28,15.02
SUGG,2025-02-24,17.40625,19.73,15.12
SUGG,2025-02-25,16.0291666666667,16.75,15.6
SUGG,2025-02-26,16.572,17.82,15.59
SUGG,2025-02-27,19.314,22.03,16.02
SUGG,2025-02-28,19.1015909090909,20.17,16.94
SUGG,2025-03-01,19.206,22.59,17.73
SUGG,2025-03-02,18.6008333333333,19.54,17.63
SUGG,2025-03-03,18.2614583333333,19.45,17.03
SUGG,2025-03-04,17.7829166666667,18.53,16.96
SUGG,2025-03-05,18.3685714285714,18.74,17.38
SUGG,2025-03-06,18.4685416666667,19.15,17.48
SUGG,2025-03-07,17.6825,18.24,17.08
SUGG,2025-03-08,18.62,20.87,17.03
SUGG,2025-03-09,17.9639583333333,18.45,17.41
SUGG,2025-03-10,18.9021951219512,21.38,17.67
SUGG,2025-03-11,18.738125,19.7,17.73
SUGG,2025-03-12,18.9839583333333,20.28,17.71
SUGG,2025-03-13,20.2834146341463,22.56,18.11
SUGG,2025-03-14,20.7993333333333,22.42,18.7
SUGG,2025-03-15,21.2244736842105,22.32,19.63
SUGG,2025-03-16,21.4927083333333,22.42,20.33
SUGG,2025-03-17,20.7175,21.34,19.48
SUGG,2025-03-18,19.5939583333333,20.29,18.8
SUGG,2025-03-19,20.14,22.22,18.71
SUGG,2025-03-20,21.4445238095238,23.66,18.82
SUGG,2025-03-21,19.6114583333333,20.28,18.44
SUGG,2025-03-22,19.3855319148936,21.38,18.27
SUGG,2025-03-23,19.7582222222222,21.56,18.21
SUGG,2025-03-24,20.3695348837209,22.14,18.47
SUGG,2025-03-25,20.36125,20.95,19.49
SUGG,2025-03-26,23.8715789473684,28.86,19.96
SUGG,2025-03-27,22.3075,23.7,20.93
SUGG,2025-03-28,21.7815217391304,23.3,20.94
SUGG,2025-03-29,21.8531914893617,22.75,20.93
SUGG,2025-03-30,22.1616666666667,23.07,21.31
SUGG,2025-03-31,21.7941666666667,22.22,21.44
SUGG,2025-04-01,23.1716666666667,23.96,21.45
SUGG,2025-04-02,25.2095833333333,26.59,23.09
SUGG,2025-04-03,26,27.87,24.4
SUGG,2025-04-04,26.9597916666667,28.68,25
SUGG,2025-04-05,26.9914893617021,28.86,25.87
SUGG,2025-04-06,27.548125,28.84,25.86
SUGG,2025-04-07,27.4941666666667,28.69,26.45
SUGG,2025-04-08,26.5316666666667,27.91,24.94
SUGG,2025-04-09,25.5520833333333,27.32,24.23
SUGG,2025-04-10,24.7791489361702,25.89,23.63
SUGG,2025-04-11,24.6043243243243,27.26,23.43
SUGG,2025-04-12,24.4230434782609,25.88,23.14
SUGG,2025-04-13,23.7,24.65,22.63
SUGG,2025-04-14,24.2966666666667,26.13,22.6
SUGG,2025-04-15,24.8432608695652,26.68,22.69
SUGG,2025-04-16,24.378125,25.51,23.29
SUGG,2025-04-17,24.5117777777778,26.03,23.08
SUGG,2025-04-18,24.7565789473684,28.3,23.02
SUGG,2025-04-19,25.0373333333333,26.69,23.37
SUGG,2025-04-20,25.6391304347826,27,24.18
SUGG,2025-04-21,25.797,29.24,24.52
SUGG,2025-04-22,26.8814893617021,29.92,24.93
SUGG,2025-04-23,27.17075,31.75,25.28
SUGG,2025-04-24,26.5542857142857,27.63,25.45
SUGG,2025-04-25,26.4772916666667,27.76,25.26
SUGG,2025-04-26,26.8860975609756,29.1,25.29
SUGG,2025-04-27,28.9860975609756,32.6,25.87
SUGG,2025-04-28,29.4068421052632,33.08,26.78
SUGG,2025-04-29,27.950243902439,29.59,26.5
SUGG,2025-04-30,26.950652173913,28.24,25.69
SUGG,2025-05-01,26.6027027027027,28.4,25.53
SUGG,2025-05-02,27.5241304347826,29.61,25.51
SUGG,2025-05-03,27.2744444444444,30.93,25.97
SUGG,2025-05-04,27.0241666666667,27.78,25.98
SUGG,2025-05-05,27.1366666666667,28,25.99
SUGG,2025-05-06,27.505625,28.43,26.28
SUGG,2025-05-07,29.0852777777778,32.71,26.34
SUGG,2025-05-08,28.5044186046512,30.94,27.19
SUGG,2025-05-09,28.2860869565217,29.12,27.18
SUGG,2025-05-10,29.229375,31.58,27.16
SUGG,2025-05-11,27.4629166666667,28.54,26.46
SUGG,2025-05-12,26.5385416666667,27.38,25.75
SUGG,2025-05-13,26.421875,27.12,25.7
SUGG,2025-05-14,27.0791111111111,28.28,25.9
SUGG,2025-05-15,28.1646666666667,30.41,26.17
SUGG,2025-05-16,28.88,31.01,26.8
SUGG,2025-05-17,29.2822916666667,30.67,27.24
SUGG,2025-05-18,29.7070833333333,31.32,27.96
SUGG,2025-05-19,30.8726829268293,33.29,28.37
SUGG,2025-05-20,31.7315909090909,33.89,29.02
SUGG,2025-05-21,30.9591111111111,32.55,29.35
SUGG,2025-05-22,30.415,31.72,29
SUGG,2025-05-23,29.7935416666667,31.41,27.85
SUGG,2025-05-24,30.4391176470588,34.49,27.87
SUGG,2025-05-25,30.0920588235294,34.59,28.17
SUGG,2025-05-26,30.7739583333333,32.99,28.61
SUGG,2025-05-27,31.3928205128205,35.47,28.99
SUGG,2025-05-28,31.7419512195122,34.6,29.44
SUGG,2025-05-29,31.0476086956522,32.55,29.48
SUGG,2025-05-30,30.0020930232558,32.21,28.68
SUGG,2025-05-31,29.9139583333333,31.06,28.74
SUGG,2025-06-01,29.8320454545455,31.68,28.14
SUGG,2025-06-02,30.1031818181818,32.11,28.06
SUGG,2025-06-03,29.6437142857143,32.95,28.03
SUGG,2025-06-04,28.2097916666667,28.96,27.38
SUGG,2025-06-05,28.38,29.24,27.42
SUGG,2025-06-06,28.9660416666667,29.98,27.57
SUGG,2025-06-07,30.1552083333333,31.35,28.38
SUGG,2025-06-08,30.63375,32.24,29.04
SUGG,2025-06-09,30.5139583333333,31.75,29.3
SUGG,2025-06-10,30.53875,31.35,29.49
SUGG,2025-06-11,30.9287179487179,32.42,29.75
SUGG,2025-06-12,31.0192682926829,33.71,29.76
SUGG,2025-06-13,31.4157777777778,33.01,30
SUGG,2025-06-14,31.4864444444444,33.34,30.29
SUGG,2025-06-15,31.2245238095238,33.02,30.15
SUGG,2025-06-16,31.5489361702128,33.49,30.17
SUGG,2025-06-17,31.84,33.81,30.22
SUGG,2025-06-18,32.3041666666667,34.24,30.4
SUGG,2025-06-19,32.0666666666667,34.08,30.55
SUGG,2025-06-20,31.5266666666667,32.69,30.21
SUGG,2025-06-21,31.7014893617021,33.78,30.2
SUGG,2025-06-22,31.0402702702703,32.43,29.97
SUGG,2025-06-23,30.6512820512821,32.3,29.97
SUGG,2025-06-24,31.014347826087,31.97,29.97
SUGG,2025-06-25,31.2986486486486,32.34,30.15
SUGG,2025-06-26,31.4246153846154,33.84,30.19
SUGG,2025-06-27,31.2987804878049,32.63,30.18
SUGG,2025-06-28,31.2108888888889,33.61,29.73
SUGG,2025-06-29,30.1311627906977,31.69,29.21
SUGG,2025-06-30,30.3147916666667,32.13,29.1
SUGG,2025-07-01,29.2141304347826,30.98,28.4
SUGG,2025-07-02,29.996875,31.85,28.46
SUGG,2025-07-03,29.8316666666667,30.7,29.02
SUGG,2025-07-04,30.2655319148936,32.48,29.04
SUGG,2025-07-05,30.3602380952381,32.18,29.08
SUGG,2025-07-06,30.7006382978723,31.77,29.25
SUGG,2025-07-07,30.4611111111111,32.15,29.27
SUGG,2025-07-08,31.3672916666667,32.6,29.3
SUGG,2025-07-09,31.38375,32.52,30.27
SUGG,2025-07-10,30.6060416666667,32.86,29.3
SUGG,2025-07-11,31.0009090909091,33.05,29.31
SUGG,2025-07-12,31.8915384615385,34.31,29.62
SUGG,2025-07-13,31.4711627906977,33.66,29.92
SUGG,2025-07-14,30.7891666666667,32.08,29.49
SUGG,2025-07-15,30.5408333333333,32.13,29.34
SUGG,2025-07-16,29.3858333333333,30.39,28.55
SUGG,2025-07-17,30.5397916666667,32.12,28.58
SUGG,2025-07-18,32.5151724137931,34.69,29.54
SUGG,2025-07-22,32.3734285714286,34.14,31.06
SUGG,2025-07-23,31.108125,32.47,30.16
SUGG,2025-07-24,30.827619047619,33.91,29.73
SUGG,2025-07-25,31.1615384615385,33.41,29.72
SUGG,2025-07-26,32.8727906976744,34.77,30.27
SUGG,2025-07-27,33.1478571428571,35.5,31.34
SUGG,2025-07-28,34.0842857142857,35.94,31.77
SUGG,2025-07-29,34.2805405405405,35.86,32.51
SUGG,2025-07-30,33.6579411764706,35.62,32.09
SUGG,2025-07-31,33.7975,35.31,32.08
SUGG,2025-08-01,33.6275,35.29,32.03
SUGG,2025-08-02,33.4716666666667,34.9,31.99
SUGG,2025-08-03,32.9816666666667,34.01,31.87
SUGG,2025-08-04,32.121914893617,33.39,30.98
SUGG,2025-08-05,32.3702173913044,34.01,30.93
SUGG,2025-08-06,32.1491111111111,34.12,30.9
SUGG,2025-08-07,32.1157142857143,35.36,30.72
SUGG,2025-08-08,31.5536363636364,32.74,30.51
SUGG,2025-08-09,30.7686956521739,31.51,29.85
SUGG,2025-08-10,30.8197619047619,31.8,29.86
SUGG,2025-08-11,30.9836170212766,32.74,30.02
SUGG,2025-08-12,31.80125,33.23,29.98
SUGG,2025-08-13,32.4470833333333,34.19,30.96
SUGG,2025-08-14,33.1283720930233,35.58,31.18
SUGG,2025-08-15,32.7429166666667,33.98,31.37
SUGG,2025-08-16,32.5531707317073,35.2,31.16
SUGG,2025-08-17,31.7368571428571,35.44,30.73
SUGG,2025-08-18,31.5682926829268,32.83,30.63
SUGG,2025-08-19,31.6525581395349,34.04,30.6
SUGG,2025-08-20,31.3740425531915,32.51,30.41
SUGG,2025-08-21,32.2620833333333,33.66,30.41
SUGG,2025-08-22,31.8736585365854,33.66,30.67
SUGG,2025-08-23,31.84875,33.37,30.65
SUGG,2025-08-24,31.7391666666667,33.24,30.57
SUGG,2025-08-25,31.3202083333333,32.48,30.31
SUGG,2025-08-26,31.4010416666667,32.36,30.28
SUGG,2025-08-27,32.0655555555556,33.8,30.11
SUGG,2025-08-28,31.5527027027027,34.13,30.05
SUGG,2025-08-29,31.2016279069767,34.24,30.13
SUGG,2025-08-30,30.7113953488372,32.08,29.99
SUGG,2025-08-31,30.645625,31.66,29.45
SUGG,2025-09-01,29.5772916666667,30.22,28.68
SUGG,2025-09-02,28.3710416666667,29.09,27.18
SUGG,2025-09-03,27.6760416666667,28.17,26.82
SUGG,2025-09-04,28.2788888888889,29.93,26.79
SUGG,2025-09-05,28.8171428571429,30.06,27.54
SUGG,2025-09-06,29.0636666666667,29.9,27.9
SUGG,2025-09-07,29.2617647058824,30.89,28.56
SUGG,2025-09-08,29.8574285714286,34.46,28.57
SUGG,2025-09-09,28.5918918918919,29.36,27.75
SUGG,2025-09-10,27.8758695652174,28.57,26.9
SUGG,2025-09-11,27.7352380952381,28.74,26.85
SUGG,2025-09-12,27.8641463414634,28.87,27.08
SUGG,2025-09-13,27.5847916666667,28.38,26.73
SUGG,2025-09-14,27.2693333333333,28.07,26.58
SUGG,2025-09-15,27.3309302325581,28.41,26.07
SUGG,2025-09-16,27.71375,29.47,26.13
SUGG,2025-09-17,27.4604255319149,28.76,26.35
SUGG,2025-09-18,27.8965909090909,29.31,26.33
SUGG,2025-09-19,27.8117073170732,28.74,26.46
SUGG,2025-09-20,28.41,29.68,26.84
SUGG,2025-09-21,28.8110638297872,30.18,27.49
SUGG,2025-09-22,28.7297916666667,29.79,27.55
SUGG,2025-09-23,29.1927777777778,32.83,27.79
SUGG,2025-09-24,29.1183870967742,30.33,27.89
SUGG,2025-09-25,30.8416666666667,35.46,28.22
SUGG,2025-09-26,30.3765909090909,32.65,28.88
SUGG,2025-09-27,29.8091489361702,31.17,28.6
SUGG,2025-09-28,28.79125,30.13,28.04
SUGG,2025-09-29,28.6420833333333,29.52,27.86
SUGG,2025-09-30,28.2817021276596,29.2,27.52
SUGG,2025-10-01,27.353125,27.98,26.47
SUGG,2025-10-02,26.7184444444444,27.45,25.77
SUGG,2025-10-03,26.3393617021277,27.25,25.71
SUGG,2025-10-04,26.0387234042553,26.61,25.42
SUGG,2025-10-05,25.9260869565217,26.37,25.42
SUGG,2025-10-06,26.0077083333333,26.56,25.38
SUGG,2025-10-07,26.0564583333333,26.65,25.52
SUGG,2025-10-08,26.6447916666667,27.39,25.57
SUGG,2025-10-09,27.0735416666667,27.86,26.06
SUGG,2025-10-10,26.7527083333333,27.55,25.89
SUGG,2025-10-11,25.5479166666667,26.19,24.59
SUGG,2025-10-12,23.9335416666667,24.51,23.04
SUGG,2025-10-13,23.8652083333333,24.54,22.95
SUGG,2025-10-14,25.2709523809524,27.6,23.3
SUGG,2025-10-15,25.5479487179487,27.19,23.66
SUGG,2025-10-16,24.5283333333333,25.38,23.65
SUGG,2025-10-17,24.7565957446809,25.86,23.65
SUGG,2025-10-18,24.848125,25.89,23.87
SUGG,2025-10-19,24.5575555555556,25.52,23.55
SUGG,2025-10-20,24.3779166666667,25.42,23.49
SUGG,2025-10-21,24.6259090909091,26.07,23.46
SUGG,2025-10-22,25.4029545454545,27.27,23.48
SUGG,2025-10-23,25.666,27.78,23.59
SUGG,2025-10-24,23.7214583333333,24.67,22.67
SUGG,2025-10-25,23.13625,23.99,22.1
SUGG,2025-10-26,23.0472916666667,23.65,22.07
SUGG,2025-10-27,23.4177083333333,23.88,22.44
SUGG,2025-10-28,24.1710416666667,24.92,23.37
SUGG,2025-10-29,22.8716666666667,23.43,22.01
SUGG,2025-10-30,22.4431111111111,23.23,21.17
SUGG,2025-10-31,21.18875,22.08,19.81
SUGG,2025-11-01,20.08875,20.99,18.92
SUGG,2025-11-02,20.2309756097561,21.7,18.88
SUGG,2025-11-03,21.1917073170732,23.66,18.88
SUGG,2025-11-04,19.8370833333333,20.88,18.72
SUGG,2025-11-05,20.0724444444444,21.11,18.64
SUGG,2025-11-06,21.63875,24.27,19.07
SUGG,2025-11-07,21.40325,22.87,19.63
SUGG,2025-11-08,22.5572093023256,25.22,20.28
SUGG,2025-11-09,23.239756097561,24.84,21.12
SUGG,2025-11-10,23.2416666666667,24.48,20.77
SUGG,2025-11-11,19.7677083333333,21.16,17.05
SUGG,2025-11-12,16.1997916666667,17.1,14.72
SUGG,2025-11-13,15.9033333333333,17.1,14.5
SUGG,2025-11-14,16.7720833333333,18.99,15.08
SUGG,2025-11-15,17.109512195122,18.64,15.67
SUGG,2025-11-16,18.3510256410256,21.54,15.95
SUGG,2025-11-17,18.4685416666667,19.43,17.03
SUGG,2025-11-18,19.2921428571429,20.92,17.81
SUGG,2025-11-19,19.5028571428571,22.12,17.89
SUGG,2025-11-20,20.2229411764706,23.37,17.88
SUGG,2025-11-21,21.2494117647059,25.22,18.37
SUGG,2025-11-22,21.3887804878049,23.54,19.09
SUGG,2025-11-23,20.8733333333333,21.73,19.33
SUGG,2025-11-24,21.9010416666667,22.95,20.66
SUGG,2025-11-25,21.8656097560976,22.85,20.64
SUGG,2025-11-26,22.5119512195122,23.97,20.76
SUGG,2025-11-27,21.8125,22.33,21.17
SUGG,2025-11-28,20.0079166666667,21.07,18.04
SUGG,2025-11-29,17.1960416666667,18.06,15.77
SUGG,2025-11-30,16.2383333333333,16.58,15.61
SUGG,2025-12-01,17.4539130434783,18.51,16.17
SUGG,2025-12-02,17.7975,18.06,17.07
SUGG,2025-12-03,19.04,19.65,17.89
SUGG,2025-12-04,19.3028888888889,20.77,17.97
SUGG,2025-12-05,18.2717391304348,19.18,17.68
SUGG,2025-12-06,19.018125,19.54,17.64
SUGG,2025-12-07,19.3127659574468,20.8,18.65
SUGG,2025-12-08,18.4725,19.14,18.06
SUGG,2025-12-09,17.9035416666667,18.84,16.58
SUGG,2025-12-10,16.6581818181818,17.6,15.92
SUGG,2025-12-11,15.9264583333333,16.37,15.27
SUGG,2025-12-12,15.375625,16.16,14.54
SUGG,2025-12-13,15.6683720930233,18.49,14.25
SUGG,2025-12-14,16.5409756097561,19.23,14.17
SUGG,2025-12-15,15.8157446808511,16.78,14.3
SUGG,2025-12-16,13.9016666666667,14.55,12.93
SUGG,2025-12-17,14.02125,14.7,12.87
SUGG,2025-12-18,14.8120833333333,15.49,13.49
SUGG,2025-12-19,11.8133333333333,16.26,10
SUGG,2025-12-20,10,10,10
SUGG,2025-12-21,10,10,10
SUGG,2025-12-22,10,10,10
SUGG,2025-12-23,14.8245833333333,16.72,10
SUGG,2025-12-24,17.90775,20.11,15.68
SUGG,2025-12-25,18.0140425531915,19.76,16.43
SUGG,2025-12-26,19.405,21.04,17.46
SUGG,2025-12-27,19.2654166666667,20.63,18.07
SUGG,2025-12-28,19.7902083333333,20.32,18.66
SUGG,2025-12-29,20.4136842105263,22.19,19.35
SUGG,2025-12-30,19.3460416666667,20.32,17.39
SUGG,2025-12-31,16.1070833333333,17.31,14.09
SUGG,2026-01-01,14.31625,14.77,13.83
TOMB,2018-07-25,31.4434782608696,31.7,31.31
TOMB,2018-07-26,31.8063829787234,32.62,31.28
TOMB,2018-07-27,32.4325,34.86,31.34
TOMB,2018-07-28,32.5135555555556,35.05,31.35
TOMB,2018-07-29,32.1111363636364,33.02,31.46
TOMB,2018-07-30,32.0586666666667,33.98,31.57
TOMB,2018-08-03,31.494358974359,32.23,31
TOMB,2018-08-04,31.6438636363636,33.01,30.85
TOMB,2018-08-05,31.3067391304348,33.1,30.81
TOMB,2018-08-06,31.7488095238095,33.99,30.78
TOMB,2018-08-07,32.5595555555556,35.34,30.8
TOMB,2018-08-08,32.4610416666667,35.28,30.94
TOMB,2018-08-09,32.626170212766,35.19,30.8
TOMB,2018-08-10,31.9135416666667,34.4,30.86
TOMB,2018-08-11,31.4397916666667,33.3,30.79
TOMB,2018-08-12,31.4419512195122,32.76,30.66
TOMB,2018-08-13,31.1193023255814,33.35,30.49
TOMB,2018-08-14,31.1108510638298,32.45,30.48
TOMB,2018-08-15,32.0362790697674,33.51,30.5
TOMB,2018-08-16,32.0091489361702,33.82,30.7
TOMB,2018-08-17,31.9102325581395,33.53,31.06
TOMB,2018-08-18,31.6022916666667,32.28,31.19
TOMB,2018-08-19,31.22375,31.89,30.95
TOMB,2018-08-20,31.2353333333333,31.96,30.94
TOMB,2018-08-21,31.045625,31.7,30.75
TOMB,2018-08-22,31.0574468085106,31.78,30.4
TOMB,2018-08-23,31.0310416666667,32.84,30.18
TOMB,2018-08-24,30.5619565217391,31.66,30.04
TOMB,2018-08-25,30.9541860465116,32.3,30.02
TOMB,2018-08-26,31.2240476190476,33.96,30.17
TOMB,2018-08-27,31.2497916666667,32.75,30.23
TOMB,2018-08-28,31.5831818181818,33.68,30.2
TOMB,2018-08-29,31.2222916666667,33.04,30.24
TOMB,2018-08-30,30.4925,31.85,29.91
TOMB,2018-08-31,30.271914893617,31.51,29.87
TOMB,2018-09-01,30.1435416666667,31,29.65
TOMB,2018-09-02,30.023829787234,31.18,29.54
TOMB,2018-09-03,29.817380952381,31.11,29.4
TOMB,2018-09-04,29.8691111111111,30.79,29.47
TOMB,2018-09-05,29.754347826087,30.56,29.38
TOMB,2018-09-06,27.3161904761905,29.5,25.07
TOMB,2018-09-07,24.1238888888889,25.04,23.31
TOMB,2018-09-08,26.7622857142857,27.18,26.36
TOMB,2018-09-09,26.9990909090909,29.56,26.33
TOMB,2018-09-10,27.7039473684211,30.21,26.38
TOMB,2018-09-11,27.027,27.62,26.64
TOMB,2018-09-12,27.6911904761905,28.68,27.05
TOMB,2018-09-13,28.8847619047619,30.54,27.9
TOMB,2018-09-14,29.1768292682927,30.73,28.32
TOMB,2018-09-15,29.3929166666667,30.36,28.61
TOMB,2018-09-16,29.626,31.71,28.9
TOMB,2018-09-17,30.8260975609756,34.92,29.11
TOMB,2018-09-18,30.8866666666667,34.73,29.42
TOMB,2018-09-19,30.2917777777778,31.91,29.51
TOMB,2018-09-20,30.4704347826087,32.01,29.57
TOMB,2018-09-21,31.1228571428571,33.84,29.76
TOMB,2018-09-22,31.000625,33.07,29.98
TOMB,2018-09-23,31.0570212765957,33.29,29.99
TOMB,2018-09-24,31.0652083333333,33.25,30.06
TOMB,2018-09-25,30.3110416666667,31.32,30
TOMB,2018-09-26,30.51875,32.11,29.9
TOMB,2018-09-27,30.1735416666667,30.96,29.9
TOMB,2018-09-28,29.9616666666667,30.03,29.88
TOMB,2018-09-29,23.6566666666667,26.26,22.8
TOMB,2018-09-30,29.0818518518519,29.2,28.97
TOMB,2018-10-01,29.0970833333333,29.51,28.87
TOMB,2018-10-02,29.1386046511628,30.1,28.87
TOMB,2018-10-03,29.723,30.74,28.95
TOMB,2021-05-20,22.46,22.56,22.34
TOMB,2021-05-21,22.6784848484848,23,22.33
TOMB,2021-05-22,23.0191666666667,23.42,22.75
TOMB,2021-05-23,23.3437931034483,24.01,22.96
TOMB,2021-05-24,24.313125,26.62,23.31
TOMB,2021-05-25,24.9692592592593,26.32,23.73
TOMB,2021-05-26,24.9991304347826,26.81,24.37
TOMB,2021-05-27,25.2310344827586,26.04,24.58
TOMB,2021-05-28,25.9016666666667,27.43,24.96
TOMB,2021-05-29,26.004375,26.72,25.4
TOMB,2021-05-30,25.8537837837838,27.12,25.53
TOMB,2021-05-31,25.8376744186047,26.33,25.52
TOMB,2021-06-01,26.639375,28.63,25.7
TOMB,2021-06-02,27.0906976744186,29.45,25.88
TOMB,2021-06-03,26.6827659574468,27.54,26.21
TOMB,2021-06-04,26.8521739130435,28.16,26.21
TOMB,2021-06-05,26.4716666666667,27.01,26.22
TOMB,2021-06-06,26.3020833333333,26.61,26.2
TOMB,2021-06-07,25.9304166666667,26.4,25.65
TOMB,2021-06-08,25.0725581395349,25.62,24.81
TOMB,2021-06-09,25.0406382978723,25.25,24.75
TOMB,2021-06-10,25.3058333333333,25.46,25.08
TOMB,2021-06-11,25.2139583333333,25.45,24.88
TOMB,2021-06-12,24.965,25.16,24.78
TOMB,2021-06-13,24.7714285714286,24.78,24.75
TOMB,2021-07-23,27.015,27.13,26.79
TOMB,2021-07-24,27.1472916666667,27.32,26.92
TOMB,2021-07-25,27.1683333333333,27.3,26.9
TOMB,2021-07-26,27.7029166666667,27.93,27.2
TOMB,2021-07-27,28.26875,28.47,27.9
TOMB,2021-07-28,28.8890909090909,29.25,28.47
TOMB,2021-07-29,29.2004166666667,29.44,28.7
TOMB,2021-07-30,29.3942222222222,29.87,29.03
TOMB,2021-07-31,29.4966666666667,29.78,29.04
TOMB,2021-08-01,29.9792307692308,30.14,29.44
TOMB,2021-08-02,30.2860606060606,30.35,30.11
TOMB,2021-08-03,30.2754166666667,30.51,30.04
TOMB,2021-08-04,30.168125,30.57,29.82
TOMB,2021-08-05,29.5473333333333,29.95,28.95
TOMB,2021-08-06,28.3782352941176,28.92,27.96
TOMB,2021-08-07,28.2158823529412,29.23,27.95
TOMB,2021-08-08,29.1968965517241,31.22,28.23
TOMB,2021-08-09,29.8884375,31.62,29
TOMB,2021-08-10,29.989,30.97,29.45
TOMB,2021-08-11,30.5796428571429,32.01,29.77
TOMB,2021-08-12,30.0414705882353,31.37,29.9
TOMB,2021-08-13,30.11725,30.57,29.95
TOMB,2021-08-14,30.4173529411765,31.21,30.05
TOMB,2021-08-15,30.74625,31.6,30.23
TOMB,2021-08-16,30.8185,30.94,30.54
TOMB,2021-08-17,30.8958695652174,31.13,30.41
TOMB,2021-08-18,30.6927272727273,30.87,30.34
TOMB,2021-08-19,30.97125,31.13,30.75
TOMB,2021-08-20,31.0563157894737,32.57,30.65
TOMB,2021-08-21,30.558,30.75,30.45
TOMB,2021-08-22,30.4170833333333,30.86,29.69
TOMB,2021-08-23,29.2179166666667,29.66,28.66
TOMB,2021-08-24,29.4809756097561,29.68,28.69
TOMB,2021-08-25,29.8783333333333,30.36,29.58
TOMB,2021-08-26,29.9860606060606,30.26,29.67
TOMB,2021-08-27,30.3031428571429,30.72,30.05
TOMB,2021-08-28,30.4033333333333,31.5,30.22
TOMB,2021-08-29,30.4029787234043,31.17,30.13
TOMB,2021-08-30,30.1854166666667,30.24,30.11
TOMB,2021-08-31,29.5314583333333,30.1,29.1
TOMB,2021-09-01,28.2929166666667,29.1,27.17
TOMB,2021-09-02,27.2814583333333,27.76,26.74
TOMB,2021-09-03,26.973023255814,27.13,26.61
TOMB,2021-09-04,26.4091666666667,26.62,25.96
TOMB,2021-09-05,25.984375,26.07,25.92
TOMB,2021-09-06,26.1097916666667,26.24,25.92
TOMB,2021-09-07,26.0539583333333,26.15,25.93
TOMB,2021-09-08,26.243125,26.38,25.93
TOMB,2021-09-09,26.5704166666667,26.75,26.36
TOMB,2021-09-10,26.751875,26.97,26.56
TOMB,2021-09-11,26.7983333333333,27.17,26.51
TOMB,2021-09-12,26.7768421052632,27.19,26.47
TOMB,2021-09-13,26.8954545454545,27.25,26.72
TOMB,2021-09-14,26.9365853658537,27.41,26.81
TOMB,2021-09-15,26.9902127659574,27.13,26.83
TOMB,2021-09-16,26.776875,26.82,26.71
TOMB,2021-09-17,26.7765,27.71,26.64
TOMB,2021-09-18,26.6490697674419,26.94,26.43
TOMB,2021-09-19,26.4465909090909,26.87,26.09
TOMB,2021-09-20,26.119375,26.56,25.75
TOMB,2021-09-21,25.9693181818182,26.15,25.86
TOMB,2021-09-22,26.1347826086957,26.34,25.93
TOMB,2021-09-23,26.1652083333333,26.34,25.93
TOMB,2021-09-24,25.7827083333333,25.99,25.46
TOMB,2021-09-25,25.4570833333333,25.65,25.29
TOMB,2021-09-26,25.2660416666667,25.57,24.95
TOMB,2021-09-27,25.1776744186047,25.59,24.88
TOMB,2021-09-28,25.1175757575758,25.29,24.82
TOMB,2021-09-29,25.1645,25.48,25.09
TOMB,2021-09-30,25.177380952381,25.34,24.95
TOMB,2021-10-01,25.0647826086957,25.21,24.86
TOMB,2021-10-02,25.1005,25.3,24.95
TOMB,2021-10-03,25.1232608695652,25.23,24.98
TOMB,2021-10-04,25.2202222222222,25.35,25.16
TOMB,2021-10-05,25.3374358974359,25.94,25.2
TOMB,2021-10-06,25.5297777777778,25.78,25.29
TOMB,2021-10-07,25.2940909090909,25.64,25.12
TOMB,2021-10-08,25.5979166666667,25.81,25.35
TOMB,2021-10-09,25.4914583333333,25.78,25.28
TOMB,2021-10-10,25.345625,25.48,25.17
TOMB,2021-10-11,25.0270833333333,25.25,24.79
TOMB,2021-10-12,24.8478260869565,25.06,24.68
TOMB,2021-10-13,24.9279487179487,25.39,24.68
TOMB,2021-10-14,24.9336111111111,25.25,24.76
TOMB,2021-10-15,24.8871794871795,25.16,24.75
TOMB,2021-10-16,25.2237142857143,26.85,24.78
TOMB,2021-10-17,24.759375,25,24.48
TOMB,2021-10-18,24.3741666666667,24.69,23.97
TOMB,2021-10-19,24.0052380952381,24.63,23.8
TOMB,2021-10-20,23.955,25.39,23.63
TOMB,2021-10-21,23.825,25.03,23.61
TOMB,2021-10-22,24.2563157894737,26.77,23.48
TOMB,2021-10-23,23.9142105263158,26.29,23.27
TOMB,2021-10-24,23.5163157894737,24.46,23.23
TOMB,2021-10-25,23.2329166666667,23.52,23.08
TOMB,2021-10-26,23.395,24.25,22.95
TOMB,2021-10-27,23.2440909090909,24.5,22.88
TOMB,2021-10-28,23.312380952381,24.55,22.96
TOMB,2021-10-29,22.9614583333333,23.15,22.68
TOMB,2021-10-30,22.3975,22.66,22.12
TOMB,2021-10-31,21.761875,22.1,21.42
TOMB,2021-11-01,21.4097435897436,22.41,21.13
TOMB,2021-11-02,21.1360416666667,21.56,20.86
TOMB,2021-11-03,20.8597916666667,21.16,20.51
TOMB,2021-11-04,20.45375,20.87,20.12
TOMB,2021-11-05,19.8595833333333,20.1,19.63
TOMB,2021-11-06,19.4602083333333,19.62,19.19
TOMB,2021-11-07,19.2185416666667,19.46,18.88
TOMB,2021-11-08,18.9989583333333,19.5,18.66
TOMB,2021-11-09,18.86125,19.43,18.56
TOMB,2021-11-10,18.889,19.93,18.48
TOMB,2021-11-11,18.7416279069767,19.86,18.41
TOMB,2021-11-12,18.5245833333333,18.9,18.19
TOMB,2021-11-13,18.4119047619048,19.6,18.01
TOMB,2021-11-14,17.84625,18.19,17.56
TOMB,2021-11-15,17.70775,18.64,17.44
TOMB,2021-11-16,17.7054054054054,18.87,17.37
TOMB,2021-11-17,17.6738095238095,18.8,17.33
TOMB,2021-11-18,18.0036170212766,19.04,17.3
TOMB,2021-11-19,17.5263157894737,18.49,17.22
TOMB,2021-11-20,17.2722916666667,17.48,17.06
TOMB,2021-11-21,17.2063636363636,17.93,16.97
TOMB,2021-11-22,17.4278048780488,18.38,16.95
TOMB,2021-11-23,16.95625,17.38,16.58
TOMB,2021-11-24,16.4685416666667,16.78,16.18
TOMB,2021-11-25,16.1607317073171,16.46,16.05
TOMB,2021-11-26,16.2372340425532,16.82,15.97
TOMB,2021-11-27,15.8175,16.03,15.51
TOMB,2021-11-28,15.744,16.73,15.36
TOMB,2021-11-29,15.2622916666667,15.52,15.02
TOMB,2021-11-30,15.1633333333333,15.33,15.01
TOMB,2022-05-06,23.67,23.8,23.62
TOMB,2022-05-07,23.9747916666667,24.23,23.68
TOMB,2022-05-08,24.3176923076923,25.35,23.79
TOMB,2022-05-09,24.5665,25.21,24.11
TOMB,2022-05-10,24.7983783783784,25.87,24.38
TOMB,2022-05-11,25.038,26.12,24.77
TOMB,2022-05-12,25.5306666666667,26.23,24.76
TOMB,2022-05-13,25.534347826087,26.35,25.35
TOMB,2022-05-14,25.6877419354839,27.4,25.34
TOMB,2022-05-15,26.527027027027,28.79,25.51
TOMB,2022-05-16,26.81625,30.49,25.89
TOMB,2022-05-17,26.508,27.82,25.97
TOMB,2022-05-18,27.1342857142857,28.15,26.31
TOMB,2022-05-19,27.68,29.4,26.63
TOMB,2022-05-20,27.9065957446808,28.96,27.02
TOMB,2022-05-21,27.8764583333333,28.75,27.27
TOMB,2022-05-22,27.9260869565217,29.21,27.3
TOMB,2022-05-23,28.0817777777778,29.81,27.32
TOMB,2022-05-24,27.5615217391304,28.5,27.24
TOMB,2022-05-25,27.5993617021277,28.46,27.27
TOMB,2022-05-26,27.4714583333333,28.21,27.26
TOMB,2022-05-27,26.95125,27.47,26.25
TOMB,2022-05-28,25.9222916666667,26.47,25.38
TOMB,2022-05-29,26.1160416666667,26.35,25.56
TOMB,2022-05-30,26.67125,26.99,26.35
TOMB,2022-05-31,27.0527272727273,27.71,26.49
TOMB,2022-06-01,27.2637142857143,28.17,26.96
TOMB,2022-06-02,28.0683870967742,30.77,27.11
TOMB,2022-06-03,28.7760975609756,31.28,27.59
TOMB,2022-06-04,28.0479166666667,28.26,27.82
TOMB,2022-06-05,28.5121739130435,29.62,28.03
TOMB,2022-06-06,29.249756097561,31.54,28.13
TOMB,2022-06-07,29.3782978723404,31.88,28.33
TOMB,2022-06-08,29.895,32.59,28.53
TOMB,2022-06-09,29.7359090909091,31.19,29
TOMB,2022-06-10,29.3265853658537,30.92,28.95
TOMB,2022-06-11,29.2197872340426,29.5,28.95
TOMB,2022-06-12,29.0529166666667,29.39,28.64
TOMB,2022-06-13,29.0255813953488,29.51,28.66
TOMB,2022-06-14,29.286,30.7,28.95
TOMB,2022-06-15,30.3746341463415,33.03,29.03
TOMB,2022-06-16,31.06375,31.8,30.3
TOMB,2022-06-17,31.0905555555556,32.23,29.69
TOMB,2022-06-19,30.9005263157895,32.88,29.92
TOMB,2022-06-20,30.5736585365854,31.71,29.91
TOMB,2022-06-21,31.0107142857143,33,29.9
TOMB,2022-06-22,31.0061538461538,31.6,30.52
TOMB,2022-06-23,33.2475,33.84,32.47
TOMB,2022-06-24,32.2965217391304,33.27,31.41
TOMB,2022-06-26,32.5425,32.64,32.45
TOMB,2022-06-27,32.0976923076923,33.28,31.24
TOMB,2022-06-29,31.8266666666667,32.72,31.15
TOMB,2022-07-02,31.1972727272727,31.63,30.84
TOMB,2022-07-03,31.4311111111111,32.56,30.77
TOMB,2022-07-09,31.44,31.44,31.44
TOMB,2022-07-21,32.92,32.92,32.92
TOMB,2022-07-24,32.13,32.13,32.13
TOMB,2022-07-25,32.855,34.32,31.92
TOMB,2022-07-26,33.0925,33.86,32.21
TOMB,2022-07-27,32.685,33.27,32.1
TOMB,2022-07-28,32.39,32.94,31.96
TOMB,2022-07-29,32.5925,33.11,32.23
TOMB,2022-07-30,33.1,33.1,33.1
TOMB,2022-07-31,32.37,32.37,32.37
TOMB,2022-08-01,32.405,33.09,31.68
TOMB,2022-08-02,32.23,32.27,32.19
TOMB,2022-08-05,32.391,34.86,31.84
TOMB,2022-08-06,32.2327027027027,33.35,31.83
TOMB,2022-08-07,32.5153846153846,34.92,31.82
TOMB,2022-08-08,33.0521428571429,34.82,31.83
TOMB,2022-08-11,32.1535,33.18,31.58
TOMB,2022-08-12,31.94025,33.67,31.57
TOMB,2022-08-13,31.7890243902439,32.77,31.43
TOMB,2022-08-14,32.2240476190476,33.77,31.41
TOMB,2022-08-15,32.2947222222222,33.42,31.6
TOMB,2022-08-16,32.4568571428571,34.26,31.78
TOMB,2022-08-17,32.0734090909091,33.13,31.72
TOMB,2022-08-18,31.9085106382979,32.56,31.57
TOMB,2022-08-19,31.6710416666667,31.98,31.48
TOMB,2022-08-20,31.385625,31.59,31.2
TOMB,2022-08-21,31.4470731707317,32.6,31.2
TOMB,2022-08-22,31.1283333333333,31.63,30.86
TOMB,2022-08-23,30.9204255319149,31.27,30.78
TOMB,2022-08-24,30.6002083333333,30.86,30.14
TOMB,2022-08-25,29.5585416666667,30.13,29.21
TOMB,2022-08-26,28.2208571428571,29.19,27.17
TOMB,2022-08-31,28.1009677419355,31.17,27.78
TOMB,2022-09-01,28.14575,28.61,27.78
TOMB,2022-09-02,28.1257142857143,28.89,27.91
TOMB,2022-09-03,28.5618918918919,31.35,27.91
TOMB,2022-09-04,28.6389655172414,29.95,28.19
TOMB,2022-09-05,28.43425,29.44,28.2
TOMB,2022-09-06,28.6058139534884,29.78,28.02
TOMB,2022-09-07,28.3772916666667,28.72,28.04
TOMB,2022-09-08,28.7680434782609,29.36,28.29
TOMB,2022-09-09,29.035625,29.59,28.75
TOMB,2022-09-10,28.99,29.51,28.56
TOMB,2022-09-11,28.2670833333333,28.69,27.52
TOMB,2022-09-12,26.7854166666667,27.49,26.42
TOMB,2022-09-13,26.6308333333333,26.74,26.31
TOMB,2022-09-14,26.1589361702128,26.43,25.9
TOMB,2022-09-15,26.319347826087,26.89,25.88
TOMB,2022-09-16,26.8057446808511,27.52,26.28
TOMB,2022-09-17,27.0066666666667,28.25,26.52
TOMB,2022-09-18,27.125,28.02,26.66
TOMB,2022-09-19,27.3197435897436,28.85,26.73
TOMB,2022-09-20,27.6182608695652,28.56,26.76
TOMB,2022-09-21,27.6674285714286,29.37,26.99
TOMB,2022-09-22,27.8454761904762,29.47,27.17
TOMB,2022-09-23,28.0670967741935,29.52,27.26
TOMB,2022-09-24,27.734375,28.22,27.36
TOMB,2022-09-25,27.9760606060606,30.3,27.33
TOMB,2022-09-26,27.9809375,28.76,27.41
TOMB,2022-09-27,28.005,28.77,27.56
TOMB,2022-09-28,27.515,27.73,27.19
TOMB,2022-09-29,27.08,27.27,26.71
TOMB,2022-09-30,26.6202083333333,26.85,26.33
TOMB,2022-10-01,26.431875,26.78,26.14
TOMB,2022-10-02,26.5476086956522,27.96,25.99
TOMB,2022-10-03,26.3752083333333,27.57,25.84
TOMB,2022-10-04,26.1531914893617,27.14,25.76
TOMB,2022-10-05,25.98,27.18,25.64
TOMB,2022-10-06,25.95475,27.1,25.52
TOMB,2022-10-07,25.89625,27.16,25.36
TOMB,2022-10-08,25.998,27.07,25.27
TOMB,2022-10-09,25.3052083333333,25.74,24.92
TOMB,2022-10-10,24.955625,25.25,24.64
TOMB,2022-10-11,24.7577083333333,25.18,24.43
TOMB,2022-10-12,24.8260975609756,25.73,24.3
TOMB,2022-10-13,24.628085106383,25.12,24.43
TOMB,2022-10-14,24.1934042553191,24.76,23.63
TOMB,2022-10-15,23.72575,25.1,23.26
TOMB,2022-10-16,23.4385714285714,24.17,23.18
TOMB,2022-10-17,23.4451612903226,24.08,23.12
TOMB,2022-10-18,23.3821739130435,24.57,22.79
TOMB,2022-10-19,22.4958333333333,22.8,22.02
TOMB,2022-10-20,22.0327659574468,23.18,21.49
TOMB,2022-10-21,21.5886363636364,23.24,20.86
TOMB,2022-10-22,21.0052631578947,23.54,20.59
TOMB,2022-10-23,20.9320512820513,22.56,20.53
TOMB,2022-10-24,21.1521052631579,23.26,20.49
TOMB,2022-10-25,21.0515151515152,22.69,20.5
TOMB,2022-10-26,20.7004166666667,21.32,20.24
TOMB,2022-10-27,20.4380487804878,21.68,20.06
TOMB,2022-10-28,20.2921428571429,21,20.01
TOMB,2022-10-29,20.2322916666667,20.48,19.97
TOMB,2022-10-30,20.4895652173913,21.04,20.17
TOMB,2022-10-31,20.68875,21.25,20.41
TOMB,2022-11-01,20.5817777777778,21.06,20.29
TOMB,2022-11-02,20.3708333333333,20.84,20.07
TOMB,2022-11-03,20.460243902439,21.52,20.03
TOMB,2022-11-04,20.4323684210526,21.79,20.05
TOMB,2022-11-05,20.8202857142857,22.74,20.18
TOMB,2022-11-06,20.4235416666667,20.59,20.26
TOMB,2022-11-07,20.58125,21.18,20.35
TOMB,2022-11-08,20.8278048780488,21.52,20.43
TOMB,2022-11-09,21.1184090909091,21.85,20.61
TOMB,2022-11-10,20.689375,20.91,20.51
TOMB,2022-11-11,20.6736170212766,21.02,20.47
TOMB,2022-11-12,20.862972972973,21.29,20.53
TOMB,2022-11-13,20.2875,20.56,19.82
TOMB,2022-11-14,19.69,19.93,19.33
TOMB,2022-11-15,19.5312765957447,20.12,19.27
TOMB,2022-11-16,19.1991666666667,19.38,18.88
TOMB,2022-11-17,18.7335416666667,18.87,18.47
TOMB,2022-11-18,18.3997916666667,18.77,18
TOMB,2022-11-19,17.8435416666667,18.09,17.57
TOMB,2022-11-20,17.38125,17.56,17.19
TOMB,2022-11-21,17.0316666666667,17.18,16.73
TOMB,2022-11-22,16.6123404255319,17.02,16.38
TOMB,2022-11-23,16.43,16.78,16.19
TOMB,2022-11-24,16.4228888888889,17.26,16.02
TOMB,2022-11-25,16.1993333333333,16.79,15.91
TOMB,2022-11-26,15.6795833333333,15.97,15.31
TOMB,2022-11-27,15.25625,15.38,15.12
TOMB,2022-11-28,15.1602083333333,15.49,14.95
TOMB,2022-11-29,15.2545454545455,17.32,14.92
TOMB,2022-11-30,15.2565789473684,15.77,14.92
TOMB,2022-12-01,15.5425531914894,15.79,15.25
TOMB,2022-12-02,15.6960416666667,15.87,15.35
TOMB,2022-12-03,14.934375,15.3,14.68
TOMB,2022-12-04,14.5139583333333,14.66,14.25
TOMB,2022-12-05,14.3622916666667,14.51,14.22
TOMB,2022-12-06,14.7866666666667,14.89,14.52
TOMB,2022-12-07,15.180208333333301,15.37,14.9
TOMB,2022-12-08,15.5797872340426,15.69,15.27
TOMB,2022-12-09,15.808125,15.91,15.64
TOMB,2022-12-10,16.0839583333333,16.27,15.83
TOMB,2022-12-11,16.0895833333333,16.33,15.91
TOMB,2022-12-12,16.158125,16.3,15.93
TOMB,2022-12-13,16.3385416666667,16.45,16.24
TOMB,2022-12-14,16.3152083333333,16.4,16.19
TOMB,2022-12-15,16.2406451612903,16.36,16.15
TOMB,2022-12-16,16.2486206896552,16.4,15.89
TOMB,2022-12-17,15.6135416666667,15.85,15.31
TOMB,2022-12-18,14.8441666666667,15.29,14.2
TOMB,2022-12-19,13.8083333333333,14.17,13.42
TOMB,2022-12-20,13.1208333333333,13.4,12.73
TOMB,2022-12-21,12.331875,12.71,11.92
TOMB,2022-12-22,11.718125,11.91,11.56
TOMB,2022-12-23,11.5581818181818,11.65,11.34
TOMB,2022-12-24,11.1685416666667,11.37,10.81
TOMB,2022-12-25,10.68125,10.88,10.38
TOMB,2022-12-26,10.1089583333333,10.36,9.66
TOMB,2022-12-27,9.32895833333333,9.64,8.96
TOMB,2022-12-28,9.22291666666667,9.34,8.92
TOMB,2022-12-29,9.36625,9.5,9.26
TOMB,2023-01-05,12.7377777777778,13.51,12.21
TOMB,2023-01-06,14.2454166666667,14.87,13.3
TOMB,2023-01-07,12.61875,13.25,12.25
TOMB,2023-01-08,12.3177083333333,12.38,12.16
TOMB,2023-01-09,12.484375,12.56,12.37
TOMB,2023-01-10,12.5372916666667,12.72,12.24
TOMB,2023-01-11,12.1890909090909,12.23,12.17
TOMB,2023-01-28,10.9915,11.14,10.71
TOMB,2023-01-29,10.7191666666667,10.85,10.57
TOMB,2023-01-30,10.4847916666667,10.55,10.4
TOMB,2023-01-31,10.5210416666667,10.68,10.39
TOMB,2023-02-01,10.8327083333333,10.92,10.69
TOMB,2023-02-02,10.765,10.81,10.72
TOMB,2023-02-03,10.7727659574468,10.81,10.68
TOMB,2023-02-04,10.5866666666667,10.74,10.28
TOMB,2023-02-05,10.1270833333333,10.3,9.82
TOMB,2023-02-06,9.603125,9.81,9.2
TOMB,2023-02-07,9.24645833333333,9.29,9.15
TOMB,2023-02-08,9.48458333333333,9.59,9.29
TOMB,2023-02-09,9.87854166666667,10.17,9.59
TOMB,2023-02-10,10.466875,10.7,10.18
TOMB,2023-02-11,11.0622916666667,11.3,10.71
TOMB,2023-02-12,11.0935416666667,11.2,11.05
TOMB,2023-02-13,11.650625,11.81,11.21
TOMB,2023-02-14,11.8908333333333,11.97,11.7
TOMB,2023-02-15,11.871875,11.96,11.67
TOMB,2023-02-16,11.4727083333333,11.65,11.4
TOMB,2023-02-17,11.7477083333333,11.95,11.48
TOMB,2023-02-18,12.06,12.27,11.88
TOMB,2023-02-19,12.67375,12.79,12.28
TOMB,2023-02-20,12.8672916666667,12.93,12.77
TOMB,2023-02-21,12.7822916666667,12.83,12.72
TOMB,2023-02-22,12.809375,12.85,12.72
TOMB,2023-02-23,13.2445833333333,13.49,12.84
TOMB,2023-02-24,13.9893617021277,14.34,13.5
TOMB,2023-02-25,14.7541666666667,14.94,14.35
TOMB,2023-02-26,15.2502127659574,15.42,14.9
TOMB,2023-02-27,15.7689583333333,16.1,15.42
TOMB,2023-02-28,16.3747916666667,16.49,16.11
TOMB,2023-03-01,16.8891666666667,17.05,16.49
TOMB,2023-03-02,17.439375,17.58,17.03
TOMB,2023-03-03,17.934375,18.1,17.56
TOMB,2023-03-04,18.3560416666667,18.58,18.09
TOMB,2023-03-05,18.403125,18.55,18.26
TOMB,2023-03-06,18.33375,18.53,18.02
TOMB,2023-03-07,18.024347826087,18.21,17.82
TOMB,2023-03-08,17.8141666666667,17.94,17.65
TOMB,2023-03-09,17.9827083333333,18.11,17.63
TOMB,2023-03-10,18.2432608695652,18.33,18.09
TOMB,2023-03-11,18.19375,18.38,17.83
TOMB,2023-03-12,17.8760416666667,18.04,17.8
TOMB,2023-03-13,17.6535416666667,17.81,17.37
TOMB,2023-03-14,17.333125,17.51,17.03
TOMB,2023-03-15,16.8820833333333,17.04,16.49
TOMB,2023-03-16,16.4097916666667,16.63,16.02
TOMB,2023-03-17,16.10125,16.22,15.95
TOMB,2023-03-18,15.81,15.99,15.6
TOMB,2023-03-19,15.3477083333333,15.58,15.03
TOMB,2023-03-20,14.903125,15.17,14.46
TOMB,2023-03-21,14.4114583333333,14.64,14.13
TOMB,2023-03-22,14.178125,14.34,14.08
TOMB,2023-03-23,14.4935416666667,14.76,14.07
TOMB,2023-03-24,14.8845454545455,15.07,14.38
TOMB,2023-03-25,15.5777083333333,15.88,15.03
TOMB,2023-03-26,16.3747826086957,16.64,15.88
TOMB,2023-03-27,16.864375,17.21,16.57
TOMB,2023-03-28,17.31,17.56,17.13
TOMB,2023-03-29,17.9282978723404,18.18,17.44
TOMB,2023-03-30,18.5529166666667,18.69,18.19
TOMB,2023-03-31,18.9848837209302,19.1,18.66
TOMB,2023-04-01,19.1145833333333,19.21,18.92
TOMB,2023-04-02,19.4095833333333,19.67,19.21
TOMB,2023-04-03,19.4193617021277,19.57,19.27
TOMB,2023-04-04,19.7370833333333,19.99,19.36
TOMB,2023-04-05,19.6052083333333,19.82,19.17
TOMB,2023-04-06,19.801875,20.18,19.12
TOMB,2023-04-07,20.539375,20.71,20.15
TOMB,2023-04-08,20.5627083333333,20.64,20.47
TOMB,2023-04-09,20.3802083333333,20.63,20.08
TOMB,2023-04-10,20.0264,20.07,19.99
TOMB,2023-04-18,18.75,18.91,18.46
TOMB,2023-04-19,18.99625,19.31,18.76
TOMB,2023-04-20,19.2873333333333,19.57,18.76
TOMB,2023-04-21,19.6859090909091,19.98,19.24
TOMB,2023-04-22,19.79375,19.91,19.66
TOMB,2023-04-23,20.1528888888889,20.58,19.78
TOMB,2023-04-24,20.2895833333333,20.58,19.95
TOMB,2023-04-25,20.3575862068966,20.55,20.09
TOMB,2023-05-24,25.5711764705882,25.79,25.47
TOMB,2023-05-25,25.2535416666667,25.55,25.03
TOMB,2023-05-26,25.4363829787234,26.08,25.04
TOMB,2023-05-27,25.6279166666667,26.17,25.16
TOMB,2023-05-28,25.7056818181818,27,25.24
TOMB,2023-05-29,25.86025,27.74,25.22
TOMB,2023-05-30,25.84,26.89,25.37
TOMB,2023-05-31,26.2615555555556,27.24,25.41
TOMB,2023-06-01,27.0866666666667,30.47,25.74
TOMB,2023-06-02,26.54875,27.37,25.98
TOMB,2023-06-03,27.1171428571429,28.68,26.15
TOMB,2023-06-04,27.5655813953488,28.84,26.48
TOMB,2023-06-05,27.5010526315789,28.93,26.49
TOMB,2023-06-06,27.5316666666667,28.66,26.74
TOMB,2023-06-07,27.92875,29.57,27.11
TOMB,2023-06-08,28.3085714285714,29.91,27.08
TOMB,2023-06-09,28.9233333333333,30.23,27.23
TOMB,2023-06-10,28.6611627906977,30.37,27.82
TOMB,2023-06-11,28.95775,33.61,27.81
TOMB,2023-06-12,28.688125,29.39,27.81
TOMB,2023-06-13,29.3623684210526,31.05,28.32
TOMB,2023-06-14,28.6714583333333,29.22,28.33
TOMB,2023-06-15,28.80625,29.87,28.4
TOMB,2023-06-16,28.53125,28.92,28.37
TOMB,2023-06-17,27.686875,28.38,26.16
TOMB,2023-06-18,25.0814583333333,26.14,24.6
TOMB,2023-06-19,25.0560416666667,25.14,24.93
TOMB,2023-06-20,25.5025,25.65,25.11
TOMB,2023-06-21,25.920625,26.06,25.58
TOMB,2023-06-22,26.2729166666667,26.49,26.07
TOMB,2023-06-23,26.6390243902439,27.02,26.28
TOMB,2023-06-24,27.3327777777778,29.66,26.67
TOMB,2023-06-25,28.1043333333333,31.7,27.03
TOMB,2023-06-26,28.1834375,29.86,27.34
TOMB,2023-06-27,28.555,30.12,27.68
TOMB,2023-06-28,29.9113888888889,32.39,27.9
TOMB,2023-06-29,29.9,32.12,28.81
TOMB,2023-06-30,30.243125,33.1,28.99
TOMB,2023-07-01,30.8117857142857,32.59,29.2
TOMB,2023-07-02,30.61,32.42,30.13
TOMB,2023-07-03,31.0780952380952,32.84,30.2
TOMB,2023-07-04,31.8393023255814,34.58,30.41
TOMB,2023-07-05,30.9719047619048,32.66,30.49
TOMB,2023-07-06,30.960487804878,32.57,30.66
TOMB,2023-07-07,31.5945945945946,33.85,30.85
TOMB,2023-07-08,31.1865909090909,32.86,30.75
TOMB,2023-07-09,30.9452631578947,32.18,30.33
TOMB,2023-07-10,30.2225531914894,30.7,29.82
TOMB,2023-07-11,29.886875,30.24,29.48
TOMB,2023-07-12,29.200625,29.5,28.98
TOMB,2023-07-13,28.8964583333333,29.3,28.35
TOMB,2023-07-14,28.044375,28.33,27.83
TOMB,2023-07-15,27.5247916666667,27.87,26.89
TOMB,2023-07-16,27.044375,27.26,26.81
TOMB,2023-07-17,26.8085416666667,27.03,26.46
TOMB,2023-07-18,26.641875,26.8,26.44
TOMB,2023-07-19,27.1779166666667,27.33,26.66
TOMB,2023-07-20,27.654375,27.79,27.26
TOMB,2023-07-21,28.2648936170213,28.62,27.79
TOMB,2023-07-22,28.7804255319149,29.05,28.31
TOMB,2023-07-23,29.0051219512195,29.18,28.74
TOMB,2023-07-24,29.3740909090909,29.71,28.89
TOMB,2023-07-25,29.7654285714286,32.09,29.18
TOMB,2023-07-26,30.4563636363636,34.23,29.17
TOMB,2023-07-27,30.321,33.16,29.39
TOMB,2023-07-28,30.9358064516129,32.59,29.67
TOMB,2023-07-29,30.3128947368421,32.54,29.81
TOMB,2023-07-30,31.0627586206897,32.72,29.93
TOMB,2023-07-31,30.88725,32.5,30.21
TOMB,2023-08-01,31.3626315789474,33.7,30.2
TOMB,2023-08-02,31.1786111111111,33.51,30.32
TOMB,2023-08-03,31.6780555555556,34.73,30.52
TOMB,2023-08-04,31.7762162162162,32.91,30.74
TOMB,2023-08-05,31.7946153846154,33.64,31.12
TOMB,2023-08-06,31.8121052631579,33.92,31.14
TOMB,2023-08-07,32.337,33.99,31.21
TOMB,2023-08-08,32.0547826086957,32.84,31.52
TOMB,2023-08-09,31.8202083333333,32.49,31.53
TOMB,2023-08-10,32.495,34.09,31.53
TOMB,2023-08-11,32.1675609756098,33.11,31.8
TOMB,2023-08-13,32.4053571428571,32.72,32.07
TOMB,2023-08-14,32.5025531914894,32.75,32.06
TOMB,2023-08-15,32.7381818181818,33.39,32.38
TOMB,2023-08-16,32.6933333333333,33.2,32.36
TOMB,2023-08-17,32.4253191489362,33.08,32.01
TOMB,2023-08-18,32.1946666666667,33.18,31.56
TOMB,2023-08-19,32.0936956521739,32.94,31.58
TOMB,2023-08-20,31.9357777777778,32.8,31.54
TOMB,2023-08-21,31.81625,32.56,31.41
TOMB,2023-08-22,32.20625,33.27,31.42
TOMB,2023-08-23,32.6007317073171,34.19,31.62
TOMB,2023-08-24,32.4309302325581,33.51,31.56
TOMB,2023-08-25,32.4127272727273,33.38,31.62
TOMB,2023-08-26,32.8309756097561,34.7,31.84
TOMB,2023-08-27,32.5436956521739,33.89,31.96
TOMB,2023-08-28,32.6615217391304,34.19,31.99
TOMB,2023-08-29,32.4704166666667,33.48,31.92
TOMB,2023-08-30,32.4653191489362,34.15,31.88
TOMB,2023-08-31,32.16,32.93,31.72
TOMB,2023-09-01,32.0275,32.65,31.62
TOMB,2023-09-02,31.7797916666667,33.12,31.51
TOMB,2023-09-03,31.4932558139535,31.85,31.27
TOMB,2023-09-10,30.751875,31.37,30.32
TOMB,2023-09-11,30.8260869565217,32.26,30.19
TOMB,2023-09-12,31.22975,33.61,30.14
TOMB,2023-09-13,31.1034782608696,32.73,30.07
TOMB,2023-09-14,30.2408333333333,31.19,29.91
TOMB,2023-09-15,29.971875,30.23,29.81
TOMB,2023-09-16,30.4930434782609,31.58,29.8
TOMB,2023-09-17,30.5582608695652,32.05,29.93
TOMB,2023-09-18,30.4010416666667,31.49,29.84
TOMB,2023-09-19,30.4034782608696,31.7,29.59
TOMB,2023-09-20,29.8341463414634,31.49,29.32
TOMB,2023-09-21,29.6560416666667,30.45,29.14
TOMB,2023-09-22,29.4655319148936,30.24,29.1
TOMB,2023-09-23,29.4751063829787,30.53,28.97
TOMB,2023-09-24,29.4785416666667,30.5,28.8
TOMB,2023-09-25,29.5133333333333,30.89,28.8
TOMB,2023-09-26,29.3864583333333,31.12,28.81
TOMB,2023-09-27,29.231914893617,30.11,28.73
TOMB,2023-09-28,28.7041666666667,29,28.5
TOMB,2023-09-29,28.3977083333333,28.5,28.21
TOMB,2023-09-30,28.4695833333333,29.07,28.04
TOMB,2023-10-01,28.3741666666667,28.83,28
TOMB,2023-10-02,28.19125,28.59,27.85
TOMB,2023-10-03,28.0022916666667,28.41,27.67
TOMB,2023-10-04,27.9639583333333,29,27.44
TOMB,2023-10-05,27.8289583333333,28.72,27.38
TOMB,2023-10-06,28.08,29.14,27.37
TOMB,2023-10-07,27.8345652173913,28.7,27.22
TOMB,2023-10-08,27.0475,27.49,26.52
TOMB,2023-10-09,26.663125,27.33,26.22
TOMB,2023-10-10,26.4158333333333,27.09,26.05
TOMB,2023-10-11,26.3258333333333,27.11,25.92
TOMB,2023-10-12,25.6404166666667,25.96,25.27
TOMB,2023-10-13,25.3139583333333,25.41,25.21
TOMB,2023-10-14,25.1170833333333,25.25,24.94
TOMB,2023-10-15,25.1241666666667,25.72,24.84
TOMB,2023-10-16,24.5847916666667,24.9,24.17
TOMB,2023-10-17,24.1147916666667,24.7,23.63
TOMB,2023-10-18,23.924375,25.11,23.38
TOMB,2023-10-19,23.7783333333333,24.71,23.22
TOMB,2023-10-20,23.4475,23.99,23.18
TOMB,2023-10-21,23.6895833333333,24.75,23.02
TOMB,2023-10-22,23.015,23.03,23
TOMB,2023-10-23,23.3678571428571,25.2,22.96
TOMB,2023-10-24,23.5857777777778,26.63,22.89
TOMB,2023-10-25,23.6319565217391,25.13,22.87
TOMB,2023-10-26,23.6674468085106,25.23,22.82
TOMB,2023-10-27,23.7689583333333,25.13,22.81
TOMB,2023-10-28,23.5536170212766,25.05,22.81
TOMB,2023-10-29,23.7564444444444,25.19,22.82
TOMB,2023-10-30,23.6602083333333,25.12,22.82
TOMB,2023-10-31,22.7366666666667,23.02,22.41
TOMB,2023-11-30,16.8615625,18.04,16.44
TOMB,2023-12-01,16.403125,16.7,16.3
TOMB,2023-12-02,16.995625,17.66,16.32
TOMB,2023-12-03,17.0731914893617,17.58,16.81
TOMB,2023-12-04,17.090652173913,18.27,16.45
TOMB,2023-12-05,16.6547916666667,17.38,16.22
TOMB,2023-12-06,16.2225,16.84,15.76
TOMB,2023-12-07,15.645,15.85,15.36
TOMB,2023-12-08,15.492708333333301,15.84,15.32
TOMB,2023-12-09,15.5752083333333,16.02,15.33
TOMB,2023-12-10,15.74375,16.57,15.34
TOMB,2023-12-11,15.125625,15.39,14.75
TOMB,2023-12-12,14.6791304347826,14.95,14.38
TOMB,2023-12-13,14.415,14.72,14.26
TOMB,2023-12-14,14.375625,14.5,14.21
TOMB,2023-12-15,14.3229166666667,14.47,14.18
TOMB,2023-12-16,14.3608333333333,14.77,14.13
TOMB,2023-12-17,14.1783333333333,14.32,14.1
TOMB,2023-12-18,14.1045833333333,14.77,13.65
TOMB,2023-12-19,13.920625,14.86,13.48
TOMB,2023-12-20,13.42125,13.67,13.18
TOMB,2023-12-21,13.2375,13.62,12.9
TOMB,2023-12-22,13.1016666666667,13.45,12.9
TOMB,2023-12-23,13.2918181818182,14.72,12.95
TOMB,2023-12-24,13.7136363636364,15.14,12.93
TOMB,2023-12-25,13.3360416666667,13.7,13.02
TOMB,2023-12-26,13.3489583333333,14.08,12.93
TOMB,2023-12-27,12.988125,13.15,12.88
TOMB,2023-12-28,12.9272916666667,13.2,12.63
TOMB,2023-12-29,12.6547916666667,13.04,12.38
TOMB,2023-12-30,12.364375,12.63,12.19
TOMB,2023-12-31,12.5572916666667,13.51,12.17
TOMB,2024-01-01,12.6358333333333,13.16,12.28
TOMB,2024-01-02,12.503125,13.03,12.3
TOMB,2024-01-03,12.4335416666667,13.05,12.1
TOMB,2024-01-04,11.96375,12.13,11.76
TOMB,2024-01-05,11.69125,12,11.38
TOMB,2024-01-06,11.5202083333333,11.72,11.29
TOMB,2024-01-07,11.4989583333333,11.69,11.29
TOMB,2024-01-08,11.386875,12.52,10.98
TOMB,2024-01-09,11.0660416666667,11.39,10.93
TOMB,2024-01-10,10.7241666666667,10.97,10.4
TOMB,2024-01-11,10.4966666666667,10.62,10.36
TOMB,2024-01-12,10.2570833333333,10.38,10.11
TOMB,2024-01-13,10.2889583333333,10.44,10.11
TOMB,2024-01-14,10.26625,10.45,10.01
TOMB,2024-01-15,10.0922916666667,10.33,9.81
TOMB,2024-01-16,9.79895833333333,9.99,9.52
TOMB,2024-01-17,9.235,9.49,8.85
TOMB,2024-01-18,8.79625,9.1,8.52
TOMB,2024-01-19,8.53958333333333,8.6,8.47
TOMB,2024-01-20,8.28395833333333,8.61,7.92
TOMB,2024-01-21,7.855,8.16,7.49
TOMB,2024-01-22,7.67270833333333,7.95,7.43
TOMB,2024-01-23,7.791875,7.97,7.6
TOMB,2024-01-24,8.20416666666667,8.48,7.88
TOMB,2024-01-25,8.514375,8.7,8.42
TOMB,2024-01-26,8.94104166666667,9.59,8.56
TOMB,2024-01-27,9.39051282051282,9.82,9.08
TOMB,2024-01-29,11.0308823529412,11.21,10.55
TOMB,2024-01-30,11.460625,11.56,11.2
TOMB,2024-01-31,11.755625,11.88,11.57
TOMB,2024-02-01,11.525625,11.68,11.26
TOMB,2024-02-02,11.273958333333301,11.39,11.11
TOMB,2024-02-03,11.1322916666667,11.25,11.02
TOMB,2024-02-04,11.0575,11.12,10.99
TOMB,2024-02-05,11.0408333333333,11.13,10.89
TOMB,2024-02-06,10.805208333333301,10.9,10.62
TOMB,2024-02-07,10.6770833333333,10.78,10.6
TOMB,2024-02-08,10.6554166666667,10.81,10.51
TOMB,2024-02-09,10.7204444444444,10.85,10.48
TOMB,2024-02-10,11.1844680851064,11.38,10.85
TOMB,2024-02-11,11.529375,11.74,11.37
TOMB,2024-02-12,11.8589583333333,11.93,11.76
TOMB,2024-02-13,12.32375,12.71,11.94
TOMB,2024-02-14,12.9152083333333,13.07,12.74
TOMB,2024-02-15,13.2247916666667,13.36,12.98
TOMB,2024-02-16,12.919375,13.09,12.69
TOMB,2024-02-17,12.5916666666667,12.67,12.5
TOMB,2024-02-18,12.2852083333333,12.49,12.07
TOMB,2024-02-19,12.02875,12.15,11.79
TOMB,2024-02-20,11.7629166666667,11.91,11.53
TOMB,2024-02-21,11.6639583333333,11.75,11.47
TOMB,2024-02-22,11.8434375,11.97,11.64
TOMB,2024-02-23,12.2527272727273,12.4,12
TOMB,2024-02-24,12.7715384615385,12.9,12.48
TOMB,2024-02-25,13.0915,13.2,12.86
TOMB,2024-02-26,13.2860975609756,13.47,13.11
TOMB,2024-02-27,13.6547826086957,14.02,13.21
TOMB,2024-02-28,13.9468,14.14,13.69
TOMB,2024-02-29,14.4182142857143,14.63,14.23
TOMB,2024-03-01,14.1626666666667,14.25,14.09
TOMB,2024-03-03,14.264,14.32,14.18
TOMB,2024-03-04,13.6822222222222,14.06,13.34
TOMB,2024-03-05,14.2271794871795,14.41,14.06
TOMB,2024-03-06,14.353,14.46,14.18
TOMB,2024-03-07,14.1958695652174,14.3,13.97
TOMB,2024-03-08,14.4947916666667,14.6,14.28
TOMB,2024-03-09,14.2235416666667,14.46,14.09
TOMB,2024-03-10,14.4772916666667,14.71,14.12
TOMB,2024-03-11,15.07,15.28,14.72
TOMB,2024-03-12,15.472571428571401,15.59,15.32
TOMB,2024-03-13,15.4683783783784,15.58,15.31
TOMB,2024-03-14,15.4097619047619,15.48,15.27
TOMB,2024-03-15,15.7222916666667,15.95,15.35
TOMB,2024-03-16,16.0264,16.08,15.95
TOMB,2024-03-17,16.34,16.4,16.27
TOMB,2024-03-18,16.205,16.22,16.19
TOMB,2024-03-19,16.1552941176471,16.29,15.9
TOMB,2024-03-20,16.0041666666667,16.16,15.83
TOMB,2024-03-21,16.1502083333333,16.29,15.86
TOMB,2024-03-22,16.2,16.27,16.09
TOMB,2024-03-23,16.3904545454545,16.54,16.25
TOMB,2024-03-24,16.5797727272727,16.78,16.37
TOMB,2024-03-25,16.7929166666667,16.98,16.44
TOMB,2024-03-26,16.842380952381,16.93,16.72
TOMB,2024-03-27,16.9259090909091,17.12,16.7
TOMB,2024-03-28,16.6847916666667,16.88,16.53
TOMB,2024-03-29,16.6229166666667,16.82,16.42
TOMB,2024-03-30,16.5979166666667,16.73,16.41
TOMB,2024-03-31,16.72875,16.89,16.52
TOMB,2024-04-01,16.9010416666667,16.99,16.65
TOMB,2024-04-02,17.22,17.39,16.99
TOMB,2024-04-03,17.8641304347826,18,17.49
TOMB,2024-04-04,18.2442857142857,18.44,17.94
TOMB,2024-04-05,18.3827659574468,18.6,18.09
TOMB,2024-04-06,18.4410416666667,18.81,18.1
TOMB,2024-04-07,18.4727083333333,18.83,18.07
TOMB,2024-04-08,18.6802631578947,19.11,18.28
TOMB,2024-04-09,18.8451111111111,19.33,18.65
TOMB,2024-04-10,18.85875,18.93,18.77
TOMB,2024-04-11,18.7629166666667,18.83,18.73
TOMB,2024-04-12,18.786875,18.85,18.74
TOMB,2024-04-13,18.5841935483871,18.76,18.35
TOMB,2024-04-14,18.18125,18.49,17.78
TOMB,2024-04-15,18.000625,18.12,17.77
TOMB,2024-04-16,18.2795833333333,18.41,17.98
TOMB,2024-04-17,18.69375,18.86,18.36
TOMB,2024-04-18,19.079347826087,19.33,18.71
TOMB,2024-04-19,19.4948571428571,19.59,19.33
TOMB,2024-04-20,20.2447368421053,20.59,19.83
TOMB,2024-04-22,20.3037777777778,20.4,20.12
TOMB,2024-04-23,20.0372916666667,20.31,19.74
TOMB,2024-04-24,20.0158333333333,20.33,19.75
TOMB,2024-04-25,20.3186956521739,20.61,19.86
TOMB,2024-04-26,20.6130769230769,20.83,20.21
TOMB,2024-04-27,21.2265789473684,22.26,20.83
TOMB,2024-04-28,21.7209523809524,22.38,20.85
TOMB,2024-04-29,22.0593333333333,22.93,21.2
TOMB,2024-05-01,22.419,24.58,21.95
TOMB,2024-05-02,23.941,27.94,22.12
TOMB,2024-05-03,23.116,24.34,22.72
TOMB,2024-05-04,23.4292307692308,24.18,23.01
TOMB,2024-05-05,23.285,23.52,23.14
TOMB,2024-05-08,24.8741666666667,25.43,24.42
TOMB,2024-05-09,25.2121739130435,25.69,24.52
TOMB,2024-05-10,26.3157142857143,26.86,25.64
TOMB,2024-05-11,26.23875,26.7,25.61
TOMB,2024-05-12,25.9240625,26.15,25.62
TOMB,2024-05-13,25.8142857142857,25.97,25.68
TOMB,2024-05-14,25.1376744186047,25.99,24.97
TOMB,2024-05-15,25.3754545454545,25.73,25.04
TOMB,2024-05-16,25.5917073170732,27.09,25.11
TOMB,2024-05-17,26.0692105263158,30.01,25.14
TOMB,2024-05-18,25.07125,25.33,24.71
TOMB,2024-05-19,24.0597916666667,24.83,23.1
TOMB,2024-05-20,23.4247368421053,23.65,23.01
TOMB,2024-05-22,26.25,28.91,24.75
TOMB,2024-05-23,24.352,24.79,24.02
TOMB,2024-05-25,27.1317647058824,28.64,25.45
TOMB,2024-05-26,28.0460869565217,28.56,27.3
TOMB,2024-05-27,28.0125,28.3,27.66
TOMB,2024-05-28,28.42625,29.81,27.43
TOMB,2024-05-29,29.6066666666667,31.9,27.78
TOMB,2024-05-30,28.6866666666667,29.85,28.05
TOMB,2024-05-31,28.5296875,29.27,28.29
TOMB,2024-06-01,29.0635294117647,30.08,28.36
TOMB,2024-06-02,29.15,29.23,29.07
TOMB,2024-06-03,29.14,30.38,28.36
TOMB,2024-06-04,28.4745454545455,29.14,28.17
TOMB,2024-06-07,28.57125,29.48,28.03
TOMB,2024-06-08,28.9117391304348,29.29,28.43
TOMB,2024-06-09,28.89175,29.66,28.49
TOMB,2024-06-10,29.0192857142857,29.49,28.5
TOMB,2024-06-11,29.8,30.43,29.09
TOMB,2024-06-12,29.5447916666667,30.37,29.13
TOMB,2024-06-13,30.5452,32.01,29.12
TOMB,2024-06-14,30.309,32.12,29.31
TOMB,2024-06-15,30.2759259259259,31.7,29.37
TOMB,2024-06-16,30.7518518518519,32.63,29.9
TOMB,2024-06-17,30.7874285714286,32.12,29.9
TOMB,2024-06-18,30.7390243902439,32.3,29.89
TOMB,2024-06-19,30.2517647058824,30.67,29.88
TOMB,2024-06-21,30.277619047619,30.47,29.9
TOMB,2024-06-23,30.8130434782609,33.8,30.09
TOMB,2024-06-24,31.7666666666667,34,30.15
TOMB,2024-06-28,32.37,32.68,32.08
TOMB,2024-07-01,31.2214285714286,31.99,30.92
TOMB,2024-07-02,31.6840909090909,32.85,30.9
TOMB,2024-07-03,33.5627272727273,35.23,31.05
TOMB,2024-07-04,32.6128571428571,35.13,31.52
TOMB,2024-07-05,31.8423255813954,32.96,31.23
TOMB,2024-07-06,31.6776470588235,32.73,31.22
TOMB,2024-07-07,34.19,34.19,34.19
TOMB,2024-07-08,32.615,34.02,31.8
TOMB,2024-07-11,32.4294871794872,34.15,31.46
TOMB,2024-07-12,34.6291666666667,35.14,34.18
TOMB,2024-07-14,35.28,35.28,35.28
TOMB,2024-07-15,32.9116,34.05,32.16
TOMB,2024-07-16,32.6088235294118,33.72,31.82
TOMB,2024-07-18,33.47375,34.6,32.71
TOMB,2024-07-22,31.5267441860465,32.9,31.06
TOMB,2024-07-23,31.4545833333333,32.09,31.05
TOMB,2024-07-24,31.3263636363636,32.1,31.11
TOMB,2024-07-25,30.88,30.88,30.88
TOMB,2024-07-26,29.42975,30.49,28.4
TOMB,2024-07-27,28.8978947368421,29.52,28.31
TOMB,2024-07-28,28.9866666666667,29.36,28.84
TOMB,2024-07-29,29.9641379310345,32.62,29.06
TOMB,2024-07-30,30.072619047619,30.56,29.14
TOMB,2024-07-31,30.7611904761905,31.5,30.33
TOMB,2024-08-01,30.9914285714286,31.85,30.38
TOMB,2024-08-02,32.255,32.3,32.21
TOMB,2024-08-03,32.8334375,34.58,31.27
TOMB,2024-08-04,32.554358974359,35.22,31.46
TOMB,2024-08-05,32.4852173913043,33.08,31.75
TOMB,2024-08-08,33.2454347826087,35.06,31.99
TOMB,2024-08-09,32.76125,33.55,32.1
TOMB,2024-08-10,32.5848936170213,33.68,31.96
TOMB,2024-08-11,32.54,33.24,31.94
TOMB,2024-08-12,32.8533333333333,33.66,31.94
TOMB,2024-08-14,33.5682352941176,34.22,32.73
TOMB,2024-08-15,32.7066666666667,34.23,32.03
TOMB,2024-08-16,32.9344736842105,34.31,31.97
TOMB,2024-08-17,33.0375,34.9,32.03
TOMB,2024-08-27,31.7209756097561,32.86,30.83
TOMB,2024-08-28,31.7873333333333,33.03,30.78
TOMB,2025-01-03,12.6058823529412,12.76,12.49
TOMB,2025-01-04,12.7185106382979,12.91,12.49
TOMB,2025-01-05,12.591875,12.68,12.51
TOMB,2025-01-06,12.5910416666667,12.68,12.45
TOMB,2025-01-07,12.1288095238095,12.45,11.84
TOMB,2025-01-08,11.6025531914894,11.84,11.21
TOMB,2025-01-09,11.0314583333333,11.35,10.47
TOMB,2025-01-10,10.47625,10.59,10.32
TOMB,2025-01-11,10.2283333333333,10.29,10.15
TOMB,2025-01-12,10.0942553191489,10.28,9.87
TOMB,2025-01-13,9.82,9.96,9.63
TOMB,2025-01-14,9.77,9.99,9.45
TOMB,2025-01-15,9.41395833333333,9.59,9.19
TOMB,2025-01-16,9.20021276595745,9.34,9.02
TOMB,2025-01-17,8.983125,9.23,8.72
TOMB,2025-01-18,8.86666666666667,8.99,8.69
TOMB,2025-01-19,9.16166666666667,9.32,8.89
TOMB,2025-01-20,9.16382978723404,9.38,8.76
TOMB,2025-01-21,8.73104166666667,8.81,8.63
TOMB,2025-01-22,8.3475,8.65,8.07
TOMB,2025-01-23,8.23595744680851,8.7,7.94
TOMB,2025-01-24,7.95711111111111,8.23,7.69
TOMB,2025-01-25,7.68854166666667,8.11,7.4
TOMB,2025-01-26,7.49854166666667,8.08,7.28
TOMB,2025-01-27,7.34104166666667,7.73,7.16
TOMB,2025-01-28,7.45148936170213,7.68,7.31
TOMB,2025-01-29,7.80416666666667,8.05,7.37
TOMB,2025-01-30,8.36895833333333,8.47,8.08
TOMB,2025-01-31,8.884375,9.22,8.43
TOMB,2025-02-01,9.19270833333333,9.5,8.88
TOMB,2025-02-02,9.09395833333333,9.3,8.78
TOMB,2025-02-03,9.39770833333333,9.82,8.92
TOMB,2025-02-04,8.59458333333333,8.86,8.5
TOMB,2025-02-05,9.12020833333333,9.35,8.78
TOMB,2025-02-06,9.83604166666667,10.04,9.36
TOMB,2025-02-07,10.5,10.75,10.06
TOMB,2025-02-08,11.3159574468085,11.57,10.74
TOMB,2025-02-09,12.0695833333333,12.34,11.53
TOMB,2025-02-10,12.8732608695652,13.16,12.35
TOMB,2025-02-11,13.2560416666667,13.41,13.03
TOMB,2025-02-12,13.7291666666667,13.91,13.42
TOMB,2025-02-13,14.1495238095238,14.38,13.93
TOMB,2025-02-14,14.233125,14.4,14.12
TOMB,2025-02-15,14.2558333333333,14.44,13.91
TOMB,2025-02-16,13.3497916666667,13.89,12.5
TOMB,2025-02-17,12.125,12.48,11.79
TOMB,2025-02-18,11.839375,11.99,11.64
TOMB,2025-02-19,11.6391111111111,11.69,11.59
TOMB,2025-02-20,11.5183333333333,11.61,11.34
TOMB,2025-02-21,11.1679166666667,11.34,10.79
TOMB,2025-02-22,10.6575,10.83,10.34
TOMB,2025-02-23,10.285625,10.37,10.17
TOMB,2025-02-24,10.0027083333333,10.15,9.92
TOMB,2025-02-25,10.08625,10.31,9.92
TOMB,2025-02-26,10.2925,10.53,9.94
TOMB,2025-02-27,10.715625,10.89,10.26
TOMB,2025-02-28,11.0441304347826,11.4,10.78
TOMB,2025-03-01,11.3586666666667,11.62,10.87
TOMB,2025-03-02,11.6954347826087,12.15,11.35
TOMB,2025-03-03,11.7808333333333,12.1,11.45
TOMB,2025-03-04,11.7847916666667,11.97,11.58
TOMB,2025-03-05,12.0972340425532,12.43,11.71
TOMB,2025-03-06,12.24375,12.45,12.13
TOMB,2025-03-07,12.4502083333333,12.71,12.15
TOMB,2025-03-08,12.2595833333333,12.65,11.93
TOMB,2025-03-09,12.625,12.76,12.16
TOMB,2025-03-10,13.0183333333333,13.13,12.77
TOMB,2025-03-11,13.2760416666667,13.49,12.99
TOMB,2025-03-12,13.5691666666667,13.74,13.19
TOMB,2025-03-13,13.9420833333333,14.15,13.62
TOMB,2025-03-14,14.3083333333333,14.46,13.97
TOMB,2025-03-15,14.9297916666667,15.18,14.38
TOMB,2025-03-16,15.544375,15.79,15.18
TOMB,2025-03-17,16.2154166666667,16.47,15.79
TOMB,2025-03-18,16.621875,16.97,16.42
TOMB,2025-03-19,16.7904166666667,16.95,16.5
TOMB,2025-03-20,16.9764583333333,17.16,16.73
TOMB,2025-03-21,16.3883333333333,16.7,15.9
TOMB,2025-03-22,15.7785416666667,15.97,15.4
TOMB,2025-03-23,15.5833333333333,15.73,15.35
TOMB,2025-03-24,15.754375,16.01,15.48
TOMB,2025-03-25,15.969375,16.15,15.77
TOMB,2025-03-26,16.3625,16.53,15.87
TOMB,2025-03-27,16.6389583333333,16.78,16.41
TOMB,2025-03-28,16.7435416666667,16.86,16.6
TOMB,2025-03-29,16.8591666666667,17.01,16.65
TOMB,2025-03-30,17.2720833333333,17.38,17.02
TOMB,2025-03-31,17.7534042553192,17.89,17.36
TOMB,2025-04-01,18.144375,18.36,17.86
TOMB,2025-04-02,18.6439583333333,19.01,18.17
TOMB,2025-04-03,19.2983333333333,19.45,19.03
TOMB,2025-04-04,19.9060416666667,20.2,19.41
TOMB,2025-04-05,20.4895833333333,20.63,20.21
TOMB,2025-04-06,21.0022916666667,21.14,20.64
TOMB,2025-04-07,21.1945833333333,21.3,21.03
TOMB,2025-04-08,20.8729166666667,21.19,20.56
TOMB,2025-04-09,20.633125,20.85,20.24
TOMB,2025-04-10,19.5041666666667,20.21,18.76
TOMB,2025-04-11,18.6702083333333,18.81,18.39
TOMB,2025-04-12,18.286875,18.38,18.07
TOMB,2025-04-13,18.0972916666667,18.19,17.98
TOMB,2025-04-14,18.1170833333333,18.26,17.96
TOMB,2025-04-15,18.31625,18.45,17.95
TOMB,2025-04-16,18.6010416666667,18.74,18.33
TOMB,2025-04-17,18.82875,19.04,18.55
TOMB,2025-04-18,19.1460416666667,19.43,18.81
TOMB,2025-04-19,19.5757446808511,19.78,19.02
TOMB,2025-04-20,20.0071428571429,20.31,19.61
TOMB,2025-04-21,20.5264102564103,21.55,20.01
TOMB,2025-04-22,21.0342424242424,22.99,20.45
TOMB,2025-04-23,21.1414634146341,21.57,20.72
TOMB,2025-04-24,21.5406382978723,21.82,21.11
TOMB,2025-04-25,21.7654166666667,22.01,21.61
TOMB,2025-04-26,21.825625,21.89,21.63
TOMB,2025-04-27,22.0508333333333,22.18,21.73
TOMB,2025-04-28,22.2185416666667,22.48,21.89
TOMB,2025-04-29,22.2947916666667,22.45,21.88
TOMB,2025-04-30,22.7833333333333,22.94,22.32
TOMB,2025-05-01,23.1804166666667,23.33,22.91
TOMB,2025-05-02,23.3090909090909,23.42,23.21
TOMB,2025-05-03,23.81225,23.92,23.69
TOMB,2025-05-04,23.8002083333333,23.88,23.69
TOMB,2025-05-05,23.4170833333333,23.91,22.78
TOMB,2025-05-06,22.955,23.15,22.73
TOMB,2025-05-13,21.2114634146341,21.32,21.01
TOMB,2025-05-14,21.0710416666667,21.22,20.89
TOMB,2025-05-15,21.0348888888889,21.12,20.89
TOMB,2025-05-16,21.3597872340426,21.49,21.06
TOMB,2025-05-17,21.5326086956522,21.61,21.37
TOMB,2025-05-18,21.8827083333333,21.99,21.59
TOMB,2025-05-19,22.31625,22.46,21.97
TOMB,2025-05-20,22.8179166666667,23.02,22.36
TOMB,2025-05-21,23.5739534883721,23.79,23.03
TOMB,2025-05-22,24.164375,24.34,23.76
TOMB,2025-05-23,24.5947916666667,24.78,24.15
TOMB,2025-05-24,25.1170833333333,25.31,24.74
TOMB,2025-05-25,25.6997916666667,26.16,25.27
TOMB,2025-05-26,25.9775555555556,26.6,25.54
TOMB,2025-05-27,26.0767391304348,26.59,25.71
TOMB,2025-05-28,25.484375,25.72,25.19
TOMB,2025-05-29,25.083125,25.4,24.72
TOMB,2025-05-30,24.7247916666667,24.88,24.53
TOMB,2025-05-31,24.481875,24.71,24.03
TOMB,2025-06-01,24.1716666666667,24.33,24
TOMB,2025-06-02,24.2777083333333,24.43,24.02
TOMB,2025-06-03,24.483125,24.73,24.2
TOMB,2025-06-04,25.00625,25.55,24.46
TOMB,2025-06-05,25.3104651162791,25.76,24.84
TOMB,2025-06-06,25.9014285714286,26.48,25.39
TOMB,2025-06-07,26.7217777777778,28.88,25.85
TOMB,2025-06-08,27.505,29.13,26.4
TOMB,2025-06-09,27.3865957446809,28.3,27
TOMB,2025-06-10,27.2575,27.61,26.68
TOMB,2025-06-11,26.106875,26.69,25.53
TOMB,2025-06-12,25.7560416666667,25.89,25.54
TOMB,2025-06-13,25.679375,25.77,25.57
TOMB,2025-06-14,25.7820833333333,25.87,25.58
TOMB,2025-06-15,25.998125,26.15,25.73
TOMB,2025-06-16,26.4041666666667,26.66,26.07
TOMB,2025-06-17,26.6279166666667,26.75,26.43
TOMB,2025-06-18,26.7391666666667,26.91,26.55
TOMB,2025-06-19,26.6763043478261,26.82,26.42
TOMB,2025-06-20,26.7339583333333,26.91,26.42
TOMB,2025-06-21,26.48125,26.79,26.03
TOMB,2025-06-22,26.0645833333333,26.23,25.89
TOMB,2025-06-23,26.2608333333333,26.48,25.9
TOMB,2025-06-24,26.6308333333333,26.84,26.16
TOMB,2025-06-25,27.08875,27.25,26.58
TOMB,2025-06-26,27.6639583333333,27.84,27.21
TOMB,2025-06-27,28.195,28.63,27.84
TOMB,2025-06-28,28.5489583333333,28.98,28.13
TOMB,2025-06-29,28.8893023255814,29.33,28.32
TOMB,2025-06-30,29.2195833333333,29.65,28.76
TOMB,2025-07-01,29.1389583333333,29.32,29.02
TOMB,2025-07-02,29.2141666666667,29.51,29
TOMB,2025-07-03,29.2735416666667,29.54,28.83
TOMB,2025-07-04,28.52,28.77,28.11
TOMB,2025-07-05,28.3354166666667,28.46,28.08
TOMB,2025-07-06,28.785,29.06,28.48
TOMB,2025-07-07,29.1428205128205,30.2,28.65
TOMB,2025-07-08,29.3534375,31.21,28.99
TOMB,2025-07-09,30.3429268292683,32.49,29.33
TOMB,2025-07-10,30.3069230769231,31.94,29.75
TOMB,2025-07-11,30.5867441860465,32.09,29.87
TOMB,2025-07-12,30.4508888888889,31.56,30.09
TOMB,2025-07-13,30.4087179487179,31.81,30.07
TOMB,2025-07-14,30.6125714285714,31.76,30.26
TOMB,2025-07-15,30.7509090909091,31.7,30.46
TOMB,2025-07-16,31.0828571428571,32.39,30.65
TOMB,2025-07-17,31.3841666666667,32.17,30.73
TOMB,2025-07-18,31.632,33.05,31.07
TOMB,2025-07-19,31.2414583333333,31.83,30.98
TOMB,2025-07-20,31.7819565217391,33.08,31
TOMB,2025-07-21,32.41125,34.2,31.14
TOMB,2025-07-22,32.328,34.24,31.16
TOMB,2025-07-23,32.4835,33.61,31.63
TOMB,2025-07-24,32.2463636363636,33.57,31.58
TOMB,2025-07-25,31.799375,32.56,31.58
TOMB,2025-07-26,32.0391489361702,33.29,31.51
TOMB,2025-07-27,31.7672340425532,33.78,31.17
TOMB,2025-07-28,32.1618518518518,33.46,31.18
TOMB,2025-07-29,33.1634090909091,35.28,31.63
TOMB,2025-07-30,32.7533333333333,34.83,31.74
TOMB,2025-07-31,32.6656756756757,35.75,31.92
TOMB,2025-08-01,33.2654761904762,35.43,32.02
TOMB,2025-08-02,32.8486842105263,34.94,32.26
TOMB,2025-08-03,32.63,33.76,32.18
TOMB,2025-08-04,32.7836956521739,34.4,31.98
TOMB,2025-08-05,31.874375,32.09,31.67
TOMB,2025-08-06,31.6316666666667,31.95,31.41
TOMB,2025-08-07,31.8495744680851,32.76,31.38
TOMB,2025-08-08,31.7879166666667,32.67,31.47
TOMB,2025-08-09,31.941875,32.75,31.41
TOMB,2025-08-10,31.66,32.36,31.31
TOMB,2025-08-11,31.603125,32.34,31.22
TOMB,2025-08-12,31.7033333333333,32.25,31.21
TOMB,2025-08-13,31.373125,32,31.12
TOMB,2025-08-14,31.7497619047619,34.45,31.02
TOMB,2025-08-15,31.5,34.09,31.02
TOMB,2025-08-16,32.026,34.57,30.96
TOMB,2025-08-17,31.9121739130435,33.4,30.94
TOMB,2025-08-18,32.0348888888889,33.47,31.07
TOMB,2025-08-19,32.2461538461538,34.11,31.22
TOMB,2025-08-20,32.3572916666667,33.74,31.31
TOMB,2025-08-21,32.6136842105263,35.91,31.49
TOMB,2025-08-22,32.1293333333333,33.68,31.57
TOMB,2025-08-23,31.9818604651163,32.95,31.56
TOMB,2025-08-24,32.46625,34,31.76
TOMB,2025-08-25,32.5263829787234,34.02,31.72
TOMB,2025-08-26,31.9420833333333,32.36,31.52
TOMB,2025-08-27,31.705625,32.33,31.27
TOMB,2025-08-28,31.5527083333333,32.24,31.11
TOMB,2025-08-29,30.9679166666667,31.14,30.74
TOMB,2025-08-30,30.6245833333333,30.74,30.45
TOMB,2025-08-31,30.7039583333333,31.72,30.3
TOMB,2025-09-01,30.739375,31.55,30.23
TOMB,2025-09-02,30.8433333333333,31.79,30.19
TOMB,2025-09-03,30.4495833333333,31.11,29.94
TOMB,2025-09-04,30.8565957446809,33.7,29.8
TOMB,2025-09-05,30.664,32.11,29.8
TOMB,2025-09-06,31.1304444444444,33.24,29.88
TOMB,2025-09-07,30.401914893617,31.4,29.82
TOMB,2025-09-08,29.863125,30.24,29.43
TOMB,2025-09-09,29.86375,30.88,29.29
TOMB,2025-09-10,29.6210416666667,30.38,29.13
TOMB,2025-09-11,29.6108510638298,30.87,29.05
TOMB,2025-09-12,29.6785416666667,30.87,28.99
TOMB,2025-09-13,29.5947916666667,30.36,28.97
TOMB,2025-09-14,29.7913333333333,31.49,28.97
TOMB,2025-09-15,30.1827272727273,32.57,28.92
TOMB,2025-09-16,29.9674418604651,32.26,28.88
TOMB,2025-09-17,29.7464583333333,31.23,28.93
TOMB,2025-09-18,29.7995454545455,31.31,28.88
TOMB,2025-09-19,29.8391111111111,31.43,28.85
TOMB,2025-09-20,29.7131818181818,31.25,28.95
TOMB,2025-09-21,29.4871739130435,30.72,28.91
TOMB,2025-09-22,29.8757446808511,31.31,28.94
TOMB,2025-09-23,29.524375,30.67,28.92
TOMB,2025-09-24,29.8197872340426,31.25,29
TOMB,2025-09-25,29.3335416666667,30.36,29.01
TOMB,2025-09-26,29.3610416666667,30.06,28.83
TOMB,2025-09-27,29.3468888888889,30.56,28.67
TOMB,2025-09-28,29.1523404255319,30.28,28.58
TOMB,2025-09-29,29.0904166666667,29.98,28.5
TOMB,2025-09-30,28.9063043478261,29.81,28.43
TOMB,2025-10-01,28.8083333333333,29.41,28.42
TOMB,2025-10-02,28.791875,29.68,28.29
TOMB,2025-10-03,28.4083333333333,28.92,28.01
TOMB,2025-10-04,28.260217391304302,28.61,27.97
TOMB,2025-10-05,27.9617021276596,28.15,27.77
TOMB,2025-10-06,27.8279166666667,28.2,27.65
TOMB,2025-10-07,27.9152083333333,28.66,27.65
TOMB,2025-10-08,28.2048780487805,30.19,27.67
TOMB,2025-10-09,28.0083333333333,28.88,27.61
TOMB,2025-10-10,27.8233333333333,28.32,27.49
TOMB,2025-10-11,27.4897916666667,27.88,27.15
TOMB,2025-10-12,27.249375,27.58,26.94
TOMB,2025-10-13,27.3477083333333,28.26,26.65
TOMB,2025-10-14,27.0554166666667,28.05,26.54
TOMB,2025-10-15,26.6616666666667,27.17,26.33
TOMB,2025-10-16,26.905652173913,28.39,26.24
TOMB,2025-10-17,26.7497368421053,27.85,26.17
TOMB,2025-10-18,26.7221276595745,27.7,26.12
TOMB,2025-10-19,26.65125,27.54,26.14
TOMB,2025-10-20,26.3704166666667,26.96,25.89
TOMB,2025-10-21,25.9189583333333,26.41,25.47
TOMB,2025-10-22,25.78125,26.72,25.33
TOMB,2025-10-23,25.2586666666667,25.64,24.88
TOMB,2025-10-24,25.206,26.51,24.61
TOMB,2025-10-25,24.946875,25.88,24.46
TOMB,2025-10-26,24.4127083333333,24.72,24.17
TOMB,2025-10-27,24.0379166666667,24.17,23.93
TOMB,2025-10-29,23.3044680851064,23.56,23.01
TOMB,2025-10-30,22.6277083333333,23.01,22.17
TOMB,2025-10-31,21.9008333333333,22.15,21.57
TOMB,2025-11-01,21.879375,22.94,21.34
TOMB,2025-11-02,21.4727083333333,22.28,21.08
TOMB,2025-11-03,21.1272916666667,21.78,20.64
TOMB,2025-11-04,20.62375,21.01,20.23
TOMB,2025-11-05,20.5286363636364,22.07,20.01
TOMB,2025-11-06,20.4328571428571,22.13,19.87
TOMB,2025-11-07,20.45075,22.85,19.85
TOMB,2025-11-08,20.3628260869565,20.87,19.82
TOMB,2025-11-09,20.4229166666667,21.09,20.09
TOMB,2025-11-10,20.1264583333333,20.82,19.58
TOMB,2025-11-11,19.355625,19.69,18.97
TOMB,2025-11-12,18.978125,19.51,18.62
TOMB,2025-11-13,18.93625,19.76,18.55
TOMB,2025-11-14,18.955,20.34,18.51
TOMB,2025-11-15,19.2130952380952,21.19,18.47
TOMB,2025-11-16,18.8639583333333,19.68,18.44
TOMB,2025-11-17,19.0262222222222,20.18,18.48
TOMB,2025-11-18,18.824375,19.37,18.49
TOMB,2025-11-19,19.0027083333333,19.74,18.47
TOMB,2025-11-20,19.5217021276596,21.04,18.71
TOMB,2025-11-21,19.5434615384615,20.3,18.87
TOMB,2025-12-17,12.5658139534884,13.26,12.3
TOMB,2025-12-18,13.175,14.22,12.25
TOMB,2025-12-19,12.9889583333333,13.58,12.59
TOMB,2025-12-20,12.7031914893617,13.48,12.32
TOMB,2025-12-21,12.5666666666667,13.14,12.25
TOMB,2025-12-22,12.6313333333333,13.04,12.3
TOMB,2025-12-23,12.8604166666667,13.42,12.63
TOMB,2025-12-24,13.8078723404255,14.74,12.68
TOMB,2025-12-25,13.6302272727273,15.14,12.99
TOMB,2025-12-26,13.3422222222222,14.16,13.03
TOMB,2025-12-27,13.4416666666667,13.79,13.1
TOMB,2025-12-28,13.8247916666667,14.6,13.31
TOMB,2025-12-29,14.2164583333333,14.54,13.63
TOMB,2025-12-30,13.686875,14.06,13.35
TOMB,2025-12-31,13.384375,13.67,13.15
TOMB,2026-01-01,13.50875,13.98,13.13
TOOK,2019-07-25,17.0992857142857,17.51,16.93
TOOK,2019-07-26,16.816,17.03,16.58
TOOK,2019-07-27,16.385,16.46,16.31
TOOK,2019-07-30,15.31625,15.58,15.08
TOOK,2019-07-31,15.196,15.39,15.03
TOOK,2019-08-01,14.53,14.54,14.52
TOOK,2019-08-04,12.91,12.91,12.91
TOOK,2019-08-07,12.69,12.69,12.69
TOOK,2019-08-08,13.4292857142857,13.6,13.32
TOOK,2019-09-11,7.5,7.5,7.5
TOOK,2019-09-13,7.49,7.49,7.49
TOOK,2021-06-29,9.017,9.31,8.79
TOOK,2021-06-30,8.75108695652174,8.94,8.43
TOOK,2021-07-01,9.14086956521739,9.51,8.52
TOOK,2021-07-02,9.64510638297872,10.63,9.06
TOOK,2021-07-03,9.84739130434783,10.34,9.48
TOOK,2021-07-04,9.884375,10.01,9.72
TOOK,2021-07-05,10.41275,11.25,9.84
TOOK,2021-07-06,10.9863043478261,11.4,10.48
TOOK,2021-07-07,11.4322916666667,11.84,11.17
TOOK,2021-07-08,11.6309756097561,11.96,11.3
TOOK,2021-07-09,11.7866666666667,12.05,11.36
TOOK,2021-07-10,11.806976744186,12.36,11.61
TOOK,2021-07-11,12.0109090909091,12.38,11.62
TOOK,2021-07-12,12.3592682926829,12.99,11.88
TOOK,2021-07-13,13.4138636363636,14.52,12.42
TOOK,2021-07-14,13.6330952380952,14,13.23
TOOK,2021-07-15,13.3752380952381,13.69,13.1
TOOK,2021-07-16,13.331914893617,13.79,13.06
TOOK,2021-07-17,13.8813043478261,14.54,13.32
TOOK,2021-07-18,14.3755813953488,15.34,13.98
TOOK,2021-07-19,14.8493548387097,16.13,14.02
TOOK,2021-07-20,16.4369047619048,17.63,15.02
TOOK,2021-07-21,16.0415217391304,16.32,15.45
TOOK,2021-07-22,16.1636363636364,16.33,15.94
TOOK,2021-07-23,16.2452777777778,16.43,15.97
TOOK,2021-07-24,16.7341860465116,17.89,16.15
TOOK,2021-07-25,16.2131818181818,16.63,15.8
TOOK,2021-07-26,15.8551282051282,16.27,15.67
TOOK,2021-07-27,15.5857575757576,15.87,15.4
TOOK,2021-07-28,15.34225,15.48,15.16
TOOK,2021-07-29,15.0358333333333,15.21,14.69
TOOK,2021-07-30,14.4247916666667,14.66,14.13
TOOK,2021-07-31,14.0765217391304,14.19,13.91
TOOK,2021-08-01,13.7935416666667,13.94,13.64
TOOK,2021-08-02,13.7872916666667,14.03,13.43
TOOK,2021-08-03,14.198125,14.58,13.75
TOOK,2021-08-04,14.8435416666667,15.42,14.39
TOOK,2021-08-05,15.619347826087,16.27,14.62
TOOK,2021-08-06,15.4897777777778,15.86,15.08
TOOK,2021-08-07,14.433125,15.04,13.79
TOOK,2021-08-08,13.6054347826087,13.77,13.36
TOOK,2021-08-09,13.2470731707317,13.37,13.03
TOOK,2021-08-10,13.112972972973,13.42,12.85
TOOK,2021-08-11,12.9718421052632,13.14,12.73
TOOK,2021-08-12,12.4875555555556,12.72,12.16
TOOK,2021-08-13,11.78375,12.13,11.38
TOOK,2021-08-14,11.5827272727273,12.11,11.29
TOOK,2021-08-15,11.3897435897436,11.54,11.13
TOOK,2021-08-16,10.9444186046512,11.12,10.68
TOOK,2021-08-17,10.6902222222222,10.8,10.42
TOOK,2021-08-18,10.1691304347826,10.38,9.79
TOOK,2021-08-19,9.45729166666667,9.78,9.18
TOOK,2021-08-20,9.38833333333333,9.98,9.15
TOOK,2021-08-21,9.34212765957447,9.55,9.19
TOOK,2021-08-22,9.24270833333333,9.39,9.05
TOOK,2021-08-23,9.27760869565217,9.65,9.06
TOOK,2021-08-24,9.20177777777778,9.28,9.05
TOOK,2021-08-25,9.01023255813953,9.11,8.84
TOOK,2021-08-26,9.08378378378378,9.32,8.68
TOOK,2021-08-27,8.83479166666667,8.99,8.62
TOOK,2021-08-28,8.49952380952381,8.77,8.3
TOOK,2021-08-29,8.03895833333333,8.27,7.83
TOOK,2021-08-30,7.893125,8.39,7.76
TOOK,2021-08-31,7.77125,7.86,7.58
TOOK,2021-09-01,8.238125,9.43,7.7
TOOK,2021-09-02,8.38173913043478,8.79,8.13
TOOK,2021-09-03,8.21630434782609,8.34,8.09
TOOK,2021-09-04,8.2536170212766,8.49,8.05
TOOK,2021-09-05,8.23586956521739,8.38,8.06
TOOK,2021-09-06,8.17791666666667,8.31,8.03
TOOK,2021-09-07,8.02853658536585,8.65,7.83
TOOK,2021-09-08,7.81979166666667,7.9,7.73
TOOK,2021-09-09,7.75934782608696,7.93,7.68
TOOK,2021-09-10,7.79510638297872,8.28,7.64
TOOK,2021-09-11,7.8175,8.28,7.56
TOOK,2021-09-12,7.73291666666667,7.88,7.63
TOOK,2022-06-25,7.14,8.22,5.32
TOOK,2022-06-26,7.60692307692308,10.31,5.99
TOOK,2022-06-27,8.40521739130435,9.98,7.05
TOOK,2022-06-28,8.69957446808511,9.43,8.17
TOOK,2022-06-29,9.15391304347826,10.21,8.57
TOOK,2022-06-30,10.1926086956522,11.42,8.81
TOOK,2022-07-01,12.6137777777778,13.8,11.05
TOOK,2022-07-02,13.46,15.53,11.73
TOOK,2022-07-03,13.6902127659574,14.35,12.96
TOOK,2022-07-04,14.1791666666667,15.15,13.33
TOOK,2022-07-05,15.041875,15.77,14.17
TOOK,2022-07-06,15.5824444444444,17.8,12.58
TOOK,2022-07-07,16.1970833333333,16.81,15.3
TOOK,2022-07-08,15.8839583333333,16.33,15.58
TOOK,2022-07-09,16.6626829268293,18.46,15.59
TOOK,2022-07-10,17.43125,18.25,16.37
TOOK,2022-07-11,18.006875,18.49,17
TOOK,2022-07-12,17.5408333333333,18.05,17.16
TOOK,2022-07-13,16.2227272727273,17.13,15.17
TOOK,2022-07-14,13.8141666666667,15.12,12.8
TOOK,2022-07-15,12.7441666666667,12.96,12.59
TOOK,2022-07-16,12.8147916666667,13.12,12.48
TOOK,2022-07-17,12.8114583333333,13.09,12.55
TOOK,2022-07-18,12.996875,13.47,12.55
TOOK,2022-07-19,12.5922916666667,13.22,12.19
TOOK,2022-07-20,12.07,12.19,11.81
TOOK,2022-07-21,12.1264583333333,12.41,11.74
TOOK,2022-07-22,12.2629166666667,12.66,12.12
TOOK,2022-07-23,12.2075,12.3,12.06
TOOK,2022-07-24,12.1247916666667,12.17,12.04
TOOK,2022-07-25,12.499375,12.89,11.99
TOOK,2022-07-26,12.4225,12.55,12.25
TOOK,2022-07-27,11.55625,12.24,10.95
TOOK,2022-07-28,10.6733333333333,10.94,10.36
TOOK,2022-07-29,10.282,10.33,10.24
TOOK,2022-08-03,11.5624137931034,12.04,10.91
TOOK,2022-08-04,11.5942222222222,12.73,10.49
TOOK,2022-08-05,11.5566666666667,11.77,11.33
TOOK,2022-08-06,11.4875,12.17,11.25
TOOK,2022-08-07,10.8866666666667,11.22,10.57
TOOK,2022-08-08,10.8858333333333,12.06,10.44
TOOK,2022-08-09,10.5904166666667,10.68,10.4
TOOK,2022-08-10,10.15875,10.4,9.96
TOOK,2022-08-11,10.0889583333333,10.46,9.91
TOOK,2022-08-12,10.3864583333333,10.82,10.07
TOOK,2022-08-13,10.6102083333333,10.83,10.35
TOOK,2022-08-14,10.5691666666667,10.7,10.33
TOOK,2022-08-15,10.1445833333333,10.31,9.97
TOOK,2022-08-16,9.87375,9.98,9.72
TOOK,2022-08-17,9.77666666666667,9.96,9.59
TOOK,2022-08-18,9.59,9.7,9.43
TOOK,2022-08-19,9.52645833333333,9.68,9.38
TOOK,2022-08-20,9.44729166666667,9.51,9.31
TOOK,2022-08-21,9.30333333333333,9.4,9.15
TOOK,2022-08-22,9.02708333333333,9.13,8.87
TOOK,2022-08-23,9.20021276595745,9.87,8.78
TOOK,2022-08-24,9.3225,9.44,9.19
TOOK,2022-08-25,9.311875,9.44,9.17
TOOK,2022-08-26,9.431875,9.54,9.32
TOOK,2022-08-27,9.44958333333333,9.54,9.36
TOOK,2022-08-28,9.56854166666667,9.69,9.42
TOOK,2022-08-29,9.42458333333333,9.49,9.29
TOOK,2022-08-30,9.43702127659575,9.76,9.22
TOOK,2022-08-31,9.39416666666667,9.53,9.28
TOOK,2022-09-01,9.31708333333333,9.35,9.25
TOOK,2022-09-02,9.44541666666667,9.76,9.23
TOOK,2022-09-03,9.435,9.61,9.27
TOOK,2022-09-04,9.6,9.75,9.43
TOOK,2022-09-05,9.3325,9.59,9.16
TOOK,2022-09-06,9.369375,10.12,9.02
TOOK,2022-09-07,9.22666666666667,9.65,9.01
TOOK,2022-09-08,9.201875,9.81,8.98
TOOK,2022-09-09,9.00041666666667,9.05,8.92
TOOK,2022-09-10,8.75541666666667,8.9,8.59
TOOK,2022-09-11,8.46645833333333,8.6,8.3
TOOK,2022-09-12,8.255625,8.38,8.14
TOOK,2022-09-13,8.12208333333333,8.16,8.04
TOOK,2022-09-14,8.123125,8.65,8
TOOK,2022-09-15,8.07791666666667,8.23,8.01
TOOK,2022-09-16,8.16416666666667,8.63,7.99
TOOK,2022-09-17,8.059375,8.44,7.88
TOOK,2022-09-18,7.785625,7.88,7.68
TOOK,2022-09-19,7.53375,7.67,7.39
TOOK,2022-09-20,7.32041666666667,7.38,7.29
TOOK,2023-06-29,9.58147058823529,9.95,9.21
TOOK,2023-06-30,10.45625,11.94,9.48
TOOK,2023-07-01,9.928125,10.46,9.6
TOOK,2023-07-02,10.1120833333333,10.34,9.44
TOOK,2023-07-03,10.875,12.06,10.25
TOOK,2023-07-04,11.6115909090909,12.38,10.72
TOOK,2023-07-05,12.139375,12.41,11.93
TOOK,2023-07-06,12.0641666666667,12.34,11.7
TOOK,2023-07-07,12.215,12.38,12.01
TOOK,2023-07-08,12.5570833333333,12.93,12.13
TOOK,2023-07-09,12.2054166666667,12.69,11.73
TOOK,2023-07-10,11.6002083333333,12.21,11.04
TOOK,2023-07-11,11.3414893617021,11.6,11.08
TOOK,2023-07-12,12.56375,13.73,11.23
TOOK,2023-07-13,12.0070833333333,13.03,11.16
TOOK,2023-07-14,12.893488372093,15.19,11.64
TOOK,2023-07-15,12.6527083333333,13.23,11.99
TOOK,2023-07-16,12.49625,12.67,12.22
TOOK,2023-07-17,12.33875,12.53,12.13
TOOK,2023-07-18,13.11,13.76,12.28
TOOK,2023-07-19,14.2785106382979,14.91,13.41
TOOK,2023-07-20,15.7166666666667,17.8,14.6
TOOK,2023-07-21,15.7445238095238,16.92,14.79
TOOK,2023-07-22,15.4697916666667,15.9,14.59
TOOK,2023-07-23,16.909375,17.75,15.47
TOOK,2023-07-24,18.2822916666667,19.2,16.93
TOOK,2023-07-25,17.6059574468085,18.73,16.8
TOOK,2023-07-26,17.5954166666667,18.04,16.93
TOOK,2023-07-27,18.5644680851064,19.36,17.25
TOOK,2023-07-28,18.19875,19.14,17.39
TOOK,2023-07-29,18.0839583333333,19.8,17.34
TOOK,2023-07-30,18.0270833333333,18.28,17.85
TOOK,2023-07-31,17.5091666666667,17.93,17.13
TOOK,2023-08-01,16.995625,17.35,16.83
TOOK,2023-08-02,17.1775,17.72,16.7
TOOK,2023-08-03,16.9422916666667,17.4,16.66
TOOK,2023-08-04,16.9504166666667,17.36,16.49
TOOK,2023-08-05,17.3414583333333,18.15,16.48
TOOK,2023-08-06,16.8552083333333,17.15,16.56
TOOK,2023-08-07,16.383125,16.69,16.19
TOOK,2023-08-08,16.875,17.47,16.13
TOOK,2023-08-09,16.7058333333333,17.05,16.49
TOOK,2023-08-10,16.4260416666667,16.59,16.18
TOOK,2023-08-11,15.935,16.16,15.6
TOOK,2023-08-12,15.4178260869565,15.58,15.36
TOOK,2023-08-16,14.1276470588235,14.38,13.92
TOOK,2023-08-17,14.3279166666667,15.06,14.02
TOOK,2023-08-18,13.8504166666667,14.02,13.59
TOOK,2023-08-19,13.367708333333301,13.57,13.02
TOOK,2023-08-20,12.828125,13.02,12.56
TOOK,2023-08-21,12.4622916666667,12.73,12.29
TOOK,2023-08-22,12.0914583333333,12.27,11.82
TOOK,2023-08-23,11.613125,11.82,11.2
TOOK,2023-08-24,11.2379166666667,11.67,11.05
TOOK,2023-08-25,10.9989583333333,11.13,10.77
TOOK,2023-08-26,10.4870833333333,10.76,10.28
TOOK,2023-08-27,10.2404166666667,10.3,10.13
TOOK,2023-08-28,10.089375,10.19,9.81
TOOK,2023-08-29,9.66479166666667,9.79,9.45
TOOK,2023-08-30,9.295,9.45,9.11
TOOK,2023-08-31,9.26854166666667,9.56,9.06
TOOK,2023-09-01,9.475625,9.68,9.29
TOOK,2023-09-02,9.56354166666667,9.92,9.36
TOOK,2023-09-03,9.349375,9.7,9.03
TOOK,2023-09-04,8.80104166666667,9.03,8.6
TOOK,2023-09-05,8.46229166666667,8.59,8.35
TOOK,2023-09-06,8.148125,8.33,7.91
TOOK,2023-09-07,7.85583333333333,7.91,7.75
TOOK,2023-09-08,7.585,7.77,7.4
TOOK,2023-09-09,7.37479166666667,7.49,7.25
TOOK,2023-09-10,7.26875,7.44,7.14
TOOK,2023-09-11,7.2125,7.56,7.1
TOOK,2023-09-12,7.13895833333333,7.19,7.07
TOOK,2023-09-13,7.07083333333333,7.13,6.99
TOOK,2023-09-14,7.08375,7.49,6.95
TOOK,2023-09-15,6.91354166666667,7.3,6.74
TOOK,2023-09-16,6.765625,6.99,6.64
TOOK,2023-09-17,6.5975,6.65,6.55
TOOK,2024-06-27,11.9341666666667,12.33,11.26
TOOK,2024-06-28,11.8234090909091,12.72,10.63
TOOK,2024-06-29,11.98875,12.79,11.2
TOOK,2024-06-30,12.2289583333333,12.55,11.99
TOOK,2024-07-01,13.6134782608696,14.56,12.03
TOOK,2024-07-02,15.1331111111111,17.21,13.92
TOOK,2024-07-03,13.713125,14.82,12.18
TOOK,2024-07-04,12.318125,13.1,11.55
TOOK,2024-07-05,11.8689583333333,12.13,11.71
TOOK,2024-07-06,11.74,11.81,11.66
TOOK,2024-07-07,11.24625,11.79,10.47
TOOK,2024-07-08,10.003125,10.45,9.65
TOOK,2024-07-09,10.2622916666667,10.89,9.56
TOOK,2024-07-10,10.0554166666667,10.19,9.86
TOOK,2024-07-11,10.5544680851064,11.72,9.84
TOOK,2024-07-12,11.8302272727273,13.77,10.85
TOOK,2024-07-13,12.2508695652174,13.07,11.6
TOOK,2024-07-14,12.8535416666667,13.04,12.43
TOOK,2024-07-15,13.0291666666667,13.2,12.89
TOOK,2024-07-16,13.0989361702128,13.46,10
TOOK,2024-07-17,13.4633333333333,13.93,12.88
TOOK,2024-07-18,13.8068085106383,14.2,13.44
TOOK,2024-07-19,13.7560416666667,14.13,13.42
TOOK,2024-07-20,13.6491666666667,13.95,13.31
TOOK,2024-07-21,15.083125,16.28,13.54
TOOK,2024-07-22,15.6785106382979,16.86,14.79
TOOK,2024-07-23,15.5416666666667,15.93,15.32
TOOK,2024-07-24,17.0815909090909,18.65,15.33
TOOK,2024-07-25,17.64375,18.36,16.89
TOOK,2024-07-26,18.2785365853659,19.04,17.64
TOOK,2024-07-27,16.8764583333333,17.99,16.03
TOOK,2024-07-28,14.9439583333333,16,14.01
TOOK,2024-07-29,13.7975,14.12,13.51
TOOK,2024-07-30,13.4675,13.75,13.19
TOOK,2024-07-31,12.966875,13.15,12.77
TOOK,2024-08-01,12.7075,12.94,12.55
TOOK,2024-08-02,12.2027083333333,12.53,11.71
TOOK,2024-08-03,12.0508333333333,12.46,11.62
TOOK,2024-08-04,11.6883333333333,11.88,11.42
TOOK,2024-08-05,11.3433333333333,11.41,11.26
TOOK,2024-08-06,11.741875,12.08,11.37
TOOK,2024-08-07,12.2235416666667,12.48,11.91
TOOK,2024-08-08,12.5539583333333,12.95,12.39
TOOK,2024-08-09,12.9052083333333,13.26,12.56
TOOK,2024-08-10,13.0535416666667,13.53,12.71
TOOK,2024-08-11,12.788125,13.05,12.67
TOOK,2024-08-12,12.7160416666667,12.94,12.57
TOOK,2024-08-13,12.4391666666667,12.62,12.2
TOOK,2024-08-14,11.9747916666667,12.19,11.7
TOOK,2024-08-15,11.5191666666667,11.69,11.35
TOOK,2024-08-16,11.2902083333333,11.37,11.13
TOOK,2024-08-17,11.055625,11.12,10.91
TOOK,2024-08-18,10.9185416666667,11.09,10.83
TOOK,2024-08-19,10.781875,10.86,10.68
TOOK,2024-08-20,10.5189583333333,10.66,10.29
TOOK,2024-08-21,10.22,10.3,10.08
TOOK,2024-08-22,9.89958333333333,10.07,9.73
TOOK,2024-08-23,9.633125,9.72,9.49
TOOK,2024-08-24,9.41520833333333,9.48,9.33
TOOK,2024-08-25,9.250625,9.34,9.13
TOOK,2024-08-26,9.36104166666667,10.08,9.04
TOOK,2024-08-27,9.17659574468085,9.99,8.94
TOOK,2024-08-28,9.02291666666667,9.17,8.89
TOOK,2024-08-29,9.09416666666667,9.33,8.97
TOOK,2024-08-30,8.79020833333333,8.97,8.65
TOOK,2024-08-31,8.77354166666667,9.02,8.59
TOOK,2024-09-01,8.54770833333333,8.73,8.43
TOOK,2024-09-02,8.29416666666667,8.41,8.09
TOOK,2024-09-03,7.99833333333333,8.18,7.86
TOOK,2024-09-04,7.77104166666667,7.86,7.69
TOOK,2024-09-05,7.725625,7.84,7.6
TOOK,2024-09-06,7.84342105263158,8.11,7.73
TOOK,2024-09-07,7.98916666666667,9.03,7.76
TOOK,2024-09-08,7.735625,7.91,7.64
TOOK,2024-09-09,7.533125,7.62,7.4
TOOK,2024-09-10,7.54511111111111,8.19,7.36
TOOK,2024-09-11,7.38,7.56,7.28
TOOK,2024-09-12,7.39270833333333,7.64,7.24
TOOK,2024-09-13,7.31333333333333,7.75,7.18
TOOK,2024-09-14,7.25479166666667,7.43,7.15
TOOK,2024-09-15,7.215625,7.36,7.13
TOOK,2024-09-16,7.12833333333333,7.21,7.08
TOOK,2024-09-17,7.12166666666667,7.19,7.03
TOOK,2024-09-18,7.19375,7.54,7.04
TOOK,2025-07-04,14.6186363636364,15.68,13.35
TOOK,2025-07-05,15.186170212766,16.96,11.49
TOOK,2025-07-06,16.9397777777778,18.22,14.68
TOOK,2025-07-07,18.115,18.94,16.86
TOOK,2025-07-08,16.9868085106383,18.19,15.89
TOOK,2025-07-09,14.7718604651163,16.13,13.73
TOOK,2025-07-10,12.6270833333333,13.7,11.81
TOOK,2025-07-11,12.5647916666667,13.44,11.63
TOOK,2025-07-12,13.095625,13.64,12.52
TOOK,2025-07-13,13.8954166666667,14.71,12.76
TOOK,2025-07-14,14.103125,15.02,13.33
TOOK,2025-07-15,13.304375,13.67,12.6
TOOK,2025-07-16,12.8720833333333,13.15,12.35
TOOK,2025-07-17,13.1652083333333,14.12,12.21
TOOK,2025-07-18,13.7429166666667,14.11,13.27
TOOK,2025-07-19,14.0129166666667,14.26,13.75
TOOK,2025-07-20,14.8152083333333,15.35,13.98
TOOK,2025-07-21,15.005625,15.43,14.51
TOOK,2025-07-22,15.0252083333333,16.01,14.52
TOOK,2025-07-23,14.52125,14.92,14.38
TOOK,2025-07-24,14.64,14.64,14.64
TOOK,2025-07-28,15.272962962963,16.07,15.03
TOOK,2025-07-29,15.420625,16.27,14.99
TOOK,2025-07-30,15.1916666666667,15.49,14.74
TOOK,2025-07-31,14.2983333333333,14.69,13.95
TOOK,2025-08-01,14.6732608695652,15.5,13.76
TOOK,2025-08-02,15.045,17.08,13.97
TOOK,2025-08-03,15.65625,16.44,14.54
TOOK,2025-08-04,15.1433333333333,15.4,14.82
TOOK,2025-08-05,14.585,14.94,14.36
TOOK,2025-08-06,14.58125,14.85,14.23
TOOK,2025-08-07,14.194375,14.53,13.68
TOOK,2025-08-08,13.570625,13.82,13.19
TOOK,2025-08-09,12.8876923076923,13.12,12.79
TOOK,2025-08-10,13.0913888888889,13.25,12.92
TOOK,2025-08-11,12.901875,13.03,12.77
TOOK,2025-08-12,12.8795833333333,13.13,12.7
TOOK,2025-08-13,12.0810416666667,12.67,11.7
TOOK,2025-08-14,11.5679166666667,11.68,11.43
TOOK,2025-08-15,11.164583333333301,11.41,10.75
TOOK,2025-08-16,10.6397916666667,10.78,10.47
TOOK,2025-08-17,10.890625,11.89,10.38
TOOK,2025-08-18,10.7295833333333,11.26,10.26
TOOK,2025-08-19,10.4972916666667,10.8,10.13
TOOK,2025-08-20,9.9975,10.18,9.86
TOOK,2025-08-21,10.2179166666667,11.56,9.75
TOOK,2025-08-22,9.60166666666667,9.97,9.42
TOOK,2025-08-23,9.41104166666667,9.52,9.36
TOOK,2025-08-24,9.22625,9.36,8.98
TOOK,2025-08-25,9.25458333333333,10.3,8.87
TOOK,2025-08-26,8.79645833333333,8.94,8.58
TOOK,2025-08-27,8.37479166666667,8.59,8.2
TOOK,2025-08-28,8.02458333333333,8.18,7.86
TOOK,2025-08-29,7.84416666666667,8.11,7.77
TOOK,2025-08-30,7.60895833333333,7.78,7.4
TOOK,2025-08-31,7.29270833333333,7.38,7.13
TOOK,2025-09-01,7.07708333333333,7.17,6.98
TOOK,2025-09-02,6.97479166666667,7.01,6.94
TOOK,2025-09-03,7.03304347826087,7.23,6.94
TOOK,2025-09-04,6.9914583333333304,7.08,6.87
TOOK,2025-09-05,7.05166666666667,7.1,7
TOOK,2025-09-06,6.99916666666667,7.15,6.89
TOOK,2025-09-07,6.97458333333333,7.11,6.84
TOOK,2025-09-08,6.98145833333333,7.04,6.91
TOOK,2025-09-09,7.05416666666667,7.3,6.95
TOOK,2025-09-10,6.92333333333333,6.98,6.84
TOOK,2025-09-11,6.57770833333333,6.81,6.36
TOOK,2025-09-12,6.338125,6.4,6.22
TOOK,2025-09-13,6.23791666666667,6.5,5.99
TOOK,2025-09-14,5.99125,6.29,5.84
TOOK,2025-09-15,5.79,6.05,5.59
TOOK,2025-09-16,5.64605263157895,5.9,5.56
