siteID,namedLocation,year,month,date,n_samples.x,n_taxa,mean_body_length,sd_body_length,max_body_length,mean_body_width,mean_count_per_liter,temp_mean_monthly,temp_sd_monthly,temp_max_monthly,temp_min_monthly,n_days_temp,has_temperature,n_nutrient_samples,NO3_mean,NO3_sd,NH4_mean,NH4_sd,TDN_mean,TDN_sd,TN_mean,TN_sd,OrthoP_mean,OrthoP_sd,TDP_mean,TDP_sd,TP_mean,TP_sd,n_do_samples,meanDO_avg,meanDO_sd,maxDO_avg,minDO_avg,n_samples.y,biomass_mean,biomass_sd,biomass_min,biomass_max
BARC,BARC.AOS.buoy.c0,2014,7,2014-07-01,11,11,0.3453636363636364,NA,0.38963636363636367,NA,1.2973954055271455,NA,NA,NA,NA,NA,FALSE,NA,NA,NA,NA,NA,NA,NA,NA,NA,NA,NA,NA,NA,NA,NA,NA,NA,NA,NA,NA,NA,NA,NA,NA,NA
BARC,BARC.AOS.littoral1,2014,7,2014-07-01,10,10,0.3986,NA,0.4348999999999999,NA,3.818873668188736,NA,NA,NA,NA,NA,FALSE,NA,NA,NA,NA,NA,NA,NA,NA,NA,NA,NA,NA,NA,NA,NA,NA,NA,NA,NA,NA,NA,NA,NA,NA,NA
BARC,BARC.AOS.littoral2,2014,7,2014-07-01,15,15,0.3249,NA,0.3390666666666667,NA,6.816666666666666,NA,NA,NA,NA,NA,FALSE,NA,NA,NA,NA,NA,NA,NA,NA,NA,NA,NA,NA,NA,NA,NA,NA,NA,NA,NA,NA,NA,NA,NA,NA,NA
BARC,BARC.AOS.buoy.c0,2015,2,2015-02-01,13,13,0.43375,NA,0.4762,NA,0.24236037934668073,NA,NA,NA,NA,NA,FALSE,NA,NA,NA,NA,NA,NA,NA,NA,NA,NA,NA,NA,NA,NA,NA,NA,NA,NA,NA,NA,NA,NA,NA,NA,NA
BARC,BARC.AOS.littoral1,2015,2,2015-02-01,13,13,0.425,NA,0.4698333333333333,NA,0.28146587050696636,NA,NA,NA,NA,NA,FALSE,NA,NA,NA,NA,NA,NA,NA,NA,NA,NA,NA,NA,NA,NA,NA,NA,NA,NA,NA,NA,NA,NA,NA,NA,NA
BARC,BARC.AOS.littoral2,2015,2,2015-02-01,9,9,0.24505555555555555,NA,0.2748888888888889,NA,0.7592592592592593,NA,NA,NA,NA,NA,FALSE,NA,NA,NA,NA,NA,NA,NA,NA,NA,NA,NA,NA,NA,NA,NA,NA,NA,NA,NA,NA,NA,NA,NA,NA,NA
BARC,BARC.AOS.buoy.c0,2017,6,2017-06-01,12,12,0.275,NA,0.32499999999999996,0.08,9.1324200913242,NA,NA,NA,NA,NA,FALSE,8,0.02300000000000001,0.00815329322888552,0.09457142857142856,0.02314344502486713,0.1117875,0.01301739907091384,0.8132375000000001,0.9289534889236022,0.01,0.01104536101718726,0.0053124999999999804,0.005309050000213,0.01607499999999998,0.01526662247862185,NA,NA,NA,NA,NA,NA,NA,NA,NA,NA
BARC,BARC.AOS.littoral1,2017,6,2017-06-01,17,17,0.20441176470588235,NA,0.21941176470588236,0.08,2.6446078431372553,NA,NA,NA,NA,NA,FALSE,8,0.02300000000000001,0.00815329322888552,0.09457142857142856,0.02314344502486713,0.1117875,0.01301739907091384,0.8132375000000001,0.9289534889236022,0.01,0.01104536101718726,0.0053124999999999804,0.005309050000213,0.01607499999999998,0.01526662247862185,NA,NA,NA,NA,NA,NA,NA,NA,NA,NA
BARC,BARC.AOS.littoral2,2017,6,2017-06-01,20,20,0.24825,NA,0.2785,0.07,5.510416666666667,NA,NA,NA,NA,NA,FALSE,8,0.02300000000000001,0.00815329322888552,0.09457142857142856,0.02314344502486713,0.1117875,0.01301739907091384,0.8132375000000001,0.9289534889236022,0.01,0.01104536101718726,0.0053124999999999804,0.005309050000213,0.01607499999999998,0.01526662247862185,NA,NA,NA,NA,NA,NA,NA,NA,NA,NA
BARC,BARC.AOS.buoy.c0,2017,10,2017-10-01,18,18,0.35694444444444445,NA,0.39722222222222225,0.07,3.815084348046677,27.174624084877603,1.9183524236765457,30.96,22.01,31,TRUE,3,0.02136666666666666,0.00168621864932556,0.13333333333333333,0.01305386277441789,0.18786666666666668,0.00911336015602002,0.22656666666666667,0.02499646641694247,0.00766666666666666,0.00115470053837925,0.004,0.002,0.03,0.002,11,6.387845271506389,0.2458231877808519,6.649090909090909,6.024545454545454,NA,NA,NA,NA,NA
BARC,BARC.AOS.littoral1,2017,10,2017-10-01,20,20,0.24675,NA,0.27049999999999996,0.065,3.35,27.174624084877603,1.9183524236765457,30.96,22.01,31,TRUE,3,0.02136666666666666,0.00168621864932556,0.13333333333333333,0.01305386277441789,0.18786666666666668,0.00911336015602002,0.22656666666666667,0.02499646641694247,0.00766666666666666,0.00115470053837925,0.004,0.002,0.03,0.002,11,6.387845271506389,0.2458231877808519,6.649090909090909,6.024545454545454,NA,NA,NA,NA,NA
BARC,BARC.AOS.littoral2,2017,10,2017-10-01,21,21,0.2633333333333333,NA,0.29,0.065,5.158730158730158,27.174624084877603,1.9183524236765457,30.96,22.01,31,TRUE,3,0.02136666666666666,0.00168621864932556,0.13333333333333333,0.01305386277441789,0.18786666666666668,0.00911336015602002,0.22656666666666667,0.02499646641694247,0.00766666666666666,0.00115470053837925,0.004,0.002,0.03,0.002,11,6.387845271506389,0.2458231877808519,6.649090909090909,6.024545454545454,NA,NA,NA,NA,NA
BARC,BARC.AOS.buoy.c0,2018,2,2018-02-01,11,11,0.5331818181818182,NA,0.6554545454545454,NA,4.206165654306555,NA,NA,NA,NA,NA,FALSE,1,0.0172,NA,0.1028,NA,0.1256,NA,0.1584,NA,0.022,NA,0.001,NA,0.001,NA,NA,NA,NA,NA,NA,6,4.8333333333333334e-4,2.48327740429189e-4,1e-4,8e-4
BARC,BARC.AOS.littoral1,2018,2,2018-02-01,12,12,0.34291666666666665,NA,0.39666666666666667,NA,20.34722222222222,NA,NA,NA,NA,NA,FALSE,1,0.0172,NA,0.1028,NA,0.1256,NA,0.1584,NA,0.022,NA,0.001,NA,0.001,NA,NA,NA,NA,NA,NA,6,4.8333333333333334e-4,2.48327740429189e-4,1e-4,8e-4
BARC,BARC.AOS.littoral2,2018,2,2018-02-01,21,21,0.29675,NA,0.338,0.065,6.001322751322752,NA,NA,NA,NA,NA,FALSE,1,0.0172,NA,0.1028,NA,0.1256,NA,0.1584,NA,0.022,NA,0.001,NA,0.001,NA,NA,NA,NA,NA,NA,6,4.8333333333333334e-4,2.48327740429189e-4,1e-4,8e-4
BARC,BARC.AOS.buoy.c0,2018,7,2018-07-01,11,11,0.47681818181818186,NA,0.5781818181818181,NA,4.745874844333748,NA,NA,NA,NA,NA,FALSE,4,0.01942500000000002,0.00571666666666665,0.023375,0.00895,0.1987,0.02159999999999999,0.22817500000000024,0.0202166666666665,0.01125,5.000000000000004e-4,5e-4,0,0.018,0.02266666666666666,23,5.5799782587989455,0.5914416549311236,5.978695652173913,5.098695652173913,8,0.0017625,0.00167241271392987,4e-4,0.0055
BARC,BARC.AOS.littoral1,2018,7,2018-07-01,17,17,0.37176470588235294,NA,0.4347058823529411,NA,3.218954248366013,NA,NA,NA,NA,NA,FALSE,4,0.01942500000000002,0.00571666666666665,0.023375,0.00895,0.1987,0.02159999999999999,0.22817500000000024,0.0202166666666665,0.01125,5.000000000000004e-4,5e-4,0,0.018,0.02266666666666666,23,5.5799782587989455,0.5914416549311236,5.978695652173913,5.098695652173913,8,0.0017625,0.00167241271392987,4e-4,0.0055
BARC,BARC.AOS.littoral2,2018,7,2018-07-01,11,11,0.34090909090909094,NA,0.3418181818181818,NA,12.272727272727272,NA,NA,NA,NA,NA,FALSE,4,0.01942500000000002,0.00571666666666665,0.023375,0.00895,0.1987,0.02159999999999999,0.22817500000000024,0.0202166666666665,0.01125,5.000000000000004e-4,5e-4,0,0.018,0.02266666666666666,23,5.5799782587989455,0.5914416549311236,5.978695652173913,5.098695652173913,8,0.0017625,0.00167241271392987,4e-4,0.0055
BARC,BARC.AOS.buoy.c0,2018,10,2018-10-01,11,11,0.5436363636363636,NA,0.6609090909090909,NA,5.182637060023092,NA,NA,NA,NA,NA,FALSE,1,0.0323,NA,0.0526,NA,0.1132,NA,0.1269,NA,NA,NA,0.2612,NA,0.272,NA,31,5.480105751799867,0.4983734487916936,5.881935483870968,4.813870967741935,NA,NA,NA,NA,NA
BARC,BARC.AOS.littoral1,2018,10,2018-10-01,15,15,0.439,NA,0.5233333333333333,NA,6.24202450686469,NA,NA,NA,NA,NA,FALSE,1,0.0323,NA,0.0526,NA,0.1132,NA,0.1269,NA,NA,NA,0.2612,NA,0.272,NA,31,5.480105751799867,0.4983734487916936,5.881935483870968,4.813870967741935,NA,NA,NA,NA,NA
BARC,BARC.AOS.littoral2,2018,10,2018-10-01,16,16,0.416875,NA,0.505625,0.05,4.168366470562975,NA,NA,NA,NA,NA,FALSE,1,0.0323,NA,0.0526,NA,0.1132,NA,0.1269,NA,NA,NA,0.2612,NA,0.272,NA,31,5.480105751799867,0.4983734487916936,5.881935483870968,4.813870967741935,NA,NA,NA,NA,NA
BARC,BARC.AOS.buoy.c0,2019,2,2019-02-01,16,16,0.4859375,NA,0.58125,0.075,2.844510325086894,19.008817677342144,2.3855133645331295,24.57,13.97,28,TRUE,1,NA,NA,0.1123,NA,0.2764,NA,0.2446,NA,0.082,NA,5e-4,NA,0.0648,NA,28,9.096299611339886,0.3953472882642834,9.227142857142857,8.712857142857143,8,5.875e-4,3.720119045714225e-4,1e-4,0.0013
BARC,BARC.AOS.littoral1,2019,2,2019-02-01,16,16,0.46328125,NA,0.5296875,0.05,2.027071102413568,19.008817677342144,2.3855133645331295,24.57,13.97,28,TRUE,1,NA,NA,0.1123,NA,0.2764,NA,0.2446,NA,0.082,NA,5e-4,NA,0.0648,NA,28,9.096299611339886,0.3953472882642834,9.227142857142857,8.712857142857143,8,5.875e-4,3.720119045714225e-4,1e-4,0.0013
BARC,BARC.AOS.littoral2,2019,2,2019-02-01,15,15,0.3383333333333333,NA,0.36666666666666664,0.05,2.1635138073494233,19.008817677342144,2.3855133645331295,24.57,13.97,28,TRUE,1,NA,NA,0.1123,NA,0.2764,NA,0.2446,NA,0.082,NA,5e-4,NA,0.0648,NA,28,9.096299611339886,0.3953472882642834,9.227142857142857,8.712857142857143,8,5.875e-4,3.720119045714225e-4,1e-4,0.0013
BARC,BARC.AOS.buoy.c0,2019,7,2019-07-01,12,12,0.46979166666666666,NA,0.5708333333333333,NA,6.786090621707061,31.77259669877512,0.6703328272919015,33.97,30.01,31,TRUE,2,0.0075,0,0.044,0,0.2321,0,0.2519,0,0.0185,0,0.00265,0,0.0344,0,31,5.195500413821365,0.4474766797297899,5.686451612903226,4.64258064516129,8,0.0463875,0.12585511440314442,-0.0011,0.3578
BARC,BARC.AOS.littoral1,2019,7,2019-07-01,15,15,0.4125,NA,0.48833333333333334,NA,2.3768645357686453,31.77259669877512,0.6703328272919015,33.97,30.01,31,TRUE,2,0.0075,0,0.044,0,0.2321,0,0.2519,0,0.0185,0,0.00265,0,0.0344,0,31,5.195500413821365,0.4474766797297899,5.686451612903226,4.64258064516129,8,0.0463875,0.12585511440314442,-0.0011,0.3578
BARC,BARC.AOS.littoral2,2019,7,2019-07-01,11,11,0.475,NA,0.5681818181818182,NA,13.520725849492973,31.77259669877512,0.6703328272919015,33.97,30.01,31,TRUE,2,0.0075,0,0.044,0,0.2321,0,0.2519,0,0.0185,0,0.00265,0,0.0344,0,31,5.195500413821365,0.4474766797297899,5.686451612903226,4.64258064516129,8,0.0463875,0.12585511440314442,-0.0011,0.3578
BARC,BARC.AOS.buoy.c0,2019,10,2019-10-01,10,10,0.49625,NA,0.605,0.05,3.1963470319634704,27.42080335661556,1.0731086730081572,29.98,25.67,28,TRUE,2,0.0076,0,0.0626,0,0.2064,0,0.2573,0,0.022,0,0.01525,0,0.0328,0,25,5.954464837559916,0.27696828918593885,6.2688,5.6092,NA,NA,NA,NA,NA
BARC,BARC.AOS.littoral2,2019,10,2019-10-01,14,14,0.4116071428571429,NA,0.4830357142857143,NA,4.410714285714286,27.42080335661556,1.0731086730081572,29.98,25.67,28,TRUE,2,0.0076,0,0.0626,0,0.2064,0,0.2573,0,0.022,0,0.01525,0,0.0328,0,25,5.954464837559916,0.27696828918593885,6.2688,5.6092,NA,NA,NA,NA,NA
BARC,BARC.AOS.buoy.c1,2020,2,2020-02-01,13,13,0.5057692307692307,NA,0.6057692307692307,0.05,10.824025289778714,17.714569129008517,1.5191043412353025,22.21,15.12,25,TRUE,1,0.0396,NA,0.0799,NA,0.2809,NA,0.3557,NA,0.0114,NA,0.004,NA,0.012,NA,25,8.602172635908847,0.2440419569258963,8.7476,8.3872,NA,NA,NA,NA,NA
BARC,BARC.AOS.littoral1,2020,2,2020-02-01,13,13,0.45865384615384613,NA,0.5346153846153846,NA,1.3846153846153846,17.714569129008517,1.5191043412353025,22.21,15.12,25,TRUE,1,0.0396,NA,0.0799,NA,0.2809,NA,0.3557,NA,0.0114,NA,0.004,NA,0.012,NA,25,8.602172635908847,0.2440419569258963,8.7476,8.3872,NA,NA,NA,NA,NA
BARC,BARC.AOS.littoral2,2020,2,2020-02-01,22,22,0.3625,NA,0.40454545454545454,0.05,0.8371212121212122,17.714569129008517,1.5191043412353025,22.21,15.12,25,TRUE,1,0.0396,NA,0.0799,NA,0.2809,NA,0.3557,NA,0.0114,NA,0.004,NA,0.012,NA,25,8.602172635908847,0.2440419569258963,8.7476,8.3872,NA,NA,NA,NA,NA
BARC,BARC.AOS.buoy.c0,2020,7,2020-07-01,15,15,0.4475,NA,0.525,0.0625,11.364789446981227,31.456411290322592,0.4976336617560376,33.2,29.94,31,TRUE,1,0.0014,NA,0.0075,NA,0.2029,NA,0.2175,NA,NA,NA,0.0042,NA,0.0111,NA,28,6.082419826023735,0.2690412589459087,6.427142857142857,5.566071428571428,NA,NA,NA,NA,NA
BARC,BARC.AOS.littoral1,2020,7,2020-07-01,21,21,0.3761904761904762,NA,0.4107142857142857,0.0625,2.1706349206349205,31.456411290322592,0.4976336617560376,33.2,29.94,31,TRUE,1,0.0014,NA,0.0075,NA,0.2029,NA,0.2175,NA,NA,NA,0.0042,NA,0.0111,NA,28,6.082419826023735,0.2690412589459087,6.427142857142857,5.566071428571428,NA,NA,NA,NA,NA
BARC,BARC.AOS.littoral2,2020,7,2020-07-01,20,20,0.28625,NA,0.33125,0.05,3.2083333333333335,31.456411290322592,0.4976336617560376,33.2,29.94,31,TRUE,1,0.0014,NA,0.0075,NA,0.2029,NA,0.2175,NA,NA,NA,0.0042,NA,0.0111,NA,28,6.082419826023735,0.2690412589459087,6.427142857142857,5.566071428571428,NA,NA,NA,NA,NA
BARC,BARC.AOS.buoy.c0,2020,10,2020-10-01,10,10,0.8887499999999999,NA,1.11,0.075,11.85458377239199,27.017940379946808,0.6751465999430452,29.32,25.02,31,TRUE,1,0.0022,NA,0.0058,NA,0.1222,NA,0.2102,NA,NA,NA,0.0043,NA,0.006,NA,31,6.518821676665388,0.13951859724400267,6.796774193548387,6.140645161290323,NA,NA,NA,NA,NA
BARC,BARC.AOS.littoral1,2020,10,2020-10-01,10,10,0.5525,NA,0.635,NA,10.666666666666666,27.017940379946808,0.6751465999430452,29.32,25.02,31,TRUE,1,0.0022,NA,0.0058,NA,0.1222,NA,0.2102,NA,NA,NA,0.0043,NA,0.006,NA,31,6.518821676665388,0.13951859724400267,6.796774193548387,6.140645161290323,NA,NA,NA,NA,NA
BARC,BARC.AOS.littoral2,2020,10,2020-10-01,13,13,0.44134615384615383,NA,0.5192307692307693,0.05,7.628205128205128,27.017940379946808,0.6751465999430452,29.32,25.02,31,TRUE,1,0.0022,NA,0.0058,NA,0.1222,NA,0.2102,NA,NA,NA,0.0043,NA,0.006,NA,31,6.518821676665388,0.13951859724400267,6.796774193548387,6.140645161290323,NA,NA,NA,NA,NA
BARC,BARC.AOS.buoy.c0,2021,2,2021-02-01,13,13,0.4239583333333333,NA,0.4979166666666667,0.0505,11.258634820278656,17.82333042184265,2.0027502413949128,21.73,14.19,28,TRUE,NA,NA,NA,NA,NA,NA,NA,NA,NA,NA,NA,NA,NA,NA,NA,28,8.969122418646046,0.4021059591606935,9.110714285714286,8.7875,NA,NA,NA,NA,NA
BARC,BARC.AOS.littoral1,2021,2,2021-02-01,20,20,0.330625,NA,0.35875,0.07,2.333333333333334,17.82333042184265,2.0027502413949128,21.73,14.19,28,TRUE,NA,NA,NA,NA,NA,NA,NA,NA,NA,NA,NA,NA,NA,NA,NA,28,8.969122418646046,0.4021059591606935,9.110714285714286,8.7875,NA,NA,NA,NA,NA
BARC,BARC.AOS.littoral2,2021,2,2021-02-01,12,12,0.35625,NA,0.38333333333333336,NA,1.28125,17.82333042184265,2.0027502413949128,21.73,14.19,28,TRUE,NA,NA,NA,NA,NA,NA,NA,NA,NA,NA,NA,NA,NA,NA,NA,28,8.969122418646046,0.4021059591606935,9.110714285714286,8.7875,NA,NA,NA,NA,NA
BARC,BARC.AOS.buoy.c0,2021,7,2021-07-01,12,12,0.525,NA,0.6125,0.05,3.6621004566210047,30.275979641013382,1.1989004610092873,32.72,27.63,31,TRUE,1,0.0035,NA,0.0049,NA,0.1515,NA,0.9927,NA,0,NA,0.0067,NA,0.0065,NA,31,6.575689518203862,0.41460871300893415,6.990645161290322,6.006451612903226,NA,NA,NA,NA,NA
BARC,BARC.AOS.littoral1,2021,7,2021-07-01,18,18,0.3833333333333333,NA,0.43472222222222223,NA,2.1064814814814814,30.275979641013382,1.1989004610092873,32.72,27.63,31,TRUE,1,0.0035,NA,0.0049,NA,0.1515,NA,0.9927,NA,0,NA,0.0067,NA,0.0065,NA,31,6.575689518203862,0.41460871300893415,6.990645161290322,6.006451612903226,NA,NA,NA,NA,NA
BARC,BARC.AOS.littoral2,2021,7,2021-07-01,20,20,0.418125,NA,0.455,0.075,1.86875,30.275979641013382,1.1989004610092873,32.72,27.63,31,TRUE,1,0.0035,NA,0.0049,NA,0.1515,NA,0.9927,NA,0,NA,0.0067,NA,0.0065,NA,31,6.575689518203862,0.41460871300893415,6.990645161290322,6.006451612903226,NA,NA,NA,NA,NA
BARC,BARC.AOS.buoy.c0,2021,11,2021-11-01,17,17,0.3438235294117647,NA,0.39,0.07954545454545454,1.812158653415704,20.16997000591016,1.6459115924558168,24.3,17.29,30,TRUE,NA,NA,NA,NA,NA,NA,NA,NA,NA,NA,NA,NA,NA,NA,NA,30,7.70206262746782,0.6777299842882156,7.921333333333333,7.421333333333333,NA,NA,NA,NA,NA
BARC,BARC.AOS.littoral1,2021,11,2021-11-01,8,8,0.56875,NA,0.56875,0.05,3.4375,20.16997000591016,1.6459115924558168,24.3,17.29,30,TRUE,NA,NA,NA,NA,NA,NA,NA,NA,NA,NA,NA,NA,NA,NA,NA,30,7.70206262746782,0.6777299842882156,7.921333333333333,7.421333333333333,NA,NA,NA,NA,NA
BARC,BARC.AOS.littoral2,2021,11,2021-11-01,7,7,0.29857142857142854,NA,0.32857142857142857,0.0625,1.976190476190476,20.16997000591016,1.6459115924558168,24.3,17.29,30,TRUE,NA,NA,NA,NA,NA,NA,NA,NA,NA,NA,NA,NA,NA,NA,NA,30,7.70206262746782,0.6777299842882156,7.921333333333333,7.421333333333333,NA,NA,NA,NA,NA
BARC,BARC.AOS.buoy.c0,2022,2,2022-02-01,11,11,0.5181818181818182,NA,0.5909090909090909,0.078,1.4379217469373573,17.133040025334164,2.579088782900031,23.14,13.07,28,TRUE,NA,NA,NA,NA,NA,NA,NA,NA,NA,NA,NA,NA,NA,NA,NA,28,9.462598073623266,0.28781291766581285,9.568928571428572,9.327857142857145,NA,NA,NA,NA,NA
BARC,BARC.AOS.littoral1,2022,2,2022-02-01,7,7,0.4,NA,0.4928571428571428,0.0775,0.5833333333333334,17.133040025334164,2.579088782900031,23.14,13.07,28,TRUE,NA,NA,NA,NA,NA,NA,NA,NA,NA,NA,NA,NA,NA,NA,NA,28,9.462598073623266,0.28781291766581285,9.568928571428572,9.327857142857145,NA,NA,NA,NA,NA
BARC,BARC.AOS.littoral2,2022,2,2022-02-01,13,13,0.5038461538461538,NA,0.5615384615384615,0.1285714285714286,2.3397435897435894,17.133040025334164,2.579088782900031,23.14,13.07,28,TRUE,NA,NA,NA,NA,NA,NA,NA,NA,NA,NA,NA,NA,NA,NA,NA,28,9.462598073623266,0.28781291766581285,9.568928571428572,9.327857142857145,NA,NA,NA,NA,NA
BARC,BARC.AOS.buoy.c0,2022,7,2022-07-01,7,7,0.6714285714285715,NA,0.8,NA,0.995740762058248,31.67432046323587,0.4322581833156188,34.02,30.59,31,TRUE,1,0.0013,NA,0.0029,NA,0.1737,NA,0.1997,NA,5e-4,NA,0.0023,NA,0.009,NA,NA,NA,NA,NA,NA,NA,NA,NA,NA,NA
BARC,BARC.AOS.littoral1,2022,7,2022-07-01,7,7,0.5242857142857142,NA,0.5599999999999999,0.07,2.5714285714285716,31.67432046323587,0.4322581833156188,34.02,30.59,31,TRUE,1,0.0013,NA,0.0029,NA,0.1737,NA,0.1997,NA,5e-4,NA,0.0023,NA,0.009,NA,NA,NA,NA,NA,NA,NA,NA,NA,NA,NA
BARC,BARC.AOS.littoral2,2022,7,2022-07-01,6,6,0.6833333333333333,NA,0.8,NA,12.916666666666668,31.67432046323587,0.4322581833156188,34.02,30.59,31,TRUE,1,0.0013,NA,0.0029,NA,0.1737,NA,0.1997,NA,5e-4,NA,0.0023,NA,0.009,NA,NA,NA,NA,NA,NA,NA,NA,NA,NA,NA
BARC,BARC.AOS.buoy.c0,2022,11,2022-11-01,11,11,0.3986363636363636,NA,0.44181818181818183,0.065,0.2646326276463263,22.10460031974779,2.067819173760429,25.84,18.39,30,TRUE,1,9e-4,NA,0.0018,NA,0.1786,NA,0.2114,NA,0,NA,0.0054,NA,0.0107,NA,30,7.823139334676793,0.31345756753481097,7.984666666666667,7.575333333333333,NA,NA,NA,NA,NA
BARC,BARC.AOS.littoral1,2022,11,2022-11-01,13,13,0.40615384615384614,NA,0.4330769230769231,0.0825,1.269230769230769,22.10460031974779,2.067819173760429,25.84,18.39,30,TRUE,1,9e-4,NA,0.0018,NA,0.1786,NA,0.2114,NA,0,NA,0.0054,NA,0.0107,NA,30,7.823139334676793,0.31345756753481097,7.984666666666667,7.575333333333333,NA,NA,NA,NA,NA
BARC,BARC.AOS.littoral2,2022,11,2022-11-01,12,12,0.30375,NA,0.3516666666666667,0.074375,0.5972222222222222,22.10460031974779,2.067819173760429,25.84,18.39,30,TRUE,1,9e-4,NA,0.0018,NA,0.1786,NA,0.2114,NA,0,NA,0.0054,NA,0.0107,NA,30,7.823139334676793,0.31345756753481097,7.984666666666667,7.575333333333333,NA,NA,NA,NA,NA
BARC,BARC.AOS.buoy.c0,2023,2,2023-02-01,12,12,0.5458333333333334,NA,0.65,0.07,1.887453300124533,19.942928400856395,1.6066825403664815,24.42,17.48,28,TRUE,1,NA,NA,0.0012,NA,0.1371,NA,0.1737,NA,NA,NA,0.0039,NA,0.0069,NA,20,9.509592270574158,0.6034251391691292,9.6795,9.339,NA,NA,NA,NA,NA
BARC,BARC.AOS.littoral1,2023,2,2023-02-01,11,11,0.4863636363636364,NA,0.5318181818181819,0.06333333333333334,1.143939393939394,19.942928400856395,1.6066825403664815,24.42,17.48,28,TRUE,1,NA,NA,0.0012,NA,0.1371,NA,0.1737,NA,NA,NA,0.0039,NA,0.0069,NA,20,9.509592270574158,0.6034251391691292,9.6795,9.339,NA,NA,NA,NA,NA
BARC,BARC.AOS.littoral2,2023,2,2023-02-01,8,8,0.3675,NA,0.4375,0.06666666666666667,0.5729166666666667,19.942928400856395,1.6066825403664815,24.42,17.48,28,TRUE,1,NA,NA,0.0012,NA,0.1371,NA,0.1737,NA,NA,NA,0.0039,NA,0.0069,NA,20,9.509592270574158,0.6034251391691292,9.6795,9.339,NA,NA,NA,NA,NA
BARC,BARC.AOS.buoy.c0,2023,6,2023-06-01,9,9,0.6166666666666667,NA,0.7444444444444445,0.05,1.507911224381438,29.023759765590963,0.9533483814380856,32.1,27.2,30,TRUE,1,6e-4,NA,0.0037,NA,0.1705,NA,0.2364,NA,1e-4,NA,0.0036,NA,0.0093,NA,23,7.520647614902387,0.18110193139585903,7.709130434782609,7.265652173913043,NA,NA,NA,NA,NA
BARC,BARC.AOS.littoral1,2023,6,2023-06-01,7,7,0.48142857142857143,NA,0.5599999999999999,0.05,2.25,29.023759765590963,0.9533483814380856,32.1,27.2,30,TRUE,1,6e-4,NA,0.0037,NA,0.1705,NA,0.2364,NA,1e-4,NA,0.0036,NA,0.0093,NA,23,7.520647614902387,0.18110193139585903,7.709130434782609,7.265652173913043,NA,NA,NA,NA,NA
BARC,BARC.AOS.littoral2,2023,6,2023-06-01,8,8,0.5375,NA,0.6,0.055,2.84375,29.023759765590963,0.9533483814380856,32.1,27.2,30,TRUE,1,6e-4,NA,0.0037,NA,0.1705,NA,0.2364,NA,1e-4,NA,0.0036,NA,0.0093,NA,23,7.520647614902387,0.18110193139585903,7.709130434782609,7.265652173913043,NA,NA,NA,NA,NA
BARC,BARC.AOS.buoy.c0,2023,11,2023-11-01,10,10,0.32599999999999996,NA,0.445,0.12333333333333334,1.36986301369863,21.4979896616766,1.3025112875250775,25.54,17.47,30,TRUE,2,0.04075,0.03514320702497141,0.01415,0.00558614357137372,0.28,0.02828427124746188,0.28500000000000003,0.0212132034355964,6.5e-4,3.535533905932737e-4,0.0028,2.828427124746191e-4,0.0058,2.828427124746192e-4,21,7.595401955762693,0.12482889686986866,7.720952380952381,7.446666666666666,NA,NA,NA,NA,NA
BARC,BARC.AOS.littoral1,2023,11,2023-11-01,10,10,0.238,NA,0.312,0.07714285714285715,3.972222222222222,21.4979896616766,1.3025112875250775,25.54,17.47,30,TRUE,2,0.04075,0.03514320702497141,0.01415,0.00558614357137372,0.28,0.02828427124746188,0.28500000000000003,0.0212132034355964,6.5e-4,3.535533905932737e-4,0.0028,2.828427124746191e-4,0.0058,2.828427124746192e-4,21,7.595401955762693,0.12482889686986866,7.720952380952381,7.446666666666666,NA,NA,NA,NA,NA
BARC,BARC.AOS.littoral2,2023,11,2023-11-01,8,8,0.28625,NA,0.3075,0.09166666666666667,2.6284722222222223,21.4979896616766,1.3025112875250775,25.54,17.47,30,TRUE,2,0.04075,0.03514320702497141,0.01415,0.00558614357137372,0.28,0.02828427124746188,0.28500000000000003,0.0212132034355964,6.5e-4,3.535533905932737e-4,0.0028,2.828427124746191e-4,0.0058,2.828427124746192e-4,21,7.595401955762693,0.12482889686986866,7.720952380952381,7.446666666666666,NA,NA,NA,NA,NA
BARC,BARC.AOS.buoy.c0,2024,2,2024-02-01,10,10,0.309,NA,0.429,0.14142857142857143,2.545143212951432,16.94543905307984,0.7680451219477512,19.14,15.49,29,TRUE,1,0.0056,NA,0.0322,NA,0.3,NA,0.28,NA,5e-4,NA,0.0042,NA,0.0047,NA,24,9.076548173597237,0.19371521435283395,9.174583333333333,8.95375,NA,NA,NA,NA,NA
BARC,BARC.AOS.littoral1,2024,2,2024-02-01,13,13,0.3088461538461538,NA,0.4246153846153846,0.09,5.02991452991453,16.94543905307984,0.7680451219477512,19.14,15.49,29,TRUE,1,0.0056,NA,0.0322,NA,0.3,NA,0.28,NA,5e-4,NA,0.0042,NA,0.0047,NA,24,9.076548173597237,0.19371521435283395,9.174583333333333,8.95375,NA,NA,NA,NA,NA
BARC,BARC.AOS.littoral2,2024,2,2024-02-01,8,8,0.26249999999999996,NA,0.36,0.06,3.5902777777777777,16.94543905307984,0.7680451219477512,19.14,15.49,29,TRUE,1,0.0056,NA,0.0322,NA,0.3,NA,0.28,NA,5e-4,NA,0.0042,NA,0.0047,NA,24,9.076548173597237,0.19371521435283395,9.174583333333333,8.95375,NA,NA,NA,NA,NA
BARC,BARC.AOS.buoy.c0,2024,7,2024-07-01,6,6,0.3683333333333333,NA,0.5499999999999999,0.07,5.3816046966731905,31.697217861299283,0.32140081421738426,33.55,30.39,31,TRUE,1,0.0012,NA,0.0063,NA,0.18,NA,0.36,NA,1e-4,NA,0.0053,NA,0.0091,NA,31,6.134297803572658,0.3117805506865848,6.585806451612903,5.273225806451613,NA,NA,NA,NA,NA
BARC,BARC.AOS.littoral1,2024,7,2024-07-01,10,10,0.4015,NA,0.498,0.07200000000000001,1.1444444444444444,31.697217861299283,0.32140081421738426,33.55,30.39,31,TRUE,1,0.0012,NA,0.0063,NA,0.18,NA,0.36,NA,1e-4,NA,0.0053,NA,0.0091,NA,31,6.134297803572658,0.3117805506865848,6.585806451612903,5.273225806451613,NA,NA,NA,NA,NA
BARC,BARC.AOS.littoral2,2024,7,2024-07-01,3,3,0.45666666666666667,NA,0.61,NA,2.833333333333333,31.697217861299283,0.32140081421738426,33.55,30.39,31,TRUE,1,0.0012,NA,0.0063,NA,0.18,NA,0.36,NA,1e-4,NA,0.0053,NA,0.0091,NA,31,6.134297803572658,0.3117805506865848,6.585806451612903,5.273225806451613,NA,NA,NA,NA,NA
BARC,BARC.AOS.buoy.c0,2024,10,2024-10-01,8,8,0.45,NA,0.52,0.07,4.251634495641346,25.98495731710167,2.326206102222627,31.4,22.63,31,TRUE,2,0.00835,0.00799030662740798,0.03805,0.01902117241391812,0.28,0,0.29000000000000004,0.02828427124746188,0.0017,NA,0.00345,2.121320343559642e-4,0.00735,0.00148492424049174,31,6.718499114890484,0.893238261141507,7.074193548387097,6.110967741935484,NA,NA,NA,NA,NA
BARC,BARC.AOS.littoral1,2024,10,2024-10-01,10,10,0.2728,NA,0.3172,0.08885714285714286,3.25,25.98495731710167,2.326206102222627,31.4,22.63,31,TRUE,2,0.00835,0.00799030662740798,0.03805,0.01902117241391812,0.28,0,0.29000000000000004,0.02828427124746188,0.0017,NA,0.00345,2.121320343559642e-4,0.00735,0.00148492424049174,31,6.718499114890484,0.893238261141507,7.074193548387097,6.110967741935484,NA,NA,NA,NA,NA
BARC,BARC.AOS.littoral2,2024,10,2024-10-01,8,8,0.261875,NA,0.30125,0.06,0.3125,25.98495731710167,2.326206102222627,31.4,22.63,31,TRUE,2,0.00835,0.00799030662740798,0.03805,0.01902117241391812,0.28,0,0.29000000000000004,0.02828427124746188,0.0017,NA,0.00345,2.121320343559642e-4,0.00735,0.00148492424049174,31,6.718499114890484,0.893238261141507,7.074193548387097,6.110967741935484,NA,NA,NA,NA,NA
CRAM,CRAM.AOS.littoral1,2015,5,2015-05-01,9,9,0.28,NA,0.2995555555555556,0.08666666666666667,14.35648148148148,NA,NA,NA,NA,NA,FALSE,NA,NA,NA,NA,NA,NA,NA,NA,NA,NA,NA,NA,NA,NA,NA,NA,NA,NA,NA,NA,1,1e-4,NA,1e-4,1e-4
CRAM,CRAM.AOS.littoral2,2015,5,2015-05-01,10,10,0.3388888888888889,NA,0.3955555555555555,0.066,23.937499999999993,NA,NA,NA,NA,NA,FALSE,NA,NA,NA,NA,NA,NA,NA,NA,NA,NA,NA,NA,NA,NA,NA,NA,NA,NA,NA,NA,1,1e-4,NA,1e-4,1e-4
CRAM,CRAM.AOS.buoy.c0,2015,7,2015-07-01,22,22,0.3831818181818182,NA,0.4809090909090909,0.10545454545454544,1.1353719846870531,NA,NA,NA,NA,NA,FALSE,NA,NA,NA,NA,NA,NA,NA,NA,NA,NA,NA,NA,NA,NA,NA,NA,NA,NA,NA,NA,6,0.00246666666666666,0.00163421744779165,2e-4,0.0048
CRAM,CRAM.AOS.littoral1,2015,7,2015-07-01,19,19,0.4088888888888889,NA,0.45,0.11666666666666668,7.9298245614035086,NA,NA,NA,NA,NA,FALSE,NA,NA,NA,NA,NA,NA,NA,NA,NA,NA,NA,NA,NA,NA,NA,NA,NA,NA,NA,NA,6,0.00246666666666666,0.00163421744779165,2e-4,0.0048
CRAM,CRAM.AOS.littoral2,2015,7,2015-07-01,14,14,0.3737142857142857,NA,0.4645714285714286,0.07200000000000001,18.904761904761905,NA,NA,NA,NA,NA,FALSE,NA,NA,NA,NA,NA,NA,NA,NA,NA,NA,NA,NA,NA,NA,NA,NA,NA,NA,NA,NA,6,0.00246666666666666,0.00163421744779165,2e-4,0.0048
CRAM,CRAM.AOS.buoy.c0,2015,9,2015-09-01,16,16,0.4950000000000001,NA,0.6224999999999999,0.09333333333333334,0.7011272831050228,NA,NA,NA,NA,NA,FALSE,NA,NA,NA,NA,NA,NA,NA,NA,NA,NA,NA,NA,NA,NA,NA,NA,NA,NA,NA,NA,6,0.00145,5.958187643906493e-4,7e-4,0.0021
CRAM,CRAM.AOS.littoral1,2015,9,2015-09-01,18,18,0.3247058823529412,NA,0.34941176470588237,0.1125,3.574074074074074,NA,NA,NA,NA,NA,FALSE,NA,NA,NA,NA,NA,NA,NA,NA,NA,NA,NA,NA,NA,NA,NA,NA,NA,NA,NA,NA,6,0.00145,5.958187643906493e-4,7e-4,0.0021
CRAM,CRAM.AOS.littoral2,2015,9,2015-09-01,17,17,0.24875,NA,0.26625,0.101,1.843137254901961,NA,NA,NA,NA,NA,FALSE,NA,NA,NA,NA,NA,NA,NA,NA,NA,NA,NA,NA,NA,NA,NA,NA,NA,NA,NA,NA,6,0.00145,5.958187643906493e-4,7e-4,0.0021
CRAM,CRAM.AOS.buoy.c0,2016,4,2016-04-01,17,17,0.51625,NA,0.5916666666666667,0.135,6.943647596024712,NA,NA,NA,NA,NA,FALSE,NA,NA,NA,NA,NA,NA,NA,NA,NA,NA,NA,NA,NA,NA,NA,NA,NA,NA,NA,NA,6,0.00393333333333333,0.00264095942162439,7e-4,0.0082
CRAM,CRAM.AOS.littoral1,2016,4,2016-04-01,13,13,0.27984615384615386,NA,0.3150769230769231,0.089,61.99679487179488,NA,NA,NA,NA,NA,FALSE,NA,NA,NA,NA,NA,NA,NA,NA,NA,NA,NA,NA,NA,NA,NA,NA,NA,NA,NA,NA,6,0.00393333333333333,0.00264095942162439,7e-4,0.0082
CRAM,CRAM.AOS.littoral2,2016,4,2016-04-01,10,10,0.235,NA,0.25,0.1,0.6291666666666667,NA,NA,NA,NA,NA,FALSE,NA,NA,NA,NA,NA,NA,NA,NA,NA,NA,NA,NA,NA,NA,NA,NA,NA,NA,NA,NA,6,0.00393333333333333,0.00264095942162439,7e-4,0.0082
CRAM,CRAM.AOS.buoy.c0,2017,5,2017-05-01,18,18,0.3402777777777778,NA,0.3680555555555556,0.08,2.4287671232876713,NA,NA,NA,NA,NA,FALSE,4,0.0165,0.02043689474129244,0.046,0.01331665623695878,0.5009750000000001,0.2548893142130521,0.3382,0.00656201188660918,0.015,8.164965809277262e-4,0.008375,0.00713413157527483,0.01025,0.00722841614740048,NA,NA,NA,NA,NA,8,9.125e-4,7.239524451627625e-4,0,0.0019
CRAM,CRAM.AOS.littoral1,2017,5,2017-05-01,8,8,0.246875,NA,0.26875,0.09,10.25,NA,NA,NA,NA,NA,FALSE,4,0.0165,0.02043689474129244,0.046,0.01331665623695878,0.5009750000000001,0.2548893142130521,0.3382,0.00656201188660918,0.015,8.164965809277262e-4,0.008375,0.00713413157527483,0.01025,0.00722841614740048,NA,NA,NA,NA,NA,8,9.125e-4,7.239524451627625e-4,0,0.0019
CRAM,CRAM.AOS.littoral2,2017,5,2017-05-01,9,9,0.18472222222222223,NA,0.20833333333333337,0.08,7.828703703703704,NA,NA,NA,NA,NA,FALSE,4,0.0165,0.02043689474129244,0.046,0.01331665623695878,0.5009750000000001,0.2548893142130521,0.3382,0.00656201188660918,0.015,8.164965809277262e-4,0.008375,0.00713413157527483,0.01025,0.00722841614740048,NA,NA,NA,NA,NA,8,9.125e-4,7.239524451627625e-4,0,0.0019
CRAM,CRAM.AOS.buoy.c0,2017,7,2017-07-01,17,17,0.18558823529411764,NA,0.2047058823529412,0.07,7.712674110740187,NA,NA,NA,NA,NA,FALSE,8,0.01428571428571428,0.01108122966072135,0.13725,0.05377576901666152,0.2823625,0.05529197662022428,0.3630499999999999,0.05707207640135332,0.02475000000000001,0.00188351242300628,0.00972499999999999,0.02205610270801863,0.03177499999999999,0.02063086568827443,NA,NA,NA,NA,NA,7,0.0014,7.810249675906653e-4,4e-4,0.0024
CRAM,CRAM.AOS.littoral1,2017,7,2017-07-01,12,12,0.2533333333333333,NA,0.33416666666666667,0.06,19.51736111111111,NA,NA,NA,NA,NA,FALSE,8,0.01428571428571428,0.01108122966072135,0.13725,0.05377576901666152,0.2823625,0.05529197662022428,0.3630499999999999,0.05707207640135332,0.02475000000000001,0.00188351242300628,0.00972499999999999,0.02205610270801863,0.03177499999999999,0.02063086568827443,NA,NA,NA,NA,NA,7,0.0014,7.810249675906653e-4,4e-4,0.0024
CRAM,CRAM.AOS.littoral2,2017,7,2017-07-01,14,14,0.355,NA,0.38357142857142856,0.06,14.866071428571429,NA,NA,NA,NA,NA,FALSE,8,0.01428571428571428,0.01108122966072135,0.13725,0.05377576901666152,0.2823625,0.05529197662022428,0.3630499999999999,0.05707207640135332,0.02475000000000001,0.00188351242300628,0.00972499999999999,0.02205610270801863,0.03177499999999999,0.02063086568827443,NA,NA,NA,NA,NA,7,0.0014,7.810249675906653e-4,4e-4,0.0024
CRAM,CRAM.AOS.buoy.c0,2017,9,2017-09-01,17,17,0.6570588235294117,NA,0.6747058823529412,0.08666666666666667,1.994090786999731,19.562162670724614,1.1362891371452826,21.97,17.13,20,TRUE,NA,NA,NA,NA,NA,NA,NA,NA,NA,NA,NA,NA,NA,NA,NA,NA,NA,NA,NA,NA,7,0.00165714285714285,0.00158835044711711,3e-4,0.0044
CRAM,CRAM.AOS.littoral1,2017,9,2017-09-01,12,12,0.22958333333333333,NA,0.2525,0.09,47.145833333333336,19.562162670724614,1.1362891371452826,21.97,17.13,20,TRUE,NA,NA,NA,NA,NA,NA,NA,NA,NA,NA,NA,NA,NA,NA,NA,NA,NA,NA,NA,NA,7,0.00165714285714285,0.00158835044711711,3e-4,0.0044
CRAM,CRAM.AOS.littoral2,2017,9,2017-09-01,18,18,0.2605882352941177,NA,0.29000000000000004,0.09,5.8842592592592595,19.562162670724614,1.1362891371452826,21.97,17.13,20,TRUE,NA,NA,NA,NA,NA,NA,NA,NA,NA,NA,NA,NA,NA,NA,NA,NA,NA,NA,NA,NA,7,0.00165714285714285,0.00158835044711711,3e-4,0.0044
CRAM,CRAM.AOS.buoy.c0,2018,5,2018-05-01,20,20,0.325,NA,0.3505263157894737,0.0825,0.8740011415525114,22.53991481208853,1.8157236862365749,25.61,19.29,7,TRUE,4,0.05939999999999999,0.03774475681027321,0.0786,0.07826991759290411,0.478,0.01931614178176722,0.506525,0.02453410890984219,0.02575,0.00639661368746516,0.00552499999999999,0.00407216158814946,0.086975,0.09764972691547408,NA,NA,NA,NA,NA,8,0.0020875,0.00129773153728232,2e-4,0.004
CRAM,CRAM.AOS.littoral1,2018,5,2018-05-01,20,20,0.2826315789473684,NA,0.30526315789473685,0.08,41.93958333333333,22.53991481208853,1.8157236862365749,25.61,19.29,7,TRUE,4,0.05939999999999999,0.03774475681027321,0.0786,0.07826991759290411,0.478,0.01931614178176722,0.506525,0.02453410890984219,0.02575,0.00639661368746516,0.00552499999999999,0.00407216158814946,0.086975,0.09764972691547408,NA,NA,NA,NA,NA,8,0.0020875,0.00129773153728232,2e-4,0.004
CRAM,CRAM.AOS.littoral2,2018,5,2018-05-01,17,17,0.2540625,NA,0.265625,0.11333333333333331,6.828431372549019,22.53991481208853,1.8157236862365749,25.61,19.29,7,TRUE,4,0.05939999999999999,0.03774475681027321,0.0786,0.07826991759290411,0.478,0.01931614178176722,0.506525,0.02453410890984219,0.02575,0.00639661368746516,0.00552499999999999,0.00407216158814946,0.086975,0.09764972691547408,NA,NA,NA,NA,NA,8,0.0020875,0.00129773153728232,2e-4,0.004
CRAM,CRAM.AOS.buoy.c0,2018,7,2018-07-01,18,18,0.29250000000000004,NA,0.3005555555555556,0.07200000000000001,12.892982732378105,24.547423858433223,1.1184674852557188,26.92,21.72,31,TRUE,2,0.00494999999999999,0.00487903679018717,0.06039999999999999,0.07467047609329941,0.2606,0.01414213562373096,0.3197,0.03238549057834388,0.0165,0.00494974746830583,5e-4,0,0.034,0.01272792206135785,NA,NA,NA,NA,NA,8,0.002625,0.0016934748722249,0.001,0.0056
CRAM,CRAM.AOS.littoral1,2018,7,2018-07-01,10,10,0.1895,NA,0.194,0.06666666666666667,38.6,24.547423858433223,1.1184674852557188,26.92,21.72,31,TRUE,2,0.00494999999999999,0.00487903679018717,0.06039999999999999,0.07467047609329941,0.2606,0.01414213562373096,0.3197,0.03238549057834388,0.0165,0.00494974746830583,5e-4,0,0.034,0.01272792206135785,NA,NA,NA,NA,NA,8,0.002625,0.0016934748722249,0.001,0.0056
CRAM,CRAM.AOS.littoral2,2018,7,2018-07-01,12,12,0.16083333333333333,NA,0.17583333333333334,0.06666666666666667,32.42129629629629,24.547423858433223,1.1184674852557188,26.92,21.72,31,TRUE,2,0.00494999999999999,0.00487903679018717,0.06039999999999999,0.07467047609329941,0.2606,0.01414213562373096,0.3197,0.03238549057834388,0.0165,0.00494974746830583,5e-4,0,0.034,0.01272792206135785,NA,NA,NA,NA,NA,8,0.002625,0.0016934748722249,0.001,0.0056
CRAM,CRAM.AOS.buoy.c0,2018,10,2018-10-01,15,15,0.7946666666666666,NA,0.8273333333333334,0.06666666666666667,0.420882800608828,12.8547931184669,0.7366414333803065,14.21,11.64,7,TRUE,4,0.0351,0.01510209698463539,0.207875,0.22384524974484793,0.446325,0.3231567872823758,0.456175,0.2742388420701925,0.19925,0.31905629074924485,0.009925,0.01088680393871406,0.4809250000000001,0.5113038129788069,NA,NA,NA,NA,NA,NA,NA,NA,NA,NA
CRAM,CRAM.AOS.littoral1,2018,10,2018-10-01,17,17,0.23058823529411765,NA,0.24,0.05,16.544117647058822,12.8547931184669,0.7366414333803065,14.21,11.64,7,TRUE,4,0.0351,0.01510209698463539,0.207875,0.22384524974484793,0.446325,0.3231567872823758,0.456175,0.2742388420701925,0.19925,0.31905629074924485,0.009925,0.01088680393871406,0.4809250000000001,0.5113038129788069,NA,NA,NA,NA,NA,NA,NA,NA,NA,NA
CRAM,CRAM.AOS.littoral2,2018,10,2018-10-01,13,13,0.2661538461538462,NA,0.2792307692307692,0.05,17.76282051282051,12.8547931184669,0.7366414333803065,14.21,11.64,7,TRUE,4,0.0351,0.01510209698463539,0.207875,0.22384524974484793,0.446325,0.3231567872823758,0.456175,0.2742388420701925,0.19925,0.31905629074924485,0.009925,0.01088680393871406,0.4809250000000001,0.5113038129788069,NA,NA,NA,NA,NA,NA,NA,NA,NA,NA
CRAM,CRAM.AOS.buoy.c0,2019,5,2019-05-01,21,21,0.2838095238095238,NA,0.30404761904761907,0.07175000000000001,1.596192408977797,11.37503258290688,3.1421000594064337,18.29,5.19,31,TRUE,3,0.03959999999999999,0.02135462479183373,0.08223333333333332,0.03954267736678098,0.29736666666666667,0.05012088719619131,0.33294999999999997,0.02623366158202088,0.04333333333333333,0.01006644591369433,5e-4,0,0.0655,0.0284256926036992,NA,NA,NA,NA,NA,8,0.001325,7.045768740375826e-4,4e-4,0.0023
CRAM,CRAM.AOS.littoral1,2019,5,2019-05-01,15,15,0.19316666666666668,NA,0.21233333333333332,0.06766666666666667,11.666666666666666,11.37503258290688,3.1421000594064337,18.29,5.19,31,TRUE,3,0.03959999999999999,0.02135462479183373,0.08223333333333332,0.03954267736678098,0.29736666666666667,0.05012088719619131,0.33294999999999997,0.02623366158202088,0.04333333333333333,0.01006644591369433,5e-4,0,0.0655,0.0284256926036992,NA,NA,NA,NA,NA,8,0.001325,7.045768740375826e-4,4e-4,0.0023
CRAM,CRAM.AOS.littoral2,2019,5,2019-05-01,14,14,0.2292857142857143,NA,0.23464285714285715,0.06433333333333334,23.80952380952381,11.37503258290688,3.1421000594064337,18.29,5.19,31,TRUE,3,0.03959999999999999,0.02135462479183373,0.08223333333333332,0.03954267736678098,0.29736666666666667,0.05012088719619131,0.33294999999999997,0.02623366158202088,0.04333333333333333,0.01006644591369433,5e-4,0,0.0655,0.0284256926036992,NA,NA,NA,NA,NA,8,0.001325,7.045768740375826e-4,4e-4,0.0023
CRAM,CRAM.AOS.buoy.c1,2019,7,2019-07-01,22,22,0.33571428571428574,NA,0.35000000000000003,0.07,10.219369671424465,24.92025460815172,0.6821059267333234,27.37,23.01,31,TRUE,6,0.01853333333333331,0.01139262919610743,0.11935,0.09711120944566597,0.322325,0.0678354387470148,0.341475,0.08936093525696784,0.0269,0,0.0057,0.00138756381234642,0.1322166666666665,0.09499334888997914,NA,NA,NA,NA,NA,8,0.0011125,9.583281573359184e-4,2e-4,0.0028
CRAM,CRAM.AOS.littoral1,2019,7,2019-07-01,9,9,0.14305555555555555,NA,0.15277777777777776,0.0625,37.777777777777786,24.92025460815172,0.6821059267333234,27.37,23.01,31,TRUE,6,0.01853333333333331,0.01139262919610743,0.11935,0.09711120944566597,0.322325,0.0678354387470148,0.341475,0.08936093525696784,0.0269,0,0.0057,0.00138756381234642,0.1322166666666665,0.09499334888997914,NA,NA,NA,NA,NA,8,0.0011125,9.583281573359184e-4,2e-4,0.0028
CRAM,CRAM.AOS.littoral2,2019,7,2019-07-01,11,11,0.14431818181818182,NA,0.15454545454545454,0.0625,79.69696969696969,24.92025460815172,0.6821059267333234,27.37,23.01,31,TRUE,6,0.01853333333333331,0.01139262919610743,0.11935,0.09711120944566597,0.322325,0.0678354387470148,0.341475,0.08936093525696784,0.0269,0,0.0057,0.00138756381234642,0.1322166666666665,0.09499334888997914,NA,NA,NA,NA,NA,8,0.0011125,9.583281573359184e-4,2e-4,0.0028
CRAM,CRAM.AOS.buoy.c1,2019,9,2019-09-01,18,18,0.5963235294117647,NA,0.6279411764705882,0.075,2.5505544683626877,18.017085971268745,1.1907741965725491,20.98,15.57,30,TRUE,8,NA,NA,0.14975,0.12462391710376348,0.36505,0.10738556700041212,0.3927166666666665,0.11757712902533944,0.0278125,3.3407655239053077e-4,0.0098125,0.00241871423930744,0.184725,0.01590204389378925,NA,NA,NA,NA,NA,8,7.250000000000001e-4,3.453776401067595e-4,4e-4,0.0015
CRAM,CRAM.AOS.littoral1,2019,9,2019-09-01,16,16,0.25666666666666665,NA,0.28833333333333333,0.075,25.520833333333336,18.017085971268745,1.1907741965725491,20.98,15.57,30,TRUE,8,NA,NA,0.14975,0.12462391710376348,0.36505,0.10738556700041212,0.3927166666666665,0.11757712902533944,0.0278125,3.3407655239053077e-4,0.0098125,0.00241871423930744,0.184725,0.01590204389378925,NA,NA,NA,NA,NA,8,7.250000000000001e-4,3.453776401067595e-4,4e-4,0.0015
CRAM,CRAM.AOS.littoral2,2019,9,2019-09-01,15,15,0.29464285714285715,NA,0.3357142857142857,0.075,18,18.017085971268745,1.1907741965725491,20.98,15.57,30,TRUE,8,NA,NA,0.14975,0.12462391710376348,0.36505,0.10738556700041212,0.3927166666666665,0.11757712902533944,0.0278125,3.3407655239053077e-4,0.0098125,0.00241871423930744,0.184725,0.01590204389378925,NA,NA,NA,NA,NA,8,7.250000000000001e-4,3.453776401067595e-4,4e-4,0.0015
CRAM,CRAM.AOS.buoy.c1,2020,6,2020-06-01,18,18,0.2951388888888889,NA,0.31805555555555554,0.065,4.1593449850417255,NA,NA,NA,NA,NA,FALSE,NA,NA,NA,NA,NA,NA,NA,NA,NA,NA,NA,NA,NA,NA,NA,NA,NA,NA,NA,NA,NA,NA,NA,NA,NA
CRAM,CRAM.AOS.littoral1,2020,6,2020-06-01,16,16,0.23671875,NA,0.24375,0.05433333333333334,10.6875,NA,NA,NA,NA,NA,FALSE,NA,NA,NA,NA,NA,NA,NA,NA,NA,NA,NA,NA,NA,NA,NA,NA,NA,NA,NA,NA,NA,NA,NA,NA,NA
CRAM,CRAM.AOS.littoral2,2020,6,2020-06-01,16,16,0.16953125,NA,0.1828125,0.06875,8.125,NA,NA,NA,NA,NA,FALSE,NA,NA,NA,NA,NA,NA,NA,NA,NA,NA,NA,NA,NA,NA,NA,NA,NA,NA,NA,NA,NA,NA,NA,NA,NA
CRAM,CRAM.AOS.buoy.c1,2020,7,2020-07-01,21,21,0.3011904761904762,NA,0.3404761904761905,0.07250000000000001,4.698122780314561,NA,NA,NA,NA,NA,FALSE,2,6.000000000000001e-4,1.4142135623730948e-4,0.04779999999999999,0.06646803743153547,0.3028,0.09248956697920044,0.27741666666666653,0.04650405597603553,0.00195,0.00247487373415291,0.01295,0.00926309883354377,0.01745,0.01096015510839148,NA,NA,NA,NA,NA,NA,NA,NA,NA,NA
CRAM,CRAM.AOS.littoral1,2020,7,2020-07-01,16,16,0.17109375,NA,0.178125,0.0688,60.859375,NA,NA,NA,NA,NA,FALSE,2,6.000000000000001e-4,1.4142135623730948e-4,0.04779999999999999,0.06646803743153547,0.3028,0.09248956697920044,0.27741666666666653,0.04650405597603553,0.00195,0.00247487373415291,0.01295,0.00926309883354377,0.01745,0.01096015510839148,NA,NA,NA,NA,NA,NA,NA,NA,NA,NA
CRAM,CRAM.AOS.littoral2,2020,7,2020-07-01,16,16,0.14453125,NA,0.1515625,0.06666666666666667,4.28125,NA,NA,NA,NA,NA,FALSE,2,6.000000000000001e-4,1.4142135623730948e-4,0.04779999999999999,0.06646803743153547,0.3028,0.09248956697920044,0.27741666666666653,0.04650405597603553,0.00195,0.00247487373415291,0.01295,0.00926309883354377,0.01745,0.01096015510839148,NA,NA,NA,NA,NA,NA,NA,NA,NA,NA
CRAM,CRAM.AOS.buoy.c1,2020,9,2020-09-01,20,20,0.7914473684210528,NA,0.8105263157894737,0.05,2.07095693308367,NA,NA,NA,NA,NA,FALSE,2,NA,NA,0.08230000000000001,0.11200571413994911,0.3559,0.17564532444673844,0.3772,0.1606546606855836,0.0115,NA,0.01725,0.01350573952066305,0.02585,0.01972827919510467,NA,NA,NA,NA,NA,NA,NA,NA,NA,NA
CRAM,CRAM.AOS.littoral1,2020,9,2020-09-01,13,13,0.18958333333333333,NA,0.19583333333333333,0.05,47.56410256410257,NA,NA,NA,NA,NA,FALSE,2,NA,NA,0.08230000000000001,0.11200571413994911,0.3559,0.17564532444673844,0.3772,0.1606546606855836,0.0115,NA,0.01725,0.01350573952066305,0.02585,0.01972827919510467,NA,NA,NA,NA,NA,NA,NA,NA,NA,NA
CRAM,CRAM.AOS.littoral2,2020,9,2020-09-01,15,15,0.24821428571428572,NA,0.2625,0.05,64.88888888888889,NA,NA,NA,NA,NA,FALSE,2,NA,NA,0.08230000000000001,0.11200571413994911,0.3559,0.17564532444673844,0.3772,0.1606546606855836,0.0115,NA,0.01725,0.01350573952066305,0.02585,0.01972827919510467,NA,NA,NA,NA,NA,NA,NA,NA,NA,NA
CRAM,CRAM.AOS.buoy.c0,2021,4,2021-04-01,21,21,0.346875,NA,0.38,0.08133333333333334,4.105701066601004,NA,NA,NA,NA,NA,FALSE,2,0.01869999999999999,0.02446589462905454,0.0146,0.01753624817342637,0.2719,0.03125411972844539,0.3001,0.02927422074112306,4e-4,NA,0.00524999999999999,6.363961030678932e-4,0.0135,1.4142135623730864e-4,NA,NA,NA,NA,NA,NA,NA,NA,NA,NA
CRAM,CRAM.AOS.littoral1,2021,4,2021-04-01,20,20,0.2618421052631579,NA,0.28157894736842104,0.08433333333333333,13,NA,NA,NA,NA,NA,FALSE,2,0.01869999999999999,0.02446589462905454,0.0146,0.01753624817342637,0.2719,0.03125411972844539,0.3001,0.02927422074112306,4e-4,NA,0.00524999999999999,6.363961030678932e-4,0.0135,1.4142135623730864e-4,NA,NA,NA,NA,NA,NA,NA,NA,NA,NA
CRAM,CRAM.AOS.littoral2,2021,4,2021-04-01,22,22,0.287797619047619,NA,0.3107142857142857,0.08399999999999999,12.632575757575758,NA,NA,NA,NA,NA,FALSE,2,0.01869999999999999,0.02446589462905454,0.0146,0.01753624817342637,0.2719,0.03125411972844539,0.3001,0.02927422074112306,4e-4,NA,0.00524999999999999,6.363961030678932e-4,0.0135,1.4142135623730864e-4,NA,NA,NA,NA,NA,NA,NA,NA,NA,NA
CRAM,CRAM.AOS.buoy.c1,2021,7,2021-07-01,20,20,0.2763157894736842,NA,0.3078947368421053,0.0674,1.2842465753424657,24.714106570873888,0.7901146207960865,27.71,22.02,31,TRUE,2,6e-4,0,0.03925,0.05267945519839779,0.25095,0.07714534982745233,0.2428,0.04808326112068521,0.0021,NA,0.00795,0.00417193000900063,0.0177,0.00721248916810278,27,7.206808052168543,1.6795361272035043,8.23962962962963,3.4740740740740743,NA,NA,NA,NA,NA
CRAM,CRAM.AOS.littoral1,2021,7,2021-07-01,13,13,0.11979166666666666,NA,0.125,0.067,19.93589743589744,24.714106570873888,0.7901146207960865,27.71,22.02,31,TRUE,2,6e-4,0,0.03925,0.05267945519839779,0.25095,0.07714534982745233,0.2428,0.04808326112068521,0.0021,NA,0.00795,0.00417193000900063,0.0177,0.00721248916810278,27,7.206808052168543,1.6795361272035043,8.23962962962963,3.4740740740740743,NA,NA,NA,NA,NA
CRAM,CRAM.AOS.littoral2,2021,7,2021-07-01,11,11,0.13874999999999998,NA,0.1475,0.05833333333333333,11.21590909090909,24.714106570873888,0.7901146207960865,27.71,22.02,31,TRUE,2,6e-4,0,0.03925,0.05267945519839779,0.25095,0.07714534982745233,0.2428,0.04808326112068521,0.0021,NA,0.00795,0.00417193000900063,0.0177,0.00721248916810278,27,7.206808052168543,1.6795361272035043,8.23962962962963,3.4740740740740743,NA,NA,NA,NA,NA
CRAM,CRAM.AOS.buoy.c1,2021,9,2021-09-01,10,10,1.266,NA,1.476,0.06,1.4337899543378996,19.54815602836879,1.4570269553444484,23.98,16.93,30,TRUE,2,NA,NA,0.0232,0.02941564209736037,0.31620000000000004,0.148492424049175,0.34085,0.15916973644509186,0.0047,NA,0.0104,0.0074953318805774,0.01845,0.01605132393293462,26,7.023507899153632,1.3740101474511792,8.363076923076923,0.4292307692307692,NA,NA,NA,NA,NA
CRAM,CRAM.AOS.littoral1,2021,9,2021-09-01,13,13,0.12730769230769232,NA,0.14461538461538462,0.06142857142857143,5.080128205128205,19.54815602836879,1.4570269553444484,23.98,16.93,30,TRUE,2,NA,NA,0.0232,0.02941564209736037,0.31620000000000004,0.148492424049175,0.34085,0.15916973644509186,0.0047,NA,0.0104,0.0074953318805774,0.01845,0.01605132393293462,26,7.023507899153632,1.3740101474511792,8.363076923076923,0.4292307692307692,NA,NA,NA,NA,NA
CRAM,CRAM.AOS.littoral2,2021,9,2021-09-01,13,13,0.20846153846153848,NA,0.2276923076923077,0.0811111111111111,4.647435897435898,19.54815602836879,1.4570269553444484,23.98,16.93,30,TRUE,2,NA,NA,0.0232,0.02941564209736037,0.31620000000000004,0.148492424049175,0.34085,0.15916973644509186,0.0047,NA,0.0104,0.0074953318805774,0.01845,0.01605132393293462,26,7.023507899153632,1.3740101474511792,8.363076923076923,0.4292307692307692,NA,NA,NA,NA,NA
CRAM,CRAM.AOS.buoy.c1,2022,5,2022-05-01,17,17,0.9594117647058824,NA,1.022352941176471,0.0825,0.8139686826229936,14.22549963127944,3.6826462421462582,20.17,4.31,28,TRUE,2,0.07615,0.01152584053334072,0.01915,0.02439518395093589,0.34075,0.01237436867076455,0.37155,0.04193143212436228,1e-4,NA,0.00655,7.071067811865494e-5,0.01315,0.00148492424049175,26,8.749788117129725,1.390001152918371,9.817692307692308,4.2688461538461535,NA,NA,NA,NA,NA
CRAM,CRAM.AOS.littoral1,2022,5,2022-05-01,16,16,0.3253125,NA,0.34249999999999997,0.10333333333333332,10.208333333333332,14.22549963127944,3.6826462421462582,20.17,4.31,28,TRUE,2,0.07615,0.01152584053334072,0.01915,0.02439518395093589,0.34075,0.01237436867076455,0.37155,0.04193143212436228,1e-4,NA,0.00655,7.071067811865494e-5,0.01315,0.00148492424049175,26,8.749788117129725,1.390001152918371,9.817692307692308,4.2688461538461535,NA,NA,NA,NA,NA
CRAM,CRAM.AOS.littoral2,2022,5,2022-05-01,13,13,0.25384615384615383,NA,0.26692307692307693,0.15555555555555556,2.625,14.22549963127944,3.6826462421462582,20.17,4.31,28,TRUE,2,0.07615,0.01152584053334072,0.01915,0.02439518395093589,0.34075,0.01237436867076455,0.37155,0.04193143212436228,1e-4,NA,0.00655,7.071067811865494e-5,0.01315,0.00148492424049175,26,8.749788117129725,1.390001152918371,9.817692307692308,4.2688461538461535,NA,NA,NA,NA,NA
CRAM,CRAM.AOS.buoy.c1,2022,7,2022-07-01,16,16,0.88,NA,1.09,0.06857142857142857,0.4819532091734646,23.69915315120408,0.9574429326469028,27.3,21.34,31,TRUE,2,0.0108,0.0134350288425444,0.0793,0.10649028124669405,0.30695,0.07205418100290918,0.31575,0.10161124445650688,0.0021,0.00296984848098349,0.00835,0.0053033008588991,0.08435,0.08251936136447009,2,8.385009554140126,0.09335160671116474,8.995000000000001,0.495,NA,NA,NA,NA,NA
CRAM,CRAM.AOS.littoral1,2022,7,2022-07-01,12,12,0.17583333333333334,NA,0.19333333333333333,0.08866666666666667,2.861111111111111,23.69915315120408,0.9574429326469028,27.3,21.34,31,TRUE,2,0.0108,0.0134350288425444,0.0793,0.10649028124669405,0.30695,0.07205418100290918,0.31575,0.10161124445650688,0.0021,0.00296984848098349,0.00835,0.0053033008588991,0.08435,0.08251936136447009,2,8.385009554140126,0.09335160671116474,8.995000000000001,0.495,NA,NA,NA,NA,NA
CRAM,CRAM.AOS.littoral2,2022,7,2022-07-01,16,16,0.23125,NA,0.24375,0.097,1.7708333333333337,23.69915315120408,0.9574429326469028,27.3,21.34,31,TRUE,2,0.0108,0.0134350288425444,0.0793,0.10649028124669405,0.30695,0.07205418100290918,0.31575,0.10161124445650688,0.0021,0.00296984848098349,0.00835,0.0053033008588991,0.08435,0.08251936136447009,2,8.385009554140126,0.09335160671116474,8.995000000000001,0.495,NA,NA,NA,NA,NA
CRAM,CRAM.AOS.buoy.c1,2022,9,2022-09-01,15,15,0.8946666666666666,NA,1.0686666666666669,0.08875,0.7730151716011194,19.941142638846063,2.413619272035109,24.72,14.3,30,TRUE,2,7e-4,1.4142135623730956e-4,0.1343,0.18865608922057087,0.29610000000000003,0.1555634918610405,0.3503,0.15754339084836275,0.00349999999999999,0.00466690475583121,0.01105,0.00855599205235722,0.0197,0.01329360748630709,30,7.307727531897945,0.8498647212434731,8.397333333333334,0.42033333333333334,NA,NA,NA,NA,NA
CRAM,CRAM.AOS.littoral1,2022,9,2022-09-01,13,13,0.20576923076923076,NA,0.21923076923076923,0.09,16.439102564102562,19.941142638846063,2.413619272035109,24.72,14.3,30,TRUE,2,7e-4,1.4142135623730956e-4,0.1343,0.18865608922057087,0.29610000000000003,0.1555634918610405,0.3503,0.15754339084836275,0.00349999999999999,0.00466690475583121,0.01105,0.00855599205235722,0.0197,0.01329360748630709,30,7.307727531897945,0.8498647212434731,8.397333333333334,0.42033333333333334,NA,NA,NA,NA,NA
CRAM,CRAM.AOS.littoral2,2022,9,2022-09-01,11,11,0.2222727272727273,NA,0.23454545454545456,0.104375,33.86363636363636,19.941142638846063,2.413619272035109,24.72,14.3,30,TRUE,2,7e-4,1.4142135623730956e-4,0.1343,0.18865608922057087,0.29610000000000003,0.1555634918610405,0.3503,0.15754339084836275,0.00349999999999999,0.00466690475583121,0.01105,0.00855599205235722,0.0197,0.01329360748630709,30,7.307727531897945,0.8498647212434731,8.397333333333334,0.42033333333333334,NA,NA,NA,NA,NA
CRAM,CRAM.AOS.buoy.c1,2023,5,2023-05-01,13,13,0.7053846153846154,NA,0.7461538461538462,0.07,0.5485650529969628,17.084404214244064,2.2610799832011184,22.92,13.2,19,TRUE,2,0.0713,0.00197989898732233,0.0517,0.06561950929411162,0.37065,0.00883883476483185,0.35735,0.03641599923110718,0.0014,0.0015556349186104,0.00595,0.00205060966544098,0.0156,0.00622253967444161,28,9.124123467210252,1.0195173394074264,9.808214285714286,2.7417857142857143,NA,NA,NA,NA,NA
CRAM,CRAM.AOS.littoral1,2023,5,2023-05-01,10,10,0.267,NA,0.304,0.07033333333333333,2.6916666666666664,17.084404214244064,2.2610799832011184,22.92,13.2,19,TRUE,2,0.0713,0.00197989898732233,0.0517,0.06561950929411162,0.37065,0.00883883476483185,0.35735,0.03641599923110718,0.0014,0.0015556349186104,0.00595,0.00205060966544098,0.0156,0.00622253967444161,28,9.124123467210252,1.0195173394074264,9.808214285714286,2.7417857142857143,NA,NA,NA,NA,NA
CRAM,CRAM.AOS.littoral2,2023,5,2023-05-01,13,13,0.22923076923076924,NA,0.24461538461538465,0.071875,1.8333333333333337,17.084404214244064,2.2610799832011184,22.92,13.2,19,TRUE,2,0.0713,0.00197989898732233,0.0517,0.06561950929411162,0.37065,0.00883883476483185,0.35735,0.03641599923110718,0.0014,0.0015556349186104,0.00595,0.00205060966544098,0.0156,0.00622253967444161,28,9.124123467210252,1.0195173394074264,9.808214285714286,2.7417857142857143,NA,NA,NA,NA,NA
CRAM,CRAM.AOS.buoy.c1,2023,7,2023-07-01,17,17,0.6108823529411764,NA,0.71882352941176475,0.093,0.34009574821064603,23.28789153810192,1.20956136382569,27.6,20.47,31,TRUE,2,0.01449999999999999,0.01767766952966368,0.05500000000000001,0.0698621499812309,0.31579999999999997,0.07947880220536795,0.35675,0.0794080915272493,0.00319999999999999,0.00296984848098349,0.00705,0.0037476659402887,0.01515,0.00898025612106915,31,7.573827864381507,1.6285445845080413,8.31967741935484,0.15838709677419355,NA,NA,NA,NA,NA
CRAM,CRAM.AOS.littoral1,2023,7,2023-07-01,9,9,0.2611111111111111,NA,0.27444444444444444,0.1,8.680555555555555,23.28789153810192,1.20956136382569,27.6,20.47,31,TRUE,2,0.01449999999999999,0.01767766952966368,0.05500000000000001,0.0698621499812309,0.31579999999999997,0.07947880220536795,0.35675,0.0794080915272493,0.00319999999999999,0.00296984848098349,0.00705,0.0037476659402887,0.01515,0.00898025612106915,31,7.573827864381507,1.6285445845080413,8.31967741935484,0.15838709677419355,NA,NA,NA,NA,NA
CRAM,CRAM.AOS.littoral2,2023,7,2023-07-01,9,9,0.16333333333333333,NA,0.19,0.10225,5.736111111111111,23.28789153810192,1.20956136382569,27.6,20.47,31,TRUE,2,0.01449999999999999,0.01767766952966368,0.05500000000000001,0.0698621499812309,0.31579999999999997,0.07947880220536795,0.35675,0.0794080915272493,0.00319999999999999,0.00296984848098349,0.00705,0.0037476659402887,0.01515,0.00898025612106915,31,7.573827864381507,1.6285445845080413,8.31967741935484,0.15838709677419355,NA,NA,NA,NA,NA
CRAM,CRAM.AOS.buoy.c1,2023,9,2023-09-01,15,15,0.323,NA,0.38666666666666666,0.105,1.6688296082672436,19.2607346422348,1.9019382734413808,24.63,16.8,30,TRUE,NA,NA,NA,NA,NA,NA,NA,NA,NA,NA,NA,NA,NA,NA,NA,30,7.933379564105353,0.12931588806681443,8.705,0.25,NA,NA,NA,NA,NA
CRAM,CRAM.AOS.littoral1,2023,9,2023-09-01,13,13,0.3003846153846154,NA,0.3323076923076923,0.0675,10.948717948717947,19.2607346422348,1.9019382734413808,24.63,16.8,30,TRUE,NA,NA,NA,NA,NA,NA,NA,NA,NA,NA,NA,NA,NA,NA,NA,30,7.933379564105353,0.12931588806681443,8.705,0.25,NA,NA,NA,NA,NA
CRAM,CRAM.AOS.littoral2,2023,9,2023-09-01,16,16,0.2078125,NA,0.225,0.08,6.815104166666666,19.2607346422348,1.9019382734413808,24.63,16.8,30,TRUE,NA,NA,NA,NA,NA,NA,NA,NA,NA,NA,NA,NA,NA,NA,NA,30,7.933379564105353,0.12931588806681443,8.705,0.25,NA,NA,NA,NA,NA
CRAM,CRAM.AOS.buoy.c1,2024,4,2024-04-01,15,15,0.2673333333333333,NA,0.34800000000000003,0.1,0.4995970991136181,5.802172361484314,2.8941630925802686,10.94,0.53,30,TRUE,2,0.00745,0.00799030662740798,0.01585,0.01958685783886736,0.27,0.02828427124746188,0.255,0.02121320343559644,5.5e-4,2.1213203435596425e-4,0.00409999999999999,2.828427124746192e-4,0.00995,7.071067811865432e-5,30,13.100943296385587,0.3054584017543792,13.347666666666669,11.296666666666669,NA,NA,NA,NA,NA
CRAM,CRAM.AOS.littoral1,2024,4,2024-04-01,7,7,0.24285714285714283,NA,0.33285714285714285,0.07200000000000001,63.392857142857146,5.802172361484314,2.8941630925802686,10.94,0.53,30,TRUE,2,0.00745,0.00799030662740798,0.01585,0.01958685783886736,0.27,0.02828427124746188,0.255,0.02121320343559644,5.5e-4,2.1213203435596425e-4,0.00409999999999999,2.828427124746192e-4,0.00995,7.071067811865432e-5,30,13.100943296385587,0.3054584017543792,13.347666666666669,11.296666666666669,NA,NA,NA,NA,NA
CRAM,CRAM.AOS.littoral2,2024,4,2024-04-01,10,10,0.243,NA,0.298,0.10333333333333332,16.47083333333333,5.802172361484314,2.8941630925802686,10.94,0.53,30,TRUE,2,0.00745,0.00799030662740798,0.01585,0.01958685783886736,0.27,0.02828427124746188,0.255,0.02121320343559644,5.5e-4,2.1213203435596425e-4,0.00409999999999999,2.828427124746192e-4,0.00995,7.071067811865432e-5,30,13.100943296385587,0.3054584017543792,13.347666666666669,11.296666666666669,NA,NA,NA,NA,NA
CRAM,CRAM.AOS.buoy.c1,2024,7,2024-07-01,19,19,0.9536842105263158,NA,1.0710526315789477,0.11,1.856226124988548,23.699056777220488,1.4574438560147172,27.32,20.19,31,TRUE,NA,NA,NA,NA,NA,NA,NA,NA,NA,NA,NA,NA,NA,NA,NA,31,8.049035797172353,0.4802987937051984,8.744838709677419,1.0235483870967743,NA,NA,NA,NA,NA
CRAM,CRAM.AOS.littoral1,2024,7,2024-07-01,11,11,0.20136363636363636,NA,0.22454545454545455,0.11555555555555556,47.34848484848485,23.699056777220488,1.4574438560147172,27.32,20.19,31,TRUE,NA,NA,NA,NA,NA,NA,NA,NA,NA,NA,NA,NA,NA,NA,NA,31,8.049035797172353,0.4802987937051984,8.744838709677419,1.0235483870967743,NA,NA,NA,NA,NA
CRAM,CRAM.AOS.littoral2,2024,7,2024-07-01,10,10,0.196,NA,0.226,0.07714285714285714,41.354166666666664,23.699056777220488,1.4574438560147172,27.32,20.19,31,TRUE,NA,NA,NA,NA,NA,NA,NA,NA,NA,NA,NA,NA,NA,NA,NA,31,8.049035797172353,0.4802987937051984,8.744838709677419,1.0235483870967743,NA,NA,NA,NA,NA
CRAM,CRAM.AOS.buoy.c1,2024,9,2024-09-01,8,8,1.5475,NA,1.6000000000000003,0.076,3.75280199252802,20.896822123719456,0.9420388331042422,23.36,18.78,30,TRUE,2,0.00155,7.07106781186548e-5,0.14745,0.2064044694283532,0.385,0.21920310216782976,0.42,0.24041630560342617,0.0075,0.01032375900532359,0.0184,0.01923330444827409,0.0289,0.02672863632885149,30,7.448538468744244,0.1884699243224574,8.442,0.18633333333333335,NA,NA,NA,NA,NA
CRAM,CRAM.AOS.littoral1,2024,9,2024-09-01,11,11,0.3813636363636364,NA,0.44545454545454544,0.062,3.9090909090909087,20.896822123719456,0.9420388331042422,23.36,18.78,30,TRUE,2,0.00155,7.07106781186548e-5,0.14745,0.2064044694283532,0.385,0.21920310216782976,0.42,0.24041630560342617,0.0075,0.01032375900532359,0.0184,0.01923330444827409,0.0289,0.02672863632885149,30,7.448538468744244,0.1884699243224574,8.442,0.18633333333333335,NA,NA,NA,NA,NA
CRAM,CRAM.AOS.littoral2,2024,9,2024-09-01,16,16,0.3109375,NA,0.34375,0.08272727272727273,7.971354166666666,20.896822123719456,0.9420388331042422,23.36,18.78,30,TRUE,2,0.00155,7.07106781186548e-5,0.14745,0.2064044694283532,0.385,0.21920310216782976,0.42,0.24041630560342617,0.0075,0.01032375900532359,0.0184,0.01923330444827409,0.0289,0.02672863632885149,30,7.448538468744244,0.1884699243224574,8.442,0.18633333333333335,NA,NA,NA,NA,NA
LIRO,LIRO.AOS.buoy.c0,2017,4,2017-04-01,17,17,0.29926470588235293,NA,0.325,0.08333333333333334,7.662581630685722,NA,NA,NA,NA,NA,FALSE,3,0.02166666666666666,0.00416333199893226,0.059,0.01946792233393178,0.31783333333333336,0.01809871081965047,0.3384,0.02827242472799246,0.019,0.00346410161513775,0.004,0.003,0.00533333333333333,0.00351188458428424,NA,NA,NA,NA,NA,8,5e-4,5.01426536422407e-4,1e-4,0.0016
LIRO,LIRO.AOS.littoral1,2017,4,2017-04-01,10,10,0.3361111111111111,NA,0.3416666666666667,NA,45.9375,NA,NA,NA,NA,NA,FALSE,3,0.02166666666666666,0.00416333199893226,0.059,0.01946792233393178,0.31783333333333336,0.01809871081965047,0.3384,0.02827242472799246,0.019,0.00346410161513775,0.004,0.003,0.00533333333333333,0.00351188458428424,NA,NA,NA,NA,NA,8,5e-4,5.01426536422407e-4,1e-4,0.0016
LIRO,LIRO.AOS.littoral2,2017,4,2017-04-01,13,13,0.2932692307692308,NA,0.3019230769230769,0.07,21.45192307692308,NA,NA,NA,NA,NA,FALSE,3,0.02166666666666666,0.00416333199893226,0.059,0.01946792233393178,0.31783333333333336,0.01809871081965047,0.3384,0.02827242472799246,0.019,0.00346410161513775,0.004,0.003,0.00533333333333333,0.00351188458428424,NA,NA,NA,NA,NA,8,5e-4,5.01426536422407e-4,1e-4,0.0016
LIRO,LIRO.AOS.buoy.c0,2017,7,2017-07-01,10,10,0.3445,NA,0.357,0.07,67.33403582718651,NA,NA,NA,NA,NA,FALSE,6,0.02831999999999999,0.02360925665920043,0.02522499999999999,0.00554759707741408,0.2770166666666667,0.03860256036413474,0.32155,0.01078160470431002,0.02983333333333333,0.00727782018647525,0.00798333333333333,0.00669071495930492,0.02378333333333333,0.02920845197313042,NA,NA,NA,NA,NA,8,0.0022875,0.00224081458402965,0,0.0064
LIRO,LIRO.AOS.littoral1,2017,7,2017-07-01,10,10,0.2995,NA,0.324,0.07,32.5,NA,NA,NA,NA,NA,FALSE,6,0.02831999999999999,0.02360925665920043,0.02522499999999999,0.00554759707741408,0.2770166666666667,0.03860256036413474,0.32155,0.01078160470431002,0.02983333333333333,0.00727782018647525,0.00798333333333333,0.00669071495930492,0.02378333333333333,0.02920845197313042,NA,NA,NA,NA,NA,8,0.0022875,0.00224081458402965,0,0.0064
LIRO,LIRO.AOS.littoral2,2017,7,2017-07-01,12,12,0.4058333333333333,NA,0.4633333333333333,0.07,33.05555555555556,NA,NA,NA,NA,NA,FALSE,6,0.02831999999999999,0.02360925665920043,0.02522499999999999,0.00554759707741408,0.2770166666666667,0.03860256036413474,0.32155,0.01078160470431002,0.02983333333333333,0.00727782018647525,0.00798333333333333,0.00669071495930492,0.02378333333333333,0.02920845197313042,NA,NA,NA,NA,NA,8,0.0022875,0.00224081458402965,0,0.0064
LIRO,LIRO.AOS.buoy.c0,2017,9,2017-09-01,16,16,0.4821875,NA,0.540625,NA,6.5595363540569025,NA,NA,NA,NA,NA,FALSE,NA,NA,NA,NA,NA,NA,NA,NA,NA,NA,NA,NA,NA,NA,NA,NA,NA,NA,NA,NA,8,0.0021,0.00163007449435381,1e-4,0.0043
LIRO,LIRO.AOS.littoral1,2017,9,2017-09-01,14,14,0.47678571428571426,NA,0.5685714285714286,NA,0.8928571428571429,NA,NA,NA,NA,NA,FALSE,NA,NA,NA,NA,NA,NA,NA,NA,NA,NA,NA,NA,NA,NA,NA,NA,NA,NA,NA,NA,8,0.0021,0.00163007449435381,1e-4,0.0043
LIRO,LIRO.AOS.littoral2,2017,9,2017-09-01,13,13,0.6096153846153846,NA,0.6946153846153846,NA,0.6955128205128205,NA,NA,NA,NA,NA,FALSE,NA,NA,NA,NA,NA,NA,NA,NA,NA,NA,NA,NA,NA,NA,NA,NA,NA,NA,NA,NA,8,0.0021,0.00163007449435381,1e-4,0.0043
LIRO,LIRO.AOS.buoy.c0,2018,5,2018-05-01,12,12,0.39,NA,0.425,0.09,23.211567732115675,NA,NA,NA,NA,NA,FALSE,4,0.01605,0.02018489534280522,0.046275,0.02621581901575205,0.382125,0.02880606128346369,0.468775,0.05815326732007413,0.01925,0.00249999999999999,0.006725,0.00720202517814723,0.06392500000000001,0.03464018620042335,NA,NA,NA,NA,NA,8,9.875e-4,7.717096048940394e-4,0,0.002
LIRO,LIRO.AOS.littoral1,2018,5,2018-05-01,12,12,0.32166666666666666,NA,0.35083333333333333,0.08666666666666667,7.152777777777778,NA,NA,NA,NA,NA,FALSE,4,0.01605,0.02018489534280522,0.046275,0.02621581901575205,0.382125,0.02880606128346369,0.468775,0.05815326732007413,0.01925,0.00249999999999999,0.006725,0.00720202517814723,0.06392500000000001,0.03464018620042335,NA,NA,NA,NA,NA,8,9.875e-4,7.717096048940394e-4,0,0.002
LIRO,LIRO.AOS.littoral2,2018,5,2018-05-01,11,11,0.30272727272727273,NA,0.3463636363636364,0.07666666666666667,9.734848484848484,NA,NA,NA,NA,NA,FALSE,4,0.01605,0.02018489534280522,0.046275,0.02621581901575205,0.382125,0.02880606128346369,0.468775,0.05815326732007413,0.01925,0.00249999999999999,0.006725,0.00720202517814723,0.06392500000000001,0.03464018620042335,NA,NA,NA,NA,NA,8,9.875e-4,7.717096048940394e-4,0,0.002
LIRO,LIRO.AOS.buoy.c0,2018,7,2018-07-01,15,15,1.043,NA,1.096666666666667,0.07,12.106171748416555,24.596138917232587,1.4414237578580873,29.69,21.82,22,TRUE,2,NA,NA,NA,NA,NA,NA,NA,NA,NA,NA,NA,NA,0.0395,0.03181980515339464,NA,NA,NA,NA,NA,8,0.002225,0.00125328140723234,0.001,0.0042
LIRO,LIRO.AOS.littoral1,2018,7,2018-07-01,12,12,0.395,NA,0.4791666666666667,0.065,6.932870370370371,24.596138917232587,1.4414237578580873,29.69,21.82,22,TRUE,2,NA,NA,NA,NA,NA,NA,NA,NA,NA,NA,NA,NA,0.0395,0.03181980515339464,NA,NA,NA,NA,NA,8,0.002225,0.00125328140723234,0.001,0.0042
LIRO,LIRO.AOS.littoral2,2018,7,2018-07-01,10,10,0.6425,NA,0.685,NA,1.2944444444444445,24.596138917232587,1.4414237578580873,29.69,21.82,22,TRUE,2,NA,NA,NA,NA,NA,NA,NA,NA,NA,NA,NA,NA,0.0395,0.03181980515339464,NA,NA,NA,NA,NA,8,0.002225,0.00125328140723234,0.001,0.0042
LIRO,LIRO.AOS.buoy.c0,2018,9,2018-09-01,14,14,0.7475,NA,0.8007142857142857,0.06333333333333334,7.279843444227006,20.022039373265496,2.349553946467455,23.95,14.06,30,TRUE,1,0.0111,NA,0.0129,NA,0.2808,NA,0.316,NA,0.016,NA,0.0065,NA,0.008,NA,NA,NA,NA,NA,NA,8,0.0021,0.00126378117454836,3e-4,0.0038
LIRO,LIRO.AOS.littoral1,2018,9,2018-09-01,11,11,0.42272727272727273,NA,0.49909090909090914,0.07,4.761363636363636,20.022039373265496,2.349553946467455,23.95,14.06,30,TRUE,1,0.0111,NA,0.0129,NA,0.2808,NA,0.316,NA,0.016,NA,0.0065,NA,0.008,NA,NA,NA,NA,NA,NA,8,0.0021,0.00126378117454836,3e-4,0.0038
LIRO,LIRO.AOS.littoral2,2018,9,2018-09-01,10,10,0.422,NA,0.474,0.065,8.025,20.022039373265496,2.349553946467455,23.95,14.06,30,TRUE,1,0.0111,NA,0.0129,NA,0.2808,NA,0.316,NA,0.016,NA,0.0065,NA,0.008,NA,NA,NA,NA,NA,NA,8,0.0021,0.00126378117454836,3e-4,0.0038
LIRO,LIRO.AOS.buoy.c0,2019,5,2019-05-01,13,13,0.2673076923076923,NA,0.3,0.077,20.271338250790304,12.17571803349195,2.9222583429389215,18.3,5.95,31,TRUE,2,0.02064999999999999,0.01732411613907041,0.0391,0.01060660171779821,0.25875000000000004,0.00601040764008565,0.29855,0.0143542676580869,0.039,0.00282842712474619,0.01279999999999999,0.01428355697996825,0.136,0.14184562030602144,NA,NA,NA,NA,NA,8,0.0018375,0.00187688000986439,2e-4,0.0052
LIRO,LIRO.AOS.littoral1,2019,5,2019-05-01,11,11,0.30454545454545456,NA,0.325,0.077,34.090909090909086,12.17571803349195,2.9222583429389215,18.3,5.95,31,TRUE,2,0.02064999999999999,0.01732411613907041,0.0391,0.01060660171779821,0.25875000000000004,0.00601040764008565,0.29855,0.0143542676580869,0.039,0.00282842712474619,0.01279999999999999,0.01428355697996825,0.136,0.14184562030602144,NA,NA,NA,NA,NA,8,0.0018375,0.00187688000986439,2e-4,0.0052
LIRO,LIRO.AOS.littoral2,2019,5,2019-05-01,13,13,0.36826923076923074,NA,0.40192307692307694,0.07533333333333334,43.97435897435897,12.17571803349195,2.9222583429389215,18.3,5.95,31,TRUE,2,0.02064999999999999,0.01732411613907041,0.0391,0.01060660171779821,0.25875000000000004,0.00601040764008565,0.29855,0.0143542676580869,0.039,0.00282842712474619,0.01279999999999999,0.01428355697996825,0.136,0.14184562030602144,NA,NA,NA,NA,NA,8,0.0018375,0.00187688000986439,2e-4,0.0052
LIRO,LIRO.AOS.buoy.c1,2019,7,2019-07-01,18,18,0.5208333333333334,NA,0.5819444444444445,0.06766666666666667,5.9908675799086755,25.57395638499562,0.9124659059540012,29.29,23.05,30,TRUE,6,0.00718333333333333,2.7386127875258284e-4,0.02211666666666665,0.00261081085744131,0.236775,0.00539506719142588,0.27975,0.00909219445458572,0.0258,0.00189877153268453,0.00853333333333331,0.00394360241403717,0.12440000000000016,0.12243424902098832,NA,NA,NA,NA,NA,8,0.001325,0.00100392088475992,3e-4,0.0031
LIRO,LIRO.AOS.littoral1,2019,7,2019-07-01,15,15,0.5391666666666667,NA,0.6483333333333333,NA,4.1305555555555555,25.57395638499562,0.9124659059540012,29.29,23.05,30,TRUE,6,0.00718333333333333,2.7386127875258284e-4,0.02211666666666665,0.00261081085744131,0.236775,0.00539506719142588,0.27975,0.00909219445458572,0.0258,0.00189877153268453,0.00853333333333331,0.00394360241403717,0.12440000000000016,0.12243424902098832,NA,NA,NA,NA,NA,8,0.001325,0.00100392088475992,3e-4,0.0031
LIRO,LIRO.AOS.littoral2,2019,7,2019-07-01,14,14,0.5651785714285714,NA,0.6607142857142857,0.075,2.0863095238095237,25.57395638499562,0.9124659059540012,29.29,23.05,30,TRUE,6,0.00718333333333333,2.7386127875258284e-4,0.02211666666666665,0.00261081085744131,0.236775,0.00539506719142588,0.27975,0.00909219445458572,0.0258,0.00189877153268453,0.00853333333333331,0.00394360241403717,0.12440000000000016,0.12243424902098832,NA,NA,NA,NA,NA,8,0.001325,0.00100392088475992,3e-4,0.0031
LIRO,LIRO.AOS.buoy.c1,2019,9,2019-09-01,18,18,0.79375,NA,1,0.064,1.0744023636852,18.493552164082683,1.3250364006596935,22.32,15.85,30,TRUE,5,NA,NA,0.02729999999999999,0.00862663028070636,0.24078,0.01988232883743754,0.26321,0.01432294487876009,NA,NA,0.00899999999999998,0.00141494994022166,0.12382,0.06515159821523951,NA,NA,NA,NA,NA,8,0.002875,0.00119013804721493,0.0015,0.0051
LIRO,LIRO.AOS.littoral1,2019,9,2019-09-01,12,12,0.334375,NA,0.4041666666666667,0.0625,6.666666666666667,18.493552164082683,1.3250364006596935,22.32,15.85,30,TRUE,5,NA,NA,0.02729999999999999,0.00862663028070636,0.24078,0.01988232883743754,0.26321,0.01432294487876009,NA,NA,0.00899999999999998,0.00141494994022166,0.12382,0.06515159821523951,NA,NA,NA,NA,NA,8,0.002875,0.00119013804721493,0.0015,0.0051
LIRO,LIRO.AOS.littoral2,2019,9,2019-09-01,13,13,0.5903846153846154,NA,0.6826923076923077,0.053,13.461538461538462,18.493552164082683,1.3250364006596935,22.32,15.85,30,TRUE,5,NA,NA,0.02729999999999999,0.00862663028070636,0.24078,0.01988232883743754,0.26321,0.01432294487876009,NA,NA,0.00899999999999998,0.00141494994022166,0.12382,0.06515159821523951,NA,NA,NA,NA,NA,8,0.002875,0.00119013804721493,0.0015,0.0051
LIRO,LIRO.AOS.buoy.c1,2020,6,2020-06-01,13,13,0.23846153846153847,NA,0.2519230769230769,0.0595,51.04788666432502,22.90596712320258,1.1225361662179942,26.34,20.51,14,TRUE,1,6e-4,NA,0.0026,NA,0.262433333333333,NA,0.3076,NA,0.001,NA,0.0084,NA,0.0186,NA,NA,NA,NA,NA,NA,NA,NA,NA,NA,NA
LIRO,LIRO.AOS.littoral1,2020,6,2020-06-01,9,9,0.18472222222222223,NA,0.20277777777777775,0.08549999999999999,277.037037037037,22.90596712320258,1.1225361662179942,26.34,20.51,14,TRUE,1,6e-4,NA,0.0026,NA,0.262433333333333,NA,0.3076,NA,0.001,NA,0.0084,NA,0.0186,NA,NA,NA,NA,NA,NA,NA,NA,NA,NA,NA
LIRO,LIRO.AOS.littoral2,2020,6,2020-06-01,7,7,0.22083333333333333,NA,0.23333333333333336,0.08549999999999999,235.23809523809527,22.90596712320258,1.1225361662179942,26.34,20.51,14,TRUE,1,6e-4,NA,0.0026,NA,0.262433333333333,NA,0.3076,NA,0.001,NA,0.0084,NA,0.0186,NA,NA,NA,NA,NA,NA,NA,NA,NA,NA,NA
LIRO,LIRO.AOS.buoy.c1,2020,7,2020-07-01,16,16,0.35390625,NA,0.365625,0.054,11.246886674968868,26.005362774215257,1.606527750435555,30.45,22.56,31,TRUE,NA,NA,NA,NA,NA,NA,NA,NA,NA,NA,NA,NA,NA,NA,NA,NA,NA,NA,NA,NA,NA,NA,NA,NA,NA
LIRO,LIRO.AOS.littoral1,2020,7,2020-07-01,14,14,0.5866071428571429,NA,0.7160714285714286,0.062,3.556547619047619,26.005362774215257,1.606527750435555,30.45,22.56,31,TRUE,NA,NA,NA,NA,NA,NA,NA,NA,NA,NA,NA,NA,NA,NA,NA,NA,NA,NA,NA,NA,NA,NA,NA,NA,NA
LIRO,LIRO.AOS.littoral2,2020,7,2020-07-01,14,14,0.49196428571428574,NA,0.5821428571428572,0.0625,2.0267857142857144,26.005362774215257,1.606527750435555,30.45,22.56,31,TRUE,NA,NA,NA,NA,NA,NA,NA,NA,NA,NA,NA,NA,NA,NA,NA,NA,NA,NA,NA,NA,NA,NA,NA,NA,NA
LIRO,LIRO.AOS.buoy.c1,2020,9,2020-09-01,18,18,0.8972222222222223,NA,0.9847222222222222,0.05,3.796221685021041,17.619027777777777,1.623142639098558,22.13,15.24,30,TRUE,1,NA,NA,0.0026,NA,0.2732,NA,0.2854,NA,2e-4,NA,0.0089,NA,0.0126,NA,NA,NA,NA,NA,NA,NA,NA,NA,NA,NA
LIRO,LIRO.AOS.littoral1,2020,9,2020-09-01,14,14,0.5669642857142857,NA,0.6303571428571428,0.05,3.0416666666666665,17.619027777777777,1.623142639098558,22.13,15.24,30,TRUE,1,NA,NA,0.0026,NA,0.2732,NA,0.2854,NA,2e-4,NA,0.0089,NA,0.0126,NA,NA,NA,NA,NA,NA,NA,NA,NA,NA,NA
LIRO,LIRO.AOS.littoral2,2020,9,2020-09-01,13,13,0.5951923076923077,NA,0.6596153846153846,0.05,1.592948717948718,17.619027777777777,1.623142639098558,22.13,15.24,30,TRUE,1,NA,NA,0.0026,NA,0.2732,NA,0.2854,NA,2e-4,NA,0.0089,NA,0.0126,NA,NA,NA,NA,NA,NA,NA,NA,NA,NA,NA
LIRO,LIRO.AOS.buoy.c1,2021,4,2021-04-01,17,17,0.29921875,NA,0.3125,0.0625,11.760676873489125,9.326239379543006,1.6954844652413712,13.61,5.52,26,TRUE,2,0.00914999999999999,0.01096015510839148,0.0167,0.01739482681718907,0.19375,0.0054447222151364,0.2852,0.03507249634685274,4e-4,NA,0.01405,0.00304055915910215,0.01935,0.00502045814642448,NA,NA,NA,NA,NA,NA,NA,NA,NA,NA
LIRO,LIRO.AOS.littoral1,2021,4,2021-04-01,16,16,0.23515625,NA,0.2625,0.07,19.6875,9.326239379543006,1.6954844652413712,13.61,5.52,26,TRUE,2,0.00914999999999999,0.01096015510839148,0.0167,0.01739482681718907,0.19375,0.0054447222151364,0.2852,0.03507249634685274,4e-4,NA,0.01405,0.00304055915910215,0.01935,0.00502045814642448,NA,NA,NA,NA,NA,NA,NA,NA,NA,NA
LIRO,LIRO.AOS.littoral2,2021,4,2021-04-01,18,18,0.30416666666666664,NA,0.3388888888888889,0.08549999999999999,60.92592592592593,9.326239379543006,1.6954844652413712,13.61,5.52,26,TRUE,2,0.00914999999999999,0.01096015510839148,0.0167,0.01739482681718907,0.19375,0.0054447222151364,0.2852,0.03507249634685274,4e-4,NA,0.01405,0.00304055915910215,0.01935,0.00502045814642448,NA,NA,NA,NA,NA,NA,NA,NA,NA,NA
LIRO,LIRO.AOS.buoy.c1,2021,7,2021-07-01,22,22,0.6073863636363637,NA,0.7056818181818182,0.05,2.2459180849591807,25.015978323038212,0.8615729085468312,28.37,22.2,31,TRUE,1,2e-4,NA,0.0011,NA,0.1655,NA,0.2114,NA,NA,NA,0.0076,NA,0.0173,NA,31,7.634063123035039,0.4080777695726124,7.948387096774193,7.084193548387097,NA,NA,NA,NA,NA
LIRO,LIRO.AOS.littoral1,2021,7,2021-07-01,13,13,0.4041666666666667,NA,0.49166666666666664,0.05,5.881410256410256,25.015978323038212,0.8615729085468312,28.37,22.2,31,TRUE,1,2e-4,NA,0.0011,NA,0.1655,NA,0.2114,NA,NA,NA,0.0076,NA,0.0173,NA,31,7.634063123035039,0.4080777695726124,7.948387096774193,7.084193548387097,NA,NA,NA,NA,NA
LIRO,LIRO.AOS.littoral2,2021,7,2021-07-01,13,13,0.4798076923076923,NA,0.5846153846153846,0.075,5.032051282051282,25.015978323038212,0.8615729085468312,28.37,22.2,31,TRUE,1,2e-4,NA,0.0011,NA,0.1655,NA,0.2114,NA,NA,NA,0.0076,NA,0.0173,NA,31,7.634063123035039,0.4080777695726124,7.948387096774193,7.084193548387097,NA,NA,NA,NA,NA
LIRO,LIRO.AOS.buoy.c1,2021,9,2021-09-01,8,8,1.14125,NA,1.26,0.08,1.937071917808219,19.665160025997935,1.9890234547102936,24.28,16.87,17,TRUE,1,NA,NA,0.0051,NA,0.2266,NA,0.2097,NA,NA,NA,0.0064,NA,0.0099,NA,10,7.466758587647808,0.3816504111001364,7.743,6.854,NA,NA,NA,NA,NA
LIRO,LIRO.AOS.littoral1,2021,9,2021-09-01,9,9,0.6666666666666666,NA,0.7166666666666667,0.08,6.944444444444445,19.665160025997935,1.9890234547102936,24.28,16.87,17,TRUE,1,NA,NA,0.0051,NA,0.2266,NA,0.2097,NA,NA,NA,0.0064,NA,0.0099,NA,10,7.466758587647808,0.3816504111001364,7.743,6.854,NA,NA,NA,NA,NA
LIRO,LIRO.AOS.littoral2,2021,9,2021-09-01,10,10,0.751,NA,0.7959999999999999,0.08,2.1958333333333333,19.665160025997935,1.9890234547102936,24.28,16.87,17,TRUE,1,NA,NA,0.0051,NA,0.2266,NA,0.2097,NA,NA,NA,0.0064,NA,0.0099,NA,10,7.466758587647808,0.3816504111001364,7.743,6.854,NA,NA,NA,NA,NA
LIRO,LIRO.AOS.buoy.c1,2022,5,2022-05-01,17,17,0.9970588235294118,NA,1.0282352941176471,0.07350000000000001,0.7884727023818807,15.377664867379158,2.855374146317383,20.8,7.36,27,TRUE,2,0.03125,0.03867874093090415,0.00819999999999999,1.414213562373099e-4,0.24015,0.01817264427649427,0.32120000000000004,0.0636396103067893,0.001,NA,0.0084,2.8284271247461853e-4,0.0155,0.00183847763108502,24,9.537428126373156,0.2796832556448307,9.930833333333332,9.273333333333332,NA,NA,NA,NA,NA
LIRO,LIRO.AOS.littoral1,2022,5,2022-05-01,13,13,0.5696153846153846,NA,0.6253846153846154,0.1461111111111111,4.8076923076923075,15.377664867379158,2.855374146317383,20.8,7.36,27,TRUE,2,0.03125,0.03867874093090415,0.00819999999999999,1.414213562373099e-4,0.24015,0.01817264427649427,0.32120000000000004,0.0636396103067893,0.001,NA,0.0084,2.8284271247461853e-4,0.0155,0.00183847763108502,24,9.537428126373156,0.2796832556448307,9.930833333333332,9.273333333333332,NA,NA,NA,NA,NA
LIRO,LIRO.AOS.littoral2,2022,5,2022-05-01,7,7,0.25857142857142856,NA,0.28714285714285714,0.066,0.8988095238095238,15.377664867379158,2.855374146317383,20.8,7.36,27,TRUE,2,0.03125,0.03867874093090415,0.00819999999999999,1.414213562373099e-4,0.24015,0.01817264427649427,0.32120000000000004,0.0636396103067893,0.001,NA,0.0084,2.8284271247461853e-4,0.0155,0.00183847763108502,24,9.537428126373156,0.2796832556448307,9.930833333333332,9.273333333333332,NA,NA,NA,NA,NA
LIRO,LIRO.AOS.buoy.c1,2022,7,2022-07-01,13,13,1.1784615384615384,NA,1.2476923076923077,0.07333333333333333,2.3533544081489284,24.279277149739563,0.8715513914689949,28.42,22.06,31,TRUE,2,0.0014,8.48528137423857e-4,0.01235,0.0053033008588991,0.18265,0.00700035713374681,0.24765,0.01534421715174808,0.00145,0.00176776695296636,0.0107,0.00395979797464466,0.03305,0.01873832970144351,2,8.293592796092796,0.02247805256189695,8.95,7.735,NA,NA,NA,NA,NA
LIRO,LIRO.AOS.littoral1,2022,7,2022-07-01,8,8,0.4362500000000001,NA,0.5,0.07125000000000001,2.916666666666667,24.279277149739563,0.8715513914689949,28.42,22.06,31,TRUE,2,0.0014,8.48528137423857e-4,0.01235,0.0053033008588991,0.18265,0.00700035713374681,0.24765,0.01534421715174808,0.00145,0.00176776695296636,0.0107,0.00395979797464466,0.03305,0.01873832970144351,2,8.293592796092796,0.02247805256189695,8.95,7.735,NA,NA,NA,NA,NA
LIRO,LIRO.AOS.littoral2,2022,7,2022-07-01,10,10,0.468,NA,0.538,0.078,8.583333333333334,24.279277149739563,0.8715513914689949,28.42,22.06,31,TRUE,2,0.0014,8.48528137423857e-4,0.01235,0.0053033008588991,0.18265,0.00700035713374681,0.24765,0.01534421715174808,0.00145,0.00176776695296636,0.0107,0.00395979797464466,0.03305,0.01873832970144351,2,8.293592796092796,0.02247805256189695,8.95,7.735,NA,NA,NA,NA,NA
LIRO,LIRO.AOS.buoy.c1,2022,9,2022-09-01,11,11,0.7059090909090909,NA,0.7890909090909091,0.055,1.1558219178082192,19.983185135933805,2.4656489264621717,24.59,14.2,30,TRUE,1,5e-4,NA,0.0033,NA,0.172,NA,0.1956,NA,NA,NA,0.0073,NA,0.0113,NA,30,7.678277903075474,0.2303139142677929,7.879,7.231666666666667,NA,NA,NA,NA,NA
LIRO,LIRO.AOS.littoral1,2022,9,2022-09-01,11,11,0.40454545454545454,NA,0.46818181818181814,0.06,4.318181818181818,19.983185135933805,2.4656489264621717,24.59,14.2,30,TRUE,1,5e-4,NA,0.0033,NA,0.172,NA,0.1956,NA,NA,NA,0.0073,NA,0.0113,NA,30,7.678277903075474,0.2303139142677929,7.879,7.231666666666667,NA,NA,NA,NA,NA
LIRO,LIRO.AOS.littoral2,2022,9,2022-09-01,10,10,0.3695,NA,0.426,0.06375,10.6,19.983185135933805,2.4656489264621717,24.59,14.2,30,TRUE,1,5e-4,NA,0.0033,NA,0.172,NA,0.1956,NA,NA,NA,0.0073,NA,0.0113,NA,30,7.678277903075474,0.2303139142677929,7.879,7.231666666666667,NA,NA,NA,NA,NA
LIRO,LIRO.AOS.buoy.c1,2023,5,2023-05-01,13,13,0.40807692307692306,NA,0.4507692307692307,0.0642857142857143,1.5200210748155956,17.19277493162399,1.7944255971958245,22.25,12.57,22,TRUE,4,0.0372,0.04173831173713985,0.00934999999999999,0.00776380490910653,0.2503,0.01287193329172687,0.364,0.10273882745421356,9e-4,NA,0.00935,0.00138202749610852,0.0218,0.01442751999940853,21,9.7255105858517,0.3824305630794055,11.093809523809524,7.523809523809524,NA,NA,NA,NA,NA
LIRO,LIRO.AOS.littoral1,2023,5,2023-05-01,9,9,0.34444444444444444,NA,0.4077777777777778,0.058,4.560185185185185,17.19277493162399,1.7944255971958245,22.25,12.57,22,TRUE,4,0.0372,0.04173831173713985,0.00934999999999999,0.00776380490910653,0.2503,0.01287193329172687,0.364,0.10273882745421356,9e-4,NA,0.00935,0.00138202749610852,0.0218,0.01442751999940853,21,9.7255105858517,0.3824305630794055,11.093809523809524,7.523809523809524,NA,NA,NA,NA,NA
LIRO,LIRO.AOS.littoral2,2023,5,2023-05-01,10,10,0.34500000000000003,NA,0.38,0.06833333333333333,4.666666666666667,17.19277493162399,1.7944255971958245,22.25,12.57,22,TRUE,4,0.0372,0.04173831173713985,0.00934999999999999,0.00776380490910653,0.2503,0.01287193329172687,0.364,0.10273882745421356,9e-4,NA,0.00935,0.00138202749610852,0.0218,0.01442751999940853,21,9.7255105858517,0.3824305630794055,11.093809523809524,7.523809523809524,NA,NA,NA,NA,NA
LIRO,LIRO.AOS.buoy.c1,2023,7,2023-07-01,13,13,1.028846153846154,NA,1.2361538461538462,0.0675,0.7432838188472303,23.784128631892013,1.1167212698277489,27.48,20.96,31,TRUE,1,0.0015,NA,0.0048,NA,0.2769,NA,0.3043,NA,0.0026,NA,0.0061,NA,0.0126,NA,31,8.257518048947349,0.33705349504721904,8.792903225806452,5.733870967741936,NA,NA,NA,NA,NA
LIRO,LIRO.AOS.littoral1,2023,7,2023-07-01,8,8,0.261875,NA,0.28375,0.064,8.59375,23.784128631892013,1.1167212698277489,27.48,20.96,31,TRUE,1,0.0015,NA,0.0048,NA,0.2769,NA,0.3043,NA,0.0026,NA,0.0061,NA,0.0126,NA,31,8.257518048947349,0.33705349504721904,8.792903225806452,5.733870967741936,NA,NA,NA,NA,NA
LIRO,LIRO.AOS.littoral2,2023,7,2023-07-01,10,10,0.376,NA,0.412,0.054,9.979166666666666,23.784128631892013,1.1167212698277489,27.48,20.96,31,TRUE,1,0.0015,NA,0.0048,NA,0.2769,NA,0.3043,NA,0.0026,NA,0.0061,NA,0.0126,NA,31,8.257518048947349,0.33705349504721904,8.792903225806452,5.733870967741936,NA,NA,NA,NA,NA
LIRO,LIRO.AOS.buoy.c1,2023,9,2023-09-01,19,19,0.6352631578947369,NA,0.9478947368421052,0.075,1.7204998798365778,19.500762263593373,2.035257969431934,24.68,16.85,30,TRUE,NA,NA,NA,NA,NA,NA,NA,NA,NA,NA,NA,NA,NA,NA,NA,30,6.087381378747768,1.6854783011114418,8.237666666666666,0.07866666666666666,NA,NA,NA,NA,NA
LIRO,LIRO.AOS.littoral1,2023,9,2023-09-01,10,10,0.446,NA,0.548,0.118,7.375,19.500762263593373,2.035257969431934,24.68,16.85,30,TRUE,NA,NA,NA,NA,NA,NA,NA,NA,NA,NA,NA,NA,NA,NA,NA,30,6.087381378747768,1.6854783011114418,8.237666666666666,0.07866666666666666,NA,NA,NA,NA,NA
LIRO,LIRO.AOS.littoral2,2023,9,2023-09-01,18,18,0.3466666666666667,NA,0.4727777777777778,0.09272727272727271,2.4652777777777777,19.500762263593373,2.035257969431934,24.68,16.85,30,TRUE,NA,NA,NA,NA,NA,NA,NA,NA,NA,NA,NA,NA,NA,NA,NA,30,6.087381378747768,1.6854783011114418,8.237666666666666,0.07866666666666666,NA,NA,NA,NA,NA
LIRO,LIRO.AOS.buoy.c1,2024,4,2024-04-01,14,14,0.2025,NA,0.22428571428571428,0.08416666666666667,16.60743639921722,7.167450103379799,2.976433936018667,11.38,0.14,30,TRUE,1,0.0027,NA,0.0027,NA,0.21,NA,0.22,NA,9e-4,NA,0.004,NA,0.0133,NA,27,11.26371262855094,0.36577070516619664,11.704814814814815,8.255925925925926,NA,NA,NA,NA,NA
LIRO,LIRO.AOS.littoral1,2024,4,2024-04-01,14,14,0.22607142857142856,NA,0.2792857142857143,0.077,18.0625,7.167450103379799,2.976433936018667,11.38,0.14,30,TRUE,1,0.0027,NA,0.0027,NA,0.21,NA,0.22,NA,9e-4,NA,0.004,NA,0.0133,NA,27,11.26371262855094,0.36577070516619664,11.704814814814815,8.255925925925926,NA,NA,NA,NA,NA
LIRO,LIRO.AOS.littoral2,2024,4,2024-04-01,17,17,0.25058823529411767,NA,0.3029411764705882,0.09692307692307692,73.02696078431373,7.167450103379799,2.976433936018667,11.38,0.14,30,TRUE,1,0.0027,NA,0.0027,NA,0.21,NA,0.22,NA,9e-4,NA,0.004,NA,0.0133,NA,27,11.26371262855094,0.36577070516619664,11.704814814814815,8.255925925925926,NA,NA,NA,NA,NA
LIRO,LIRO.AOS.buoy.c1,2024,7,2024-07-01,11,11,0.7181818181818181,NA,0.8654545454545455,0.075,6.323951847239519,24.007312996727443,1.3969564445646736,27.64,20.41,31,TRUE,2,0.0011,NA,0.00325,0.00134350288425444,0.225,0.00707106781186548,0.275,0.03535533905932737,4.5e-4,2.1213203435596425e-4,0.0068,7.071067811865476e-4,0.0106,0.00169705627484771,31,7.832026850944308,0.5467003068205567,8.088709677419354,6.7935483870967746,NA,NA,NA,NA,NA
LIRO,LIRO.AOS.littoral1,2024,7,2024-07-01,7,7,0.59,NA,0.812857142857143,0.065,10.952380952380953,24.007312996727443,1.3969564445646736,27.64,20.41,31,TRUE,2,0.0011,NA,0.00325,0.00134350288425444,0.225,0.00707106781186548,0.275,0.03535533905932737,4.5e-4,2.1213203435596425e-4,0.0068,7.071067811865476e-4,0.0106,0.00169705627484771,31,7.832026850944308,0.5467003068205567,8.088709677419354,6.7935483870967746,NA,NA,NA,NA,NA
LIRO,LIRO.AOS.littoral2,2024,7,2024-07-01,10,10,0.463,NA,0.5850000000000001,0.14333333333333334,6.316666666666667,24.007312996727443,1.3969564445646736,27.64,20.41,31,TRUE,2,0.0011,NA,0.00325,0.00134350288425444,0.225,0.00707106781186548,0.275,0.03535533905932737,4.5e-4,2.1213203435596425e-4,0.0068,7.071067811865476e-4,0.0106,0.00169705627484771,31,7.832026850944308,0.5467003068205567,8.088709677419354,6.7935483870967746,NA,NA,NA,NA,NA
LIRO,LIRO.AOS.buoy.c1,2024,9,2024-09-01,14,14,0.6482142857142857,NA,0.8157142857142857,0.1225,1.462249123924817,21.10453382419589,0.9472905725439656,23.88,18.86,30,TRUE,1,0.0033,NA,0.0112,NA,0.2,NA,0.29,NA,8e-4,NA,0.004,NA,0.013,NA,24,7.872220630807367,0.23167785677746688,8.161666666666667,6.3925,NA,NA,NA,NA,NA
LIRO,LIRO.AOS.littoral2,2024,9,2024-09-01,13,13,0.4640384615384615,NA,0.561923076923077,0.10214285714285716,2.2788461538461537,21.10453382419589,0.9472905725439656,23.88,18.86,30,TRUE,1,0.0033,NA,0.0112,NA,0.2,NA,0.29,NA,8e-4,NA,0.004,NA,0.013,NA,24,7.872220630807367,0.23167785677746688,8.161666666666667,6.3925,NA,NA,NA,NA,NA
PRLA,PRLA.AOS.buoy.c0,2014,7,2014-07-01,15,15,0.31905,NA,0.38353333333333334,0.05756249999999999,35.90816844241502,NA,NA,NA,NA,NA,FALSE,NA,NA,NA,NA,NA,NA,NA,NA,NA,NA,NA,NA,NA,NA,NA,NA,NA,NA,NA,NA,3,0.0012,2e-4,0.001,0.0014
PRLA,PRLA.AOS.littoral1,2014,7,2014-07-01,14,14,0.29096428571428573,NA,0.3302857142857143,0.05271428571428571,78.98189484126983,NA,NA,NA,NA,NA,FALSE,NA,NA,NA,NA,NA,NA,NA,NA,NA,NA,NA,NA,NA,NA,NA,NA,NA,NA,NA,NA,3,0.0012,2e-4,0.001,0.0014
PRLA,PRLA.AOS.littoral2,2014,7,2014-07-01,13,13,0.39542307692307693,NA,0.4538846153846154,0.07933333333333333,162.633547008547,NA,NA,NA,NA,NA,FALSE,NA,NA,NA,NA,NA,NA,NA,NA,NA,NA,NA,NA,NA,NA,NA,NA,NA,NA,NA,NA,3,0.0012,2e-4,0.001,0.0014
PRLA,PRLA.AOS.buoy.c0,2014,9,2014-09-01,11,11,0.42472727272727273,NA,0.4810909090909091,0.081,18.313056806207488,NA,NA,NA,NA,NA,FALSE,NA,NA,NA,NA,NA,NA,NA,NA,NA,NA,NA,NA,NA,NA,NA,NA,NA,NA,NA,NA,8,0.0093875,0.01565415850729219,0.0031,0.0481
PRLA,PRLA.AOS.littoral1,2014,9,2014-09-01,14,14,0.3578571428571429,NA,0.40921428571428575,0.08085714285714286,14.333333333333332,NA,NA,NA,NA,NA,FALSE,NA,NA,NA,NA,NA,NA,NA,NA,NA,NA,NA,NA,NA,NA,NA,NA,NA,NA,NA,NA,8,0.0093875,0.01565415850729219,0.0031,0.0481
PRLA,PRLA.AOS.littoral2,2014,9,2014-09-01,14,14,0.4124285714285715,NA,0.48121428571428576,0.09928571428571428,9.952380952380953,NA,NA,NA,NA,NA,FALSE,NA,NA,NA,NA,NA,NA,NA,NA,NA,NA,NA,NA,NA,NA,NA,NA,NA,NA,NA,NA,8,0.0093875,0.01565415850729219,0.0031,0.0481
PRLA,PRLA.AOS.buoy.c0,2017,4,2017-04-01,5,5,0.135,NA,0.14,0.08,454.6555555555555,NA,NA,NA,NA,NA,FALSE,3,0.02066666666666666,0.00208166599946613,0.254,0.01652271164185832,2.9063333333333334,0.07813663246732191,4.900666666666667,0.2974581203015534,0.02,0,0.00633333333333333,0.00321455025366431,0.00933333333333333,0.00321455025366431,NA,NA,NA,NA,NA,8,0.0019625,8.314144574157944e-4,0.0011,0.0034
PRLA,PRLA.AOS.littoral1,2017,4,2017-04-01,6,6,0.14791666666666667,NA,0.17916666666666667,0.08,71.54861111111111,NA,NA,NA,NA,NA,FALSE,3,0.02066666666666666,0.00208166599946613,0.254,0.01652271164185832,2.9063333333333334,0.07813663246732191,4.900666666666667,0.2974581203015534,0.02,0,0.00633333333333333,0.00321455025366431,0.00933333333333333,0.00321455025366431,NA,NA,NA,NA,NA,8,0.0019625,8.314144574157944e-4,0.0011,0.0034
PRLA,PRLA.AOS.littoral2,2017,4,2017-04-01,5,5,0.13,NA,0.14,0.08,226.48333333333332,NA,NA,NA,NA,NA,FALSE,3,0.02066666666666666,0.00208166599946613,0.254,0.01652271164185832,2.9063333333333334,0.07813663246732191,4.900666666666667,0.2974581203015534,0.02,0,0.00633333333333333,0.00321455025366431,0.00933333333333333,0.00321455025366431,NA,NA,NA,NA,NA,8,0.0019625,8.314144574157944e-4,0.0011,0.0034
PRLA,PRLA.AOS.buoy.c0,2017,7,2017-07-01,14,14,0.48392857142857143,NA,0.5842857142857143,0.05,208.452380952381,NA,NA,NA,NA,NA,FALSE,5,0.01049999999999999,0.00212132034355964,0.0472,0.00178885438199983,2.728599999999998,0.03640924790947281,4.130799999999998,0.00655997967476338,0.0468,0.00130384048104053,0.01048,0.00865170503426925,0.1767399999999998,0.08371070023200926,NA,NA,NA,NA,NA,8,0.0029875,0.00103293963314139,0.0019,0.0052
PRLA,PRLA.AOS.littoral1,2017,7,2017-07-01,11,11,0.4595454545454546,NA,0.5781818181818182,0.05,210.47727272727272,NA,NA,NA,NA,NA,FALSE,5,0.01049999999999999,0.00212132034355964,0.0472,0.00178885438199983,2.728599999999998,0.03640924790947281,4.130799999999998,0.00655997967476338,0.0468,0.00130384048104053,0.01048,0.00865170503426925,0.1767399999999998,0.08371070023200926,NA,NA,NA,NA,NA,8,0.0029875,0.00103293963314139,0.0019,0.0052
PRLA,PRLA.AOS.littoral2,2017,7,2017-07-01,13,13,0.33153846153846156,NA,0.35846153846153844,0.05,183.97435897435895,NA,NA,NA,NA,NA,FALSE,5,0.01049999999999999,0.00212132034355964,0.0472,0.00178885438199983,2.728599999999998,0.03640924790947281,4.130799999999998,0.00655997967476338,0.0468,0.00130384048104053,0.01048,0.00865170503426925,0.1767399999999998,0.08371070023200926,NA,NA,NA,NA,NA,8,0.0029875,0.00103293963314139,0.0019,0.0052
PRLA,PRLA.AOS.buoy.c0,2017,9,2017-09-01,13,13,0.3957692307692307,NA,0.4515384615384616,0.06,220.0854700854701,12.79627083333335,0.03620975975323723,13.51,12.29,2,TRUE,3,0.03063333333333333,0.02188180370383879,0.01816666666666666,0.00860310021639486,2.6843333333333335,0.03008875759039137,4.714,0.3222979987527067,0.023,0,0.00236666666666666,0.00205993527406405,0.298,0.2525133659828723,NA,NA,NA,NA,NA,8,0.0024625,6.988510979764267e-4,0.001,0.0032
PRLA,PRLA.AOS.littoral1,2017,9,2017-09-01,14,14,0.435,NA,0.4707142857142857,0.06,169.0773809523809,12.79627083333335,0.03620975975323723,13.51,12.29,2,TRUE,3,0.03063333333333333,0.02188180370383879,0.01816666666666666,0.00860310021639486,2.6843333333333335,0.03008875759039137,4.714,0.3222979987527067,0.023,0,0.00236666666666666,0.00205993527406405,0.298,0.2525133659828723,NA,NA,NA,NA,NA,8,0.0024625,6.988510979764267e-4,0.001,0.0032
PRLA,PRLA.AOS.littoral2,2017,9,2017-09-01,13,13,0.2946153846153846,NA,0.3576923076923077,0.06,149.74358974358975,12.79627083333335,0.03620975975323723,13.51,12.29,2,TRUE,3,0.03063333333333333,0.02188180370383879,0.01816666666666666,0.00860310021639486,2.6843333333333335,0.03008875759039137,4.714,0.3222979987527067,0.023,0,0.00236666666666666,0.00205993527406405,0.298,0.2525133659828723,NA,NA,NA,NA,NA,8,0.0024625,6.988510979764267e-4,0.001,0.0032
PRLA,PRLA.AOS.buoy.c0,2018,5,2018-05-01,9,9,0.255,NA,0.27,0.05,249.87654320987653,NA,NA,NA,NA,NA,FALSE,1,0.012,NA,0.4075,NA,3.777,NA,5.174,NA,0.016,NA,5e-4,NA,0.3035,NA,NA,NA,NA,NA,NA,8,0.002925,8.860022573334675e-4,0.0016,0.004
PRLA,PRLA.AOS.littoral1,2018,5,2018-05-01,8,8,0.12875,NA,0.13625,0.05,196.5625,NA,NA,NA,NA,NA,FALSE,1,0.012,NA,0.4075,NA,3.777,NA,5.174,NA,0.016,NA,5e-4,NA,0.3035,NA,NA,NA,NA,NA,NA,8,0.002925,8.860022573334675e-4,0.0016,0.004
PRLA,PRLA.AOS.littoral2,2018,5,2018-05-01,8,8,0.24875000000000003,NA,0.26125,0.05,194.16666666666663,NA,NA,NA,NA,NA,FALSE,1,0.012,NA,0.4075,NA,3.777,NA,5.174,NA,0.016,NA,5e-4,NA,0.3035,NA,NA,NA,NA,NA,NA,8,0.002925,8.860022573334675e-4,0.0016,0.004
PRLA,PRLA.AOS.buoy.c0,2018,7,2018-07-01,10,10,0.4385,NA,0.527,0.05,105.95555555555556,23.46207935804033,1.281367145434932,26.27,20.46,31,TRUE,1,0.0037,NA,0.3934,NA,3.092,NA,5.191,NA,0.011,NA,0.001,NA,0.446,NA,31,6.992251497539849,2.791925402878625,9.525483870967742,4.3,8,0.0023375,0.00122932908531442,7e-4,0.0047
PRLA,PRLA.AOS.littoral1,2018,7,2018-07-01,11,11,0.44272727272727275,NA,0.5536363636363636,0.05,74.5871212121212,23.46207935804033,1.281367145434932,26.27,20.46,31,TRUE,1,0.0037,NA,0.3934,NA,3.092,NA,5.191,NA,0.011,NA,0.001,NA,0.446,NA,31,6.992251497539849,2.791925402878625,9.525483870967742,4.3,8,0.0023375,0.00122932908531442,7e-4,0.0047
PRLA,PRLA.AOS.littoral2,2018,7,2018-07-01,11,11,0.46818181818181814,NA,0.5636363636363636,0.05,83.81818181818181,23.46207935804033,1.281367145434932,26.27,20.46,31,TRUE,1,0.0037,NA,0.3934,NA,3.092,NA,5.191,NA,0.011,NA,0.001,NA,0.446,NA,31,6.992251497539849,2.791925402878625,9.525483870967742,4.3,8,0.0023375,0.00122932908531442,7e-4,0.0047
PRLA,PRLA.AOS.buoy.c0,2018,9,2018-09-01,15,15,0.432,NA,0.5073333333333333,0.05,29.798148148148147,15.412907558378874,3.561637448618455,19.97,8.02,29,TRUE,1,0.0106,NA,0.008,NA,3.364,NA,5.279,NA,0.014,NA,0.0124,NA,0.4417,NA,30,7.425790371632006,0.9611048092008372,7.966666666666667,6.759666666666667,8,0.003175,0.00115974135047432,0.0019,0.0047
PRLA,PRLA.AOS.littoral1,2018,9,2018-09-01,13,13,0.4269230769230769,NA,0.5123076923076924,0.05,21.31410256410256,15.412907558378874,3.561637448618455,19.97,8.02,29,TRUE,1,0.0106,NA,0.008,NA,3.364,NA,5.279,NA,0.014,NA,0.0124,NA,0.4417,NA,30,7.425790371632006,0.9611048092008372,7.966666666666667,6.759666666666667,8,0.003175,0.00115974135047432,0.0019,0.0047
PRLA,PRLA.AOS.littoral2,2018,9,2018-09-01,16,16,0.398125,NA,0.441875,0.05,25.78125,15.412907558378874,3.561637448618455,19.97,8.02,29,TRUE,1,0.0106,NA,0.008,NA,3.364,NA,5.279,NA,0.014,NA,0.0124,NA,0.4417,NA,30,7.425790371632006,0.9611048092008372,7.966666666666667,6.759666666666667,8,0.003175,0.00115974135047432,0.0019,0.0047
PRLA,PRLA.AOS.buoy.c0,2019,4,2019-04-01,2,2,0.965,NA,0.975,0.088,0.125,NA,NA,NA,NA,NA,FALSE,1,NA,NA,1.446,NA,4.352,NA,4.953,NA,0.387,NA,0.1171,NA,0.405,NA,NA,NA,NA,NA,NA,8,0.00105,3.5456210417116735e-4,6e-4,0.0016
PRLA,PRLA.AOS.littoral1,2019,4,2019-04-01,4,4,0.96725,NA,0.96725,0.113,0.09375,NA,NA,NA,NA,NA,FALSE,1,NA,NA,1.446,NA,4.352,NA,4.953,NA,0.387,NA,0.1171,NA,0.405,NA,NA,NA,NA,NA,NA,8,0.00105,3.5456210417116735e-4,6e-4,0.0016
PRLA,PRLA.AOS.littoral2,2019,4,2019-04-01,3,3,0.883,NA,0.992,0.086,0.2777777777777778,NA,NA,NA,NA,NA,FALSE,1,NA,NA,1.446,NA,4.352,NA,4.953,NA,0.387,NA,0.1171,NA,0.405,NA,NA,NA,NA,NA,NA,8,0.00105,3.5456210417116735e-4,6e-4,0.0016
PRLA,PRLA.AOS.buoy.c0,2019,7,2019-07-01,9,9,1.0304444444444445,NA,1.2057777777777778,0.074,4.870370370370371,24.62166279540955,0.9894664052954604,28.13,22.27,31,TRUE,4,0.039,0,1.390525,0,4.737,0,4.77433333333333,0,0.0992,0,0.11855,0,0.4246,0,28,2.082388568620576,1.1147442796386005,2.87,1.272857142857143,NA,NA,NA,NA,NA
PRLA,PRLA.AOS.littoral1,2019,7,2019-07-01,9,9,1.0563333333333331,NA,1.1984444444444444,0.081,9.02777777777778,24.62166279540955,0.9894664052954604,28.13,22.27,31,TRUE,4,0.039,0,1.390525,0,4.737,0,4.77433333333333,0,0.0992,0,0.11855,0,0.4246,0,28,2.082388568620576,1.1147442796386005,2.87,1.272857142857143,NA,NA,NA,NA,NA
PRLA,PRLA.AOS.littoral2,2019,7,2019-07-01,8,8,1.251375,NA,1.393875,NA,12.1875,24.62166279540955,0.9894664052954604,28.13,22.27,31,TRUE,4,0.039,0,1.390525,0,4.737,0,4.77433333333333,0,0.0992,0,0.11855,0,0.4246,0,28,2.082388568620576,1.1147442796386005,2.87,1.272857142857143,NA,NA,NA,NA,NA
PRLA,PRLA.AOS.buoy.c0,2019,9,2019-09-01,11,11,0.7587272727272727,NA,0.8593636363636363,0.088,16.62878787878788,17.143605299079873,2.1399546046759466,20.83,11.45,30,TRUE,4,0.717125,0,0.4686,0,3.83166666666667,0,3.87333333333333,0,0.139525,0,0.1735,0,0.375425,0,30,6.511926142502325,1.7664185667237984,7.042,5.892333333333333,8,0.0016125,0.0010425757937504,4e-4,0.0029
PRLA,PRLA.AOS.littoral1,2019,9,2019-09-01,10,10,0.6676,NA,0.7464,0.087,12.429166666666667,17.143605299079873,2.1399546046759466,20.83,11.45,30,TRUE,4,0.717125,0,0.4686,0,3.83166666666667,0,3.87333333333333,0,0.139525,0,0.1735,0,0.375425,0,30,6.511926142502325,1.7664185667237984,7.042,5.892333333333333,8,0.0016125,0.0010425757937504,4e-4,0.0029
PRLA,PRLA.AOS.littoral2,2019,9,2019-09-01,11,11,0.7220909090909091,NA,0.8143636363636364,0.09,25.83712121212121,17.143605299079873,2.1399546046759466,20.83,11.45,30,TRUE,4,0.717125,0,0.4686,0,3.83166666666667,0,3.87333333333333,0,0.139525,0,0.1735,0,0.375425,0,30,6.511926142502325,1.7664185667237984,7.042,5.892333333333333,8,0.0016125,0.0010425757937504,4e-4,0.0029
PRLA,PRLA.AOS.buoy.c0,2020,6,2020-06-01,11,11,0.9250454545454546,NA,1.054,0.104,20.1010101010101,20.2365662634012,0.8248548478792633,22.17,18.37,18,TRUE,2,0.00295,0.0023334523779156,0.0138,0.01018233764908628,2.0475000000000003,0.02192031021678307,2.2344999999999997,0.0106066017177983,0.20965,0.06328605691619602,0.2967,0.06349818895055195,0.34355,0.08874190103891172,22,8.417391982847757,0.5063162520741689,9.010909090909092,7.725,NA,NA,NA,NA,NA
PRLA,PRLA.AOS.littoral1,2020,6,2020-06-01,10,10,1.0494,NA,1.1419,0.088,16.958333333333332,20.2365662634012,0.8248548478792633,22.17,18.37,18,TRUE,2,0.00295,0.0023334523779156,0.0138,0.01018233764908628,2.0475000000000003,0.02192031021678307,2.2344999999999997,0.0106066017177983,0.20965,0.06328605691619602,0.2967,0.06349818895055195,0.34355,0.08874190103891172,22,8.417391982847757,0.5063162520741689,9.010909090909092,7.725,NA,NA,NA,NA,NA
PRLA,PRLA.AOS.littoral2,2020,6,2020-06-01,15,15,0.5960666666666666,NA,0.6686,0.10416666666666669,2.6527777777777777,20.2365662634012,0.8248548478792633,22.17,18.37,18,TRUE,2,0.00295,0.0023334523779156,0.0138,0.01018233764908628,2.0475000000000003,0.02192031021678307,2.2344999999999997,0.0106066017177983,0.20965,0.06328605691619602,0.2967,0.06349818895055195,0.34355,0.08874190103891172,22,8.417391982847757,0.5063162520741689,9.010909090909092,7.725,NA,NA,NA,NA,NA
PRLA,PRLA.AOS.buoy.c0,2020,7,2020-07-01,13,13,0.5411923076923076,NA,0.5971538461538461,0.08249999999999999,22.70299145299145,NA,NA,NA,NA,NA,FALSE,NA,NA,NA,NA,NA,NA,NA,NA,NA,NA,NA,NA,NA,NA,NA,NA,NA,NA,NA,NA,NA,NA,NA,NA,NA
PRLA,PRLA.AOS.littoral1,2020,7,2020-07-01,13,13,0.5141923076923077,NA,0.5949230769230769,0.1362857142857143,7.0673076923076925,NA,NA,NA,NA,NA,FALSE,NA,NA,NA,NA,NA,NA,NA,NA,NA,NA,NA,NA,NA,NA,NA,NA,NA,NA,NA,NA,NA,NA,NA,NA,NA
PRLA,PRLA.AOS.littoral2,2020,7,2020-07-01,18,18,0.5305,NA,0.5709444444444445,0.11318181818181818,3.9351851851851856,NA,NA,NA,NA,NA,FALSE,NA,NA,NA,NA,NA,NA,NA,NA,NA,NA,NA,NA,NA,NA,NA,NA,NA,NA,NA,NA,NA,NA,NA,NA,NA
PRLA,PRLA.AOS.buoy.c0,2020,10,2020-10-01,13,13,0.4829615384615384,NA,0.5718461538461539,0.08185714285714286,6.732905982905983,NA,NA,NA,NA,NA,FALSE,NA,NA,NA,NA,NA,NA,NA,NA,NA,NA,NA,NA,NA,NA,NA,NA,NA,NA,NA,NA,NA,NA,NA,NA,NA
PRLA,PRLA.AOS.littoral1,2020,10,2020-10-01,11,11,0.3847272727272727,NA,0.4276363636363637,0.09471428571428572,8.151515151515152,NA,NA,NA,NA,NA,FALSE,NA,NA,NA,NA,NA,NA,NA,NA,NA,NA,NA,NA,NA,NA,NA,NA,NA,NA,NA,NA,NA,NA,NA,NA,NA
PRLA,PRLA.AOS.littoral2,2020,10,2020-10-01,11,11,0.7246363636363636,NA,0.849,0.08375,8.363636363636365,NA,NA,NA,NA,NA,FALSE,NA,NA,NA,NA,NA,NA,NA,NA,NA,NA,NA,NA,NA,NA,NA,NA,NA,NA,NA,NA,NA,NA,NA,NA,NA
PRLA,PRLA.AOS.buoy.c0,2021,4,2021-04-01,15,15,0.4191666666666667,NA,0.44686666666666663,0.09327272727272728,231.5740740740741,NA,NA,NA,NA,NA,FALSE,1,2e-4,NA,0.0051,NA,2.6,NA,3.798,NA,0.0041,NA,0.0856,NA,0.2183,NA,NA,NA,NA,NA,NA,NA,NA,NA,NA,NA
PRLA,PRLA.AOS.littoral1,2021,4,2021-04-01,13,13,0.33384615384615385,NA,0.3477692307692308,0.098,153.52564102564102,NA,NA,NA,NA,NA,FALSE,1,2e-4,NA,0.0051,NA,2.6,NA,3.798,NA,0.0041,NA,0.0856,NA,0.2183,NA,NA,NA,NA,NA,NA,NA,NA,NA,NA,NA
PRLA,PRLA.AOS.littoral2,2021,4,2021-04-01,14,14,0.4466428571428572,NA,0.4791428571428571,0.0925,153.57142857142858,NA,NA,NA,NA,NA,FALSE,1,2e-4,NA,0.0051,NA,2.6,NA,3.798,NA,0.0041,NA,0.0856,NA,0.2183,NA,NA,NA,NA,NA,NA,NA,NA,NA,NA,NA
PRLA,PRLA.AOS.buoy.c0,2021,7,2021-07-01,14,14,0.5269285714285714,NA,0.5701428571428572,0.08316666666666667,29.250000000000004,24.21069090589956,1.268896684422697,28.64,21.1,31,TRUE,NA,NA,NA,NA,NA,NA,NA,NA,NA,NA,NA,NA,NA,NA,NA,NA,NA,NA,NA,NA,NA,NA,NA,NA,NA
PRLA,PRLA.AOS.littoral1,2021,7,2021-07-01,14,14,0.3829642857142857,NA,0.4129285714285714,0.079375,11.50595238095238,24.21069090589956,1.268896684422697,28.64,21.1,31,TRUE,NA,NA,NA,NA,NA,NA,NA,NA,NA,NA,NA,NA,NA,NA,NA,NA,NA,NA,NA,NA,NA,NA,NA,NA,NA
PRLA,PRLA.AOS.littoral2,2021,7,2021-07-01,13,13,0.44811538461538464,NA,0.4747692307692308,0.08725,36.54807692307692,24.21069090589956,1.268896684422697,28.64,21.1,31,TRUE,NA,NA,NA,NA,NA,NA,NA,NA,NA,NA,NA,NA,NA,NA,NA,NA,NA,NA,NA,NA,NA,NA,NA,NA,NA
PRLA,PRLA.AOS.buoy.c0,2021,9,2021-09-01,7,7,0.6714285714285714,NA,0.7428571428571429,0.1,11.714285714285715,17.102907801418432,1.775220061237522,20.32,13.13,30,TRUE,1,0.0014,NA,0.0051,NA,3.23,NA,5.723,NA,0.0012,NA,0.1001,NA,0.1856,NA,NA,NA,NA,NA,NA,NA,NA,NA,NA,NA
PRLA,PRLA.AOS.littoral1,2021,9,2021-09-01,5,5,0.7939999999999999,NA,0.7939999999999999,0.07,14.25,17.102907801418432,1.775220061237522,20.32,13.13,30,TRUE,1,0.0014,NA,0.0051,NA,3.23,NA,5.723,NA,0.0012,NA,0.1001,NA,0.1856,NA,NA,NA,NA,NA,NA,NA,NA,NA,NA,NA
PRLA,PRLA.AOS.littoral2,2021,9,2021-09-01,7,7,0.66,NA,0.6957142857142857,0.085,14.74404761904762,17.102907801418432,1.775220061237522,20.32,13.13,30,TRUE,1,0.0014,NA,0.0051,NA,3.23,NA,5.723,NA,0.0012,NA,0.1001,NA,0.1856,NA,NA,NA,NA,NA,NA,NA,NA,NA,NA,NA
PRLA,PRLA.AOS.buoy.c0,2022,4,2022-04-01,11,11,0.4027272727272727,NA,0.43272727272727274,0.07625,55,NA,NA,NA,NA,NA,FALSE,1,0.0012,NA,0.0078,NA,2.676,NA,3.247,NA,0.0011,NA,0.002,NA,0.2058,NA,NA,NA,NA,NA,NA,NA,NA,NA,NA,NA
PRLA,PRLA.AOS.littoral1,2022,4,2022-04-01,9,9,0.37222222222222223,NA,0.3788888888888889,0.07,114.62962962962963,NA,NA,NA,NA,NA,FALSE,1,0.0012,NA,0.0078,NA,2.676,NA,3.247,NA,0.0011,NA,0.002,NA,0.2058,NA,NA,NA,NA,NA,NA,NA,NA,NA,NA,NA
PRLA,PRLA.AOS.littoral2,2022,4,2022-04-01,11,11,0.33454545454545453,NA,0.3372727272727273,0.076875,62.49999999999999,NA,NA,NA,NA,NA,FALSE,1,0.0012,NA,0.0078,NA,2.676,NA,3.247,NA,0.0011,NA,0.002,NA,0.2058,NA,NA,NA,NA,NA,NA,NA,NA,NA,NA,NA
PRLA,PRLA.AOS.buoy.c0,2022,7,2022-07-01,11,11,0.6254545454545454,NA,0.7172727272727273,0.07333333333333333,38.63636363636364,23.96811489844499,1.5261714758255818,29.29,20.47,30,TRUE,3,0.00746666666666667,0,0.0142333333333333,0,NA,NA,NA,NA,0.0379666666666667,0,0.2827,0,0.3625,0,2,12.607666666666647,2.025625225839086,13.925,9.45,NA,NA,NA,NA,NA
PRLA,PRLA.AOS.littoral1,2022,7,2022-07-01,10,10,0.587,NA,0.648,0.06999999999999999,31.770833333333336,23.96811489844499,1.5261714758255818,29.29,20.47,30,TRUE,3,0.00746666666666667,0,0.0142333333333333,0,NA,NA,NA,NA,0.0379666666666667,0,0.2827,0,0.3625,0,2,12.607666666666647,2.025625225839086,13.925,9.45,NA,NA,NA,NA,NA
PRLA,PRLA.AOS.littoral2,2022,7,2022-07-01,10,10,0.617,NA,0.698,0.07,38.5,23.96811489844499,1.5261714758255818,29.29,20.47,30,TRUE,3,0.00746666666666667,0,0.0142333333333333,0,NA,NA,NA,NA,0.0379666666666667,0,0.2827,0,0.3625,0,2,12.607666666666647,2.025625225839086,13.925,9.45,NA,NA,NA,NA,NA
PRLA,PRLA.AOS.buoy.c0,2022,9,2022-09-01,15,15,0.36333333333333334,NA,0.414,0.06222222222222223,2.6694444444444443,17.2653712962963,2.695976330595679,22.37,12.34,30,TRUE,1,0.0018,NA,0.0157,NA,2.613,NA,4.624,NA,5e-4,NA,0.0412,NA,0.3807,NA,30,8.63711980668893,0.9948587638506852,9.747,7.467666666666666,NA,NA,NA,NA,NA
PRLA,PRLA.AOS.littoral1,2022,9,2022-09-01,14,14,0.40285714285714286,NA,0.4685714285714286,0.06125,2.5595238095238098,17.2653712962963,2.695976330595679,22.37,12.34,30,TRUE,1,0.0018,NA,0.0157,NA,2.613,NA,4.624,NA,5e-4,NA,0.0412,NA,0.3807,NA,30,8.63711980668893,0.9948587638506852,9.747,7.467666666666666,NA,NA,NA,NA,NA
PRLA,PRLA.AOS.littoral2,2022,9,2022-09-01,14,14,0.3878571428571429,NA,0.42428571428571427,0.06375,8.37797619047619,17.2653712962963,2.695976330595679,22.37,12.34,30,TRUE,1,0.0018,NA,0.0157,NA,2.613,NA,4.624,NA,5e-4,NA,0.0412,NA,0.3807,NA,30,8.63711980668893,0.9948587638506852,9.747,7.467666666666666,NA,NA,NA,NA,NA
PRLA,PRLA.AOS.buoy.c0,2023,5,2023-05-01,5,5,0.399,NA,0.43,0.11,0.06666666666666667,17.904133700194638,2.248607588246497,22.32,13.3,21,TRUE,1,0.0026,NA,0.0148,NA,2.206,NA,2.659,NA,0.0127,NA,0.0392,NA,0.156,NA,9,8.555981996548013,1.0633114580471548,10.046666666666669,6.724444444444445,NA,NA,NA,NA,NA
PRLA,PRLA.AOS.littoral1,2023,5,2023-05-01,4,4,0.5625,NA,0.5625,0.095,0.05208333333333333,17.904133700194638,2.248607588246497,22.32,13.3,21,TRUE,1,0.0026,NA,0.0148,NA,2.206,NA,2.659,NA,0.0127,NA,0.0392,NA,0.156,NA,9,8.555981996548013,1.0633114580471548,10.046666666666669,6.724444444444445,NA,NA,NA,NA,NA
PRLA,PRLA.AOS.littoral2,2023,5,2023-05-01,3,3,0.52,NA,0.5333333333333333,0.0875,0.05555555555555554,17.904133700194638,2.248607588246497,22.32,13.3,21,TRUE,1,0.0026,NA,0.0148,NA,2.206,NA,2.659,NA,0.0127,NA,0.0392,NA,0.156,NA,9,8.555981996548013,1.0633114580471548,10.046666666666669,6.724444444444445,NA,NA,NA,NA,NA
PRLA,PRLA.AOS.buoy.c1,2023,7,2023-07-01,10,10,0.96,NA,1.257,0.07116666666666667,26.555555555555554,22.568379693270067,1.4617625620739412,26.35,19.99,31,TRUE,NA,NA,NA,NA,NA,NA,NA,NA,NA,NA,NA,NA,NA,NA,NA,31,9.876791206364237,2.809771625567726,11.41,7.696451612903226,NA,NA,NA,NA,NA
PRLA,PRLA.AOS.littoral1,2023,7,2023-07-01,10,10,1.204,NA,1.295,0.07166666666666667,22.5,22.568379693270067,1.4617625620739412,26.35,19.99,31,TRUE,NA,NA,NA,NA,NA,NA,NA,NA,NA,NA,NA,NA,NA,NA,NA,31,9.876791206364237,2.809771625567726,11.41,7.696451612903226,NA,NA,NA,NA,NA
PRLA,PRLA.AOS.littoral2,2023,7,2023-07-01,10,10,0.908,NA,1.135,0.07166666666666667,40.125,22.568379693270067,1.4617625620739412,26.35,19.99,31,TRUE,NA,NA,NA,NA,NA,NA,NA,NA,NA,NA,NA,NA,NA,NA,NA,31,9.876791206364237,2.809771625567726,11.41,7.696451612903226,NA,NA,NA,NA,NA
PRLA,PRLA.AOS.buoy.c0,2023,9,2023-09-01,8,8,0.308125,NA,0.3675,0.12333333333333334,62.84722222222222,18.512302457627452,2.100001116773266,24.32,16.26,30,TRUE,3,0.113166666666667,0,0.0212666666666667,0,2.38266666666667,0,3.18833333333333,0,0.00996666666666667,0,0.0611333333333333,0,0.227533333333333,0,30,9.0241133804911,1.4224140789039756,10.410333333333334,7.538666666666667,NA,NA,NA,NA,NA
PRLA,PRLA.AOS.littoral1,2023,9,2023-09-01,6,6,0.48083333333333333,NA,0.5966666666666667,0.155,125.02083333333334,18.512302457627452,2.100001116773266,24.32,16.26,30,TRUE,3,0.113166666666667,0,0.0212666666666667,0,2.38266666666667,0,3.18833333333333,0,0.00996666666666667,0,0.0611333333333333,0,0.227533333333333,0,30,9.0241133804911,1.4224140789039756,10.410333333333334,7.538666666666667,NA,NA,NA,NA,NA
PRLA,PRLA.AOS.littoral2,2023,9,2023-09-01,6,6,0.2316666666666667,NA,0.32333333333333336,0.076,40.57638888888889,18.512302457627452,2.100001116773266,24.32,16.26,30,TRUE,3,0.113166666666667,0,0.0212666666666667,0,2.38266666666667,0,3.18833333333333,0,0.00996666666666667,0,0.0611333333333333,0,0.227533333333333,0,30,9.0241133804911,1.4224140789039756,10.410333333333334,7.538666666666667,NA,NA,NA,NA,NA
PRLA,PRLA.AOS.buoy.c0,2024,4,2024-04-01,5,5,0.426,NA,0.572,0.07666666666666667,55.833333333333336,8.13410256410256,NA,8.29,7.89,1,TRUE,1,0.0017,NA,0.0135,NA,2.45,NA,3.63,NA,0.0023,NA,0.051,NA,0.1937,NA,NA,NA,NA,NA,NA,NA,NA,NA,NA,NA
PRLA,PRLA.AOS.littoral1,2024,4,2024-04-01,4,4,0.62375,NA,0.71,0.11,224.64583333333331,8.13410256410256,NA,8.29,7.89,1,TRUE,1,0.0017,NA,0.0135,NA,2.45,NA,3.63,NA,0.0023,NA,0.051,NA,0.1937,NA,NA,NA,NA,NA,NA,NA,NA,NA,NA,NA
PRLA,PRLA.AOS.littoral2,2024,4,2024-04-01,6,6,0.2891666666666667,NA,0.38666666666666666,0.0775,30.90277777777778,8.13410256410256,NA,8.29,7.89,1,TRUE,1,0.0017,NA,0.0135,NA,2.45,NA,3.63,NA,0.0023,NA,0.051,NA,0.1937,NA,NA,NA,NA,NA,NA,NA,NA,NA,NA,NA
PRLA,PRLA.AOS.buoy.c0,2024,7,2024-07-01,8,8,0.244375,NA,0.33125,0.074,153.8125,23.86436392287434,2.2326818822365935,29.32,19.11,31,TRUE,3,0.00416666666666667,0,0.0257,0,2.67333333333333,0,2.69,0,0.00463333333333333,0,0.0406666666666667,0,0.152633333333333,0,31,9.75528460809712,2.7968932535207633,12.99967741935484,6.180645161290323,NA,NA,NA,NA,NA
PRLA,PRLA.AOS.littoral1,2024,7,2024-07-01,7,7,0.30714285714285716,NA,0.42428571428571427,0.065,104.45833333333331,23.86436392287434,2.2326818822365935,29.32,19.11,31,TRUE,3,0.00416666666666667,0,0.0257,0,2.67333333333333,0,2.69,0,0.00463333333333333,0,0.0406666666666667,0,0.152633333333333,0,31,9.75528460809712,2.7968932535207633,12.99967741935484,6.180645161290323,NA,NA,NA,NA,NA
PRLA,PRLA.AOS.littoral2,2024,7,2024-07-01,7,7,0.19785714285714284,NA,0.2657142857142857,0.07,119.57142857142856,23.86436392287434,2.2326818822365935,29.32,19.11,31,TRUE,3,0.00416666666666667,0,0.0257,0,2.67333333333333,0,2.69,0,0.00463333333333333,0,0.0406666666666667,0,0.152633333333333,0,31,9.75528460809712,2.7968932535207633,12.99967741935484,6.180645161290323,NA,NA,NA,NA,NA
PRLA,PRLA.AOS.buoy.c0,2024,9,2024-09-01,15,15,0.25266666666666665,NA,0.31333333333333335,0.10181818181818182,75.92592592592592,19.020867274929465,1.2856989357002433,23.17,16.21,30,TRUE,1,0.0105,NA,0.0498,NA,3.08,NA,3.68,NA,0.0209,NA,0.1042,NA,0.234,NA,30,8.117779206925896,1.2115985019415418,9.827333333333334,6.425666666666666,NA,NA,NA,NA,NA
PRLA,PRLA.AOS.littoral1,2024,9,2024-09-01,9,9,0.265,NA,0.3022222222222222,0.05166666666666666,48.06944444444444,19.020867274929465,1.2856989357002433,23.17,16.21,30,TRUE,1,0.0105,NA,0.0498,NA,3.08,NA,3.68,NA,0.0209,NA,0.1042,NA,0.234,NA,30,8.117779206925896,1.2115985019415418,9.827333333333334,6.425666666666666,NA,NA,NA,NA,NA
PRLA,PRLA.AOS.littoral2,2024,9,2024-09-01,15,15,0.2076666666666667,NA,0.25266666666666665,0.08307692307692308,52.083333333333336,19.020867274929465,1.2856989357002433,23.17,16.21,30,TRUE,1,0.0105,NA,0.0498,NA,3.08,NA,3.68,NA,0.0209,NA,0.1042,NA,0.234,NA,30,8.117779206925896,1.2115985019415418,9.827333333333334,6.425666666666666,NA,NA,NA,NA,NA
PRPO,PRPO.AOS.buoy.c0,2014,7,2014-07-01,14,14,0.29032142857142856,NA,0.3415714285714286,0.05542857142857142,20.39628180039139,NA,NA,NA,NA,NA,FALSE,NA,NA,NA,NA,NA,NA,NA,NA,NA,NA,NA,NA,NA,NA,NA,NA,NA,NA,NA,NA,2,8.500000000000001e-4,7.07106781186547e-5,8e-4,9e-4
PRPO,PRPO.AOS.littoral1,2014,7,2014-07-01,12,12,0.34045833333333336,NA,0.4065,0.05916666666666666,74.03414351851852,NA,NA,NA,NA,NA,FALSE,NA,NA,NA,NA,NA,NA,NA,NA,NA,NA,NA,NA,NA,NA,NA,NA,NA,NA,NA,NA,2,8.500000000000001e-4,7.07106781186547e-5,8e-4,9e-4
PRPO,PRPO.AOS.littoral2,2014,7,2014-07-01,13,13,0.37573076923076926,NA,0.4509230769230769,0.08066666666666666,52.88461538461539,NA,NA,NA,NA,NA,FALSE,NA,NA,NA,NA,NA,NA,NA,NA,NA,NA,NA,NA,NA,NA,NA,NA,NA,NA,NA,NA,2,8.500000000000001e-4,7.07106781186547e-5,8e-4,9e-4
PRPO,PRPO.AOS.buoy.c0,2014,9,2014-09-01,14,14,0.40171428571428575,NA,0.4595714285714286,0.08366666666666667,12.205044574907587,NA,NA,NA,NA,NA,FALSE,NA,NA,NA,NA,NA,NA,NA,NA,NA,NA,NA,NA,NA,NA,NA,NA,NA,NA,NA,NA,7,0.0047,0.00261278905896872,0.0014,0.0078
PRPO,PRPO.AOS.littoral1,2014,9,2014-09-01,12,12,0.4106666666666667,NA,0.47058333333333335,0.08,19.40277777777778,NA,NA,NA,NA,NA,FALSE,NA,NA,NA,NA,NA,NA,NA,NA,NA,NA,NA,NA,NA,NA,NA,NA,NA,NA,NA,NA,7,0.0047,0.00261278905896872,0.0014,0.0078
PRPO,PRPO.AOS.littoral2,2014,9,2014-09-01,14,14,0.3453928571428571,NA,0.397,0.08714285714285715,8.880952380952381,NA,NA,NA,NA,NA,FALSE,NA,NA,NA,NA,NA,NA,NA,NA,NA,NA,NA,NA,NA,NA,NA,NA,NA,NA,NA,NA,7,0.0047,0.00261278905896872,0.0014,0.0078
PRPO,PRPO.AOS.buoy.c0,2017,4,2017-04-01,8,8,0.453125,NA,0.540625,NA,20.630208333333332,NA,NA,NA,NA,NA,FALSE,3,0.02733333333333333,0.00802080627701064,0.6466666666666667,0.04707794954470019,2.9673333333333334,0.19158896975904763,3.437,0.04303486958269995,0.019,0.001,0.00866666666666666,0.00404145188432738,0.01133333333333333,0.00404145188432738,NA,NA,NA,NA,NA,8,0.001475,0.00143502115464745,0,0.0037
PRPO,PRPO.AOS.littoral1,2017,4,2017-04-01,8,8,0.426,NA,0.5235,NA,19.979166666666664,NA,NA,NA,NA,NA,FALSE,3,0.02733333333333333,0.00802080627701064,0.6466666666666667,0.04707794954470019,2.9673333333333334,0.19158896975904763,3.437,0.04303486958269995,0.019,0.001,0.00866666666666666,0.00404145188432738,0.01133333333333333,0.00404145188432738,NA,NA,NA,NA,NA,8,0.001475,0.00143502115464745,0,0.0037
PRPO,PRPO.AOS.littoral2,2017,4,2017-04-01,9,9,0.4671875,NA,0.5375,NA,21.61111111111111,NA,NA,NA,NA,NA,FALSE,3,0.02733333333333333,0.00802080627701064,0.6466666666666667,0.04707794954470019,2.9673333333333334,0.19158896975904763,3.437,0.04303486958269995,0.019,0.001,0.00866666666666666,0.00404145188432738,0.01133333333333333,0.00404145188432738,NA,NA,NA,NA,NA,8,0.001475,0.00143502115464745,0,0.0037
PRPO,PRPO.AOS.buoy.c0,2017,7,2017-07-01,13,13,0.6542307692307693,NA,0.7361538461538462,0.07,209.07692307692307,NA,NA,NA,NA,NA,FALSE,5,0.0085,7.07106781186547e-4,0.0744,0.03341107600781514,2.372,0.0204205778566622,2.763200000000002,0.02127283087257674,0.0232,4.4721359549995833e-4,0.0048,0.00338378486313772,0.0122,0.00460434577328853,NA,NA,NA,NA,NA,8,0.0019625,0.00115997229030943,6e-4,0.0034
PRPO,PRPO.AOS.littoral1,2017,7,2017-07-01,9,9,0.45611111111111113,NA,0.5611111111111111,0.05,337.96296296296293,NA,NA,NA,NA,NA,FALSE,5,0.0085,7.07106781186547e-4,0.0744,0.03341107600781514,2.372,0.0204205778566622,2.763200000000002,0.02127283087257674,0.0232,4.4721359549995833e-4,0.0048,0.00338378486313772,0.0122,0.00460434577328853,NA,NA,NA,NA,NA,8,0.0019625,0.00115997229030943,6e-4,0.0034
PRPO,PRPO.AOS.littoral2,2017,7,2017-07-01,11,11,0.4909090909090909,NA,0.5981818181818183,0.06,315.1515151515151,NA,NA,NA,NA,NA,FALSE,5,0.0085,7.07106781186547e-4,0.0744,0.03341107600781514,2.372,0.0204205778566622,2.763200000000002,0.02127283087257674,0.0232,4.4721359549995833e-4,0.0048,0.00338378486313772,0.0122,0.00460434577328853,NA,NA,NA,NA,NA,8,0.0019625,0.00115997229030943,6e-4,0.0034
PRPO,PRPO.AOS.buoy.c0,2017,9,2017-09-01,17,17,0.5,NA,0.5770588235294117,NA,7.1764705882352935,NA,NA,NA,NA,NA,FALSE,3,0.02493333333333333,8.504900548115384e-4,0.02193333333333333,0.0100430738986295,2.844,0.12001666550942015,3.2213333333333334,0.16895364255716233,0.02366666666666666,5.773502691896262e-4,0.007,0.00800749648766704,0.2727,0.05843517776134509,NA,NA,NA,NA,NA,7,0.00354285714285714,0.00253762168368805,9e-4,0.0062
PRPO,PRPO.AOS.littoral1,2017,9,2017-09-01,16,16,0.8646874999999999,NA,0.956875,NA,2.138020833333333,NA,NA,NA,NA,NA,FALSE,3,0.02493333333333333,8.504900548115384e-4,0.02193333333333333,0.0100430738986295,2.844,0.12001666550942015,3.2213333333333334,0.16895364255716233,0.02366666666666666,5.773502691896262e-4,0.007,0.00800749648766704,0.2727,0.05843517776134509,NA,NA,NA,NA,NA,7,0.00354285714285714,0.00253762168368805,9e-4,0.0062
PRPO,PRPO.AOS.littoral2,2017,9,2017-09-01,11,11,0.6015,NA,0.749,NA,17.424242424242426,NA,NA,NA,NA,NA,FALSE,3,0.02493333333333333,8.504900548115384e-4,0.02193333333333333,0.0100430738986295,2.844,0.12001666550942015,3.2213333333333334,0.16895364255716233,0.02366666666666666,5.773502691896262e-4,0.007,0.00800749648766704,0.2727,0.05843517776134509,NA,NA,NA,NA,NA,7,0.00354285714285714,0.00253762168368805,9e-4,0.0062
PRPO,PRPO.AOS.buoy.c0,2018,5,2018-05-01,8,8,0.3835714285714286,NA,0.4028571428571429,NA,6.215277777777777,22.466968641114953,0.12501253685506475,23.71,21.79,2,TRUE,1,0.0267,NA,0.334,NA,2.804,NA,3.237,NA,0.022,NA,5e-4,NA,0.1488,NA,NA,NA,NA,NA,NA,8,0.0026375,0.00188599159216426,8e-4,0.0057
PRPO,PRPO.AOS.littoral1,2018,5,2018-05-01,9,9,0.365,NA,0.3775,NA,3.4861111111111107,22.466968641114953,0.12501253685506475,23.71,21.79,2,TRUE,1,0.0267,NA,0.334,NA,2.804,NA,3.237,NA,0.022,NA,5e-4,NA,0.1488,NA,NA,NA,NA,NA,NA,8,0.0026375,0.00188599159216426,8e-4,0.0057
PRPO,PRPO.AOS.littoral2,2018,5,2018-05-01,7,7,0.3591666666666667,NA,0.395,NA,4.738095238095239,22.466968641114953,0.12501253685506475,23.71,21.79,2,TRUE,1,0.0267,NA,0.334,NA,2.804,NA,3.237,NA,0.022,NA,5e-4,NA,0.1488,NA,NA,NA,NA,NA,NA,8,0.0026375,0.00188599159216426,8e-4,0.0057
PRPO,PRPO.AOS.buoy.c0,2018,7,2018-07-01,11,11,0.40090909090909094,NA,0.45,0.05,75.92676767676767,23.59733175771648,1.3990484874062432,26.77,19.89,31,TRUE,1,0.0018,NA,NA,NA,2.892,NA,3.098,NA,0.239,NA,5e-4,NA,0.185,NA,NA,NA,NA,NA,NA,8,0.003325,0.00207278280855196,0.001,0.0058
PRPO,PRPO.AOS.littoral1,2018,7,2018-07-01,9,9,0.36777777777777776,NA,0.43333333333333335,0.05,54.162037037037045,23.59733175771648,1.3990484874062432,26.77,19.89,31,TRUE,1,0.0018,NA,NA,NA,2.892,NA,3.098,NA,0.239,NA,5e-4,NA,0.185,NA,NA,NA,NA,NA,NA,8,0.003325,0.00207278280855196,0.001,0.0058
PRPO,PRPO.AOS.littoral2,2018,7,2018-07-01,10,10,0.4095,NA,0.47,0.05,73.44583333333334,23.59733175771648,1.3990484874062432,26.77,19.89,31,TRUE,1,0.0018,NA,NA,NA,2.892,NA,3.098,NA,0.239,NA,5e-4,NA,0.185,NA,NA,NA,NA,NA,NA,8,0.003325,0.00207278280855196,0.001,0.0058
PRPO,PRPO.AOS.buoy.c0,2018,9,2018-09-01,11,11,0.3640909090909091,NA,0.38363636363636366,0.07,288.4848484848485,15.4792365125053,3.934420653932301,21.2,7.38,30,TRUE,1,0.0301,NA,NA,NA,2.982,NA,3.435,NA,0.121,NA,0.0028,NA,0.015,NA,29,8.396143302677766,0.6562053649357061,9.032758620689656,7.608965517241379,8,0.0049125,0.00385947350221318,8e-4,0.0095
PRPO,PRPO.AOS.littoral1,2018,9,2018-09-01,8,8,0.37875,NA,0.39125,0.07,353.125,15.4792365125053,3.934420653932301,21.2,7.38,30,TRUE,1,0.0301,NA,NA,NA,2.982,NA,3.435,NA,0.121,NA,0.0028,NA,0.015,NA,29,8.396143302677766,0.6562053649357061,9.032758620689656,7.608965517241379,8,0.0049125,0.00385947350221318,8e-4,0.0095
PRPO,PRPO.AOS.littoral2,2018,9,2018-09-01,7,7,0.3942857142857143,NA,0.41,0.07,564.2857142857143,15.4792365125053,3.934420653932301,21.2,7.38,30,TRUE,1,0.0301,NA,NA,NA,2.982,NA,3.435,NA,0.121,NA,0.0028,NA,0.015,NA,29,8.396143302677766,0.6562053649357061,9.032758620689656,7.608965517241379,8,0.0049125,0.00385947350221318,8e-4,0.0095
PRPO,PRPO.AOS.buoy.c0,2019,4,2019-04-01,10,10,0.31425000000000003,NA,0.383,0.08328571428571428,7.305555555555556,NA,NA,NA,NA,NA,FALSE,1,0.0041,NA,0.0755,NA,1.152,NA,1.389,NA,0.038,NA,0.0096,NA,0.1431,NA,NA,NA,NA,NA,NA,8,0.0020875,0.00115193935852295,9e-4,0.0036
PRPO,PRPO.AOS.littoral1,2019,4,2019-04-01,6,6,0.13791666666666666,NA,0.14450000000000002,0.3165,2.986111111111111,NA,NA,NA,NA,NA,FALSE,1,0.0041,NA,0.0755,NA,1.152,NA,1.389,NA,0.038,NA,0.0096,NA,0.1431,NA,NA,NA,NA,NA,NA,8,0.0020875,0.00115193935852295,9e-4,0.0036
PRPO,PRPO.AOS.littoral2,2019,4,2019-04-01,9,9,0.35777777777777775,NA,0.38122222222222224,0.11857142857142856,7.083333333333332,NA,NA,NA,NA,NA,FALSE,1,0.0041,NA,0.0755,NA,1.152,NA,1.389,NA,0.038,NA,0.0096,NA,0.1431,NA,NA,NA,NA,NA,NA,8,0.0020875,0.00115193935852295,9e-4,0.0036
PRPO,PRPO.AOS.buoy.c0,2019,7,2019-07-01,10,10,0.7152000000000001,NA,0.8893,0.159,76.55833333333334,24.518890436240863,1.1695920098272912,28.7,21.72,31,TRUE,4,0.015825,0,2.947825,0,4.822,0,4.94966666666667,0,0.1038,0,0.1358,0,0.4122,0,31,4.683882287278307,1.6696324039963892,6.823548387096774,2.6861290322580644,8,0.00235,0.00119163752878129,9e-4,0.004
PRPO,PRPO.AOS.littoral1,2019,7,2019-07-01,13,13,0.8323846153846154,NA,1.0107692307692306,0.10166666666666668,21.55448717948718,24.518890436240863,1.1695920098272912,28.7,21.72,31,TRUE,4,0.015825,0,2.947825,0,4.822,0,4.94966666666667,0,0.1038,0,0.1358,0,0.4122,0,31,4.683882287278307,1.6696324039963892,6.823548387096774,2.6861290322580644,8,0.00235,0.00119163752878129,9e-4,0.004
PRPO,PRPO.AOS.littoral2,2019,7,2019-07-01,7,7,1.0407857142857142,NA,1.2282857142857142,NA,129.4523809523809,24.518890436240863,1.1695920098272912,28.7,21.72,31,TRUE,4,0.015825,0,2.947825,0,4.822,0,4.94966666666667,0,0.1038,0,0.1358,0,0.4122,0,31,4.683882287278307,1.6696324039963892,6.823548387096774,2.6861290322580644,8,0.00235,0.00119163752878129,9e-4,0.004
PRPO,PRPO.AOS.buoy.c0,2019,9,2019-09-01,10,10,0.78635,NA,0.8785,0.125,16.28611111111111,16.8218064267293,2.4987972109510466,21.84,10.44,30,TRUE,4,0.005725,0,0.047475,0,2.59266666666667,0,3.00666666666667,0,NA,NA,0.027025,0,0.3443,0,30,8.735114507728698,1.4271903856377193,10.403333333333332,6.980666666666667,8,0.0016625,3.543101950067403e-4,0.0012,0.0021
PRPO,PRPO.AOS.littoral1,2019,9,2019-09-01,5,5,1.091,NA,1.2256,NA,70.83333333333333,16.8218064267293,2.4987972109510466,21.84,10.44,30,TRUE,4,0.005725,0,0.047475,0,2.59266666666667,0,3.00666666666667,0,NA,NA,0.027025,0,0.3443,0,30,8.735114507728698,1.4271903856377193,10.403333333333332,6.980666666666667,8,0.0016625,3.543101950067403e-4,0.0012,0.0021
PRPO,PRPO.AOS.littoral2,2019,9,2019-09-01,6,6,1.022,NA,1.149,NA,68.05555555555556,16.8218064267293,2.4987972109510466,21.84,10.44,30,TRUE,4,0.005725,0,0.047475,0,2.59266666666667,0,3.00666666666667,0,NA,NA,0.027025,0,0.3443,0,30,8.735114507728698,1.4271903856377193,10.403333333333332,6.980666666666667,8,0.0016625,3.543101950067403e-4,0.0012,0.0021
PRPO,PRPO.AOS.buoy.c0,2020,6,2020-06-01,13,13,0.8196153846153846,NA,0.927846153846154,0.10766666666666667,4.314102564102564,20.86754768828858,1.6376817276690647,25.81,18.05,29,TRUE,2,0.00494999999999999,0.00487903679018717,0.22355,0.2805092600967034,2.224,0.2093036072312179,3.388333333333335,1.188410796914193,0.0243,0.03238549057834387,0.0986,0.03761808075912434,0.25165,0.05027529214236354,29,8.149597414233735,2.308794791476558,9.362758620689656,6.816896551724138,NA,NA,NA,NA,NA
PRPO,PRPO.AOS.littoral1,2020,6,2020-06-01,15,15,0.835,NA,0.912,0.124,2.363888888888889,20.86754768828858,1.6376817276690647,25.81,18.05,29,TRUE,2,0.00494999999999999,0.00487903679018717,0.22355,0.2805092600967034,2.224,0.2093036072312179,3.388333333333335,1.188410796914193,0.0243,0.03238549057834387,0.0986,0.03761808075912434,0.25165,0.05027529214236354,29,8.149597414233735,2.308794791476558,9.362758620689656,6.816896551724138,NA,NA,NA,NA,NA
PRPO,PRPO.AOS.littoral2,2020,6,2020-06-01,12,12,0.9419166666666666,NA,1.0085833333333334,0.1095,5.142361111111111,20.86754768828858,1.6376817276690647,25.81,18.05,29,TRUE,2,0.00494999999999999,0.00487903679018717,0.22355,0.2805092600967034,2.224,0.2093036072312179,3.388333333333335,1.188410796914193,0.0243,0.03238549057834387,0.0986,0.03761808075912434,0.25165,0.05027529214236354,29,8.149597414233735,2.308794791476558,9.362758620689656,6.816896551724138,NA,NA,NA,NA,NA
PRPO,PRPO.AOS.buoy.c0,2020,7,2020-07-01,14,14,0.6431071428571429,NA,0.7412857142857143,0.106,25.049603174603178,24.304694626460577,1.2242058259856017,29.2,21.57,31,TRUE,NA,NA,NA,NA,NA,NA,NA,NA,NA,NA,NA,NA,NA,NA,NA,30,6.490931505307627,3.2592243330250112,9.078333333333331,4.101333333333334,NA,NA,NA,NA,NA
PRPO,PRPO.AOS.littoral1,2020,7,2020-07-01,14,14,0.7476071428571428,NA,0.8356428571428571,0.092,10.127976190476188,24.304694626460577,1.2242058259856017,29.2,21.57,31,TRUE,NA,NA,NA,NA,NA,NA,NA,NA,NA,NA,NA,NA,NA,NA,NA,30,6.490931505307627,3.2592243330250112,9.078333333333331,4.101333333333334,NA,NA,NA,NA,NA
PRPO,PRPO.AOS.littoral2,2020,7,2020-07-01,12,12,0.7077916666666667,NA,0.8075833333333333,0.09733333333333331,16.4375,24.304694626460577,1.2242058259856017,29.2,21.57,31,TRUE,NA,NA,NA,NA,NA,NA,NA,NA,NA,NA,NA,NA,NA,NA,NA,30,6.490931505307627,3.2592243330250112,9.078333333333331,4.101333333333334,NA,NA,NA,NA,NA
PRPO,PRPO.AOS.buoy.c0,2020,9,2020-09-01,14,14,0.4597142857142857,NA,0.5054285714285714,0.112375,15.634920634920636,15.498526719995604,1.4282986043848864,18.97,12.26,25,TRUE,1,0.0282,NA,0.2359,NA,2.47466666666667,NA,2.61833333333333,NA,0.0091,NA,0.1062,NA,0.1482,NA,27,8.925246670956035,0.8060325626734702,9.420370370370373,8.314814814814815,NA,NA,NA,NA,NA
PRPO,PRPO.AOS.littoral1,2020,9,2020-09-01,14,14,0.44910714285714287,NA,0.5227142857142857,0.119625,19.282738095238095,15.498526719995604,1.4282986043848864,18.97,12.26,25,TRUE,1,0.0282,NA,0.2359,NA,2.47466666666667,NA,2.61833333333333,NA,0.0091,NA,0.1062,NA,0.1482,NA,27,8.925246670956035,0.8060325626734702,9.420370370370373,8.314814814814815,NA,NA,NA,NA,NA
PRPO,PRPO.AOS.littoral2,2020,9,2020-09-01,13,13,0.5361923076923077,NA,0.5876153846153847,0.12385714285714286,9.939102564102564,15.498526719995604,1.4282986043848864,18.97,12.26,25,TRUE,1,0.0282,NA,0.2359,NA,2.47466666666667,NA,2.61833333333333,NA,0.0091,NA,0.1062,NA,0.1482,NA,27,8.925246670956035,0.8060325626734702,9.420370370370373,8.314814814814815,NA,NA,NA,NA,NA
PRPO,PRPO.AOS.buoy.c0,2021,4,2021-04-01,8,8,0.3608125,NA,0.399375,0.125,21.06597222222222,NA,NA,NA,NA,NA,FALSE,1,0.0014,NA,0.0061,NA,2.305,NA,2.588,NA,0.0131,NA,0.1156,NA,0.1318,NA,NA,NA,NA,NA,NA,NA,NA,NA,NA,NA
PRPO,PRPO.AOS.littoral1,2021,4,2021-04-01,9,9,0.18994444444444444,NA,0.193,0.0835,6.9675925925925934,NA,NA,NA,NA,NA,FALSE,1,0.0014,NA,0.0061,NA,2.305,NA,2.588,NA,0.0131,NA,0.1156,NA,0.1318,NA,NA,NA,NA,NA,NA,NA,NA,NA,NA,NA
PRPO,PRPO.AOS.littoral2,2021,4,2021-04-01,9,9,0.4255,NA,0.4398888888888889,0.08666666666666667,6.875,NA,NA,NA,NA,NA,FALSE,1,0.0014,NA,0.0061,NA,2.305,NA,2.588,NA,0.0131,NA,0.1156,NA,0.1318,NA,NA,NA,NA,NA,NA,NA,NA,NA,NA,NA
PRPO,PRPO.AOS.buoy.c0,2021,7,2021-07-01,11,11,0.4626363636363636,NA,0.5454545454545454,0.08483333333333333,9.202020202020202,24.202519467577137,1.2307315304483075,28.83,21.06,31,TRUE,NA,NA,NA,NA,NA,NA,NA,NA,NA,NA,NA,NA,NA,NA,NA,31,7.072130669952379,1.114960471168146,8.568709677419355,5.019032258064516,NA,NA,NA,NA,NA
PRPO,PRPO.AOS.littoral1,2021,7,2021-07-01,9,9,0.6350555555555556,NA,0.7247777777777777,0.16575,18.18981481481482,24.202519467577137,1.2307315304483075,28.83,21.06,31,TRUE,NA,NA,NA,NA,NA,NA,NA,NA,NA,NA,NA,NA,NA,NA,NA,31,7.072130669952379,1.114960471168146,8.568709677419355,5.019032258064516,NA,NA,NA,NA,NA
PRPO,PRPO.AOS.littoral2,2021,7,2021-07-01,11,11,0.4923636363636364,NA,0.5204545454545455,0.0862,8.257575757575758,24.202519467577137,1.2307315304483075,28.83,21.06,31,TRUE,NA,NA,NA,NA,NA,NA,NA,NA,NA,NA,NA,NA,NA,NA,NA,31,7.072130669952379,1.114960471168146,8.568709677419355,5.019032258064516,NA,NA,NA,NA,NA
PRPO,PRPO.AOS.buoy.c0,2021,9,2021-09-01,5,5,0.68,NA,0.7,0.15000000000000002,30.250000000000004,17.14207147916881,1.8451732793933375,21.02,12.12,30,TRUE,1,0.0023,NA,0.0064,NA,2.967,NA,3.452,NA,0.0039,NA,0.0999,NA,0.1988,NA,30,8.298300956157268,0.5386627364249442,9.06,7.357666666666667,NA,NA,NA,NA,NA
PRPO,PRPO.AOS.littoral1,2021,9,2021-09-01,7,7,0.43,NA,0.4942857142857143,0.09,73.36309523809524,17.14207147916881,1.8451732793933375,21.02,12.12,30,TRUE,1,0.0023,NA,0.0064,NA,2.967,NA,3.452,NA,0.0039,NA,0.0999,NA,0.1988,NA,30,8.298300956157268,0.5386627364249442,9.06,7.357666666666667,NA,NA,NA,NA,NA
PRPO,PRPO.AOS.littoral2,2021,9,2021-09-01,4,4,0.625,NA,0.6749999999999999,0.15000000000000002,97.08333333333331,17.14207147916881,1.8451732793933375,21.02,12.12,30,TRUE,1,0.0023,NA,0.0064,NA,2.967,NA,3.452,NA,0.0039,NA,0.0999,NA,0.1988,NA,30,8.298300956157268,0.5386627364249442,9.06,7.357666666666667,NA,NA,NA,NA,NA
PRPO,PRPO.AOS.buoy.c0,2022,5,2022-05-01,5,5,0.426,NA,0.446,0.08666666666666667,1.7,13.120901265994751,3.6294141459821834,20.93,3.5,29,TRUE,1,0.0083,NA,0.007,NA,NA,NA,NA,NA,0.0075,NA,0.0559,NA,0.1311,NA,7,9.850530832271136,0.973321130709727,10.3,8.914285714285715,NA,NA,NA,NA,NA
PRPO,PRPO.AOS.littoral1,2022,5,2022-05-01,3,3,0.12,NA,0.12333333333333334,0.08333333333333334,8.083333333333334,13.120901265994751,3.6294141459821834,20.93,3.5,29,TRUE,1,0.0083,NA,0.007,NA,NA,NA,NA,NA,0.0075,NA,0.0559,NA,0.1311,NA,7,9.850530832271136,0.973321130709727,10.3,8.914285714285715,NA,NA,NA,NA,NA
PRPO,PRPO.AOS.littoral2,2022,5,2022-05-01,5,5,0.192,NA,0.192,0.07250000000000001,2.408333333333333,13.120901265994751,3.6294141459821834,20.93,3.5,29,TRUE,1,0.0083,NA,0.007,NA,NA,NA,NA,NA,0.0075,NA,0.0559,NA,0.1311,NA,7,9.850530832271136,0.973321130709727,10.3,8.914285714285715,NA,NA,NA,NA,NA
PRPO,PRPO.AOS.buoy.c0,2022,7,2022-07-01,6,6,0.8200000000000001,NA,0.8366666666666667,0.07,0.6180555555555556,24.192481596653938,1.6477288097295075,29.3,20.56,30,TRUE,3,0.00746666666666667,0,0.2484,0,2.49966666666667,0,2.847,0,0.00876666666666666,0,0.0814666666666667,0,0.121433333333333,0,30,8.025964883403386,1.963409068242901,9.390333333333334,6.087,NA,NA,NA,NA,NA
PRPO,PRPO.AOS.littoral1,2022,7,2022-07-01,8,8,0.5575,NA,0.5762499999999999,0.06333333333333334,1.015625,24.192481596653938,1.6477288097295075,29.3,20.56,30,TRUE,3,0.00746666666666667,0,0.2484,0,2.49966666666667,0,2.847,0,0.00876666666666666,0,0.0814666666666667,0,0.121433333333333,0,30,8.025964883403386,1.963409068242901,9.390333333333334,6.087,NA,NA,NA,NA,NA
PRPO,PRPO.AOS.littoral2,2022,7,2022-07-01,2,2,0.36,NA,0.36,0.05,0.9791666666666669,24.192481596653938,1.6477288097295075,29.3,20.56,30,TRUE,3,0.00746666666666667,0,0.2484,0,2.49966666666667,0,2.847,0,0.00876666666666666,0,0.0814666666666667,0,0.121433333333333,0,30,8.025964883403386,1.963409068242901,9.390333333333334,6.087,NA,NA,NA,NA,NA
PRPO,PRPO.AOS.buoy.c0,2022,9,2022-09-01,5,5,0.299,NA,0.34600000000000003,0.06666666666666667,5.783333333333333,17.157736979861003,2.798073307241254,22.67,12.26,30,TRUE,1,7e-4,NA,0.0043,NA,2.285,NA,2.722,NA,0.0033,NA,0.0417,NA,0.1056,NA,30,8.878418107498538,0.6487417457619149,9.573,8.061333333333334,NA,NA,NA,NA,NA
PRPO,PRPO.AOS.littoral1,2022,9,2022-09-01,6,6,0.4875,NA,0.5700000000000001,0.07,5.652777777777778,17.157736979861003,2.798073307241254,22.67,12.26,30,TRUE,1,7e-4,NA,0.0043,NA,2.285,NA,2.722,NA,0.0033,NA,0.0417,NA,0.1056,NA,30,8.878418107498538,0.6487417457619149,9.573,8.061333333333334,NA,NA,NA,NA,NA
PRPO,PRPO.AOS.littoral2,2022,9,2022-09-01,7,7,0.44857142857142857,NA,0.4642857142857143,0.075,4.952380952380952,17.157736979861003,2.798073307241254,22.67,12.26,30,TRUE,1,7e-4,NA,0.0043,NA,2.285,NA,2.722,NA,0.0033,NA,0.0417,NA,0.1056,NA,30,8.878418107498538,0.6487417457619149,9.573,8.061333333333334,NA,NA,NA,NA,NA
PRPO,PRPO.AOS.buoy.c1,2023,5,2023-05-01,7,7,0.3221428571428571,NA,0.3628571428571428,0.135,9.365079365079366,18.21250923864039,2.568634783771189,22.75,12.02,22,TRUE,1,0.0013,NA,0.0013,NA,1.26,NA,1.469,NA,8e-4,NA,0.0173,NA,0.0444,NA,20,9.736943710950689,1.48080405060115,10.42,8.869,NA,NA,NA,NA,NA
PRPO,PRPO.AOS.littoral1,2023,5,2023-05-01,6,6,0.3666666666666667,NA,0.38,0.06566666666666666,15,18.21250923864039,2.568634783771189,22.75,12.02,22,TRUE,1,0.0013,NA,0.0013,NA,1.26,NA,1.469,NA,8e-4,NA,0.0173,NA,0.0444,NA,20,9.736943710950689,1.48080405060115,10.42,8.869,NA,NA,NA,NA,NA
PRPO,PRPO.AOS.littoral2,2023,5,2023-05-01,6,6,0.26166666666666666,NA,0.3,0.075,4.868055555555555,18.21250923864039,2.568634783771189,22.75,12.02,22,TRUE,1,0.0013,NA,0.0013,NA,1.26,NA,1.469,NA,8e-4,NA,0.0173,NA,0.0444,NA,20,9.736943710950689,1.48080405060115,10.42,8.869,NA,NA,NA,NA,NA
PRPO,PRPO.AOS.buoy.c0,2023,7,2023-07-01,8,8,0.333125,NA,0.35625,0.0694,3,22.811989404488475,2.035128578725549,28.84,19.25,31,TRUE,NA,NA,NA,NA,NA,NA,NA,NA,NA,NA,NA,NA,NA,NA,NA,31,7.692819927538121,1.2177260304159931,8.97483870967742,5.787419354838709,NA,NA,NA,NA,NA
PRPO,PRPO.AOS.littoral1,2023,7,2023-07-01,6,6,0.25,NA,0.2833333333333333,0.066,5.5,22.811989404488475,2.035128578725549,28.84,19.25,31,TRUE,NA,NA,NA,NA,NA,NA,NA,NA,NA,NA,NA,NA,NA,NA,NA,31,7.692819927538121,1.2177260304159931,8.97483870967742,5.787419354838709,NA,NA,NA,NA,NA
PRPO,PRPO.AOS.littoral2,2023,7,2023-07-01,8,8,0.25875000000000004,NA,0.2725,0.06333333333333334,2.583333333333333,22.811989404488475,2.035128578725549,28.84,19.25,31,TRUE,NA,NA,NA,NA,NA,NA,NA,NA,NA,NA,NA,NA,NA,NA,NA,31,7.692819927538121,1.2177260304159931,8.97483870967742,5.787419354838709,NA,NA,NA,NA,NA
PRPO,PRPO.AOS.buoy.c0,2023,9,2023-09-01,4,4,0.43875,NA,0.535,0.06,10.840277777777777,18.63501418951419,2.1872023525679243,25.32,16.2,30,TRUE,3,0.0116666666666667,0,0.0133666666666667,0,2.015,0,2.02466666666667,0,0.0177,0,0.0856333333333333,0,0.0863666666666667,0,30,8.366252581473246,0.5355404033643423,9.219666666666669,7.384,NA,NA,NA,NA,NA
PRPO,PRPO.AOS.littoral1,2023,9,2023-09-01,11,11,0.1668181818181818,NA,0.1990909090909091,0.06375,22.064393939393945,18.63501418951419,2.1872023525679243,25.32,16.2,30,TRUE,3,0.0116666666666667,0,0.0133666666666667,0,2.015,0,2.02466666666667,0,0.0177,0,0.0856333333333333,0,0.0863666666666667,0,30,8.366252581473246,0.5355404033643423,9.219666666666669,7.384,NA,NA,NA,NA,NA
PRPO,PRPO.AOS.littoral2,2023,9,2023-09-01,7,7,0.2235714285714286,NA,0.31,0.058,7.065476190476191,18.63501418951419,2.1872023525679243,25.32,16.2,30,TRUE,3,0.0116666666666667,0,0.0133666666666667,0,2.015,0,2.02466666666667,0,0.0177,0,0.0856333333333333,0,0.0863666666666667,0,30,8.366252581473246,0.5355404033643423,9.219666666666669,7.384,NA,NA,NA,NA,NA
PRPO,PRPO.AOS.buoy.c0,2024,5,2024-05-01,4,4,0.36000000000000004,NA,0.44500000000000006,0.08499999999999999,38.53472222222222,13.64944988964225,2.800844770058197,19.98,7.36,30,TRUE,1,0.0046,NA,0.0317,NA,2.11,NA,2.71,NA,0.0068,NA,0.0428,NA,0.0812,NA,31,9.5869518172967,0.7375043829818568,9.973870967741936,9.089032258064517,NA,NA,NA,NA,NA
PRPO,PRPO.AOS.littoral1,2024,5,2024-05-01,5,5,0.305,NA,0.4,0.09,44.00000000000001,13.64944988964225,2.800844770058197,19.98,7.36,30,TRUE,1,0.0046,NA,0.0317,NA,2.11,NA,2.71,NA,0.0068,NA,0.0428,NA,0.0812,NA,31,9.5869518172967,0.7375043829818568,9.973870967741936,9.089032258064517,NA,NA,NA,NA,NA
PRPO,PRPO.AOS.littoral2,2024,5,2024-05-01,10,10,0.2465,NA,0.336,0.06875,5.35,13.64944988964225,2.800844770058197,19.98,7.36,30,TRUE,1,0.0046,NA,0.0317,NA,2.11,NA,2.71,NA,0.0068,NA,0.0428,NA,0.0812,NA,31,9.5869518172967,0.7375043829818568,9.973870967741936,9.089032258064517,NA,NA,NA,NA,NA
PRPO,PRPO.AOS.buoy.c0,2024,7,2024-07-01,6,6,0.21166666666666667,NA,0.2583333333333333,0.0675,25.925925925925927,23.996667176620395,2.5103604012486116,29.16,18.61,31,TRUE,3,0.00506666666666667,0,0.0173333333333333,0,1.79666666666667,0,2.19,0,0.00573333333333333,0,0.0333333333333333,0,0.0608,0,31,8.343511197027343,1.3117032920903533,9.453548387096774,6.866129032258065,NA,NA,NA,NA,NA
PRPO,PRPO.AOS.littoral1,2024,7,2024-07-01,4,4,0.3375,NA,0.4625,0.065,22.3125,23.996667176620395,2.5103604012486116,29.16,18.61,31,TRUE,3,0.00506666666666667,0,0.0173333333333333,0,1.79666666666667,0,2.19,0,0.00573333333333333,0,0.0333333333333333,0,0.0608,0,31,8.343511197027343,1.3117032920903533,9.453548387096774,6.866129032258065,NA,NA,NA,NA,NA
PRPO,PRPO.AOS.littoral2,2024,7,2024-07-01,9,9,0.28944444444444445,NA,0.3422222222222222,0.10714285714285716,32.52314814814815,23.996667176620395,2.5103604012486116,29.16,18.61,31,TRUE,3,0.00506666666666667,0,0.0173333333333333,0,1.79666666666667,0,2.19,0,0.00573333333333333,0,0.0333333333333333,0,0.0608,0,31,8.343511197027343,1.3117032920903533,9.453548387096774,6.866129032258065,NA,NA,NA,NA,NA
PRPO,PRPO.AOS.buoy.c0,2024,9,2024-09-01,4,4,0.4125,NA,0.5675,0.065,180.20833333333331,19.152106523915208,1.404370218212809,22.83,15.91,30,TRUE,1,0.0053,NA,0.0454,NA,1.88,NA,2.62,NA,0.0012,NA,0.0579,NA,0.0661,NA,30,8.024742656699832,0.4618660949370071,8.579333333333333,7.334666666666667,NA,NA,NA,NA,NA
PRPO,PRPO.AOS.littoral1,2024,9,2024-09-01,5,5,0.265,NA,0.346,0.065,78.95833333333333,19.152106523915208,1.404370218212809,22.83,15.91,30,TRUE,1,0.0053,NA,0.0454,NA,1.88,NA,2.62,NA,0.0012,NA,0.0579,NA,0.0661,NA,30,8.024742656699832,0.4618660949370071,8.579333333333333,7.334666666666667,NA,NA,NA,NA,NA
PRPO,PRPO.AOS.littoral2,2024,9,2024-09-01,5,5,0.383,NA,0.47,0.065,80.625,19.152106523915208,1.404370218212809,22.83,15.91,30,TRUE,1,0.0053,NA,0.0454,NA,1.88,NA,2.62,NA,0.0012,NA,0.0579,NA,0.0661,NA,30,8.024742656699832,0.4618660949370071,8.579333333333333,7.334666666666667,NA,NA,NA,NA,NA
SUGG,SUGG.AOS.buoy.c0,2014,7,2014-07-01,9,9,0.3507777777777778,NA,0.3973333333333333,NA,34.405092592592595,NA,NA,NA,NA,NA,FALSE,NA,NA,NA,NA,NA,NA,NA,NA,NA,NA,NA,NA,NA,NA,NA,NA,NA,NA,NA,NA,NA,NA,NA,NA,NA
SUGG,SUGG.AOS.littoral1,2014,7,2014-07-01,10,10,0.3189,NA,0.3589,NA,22.647222222222226,NA,NA,NA,NA,NA,FALSE,NA,NA,NA,NA,NA,NA,NA,NA,NA,NA,NA,NA,NA,NA,NA,NA,NA,NA,NA,NA,NA,NA,NA,NA,NA
SUGG,SUGG.AOS.littoral2,2014,7,2014-07-01,12,12,0.6422083333333334,NA,0.6719166666666666,NA,21.016203703703702,NA,NA,NA,NA,NA,FALSE,NA,NA,NA,NA,NA,NA,NA,NA,NA,NA,NA,NA,NA,NA,NA,NA,NA,NA,NA,NA,NA,NA,NA,NA,NA
SUGG,SUGG.AOS.buoy.c0,2015,2,2015-02-01,10,10,0.46875,NA,0.534375,NA,5.664583333333334,NA,NA,NA,NA,NA,FALSE,NA,NA,NA,NA,NA,NA,NA,NA,NA,NA,NA,NA,NA,NA,NA,NA,NA,NA,NA,NA,NA,NA,NA,NA,NA
SUGG,SUGG.AOS.littoral1,2015,2,2015-02-01,11,11,0.49245,NA,0.5937,NA,5.450757575757575,NA,NA,NA,NA,NA,FALSE,NA,NA,NA,NA,NA,NA,NA,NA,NA,NA,NA,NA,NA,NA,NA,NA,NA,NA,NA,NA,NA,NA,NA,NA,NA
SUGG,SUGG.AOS.littoral2,2015,2,2015-02-01,10,10,0.4604444444444444,NA,0.5097777777777778,NA,6.354166666666667,NA,NA,NA,NA,NA,FALSE,NA,NA,NA,NA,NA,NA,NA,NA,NA,NA,NA,NA,NA,NA,NA,NA,NA,NA,NA,NA,NA,NA,NA,NA,NA
SUGG,SUGG.AOS.buoy.c0,2017,6,2017-06-01,10,10,0.581,NA,0.693,NA,32.66666666666667,NA,NA,NA,NA,NA,FALSE,8,0.01149999999999998,0.00365148371670109,0.11374999999999988,0.04380938146974809,1.3455,0.09480204940521364,1.4251250000000013,0.1247054863802434,0.023625,0.01360606482418777,0.00444999999999999,0.00277780317448707,0.030875,0.01329272088668939,NA,NA,NA,NA,NA,NA,NA,NA,NA,NA
SUGG,SUGG.AOS.littoral1,2017,6,2017-06-01,13,13,0.4584615384615384,NA,0.5476923076923077,NA,6.057692307692308,NA,NA,NA,NA,NA,FALSE,8,0.01149999999999998,0.00365148371670109,0.11374999999999988,0.04380938146974809,1.3455,0.09480204940521364,1.4251250000000013,0.1247054863802434,0.023625,0.01360606482418777,0.00444999999999999,0.00277780317448707,0.030875,0.01329272088668939,NA,NA,NA,NA,NA,NA,NA,NA,NA,NA
SUGG,SUGG.AOS.littoral2,2017,6,2017-06-01,23,23,0.3367391304347826,NA,0.4047826086956522,NA,5.076086956521739,NA,NA,NA,NA,NA,FALSE,8,0.01149999999999998,0.00365148371670109,0.11374999999999988,0.04380938146974809,1.3455,0.09480204940521364,1.4251250000000013,0.1247054863802434,0.023625,0.01360606482418777,0.00444999999999999,0.00277780317448707,0.030875,0.01329272088668939,NA,NA,NA,NA,NA,NA,NA,NA,NA,NA
SUGG,SUGG.AOS.buoy.c0,2017,11,2017-11-01,9,9,0.5955555555555556,NA,0.7555555555555556,NA,8.24074074074074,20.31769010325984,1.7694767666429283,27.29,17.85,29,TRUE,3,0.02673333333333333,0.00415852537966685,0.5735333333333332,0.7771227208963416,3.5693333333333332,0.13548554658462036,3.5136666666666665,0.11314739649383598,0.07933333333333334,0.08927112261718978,0.129,0.001,0.13233333333333333,0.00152752523165194,NA,NA,NA,NA,NA,8,9.625e-4,8.034523721327321e-4,2e-4,0.0019
SUGG,SUGG.AOS.littoral1,2017,11,2017-11-01,12,12,0.4945833333333333,NA,0.6275000000000001,NA,6.388888888888889,20.31769010325984,1.7694767666429283,27.29,17.85,29,TRUE,3,0.02673333333333333,0.00415852537966685,0.5735333333333332,0.7771227208963416,3.5693333333333332,0.13548554658462036,3.5136666666666665,0.11314739649383598,0.07933333333333334,0.08927112261718978,0.129,0.001,0.13233333333333333,0.00152752523165194,NA,NA,NA,NA,NA,8,9.625e-4,8.034523721327321e-4,2e-4,0.0019
SUGG,SUGG.AOS.littoral2,2017,11,2017-11-01,11,11,0.5313636363636364,NA,0.6781818181818182,NA,5.9393939393939394,20.31769010325984,1.7694767666429283,27.29,17.85,29,TRUE,3,0.02673333333333333,0.00415852537966685,0.5735333333333332,0.7771227208963416,3.5693333333333332,0.13548554658462036,3.5136666666666665,0.11314739649383598,0.07933333333333334,0.08927112261718978,0.129,0.001,0.13233333333333333,0.00152752523165194,NA,NA,NA,NA,NA,8,9.625e-4,8.034523721327321e-4,2e-4,0.0019
SUGG,SUGG.AOS.buoy.c0,2018,2,2018-02-01,12,12,0.475,NA,0.5633333333333334,0.08,5.625,18.08444962093657,3.0525810220783214,24.04,13.61,17,TRUE,1,0.0456,NA,1.5211,NA,3.385,NA,3.633,NA,0.182,NA,0.005,NA,0.108,NA,14,5.491168245612577,1.3057324430583062,6.045714285714285,4.5528571428571425,8,0.00148749999999999,0.00109078936031271,0,0.003
SUGG,SUGG.AOS.littoral1,2018,2,2018-02-01,23,23,0.3968181818181818,NA,0.45045454545454544,0.08,1.0797101449275364,18.08444962093657,3.0525810220783214,24.04,13.61,17,TRUE,1,0.0456,NA,1.5211,NA,3.385,NA,3.633,NA,0.182,NA,0.005,NA,0.108,NA,14,5.491168245612577,1.3057324430583062,6.045714285714285,4.5528571428571425,8,0.00148749999999999,0.00109078936031271,0,0.003
SUGG,SUGG.AOS.littoral2,2018,2,2018-02-01,14,14,0.5407142857142857,NA,0.6407142857142857,NA,3.3928571428571432,18.08444962093657,3.0525810220783214,24.04,13.61,17,TRUE,1,0.0456,NA,1.5211,NA,3.385,NA,3.633,NA,0.182,NA,0.005,NA,0.108,NA,14,5.491168245612577,1.3057324430583062,6.045714285714285,4.5528571428571425,8,0.00148749999999999,0.00109078936031271,0,0.003
SUGG,SUGG.AOS.buoy.c0,2018,7,2018-07-01,6,6,0.7175,NA,0.92,NA,21.203703703703702,30.036299251492295,1.5134281644772836,35.63,26.51,21,TRUE,4,0.01267499999999997,0.00711666666666665,1.181275,0.10524999999999995,2.4652499999999975,0.09416666666666518,2.8082499999999975,0.04383333333333494,0.21225000000000024,0.04283333333333349,0.15499999999999975,0.0206666666666665,0.22650000000000023,0.0496666666666665,15,0.6926667742891688,0.46747572314396174,1.2753333333333334,0.32933333333333337,8,0.00225,0.00170377731610006,4e-4,0.0048
SUGG,SUGG.AOS.littoral1,2018,7,2018-07-01,9,9,0.5833333333333334,NA,0.7111111111111111,0.08,18,30.036299251492295,1.5134281644772836,35.63,26.51,21,TRUE,4,0.01267499999999997,0.00711666666666665,1.181275,0.10524999999999995,2.4652499999999975,0.09416666666666518,2.8082499999999975,0.04383333333333494,0.21225000000000024,0.04283333333333349,0.15499999999999975,0.0206666666666665,0.22650000000000023,0.0496666666666665,15,0.6926667742891688,0.46747572314396174,1.2753333333333334,0.32933333333333337,8,0.00225,0.00170377731610006,4e-4,0.0048
SUGG,SUGG.AOS.littoral2,2018,7,2018-07-01,9,9,0.5511111111111111,NA,0.6666666666666666,NA,3.611111111111111,30.036299251492295,1.5134281644772836,35.63,26.51,21,TRUE,4,0.01267499999999997,0.00711666666666665,1.181275,0.10524999999999995,2.4652499999999975,0.09416666666666518,2.8082499999999975,0.04383333333333494,0.21225000000000024,0.04283333333333349,0.15499999999999975,0.0206666666666665,0.22650000000000023,0.0496666666666665,15,0.6926667742891688,0.46747572314396174,1.2753333333333334,0.32933333333333337,8,0.00225,0.00170377731610006,4e-4,0.0048
SUGG,SUGG.AOS.buoy.c0,2018,10,2018-10-01,8,8,0.456875,NA,0.55,0.06,19.444444444444446,26.735434422766964,2.292654753539648,34.03,21.73,31,TRUE,1,0.0419,NA,1.5562,NA,1.904,NA,2.36,NA,0.288,NA,0.285,NA,0.3946,NA,31,2.908380494034117,1.1006540461203835,3.529677419354839,2.114516129032258,NA,NA,NA,NA,NA
SUGG,SUGG.AOS.littoral1,2018,10,2018-10-01,18,18,0.3525,NA,0.3894444444444444,0.065,4.319444444444445,26.735434422766964,2.292654753539648,34.03,21.73,31,TRUE,1,0.0419,NA,1.5562,NA,1.904,NA,2.36,NA,0.288,NA,0.285,NA,0.3946,NA,31,2.908380494034117,1.1006540461203835,3.529677419354839,2.114516129032258,NA,NA,NA,NA,NA
SUGG,SUGG.AOS.littoral2,2018,10,2018-10-01,8,8,0.521875,NA,0.645,0.06,25.78125,26.735434422766964,2.292654753539648,34.03,21.73,31,TRUE,1,0.0419,NA,1.5562,NA,1.904,NA,2.36,NA,0.288,NA,0.285,NA,0.3946,NA,31,2.908380494034117,1.1006540461203835,3.529677419354839,2.114516129032258,NA,NA,NA,NA,NA
SUGG,SUGG.AOS.buoy.c0,2019,2,2019-02-01,10,10,0.61875,NA,0.8049999999999999,0.067,1.5,19.753275922223835,2.8220540137768477,27.03,11.68,22,TRUE,1,NA,NA,1.42,NA,2.997,NA,3.34,NA,0.318,NA,0.1782,NA,0.1989,NA,22,5.665957578198596,0.58634485667851,6.205454545454545,4.951363636363636,8,0.0021,0.0017468338705866,0,0.0046
SUGG,SUGG.AOS.littoral1,2019,2,2019-02-01,10,10,0.6675,NA,0.8425,NA,1.9888888888888887,19.753275922223835,2.8220540137768477,27.03,11.68,22,TRUE,1,NA,NA,1.42,NA,2.997,NA,3.34,NA,0.318,NA,0.1782,NA,0.1989,NA,22,5.665957578198596,0.58634485667851,6.205454545454545,4.951363636363636,8,0.0021,0.0017468338705866,0,0.0046
SUGG,SUGG.AOS.littoral2,2019,2,2019-02-01,10,10,0.62125,NA,0.7625,0.075,5.779166666666667,19.753275922223835,2.8220540137768477,27.03,11.68,22,TRUE,1,NA,NA,1.42,NA,2.997,NA,3.34,NA,0.318,NA,0.1782,NA,0.1989,NA,22,5.665957578198596,0.58634485667851,6.205454545454545,4.951363636363636,8,0.0021,0.0017468338705866,0,0.0046
SUGG,SUGG.AOS.buoy.c0,2019,7,2019-07-01,12,12,0.5083333333333333,NA,0.59375,NA,17.291666666666664,30.939544335435613,1.135078999783601,35.86,27.86,28,TRUE,2,0.01355,0,1.16725,0,2.558,0,2.827,0,0.16345,0,0.17875,0,0.38605,0,22,2.6873269743302775,0.3610149319216597,3.6154545454545457,1.6131818181818185,8,0.0011375,8.534593470944338e-4,2e-4,0.0025
SUGG,SUGG.AOS.littoral1,2019,7,2019-07-01,19,19,0.34671052631578947,NA,0.39342105263157895,0.05,7.083333333333333,30.939544335435613,1.135078999783601,35.86,27.86,28,TRUE,2,0.01355,0,1.16725,0,2.558,0,2.827,0,0.16345,0,0.17875,0,0.38605,0,22,2.6873269743302775,0.3610149319216597,3.6154545454545457,1.6131818181818185,8,0.0011375,8.534593470944338e-4,2e-4,0.0025
SUGG,SUGG.AOS.littoral2,2019,7,2019-07-01,10,10,0.36625,NA,0.425,NA,18.1125,30.939544335435613,1.135078999783601,35.86,27.86,28,TRUE,2,0.01355,0,1.16725,0,2.558,0,2.827,0,0.16345,0,0.17875,0,0.38605,0,22,2.6873269743302775,0.3610149319216597,3.6154545454545457,1.6131818181818185,8,0.0011375,8.534593470944338e-4,2e-4,0.0025
SUGG,SUGG.AOS.buoy.c0,2019,10,2019-10-01,10,10,0.51375,NA,0.6325,0.06,12.666666666666666,26.643300828712512,1.2963396751541991,30.89,23.97,31,TRUE,2,0.0114,0,1.09195,0,2.429,0,2.627,0,0.1157,0,0.1019,0,0.2213,0,31,5.2034126821822,0.5540394513861309,5.544516129032258,4.655483870967742,NA,NA,NA,NA,NA
SUGG,SUGG.AOS.littoral1,2019,10,2019-10-01,11,11,0.4136363636363637,NA,0.5113636363636364,0.08,3.9204545454545454,26.643300828712512,1.2963396751541991,30.89,23.97,31,TRUE,2,0.0114,0,1.09195,0,2.429,0,2.627,0,0.1157,0,0.1019,0,0.2213,0,31,5.2034126821822,0.5540394513861309,5.544516129032258,4.655483870967742,NA,NA,NA,NA,NA
SUGG,SUGG.AOS.littoral2,2019,10,2019-10-01,10,10,0.49,NA,0.605,0.05,5.016666666666667,26.643300828712512,1.2963396751541991,30.89,23.97,31,TRUE,2,0.0114,0,1.09195,0,2.429,0,2.627,0,0.1157,0,0.1019,0,0.2213,0,31,5.2034126821822,0.5540394513861309,5.544516129032258,4.655483870967742,NA,NA,NA,NA,NA
SUGG,SUGG.AOS.buoy.c0,2020,2,2020-02-01,9,9,0.5944444444444444,NA,0.7527777777777778,NA,3.1018518518518516,16.74156158434232,1.636225279452676,20.7,13.98,19,TRUE,1,0.1008,NA,0.383,NA,1.815,NA,1.915,NA,0.0834,NA,0.123,NA,0.129,NA,17,6.963295521795403,0.5418931822988087,7.338823529411765,6.32,NA,NA,NA,NA,NA
SUGG,SUGG.AOS.littoral1,2020,2,2020-02-01,13,13,0.38846153846153847,NA,0.4692307692307692,0.075,1.689102564102564,16.74156158434232,1.636225279452676,20.7,13.98,19,TRUE,1,0.1008,NA,0.383,NA,1.815,NA,1.915,NA,0.0834,NA,0.123,NA,0.129,NA,17,6.963295521795403,0.5418931822988087,7.338823529411765,6.32,NA,NA,NA,NA,NA
SUGG,SUGG.AOS.littoral2,2020,2,2020-02-01,10,10,0.5825,NA,0.7475,NA,3.8666666666666663,16.74156158434232,1.636225279452676,20.7,13.98,19,TRUE,1,0.1008,NA,0.383,NA,1.815,NA,1.915,NA,0.0834,NA,0.123,NA,0.129,NA,17,6.963295521795403,0.5418931822988087,7.338823529411765,6.32,NA,NA,NA,NA,NA
SUGG,SUGG.AOS.buoy.c0,2020,7,2020-07-01,6,6,0.6166666666666667,NA,0.7916666666666666,NA,50.833333333333336,29.47940166054497,0.6446266014035328,31.75,28.13,10,TRUE,1,0.0128,NA,0.2678,NA,1.422,NA,1.563,NA,0.108,NA,0.1352,NA,0.1434,NA,30,4.196612911119047,0.3355373715738223,4.766,3.248666666666667,NA,NA,NA,NA,NA
SUGG,SUGG.AOS.littoral1,2020,7,2020-07-01,13,13,0.4721153846153846,NA,0.5153846153846154,NA,7.3076923076923075,29.47940166054497,0.6446266014035328,31.75,28.13,10,TRUE,1,0.0128,NA,0.2678,NA,1.422,NA,1.563,NA,0.108,NA,0.1352,NA,0.1434,NA,30,4.196612911119047,0.3355373715738223,4.766,3.248666666666667,NA,NA,NA,NA,NA
SUGG,SUGG.AOS.littoral2,2020,7,2020-07-01,15,15,0.33666666666666667,NA,0.4083333333333333,NA,1.6583333333333334,29.47940166054497,0.6446266014035328,31.75,28.13,10,TRUE,1,0.0128,NA,0.2678,NA,1.422,NA,1.563,NA,0.108,NA,0.1352,NA,0.1434,NA,30,4.196612911119047,0.3355373715738223,4.766,3.248666666666667,NA,NA,NA,NA,NA
SUGG,SUGG.AOS.buoy.c0,2020,10,2020-10-01,11,11,0.509090909090909,NA,0.615909090909091,NA,5.753787878787879,25.618595682316226,0.9495333948821,27.96,23.47,31,TRUE,NA,NA,NA,NA,NA,NA,NA,NA,NA,NA,NA,NA,NA,NA,NA,30,5.2787064722450365,0.324672731151454,5.689,4.572666666666667,NA,NA,NA,NA,NA
SUGG,SUGG.AOS.littoral1,2020,10,2020-10-01,12,12,0.4458333333333333,NA,0.5541666666666667,0.05,2.1145833333333335,25.618595682316226,0.9495333948821,27.96,23.47,31,TRUE,NA,NA,NA,NA,NA,NA,NA,NA,NA,NA,NA,NA,NA,NA,NA,30,5.2787064722450365,0.324672731151454,5.689,4.572666666666667,NA,NA,NA,NA,NA
SUGG,SUGG.AOS.littoral2,2020,10,2020-10-01,12,12,0.40625,NA,0.47708333333333336,NA,5.798611111111111,25.618595682316226,0.9495333948821,27.96,23.47,31,TRUE,NA,NA,NA,NA,NA,NA,NA,NA,NA,NA,NA,NA,NA,NA,NA,30,5.2787064722450365,0.324672731151454,5.689,4.572666666666667,NA,NA,NA,NA,NA
SUGG,SUGG.AOS.buoy.c1,2021,2,2021-02-01,9,9,0.6083333333333333,NA,0.7583333333333333,NA,15.34722222222222,NA,NA,NA,NA,NA,FALSE,NA,NA,NA,NA,NA,NA,NA,NA,NA,NA,NA,NA,NA,NA,NA,28,8.004006450868562,0.776119321818972,8.252142857142857,7.6075,NA,NA,NA,NA,NA
SUGG,SUGG.AOS.littoral1,2021,2,2021-02-01,13,13,0.4673076923076923,NA,0.5826923076923077,0.07150000000000001,2.483974358974359,NA,NA,NA,NA,NA,FALSE,NA,NA,NA,NA,NA,NA,NA,NA,NA,NA,NA,NA,NA,NA,NA,28,8.004006450868562,0.776119321818972,8.252142857142857,7.6075,NA,NA,NA,NA,NA
SUGG,SUGG.AOS.littoral2,2021,2,2021-02-01,13,13,0.4817307692307693,NA,0.5711538461538461,NA,6.288461538461538,NA,NA,NA,NA,NA,FALSE,NA,NA,NA,NA,NA,NA,NA,NA,NA,NA,NA,NA,NA,NA,NA,28,8.004006450868562,0.776119321818972,8.252142857142857,7.6075,NA,NA,NA,NA,NA
SUGG,SUGG.AOS.buoy.c0,2021,6,2021-06-01,9,9,0.5361111111111111,NA,0.6555555555555556,0.1,49.07407407407407,28.963751927473822,1.079808350933911,33.55,26.48,30,TRUE,1,0.0031,NA,0.0237,NA,1.025,NA,1.162,NA,0.0433,NA,0.0988,NA,0.0301,NA,30,5.603310006702887,0.3716237004146464,6.0906666666666665,4.816333333333334,NA,NA,NA,NA,NA
SUGG,SUGG.AOS.littoral1,2021,6,2021-06-01,10,10,0.505,NA,0.5925,NA,108.66666666666666,28.963751927473822,1.079808350933911,33.55,26.48,30,TRUE,1,0.0031,NA,0.0237,NA,1.025,NA,1.162,NA,0.0433,NA,0.0988,NA,0.0301,NA,30,5.603310006702887,0.3716237004146464,6.0906666666666665,4.816333333333334,NA,NA,NA,NA,NA
SUGG,SUGG.AOS.littoral2,2021,6,2021-06-01,10,10,0.4525,NA,0.54,0.069,25.749999999999993,28.963751927473822,1.079808350933911,33.55,26.48,30,TRUE,1,0.0031,NA,0.0237,NA,1.025,NA,1.162,NA,0.0433,NA,0.0988,NA,0.0301,NA,30,5.603310006702887,0.3716237004146464,6.0906666666666665,4.816333333333334,NA,NA,NA,NA,NA
SUGG,SUGG.AOS.buoy.c0,2022,2,2022-02-01,11,11,0.5727272727272728,NA,0.6863636363636364,0.06666666666666667,1.6388888888888888,17.424765264937037,3.4139603241813883,26.26,11.34,28,TRUE,3,0.0304666666666667,0,0.0184666666666667,0,0.899066666666667,0,1.06933333333333,0,0.0196333333333333,0,0.0592666666666667,0,0.0511666666666667,0,28,8.51502986656972,0.6282486438830042,8.815357142857144,8.055,NA,NA,NA,NA,NA
SUGG,SUGG.AOS.littoral1,2022,2,2022-02-01,12,12,0.5066666666666667,NA,0.5983333333333334,0.1,0.7569444444444444,17.424765264937037,3.4139603241813883,26.26,11.34,28,TRUE,3,0.0304666666666667,0,0.0184666666666667,0,0.899066666666667,0,1.06933333333333,0,0.0196333333333333,0,0.0592666666666667,0,0.0511666666666667,0,28,8.51502986656972,0.6282486438830042,8.815357142857144,8.055,NA,NA,NA,NA,NA
SUGG,SUGG.AOS.littoral2,2022,2,2022-02-01,8,8,0.74375,NA,0.8375,0.05,7.1875,17.424765264937037,3.4139603241813883,26.26,11.34,28,TRUE,3,0.0304666666666667,0,0.0184666666666667,0,0.899066666666667,0,1.06933333333333,0,0.0196333333333333,0,0.0592666666666667,0,0.0511666666666667,0,28,8.51502986656972,0.6282486438830042,8.815357142857144,8.055,NA,NA,NA,NA,NA
SUGG,SUGG.AOS.buoy.c1,2022,7,2022-07-01,8,8,0.58125,NA,0.6875,0.05,42.34375,31.353551906555182,0.8529353964712383,35.9,29.12,31,TRUE,NA,NA,NA,NA,NA,NA,NA,NA,NA,NA,NA,NA,NA,NA,NA,31,5.248075309884791,0.613783836326268,6.204516129032258,4.106774193548387,NA,NA,NA,NA,NA
SUGG,SUGG.AOS.littoral1,2022,7,2022-07-01,7,7,0.4285714285714286,NA,0.5357142857142857,0.065,33.33333333333333,31.353551906555182,0.8529353964712383,35.9,29.12,31,TRUE,NA,NA,NA,NA,NA,NA,NA,NA,NA,NA,NA,NA,NA,NA,NA,31,5.248075309884791,0.613783836326268,6.204516129032258,4.106774193548387,NA,NA,NA,NA,NA
SUGG,SUGG.AOS.littoral2,2022,7,2022-07-01,6,6,0.6583333333333333,NA,0.75,0.05,73.95833333333334,31.353551906555182,0.8529353964712383,35.9,29.12,31,TRUE,NA,NA,NA,NA,NA,NA,NA,NA,NA,NA,NA,NA,NA,NA,NA,31,5.248075309884791,0.613783836326268,6.204516129032258,4.106774193548387,NA,NA,NA,NA,NA
SUGG,SUGG.AOS.buoy.c0,2022,10,2022-10-01,7,7,0.7071428571428572,NA,0.8428571428571429,0.05,6.686507936507937,24.135007918484828,1.7293441190514396,29.2,19.88,31,TRUE,2,0.01085,0.0053033008588991,0.0625,0.01414213562373094,0.92685,0.01039446968344228,0.9959,0.00721248916810269,0.0046,0.00127279220613578,0.02385,0.00190918830920367,0.03465,7.77817459305205e-4,31,5.939707084598507,0.5595992333307274,6.370322580645161,5.205483870967742,NA,NA,NA,NA,NA
SUGG,SUGG.AOS.littoral1,2022,10,2022-10-01,12,12,0.5183333333333333,NA,0.635,0.0825,4.253472222222222,24.135007918484828,1.7293441190514396,29.2,19.88,31,TRUE,2,0.01085,0.0053033008588991,0.0625,0.01414213562373094,0.92685,0.01039446968344228,0.9959,0.00721248916810269,0.0046,0.00127279220613578,0.02385,0.00190918830920367,0.03465,7.77817459305205e-4,31,5.939707084598507,0.5595992333307274,6.370322580645161,5.205483870967742,NA,NA,NA,NA,NA
SUGG,SUGG.AOS.littoral2,2022,10,2022-10-01,9,9,0.6111111111111112,NA,0.7666666666666666,0.05,3.4027777777777777,24.135007918484828,1.7293441190514396,29.2,19.88,31,TRUE,2,0.01085,0.0053033008588991,0.0625,0.01414213562373094,0.92685,0.01039446968344228,0.9959,0.00721248916810269,0.0046,0.00127279220613578,0.02385,0.00190918830920367,0.03465,7.77817459305205e-4,31,5.939707084598507,0.5595992333307274,6.370322580645161,5.205483870967742,NA,NA,NA,NA,NA
SUGG,SUGG.AOS.buoy.c1,2023,2,2023-02-01,15,15,0.5033333333333333,NA,0.6146666666666667,0.0674,3.388888888888889,20.2396745100986,2.092605211738841,27.36,10.56,28,TRUE,1,0.0173,NA,0.0239,NA,0.8545,NA,0.8752,NA,0.0064,NA,0.0266,NA,0.0327,NA,6,7.345056546398799,0.41803411350436986,7.638333333333334,6.961666666666667,NA,NA,NA,NA,NA
SUGG,SUGG.AOS.littoral1,2023,2,2023-02-01,8,8,0.625,NA,0.7625,0.065,8.75,20.2396745100986,2.092605211738841,27.36,10.56,28,TRUE,1,0.0173,NA,0.0239,NA,0.8545,NA,0.8752,NA,0.0064,NA,0.0266,NA,0.0327,NA,6,7.345056546398799,0.41803411350436986,7.638333333333334,6.961666666666667,NA,NA,NA,NA,NA
SUGG,SUGG.AOS.littoral2,2023,2,2023-02-01,11,11,0.5336363636363637,NA,0.6336363636363637,0.08333333333333334,3.8409090909090913,20.2396745100986,2.092605211738841,27.36,10.56,28,TRUE,1,0.0173,NA,0.0239,NA,0.8545,NA,0.8752,NA,0.0064,NA,0.0266,NA,0.0327,NA,6,7.345056546398799,0.41803411350436986,7.638333333333334,6.961666666666667,NA,NA,NA,NA,NA
SUGG,SUGG.AOS.buoy.c0,2023,6,2023-06-01,7,7,0.7071428571428572,NA,0.8285714285714285,0.05,6.031746031746032,29.115324526512765,1.4870556016829592,34.4,26.34,30,TRUE,1,0.0041,NA,0.0098,NA,0.7727,NA,0.9284,NA,6e-4,NA,0.0166,NA,0.0387,NA,29,6.369715153233164,0.2755910467332418,6.749655172413793,5.818965517241379,NA,NA,NA,NA,NA
SUGG,SUGG.AOS.littoral1,2023,6,2023-06-01,9,9,0.4444444444444444,NA,0.5066666666666667,0.06375,3.791666666666667,29.115324526512765,1.4870556016829592,34.4,26.34,30,TRUE,1,0.0041,NA,0.0098,NA,0.7727,NA,0.9284,NA,6e-4,NA,0.0166,NA,0.0387,NA,29,6.369715153233164,0.2755910467332418,6.749655172413793,5.818965517241379,NA,NA,NA,NA,NA
SUGG,SUGG.AOS.littoral2,2023,6,2023-06-01,14,14,0.3007142857142857,NA,0.32857142857142857,0.07777777777777778,0.5029761904761905,29.115324526512765,1.4870556016829592,34.4,26.34,30,TRUE,1,0.0041,NA,0.0098,NA,0.7727,NA,0.9284,NA,6e-4,NA,0.0166,NA,0.0387,NA,29,6.369715153233164,0.2755910467332418,6.749655172413793,5.818965517241379,NA,NA,NA,NA,NA
SUGG,SUGG.AOS.buoy.c0,2023,10,2023-10-01,8,8,0.425625,NA,0.55625,0.13,19.96527777777778,24.753568096986783,1.4449350615359031,29.94,21.9,31,TRUE,1,0.0098,NA,0.0562,NA,0.8473,NA,0.897,NA,0.0048,NA,0.0181,NA,0.0388,NA,31,1.247595460035677,0.7512520764160938,6.193870967741935,0,NA,NA,NA,NA,NA
SUGG,SUGG.AOS.littoral1,2023,10,2023-10-01,12,12,0.26708333333333334,NA,0.35583333333333333,0.075,2.4895833333333335,24.753568096986783,1.4449350615359031,29.94,21.9,31,TRUE,1,0.0098,NA,0.0562,NA,0.8473,NA,0.897,NA,0.0048,NA,0.0181,NA,0.0388,NA,31,1.247595460035677,0.7512520764160938,6.193870967741935,0,NA,NA,NA,NA,NA
SUGG,SUGG.AOS.littoral2,2023,10,2023-10-01,10,10,0.6385,NA,0.724,0.07333333333333333,16.57916666666667,24.753568096986783,1.4449350615359031,29.94,21.9,31,TRUE,1,0.0098,NA,0.0562,NA,0.8473,NA,0.897,NA,0.0048,NA,0.0181,NA,0.0388,NA,31,1.247595460035677,0.7512520764160938,6.193870967741935,0,NA,NA,NA,NA,NA
SUGG,SUGG.AOS.buoy.c0,2024,2,2024-02-01,6,6,0.42166666666666663,NA,0.5816666666666667,0.055,12.444444444444445,16.964006186408465,1.0328817013753688,20.07,14.64,26,TRUE,1,0.0198,NA,0.0586,NA,0.95,NA,0.98,NA,0.0023,NA,0.0168,NA,0.0215,NA,NA,NA,NA,NA,NA,NA,NA,NA,NA,NA
SUGG,SUGG.AOS.littoral1,2024,2,2024-02-01,8,8,0.42375,NA,0.5549999999999999,0.08,4.817708333333333,16.964006186408465,1.0328817013753688,20.07,14.64,26,TRUE,1,0.0198,NA,0.0586,NA,0.95,NA,0.98,NA,0.0023,NA,0.0168,NA,0.0215,NA,NA,NA,NA,NA,NA,NA,NA,NA,NA,NA
SUGG,SUGG.AOS.littoral2,2024,2,2024-02-01,12,12,0.29708333333333337,NA,0.425,0.06857142857142857,1.6111111111111112,16.964006186408465,1.0328817013753688,20.07,14.64,26,TRUE,1,0.0198,NA,0.0586,NA,0.95,NA,0.98,NA,0.0023,NA,0.0168,NA,0.0215,NA,NA,NA,NA,NA,NA,NA,NA,NA,NA,NA
SUGG,SUGG.AOS.buoy.c0,2024,7,2024-07-01,5,5,0.546,NA,0.816,0.05,25.566666666666663,31.4673103119266,0.6070589981847558,35.75,28.98,31,TRUE,1,0.0027,NA,0.0116,NA,0.9,NA,1.04,NA,0.001,NA,0.016,NA,0.0237,NA,31,5.776844370411494,0.3243294364060549,6.42516129032258,5.009032258064516,NA,NA,NA,NA,NA
SUGG,SUGG.AOS.littoral1,2024,7,2024-07-01,5,5,0.52,NA,0.734,0.05,2.6833333333333336,31.4673103119266,0.6070589981847558,35.75,28.98,31,TRUE,1,0.0027,NA,0.0116,NA,0.9,NA,1.04,NA,0.001,NA,0.016,NA,0.0237,NA,31,5.776844370411494,0.3243294364060549,6.42516129032258,5.009032258064516,NA,NA,NA,NA,NA
SUGG,SUGG.AOS.littoral2,2024,7,2024-07-01,9,9,0.39666666666666667,NA,0.4955555555555556,0.07333333333333333,2.523148148148148,31.4673103119266,0.6070589981847558,35.75,28.98,31,TRUE,1,0.0027,NA,0.0116,NA,0.9,NA,1.04,NA,0.001,NA,0.016,NA,0.0237,NA,31,5.776844370411494,0.3243294364060549,6.42516129032258,5.009032258064516,NA,NA,NA,NA,NA
SUGG,SUGG.AOS.buoy.c0,2024,10,2024-10-01,8,8,0.603125,NA,0.7575,NA,7.868055555555555,25.086798786612594,2.5281503632048663,32.1,20.91,31,TRUE,2,0.01364999999999999,0.0082731493398826,0.0605,0.02008183258569795,0.945,0.04949747468305829,1,0.04242640687119289,0.0036,0.00169705627484771,0.01585,0.00318198051533946,0.02414999999999999,0.00332340187157677,30,6.237681970984385,0.8349337238242264,6.659666666666666,5.621666666666667,NA,NA,NA,NA,NA
SUGG,SUGG.AOS.littoral1,2024,10,2024-10-01,9,9,0.47111111111111115,NA,0.6377777777777778,0.06,8.253086419753085,25.086798786612594,2.5281503632048663,32.1,20.91,31,TRUE,2,0.01364999999999999,0.0082731493398826,0.0605,0.02008183258569795,0.945,0.04949747468305829,1,0.04242640687119289,0.0036,0.00169705627484771,0.01585,0.00318198051533946,0.02414999999999999,0.00332340187157677,30,6.237681970984385,0.8349337238242264,6.659666666666666,5.621666666666667,NA,NA,NA,NA,NA
SUGG,SUGG.AOS.littoral2,2024,10,2024-10-01,8,8,0.564375,NA,0.68875,0.12,2.8958333333333335,25.086798786612594,2.5281503632048663,32.1,20.91,31,TRUE,2,0.01364999999999999,0.0082731493398826,0.0605,0.02008183258569795,0.945,0.04949747468305829,1,0.04242640687119289,0.0036,0.00169705627484771,0.01585,0.00318198051533946,0.02414999999999999,0.00332340187157677,30,6.237681970984385,0.8349337238242264,6.659666666666666,5.621666666666667,NA,NA,NA,NA,NA
TOOK,TOOK.AOS.buoy.c0,2017,6,2017-06-01,10,10,0.4290000000000001,NA,0.496,0.07500000000000001,1.0073761854583774,NA,NA,NA,NA,NA,FALSE,5,0.0306,0.03651438072869373,0.0574,0.02006987792688335,0.18534,0.01906693473005034,0.21972,0.03231945234684524,0.035,0.01677796173556251,0.00636,0.00356693145434559,0.01452,0.00705350976464908,NA,NA,NA,NA,NA,7,0.00257142857142857,0.00222539456105674,0,0.006
TOOK,TOOK.AOS.littoral2,2017,6,2017-06-01,11,11,0.4259090909090909,NA,0.4736363636363636,0.09,0.5252525252525253,NA,NA,NA,NA,NA,FALSE,5,0.0306,0.03651438072869373,0.0574,0.02006987792688335,0.18534,0.01906693473005034,0.21972,0.03231945234684524,0.035,0.01677796173556251,0.00636,0.00356693145434559,0.01452,0.00705350976464908,NA,NA,NA,NA,NA,7,0.00257142857142857,0.00222539456105674,0,0.006
TOOK,TOOK.AOS.littoral3,2017,6,2017-06-01,12,12,0.48333333333333334,NA,0.55,0.08499999999999999,0.5520833333333333,NA,NA,NA,NA,NA,FALSE,5,0.0306,0.03651438072869373,0.0574,0.02006987792688335,0.18534,0.01906693473005034,0.21972,0.03231945234684524,0.035,0.01677796173556251,0.00636,0.00356693145434559,0.01452,0.00705350976464908,NA,NA,NA,NA,NA,7,0.00257142857142857,0.00222539456105674,0,0.006
TOOK,TOOK.AOS.buoy.c0,2017,7,2017-07-01,8,8,0.92375,NA,0.985,0.05,1.529199711607787,NA,NA,NA,NA,NA,FALSE,4,0.05766666666666666,0.05885858759206963,0.07975,0.0057373048260195,0.19525,0.03884203049961901,0.24166666666666664,0.03221836950147126,0.04375,0.00125830573921178,0.0045,0.00460217339960154,0.00765,0.0047,NA,NA,NA,NA,NA,8,8.125e-4,5.566160513059505e-4,0,0.0017
TOOK,TOOK.AOS.littoral2,2017,7,2017-07-01,8,8,0.486875,NA,0.5375,0.05,0.6197916666666667,NA,NA,NA,NA,NA,FALSE,4,0.05766666666666666,0.05885858759206963,0.07975,0.0057373048260195,0.19525,0.03884203049961901,0.24166666666666664,0.03221836950147126,0.04375,0.00125830573921178,0.0045,0.00460217339960154,0.00765,0.0047,NA,NA,NA,NA,NA,8,8.125e-4,5.566160513059505e-4,0,0.0017
TOOK,TOOK.AOS.littoral3,2017,7,2017-07-01,12,12,0.47,NA,0.5125,0.115,0.2604166666666667,NA,NA,NA,NA,NA,FALSE,4,0.05766666666666666,0.05885858759206963,0.07975,0.0057373048260195,0.19525,0.03884203049961901,0.24166666666666664,0.03221836950147126,0.04375,0.00125830573921178,0.0045,0.00460217339960154,0.00765,0.0047,NA,NA,NA,NA,NA,8,8.125e-4,5.566160513059505e-4,0,0.0017
TOOK,TOOK.AOS.buoy.c0,2017,9,2017-09-01,7,7,0.5078571428571429,NA,0.5528571428571428,0.05,0.8734164177567205,NA,NA,NA,NA,NA,FALSE,3,0.03546666666666667,0.01285858986566308,0.0129,0.01180127111797708,0.12246666666666668,0.02389818682104007,0.12583333333333332,0.00228983259941274,0.023,0.001,0.0024,8e-4,0.00566666666666666,0.00208166599946613,NA,NA,NA,NA,NA,8,5e-4,6.845227743263394e-4,0,0.0018
TOOK,TOOK.AOS.littoral2,2017,9,2017-09-01,6,6,0.5575,NA,0.605,NA,0.6041666666666666,NA,NA,NA,NA,NA,FALSE,3,0.03546666666666667,0.01285858986566308,0.0129,0.01180127111797708,0.12246666666666668,0.02389818682104007,0.12583333333333332,0.00228983259941274,0.023,0.001,0.0024,8e-4,0.00566666666666666,0.00208166599946613,NA,NA,NA,NA,NA,8,5e-4,6.845227743263394e-4,0,0.0018
TOOK,TOOK.AOS.littoral3,2017,9,2017-09-01,6,6,0.567,NA,0.592,NA,0.07638888888888888,NA,NA,NA,NA,NA,FALSE,3,0.03546666666666667,0.01285858986566308,0.0129,0.01180127111797708,0.12246666666666668,0.02389818682104007,0.12583333333333332,0.00228983259941274,0.023,0.001,0.0024,8e-4,0.00566666666666666,0.00208166599946613,NA,NA,NA,NA,NA,8,5e-4,6.845227743263394e-4,0,0.0018
TOOK,TOOK.AOS.buoy.c0,2018,6,2018-06-01,8,8,0.35062499999999996,NA,0.43,0.095,0.6371665465032444,NA,NA,NA,NA,NA,FALSE,3,0.0193,0.01392695228684294,0.01673333333333333,0.01519681984276096,0.1197,0.04471140794025614,0.1771,0.09924671279191064,0.011,0.002,5e-4,0,0.03283333333333333,0.03004036173772435,NA,NA,NA,NA,NA,7,6.714285714285714e-4,4.715728494951256e-4,2e-4,0.0015
TOOK,TOOK.AOS.littoral2,2018,6,2018-06-01,10,10,0.4545,NA,0.484,0.105,0.6666666666666666,NA,NA,NA,NA,NA,FALSE,3,0.0193,0.01392695228684294,0.01673333333333333,0.01519681984276096,0.1197,0.04471140794025614,0.1771,0.09924671279191064,0.011,0.002,5e-4,0,0.03283333333333333,0.03004036173772435,NA,NA,NA,NA,NA,7,6.714285714285714e-4,4.715728494951256e-4,2e-4,0.0015
TOOK,TOOK.AOS.littoral3,2018,6,2018-06-01,15,15,0.3626666666666667,NA,0.416,0.11,0.6037037037037037,NA,NA,NA,NA,NA,FALSE,3,0.0193,0.01392695228684294,0.01673333333333333,0.01519681984276096,0.1197,0.04471140794025614,0.1771,0.09924671279191064,0.011,0.002,5e-4,0,0.03283333333333333,0.03004036173772435,NA,NA,NA,NA,NA,7,6.714285714285714e-4,4.715728494951256e-4,2e-4,0.0015
TOOK,TOOK.AOS.buoy.c0,2018,8,2018-08-01,11,11,0.760909090909091,NA,0.8145454545454546,0.065,2.7872451989250835,NA,NA,NA,NA,NA,FALSE,4,0.02315,0.01541871157609048,0.027325,0.01384663015562511,0.18225,0.0298267776782318,0.18855,0.025450933185248822,0.2875,0.553,0.00305,0.00210158670215308,0.009,0.0054772255750516604,NA,NA,NA,NA,NA,8,0.0014,0.00111739492954435,0,0.0031
TOOK,TOOK.AOS.littoral2,2018,8,2018-08-01,6,6,0.9166666666666666,NA,0.9266666666666666,0.08,34.201388888888886,NA,NA,NA,NA,NA,FALSE,4,0.02315,0.01541871157609048,0.027325,0.01384663015562511,0.18225,0.0298267776782318,0.18855,0.025450933185248822,0.2875,0.553,0.00305,0.00210158670215308,0.009,0.0054772255750516604,NA,NA,NA,NA,NA,8,0.0014,0.00111739492954435,0,0.0031
TOOK,TOOK.AOS.littoral3,2018,8,2018-08-01,7,7,0.5228571428571428,NA,0.54,0.065,13.160714285714285,NA,NA,NA,NA,NA,FALSE,4,0.02315,0.01541871157609048,0.027325,0.01384663015562511,0.18225,0.0298267776782318,0.18855,0.025450933185248822,0.2875,0.553,0.00305,0.00210158670215308,0.009,0.0054772255750516604,NA,NA,NA,NA,NA,8,0.0014,0.00111739492954435,0,0.0031
TOOK,TOOK.AOS.buoy.c0,2018,9,2018-09-01,9,9,0.505,NA,0.5766666666666667,0.05,1.2032580525731211,NA,NA,NA,NA,NA,FALSE,3,0.0364,0.01734935157289747,0.02346666666666666,0.01675390501743797,0.09783333333333334,0.03440411797057633,0.09233333333333332,0.05024065418894675,0.06666666666666667,0.08862467677421078,0.0025,0.00346410161513775,0.00466666666666666,0.00404145188432738,NA,NA,NA,NA,NA,8,0.0017625,0.00143620283088029,3e-4,0.0043
TOOK,TOOK.AOS.littoral2,2018,9,2018-09-01,12,12,0.7204166666666667,NA,0.7516666666666667,0.065,0.6076388888888888,NA,NA,NA,NA,NA,FALSE,3,0.0364,0.01734935157289747,0.02346666666666666,0.01675390501743797,0.09783333333333334,0.03440411797057633,0.09233333333333332,0.05024065418894675,0.06666666666666667,0.08862467677421078,0.0025,0.00346410161513775,0.00466666666666666,0.00404145188432738,NA,NA,NA,NA,NA,8,0.0017625,0.00143620283088029,3e-4,0.0043
TOOK,TOOK.AOS.littoral3,2018,9,2018-09-01,6,6,0.315,NA,0.35333333333333333,NA,0.4097222222222222,NA,NA,NA,NA,NA,FALSE,3,0.0364,0.01734935157289747,0.02346666666666666,0.01675390501743797,0.09783333333333334,0.03440411797057633,0.09233333333333332,0.05024065418894675,0.06666666666666667,0.08862467677421078,0.0025,0.00346410161513775,0.00466666666666666,0.00404145188432738,NA,NA,NA,NA,NA,8,0.0017625,0.00143620283088029,3e-4,0.0043
TOOK,TOOK.AOS.buoy.c1,2019,6,2019-06-01,13,13,0.829076923076923,NA,0.9677692307692308,0.09042857142857144,1.7735311707914447,NA,NA,NA,NA,NA,FALSE,6,0.0121,NA,0.06046666666666667,0.01392532465211015,0.20678333333333332,0.0232629677097886,0.22528333333333336,0.01242504191810501,0.03616666666666666,0.00292688685580202,0.00355,0.00338570524411089,0.1754,0.08142218370935528,NA,NA,NA,NA,NA,8,0.001175,7.440238091428449e-4,3e-4,0.0024
TOOK,TOOK.AOS.littoral2,2019,6,2019-06-01,10,10,0.5822,NA,0.6412,0.0716,4.305555555555555,NA,NA,NA,NA,NA,FALSE,6,0.0121,NA,0.06046666666666667,0.01392532465211015,0.20678333333333332,0.0232629677097886,0.22528333333333336,0.01242504191810501,0.03616666666666666,0.00292688685580202,0.00355,0.00338570524411089,0.1754,0.08142218370935528,NA,NA,NA,NA,NA,8,0.001175,7.440238091428449e-4,3e-4,0.0024
TOOK,TOOK.AOS.littoral3,2019,6,2019-06-01,10,10,0.5780000000000001,NA,0.6752,0.1002,0.3166666666666667,NA,NA,NA,NA,NA,FALSE,6,0.0121,NA,0.06046666666666667,0.01392532465211015,0.20678333333333332,0.0232629677097886,0.22528333333333336,0.01242504191810501,0.03616666666666666,0.00292688685580202,0.00355,0.00338570524411089,0.1754,0.08142218370935528,NA,NA,NA,NA,NA,8,0.001175,7.440238091428449e-4,3e-4,0.0024
TOOK,TOOK.AOS.buoy.c1,2019,7,2019-07-01,5,5,0.8506,NA,1.0696,0.065,1.035328046142754,16.16250714285714,0.8666598650472205,17.51,15.03,5,TRUE,8,0.018775,0.01556142207970907,0.0254875,0.00456999140355552,0.19565,0.02380990190175988,0.2236,0.01870874509038869,0.017,0,0.0094375,0.00434714602600701,0.11535,0.02066069422149909,13,7.2413074490933536,3.605644117368284,7.8307692307692305,7.114615384615385,8,5.125e-4,5.166858675387645e-4,0,0.0014
TOOK,TOOK.AOS.littoral2,2019,7,2019-07-01,4,4,0.657875,NA,0.7232500000000001,0.04,0.1875,16.16250714285714,0.8666598650472205,17.51,15.03,5,TRUE,8,0.018775,0.01556142207970907,0.0254875,0.00456999140355552,0.19565,0.02380990190175988,0.2236,0.01870874509038869,0.017,0,0.0094375,0.00434714602600701,0.11535,0.02066069422149909,13,7.2413074490933536,3.605644117368284,7.8307692307692305,7.114615384615385,8,5.125e-4,5.166858675387645e-4,0,0.0014
TOOK,TOOK.AOS.littoral3,2019,7,2019-07-01,6,6,1.0903333333333334,NA,1.1683333333333334,0.0635,0.5833333333333333,16.16250714285714,0.8666598650472205,17.51,15.03,5,TRUE,8,0.018775,0.01556142207970907,0.0254875,0.00456999140355552,0.19565,0.02380990190175988,0.2236,0.01870874509038869,0.017,0,0.0094375,0.00434714602600701,0.11535,0.02066069422149909,13,7.2413074490933536,3.605644117368284,7.8307692307692305,7.114615384615385,8,5.125e-4,5.166858675387645e-4,0,0.0014
TOOK,TOOK.AOS.buoy.c0,2019,9,2019-09-01,7,7,1.4642142857142857,NA,1.574142857142857,0.074,0.32500185786123015,7.495,0.00707106781186532,7.5,7.49,2,TRUE,3,0.02343333333333333,0.01068097998000807,0.00193333333333333,0.00111504857891184,NA,NA,NA,NA,NA,NA,0.00523333333333333,9.504384952922168e-4,0.11708333333333332,0.02875627467759572,19,11.057926312924922,0.0157210479440473,11.083684210526316,11.027894736842104,8,2.499999999999997e-5,7.401737247816506e-4,-0.001,0.0015
TOOK,TOOK.AOS.littoral2,2019,9,2019-09-01,2,2,0.49575,NA,0.498,0.072,0.33333333333333337,7.495,0.00707106781186532,7.5,7.49,2,TRUE,3,0.02343333333333333,0.01068097998000807,0.00193333333333333,0.00111504857891184,NA,NA,NA,NA,NA,NA,0.00523333333333333,9.504384952922168e-4,0.11708333333333332,0.02875627467759572,19,11.057926312924922,0.0157210479440473,11.083684210526316,11.027894736842104,8,2.499999999999997e-5,7.401737247816506e-4,-0.001,0.0015
TOOK,TOOK.AOS.littoral3,2019,9,2019-09-01,5,5,0.7782,NA,0.8004,0.07100000000000001,0.725,7.495,0.00707106781186532,7.5,7.49,2,TRUE,3,0.02343333333333333,0.01068097998000807,0.00193333333333333,0.00111504857891184,NA,NA,NA,NA,NA,NA,0.00523333333333333,9.504384952922168e-4,0.11708333333333332,0.02875627467759572,19,11.057926312924922,0.0157210479440473,11.083684210526316,11.027894736842104,8,2.499999999999997e-5,7.401737247816506e-4,-0.001,0.0015
TOOK,TOOK.AOS.buoy.c1,2020,7,2020-07-01,6,6,0.6063333333333333,NA,0.65,0.06366666666666668,3.905311223263639,NA,NA,NA,NA,NA,FALSE,4,0.01979999999999999,0.01822173610462699,0.0013,6.867799259345505e-4,0.1858,0.02776472582252524,0.2227,0.02758586594616887,NA,NA,0.006325,8.499999999999997e-4,0.007225,7.228416147400485e-4,NA,NA,NA,NA,NA,NA,NA,NA,NA,NA
TOOK,TOOK.AOS.littoral2,2020,7,2020-07-01,7,7,0.5378571428571429,NA,0.58,0.09725,2.015873015873016,NA,NA,NA,NA,NA,FALSE,4,0.01979999999999999,0.01822173610462699,0.0013,6.867799259345505e-4,0.1858,0.02776472582252524,0.2227,0.02758586594616887,NA,NA,0.006325,8.499999999999997e-4,0.007225,7.228416147400485e-4,NA,NA,NA,NA,NA,NA,NA,NA,NA,NA
TOOK,TOOK.AOS.littoral3,2020,7,2020-07-01,6,6,0.55175,NA,0.5883333333333334,0.067,9.930555555555555,NA,NA,NA,NA,NA,FALSE,4,0.01979999999999999,0.01822173610462699,0.0013,6.867799259345505e-4,0.1858,0.02776472582252524,0.2227,0.02758586594616887,NA,NA,0.006325,8.499999999999997e-4,0.007225,7.228416147400485e-4,NA,NA,NA,NA,NA,NA,NA,NA,NA,NA
TOOK,TOOK.AOS.buoy.c1,2020,8,2020-08-01,4,4,0.8515,NA,0.92675,0.052,2.1103295075897814,NA,NA,NA,NA,NA,FALSE,4,0.0204,0.02474873734152916,0.0038,0.00621932472218648,0.2136416666666665,0.0190974571702718,0.2520166666666665,0.02628215138609245,4.5e-4,6.363961030678928e-4,0.00855,0.00406160887662348,0.009075,0.00116726175299287,NA,NA,NA,NA,NA,NA,NA,NA,NA,NA
TOOK,TOOK.AOS.littoral2,2020,8,2020-08-01,8,8,0.88575,NA,0.935875,0.078,0.8020833333333334,NA,NA,NA,NA,NA,FALSE,4,0.0204,0.02474873734152916,0.0038,0.00621932472218648,0.2136416666666665,0.0190974571702718,0.2520166666666665,0.02628215138609245,4.5e-4,6.363961030678928e-4,0.00855,0.00406160887662348,0.009075,0.00116726175299287,NA,NA,NA,NA,NA,NA,NA,NA,NA,NA
TOOK,TOOK.AOS.littoral3,2020,8,2020-08-01,6,6,1.1639166666666667,NA,1.219833333333333,0.051,0.6250000000000001,NA,NA,NA,NA,NA,FALSE,4,0.0204,0.02474873734152916,0.0038,0.00621932472218648,0.2136416666666665,0.0190974571702718,0.2520166666666665,0.02628215138609245,4.5e-4,6.363961030678928e-4,0.00855,0.00406160887662348,0.009075,0.00116726175299287,NA,NA,NA,NA,NA,NA,NA,NA,NA,NA
TOOK,TOOK.AOS.buoy.c1,2020,9,2020-09-01,7,7,1.1405714285714286,NA,1.1987142857142856,0.098,0.7837573385518591,NA,NA,NA,NA,NA,FALSE,7,0.0074,0.00927469676054155,0.00114,3.577708763999664e-4,0.20797619047619056,0.01526638420754853,0.23070952380952384,0.03475772610240086,NA,NA,0.0067,0.00117615191762515,0.0078,0.00150665191733193,NA,NA,NA,NA,NA,NA,NA,NA,NA,NA
TOOK,TOOK.AOS.littoral2,2020,9,2020-09-01,8,8,0.738,NA,0.8532500000000001,0.09666666666666666,2.3680555555555554,NA,NA,NA,NA,NA,FALSE,7,0.0074,0.00927469676054155,0.00114,3.577708763999664e-4,0.20797619047619056,0.01526638420754853,0.23070952380952384,0.03475772610240086,NA,NA,0.0067,0.00117615191762515,0.0078,0.00150665191733193,NA,NA,NA,NA,NA,NA,NA,NA,NA,NA
TOOK,TOOK.AOS.littoral3,2020,9,2020-09-01,8,8,0.8559375,NA,0.882125,0.101,0.2638888888888889,NA,NA,NA,NA,NA,FALSE,7,0.0074,0.00927469676054155,0.00114,3.577708763999664e-4,0.20797619047619056,0.01526638420754853,0.23070952380952384,0.03475772610240086,NA,NA,0.0067,0.00117615191762515,0.0078,0.00150665191733193,NA,NA,NA,NA,NA,NA,NA,NA,NA,NA
TOOK,TOOK.AOS.buoy.c1,2021,7,2021-07-01,18,15,0.7030277777777778,NA,0.7456666666666667,0.1325,1.5452194471660947,13.418039617535324,2.310727405670232,17.89,8.52,31,TRUE,4,0.01065,0.01400488010183117,0.0031,0.00303424894606007,0.106675,0.010260726095165,0.14315,0.00670646454301122,2e-4,1.4142135623730948e-4,0.008425,0.00220056810846653,0.008175,0.00174618632071914,31,9.974415178896104,0.48270792553441433,10.09032258064516,9.86032258064516,NA,NA,NA,NA,NA
TOOK,TOOK.AOS.littoral2,2021,7,2021-07-01,14,12,0.7405714285714285,NA,0.8927142857142857,0.07283333333333333,5.72420634920635,13.418039617535324,2.310727405670232,17.89,8.52,31,TRUE,4,0.01065,0.01400488010183117,0.0031,0.00303424894606007,0.106675,0.010260726095165,0.14315,0.00670646454301122,2e-4,1.4142135623730948e-4,0.008425,0.00220056810846653,0.008175,0.00174618632071914,31,9.974415178896104,0.48270792553441433,10.09032258064516,9.86032258064516,NA,NA,NA,NA,NA
TOOK,TOOK.AOS.littoral3,2021,7,2021-07-01,15,11,0.6819666666666666,NA,0.7306666666666667,0.06816666666666667,5.046296296296297,13.418039617535324,2.310727405670232,17.89,8.52,31,TRUE,4,0.01065,0.01400488010183117,0.0031,0.00303424894606007,0.106675,0.010260726095165,0.14315,0.00670646454301122,2e-4,1.4142135623730948e-4,0.008425,0.00220056810846653,0.008175,0.00174618632071914,31,9.974415178896104,0.48270792553441433,10.09032258064516,9.86032258064516,NA,NA,NA,NA,NA
TOOK,TOOK.AOS.buoy.c0,2021,9,2021-09-01,5,5,0.66,NA,0.66,0.1,1.6283807516684228,8.038064238265534,0.23765207592637708,9.43,7.56,12,TRUE,3,0.00936666666666666,0.01272490995383988,6.000000000000001e-4,4.358898943540673e-4,0.1246,0.02423282897228468,0.1744,0.02115017730422136,NA,NA,0.00636666666666666,0.00117189305541646,0.0097,3.6055512754639866e-4,13,10.73322620611536,0.05356305572362532,10.796153846153846,10.676153846153849,NA,NA,NA,NA,NA
TOOK,TOOK.AOS.littoral2,2021,9,2021-09-01,7,7,1.0142857142857142,NA,1.0142857142857142,0.1,2.083333333333333,8.038064238265534,0.23765207592637708,9.43,7.56,12,TRUE,3,0.00936666666666666,0.01272490995383988,6.000000000000001e-4,4.358898943540673e-4,0.1246,0.02423282897228468,0.1744,0.02115017730422136,NA,NA,0.00636666666666666,0.00117189305541646,0.0097,3.6055512754639866e-4,13,10.73322620611536,0.05356305572362532,10.796153846153846,10.676153846153849,NA,NA,NA,NA,NA
TOOK,TOOK.AOS.littoral3,2021,9,2021-09-01,7,7,0.5,NA,0.5285714285714286,0.1,0.6468253968253969,8.038064238265534,0.23765207592637708,9.43,7.56,12,TRUE,3,0.00936666666666666,0.01272490995383988,6.000000000000001e-4,4.358898943540673e-4,0.1246,0.02423282897228468,0.1744,0.02115017730422136,NA,NA,0.00636666666666666,0.00117189305541646,0.0097,3.6055512754639866e-4,13,10.73322620611536,0.05356305572362532,10.796153846153846,10.676153846153849,NA,NA,NA,NA,NA
TOOK,TOOK.AOS.buoy.c1,2022,6,2022-06-01,9,9,0.3411111111111111,NA,0.3744444444444444,0.085,0.604261796042618,8.533039445907166,1.09379860457659,11.42,5.32,6,TRUE,11,0.01267272727272727,0.01265873934553444,0.00227272727272727,9.001010044332905e-4,0.17323636363636363,0.03066829870492567,0.21009090909090908,0.03943831777714295,1.333333333333333e-4,1.5275252316519463e-4,0.00554545454545454,0.00154036595415741,0.0084,0.00307668652936889,NA,NA,NA,NA,NA,NA,NA,NA,NA,NA
TOOK,TOOK.AOS.littoral2,2022,6,2022-06-01,11,11,0.5918181818181818,NA,0.7072727272727273,0.09333333333333334,0.5934343434343434,8.533039445907166,1.09379860457659,11.42,5.32,6,TRUE,11,0.01267272727272727,0.01265873934553444,0.00227272727272727,9.001010044332905e-4,0.17323636363636363,0.03066829870492567,0.21009090909090908,0.03943831777714295,1.333333333333333e-4,1.5275252316519463e-4,0.00554545454545454,0.00154036595415741,0.0084,0.00307668652936889,NA,NA,NA,NA,NA,NA,NA,NA,NA,NA
TOOK,TOOK.AOS.littoral3,2022,6,2022-06-01,10,10,0.572,NA,0.597,0.078,3.4722222222222223,8.533039445907166,1.09379860457659,11.42,5.32,6,TRUE,11,0.01267272727272727,0.01265873934553444,0.00227272727272727,9.001010044332905e-4,0.17323636363636363,0.03066829870492567,0.21009090909090908,0.03943831777714295,1.333333333333333e-4,1.5275252316519463e-4,0.00554545454545454,0.00154036595415741,0.0084,0.00307668652936889,NA,NA,NA,NA,NA,NA,NA,NA,NA,NA
TOOK,TOOK.AOS.buoy.c0,2022,8,2022-08-01,9,9,0.8322222222222222,NA,0.8655555555555555,0.0525,0.8471521268925739,10.055406438777428,0.8005214725192233,12.73,8.78,29,TRUE,2,0.0144,0.01909188309203678,1e-4,NA,0.14884999999999998,0.03867874093090415,0.18355,0.04744686501761733,2e-4,NA,0.00845,0.0023334523779156,0.00895,0.00106066017177982,23,9.464886761935205,0.8663801824489329,9.616521739130436,8.344347826086956,NA,NA,NA,NA,NA
TOOK,TOOK.AOS.littoral2,2022,8,2022-08-01,10,10,0.77,NA,0.8099999999999999,0.06,1.1972222222222222,10.055406438777428,0.8005214725192233,12.73,8.78,29,TRUE,2,0.0144,0.01909188309203678,1e-4,NA,0.14884999999999998,0.03867874093090415,0.18355,0.04744686501761733,2e-4,NA,0.00845,0.0023334523779156,0.00895,0.00106066017177982,23,9.464886761935205,0.8663801824489329,9.616521739130436,8.344347826086956,NA,NA,NA,NA,NA
TOOK,TOOK.AOS.littoral3,2022,8,2022-08-01,8,8,0.69875,NA,0.72625,0.061,0.17708333333333331,10.055406438777428,0.8005214725192233,12.73,8.78,29,TRUE,2,0.0144,0.01909188309203678,1e-4,NA,0.14884999999999998,0.03867874093090415,0.18355,0.04744686501761733,2e-4,NA,0.00845,0.0023334523779156,0.00895,0.00106066017177982,23,9.464886761935205,0.8663801824489329,9.616521739130436,8.344347826086956,NA,NA,NA,NA,NA
TOOK,TOOK.AOS.buoy.c0,2022,9,2022-09-01,7,7,1.0614285714285714,NA,1.09,0.05,1.0876506334328973,8.629614583333334,0.7167557359832397,10.12,7.29,20,TRUE,3,0.0153,0.0193747258045114,0.0016,0.00127279220613578,0.08406666666666666,0.02273110937313296,0.20323333333333335,0.03313462438799229,NA,NA,0.00603333333333333,2.081665999466135e-4,0.00786666666666666,0.00118462370959445,19,10.36306980081371,0.09306517000226627,10.427894736842106,9.961052631578948,NA,NA,NA,NA,NA
TOOK,TOOK.AOS.littoral2,2022,9,2022-09-01,8,8,0.9225,NA,0.935,0.04666666666666667,0.2951388888888889,8.629614583333334,0.7167557359832397,10.12,7.29,20,TRUE,3,0.0153,0.0193747258045114,0.0016,0.00127279220613578,0.08406666666666666,0.02273110937313296,0.20323333333333335,0.03313462438799229,NA,NA,0.00603333333333333,2.081665999466135e-4,0.00786666666666666,0.00118462370959445,19,10.36306980081371,0.09306517000226627,10.427894736842106,9.961052631578948,NA,NA,NA,NA,NA
TOOK,TOOK.AOS.littoral3,2022,9,2022-09-01,8,8,0.931875,NA,0.96625,0.06166666666666667,0.16319444444444445,8.629614583333334,0.7167557359832397,10.12,7.29,20,TRUE,3,0.0153,0.0193747258045114,0.0016,0.00127279220613578,0.08406666666666666,0.02273110937313296,0.20323333333333335,0.03313462438799229,NA,NA,0.00603333333333333,2.081665999466135e-4,0.00786666666666666,0.00118462370959445,19,10.36306980081371,0.09306517000226627,10.427894736842106,9.961052631578948,NA,NA,NA,NA,NA
TOOK,TOOK.AOS.buoy.c1,2023,7,2023-07-01,19,13,0.6510526315789473,NA,0.6878947368421052,0.07250000000000001,0.7148793566681027,14.087017052342665,2.798680144654513,19.8,9.44,31,TRUE,4,0.00625,0.00644179064132533,0.011025,0.00839181148501323,0.223475,0.03125970515962469,0.251775,0.0370928002897238,NA,NA,0.00724999999999999,0.00129999999999999,0.007,0.00145830952361515,31,10.765092794626437,0.6995354473522887,11.348064516129032,9.869677419354838,NA,NA,NA,NA,NA
TOOK,TOOK.AOS.littoral2,2023,7,2023-07-01,16,11,0.6334375,NA,0.70875,0.069625,1.3602430555555556,14.087017052342665,2.798680144654513,19.8,9.44,31,TRUE,4,0.00625,0.00644179064132533,0.011025,0.00839181148501323,0.223475,0.03125970515962469,0.251775,0.0370928002897238,NA,NA,0.00724999999999999,0.00129999999999999,0.007,0.00145830952361515,31,10.765092794626437,0.6995354473522887,11.348064516129032,9.869677419354838,NA,NA,NA,NA,NA
TOOK,TOOK.AOS.littoral3,2023,7,2023-07-01,14,11,0.3925,NA,0.4514285714285714,0.06833333333333333,0.369047619047619,14.087017052342665,2.798680144654513,19.8,9.44,31,TRUE,4,0.00625,0.00644179064132533,0.011025,0.00839181148501323,0.223475,0.03125970515962469,0.251775,0.0370928002897238,NA,NA,0.00724999999999999,0.00129999999999999,0.007,0.00145830952361515,31,10.765092794626437,0.6995354473522887,11.348064516129032,9.869677419354838,NA,NA,NA,NA,NA
TOOK,TOOK.AOS.buoy.c0,2023,9,2023-09-01,9,9,0.8944444444444445,NA,0.9388888888888888,0.06375,0.5607626371865737,7.803946078431373,0.9849159213495124,9.92,6.55,17,TRUE,3,0.03299999999999999,0.03672070260765717,0.00496666666666666,0.00238607068908977,0.17379999999999998,0.02747307773075306,0.22866666666666663,0.04423136142301447,2e-4,1.4142135623730948e-4,0.0043,1.0000000000000026e-4,0.00696666666666666,4.932882862316246e-4,18,10.202404960310446,0.22995008624886393,10.326666666666666,8.962777777777777,NA,NA,NA,NA,NA
TOOK,TOOK.AOS.littoral2,2023,9,2023-09-01,8,8,0.875,NA,0.8937499999999999,0.06333333333333334,0.9322916666666669,7.803946078431373,0.9849159213495124,9.92,6.55,17,TRUE,3,0.03299999999999999,0.03672070260765717,0.00496666666666666,0.00238607068908977,0.17379999999999998,0.02747307773075306,0.22866666666666663,0.04423136142301447,2e-4,1.4142135623730948e-4,0.0043,1.0000000000000026e-4,0.00696666666666666,4.932882862316246e-4,18,10.202404960310446,0.22995008624886393,10.326666666666666,8.962777777777777,NA,NA,NA,NA,NA
TOOK,TOOK.AOS.littoral3,2023,9,2023-09-01,9,9,0.5072222222222222,NA,0.5277777777777778,0.06139999999999999,0.21511922881785897,7.803946078431373,0.9849159213495124,9.92,6.55,17,TRUE,3,0.03299999999999999,0.03672070260765717,0.00496666666666666,0.00238607068908977,0.17379999999999998,0.02747307773075306,0.22866666666666663,0.04423136142301447,2e-4,1.4142135623730948e-4,0.0043,1.0000000000000026e-4,0.00696666666666666,4.932882862316246e-4,18,10.202404960310446,0.22995008624886393,10.326666666666666,8.962777777777777,NA,NA,NA,NA,NA
TOOK,TOOK.AOS.buoy.c1,2024,6,2024-06-01,14,14,0.21321428571428572,NA,0.2507142857142857,0.08666666666666667,0.6715237742635003,11.993821022727277,0.1711861937711279,12.79,10.63,4,TRUE,7,0.03231428571428571,0.00957295297029232,0.00572857142857142,0.00298870891061357,0.15,0.06557438524302,0.2342857142857143,0.02070196678027062,4e-4,2.6457513110645904e-4,0.00574285714285714,0.00180449175010319,0.00758571428571428,0.00312059212940352,NA,NA,NA,NA,NA,NA,NA,NA,NA,NA
TOOK,TOOK.AOS.littoral2,2024,6,2024-06-01,10,10,0.30200000000000005,NA,0.4310000000000001,0.07625,1.5222222222222224,11.993821022727277,0.1711861937711279,12.79,10.63,4,TRUE,7,0.03231428571428571,0.00957295297029232,0.00572857142857142,0.00298870891061357,0.15,0.06557438524302,0.2342857142857143,0.02070196678027062,4e-4,2.6457513110645904e-4,0.00574285714285714,0.00180449175010319,0.00758571428571428,0.00312059212940352,NA,NA,NA,NA,NA,NA,NA,NA,NA,NA
TOOK,TOOK.AOS.littoral3,2024,6,2024-06-01,17,17,0.2252941176470588,NA,0.26823529411764707,0.10615384615384615,1.437908496732026,11.993821022727277,0.1711861937711279,12.79,10.63,4,TRUE,7,0.03231428571428571,0.00957295297029232,0.00572857142857142,0.00298870891061357,0.15,0.06557438524302,0.2342857142857143,0.02070196678027062,4e-4,2.6457513110645904e-4,0.00574285714285714,0.00180449175010319,0.00758571428571428,0.00312059212940352,NA,NA,NA,NA,NA,NA,NA,NA,NA,NA
TOOK,TOOK.AOS.buoy.c1,2024,8,2024-08-01,7,7,0.41785714285714287,NA,0.5242857142857142,0.16999999999999998,1.510361784334387,11.003559540150995,1.4238987710408797,13.53,8.59,31,TRUE,4,0.0159,0.01668392439845414,0.0064,0.00862206471791995,0.175,0.02081665999466133,0.18,0.02449489742783178,3e-4,NA,0.005625,0.0010904891868637,0.0079,0.00116904519445001,14,12.42958550016005,0.853393970299313,12.581428571428573,11.89642857142857,NA,NA,NA,NA,NA
TOOK,TOOK.AOS.littoral2,2024,8,2024-08-01,15,15,0.357,NA,0.3926666666666667,0.108,0.9851851851851852,11.003559540150995,1.4238987710408797,13.53,8.59,31,TRUE,4,0.0159,0.01668392439845414,0.0064,0.00862206471791995,0.175,0.02081665999466133,0.18,0.02449489742783178,3e-4,NA,0.005625,0.0010904891868637,0.0079,0.00116904519445001,14,12.42958550016005,0.853393970299313,12.581428571428573,11.89642857142857,NA,NA,NA,NA,NA
TOOK,TOOK.AOS.littoral3,2024,8,2024-08-01,11,11,0.44,NA,0.5372727272727272,0.065,0.2348484848484849,11.003559540150995,1.4238987710408797,13.53,8.59,31,TRUE,4,0.0159,0.01668392439845414,0.0064,0.00862206471791995,0.175,0.02081665999466133,0.18,0.02449489742783178,3e-4,NA,0.005625,0.0010904891868637,0.0079,0.00116904519445001,14,12.42958550016005,0.853393970299313,12.581428571428573,11.89642857142857,NA,NA,NA,NA,NA
TOOK,TOOK.AOS.buoy.c0,2024,9,2024-09-01,7,7,0.4185714285714286,NA,0.5328571428571429,0.104,2.8320115356885363,7.610196231319039,0.41125410621010994,9.03,7.03,18,TRUE,3,0.01106666666666666,0.01337323197037026,0.0013,1.0000000000000005e-4,0.17333333333333334,0.02309401076758503,0.19333333333333333,0.02516611478423582,3.333333333333333e-4,1.5275252316519468e-4,0.00513333333333333,8.504900548115382e-4,0.00646666666666666,6.110100926607789e-4,17,11.44387881675523,0.30079840723047724,11.501764705882351,11.35,NA,NA,NA,NA,NA
TOOK,TOOK.AOS.littoral2,2024,9,2024-09-01,7,7,0.42642857142857143,NA,0.5271428571428571,0.06,3.682539682539683,7.610196231319039,0.41125410621010994,9.03,7.03,18,TRUE,3,0.01106666666666666,0.01337323197037026,0.0013,1.0000000000000005e-4,0.17333333333333334,0.02309401076758503,0.19333333333333333,0.02516611478423582,3.333333333333333e-4,1.5275252316519468e-4,0.00513333333333333,8.504900548115382e-4,0.00646666666666666,6.110100926607789e-4,17,11.44387881675523,0.30079840723047724,11.501764705882351,11.35,NA,NA,NA,NA,NA
TOOK,TOOK.AOS.littoral3,2024,9,2024-09-01,8,8,0.44625,NA,0.47124999999999995,0.062,0.3541666666666667,7.610196231319039,0.41125410621010994,9.03,7.03,18,TRUE,3,0.01106666666666666,0.01337323197037026,0.0013,1.0000000000000005e-4,0.17333333333333334,0.02309401076758503,0.19333333333333333,0.02516611478423582,3.333333333333333e-4,1.5275252316519468e-4,0.00513333333333333,8.504900548115382e-4,0.00646666666666666,6.110100926607789e-4,17,11.44387881675523,0.30079840723047724,11.501764705882351,11.35,NA,NA,NA,NA,NA
